time,SML
2012-01-01 00:00:00+00:00,-167.688904
2012-01-01 00:01:00+00:00,-168.22171
2012-01-01 00:02:00+00:00,-164.386032
2012-01-01 00:03:00+00:00,-162.59787
2012-01-01 00:04:00+00:00,-152.326965
2012-01-01 00:05:00+00:00,-151.649078
2012-01-01 00:06:00+00:00,-151.285706
2012-01-01 00:07:00+00:00,-151.646347
2012-01-01 00:08:00+00:00,-143.677795
2012-01-01 00:09:00+00:00,-141.153229
2012-01-01 00:10:00+00:00,-148.482208
2012-01-01 00:11:00+00:00,-156.960739
2012-01-01 00:12:00+00:00,-161.257614
2012-01-01 00:13:00+00:00,-163.168594
2012-01-01 00:14:00+00:00,-161.514816
2012-01-01 00:15:00+00:00,-153.365448
2012-01-01 00:16:00+00:00,-143.899323
2012-01-01 00:17:00+00:00,-131.566925
2012-01-01 00:18:00+00:00,-117.180885
2012-01-01 00:19:00+00:00,-116.0811
2012-01-01 00:20:00+00:00,-122.1231
2012-01-01 00:21:00+00:00,-128.76416
2012-01-01 00:22:00+00:00,-125.769478
2012-01-01 00:23:00+00:00,-114.475441
2012-01-01 00:24:00+00:00,-118.280632
2012-01-01 00:25:00+00:00,-126.515121
2012-01-01 00:26:00+00:00,-134.839096
2012-01-01 00:27:00+00:00,-139.183273
2012-01-01 00:28:00+00:00,-129.433914
2012-01-01 00:29:00+00:00,-116.550034
2012-01-01 00:30:00+00:00,-110.444763
2012-01-01 00:31:00+00:00,-120.666046
2012-01-01 00:32:00+00:00,-122.249245
2012-01-01 00:33:00+00:00,-129.211975
2012-01-01 00:34:00+00:00,-123.325554
2012-01-01 00:35:00+00:00,-111.549057
2012-01-01 00:36:00+00:00,-106.636345
2012-01-01 00:37:00+00:00,-90.256081
2012-01-01 00:38:00+00:00,-81.518089
2012-01-01 00:39:00+00:00,-78.855118
2012-01-01 00:40:00+00:00,-77.259804
2012-01-01 00:41:00+00:00,-81.320053
2012-01-01 00:42:00+00:00,-80.718025
2012-01-01 00:43:00+00:00,-70.526489
2012-01-01 00:44:00+00:00,-64.004257
2012-01-01 00:45:00+00:00,-60.995579
2012-01-01 00:46:00+00:00,-56.919861
2012-01-01 00:47:00+00:00,-60.790409
2012-01-01 00:48:00+00:00,-55.679943
2012-01-01 00:49:00+00:00,-54.448433
2012-01-01 00:50:00+00:00,-52.296169
2012-01-01 00:51:00+00:00,-51.414871
2012-01-01 00:52:00+00:00,-45.227425
2012-01-01 00:53:00+00:00,-39.275745
2012-01-01 00:54:00+00:00,-41.74511
2012-01-01 00:55:00+00:00,-43.774616
2012-01-01 00:56:00+00:00,-42.497101
2012-01-01 00:57:00+00:00,-44.876381
2012-01-01 00:58:00+00:00,-47.369461
2012-01-01 00:59:00+00:00,-52.308506
2012-01-01 01:00:00+00:00,-55.146164
2012-01-01 01:01:00+00:00,-53.550789
2012-01-01 01:02:00+00:00,-48.860786
2012-01-01 01:03:00+00:00,-44.538197
2012-01-01 01:04:00+00:00,-48.218632
2012-01-01 01:05:00+00:00,-46.398426
2012-01-01 01:06:00+00:00,-37.403801
2012-01-01 01:07:00+00:00,-36.264103
2012-01-01 01:08:00+00:00,-35.754684
2012-01-01 01:09:00+00:00,-30.23807
2012-01-01 01:10:00+00:00,-35.202358
2012-01-01 01:11:00+00:00,-53.916817
2012-01-01 01:12:00+00:00,-85.075363
2012-01-01 01:13:00+00:00,-99.917274
2012-01-01 01:14:00+00:00,-83.567543
2012-01-01 01:15:00+00:00,-75.706856
2012-01-01 01:16:00+00:00,-52.306892
2012-01-01 01:17:00+00:00,-33.496574
2012-01-01 01:18:00+00:00,-33.147568
2012-01-01 01:19:00+00:00,-36.342014
2012-01-01 01:20:00+00:00,-39.715252
2012-01-01 01:21:00+00:00,-41.616451
2012-01-01 01:22:00+00:00,-47.531013
2012-01-01 01:23:00+00:00,-50.770916
2012-01-01 01:24:00+00:00,-56.958923
2012-01-01 01:25:00+00:00,-63.917755
2012-01-01 01:26:00+00:00,-71.065437
2012-01-01 01:27:00+00:00,-75.010406
2012-01-01 01:28:00+00:00,-75.777611
2012-01-01 01:29:00+00:00,-77.013596
2012-01-01 01:30:00+00:00,-78.247696
2012-01-01 01:31:00+00:00,-67.09774
2012-01-01 01:32:00+00:00,-65.80114
2012-01-01 01:33:00+00:00,-50.969463
2012-01-01 01:34:00+00:00,-44.670483
2012-01-01 01:35:00+00:00,-45.657825
2012-01-01 01:36:00+00:00,-41.053909
2012-01-01 01:37:00+00:00,-34.944195
2012-01-01 01:38:00+00:00,-32.496613
2012-01-01 01:39:00+00:00,-30.969109
2012-01-01 01:40:00+00:00,-30.843571
2012-01-01 01:41:00+00:00,-33.558495
2012-01-01 01:42:00+00:00,-34.243774
2012-01-01 01:43:00+00:00,-31.76613
2012-01-01 01:44:00+00:00,-34.705658
2012-01-01 01:45:00+00:00,-34.076527
2012-01-01 01:46:00+00:00,-24.617481
2012-01-01 01:47:00+00:00,-23.470276
2012-01-01 01:48:00+00:00,-25.108702
2012-01-01 01:49:00+00:00,-29.32196
2012-01-01 01:50:00+00:00,-32.975746
2012-01-01 01:51:00+00:00,-34.190151
2012-01-01 01:52:00+00:00,-33.41925
2012-01-01 01:53:00+00:00,-37.181206
2012-01-01 01:54:00+00:00,-37.415867
2012-01-01 01:55:00+00:00,-29.853523
2012-01-01 01:56:00+00:00,-30.127897
2012-01-01 01:57:00+00:00,-28.368462
2012-01-01 01:58:00+00:00,-29.535948
2012-01-01 01:59:00+00:00,-29.420879
2012-01-01 02:00:00+00:00,-29.105453
2012-01-01 02:01:00+00:00,-32.839542
2012-01-01 02:02:00+00:00,-33.710663
2012-01-01 02:03:00+00:00,-34.745148
2012-01-01 02:04:00+00:00,-40.15007
2012-01-01 02:05:00+00:00,-45.026047
2012-01-01 02:06:00+00:00,-45.379459
2012-01-01 02:07:00+00:00,-43.829975
2012-01-01 02:08:00+00:00,-43.025501
2012-01-01 02:09:00+00:00,-41.228916
2012-01-01 02:10:00+00:00,-37.40258
2012-01-01 02:11:00+00:00,-35.196434
2012-01-01 02:12:00+00:00,-39.473797
2012-01-01 02:13:00+00:00,-39.709793
2012-01-01 02:14:00+00:00,-36.270676
2012-01-01 02:15:00+00:00,-33.702152
2012-01-01 02:16:00+00:00,-32.569347
2012-01-01 02:17:00+00:00,-33.917728
2012-01-01 02:18:00+00:00,-39.184551
2012-01-01 02:19:00+00:00,-40.548107
2012-01-01 02:20:00+00:00,-38.711365
2012-01-01 02:21:00+00:00,-42.375038
2012-01-01 02:22:00+00:00,-45.302841
2012-01-01 02:23:00+00:00,-44.565529
2012-01-01 02:24:00+00:00,-39.413776
2012-01-01 02:25:00+00:00,-37.849503
2012-01-01 02:26:00+00:00,-37.82
2012-01-01 02:27:00+00:00,-38.488388
2012-01-01 02:28:00+00:00,-38.232639
2012-01-01 02:29:00+00:00,-37.359913
2012-01-01 02:30:00+00:00,-35.291142
2012-01-01 02:31:00+00:00,-34.637016
2012-01-01 02:32:00+00:00,-33.595901
2012-01-01 02:33:00+00:00,-29.725693
2012-01-01 02:34:00+00:00,-27.912455
2012-01-01 02:35:00+00:00,-29.406708
2012-01-01 02:36:00+00:00,-33.713337
2012-01-01 02:37:00+00:00,-34.562809
2012-01-01 02:38:00+00:00,-33.040127
2012-01-01 02:39:00+00:00,-34.525177
2012-01-01 02:40:00+00:00,-38.852028
2012-01-01 02:41:00+00:00,-37.551857
2012-01-01 02:42:00+00:00,-38.031975
2012-01-01 02:43:00+00:00,-38.612293
2012-01-01 02:44:00+00:00,-40.12249
2012-01-01 02:45:00+00:00,-37.675438
2012-01-01 02:46:00+00:00,-34.76577
2012-01-01 02:47:00+00:00,-31.524597
2012-01-08 00:00:00+00:00,-104.491394
2012-01-08 00:01:00+00:00,-105.834991
2012-01-08 00:02:00+00:00,-104.083908
2012-01-08 00:03:00+00:00,-101.083878
2012-01-08 00:04:00+00:00,-96.419861
2012-01-08 00:05:00+00:00,-90.365326
2012-01-08 00:06:00+00:00,-84.791252
2012-01-08 00:07:00+00:00,-83.1884
2012-01-08 00:08:00+00:00,-84.989456
2012-01-08 00:09:00+00:00,-85.102478
2012-01-08 00:10:00+00:00,-86.837746
2012-01-08 00:11:00+00:00,-87.11618
2012-01-08 00:12:00+00:00,-85.010056
2012-01-08 00:13:00+00:00,-79.360222
2012-01-08 00:14:00+00:00,-79.444908
2012-01-08 00:15:00+00:00,-81.486992
2012-01-08 00:16:00+00:00,-82.011978
2012-01-08 00:17:00+00:00,-79.301781
2012-01-08 00:18:00+00:00,-76.119858
2012-01-08 00:19:00+00:00,-74.087959
2012-01-08 00:20:00+00:00,-77.538826
2012-01-08 00:21:00+00:00,-73.226295
2012-01-08 00:22:00+00:00,-69.549973
2012-01-08 00:23:00+00:00,-71.36525
2012-01-08 00:24:00+00:00,-75.492455
2012-01-08 00:25:00+00:00,-76.857399
2012-01-08 00:26:00+00:00,-74.632935
2012-01-08 00:27:00+00:00,-74.976311
2012-01-08 00:28:00+00:00,-98.371964
2012-01-08 00:29:00+00:00,-114.473541
2012-01-08 00:30:00+00:00,-102.353577
2012-01-08 00:31:00+00:00,-94.226585
2012-01-08 00:32:00+00:00,-78.85305
2012-01-08 00:33:00+00:00,-70.191681
2012-01-08 00:34:00+00:00,-65.692894
2012-01-08 00:35:00+00:00,-52.262215
2012-01-08 00:36:00+00:00,-51.025345
2012-01-08 00:37:00+00:00,-50.998737
2012-01-08 00:38:00+00:00,-51.578678
2012-01-08 00:39:00+00:00,-53.497566
2012-01-08 00:40:00+00:00,-57.561047
2012-01-08 00:41:00+00:00,-61.414383
2012-01-08 00:42:00+00:00,-63.280766
2012-01-08 00:43:00+00:00,-62.395531
2012-01-08 00:44:00+00:00,-62.506691
2012-01-08 00:45:00+00:00,-62.669952
2012-01-08 00:46:00+00:00,-62.738998
2012-01-08 00:47:00+00:00,-67.638062
2012-01-08 00:48:00+00:00,-68.24028
2012-01-08 00:49:00+00:00,-68.516327
2012-01-08 00:50:00+00:00,-69.294304
2012-01-08 00:51:00+00:00,-67.380867
2012-01-08 00:52:00+00:00,-65.639168
2012-01-08 00:53:00+00:00,-62.578827
2012-01-08 00:54:00+00:00,-73.850998
2012-01-08 00:55:00+00:00,-77.895226
2012-01-08 00:56:00+00:00,-79.962463
2012-01-08 00:57:00+00:00,-84.865211
2012-01-08 00:58:00+00:00,-84.848579
2012-01-08 00:59:00+00:00,-78.447754
2012-01-08 01:00:00+00:00,-70.670456
2012-01-08 01:01:00+00:00,-67.511742
2012-01-08 01:02:00+00:00,-68.281837
2012-01-08 01:03:00+00:00,-69.090752
2012-01-08 01:04:00+00:00,-64.434082
2012-01-08 01:05:00+00:00,-64.600479
2012-01-08 01:06:00+00:00,-68.679787
2012-01-08 01:07:00+00:00,-86.865395
2012-01-08 01:08:00+00:00,-90.376938
2012-01-08 01:09:00+00:00,-86.159668
2012-01-08 01:10:00+00:00,-83.159813
2012-01-08 01:11:00+00:00,-79.150742
2012-01-08 01:12:00+00:00,-78.438057
2012-01-08 01:13:00+00:00,-73.335159
2012-01-08 01:14:00+00:00,-78.425865
2012-01-08 01:15:00+00:00,-75.127434
2012-01-08 01:16:00+00:00,-88.95929
2012-01-08 01:17:00+00:00,-75.160515
2012-01-08 01:18:00+00:00,-61.796139
2012-01-08 01:19:00+00:00,-46.4692
2012-01-08 01:20:00+00:00,-47.834686
2012-01-08 01:21:00+00:00,-50.768517
2012-01-08 01:22:00+00:00,-54.121662
2012-01-08 01:23:00+00:00,-57.257462
2012-01-08 01:24:00+00:00,-59.436607
2012-01-08 01:25:00+00:00,-61.280155
2012-01-08 01:26:00+00:00,-61.228493
2012-01-08 01:27:00+00:00,-62.297203
2012-01-08 01:28:00+00:00,-62.25676
2012-01-08 01:29:00+00:00,-59.806885
2012-01-08 01:30:00+00:00,-63.927422
2012-01-08 01:31:00+00:00,-72.193413
2012-01-08 01:32:00+00:00,-79.312546
2012-01-08 01:33:00+00:00,-85.004692
2012-01-08 01:34:00+00:00,-85.689682
2012-01-08 01:35:00+00:00,-86.421219
2012-01-08 01:36:00+00:00,-85.30191
2012-01-08 01:37:00+00:00,-82.689934
2012-01-08 01:38:00+00:00,-82.477951
2012-01-08 01:39:00+00:00,-80.066315
2012-01-08 01:40:00+00:00,-78.881775
2012-01-08 01:41:00+00:00,-79.601204
2012-01-08 01:42:00+00:00,-80.222092
2012-01-08 01:43:00+00:00,-79.420914
2012-01-08 01:44:00+00:00,-76.485825
2012-01-08 01:45:00+00:00,-70.530861
2012-01-08 01:46:00+00:00,-68.742607
2012-01-08 01:47:00+00:00,-67.069283
2012-01-08 01:48:00+00:00,-64.172958
2012-01-08 01:49:00+00:00,-65.315674
2012-01-08 01:50:00+00:00,-109.163902
2012-01-08 01:51:00+00:00,-120.530838
2012-01-08 01:52:00+00:00,-134.895767
2012-01-08 01:53:00+00:00,-156.017456
2012-01-08 01:54:00+00:00,-150.629242
2012-01-08 01:55:00+00:00,-157.000549
2012-01-08 01:56:00+00:00,-152.125473
2012-01-08 01:57:00+00:00,-145.457031
2012-01-08 01:58:00+00:00,-126.148491
2012-01-08 01:59:00+00:00,-98.99865
2012-01-08 02:00:00+00:00,-90.23777
2012-01-08 02:01:00+00:00,-104.950378
2012-01-08 02:02:00+00:00,-100.941666
2012-01-08 02:03:00+00:00,-90.21257
2012-01-08 02:04:00+00:00,-88.635132
2012-01-08 02:05:00+00:00,-100.645851
2012-01-08 02:06:00+00:00,-116.537727
2012-01-08 02:07:00+00:00,-119.716858
2012-01-08 02:08:00+00:00,-124.724289
2012-01-08 02:09:00+00:00,-139.939865
2012-01-08 02:10:00+00:00,-130.21904
2012-01-08 02:11:00+00:00,-99.287369
2012-01-08 02:12:00+00:00,-82.94072
2012-01-08 02:13:00+00:00,-70.168304
2012-01-08 02:14:00+00:00,-75.094963
2012-01-08 02:15:00+00:00,-68.500877
2012-01-08 02:16:00+00:00,-69.566185
2012-01-08 02:17:00+00:00,-70.560638
2012-01-08 02:18:00+00:00,-69.945168
2012-01-08 02:19:00+00:00,-70.287598
2012-01-08 02:20:00+00:00,-71.21991
2012-01-08 02:21:00+00:00,-67.232857
2012-01-08 02:22:00+00:00,-65.225723
2012-01-08 02:23:00+00:00,-63.68491
2012-01-08 02:24:00+00:00,-64.096741
2012-01-08 02:25:00+00:00,-65.098915
2012-01-08 02:26:00+00:00,-61.857445
2012-01-08 02:27:00+00:00,-58.629181
2012-01-08 02:28:00+00:00,-55.133839
2012-01-08 02:29:00+00:00,-46.377365
2012-01-08 02:30:00+00:00,-43.611561
2012-01-08 02:31:00+00:00,-53.151482
2012-01-08 02:32:00+00:00,-84.334404
2012-01-08 02:33:00+00:00,-113.059097
2012-01-08 02:34:00+00:00,-132.727905
2012-01-08 02:35:00+00:00,-134.577148
2012-01-08 02:36:00+00:00,-124.403778
2012-01-08 02:37:00+00:00,-120.360008
2012-01-08 02:38:00+00:00,-108.404892
2012-01-08 02:39:00+00:00,-122.307968
2012-01-08 02:40:00+00:00,-138.916885
2012-01-08 02:41:00+00:00,-124.057823
2012-01-08 02:42:00+00:00,-127.433907
2012-01-08 02:43:00+00:00,-120.94162
2012-01-08 02:44:00+00:00,-114.537079
2012-01-08 02:45:00+00:00,-128.75766
2012-01-08 02:46:00+00:00,-128.330795
2012-01-08 02:47:00+00:00,-138.951981
2012-01-15 00:00:00+00:00,-14.197884
2012-01-15 00:01:00+00:00,-15.078938
2012-01-15 00:02:00+00:00,-14.956835
2012-01-15 00:03:00+00:00,-15.833632
2012-01-15 00:04:00+00:00,-15.707474
2012-01-15 00:05:00+00:00,-15.58237
2012-01-15 00:06:00+00:00,-15.456467
2012-01-15 00:07:00+00:00,-15.329866
2012-01-15 00:08:00+00:00,-15.202669
2012-01-15 00:09:00+00:00,-16.076931
2012-01-15 00:10:00+00:00,-15.948842
2012-01-15 00:11:00+00:00,-15.820461
2012-01-15 00:12:00+00:00,-15.691887
2012-01-15 00:13:00+00:00,-15.559315
2012-01-15 00:14:00+00:00,-15.432611
2012-01-15 00:15:00+00:00,-16.301643
2012-01-15 00:16:00+00:00,-15.173308
2012-01-15 00:17:00+00:00,-15.045287
2012-01-15 00:18:00+00:00,-15.917679
2012-01-15 00:19:00+00:00,-14.794493
2012-01-15 00:20:00+00:00,-14.668015
2012-01-15 00:21:00+00:00,-14.542254
2012-01-15 00:22:00+00:00,-15.417312
2012-01-15 00:23:00+00:00,-15.293287
2012-01-15 00:24:00+00:00,-15.170282
2012-01-15 00:25:00+00:00,-15.048399
2012-01-15 00:26:00+00:00,-14.927736
2012-01-15 00:27:00+00:00,-14.808396
2012-01-15 00:28:00+00:00,-14.69048
2012-01-15 00:29:00+00:00,-14.574089
2012-01-15 00:30:00+00:00,-15.456952
2012-01-15 00:31:00+00:00,-14.343058
2012-01-15 00:32:00+00:00,-14.229259
2012-01-15 00:33:00+00:00,-14.115623
2012-01-15 00:34:00+00:00,-14.00222
2012-01-15 00:35:00+00:00,-13.88912
2012-01-15 00:36:00+00:00,-13.776391
2012-01-15 00:37:00+00:00,-13.664103
2012-01-15 00:38:00+00:00,-14.550371
2012-01-15 00:39:00+00:00,-14.43917
2012-01-15 00:40:00+00:00,-15.328617
2012-01-15 00:41:00+00:00,-15.21878
2012-01-15 00:42:00+00:00,-15.109729
2012-01-15 00:43:00+00:00,-14.999578
2012-01-15 00:44:00+00:00,-13.892305
2012-01-15 00:45:00+00:00,-14.785638
2012-01-15 00:46:00+00:00,-14.680423
2012-01-15 00:47:00+00:00,-13.578293
2012-01-15 00:48:00+00:00,-13.475409
2012-01-15 00:49:00+00:00,-13.373795
2012-01-15 00:50:00+00:00,-13.271564
2012-01-15 00:51:00+00:00,-12.172695
2012-01-15 00:52:00+00:00,-13.075302
2012-01-15 00:53:00+00:00,-12.979454
2012-01-15 00:54:00+00:00,-12.885221
2012-01-15 00:55:00+00:00,-14.087386
2012-01-15 00:56:00+00:00,-17.948172
2012-01-15 00:57:00+00:00,-18.829834
2012-01-15 00:58:00+00:00,-17.495079
2012-01-15 00:59:00+00:00,-14.889086
2012-01-15 01:00:00+00:00,-14.537621
2012-01-15 01:01:00+00:00,-15.014005
2012-01-15 01:02:00+00:00,-16.793821
2012-01-15 01:03:00+00:00,-18.045006
2012-01-15 01:04:00+00:00,-17.95503
2012-01-15 01:05:00+00:00,-18.423277
2012-01-15 01:06:00+00:00,-19.591316
2012-01-15 01:07:00+00:00,-19.246714
2012-01-15 01:08:00+00:00,-16.7537
2012-01-15 01:09:00+00:00,-14.57806
2012-01-15 01:10:00+00:00,-13.964884
2012-01-15 01:11:00+00:00,-13.705155
2012-01-15 01:12:00+00:00,-13.641129
2012-01-15 01:13:00+00:00,-13.025702
2012-01-15 01:14:00+00:00,-11.952108
2012-01-15 01:15:00+00:00,-11.635639
2012-01-15 01:16:00+00:00,-11.211979
2012-01-15 01:17:00+00:00,-11.15274
2012-01-15 01:18:00+00:00,-12.095005
2012-01-15 01:19:00+00:00,-11.03879
2012-01-15 01:20:00+00:00,-11.229086
2012-01-15 01:21:00+00:00,-11.837591
2012-01-15 01:22:00+00:00,-11.52821
2012-01-15 01:23:00+00:00,-12.228155
2012-01-15 01:24:00+00:00,-13.041403
2012-01-15 01:25:00+00:00,-13.131006
2012-01-15 01:26:00+00:00,-13.562854
2012-01-15 01:27:00+00:00,-13.896973
2012-01-15 01:28:00+00:00,-14.015656
2012-01-15 01:29:00+00:00,-13.035573
2012-01-15 01:30:00+00:00,-13.242358
2012-01-15 01:31:00+00:00,-14.258916
2012-01-15 01:32:00+00:00,-14.322935
2012-01-15 01:33:00+00:00,-14.415323
2012-01-15 01:34:00+00:00,-13.975965
2012-01-15 01:35:00+00:00,-12.922779
2012-01-15 01:36:00+00:00,-12.830906
2012-01-15 01:37:00+00:00,-13.564552
2012-01-15 01:38:00+00:00,-14.075813
2012-01-15 01:39:00+00:00,-14.457897
2012-01-15 01:40:00+00:00,-14.017881
2012-01-15 01:41:00+00:00,-13.717137
2012-01-15 01:42:00+00:00,-13.864206
2012-01-15 01:43:00+00:00,-13.690483
2012-01-15 01:44:00+00:00,-13.615833
2012-01-15 01:45:00+00:00,-13.973763
2012-01-15 01:46:00+00:00,-13.499939
2012-01-15 01:47:00+00:00,-11.681671
2012-01-15 01:48:00+00:00,-11.218615
2012-01-15 01:49:00+00:00,-10.608276
2012-01-15 01:50:00+00:00,-9.110983
2012-01-15 01:51:00+00:00,-9.102758
2012-01-15 01:52:00+00:00,-9.097481
2012-01-15 01:53:00+00:00,-8.093144
2012-01-15 01:54:00+00:00,-8.089701
2012-01-15 01:55:00+00:00,-8.087099
2012-01-15 01:56:00+00:00,-8.085289
2012-01-15 01:57:00+00:00,-8.084219
2012-01-15 01:58:00+00:00,-7.216048
2012-01-15 01:59:00+00:00,-7.852737
2012-01-15 02:00:00+00:00,-7.797085
2012-01-15 02:01:00+00:00,-7.08674
2012-01-15 02:02:00+00:00,-7.089804
2012-01-15 02:03:00+00:00,-7.094122
2012-01-15 02:04:00+00:00,-7.099669
2012-01-15 02:05:00+00:00,-7.292981
2012-01-15 02:06:00+00:00,-8.159703
2012-01-15 02:07:00+00:00,-8.821634
2012-01-15 02:08:00+00:00,-9.036087
2012-01-15 02:09:00+00:00,-8.798655
2012-01-15 02:10:00+00:00,-9.482931
2012-01-15 02:11:00+00:00,-8.860754
2012-01-15 02:12:00+00:00,-8.770432
2012-01-15 02:13:00+00:00,-9.005611
2012-01-15 02:14:00+00:00,-8.892361
2012-01-15 02:15:00+00:00,-9.433031
2012-01-15 02:16:00+00:00,-11.391777
2012-01-15 02:17:00+00:00,-11.418251
2012-01-15 02:18:00+00:00,-10.872276
2012-01-15 02:19:00+00:00,-10.565826
2012-01-15 02:20:00+00:00,-9.362144
2012-01-15 02:21:00+00:00,-8.404899
2012-01-15 02:22:00+00:00,-9.079014
2012-01-15 02:23:00+00:00,-8.576959
2012-01-15 02:24:00+00:00,-8.220297
2012-01-15 02:25:00+00:00,-10.157305
2012-01-15 02:26:00+00:00,-10.879951
2012-01-15 02:27:00+00:00,-11.118666
2012-01-15 02:28:00+00:00,-10.123407
2012-01-15 02:29:00+00:00,-10.507421
2012-01-15 02:30:00+00:00,-10.193319
2012-01-15 02:31:00+00:00,-10.839149
2012-01-15 02:32:00+00:00,-11.432913
2012-01-15 02:33:00+00:00,-10.827583
2012-01-15 02:34:00+00:00,-10.953775
2012-01-15 02:35:00+00:00,-11.352448
2012-01-15 02:36:00+00:00,-11.942007
2012-01-15 02:37:00+00:00,-12.001694
2012-01-15 02:38:00+00:00,-12.105186
2012-01-15 02:39:00+00:00,-11.915518
2012-01-15 02:40:00+00:00,-10.732927
2012-01-15 02:41:00+00:00,-10.797596
2012-01-15 02:42:00+00:00,-10.349216
2012-01-15 02:43:00+00:00,-10.089884
2012-01-15 02:44:00+00:00,-10.130846
2012-01-15 02:45:00+00:00,-11.415947
2012-01-15 02:46:00+00:00,-10.832436
2012-01-15 02:47:00+00:00,-9.136485
2012-01-22 00:00:00+00:00,-30.852772
2012-01-22 00:01:00+00:00,-34.551796
2012-01-22 00:02:00+00:00,-31.643017
2012-01-22 00:03:00+00:00,-31.343781
2012-01-22 00:04:00+00:00,-31.017864
2012-01-22 00:05:00+00:00,-30.953804
2012-01-22 00:06:00+00:00,-30.864681
2012-01-22 00:07:00+00:00,-30.859747
2012-01-22 00:08:00+00:00,-31.213276
2012-01-22 00:09:00+00:00,-38.698486
2012-01-22 00:10:00+00:00,-42.765587
2012-01-22 00:11:00+00:00,-46.083981
2012-01-22 00:12:00+00:00,-41.063293
2012-01-22 00:13:00+00:00,-30.155088
2012-01-22 00:14:00+00:00,-29.984404
2012-01-22 00:15:00+00:00,-29.536242
2012-01-22 00:16:00+00:00,-29.8456
2012-01-22 00:17:00+00:00,-30.526394
2012-01-22 00:18:00+00:00,-30.996124
2012-01-22 00:19:00+00:00,-31.666872
2012-01-22 00:20:00+00:00,-30.467194
2012-01-22 00:21:00+00:00,-30.205059
2012-01-22 00:22:00+00:00,-31.94256
2012-01-22 00:23:00+00:00,-33.645618
2012-01-22 00:24:00+00:00,-34.576897
2012-01-22 00:25:00+00:00,-33.840866
2012-01-22 00:26:00+00:00,-32.543941
2012-01-22 00:27:00+00:00,-32.013241
2012-01-22 00:28:00+00:00,-31.224415
2012-01-22 00:29:00+00:00,-30.611828
2012-01-22 00:30:00+00:00,-30.023197
2012-01-22 00:31:00+00:00,-30.243525
2012-01-22 00:32:00+00:00,-30.478262
2012-01-22 00:33:00+00:00,-31.182478
2012-01-22 00:34:00+00:00,-31.558334
2012-01-22 00:35:00+00:00,-30.922251
2012-01-22 00:36:00+00:00,-30.580881
2012-01-22 00:37:00+00:00,-30.553768
2012-01-22 00:38:00+00:00,-30.238388
2012-01-22 00:39:00+00:00,-30.922838
2012-01-22 00:40:00+00:00,-31.415728
2012-01-22 00:41:00+00:00,-31.076443
2012-01-22 00:42:00+00:00,-30.753632
2012-01-22 00:43:00+00:00,-30.350431
2012-01-22 00:44:00+00:00,-30.668026
2012-01-22 00:45:00+00:00,-31.053894
2012-01-22 00:46:00+00:00,-31.410387
2012-01-22 00:47:00+00:00,-31.766817
2012-01-22 00:48:00+00:00,-32.150543
2012-01-22 00:49:00+00:00,-31.943413
2012-01-22 00:50:00+00:00,-31.741142
2012-01-22 00:51:00+00:00,-31.774216
2012-01-22 00:52:00+00:00,-31.501627
2012-01-22 00:53:00+00:00,-31.356987
2012-01-22 00:54:00+00:00,-31.563938
2012-01-22 00:55:00+00:00,-31.371521
2012-01-22 00:56:00+00:00,-31.132284
2012-01-22 00:57:00+00:00,-31.03179
2012-01-22 00:58:00+00:00,-31.301302
2012-01-22 00:59:00+00:00,-31.419739
2012-01-22 01:00:00+00:00,-31.651567
2012-01-22 01:01:00+00:00,-32.170403
2012-01-22 01:02:00+00:00,-32.450661
2012-01-22 01:03:00+00:00,-32.658386
2012-01-22 01:04:00+00:00,-32.98111
2012-01-22 01:05:00+00:00,-33.040939
2012-01-22 01:06:00+00:00,-32.828136
2012-01-22 01:07:00+00:00,-32.588829
2012-01-22 01:08:00+00:00,-32.468559
2012-01-22 01:09:00+00:00,-32.399971
2012-01-22 01:10:00+00:00,-32.314743
2012-01-22 01:11:00+00:00,-31.984385
2012-01-22 01:12:00+00:00,-31.917723
2012-01-22 01:13:00+00:00,-32.117516
2012-01-22 01:14:00+00:00,-31.544161
2012-01-22 01:15:00+00:00,-31.656471
2012-01-22 01:16:00+00:00,-32.160534
2012-01-22 01:17:00+00:00,-32.066147
2012-01-22 01:18:00+00:00,-32.277641
2012-01-22 01:19:00+00:00,-32.189579
2012-01-22 01:20:00+00:00,-31.947496
2012-01-22 01:21:00+00:00,-32.371742
2012-01-22 01:22:00+00:00,-32.749458
2012-01-22 01:23:00+00:00,-32.623642
2012-01-22 01:24:00+00:00,-32.93964
2012-01-22 01:25:00+00:00,-32.998268
2012-01-22 01:26:00+00:00,-32.750725
2012-01-22 01:27:00+00:00,-32.888454
2012-01-22 01:28:00+00:00,-33.19841
2012-01-22 01:29:00+00:00,-33.072598
2012-01-22 01:30:00+00:00,-32.873165
2012-01-22 01:31:00+00:00,-32.924126
2012-01-22 01:32:00+00:00,-33.685226
2012-01-22 01:33:00+00:00,-33.74437
2012-01-22 01:34:00+00:00,-33.81739
2012-01-22 01:35:00+00:00,-33.930676
2012-01-22 01:36:00+00:00,-33.850838
2012-01-22 01:37:00+00:00,-33.844494
2012-01-22 01:38:00+00:00,-34.112831
2012-01-22 01:39:00+00:00,-34.709576
2012-01-22 01:40:00+00:00,-34.021458
2012-01-22 01:41:00+00:00,-33.992832
2012-01-22 01:42:00+00:00,-35.004574
2012-01-22 01:43:00+00:00,-33.356335
2012-01-22 01:44:00+00:00,-33.807251
2012-01-22 01:45:00+00:00,-32.815182
2012-01-22 01:46:00+00:00,-31.870371
2012-01-22 01:47:00+00:00,-31.806822
2012-01-22 01:48:00+00:00,-32.125526
2012-01-22 01:49:00+00:00,-31.993486
2012-01-22 01:50:00+00:00,-31.859941
2012-01-22 01:51:00+00:00,-32.011036
2012-01-22 01:52:00+00:00,-32.424328
2012-01-22 01:53:00+00:00,-32.66135
2012-01-22 01:54:00+00:00,-32.580517
2012-01-22 01:55:00+00:00,-32.835171
2012-01-22 01:56:00+00:00,-33.141136
2012-01-22 01:57:00+00:00,-33.472069
2012-01-22 01:58:00+00:00,-33.207722
2012-01-22 01:59:00+00:00,-32.794682
2012-01-22 02:00:00+00:00,-33.079506
2012-01-22 02:01:00+00:00,-33.172493
2012-01-22 02:02:00+00:00,-32.965195
2012-01-22 02:03:00+00:00,-32.914631
2012-01-22 02:04:00+00:00,-32.786427
2012-01-22 02:05:00+00:00,-33.041519
2012-01-22 02:06:00+00:00,-33.570526
2012-01-22 02:07:00+00:00,-33.612701
2012-01-22 02:08:00+00:00,-33.371166
2012-01-22 02:09:00+00:00,-33.311741
2012-01-22 02:10:00+00:00,-33.325047
2012-01-22 02:11:00+00:00,-33.094673
2012-01-22 02:12:00+00:00,-33.202644
2012-01-22 02:13:00+00:00,-32.86467
2012-01-22 02:14:00+00:00,-32.74894
2012-01-22 02:15:00+00:00,-33.132683
2012-01-22 02:16:00+00:00,-33.132099
2012-01-22 02:17:00+00:00,-33.11731
2012-01-22 02:18:00+00:00,-33.457451
2012-01-22 02:19:00+00:00,-33.259941
2012-01-22 02:20:00+00:00,-32.758171
2012-01-22 02:21:00+00:00,-32.758781
2012-01-22 02:22:00+00:00,-33.111378
2012-01-22 02:23:00+00:00,-33.137245
2012-01-22 02:24:00+00:00,-33.394974
2012-01-22 02:25:00+00:00,-33.805462
2012-01-22 02:26:00+00:00,-33.8521
2012-01-22 02:27:00+00:00,-33.789772
2012-01-22 02:28:00+00:00,-33.529514
2012-01-22 02:29:00+00:00,-33.59787
2012-01-22 02:30:00+00:00,-33.476192
2012-01-22 02:31:00+00:00,-33.124607
2012-01-22 02:32:00+00:00,-32.970009
2012-01-22 02:33:00+00:00,-33.045574
2012-01-22 02:34:00+00:00,-32.654003
2012-01-22 02:35:00+00:00,-33.117535
2012-01-22 02:36:00+00:00,-33.189068
2012-01-22 02:37:00+00:00,-33.277748
2012-01-22 02:38:00+00:00,-33.357182
2012-01-22 02:39:00+00:00,-33.664642
2012-01-22 02:40:00+00:00,-34.147366
2012-01-22 02:41:00+00:00,-34.233051
2012-01-22 02:42:00+00:00,-34.137497
2012-01-22 02:43:00+00:00,-33.675056
2012-01-22 02:44:00+00:00,-33.577274
2012-01-22 02:45:00+00:00,-33.378235
2012-01-22 02:46:00+00:00,-33.195095
2012-01-22 02:47:00+00:00,-33.060051
2012-01-29 00:00:00+00:00,-246.808563
2012-01-29 00:01:00+00:00,-218.030273
2012-01-29 00:02:00+00:00,-216.900497
2012-01-29 00:03:00+00:00,-216.829346
2012-01-29 00:04:00+00:00,-208.439819
2012-01-29 00:05:00+00:00,-196.143478
2012-01-29 00:06:00+00:00,-190.158905
2012-01-29 00:07:00+00:00,-184.172577
2012-01-29 00:08:00+00:00,-173.186005
2012-01-29 00:09:00+00:00,-164.197281
2012-01-29 00:10:00+00:00,-159.207932
2012-01-29 00:11:00+00:00,-143.217041
2012-01-29 00:12:00+00:00,-127.554413
2012-01-29 00:13:00+00:00,-162.241943
2012-01-29 00:14:00+00:00,-157.414398
2012-01-29 00:15:00+00:00,-148.096207
2012-01-29 00:16:00+00:00,-177.498825
2012-01-29 00:17:00+00:00,-206.754074
2012-01-29 00:18:00+00:00,-210.860306
2012-01-29 00:19:00+00:00,-213.350891
2012-01-29 00:20:00+00:00,-215.541382
2012-01-29 00:21:00+00:00,-221.415344
2012-01-29 00:22:00+00:00,-214.967773
2012-01-29 00:23:00+00:00,-207.633789
2012-01-29 00:24:00+00:00,-205.265167
2012-01-29 00:25:00+00:00,-197.582443
2012-01-29 00:26:00+00:00,-189.702774
2012-01-29 00:27:00+00:00,-183.932007
2012-01-29 00:28:00+00:00,-183.001556
2012-01-29 00:29:00+00:00,-197.289474
2012-01-29 00:30:00+00:00,-172.985748
2012-01-29 00:31:00+00:00,-163.91951
2012-01-29 00:32:00+00:00,-150.076553
2012-01-29 00:33:00+00:00,-187.732208
2012-01-29 00:34:00+00:00,-177.382507
2012-01-29 00:35:00+00:00,-172.145279
2012-01-29 00:36:00+00:00,-172.105621
2012-01-29 00:37:00+00:00,-195.698318
2012-01-29 00:38:00+00:00,-172.160004
2012-01-29 00:39:00+00:00,-177.54921
2012-01-29 00:40:00+00:00,-177.336334
2012-01-29 00:41:00+00:00,-193.246689
2012-01-29 00:42:00+00:00,-205.173767
2012-01-29 00:43:00+00:00,-207.111481
2012-01-29 00:44:00+00:00,-209.052124
2012-01-29 00:45:00+00:00,-215.984024
2012-01-29 00:46:00+00:00,-220.955124
2012-01-29 00:47:00+00:00,-223.890289
2012-01-29 00:48:00+00:00,-226.814011
2012-01-29 00:49:00+00:00,-223.778122
2012-01-29 00:50:00+00:00,-217.693817
2012-01-29 00:51:00+00:00,-216.593414
2012-01-29 00:52:00+00:00,-212.504303
2012-01-29 00:53:00+00:00,-209.398254
2012-01-29 00:54:00+00:00,-207.322205
2012-01-29 00:55:00+00:00,-211.258652
2012-01-29 00:56:00+00:00,-210.206451
2012-01-29 00:57:00+00:00,-214.164215
2012-01-29 00:58:00+00:00,-214.101486
2012-01-29 00:59:00+00:00,-202.042755
2012-01-29 01:00:00+00:00,-199.991013
2012-01-29 01:01:00+00:00,-183.904495
2012-01-29 01:02:00+00:00,-161.82933
2012-01-29 01:03:00+00:00,-147.468857
2012-01-29 01:04:00+00:00,-148.424362
2012-01-29 01:05:00+00:00,-148.902008
2012-01-29 01:06:00+00:00,-144.275803
2012-01-29 01:07:00+00:00,-147.201752
2012-01-29 01:08:00+00:00,-182.610199
2012-01-29 01:09:00+00:00,-178.88063
2012-01-29 01:10:00+00:00,-204.716415
2012-01-29 01:11:00+00:00,-201.862442
2012-01-29 01:12:00+00:00,-174.295944
2012-01-29 01:13:00+00:00,-182.24736
2012-01-29 01:14:00+00:00,-190.109299
2012-01-29 01:15:00+00:00,-167.439438
2012-01-29 01:16:00+00:00,-130.042023
2012-01-29 01:17:00+00:00,-114.244095
2012-01-29 01:18:00+00:00,-121.214561
2012-01-29 01:19:00+00:00,-124.757637
2012-01-29 01:20:00+00:00,-129.346954
2012-01-29 01:21:00+00:00,-132.569473
2012-01-29 01:22:00+00:00,-133.605865
2012-01-29 01:23:00+00:00,-134.812592
2012-01-29 01:24:00+00:00,-138.102783
2012-01-29 01:25:00+00:00,-138.703995
2012-01-29 01:26:00+00:00,-133.414001
2012-01-29 01:27:00+00:00,-125.080666
2012-01-29 01:28:00+00:00,-119.096497
2012-01-29 01:29:00+00:00,-117.889252
2012-01-29 01:30:00+00:00,-119.196259
2012-01-29 01:31:00+00:00,-117.465416
2012-01-29 01:32:00+00:00,-113.383904
2012-01-29 01:33:00+00:00,-110.653923
2012-01-29 01:34:00+00:00,-104.168098
2012-01-29 01:35:00+00:00,-99.287811
2012-01-29 01:36:00+00:00,-98.172859
2012-01-29 01:37:00+00:00,-119.692535
2012-01-29 01:38:00+00:00,-129.443771
2012-01-29 01:39:00+00:00,-118.682449
2012-01-29 01:40:00+00:00,-107.983833
2012-01-29 01:41:00+00:00,-109.367737
2012-01-29 01:42:00+00:00,-115.355583
2012-01-29 01:43:00+00:00,-115.824379
2012-01-29 01:44:00+00:00,-113.541756
2012-01-29 01:45:00+00:00,-110.583939
2012-01-29 01:46:00+00:00,-108.308395
2012-01-29 01:47:00+00:00,-106.658531
2012-01-29 01:48:00+00:00,-100.409805
2012-01-29 01:49:00+00:00,-94.960686
2012-01-29 01:50:00+00:00,-92.587608
2012-01-29 01:51:00+00:00,-93.573822
2012-01-29 01:52:00+00:00,-95.441841
2012-01-29 01:53:00+00:00,-96.35675
2012-01-29 01:54:00+00:00,-94.483643
2012-01-29 01:55:00+00:00,-91.809875
2012-01-29 01:56:00+00:00,-89.964287
2012-01-29 01:57:00+00:00,-87.089745
2012-01-29 01:58:00+00:00,-86.43325
2012-01-29 01:59:00+00:00,-90.037827
2012-01-29 02:00:00+00:00,-92.921104
2012-01-29 02:01:00+00:00,-90.766258
2012-01-29 02:02:00+00:00,-88.878563
2012-01-29 02:03:00+00:00,-88.896706
2012-01-29 02:04:00+00:00,-91.143013
2012-01-29 02:05:00+00:00,-98.879097
2012-01-29 02:06:00+00:00,-97.427666
2012-01-29 02:07:00+00:00,-102.329376
2012-01-29 02:08:00+00:00,-108.290451
2012-01-29 02:09:00+00:00,-109.788475
2012-01-29 02:10:00+00:00,-106.116455
2012-01-29 02:11:00+00:00,-100.062988
2012-01-29 02:12:00+00:00,-107.788925
2012-01-29 02:13:00+00:00,-115.583557
2012-01-29 02:14:00+00:00,-123.525322
2012-01-29 02:15:00+00:00,-127.120987
2012-01-29 02:16:00+00:00,-128.694748
2012-01-29 02:17:00+00:00,-129.216278
2012-01-29 02:18:00+00:00,-126.481415
2012-01-29 02:19:00+00:00,-146.253983
2012-01-29 02:20:00+00:00,-136.968704
2012-01-29 02:21:00+00:00,-127.978592
2012-01-29 02:22:00+00:00,-113.861786
2012-01-29 02:23:00+00:00,-111.715492
2012-01-29 02:24:00+00:00,-111.253838
2012-01-29 02:25:00+00:00,-124.161133
2012-01-29 02:26:00+00:00,-119.515274
2012-01-29 02:27:00+00:00,-108.087723
2012-01-29 02:28:00+00:00,-112.89399
2012-01-29 02:29:00+00:00,-116.467789
2012-01-29 02:30:00+00:00,-118.717476
2012-01-29 02:31:00+00:00,-151.975815
2012-01-29 02:32:00+00:00,-146.448761
2012-01-29 02:33:00+00:00,-159.110855
2012-01-29 02:34:00+00:00,-129.573303
2012-01-29 02:35:00+00:00,-103.133942
2012-01-29 02:36:00+00:00,-107.977768
2012-01-29 02:37:00+00:00,-98.427658
2012-01-29 02:38:00+00:00,-97.580238
2012-01-29 02:39:00+00:00,-99.620071
2012-01-29 02:40:00+00:00,-93.959122
2012-01-29 02:41:00+00:00,-95.26738
2012-01-29 02:42:00+00:00,-105.776169
2012-01-29 02:43:00+00:00,-120.03331
2012-01-29 02:44:00+00:00,-132.226257
2012-01-29 02:45:00+00:00,-137.869614
2012-01-29 02:46:00+00:00,-115.542427
2012-01-29 02:47:00+00:00,-97.725121
2012-02-05 00:00:00+00:00,-375.482361
2012-02-05 00:01:00+00:00,-366.423553
2012-02-05 00:02:00+00:00,-363.403473
2012-02-05 00:03:00+00:00,-369.473938
2012-02-05 00:04:00+00:00,-391.072784
2012-02-05 00:05:00+00:00,-400.3638
2012-02-05 00:06:00+00:00,-415.098969
2012-02-05 00:07:00+00:00,-414.311096
2012-02-05 00:08:00+00:00,-429.602112
2012-02-05 00:09:00+00:00,-430.857391
2012-02-05 00:10:00+00:00,-412.445404
2012-02-05 00:11:00+00:00,-408.062164
2012-02-05 00:12:00+00:00,-407.47641
2012-02-05 00:13:00+00:00,-412.520538
2012-02-05 00:14:00+00:00,-389.692261
2012-02-05 00:15:00+00:00,-389.325836
2012-02-05 00:16:00+00:00,-407.65863
2012-02-05 00:17:00+00:00,-403.44696
2012-02-05 00:18:00+00:00,-388.918427
2012-02-05 00:19:00+00:00,-381.128632
2012-02-05 00:20:00+00:00,-404.676636
2012-02-05 00:21:00+00:00,-403.318176
2012-02-05 00:22:00+00:00,-383.138947
2012-02-05 00:23:00+00:00,-371.659363
2012-02-05 00:24:00+00:00,-362.979156
2012-02-05 00:25:00+00:00,-356.956543
2012-02-05 00:26:00+00:00,-358.434509
2012-02-05 00:27:00+00:00,-360.579803
2012-02-05 00:28:00+00:00,-340.570404
2012-02-05 00:29:00+00:00,-345.047607
2012-02-05 00:30:00+00:00,-352.083069
2012-02-05 00:31:00+00:00,-370.978485
2012-02-05 00:32:00+00:00,-376.34201
2012-02-05 00:33:00+00:00,-392.798035
2012-02-05 00:34:00+00:00,-392.779724
2012-02-05 00:35:00+00:00,-379.252716
2012-02-05 00:36:00+00:00,-369.345306
2012-02-05 00:37:00+00:00,-366.821075
2012-02-05 00:38:00+00:00,-369.657898
2012-02-05 00:39:00+00:00,-354.244385
2012-02-05 00:40:00+00:00,-346.857178
2012-02-05 00:41:00+00:00,-348.243378
2012-02-05 00:42:00+00:00,-332.702972
2012-02-05 00:43:00+00:00,-327.020264
2012-02-05 00:44:00+00:00,-312.072266
2012-02-05 00:45:00+00:00,-311.800598
2012-02-05 00:46:00+00:00,-301.849854
2012-02-05 00:47:00+00:00,-292.361267
2012-02-05 00:48:00+00:00,-275.332642
2012-02-05 00:49:00+00:00,-280.155243
2012-02-05 00:50:00+00:00,-293.27359
2012-02-05 00:51:00+00:00,-282.322784
2012-02-05 00:52:00+00:00,-314.481171
2012-02-05 00:53:00+00:00,-267.356689
2012-02-05 00:54:00+00:00,-297.329437
2012-02-05 00:55:00+00:00,-323.72168
2012-02-05 00:56:00+00:00,-314.236603
2012-02-05 00:57:00+00:00,-297.784454
2012-02-05 00:58:00+00:00,-322.72641
2012-02-05 00:59:00+00:00,-320.844757
2012-02-05 01:00:00+00:00,-344.606018
2012-02-05 01:01:00+00:00,-389.278015
2012-02-05 01:02:00+00:00,-420.914795
2012-02-05 01:03:00+00:00,-377.993317
2012-02-05 01:04:00+00:00,-343.320435
2012-02-05 01:05:00+00:00,-331.58844
2012-02-05 01:06:00+00:00,-318.461212
2012-02-05 01:07:00+00:00,-286.707611
2012-02-05 01:08:00+00:00,-261.052155
2012-02-05 01:09:00+00:00,-223.62851
2012-02-05 01:10:00+00:00,-236.648499
2012-02-05 01:11:00+00:00,-241.264572
2012-02-05 01:12:00+00:00,-247.655472
2012-02-05 01:13:00+00:00,-243.968628
2012-02-05 01:14:00+00:00,-187.302811
2012-02-05 01:15:00+00:00,-171.981323
2012-02-05 01:16:00+00:00,-164.019806
2012-02-05 01:17:00+00:00,-162.837357
2012-02-05 01:18:00+00:00,-161.426086
2012-02-05 01:19:00+00:00,-147.215622
2012-02-05 01:20:00+00:00,-134.391449
2012-02-05 01:21:00+00:00,-130.123413
2012-02-05 01:22:00+00:00,-135.941757
2012-02-05 01:23:00+00:00,-144.142258
2012-02-05 01:24:00+00:00,-147.044266
2012-02-05 01:25:00+00:00,-141.051941
2012-02-05 01:26:00+00:00,-132.80397
2012-02-05 01:27:00+00:00,-122.155663
2012-02-05 01:28:00+00:00,-111.215485
2012-02-05 01:29:00+00:00,-105.692307
2012-02-05 01:30:00+00:00,-109.122986
2012-02-05 01:31:00+00:00,-107.689453
2012-02-05 01:32:00+00:00,-109.232002
2012-02-05 01:33:00+00:00,-107.656845
2012-02-05 01:34:00+00:00,-107.371124
2012-02-05 01:35:00+00:00,-110.864563
2012-02-05 01:36:00+00:00,-124.087082
2012-02-05 01:37:00+00:00,-131.717712
2012-02-05 01:38:00+00:00,-111.629135
2012-02-05 01:39:00+00:00,-97.295235
2012-02-05 01:40:00+00:00,-107.764038
2012-02-05 01:41:00+00:00,-106.977158
2012-02-05 01:42:00+00:00,-106.086357
2012-02-05 01:43:00+00:00,-108.980896
2012-02-05 01:44:00+00:00,-105.187111
2012-02-05 01:45:00+00:00,-103.185036
2012-02-05 01:46:00+00:00,-102.384842
2012-02-05 01:47:00+00:00,-96.584305
2012-02-05 01:48:00+00:00,-91.062836
2012-02-05 01:49:00+00:00,-94.50087
2012-02-05 01:50:00+00:00,-109.685356
2012-02-05 01:51:00+00:00,-135.935547
2012-02-05 01:52:00+00:00,-118.497772
2012-02-05 01:53:00+00:00,-110.309685
2012-02-05 01:54:00+00:00,-110.384087
2012-02-05 01:55:00+00:00,-122.502579
2012-02-05 01:56:00+00:00,-125.602242
2012-02-05 01:57:00+00:00,-142.213287
2012-02-05 01:58:00+00:00,-160.783234
2012-02-05 01:59:00+00:00,-180.159836
2012-02-05 02:00:00+00:00,-188.481461
2012-02-05 02:01:00+00:00,-174.907364
2012-02-05 02:02:00+00:00,-157.11557
2012-02-05 02:03:00+00:00,-144.411652
2012-02-05 02:04:00+00:00,-193.142715
2012-02-05 02:05:00+00:00,-177.877853
2012-02-05 02:06:00+00:00,-142.350677
2012-02-05 02:07:00+00:00,-125.200859
2012-02-05 02:08:00+00:00,-125.183273
2012-02-05 02:09:00+00:00,-164.548355
2012-02-05 02:10:00+00:00,-182.062408
2012-02-05 02:11:00+00:00,-176.924881
2012-02-05 02:12:00+00:00,-147.706772
2012-02-05 02:13:00+00:00,-99.38147
2012-02-05 02:14:00+00:00,-73.237724
2012-02-05 02:15:00+00:00,-73.338776
2012-02-05 02:16:00+00:00,-73.160881
2012-02-05 02:17:00+00:00,-73.001015
2012-02-05 02:18:00+00:00,-63.650795
2012-02-05 02:19:00+00:00,-62.831112
2012-02-05 02:20:00+00:00,-63.222382
2012-02-05 02:21:00+00:00,-54.53426
2012-02-05 02:22:00+00:00,-59.047752
2012-02-05 02:23:00+00:00,-64.410294
2012-02-05 02:24:00+00:00,-64.246597
2012-02-05 02:25:00+00:00,-64.247787
2012-02-05 02:26:00+00:00,-65.928802
2012-02-05 02:27:00+00:00,-67.269836
2012-02-05 02:28:00+00:00,-66.601219
2012-02-05 02:29:00+00:00,-65.640488
2012-02-05 02:30:00+00:00,-63.940617
2012-02-05 02:31:00+00:00,-68.818275
2012-02-05 02:32:00+00:00,-72.02964
2012-02-05 02:33:00+00:00,-78.204086
2012-02-05 02:34:00+00:00,-72.476822
2012-02-05 02:35:00+00:00,-61.460815
2012-02-05 02:36:00+00:00,-52.073799
2012-02-05 02:37:00+00:00,-47.902664
2012-02-05 02:38:00+00:00,-49.024918
2012-02-05 02:39:00+00:00,-51.369591
2012-02-05 02:40:00+00:00,-60.539272
2012-02-05 02:41:00+00:00,-65.352631
2012-02-05 02:42:00+00:00,-54.432293
2012-02-05 02:43:00+00:00,-49.657917
2012-02-05 02:44:00+00:00,-45.154907
2012-02-05 02:45:00+00:00,-42.969913
2012-02-05 02:46:00+00:00,-39.502014
2012-02-05 02:47:00+00:00,-52.578537
2012-02-12 00:00:00+00:00,-32.187145
2012-02-12 00:01:00+00:00,-30.739672
2012-02-12 00:02:00+00:00,-29.968945
2012-02-12 00:03:00+00:00,-29.906523
2012-02-12 00:04:00+00:00,-28.442739
2012-02-12 00:05:00+00:00,-27.497831
2012-02-12 00:06:00+00:00,-26.490446
2012-02-12 00:07:00+00:00,-26.623056
2012-02-12 00:08:00+00:00,-26.755705
2012-02-12 00:09:00+00:00,-27.690483
2012-02-12 00:10:00+00:00,-27.232738
2012-02-12 00:11:00+00:00,-25.507812
2012-02-12 00:12:00+00:00,-25.077879
2012-02-12 00:13:00+00:00,-25.820244
2012-02-12 00:14:00+00:00,-26.039257
2012-02-12 00:15:00+00:00,-25.559813
2012-02-12 00:16:00+00:00,-26.047621
2012-02-12 00:17:00+00:00,-28.044334
2012-02-12 00:18:00+00:00,-28.85598
2012-02-12 00:19:00+00:00,-30.232214
2012-02-12 00:20:00+00:00,-32.322819
2012-02-12 00:21:00+00:00,-34.529785
2012-02-12 00:22:00+00:00,-36.050755
2012-02-12 00:23:00+00:00,-38.31213
2012-02-12 00:24:00+00:00,-38.706867
2012-02-12 00:25:00+00:00,-40.74828
2012-02-12 00:26:00+00:00,-41.459206
2012-02-12 00:27:00+00:00,-40.048275
2012-02-12 00:28:00+00:00,-37.298092
2012-02-12 00:29:00+00:00,-36.410439
2012-02-12 00:30:00+00:00,-37.13308
2012-02-12 00:31:00+00:00,-39.850334
2012-02-12 00:32:00+00:00,-40.843918
2012-02-12 00:33:00+00:00,-40.962868
2012-02-12 00:34:00+00:00,-40.106232
2012-02-12 00:35:00+00:00,-37.988289
2012-02-12 00:36:00+00:00,-35.770767
2012-02-12 00:37:00+00:00,-34.521473
2012-02-12 00:38:00+00:00,-34.587681
2012-02-12 00:39:00+00:00,-33.972748
2012-02-12 00:40:00+00:00,-32.867687
2012-02-12 00:41:00+00:00,-32.49852
2012-02-12 00:42:00+00:00,-31.953714
2012-02-12 00:43:00+00:00,-30.530586
2012-02-12 00:44:00+00:00,-27.83811
2012-02-12 00:45:00+00:00,-28.054739
2012-02-12 00:46:00+00:00,-29.677288
2012-02-12 00:47:00+00:00,-30.561796
2012-02-12 00:48:00+00:00,-30.750702
2012-02-12 00:49:00+00:00,-30.966257
2012-02-12 00:50:00+00:00,-31.061443
2012-02-12 00:51:00+00:00,-31.287811
2012-02-12 00:52:00+00:00,-31.096977
2012-02-12 00:53:00+00:00,-31.603348
2012-02-12 00:54:00+00:00,-33.990475
2012-02-12 00:55:00+00:00,-37.60685
2012-02-12 00:56:00+00:00,-39.763527
2012-02-12 00:57:00+00:00,-41.293812
2012-02-12 00:58:00+00:00,-44.869125
2012-02-12 00:59:00+00:00,-46.028801
2012-02-12 01:00:00+00:00,-45.718872
2012-02-12 01:01:00+00:00,-45.744728
2012-02-12 01:02:00+00:00,-47.029419
2012-02-12 01:03:00+00:00,-51.857643
2012-02-12 01:04:00+00:00,-51.252121
2012-02-12 01:05:00+00:00,-50.966282
2012-02-12 01:06:00+00:00,-53.628319
2012-02-12 01:07:00+00:00,-54.885212
2012-02-12 01:08:00+00:00,-57.781181
2012-02-12 01:09:00+00:00,-58.85577
2012-02-12 01:10:00+00:00,-68.204964
2012-02-12 01:11:00+00:00,-75.017723
2012-02-12 01:12:00+00:00,-82.850975
2012-02-12 01:13:00+00:00,-80.205193
2012-02-12 01:14:00+00:00,-79.106041
2012-02-12 01:15:00+00:00,-83.755379
2012-02-12 01:16:00+00:00,-76.701744
2012-02-12 01:17:00+00:00,-79.630928
2012-02-12 01:18:00+00:00,-81.529793
2012-02-12 01:19:00+00:00,-84.001106
2012-02-12 01:20:00+00:00,-89.047363
2012-02-12 01:21:00+00:00,-87.572083
2012-02-12 01:22:00+00:00,-81.783852
2012-02-12 01:23:00+00:00,-80.682838
2012-02-12 01:24:00+00:00,-78.761856
2012-02-12 01:25:00+00:00,-80.273949
2012-02-12 01:26:00+00:00,-86.631889
2012-02-12 01:27:00+00:00,-82.081848
2012-02-12 01:28:00+00:00,-80.599144
2012-02-12 01:29:00+00:00,-102.264481
2012-02-12 01:30:00+00:00,-91.845055
2012-02-12 01:31:00+00:00,-93.785156
2012-02-12 01:32:00+00:00,-119.323273
2012-02-12 01:33:00+00:00,-163.420044
2012-02-12 01:34:00+00:00,-155.790436
2012-02-12 01:35:00+00:00,-179.27298
2012-02-12 01:36:00+00:00,-182.723297
2012-02-12 01:37:00+00:00,-159.219162
2012-02-12 01:38:00+00:00,-164.397461
2012-02-12 01:39:00+00:00,-169.176788
2012-02-12 01:40:00+00:00,-193.850281
2012-02-12 01:41:00+00:00,-178.442947
2012-02-12 01:42:00+00:00,-143.062408
2012-02-12 01:43:00+00:00,-145.021362
2012-02-12 01:44:00+00:00,-144.783081
2012-02-12 01:45:00+00:00,-139.134735
2012-02-12 01:46:00+00:00,-132.424637
2012-02-12 01:47:00+00:00,-133.768173
2012-02-12 01:48:00+00:00,-153.164078
2012-02-12 01:49:00+00:00,-147.366272
2012-02-12 01:50:00+00:00,-164.646637
2012-02-12 01:51:00+00:00,-155.630661
2012-02-12 01:52:00+00:00,-179.192139
2012-02-12 01:53:00+00:00,-181.642334
2012-02-12 01:54:00+00:00,-172.960999
2012-02-12 01:55:00+00:00,-159.18985
2012-02-12 01:56:00+00:00,-161.51358
2012-02-12 01:57:00+00:00,-154.409439
2012-02-12 01:58:00+00:00,-134.673157
2012-02-12 01:59:00+00:00,-134.868164
2012-02-12 02:00:00+00:00,-139.473343
2012-02-12 02:01:00+00:00,-135.591339
2012-02-12 02:02:00+00:00,-133.994141
2012-02-12 02:03:00+00:00,-140.478683
2012-02-12 02:04:00+00:00,-130.711945
2012-02-12 02:05:00+00:00,-128.679901
2012-02-12 02:06:00+00:00,-126.22538
2012-02-12 02:07:00+00:00,-126.946953
2012-02-12 02:08:00+00:00,-127.411324
2012-02-12 02:09:00+00:00,-122.291962
2012-02-12 02:10:00+00:00,-116.172089
2012-02-12 02:11:00+00:00,-110.653938
2012-02-12 02:12:00+00:00,-104.712288
2012-02-12 02:13:00+00:00,-98.817589
2012-02-12 02:14:00+00:00,-111.176514
2012-02-12 02:15:00+00:00,-125.430237
2012-02-12 02:16:00+00:00,-127.579147
2012-02-12 02:17:00+00:00,-149.351578
2012-02-12 02:18:00+00:00,-159.694534
2012-02-12 02:19:00+00:00,-173.739975
2012-02-12 02:20:00+00:00,-183.918381
2012-02-12 02:21:00+00:00,-172.904663
2012-02-12 02:22:00+00:00,-172.71814
2012-02-12 02:23:00+00:00,-174.776947
2012-02-12 02:24:00+00:00,-180.624786
2012-02-12 02:25:00+00:00,-201.079193
2012-02-12 02:26:00+00:00,-188.721008
2012-02-12 02:27:00+00:00,-206.617752
2012-02-12 02:28:00+00:00,-202.076828
2012-02-12 02:29:00+00:00,-194.597397
2012-02-12 02:30:00+00:00,-205.372238
2012-02-12 02:31:00+00:00,-211.309265
2012-02-12 02:32:00+00:00,-190.259644
2012-02-12 02:33:00+00:00,-203.152756
2012-02-12 02:34:00+00:00,-212.089432
2012-02-12 02:35:00+00:00,-202.924805
2012-02-12 02:36:00+00:00,-201.692322
2012-02-12 02:37:00+00:00,-234.129883
2012-02-12 02:38:00+00:00,-210.8936
2012-02-12 02:39:00+00:00,-220.539703
2012-02-12 02:40:00+00:00,-226.209564
2012-02-12 02:41:00+00:00,-252.542236
2012-02-12 02:42:00+00:00,-215.568481
2012-02-12 02:43:00+00:00,-205.635208
2012-02-12 02:44:00+00:00,-163.531708
2012-02-12 02:45:00+00:00,-139.96225
2012-02-12 02:46:00+00:00,-173.350204
2012-02-12 02:47:00+00:00,-171.884842
2012-02-19 00:00:00+00:00,-577.310425
2012-02-19 00:01:00+00:00,-558.30249
2012-02-19 00:02:00+00:00,-547.115967
2012-02-19 00:03:00+00:00,-542.118042
2012-02-19 00:04:00+00:00,-528.965454
2012-02-19 00:05:00+00:00,-518.927551
2012-02-19 00:06:00+00:00,-516.462097
2012-02-19 00:07:00+00:00,-502.301636
2012-02-19 00:08:00+00:00,-467.47995
2012-02-19 00:09:00+00:00,-469.846527
2012-02-19 00:10:00+00:00,-450.459442
2012-02-19 00:11:00+00:00,-457.728027
2012-02-19 00:12:00+00:00,-453.768158
2012-02-19 00:13:00+00:00,-462.452515
2012-02-19 00:14:00+00:00,-433.754333
2012-02-19 00:15:00+00:00,-433.999084
2012-02-19 00:16:00+00:00,-431.068054
2012-02-19 00:17:00+00:00,-441.213715
2012-02-19 00:18:00+00:00,-454.714294
2012-02-19 00:19:00+00:00,-472.906372
2012-02-19 00:20:00+00:00,-490.043152
2012-02-19 00:21:00+00:00,-460.90448
2012-02-19 00:22:00+00:00,-464.529694
2012-02-19 00:23:00+00:00,-461.279755
2012-02-19 00:24:00+00:00,-464.762299
2012-02-19 00:25:00+00:00,-463.688904
2012-02-19 00:26:00+00:00,-467.736511
2012-02-19 00:27:00+00:00,-444.355988
2012-02-19 00:28:00+00:00,-408.675293
2012-02-19 00:29:00+00:00,-383.604614
2012-02-19 00:30:00+00:00,-390.970795
2012-02-19 00:31:00+00:00,-430.025787
2012-02-19 00:32:00+00:00,-396.239655
2012-02-19 00:33:00+00:00,-413.629883
2012-02-19 00:34:00+00:00,-411.215607
2012-02-19 00:35:00+00:00,-406.139069
2012-02-19 00:36:00+00:00,-399.446228
2012-02-19 00:37:00+00:00,-387.300354
2012-02-19 00:38:00+00:00,-394.452728
2012-02-19 00:39:00+00:00,-409.850525
2012-02-19 00:40:00+00:00,-399.293701
2012-02-19 00:41:00+00:00,-391.672516
2012-02-19 00:42:00+00:00,-433.744873
2012-02-19 00:43:00+00:00,-478.821899
2012-02-19 00:44:00+00:00,-467.895172
2012-02-19 00:45:00+00:00,-439.9711
2012-02-19 00:46:00+00:00,-418.044098
2012-02-19 00:47:00+00:00,-401.123077
2012-02-19 00:48:00+00:00,-350.200928
2012-02-19 00:49:00+00:00,-297.49295
2012-02-19 00:50:00+00:00,-281.919952
2012-02-19 00:51:00+00:00,-280.56723
2012-02-19 00:52:00+00:00,-274.35733
2012-02-19 00:53:00+00:00,-268.186127
2012-02-19 00:54:00+00:00,-273.882843
2012-02-19 00:55:00+00:00,-290.200867
2012-02-19 00:56:00+00:00,-309.767456
2012-02-19 00:57:00+00:00,-317.356964
2012-02-19 00:58:00+00:00,-311.961945
2012-02-19 00:59:00+00:00,-312.198853
2012-02-19 01:00:00+00:00,-313.506378
2012-02-19 01:01:00+00:00,-318.133301
2012-02-19 01:02:00+00:00,-300.817108
2012-02-19 01:03:00+00:00,-297.40799
2012-02-19 01:04:00+00:00,-296.515686
2012-02-19 01:05:00+00:00,-295.924713
2012-02-19 01:06:00+00:00,-296.264374
2012-02-19 01:07:00+00:00,-291.40863
2012-02-19 01:08:00+00:00,-288.581207
2012-02-19 01:09:00+00:00,-288.235291
2012-02-19 01:10:00+00:00,-284.697205
2012-02-19 01:11:00+00:00,-276.219208
2012-02-19 01:12:00+00:00,-285.40155
2012-02-19 01:13:00+00:00,-288.503601
2012-02-19 01:14:00+00:00,-257.60788
2012-02-19 01:15:00+00:00,-258.113159
2012-02-19 01:16:00+00:00,-260.744751
2012-02-19 01:17:00+00:00,-262.898041
2012-02-19 01:18:00+00:00,-264.223633
2012-02-19 01:19:00+00:00,-266.350891
2012-02-19 01:20:00+00:00,-275.713654
2012-02-19 01:21:00+00:00,-283.027222
2012-02-19 01:22:00+00:00,-297.199066
2012-02-19 01:23:00+00:00,-300.14801
2012-02-19 01:24:00+00:00,-307.666046
2012-02-19 01:25:00+00:00,-377.75589
2012-02-19 01:26:00+00:00,-396.845856
2012-02-19 01:27:00+00:00,-354.938324
2012-02-19 01:28:00+00:00,-308.136871
2012-02-19 01:29:00+00:00,-310.540588
2012-02-19 01:30:00+00:00,-308.138489
2012-02-19 01:31:00+00:00,-295.281586
2012-02-19 01:32:00+00:00,-294.011078
2012-02-19 01:33:00+00:00,-316.966705
2012-02-19 01:34:00+00:00,-309.219208
2012-02-19 01:35:00+00:00,-297.408722
2012-02-19 01:36:00+00:00,-305.640808
2012-02-19 01:37:00+00:00,-339.763885
2012-02-19 01:38:00+00:00,-348.905304
2012-02-19 01:39:00+00:00,-350.874634
2012-02-19 01:40:00+00:00,-363.482452
2012-02-19 01:41:00+00:00,-392.985626
2012-02-19 01:42:00+00:00,-399.296631
2012-02-19 01:43:00+00:00,-353.292877
2012-02-19 01:44:00+00:00,-339.721466
2012-02-19 01:45:00+00:00,-340.141083
2012-02-19 01:46:00+00:00,-330.999023
2012-02-19 01:47:00+00:00,-321.624329
2012-02-19 01:48:00+00:00,-304.442627
2012-02-19 01:49:00+00:00,-308.86615
2012-02-19 01:50:00+00:00,-310.324158
2012-02-19 01:51:00+00:00,-268.718872
2012-02-19 01:52:00+00:00,-292.561096
2012-02-19 01:53:00+00:00,-353.50531
2012-02-19 01:54:00+00:00,-399.036255
2012-02-19 01:55:00+00:00,-432.476746
2012-02-19 01:56:00+00:00,-416.04184
2012-02-19 01:57:00+00:00,-376.319
2012-02-19 01:58:00+00:00,-352.699371
2012-02-19 01:59:00+00:00,-371.117462
2012-02-19 02:00:00+00:00,-379.395172
2012-02-19 02:01:00+00:00,-382.697723
2012-02-19 02:02:00+00:00,-386.700195
2012-02-19 02:03:00+00:00,-375.332153
2012-02-19 02:04:00+00:00,-366.051605
2012-02-19 02:05:00+00:00,-353.428711
2012-02-19 02:06:00+00:00,-344.627625
2012-02-19 02:07:00+00:00,-341.396179
2012-02-19 02:08:00+00:00,-346.841644
2012-02-19 02:09:00+00:00,-338.202393
2012-02-19 02:10:00+00:00,-325.36554
2012-02-19 02:11:00+00:00,-325.228119
2012-02-19 02:12:00+00:00,-339.450195
2012-02-19 02:13:00+00:00,-340.729187
2012-02-19 02:14:00+00:00,-351.854889
2012-02-19 02:15:00+00:00,-367.73941
2012-02-19 02:16:00+00:00,-385.723328
2012-02-19 02:17:00+00:00,-388.611511
2012-02-19 02:18:00+00:00,-377.384125
2012-02-19 02:19:00+00:00,-377.59082
2012-02-19 02:20:00+00:00,-377.334747
2012-02-19 02:21:00+00:00,-378.421021
2012-02-19 02:22:00+00:00,-374.913055
2012-02-19 02:23:00+00:00,-381.168213
2012-02-19 02:24:00+00:00,-412.295319
2012-02-19 02:25:00+00:00,-410.334229
2012-02-19 02:26:00+00:00,-398.363007
2012-02-19 02:27:00+00:00,-377.442932
2012-02-19 02:28:00+00:00,-362.746979
2012-02-19 02:29:00+00:00,-378.932617
2012-02-19 02:30:00+00:00,-388.059906
2012-02-19 02:31:00+00:00,-386.611176
2012-02-19 02:32:00+00:00,-390.387634
2012-02-19 02:33:00+00:00,-386.656799
2012-02-19 02:34:00+00:00,-384.662689
2012-02-19 02:35:00+00:00,-400.213959
2012-02-19 02:36:00+00:00,-410.259766
2012-02-19 02:37:00+00:00,-427.52182
2012-02-19 02:38:00+00:00,-437.756165
2012-02-19 02:39:00+00:00,-468.053772
2012-02-19 02:40:00+00:00,-465.903625
2012-02-19 02:41:00+00:00,-448.465485
2012-02-19 02:42:00+00:00,-457.766296
2012-02-19 02:43:00+00:00,-448.828369
2012-02-19 02:44:00+00:00,-487.76416
2012-02-19 02:45:00+00:00,-485.555481
2012-02-19 02:46:00+00:00,-428.315277
2012-02-19 02:47:00+00:00,-441.355713
2012-02-26 00:00:00+00:00,-89.81781
2012-02-26 00:01:00+00:00,-83.524628
2012-02-26 00:02:00+00:00,-80.377991
2012-02-26 00:03:00+00:00,-81.163506
2012-02-26 00:04:00+00:00,-92.647232
2012-02-26 00:05:00+00:00,-98.972153
2012-02-26 00:06:00+00:00,-104.26181
2012-02-26 00:07:00+00:00,-107.513634
2012-02-26 00:08:00+00:00,-111.766235
2012-02-26 00:09:00+00:00,-116.026779
2012-02-26 00:10:00+00:00,-117.84758
2012-02-26 00:11:00+00:00,-110.990982
2012-02-26 00:12:00+00:00,-100.640182
2012-02-26 00:13:00+00:00,-91.974518
2012-02-26 00:14:00+00:00,-78.75592
2012-02-26 00:15:00+00:00,-81.634483
2012-02-26 00:16:00+00:00,-84.302773
2012-02-26 00:17:00+00:00,-96.695084
2012-02-26 00:18:00+00:00,-99.382668
2012-02-26 00:19:00+00:00,-97.38237
2012-02-26 00:20:00+00:00,-98.243202
2012-02-26 00:21:00+00:00,-97.314735
2012-02-26 00:22:00+00:00,-126.133888
2012-02-26 00:23:00+00:00,-142.260056
2012-02-26 00:24:00+00:00,-244.980316
2012-02-26 00:25:00+00:00,-363.219055
2012-02-26 00:26:00+00:00,-366.832947
2012-02-26 00:27:00+00:00,-271.774323
2012-02-26 00:28:00+00:00,-203.064316
2012-02-26 00:29:00+00:00,-236.828278
2012-02-26 00:30:00+00:00,-263.322693
2012-02-26 00:31:00+00:00,-225.792053
2012-02-26 00:32:00+00:00,-205.970367
2012-02-26 00:33:00+00:00,-221.064056
2012-02-26 00:34:00+00:00,-222.747528
2012-02-26 00:35:00+00:00,-215.834656
2012-02-26 00:36:00+00:00,-216.962723
2012-02-26 00:37:00+00:00,-252.420181
2012-02-26 00:38:00+00:00,-257.636566
2012-02-26 00:39:00+00:00,-201.615219
2012-02-26 00:40:00+00:00,-183.10054
2012-02-26 00:41:00+00:00,-160.482773
2012-02-26 00:42:00+00:00,-146.976334
2012-02-26 00:43:00+00:00,-138.775665
2012-02-26 00:44:00+00:00,-127.148239
2012-02-26 00:45:00+00:00,-126.792
2012-02-26 00:46:00+00:00,-129.044266
2012-02-26 00:47:00+00:00,-131.640808
2012-02-26 00:48:00+00:00,-131.027771
2012-02-26 00:49:00+00:00,-129.587067
2012-02-26 00:50:00+00:00,-131.580261
2012-02-26 00:51:00+00:00,-138.879486
2012-02-26 00:52:00+00:00,-142.990479
2012-02-26 00:53:00+00:00,-150.09491
2012-02-26 00:54:00+00:00,-157.72879
2012-02-26 00:55:00+00:00,-158.312088
2012-02-26 00:56:00+00:00,-158.404785
2012-02-26 00:57:00+00:00,-156.411591
2012-02-26 00:58:00+00:00,-161.665527
2012-02-26 00:59:00+00:00,-167.762207
2012-02-26 01:00:00+00:00,-159.872543
2012-02-26 01:01:00+00:00,-147.289703
2012-02-26 01:02:00+00:00,-142.423355
2012-02-26 01:03:00+00:00,-134.730789
2012-02-26 01:04:00+00:00,-179.44841
2012-02-26 01:05:00+00:00,-139.551147
2012-02-26 01:06:00+00:00,-128.828705
2012-02-26 01:07:00+00:00,-124.237427
2012-02-26 01:08:00+00:00,-159.14122
2012-02-26 01:09:00+00:00,-189.49353
2012-02-26 01:10:00+00:00,-164.346741
2012-02-26 01:11:00+00:00,-151.131653
2012-02-26 01:12:00+00:00,-139.613052
2012-02-26 01:13:00+00:00,-119.819908
2012-02-26 01:14:00+00:00,-100.209541
2012-02-26 01:15:00+00:00,-92.651726
2012-02-26 01:16:00+00:00,-96.216469
2012-02-26 01:17:00+00:00,-103.701553
2012-02-26 01:18:00+00:00,-128.326401
2012-02-26 01:19:00+00:00,-145.296951
2012-02-26 01:20:00+00:00,-155.273392
2012-02-26 01:21:00+00:00,-152.706635
2012-02-26 01:22:00+00:00,-114.283958
2012-02-26 01:23:00+00:00,-81.52021
2012-02-26 01:24:00+00:00,-81.375641
2012-02-26 01:25:00+00:00,-89.185814
2012-02-26 01:26:00+00:00,-99.88533
2012-02-26 01:27:00+00:00,-112.349274
2012-02-26 01:28:00+00:00,-135.353333
2012-02-26 01:29:00+00:00,-128.014053
2012-02-26 01:30:00+00:00,-113.744514
2012-02-26 01:31:00+00:00,-118.189247
2012-02-26 01:32:00+00:00,-99.544945
2012-02-26 01:33:00+00:00,-115.680405
2012-02-26 01:34:00+00:00,-105.977409
2012-02-26 01:35:00+00:00,-77.979584
2012-02-26 01:36:00+00:00,-91.735779
2012-02-26 01:37:00+00:00,-89.955872
2012-02-26 01:38:00+00:00,-95.249245
2012-02-26 01:39:00+00:00,-82.140259
2012-02-26 01:40:00+00:00,-89.027267
2012-02-26 01:41:00+00:00,-97.541199
2012-02-26 01:42:00+00:00,-101.800819
2012-02-26 01:43:00+00:00,-116.518105
2012-02-26 01:44:00+00:00,-132.242188
2012-02-26 01:45:00+00:00,-136.150909
2012-02-26 01:46:00+00:00,-143.571136
2012-02-26 01:47:00+00:00,-137.583633
2012-02-26 01:48:00+00:00,-134.624207
2012-02-26 01:49:00+00:00,-125.894226
2012-02-26 01:50:00+00:00,-115.561157
2012-02-26 01:51:00+00:00,-107.348091
2012-02-26 01:52:00+00:00,-94.022125
2012-02-26 01:53:00+00:00,-82.160835
2012-02-26 01:54:00+00:00,-84.375076
2012-02-26 01:55:00+00:00,-78.697487
2012-02-26 01:56:00+00:00,-69.254776
2012-02-26 01:57:00+00:00,-61.700027
2012-02-26 01:58:00+00:00,-60.022892
2012-02-26 01:59:00+00:00,-56.080357
2012-02-26 02:00:00+00:00,-59.395256
2012-02-26 02:01:00+00:00,-63.851158
2012-02-26 02:02:00+00:00,-64.994514
2012-02-26 02:03:00+00:00,-67.59642
2012-02-26 02:04:00+00:00,-74.536156
2012-02-26 02:05:00+00:00,-72.803558
2012-02-26 02:06:00+00:00,-72.262268
2012-02-26 02:07:00+00:00,-67.651161
2012-02-26 02:08:00+00:00,-74.530434
2012-02-26 02:09:00+00:00,-96.060318
2012-02-26 02:10:00+00:00,-108.405128
2012-02-26 02:11:00+00:00,-102.943771
2012-02-26 02:12:00+00:00,-105.619705
2012-02-26 02:13:00+00:00,-103.772385
2012-02-26 02:14:00+00:00,-98.391327
2012-02-26 02:15:00+00:00,-96.741486
2012-02-26 02:16:00+00:00,-88.821556
2012-02-26 02:17:00+00:00,-80.362305
2012-02-26 02:18:00+00:00,-79.423798
2012-02-26 02:19:00+00:00,-77.036018
2012-02-26 02:20:00+00:00,-65.616417
2012-02-26 02:21:00+00:00,-61.369957
2012-02-26 02:22:00+00:00,-61.366058
2012-02-26 02:23:00+00:00,-62.431061
2012-02-26 02:24:00+00:00,-62.252239
2012-02-26 02:25:00+00:00,-62.270248
2012-02-26 02:26:00+00:00,-62.21104
2012-02-26 02:27:00+00:00,-60.604286
2012-02-26 02:28:00+00:00,-59.881855
2012-02-26 02:29:00+00:00,-63.658749
2012-02-26 02:30:00+00:00,-68.531868
2012-02-26 02:31:00+00:00,-68.132896
2012-02-26 02:32:00+00:00,-67.741425
2012-02-26 02:33:00+00:00,-66.481232
2012-02-26 02:34:00+00:00,-65.524414
2012-02-26 02:35:00+00:00,-62.957642
2012-02-26 02:36:00+00:00,-62.441284
2012-02-26 02:37:00+00:00,-61.917492
2012-02-26 02:38:00+00:00,-58.70874
2012-02-26 02:39:00+00:00,-56.215183
2012-02-26 02:40:00+00:00,-53.109882
2012-02-26 02:41:00+00:00,-53.815254
2012-02-26 02:42:00+00:00,-58.710041
2012-02-26 02:43:00+00:00,-53.889587
2012-02-26 02:44:00+00:00,-55.962154
2012-02-26 02:45:00+00:00,-65.751541
2012-02-26 02:46:00+00:00,-70.236824
2012-02-26 02:47:00+00:00,-62.305313
2012-03-04 00:00:00+00:00,-161.66745
2012-03-04 00:01:00+00:00,-150.691254
2012-03-04 00:02:00+00:00,-144.710144
2012-03-04 00:03:00+00:00,-139.900391
2012-03-04 00:04:00+00:00,-139.289459
2012-03-04 00:05:00+00:00,-146.118408
2012-03-04 00:06:00+00:00,-152.478027
2012-03-04 00:07:00+00:00,-243.585617
2012-03-04 00:08:00+00:00,-256.801544
2012-03-04 00:09:00+00:00,-260.629852
2012-03-04 00:10:00+00:00,-203.763168
2012-03-04 00:11:00+00:00,-193.219147
2012-03-04 00:12:00+00:00,-186.259506
2012-03-04 00:13:00+00:00,-181.301239
2012-03-04 00:14:00+00:00,-184.340836
2012-03-04 00:15:00+00:00,-189.704071
2012-03-04 00:16:00+00:00,-193.59024
2012-03-04 00:17:00+00:00,-190.379837
2012-03-04 00:18:00+00:00,-183.423599
2012-03-04 00:19:00+00:00,-177.766861
2012-03-04 00:20:00+00:00,-176.669678
2012-03-04 00:21:00+00:00,-183.927185
2012-03-04 00:22:00+00:00,-212.039597
2012-03-04 00:23:00+00:00,-240.767761
2012-03-04 00:24:00+00:00,-260.9104
2012-03-04 00:25:00+00:00,-383.131226
2012-03-04 00:26:00+00:00,-388.92038
2012-03-04 00:27:00+00:00,-401.55542
2012-03-04 00:28:00+00:00,-355.116302
2012-03-04 00:29:00+00:00,-280.562225
2012-03-04 00:30:00+00:00,-278.393158
2012-03-04 00:31:00+00:00,-296.46698
2012-03-04 00:32:00+00:00,-270.70697
2012-03-04 00:33:00+00:00,-298.324158
2012-03-04 00:34:00+00:00,-294.08905
2012-03-04 00:35:00+00:00,-243.839706
2012-03-04 00:36:00+00:00,-233.040924
2012-03-04 00:37:00+00:00,-231.937012
2012-03-04 00:38:00+00:00,-198.118744
2012-03-04 00:39:00+00:00,-186.255692
2012-03-04 00:40:00+00:00,-172.456818
2012-03-04 00:41:00+00:00,-160.626801
2012-03-04 00:42:00+00:00,-148.682251
2012-03-04 00:43:00+00:00,-129.737625
2012-03-04 00:44:00+00:00,-133.394073
2012-03-04 00:45:00+00:00,-137.173645
2012-03-04 00:46:00+00:00,-156.719696
2012-03-04 00:47:00+00:00,-161.39209
2012-03-04 00:48:00+00:00,-162.33139
2012-03-04 00:49:00+00:00,-178.353073
2012-03-04 00:50:00+00:00,-181.813721
2012-03-04 00:51:00+00:00,-203.206238
2012-03-04 00:52:00+00:00,-207.077362
2012-03-04 00:53:00+00:00,-199.910889
2012-03-04 00:54:00+00:00,-186.429123
2012-03-04 00:55:00+00:00,-188.818985
2012-03-04 00:56:00+00:00,-206.220566
2012-03-04 00:57:00+00:00,-186.48053
2012-03-04 00:58:00+00:00,-184.145386
2012-03-04 00:59:00+00:00,-185.189758
2012-03-04 01:00:00+00:00,-201.505722
2012-03-04 01:01:00+00:00,-213.527054
2012-03-04 01:02:00+00:00,-238.547089
2012-03-04 01:03:00+00:00,-258.559692
2012-03-04 01:04:00+00:00,-247.567123
2012-03-04 01:05:00+00:00,-235.580841
2012-03-04 01:06:00+00:00,-223.598206
2012-03-04 01:07:00+00:00,-221.614105
2012-03-04 01:08:00+00:00,-221.379745
2012-03-04 01:09:00+00:00,-235.189896
2012-03-04 01:10:00+00:00,-249.178299
2012-03-04 01:11:00+00:00,-242.883286
2012-03-04 01:12:00+00:00,-241.891693
2012-03-04 01:13:00+00:00,-217.275131
2012-03-04 01:14:00+00:00,-186.809814
2012-03-04 01:15:00+00:00,-192.880875
2012-03-04 01:16:00+00:00,-202.07309
2012-03-04 01:17:00+00:00,-218.824387
2012-03-04 01:18:00+00:00,-217.630585
2012-03-04 01:19:00+00:00,-205.557648
2012-03-04 01:20:00+00:00,-207.033813
2012-03-04 01:21:00+00:00,-212.023743
2012-03-04 01:22:00+00:00,-205.154739
2012-03-04 01:23:00+00:00,-202.768539
2012-03-04 01:24:00+00:00,-192.467377
2012-03-04 01:25:00+00:00,-187.095718
2012-03-04 01:26:00+00:00,-175.024567
2012-03-04 01:27:00+00:00,-171.0392
2012-03-04 01:28:00+00:00,-177.055649
2012-03-04 01:29:00+00:00,-184.075882
2012-03-04 01:30:00+00:00,-182.093414
2012-03-04 01:31:00+00:00,-176.116074
2012-03-04 01:32:00+00:00,-172.989685
2012-03-04 01:33:00+00:00,-161.475098
2012-03-04 01:34:00+00:00,-165.542099
2012-03-04 01:35:00+00:00,-164.851562
2012-03-04 01:36:00+00:00,-171.411102
2012-03-04 01:37:00+00:00,-170.411102
2012-03-04 01:38:00+00:00,-168.324249
2012-03-04 01:39:00+00:00,-169.560379
2012-03-04 01:40:00+00:00,-163.385529
2012-03-04 01:41:00+00:00,-162.707474
2012-03-04 01:42:00+00:00,-166.50177
2012-03-04 01:43:00+00:00,-178.288666
2012-03-04 01:44:00+00:00,-181.383713
2012-03-04 01:45:00+00:00,-185.709503
2012-03-04 01:46:00+00:00,-189.219208
2012-03-04 01:47:00+00:00,-192.744644
2012-03-04 01:48:00+00:00,-185.973312
2012-03-04 01:49:00+00:00,-188.962692
2012-03-04 01:50:00+00:00,-194.335754
2012-03-04 01:51:00+00:00,-191.731079
2012-03-04 01:52:00+00:00,-186.705963
2012-03-04 01:53:00+00:00,-190.030182
2012-03-04 01:54:00+00:00,-198.707275
2012-03-04 01:55:00+00:00,-197.298828
2012-03-04 01:56:00+00:00,-204.671829
2012-03-04 01:57:00+00:00,-209.087219
2012-03-04 01:58:00+00:00,-209.806366
2012-03-04 01:59:00+00:00,-197.562012
2012-03-04 02:00:00+00:00,-196.421478
2012-03-04 02:01:00+00:00,-187.151871
2012-03-04 02:02:00+00:00,-184.995224
2012-03-04 02:03:00+00:00,-186.31839
2012-03-04 02:04:00+00:00,-203.260956
2012-03-04 02:05:00+00:00,-217.867844
2012-03-04 02:06:00+00:00,-217.176147
2012-03-04 02:07:00+00:00,-212.559952
2012-03-04 02:08:00+00:00,-205.873657
2012-03-04 02:09:00+00:00,-196.834015
2012-03-04 02:10:00+00:00,-181.737717
2012-03-04 02:11:00+00:00,-192.29213
2012-03-04 02:12:00+00:00,-199.789642
2012-03-04 02:13:00+00:00,-199.230499
2012-03-04 02:14:00+00:00,-205.955963
2012-03-04 02:15:00+00:00,-200.448456
2012-03-04 02:16:00+00:00,-358.767426
2012-03-04 02:17:00+00:00,-513.03302
2012-03-04 02:18:00+00:00,-445.476349
2012-03-04 02:19:00+00:00,-557.606689
2012-03-04 02:20:00+00:00,-530.96936
2012-03-04 02:21:00+00:00,-488.123383
2012-03-04 02:22:00+00:00,-499.305511
2012-03-04 02:23:00+00:00,-510.426239
2012-03-04 02:24:00+00:00,-596.603455
2012-03-04 02:25:00+00:00,-548.272522
2012-03-04 02:26:00+00:00,-491.78714
2012-03-04 02:27:00+00:00,-456.907715
2012-03-04 02:28:00+00:00,-593.649841
2012-03-04 02:29:00+00:00,-574.663513
2012-03-04 02:30:00+00:00,-529.291748
2012-03-04 02:31:00+00:00,-443.018433
2012-03-04 02:32:00+00:00,-373.326477
2012-03-04 02:33:00+00:00,-368.417786
2012-03-04 02:34:00+00:00,-373.390778
2012-03-04 02:35:00+00:00,-427.624298
2012-03-04 02:36:00+00:00,-393.79126
2012-03-04 02:37:00+00:00,-388.890381
2012-03-04 02:38:00+00:00,-470.471527
2012-03-04 02:39:00+00:00,-590.508972
2012-03-04 02:40:00+00:00,-714.676575
2012-03-04 02:41:00+00:00,-657.033569
2012-03-04 02:42:00+00:00,-714.004517
2012-03-04 02:43:00+00:00,-581.880981
2012-03-04 02:44:00+00:00,-604.187195
2012-03-04 02:45:00+00:00,-613.375305
2012-03-04 02:46:00+00:00,-505.244293
2012-03-04 02:47:00+00:00,-438.901337
2012-03-11 00:00:00+00:00,-65.043259
2012-03-11 00:01:00+00:00,-61.277996
2012-03-11 00:02:00+00:00,-60.689079
2012-03-11 00:03:00+00:00,-68.298965
2012-03-11 00:04:00+00:00,-67.502289
2012-03-11 00:05:00+00:00,-58.434746
2012-03-11 00:06:00+00:00,-60.378716
2012-03-11 00:07:00+00:00,-71.478226
2012-03-11 00:08:00+00:00,-75.201462
2012-03-11 00:09:00+00:00,-78.760605
2012-03-11 00:10:00+00:00,-81.305809
2012-03-11 00:11:00+00:00,-85.752457
2012-03-11 00:12:00+00:00,-92.930328
2012-03-11 00:13:00+00:00,-87.923828
2012-03-11 00:14:00+00:00,-86.972809
2012-03-11 00:15:00+00:00,-80.427353
2012-03-11 00:16:00+00:00,-71.638611
2012-03-11 00:17:00+00:00,-77.957695
2012-03-11 00:18:00+00:00,-79.326492
2012-03-11 00:19:00+00:00,-80.344246
2012-03-11 00:20:00+00:00,-72.338509
2012-03-11 00:21:00+00:00,-66.462318
2012-03-11 00:22:00+00:00,-71.146545
2012-03-11 00:23:00+00:00,-75.989952
2012-03-11 00:24:00+00:00,-81.82148
2012-03-11 00:25:00+00:00,-81.526085
2012-03-11 00:26:00+00:00,-83.446472
2012-03-11 00:27:00+00:00,-96.291725
2012-03-11 00:28:00+00:00,-98.826515
2012-03-11 00:29:00+00:00,-97.375076
2012-03-11 00:30:00+00:00,-107.602547
2012-03-11 00:31:00+00:00,-105.98037
2012-03-11 00:32:00+00:00,-103.325935
2012-03-11 00:33:00+00:00,-106.858765
2012-03-11 00:34:00+00:00,-113.221672
2012-03-11 00:35:00+00:00,-107.362602
2012-03-11 00:36:00+00:00,-101.259415
2012-03-11 00:37:00+00:00,-93.980301
2012-03-11 00:38:00+00:00,-102.722305
2012-03-11 00:39:00+00:00,-120.800301
2012-03-11 00:40:00+00:00,-109.27533
2012-03-11 00:41:00+00:00,-101.447701
2012-03-11 00:42:00+00:00,-110.160606
2012-03-11 00:43:00+00:00,-107.722252
2012-03-11 00:44:00+00:00,-104.641754
2012-03-11 00:45:00+00:00,-86.625847
2012-03-11 00:46:00+00:00,-70.504555
2012-03-11 00:47:00+00:00,-59.708107
2012-03-11 00:48:00+00:00,-55.758614
2012-03-11 00:49:00+00:00,-60.627541
2012-03-11 00:50:00+00:00,-62.131508
2012-03-11 00:51:00+00:00,-63.936462
2012-03-11 00:52:00+00:00,-81.021439
2012-03-11 00:53:00+00:00,-97.127113
2012-03-11 00:54:00+00:00,-99.777954
2012-03-11 00:55:00+00:00,-87.975807
2012-03-11 00:56:00+00:00,-70.973732
2012-03-11 00:57:00+00:00,-67.939514
2012-03-11 00:58:00+00:00,-55.055977
2012-03-11 00:59:00+00:00,-52.590828
2012-03-11 01:00:00+00:00,-53.588707
2012-03-11 01:01:00+00:00,-53.593174
2012-03-11 01:02:00+00:00,-53.596954
2012-03-11 01:03:00+00:00,-54.605759
2012-03-11 01:04:00+00:00,-60.641281
2012-03-11 01:05:00+00:00,-67.238754
2012-03-11 01:06:00+00:00,-78.222145
2012-03-11 01:07:00+00:00,-86.821289
2012-03-11 01:08:00+00:00,-87.478027
2012-03-11 01:09:00+00:00,-81.253502
2012-03-11 01:10:00+00:00,-64.533195
2012-03-11 01:11:00+00:00,-59.385258
2012-03-11 01:12:00+00:00,-55.787678
2012-03-11 01:13:00+00:00,-60.787563
2012-03-11 01:14:00+00:00,-63.95219
2012-03-11 01:15:00+00:00,-68.182297
2012-03-11 01:16:00+00:00,-62.880993
2012-03-11 01:17:00+00:00,-56.970432
2012-03-11 01:18:00+00:00,-58.282227
2012-03-11 01:19:00+00:00,-58.577217
2012-03-11 01:20:00+00:00,-57.100471
2012-03-11 01:21:00+00:00,-57.1469
2012-03-11 01:22:00+00:00,-58.194603
2012-03-11 01:23:00+00:00,-58.241165
2012-03-11 01:24:00+00:00,-58.291119
2012-03-11 01:25:00+00:00,-58.341679
2012-03-11 01:26:00+00:00,-57.391541
2012-03-11 01:27:00+00:00,-58.443756
2012-03-11 01:28:00+00:00,-57.49704
2012-03-11 01:29:00+00:00,-57.550522
2012-03-11 01:30:00+00:00,-57.604897
2012-03-11 01:31:00+00:00,-57.660378
2012-03-11 01:32:00+00:00,-68.836311
2012-03-11 01:33:00+00:00,-74.69767
2012-03-11 01:34:00+00:00,-67.347588
2012-03-11 01:35:00+00:00,-94.387489
2012-03-11 01:36:00+00:00,-104.628181
2012-03-11 01:37:00+00:00,-113.459137
2012-03-11 01:38:00+00:00,-102.046509
2012-03-11 01:39:00+00:00,-157.347763
2012-03-11 01:40:00+00:00,-157.774078
2012-03-11 01:41:00+00:00,-142.147217
2012-03-11 01:42:00+00:00,-138.454803
2012-03-11 01:43:00+00:00,-129.921509
2012-03-11 01:44:00+00:00,-131.435623
2012-03-11 01:45:00+00:00,-142.006119
2012-03-11 01:46:00+00:00,-122.683243
2012-03-11 01:47:00+00:00,-98.030533
2012-03-11 01:48:00+00:00,-108.944778
2012-03-11 01:49:00+00:00,-117.589699
2012-03-11 01:50:00+00:00,-107.59137
2012-03-11 01:51:00+00:00,-105.258987
2012-03-11 01:52:00+00:00,-88.376503
2012-03-11 01:53:00+00:00,-73.866249
2012-03-11 01:54:00+00:00,-69.366295
2012-03-11 01:55:00+00:00,-69.446884
2012-03-11 01:56:00+00:00,-69.52755
2012-03-11 01:57:00+00:00,-69.606979
2012-03-11 01:58:00+00:00,-69.686218
2012-03-11 01:59:00+00:00,-69.763992
2012-03-11 02:00:00+00:00,-69.841316
2012-03-11 02:01:00+00:00,-69.917587
2012-03-11 02:02:00+00:00,-92.750145
2012-03-11 02:03:00+00:00,-94.013786
2012-03-11 02:04:00+00:00,-110.506882
2012-03-11 02:05:00+00:00,-102.0355
2012-03-11 02:06:00+00:00,-88.191208
2012-03-11 02:07:00+00:00,-75.023979
2012-03-11 02:08:00+00:00,-74.268829
2012-03-11 02:09:00+00:00,-83.2864
2012-03-11 02:10:00+00:00,-87.902832
2012-03-11 02:11:00+00:00,-85.162193
2012-03-11 02:12:00+00:00,-76.797195
2012-03-11 02:13:00+00:00,-72.847717
2012-03-11 02:14:00+00:00,-72.925446
2012-03-11 02:15:00+00:00,-73.003853
2012-03-11 02:16:00+00:00,-73.081795
2012-03-11 02:17:00+00:00,-73.160416
2012-03-11 02:18:00+00:00,-79.918663
2012-03-11 02:19:00+00:00,-78.647476
2012-03-11 02:20:00+00:00,-74.395721
2012-03-11 02:21:00+00:00,-73.474747
2012-03-11 02:22:00+00:00,-73.55191
2012-03-11 02:23:00+00:00,-76.211601
2012-03-11 02:24:00+00:00,-75.355911
2012-03-11 02:25:00+00:00,-73.56324
2012-03-11 02:26:00+00:00,-78.336555
2012-03-11 02:27:00+00:00,-79.96283
2012-03-11 02:28:00+00:00,-78.924042
2012-03-11 02:29:00+00:00,-80.486008
2012-03-11 02:30:00+00:00,-83.106384
2012-03-11 02:31:00+00:00,-81.286499
2012-03-11 02:32:00+00:00,-70.344017
2012-03-11 02:33:00+00:00,-69.424248
2012-03-11 02:34:00+00:00,-71.505379
2012-03-11 02:35:00+00:00,-71.586197
2012-03-11 02:36:00+00:00,-71.667854
2012-03-11 02:37:00+00:00,-72.74778
2012-03-11 02:38:00+00:00,-72.829254
2012-03-11 02:39:00+00:00,-72.911484
2012-03-11 02:40:00+00:00,-72.99324
2012-03-11 02:41:00+00:00,-74.075691
2012-03-11 02:42:00+00:00,-75.157616
2012-03-11 02:43:00+00:00,-75.240181
2012-03-11 02:44:00+00:00,-77.324112
2012-03-11 02:45:00+00:00,-76.404709
2012-03-11 02:46:00+00:00,-77.488564
2012-03-11 02:47:00+00:00,-77.570984
2012-03-18 00:00:00+00:00,-246.625443
2012-03-18 00:01:00+00:00,-223.100357
2012-03-18 00:02:00+00:00,-254.812576
2012-03-18 00:03:00+00:00,-236.791306
2012-03-18 00:04:00+00:00,-210.678665
2012-03-18 00:05:00+00:00,-219.644226
2012-03-18 00:06:00+00:00,-197.524231
2012-03-18 00:07:00+00:00,-204.521591
2012-03-18 00:08:00+00:00,-207.551788
2012-03-18 00:09:00+00:00,-187.466766
2012-03-18 00:10:00+00:00,-176.362671
2012-03-18 00:11:00+00:00,-153.299576
2012-03-18 00:12:00+00:00,-148.176849
2012-03-18 00:13:00+00:00,-152.341339
2012-03-18 00:14:00+00:00,-198.529572
2012-03-18 00:15:00+00:00,-191.275604
2012-03-18 00:16:00+00:00,-166.046555
2012-03-18 00:17:00+00:00,-138.88797
2012-03-18 00:18:00+00:00,-140.744232
2012-03-18 00:19:00+00:00,-124.261002
2012-03-18 00:20:00+00:00,-145.938324
2012-03-18 00:21:00+00:00,-139.408249
2012-03-18 00:22:00+00:00,-148.701935
2012-03-18 00:23:00+00:00,-138.866852
2012-03-18 00:24:00+00:00,-153.79715
2012-03-18 00:25:00+00:00,-175.696487
2012-03-18 00:26:00+00:00,-164.614914
2012-03-18 00:27:00+00:00,-169.781784
2012-03-18 00:28:00+00:00,-200.31633
2012-03-18 00:29:00+00:00,-203.376572
2012-03-18 00:30:00+00:00,-251.852371
2012-03-18 00:31:00+00:00,-237.184738
2012-03-18 00:32:00+00:00,-200.459167
2012-03-18 00:33:00+00:00,-232.41507
2012-03-18 00:34:00+00:00,-183.114655
2012-03-18 00:35:00+00:00,-188.639511
2012-03-18 00:36:00+00:00,-182.838669
2012-03-18 00:37:00+00:00,-209.132629
2012-03-18 00:38:00+00:00,-237.05809
2012-03-18 00:39:00+00:00,-257.113861
2012-03-18 00:40:00+00:00,-251.193497
2012-03-18 00:41:00+00:00,-253.383362
2012-03-18 00:42:00+00:00,-257.92334
2012-03-18 00:43:00+00:00,-261.740082
2012-03-18 00:44:00+00:00,-270.905548
2012-03-18 00:45:00+00:00,-267.519806
2012-03-18 00:46:00+00:00,-270.31955
2012-03-18 00:47:00+00:00,-276.673279
2012-03-18 00:48:00+00:00,-248.878372
2012-03-18 00:49:00+00:00,-257.612366
2012-03-18 00:50:00+00:00,-268.359314
2012-03-18 00:51:00+00:00,-259.683807
2012-03-18 00:52:00+00:00,-256.246399
2012-03-18 00:53:00+00:00,-281.011963
2012-03-18 00:54:00+00:00,-306.346252
2012-03-18 00:55:00+00:00,-319.838409
2012-03-18 00:56:00+00:00,-303.902924
2012-03-18 00:57:00+00:00,-288.298523
2012-03-18 00:58:00+00:00,-284.291046
2012-03-18 00:59:00+00:00,-282.595551
2012-03-18 01:00:00+00:00,-281.79303
2012-03-18 01:01:00+00:00,-298.84552
2012-03-18 01:02:00+00:00,-304.926086
2012-03-18 01:03:00+00:00,-298.978729
2012-03-18 01:04:00+00:00,-326.020874
2012-03-18 01:05:00+00:00,-278.056396
2012-03-18 01:06:00+00:00,-293.198547
2012-03-18 01:07:00+00:00,-325.700043
2012-03-18 01:08:00+00:00,-354.3255
2012-03-18 01:09:00+00:00,-374.304321
2012-03-18 01:10:00+00:00,-384.127747
2012-03-18 01:11:00+00:00,-397.534515
2012-03-18 01:12:00+00:00,-435.510742
2012-03-18 01:13:00+00:00,-446.530426
2012-03-18 01:14:00+00:00,-466.095032
2012-03-18 01:15:00+00:00,-484.263702
2012-03-18 01:16:00+00:00,-498.606415
2012-03-18 01:17:00+00:00,-505.582275
2012-03-18 01:18:00+00:00,-479.221436
2012-03-18 01:19:00+00:00,-450.626221
2012-03-18 01:20:00+00:00,-433.387909
2012-03-18 01:21:00+00:00,-421.763092
2012-03-18 01:22:00+00:00,-392.930817
2012-03-18 01:23:00+00:00,-384.893188
2012-03-18 01:24:00+00:00,-391.306854
2012-03-18 01:25:00+00:00,-403.163086
2012-03-18 01:26:00+00:00,-402.46933
2012-03-18 01:27:00+00:00,-388.084717
2012-03-18 01:28:00+00:00,-361.098419
2012-03-18 01:29:00+00:00,-324.329346
2012-03-18 01:30:00+00:00,-348.268311
2012-03-18 01:31:00+00:00,-321.38028
2012-03-18 01:32:00+00:00,-332.081696
2012-03-18 01:33:00+00:00,-326.5896
2012-03-18 01:34:00+00:00,-353.759247
2012-03-18 01:35:00+00:00,-343.43045
2012-03-18 01:36:00+00:00,-326.274872
2012-03-18 01:37:00+00:00,-323.372162
2012-03-18 01:38:00+00:00,-309.650818
2012-03-18 01:39:00+00:00,-317.313416
2012-03-18 01:40:00+00:00,-330.078278
2012-03-18 01:41:00+00:00,-345.692322
2012-03-18 01:42:00+00:00,-331.380768
2012-03-18 01:43:00+00:00,-299.073822
2012-03-18 01:44:00+00:00,-306.801056
2012-03-18 01:45:00+00:00,-289.597076
2012-03-18 01:46:00+00:00,-315.740875
2012-03-18 01:47:00+00:00,-335.177246
2012-03-18 01:48:00+00:00,-360.224304
2012-03-18 01:49:00+00:00,-410.267883
2012-03-18 01:50:00+00:00,-428.51178
2012-03-18 01:51:00+00:00,-493.669739
2012-03-18 01:52:00+00:00,-503.043365
2012-03-18 01:53:00+00:00,-530.081604
2012-03-18 01:54:00+00:00,-489.97168
2012-03-18 01:55:00+00:00,-482.322327
2012-03-18 01:56:00+00:00,-492.367126
2012-03-18 01:57:00+00:00,-445.203552
2012-03-18 01:58:00+00:00,-448.821564
2012-03-18 01:59:00+00:00,-457.303833
2012-03-18 02:00:00+00:00,-487.821594
2012-03-18 02:01:00+00:00,-505.578247
2012-03-18 02:02:00+00:00,-510.84964
2012-03-18 02:03:00+00:00,-472.689697
2012-03-18 02:04:00+00:00,-451.593781
2012-03-18 02:05:00+00:00,-474.671417
2012-03-18 02:06:00+00:00,-428.63739
2012-03-18 02:07:00+00:00,-392.52597
2012-03-18 02:08:00+00:00,-404.635132
2012-03-18 02:09:00+00:00,-385.508301
2012-03-18 02:10:00+00:00,-411.173737
2012-03-18 02:11:00+00:00,-423.802185
2012-03-18 02:12:00+00:00,-443.309204
2012-03-18 02:13:00+00:00,-433.057007
2012-03-18 02:14:00+00:00,-451.039093
2012-03-18 02:15:00+00:00,-447.855927
2012-03-18 02:16:00+00:00,-424.695496
2012-03-18 02:17:00+00:00,-424.597229
2012-03-18 02:18:00+00:00,-436.408936
2012-03-18 02:19:00+00:00,-423.339905
2012-03-18 02:20:00+00:00,-391.078796
2012-03-18 02:21:00+00:00,-376.721527
2012-03-18 02:22:00+00:00,-385.510101
2012-03-18 02:23:00+00:00,-412.658936
2012-03-18 02:24:00+00:00,-435.347595
2012-03-18 02:25:00+00:00,-457.938812
2012-03-18 02:26:00+00:00,-450.818756
2012-03-18 02:27:00+00:00,-456.176788
2012-03-18 02:28:00+00:00,-482.459961
2012-03-18 02:29:00+00:00,-526.059814
2012-03-18 02:30:00+00:00,-577.16571
2012-03-18 02:31:00+00:00,-575.355774
2012-03-18 02:32:00+00:00,-529.042969
2012-03-18 02:33:00+00:00,-470.412628
2012-03-18 02:34:00+00:00,-419.722321
2012-03-18 02:35:00+00:00,-388.610443
2012-03-18 02:36:00+00:00,-380.394836
2012-03-18 02:37:00+00:00,-368.470306
2012-03-18 02:38:00+00:00,-342.623322
2012-03-18 02:39:00+00:00,-337.889221
2012-03-18 02:40:00+00:00,-350.584595
2012-03-18 02:41:00+00:00,-350.059296
2012-03-18 02:42:00+00:00,-370.950928
2012-03-18 02:43:00+00:00,-391.862915
2012-03-18 02:44:00+00:00,-404.45871
2012-03-18 02:45:00+00:00,-412.566589
2012-03-18 02:46:00+00:00,-397.393951
2012-03-18 02:47:00+00:00,-405.202332
2012-03-25 00:00:00+00:00,-98.44873
2012-03-25 00:01:00+00:00,-133.091492
2012-03-25 00:02:00+00:00,-115.98584
2012-03-25 00:03:00+00:00,-111.171761
2012-03-25 00:04:00+00:00,-117.076828
2012-03-25 00:05:00+00:00,-114.986
2012-03-25 00:06:00+00:00,-105.886238
2012-03-25 00:07:00+00:00,-115.745483
2012-03-25 00:08:00+00:00,-108.816994
2012-03-25 00:09:00+00:00,-149.819489
2012-03-25 00:10:00+00:00,-216.498322
2012-03-25 00:11:00+00:00,-271.1138
2012-03-25 00:12:00+00:00,-275.407745
2012-03-25 00:13:00+00:00,-240.764694
2012-03-25 00:14:00+00:00,-228.44606
2012-03-25 00:15:00+00:00,-321.32074
2012-03-25 00:16:00+00:00,-337.541748
2012-03-25 00:17:00+00:00,-403.273132
2012-03-25 00:18:00+00:00,-473.882019
2012-03-25 00:19:00+00:00,-406.672943
2012-03-25 00:20:00+00:00,-275.402924
2012-03-25 00:21:00+00:00,-234.077988
2012-03-25 00:22:00+00:00,-265.336975
2012-03-25 00:23:00+00:00,-278.10498
2012-03-25 00:24:00+00:00,-380.406158
2012-03-25 00:25:00+00:00,-389.086578
2012-03-25 00:26:00+00:00,-310.154968
2012-03-25 00:27:00+00:00,-225.31665
2012-03-25 00:28:00+00:00,-190.669495
2012-03-25 00:29:00+00:00,-199.245605
2012-03-25 00:30:00+00:00,-220.109833
2012-03-25 00:31:00+00:00,-238.880264
2012-03-25 00:32:00+00:00,-268.400787
2012-03-25 00:33:00+00:00,-208.645462
2012-03-25 00:34:00+00:00,-192.471954
2012-03-25 00:35:00+00:00,-200.396255
2012-03-25 00:36:00+00:00,-198.437988
2012-03-25 00:37:00+00:00,-200.350479
2012-03-25 00:38:00+00:00,-208.179367
2012-03-25 00:39:00+00:00,-224.51059
2012-03-25 00:40:00+00:00,-240.485443
2012-03-25 00:41:00+00:00,-234.729935
2012-03-25 00:42:00+00:00,-209.007721
2012-03-25 00:43:00+00:00,-218.791595
2012-03-25 00:44:00+00:00,-232.251572
2012-03-25 00:45:00+00:00,-241.988052
2012-03-25 00:46:00+00:00,-254.942566
2012-03-25 00:47:00+00:00,-257.558228
2012-03-25 00:48:00+00:00,-263.000671
2012-03-25 00:49:00+00:00,-264.906433
2012-03-25 00:50:00+00:00,-264.750641
2012-03-25 00:51:00+00:00,-261.7323
2012-03-25 00:52:00+00:00,-262.696136
2012-03-25 00:53:00+00:00,-269.392029
2012-03-25 00:54:00+00:00,-274.074219
2012-03-25 00:55:00+00:00,-276.805084
2012-03-25 00:56:00+00:00,-277.955719
2012-03-25 00:57:00+00:00,-280.468506
2012-03-25 00:58:00+00:00,-274.603333
2012-03-25 00:59:00+00:00,-278.183441
2012-03-25 01:00:00+00:00,-274.31424
2012-03-25 01:01:00+00:00,-265.251862
2012-03-25 01:02:00+00:00,-253.628006
2012-03-25 01:03:00+00:00,-268.099915
2012-03-25 01:04:00+00:00,-248.235168
2012-03-25 01:05:00+00:00,-236.000122
2012-03-25 01:06:00+00:00,-222.932617
2012-03-25 01:07:00+00:00,-216.289032
2012-03-25 01:08:00+00:00,-210.072159
2012-03-25 01:09:00+00:00,-212.561234
2012-03-25 01:10:00+00:00,-210.374985
2012-03-25 01:11:00+00:00,-203.235291
2012-03-25 01:12:00+00:00,-200.041138
2012-03-25 01:13:00+00:00,-206.926895
2012-03-25 01:14:00+00:00,-210.139877
2012-03-25 01:15:00+00:00,-212.512955
2012-03-25 01:16:00+00:00,-213.562317
2012-03-25 01:17:00+00:00,-230.793869
2012-03-25 01:18:00+00:00,-236.631943
2012-03-25 01:19:00+00:00,-226.692337
2012-03-25 01:20:00+00:00,-215.997543
2012-03-25 01:21:00+00:00,-217.577393
2012-03-25 01:22:00+00:00,-207.65654
2012-03-25 01:23:00+00:00,-209.918167
2012-03-25 01:24:00+00:00,-200.690399
2012-03-25 01:25:00+00:00,-192.464996
2012-03-25 01:26:00+00:00,-185.928543
2012-03-25 01:27:00+00:00,-188.033752
2012-03-25 01:28:00+00:00,-192.4505
2012-03-25 01:29:00+00:00,-185.553391
2012-03-25 01:30:00+00:00,-168.439163
2012-03-25 01:31:00+00:00,-145.821991
2012-03-25 01:32:00+00:00,-137.506134
2012-03-25 01:33:00+00:00,-144.86618
2012-03-25 01:34:00+00:00,-149.238693
2012-03-25 01:35:00+00:00,-146.590271
2012-03-25 01:36:00+00:00,-166.153946
2012-03-25 01:37:00+00:00,-176.822296
2012-03-25 01:38:00+00:00,-171.889847
2012-03-25 01:39:00+00:00,-171.370132
2012-03-25 01:40:00+00:00,-166.450241
2012-03-25 01:41:00+00:00,-161.131165
2012-03-25 01:42:00+00:00,-165.100037
2012-03-25 01:43:00+00:00,-163.372284
2012-03-25 01:44:00+00:00,-159.231705
2012-03-25 01:45:00+00:00,-145.493759
2012-03-25 01:46:00+00:00,-142.872925
2012-03-25 01:47:00+00:00,-142.743973
2012-03-25 01:48:00+00:00,-141.027451
2012-03-25 01:49:00+00:00,-138.013046
2012-03-25 01:50:00+00:00,-145.413391
2012-03-25 01:51:00+00:00,-143.984009
2012-03-25 01:52:00+00:00,-137.057922
2012-03-25 01:53:00+00:00,-130.438522
2012-03-25 01:54:00+00:00,-126.222183
2012-03-25 01:55:00+00:00,-129.401749
2012-03-25 01:56:00+00:00,-123.375671
2012-03-25 01:57:00+00:00,-124.760841
2012-03-25 01:58:00+00:00,-120.43679
2012-03-25 01:59:00+00:00,-120.022362
2012-03-25 02:00:00+00:00,-111.828117
2012-03-25 02:01:00+00:00,-107.010178
2012-03-25 02:02:00+00:00,-94.685417
2012-03-25 02:03:00+00:00,-91.373039
2012-03-25 02:04:00+00:00,-84.363785
2012-03-25 02:05:00+00:00,-78.736229
2012-03-25 02:06:00+00:00,-68.034027
2012-03-25 02:07:00+00:00,-65.923157
2012-03-25 02:08:00+00:00,-57.528362
2012-03-25 02:09:00+00:00,-66.836632
2012-03-25 02:10:00+00:00,-83.334
2012-03-25 02:11:00+00:00,-56.964649
2012-03-25 02:12:00+00:00,-54.058247
2012-03-25 02:13:00+00:00,-58.257217
2012-03-25 02:14:00+00:00,-58.640015
2012-03-25 02:15:00+00:00,-57.0103
2012-03-25 02:16:00+00:00,-51.30341
2012-03-25 02:17:00+00:00,-47.505016
2012-03-25 02:18:00+00:00,-42.693996
2012-03-25 02:19:00+00:00,-42.383804
2012-03-25 02:20:00+00:00,-40.273975
2012-03-25 02:21:00+00:00,-41.952183
2012-03-25 02:22:00+00:00,-38.035572
2012-03-25 02:23:00+00:00,-34.024899
2012-03-25 02:24:00+00:00,-32.109943
2012-03-25 02:25:00+00:00,-32.374283
2012-03-25 02:26:00+00:00,-34.606762
2012-03-25 02:27:00+00:00,-35.04744
2012-03-25 02:28:00+00:00,-34.334133
2012-03-25 02:29:00+00:00,-33.838585
2012-03-25 02:30:00+00:00,-33.897606
2012-03-25 02:31:00+00:00,-33.833145
2012-03-25 02:32:00+00:00,-32.325943
2012-03-25 02:33:00+00:00,-32.263248
2012-03-25 02:34:00+00:00,-31.773603
2012-03-25 02:35:00+00:00,-31.156403
2012-03-25 02:36:00+00:00,-30.952278
2012-03-25 02:37:00+00:00,-31.991245
2012-03-25 02:38:00+00:00,-32.08744
2012-03-25 02:39:00+00:00,-31.955189
2012-03-25 02:40:00+00:00,-32.199635
2012-03-25 02:41:00+00:00,-33.886143
2012-03-25 02:42:00+00:00,-35.598423
2012-03-25 02:43:00+00:00,-36.574154
2012-03-25 02:44:00+00:00,-36.802311
2012-03-25 02:45:00+00:00,-35.833611
2012-03-25 02:46:00+00:00,-35.916828
2012-03-25 02:47:00+00:00,-37.332558
2012-04-01 00:00:00+00:00,-39.063644
2012-04-01 00:01:00+00:00,-37.828613
2012-04-01 00:02:00+00:00,-36.526279
2012-04-01 00:03:00+00:00,-35.286449
2012-04-01 00:04:00+00:00,-34.872318
2012-04-01 00:05:00+00:00,-34.772717
2012-04-01 00:06:00+00:00,-34.357471
2012-04-01 00:07:00+00:00,-33.768097
2012-04-01 00:08:00+00:00,-33.334579
2012-04-01 00:09:00+00:00,-33.106564
2012-04-01 00:10:00+00:00,-32.326271
2012-04-01 00:11:00+00:00,-31.281708
2012-04-01 00:12:00+00:00,-30.950905
2012-04-01 00:13:00+00:00,-30.884338
2012-04-01 00:14:00+00:00,-30.509327
2012-04-01 00:15:00+00:00,-29.916073
2012-04-01 00:16:00+00:00,-29.159275
2012-04-01 00:17:00+00:00,-29.127995
2012-04-01 00:18:00+00:00,-28.95887
2012-04-01 00:19:00+00:00,-28.013573
2012-04-01 00:20:00+00:00,-26.642776
2012-04-01 00:21:00+00:00,-25.844849
2012-04-01 00:22:00+00:00,-25.938889
2012-04-01 00:23:00+00:00,-25.231113
2012-04-01 00:24:00+00:00,-25.149849
2012-04-01 00:25:00+00:00,-26.745937
2012-04-01 00:26:00+00:00,-31.920727
2012-04-01 00:27:00+00:00,-42.254326
2012-04-01 00:28:00+00:00,-49.720009
2012-04-01 00:29:00+00:00,-48.961117
2012-04-01 00:30:00+00:00,-38.400116
2012-04-01 00:31:00+00:00,-33.658184
2012-04-01 00:32:00+00:00,-29.360558
2012-04-01 00:33:00+00:00,-22.330101
2012-04-01 00:34:00+00:00,-20.249451
2012-04-01 00:35:00+00:00,-22.351028
2012-04-01 00:36:00+00:00,-24.484461
2012-04-01 00:37:00+00:00,-29.504257
2012-04-01 00:38:00+00:00,-32.288342
2012-04-01 00:39:00+00:00,-32.001793
2012-04-01 00:40:00+00:00,-32.328213
2012-04-01 00:41:00+00:00,-30.786865
2012-04-01 00:42:00+00:00,-36.867874
2012-04-01 00:43:00+00:00,-43.396873
2012-04-01 00:44:00+00:00,-47.34507
2012-04-01 00:45:00+00:00,-52.89756
2012-04-01 00:46:00+00:00,-54.41967
2012-04-01 00:47:00+00:00,-46.7127
2012-04-01 00:48:00+00:00,-42.886074
2012-04-01 00:49:00+00:00,-39.23135
2012-04-01 00:50:00+00:00,-35.256256
2012-04-01 00:51:00+00:00,-34.754822
2012-04-01 00:52:00+00:00,-34.371384
2012-04-01 00:53:00+00:00,-35.896908
2012-04-01 00:54:00+00:00,-34.952633
2012-04-01 00:55:00+00:00,-32.773857
2012-04-01 00:56:00+00:00,-30.488525
2012-04-01 00:57:00+00:00,-28.63661
2012-04-01 00:58:00+00:00,-26.917931
2012-04-01 00:59:00+00:00,-27.665281
2012-04-01 01:00:00+00:00,-28.490429
2012-04-01 01:01:00+00:00,-29.148796
2012-04-01 01:02:00+00:00,-28.441658
2012-04-01 01:03:00+00:00,-28.70195
2012-04-01 01:04:00+00:00,-27.143501
2012-04-01 01:05:00+00:00,-32.379456
2012-04-01 01:06:00+00:00,-32.881454
2012-04-01 01:07:00+00:00,-31.543947
2012-04-01 01:08:00+00:00,-32.020245
2012-04-01 01:09:00+00:00,-29.864853
2012-04-01 01:10:00+00:00,-31.892204
2012-04-01 01:11:00+00:00,-39.767265
2012-04-01 01:12:00+00:00,-40.488068
2012-04-01 01:13:00+00:00,-43.305405
2012-04-01 01:14:00+00:00,-42.181168
2012-04-01 01:15:00+00:00,-47.067486
2012-04-01 01:16:00+00:00,-65.727325
2012-04-01 01:17:00+00:00,-64.609573
2012-04-01 01:18:00+00:00,-52.436516
2012-04-01 01:19:00+00:00,-64.936272
2012-04-01 01:20:00+00:00,-106.014267
2012-04-01 01:21:00+00:00,-117.862114
2012-04-01 01:22:00+00:00,-110.394211
2012-04-01 01:23:00+00:00,-108.308731
2012-04-01 01:24:00+00:00,-158.333328
2012-04-01 01:25:00+00:00,-165.132965
2012-04-01 01:26:00+00:00,-135.770142
2012-04-01 01:27:00+00:00,-132.539688
2012-04-01 01:28:00+00:00,-99.311623
2012-04-01 01:29:00+00:00,-105.395889
2012-04-01 01:30:00+00:00,-140.5327
2012-04-01 01:31:00+00:00,-117.728302
2012-04-01 01:32:00+00:00,-130.169037
2012-04-01 01:33:00+00:00,-135.362701
2012-04-01 01:34:00+00:00,-125.05233
2012-04-01 01:35:00+00:00,-137.746979
2012-04-01 01:36:00+00:00,-149.604691
2012-04-01 01:37:00+00:00,-147.713379
2012-04-01 01:38:00+00:00,-153.438141
2012-04-01 01:39:00+00:00,-162.389557
2012-04-01 01:40:00+00:00,-166.50502
2012-04-01 01:41:00+00:00,-171.153656
2012-04-01 01:42:00+00:00,-171.047256
2012-04-01 01:43:00+00:00,-155.387222
2012-04-01 01:44:00+00:00,-151.477951
2012-04-01 01:45:00+00:00,-151.132446
2012-04-01 01:46:00+00:00,-150.038773
2012-04-01 01:47:00+00:00,-144.811707
2012-04-01 01:48:00+00:00,-141.316559
2012-04-01 01:49:00+00:00,-139.161285
2012-04-01 01:50:00+00:00,-137.68718
2012-04-01 01:51:00+00:00,-162.721008
2012-04-01 01:52:00+00:00,-168.978409
2012-04-01 01:53:00+00:00,-160.301987
2012-04-01 01:54:00+00:00,-135.055756
2012-04-01 01:55:00+00:00,-130.77533
2012-04-01 01:56:00+00:00,-121.615211
2012-04-01 01:57:00+00:00,-112.954933
2012-04-01 01:58:00+00:00,-106.527863
2012-04-01 01:59:00+00:00,-107.65715
2012-04-01 02:00:00+00:00,-104.864777
2012-04-01 02:01:00+00:00,-101.976212
2012-04-01 02:02:00+00:00,-99.324944
2012-04-01 02:03:00+00:00,-98.280571
2012-04-01 02:04:00+00:00,-97.365273
2012-04-01 02:05:00+00:00,-95.091454
2012-04-01 02:06:00+00:00,-92.065262
2012-04-01 02:07:00+00:00,-88.100212
2012-04-01 02:08:00+00:00,-90.214973
2012-04-01 02:09:00+00:00,-96.640793
2012-04-01 02:10:00+00:00,-92.759918
2012-04-01 02:11:00+00:00,-93.352608
2012-04-01 02:12:00+00:00,-95.676491
2012-04-01 02:13:00+00:00,-95.441818
2012-04-01 02:14:00+00:00,-94.772446
2012-04-01 02:15:00+00:00,-96.570534
2012-04-01 02:16:00+00:00,-93.530037
2012-04-01 02:17:00+00:00,-87.401436
2012-04-01 02:18:00+00:00,-85.32608
2012-04-01 02:19:00+00:00,-82.359001
2012-04-01 02:20:00+00:00,-78.265198
2012-04-01 02:21:00+00:00,-74.397087
2012-04-01 02:22:00+00:00,-72.852264
2012-04-01 02:23:00+00:00,-68.388611
2012-04-01 02:24:00+00:00,-63.201176
2012-04-01 02:25:00+00:00,-60.439163
2012-04-01 02:26:00+00:00,-61.801785
2012-04-01 02:27:00+00:00,-58.032948
2012-04-01 02:28:00+00:00,-55.733456
2012-04-01 02:29:00+00:00,-58.712906
2012-04-01 02:30:00+00:00,-59.678577
2012-04-01 02:31:00+00:00,-57.804394
2012-04-01 02:32:00+00:00,-59.260868
2012-04-01 02:33:00+00:00,-58.666245
2012-04-01 02:34:00+00:00,-58.095879
2012-04-01 02:35:00+00:00,-60.018463
2012-04-01 02:36:00+00:00,-61.281822
2012-04-01 02:37:00+00:00,-64.050102
2012-04-01 02:38:00+00:00,-66.176926
2012-04-01 02:39:00+00:00,-64.324455
2012-04-01 02:40:00+00:00,-63.795528
2012-04-01 02:41:00+00:00,-66.804115
2012-04-01 02:42:00+00:00,-67.251625
2012-04-01 02:43:00+00:00,-63.712429
2012-04-01 02:44:00+00:00,-59.242252
2012-04-01 02:45:00+00:00,-57.687824
2012-04-01 02:46:00+00:00,-58.015129
2012-04-01 02:47:00+00:00,-56.16758
2012-04-08 00:00:00+00:00,-87.638275
2012-04-08 00:01:00+00:00,-86.180038
2012-04-08 00:02:00+00:00,-87.03096
2012-04-08 00:03:00+00:00,-79.463242
2012-04-08 00:04:00+00:00,-75.597427
2012-04-08 00:05:00+00:00,-75.706665
2012-04-08 00:06:00+00:00,-67.686218
2012-04-08 00:07:00+00:00,-60.223503
2012-04-08 00:08:00+00:00,-61.518784
2012-04-08 00:09:00+00:00,-59.000519
2012-04-08 00:10:00+00:00,-56.444092
2012-04-08 00:11:00+00:00,-55.309399
2012-04-08 00:12:00+00:00,-52.47757
2012-04-08 00:13:00+00:00,-54.679359
2012-04-08 00:14:00+00:00,-55.96479
2012-04-08 00:15:00+00:00,-56.994453
2012-04-08 00:16:00+00:00,-56.401119
2012-04-08 00:17:00+00:00,-54.078728
2012-04-08 00:18:00+00:00,-49.024277
2012-04-08 00:19:00+00:00,-47.701294
2012-04-08 00:20:00+00:00,-49.391563
2012-04-08 00:21:00+00:00,-46.876923
2012-04-08 00:22:00+00:00,-41.890701
2012-04-08 00:23:00+00:00,-40.97179
2012-04-08 00:24:00+00:00,-39.024673
2012-04-08 00:25:00+00:00,-35.280579
2012-04-08 00:26:00+00:00,-35.879089
2012-04-08 00:27:00+00:00,-41.391487
2012-04-08 00:28:00+00:00,-44.015869
2012-04-08 00:29:00+00:00,-45.962147
2012-04-08 00:30:00+00:00,-50.228249
2012-04-08 00:31:00+00:00,-49.823811
2012-04-08 00:32:00+00:00,-44.077229
2012-04-08 00:33:00+00:00,-43.876152
2012-04-08 00:34:00+00:00,-37.990841
2012-04-08 00:35:00+00:00,-37.020916
2012-04-08 00:36:00+00:00,-34.005669
2012-04-08 00:37:00+00:00,-33.229012
2012-04-08 00:38:00+00:00,-36.536919
2012-04-08 00:39:00+00:00,-44.363838
2012-04-08 00:40:00+00:00,-49.218376
2012-04-08 00:41:00+00:00,-49.443253
2012-04-08 00:42:00+00:00,-51.926064
2012-04-08 00:43:00+00:00,-53.823143
2012-04-08 00:44:00+00:00,-56.083595
2012-04-08 00:45:00+00:00,-62.018883
2012-04-08 00:46:00+00:00,-73.571472
2012-04-08 00:47:00+00:00,-74.388077
2012-04-08 00:48:00+00:00,-72.116875
2012-04-08 00:49:00+00:00,-69.546158
2012-04-08 00:50:00+00:00,-69.447166
2012-04-08 00:51:00+00:00,-71.324356
2012-04-08 00:52:00+00:00,-75.46077
2012-04-08 00:53:00+00:00,-79.829079
2012-04-08 00:54:00+00:00,-83.863693
2012-04-08 00:55:00+00:00,-88.447395
2012-04-08 00:56:00+00:00,-86.671097
2012-04-08 00:57:00+00:00,-86.105675
2012-04-08 00:58:00+00:00,-90.79258
2012-04-08 00:59:00+00:00,-97.198166
2012-04-08 01:00:00+00:00,-95.37291
2012-04-08 01:01:00+00:00,-96.667351
2012-04-08 01:02:00+00:00,-97.631432
2012-04-08 01:03:00+00:00,-101.508179
2012-04-08 01:04:00+00:00,-109.667198
2012-04-08 01:05:00+00:00,-121.749588
2012-04-08 01:06:00+00:00,-125.849899
2012-04-08 01:07:00+00:00,-122.113693
2012-04-08 01:08:00+00:00,-114.892639
2012-04-08 01:09:00+00:00,-105.60849
2012-04-08 01:10:00+00:00,-95.388527
2012-04-08 01:11:00+00:00,-91.305878
2012-04-08 01:12:00+00:00,-86.13736
2012-04-08 01:13:00+00:00,-78.784019
2012-04-08 01:14:00+00:00,-72.989456
2012-04-08 01:15:00+00:00,-68.741486
2012-04-08 01:16:00+00:00,-64.78968
2012-04-08 01:17:00+00:00,-66.842545
2012-04-08 01:18:00+00:00,-72.024956
2012-04-08 01:19:00+00:00,-77.959412
2012-04-08 01:20:00+00:00,-79.785599
2012-04-08 01:21:00+00:00,-73.198814
2012-04-08 01:22:00+00:00,-67.553772
2012-04-08 01:23:00+00:00,-63.016327
2012-04-08 01:24:00+00:00,-81.735374
2012-04-08 01:25:00+00:00,-130.471619
2012-04-08 01:26:00+00:00,-129.775909
2012-04-08 01:27:00+00:00,-143.011398
2012-04-08 01:28:00+00:00,-138.068863
2012-04-08 01:29:00+00:00,-137.871918
2012-04-08 01:30:00+00:00,-134.182953
2012-04-08 01:31:00+00:00,-124.499725
2012-04-08 01:32:00+00:00,-127.480637
2012-04-08 01:33:00+00:00,-127.555382
2012-04-08 01:34:00+00:00,-128.390717
2012-04-08 01:35:00+00:00,-123.723473
2012-04-08 01:36:00+00:00,-121.018272
2012-04-08 01:37:00+00:00,-120.878654
2012-04-08 01:38:00+00:00,-115.38147
2012-04-08 01:39:00+00:00,-110.560539
2012-04-08 01:40:00+00:00,-107.396049
2012-04-08 01:41:00+00:00,-99.914391
2012-04-08 01:42:00+00:00,-127.408195
2012-04-08 01:43:00+00:00,-143.738434
2012-04-08 01:44:00+00:00,-172.144867
2012-04-08 01:45:00+00:00,-174.618759
2012-04-08 01:46:00+00:00,-161.606201
2012-04-08 01:47:00+00:00,-156.693741
2012-04-08 01:48:00+00:00,-135.407562
2012-04-08 01:49:00+00:00,-128.516586
2012-04-08 01:50:00+00:00,-125.987701
2012-04-08 01:51:00+00:00,-121.165237
2012-04-08 01:52:00+00:00,-105.848045
2012-04-08 01:53:00+00:00,-106.77005
2012-04-08 01:54:00+00:00,-105.79937
2012-04-08 01:55:00+00:00,-98.940453
2012-04-08 01:56:00+00:00,-102.391647
2012-04-08 01:57:00+00:00,-90.376724
2012-04-08 01:58:00+00:00,-74.720444
2012-04-08 01:59:00+00:00,-85.29895
2012-04-08 02:00:00+00:00,-72.05822
2012-04-08 02:01:00+00:00,-95.484146
2012-04-08 02:02:00+00:00,-111.172211
2012-04-08 02:03:00+00:00,-121.900726
2012-04-08 02:04:00+00:00,-123.271523
2012-04-08 02:05:00+00:00,-113.494995
2012-04-08 02:06:00+00:00,-105.890724
2012-04-08 02:07:00+00:00,-105.968468
2012-04-08 02:08:00+00:00,-119.355469
2012-04-08 02:09:00+00:00,-122.438828
2012-04-08 02:10:00+00:00,-115.604561
2012-04-08 02:11:00+00:00,-101.580208
2012-04-08 02:12:00+00:00,-132.538284
2012-04-08 02:13:00+00:00,-152.117813
2012-04-08 02:14:00+00:00,-140.57959
2012-04-08 02:15:00+00:00,-124.897034
2012-04-08 02:16:00+00:00,-169.031265
2012-04-08 02:17:00+00:00,-146.106094
2012-04-08 02:18:00+00:00,-135.64978
2012-04-08 02:19:00+00:00,-113.08696
2012-04-08 02:20:00+00:00,-113.567429
2012-04-08 02:21:00+00:00,-117.846245
2012-04-08 02:22:00+00:00,-113.194115
2012-04-08 02:23:00+00:00,-115.073326
2012-04-08 02:24:00+00:00,-126.809204
2012-04-08 02:25:00+00:00,-170.651291
2012-04-08 02:26:00+00:00,-172.393524
2012-04-08 02:27:00+00:00,-158.310822
2012-04-08 02:28:00+00:00,-125.676125
2012-04-08 02:29:00+00:00,-121.700493
2012-04-08 02:30:00+00:00,-130.535217
2012-04-08 02:31:00+00:00,-140.720322
2012-04-08 02:32:00+00:00,-125.953316
2012-04-08 02:33:00+00:00,-113.520309
2012-04-08 02:34:00+00:00,-103.93203
2012-04-08 02:35:00+00:00,-108.590408
2012-04-08 02:36:00+00:00,-112.548126
2012-04-08 02:37:00+00:00,-121.716087
2012-04-08 02:38:00+00:00,-125.563446
2012-04-08 02:39:00+00:00,-124.516144
2012-04-08 02:40:00+00:00,-122.55014
2012-04-08 02:41:00+00:00,-122.143951
2012-04-08 02:42:00+00:00,-121.816528
2012-04-08 02:43:00+00:00,-119.443001
2012-04-08 02:44:00+00:00,-113.850922
2012-04-08 02:45:00+00:00,-113.335625
2012-04-08 02:46:00+00:00,-111.734138
2012-04-08 02:47:00+00:00,-106.511711
2012-04-15 00:00:00+00:00,-54.038765
2012-04-15 00:01:00+00:00,-54.286064
2012-04-15 00:02:00+00:00,-54.442837
2012-04-15 00:03:00+00:00,-54.560093
2012-04-15 00:04:00+00:00,-53.478626
2012-04-15 00:05:00+00:00,-53.448154
2012-04-15 00:06:00+00:00,-54.912029
2012-04-15 00:07:00+00:00,-56.034534
2012-04-15 00:08:00+00:00,-56.075382
2012-04-15 00:09:00+00:00,-55.540222
2012-04-15 00:10:00+00:00,-54.562798
2012-04-15 00:11:00+00:00,-54.471188
2012-04-15 00:12:00+00:00,-76.355782
2012-04-15 00:13:00+00:00,-74.231598
2012-04-15 00:14:00+00:00,-63.473598
2012-04-15 00:15:00+00:00,-66.276939
2012-04-15 00:16:00+00:00,-65.625015
2012-04-15 00:17:00+00:00,-65.888733
2012-04-15 00:18:00+00:00,-61.76424
2012-04-15 00:19:00+00:00,-53.079659
2012-04-15 00:20:00+00:00,-50.5434
2012-04-15 00:21:00+00:00,-50.395386
2012-04-15 00:22:00+00:00,-49.705219
2012-04-15 00:23:00+00:00,-50.233936
2012-04-15 00:24:00+00:00,-50.816624
2012-04-15 00:25:00+00:00,-51.391026
2012-04-15 00:26:00+00:00,-51.467361
2012-04-15 00:27:00+00:00,-62.29855
2012-04-15 00:28:00+00:00,-68.645874
2012-04-15 00:29:00+00:00,-63.923008
2012-04-15 00:30:00+00:00,-61.084023
2012-04-15 00:31:00+00:00,-62.588978
2012-04-15 00:32:00+00:00,-61.671837
2012-04-15 00:33:00+00:00,-63.395996
2012-04-15 00:34:00+00:00,-65.43824
2012-04-15 00:35:00+00:00,-54.399845
2012-04-15 00:36:00+00:00,-49.231995
2012-04-15 00:37:00+00:00,-47.069221
2012-04-15 00:38:00+00:00,-47.376991
2012-04-15 00:39:00+00:00,-47.17078
2012-04-15 00:40:00+00:00,-47.803909
2012-04-15 00:41:00+00:00,-48.773403
2012-04-15 00:42:00+00:00,-49.496754
2012-04-15 00:43:00+00:00,-49.923088
2012-04-15 00:44:00+00:00,-49.201946
2012-04-15 00:45:00+00:00,-47.576614
2012-04-15 00:46:00+00:00,-47.494514
2012-04-15 00:47:00+00:00,-46.699875
2012-04-15 00:48:00+00:00,-45.946716
2012-04-15 00:49:00+00:00,-45.179699
2012-04-15 00:50:00+00:00,-46.322422
2012-04-15 00:51:00+00:00,-47.515778
2012-04-15 00:52:00+00:00,-48.244267
2012-04-15 00:53:00+00:00,-48.27504
2012-04-15 00:54:00+00:00,-47.617184
2012-04-15 00:55:00+00:00,-47.516304
2012-04-15 00:56:00+00:00,-47.288578
2012-04-15 00:57:00+00:00,-47.685875
2012-04-15 00:58:00+00:00,-48.263561
2012-04-15 00:59:00+00:00,-48.63797
2012-04-15 01:00:00+00:00,-48.733952
2012-04-15 01:01:00+00:00,-49.03891
2012-04-15 01:02:00+00:00,-49.205776
2012-04-15 01:03:00+00:00,-50.050884
2012-04-15 01:04:00+00:00,-50.194447
2012-04-15 01:05:00+00:00,-48.527679
2012-04-15 01:06:00+00:00,-47.428551
2012-04-15 01:07:00+00:00,-47.981945
2012-04-15 01:08:00+00:00,-47.907932
2012-04-15 01:09:00+00:00,-47.062077
2012-04-15 01:10:00+00:00,-46.547215
2012-04-15 01:11:00+00:00,-46.545494
2012-04-15 01:12:00+00:00,-45.835968
2012-04-15 01:13:00+00:00,-45.907383
2012-04-15 01:14:00+00:00,-46.18544
2012-04-15 01:15:00+00:00,-46.940392
2012-04-15 01:16:00+00:00,-46.86298
2012-04-15 01:17:00+00:00,-46.156025
2012-04-15 01:18:00+00:00,-45.504021
2012-04-15 01:19:00+00:00,-44.318031
2012-04-15 01:20:00+00:00,-44.043301
2012-04-15 01:21:00+00:00,-44.555698
2012-04-15 01:22:00+00:00,-44.695961
2012-04-15 01:23:00+00:00,-44.748375
2012-04-15 01:24:00+00:00,-45.837524
2012-04-15 01:25:00+00:00,-45.051369
2012-04-15 01:26:00+00:00,-44.885242
2012-04-15 01:27:00+00:00,-44.168579
2012-04-15 01:28:00+00:00,-42.473824
2012-04-15 01:29:00+00:00,-42.482536
2012-04-15 01:30:00+00:00,-42.281013
2012-04-15 01:31:00+00:00,-42.55806
2012-04-15 01:32:00+00:00,-43.634453
2012-04-15 01:33:00+00:00,-44.548119
2012-04-15 01:34:00+00:00,-42.67458
2012-04-15 01:35:00+00:00,-42.622707
2012-04-15 01:36:00+00:00,-42.352924
2012-04-15 01:37:00+00:00,-41.188309
2012-04-15 01:38:00+00:00,-41.40694
2012-04-15 01:39:00+00:00,-42.040104
2012-04-15 01:40:00+00:00,-41.408802
2012-04-15 01:41:00+00:00,-41.599842
2012-04-15 01:42:00+00:00,-41.606144
2012-04-15 01:43:00+00:00,-41.522293
2012-04-15 01:44:00+00:00,-40.292454
2012-04-15 01:45:00+00:00,-40.212566
2012-04-15 01:46:00+00:00,-40.986191
2012-04-15 01:47:00+00:00,-41.919979
2012-04-15 01:48:00+00:00,-41.938568
2012-04-15 01:49:00+00:00,-41.213982
2012-04-15 01:50:00+00:00,-39.656582
2012-04-15 01:51:00+00:00,-39.013569
2012-04-15 01:52:00+00:00,-39.598255
2012-04-15 01:53:00+00:00,-45.60202
2012-04-15 01:54:00+00:00,-55.690784
2012-04-15 01:55:00+00:00,-42.552212
2012-04-15 01:56:00+00:00,-64.770889
2012-04-15 01:57:00+00:00,-57.379601
2012-04-15 01:58:00+00:00,-80.781296
2012-04-15 01:59:00+00:00,-79.387054
2012-04-15 02:00:00+00:00,-54.222866
2012-04-15 02:01:00+00:00,-90.841751
2012-04-15 02:02:00+00:00,-76.95784
2012-04-15 02:03:00+00:00,-71.853302
2012-04-15 02:04:00+00:00,-76.126434
2012-04-15 02:05:00+00:00,-73.836273
2012-04-15 02:06:00+00:00,-65.617233
2012-04-15 02:07:00+00:00,-65.053238
2012-04-15 02:08:00+00:00,-61.359821
2012-04-15 02:09:00+00:00,-70.701385
2012-04-15 02:10:00+00:00,-80.385269
2012-04-15 02:11:00+00:00,-73.791077
2012-04-15 02:12:00+00:00,-101.505058
2012-04-15 02:13:00+00:00,-108.079681
2012-04-15 02:14:00+00:00,-97.463112
2012-04-15 02:15:00+00:00,-124.254707
2012-04-15 02:16:00+00:00,-128.902008
2012-04-15 02:17:00+00:00,-142.339325
2012-04-15 02:18:00+00:00,-141.760941
2012-04-15 02:19:00+00:00,-140.558182
2012-04-15 02:20:00+00:00,-110.312386
2012-04-15 02:21:00+00:00,-113.313347
2012-04-15 02:22:00+00:00,-94.602974
2012-04-15 02:23:00+00:00,-108.991142
2012-04-15 02:24:00+00:00,-154.673386
2012-04-15 02:25:00+00:00,-149.089752
2012-04-15 02:26:00+00:00,-153.231171
2012-04-15 02:27:00+00:00,-129.399506
2012-04-15 02:28:00+00:00,-131.522079
2012-04-15 02:29:00+00:00,-137.177917
2012-04-15 02:30:00+00:00,-129.904739
2012-04-15 02:31:00+00:00,-174.720123
2012-04-15 02:32:00+00:00,-166.461182
2012-04-15 02:33:00+00:00,-158.768509
2012-04-15 02:34:00+00:00,-155.865433
2012-04-15 02:35:00+00:00,-120.738823
2012-04-15 02:36:00+00:00,-117.798538
2012-04-15 02:37:00+00:00,-157.90686
2012-04-15 02:38:00+00:00,-181.283173
2012-04-15 02:39:00+00:00,-218.296234
2012-04-15 02:40:00+00:00,-100.774826
2012-04-15 02:41:00+00:00,-112.580025
2012-04-15 02:42:00+00:00,-92.282074
2012-04-15 02:43:00+00:00,-80.444618
2012-04-15 02:44:00+00:00,-76.529175
2012-04-15 02:45:00+00:00,-75.641327
2012-04-15 02:46:00+00:00,-73.07814
2012-04-15 02:47:00+00:00,-62.087116
2012-04-22 00:00:00+00:00,-425.97348
2012-04-22 00:01:00+00:00,-423.070465
2012-04-22 00:02:00+00:00,-419.618805
2012-04-22 00:03:00+00:00,-422.524597
2012-04-22 00:04:00+00:00,-483.185608
2012-04-22 00:05:00+00:00,-459.278412
2012-04-22 00:06:00+00:00,-431.363129
2012-04-22 00:07:00+00:00,-436.43927
2012-04-22 00:08:00+00:00,-420.53006
2012-04-22 00:09:00+00:00,-400.634857
2012-04-22 00:10:00+00:00,-381.733002
2012-04-22 00:11:00+00:00,-366.886719
2012-04-22 00:12:00+00:00,-387.115173
2012-04-22 00:13:00+00:00,-405.108948
2012-04-22 00:14:00+00:00,-403.869263
2012-04-22 00:15:00+00:00,-394.05777
2012-04-22 00:16:00+00:00,-401.332367
2012-04-22 00:17:00+00:00,-407.464142
2012-04-22 00:18:00+00:00,-397.637604
2012-04-22 00:19:00+00:00,-391.638611
2012-04-22 00:20:00+00:00,-389.578857
2012-04-22 00:21:00+00:00,-384.591858
2012-04-22 00:22:00+00:00,-367.899231
2012-04-22 00:23:00+00:00,-352.992096
2012-04-22 00:24:00+00:00,-346.376587
2012-04-22 00:25:00+00:00,-339.516235
2012-04-22 00:26:00+00:00,-339.85144
2012-04-22 00:27:00+00:00,-335.134125
2012-04-22 00:28:00+00:00,-339.414978
2012-04-22 00:29:00+00:00,-337.684052
2012-04-22 00:30:00+00:00,-338.957764
2012-04-22 00:31:00+00:00,-330.237915
2012-04-22 00:32:00+00:00,-317.516998
2012-04-22 00:33:00+00:00,-309.809479
2012-04-22 00:34:00+00:00,-295.110413
2012-04-22 00:35:00+00:00,-285.403687
2012-04-22 00:36:00+00:00,-281.691193
2012-04-22 00:37:00+00:00,-290.982422
2012-04-22 00:38:00+00:00,-286.287323
2012-04-22 00:39:00+00:00,-288.92981
2012-04-22 00:40:00+00:00,-290.859283
2012-04-22 00:41:00+00:00,-302.47226
2012-04-22 00:42:00+00:00,-299.733276
2012-04-22 00:43:00+00:00,-294.509033
2012-04-22 00:44:00+00:00,-290.846008
2012-04-22 00:45:00+00:00,-287.273315
2012-04-22 00:46:00+00:00,-291.094818
2012-04-22 00:47:00+00:00,-290.973419
2012-04-22 00:48:00+00:00,-296.108704
2012-04-22 00:49:00+00:00,-301.647308
2012-04-22 00:50:00+00:00,-302.98291
2012-04-22 00:51:00+00:00,-309.316559
2012-04-22 00:52:00+00:00,-310.4888
2012-04-22 00:53:00+00:00,-317.767883
2012-04-22 00:54:00+00:00,-325.095367
2012-04-22 00:55:00+00:00,-330.431793
2012-04-22 00:56:00+00:00,-330.42511
2012-04-22 00:57:00+00:00,-344.126526
2012-04-22 00:58:00+00:00,-336.385559
2012-04-22 00:59:00+00:00,-320.945862
2012-04-22 01:00:00+00:00,-319.85141
2012-04-22 01:01:00+00:00,-326.330658
2012-04-22 01:02:00+00:00,-338.47464
2012-04-22 01:03:00+00:00,-351.890503
2012-04-22 01:04:00+00:00,-341.428894
2012-04-22 01:05:00+00:00,-313.237244
2012-04-22 01:06:00+00:00,-300.355621
2012-04-22 01:07:00+00:00,-303.476074
2012-04-22 01:08:00+00:00,-306.722839
2012-04-22 01:09:00+00:00,-304.261597
2012-04-22 01:10:00+00:00,-322.421051
2012-04-22 01:11:00+00:00,-308.574463
2012-04-22 01:12:00+00:00,-299.985962
2012-04-22 01:13:00+00:00,-299.351379
2012-04-22 01:14:00+00:00,-309.703857
2012-04-22 01:15:00+00:00,-306.860474
2012-04-22 01:16:00+00:00,-315.521606
2012-04-22 01:17:00+00:00,-324.48468
2012-04-22 01:18:00+00:00,-315.486481
2012-04-22 01:19:00+00:00,-301.909943
2012-04-22 01:20:00+00:00,-289.491089
2012-04-22 01:21:00+00:00,-275.04361
2012-04-22 01:22:00+00:00,-265.288818
2012-04-22 01:23:00+00:00,-259.823975
2012-04-22 01:24:00+00:00,-259.030548
2012-04-22 01:25:00+00:00,-259.306824
2012-04-22 01:26:00+00:00,-256.32663
2012-04-22 01:27:00+00:00,-250.718063
2012-04-22 01:28:00+00:00,-241.564514
2012-04-22 01:29:00+00:00,-238.335342
2012-04-22 01:30:00+00:00,-249.210098
2012-04-22 01:31:00+00:00,-255.6147
2012-04-22 01:32:00+00:00,-278.359467
2012-04-22 01:33:00+00:00,-274.361053
2012-04-22 01:34:00+00:00,-253.064362
2012-04-22 01:35:00+00:00,-234.534012
2012-04-22 01:36:00+00:00,-220.38475
2012-04-22 01:37:00+00:00,-218.361816
2012-04-22 01:38:00+00:00,-233.528336
2012-04-22 01:39:00+00:00,-242.183578
2012-04-22 01:40:00+00:00,-251.662201
2012-04-22 01:41:00+00:00,-253.042282
2012-04-22 01:42:00+00:00,-245.825531
2012-04-22 01:43:00+00:00,-233.553528
2012-04-22 01:44:00+00:00,-226.051605
2012-04-22 01:45:00+00:00,-228.733002
2012-04-22 01:46:00+00:00,-229.149094
2012-04-22 01:47:00+00:00,-224.597137
2012-04-22 01:48:00+00:00,-214.501434
2012-04-22 01:49:00+00:00,-216.281937
2012-04-22 01:50:00+00:00,-225.340515
2012-04-22 01:51:00+00:00,-226.835037
2012-04-22 01:52:00+00:00,-220.79425
2012-04-22 01:53:00+00:00,-209.412415
2012-04-22 01:54:00+00:00,-200.327011
2012-04-22 01:55:00+00:00,-199.884247
2012-04-22 01:56:00+00:00,-213.145523
2012-04-22 01:57:00+00:00,-182.294098
2012-04-22 01:58:00+00:00,-174.466461
2012-04-22 01:59:00+00:00,-165.983307
2012-04-22 02:00:00+00:00,-165.151215
2012-04-22 02:01:00+00:00,-160.291
2012-04-22 02:02:00+00:00,-157.421143
2012-04-22 02:03:00+00:00,-157.583267
2012-04-22 02:04:00+00:00,-162.799149
2012-04-22 02:05:00+00:00,-162.030136
2012-04-22 02:06:00+00:00,-161.248154
2012-04-22 02:07:00+00:00,-166.454819
2012-04-22 02:08:00+00:00,-155.645645
2012-04-22 02:09:00+00:00,-135.783676
2012-04-22 02:10:00+00:00,-130.90834
2012-04-22 02:11:00+00:00,-126.066978
2012-04-22 02:12:00+00:00,-122.239105
2012-04-22 02:13:00+00:00,-125.420296
2012-04-22 02:14:00+00:00,-127.613129
2012-04-22 02:15:00+00:00,-120.803421
2012-04-22 02:16:00+00:00,-124.998016
2012-04-22 02:17:00+00:00,-126.190536
2012-04-22 02:18:00+00:00,-125.389442
2012-04-22 02:19:00+00:00,-127.587296
2012-04-22 02:20:00+00:00,-133.779358
2012-04-22 02:21:00+00:00,-139.965057
2012-04-22 02:22:00+00:00,-147.181168
2012-04-22 02:23:00+00:00,-143.360519
2012-04-22 02:24:00+00:00,-131.539703
2012-04-22 02:25:00+00:00,-126.721916
2012-04-22 02:26:00+00:00,-123.710297
2012-04-22 02:27:00+00:00,-118.357704
2012-04-22 02:28:00+00:00,-109.678467
2012-04-22 02:29:00+00:00,-104.117546
2012-04-22 02:30:00+00:00,-102.511459
2012-04-22 02:31:00+00:00,-102.538887
2012-04-22 02:32:00+00:00,-104.45459
2012-04-22 02:33:00+00:00,-109.160835
2012-04-22 02:34:00+00:00,-113.823395
2012-04-22 02:35:00+00:00,-113.364288
2012-04-22 02:36:00+00:00,-109.566566
2012-04-22 02:37:00+00:00,-105.260231
2012-04-22 02:38:00+00:00,-98.558914
2012-04-22 02:39:00+00:00,-94.813614
2012-04-22 02:40:00+00:00,-94.908279
2012-04-22 02:41:00+00:00,-95.099449
2012-04-22 02:42:00+00:00,-95.631378
2012-04-22 02:43:00+00:00,-95.628601
2012-04-22 02:44:00+00:00,-99.882187
2012-04-22 02:45:00+00:00,-102.796883
2012-04-22 02:46:00+00:00,-108.24398
2012-04-22 02:47:00+00:00,-113.979805
2012-04-29 00:00:00+00:00,-333.588531
2012-04-29 00:01:00+00:00,-326.48819
2012-04-29 00:02:00+00:00,-321.229919
2012-04-29 00:03:00+00:00,-305.092072
2012-04-29 00:04:00+00:00,-283.174408
2012-04-29 00:05:00+00:00,-268.854736
2012-04-29 00:06:00+00:00,-269.892853
2012-04-29 00:07:00+00:00,-261.714203
2012-04-29 00:08:00+00:00,-271.059418
2012-04-29 00:09:00+00:00,-271.682678
2012-04-29 00:10:00+00:00,-270.747528
2012-04-29 00:11:00+00:00,-268.892273
2012-04-29 00:12:00+00:00,-262.221008
2012-04-29 00:13:00+00:00,-262.972778
2012-04-29 00:14:00+00:00,-260.840393
2012-04-29 00:15:00+00:00,-255.986221
2012-04-29 00:16:00+00:00,-254.855652
2012-04-29 00:17:00+00:00,-245.551514
2012-04-29 00:18:00+00:00,-227.709549
2012-04-29 00:19:00+00:00,-210.599838
2012-04-29 00:20:00+00:00,-205.503006
2012-04-29 00:21:00+00:00,-206.523865
2012-04-29 00:22:00+00:00,-210.561951
2012-04-29 00:23:00+00:00,-212.901154
2012-04-29 00:24:00+00:00,-219.963684
2012-04-29 00:25:00+00:00,-225.825729
2012-04-29 00:26:00+00:00,-225.520584
2012-04-29 00:27:00+00:00,-218.757111
2012-04-29 00:28:00+00:00,-209.569153
2012-04-29 00:29:00+00:00,-208.875946
2012-04-29 00:30:00+00:00,-205.138702
2012-04-29 00:31:00+00:00,-201.555573
2012-04-29 00:32:00+00:00,-202.311752
2012-04-29 00:33:00+00:00,-202.235336
2012-04-29 00:34:00+00:00,-196.902115
2012-04-29 00:35:00+00:00,-196.378265
2012-04-29 00:36:00+00:00,-191.290329
2012-04-29 00:37:00+00:00,-190.576401
2012-04-29 00:38:00+00:00,-187.764542
2012-04-29 00:39:00+00:00,-181.88562
2012-04-29 00:40:00+00:00,-174.026535
2012-04-29 00:41:00+00:00,-172.113052
2012-04-29 00:42:00+00:00,-171.835205
2012-04-29 00:43:00+00:00,-170.449554
2012-04-29 00:44:00+00:00,-168.391296
2012-04-29 00:45:00+00:00,-170.483307
2012-04-29 00:46:00+00:00,-173.849289
2012-04-29 00:47:00+00:00,-177.492798
2012-04-29 00:48:00+00:00,-180.336655
2012-04-29 00:49:00+00:00,-180.711578
2012-04-29 00:50:00+00:00,-182.888718
2012-04-29 00:51:00+00:00,-180.699768
2012-04-29 00:52:00+00:00,-186.066772
2012-04-29 00:53:00+00:00,-190.865982
2012-04-29 00:54:00+00:00,-196.804291
2012-04-29 00:55:00+00:00,-199.470596
2012-04-29 00:56:00+00:00,-204.101608
2012-04-29 00:57:00+00:00,-190.246323
2012-04-29 00:58:00+00:00,-192.128006
2012-04-29 00:59:00+00:00,-192.31012
2012-04-29 01:00:00+00:00,-189.369202
2012-04-29 01:01:00+00:00,-176.721573
2012-04-29 01:02:00+00:00,-169.743576
2012-04-29 01:03:00+00:00,-169.715683
2012-04-29 01:04:00+00:00,-175.871887
2012-04-29 01:05:00+00:00,-170.822845
2012-04-29 01:06:00+00:00,-160.925461
2012-04-29 01:07:00+00:00,-159.994598
2012-04-29 01:08:00+00:00,-157.612366
2012-04-29 01:09:00+00:00,-153.939331
2012-04-29 01:10:00+00:00,-150.249466
2012-04-29 01:11:00+00:00,-159.438324
2012-04-29 01:12:00+00:00,-168.557358
2012-04-29 01:13:00+00:00,-175.843384
2012-04-29 01:14:00+00:00,-179.83667
2012-04-29 01:15:00+00:00,-175.882568
2012-04-29 01:16:00+00:00,-172.763733
2012-04-29 01:17:00+00:00,-189.767044
2012-04-29 01:18:00+00:00,-204.361755
2012-04-29 01:19:00+00:00,-212.577698
2012-04-29 01:20:00+00:00,-214.407928
2012-04-29 01:21:00+00:00,-214.900818
2012-04-29 01:22:00+00:00,-211.939758
2012-04-29 01:23:00+00:00,-215.795044
2012-04-29 01:24:00+00:00,-218.005829
2012-04-29 01:25:00+00:00,-220.681534
2012-04-29 01:26:00+00:00,-235.248062
2012-04-29 01:27:00+00:00,-245.317291
2012-04-29 01:28:00+00:00,-254.976517
2012-04-29 01:29:00+00:00,-279.625916
2012-04-29 01:30:00+00:00,-286.923889
2012-04-29 01:31:00+00:00,-291.242401
2012-04-29 01:32:00+00:00,-279.181824
2012-04-29 01:33:00+00:00,-263.093658
2012-04-29 01:34:00+00:00,-251.365311
2012-04-29 01:35:00+00:00,-252.019348
2012-04-29 01:36:00+00:00,-252.709457
2012-04-29 01:37:00+00:00,-244.561722
2012-04-29 01:38:00+00:00,-244.339584
2012-04-29 01:39:00+00:00,-248.213547
2012-04-29 01:40:00+00:00,-243.221634
2012-04-29 01:41:00+00:00,-236.544479
2012-04-29 01:42:00+00:00,-226.015686
2012-04-29 01:43:00+00:00,-224.692841
2012-04-29 01:44:00+00:00,-234.949265
2012-04-29 01:45:00+00:00,-237.626831
2012-04-29 01:46:00+00:00,-231.537445
2012-04-29 01:47:00+00:00,-224.059784
2012-04-29 01:48:00+00:00,-214.053223
2012-04-29 01:49:00+00:00,-205.95134
2012-04-29 01:50:00+00:00,-197.345612
2012-04-29 01:51:00+00:00,-193.530441
2012-04-29 01:52:00+00:00,-180.53569
2012-04-29 01:53:00+00:00,-181.254257
2012-04-29 01:54:00+00:00,-172.025772
2012-04-29 01:55:00+00:00,-165.87854
2012-04-29 01:56:00+00:00,-153.408478
2012-04-29 01:57:00+00:00,-142.035599
2012-04-29 01:58:00+00:00,-137.178192
2012-04-29 01:59:00+00:00,-130.707367
2012-04-29 02:00:00+00:00,-129.760391
2012-04-29 02:01:00+00:00,-126.969002
2012-04-29 02:02:00+00:00,-220.723328
2012-04-29 02:03:00+00:00,-177.00412
2012-04-29 02:04:00+00:00,-203.720551
2012-04-29 02:05:00+00:00,-204.263184
2012-04-29 02:06:00+00:00,-224.514648
2012-04-29 02:07:00+00:00,-210.771515
2012-04-29 02:08:00+00:00,-202.446472
2012-04-29 02:09:00+00:00,-190.032806
2012-04-29 02:10:00+00:00,-188.595016
2012-04-29 02:11:00+00:00,-177.352722
2012-04-29 02:12:00+00:00,-182.831665
2012-04-29 02:13:00+00:00,-186.996307
2012-04-29 02:14:00+00:00,-175.623566
2012-04-29 02:15:00+00:00,-189.434631
2012-04-29 02:16:00+00:00,-193.112259
2012-04-29 02:17:00+00:00,-188.036423
2012-04-29 02:18:00+00:00,-172.338974
2012-04-29 02:19:00+00:00,-138.017014
2012-04-29 02:20:00+00:00,-120.698463
2012-04-29 02:21:00+00:00,-103.317932
2012-04-29 02:22:00+00:00,-87.825638
2012-04-29 02:23:00+00:00,-94.503227
2012-04-29 02:24:00+00:00,-101.744171
2012-04-29 02:25:00+00:00,-102.568665
2012-04-29 02:26:00+00:00,-98.236847
2012-04-29 02:27:00+00:00,-103.042099
2012-04-29 02:28:00+00:00,-119.625397
2012-04-29 02:29:00+00:00,-114.597137
2012-04-29 02:30:00+00:00,-97.457718
2012-04-29 02:31:00+00:00,-92.475716
2012-04-29 02:32:00+00:00,-110.377159
2012-04-29 02:33:00+00:00,-116.465202
2012-04-29 02:34:00+00:00,-109.960899
2012-04-29 02:35:00+00:00,-108.75647
2012-04-29 02:36:00+00:00,-103.550926
2012-04-29 02:37:00+00:00,-83.44149
2012-04-29 02:38:00+00:00,-85.117508
2012-04-29 02:39:00+00:00,-85.007851
2012-04-29 02:40:00+00:00,-85.520607
2012-04-29 02:41:00+00:00,-83.605385
2012-04-29 02:42:00+00:00,-85.172562
2012-04-29 02:43:00+00:00,-86.274529
2012-04-29 02:44:00+00:00,-91.360794
2012-04-29 02:45:00+00:00,-82.393486
2012-04-29 02:46:00+00:00,-121.362465
2012-04-29 02:47:00+00:00,-160.738068
2012-05-06 00:00:00+00:00,-61.37817
2012-05-06 00:01:00+00:00,-62.058838
2012-05-06 00:02:00+00:00,-61.870316
2012-05-06 00:03:00+00:00,-60.631004
2012-05-06 00:04:00+00:00,-59.759697
2012-05-06 00:05:00+00:00,-58.865341
2012-05-06 00:06:00+00:00,-57.532078
2012-05-06 00:07:00+00:00,-56.621189
2012-05-06 00:08:00+00:00,-54.984261
2012-05-06 00:09:00+00:00,-53.146164
2012-05-06 00:10:00+00:00,-52.686157
2012-05-06 00:11:00+00:00,-53.384911
2012-05-06 00:12:00+00:00,-54.923698
2012-05-06 00:13:00+00:00,-55.780472
2012-05-06 00:14:00+00:00,-56.000298
2012-05-06 00:15:00+00:00,-56.278381
2012-05-06 00:16:00+00:00,-55.54409
2012-05-06 00:17:00+00:00,-53.132286
2012-05-06 00:18:00+00:00,-49.721088
2012-05-06 00:19:00+00:00,-46.791611
2012-05-06 00:20:00+00:00,-45.452141
2012-05-06 00:21:00+00:00,-44.628136
2012-05-06 00:22:00+00:00,-42.873245
2012-05-06 00:23:00+00:00,-41.049847
2012-05-06 00:24:00+00:00,-39.086586
2012-05-06 00:25:00+00:00,-38.241909
2012-05-06 00:26:00+00:00,-37.918201
2012-05-06 00:27:00+00:00,-37.528942
2012-05-06 00:28:00+00:00,-36.580975
2012-05-06 00:29:00+00:00,-34.43676
2012-05-06 00:30:00+00:00,-31.948008
2012-05-06 00:31:00+00:00,-30.847883
2012-05-06 00:32:00+00:00,-30.486168
2012-05-06 00:33:00+00:00,-30.488407
2012-05-06 00:34:00+00:00,-32.248112
2012-05-06 00:35:00+00:00,-33.572948
2012-05-06 00:36:00+00:00,-34.537159
2012-05-06 00:37:00+00:00,-34.860569
2012-05-06 00:38:00+00:00,-35.055744
2012-05-06 00:39:00+00:00,-35.510963
2012-05-06 00:40:00+00:00,-35.472336
2012-05-06 00:41:00+00:00,-34.858959
2012-05-06 00:42:00+00:00,-34.330276
2012-05-06 00:43:00+00:00,-34.114944
2012-05-06 00:44:00+00:00,-33.900974
2012-05-06 00:45:00+00:00,-33.688065
2012-05-06 00:46:00+00:00,-32.847977
2012-05-06 00:47:00+00:00,-32.135777
2012-05-06 00:48:00+00:00,-32.194767
2012-05-06 00:49:00+00:00,-33.311169
2012-05-06 00:50:00+00:00,-35.189312
2012-05-06 00:51:00+00:00,-36.295521
2012-05-06 00:52:00+00:00,-37.019749
2012-05-06 00:53:00+00:00,-38.544575
2012-05-06 00:54:00+00:00,-40.685719
2012-05-06 00:55:00+00:00,-42.091637
2012-05-06 00:56:00+00:00,-42.731934
2012-05-06 00:57:00+00:00,-43.211914
2012-05-06 00:58:00+00:00,-43.757511
2012-05-06 00:59:00+00:00,-43.723244
2012-05-06 01:00:00+00:00,-43.365891
2012-05-06 01:01:00+00:00,-42.949688
2012-05-06 01:02:00+00:00,-42.738602
2012-05-06 01:03:00+00:00,-43.167667
2012-05-06 01:04:00+00:00,-43.249161
2012-05-06 01:05:00+00:00,-42.752567
2012-05-06 01:06:00+00:00,-42.495766
2012-05-06 01:07:00+00:00,-42.225361
2012-05-06 01:08:00+00:00,-42.233303
2012-05-06 01:09:00+00:00,-42.500561
2012-05-06 01:10:00+00:00,-42.950478
2012-05-06 01:11:00+00:00,-43.302383
2012-05-06 01:12:00+00:00,-43.876423
2012-05-06 01:13:00+00:00,-44.185852
2012-05-06 01:14:00+00:00,-44.19503
2012-05-06 01:15:00+00:00,-43.61602
2012-05-06 01:16:00+00:00,-43.27227
2012-05-06 01:17:00+00:00,-42.772797
2012-05-06 01:18:00+00:00,-42.418579
2012-05-06 01:19:00+00:00,-42.862076
2012-05-06 01:20:00+00:00,-43.312935
2012-05-06 01:21:00+00:00,-43.189129
2012-05-06 01:22:00+00:00,-43.316109
2012-05-06 01:23:00+00:00,-44.923843
2012-05-06 01:24:00+00:00,-47.730839
2012-05-06 01:25:00+00:00,-50.430943
2012-05-06 01:26:00+00:00,-51.753475
2012-05-06 01:27:00+00:00,-50.881409
2012-05-06 01:28:00+00:00,-48.677353
2012-05-06 01:29:00+00:00,-47.065136
2012-05-06 01:30:00+00:00,-46.497768
2012-05-06 01:31:00+00:00,-46.327354
2012-05-06 01:32:00+00:00,-45.734684
2012-05-06 01:33:00+00:00,-44.272377
2012-05-06 01:34:00+00:00,-41.16119
2012-05-06 01:35:00+00:00,-37.702263
2012-05-06 01:36:00+00:00,-33.916534
2012-05-06 01:37:00+00:00,-29.529564
2012-05-06 01:38:00+00:00,-24.587135
2012-05-06 01:39:00+00:00,-20.649263
2012-05-06 01:40:00+00:00,-17.60993
2012-05-06 01:41:00+00:00,-15.982767
2012-05-06 01:42:00+00:00,-16.098265
2012-05-06 01:43:00+00:00,-17.154165
2012-05-06 01:44:00+00:00,-19.016008
2012-05-06 01:45:00+00:00,-20.630726
2012-05-06 01:46:00+00:00,-21.957932
2012-05-06 01:47:00+00:00,-22.836082
2012-05-06 01:48:00+00:00,-23.226225
2012-05-06 01:49:00+00:00,-23.423372
2012-05-06 01:50:00+00:00,-23.579483
2012-05-06 01:51:00+00:00,-24.233559
2012-05-06 01:52:00+00:00,-25.728998
2012-05-06 01:53:00+00:00,-26.486736
2012-05-06 01:54:00+00:00,-26.966375
2012-05-06 01:55:00+00:00,-27.283581
2012-05-06 01:56:00+00:00,-28.213886
2012-05-06 01:57:00+00:00,-29.048325
2012-05-06 01:58:00+00:00,-30.17815
2012-05-06 01:59:00+00:00,-31.22147
2012-05-06 02:00:00+00:00,-31.240435
2012-05-06 02:01:00+00:00,-31.214558
2012-05-06 02:02:00+00:00,-31.773371
2012-05-06 02:03:00+00:00,-32.714436
2012-05-06 02:04:00+00:00,-33.823399
2012-05-06 02:05:00+00:00,-34.754253
2012-05-06 02:06:00+00:00,-35.265762
2012-05-06 02:07:00+00:00,-36.217529
2012-05-06 02:08:00+00:00,-37.291615
2012-05-06 02:09:00+00:00,-38.163044
2012-05-06 02:10:00+00:00,-38.24976
2012-05-06 02:11:00+00:00,-38.70583
2012-05-06 02:12:00+00:00,-38.939816
2012-05-06 02:13:00+00:00,-38.763008
2012-05-06 02:14:00+00:00,-38.624596
2012-05-06 02:15:00+00:00,-38.706493
2012-05-06 02:16:00+00:00,-38.293209
2012-05-06 02:17:00+00:00,-37.587162
2012-05-06 02:18:00+00:00,-37.050068
2012-05-06 02:19:00+00:00,-37.247662
2012-05-06 02:20:00+00:00,-37.909225
2012-05-06 02:21:00+00:00,-38.547432
2012-05-06 02:22:00+00:00,-38.754364
2012-05-06 02:23:00+00:00,-38.987347
2012-05-06 02:24:00+00:00,-38.764736
2012-05-06 02:25:00+00:00,-37.9576
2012-05-06 02:26:00+00:00,-36.340145
2012-05-06 02:27:00+00:00,-34.212967
2012-05-06 02:28:00+00:00,-32.447933
2012-05-06 02:29:00+00:00,-31.133884
2012-05-06 02:30:00+00:00,-31.22324
2012-05-06 02:31:00+00:00,-31.885132
2012-05-06 02:32:00+00:00,-33.600151
2012-05-06 02:33:00+00:00,-34.698662
2012-05-06 02:34:00+00:00,-35.510067
2012-05-06 02:35:00+00:00,-36.615211
2012-05-06 02:36:00+00:00,-37.643459
2012-05-06 02:37:00+00:00,-38.422752
2012-05-06 02:38:00+00:00,-38.564682
2012-05-06 02:39:00+00:00,-38.66037
2012-05-06 02:40:00+00:00,-39.448059
2012-05-06 02:41:00+00:00,-40.112152
2012-05-06 02:42:00+00:00,-40.514217
2012-05-06 02:43:00+00:00,-40.751736
2012-05-06 02:44:00+00:00,-40.587368
2012-05-06 02:45:00+00:00,-40.064396
2012-05-06 02:46:00+00:00,-39.527302
2012-05-06 02:47:00+00:00,-38.779137
2012-05-13 00:00:00+00:00,-110.143806
2012-05-13 00:01:00+00:00,-118.380005
2012-05-13 00:02:00+00:00,-121.603294
2012-05-13 00:03:00+00:00,-123.841919
2012-05-13 00:04:00+00:00,-126.071861
2012-05-13 00:05:00+00:00,-127.30722
2012-05-13 00:06:00+00:00,-139.537155
2012-05-13 00:07:00+00:00,-141.761978
2012-05-13 00:08:00+00:00,-133.978363
2012-05-13 00:09:00+00:00,-131.198364
2012-05-13 00:10:00+00:00,-139.420914
2012-05-13 00:11:00+00:00,-155.657913
2012-05-13 00:12:00+00:00,-162.878937
2012-05-13 00:13:00+00:00,-151.081741
2012-05-13 00:14:00+00:00,-134.294098
2012-05-13 00:15:00+00:00,-135.37738
2012-05-13 00:16:00+00:00,-147.062408
2012-05-13 00:17:00+00:00,-156.427063
2012-05-13 00:18:00+00:00,-168.266617
2012-05-13 00:19:00+00:00,-185.498016
2012-05-13 00:20:00+00:00,-201.715973
2012-05-13 00:21:00+00:00,-210.894073
2012-05-13 00:22:00+00:00,-227.086777
2012-05-13 00:23:00+00:00,-235.27713
2012-05-13 00:24:00+00:00,-229.812378
2012-05-13 00:25:00+00:00,-232.046967
2012-05-13 00:26:00+00:00,-233.351624
2012-05-13 00:27:00+00:00,-243.117783
2012-05-13 00:28:00+00:00,-247.678955
2012-05-13 00:29:00+00:00,-270.348785
2012-05-13 00:30:00+00:00,-282.31192
2012-05-13 00:31:00+00:00,-302.87973
2012-05-13 00:32:00+00:00,-310.019562
2012-05-13 00:33:00+00:00,-300.147614
2012-05-13 00:34:00+00:00,-304.524963
2012-05-13 00:35:00+00:00,-299.347565
2012-05-13 00:36:00+00:00,-301.994446
2012-05-13 00:37:00+00:00,-295.921204
2012-05-13 00:38:00+00:00,-291.802551
2012-05-13 00:39:00+00:00,-307.976196
2012-05-13 00:40:00+00:00,-318.882721
2012-05-13 00:41:00+00:00,-336.950592
2012-05-13 00:42:00+00:00,-334.078125
2012-05-13 00:43:00+00:00,-326.42334
2012-05-13 00:44:00+00:00,-320.294952
2012-05-13 00:45:00+00:00,-315.697571
2012-05-13 00:46:00+00:00,-319.204468
2012-05-13 00:47:00+00:00,-322.921783
2012-05-13 00:48:00+00:00,-325.832642
2012-05-13 00:49:00+00:00,-342.530823
2012-05-13 00:50:00+00:00,-359.798309
2012-05-13 00:51:00+00:00,-390.650543
2012-05-13 00:52:00+00:00,-407.484344
2012-05-13 00:53:00+00:00,-452.332703
2012-05-13 00:54:00+00:00,-495.17276
2012-05-13 00:55:00+00:00,-522.008484
2012-05-13 00:56:00+00:00,-525.840454
2012-05-13 00:57:00+00:00,-537.680115
2012-05-13 00:58:00+00:00,-541.529053
2012-05-13 00:59:00+00:00,-561.377563
2012-05-13 01:00:00+00:00,-574.233154
2012-05-13 01:01:00+00:00,-571.106079
2012-05-13 01:02:00+00:00,-549.088074
2012-05-13 01:03:00+00:00,-550.945557
2012-05-13 01:04:00+00:00,-564.908936
2012-05-13 01:05:00+00:00,-588.638184
2012-05-13 01:06:00+00:00,-572.415771
2012-05-13 01:07:00+00:00,-607.130127
2012-05-13 01:08:00+00:00,-548.961975
2012-05-13 01:09:00+00:00,-502.801727
2012-05-13 01:10:00+00:00,-514.676941
2012-05-13 01:11:00+00:00,-521.600098
2012-05-13 01:12:00+00:00,-519.551697
2012-05-13 01:13:00+00:00,-510.788361
2012-05-13 01:14:00+00:00,-474.147247
2012-05-13 01:15:00+00:00,-446.974884
2012-05-13 01:16:00+00:00,-444.963531
2012-05-13 01:17:00+00:00,-450.017334
2012-05-13 01:18:00+00:00,-454.085541
2012-05-13 01:19:00+00:00,-463.016449
2012-05-13 01:20:00+00:00,-472.768005
2012-05-13 01:21:00+00:00,-504.81311
2012-05-13 01:22:00+00:00,-511.327637
2012-05-13 01:23:00+00:00,-490.987762
2012-05-13 01:24:00+00:00,-485.699829
2012-05-13 01:25:00+00:00,-481.274567
2012-05-13 01:26:00+00:00,-472.117615
2012-05-13 01:27:00+00:00,-449.637146
2012-05-13 01:28:00+00:00,-443.469177
2012-05-13 01:29:00+00:00,-430.753906
2012-05-13 01:30:00+00:00,-414.133484
2012-05-13 01:31:00+00:00,-411.137177
2012-05-13 01:32:00+00:00,-438.273865
2012-05-13 01:33:00+00:00,-415.993622
2012-05-13 01:34:00+00:00,-428.024323
2012-05-13 01:35:00+00:00,-413.767731
2012-05-13 01:36:00+00:00,-404.839355
2012-05-13 01:37:00+00:00,-404.01532
2012-05-13 01:38:00+00:00,-398.913239
2012-05-13 01:39:00+00:00,-396.976898
2012-05-13 01:40:00+00:00,-406.553986
2012-05-13 01:41:00+00:00,-422.417114
2012-05-13 01:42:00+00:00,-412.171204
2012-05-13 01:43:00+00:00,-411.063049
2012-05-13 01:44:00+00:00,-412.989899
2012-05-13 01:45:00+00:00,-396.630585
2012-05-13 01:46:00+00:00,-406.48175
2012-05-13 01:47:00+00:00,-413.550079
2012-05-13 01:48:00+00:00,-419.375793
2012-05-13 01:49:00+00:00,-444.140991
2012-05-13 01:50:00+00:00,-455.135895
2012-05-13 01:51:00+00:00,-468.25238
2012-05-13 01:52:00+00:00,-465.087708
2012-05-13 01:53:00+00:00,-473.982483
2012-05-13 01:54:00+00:00,-470.930389
2012-05-13 01:55:00+00:00,-469.604584
2012-05-13 01:56:00+00:00,-459.936859
2012-05-13 01:57:00+00:00,-439.24765
2012-05-13 01:58:00+00:00,-428.715637
2012-05-13 01:59:00+00:00,-420.529083
2012-05-13 02:00:00+00:00,-428.0159
2012-05-13 02:01:00+00:00,-443.124603
2012-05-13 02:02:00+00:00,-471.645142
2012-05-13 02:03:00+00:00,-479.352478
2012-05-13 02:04:00+00:00,-460.597198
2012-05-13 02:05:00+00:00,-442.705048
2012-05-13 02:06:00+00:00,-422.230682
2012-05-13 02:07:00+00:00,-410.666016
2012-05-13 02:08:00+00:00,-409.546906
2012-05-13 02:09:00+00:00,-408.456055
2012-05-13 02:10:00+00:00,-408.495789
2012-05-13 02:11:00+00:00,-395.456116
2012-05-13 02:12:00+00:00,-383.545532
2012-05-13 02:13:00+00:00,-376.621307
2012-05-13 02:14:00+00:00,-378.722351
2012-05-13 02:15:00+00:00,-384.807922
2012-05-13 02:16:00+00:00,-374.949127
2012-05-13 02:17:00+00:00,-393.107147
2012-05-13 02:18:00+00:00,-415.227753
2012-05-13 02:19:00+00:00,-413.409058
2012-05-13 02:20:00+00:00,-394.507904
2012-05-13 02:21:00+00:00,-378.621735
2012-05-13 02:22:00+00:00,-376.69751
2012-05-13 02:23:00+00:00,-373.761719
2012-05-13 02:24:00+00:00,-388.069946
2012-05-13 02:25:00+00:00,-401.73291
2012-05-13 02:26:00+00:00,-405.034393
2012-05-13 02:27:00+00:00,-409.275482
2012-05-13 02:28:00+00:00,-400.432007
2012-05-13 02:29:00+00:00,-366.697906
2012-05-13 02:30:00+00:00,-354.996552
2012-05-13 02:31:00+00:00,-351.611572
2012-05-13 02:32:00+00:00,-362.439728
2012-05-13 02:33:00+00:00,-374.785767
2012-05-13 02:34:00+00:00,-401.157288
2012-05-13 02:35:00+00:00,-426.836975
2012-05-13 02:36:00+00:00,-427.860901
2012-05-13 02:37:00+00:00,-406.678772
2012-05-13 02:38:00+00:00,-383.595764
2012-05-13 02:39:00+00:00,-386.742249
2012-05-13 02:40:00+00:00,-379.824493
2012-05-13 02:41:00+00:00,-381.753662
2012-05-13 02:42:00+00:00,-361.694244
2012-05-13 02:43:00+00:00,-381.910858
2012-05-13 02:44:00+00:00,-396.964722
2012-05-13 02:45:00+00:00,-433.451355
2012-05-13 02:46:00+00:00,-398.252838
2012-05-13 02:47:00+00:00,-400.360413
2012-05-20 00:00:00+00:00,-46.151005
2012-05-20 00:01:00+00:00,-46.302517
2012-05-20 00:02:00+00:00,-46.07856
2012-05-20 00:03:00+00:00,-46.083759
2012-05-20 00:04:00+00:00,-47.362633
2012-05-20 00:05:00+00:00,-46.875275
2012-05-20 00:06:00+00:00,-48.098202
2012-05-20 00:07:00+00:00,-48.374271
2012-05-20 00:08:00+00:00,-48.025429
2012-05-20 00:09:00+00:00,-47.304699
2012-05-20 00:10:00+00:00,-47.276489
2012-05-20 00:11:00+00:00,-46.791416
2012-05-20 00:12:00+00:00,-47.693008
2012-05-20 00:13:00+00:00,-47.87682
2012-05-20 00:14:00+00:00,-47.638744
2012-05-20 00:15:00+00:00,-48.29895
2012-05-20 00:16:00+00:00,-48.575222
2012-05-20 00:17:00+00:00,-48.078838
2012-05-20 00:18:00+00:00,-48.254055
2012-05-20 00:19:00+00:00,-47.874313
2012-05-20 00:20:00+00:00,-47.383881
2012-05-20 00:21:00+00:00,-47.697212
2012-05-20 00:22:00+00:00,-49.11607
2012-05-20 00:23:00+00:00,-46.481262
2012-05-20 00:24:00+00:00,-46.901108
2012-05-20 00:25:00+00:00,-44.676826
2012-05-20 00:26:00+00:00,-42.414616
2012-05-20 00:27:00+00:00,-39.923405
2012-05-20 00:28:00+00:00,-38.141445
2012-05-20 00:29:00+00:00,-42.025452
2012-05-20 00:30:00+00:00,-47.100975
2012-05-20 00:31:00+00:00,-48.259583
2012-05-20 00:32:00+00:00,-45.916328
2012-05-20 00:33:00+00:00,-40.943836
2012-05-20 00:34:00+00:00,-39.325138
2012-05-20 00:35:00+00:00,-40.334305
2012-05-20 00:36:00+00:00,-39.051228
2012-05-20 00:37:00+00:00,-39.501335
2012-05-20 00:38:00+00:00,-43.576237
2012-05-20 00:39:00+00:00,-44.681419
2012-05-20 00:40:00+00:00,-39.515511
2012-05-20 00:41:00+00:00,-45.481785
2012-05-20 00:42:00+00:00,-50.507111
2012-05-20 00:43:00+00:00,-41.525261
2012-05-20 00:44:00+00:00,-39.335266
2012-05-20 00:45:00+00:00,-39.685379
2012-05-20 00:46:00+00:00,-43.516708
2012-05-20 00:47:00+00:00,-46.532013
2012-05-20 00:48:00+00:00,-43.84306
2012-05-20 00:49:00+00:00,-42.015617
2012-05-20 00:50:00+00:00,-42.522606
2012-05-20 00:51:00+00:00,-47.52821
2012-05-20 00:52:00+00:00,-51.527016
2012-05-20 00:53:00+00:00,-53.516769
2012-05-20 00:54:00+00:00,-56.508125
2012-05-20 00:55:00+00:00,-59.495712
2012-05-20 00:56:00+00:00,-61.482738
2012-05-20 00:57:00+00:00,-63.473022
2012-05-20 00:58:00+00:00,-65.459045
2012-05-20 00:59:00+00:00,-67.443932
2012-05-20 01:00:00+00:00,-67.426781
2012-05-20 01:01:00+00:00,-67.403282
2012-05-20 01:02:00+00:00,-70.385048
2012-05-20 01:03:00+00:00,-69.362907
2012-05-20 01:04:00+00:00,-66.331337
2012-05-20 01:05:00+00:00,-71.299744
2012-05-20 01:06:00+00:00,-74.281822
2012-05-20 01:07:00+00:00,-66.255112
2012-05-20 01:08:00+00:00,-50.207474
2012-05-20 01:09:00+00:00,-47.555954
2012-05-20 01:10:00+00:00,-50.646637
2012-05-20 01:11:00+00:00,-53.0509
2012-05-20 01:12:00+00:00,-55.079643
2012-05-20 01:13:00+00:00,-55.225967
2012-05-20 01:14:00+00:00,-53.374939
2012-05-20 01:15:00+00:00,-52.197136
2012-05-20 01:16:00+00:00,-52.762589
2012-05-20 01:17:00+00:00,-52.66507
2012-05-20 01:18:00+00:00,-55.119984
2012-05-20 01:19:00+00:00,-55.830353
2012-05-20 01:20:00+00:00,-55.914932
2012-05-20 01:21:00+00:00,-54.438187
2012-05-20 01:22:00+00:00,-54.194527
2012-05-20 01:23:00+00:00,-57.612717
2012-05-20 01:24:00+00:00,-58.344688
2012-05-20 01:25:00+00:00,-64.334648
2012-05-20 01:26:00+00:00,-66.089691
2012-05-20 01:27:00+00:00,-68.191963
2012-05-20 01:28:00+00:00,-65.027481
2012-05-20 01:29:00+00:00,-59.62479
2012-05-20 01:30:00+00:00,-65.830772
2012-05-20 01:31:00+00:00,-90.154274
2012-05-20 01:32:00+00:00,-109.712196
2012-05-20 01:33:00+00:00,-123.53508
2012-05-20 01:34:00+00:00,-113.319519
2012-05-20 01:35:00+00:00,-119.148781
2012-05-20 01:36:00+00:00,-107.59021
2012-05-20 01:37:00+00:00,-93.105957
2012-05-20 01:38:00+00:00,-84.991287
2012-05-20 01:39:00+00:00,-81.26207
2012-05-20 01:40:00+00:00,-76.951469
2012-05-20 01:41:00+00:00,-81.401505
2012-05-20 01:42:00+00:00,-78.01001
2012-05-20 01:43:00+00:00,-58.379757
2012-05-20 01:44:00+00:00,-44.842983
2012-05-20 01:45:00+00:00,-40.653847
2012-05-20 01:46:00+00:00,-41.218468
2012-05-20 01:47:00+00:00,-42.245129
2012-05-20 01:48:00+00:00,-41.203602
2012-05-20 01:49:00+00:00,-42.508068
2012-05-20 01:50:00+00:00,-42.007225
2012-05-20 01:51:00+00:00,-40.445282
2012-05-20 01:52:00+00:00,-40.635735
2012-05-20 01:53:00+00:00,-40.100254
2012-05-20 01:54:00+00:00,-40.142574
2012-05-20 01:55:00+00:00,-39.881908
2012-05-20 01:56:00+00:00,-39.862206
2012-05-20 01:57:00+00:00,-39.849312
2012-05-20 01:58:00+00:00,-41.248505
2012-05-20 01:59:00+00:00,-41.351776
2012-05-20 02:00:00+00:00,-41.768726
2012-05-20 02:01:00+00:00,-41.536541
2012-05-20 02:02:00+00:00,-41.187672
2012-05-20 02:03:00+00:00,-41.689857
2012-05-20 02:04:00+00:00,-40.586414
2012-05-20 02:05:00+00:00,-40.366585
2012-05-20 02:06:00+00:00,-39.245312
2012-05-20 02:07:00+00:00,-38.414886
2012-05-20 02:08:00+00:00,-36.883598
2012-05-20 02:09:00+00:00,-36.242184
2012-05-20 02:10:00+00:00,-35.840355
2012-05-20 02:11:00+00:00,-36.378166
2012-05-20 02:12:00+00:00,-37.072987
2012-05-20 02:13:00+00:00,-37.550655
2012-05-20 02:14:00+00:00,-40.001461
2012-05-20 02:15:00+00:00,-84.957642
2012-05-20 02:16:00+00:00,-46.924236
2012-05-20 02:17:00+00:00,-46.459743
2012-05-20 02:18:00+00:00,-48.430786
2012-05-20 02:19:00+00:00,-71.436501
2012-05-20 02:20:00+00:00,-95.904076
2012-05-20 02:21:00+00:00,-150.708969
2012-05-20 02:22:00+00:00,-225.288971
2012-05-20 02:23:00+00:00,-218.327042
2012-05-20 02:24:00+00:00,-267.604797
2012-05-20 02:25:00+00:00,-483.407471
2012-05-20 02:26:00+00:00,-398.249786
2012-05-20 02:27:00+00:00,-405.075439
2012-05-20 02:28:00+00:00,-450.228851
2012-05-20 02:29:00+00:00,-478.30896
2012-05-20 02:30:00+00:00,-536.322876
2012-05-20 02:31:00+00:00,-529.464478
2012-05-20 02:32:00+00:00,-509.701996
2012-05-20 02:33:00+00:00,-474.906982
2012-05-20 02:34:00+00:00,-521.434387
2012-05-20 02:35:00+00:00,-562.959473
2012-05-20 02:36:00+00:00,-576.116028
2012-05-20 02:37:00+00:00,-578.705322
2012-05-20 02:38:00+00:00,-560.052979
2012-05-20 02:39:00+00:00,-555.875244
2012-05-20 02:40:00+00:00,-558.068665
2012-05-20 02:41:00+00:00,-548.019409
2012-05-20 02:42:00+00:00,-530.498474
2012-05-20 02:43:00+00:00,-499.365601
2012-05-20 02:44:00+00:00,-467.121216
2012-05-20 02:45:00+00:00,-441.58316
2012-05-20 02:46:00+00:00,-421.702972
2012-05-20 02:47:00+00:00,-400.368469
2012-05-27 00:00:00+00:00,-63.875065
2012-05-27 00:01:00+00:00,-62.186047
2012-05-27 00:02:00+00:00,-60.645908
2012-05-27 00:03:00+00:00,-59.591206
2012-05-27 00:04:00+00:00,-57.794991
2012-05-27 00:05:00+00:00,-57.194908
2012-05-27 00:06:00+00:00,-57.448639
2012-05-27 00:07:00+00:00,-58.654846
2012-05-27 00:08:00+00:00,-60.253277
2012-05-27 00:09:00+00:00,-62.610683
2012-05-27 00:10:00+00:00,-64.735825
2012-05-27 00:11:00+00:00,-65.503128
2012-05-27 00:12:00+00:00,-65.79689
2012-05-27 00:13:00+00:00,-65.682495
2012-05-27 00:14:00+00:00,-65.270119
2012-05-27 00:15:00+00:00,-65.071686
2012-05-27 00:16:00+00:00,-64.502083
2012-05-27 00:17:00+00:00,-64.053467
2012-05-27 00:18:00+00:00,-64.347641
2012-05-27 00:19:00+00:00,-64.797119
2012-05-27 00:20:00+00:00,-65.283493
2012-05-27 00:21:00+00:00,-66.341385
2012-05-27 00:22:00+00:00,-67.285835
2012-05-27 00:23:00+00:00,-68.649246
2012-05-27 00:24:00+00:00,-69.186607
2012-05-27 00:25:00+00:00,-69.464294
2012-05-27 00:26:00+00:00,-68.706863
2012-05-27 00:27:00+00:00,-68.292206
2012-05-27 00:28:00+00:00,-67.512787
2012-05-27 00:29:00+00:00,-66.08963
2012-05-27 00:30:00+00:00,-64.598114
2012-05-27 00:31:00+00:00,-63.340824
2012-05-27 00:32:00+00:00,-62.011524
2012-05-27 00:33:00+00:00,-60.917511
2012-05-27 00:34:00+00:00,-60.885387
2012-05-27 00:35:00+00:00,-61.431957
2012-05-27 00:36:00+00:00,-61.565468
2012-05-27 00:37:00+00:00,-61.681496
2012-05-27 00:38:00+00:00,-61.699142
2012-05-27 00:39:00+00:00,-60.801121
2012-05-27 00:40:00+00:00,-59.542549
2012-05-27 00:41:00+00:00,-59.106483
2012-05-27 00:42:00+00:00,-59.131504
2012-05-27 00:43:00+00:00,-59.218178
2012-05-27 00:44:00+00:00,-59.650517
2012-05-27 00:45:00+00:00,-60.976986
2012-05-27 00:46:00+00:00,-61.700874
2012-05-27 00:47:00+00:00,-60.955433
2012-05-27 00:48:00+00:00,-59.624134
2012-05-27 00:49:00+00:00,-57.868534
2012-05-27 00:50:00+00:00,-55.880733
2012-05-27 00:51:00+00:00,-54.615276
2012-05-27 00:52:00+00:00,-54.224518
2012-05-27 00:53:00+00:00,-54.287319
2012-05-27 00:54:00+00:00,-54.476101
2012-05-27 00:55:00+00:00,-55.095501
2012-05-27 00:56:00+00:00,-55.158535
2012-05-27 00:57:00+00:00,-55.603306
2012-05-27 00:58:00+00:00,-56.477058
2012-05-27 00:59:00+00:00,-56.112499
2012-05-27 01:00:00+00:00,-54.994392
2012-05-27 01:01:00+00:00,-53.941082
2012-05-27 01:02:00+00:00,-52.846237
2012-05-27 01:03:00+00:00,-51.976967
2012-05-27 01:04:00+00:00,-52.122005
2012-05-27 01:05:00+00:00,-52.287262
2012-05-27 01:06:00+00:00,-51.648922
2012-05-27 01:07:00+00:00,-48.970047
2012-05-27 01:08:00+00:00,-45.260841
2012-05-27 01:09:00+00:00,-41.655979
2012-05-27 01:10:00+00:00,-38.584091
2012-05-27 01:11:00+00:00,-36.369118
2012-05-27 01:12:00+00:00,-35.550373
2012-05-27 01:13:00+00:00,-35.399109
2012-05-27 01:14:00+00:00,-35.770874
2012-05-27 01:15:00+00:00,-36.83659
2012-05-27 01:16:00+00:00,-36.825874
2012-05-27 01:17:00+00:00,-35.524288
2012-05-27 01:18:00+00:00,-33.886303
2012-05-27 01:19:00+00:00,-32.443577
2012-05-27 01:20:00+00:00,-31.031502
2012-05-27 01:21:00+00:00,-31.390221
2012-05-27 01:22:00+00:00,-33.216671
2012-05-27 01:23:00+00:00,-35.847622
2012-05-27 01:24:00+00:00,-38.00106
2012-05-27 01:25:00+00:00,-37.956203
2012-05-27 01:26:00+00:00,-36.616291
2012-05-27 01:27:00+00:00,-35.540237
2012-05-27 01:28:00+00:00,-34.178223
2012-05-27 01:29:00+00:00,-32.737995
2012-05-27 01:30:00+00:00,-31.032738
2012-05-27 01:31:00+00:00,-29.28656
2012-05-27 01:32:00+00:00,-26.773071
2012-05-27 01:33:00+00:00,-24.477119
2012-05-27 01:34:00+00:00,-25.623154
2012-05-27 01:35:00+00:00,-24.72348
2012-05-27 01:36:00+00:00,-24.950928
2012-05-27 01:37:00+00:00,-24.730026
2012-05-27 01:38:00+00:00,-24.55792
2012-05-27 01:39:00+00:00,-25.1217
2012-05-27 01:40:00+00:00,-26.614946
2012-05-27 01:41:00+00:00,-28.795898
2012-05-27 01:42:00+00:00,-31.76635
2012-05-27 01:43:00+00:00,-35.380875
2012-05-27 01:44:00+00:00,-37.367859
2012-05-27 01:45:00+00:00,-37.518658
2012-05-27 01:46:00+00:00,-35.36647
2012-05-27 01:47:00+00:00,-32.515896
2012-05-27 01:48:00+00:00,-30.654919
2012-05-27 01:49:00+00:00,-30.969423
2012-05-27 01:50:00+00:00,-30.726492
2012-05-27 01:51:00+00:00,-29.793789
2012-05-27 01:52:00+00:00,-29.32935
2012-05-27 01:53:00+00:00,-30.506306
2012-05-27 01:54:00+00:00,-31.484673
2012-05-27 01:55:00+00:00,-31.051065
2012-05-27 01:56:00+00:00,-29.87315
2012-05-27 01:57:00+00:00,-28.563288
2012-05-27 01:58:00+00:00,-28.23205
2012-05-27 01:59:00+00:00,-28.214966
2012-05-27 02:00:00+00:00,-28.357517
2012-05-27 02:01:00+00:00,-26.454868
2012-05-27 02:02:00+00:00,-25.833885
2012-05-27 02:03:00+00:00,-24.393555
2012-05-27 02:04:00+00:00,-24.928572
2012-05-27 02:05:00+00:00,-25.982979
2012-05-27 02:06:00+00:00,-26.585014
2012-05-27 02:07:00+00:00,-25.977303
2012-05-27 02:08:00+00:00,-24.818935
2012-05-27 02:09:00+00:00,-24.43856
2012-05-27 02:10:00+00:00,-23.942575
2012-05-27 02:11:00+00:00,-23.310143
2012-05-27 02:12:00+00:00,-24.420746
2012-05-27 02:13:00+00:00,-25.97134
2012-05-27 02:14:00+00:00,-26.571682
2012-05-27 02:15:00+00:00,-29.846375
2012-05-27 02:16:00+00:00,-31.848927
2012-05-27 02:17:00+00:00,-37.687401
2012-05-27 02:18:00+00:00,-44.681316
2012-05-27 02:19:00+00:00,-50.758568
2012-05-27 02:20:00+00:00,-52.392689
2012-05-27 02:21:00+00:00,-63.426777
2012-05-27 02:22:00+00:00,-53.329456
2012-05-27 02:23:00+00:00,-54.101635
2012-05-27 02:24:00+00:00,-49.500046
2012-05-27 02:25:00+00:00,-53.709232
2012-05-27 02:26:00+00:00,-55.644073
2012-05-27 02:27:00+00:00,-52.85944
2012-05-27 02:28:00+00:00,-43.1423
2012-05-27 02:29:00+00:00,-43.285053
2012-05-27 02:30:00+00:00,-53.23148
2012-05-27 02:31:00+00:00,-60.189926
2012-05-27 02:32:00+00:00,-52.43771
2012-05-27 02:33:00+00:00,-51.472961
2012-05-27 02:34:00+00:00,-50.785961
2012-05-27 02:35:00+00:00,-64.580971
2012-05-27 02:36:00+00:00,-72.050552
2012-05-27 02:37:00+00:00,-89.992401
2012-05-27 02:38:00+00:00,-73.551292
2012-05-27 02:39:00+00:00,-85.588287
2012-05-27 02:40:00+00:00,-92.785904
2012-05-27 02:41:00+00:00,-95.953423
2012-05-27 02:42:00+00:00,-97.196602
2012-05-27 02:43:00+00:00,-101.97998
2012-05-27 02:44:00+00:00,-122.398628
2012-05-27 02:45:00+00:00,-116.881561
2012-05-27 02:46:00+00:00,-109.515656
2012-05-27 02:47:00+00:00,-148.126968
2012-06-03 00:00:00+00:00,-145.782578
2012-06-03 00:01:00+00:00,-140.902283
2012-06-03 00:02:00+00:00,-136.028854
2012-06-03 00:03:00+00:00,-134.898346
2012-06-03 00:04:00+00:00,-139.344315
2012-06-03 00:05:00+00:00,-148.231781
2012-06-03 00:06:00+00:00,-152.035446
2012-06-03 00:07:00+00:00,-153.388748
2012-06-03 00:08:00+00:00,-155.918381
2012-06-03 00:09:00+00:00,-155.265015
2012-06-03 00:10:00+00:00,-152.481934
2012-06-03 00:11:00+00:00,-155.257004
2012-06-03 00:12:00+00:00,-159.850525
2012-06-03 00:13:00+00:00,-160.806747
2012-06-03 00:14:00+00:00,-157.067352
2012-06-03 00:15:00+00:00,-152.998749
2012-06-03 00:16:00+00:00,-152.601288
2012-06-03 00:17:00+00:00,-158.874481
2012-06-03 00:18:00+00:00,-163.906387
2012-06-03 00:19:00+00:00,-166.154831
2012-06-03 00:20:00+00:00,-167.049103
2012-06-03 00:21:00+00:00,-172.521652
2012-06-03 00:22:00+00:00,-175.814117
2012-06-03 00:23:00+00:00,-177.900681
2012-06-03 00:24:00+00:00,-177.243958
2012-06-03 00:25:00+00:00,-177.388474
2012-06-03 00:26:00+00:00,-172.921982
2012-06-03 00:27:00+00:00,-168.726807
2012-06-03 00:28:00+00:00,-162.785461
2012-06-03 00:29:00+00:00,-159.014664
2012-06-03 00:30:00+00:00,-157.853653
2012-06-03 00:31:00+00:00,-157.634842
2012-06-03 00:32:00+00:00,-155.806244
2012-06-03 00:33:00+00:00,-152.376312
2012-06-03 00:34:00+00:00,-150.61322
2012-06-03 00:35:00+00:00,-149.127975
2012-06-03 00:36:00+00:00,-147.504532
2012-06-03 00:37:00+00:00,-140.601028
2012-06-03 00:38:00+00:00,-134.104492
2012-06-03 00:39:00+00:00,-128.807602
2012-06-03 00:40:00+00:00,-121.058739
2012-06-03 00:41:00+00:00,-116.533707
2012-06-03 00:42:00+00:00,-116.548172
2012-06-03 00:43:00+00:00,-116.234718
2012-06-03 00:44:00+00:00,-116.792763
2012-06-03 00:45:00+00:00,-117.438911
2012-06-03 00:46:00+00:00,-114.443886
2012-06-03 00:47:00+00:00,-108.199364
2012-06-03 00:48:00+00:00,-102.247513
2012-06-03 00:49:00+00:00,-97.363899
2012-06-03 00:50:00+00:00,-96.212624
2012-06-03 00:51:00+00:00,-95.975403
2012-06-03 00:52:00+00:00,-93.106049
2012-06-03 00:53:00+00:00,-89.548584
2012-06-03 00:54:00+00:00,-88.509758
2012-06-03 00:55:00+00:00,-86.714844
2012-06-03 00:56:00+00:00,-87.240753
2012-06-03 00:57:00+00:00,-86.768806
2012-06-03 00:58:00+00:00,-87.249237
2012-06-03 00:59:00+00:00,-88.507843
2012-06-03 01:00:00+00:00,-89.439987
2012-06-03 01:01:00+00:00,-92.125305
2012-06-03 01:02:00+00:00,-93.632256
2012-06-03 01:03:00+00:00,-93.135292
2012-06-03 01:04:00+00:00,-93.107285
2012-06-03 01:05:00+00:00,-89.856522
2012-06-03 01:06:00+00:00,-82.846069
2012-06-03 01:07:00+00:00,-78.181923
2012-06-03 01:08:00+00:00,-76.165298
2012-06-03 01:09:00+00:00,-74.921745
2012-06-03 01:10:00+00:00,-73.790596
2012-06-03 01:11:00+00:00,-72.629845
2012-06-03 01:12:00+00:00,-74.083519
2012-06-03 01:13:00+00:00,-76.905701
2012-06-03 01:14:00+00:00,-80.611473
2012-06-03 01:15:00+00:00,-84.190742
2012-06-03 01:16:00+00:00,-85.028702
2012-06-03 01:17:00+00:00,-86.045464
2012-06-03 01:18:00+00:00,-89.309799
2012-06-03 01:19:00+00:00,-91.872192
2012-06-03 01:20:00+00:00,-91.653946
2012-06-03 01:21:00+00:00,-91.77536
2012-06-03 01:22:00+00:00,-92.955673
2012-06-03 01:23:00+00:00,-93.674934
2012-06-03 01:24:00+00:00,-93.440453
2012-06-03 01:25:00+00:00,-95.897293
2012-06-03 01:26:00+00:00,-99.180679
2012-06-03 01:27:00+00:00,-106.008896
2012-06-03 01:28:00+00:00,-109.15654
2012-06-03 01:29:00+00:00,-110.427986
2012-06-03 01:30:00+00:00,-111.667198
2012-06-03 01:31:00+00:00,-113.850914
2012-06-03 01:32:00+00:00,-114.513054
2012-06-03 01:33:00+00:00,-113.038017
2012-06-03 01:34:00+00:00,-111.08503
2012-06-03 01:35:00+00:00,-110.283607
2012-06-03 01:36:00+00:00,-110.292061
2012-06-03 01:37:00+00:00,-111.829773
2012-06-03 01:38:00+00:00,-113.63308
2012-06-03 01:39:00+00:00,-115.754364
2012-06-03 01:40:00+00:00,-116.63472
2012-06-03 01:41:00+00:00,-114.906921
2012-06-03 01:42:00+00:00,-114.313812
2012-06-03 01:43:00+00:00,-113.520515
2012-06-03 01:44:00+00:00,-113.004326
2012-06-03 01:45:00+00:00,-117.519974
2012-06-03 01:46:00+00:00,-122.587692
2012-06-03 01:47:00+00:00,-128.09137
2012-06-03 01:48:00+00:00,-131.918518
2012-06-03 01:49:00+00:00,-128.570801
2012-06-03 01:50:00+00:00,-126.074371
2012-06-03 01:51:00+00:00,-125.533829
2012-06-03 01:52:00+00:00,-122.316284
2012-06-03 01:53:00+00:00,-118.059906
2012-06-03 01:54:00+00:00,-115.350525
2012-06-03 01:55:00+00:00,-114.750679
2012-06-03 01:56:00+00:00,-115.287979
2012-06-03 01:57:00+00:00,-116.886246
2012-06-03 01:58:00+00:00,-118.87175
2012-06-03 01:59:00+00:00,-122.211464
2012-06-03 02:00:00+00:00,-124.733505
2012-06-03 02:01:00+00:00,-125.05217
2012-06-03 02:02:00+00:00,-128.001495
2012-06-03 02:03:00+00:00,-132.789764
2012-06-03 02:04:00+00:00,-137.154114
2012-06-03 02:05:00+00:00,-139.840866
2012-06-03 02:06:00+00:00,-145.468292
2012-06-03 02:07:00+00:00,-147.45668
2012-06-03 02:08:00+00:00,-146.388687
2012-06-03 02:09:00+00:00,-145.511703
2012-06-03 02:10:00+00:00,-146.537094
2012-06-03 02:11:00+00:00,-149.714371
2012-06-03 02:12:00+00:00,-156.607422
2012-06-03 02:13:00+00:00,-161.578644
2012-06-03 02:14:00+00:00,-165.698883
2012-06-03 02:15:00+00:00,-168.650055
2012-06-03 02:16:00+00:00,-169.681702
2012-06-03 02:17:00+00:00,-171.333923
2012-06-03 02:18:00+00:00,-172.351318
2012-06-03 02:19:00+00:00,-181.594086
2012-06-03 02:20:00+00:00,-192.80809
2012-06-03 02:21:00+00:00,-201.394119
2012-06-03 02:22:00+00:00,-206.161606
2012-06-03 02:23:00+00:00,-208.694214
2012-06-03 02:24:00+00:00,-211.661682
2012-06-03 02:25:00+00:00,-213.04155
2012-06-03 02:26:00+00:00,-216.37619
2012-06-03 02:27:00+00:00,-217.960464
2012-06-03 02:28:00+00:00,-219.922424
2012-06-03 02:29:00+00:00,-217.411713
2012-06-03 02:30:00+00:00,-206.193878
2012-06-03 02:31:00+00:00,-199.396164
2012-06-03 02:32:00+00:00,-195.11528
2012-06-03 02:33:00+00:00,-190.391479
2012-06-03 02:34:00+00:00,-186.219101
2012-06-03 02:35:00+00:00,-191.756485
2012-06-03 02:36:00+00:00,-200.488861
2012-06-03 02:37:00+00:00,-207.491852
2012-06-03 02:38:00+00:00,-209.020081
2012-06-03 02:39:00+00:00,-203.723358
2012-06-03 02:40:00+00:00,-196.625671
2012-06-03 02:41:00+00:00,-187.408127
2012-06-03 02:42:00+00:00,-177.441376
2012-06-03 02:43:00+00:00,-170.274124
2012-06-03 02:44:00+00:00,-172.337708
2012-06-03 02:45:00+00:00,-173.144028
2012-06-03 02:46:00+00:00,-172.604874
2012-06-03 02:47:00+00:00,-172.940811
2012-06-10 00:00:00+00:00,-67.43148
2012-06-10 00:01:00+00:00,-67.608505
2012-06-10 00:02:00+00:00,-65.904266
2012-06-10 00:03:00+00:00,-64.418739
2012-06-10 00:04:00+00:00,-63.677418
2012-06-10 00:05:00+00:00,-63.155029
2012-06-10 00:06:00+00:00,-63.002083
2012-06-10 00:07:00+00:00,-63.235291
2012-06-10 00:08:00+00:00,-64.626579
2012-06-10 00:09:00+00:00,-65.34816
2012-06-10 00:10:00+00:00,-64.781441
2012-06-10 00:11:00+00:00,-62.344501
2012-06-10 00:12:00+00:00,-59.920265
2012-06-10 00:13:00+00:00,-59.649475
2012-06-10 00:14:00+00:00,-60.01564
2012-06-10 00:15:00+00:00,-60.756184
2012-06-10 00:16:00+00:00,-61.525185
2012-06-10 00:17:00+00:00,-61.822376
2012-06-10 00:18:00+00:00,-62.572414
2012-06-10 00:19:00+00:00,-61.319359
2012-06-10 00:20:00+00:00,-58.812351
2012-06-10 00:21:00+00:00,-57.748772
2012-06-10 00:22:00+00:00,-59.371891
2012-06-10 00:23:00+00:00,-61.125435
2012-06-10 00:24:00+00:00,-62.717964
2012-06-10 00:25:00+00:00,-63.937973
2012-06-10 00:26:00+00:00,-65.068787
2012-06-10 00:27:00+00:00,-63.960114
2012-06-10 00:28:00+00:00,-60.495865
2012-06-10 00:29:00+00:00,-57.592175
2012-06-10 00:30:00+00:00,-55.802864
2012-06-10 00:31:00+00:00,-54.775272
2012-06-10 00:32:00+00:00,-53.86319
2012-06-10 00:33:00+00:00,-52.386265
2012-06-10 00:34:00+00:00,-50.92878
2012-06-10 00:35:00+00:00,-50.590641
2012-06-10 00:36:00+00:00,-51.119225
2012-06-10 00:37:00+00:00,-51.922058
2012-06-10 00:38:00+00:00,-54.664589
2012-06-10 00:39:00+00:00,-58.112457
2012-06-10 00:40:00+00:00,-58.382359
2012-06-10 00:41:00+00:00,-55.211903
2012-06-10 00:42:00+00:00,-50.730293
2012-06-10 00:43:00+00:00,-49.864594
2012-06-10 00:44:00+00:00,-52.1903
2012-06-10 00:45:00+00:00,-55.638371
2012-06-10 00:46:00+00:00,-57.45599
2012-06-10 00:47:00+00:00,-58.863571
2012-06-10 00:48:00+00:00,-57.773338
2012-06-10 00:49:00+00:00,-56.768604
2012-06-10 00:50:00+00:00,-56.006889
2012-06-10 00:51:00+00:00,-55.551003
2012-06-10 00:52:00+00:00,-55.448112
2012-06-10 00:53:00+00:00,-54.764946
2012-06-10 00:54:00+00:00,-52.500858
2012-06-10 00:55:00+00:00,-50.660995
2012-06-10 00:56:00+00:00,-51.936089
2012-06-10 00:57:00+00:00,-57.012962
2012-06-10 00:58:00+00:00,-59.702465
2012-06-10 00:59:00+00:00,-60.660164
2012-06-10 01:00:00+00:00,-54.14809
2012-06-10 01:01:00+00:00,-49.212299
2012-06-10 01:02:00+00:00,-50.301235
2012-06-10 01:03:00+00:00,-53.975349
2012-06-10 01:04:00+00:00,-56.521988
2012-06-10 01:05:00+00:00,-55.830063
2012-06-10 01:06:00+00:00,-54.030666
2012-06-10 01:07:00+00:00,-52.176773
2012-06-10 01:08:00+00:00,-51.772125
2012-06-10 01:09:00+00:00,-51.542381
2012-06-10 01:10:00+00:00,-51.869205
2012-06-10 01:11:00+00:00,-49.947166
2012-06-10 01:12:00+00:00,-47.509899
2012-06-10 01:13:00+00:00,-45.545921
2012-06-10 01:14:00+00:00,-43.756645
2012-06-10 01:15:00+00:00,-44.127651
2012-06-10 01:16:00+00:00,-45.528305
2012-06-10 01:17:00+00:00,-47.539028
2012-06-10 01:18:00+00:00,-48.633602
2012-06-10 01:19:00+00:00,-47.733166
2012-06-10 01:20:00+00:00,-46.299862
2012-06-10 01:21:00+00:00,-45.508736
2012-06-10 01:22:00+00:00,-46.215492
2012-06-10 01:23:00+00:00,-47.965
2012-06-10 01:24:00+00:00,-50.517963
2012-06-10 01:25:00+00:00,-52.052921
2012-06-10 01:26:00+00:00,-50.880661
2012-06-10 01:27:00+00:00,-49.48774
2012-06-10 01:28:00+00:00,-48.05994
2012-06-10 01:29:00+00:00,-47.076023
2012-06-10 01:30:00+00:00,-46.714924
2012-06-10 01:31:00+00:00,-46.041973
2012-06-10 01:32:00+00:00,-46.087639
2012-06-10 01:33:00+00:00,-47.375126
2012-06-10 01:34:00+00:00,-50.293102
2012-06-10 01:35:00+00:00,-52.323986
2012-06-10 01:36:00+00:00,-52.984375
2012-06-10 01:37:00+00:00,-51.511566
2012-06-10 01:38:00+00:00,-50.93742
2012-06-10 01:39:00+00:00,-50.406315
2012-06-10 01:40:00+00:00,-50.211723
2012-06-10 01:41:00+00:00,-50.888802
2012-06-10 01:42:00+00:00,-50.516644
2012-06-10 01:43:00+00:00,-50.478054
2012-06-10 01:44:00+00:00,-51.414631
2012-06-10 01:45:00+00:00,-52.199421
2012-06-10 01:46:00+00:00,-52.087757
2012-06-10 01:47:00+00:00,-51.839561
2012-06-10 01:48:00+00:00,-51.210068
2012-06-10 01:49:00+00:00,-50.524467
2012-06-10 01:50:00+00:00,-49.421425
2012-06-10 01:51:00+00:00,-47.89801
2012-06-10 01:52:00+00:00,-46.829212
2012-06-10 01:53:00+00:00,-46.966209
2012-06-10 01:54:00+00:00,-48.693459
2012-06-10 01:55:00+00:00,-48.945629
2012-06-10 01:56:00+00:00,-47.433651
2012-06-10 01:57:00+00:00,-47.462204
2012-06-10 01:58:00+00:00,-48.430698
2012-06-10 01:59:00+00:00,-49.698509
2012-06-10 02:00:00+00:00,-50.007812
2012-06-10 02:01:00+00:00,-47.205135
2012-06-10 02:02:00+00:00,-42.15831
2012-06-10 02:03:00+00:00,-39.329029
2012-06-10 02:04:00+00:00,-41.198589
2012-06-10 02:05:00+00:00,-44.481682
2012-06-10 02:06:00+00:00,-47.868587
2012-06-10 02:07:00+00:00,-47.767361
2012-06-10 02:08:00+00:00,-46.795998
2012-06-10 02:09:00+00:00,-47.165428
2012-06-10 02:10:00+00:00,-48.670296
2012-06-10 02:11:00+00:00,-49.20303
2012-06-10 02:12:00+00:00,-48.941212
2012-06-10 02:13:00+00:00,-48.617115
2012-06-10 02:14:00+00:00,-49.23645
2012-06-10 02:15:00+00:00,-48.634026
2012-06-10 02:16:00+00:00,-48.68737
2012-06-10 02:17:00+00:00,-48.78754
2012-06-10 02:18:00+00:00,-49.110806
2012-06-10 02:19:00+00:00,-49.309368
2012-06-10 02:20:00+00:00,-49.582294
2012-06-10 02:21:00+00:00,-50.121815
2012-06-10 02:22:00+00:00,-50.263721
2012-06-10 02:23:00+00:00,-50.065647
2012-06-10 02:24:00+00:00,-50.030075
2012-06-10 02:25:00+00:00,-49.468506
2012-06-10 02:26:00+00:00,-49.024338
2012-06-10 02:27:00+00:00,-49.049969
2012-06-10 02:28:00+00:00,-50.157547
2012-06-10 02:29:00+00:00,-50.002197
2012-06-10 02:30:00+00:00,-48.788845
2012-06-10 02:31:00+00:00,-46.833763
2012-06-10 02:32:00+00:00,-45.227299
2012-06-10 02:33:00+00:00,-44.321232
2012-06-10 02:34:00+00:00,-44.77948
2012-06-10 02:35:00+00:00,-45.30209
2012-06-10 02:36:00+00:00,-45.753174
2012-06-10 02:37:00+00:00,-46.010509
2012-06-10 02:38:00+00:00,-45.895302
2012-06-10 02:39:00+00:00,-45.494255
2012-06-10 02:40:00+00:00,-45.030849
2012-06-10 02:41:00+00:00,-43.856503
2012-06-10 02:42:00+00:00,-44.143913
2012-06-10 02:43:00+00:00,-45.810902
2012-06-10 02:44:00+00:00,-46.100491
2012-06-10 02:45:00+00:00,-45.14436
2012-06-10 02:46:00+00:00,-44.76313
2012-06-10 02:47:00+00:00,-45.355194
2012-06-17 00:00:00+00:00,-158.677979
2012-06-17 00:01:00+00:00,-163.351578
2012-06-17 00:02:00+00:00,-149.923157
2012-06-17 00:03:00+00:00,-155.637573
2012-06-17 00:04:00+00:00,-162.18573
2012-06-17 00:05:00+00:00,-176.26004
2012-06-17 00:06:00+00:00,-178.407349
2012-06-17 00:07:00+00:00,-182.683823
2012-06-17 00:08:00+00:00,-169.337418
2012-06-17 00:09:00+00:00,-157.140823
2012-06-17 00:10:00+00:00,-132.827789
2012-06-17 00:11:00+00:00,-111.419861
2012-06-17 00:12:00+00:00,-89.889557
2012-06-17 00:13:00+00:00,-72.803429
2012-06-17 00:14:00+00:00,-79.788864
2012-06-17 00:15:00+00:00,-49.224716
2012-06-17 00:16:00+00:00,-55.234863
2012-06-17 00:17:00+00:00,-65.890076
2012-06-17 00:18:00+00:00,-69.457611
2012-06-17 00:19:00+00:00,-67.075165
2012-06-17 00:20:00+00:00,-60.050377
2012-06-17 00:21:00+00:00,-58.869102
2012-06-17 00:22:00+00:00,-58.386829
2012-06-17 00:23:00+00:00,-63.817139
2012-06-17 00:24:00+00:00,-61.080624
2012-06-17 00:25:00+00:00,-76.267189
2012-06-17 00:26:00+00:00,-76.877533
2012-06-17 00:27:00+00:00,-71.193954
2012-06-17 00:28:00+00:00,-77.769241
2012-06-17 00:29:00+00:00,-50.262661
2012-06-17 00:30:00+00:00,-44.989712
2012-06-17 00:31:00+00:00,-39.552597
2012-06-17 00:32:00+00:00,-40.270756
2012-06-17 00:33:00+00:00,-40.309662
2012-06-17 00:34:00+00:00,-41.800377
2012-06-17 00:35:00+00:00,-52.605667
2012-06-17 00:36:00+00:00,-63.002628
2012-06-17 00:37:00+00:00,-54.366249
2012-06-17 00:38:00+00:00,-61.717144
2012-06-17 00:39:00+00:00,-73.63028
2012-06-17 00:40:00+00:00,-67.98806
2012-06-17 00:41:00+00:00,-62.579536
2012-06-17 00:42:00+00:00,-84.566322
2012-06-17 00:43:00+00:00,-79.47818
2012-06-17 00:44:00+00:00,-64.926918
2012-06-17 00:45:00+00:00,-57.139576
2012-06-17 00:46:00+00:00,-54.702862
2012-06-17 00:47:00+00:00,-64.537575
2012-06-17 00:48:00+00:00,-60.332947
2012-06-17 00:49:00+00:00,-36.44487
2012-06-17 00:50:00+00:00,-35.267784
2012-06-17 00:51:00+00:00,-40.159264
2012-06-17 00:52:00+00:00,-57.531372
2012-06-17 00:53:00+00:00,-80.332901
2012-06-17 00:54:00+00:00,-75.42955
2012-06-17 00:55:00+00:00,-58.345654
2012-06-17 00:56:00+00:00,-64.598282
2012-06-17 00:57:00+00:00,-61.139091
2012-06-17 00:58:00+00:00,-74.432419
2012-06-17 00:59:00+00:00,-77.481667
2012-06-17 01:00:00+00:00,-68.475784
2012-06-17 01:01:00+00:00,-69.46167
2012-06-17 01:02:00+00:00,-67.453651
2012-06-17 01:03:00+00:00,-76.676338
2012-06-17 01:04:00+00:00,-73.490013
2012-06-17 01:05:00+00:00,-64.347733
2012-06-17 01:06:00+00:00,-64.151749
2012-06-17 01:07:00+00:00,-74.471039
2012-06-17 01:08:00+00:00,-43.607372
2012-06-17 01:09:00+00:00,-33.2136
2012-06-17 01:10:00+00:00,-26.492174
2012-06-17 01:11:00+00:00,-23.64142
2012-06-17 01:12:00+00:00,-25.228727
2012-06-17 01:13:00+00:00,-24.226076
2012-06-17 01:14:00+00:00,-26.946793
2012-06-17 01:15:00+00:00,-13.152685
2012-06-17 01:16:00+00:00,-13.098637
2012-06-17 01:17:00+00:00,-19.320007
2012-06-17 01:18:00+00:00,-22.520163
2012-06-17 01:19:00+00:00,-22.23531
2012-06-17 01:20:00+00:00,-41.330811
2012-06-17 01:21:00+00:00,-44.304848
2012-06-17 01:22:00+00:00,-43.086258
2012-06-17 01:23:00+00:00,-44.685173
2012-06-17 01:24:00+00:00,-28.660889
2012-06-17 01:25:00+00:00,-24.062538
2012-06-17 01:26:00+00:00,-14.847285
2012-06-17 01:27:00+00:00,-20.43811
2012-06-17 01:28:00+00:00,-30.491398
2012-06-17 01:29:00+00:00,-41.416454
2012-06-17 01:30:00+00:00,-51.328156
2012-06-17 01:31:00+00:00,-39.573456
2012-06-17 01:32:00+00:00,-25.650904
2012-06-17 01:33:00+00:00,-42.711834
2012-06-17 01:34:00+00:00,-55.35474
2012-06-17 01:35:00+00:00,-61.012165
2012-06-17 01:36:00+00:00,-37.296406
2012-06-17 01:37:00+00:00,-17.500418
2012-06-17 01:38:00+00:00,-33.114071
2012-06-17 01:39:00+00:00,-59.121517
2012-06-17 01:40:00+00:00,-44.686394
2012-06-17 01:41:00+00:00,-40.37999
2012-06-17 01:42:00+00:00,-43.357559
2012-06-17 01:43:00+00:00,-32.335896
2012-06-17 01:44:00+00:00,-38.789593
2012-06-17 01:45:00+00:00,-52.243057
2012-06-17 01:46:00+00:00,-43.001022
2012-06-17 01:47:00+00:00,-32.387657
2012-06-17 01:48:00+00:00,-28.060326
2012-06-17 01:49:00+00:00,-14.851443
2012-06-17 01:50:00+00:00,-19.242105
2012-06-17 01:51:00+00:00,-4.534266
2012-06-17 01:52:00+00:00,-4.051748
2012-06-17 01:53:00+00:00,-6.228647
2012-06-17 01:54:00+00:00,-19.832399
2012-06-17 01:55:00+00:00,-14.413715
2012-06-17 01:56:00+00:00,-15.008502
2012-06-17 01:57:00+00:00,-51.357094
2012-06-17 01:58:00+00:00,-84.584976
2012-06-17 01:59:00+00:00,-56.207005
2012-06-17 02:00:00+00:00,-54.931183
2012-06-17 02:01:00+00:00,-56.280148
2012-06-17 02:02:00+00:00,-28.137465
2012-06-17 02:03:00+00:00,-6.259207
2012-06-17 02:04:00+00:00,-32.618332
2012-06-17 02:05:00+00:00,-22.130424
2012-06-17 02:06:00+00:00,-14.622994
2012-06-17 02:07:00+00:00,-19.161484
2012-06-17 02:08:00+00:00,-18.938292
2012-06-17 02:09:00+00:00,-19.099251
2012-06-17 02:10:00+00:00,-28.368412
2012-06-17 02:11:00+00:00,-24.305387
2012-06-17 02:12:00+00:00,-22.936592
2012-06-17 02:13:00+00:00,-39.942738
2012-06-17 02:14:00+00:00,-58.773087
2012-06-17 02:15:00+00:00,-70.582962
2012-06-17 02:16:00+00:00,-68.868584
2012-06-17 02:17:00+00:00,-64.451096
2012-06-17 02:18:00+00:00,-62.483978
2012-06-17 02:19:00+00:00,-64.322746
2012-06-17 02:20:00+00:00,-62.046539
2012-06-17 02:21:00+00:00,-63.044086
2012-06-17 02:22:00+00:00,-62.874023
2012-06-17 02:23:00+00:00,-56.835167
2012-06-17 02:24:00+00:00,-55.69817
2012-06-17 02:25:00+00:00,-54.980618
2012-06-17 02:26:00+00:00,-61.985291
2012-06-17 02:27:00+00:00,-66.465164
2012-06-17 02:28:00+00:00,-59.037472
2012-06-17 02:29:00+00:00,-41.079212
2012-06-17 02:30:00+00:00,-22.360945
2012-06-17 02:31:00+00:00,-4.449433
2012-06-17 02:32:00+00:00,-4.051314
2012-06-17 02:33:00+00:00,5.441417
2012-06-17 02:34:00+00:00,5.858771
2012-06-17 02:35:00+00:00,-6.512602
2012-06-17 02:36:00+00:00,-25.414986
2012-06-17 02:37:00+00:00,-36.580791
2012-06-17 02:38:00+00:00,-42.187183
2012-06-17 02:39:00+00:00,-64.959885
2012-06-17 02:40:00+00:00,-106.604378
2012-06-17 02:41:00+00:00,-104.089417
2012-06-17 02:42:00+00:00,-100.585876
2012-06-17 02:43:00+00:00,-92.334
2012-06-17 02:44:00+00:00,-73.774193
2012-06-17 02:45:00+00:00,-81.933792
2012-06-17 02:46:00+00:00,-113.753487
2012-06-17 02:47:00+00:00,-147.590897
2012-06-24 00:00:00+00:00,-76.300125
2012-06-24 00:01:00+00:00,-75.007385
2012-06-24 00:02:00+00:00,-72.950676
2012-06-24 00:03:00+00:00,-72.616089
2012-06-24 00:04:00+00:00,-73.001678
2012-06-24 00:05:00+00:00,-74.996094
2012-06-24 00:06:00+00:00,-74.553429
2012-06-24 00:07:00+00:00,-68.618011
2012-06-24 00:08:00+00:00,-65.801033
2012-06-24 00:09:00+00:00,-66.518768
2012-06-24 00:10:00+00:00,-67.605042
2012-06-24 00:11:00+00:00,-68.243454
2012-06-24 00:12:00+00:00,-67.369537
2012-06-24 00:13:00+00:00,-65.873901
2012-06-24 00:14:00+00:00,-64.260445
2012-06-24 00:15:00+00:00,-63.045765
2012-06-24 00:16:00+00:00,-61.278641
2012-06-24 00:17:00+00:00,-58.727699
2012-06-24 00:18:00+00:00,-54.747375
2012-06-24 00:19:00+00:00,-50.971458
2012-06-24 00:20:00+00:00,-47.593285
2012-06-24 00:21:00+00:00,-45.420475
2012-06-24 00:22:00+00:00,-47.141487
2012-06-24 00:23:00+00:00,-49.554188
2012-06-24 00:24:00+00:00,-47.745445
2012-06-24 00:25:00+00:00,-44.898861
2012-06-24 00:26:00+00:00,-40.304462
2012-06-24 00:27:00+00:00,-37.506187
2012-06-24 00:28:00+00:00,-39.4132
2012-06-24 00:29:00+00:00,-40.507923
2012-06-24 00:30:00+00:00,-38.950493
2012-06-24 00:31:00+00:00,-37.354561
2012-06-24 00:32:00+00:00,-38.054203
2012-06-24 00:33:00+00:00,-40.652954
2012-06-24 00:34:00+00:00,-42.061897
2012-06-24 00:35:00+00:00,-40.492897
2012-06-24 00:36:00+00:00,-38.759384
2012-06-24 00:37:00+00:00,-38.549782
2012-06-24 00:38:00+00:00,-40.697254
2012-06-24 00:39:00+00:00,-42.216007
2012-06-24 00:40:00+00:00,-48.097389
2012-06-24 00:41:00+00:00,-46.465385
2012-06-24 00:42:00+00:00,-39.952744
2012-06-24 00:43:00+00:00,-39.64732
2012-06-24 00:44:00+00:00,-42.256092
2012-06-24 00:45:00+00:00,-40.71846
2012-06-24 00:46:00+00:00,-34.263142
2012-06-24 00:47:00+00:00,-29.887642
2012-06-24 00:48:00+00:00,-33.030632
2012-06-24 00:49:00+00:00,-42.361984
2012-06-24 00:50:00+00:00,-51.439274
2012-06-24 00:51:00+00:00,-53.565178
2012-06-24 00:52:00+00:00,-54.433987
2012-06-24 00:53:00+00:00,-56.008751
2012-06-24 00:54:00+00:00,-59.275322
2012-06-24 00:55:00+00:00,-62.145
2012-06-24 00:56:00+00:00,-62.81794
2012-06-24 00:57:00+00:00,-63.119278
2012-06-24 00:58:00+00:00,-62.756973
2012-06-24 00:59:00+00:00,-60.500519
2012-06-24 01:00:00+00:00,-57.4729
2012-06-24 01:01:00+00:00,-54.4165
2012-06-24 01:02:00+00:00,-52.627182
2012-06-24 01:03:00+00:00,-52.443924
2012-06-24 01:04:00+00:00,-52.314022
2012-06-24 01:05:00+00:00,-48.463676
2012-06-24 01:06:00+00:00,-47.706474
2012-06-24 01:07:00+00:00,-47.633877
2012-06-24 01:08:00+00:00,-45.788357
2012-06-24 01:09:00+00:00,-43.085213
2012-06-24 01:10:00+00:00,-40.313492
2012-06-24 01:11:00+00:00,-37.90329
2012-06-24 01:12:00+00:00,-36.471714
2012-06-24 01:13:00+00:00,-36.651073
2012-06-24 01:14:00+00:00,-36.895248
2012-06-24 01:15:00+00:00,-37.143116
2012-06-24 01:16:00+00:00,-37.772003
2012-06-24 01:17:00+00:00,-37.974483
2012-06-24 01:18:00+00:00,-39.663048
2012-06-24 01:19:00+00:00,-39.876743
2012-06-24 01:20:00+00:00,-41.301109
2012-06-24 01:21:00+00:00,-43.052345
2012-06-24 01:22:00+00:00,-42.325752
2012-06-24 01:23:00+00:00,-42.898014
2012-06-24 01:24:00+00:00,-45.091698
2012-06-24 01:25:00+00:00,-46.711815
2012-06-24 01:26:00+00:00,-44.954647
2012-06-24 01:27:00+00:00,-44.733265
2012-06-24 01:28:00+00:00,-46.898247
2012-06-24 01:29:00+00:00,-50.553097
2012-06-24 01:30:00+00:00,-53.408741
2012-06-24 01:31:00+00:00,-55.367737
2012-06-24 01:32:00+00:00,-56.227428
2012-06-24 01:33:00+00:00,-55.114059
2012-06-24 01:34:00+00:00,-53.745422
2012-06-24 01:35:00+00:00,-54.004345
2012-06-24 01:36:00+00:00,-53.273651
2012-06-24 01:37:00+00:00,-53.226212
2012-06-24 01:38:00+00:00,-54.475491
2012-06-24 01:39:00+00:00,-55.381512
2012-06-24 01:40:00+00:00,-55.684696
2012-06-24 01:41:00+00:00,-56.225883
2012-06-24 01:42:00+00:00,-57.628139
2012-06-24 01:43:00+00:00,-58.402214
2012-06-24 01:44:00+00:00,-57.052032
2012-06-24 01:45:00+00:00,-55.557106
2012-06-24 01:46:00+00:00,-55.025955
2012-06-24 01:47:00+00:00,-54.673214
2012-06-24 01:48:00+00:00,-54.166981
2012-06-24 01:49:00+00:00,-53.428169
2012-06-24 01:50:00+00:00,-53.681408
2012-06-24 01:51:00+00:00,-52.104446
2012-06-24 01:52:00+00:00,-47.85257
2012-06-24 01:53:00+00:00,-60.86351
2012-06-24 01:54:00+00:00,-64.309021
2012-06-24 01:55:00+00:00,-62.109997
2012-06-24 01:56:00+00:00,-80.70591
2012-06-24 01:57:00+00:00,-71.864632
2012-06-24 01:58:00+00:00,-141.313522
2012-06-24 01:59:00+00:00,-162.02623
2012-06-24 02:00:00+00:00,-168.63063
2012-06-24 02:01:00+00:00,-173.85585
2012-06-24 02:02:00+00:00,-177.022675
2012-06-24 02:03:00+00:00,-158.828781
2012-06-24 02:04:00+00:00,-146.877838
2012-06-24 02:05:00+00:00,-114.639168
2012-06-24 02:06:00+00:00,-122.651268
2012-06-24 02:07:00+00:00,-115.683052
2012-06-24 02:08:00+00:00,-120.246048
2012-06-24 02:09:00+00:00,-125.063751
2012-06-24 02:10:00+00:00,-124.300293
2012-06-24 02:11:00+00:00,-125.991791
2012-06-24 02:12:00+00:00,-134.463425
2012-06-24 02:13:00+00:00,-136.364594
2012-06-24 02:14:00+00:00,-134.708954
2012-06-24 02:15:00+00:00,-130.110748
2012-06-24 02:16:00+00:00,-131.774124
2012-06-24 02:17:00+00:00,-135.488998
2012-06-24 02:18:00+00:00,-138.237854
2012-06-24 02:19:00+00:00,-135.624161
2012-06-24 02:20:00+00:00,-132.203598
2012-06-24 02:21:00+00:00,-125.603088
2012-06-24 02:22:00+00:00,-123.103874
2012-06-24 02:23:00+00:00,-117.830925
2012-06-24 02:24:00+00:00,-113.353592
2012-06-24 02:25:00+00:00,-107.82029
2012-06-24 02:26:00+00:00,-104.017136
2012-06-24 02:27:00+00:00,-101.548607
2012-06-24 02:28:00+00:00,-97.824852
2012-06-24 02:29:00+00:00,-94.512848
2012-06-24 02:30:00+00:00,-91.505165
2012-06-24 02:31:00+00:00,-89.893684
2012-06-24 02:32:00+00:00,-87.264709
2012-06-24 02:33:00+00:00,-85.781197
2012-06-24 02:34:00+00:00,-83.76149
2012-06-24 02:35:00+00:00,-80.872543
2012-06-24 02:36:00+00:00,-81.468834
2012-06-24 02:37:00+00:00,-80.244659
2012-06-24 02:38:00+00:00,-80.112984
2012-06-24 02:39:00+00:00,-73.585701
2012-06-24 02:40:00+00:00,-75.085526
2012-06-24 02:41:00+00:00,-69.369286
2012-06-24 02:42:00+00:00,-66.026787
2012-06-24 02:43:00+00:00,-60.280655
2012-06-24 02:44:00+00:00,-57.610435
2012-06-24 02:45:00+00:00,-57.340042
2012-06-24 02:46:00+00:00,-57.151062
2012-06-24 02:47:00+00:00,-56.122555
2012-07-01 00:00:00+00:00,-224.317505
2012-07-01 00:01:00+00:00,-202.30542
2012-07-01 00:02:00+00:00,-193.371429
2012-07-01 00:03:00+00:00,-187.962616
2012-07-01 00:04:00+00:00,-173.250168
2012-07-01 00:05:00+00:00,-156.829773
2012-07-01 00:06:00+00:00,-151.662415
2012-07-01 00:07:00+00:00,-152.601624
2012-07-01 00:08:00+00:00,-148.778625
2012-07-01 00:09:00+00:00,-150.96022
2012-07-01 00:10:00+00:00,-153.459122
2012-07-01 00:11:00+00:00,-157.119415
2012-07-01 00:12:00+00:00,-162.21286
2012-07-01 00:13:00+00:00,-163.31633
2012-07-01 00:14:00+00:00,-165.381073
2012-07-01 00:15:00+00:00,-169.812317
2012-07-01 00:16:00+00:00,-171.006897
2012-07-01 00:17:00+00:00,-171.689407
2012-07-01 00:18:00+00:00,-172.759888
2012-07-01 00:19:00+00:00,-172.663513
2012-07-01 00:20:00+00:00,-169.621552
2012-07-01 00:21:00+00:00,-168.080688
2012-07-01 00:22:00+00:00,-171.066147
2012-07-01 00:23:00+00:00,-167.927414
2012-07-01 00:24:00+00:00,-166.752747
2012-07-01 00:25:00+00:00,-169.888168
2012-07-01 00:26:00+00:00,-171.550812
2012-07-01 00:27:00+00:00,-169.042328
2012-07-01 00:28:00+00:00,-170.711426
2012-07-01 00:29:00+00:00,-167.510117
2012-07-01 00:30:00+00:00,-162.141159
2012-07-01 00:31:00+00:00,-157.515472
2012-07-01 00:32:00+00:00,-153.345673
2012-07-01 00:33:00+00:00,-150.509491
2012-07-01 00:34:00+00:00,-148.195786
2012-07-01 00:35:00+00:00,-141.948364
2012-07-01 00:36:00+00:00,-138.153351
2012-07-01 00:37:00+00:00,-136.662415
2012-07-01 00:38:00+00:00,-131.647949
2012-07-01 00:39:00+00:00,-133.302933
2012-07-01 00:40:00+00:00,-132.781372
2012-07-01 00:41:00+00:00,-125.986229
2012-07-01 00:42:00+00:00,-117.230843
2012-07-01 00:43:00+00:00,-108.467735
2012-07-01 00:44:00+00:00,-102.762444
2012-07-01 00:45:00+00:00,-89.717392
2012-07-01 00:46:00+00:00,-84.933205
2012-07-01 00:47:00+00:00,-86.808807
2012-07-01 00:48:00+00:00,-89.952888
2012-07-01 00:49:00+00:00,-90.485214
2012-07-01 00:50:00+00:00,-94.114624
2012-07-01 00:51:00+00:00,-93.579285
2012-07-01 00:52:00+00:00,-127.95034
2012-07-01 00:53:00+00:00,-127.26136
2012-07-01 00:54:00+00:00,-132.10849
2012-07-01 00:55:00+00:00,-140.943909
2012-07-01 00:56:00+00:00,-142.545929
2012-07-01 00:57:00+00:00,-141.768112
2012-07-01 00:58:00+00:00,-140.893677
2012-07-01 00:59:00+00:00,-131.55838
2012-07-01 01:00:00+00:00,-127.30426
2012-07-01 01:01:00+00:00,-118.412407
2012-07-01 01:02:00+00:00,-106.788589
2012-07-01 01:03:00+00:00,-105.596085
2012-07-01 01:04:00+00:00,-111.141434
2012-07-01 01:05:00+00:00,-106.815651
2012-07-01 01:06:00+00:00,-100.324219
2012-07-01 01:07:00+00:00,-92.518677
2012-07-01 01:08:00+00:00,-89.763016
2012-07-01 01:09:00+00:00,-84.0159
2012-07-01 01:10:00+00:00,-83.148605
2012-07-01 01:11:00+00:00,-88.05513
2012-07-01 01:12:00+00:00,-91.261131
2012-07-01 01:13:00+00:00,-93.098152
2012-07-01 01:14:00+00:00,-92.082535
2012-07-01 01:15:00+00:00,-109.769119
2012-07-01 01:16:00+00:00,-110.313286
2012-07-01 01:17:00+00:00,-124.766342
2012-07-01 01:18:00+00:00,-125.69883
2012-07-01 01:19:00+00:00,-135.803131
2012-07-01 01:20:00+00:00,-150.281418
2012-07-01 01:21:00+00:00,-160.742096
2012-07-01 01:22:00+00:00,-201.563293
2012-07-01 01:23:00+00:00,-217.221832
2012-07-01 01:24:00+00:00,-218.676239
2012-07-01 01:25:00+00:00,-226.66861
2012-07-01 01:26:00+00:00,-226.672409
2012-07-01 01:27:00+00:00,-311.940979
2012-07-01 01:28:00+00:00,-329.553375
2012-07-01 01:29:00+00:00,-294.557648
2012-07-01 01:30:00+00:00,-291.436127
2012-07-01 01:31:00+00:00,-310.740051
2012-07-01 01:32:00+00:00,-318.959045
2012-07-01 01:33:00+00:00,-392.293884
2012-07-01 01:34:00+00:00,-443.872498
2012-07-01 01:35:00+00:00,-503.189056
2012-07-01 01:36:00+00:00,-525.264099
2012-07-01 01:37:00+00:00,-550.7901
2012-07-01 01:38:00+00:00,-566.435791
2012-07-01 01:39:00+00:00,-593.865601
2012-07-01 01:40:00+00:00,-561.236755
2012-07-01 01:41:00+00:00,-559.653625
2012-07-01 01:42:00+00:00,-575.59491
2012-07-01 01:43:00+00:00,-612.985352
2012-07-01 01:44:00+00:00,-602.463684
2012-07-01 01:45:00+00:00,-550.454773
2012-07-01 01:46:00+00:00,-533.843933
2012-07-01 01:47:00+00:00,-499.974823
2012-07-01 01:48:00+00:00,-532.919373
2012-07-01 01:49:00+00:00,-534.453918
2012-07-01 01:50:00+00:00,-509.798248
2012-07-01 01:51:00+00:00,-488.600861
2012-07-01 01:52:00+00:00,-514.151489
2012-07-01 01:53:00+00:00,-566.711304
2012-07-01 01:54:00+00:00,-582.910645
2012-07-01 01:55:00+00:00,-534.52124
2012-07-01 01:56:00+00:00,-492.214111
2012-07-01 01:57:00+00:00,-464.506775
2012-07-01 01:58:00+00:00,-452.690247
2012-07-01 01:59:00+00:00,-443.604401
2012-07-01 02:00:00+00:00,-416.359558
2012-07-01 02:01:00+00:00,-360.20694
2012-07-01 02:02:00+00:00,-358.030945
2012-07-01 02:03:00+00:00,-355.501556
2012-07-01 02:04:00+00:00,-344.317078
2012-07-01 02:05:00+00:00,-360.105621
2012-07-01 02:06:00+00:00,-351.092865
2012-07-01 02:07:00+00:00,-356.063171
2012-07-01 02:08:00+00:00,-386.989532
2012-07-01 02:09:00+00:00,-415.79422
2012-07-01 02:10:00+00:00,-385.4711
2012-07-01 02:11:00+00:00,-382.547119
2012-07-01 02:12:00+00:00,-375.366333
2012-07-01 02:13:00+00:00,-380.706543
2012-07-01 02:14:00+00:00,-394.878387
2012-07-01 02:15:00+00:00,-394.609589
2012-07-01 02:16:00+00:00,-392.763672
2012-07-01 02:17:00+00:00,-376.900146
2012-07-01 02:18:00+00:00,-353.698883
2012-07-01 02:19:00+00:00,-337.538971
2012-07-01 02:20:00+00:00,-314.778931
2012-07-01 02:21:00+00:00,-285.643982
2012-07-01 02:22:00+00:00,-274.610809
2012-07-01 02:23:00+00:00,-261.723053
2012-07-01 02:24:00+00:00,-223.196747
2012-07-01 02:25:00+00:00,-222.375763
2012-07-01 02:26:00+00:00,-215.948151
2012-07-01 02:27:00+00:00,-194.164886
2012-07-01 02:28:00+00:00,-187.662872
2012-07-01 02:29:00+00:00,-196.278824
2012-07-01 02:30:00+00:00,-201.354736
2012-07-01 02:31:00+00:00,-251.155701
2012-07-01 02:32:00+00:00,-231.434433
2012-07-01 02:33:00+00:00,-231.026688
2012-07-01 02:34:00+00:00,-234.692535
2012-07-01 02:35:00+00:00,-220.177963
2012-07-01 02:36:00+00:00,-210.842438
2012-07-01 02:37:00+00:00,-210.621887
2012-07-01 02:38:00+00:00,-235.831192
2012-07-01 02:39:00+00:00,-236.572525
2012-07-01 02:40:00+00:00,-206.911194
2012-07-01 02:41:00+00:00,-198.387833
2012-07-01 02:42:00+00:00,-198.949066
2012-07-01 02:43:00+00:00,-185.244095
2012-07-01 02:44:00+00:00,-204.105133
2012-07-01 02:45:00+00:00,-219.029724
2012-07-01 02:46:00+00:00,-216.36821
2012-07-01 02:47:00+00:00,-230.103775
2012-07-08 00:00:00+00:00,-63.082462
2012-07-08 00:01:00+00:00,-63.768559
2012-07-08 00:02:00+00:00,-61.417053
2012-07-08 00:03:00+00:00,-60.808113
2012-07-08 00:04:00+00:00,-58.669163
2012-07-08 00:05:00+00:00,-57.451263
2012-07-08 00:06:00+00:00,-62.393562
2012-07-08 00:07:00+00:00,-67.959808
2012-07-08 00:08:00+00:00,-73.231094
2012-07-08 00:09:00+00:00,-73.324272
2012-07-08 00:10:00+00:00,-68.62114
2012-07-08 00:11:00+00:00,-64.592293
2012-07-08 00:12:00+00:00,-60.150696
2012-07-08 00:13:00+00:00,-58.578465
2012-07-08 00:14:00+00:00,-62.14502
2012-07-08 00:15:00+00:00,-62.017845
2012-07-08 00:16:00+00:00,-58.700554
2012-07-08 00:17:00+00:00,-57.975815
2012-07-08 00:18:00+00:00,-58.763428
2012-07-08 00:19:00+00:00,-60.295708
2012-07-08 00:20:00+00:00,-60.312775
2012-07-08 00:21:00+00:00,-60.400455
2012-07-08 00:22:00+00:00,-62.119186
2012-07-08 00:23:00+00:00,-62.482483
2012-07-08 00:24:00+00:00,-53.602646
2012-07-08 00:25:00+00:00,-47.035156
2012-07-08 00:26:00+00:00,-48.880489
2012-07-08 00:27:00+00:00,-49.652206
2012-07-08 00:28:00+00:00,-51.956635
2012-07-08 00:29:00+00:00,-52.701874
2012-07-08 00:30:00+00:00,-54.133972
2012-07-08 00:31:00+00:00,-52.159271
2012-07-08 00:32:00+00:00,-50.665619
2012-07-08 00:33:00+00:00,-44.859901
2012-07-08 00:34:00+00:00,-39.062183
2012-07-08 00:35:00+00:00,-39.431541
2012-07-08 00:36:00+00:00,-40.933655
2012-07-08 00:37:00+00:00,-39.137825
2012-07-08 00:38:00+00:00,-33.056351
2012-07-08 00:39:00+00:00,-31.002459
2012-07-08 00:40:00+00:00,-31.569496
2012-07-08 00:41:00+00:00,-31.180288
2012-07-08 00:42:00+00:00,-31.031101
2012-07-08 00:43:00+00:00,-32.413902
2012-07-08 00:44:00+00:00,-33.630428
2012-07-08 00:45:00+00:00,-35.301315
2012-07-08 00:46:00+00:00,-34.735001
2012-07-08 00:47:00+00:00,-33.500374
2012-07-08 00:48:00+00:00,-32.988041
2012-07-08 00:49:00+00:00,-34.590553
2012-07-08 00:50:00+00:00,-35.652611
2012-07-08 00:51:00+00:00,-37.11071
2012-07-08 00:52:00+00:00,-38.997055
2012-07-08 00:53:00+00:00,-39.418526
2012-07-08 00:54:00+00:00,-39.600723
2012-07-08 00:55:00+00:00,-39.58609
2012-07-08 00:56:00+00:00,-39.092377
2012-07-08 00:57:00+00:00,-38.575611
2012-07-08 00:58:00+00:00,-38.706665
2012-07-08 00:59:00+00:00,-38.298992
2012-07-08 01:00:00+00:00,-37.890984
2012-07-08 01:01:00+00:00,-37.801506
2012-07-08 01:02:00+00:00,-37.295753
2012-07-08 01:03:00+00:00,-35.72234
2012-07-08 01:04:00+00:00,-34.739449
2012-07-08 01:05:00+00:00,-34.112679
2012-07-08 01:06:00+00:00,-34.620338
2012-07-08 01:07:00+00:00,-34.608109
2012-07-08 01:08:00+00:00,-34.915092
2012-07-08 01:09:00+00:00,-36.212616
2012-07-08 01:10:00+00:00,-38.198196
2012-07-08 01:11:00+00:00,-40.671619
2012-07-08 01:12:00+00:00,-41.358448
2012-07-08 01:13:00+00:00,-41.636589
2012-07-08 01:14:00+00:00,-42.39275
2012-07-08 01:15:00+00:00,-43.989368
2012-07-08 01:16:00+00:00,-45.167301
2012-07-08 01:17:00+00:00,-45.981392
2012-07-08 01:18:00+00:00,-45.135719
2012-07-08 01:19:00+00:00,-45.539444
2012-07-08 01:20:00+00:00,-44.828293
2012-07-08 01:21:00+00:00,-44.064739
2012-07-08 01:22:00+00:00,-44.115955
2012-07-08 01:23:00+00:00,-42.492668
2012-07-08 01:24:00+00:00,-42.76025
2012-07-08 01:25:00+00:00,-44.485119
2012-07-08 01:26:00+00:00,-45.932877
2012-07-08 01:27:00+00:00,-45.894516
2012-07-08 01:28:00+00:00,-46.659088
2012-07-08 01:29:00+00:00,-46.636719
2012-07-08 01:30:00+00:00,-43.531349
2012-07-08 01:31:00+00:00,-42.01685
2012-07-08 01:32:00+00:00,-42.188652
2012-07-08 01:33:00+00:00,-42.601505
2012-07-08 01:34:00+00:00,-43.712505
2012-07-08 01:35:00+00:00,-43.680889
2012-07-08 01:36:00+00:00,-40.710823
2012-07-08 01:37:00+00:00,-39.65979
2012-07-08 01:38:00+00:00,-39.51672
2012-07-08 01:39:00+00:00,-39.937706
2012-07-08 01:40:00+00:00,-40.562088
2012-07-08 01:41:00+00:00,-37.876263
2012-07-08 01:42:00+00:00,-37.929115
2012-07-08 01:43:00+00:00,-34.891605
2012-07-08 01:44:00+00:00,-37.234497
2012-07-08 01:45:00+00:00,-38.331379
2012-07-08 01:46:00+00:00,-38.389359
2012-07-08 01:47:00+00:00,-36.716602
2012-07-08 01:48:00+00:00,-35.876644
2012-07-08 01:49:00+00:00,-37.152752
2012-07-08 01:50:00+00:00,-38.132877
2012-07-08 01:51:00+00:00,-39.063179
2012-07-08 01:52:00+00:00,-39.29332
2012-07-08 01:53:00+00:00,-38.530857
2012-07-08 01:54:00+00:00,-37.750526
2012-07-08 01:55:00+00:00,-39.022182
2012-07-08 01:56:00+00:00,-39.744324
2012-07-08 01:57:00+00:00,-40.655289
2012-07-08 01:58:00+00:00,-41.579361
2012-07-08 01:59:00+00:00,-41.042969
2012-07-08 02:00:00+00:00,-40.509598
2012-07-08 02:01:00+00:00,-40.229664
2012-07-08 02:02:00+00:00,-40.14465
2012-07-08 02:03:00+00:00,-40.446983
2012-07-08 02:04:00+00:00,-41.957012
2012-07-08 02:05:00+00:00,-41.839821
2012-07-08 02:06:00+00:00,-40.693104
2012-07-08 02:07:00+00:00,-40.127254
2012-07-08 02:08:00+00:00,-39.706261
2012-07-08 02:09:00+00:00,-39.328632
2012-07-08 02:10:00+00:00,-40.163124
2012-07-08 02:11:00+00:00,-45.248283
2012-07-08 02:12:00+00:00,-47.332169
2012-07-08 02:13:00+00:00,-44.414742
2012-07-08 02:14:00+00:00,-41.496452
2012-07-08 02:15:00+00:00,-39.579601
2012-07-08 02:16:00+00:00,-40.658932
2012-07-08 02:17:00+00:00,-43.736305
2012-07-08 02:18:00+00:00,-45.812164
2012-07-08 02:19:00+00:00,-43.887451
2012-07-08 02:20:00+00:00,-42.960175
2012-07-08 02:21:00+00:00,-42.031265
2012-07-08 02:22:00+00:00,-44.100685
2012-07-08 02:23:00+00:00,-45.170853
2012-07-08 02:24:00+00:00,-45.236763
2012-07-08 02:25:00+00:00,-45.300888
2012-07-08 02:26:00+00:00,-46.364162
2012-07-08 02:27:00+00:00,-46.424591
2012-07-08 02:28:00+00:00,-45.483109
2012-07-08 02:29:00+00:00,-44.539684
2012-07-08 02:30:00+00:00,-42.596336
2012-07-08 02:31:00+00:00,-41.648605
2012-07-08 02:32:00+00:00,-41.69796
2012-07-08 02:33:00+00:00,-40.74596
2012-07-08 02:34:00+00:00,-39.790737
2012-07-08 02:35:00+00:00,-38.834332
2012-07-08 02:36:00+00:00,-39.874878
2012-07-08 02:37:00+00:00,-39.913929
2012-07-08 02:38:00+00:00,-41.952152
2012-07-08 02:39:00+00:00,-41.987453
2012-07-08 02:40:00+00:00,-41.021526
2012-07-08 02:41:00+00:00,-41.052505
2012-07-08 02:42:00+00:00,-39.082436
2012-07-08 02:43:00+00:00,-39.111893
2012-07-08 02:44:00+00:00,-39.138519
2012-07-08 02:45:00+00:00,-38.166092
2012-07-08 02:46:00+00:00,-39.191196
2012-07-08 02:47:00+00:00,-40.215206
2012-07-15 00:00:00+00:00,-56.754227
2012-07-15 00:01:00+00:00,-74.714493
2012-07-15 00:02:00+00:00,-63.88488
2012-07-15 00:03:00+00:00,-78.055435
2012-07-15 00:04:00+00:00,-94.553375
2012-07-15 00:05:00+00:00,-96.338882
2012-07-15 00:06:00+00:00,-104.862312
2012-07-15 00:07:00+00:00,-111.519943
2012-07-15 00:08:00+00:00,-79.823853
2012-07-15 00:09:00+00:00,-67.378128
2012-07-15 00:10:00+00:00,-70.084465
2012-07-15 00:11:00+00:00,-64.436012
2012-07-15 00:12:00+00:00,-65.200584
2012-07-15 00:13:00+00:00,-74.462189
2012-07-15 00:14:00+00:00,-70.505035
2012-07-15 00:15:00+00:00,-84.443123
2012-07-15 00:16:00+00:00,-85.203819
2012-07-15 00:17:00+00:00,-74.802475
2012-07-15 00:18:00+00:00,-74.128784
2012-07-15 00:19:00+00:00,-57.885895
2012-07-15 00:20:00+00:00,-64.179291
2012-07-15 00:21:00+00:00,-68.58519
2012-07-15 00:22:00+00:00,-68.275482
2012-07-15 00:23:00+00:00,-56.854851
2012-07-15 00:24:00+00:00,-58.187618
2012-07-15 00:25:00+00:00,-68.003967
2012-07-15 00:26:00+00:00,-68.878395
2012-07-15 00:27:00+00:00,-70.119308
2012-07-15 00:28:00+00:00,-65.957047
2012-07-15 00:29:00+00:00,-76.379227
2012-07-15 00:30:00+00:00,-79.417099
2012-07-15 00:31:00+00:00,-80.471603
2012-07-15 00:32:00+00:00,-92.985306
2012-07-15 00:33:00+00:00,-96.610947
2012-07-15 00:34:00+00:00,-84.76223
2012-07-15 00:35:00+00:00,-69.525749
2012-07-15 00:36:00+00:00,-77.418976
2012-07-15 00:37:00+00:00,-81.844398
2012-07-15 00:38:00+00:00,-80.361145
2012-07-15 00:39:00+00:00,-90.072556
2012-07-15 00:40:00+00:00,-96.555534
2012-07-15 00:41:00+00:00,-113.187469
2012-07-15 00:42:00+00:00,-134.26506
2012-07-15 00:43:00+00:00,-146.509323
2012-07-15 00:44:00+00:00,-191.778687
2012-07-15 00:45:00+00:00,-236.781052
2012-07-15 00:46:00+00:00,-237.631912
2012-07-15 00:47:00+00:00,-224.062698
2012-07-15 00:48:00+00:00,-263.535034
2012-07-15 00:49:00+00:00,-286.187561
2012-07-15 00:50:00+00:00,-274.604279
2012-07-15 00:51:00+00:00,-285.514099
2012-07-15 00:52:00+00:00,-270.670044
2012-07-15 00:53:00+00:00,-347.781921
2012-07-15 00:54:00+00:00,-291.096436
2012-07-15 00:55:00+00:00,-289.067932
2012-07-15 00:56:00+00:00,-358.648163
2012-07-15 00:57:00+00:00,-284.137024
2012-07-15 00:58:00+00:00,-261.550964
2012-07-15 00:59:00+00:00,-254.97641
2012-07-15 01:00:00+00:00,-237.348434
2012-07-15 01:01:00+00:00,-268.098663
2012-07-15 01:02:00+00:00,-286.245697
2012-07-15 01:03:00+00:00,-258.699005
2012-07-15 01:04:00+00:00,-288.886383
2012-07-15 01:05:00+00:00,-305.054565
2012-07-15 01:06:00+00:00,-256.50177
2012-07-15 01:07:00+00:00,-214.37323
2012-07-15 01:08:00+00:00,-196.719345
2012-07-15 01:09:00+00:00,-197.524536
2012-07-15 01:10:00+00:00,-235.758087
2012-07-15 01:11:00+00:00,-273.020325
2012-07-15 01:12:00+00:00,-259.304688
2012-07-15 01:13:00+00:00,-253.941879
2012-07-15 01:14:00+00:00,-267.85675
2012-07-15 01:15:00+00:00,-289.994659
2012-07-15 01:16:00+00:00,-263.002136
2012-07-15 01:17:00+00:00,-260.490753
2012-07-15 01:18:00+00:00,-288.453064
2012-07-15 01:19:00+00:00,-261.792145
2012-07-15 01:20:00+00:00,-249.727524
2012-07-15 01:21:00+00:00,-242.284286
2012-07-15 01:22:00+00:00,-218.637283
2012-07-15 01:23:00+00:00,-193.08757
2012-07-15 01:24:00+00:00,-147.070862
2012-07-15 01:25:00+00:00,-121.817307
2012-07-15 01:26:00+00:00,-123.084885
2012-07-15 01:27:00+00:00,-130.977814
2012-07-15 01:28:00+00:00,-120.119713
2012-07-15 01:29:00+00:00,-122.555466
2012-07-15 01:30:00+00:00,-126.595909
2012-07-15 01:31:00+00:00,-133.450775
2012-07-15 01:32:00+00:00,-142.883316
2012-07-15 01:33:00+00:00,-151.660477
2012-07-15 01:34:00+00:00,-152.843033
2012-07-15 01:35:00+00:00,-136.32132
2012-07-15 01:36:00+00:00,-91.998703
2012-07-15 01:37:00+00:00,-85.607185
2012-07-15 01:38:00+00:00,-158.622269
2012-07-15 01:39:00+00:00,-182.201904
2012-07-15 01:40:00+00:00,-148.289841
2012-07-15 01:41:00+00:00,-179.388992
2012-07-15 01:42:00+00:00,-182.724472
2012-07-15 01:43:00+00:00,-185.455948
2012-07-15 01:44:00+00:00,-177.60582
2012-07-15 01:45:00+00:00,-135.893097
2012-07-15 01:46:00+00:00,-211.916687
2012-07-15 01:47:00+00:00,-214.786896
2012-07-15 01:48:00+00:00,-180.401642
2012-07-15 01:49:00+00:00,-213.3461
2012-07-15 01:50:00+00:00,-205.163071
2012-07-15 01:51:00+00:00,-216.486237
2012-07-15 01:52:00+00:00,-211.272064
2012-07-15 01:53:00+00:00,-227.255585
2012-07-15 01:54:00+00:00,-234.778107
2012-07-15 01:55:00+00:00,-219.989624
2012-07-15 01:56:00+00:00,-263.23175
2012-07-15 01:57:00+00:00,-279.148315
2012-07-15 01:58:00+00:00,-298.796875
2012-07-15 01:59:00+00:00,-315.067078
2012-07-15 02:00:00+00:00,-329.208069
2012-07-15 02:01:00+00:00,-328.223816
2012-07-15 02:02:00+00:00,-321.511566
2012-07-15 02:03:00+00:00,-312.102509
2012-07-15 02:04:00+00:00,-320.239319
2012-07-15 02:05:00+00:00,-335.495361
2012-07-15 02:06:00+00:00,-368.387207
2012-07-15 02:07:00+00:00,-384.962585
2012-07-15 02:08:00+00:00,-422.317139
2012-07-15 02:09:00+00:00,-466.143646
2012-07-15 02:10:00+00:00,-470.541718
2012-07-15 02:11:00+00:00,-484.922333
2012-07-15 02:12:00+00:00,-479.280487
2012-07-15 02:13:00+00:00,-476.900269
2012-07-15 02:14:00+00:00,-473.221008
2012-07-15 02:15:00+00:00,-448.022949
2012-07-15 02:16:00+00:00,-430.92984
2012-07-15 02:17:00+00:00,-429.695557
2012-07-15 02:18:00+00:00,-435.419586
2012-07-15 02:19:00+00:00,-428.003204
2012-07-15 02:20:00+00:00,-414.166992
2012-07-15 02:21:00+00:00,-430.062195
2012-07-15 02:22:00+00:00,-446.802979
2012-07-15 02:23:00+00:00,-443.212311
2012-07-15 02:24:00+00:00,-431.124329
2012-07-15 02:25:00+00:00,-411.483124
2012-07-15 02:26:00+00:00,-406.367706
2012-07-15 02:27:00+00:00,-402.342407
2012-07-15 02:28:00+00:00,-398.297729
2012-07-15 02:29:00+00:00,-384.65741
2012-07-15 02:30:00+00:00,-367.791931
2012-07-15 02:31:00+00:00,-365.03775
2012-07-15 02:32:00+00:00,-350.009277
2012-07-15 02:33:00+00:00,-366.558044
2012-07-15 02:34:00+00:00,-429.583435
2012-07-15 02:35:00+00:00,-466.561066
2012-07-15 02:36:00+00:00,-448.244781
2012-07-15 02:37:00+00:00,-425.235199
2012-07-15 02:38:00+00:00,-415.608673
2012-07-15 02:39:00+00:00,-444.60321
2012-07-15 02:40:00+00:00,-486.55722
2012-07-15 02:41:00+00:00,-496.433075
2012-07-15 02:42:00+00:00,-481.37915
2012-07-15 02:43:00+00:00,-476.4198
2012-07-15 02:44:00+00:00,-483.675079
2012-07-15 02:45:00+00:00,-474.858307
2012-07-15 02:46:00+00:00,-483.790741
2012-07-15 02:47:00+00:00,-478.767944
2012-07-22 00:00:00+00:00,-44.547813
2012-07-22 00:01:00+00:00,-45.212765
2012-07-22 00:02:00+00:00,-46.303528
2012-07-22 00:03:00+00:00,-46.572105
2012-07-22 00:04:00+00:00,-44.528309
2012-07-22 00:05:00+00:00,-42.614559
2012-07-22 00:06:00+00:00,-41.250828
2012-07-22 00:07:00+00:00,-40.889309
2012-07-22 00:08:00+00:00,-40.961739
2012-07-22 00:09:00+00:00,-41.180874
2012-07-22 00:10:00+00:00,-41.889664
2012-07-22 00:11:00+00:00,-42.438736
2012-07-22 00:12:00+00:00,-39.945328
2012-07-22 00:13:00+00:00,-39.292774
2012-07-22 00:14:00+00:00,-40.504803
2012-07-22 00:15:00+00:00,-42.084557
2012-07-22 00:16:00+00:00,-43.573513
2012-07-22 00:17:00+00:00,-44.503212
2012-07-22 00:18:00+00:00,-45.700352
2012-07-22 00:19:00+00:00,-46.487717
2012-07-22 00:20:00+00:00,-47.626076
2012-07-22 00:21:00+00:00,-48.891342
2012-07-22 00:22:00+00:00,-50.219585
2012-07-22 00:23:00+00:00,-51.814938
2012-07-22 00:24:00+00:00,-51.702362
2012-07-22 00:25:00+00:00,-51.107933
2012-07-22 00:26:00+00:00,-50.037056
2012-07-22 00:27:00+00:00,-50.057518
2012-07-22 00:28:00+00:00,-49.056419
2012-07-22 00:29:00+00:00,-47.82933
2012-07-22 00:30:00+00:00,-46.772648
2012-07-22 00:31:00+00:00,-44.559551
2012-07-22 00:32:00+00:00,-45.264233
2012-07-22 00:33:00+00:00,-46.945328
2012-07-22 00:34:00+00:00,-48.309017
2012-07-22 00:35:00+00:00,-50.042934
2012-07-22 00:36:00+00:00,-50.22826
2012-07-22 00:37:00+00:00,-47.072159
2012-07-22 00:38:00+00:00,-41.109905
2012-07-22 00:39:00+00:00,-40.817223
2012-07-22 00:40:00+00:00,-42.188366
2012-07-22 00:41:00+00:00,-44.234268
2012-07-22 00:42:00+00:00,-46.154648
2012-07-22 00:43:00+00:00,-46.351849
2012-07-22 00:44:00+00:00,-45.237995
2012-07-22 00:45:00+00:00,-44.094006
2012-07-22 00:46:00+00:00,-42.520199
2012-07-22 00:47:00+00:00,-42.456158
2012-07-22 00:48:00+00:00,-44.099159
2012-07-22 00:49:00+00:00,-44.817863
2012-07-22 00:50:00+00:00,-44.612278
2012-07-22 00:51:00+00:00,-44.498032
2012-07-22 00:52:00+00:00,-45.333046
2012-07-22 00:53:00+00:00,-46.353073
2012-07-22 00:54:00+00:00,-46.737541
2012-07-22 00:55:00+00:00,-46.450203
2012-07-22 00:56:00+00:00,-44.942234
2012-07-22 00:57:00+00:00,-44.116962
2012-07-22 00:58:00+00:00,-44.275665
2012-07-22 00:59:00+00:00,-45.111225
2012-07-22 01:00:00+00:00,-45.793205
2012-07-22 01:01:00+00:00,-46.734806
2012-07-22 01:02:00+00:00,-46.753372
2012-07-22 01:03:00+00:00,-44.356255
2012-07-22 01:04:00+00:00,-43.167984
2012-07-22 01:05:00+00:00,-42.880486
2012-07-22 01:06:00+00:00,-42.554325
2012-07-22 01:07:00+00:00,-42.105545
2012-07-22 01:08:00+00:00,-41.918774
2012-07-22 01:09:00+00:00,-41.125729
2012-07-22 01:10:00+00:00,-39.861992
2012-07-22 01:11:00+00:00,-37.887352
2012-07-22 01:12:00+00:00,-35.755054
2012-07-22 01:13:00+00:00,-35.344032
2012-07-22 01:14:00+00:00,-35.299812
2012-07-22 01:15:00+00:00,-35.433578
2012-07-22 01:16:00+00:00,-37.588959
2012-07-22 01:17:00+00:00,-38.241402
2012-07-22 01:18:00+00:00,-38.281643
2012-07-22 01:19:00+00:00,-38.164883
2012-07-22 01:20:00+00:00,-38.06604
2012-07-22 01:21:00+00:00,-37.762585
2012-07-22 01:22:00+00:00,-37.819759
2012-07-22 01:23:00+00:00,-38.410278
2012-07-22 01:24:00+00:00,-38.163925
2012-07-22 01:25:00+00:00,-37.828587
2012-07-22 01:26:00+00:00,-37.67894
2012-07-22 01:27:00+00:00,-37.424816
2012-07-22 01:28:00+00:00,-37.389977
2012-07-22 01:29:00+00:00,-38.972866
2012-07-22 01:30:00+00:00,-40.638424
2012-07-22 01:31:00+00:00,-42.167194
2012-07-22 01:32:00+00:00,-42.846386
2012-07-22 01:33:00+00:00,-42.670605
2012-07-22 01:34:00+00:00,-43.00798
2012-07-22 01:35:00+00:00,-43.097263
2012-07-22 01:36:00+00:00,-42.425724
2012-07-22 01:37:00+00:00,-41.026543
2012-07-22 01:38:00+00:00,-40.108665
2012-07-22 01:39:00+00:00,-38.892826
2012-07-22 01:40:00+00:00,-38.682236
2012-07-22 01:41:00+00:00,-38.223248
2012-07-22 01:42:00+00:00,-38.82024
2012-07-22 01:43:00+00:00,-39.598602
2012-07-22 01:44:00+00:00,-40.424515
2012-07-22 01:45:00+00:00,-40.436874
2012-07-22 01:46:00+00:00,-41.834415
2012-07-22 01:47:00+00:00,-43.564095
2012-07-22 01:48:00+00:00,-45.627838
2012-07-22 01:49:00+00:00,-46.375229
2012-07-22 01:50:00+00:00,-46.417572
2012-07-22 01:51:00+00:00,-46.165962
2012-07-22 01:52:00+00:00,-45.104759
2012-07-22 01:53:00+00:00,-44.137245
2012-07-22 01:54:00+00:00,-44.529839
2012-07-22 01:55:00+00:00,-43.60836
2012-07-22 01:56:00+00:00,-43.689457
2012-07-22 01:57:00+00:00,-40.772621
2012-07-22 01:58:00+00:00,-41.57
2012-07-22 01:59:00+00:00,-44.224167
2012-07-22 02:00:00+00:00,-46.839664
2012-07-22 02:01:00+00:00,-49.253773
2012-07-22 02:02:00+00:00,-49.931015
2012-07-22 02:03:00+00:00,-48.009964
2012-07-22 02:04:00+00:00,-46.260044
2012-07-22 02:05:00+00:00,-45.795414
2012-07-22 02:06:00+00:00,-43.973389
2012-07-22 02:07:00+00:00,-42.849041
2012-07-22 02:08:00+00:00,-42.136673
2012-07-22 02:09:00+00:00,-42.152035
2012-07-22 02:10:00+00:00,-42.69582
2012-07-22 02:11:00+00:00,-42.314308
2012-07-22 02:12:00+00:00,-40.538162
2012-07-22 02:13:00+00:00,-39.356483
2012-07-22 02:14:00+00:00,-39.471954
2012-07-22 02:15:00+00:00,-41.592606
2012-07-22 02:16:00+00:00,-37.710594
2012-07-22 02:17:00+00:00,-34.828205
2012-07-22 02:18:00+00:00,-33.946331
2012-07-22 02:19:00+00:00,-33.063892
2012-07-22 02:20:00+00:00,-30.182751
2012-07-22 02:21:00+00:00,-31.300856
2012-07-22 02:22:00+00:00,-33.420555
2012-07-22 02:23:00+00:00,-34.014801
2012-07-22 02:24:00+00:00,-34.136055
2012-07-22 02:25:00+00:00,-35.766594
2012-07-22 02:26:00+00:00,-38.213448
2012-07-22 02:27:00+00:00,-40.058548
2012-07-22 02:28:00+00:00,-41.572781
2012-07-22 02:29:00+00:00,-42.782902
2012-07-22 02:30:00+00:00,-44.369549
2012-07-22 02:31:00+00:00,-45.602493
2012-07-22 02:32:00+00:00,-45.73497
2012-07-22 02:33:00+00:00,-46.624222
2012-07-22 02:34:00+00:00,-48.863819
2012-07-22 02:35:00+00:00,-50.614708
2012-07-22 02:36:00+00:00,-50.473869
2012-07-22 02:37:00+00:00,-49.602264
2012-07-22 02:38:00+00:00,-49.734398
2012-07-22 02:39:00+00:00,-50.659492
2012-07-22 02:40:00+00:00,-51.382557
2012-07-22 02:41:00+00:00,-52.486908
2012-07-22 02:42:00+00:00,-53.747261
2012-07-22 02:43:00+00:00,-54.777695
2012-07-22 02:44:00+00:00,-55.039452
2012-07-22 02:45:00+00:00,-55.197147
2012-07-22 02:46:00+00:00,-56.104073
2012-07-22 02:47:00+00:00,-56.790596
2012-07-29 00:00:00+00:00,-310.363495
2012-07-29 00:01:00+00:00,-307.517365
2012-07-29 00:02:00+00:00,-303.013733
2012-07-29 00:03:00+00:00,-297.357483
2012-07-29 00:04:00+00:00,-304.179962
2012-07-29 00:05:00+00:00,-302.524719
2012-07-29 00:06:00+00:00,-296.000519
2012-07-29 00:07:00+00:00,-293.154907
2012-07-29 00:08:00+00:00,-293.577271
2012-07-29 00:09:00+00:00,-296.596527
2012-07-29 00:10:00+00:00,-304.516602
2012-07-29 00:11:00+00:00,-311.282837
2012-07-29 00:12:00+00:00,-312.501801
2012-07-29 00:13:00+00:00,-311.941101
2012-07-29 00:14:00+00:00,-308.924805
2012-07-29 00:15:00+00:00,-302.425873
2012-07-29 00:16:00+00:00,-298.248962
2012-07-29 00:17:00+00:00,-306.65274
2012-07-29 00:18:00+00:00,-304.838013
2012-07-29 00:19:00+00:00,-299.682556
2012-07-29 00:20:00+00:00,-283.766907
2012-07-29 00:21:00+00:00,-270.289825
2012-07-29 00:22:00+00:00,-273.655426
2012-07-29 00:23:00+00:00,-274.0177
2012-07-29 00:24:00+00:00,-272.177673
2012-07-29 00:25:00+00:00,-267.121216
2012-07-29 00:26:00+00:00,-279.202087
2012-07-29 00:27:00+00:00,-280.961334
2012-07-29 00:28:00+00:00,-276.567963
2012-07-29 00:29:00+00:00,-275.87442
2012-07-29 00:30:00+00:00,-273.750305
2012-07-29 00:31:00+00:00,-268.256409
2012-07-29 00:32:00+00:00,-263.505005
2012-07-29 00:33:00+00:00,-255.393951
2012-07-29 00:34:00+00:00,-255.773392
2012-07-29 00:35:00+00:00,-273.349854
2012-07-29 00:36:00+00:00,-278.45459
2012-07-29 00:37:00+00:00,-267.691467
2012-07-29 00:38:00+00:00,-273.601044
2012-07-29 00:39:00+00:00,-268.083588
2012-07-29 00:40:00+00:00,-270.230438
2012-07-29 00:41:00+00:00,-287.2164
2012-07-29 00:42:00+00:00,-287.323639
2012-07-29 00:43:00+00:00,-287.021912
2012-07-29 00:44:00+00:00,-281.911774
2012-07-29 00:45:00+00:00,-285.557281
2012-07-29 00:46:00+00:00,-299.30484
2012-07-29 00:47:00+00:00,-295.698059
2012-07-29 00:48:00+00:00,-290.411865
2012-07-29 00:49:00+00:00,-291.186615
2012-07-29 00:50:00+00:00,-286.155731
2012-07-29 00:51:00+00:00,-278.367462
2012-07-29 00:52:00+00:00,-257.863586
2012-07-29 00:53:00+00:00,-267.409241
2012-07-29 00:54:00+00:00,-267.748444
2012-07-29 00:55:00+00:00,-259.634369
2012-07-29 00:56:00+00:00,-251.893921
2012-07-29 00:57:00+00:00,-245.460709
2012-07-29 00:58:00+00:00,-242.839783
2012-07-29 00:59:00+00:00,-237.535873
2012-07-29 01:00:00+00:00,-228.619186
2012-07-29 01:01:00+00:00,-239.083313
2012-07-29 01:02:00+00:00,-237.060684
2012-07-29 01:03:00+00:00,-223.130173
2012-07-29 01:04:00+00:00,-236.150497
2012-07-29 01:05:00+00:00,-233.823364
2012-07-29 01:06:00+00:00,-234.783234
2012-07-29 01:07:00+00:00,-238.607285
2012-07-29 01:08:00+00:00,-272.299561
2012-07-29 01:09:00+00:00,-276.434967
2012-07-29 01:10:00+00:00,-301.884308
2012-07-29 01:11:00+00:00,-312.059601
2012-07-29 01:12:00+00:00,-318.876709
2012-07-29 01:13:00+00:00,-316.321838
2012-07-29 01:14:00+00:00,-311.19278
2012-07-29 01:15:00+00:00,-299.657166
2012-07-29 01:16:00+00:00,-286.08139
2012-07-29 01:17:00+00:00,-269.729797
2012-07-29 01:18:00+00:00,-257.881805
2012-07-29 01:19:00+00:00,-245.378052
2012-07-29 01:20:00+00:00,-236.964554
2012-07-29 01:21:00+00:00,-230.997726
2012-07-29 01:22:00+00:00,-233.458862
2012-07-29 01:23:00+00:00,-231.621475
2012-07-29 01:24:00+00:00,-218.680511
2012-07-29 01:25:00+00:00,-218.384613
2012-07-29 01:26:00+00:00,-231.791275
2012-07-29 01:27:00+00:00,-233.530823
2012-07-29 01:28:00+00:00,-235.593872
2012-07-29 01:29:00+00:00,-248.873856
2012-07-29 01:30:00+00:00,-262.906128
2012-07-29 01:31:00+00:00,-265.616211
2012-07-29 01:32:00+00:00,-258.609467
2012-07-29 01:33:00+00:00,-244.404526
2012-07-29 01:34:00+00:00,-233.854858
2012-07-29 01:35:00+00:00,-223.471237
2012-07-29 01:36:00+00:00,-219.137436
2012-07-29 01:37:00+00:00,-217.812775
2012-07-29 01:38:00+00:00,-206.919525
2012-07-29 01:39:00+00:00,-209.815369
2012-07-29 01:40:00+00:00,-217.371338
2012-07-29 01:41:00+00:00,-225.300003
2012-07-29 01:42:00+00:00,-225.731461
2012-07-29 01:43:00+00:00,-218.821243
2012-07-29 01:44:00+00:00,-209.390869
2012-07-29 01:45:00+00:00,-204.270508
2012-07-29 01:46:00+00:00,-198.489258
2012-07-29 01:47:00+00:00,-198.922272
2012-07-29 01:48:00+00:00,-209.803009
2012-07-29 01:49:00+00:00,-223.039444
2012-07-29 01:50:00+00:00,-235.099365
2012-07-29 01:51:00+00:00,-228.391968
2012-07-29 01:52:00+00:00,-214.24614
2012-07-29 01:53:00+00:00,-203.934921
2012-07-29 01:54:00+00:00,-210.564575
2012-07-29 01:55:00+00:00,-212.945496
2012-07-29 01:56:00+00:00,-210.086731
2012-07-29 01:57:00+00:00,-198.850098
2012-07-29 01:58:00+00:00,-197.472137
2012-07-29 01:59:00+00:00,-214.40332
2012-07-29 02:00:00+00:00,-219.507751
2012-07-29 02:01:00+00:00,-216.661865
2012-07-29 02:02:00+00:00,-216.418442
2012-07-29 02:03:00+00:00,-213.615295
2012-07-29 02:04:00+00:00,-218.996063
2012-07-29 02:05:00+00:00,-229.645004
2012-07-29 02:06:00+00:00,-232.128815
2012-07-29 02:07:00+00:00,-227.373825
2012-07-29 02:08:00+00:00,-223.099197
2012-07-29 02:09:00+00:00,-219.572876
2012-07-29 02:10:00+00:00,-214.566742
2012-07-29 02:11:00+00:00,-211.089813
2012-07-29 02:12:00+00:00,-209.438202
2012-07-29 02:13:00+00:00,-206.794388
2012-07-29 02:14:00+00:00,-205.722412
2012-07-29 02:15:00+00:00,-200.340927
2012-07-29 02:16:00+00:00,-198.197754
2012-07-29 02:17:00+00:00,-201.676651
2012-07-29 02:18:00+00:00,-204.215591
2012-07-29 02:19:00+00:00,-198.699692
2012-07-29 02:20:00+00:00,-194.187546
2012-07-29 02:21:00+00:00,-190.381287
2012-07-29 02:22:00+00:00,-191.013687
2012-07-29 02:23:00+00:00,-187.910141
2012-07-29 02:24:00+00:00,-184.717194
2012-07-29 02:25:00+00:00,-181.742447
2012-07-29 02:26:00+00:00,-176.943909
2012-07-29 02:27:00+00:00,-169.168243
2012-07-29 02:28:00+00:00,-164.979858
2012-07-29 02:29:00+00:00,-161.38562
2012-07-29 02:30:00+00:00,-157.867783
2012-07-29 02:31:00+00:00,-154.380737
2012-07-29 02:32:00+00:00,-148.897263
2012-07-29 02:33:00+00:00,-141.729843
2012-07-29 02:34:00+00:00,-136.369659
2012-07-29 02:35:00+00:00,-133.407532
2012-07-29 02:36:00+00:00,-130.308289
2012-07-29 02:37:00+00:00,-132.684341
2012-07-29 02:38:00+00:00,-137.355179
2012-07-29 02:39:00+00:00,-137.969208
2012-07-29 02:40:00+00:00,-136.485367
2012-07-29 02:41:00+00:00,-132.359711
2012-07-29 02:42:00+00:00,-125.823662
2012-07-29 02:43:00+00:00,-120.085915
2012-07-29 02:44:00+00:00,-119.704475
2012-07-29 02:45:00+00:00,-116.935143
2012-07-29 02:46:00+00:00,-108.53199
2012-07-29 02:47:00+00:00,-101.484444
2012-08-05 00:00:00+00:00,-37.722214
2012-08-05 00:01:00+00:00,-32.981163
2012-08-05 00:02:00+00:00,-31.805031
2012-08-05 00:03:00+00:00,-32.734562
2012-08-05 00:04:00+00:00,-33.184174
2012-08-05 00:05:00+00:00,-32.997704
2012-08-05 00:06:00+00:00,-32.941837
2012-08-05 00:07:00+00:00,-33.494202
2012-08-05 00:08:00+00:00,-32.62262
2012-08-05 00:09:00+00:00,-31.673885
2012-08-05 00:10:00+00:00,-30.958637
2012-08-05 00:11:00+00:00,-28.40176
2012-08-05 00:12:00+00:00,-24.807051
2012-08-05 00:13:00+00:00,-24.778343
2012-08-05 00:14:00+00:00,-24.637192
2012-08-05 00:15:00+00:00,-23.268278
2012-08-05 00:16:00+00:00,-23.671507
2012-08-05 00:17:00+00:00,-23.621313
2012-08-05 00:18:00+00:00,-24.948833
2012-08-05 00:19:00+00:00,-24.511576
2012-08-05 00:20:00+00:00,-23.580132
2012-08-05 00:21:00+00:00,-22.609663
2012-08-05 00:22:00+00:00,-24.95739
2012-08-05 00:23:00+00:00,-32.177101
2012-08-05 00:24:00+00:00,-39.351368
2012-08-05 00:25:00+00:00,-40.272705
2012-08-05 00:26:00+00:00,-37.699337
2012-08-05 00:27:00+00:00,-35.719906
2012-08-05 00:28:00+00:00,-33.803688
2012-08-05 00:29:00+00:00,-33.601845
2012-08-05 00:30:00+00:00,-32.711163
2012-08-05 00:31:00+00:00,-28.136944
2012-08-05 00:32:00+00:00,-32.119076
2012-08-05 00:33:00+00:00,-29.261211
2012-08-05 00:34:00+00:00,-31.420757
2012-08-05 00:35:00+00:00,-29.772171
2012-08-05 00:36:00+00:00,-28.632931
2012-08-05 00:37:00+00:00,-30.036114
2012-08-05 00:38:00+00:00,-30.870892
2012-08-05 00:39:00+00:00,-29.405727
2012-08-05 00:40:00+00:00,-29.508883
2012-08-05 00:41:00+00:00,-30.252716
2012-08-05 00:42:00+00:00,-28.436352
2012-08-05 00:43:00+00:00,-28.774361
2012-08-05 00:44:00+00:00,-32.1054
2012-08-05 00:45:00+00:00,-32.442772
2012-08-05 00:46:00+00:00,-32.767609
2012-08-05 00:47:00+00:00,-33.095211
2012-08-05 00:48:00+00:00,-36.569084
2012-08-05 00:49:00+00:00,-32.746651
2012-08-05 00:50:00+00:00,-31.070793
2012-08-05 00:51:00+00:00,-31.388561
2012-08-05 00:52:00+00:00,-32.71167
2012-08-05 00:53:00+00:00,-33.017517
2012-08-05 00:54:00+00:00,-33.31794
2012-08-05 00:55:00+00:00,-33.614552
2012-08-05 00:56:00+00:00,-32.905071
2012-08-05 00:57:00+00:00,-33.193073
2012-08-05 00:58:00+00:00,-33.478218
2012-08-05 00:59:00+00:00,-33.754326
2012-08-05 01:00:00+00:00,-34.035721
2012-08-05 01:01:00+00:00,-33.302483
2012-08-05 01:02:00+00:00,-34.562431
2012-08-05 01:03:00+00:00,-34.818439
2012-08-05 01:04:00+00:00,-37.074348
2012-08-05 01:05:00+00:00,-37.329128
2012-08-05 01:06:00+00:00,-36.580765
2012-08-05 01:07:00+00:00,-35.832489
2012-08-05 01:08:00+00:00,-34.07756
2012-08-05 01:09:00+00:00,-33.315399
2012-08-05 01:10:00+00:00,-31.547905
2012-08-05 01:11:00+00:00,-31.775988
2012-08-05 01:12:00+00:00,-33.005451
2012-08-05 01:13:00+00:00,-36.233307
2012-08-05 01:14:00+00:00,-37.455585
2012-08-05 01:15:00+00:00,-38.68251
2012-08-05 01:16:00+00:00,-39.898235
2012-08-05 01:17:00+00:00,-39.111134
2012-08-05 01:18:00+00:00,-38.316261
2012-08-05 01:19:00+00:00,-37.520401
2012-08-05 01:20:00+00:00,-37.716656
2012-08-05 01:21:00+00:00,-37.911797
2012-08-05 01:22:00+00:00,-38.106445
2012-08-05 01:23:00+00:00,-38.295158
2012-08-05 01:24:00+00:00,-38.480629
2012-08-05 01:25:00+00:00,-39.658894
2012-08-05 01:26:00+00:00,-38.832817
2012-08-05 01:27:00+00:00,-39.001366
2012-08-05 01:28:00+00:00,-38.163502
2012-08-05 01:29:00+00:00,-38.322098
2012-08-05 01:30:00+00:00,-38.481613
2012-08-05 01:31:00+00:00,-39.632385
2012-08-05 01:32:00+00:00,-40.780727
2012-08-05 01:33:00+00:00,-40.922878
2012-08-05 01:34:00+00:00,-42.06094
2012-08-05 01:35:00+00:00,-41.191147
2012-08-05 01:36:00+00:00,-40.315605
2012-08-05 01:37:00+00:00,-39.436966
2012-08-05 01:38:00+00:00,-38.553165
2012-08-05 01:39:00+00:00,-38.666985
2012-08-05 01:40:00+00:00,-38.774666
2012-08-05 01:41:00+00:00,-38.876362
2012-08-05 01:42:00+00:00,-38.97612
2012-08-05 01:43:00+00:00,-38.072136
2012-08-05 01:44:00+00:00,-39.164555
2012-08-05 01:45:00+00:00,-40.254135
2012-08-05 01:46:00+00:00,-39.337753
2012-08-05 01:47:00+00:00,-39.418221
2012-08-05 01:48:00+00:00,-39.497639
2012-08-05 01:49:00+00:00,-39.577126
2012-08-05 01:50:00+00:00,-40.652924
2012-08-05 01:51:00+00:00,-39.728111
2012-08-05 01:52:00+00:00,-39.797012
2012-08-05 01:53:00+00:00,-39.863541
2012-08-05 01:54:00+00:00,-40.926971
2012-08-05 01:55:00+00:00,-40.989407
2012-08-05 01:56:00+00:00,-42.052948
2012-08-05 01:57:00+00:00,-42.111874
2012-08-05 01:58:00+00:00,-41.164387
2012-08-05 01:59:00+00:00,-41.216492
2012-08-05 02:00:00+00:00,-41.270897
2012-08-05 02:01:00+00:00,-40.323616
2012-08-05 02:02:00+00:00,-39.371841
2012-08-05 02:03:00+00:00,-38.413834
2012-08-05 02:04:00+00:00,-40.44883
2012-08-05 02:05:00+00:00,-41.485836
2012-08-05 02:06:00+00:00,-40.518227
2012-08-05 02:07:00+00:00,-39.548946
2012-08-05 02:08:00+00:00,-39.573635
2012-08-05 02:09:00+00:00,-40.595337
2012-08-05 02:10:00+00:00,-40.614258
2012-08-05 02:11:00+00:00,-40.634529
2012-08-05 02:12:00+00:00,-40.650497
2012-08-05 02:13:00+00:00,-41.66433
2012-08-05 02:14:00+00:00,-40.666477
2012-08-05 02:15:00+00:00,-40.672997
2012-08-05 02:16:00+00:00,-41.679718
2012-08-05 02:17:00+00:00,-41.685169
2012-08-05 02:18:00+00:00,-42.68956
2012-08-05 02:19:00+00:00,-42.695061
2012-08-05 02:20:00+00:00,-43.699928
2012-08-05 02:21:00+00:00,-44.702431
2012-08-05 02:22:00+00:00,-44.701866
2012-08-05 02:23:00+00:00,-43.705154
2012-08-05 02:24:00+00:00,-43.707699
2012-08-05 02:25:00+00:00,-42.719475
2012-08-05 02:26:00+00:00,-41.729961
2012-08-05 02:27:00+00:00,-39.739365
2012-08-05 02:28:00+00:00,-39.742046
2012-08-05 02:29:00+00:00,-40.444427
2012-08-05 02:30:00+00:00,-38.767418
2012-08-05 02:31:00+00:00,-42.067951
2012-08-05 02:32:00+00:00,-46.694298
2012-08-05 02:33:00+00:00,-49.14146
2012-08-05 02:34:00+00:00,-51.762501
2012-08-05 02:35:00+00:00,-51.638981
2012-08-05 02:36:00+00:00,-47.350525
2012-08-05 02:37:00+00:00,-47.984173
2012-08-05 02:38:00+00:00,-49.993816
2012-08-05 02:39:00+00:00,-51.338776
2012-08-05 02:40:00+00:00,-50.42046
2012-08-05 02:41:00+00:00,-48.958637
2012-08-05 02:42:00+00:00,-46.142315
2012-08-05 02:43:00+00:00,-45.900246
2012-08-05 02:44:00+00:00,-44.030815
2012-08-05 02:45:00+00:00,-41.742493
2012-08-05 02:46:00+00:00,-38.897228
2012-08-05 02:47:00+00:00,-36.96233
2012-08-12 00:00:00+00:00,-278.718964
2012-08-12 00:01:00+00:00,-275.906555
2012-08-12 00:02:00+00:00,-268.667023
2012-08-12 00:03:00+00:00,-262.007446
2012-08-12 00:04:00+00:00,-261.314758
2012-08-12 00:05:00+00:00,-258.711914
2012-08-12 00:06:00+00:00,-254.50264
2012-08-12 00:07:00+00:00,-253.079437
2012-08-12 00:08:00+00:00,-250.867157
2012-08-12 00:09:00+00:00,-250.876465
2012-08-12 00:10:00+00:00,-249.754791
2012-08-12 00:11:00+00:00,-246.698395
2012-08-12 00:12:00+00:00,-244.306854
2012-08-12 00:13:00+00:00,-241.908264
2012-08-12 00:14:00+00:00,-236.812164
2012-08-12 00:15:00+00:00,-232.653442
2012-08-12 00:16:00+00:00,-242.01503
2012-08-12 00:17:00+00:00,-238.974731
2012-08-12 00:18:00+00:00,-233.251205
2012-08-12 00:19:00+00:00,-226.703903
2012-08-12 00:20:00+00:00,-223.368378
2012-08-12 00:21:00+00:00,-219.234772
2012-08-12 00:22:00+00:00,-218.842926
2012-08-12 00:23:00+00:00,-230.018661
2012-08-12 00:24:00+00:00,-233.710434
2012-08-12 00:25:00+00:00,-235.883087
2012-08-12 00:26:00+00:00,-244.750427
2012-08-12 00:27:00+00:00,-257.370056
2012-08-12 00:28:00+00:00,-266.947021
2012-08-12 00:29:00+00:00,-269.665863
2012-08-12 00:30:00+00:00,-268.39798
2012-08-12 00:31:00+00:00,-273.718323
2012-08-12 00:32:00+00:00,-277.859924
2012-08-12 00:33:00+00:00,-268.638214
2012-08-12 00:34:00+00:00,-257.077515
2012-08-12 00:35:00+00:00,-249.110458
2012-08-12 00:36:00+00:00,-233.503525
2012-08-12 00:37:00+00:00,-224.821686
2012-08-12 00:38:00+00:00,-224.120483
2012-08-12 00:39:00+00:00,-228.460907
2012-08-12 00:40:00+00:00,-234.494278
2012-08-12 00:41:00+00:00,-232.643402
2012-08-12 00:42:00+00:00,-226.144562
2012-08-12 00:43:00+00:00,-232.527969
2012-08-12 00:44:00+00:00,-244.154892
2012-08-12 00:45:00+00:00,-247.898987
2012-08-12 00:46:00+00:00,-246.364365
2012-08-12 00:47:00+00:00,-241.918839
2012-08-12 00:48:00+00:00,-230.318176
2012-08-12 00:49:00+00:00,-218.008621
2012-08-12 00:50:00+00:00,-212.662018
2012-08-12 00:51:00+00:00,-206.7285
2012-08-12 00:52:00+00:00,-207.016281
2012-08-12 00:53:00+00:00,-214.305252
2012-08-12 00:54:00+00:00,-217.365555
2012-08-12 00:55:00+00:00,-219.536957
2012-08-12 00:56:00+00:00,-219.915131
2012-08-12 00:57:00+00:00,-218.542023
2012-08-12 00:58:00+00:00,-221.195877
2012-08-12 00:59:00+00:00,-229.064163
2012-08-12 01:00:00+00:00,-227.569107
2012-08-12 01:01:00+00:00,-220.414337
2012-08-12 01:02:00+00:00,-214.398895
2012-08-12 01:03:00+00:00,-208.739594
2012-08-12 01:04:00+00:00,-206.029205
2012-08-12 01:05:00+00:00,-204.688553
2012-08-12 01:06:00+00:00,-207.326462
2012-08-12 01:07:00+00:00,-213.626205
2012-08-12 01:08:00+00:00,-220.211517
2012-08-12 01:09:00+00:00,-222.995117
2012-08-12 01:10:00+00:00,-226.325607
2012-08-12 01:11:00+00:00,-229.969574
2012-08-12 01:12:00+00:00,-232.72876
2012-08-12 01:13:00+00:00,-228.239838
2012-08-12 01:14:00+00:00,-228.230347
2012-08-12 01:15:00+00:00,-230.003601
2012-08-12 01:16:00+00:00,-238.298615
2012-08-12 01:17:00+00:00,-243.65892
2012-08-12 01:18:00+00:00,-251.286652
2012-08-12 01:19:00+00:00,-256.499176
2012-08-12 01:20:00+00:00,-255.887283
2012-08-12 01:21:00+00:00,-246.077927
2012-08-12 01:22:00+00:00,-231.726913
2012-08-12 01:23:00+00:00,-223.18544
2012-08-12 01:24:00+00:00,-224.681366
2012-08-12 01:25:00+00:00,-226.70723
2012-08-12 01:26:00+00:00,-223.09407
2012-08-12 01:27:00+00:00,-216.351837
2012-08-12 01:28:00+00:00,-206.725616
2012-08-12 01:29:00+00:00,-192.93428
2012-08-12 01:30:00+00:00,-188.8423
2012-08-12 01:31:00+00:00,-175.368652
2012-08-12 01:32:00+00:00,-163.877243
2012-08-12 01:33:00+00:00,-164.68544
2012-08-12 01:34:00+00:00,-167.613571
2012-08-12 01:35:00+00:00,-168.379395
2012-08-12 01:36:00+00:00,-161.268051
2012-08-12 01:37:00+00:00,-160.835678
2012-08-12 01:38:00+00:00,-166.549118
2012-08-12 01:39:00+00:00,-172.386383
2012-08-12 01:40:00+00:00,-170.978333
2012-08-12 01:41:00+00:00,-166.82103
2012-08-12 01:42:00+00:00,-162.202591
2012-08-12 01:43:00+00:00,-168.905212
2012-08-12 01:44:00+00:00,-180.88887
2012-08-12 01:45:00+00:00,-189.985992
2012-08-12 01:46:00+00:00,-200.416473
2012-08-12 01:47:00+00:00,-207.286179
2012-08-12 01:48:00+00:00,-211.184952
2012-08-12 01:49:00+00:00,-212.028809
2012-08-12 01:50:00+00:00,-215.37439
2012-08-12 01:51:00+00:00,-212.338882
2012-08-12 01:52:00+00:00,-216.795105
2012-08-12 01:53:00+00:00,-218.058746
2012-08-12 01:54:00+00:00,-218.611679
2012-08-12 01:55:00+00:00,-225.728027
2012-08-12 01:56:00+00:00,-230.947861
2012-08-12 01:57:00+00:00,-232.86496
2012-08-12 01:58:00+00:00,-235.353302
2012-08-12 01:59:00+00:00,-226.097916
2012-08-12 02:00:00+00:00,-212.779282
2012-08-12 02:01:00+00:00,-204.671799
2012-08-12 02:02:00+00:00,-203.002869
2012-08-12 02:03:00+00:00,-198.028259
2012-08-12 02:04:00+00:00,-189.787979
2012-08-12 02:05:00+00:00,-184.2332
2012-08-12 02:06:00+00:00,-181.666382
2012-08-12 02:07:00+00:00,-186.028641
2012-08-12 02:08:00+00:00,-181.004364
2012-08-12 02:09:00+00:00,-168.45549
2012-08-12 02:10:00+00:00,-159.097656
2012-08-12 02:11:00+00:00,-156.270309
2012-08-12 02:12:00+00:00,-153.808624
2012-08-12 02:13:00+00:00,-150.555313
2012-08-12 02:14:00+00:00,-149.698776
2012-08-12 02:15:00+00:00,-154.647552
2012-08-12 02:16:00+00:00,-159.90181
2012-08-12 02:17:00+00:00,-159.537827
2012-08-12 02:18:00+00:00,-166.032822
2012-08-12 02:19:00+00:00,-172.348007
2012-08-12 02:20:00+00:00,-171.931396
2012-08-12 02:21:00+00:00,-171.884964
2012-08-12 02:22:00+00:00,-174.838226
2012-08-12 02:23:00+00:00,-170.717804
2012-08-12 02:24:00+00:00,-173.105331
2012-08-12 02:25:00+00:00,-166.904175
2012-08-12 02:26:00+00:00,-158.688019
2012-08-12 02:27:00+00:00,-158.243561
2012-08-12 02:28:00+00:00,-154.779327
2012-08-12 02:29:00+00:00,-161.828995
2012-08-12 02:30:00+00:00,-177.048477
2012-08-12 02:31:00+00:00,-190.46286
2012-08-12 02:32:00+00:00,-195.497437
2012-08-12 02:33:00+00:00,-193.936401
2012-08-12 02:34:00+00:00,-199.482864
2012-08-12 02:35:00+00:00,-199.152451
2012-08-12 02:36:00+00:00,-193.909042
2012-08-12 02:37:00+00:00,-188.59993
2012-08-12 02:38:00+00:00,-177.828369
2012-08-12 02:39:00+00:00,-175.375229
2012-08-12 02:40:00+00:00,-174.869431
2012-08-12 02:41:00+00:00,-165.33873
2012-08-12 02:42:00+00:00,-155.034134
2012-08-12 02:43:00+00:00,-148.357086
2012-08-12 02:44:00+00:00,-144.836258
2012-08-12 02:45:00+00:00,-145.887146
2012-08-12 02:46:00+00:00,-140.398376
2012-08-12 02:47:00+00:00,-136.945831
2012-08-19 00:00:00+00:00,-62.726303
2012-08-19 00:01:00+00:00,-59.06039
2012-08-19 00:02:00+00:00,-54.563049
2012-08-19 00:03:00+00:00,-53.939468
2012-08-19 00:04:00+00:00,-49.119446
2012-08-19 00:05:00+00:00,-47.976131
2012-08-19 00:06:00+00:00,-54.980347
2012-08-19 00:07:00+00:00,-64.762924
2012-08-19 00:08:00+00:00,-75.214706
2012-08-19 00:09:00+00:00,-81.52626
2012-08-19 00:10:00+00:00,-81.964294
2012-08-19 00:11:00+00:00,-80.191071
2012-08-19 00:12:00+00:00,-74.742722
2012-08-19 00:13:00+00:00,-70.308914
2012-08-19 00:14:00+00:00,-68.438553
2012-08-19 00:15:00+00:00,-66.332565
2012-08-19 00:16:00+00:00,-64.980896
2012-08-19 00:17:00+00:00,-65.433243
2012-08-19 00:18:00+00:00,-66.594009
2012-08-19 00:19:00+00:00,-66.566833
2012-08-19 00:20:00+00:00,-74.560791
2012-08-19 00:21:00+00:00,-82.335907
2012-08-19 00:22:00+00:00,-78.029991
2012-08-19 00:23:00+00:00,-67.844353
2012-08-19 00:24:00+00:00,-54.460541
2012-08-19 00:25:00+00:00,-46.372414
2012-08-19 00:26:00+00:00,-44.016907
2012-08-19 00:27:00+00:00,-47.310265
2012-08-19 00:28:00+00:00,-51.896156
2012-08-19 00:29:00+00:00,-55.165314
2012-08-19 00:30:00+00:00,-55.979053
2012-08-19 00:31:00+00:00,-55.500973
2012-08-19 00:32:00+00:00,-50.371147
2012-08-19 00:33:00+00:00,-39.677677
2012-08-19 00:34:00+00:00,-33.400078
2012-08-19 00:35:00+00:00,-37.915718
2012-08-19 00:36:00+00:00,-52.344658
2012-08-19 00:37:00+00:00,-59.688942
2012-08-19 00:38:00+00:00,-64.574585
2012-08-19 00:39:00+00:00,-69.150482
2012-08-19 00:40:00+00:00,-71.350883
2012-08-19 00:41:00+00:00,-70.557892
2012-08-19 00:42:00+00:00,-67.432907
2012-08-19 00:43:00+00:00,-63.264301
2012-08-19 00:44:00+00:00,-59.69199
2012-08-19 00:45:00+00:00,-57.634884
2012-08-19 00:46:00+00:00,-58.148712
2012-08-19 00:47:00+00:00,-59.673275
2012-08-19 00:48:00+00:00,-62.927296
2012-08-19 00:49:00+00:00,-63.629578
2012-08-19 00:50:00+00:00,-63.546017
2012-08-19 00:51:00+00:00,-62.05286
2012-08-19 00:52:00+00:00,-59.924522
2012-08-19 00:53:00+00:00,-58.309845
2012-08-19 00:54:00+00:00,-57.216496
2012-08-19 00:55:00+00:00,-55.434383
2012-08-19 00:56:00+00:00,-55.182438
2012-08-19 00:57:00+00:00,-56.06628
2012-08-19 00:58:00+00:00,-56.187115
2012-08-19 00:59:00+00:00,-53.608345
2012-08-19 01:00:00+00:00,-49.787266
2012-08-19 01:01:00+00:00,-49.337238
2012-08-19 01:02:00+00:00,-50.150188
2012-08-19 01:03:00+00:00,-50.81205
2012-08-19 01:04:00+00:00,-51.289574
2012-08-19 01:05:00+00:00,-50.888371
2012-08-19 01:06:00+00:00,-49.946762
2012-08-19 01:07:00+00:00,-49.440216
2012-08-19 01:08:00+00:00,-50.396538
2012-08-19 01:09:00+00:00,-56.998344
2012-08-19 01:10:00+00:00,-64.525856
2012-08-19 01:11:00+00:00,-67.853043
2012-08-19 01:12:00+00:00,-63.338737
2012-08-19 01:13:00+00:00,-52.370586
2012-08-19 01:14:00+00:00,-43.421677
2012-08-19 01:15:00+00:00,-44.381523
2012-08-19 01:16:00+00:00,-50.843006
2012-08-19 01:17:00+00:00,-54.236671
2012-08-19 01:18:00+00:00,-48.117641
2012-08-19 01:19:00+00:00,-38.402367
2012-08-19 01:20:00+00:00,-29.442356
2012-08-19 01:21:00+00:00,-20.635994
2012-08-19 01:22:00+00:00,-20.867027
2012-08-19 01:23:00+00:00,-22.317533
2012-08-19 01:24:00+00:00,-26.501003
2012-08-19 01:25:00+00:00,-34.033691
2012-08-19 01:26:00+00:00,-37.606068
2012-08-19 01:27:00+00:00,-44.073933
2012-08-19 01:28:00+00:00,-44.589058
2012-08-19 01:29:00+00:00,-41.738693
2012-08-19 01:30:00+00:00,-43.585968
2012-08-19 01:31:00+00:00,-43.673344
2012-08-19 01:32:00+00:00,-43.860023
2012-08-19 01:33:00+00:00,-44.649105
2012-08-19 01:34:00+00:00,-47.490448
2012-08-19 01:35:00+00:00,-46.883743
2012-08-19 01:36:00+00:00,-47.425331
2012-08-19 01:37:00+00:00,-47.379211
2012-08-19 01:38:00+00:00,-47.571327
2012-08-19 01:39:00+00:00,-46.605103
2012-08-19 01:40:00+00:00,-45.111557
2012-08-19 01:41:00+00:00,-44.553749
2012-08-19 01:42:00+00:00,-44.803902
2012-08-19 01:43:00+00:00,-45.334839
2012-08-19 01:44:00+00:00,-46.113525
2012-08-19 01:45:00+00:00,-45.47633
2012-08-19 01:46:00+00:00,-45.029282
2012-08-19 01:47:00+00:00,-45.430077
2012-08-19 01:48:00+00:00,-45.95232
2012-08-19 01:49:00+00:00,-45.214333
2012-08-19 01:50:00+00:00,-44.135223
2012-08-19 01:51:00+00:00,-42.888008
2012-08-19 01:52:00+00:00,-41.671288
2012-08-19 01:53:00+00:00,-42.498508
2012-08-19 01:54:00+00:00,-42.750885
2012-08-19 01:55:00+00:00,-41.22839
2012-08-19 01:56:00+00:00,-40.743683
2012-08-19 01:57:00+00:00,-40.873093
2012-08-19 01:58:00+00:00,-39.901947
2012-08-19 01:59:00+00:00,-38.980789
2012-08-19 02:00:00+00:00,-38.009602
2012-08-19 02:01:00+00:00,-38.218353
2012-08-19 02:02:00+00:00,-38.867653
2012-08-19 02:03:00+00:00,-37.80241
2012-08-19 02:04:00+00:00,-37.142933
2012-08-19 02:05:00+00:00,-36.781986
2012-08-19 02:06:00+00:00,-36.209019
2012-08-19 02:07:00+00:00,-36.18605
2012-08-19 02:08:00+00:00,-35.896614
2012-08-19 02:09:00+00:00,-35.82151
2012-08-19 02:10:00+00:00,-34.642567
2012-08-19 02:11:00+00:00,-33.178329
2012-08-19 02:12:00+00:00,-31.155552
2012-08-19 02:13:00+00:00,-31.101398
2012-08-19 02:14:00+00:00,-33.807934
2012-08-19 02:15:00+00:00,-35.803574
2012-08-19 02:16:00+00:00,-40.727303
2012-08-19 02:17:00+00:00,-54.333138
2012-08-19 02:18:00+00:00,-65.781998
2012-08-19 02:19:00+00:00,-69.312157
2012-08-19 02:20:00+00:00,-52.04858
2012-08-19 02:21:00+00:00,-22.44503
2012-08-19 02:22:00+00:00,-20.229654
2012-08-19 02:23:00+00:00,-19.19393
2012-08-19 02:24:00+00:00,-22.762016
2012-08-19 02:25:00+00:00,-27.856499
2012-08-19 02:26:00+00:00,-35.84269
2012-08-19 02:27:00+00:00,-38.744858
2012-08-19 02:28:00+00:00,-38.821976
2012-08-19 02:29:00+00:00,-38.902367
2012-08-19 02:30:00+00:00,-39.360367
2012-08-19 02:31:00+00:00,-39.778587
2012-08-19 02:32:00+00:00,-39.708649
2012-08-19 02:33:00+00:00,-39.026596
2012-08-19 02:34:00+00:00,-39.131401
2012-08-19 02:35:00+00:00,-39.228195
2012-08-19 02:36:00+00:00,-43.193008
2012-08-19 02:37:00+00:00,-47.242016
2012-08-19 02:38:00+00:00,-48.272839
2012-08-19 02:39:00+00:00,-45.15136
2012-08-19 02:40:00+00:00,-43.016319
2012-08-19 02:41:00+00:00,-43.449837
2012-08-19 02:42:00+00:00,-44.179512
2012-08-19 02:43:00+00:00,-41.976917
2012-08-19 02:44:00+00:00,-39.306969
2012-08-19 02:45:00+00:00,-38.29192
2012-08-19 02:46:00+00:00,-37.788036
2012-08-19 02:47:00+00:00,-37.968395
2012-08-26 00:00:00+00:00,-97.207199
2012-08-26 00:01:00+00:00,-97.990799
2012-08-26 00:02:00+00:00,-100.872765
2012-08-26 00:03:00+00:00,-100.834534
2012-08-26 00:04:00+00:00,-98.560654
2012-08-26 00:05:00+00:00,-97.629265
2012-08-26 00:06:00+00:00,-94.787422
2012-08-26 00:07:00+00:00,-92.616501
2012-08-26 00:08:00+00:00,-89.532883
2012-08-26 00:09:00+00:00,-87.565193
2012-08-26 00:10:00+00:00,-85.445824
2012-08-26 00:11:00+00:00,-80.961761
2012-08-26 00:12:00+00:00,-76.386497
2012-08-26 00:13:00+00:00,-73.857376
2012-08-26 00:14:00+00:00,-70.620743
2012-08-26 00:15:00+00:00,-67.858093
2012-08-26 00:16:00+00:00,-61.825718
2012-08-26 00:17:00+00:00,-56.97625
2012-08-26 00:18:00+00:00,-52.186501
2012-08-26 00:19:00+00:00,-47.175835
2012-08-26 00:20:00+00:00,-43.429573
2012-08-26 00:21:00+00:00,-39.386303
2012-08-26 00:22:00+00:00,-41.905514
2012-08-26 00:23:00+00:00,-45.41375
2012-08-26 00:24:00+00:00,-47.742218
2012-08-26 00:25:00+00:00,-46.675297
2012-08-26 00:26:00+00:00,-44.481571
2012-08-26 00:27:00+00:00,-39.687984
2012-08-26 00:28:00+00:00,-39.915955
2012-08-26 00:29:00+00:00,-41.362152
2012-08-26 00:30:00+00:00,-42.233093
2012-08-26 00:31:00+00:00,-42.701031
2012-08-26 00:32:00+00:00,-41.480675
2012-08-26 00:33:00+00:00,-40.245628
2012-08-26 00:34:00+00:00,-39.478195
2012-08-26 00:35:00+00:00,-36.497246
2012-08-26 00:36:00+00:00,-36.915649
2012-08-26 00:37:00+00:00,-39.44524
2012-08-26 00:38:00+00:00,-36.891445
2012-08-26 00:39:00+00:00,-35.810944
2012-08-26 00:40:00+00:00,-36.069103
2012-08-26 00:41:00+00:00,-35.199123
2012-08-26 00:42:00+00:00,-34.073395
2012-08-26 00:43:00+00:00,-33.328217
2012-08-26 00:44:00+00:00,-32.540367
2012-08-26 00:45:00+00:00,-33.775642
2012-08-26 00:46:00+00:00,-34.12582
2012-08-26 00:47:00+00:00,-34.23391
2012-08-26 00:48:00+00:00,-34.557915
2012-08-26 00:49:00+00:00,-34.789234
2012-08-26 00:50:00+00:00,-34.509903
2012-08-26 00:51:00+00:00,-36.041855
2012-08-26 00:52:00+00:00,-37.005333
2012-08-26 00:53:00+00:00,-37.009792
2012-08-26 00:54:00+00:00,-37.040154
2012-08-26 00:55:00+00:00,-37.600391
2012-08-26 00:56:00+00:00,-37.669106
2012-08-26 00:57:00+00:00,-36.60574
2012-08-26 00:58:00+00:00,-35.78635
2012-08-26 00:59:00+00:00,-36.111794
2012-08-26 01:00:00+00:00,-35.860653
2012-08-26 01:01:00+00:00,-32.128223
2012-08-26 01:02:00+00:00,-30.715561
2012-08-26 01:03:00+00:00,-28.900103
2012-08-26 01:04:00+00:00,-32.536434
2012-08-26 01:05:00+00:00,-33.238903
2012-08-26 01:06:00+00:00,-35.550571
2012-08-26 01:07:00+00:00,-35.707008
2012-08-26 01:08:00+00:00,-29.79982
2012-08-26 01:09:00+00:00,-24.193514
2012-08-26 01:10:00+00:00,-20.355955
2012-08-26 01:11:00+00:00,-14.175907
2012-08-26 01:12:00+00:00,-9.31264
2012-08-26 01:13:00+00:00,-10.759412
2012-08-26 01:14:00+00:00,-7.261674
2012-08-26 01:15:00+00:00,-6.208534
2012-08-26 01:16:00+00:00,-21.949574
2012-08-26 01:17:00+00:00,-16.337074
2012-08-26 01:18:00+00:00,-17.779913
2012-08-26 01:19:00+00:00,-18.482727
2012-08-26 01:20:00+00:00,-26.063574
2012-08-26 01:21:00+00:00,-29.827038
2012-08-26 01:22:00+00:00,-26.039865
2012-08-26 01:23:00+00:00,-22.842072
2012-08-26 01:24:00+00:00,-23.415447
2012-08-26 01:25:00+00:00,-16.529966
2012-08-26 01:26:00+00:00,-18.599625
2012-08-26 01:27:00+00:00,-18.253281
2012-08-26 01:28:00+00:00,-16.881025
2012-08-26 01:29:00+00:00,-15.829113
2012-08-26 01:30:00+00:00,-15.673922
2012-08-26 01:31:00+00:00,-16.361786
2012-08-26 01:32:00+00:00,-18.416307
2012-08-26 01:33:00+00:00,-19.627998
2012-08-26 01:34:00+00:00,-20.645912
2012-08-26 01:35:00+00:00,-24.089025
2012-08-26 01:36:00+00:00,-24.949711
2012-08-26 01:37:00+00:00,-24.645836
2012-08-26 01:38:00+00:00,-24.82312
2012-08-26 01:39:00+00:00,-24.33099
2012-08-26 01:40:00+00:00,-28.467436
2012-08-26 01:41:00+00:00,-27.572687
2012-08-26 01:42:00+00:00,-28.566662
2012-08-26 01:43:00+00:00,-30.3862
2012-08-26 01:44:00+00:00,-30.410414
2012-08-26 01:45:00+00:00,-33.237122
2012-08-26 01:46:00+00:00,-34.87944
2012-08-26 01:47:00+00:00,-39.34787
2012-08-26 01:48:00+00:00,-40.448078
2012-08-26 01:49:00+00:00,-32.570641
2012-08-26 01:50:00+00:00,-27.79809
2012-08-26 01:51:00+00:00,-25.496002
2012-08-26 01:52:00+00:00,-24.49748
2012-08-26 01:53:00+00:00,-23.509768
2012-08-26 01:54:00+00:00,-21.535862
2012-08-26 01:55:00+00:00,-21.447945
2012-08-26 01:56:00+00:00,-21.342632
2012-08-26 01:57:00+00:00,-19.427252
2012-08-26 01:58:00+00:00,-19.278383
2012-08-26 01:59:00+00:00,-19.01482
2012-08-26 02:00:00+00:00,-19.273417
2012-08-26 02:01:00+00:00,-19.033489
2012-08-26 02:02:00+00:00,-18.238571
2012-08-26 02:03:00+00:00,-17.826704
2012-08-26 02:04:00+00:00,-19.97995
2012-08-26 02:05:00+00:00,-24.706417
2012-08-26 02:06:00+00:00,-26.585449
2012-08-26 02:07:00+00:00,-20.150076
2012-08-26 02:08:00+00:00,-20.523071
2012-08-26 02:09:00+00:00,-20.476269
2012-08-26 02:10:00+00:00,-22.244755
2012-08-26 02:11:00+00:00,-25.517559
2012-08-26 02:12:00+00:00,-22.296494
2012-08-26 02:13:00+00:00,-19.439476
2012-08-26 02:14:00+00:00,-20.008043
2012-08-26 02:15:00+00:00,-22.029709
2012-08-26 02:16:00+00:00,-22.765305
2012-08-26 02:17:00+00:00,-22.222223
2012-08-26 02:18:00+00:00,-26.676018
2012-08-26 02:19:00+00:00,-40.268425
2012-08-26 02:20:00+00:00,-25.584866
2012-08-26 02:21:00+00:00,-21.993319
2012-08-26 02:22:00+00:00,-31.365761
2012-08-26 02:23:00+00:00,-40.866848
2012-08-26 02:24:00+00:00,-33.790169
2012-08-26 02:25:00+00:00,-29.920788
2012-08-26 02:26:00+00:00,-36.052956
2012-08-26 02:27:00+00:00,-36.562363
2012-08-26 02:28:00+00:00,-27.829643
2012-08-26 02:29:00+00:00,-25.526062
2012-08-26 02:30:00+00:00,-25.880476
2012-08-26 02:31:00+00:00,-30.471949
2012-08-26 02:32:00+00:00,-32.27541
2012-08-26 02:33:00+00:00,-29.205383
2012-08-26 02:34:00+00:00,-29.840723
2012-08-26 02:35:00+00:00,-31.086269
2012-08-26 02:36:00+00:00,-31.416634
2012-08-26 02:37:00+00:00,-30.440765
2012-08-26 02:38:00+00:00,-29.395416
2012-08-26 02:39:00+00:00,-27.762053
2012-08-26 02:40:00+00:00,-26.964993
2012-08-26 02:41:00+00:00,-26.797213
2012-08-26 02:42:00+00:00,-26.506275
2012-08-26 02:43:00+00:00,-26.091209
2012-08-26 02:44:00+00:00,-31.391958
2012-08-26 02:45:00+00:00,-38.377239
2012-08-26 02:46:00+00:00,-35.084225
2012-08-26 02:47:00+00:00,-29.178871
2012-09-02 00:00:00+00:00,-90.413948
2012-09-02 00:01:00+00:00,-92.283157
2012-09-02 00:02:00+00:00,-92.919991
2012-09-02 00:03:00+00:00,-92.672096
2012-09-02 00:04:00+00:00,-91.387093
2012-09-02 00:05:00+00:00,-87.396011
2012-09-02 00:06:00+00:00,-85.187119
2012-09-02 00:07:00+00:00,-85.838303
2012-09-02 00:08:00+00:00,-83.484772
2012-09-02 00:09:00+00:00,-79.846939
2012-09-02 00:10:00+00:00,-77.779343
2012-09-02 00:11:00+00:00,-78.760696
2012-09-02 00:12:00+00:00,-78.381805
2012-09-02 00:13:00+00:00,-77.874039
2012-09-02 00:14:00+00:00,-75.798523
2012-09-02 00:15:00+00:00,-75.978027
2012-09-02 00:16:00+00:00,-76.820251
2012-09-02 00:17:00+00:00,-78.044861
2012-09-02 00:18:00+00:00,-78.850182
2012-09-02 00:19:00+00:00,-83.397316
2012-09-02 00:20:00+00:00,-84.367889
2012-09-02 00:21:00+00:00,-81.73941
2012-09-02 00:22:00+00:00,-85.447937
2012-09-02 00:23:00+00:00,-85.35862
2012-09-02 00:24:00+00:00,-80.666267
2012-09-02 00:25:00+00:00,-77.75563
2012-09-02 00:26:00+00:00,-76.410538
2012-09-02 00:27:00+00:00,-75.628387
2012-09-02 00:28:00+00:00,-76.091614
2012-09-02 00:29:00+00:00,-77.679466
2012-09-02 00:30:00+00:00,-80.444595
2012-09-02 00:31:00+00:00,-85.418793
2012-09-02 00:32:00+00:00,-91.369247
2012-09-02 00:33:00+00:00,-92.63176
2012-09-02 00:34:00+00:00,-88.654465
2012-09-02 00:35:00+00:00,-84.882553
2012-09-02 00:36:00+00:00,-81.515121
2012-09-02 00:37:00+00:00,-83.611984
2012-09-02 00:38:00+00:00,-84.320786
2012-09-02 00:39:00+00:00,-83.770615
2012-09-02 00:40:00+00:00,-79.816818
2012-09-02 00:41:00+00:00,-81.052994
2012-09-02 00:42:00+00:00,-81.377495
2012-09-02 00:43:00+00:00,-82.554459
2012-09-02 00:44:00+00:00,-82.24984
2012-09-02 00:45:00+00:00,-82.188278
2012-09-02 00:46:00+00:00,-82.587181
2012-09-02 00:47:00+00:00,-86.800186
2012-09-02 00:48:00+00:00,-92.682434
2012-09-02 00:49:00+00:00,-88.378723
2012-09-02 00:50:00+00:00,-79.099876
2012-09-02 00:51:00+00:00,-80.753967
2012-09-02 00:52:00+00:00,-81.216339
2012-09-02 00:53:00+00:00,-83.301201
2012-09-02 00:54:00+00:00,-82.605263
2012-09-02 00:55:00+00:00,-82.483994
2012-09-02 00:56:00+00:00,-85.953033
2012-09-02 00:57:00+00:00,-91.709068
2012-09-02 00:58:00+00:00,-94.333717
2012-09-02 00:59:00+00:00,-96.974533
2012-09-02 01:00:00+00:00,-106.126762
2012-09-02 01:01:00+00:00,-116.51944
2012-09-02 01:02:00+00:00,-112.233749
2012-09-02 01:03:00+00:00,-108.65451
2012-09-02 01:04:00+00:00,-108.77874
2012-09-02 01:05:00+00:00,-111.431274
2012-09-02 01:06:00+00:00,-131.930008
2012-09-02 01:07:00+00:00,-155.921417
2012-09-02 01:08:00+00:00,-152.441681
2012-09-02 01:09:00+00:00,-153.220459
2012-09-02 01:10:00+00:00,-145.883759
2012-09-02 01:11:00+00:00,-141.86525
2012-09-02 01:12:00+00:00,-141.792953
2012-09-02 01:13:00+00:00,-141.353241
2012-09-02 01:14:00+00:00,-143.907532
2012-09-02 01:15:00+00:00,-147.815491
2012-09-02 01:16:00+00:00,-142.937027
2012-09-02 01:17:00+00:00,-155.341049
2012-09-02 01:18:00+00:00,-157.912384
2012-09-02 01:19:00+00:00,-153.070068
2012-09-02 01:20:00+00:00,-169.156799
2012-09-02 01:21:00+00:00,-180.057007
2012-09-02 01:22:00+00:00,-177.049957
2012-09-02 01:23:00+00:00,-179.253601
2012-09-02 01:24:00+00:00,-184.347916
2012-09-02 01:25:00+00:00,-204.177551
2012-09-02 01:26:00+00:00,-207.020096
2012-09-02 01:27:00+00:00,-212.892029
2012-09-02 01:28:00+00:00,-223.447876
2012-09-02 01:29:00+00:00,-246.315277
2012-09-02 01:30:00+00:00,-269.518585
2012-09-02 01:31:00+00:00,-288.018433
2012-09-02 01:32:00+00:00,-286.509033
2012-09-02 01:33:00+00:00,-286.492584
2012-09-02 01:34:00+00:00,-281.211517
2012-09-02 01:35:00+00:00,-298.138763
2012-09-02 01:36:00+00:00,-329.605652
2012-09-02 01:37:00+00:00,-334.822083
2012-09-02 01:38:00+00:00,-334.162933
2012-09-02 01:39:00+00:00,-331.477844
2012-09-02 01:40:00+00:00,-326.835388
2012-09-02 01:41:00+00:00,-334.566925
2012-09-02 01:42:00+00:00,-335.664917
2012-09-02 01:43:00+00:00,-338.694061
2012-09-02 01:44:00+00:00,-339.158905
2012-09-02 01:45:00+00:00,-349.563568
2012-09-02 01:46:00+00:00,-362.413452
2012-09-02 01:47:00+00:00,-351.493866
2012-09-02 01:48:00+00:00,-366.638
2012-09-02 01:49:00+00:00,-384.861267
2012-09-02 01:50:00+00:00,-400.644714
2012-09-02 01:51:00+00:00,-390.43512
2012-09-02 01:52:00+00:00,-409.05957
2012-09-02 01:53:00+00:00,-394.845398
2012-09-02 01:54:00+00:00,-396.97229
2012-09-02 01:55:00+00:00,-400.28595
2012-09-02 01:56:00+00:00,-403.449554
2012-09-02 01:57:00+00:00,-421.621338
2012-09-02 01:58:00+00:00,-427.55426
2012-09-02 01:59:00+00:00,-426.465973
2012-09-02 02:00:00+00:00,-401.373474
2012-09-02 02:01:00+00:00,-388.53949
2012-09-02 02:02:00+00:00,-372.097595
2012-09-02 02:03:00+00:00,-353.302338
2012-09-02 02:04:00+00:00,-395.843811
2012-09-02 02:05:00+00:00,-443.286041
2012-09-02 02:06:00+00:00,-482.223907
2012-09-02 02:07:00+00:00,-497.39328
2012-09-02 02:08:00+00:00,-480.756287
2012-09-02 02:09:00+00:00,-458.480499
2012-09-02 02:10:00+00:00,-435.194946
2012-09-02 02:11:00+00:00,-435.66275
2012-09-02 02:12:00+00:00,-439.502319
2012-09-02 02:13:00+00:00,-433.258636
2012-09-02 02:14:00+00:00,-431.076111
2012-09-02 02:15:00+00:00,-426.907745
2012-09-02 02:16:00+00:00,-409.754425
2012-09-02 02:17:00+00:00,-404.630676
2012-09-02 02:18:00+00:00,-411.51297
2012-09-02 02:19:00+00:00,-406.418762
2012-09-02 02:20:00+00:00,-391.345001
2012-09-02 02:21:00+00:00,-385.970123
2012-09-02 02:22:00+00:00,-375.989044
2012-09-02 02:23:00+00:00,-366.363312
2012-09-02 02:24:00+00:00,-366.913055
2012-09-02 02:25:00+00:00,-371.255615
2012-09-02 02:26:00+00:00,-373.448761
2012-09-02 02:27:00+00:00,-359.519012
2012-09-02 02:28:00+00:00,-347.273163
2012-09-02 02:29:00+00:00,-341.774414
2012-09-02 02:30:00+00:00,-333.935181
2012-09-02 02:31:00+00:00,-318.764496
2012-09-02 02:32:00+00:00,-303.691101
2012-09-02 02:33:00+00:00,-295.685822
2012-09-02 02:34:00+00:00,-302.433228
2012-09-02 02:35:00+00:00,-303.077911
2012-09-02 02:36:00+00:00,-303.975372
2012-09-02 02:37:00+00:00,-293.636047
2012-09-02 02:38:00+00:00,-272.554565
2012-09-02 02:39:00+00:00,-261.142639
2012-09-02 02:40:00+00:00,-253.267365
2012-09-02 02:41:00+00:00,-245.593124
2012-09-02 02:42:00+00:00,-243.002853
2012-09-02 02:43:00+00:00,-235.618774
2012-09-02 02:44:00+00:00,-233.541916
2012-09-02 02:45:00+00:00,-225.273682
2012-09-02 02:46:00+00:00,-219.127213
2012-09-02 02:47:00+00:00,-220.313568
2012-09-09 00:00:00+00:00,-49.949947
2012-09-09 00:01:00+00:00,-48.052715
2012-09-09 00:02:00+00:00,-49.611916
2012-09-09 00:03:00+00:00,-50.968418
2012-09-09 00:04:00+00:00,-51.774616
2012-09-09 00:05:00+00:00,-52.53838
2012-09-09 00:06:00+00:00,-51.812492
2012-09-09 00:07:00+00:00,-52.15358
2012-09-09 00:08:00+00:00,-53.344017
2012-09-09 00:09:00+00:00,-54.26469
2012-09-09 00:10:00+00:00,-54.524052
2012-09-09 00:11:00+00:00,-54.080154
2012-09-09 00:12:00+00:00,-55.79731
2012-09-09 00:13:00+00:00,-55.203896
2012-09-09 00:14:00+00:00,-54.737167
2012-09-09 00:15:00+00:00,-54.090122
2012-09-09 00:16:00+00:00,-56.421722
2012-09-09 00:17:00+00:00,-58.013271
2012-09-09 00:18:00+00:00,-59.862869
2012-09-09 00:19:00+00:00,-62.343616
2012-09-09 00:20:00+00:00,-62.362793
2012-09-09 00:21:00+00:00,-61.581577
2012-09-09 00:22:00+00:00,-59.180237
2012-09-09 00:23:00+00:00,-58.088428
2012-09-09 00:24:00+00:00,-57.472012
2012-09-09 00:25:00+00:00,-62.431572
2012-09-09 00:26:00+00:00,-65.023682
2012-09-09 00:27:00+00:00,-66.722984
2012-09-09 00:28:00+00:00,-68.413315
2012-09-09 00:29:00+00:00,-61.870758
2012-09-09 00:30:00+00:00,-63.546192
2012-09-09 00:31:00+00:00,-67.808556
2012-09-09 00:32:00+00:00,-66.51825
2012-09-09 00:33:00+00:00,-59.349049
2012-09-09 00:34:00+00:00,-58.470814
2012-09-09 00:35:00+00:00,-59.46064
2012-09-09 00:36:00+00:00,-56.394642
2012-09-09 00:37:00+00:00,-55.49509
2012-09-09 00:38:00+00:00,-55.585827
2012-09-09 00:39:00+00:00,-60.356182
2012-09-09 00:40:00+00:00,-54.75259
2012-09-09 00:41:00+00:00,-55.368759
2012-09-09 00:42:00+00:00,-55.255886
2012-09-09 00:43:00+00:00,-54.693317
2012-09-09 00:44:00+00:00,-54.777939
2012-09-09 00:45:00+00:00,-53.58371
2012-09-09 00:46:00+00:00,-53.668461
2012-09-09 00:47:00+00:00,-54.533222
2012-09-09 00:48:00+00:00,-53.837231
2012-09-09 00:49:00+00:00,-53.264133
2012-09-09 00:50:00+00:00,-53.588394
2012-09-09 00:51:00+00:00,-54.102062
2012-09-09 00:52:00+00:00,-54.635384
2012-09-09 00:53:00+00:00,-55.48896
2012-09-09 00:54:00+00:00,-56.575073
2012-09-09 00:55:00+00:00,-57.719952
2012-09-09 00:56:00+00:00,-58.864071
2012-09-09 00:57:00+00:00,-59.14909
2012-09-09 00:58:00+00:00,-59.764515
2012-09-09 00:59:00+00:00,-60.299435
2012-09-09 01:00:00+00:00,-60.174477
2012-09-09 01:01:00+00:00,-59.820984
2012-09-09 01:02:00+00:00,-59.049088
2012-09-09 01:03:00+00:00,-57.805122
2012-09-09 01:04:00+00:00,-56.129169
2012-09-09 01:05:00+00:00,-55.68338
2012-09-09 01:06:00+00:00,-56.619167
2012-09-09 01:07:00+00:00,-57.172035
2012-09-09 01:08:00+00:00,-55.376953
2012-09-09 01:09:00+00:00,-53.741894
2012-09-09 01:10:00+00:00,-53.894829
2012-09-09 01:11:00+00:00,-54.828972
2012-09-09 01:12:00+00:00,-54.704514
2012-09-09 01:13:00+00:00,-55.477554
2012-09-09 01:14:00+00:00,-55.33086
2012-09-09 01:15:00+00:00,-56.045513
2012-09-09 01:16:00+00:00,-56.308186
2012-09-09 01:17:00+00:00,-54.565208
2012-09-09 01:18:00+00:00,-55.459206
2012-09-09 01:19:00+00:00,-55.486309
2012-09-09 01:20:00+00:00,-55.962967
2012-09-09 01:21:00+00:00,-56.759342
2012-09-09 01:22:00+00:00,-55.854168
2012-09-09 01:23:00+00:00,-52.511799
2012-09-09 01:24:00+00:00,-49.429703
2012-09-09 01:25:00+00:00,-49.536636
2012-09-09 01:26:00+00:00,-52.134399
2012-09-09 01:27:00+00:00,-53.085335
2012-09-09 01:28:00+00:00,-52.235195
2012-09-09 01:29:00+00:00,-52.223976
2012-09-09 01:30:00+00:00,-50.50523
2012-09-09 01:31:00+00:00,-48.016384
2012-09-09 01:32:00+00:00,-47.219028
2012-09-09 01:33:00+00:00,-46.169838
2012-09-09 01:34:00+00:00,-41.928421
2012-09-09 01:35:00+00:00,-37.744801
2012-09-09 01:36:00+00:00,-33.767452
2012-09-09 01:37:00+00:00,-30.918644
2012-09-09 01:38:00+00:00,-30.401794
2012-09-09 01:39:00+00:00,-30.46534
2012-09-09 01:40:00+00:00,-33.128845
2012-09-09 01:41:00+00:00,-35.563232
2012-09-09 01:42:00+00:00,-37.958
2012-09-09 01:43:00+00:00,-39.431335
2012-09-09 01:44:00+00:00,-40.606766
2012-09-09 01:45:00+00:00,-42.870167
2012-09-09 01:46:00+00:00,-45.063805
2012-09-09 01:47:00+00:00,-48.647663
2012-09-09 01:48:00+00:00,-48.185257
2012-09-09 01:49:00+00:00,-49.302597
2012-09-09 01:50:00+00:00,-50.523155
2012-09-09 01:51:00+00:00,-51.742462
2012-09-09 01:52:00+00:00,-52.641815
2012-09-09 01:53:00+00:00,-53.365593
2012-09-09 01:54:00+00:00,-54.099937
2012-09-09 01:55:00+00:00,-54.842937
2012-09-09 01:56:00+00:00,-54.412979
2012-09-09 01:57:00+00:00,-54.437054
2012-09-09 01:58:00+00:00,-55.573391
2012-09-09 01:59:00+00:00,-56.628471
2012-09-09 02:00:00+00:00,-57.065636
2012-09-09 02:01:00+00:00,-58.056301
2012-09-09 02:02:00+00:00,-58.256485
2012-09-09 02:03:00+00:00,-57.640862
2012-09-09 02:04:00+00:00,-80.186127
2012-09-09 02:05:00+00:00,-103.857346
2012-09-09 02:06:00+00:00,-147.011749
2012-09-09 02:07:00+00:00,-109.204216
2012-09-09 02:08:00+00:00,-105.655479
2012-09-09 02:09:00+00:00,-142.130203
2012-09-09 02:10:00+00:00,-233.066849
2012-09-09 02:11:00+00:00,-228.861923
2012-09-09 02:12:00+00:00,-183.816223
2012-09-09 02:13:00+00:00,-147.975647
2012-09-09 02:14:00+00:00,-153.362671
2012-09-09 02:15:00+00:00,-139.835587
2012-09-09 02:16:00+00:00,-138.59024
2012-09-09 02:17:00+00:00,-137.393936
2012-09-09 02:18:00+00:00,-140.495697
2012-09-09 02:19:00+00:00,-144.463913
2012-09-09 02:20:00+00:00,-127.981178
2012-09-09 02:21:00+00:00,-129.727005
2012-09-09 02:22:00+00:00,-125.838486
2012-09-09 02:23:00+00:00,-125.977684
2012-09-09 02:24:00+00:00,-121.743408
2012-09-09 02:25:00+00:00,-120.918892
2012-09-09 02:26:00+00:00,-120.340088
2012-09-09 02:27:00+00:00,-116.787926
2012-09-09 02:28:00+00:00,-114.51535
2012-09-09 02:29:00+00:00,-113.836922
2012-09-09 02:30:00+00:00,-108.206573
2012-09-09 02:31:00+00:00,-98.096252
2012-09-09 02:32:00+00:00,-88.542236
2012-09-09 02:33:00+00:00,-80.688705
2012-09-09 02:34:00+00:00,-77.319077
2012-09-09 02:35:00+00:00,-73.718506
2012-09-09 02:36:00+00:00,-69.156525
2012-09-09 02:37:00+00:00,-64.27459
2012-09-09 02:38:00+00:00,-59.314201
2012-09-09 02:39:00+00:00,-54.311302
2012-09-09 02:40:00+00:00,-51.012959
2012-09-09 02:41:00+00:00,-49.004616
2012-09-09 02:42:00+00:00,-48.516323
2012-09-09 02:43:00+00:00,-48.500587
2012-09-09 02:44:00+00:00,-48.458321
2012-09-09 02:45:00+00:00,-47.923817
2012-09-09 02:46:00+00:00,-46.73
2012-09-09 02:47:00+00:00,-44.98819
2012-09-16 00:00:00+00:00,-29.379427
2012-09-16 00:01:00+00:00,-28.746454
2012-09-16 00:02:00+00:00,-28.220749
2012-09-16 00:03:00+00:00,-30.509947
2012-09-16 00:04:00+00:00,-31.745508
2012-09-16 00:05:00+00:00,-30.726864
2012-09-16 00:06:00+00:00,-31.161648
2012-09-16 00:07:00+00:00,-32.284557
2012-09-16 00:08:00+00:00,-32.638214
2012-09-16 00:09:00+00:00,-33.4935
2012-09-16 00:10:00+00:00,-36.958721
2012-09-16 00:11:00+00:00,-40.481621
2012-09-16 00:12:00+00:00,-41.984856
2012-09-16 00:13:00+00:00,-42.684311
2012-09-16 00:14:00+00:00,-43.766235
2012-09-16 00:15:00+00:00,-45.715164
2012-09-16 00:16:00+00:00,-47.415695
2012-09-16 00:17:00+00:00,-47.130104
2012-09-16 00:18:00+00:00,-45.868221
2012-09-16 00:19:00+00:00,-46.034901
2012-09-16 00:20:00+00:00,-45.88216
2012-09-16 00:21:00+00:00,-46.122471
2012-09-16 00:22:00+00:00,-45.79377
2012-09-16 00:23:00+00:00,-46.344696
2012-09-16 00:24:00+00:00,-46.085758
2012-09-16 00:25:00+00:00,-46.354904
2012-09-16 00:26:00+00:00,-45.683449
2012-09-16 00:27:00+00:00,-45.53241
2012-09-16 00:28:00+00:00,-44.767563
2012-09-16 00:29:00+00:00,-42.784611
2012-09-16 00:30:00+00:00,-41.887611
2012-09-16 00:31:00+00:00,-41.762604
2012-09-16 00:32:00+00:00,-41.915825
2012-09-16 00:33:00+00:00,-42.337097
2012-09-16 00:34:00+00:00,-42.479607
2012-09-16 00:35:00+00:00,-41.865402
2012-09-16 00:36:00+00:00,-41.59758
2012-09-16 00:37:00+00:00,-41.973145
2012-09-16 00:38:00+00:00,-41.918816
2012-09-16 00:39:00+00:00,-41.865868
2012-09-16 00:40:00+00:00,-41.227955
2012-09-16 00:41:00+00:00,-40.535419
2012-09-16 00:42:00+00:00,-40.448975
2012-09-16 00:43:00+00:00,-39.806099
2012-09-16 00:44:00+00:00,-39.079594
2012-09-16 00:45:00+00:00,-39.200054
2012-09-16 00:46:00+00:00,-39.383926
2012-09-16 00:47:00+00:00,-39.274841
2012-09-16 00:48:00+00:00,-37.858212
2012-09-16 00:49:00+00:00,-37.969078
2012-09-16 00:50:00+00:00,-38.527924
2012-09-16 00:51:00+00:00,-38.315575
2012-09-16 00:52:00+00:00,-36.189758
2012-09-16 00:53:00+00:00,-33.760956
2012-09-16 00:54:00+00:00,-32.010883
2012-09-16 00:55:00+00:00,-31.613445
2012-09-16 00:56:00+00:00,-31.33287
2012-09-16 00:57:00+00:00,-31.047651
2012-09-16 00:58:00+00:00,-29.91264
2012-09-16 00:59:00+00:00,-28.984047
2012-09-16 01:00:00+00:00,-28.913385
2012-09-16 01:01:00+00:00,-29.588446
2012-09-16 01:02:00+00:00,-29.581522
2012-09-16 01:03:00+00:00,-28.218204
2012-09-16 01:04:00+00:00,-26.014029
2012-09-16 01:05:00+00:00,-23.59683
2012-09-16 01:06:00+00:00,-22.619839
2012-09-16 01:07:00+00:00,-20.21706
2012-09-16 01:08:00+00:00,-19.67004
2012-09-16 01:09:00+00:00,-17.70455
2012-09-16 01:10:00+00:00,-14.85932
2012-09-16 01:11:00+00:00,-14.857358
2012-09-16 01:12:00+00:00,-15.526344
2012-09-16 01:13:00+00:00,-17.593981
2012-09-16 01:14:00+00:00,-19.873253
2012-09-16 01:15:00+00:00,-22.196808
2012-09-16 01:16:00+00:00,-24.693569
2012-09-16 01:17:00+00:00,-26.708792
2012-09-16 01:18:00+00:00,-28.70932
2012-09-16 01:19:00+00:00,-28.467171
2012-09-16 01:20:00+00:00,-27.458464
2012-09-16 01:21:00+00:00,-26.444473
2012-09-16 01:22:00+00:00,-26.893827
2012-09-16 01:23:00+00:00,-27.177013
2012-09-16 01:24:00+00:00,-28.787575
2012-09-16 01:25:00+00:00,-31.551235
2012-09-16 01:26:00+00:00,-33.591091
2012-09-16 01:27:00+00:00,-34.794876
2012-09-16 01:28:00+00:00,-35.171921
2012-09-16 01:29:00+00:00,-35.938858
2012-09-16 01:30:00+00:00,-36.692822
2012-09-16 01:31:00+00:00,-36.190971
2012-09-16 01:32:00+00:00,-33.933403
2012-09-16 01:33:00+00:00,-33.278564
2012-09-16 01:34:00+00:00,-32.819767
2012-09-16 01:35:00+00:00,-31.208912
2012-09-16 01:36:00+00:00,-29.886478
2012-09-16 01:37:00+00:00,-28.186642
2012-09-16 01:38:00+00:00,-26.650652
2012-09-16 01:39:00+00:00,-24.671295
2012-09-16 01:40:00+00:00,-23.66415
2012-09-16 01:41:00+00:00,-24.704943
2012-09-16 01:42:00+00:00,-27.175072
2012-09-16 01:43:00+00:00,-29.846558
2012-09-16 01:44:00+00:00,-31.869902
2012-09-16 01:45:00+00:00,-32.16592
2012-09-16 01:46:00+00:00,-31.577991
2012-09-16 01:47:00+00:00,-30.537804
2012-09-16 01:48:00+00:00,-28.191891
2012-09-16 01:49:00+00:00,-25.131609
2012-09-16 01:50:00+00:00,-23.060675
2012-09-16 01:51:00+00:00,-25.330502
2012-09-16 01:52:00+00:00,-27.681202
2012-09-16 01:53:00+00:00,-30.891373
2012-09-16 01:54:00+00:00,-34.038502
2012-09-16 01:55:00+00:00,-35.226578
2012-09-16 01:56:00+00:00,-35.279808
2012-09-16 01:57:00+00:00,-35.765804
2012-09-16 01:58:00+00:00,-37.02953
2012-09-16 01:59:00+00:00,-37.914204
2012-09-16 02:00:00+00:00,-37.669113
2012-09-16 02:01:00+00:00,-35.773422
2012-09-16 02:02:00+00:00,-33.539333
2012-09-16 02:03:00+00:00,-32.991047
2012-09-16 02:04:00+00:00,-32.235519
2012-09-16 02:05:00+00:00,-30.559408
2012-09-16 02:06:00+00:00,-29.1224
2012-09-16 02:07:00+00:00,-28.661648
2012-09-16 02:08:00+00:00,-28.820105
2012-09-16 02:09:00+00:00,-30.370584
2012-09-16 02:10:00+00:00,-29.437622
2012-09-16 02:11:00+00:00,-38.759556
2012-09-16 02:12:00+00:00,-53.210972
2012-09-16 02:13:00+00:00,-59.47068
2012-09-16 02:14:00+00:00,-62.639618
2012-09-16 02:15:00+00:00,-108.688187
2012-09-16 02:16:00+00:00,-112.531799
2012-09-16 02:17:00+00:00,-177.887527
2012-09-16 02:18:00+00:00,-200.02356
2012-09-16 02:19:00+00:00,-276.789612
2012-09-16 02:20:00+00:00,-265.545166
2012-09-16 02:21:00+00:00,-221.825455
2012-09-16 02:22:00+00:00,-239.24617
2012-09-16 02:23:00+00:00,-204.1633
2012-09-16 02:24:00+00:00,-183.580368
2012-09-16 02:25:00+00:00,-193.352829
2012-09-16 02:26:00+00:00,-183.184372
2012-09-16 02:27:00+00:00,-194.738144
2012-09-16 02:28:00+00:00,-200.68515
2012-09-16 02:29:00+00:00,-181.248993
2012-09-16 02:30:00+00:00,-176.700424
2012-09-16 02:31:00+00:00,-164.232162
2012-09-16 02:32:00+00:00,-181.14003
2012-09-16 02:33:00+00:00,-190.473709
2012-09-16 02:34:00+00:00,-199.941757
2012-09-16 02:35:00+00:00,-202.269791
2012-09-16 02:36:00+00:00,-196.147263
2012-09-16 02:37:00+00:00,-199.696167
2012-09-16 02:38:00+00:00,-211.949875
2012-09-16 02:39:00+00:00,-220.59198
2012-09-16 02:40:00+00:00,-229.409561
2012-09-16 02:41:00+00:00,-224.688797
2012-09-16 02:42:00+00:00,-246.734787
2012-09-16 02:43:00+00:00,-238.032471
2012-09-16 02:44:00+00:00,-233.161743
2012-09-16 02:45:00+00:00,-236.879364
2012-09-16 02:46:00+00:00,-219.81662
2012-09-16 02:47:00+00:00,-227.639572
2012-09-23 00:00:00+00:00,-40.44331
2012-09-23 00:01:00+00:00,-39.686558
2012-09-23 00:02:00+00:00,-41.297424
2012-09-23 00:03:00+00:00,-43.002235
2012-09-23 00:04:00+00:00,-41.134743
2012-09-23 00:05:00+00:00,-41.628059
2012-09-23 00:06:00+00:00,-40.99688
2012-09-23 00:07:00+00:00,-40.546326
2012-09-23 00:08:00+00:00,-41.799637
2012-09-23 00:09:00+00:00,-40.311996
2012-09-23 00:10:00+00:00,-40.187672
2012-09-23 00:11:00+00:00,-39.991611
2012-09-23 00:12:00+00:00,-40.846142
2012-09-23 00:13:00+00:00,-40.283501
2012-09-23 00:14:00+00:00,-40.768036
2012-09-23 00:15:00+00:00,-39.980457
2012-09-23 00:16:00+00:00,-40.511581
2012-09-23 00:17:00+00:00,-39.801605
2012-09-23 00:18:00+00:00,-39.281452
2012-09-23 00:19:00+00:00,-38.263554
2012-09-23 00:20:00+00:00,-38.093239
2012-09-23 00:21:00+00:00,-38.229919
2012-09-23 00:22:00+00:00,-38.324272
2012-09-23 00:23:00+00:00,-38.461102
2012-09-23 00:24:00+00:00,-38.681431
2012-09-23 00:25:00+00:00,-38.529198
2012-09-23 00:26:00+00:00,-38.45948
2012-09-23 00:27:00+00:00,-38.656853
2012-09-23 00:28:00+00:00,-38.576389
2012-09-23 00:29:00+00:00,-38.709282
2012-09-23 00:30:00+00:00,-39.097572
2012-09-23 00:31:00+00:00,-39.115269
2012-09-23 00:32:00+00:00,-39.051453
2012-09-23 00:33:00+00:00,-39.632679
2012-09-23 00:34:00+00:00,-39.87653
2012-09-23 00:35:00+00:00,-39.477333
2012-09-23 00:36:00+00:00,-39.229115
2012-09-23 00:37:00+00:00,-39.520393
2012-09-23 00:38:00+00:00,-39.489906
2012-09-23 00:39:00+00:00,-38.914017
2012-09-23 00:40:00+00:00,-39.133541
2012-09-23 00:41:00+00:00,-39.298866
2012-09-23 00:42:00+00:00,-39.018394
2012-09-23 00:43:00+00:00,-39.067509
2012-09-23 00:44:00+00:00,-39.055782
2012-09-23 00:45:00+00:00,-38.855869
2012-09-23 00:46:00+00:00,-38.865417
2012-09-23 00:47:00+00:00,-39.097118
2012-09-23 00:48:00+00:00,-39.151558
2012-09-23 00:49:00+00:00,-39.235756
2012-09-23 00:50:00+00:00,-39.527454
2012-09-23 00:51:00+00:00,-39.341393
2012-09-23 00:52:00+00:00,-39.322502
2012-09-23 00:53:00+00:00,-39.51207
2012-09-23 00:54:00+00:00,-39.581974
2012-09-23 00:55:00+00:00,-39.85936
2012-09-23 00:56:00+00:00,-39.857895
2012-09-23 00:57:00+00:00,-40.06488
2012-09-23 00:58:00+00:00,-40.07309
2012-09-23 00:59:00+00:00,-40.40831
2012-09-23 01:00:00+00:00,-40.89006
2012-09-23 01:01:00+00:00,-40.889755
2012-09-23 01:02:00+00:00,-40.546017
2012-09-23 01:03:00+00:00,-40.503395
2012-09-23 01:04:00+00:00,-40.446472
2012-09-23 01:05:00+00:00,-41.021755
2012-09-23 01:06:00+00:00,-40.685787
2012-09-23 01:07:00+00:00,-40.703266
2012-09-23 01:08:00+00:00,-40.864712
2012-09-23 01:09:00+00:00,-41.425026
2012-09-23 01:10:00+00:00,-41.631294
2012-09-23 01:11:00+00:00,-40.880993
2012-09-23 01:12:00+00:00,-41.867496
2012-09-23 01:13:00+00:00,-41.62891
2012-09-23 01:14:00+00:00,-41.354309
2012-09-23 01:15:00+00:00,-41.532787
2012-09-23 01:16:00+00:00,-41.854385
2012-09-23 01:17:00+00:00,-41.880638
2012-09-23 01:18:00+00:00,-41.646729
2012-09-23 01:19:00+00:00,-42.222973
2012-09-23 01:20:00+00:00,-41.938499
2012-09-23 01:21:00+00:00,-42.55574
2012-09-23 01:22:00+00:00,-41.774498
2012-09-23 01:23:00+00:00,-41.488045
2012-09-23 01:24:00+00:00,-41.598747
2012-09-23 01:25:00+00:00,-41.354664
2012-09-23 01:26:00+00:00,-41.187454
2012-09-23 01:27:00+00:00,-40.97995
2012-09-23 01:28:00+00:00,-40.746807
2012-09-23 01:29:00+00:00,-40.238918
2012-09-23 01:30:00+00:00,-39.893055
2012-09-23 01:31:00+00:00,-40.349663
2012-09-23 01:32:00+00:00,-40.323532
2012-09-23 01:33:00+00:00,-40.355675
2012-09-23 01:34:00+00:00,-40.361118
2012-09-23 01:35:00+00:00,-41.39846
2012-09-23 01:36:00+00:00,-41.20406
2012-09-23 01:37:00+00:00,-41.692894
2012-09-23 01:38:00+00:00,-41.307362
2012-09-23 01:39:00+00:00,-41.238869
2012-09-23 01:40:00+00:00,-41.048927
2012-09-23 01:41:00+00:00,-40.971909
2012-09-23 01:42:00+00:00,-40.398441
2012-09-23 01:43:00+00:00,-40.257225
2012-09-23 01:44:00+00:00,-40.200783
2012-09-23 01:45:00+00:00,-40.219002
2012-09-23 01:46:00+00:00,-40.41848
2012-09-23 01:47:00+00:00,-40.671295
2012-09-23 01:48:00+00:00,-40.537979
2012-09-23 01:49:00+00:00,-40.619118
2012-09-23 01:50:00+00:00,-41.36573
2012-09-23 01:51:00+00:00,-41.480309
2012-09-23 01:52:00+00:00,-41.220245
2012-09-23 01:53:00+00:00,-42.018726
2012-09-23 01:54:00+00:00,-40.922508
2012-09-23 01:55:00+00:00,-40.690697
2012-09-23 01:56:00+00:00,-40.427216
2012-09-23 01:57:00+00:00,-40.104721
2012-09-23 01:58:00+00:00,-40.190002
2012-09-23 01:59:00+00:00,-40.171772
2012-09-23 02:00:00+00:00,-40.500343
2012-09-23 02:01:00+00:00,-40.985844
2012-09-23 02:02:00+00:00,-40.918411
2012-09-23 02:03:00+00:00,-40.904472
2012-09-23 02:04:00+00:00,-41.745762
2012-09-23 02:05:00+00:00,-41.91003
2012-09-23 02:06:00+00:00,-41.995499
2012-09-23 02:07:00+00:00,-42.372086
2012-09-23 02:08:00+00:00,-42.951466
2012-09-23 02:09:00+00:00,-43.301979
2012-09-23 02:10:00+00:00,-44.441322
2012-09-23 02:11:00+00:00,-44.835758
2012-09-23 02:12:00+00:00,-45.649086
2012-09-23 02:13:00+00:00,-44.873482
2012-09-23 02:14:00+00:00,-44.309948
2012-09-23 02:15:00+00:00,-44.550529
2012-09-23 02:16:00+00:00,-43.845688
2012-09-23 02:17:00+00:00,-44.527
2012-09-23 02:18:00+00:00,-44.60479
2012-09-23 02:19:00+00:00,-44.512077
2012-09-23 02:20:00+00:00,-45.032043
2012-09-23 02:21:00+00:00,-45.814892
2012-09-23 02:22:00+00:00,-46.046494
2012-09-23 02:23:00+00:00,-46.203205
2012-09-23 02:24:00+00:00,-46.408058
2012-09-23 02:25:00+00:00,-45.787979
2012-09-23 02:26:00+00:00,-46.882854
2012-09-23 02:27:00+00:00,-48.11264
2012-09-23 02:28:00+00:00,-50.843361
2012-09-23 02:29:00+00:00,-51.737381
2012-09-23 02:30:00+00:00,-51.742889
2012-09-23 02:31:00+00:00,-52.265923
2012-09-23 02:32:00+00:00,-50.932968
2012-09-23 02:33:00+00:00,-49.828014
2012-09-23 02:34:00+00:00,-50.243313
2012-09-23 02:35:00+00:00,-51.262856
2012-09-23 02:36:00+00:00,-51.904243
2012-09-23 02:37:00+00:00,-52.349602
2012-09-23 02:38:00+00:00,-53.020088
2012-09-23 02:39:00+00:00,-53.596134
2012-09-23 02:40:00+00:00,-54.900261
2012-09-23 02:41:00+00:00,-55.15416
2012-09-23 02:42:00+00:00,-54.823902
2012-09-23 02:43:00+00:00,-55.362873
2012-09-23 02:44:00+00:00,-55.07579
2012-09-23 02:45:00+00:00,-55.074928
2012-09-23 02:46:00+00:00,-55.626186
2012-09-23 02:47:00+00:00,-55.827965
2012-09-30 00:00:00+00:00,-61.676098
2012-09-30 00:01:00+00:00,-62.814487
2012-09-30 00:02:00+00:00,-66.946594
2012-09-30 00:03:00+00:00,-70.40184
2012-09-30 00:04:00+00:00,-70.711456
2012-09-30 00:05:00+00:00,-71.912529
2012-09-30 00:06:00+00:00,-74.441948
2012-09-30 00:07:00+00:00,-77.36245
2012-09-30 00:08:00+00:00,-80.630417
2012-09-30 00:09:00+00:00,-83.816147
2012-09-30 00:10:00+00:00,-83.515327
2012-09-30 00:11:00+00:00,-79.92717
2012-09-30 00:12:00+00:00,-77.31337
2012-09-30 00:13:00+00:00,-77.465904
2012-09-30 00:14:00+00:00,-78.784721
2012-09-30 00:15:00+00:00,-81.563644
2012-09-30 00:16:00+00:00,-83.830536
2012-09-30 00:17:00+00:00,-82.782646
2012-09-30 00:18:00+00:00,-81.200226
2012-09-30 00:19:00+00:00,-79.625259
2012-09-30 00:20:00+00:00,-77.792099
2012-09-30 00:21:00+00:00,-77.540337
2012-09-30 00:22:00+00:00,-79.435326
2012-09-30 00:23:00+00:00,-83.871567
2012-09-30 00:24:00+00:00,-87.765053
2012-09-30 00:25:00+00:00,-93.035652
2012-09-30 00:26:00+00:00,-97.22142
2012-09-30 00:27:00+00:00,-99.296944
2012-09-30 00:28:00+00:00,-98.357872
2012-09-30 00:29:00+00:00,-97.737297
2012-09-30 00:30:00+00:00,-96.105865
2012-09-30 00:31:00+00:00,-91.538239
2012-09-30 00:32:00+00:00,-86.604027
2012-09-30 00:33:00+00:00,-84.945679
2012-09-30 00:34:00+00:00,-84.968758
2012-09-30 00:35:00+00:00,-86.687546
2012-09-30 00:36:00+00:00,-89.825958
2012-09-30 00:37:00+00:00,-90.004662
2012-09-30 00:38:00+00:00,-88.958191
2012-09-30 00:39:00+00:00,-88.42382
2012-09-30 00:40:00+00:00,-87.727676
2012-09-30 00:41:00+00:00,-102.51297
2012-09-30 00:42:00+00:00,-98.211098
2012-09-30 00:43:00+00:00,-86.475929
2012-09-30 00:44:00+00:00,-87.30941
2012-09-30 00:45:00+00:00,-88.063705
2012-09-30 00:46:00+00:00,-85.611107
2012-09-30 00:47:00+00:00,-82.478928
2012-09-30 00:48:00+00:00,-78.797989
2012-09-30 00:49:00+00:00,-75.325104
2012-09-30 00:50:00+00:00,-74.32
2012-09-30 00:51:00+00:00,-74.152069
2012-09-30 00:52:00+00:00,-73.527733
2012-09-30 00:53:00+00:00,-72.902328
2012-09-30 00:54:00+00:00,-78.369186
2012-09-30 00:55:00+00:00,-79.516624
2012-09-30 00:56:00+00:00,-79.769508
2012-09-30 00:57:00+00:00,-72.480164
2012-09-30 00:58:00+00:00,-74.185822
2012-09-30 00:59:00+00:00,-76.813293
2012-09-30 01:00:00+00:00,-76.823006
2012-09-30 01:01:00+00:00,-74.493828
2012-09-30 01:02:00+00:00,-71.230331
2012-09-30 01:03:00+00:00,-68.279556
2012-09-30 01:04:00+00:00,-65.39537
2012-09-30 01:05:00+00:00,-62.335564
2012-09-30 01:06:00+00:00,-60.314228
2012-09-30 01:07:00+00:00,-59.106213
2012-09-30 01:08:00+00:00,-58.295723
2012-09-30 01:09:00+00:00,-58.165928
2012-09-30 01:10:00+00:00,-56.72657
2012-09-30 01:11:00+00:00,-55.799881
2012-09-30 01:12:00+00:00,-68.046829
2012-09-30 01:13:00+00:00,-85.17466
2012-09-30 01:14:00+00:00,-88.309273
2012-09-30 01:15:00+00:00,-76.957176
2012-09-30 01:16:00+00:00,-90.8461
2012-09-30 01:17:00+00:00,-92.333473
2012-09-30 01:18:00+00:00,-93.737061
2012-09-30 01:19:00+00:00,-90.028183
2012-09-30 01:20:00+00:00,-84.268066
2012-09-30 01:21:00+00:00,-98.193787
2012-09-30 01:22:00+00:00,-110.0233
2012-09-30 01:23:00+00:00,-119.304245
2012-09-30 01:24:00+00:00,-137.209366
2012-09-30 01:25:00+00:00,-131.796204
2012-09-30 01:26:00+00:00,-115.585175
2012-09-30 01:27:00+00:00,-108.696304
2012-09-30 01:28:00+00:00,-117.806259
2012-09-30 01:29:00+00:00,-115.747566
2012-09-30 01:30:00+00:00,-101.601936
2012-09-30 01:31:00+00:00,-100.28614
2012-09-30 01:32:00+00:00,-121.15979
2012-09-30 01:33:00+00:00,-125.784439
2012-09-30 01:34:00+00:00,-99.837883
2012-09-30 01:35:00+00:00,-107.442245
2012-09-30 01:36:00+00:00,-108.034485
2012-09-30 01:37:00+00:00,-113.971268
2012-09-30 01:38:00+00:00,-107.117325
2012-09-30 01:39:00+00:00,-112.348679
2012-09-30 01:40:00+00:00,-91.128273
2012-09-30 01:41:00+00:00,-90.74131
2012-09-30 01:42:00+00:00,-88.132172
2012-09-30 01:43:00+00:00,-81.549942
2012-09-30 01:44:00+00:00,-102.851379
2012-09-30 01:45:00+00:00,-102.220566
2012-09-30 01:46:00+00:00,-86.646103
2012-09-30 01:47:00+00:00,-65.580185
2012-09-30 01:48:00+00:00,-57.845146
2012-09-30 01:49:00+00:00,-68.498642
2012-09-30 01:50:00+00:00,-68.129593
2012-09-30 01:51:00+00:00,-70.878899
2012-09-30 01:52:00+00:00,-66.194397
2012-09-30 01:53:00+00:00,-60.512897
2012-09-30 01:54:00+00:00,-48.680145
2012-09-30 01:55:00+00:00,-60.549877
2012-09-30 01:56:00+00:00,-47.394192
2012-09-30 01:57:00+00:00,-48.047302
2012-09-30 01:58:00+00:00,-50.908806
2012-09-30 01:59:00+00:00,-54.029087
2012-09-30 02:00:00+00:00,-55.695187
2012-09-30 02:01:00+00:00,-54.034302
2012-09-30 02:02:00+00:00,-50.588169
2012-09-30 02:03:00+00:00,-47.97205
2012-09-30 02:04:00+00:00,-45.030701
2012-09-30 02:05:00+00:00,-41.758282
2012-09-30 02:06:00+00:00,-38.583111
2012-09-30 02:07:00+00:00,-37.895721
2012-09-30 02:08:00+00:00,-38.235744
2012-09-30 02:09:00+00:00,-37.570988
2012-09-30 02:10:00+00:00,-40.311768
2012-09-30 02:11:00+00:00,-41.733322
2012-09-30 02:12:00+00:00,-42.84111
2012-09-30 02:13:00+00:00,-43.047867
2012-09-30 02:14:00+00:00,-36.940727
2012-09-30 02:15:00+00:00,-35.189224
2012-09-30 02:16:00+00:00,-33.867599
2012-09-30 02:17:00+00:00,-37.541668
2012-09-30 02:18:00+00:00,-51.793243
2012-09-30 02:19:00+00:00,-57.56665
2012-09-30 02:20:00+00:00,-55.18322
2012-09-30 02:21:00+00:00,-70.584694
2012-09-30 02:22:00+00:00,-85.703178
2012-09-30 02:23:00+00:00,-92.860275
2012-09-30 02:24:00+00:00,-85.726944
2012-09-30 02:25:00+00:00,-86.489754
2012-09-30 02:26:00+00:00,-79.277649
2012-09-30 02:27:00+00:00,-63.788918
2012-09-30 02:28:00+00:00,-49.458183
2012-09-30 02:29:00+00:00,-40.280083
2012-09-30 02:30:00+00:00,-31.263559
2012-09-30 02:31:00+00:00,-27.215164
2012-09-30 02:32:00+00:00,-27.131199
2012-09-30 02:33:00+00:00,-27.148224
2012-09-30 02:34:00+00:00,-26.973549
2012-09-30 02:35:00+00:00,-41.910038
2012-09-30 02:36:00+00:00,-47.693356
2012-09-30 02:37:00+00:00,-35.053082
2012-09-30 02:38:00+00:00,-36.321392
2012-09-30 02:39:00+00:00,-36.168304
2012-09-30 02:40:00+00:00,-39.495358
2012-09-30 02:41:00+00:00,-38.056351
2012-09-30 02:42:00+00:00,-39.904396
2012-09-30 02:43:00+00:00,-42.994598
2012-09-30 02:44:00+00:00,-43.76281
2012-09-30 02:45:00+00:00,-41.239708
2012-09-30 02:46:00+00:00,-36.989555
2012-09-30 02:47:00+00:00,-35.174946
2012-10-07 00:00:00+00:00,-71.210213
2012-10-07 00:01:00+00:00,-70.649055
2012-10-07 00:02:00+00:00,-70.80043
2012-10-07 00:03:00+00:00,-72.049698
2012-10-07 00:04:00+00:00,-72.057335
2012-10-07 00:05:00+00:00,-71.481155
2012-10-07 00:06:00+00:00,-71.709503
2012-10-07 00:07:00+00:00,-72.805054
2012-10-07 00:08:00+00:00,-73.662033
2012-10-07 00:09:00+00:00,-74.212669
2012-10-07 00:10:00+00:00,-74.02198
2012-10-07 00:11:00+00:00,-74.074448
2012-10-07 00:12:00+00:00,-74.427521
2012-10-07 00:13:00+00:00,-72.932381
2012-10-07 00:14:00+00:00,-72.146011
2012-10-07 00:15:00+00:00,-71.658806
2012-10-07 00:16:00+00:00,-71.090759
2012-10-07 00:17:00+00:00,-70.987595
2012-10-07 00:18:00+00:00,-70.768852
2012-10-07 00:19:00+00:00,-72.028046
2012-10-07 00:20:00+00:00,-70.297737
2012-10-07 00:21:00+00:00,-68.901604
2012-10-07 00:22:00+00:00,-68.601112
2012-10-07 00:23:00+00:00,-69.633499
2012-10-07 00:24:00+00:00,-70.234207
2012-10-07 00:25:00+00:00,-70.047119
2012-10-07 00:26:00+00:00,-68.976639
2012-10-07 00:27:00+00:00,-67.870743
2012-10-07 00:28:00+00:00,-65.826454
2012-10-07 00:29:00+00:00,-65.020256
2012-10-07 00:30:00+00:00,-64.368546
2012-10-07 00:31:00+00:00,-63.153416
2012-10-07 00:32:00+00:00,-61.854824
2012-10-07 00:33:00+00:00,-60.984936
2012-10-07 00:34:00+00:00,-62.090351
2012-10-07 00:35:00+00:00,-62.422485
2012-10-07 00:36:00+00:00,-62.304642
2012-10-07 00:37:00+00:00,-67.658913
2012-10-07 00:38:00+00:00,-65.733269
2012-10-07 00:39:00+00:00,-59.419914
2012-10-07 00:40:00+00:00,-59.276546
2012-10-07 00:41:00+00:00,-59.7817
2012-10-07 00:42:00+00:00,-61.134644
2012-10-07 00:43:00+00:00,-60.609505
2012-10-07 00:44:00+00:00,-61.61982
2012-10-07 00:45:00+00:00,-62.978062
2012-10-07 00:46:00+00:00,-64.078705
2012-10-07 00:47:00+00:00,-66.445892
2012-10-07 00:48:00+00:00,-68.395485
2012-10-07 00:49:00+00:00,-70.572968
2012-10-07 00:50:00+00:00,-71.765884
2012-10-07 00:51:00+00:00,-71.956467
2012-10-07 00:52:00+00:00,-73.121567
2012-10-07 00:53:00+00:00,-73.686264
2012-10-07 00:54:00+00:00,-73.823616
2012-10-07 00:55:00+00:00,-73.200829
2012-10-07 00:56:00+00:00,-71.082504
2012-10-07 00:57:00+00:00,-69.384369
2012-10-07 00:58:00+00:00,-67.324417
2012-10-07 00:59:00+00:00,-66.369484
2012-10-07 01:00:00+00:00,-65.634583
2012-10-07 01:01:00+00:00,-64.708992
2012-10-07 01:02:00+00:00,-63.418915
2012-10-07 01:03:00+00:00,-62.421555
2012-10-07 01:04:00+00:00,-60.219574
2012-10-07 01:05:00+00:00,-59.011425
2012-10-07 01:06:00+00:00,-59.265278
2012-10-07 01:07:00+00:00,-60.3106
2012-10-07 01:08:00+00:00,-61.388008
2012-10-07 01:09:00+00:00,-62.339272
2012-10-07 01:10:00+00:00,-63.908989
2012-10-07 01:11:00+00:00,-64.776825
2012-10-07 01:12:00+00:00,-64.710815
2012-10-07 01:13:00+00:00,-65.818359
2012-10-07 01:14:00+00:00,-66.170952
2012-10-07 01:15:00+00:00,-65.827675
2012-10-07 01:16:00+00:00,-67.026756
2012-10-07 01:17:00+00:00,-67.718384
2012-10-07 01:18:00+00:00,-68.085129
2012-10-07 01:19:00+00:00,-67.03054
2012-10-07 01:20:00+00:00,-66.608788
2012-10-07 01:21:00+00:00,-64.589867
2012-10-07 01:22:00+00:00,-62.281116
2012-10-07 01:23:00+00:00,-62.072403
2012-10-07 01:24:00+00:00,-62.224205
2012-10-07 01:25:00+00:00,-61.91935
2012-10-07 01:26:00+00:00,-62.875343
2012-10-07 01:27:00+00:00,-64.006462
2012-10-07 01:28:00+00:00,-64.267761
2012-10-07 01:29:00+00:00,-64.719734
2012-10-07 01:30:00+00:00,-64.706635
2012-10-07 01:31:00+00:00,-65.159172
2012-10-07 01:32:00+00:00,-66.292702
2012-10-07 01:33:00+00:00,-67.218506
2012-10-07 01:34:00+00:00,-68.244667
2012-10-07 01:35:00+00:00,-69.787399
2012-10-07 01:36:00+00:00,-71.185295
2012-10-07 01:37:00+00:00,-72.193436
2012-10-07 01:38:00+00:00,-72.926537
2012-10-07 01:39:00+00:00,-71.88578
2012-10-07 01:40:00+00:00,-71.290375
2012-10-07 01:41:00+00:00,-72.315323
2012-10-07 01:42:00+00:00,-74.486221
2012-10-07 01:43:00+00:00,-76.156075
2012-10-07 01:44:00+00:00,-76.558968
2012-10-07 01:45:00+00:00,-77.099159
2012-10-07 01:46:00+00:00,-77.696533
2012-10-07 01:47:00+00:00,-78.415756
2012-10-07 01:48:00+00:00,-79.951363
2012-10-07 01:49:00+00:00,-81.030869
2012-10-07 01:50:00+00:00,-81.796562
2012-10-07 01:51:00+00:00,-82.522781
2012-10-07 01:52:00+00:00,-82.085541
2012-10-07 01:53:00+00:00,-81.089508
2012-10-07 01:54:00+00:00,-79.397202
2012-10-07 01:55:00+00:00,-78.054718
2012-10-07 01:56:00+00:00,-76.425545
2012-10-07 01:57:00+00:00,-74.921524
2012-10-07 01:58:00+00:00,-74.001831
2012-10-07 01:59:00+00:00,-74.10083
2012-10-07 02:00:00+00:00,-74.170486
2012-10-07 02:01:00+00:00,-73.85125
2012-10-07 02:02:00+00:00,-73.626556
2012-10-07 02:03:00+00:00,-73.761566
2012-10-07 02:04:00+00:00,-74.780739
2012-10-07 02:05:00+00:00,-75.475853
2012-10-07 02:06:00+00:00,-76.028275
2012-10-07 02:07:00+00:00,-76.88932
2012-10-07 02:08:00+00:00,-77.501122
2012-10-07 02:09:00+00:00,-78.975281
2012-10-07 02:10:00+00:00,-80.339417
2012-10-07 02:11:00+00:00,-100.356796
2012-10-07 02:12:00+00:00,-116.73365
2012-10-07 02:13:00+00:00,-125.703201
2012-10-07 02:14:00+00:00,-110.720459
2012-10-07 02:15:00+00:00,-86.717133
2012-10-07 02:16:00+00:00,-81.203316
2012-10-07 02:17:00+00:00,-81.165932
2012-10-07 02:18:00+00:00,-81.605713
2012-10-07 02:19:00+00:00,-81.284164
2012-10-07 02:20:00+00:00,-81.067535
2012-10-07 02:21:00+00:00,-80.071411
2012-10-07 02:22:00+00:00,-78.885765
2012-10-07 02:23:00+00:00,-77.688446
2012-10-07 02:24:00+00:00,-77.831299
2012-10-07 02:25:00+00:00,-77.51136
2012-10-07 02:26:00+00:00,-76.558273
2012-10-07 02:27:00+00:00,-76.421272
2012-10-07 02:28:00+00:00,-76.125557
2012-10-07 02:29:00+00:00,-75.156357
2012-10-07 02:30:00+00:00,-75.377533
2012-10-07 02:31:00+00:00,-76.668289
2012-10-07 02:32:00+00:00,-77.350395
2012-10-07 02:33:00+00:00,-77.166801
2012-10-07 02:34:00+00:00,-76.795753
2012-10-07 02:35:00+00:00,-76.244354
2012-10-07 02:36:00+00:00,-76.431892
2012-10-07 02:37:00+00:00,-76.478607
2012-10-07 02:38:00+00:00,-75.764229
2012-10-07 02:39:00+00:00,-75.199677
2012-10-07 02:40:00+00:00,-75.316231
2012-10-07 02:41:00+00:00,-75.136124
2012-10-07 02:42:00+00:00,-74.340294
2012-10-07 02:43:00+00:00,-73.965385
2012-10-07 02:44:00+00:00,-72.972672
2012-10-07 02:45:00+00:00,-72.061012
2012-10-07 02:46:00+00:00,-70.782265
2012-10-07 02:47:00+00:00,-70.537819
2012-10-14 00:00:00+00:00,-223.966736
2012-10-14 00:01:00+00:00,-226.051147
2012-10-14 00:02:00+00:00,-209.67395
2012-10-14 00:03:00+00:00,-198.020584
2012-10-14 00:04:00+00:00,-219.829239
2012-10-14 00:05:00+00:00,-172.206772
2012-10-14 00:06:00+00:00,-164.256042
2012-10-14 00:07:00+00:00,-160.923019
2012-10-14 00:08:00+00:00,-158.368103
2012-10-14 00:09:00+00:00,-157.320694
2012-10-14 00:10:00+00:00,-149.58783
2012-10-14 00:11:00+00:00,-150.994934
2012-10-14 00:12:00+00:00,-146.949356
2012-10-14 00:13:00+00:00,-145.624985
2012-10-14 00:14:00+00:00,-154.75087
2012-10-14 00:15:00+00:00,-166.606201
2012-10-14 00:16:00+00:00,-174.915176
2012-10-14 00:17:00+00:00,-168.163239
2012-10-14 00:18:00+00:00,-170.2677
2012-10-14 00:19:00+00:00,-177.286072
2012-10-14 00:20:00+00:00,-182.378448
2012-10-14 00:21:00+00:00,-187.624756
2012-10-14 00:22:00+00:00,-189.035751
2012-10-14 00:23:00+00:00,-182.199188
2012-10-14 00:24:00+00:00,-172.509552
2012-10-14 00:25:00+00:00,-156.432541
2012-10-14 00:26:00+00:00,-145.950165
2012-10-14 00:27:00+00:00,-117.777237
2012-10-14 00:28:00+00:00,-106.369995
2012-10-14 00:29:00+00:00,-106.185638
2012-10-14 00:30:00+00:00,-110.943771
2012-10-14 00:31:00+00:00,-106.10128
2012-10-14 00:32:00+00:00,-99.465202
2012-10-14 00:33:00+00:00,-106.093353
2012-10-14 00:34:00+00:00,-134.551971
2012-10-14 00:35:00+00:00,-188.329163
2012-10-14 00:36:00+00:00,-221.134033
2012-10-14 00:37:00+00:00,-302.946686
2012-10-14 00:38:00+00:00,-353.582062
2012-10-14 00:39:00+00:00,-382.341522
2012-10-14 00:40:00+00:00,-380.092743
2012-10-14 00:41:00+00:00,-369.291595
2012-10-14 00:42:00+00:00,-388.596863
2012-10-14 00:43:00+00:00,-392.353729
2012-10-14 00:44:00+00:00,-410.097046
2012-10-14 00:45:00+00:00,-424.845947
2012-10-14 00:46:00+00:00,-427.617004
2012-10-14 00:47:00+00:00,-421.387329
2012-10-14 00:48:00+00:00,-419.128113
2012-10-14 00:49:00+00:00,-406.884796
2012-10-14 00:50:00+00:00,-389.657898
2012-10-14 00:51:00+00:00,-381.417511
2012-10-14 00:52:00+00:00,-378.18988
2012-10-14 00:53:00+00:00,-363.920685
2012-10-14 00:54:00+00:00,-382.641602
2012-10-14 00:55:00+00:00,-375.908234
2012-10-14 00:56:00+00:00,-363.636658
2012-10-14 00:57:00+00:00,-343.795593
2012-10-14 00:58:00+00:00,-344.89801
2012-10-14 00:59:00+00:00,-331.15329
2012-10-14 01:00:00+00:00,-340.721497
2012-10-14 01:01:00+00:00,-339.225067
2012-10-14 01:02:00+00:00,-334.344696
2012-10-14 01:03:00+00:00,-345.970337
2012-10-14 01:04:00+00:00,-362.614044
2012-10-14 01:05:00+00:00,-358.81366
2012-10-14 01:06:00+00:00,-369.514313
2012-10-14 01:07:00+00:00,-374.246429
2012-10-14 01:08:00+00:00,-377.964752
2012-10-14 01:09:00+00:00,-372.404663
2012-10-14 01:10:00+00:00,-364.847473
2012-10-14 01:11:00+00:00,-369.603821
2012-10-14 01:12:00+00:00,-396.455078
2012-10-14 01:13:00+00:00,-410.314636
2012-10-14 01:14:00+00:00,-424.178467
2012-10-14 01:15:00+00:00,-424.05014
2012-10-14 01:16:00+00:00,-410.939148
2012-10-14 01:17:00+00:00,-393.807556
2012-10-14 01:18:00+00:00,-393.723785
2012-10-14 01:19:00+00:00,-376.623474
2012-10-14 01:20:00+00:00,-340.514496
2012-10-14 01:21:00+00:00,-322.386841
2012-10-14 01:22:00+00:00,-313.255157
2012-10-14 01:23:00+00:00,-313.133636
2012-10-14 01:24:00+00:00,-304.02533
2012-10-14 01:25:00+00:00,-275.935181
2012-10-14 01:26:00+00:00,-254.853561
2012-10-14 01:27:00+00:00,-235.756119
2012-10-14 01:28:00+00:00,-232.636108
2012-10-14 01:29:00+00:00,-231.578323
2012-10-14 01:30:00+00:00,-237.526886
2012-10-14 01:31:00+00:00,-235.472992
2012-10-14 01:32:00+00:00,-237.428833
2012-10-14 01:33:00+00:00,-245.396378
2012-10-14 01:34:00+00:00,-253.371735
2012-10-14 01:35:00+00:00,-285.385254
2012-10-14 01:36:00+00:00,-337.277313
2012-10-14 01:37:00+00:00,-378.110474
2012-10-14 01:38:00+00:00,-433.181061
2012-10-14 01:39:00+00:00,-501.606689
2012-10-14 01:40:00+00:00,-544.939026
2012-10-14 01:41:00+00:00,-535.907715
2012-10-14 01:42:00+00:00,-519.898132
2012-10-14 01:43:00+00:00,-484.925964
2012-10-14 01:44:00+00:00,-485.716858
2012-10-14 01:45:00+00:00,-494.45108
2012-10-14 01:46:00+00:00,-503.376831
2012-10-14 01:47:00+00:00,-512.047791
2012-10-14 01:48:00+00:00,-552.906494
2012-10-14 01:49:00+00:00,-556.682068
2012-10-14 01:50:00+00:00,-560.619507
2012-10-14 01:51:00+00:00,-571.73114
2012-10-14 01:52:00+00:00,-622.630493
2012-10-14 01:53:00+00:00,-648.462585
2012-10-14 01:54:00+00:00,-503.002014
2012-10-14 01:55:00+00:00,-510.638977
2012-10-14 01:56:00+00:00,-497.567688
2012-10-14 01:57:00+00:00,-587.384888
2012-10-14 01:58:00+00:00,-608.592285
2012-10-14 01:59:00+00:00,-634.299438
2012-10-14 02:00:00+00:00,-668.909912
2012-10-14 02:01:00+00:00,-669.614502
2012-10-14 02:02:00+00:00,-757.109314
2012-10-14 02:03:00+00:00,-636.50769
2012-10-14 02:04:00+00:00,-653.898132
2012-10-14 02:05:00+00:00,-663.974182
2012-10-14 02:06:00+00:00,-621.109314
2012-10-14 02:07:00+00:00,-577.75824
2012-10-14 02:08:00+00:00,-543.730042
2012-10-14 02:09:00+00:00,-562.629517
2012-10-14 02:10:00+00:00,-591.13623
2012-10-14 02:11:00+00:00,-630.951294
2012-10-14 02:12:00+00:00,-590.421875
2012-10-14 02:13:00+00:00,-592.242249
2012-10-14 02:14:00+00:00,-552.960693
2012-10-14 02:15:00+00:00,-515.433411
2012-10-14 02:16:00+00:00,-502.229431
2012-10-14 02:17:00+00:00,-507.477448
2012-10-14 02:18:00+00:00,-535.584778
2012-10-14 02:19:00+00:00,-534.179321
2012-10-14 02:20:00+00:00,-515.82074
2012-10-14 02:21:00+00:00,-527.070312
2012-10-14 02:22:00+00:00,-533.855713
2012-10-14 02:23:00+00:00,-544.463074
2012-10-14 02:24:00+00:00,-534.251282
2012-10-14 02:25:00+00:00,-525.951782
2012-10-14 02:26:00+00:00,-490.934662
2012-10-14 02:27:00+00:00,-444.293915
2012-10-14 02:28:00+00:00,-422.670685
2012-10-14 02:29:00+00:00,-452.191162
2012-10-14 02:30:00+00:00,-475.819855
2012-10-14 02:31:00+00:00,-499.543457
2012-10-14 02:32:00+00:00,-491.847656
2012-10-14 02:33:00+00:00,-501.594757
2012-10-14 02:34:00+00:00,-486.586304
2012-10-14 02:35:00+00:00,-477.948944
2012-10-14 02:36:00+00:00,-484.365509
2012-10-14 02:37:00+00:00,-579.298767
2012-10-14 02:38:00+00:00,-588.535706
2012-10-14 02:39:00+00:00,-570.091431
2012-10-14 02:40:00+00:00,-423.260712
2012-10-14 02:41:00+00:00,-414.039124
2012-10-14 02:42:00+00:00,-417.662842
2012-10-14 02:43:00+00:00,-436.208588
2012-10-14 02:44:00+00:00,-440.604126
2012-10-14 02:45:00+00:00,-407.421204
2012-10-14 02:46:00+00:00,-404.230286
2012-10-14 02:47:00+00:00,-394.358307
2012-10-21 00:00:00+00:00,-41.99794
2012-10-21 00:01:00+00:00,-43.64801
2012-10-21 00:02:00+00:00,-42.689354
2012-10-21 00:03:00+00:00,-42.14254
2012-10-21 00:04:00+00:00,-41.845032
2012-10-21 00:05:00+00:00,-42.887211
2012-10-21 00:06:00+00:00,-42.638645
2012-10-21 00:07:00+00:00,-42.72023
2012-10-21 00:08:00+00:00,-43.515701
2012-10-21 00:09:00+00:00,-44.549534
2012-10-21 00:10:00+00:00,-43.702156
2012-10-21 00:11:00+00:00,-42.971184
2012-10-21 00:12:00+00:00,-55.875965
2012-10-21 00:13:00+00:00,-69.79467
2012-10-21 00:14:00+00:00,-80.784286
2012-10-21 00:15:00+00:00,-83.355141
2012-10-21 00:16:00+00:00,-108.815842
2012-10-21 00:17:00+00:00,-124.679092
2012-10-21 00:18:00+00:00,-123.205658
2012-10-21 00:19:00+00:00,-118.009804
2012-10-21 00:20:00+00:00,-105.500725
2012-10-21 00:21:00+00:00,-99.055016
2012-10-21 00:22:00+00:00,-98.401962
2012-10-21 00:23:00+00:00,-101.37323
2012-10-21 00:24:00+00:00,-108.057686
2012-10-21 00:25:00+00:00,-116.58622
2012-10-21 00:26:00+00:00,-123.343605
2012-10-21 00:27:00+00:00,-128.221466
2012-10-21 00:28:00+00:00,-123.611092
2012-10-21 00:29:00+00:00,-113.058052
2012-10-21 00:30:00+00:00,-104.979042
2012-10-21 00:31:00+00:00,-107.8554
2012-10-21 00:32:00+00:00,-115.458519
2012-10-21 00:33:00+00:00,-116.943672
2012-10-21 00:34:00+00:00,-116.441742
2012-10-21 00:35:00+00:00,-108.513275
2012-10-21 00:36:00+00:00,-96.336739
2012-10-21 00:37:00+00:00,-92.372612
2012-10-21 00:38:00+00:00,-89.464386
2012-10-21 00:39:00+00:00,-89.91481
2012-10-21 00:40:00+00:00,-95.577408
2012-10-21 00:41:00+00:00,-96.158241
2012-10-21 00:42:00+00:00,-104.150085
2012-10-21 00:43:00+00:00,-109.486633
2012-10-21 00:44:00+00:00,-109.89711
2012-10-21 00:45:00+00:00,-99.049431
2012-10-21 00:46:00+00:00,-99.416245
2012-10-21 00:47:00+00:00,-111.112808
2012-10-21 00:48:00+00:00,-98.58931
2012-10-21 00:49:00+00:00,-98.647514
2012-10-21 00:50:00+00:00,-110.86264
2012-10-21 00:51:00+00:00,-108.080475
2012-10-21 00:52:00+00:00,-96.280365
2012-10-21 00:53:00+00:00,-99.286598
2012-10-21 00:54:00+00:00,-102.723206
2012-10-21 00:55:00+00:00,-92.256218
2012-10-21 00:56:00+00:00,-87.800674
2012-10-21 00:57:00+00:00,-91.374168
2012-10-21 00:58:00+00:00,-85.693741
2012-10-21 00:59:00+00:00,-79.414207
2012-10-21 01:00:00+00:00,-81.994789
2012-10-21 01:01:00+00:00,-77.435478
2012-10-21 01:02:00+00:00,-73.571083
2012-10-21 01:03:00+00:00,-77.164909
2012-10-21 01:04:00+00:00,-83.791496
2012-10-21 01:05:00+00:00,-103.473625
2012-10-21 01:06:00+00:00,-122.833
2012-10-21 01:07:00+00:00,-106.487892
2012-10-21 01:08:00+00:00,-86.984344
2012-10-21 01:09:00+00:00,-76.502029
2012-10-21 01:10:00+00:00,-70.604637
2012-10-21 01:11:00+00:00,-68.498802
2012-10-21 01:12:00+00:00,-69.584137
2012-10-21 01:13:00+00:00,-64.76017
2012-10-21 01:14:00+00:00,-66.749741
2012-10-21 01:15:00+00:00,-67.931618
2012-10-21 01:16:00+00:00,-67.636276
2012-10-21 01:17:00+00:00,-69.864662
2012-10-21 01:18:00+00:00,-66.828247
2012-10-21 01:19:00+00:00,-67.766281
2012-10-21 01:20:00+00:00,-63.717854
2012-10-21 01:21:00+00:00,-57.666927
2012-10-21 01:22:00+00:00,-54.629948
2012-10-21 01:23:00+00:00,-49.7104
2012-10-21 01:24:00+00:00,-47.467068
2012-10-21 01:25:00+00:00,-43.357639
2012-10-21 01:26:00+00:00,-41.115517
2012-10-21 01:27:00+00:00,-39.111801
2012-10-21 01:28:00+00:00,-40.444603
2012-10-21 01:29:00+00:00,-41.300526
2012-10-21 01:30:00+00:00,-37.37624
2012-10-21 01:31:00+00:00,-37.473671
2012-10-21 01:32:00+00:00,-37.662704
2012-10-21 01:33:00+00:00,-37.567802
2012-10-21 01:34:00+00:00,-40.542023
2012-10-21 01:35:00+00:00,-42.235107
2012-10-21 01:36:00+00:00,-37.850658
2012-10-21 01:37:00+00:00,-42.695011
2012-10-21 01:38:00+00:00,-40.615582
2012-10-21 01:39:00+00:00,-37.164394
2012-10-21 01:40:00+00:00,-36.15313
2012-10-21 01:41:00+00:00,-36.307125
2012-10-21 01:42:00+00:00,-35.912621
2012-10-21 01:43:00+00:00,-35.444214
2012-10-21 01:44:00+00:00,-34.95454
2012-10-21 01:45:00+00:00,-34.163788
2012-10-21 01:46:00+00:00,-34.741829
2012-10-21 01:47:00+00:00,-34.67395
2012-10-21 01:48:00+00:00,-33.761932
2012-10-21 01:49:00+00:00,-33.453415
2012-10-21 01:50:00+00:00,-33.318684
2012-10-21 01:51:00+00:00,-32.874012
2012-10-21 01:52:00+00:00,-33.420025
2012-10-21 01:53:00+00:00,-33.280827
2012-10-21 01:54:00+00:00,-42.254597
2012-10-21 01:55:00+00:00,-55.216751
2012-10-21 01:56:00+00:00,-59.505165
2012-10-21 01:57:00+00:00,-52.598339
2012-10-21 01:58:00+00:00,-38.962902
2012-10-21 01:59:00+00:00,-40.822788
2012-10-21 02:00:00+00:00,-39.554779
2012-10-21 02:01:00+00:00,-37.49012
2012-10-21 02:02:00+00:00,-36.403385
2012-10-21 02:03:00+00:00,-34.252308
2012-10-21 02:04:00+00:00,-34.363403
2012-10-21 02:05:00+00:00,-34.226707
2012-10-21 02:06:00+00:00,-34.137276
2012-10-21 02:07:00+00:00,-35.148338
2012-10-21 02:08:00+00:00,-34.331085
2012-10-21 02:09:00+00:00,-34.290268
2012-10-21 02:10:00+00:00,-34.265404
2012-10-21 02:11:00+00:00,-34.799469
2012-10-21 02:12:00+00:00,-35.262596
2012-10-21 02:13:00+00:00,-35.586418
2012-10-21 02:14:00+00:00,-35.881325
2012-10-21 02:15:00+00:00,-36.046741
2012-10-21 02:16:00+00:00,-36.073887
2012-10-21 02:17:00+00:00,-36.020397
2012-10-21 02:18:00+00:00,-36.103077
2012-10-21 02:19:00+00:00,-36.321945
2012-10-21 02:20:00+00:00,-36.275642
2012-10-21 02:21:00+00:00,-36.093918
2012-10-21 02:22:00+00:00,-35.988007
2012-10-21 02:23:00+00:00,-35.881615
2012-10-21 02:24:00+00:00,-44.69796
2012-10-21 02:25:00+00:00,-50.895721
2012-10-21 02:26:00+00:00,-51.483826
2012-10-21 02:27:00+00:00,-50.98959
2012-10-21 02:28:00+00:00,-44.163609
2012-10-21 02:29:00+00:00,-36.384026
2012-10-21 02:30:00+00:00,-36.317589
2012-10-21 02:31:00+00:00,-36.470387
2012-10-21 02:32:00+00:00,-36.380405
2012-10-21 02:33:00+00:00,-36.450977
2012-10-21 02:34:00+00:00,-36.680157
2012-10-21 02:35:00+00:00,-36.632404
2012-10-21 02:36:00+00:00,-36.819088
2012-10-21 02:37:00+00:00,-37.049522
2012-10-21 02:38:00+00:00,-36.977661
2012-10-21 02:39:00+00:00,-37.031254
2012-10-21 02:40:00+00:00,-37.21714
2012-10-21 02:41:00+00:00,-36.988457
2012-10-21 02:42:00+00:00,-36.757324
2012-10-21 02:43:00+00:00,-36.765465
2012-10-21 02:44:00+00:00,-36.897606
2012-10-21 02:45:00+00:00,-37.146465
2012-10-21 02:46:00+00:00,-37.409512
2012-10-21 02:47:00+00:00,-37.711166
2012-10-28 00:00:00+00:00,-38.742599
2012-10-28 00:01:00+00:00,-38.740425
2012-10-28 00:02:00+00:00,-38.568359
2012-10-28 00:03:00+00:00,-38.465626
2012-10-28 00:04:00+00:00,-38.864799
2012-10-28 00:05:00+00:00,-38.941631
2012-10-28 00:06:00+00:00,-38.733658
2012-10-28 00:07:00+00:00,-38.391258
2012-10-28 00:08:00+00:00,-38.353348
2012-10-28 00:09:00+00:00,-38.32399
2012-10-28 00:10:00+00:00,-38.218193
2012-10-28 00:11:00+00:00,-38.380634
2012-10-28 00:12:00+00:00,-38.883545
2012-10-28 00:13:00+00:00,-39.283947
2012-10-28 00:14:00+00:00,-39.582909
2012-10-28 00:15:00+00:00,-39.741753
2012-10-28 00:16:00+00:00,-40.624809
2012-10-28 00:17:00+00:00,-40.772369
2012-10-28 00:18:00+00:00,-40.725906
2012-10-28 00:19:00+00:00,-40.807602
2012-10-28 00:20:00+00:00,-40.90654
2012-10-28 00:21:00+00:00,-41.567364
2012-10-28 00:22:00+00:00,-41.806953
2012-10-28 00:23:00+00:00,-40.872131
2012-10-28 00:24:00+00:00,-40.743969
2012-10-28 00:25:00+00:00,-40.378464
2012-10-28 00:26:00+00:00,-40.122421
2012-10-28 00:27:00+00:00,-40.526276
2012-10-28 00:28:00+00:00,-41.423302
2012-10-28 00:29:00+00:00,-40.143398
2012-10-28 00:30:00+00:00,-39.374805
2012-10-28 00:31:00+00:00,-38.850212
2012-10-28 00:32:00+00:00,-38.77013
2012-10-28 00:33:00+00:00,-39.026176
2012-10-28 00:34:00+00:00,-39.21114
2012-10-28 00:35:00+00:00,-39.088699
2012-10-28 00:36:00+00:00,-39.091381
2012-10-28 00:37:00+00:00,-39.277973
2012-10-28 00:38:00+00:00,-39.484344
2012-10-28 00:39:00+00:00,-39.482971
2012-10-28 00:40:00+00:00,-39.256279
2012-10-28 00:41:00+00:00,-39.926991
2012-10-28 00:42:00+00:00,-41.114296
2012-10-28 00:43:00+00:00,-41.91114
2012-10-28 00:44:00+00:00,-42.471695
2012-10-28 00:45:00+00:00,-43.19157
2012-10-28 00:46:00+00:00,-43.87693
2012-10-28 00:47:00+00:00,-44.195274
2012-10-28 00:48:00+00:00,-43.179337
2012-10-28 00:49:00+00:00,-42.507355
2012-10-28 00:50:00+00:00,-43.149559
2012-10-28 00:51:00+00:00,-43.983276
2012-10-28 00:52:00+00:00,-42.910629
2012-10-28 00:53:00+00:00,-42.259636
2012-10-28 00:54:00+00:00,-40.551807
2012-10-28 00:55:00+00:00,-39.344772
2012-10-28 00:56:00+00:00,-39.756718
2012-10-28 00:57:00+00:00,-41.191952
2012-10-28 00:58:00+00:00,-42.017906
2012-10-28 00:59:00+00:00,-42.388428
2012-10-28 01:00:00+00:00,-41.680725
2012-10-28 01:01:00+00:00,-41.476082
2012-10-28 01:02:00+00:00,-41.366058
2012-10-28 01:03:00+00:00,-41.328239
2012-10-28 01:04:00+00:00,-41.587761
2012-10-28 01:05:00+00:00,-41.171997
2012-10-28 01:06:00+00:00,-40.447701
2012-10-28 01:07:00+00:00,-40.587223
2012-10-28 01:08:00+00:00,-41.792793
2012-10-28 01:09:00+00:00,-43.163567
2012-10-28 01:10:00+00:00,-43.373901
2012-10-28 01:11:00+00:00,-43.074219
2012-10-28 01:12:00+00:00,-40.606842
2012-10-28 01:13:00+00:00,-37.689934
2012-10-28 01:14:00+00:00,-35.240761
2012-10-28 01:15:00+00:00,-34.782051
2012-10-28 01:16:00+00:00,-35.005344
2012-10-28 01:17:00+00:00,-34.951649
2012-10-28 01:18:00+00:00,-35.040878
2012-10-28 01:19:00+00:00,-35.558182
2012-10-28 01:20:00+00:00,-35.730118
2012-10-28 01:21:00+00:00,-36.018681
2012-10-28 01:22:00+00:00,-36.203941
2012-10-28 01:23:00+00:00,-36.785019
2012-10-28 01:24:00+00:00,-37.263863
2012-10-28 01:25:00+00:00,-37.834805
2012-10-28 01:26:00+00:00,-37.847443
2012-10-28 01:27:00+00:00,-37.569347
2012-10-28 01:28:00+00:00,-37.243626
2012-10-28 01:29:00+00:00,-37.217037
2012-10-28 01:30:00+00:00,-37.225864
2012-10-28 01:31:00+00:00,-37.433128
2012-10-28 01:32:00+00:00,-37.69035
2012-10-28 01:33:00+00:00,-37.815907
2012-10-28 01:34:00+00:00,-38.388371
2012-10-28 01:35:00+00:00,-40.162666
2012-10-28 01:36:00+00:00,-41.879978
2012-10-28 01:37:00+00:00,-42.771065
2012-10-28 01:38:00+00:00,-42.141716
2012-10-28 01:39:00+00:00,-40.971939
2012-10-28 01:40:00+00:00,-40.687042
2012-10-28 01:41:00+00:00,-41.17767
2012-10-28 01:42:00+00:00,-42.163071
2012-10-28 01:43:00+00:00,-42.695061
2012-10-28 01:44:00+00:00,-42.505024
2012-10-28 01:45:00+00:00,-41.518318
2012-10-28 01:46:00+00:00,-40.856049
2012-10-28 01:47:00+00:00,-41.008957
2012-10-28 01:48:00+00:00,-41.688492
2012-10-28 01:49:00+00:00,-42.132462
2012-10-28 01:50:00+00:00,-42.611874
2012-10-28 01:51:00+00:00,-42.432877
2012-10-28 01:52:00+00:00,-41.740074
2012-10-28 01:53:00+00:00,-41.363525
2012-10-28 01:54:00+00:00,-41.026405
2012-10-28 01:55:00+00:00,-41.538296
2012-10-28 01:56:00+00:00,-42.39238
2012-10-28 01:57:00+00:00,-43.179008
2012-10-28 01:58:00+00:00,-43.394737
2012-10-28 01:59:00+00:00,-42.925903
2012-10-28 02:00:00+00:00,-42.683609
2012-10-28 02:01:00+00:00,-42.49968
2012-10-28 02:02:00+00:00,-42.091606
2012-10-28 02:03:00+00:00,-42.20784
2012-10-28 02:04:00+00:00,-42.504078
2012-10-28 02:05:00+00:00,-42.261986
2012-10-28 02:06:00+00:00,-41.694397
2012-10-28 02:07:00+00:00,-40.914501
2012-10-28 02:08:00+00:00,-40.077507
2012-10-28 02:09:00+00:00,-39.529045
2012-10-28 02:10:00+00:00,-38.993172
2012-10-28 02:11:00+00:00,-38.849205
2012-10-28 02:12:00+00:00,-39.59317
2012-10-28 02:13:00+00:00,-39.821167
2012-10-28 02:14:00+00:00,-39.849068
2012-10-28 02:15:00+00:00,-40.3018
2012-10-28 02:16:00+00:00,-40.246178
2012-10-28 02:17:00+00:00,-40.362804
2012-10-28 02:18:00+00:00,-39.939686
2012-10-28 02:19:00+00:00,-39.654003
2012-10-28 02:20:00+00:00,-40.204414
2012-10-28 02:21:00+00:00,-40.728851
2012-10-28 02:22:00+00:00,-42.173866
2012-10-28 02:23:00+00:00,-43.162766
2012-10-28 02:24:00+00:00,-43.376633
2012-10-28 02:25:00+00:00,-42.006809
2012-10-28 02:26:00+00:00,-39.909172
2012-10-28 02:27:00+00:00,-38.570477
2012-10-28 02:28:00+00:00,-38.311501
2012-10-28 02:29:00+00:00,-38.194519
2012-10-28 02:30:00+00:00,-39.034996
2012-10-28 02:31:00+00:00,-39.445648
2012-10-28 02:32:00+00:00,-40.164066
2012-10-28 02:33:00+00:00,-40.366898
2012-10-28 02:34:00+00:00,-40.453438
2012-10-28 02:35:00+00:00,-40.61937
2012-10-28 02:36:00+00:00,-40.349396
2012-10-28 02:37:00+00:00,-40.077072
2012-10-28 02:38:00+00:00,-40.150887
2012-10-28 02:39:00+00:00,-40.1381
2012-10-28 02:40:00+00:00,-40.477562
2012-10-28 02:41:00+00:00,-41.171604
2012-10-28 02:42:00+00:00,-42.016006
2012-10-28 02:43:00+00:00,-41.867851
2012-10-28 02:44:00+00:00,-40.703014
2012-10-28 02:45:00+00:00,-39.726761
2012-10-28 02:46:00+00:00,-39.134777
2012-10-28 02:47:00+00:00,-38.803898
2012-11-04 00:00:00+00:00,-77.002457
2012-11-04 00:01:00+00:00,-76.970268
2012-11-04 00:02:00+00:00,-76.849762
2012-11-04 00:03:00+00:00,-76.745316
2012-11-04 00:04:00+00:00,-76.896065
2012-11-04 00:05:00+00:00,-77.23452
2012-11-04 00:06:00+00:00,-77.111145
2012-11-04 00:07:00+00:00,-77.263199
2012-11-04 00:08:00+00:00,-77.560623
2012-11-04 00:09:00+00:00,-77.714241
2012-11-04 00:10:00+00:00,-77.480774
2012-11-04 00:11:00+00:00,-77.392326
2012-11-04 00:12:00+00:00,-77.812073
2012-11-04 00:13:00+00:00,-79.060524
2012-11-04 00:14:00+00:00,-78.739517
2012-11-04 00:15:00+00:00,-78.06015
2012-11-04 00:16:00+00:00,-78.637535
2012-11-04 00:17:00+00:00,-79.329964
2012-11-04 00:18:00+00:00,-79.151978
2012-11-04 00:19:00+00:00,-79.171806
2012-11-04 00:20:00+00:00,-79.617867
2012-11-04 00:21:00+00:00,-79.794212
2012-11-04 00:22:00+00:00,-80.135353
2012-11-04 00:23:00+00:00,-80.316429
2012-11-04 00:24:00+00:00,-80.611755
2012-11-04 00:25:00+00:00,-80.839569
2012-11-04 00:26:00+00:00,-80.62085
2012-11-04 00:27:00+00:00,-80.648849
2012-11-04 00:28:00+00:00,-79.46489
2012-11-04 00:29:00+00:00,-77.985954
2012-11-04 00:30:00+00:00,-78.460419
2012-11-04 00:31:00+00:00,-79.660835
2012-11-04 00:32:00+00:00,-80.758064
2012-11-04 00:33:00+00:00,-82.125046
2012-11-04 00:34:00+00:00,-83.286095
2012-11-04 00:35:00+00:00,-82.708862
2012-11-04 00:36:00+00:00,-81.522736
2012-11-04 00:37:00+00:00,-81.243057
2012-11-04 00:38:00+00:00,-80.054855
2012-11-04 00:39:00+00:00,-79.779312
2012-11-04 00:40:00+00:00,-80.951469
2012-11-04 00:41:00+00:00,-81.909119
2012-11-04 00:42:00+00:00,-82.3787
2012-11-04 00:43:00+00:00,-82.918388
2012-11-04 00:44:00+00:00,-83.139061
2012-11-04 00:45:00+00:00,-83.231705
2012-11-04 00:46:00+00:00,-83.149323
2012-11-04 00:47:00+00:00,-82.888878
2012-11-04 00:48:00+00:00,-82.701248
2012-11-04 00:49:00+00:00,-83.521866
2012-11-04 00:50:00+00:00,-83.769569
2012-11-04 00:51:00+00:00,-83.799294
2012-11-04 00:52:00+00:00,-83.477966
2012-11-04 00:53:00+00:00,-83.420311
2012-11-04 00:54:00+00:00,-84.166252
2012-11-04 00:55:00+00:00,-84.976433
2012-11-04 00:56:00+00:00,-85.308746
2012-11-04 00:57:00+00:00,-86.211922
2012-11-04 00:58:00+00:00,-87.582619
2012-11-04 00:59:00+00:00,-88.731621
2012-11-04 01:00:00+00:00,-30.025532
2012-11-04 01:01:00+00:00,-31.249617
2012-11-04 01:02:00+00:00,-30.646402
2012-11-04 01:03:00+00:00,-30.007927
2012-11-04 01:04:00+00:00,-29.752205
2012-11-04 01:05:00+00:00,-29.358772
2012-11-04 01:06:00+00:00,-28.502586
2012-11-04 01:07:00+00:00,-28.592632
2012-11-04 01:08:00+00:00,-28.713076
2012-11-04 01:09:00+00:00,-27.450649
2012-11-04 01:10:00+00:00,-27.374498
2012-11-04 01:11:00+00:00,-26.770733
2012-11-04 01:12:00+00:00,-25.885927
2012-11-04 01:13:00+00:00,-25.151091
2012-11-04 01:14:00+00:00,-24.242271
2012-11-04 01:15:00+00:00,-23.97036
2012-11-04 01:16:00+00:00,-24.084368
2012-11-04 01:17:00+00:00,-24.352356
2012-11-04 01:18:00+00:00,-24.610254
2012-11-04 01:19:00+00:00,-24.540182
2012-11-04 01:20:00+00:00,-24.172407
2012-11-04 01:21:00+00:00,-23.87108
2012-11-04 01:22:00+00:00,-24.264324
2012-11-04 01:23:00+00:00,-24.674295
2012-11-04 01:24:00+00:00,-25.328524
2012-11-04 01:25:00+00:00,-26.243114
2012-11-04 01:26:00+00:00,-27.269623
2012-11-04 01:27:00+00:00,-27.872887
2012-11-04 01:28:00+00:00,-28.433191
2012-11-04 01:29:00+00:00,-28.416018
2012-11-04 01:30:00+00:00,-27.881336
2012-11-04 01:31:00+00:00,-27.596384
2012-11-04 01:32:00+00:00,-27.27857
2012-11-04 01:33:00+00:00,-26.80043
2012-11-04 01:34:00+00:00,-26.36409
2012-11-04 01:35:00+00:00,-26.039839
2012-11-04 01:36:00+00:00,-25.635256
2012-11-04 01:37:00+00:00,-25.422333
2012-11-04 01:38:00+00:00,-25.214987
2012-11-04 01:39:00+00:00,-24.958998
2012-11-04 01:40:00+00:00,-24.929245
2012-11-04 01:41:00+00:00,-24.966038
2012-11-04 01:42:00+00:00,-24.946308
2012-11-04 01:43:00+00:00,-24.693289
2012-11-04 01:44:00+00:00,-24.368555
2012-11-04 01:45:00+00:00,-24.282152
2012-11-04 01:46:00+00:00,-24.313454
2012-11-04 01:47:00+00:00,-24.407261
2012-11-04 01:48:00+00:00,-24.601639
2012-11-04 01:49:00+00:00,-24.514729
2012-11-04 01:50:00+00:00,-24.207056
2012-11-04 01:51:00+00:00,-24.095596
2012-11-04 01:52:00+00:00,-24.167128
2012-11-04 01:53:00+00:00,-24.20435
2012-11-04 01:54:00+00:00,-24.055876
2012-11-04 01:55:00+00:00,-23.665531
2012-11-04 01:56:00+00:00,-23.629484
2012-11-04 01:57:00+00:00,-23.536579
2012-11-04 01:58:00+00:00,-23.297899
2012-11-04 01:59:00+00:00,-22.993551
2012-11-04 02:00:00+00:00,-22.562941
2012-11-04 02:01:00+00:00,-22.149279
2012-11-04 02:02:00+00:00,-21.799753
2012-11-04 02:03:00+00:00,-21.081963
2012-11-04 02:04:00+00:00,-20.533205
2012-11-04 02:05:00+00:00,-20.367016
2012-11-04 02:06:00+00:00,-20.433157
2012-11-04 02:07:00+00:00,-20.612577
2012-11-04 02:08:00+00:00,-20.740183
2012-11-04 02:09:00+00:00,-20.737349
2012-11-04 02:10:00+00:00,-20.904364
2012-11-04 02:11:00+00:00,-20.909676
2012-11-04 02:12:00+00:00,-21.184427
2012-11-04 02:13:00+00:00,-21.497587
2012-11-04 02:14:00+00:00,-22.028479
2012-11-04 02:15:00+00:00,-22.510426
2012-11-04 02:16:00+00:00,-22.958557
2012-11-04 02:17:00+00:00,-23.168766
2012-11-04 02:18:00+00:00,-22.82073
2012-11-04 02:19:00+00:00,-22.424694
2012-11-04 02:20:00+00:00,-22.174011
2012-11-04 02:21:00+00:00,-22.040741
2012-11-04 02:22:00+00:00,-22.12126
2012-11-04 02:23:00+00:00,-22.28021
2012-11-04 02:24:00+00:00,-22.299816
2012-11-04 02:25:00+00:00,-22.244516
2012-11-04 02:26:00+00:00,-22.296434
2012-11-04 02:27:00+00:00,-22.354975
2012-11-04 02:28:00+00:00,-22.046455
2012-11-04 02:29:00+00:00,-21.869678
2012-11-04 02:30:00+00:00,-21.660437
2012-11-04 02:31:00+00:00,-21.340143
2012-11-04 02:32:00+00:00,-20.95961
2012-11-04 02:33:00+00:00,-20.603308
2012-11-04 02:34:00+00:00,-19.984135
2012-11-04 02:35:00+00:00,-19.355753
2012-11-04 02:36:00+00:00,-23.116728
2012-11-04 02:37:00+00:00,-24.231251
2012-11-04 02:38:00+00:00,-26.100719
2012-11-04 02:39:00+00:00,-24.581581
2012-11-04 02:40:00+00:00,-23.907232
2012-11-04 02:41:00+00:00,-28.052282
2012-11-04 02:42:00+00:00,-30.516731
2012-11-04 02:43:00+00:00,-27.686371
2012-11-04 02:44:00+00:00,-26.572821
2012-11-04 02:45:00+00:00,-30.661482
2012-11-04 02:46:00+00:00,-31.982626
2012-11-04 02:47:00+00:00,-33.760864
2012-11-11 00:00:00+00:00,-29.359728
2012-11-11 00:01:00+00:00,-25.357351
2012-11-11 00:02:00+00:00,-23.65391
2012-11-11 00:03:00+00:00,-21.998964
2012-11-11 00:04:00+00:00,-20.273388
2012-11-11 00:05:00+00:00,-19.037552
2012-11-11 00:06:00+00:00,-21.206583
2012-11-11 00:07:00+00:00,-22.078068
2012-11-11 00:08:00+00:00,-18.966204
2012-11-11 00:09:00+00:00,-17.725891
2012-11-11 00:10:00+00:00,-20.040251
2012-11-11 00:11:00+00:00,-22.703386
2012-11-11 00:12:00+00:00,-24.248909
2012-11-11 00:13:00+00:00,-26.608059
2012-11-11 00:14:00+00:00,-23.140862
2012-11-11 00:15:00+00:00,-18.628092
2012-11-11 00:16:00+00:00,-20.30088
2012-11-11 00:17:00+00:00,-22.207653
2012-11-11 00:18:00+00:00,-28.346153
2012-11-11 00:19:00+00:00,-28.897404
2012-11-11 00:20:00+00:00,-21.301598
2012-11-11 00:21:00+00:00,-16.895348
2012-11-11 00:22:00+00:00,-15.144015
2012-11-11 00:23:00+00:00,-17.328859
2012-11-11 00:24:00+00:00,-17.963556
2012-11-11 00:25:00+00:00,-17.594799
2012-11-11 00:26:00+00:00,-20.763731
2012-11-11 00:27:00+00:00,-23.190372
2012-11-11 00:28:00+00:00,-23.957232
2012-11-11 00:29:00+00:00,-24.269388
2012-11-11 00:30:00+00:00,-26.814827
2012-11-11 00:31:00+00:00,-27.206593
2012-11-11 00:32:00+00:00,-29.343313
2012-11-11 00:33:00+00:00,-32.283596
2012-11-11 00:34:00+00:00,-27.397943
2012-11-11 00:35:00+00:00,-32.790428
2012-11-11 00:36:00+00:00,-36.979534
2012-11-11 00:37:00+00:00,-40.900593
2012-11-11 00:38:00+00:00,-48.443275
2012-11-11 00:39:00+00:00,-49.506054
2012-11-11 00:40:00+00:00,-46.682697
2012-11-11 00:41:00+00:00,-41.362888
2012-11-11 00:42:00+00:00,-36.095478
2012-11-11 00:43:00+00:00,-33.114517
2012-11-11 00:44:00+00:00,-29.598467
2012-11-11 00:45:00+00:00,-25.919077
2012-11-11 00:46:00+00:00,-24.970358
2012-11-11 00:47:00+00:00,-25.725945
2012-11-11 00:48:00+00:00,-31.109911
2012-11-11 00:49:00+00:00,-38.310345
2012-11-11 00:50:00+00:00,-44.99678
2012-11-11 00:51:00+00:00,-45.304779
2012-11-11 00:52:00+00:00,-43.995117
2012-11-11 00:53:00+00:00,-47.489498
2012-11-11 00:54:00+00:00,-48.299305
2012-11-11 00:55:00+00:00,-46.654057
2012-11-11 00:56:00+00:00,-43.921944
2012-11-11 00:57:00+00:00,-40.284634
2012-11-11 00:58:00+00:00,-37.175362
2012-11-11 00:59:00+00:00,-38.007374
2012-11-11 01:00:00+00:00,-40.037098
2012-11-11 01:01:00+00:00,-38.176247
2012-11-11 01:02:00+00:00,-32.795841
2012-11-11 01:03:00+00:00,-31.000385
2012-11-11 01:04:00+00:00,-32.56723
2012-11-11 01:05:00+00:00,-34.151306
2012-11-11 01:06:00+00:00,-32.986732
2012-11-11 01:07:00+00:00,-30.988211
2012-11-11 01:08:00+00:00,-29.940903
2012-11-11 01:09:00+00:00,-30.643646
2012-11-11 01:10:00+00:00,-33.979267
2012-11-11 01:11:00+00:00,-37.639183
2012-11-11 01:12:00+00:00,-42.560902
2012-11-11 01:13:00+00:00,-49.860306
2012-11-11 01:14:00+00:00,-55.400398
2012-11-11 01:15:00+00:00,-61.648617
2012-11-11 01:16:00+00:00,-65.809074
2012-11-11 01:17:00+00:00,-68.676712
2012-11-11 01:18:00+00:00,-71.787659
2012-11-11 01:19:00+00:00,-70.324554
2012-11-11 01:20:00+00:00,-73.614243
2012-11-11 01:21:00+00:00,-74.30677
2012-11-11 01:22:00+00:00,-77.91552
2012-11-11 01:23:00+00:00,-80.272522
2012-11-11 01:24:00+00:00,-76.062355
2012-11-11 01:25:00+00:00,-73.289925
2012-11-11 01:26:00+00:00,-70.453278
2012-11-11 01:27:00+00:00,-68.183289
2012-11-11 01:28:00+00:00,-66.104713
2012-11-11 01:29:00+00:00,-64.821602
2012-11-11 01:30:00+00:00,-60.443069
2012-11-11 01:31:00+00:00,-58.501274
2012-11-11 01:32:00+00:00,-58.801811
2012-11-11 01:33:00+00:00,-52.807575
2012-11-11 01:34:00+00:00,-43.414078
2012-11-11 01:35:00+00:00,-36.692146
2012-11-11 01:36:00+00:00,-37.417366
2012-11-11 01:37:00+00:00,-33.786545
2012-11-11 01:38:00+00:00,-33.444225
2012-11-11 01:39:00+00:00,-33.287891
2012-11-11 01:40:00+00:00,-30.944508
2012-11-11 01:41:00+00:00,-29.901402
2012-11-11 01:42:00+00:00,-29.436153
2012-11-11 01:43:00+00:00,-28.206173
2012-11-11 01:44:00+00:00,-29.597672
2012-11-11 01:45:00+00:00,-27.785736
2012-11-11 01:46:00+00:00,-23.624851
2012-11-11 01:47:00+00:00,-17.888456
2012-11-11 01:48:00+00:00,-17.580578
2012-11-11 01:49:00+00:00,-17.270172
2012-11-11 01:50:00+00:00,-18.966843
2012-11-11 01:51:00+00:00,-17.690819
2012-11-11 01:52:00+00:00,-18.761944
2012-11-11 01:53:00+00:00,-19.822943
2012-11-11 01:54:00+00:00,-20.300596
2012-11-11 01:55:00+00:00,-20.563095
2012-11-11 01:56:00+00:00,-19.892696
2012-11-11 01:57:00+00:00,-17.146847
2012-11-11 01:58:00+00:00,-14.592213
2012-11-11 01:59:00+00:00,-13.386011
2012-11-11 02:00:00+00:00,-13.66654
2012-11-11 02:01:00+00:00,-14.214574
2012-11-11 02:02:00+00:00,-14.199971
2012-11-11 02:03:00+00:00,-14.905619
2012-11-11 02:04:00+00:00,-17.383488
2012-11-11 02:05:00+00:00,-17.540125
2012-11-11 02:06:00+00:00,-18.79582
2012-11-11 02:07:00+00:00,-17.374008
2012-11-11 02:08:00+00:00,-15.126052
2012-11-11 02:09:00+00:00,-15.726936
2012-11-11 02:10:00+00:00,-15.708122
2012-11-11 02:11:00+00:00,-15.440224
2012-11-11 02:12:00+00:00,-18.414133
2012-11-11 02:13:00+00:00,-22.786617
2012-11-11 02:14:00+00:00,-24.22522
2012-11-11 02:15:00+00:00,-25.697657
2012-11-11 02:16:00+00:00,-26.57502
2012-11-11 02:17:00+00:00,-25.164919
2012-11-11 02:18:00+00:00,-26.819923
2012-11-11 02:19:00+00:00,-32.078995
2012-11-11 02:20:00+00:00,-37.963802
2012-11-11 02:21:00+00:00,-38.034687
2012-11-11 02:22:00+00:00,-37.325905
2012-11-11 02:23:00+00:00,-38.211594
2012-11-11 02:24:00+00:00,-38.819309
2012-11-11 02:25:00+00:00,-39.457039
2012-11-11 02:26:00+00:00,-37.648087
2012-11-11 02:27:00+00:00,-34.648315
2012-11-11 02:28:00+00:00,-31.701111
2012-11-11 02:29:00+00:00,-29.46032
2012-11-11 02:30:00+00:00,-30.437872
2012-11-11 02:31:00+00:00,-30.767696
2012-11-11 02:32:00+00:00,-32.746777
2012-11-11 02:33:00+00:00,-35.918159
2012-11-11 02:34:00+00:00,-38.313656
2012-11-11 02:35:00+00:00,-38.137333
2012-11-11 02:36:00+00:00,-32.12125
2012-11-11 02:37:00+00:00,-32.209717
2012-11-11 02:38:00+00:00,-30.804564
2012-11-11 02:39:00+00:00,-32.879555
2012-11-11 02:40:00+00:00,-34.312599
2012-11-11 02:41:00+00:00,-33.986481
2012-11-11 02:42:00+00:00,-33.569153
2012-11-11 02:43:00+00:00,-30.332603
2012-11-11 02:44:00+00:00,-25.82752
2012-11-11 02:45:00+00:00,-22.480175
2012-11-11 02:46:00+00:00,-20.94289
2012-11-11 02:47:00+00:00,-16.501774
2012-11-18 00:00:00+00:00,-148.168335
2012-11-18 00:01:00+00:00,-122.648415
2012-11-18 00:02:00+00:00,-106.147781
2012-11-18 00:03:00+00:00,-106.049889
2012-11-18 00:04:00+00:00,-120.371315
2012-11-18 00:05:00+00:00,-127.501656
2012-11-18 00:06:00+00:00,-116.237671
2012-11-18 00:07:00+00:00,-103.195984
2012-11-18 00:08:00+00:00,-102.475281
2012-11-18 00:09:00+00:00,-99.388878
2012-11-18 00:10:00+00:00,-95.326462
2012-11-18 00:11:00+00:00,-103.8479
2012-11-18 00:12:00+00:00,-114.865417
2012-11-18 00:13:00+00:00,-119.513397
2012-11-18 00:14:00+00:00,-114.060196
2012-11-18 00:15:00+00:00,-105.116676
2012-11-18 00:16:00+00:00,-114.332527
2012-11-18 00:17:00+00:00,-110.655197
2012-11-18 00:18:00+00:00,-107.784157
2012-11-18 00:19:00+00:00,-111.085907
2012-11-18 00:20:00+00:00,-110.710403
2012-11-18 00:21:00+00:00,-109.641991
2012-11-18 00:22:00+00:00,-105.631271
2012-11-18 00:23:00+00:00,-100.794479
2012-11-18 00:24:00+00:00,-94.914871
2012-11-18 00:25:00+00:00,-94.143089
2012-11-18 00:26:00+00:00,-113.495003
2012-11-18 00:27:00+00:00,-133.540176
2012-11-18 00:28:00+00:00,-110.689545
2012-11-18 00:29:00+00:00,-98.332077
2012-11-18 00:30:00+00:00,-97.904381
2012-11-18 00:31:00+00:00,-99.575073
2012-11-18 00:32:00+00:00,-97.696159
2012-11-18 00:33:00+00:00,-99.637856
2012-11-18 00:34:00+00:00,-101.987152
2012-11-18 00:35:00+00:00,-97.837494
2012-11-18 00:36:00+00:00,-92.422134
2012-11-18 00:37:00+00:00,-102.552963
2012-11-18 00:38:00+00:00,-160.24855
2012-11-18 00:39:00+00:00,-121.551132
2012-11-18 00:40:00+00:00,-90.972504
2012-11-18 00:41:00+00:00,-91.975021
2012-11-18 00:42:00+00:00,-102.886421
2012-11-18 00:43:00+00:00,-107.296097
2012-11-18 00:44:00+00:00,-113.045097
2012-11-18 00:45:00+00:00,-119.458435
2012-11-18 00:46:00+00:00,-124.240196
2012-11-18 00:47:00+00:00,-112.149124
2012-11-18 00:48:00+00:00,-106.438126
2012-11-18 00:49:00+00:00,-102.915756
2012-11-18 00:50:00+00:00,-116.068451
2012-11-18 00:51:00+00:00,-114.580505
2012-11-18 00:52:00+00:00,-98.677582
2012-11-18 00:53:00+00:00,-117.347931
2012-11-18 00:54:00+00:00,-135.246094
2012-11-18 00:55:00+00:00,-147.663269
2012-11-18 00:56:00+00:00,-127.097099
2012-11-18 00:57:00+00:00,-103.851219
2012-11-18 00:58:00+00:00,-73.435646
2012-11-18 00:59:00+00:00,-46.83902
2012-11-18 01:00:00+00:00,-44.757599
2012-11-18 01:01:00+00:00,-58.409264
2012-11-18 01:02:00+00:00,-82.815956
2012-11-18 01:03:00+00:00,-69.567406
2012-11-18 01:04:00+00:00,-46.676201
2012-11-18 01:05:00+00:00,-43.285671
2012-11-18 01:06:00+00:00,-43.053177
2012-11-18 01:07:00+00:00,-40.591888
2012-11-18 01:08:00+00:00,-36.224125
2012-11-18 01:09:00+00:00,-32.406986
2012-11-18 01:10:00+00:00,-29.714743
2012-11-18 01:11:00+00:00,-28.37402
2012-11-18 01:12:00+00:00,-43.72525
2012-11-18 01:13:00+00:00,-63.51651
2012-11-18 01:14:00+00:00,-68.262314
2012-11-18 01:15:00+00:00,-59.041565
2012-11-18 01:16:00+00:00,-40.785904
2012-11-18 01:17:00+00:00,-40.46677
2012-11-18 01:18:00+00:00,-36.267555
2012-11-18 01:19:00+00:00,-36.049538
2012-11-18 01:20:00+00:00,-35.290962
2012-11-18 01:21:00+00:00,-33.654675
2012-11-18 01:22:00+00:00,-33.141361
2012-11-18 01:23:00+00:00,-31.191437
2012-11-18 01:24:00+00:00,-33.828754
2012-11-18 01:25:00+00:00,-44.768314
2012-11-18 01:26:00+00:00,-66.441277
2012-11-18 01:27:00+00:00,-77.898926
2012-11-18 01:28:00+00:00,-88.374352
2012-11-18 01:29:00+00:00,-95.64724
2012-11-18 01:30:00+00:00,-83.97123
2012-11-18 01:31:00+00:00,-71.44429
2012-11-18 01:32:00+00:00,-72.648743
2012-11-18 01:33:00+00:00,-72.070908
2012-11-18 01:34:00+00:00,-65.619972
2012-11-18 01:35:00+00:00,-63.672367
2012-11-18 01:36:00+00:00,-61.649967
2012-11-18 01:37:00+00:00,-57.797413
2012-11-18 01:38:00+00:00,-48.95063
2012-11-18 01:39:00+00:00,-44.57056
2012-11-18 01:40:00+00:00,-39.434536
2012-11-18 01:41:00+00:00,-36.578686
2012-11-18 01:42:00+00:00,-36.40535
2012-11-18 01:43:00+00:00,-29.18623
2012-11-18 01:44:00+00:00,-29.754822
2012-11-18 01:45:00+00:00,-27.431694
2012-11-18 01:46:00+00:00,-28.013626
2012-11-18 01:47:00+00:00,-32.901489
2012-11-18 01:48:00+00:00,-33.851036
2012-11-18 01:49:00+00:00,-31.924723
2012-11-18 01:50:00+00:00,-30.027538
2012-11-18 01:51:00+00:00,-31.377638
2012-11-18 01:52:00+00:00,-44.299389
2012-11-18 01:53:00+00:00,-54.103352
2012-11-18 01:54:00+00:00,-53.323387
2012-11-18 01:55:00+00:00,-49.858887
2012-11-18 01:56:00+00:00,-42.665874
2012-11-18 01:57:00+00:00,-37.564949
2012-11-18 01:58:00+00:00,-37.341591
2012-11-18 01:59:00+00:00,-32.860271
2012-11-18 02:00:00+00:00,-29.549107
2012-11-18 02:01:00+00:00,-31.84897
2012-11-18 02:02:00+00:00,-32.313763
2012-11-18 02:03:00+00:00,-32.595398
2012-11-18 02:04:00+00:00,-30.866795
2012-11-18 02:05:00+00:00,-28.852451
2012-11-18 02:06:00+00:00,-29.070387
2012-11-18 02:07:00+00:00,-30.108389
2012-11-18 02:08:00+00:00,-30.436255
2012-11-18 02:09:00+00:00,-31.103863
2012-11-18 02:10:00+00:00,-31.480425
2012-11-18 02:11:00+00:00,-30.866796
2012-11-18 02:12:00+00:00,-30.016956
2012-11-18 02:13:00+00:00,-31.638786
2012-11-18 02:14:00+00:00,-53.735695
2012-11-18 02:15:00+00:00,-68.609306
2012-11-18 02:16:00+00:00,-68.482353
2012-11-18 02:17:00+00:00,-62.222095
2012-11-18 02:18:00+00:00,-83.892082
2012-11-18 02:19:00+00:00,-86.737495
2012-11-18 02:20:00+00:00,-78.487823
2012-11-18 02:21:00+00:00,-60.722435
2012-11-18 02:22:00+00:00,-65.771324
2012-11-18 02:23:00+00:00,-73.072342
2012-11-18 02:24:00+00:00,-66.696739
2012-11-18 02:25:00+00:00,-54.323242
2012-11-18 02:26:00+00:00,-43.535828
2012-11-18 02:27:00+00:00,-35.509872
2012-11-18 02:28:00+00:00,-34.256031
2012-11-18 02:29:00+00:00,-32.609364
2012-11-18 02:30:00+00:00,-29.610619
2012-11-18 02:31:00+00:00,-27.416088
2012-11-18 02:32:00+00:00,-27.307774
2012-11-18 02:33:00+00:00,-27.499981
2012-11-18 02:34:00+00:00,-29.051022
2012-11-18 02:35:00+00:00,-37.077988
2012-11-18 02:36:00+00:00,-42.157818
2012-11-18 02:37:00+00:00,-33.912544
2012-11-18 02:38:00+00:00,-53.387276
2012-11-18 02:39:00+00:00,-70.80545
2012-11-18 02:40:00+00:00,-84.118279
2012-11-18 02:41:00+00:00,-101.590424
2012-11-18 02:42:00+00:00,-122.581299
2012-11-18 02:43:00+00:00,-123.54541
2012-11-18 02:44:00+00:00,-89.717377
2012-11-18 02:45:00+00:00,-79.498985
2012-11-18 02:46:00+00:00,-112.008415
2012-11-18 02:47:00+00:00,-127.352142
2012-11-25 00:00:00+00:00,-43.824039
2012-11-25 00:01:00+00:00,-44.201065
2012-11-25 00:02:00+00:00,-44.039856
2012-11-25 00:03:00+00:00,-44.725147
2012-11-25 00:04:00+00:00,-45.180744
2012-11-25 00:05:00+00:00,-44.919899
2012-11-25 00:06:00+00:00,-44.226574
2012-11-25 00:07:00+00:00,-44.590595
2012-11-25 00:08:00+00:00,-44.858612
2012-11-25 00:09:00+00:00,-44.794281
2012-11-25 00:10:00+00:00,-44.635853
2012-11-25 00:11:00+00:00,-45.133305
2012-11-25 00:12:00+00:00,-45.641106
2012-11-25 00:13:00+00:00,-45.242741
2012-11-25 00:14:00+00:00,-46.736977
2012-11-25 00:15:00+00:00,-45.899696
2012-11-25 00:16:00+00:00,-46.079502
2012-11-25 00:17:00+00:00,-44.864265
2012-11-25 00:18:00+00:00,-44.569389
2012-11-25 00:19:00+00:00,-45.79578
2012-11-25 00:20:00+00:00,-53.731434
2012-11-25 00:21:00+00:00,-55.84491
2012-11-25 00:22:00+00:00,-48.845043
2012-11-25 00:23:00+00:00,-42.447792
2012-11-25 00:24:00+00:00,-42.444099
2012-11-25 00:25:00+00:00,-41.990486
2012-11-25 00:26:00+00:00,-42.710949
2012-11-25 00:27:00+00:00,-42.631828
2012-11-25 00:28:00+00:00,-42.535561
2012-11-25 00:29:00+00:00,-43.384533
2012-11-25 00:30:00+00:00,-43.837173
2012-11-25 00:31:00+00:00,-44.008736
2012-11-25 00:32:00+00:00,-44.308434
2012-11-25 00:33:00+00:00,-44.339802
2012-11-25 00:34:00+00:00,-44.701496
2012-11-25 00:35:00+00:00,-44.995159
2012-11-25 00:36:00+00:00,-44.695263
2012-11-25 00:37:00+00:00,-44.328285
2012-11-25 00:38:00+00:00,-44.243847
2012-11-25 00:39:00+00:00,-43.972244
2012-11-25 00:40:00+00:00,-43.961739
2012-11-25 00:41:00+00:00,-44.730896
2012-11-25 00:42:00+00:00,-44.825634
2012-11-25 00:43:00+00:00,-45.452923
2012-11-25 00:44:00+00:00,-45.620743
2012-11-25 00:45:00+00:00,-46.084896
2012-11-25 00:46:00+00:00,-45.947952
2012-11-25 00:47:00+00:00,-45.646439
2012-11-25 00:48:00+00:00,-45.921597
2012-11-25 00:49:00+00:00,-45.962891
2012-11-25 00:50:00+00:00,-45.883434
2012-11-25 00:51:00+00:00,-45.939465
2012-11-25 00:52:00+00:00,-46.269501
2012-11-25 00:53:00+00:00,-46.532734
2012-11-25 00:54:00+00:00,-46.389343
2012-11-25 00:55:00+00:00,-46.72118
2012-11-25 00:56:00+00:00,-46.657173
2012-11-25 00:57:00+00:00,-46.382877
2012-11-25 00:58:00+00:00,-46.026958
2012-11-25 00:59:00+00:00,-45.954216
2012-11-25 01:00:00+00:00,-45.897808
2012-11-25 01:01:00+00:00,-46.286564
2012-11-25 01:02:00+00:00,-45.518009
2012-11-25 01:03:00+00:00,-45.510082
2012-11-25 01:04:00+00:00,-45.103561
2012-11-25 01:05:00+00:00,-45.669193
2012-11-25 01:06:00+00:00,-45.768089
2012-11-25 01:07:00+00:00,-45.601089
2012-11-25 01:08:00+00:00,-46.197445
2012-11-25 01:09:00+00:00,-46.781731
2012-11-25 01:10:00+00:00,-46.093166
2012-11-25 01:11:00+00:00,-45.600456
2012-11-25 01:12:00+00:00,-46.573101
2012-11-25 01:13:00+00:00,-46.680584
2012-11-25 01:14:00+00:00,-46.955868
2012-11-25 01:15:00+00:00,-47.123146
2012-11-25 01:16:00+00:00,-47.692139
2012-11-25 01:17:00+00:00,-47.427464
2012-11-25 01:18:00+00:00,-47.358376
2012-11-25 01:19:00+00:00,-47.238739
2012-11-25 01:20:00+00:00,-46.965443
2012-11-25 01:21:00+00:00,-46.499454
2012-11-25 01:22:00+00:00,-45.98769
2012-11-25 01:23:00+00:00,-45.677174
2012-11-25 01:24:00+00:00,-45.763184
2012-11-25 01:25:00+00:00,-45.769115
2012-11-25 01:26:00+00:00,-45.264267
2012-11-25 01:27:00+00:00,-44.849186
2012-11-25 01:28:00+00:00,-45.196896
2012-11-25 01:29:00+00:00,-44.956318
2012-11-25 01:30:00+00:00,-45.130585
2012-11-25 01:31:00+00:00,-43.647655
2012-11-25 01:32:00+00:00,-42.98333
2012-11-25 01:33:00+00:00,-42.79092
2012-11-25 01:34:00+00:00,-42.52647
2012-11-25 01:35:00+00:00,-42.175354
2012-11-25 01:36:00+00:00,-42.236496
2012-11-25 01:37:00+00:00,-42.095688
2012-11-25 01:38:00+00:00,-42.467762
2012-11-25 01:39:00+00:00,-42.489429
2012-11-25 01:40:00+00:00,-42.969269
2012-11-25 01:41:00+00:00,-43.112354
2012-11-25 01:42:00+00:00,-43.280979
2012-11-25 01:43:00+00:00,-43.415398
2012-11-25 01:44:00+00:00,-43.440712
2012-11-25 01:45:00+00:00,-43.361649
2012-11-25 01:46:00+00:00,-42.969219
2012-11-25 01:47:00+00:00,-43.266346
2012-11-25 01:48:00+00:00,-43.546959
2012-11-25 01:49:00+00:00,-44.292496
2012-11-25 01:50:00+00:00,-44.51432
2012-11-25 01:51:00+00:00,-44.277542
2012-11-25 01:52:00+00:00,-44.189251
2012-11-25 01:53:00+00:00,-44.296314
2012-11-25 01:54:00+00:00,-44.407318
2012-11-25 01:55:00+00:00,-44.973423
2012-11-25 01:56:00+00:00,-45.15868
2012-11-25 01:57:00+00:00,-44.766792
2012-11-25 01:58:00+00:00,-44.751282
2012-11-25 01:59:00+00:00,-44.894497
2012-11-25 02:00:00+00:00,-44.877533
2012-11-25 02:01:00+00:00,-45.091145
2012-11-25 02:02:00+00:00,-44.935837
2012-11-25 02:03:00+00:00,-44.346165
2012-11-25 02:04:00+00:00,-43.875816
2012-11-25 02:05:00+00:00,-43.819935
2012-11-25 02:06:00+00:00,-43.82156
2012-11-25 02:07:00+00:00,-44.115311
2012-11-25 02:08:00+00:00,-44.780273
2012-11-25 02:09:00+00:00,-44.941422
2012-11-25 02:10:00+00:00,-44.939564
2012-11-25 02:11:00+00:00,-44.683865
2012-11-25 02:12:00+00:00,-44.610821
2012-11-25 02:13:00+00:00,-44.711655
2012-11-25 02:14:00+00:00,-44.421822
2012-11-25 02:15:00+00:00,-44.557758
2012-11-25 02:16:00+00:00,-44.776676
2012-11-25 02:17:00+00:00,-45.405701
2012-11-25 02:18:00+00:00,-45.718258
2012-11-25 02:19:00+00:00,-46.010227
2012-11-25 02:20:00+00:00,-45.766747
2012-11-25 02:21:00+00:00,-45.765495
2012-11-25 02:22:00+00:00,-45.293407
2012-11-25 02:23:00+00:00,-45.151245
2012-11-25 02:24:00+00:00,-44.818481
2012-11-25 02:25:00+00:00,-44.876152
2012-11-25 02:26:00+00:00,-44.534203
2012-11-25 02:27:00+00:00,-44.333633
2012-11-25 02:28:00+00:00,-44.11282
2012-11-25 02:29:00+00:00,-43.799408
2012-11-25 02:30:00+00:00,-44.141964
2012-11-25 02:31:00+00:00,-44.599392
2012-11-25 02:32:00+00:00,-44.249775
2012-11-25 02:33:00+00:00,-44.18396
2012-11-25 02:34:00+00:00,-44.543587
2012-11-25 02:35:00+00:00,-45.329899
2012-11-25 02:36:00+00:00,-44.326595
2012-11-25 02:37:00+00:00,-44.081833
2012-11-25 02:38:00+00:00,-44.477486
2012-11-25 02:39:00+00:00,-44.819248
2012-11-25 02:40:00+00:00,-45.066132
2012-11-25 02:41:00+00:00,-44.979897
2012-11-25 02:42:00+00:00,-44.434589
2012-11-25 02:43:00+00:00,-43.835491
2012-11-25 02:44:00+00:00,-43.326218
2012-11-25 02:45:00+00:00,-43.107971
2012-11-25 02:46:00+00:00,-42.422974
2012-11-25 02:47:00+00:00,-41.905048
2012-12-02 00:00:00+00:00,-90.688179
2012-12-02 00:01:00+00:00,-88.02301
2012-12-02 00:02:00+00:00,-93.749641
2012-12-02 00:03:00+00:00,-102.446899
2012-12-02 00:04:00+00:00,-110.057304
2012-12-02 00:05:00+00:00,-119.915283
2012-12-02 00:06:00+00:00,-129.745941
2012-12-02 00:07:00+00:00,-134.789017
2012-12-02 00:08:00+00:00,-135.530838
2012-12-02 00:09:00+00:00,-136.351273
2012-12-02 00:10:00+00:00,-131.429016
2012-12-02 00:11:00+00:00,-129.80217
2012-12-02 00:12:00+00:00,-132.437515
2012-12-02 00:13:00+00:00,-145.848724
2012-12-02 00:14:00+00:00,-148.457657
2012-12-02 00:15:00+00:00,-147.480148
2012-12-02 00:16:00+00:00,-144.570511
2012-12-02 00:17:00+00:00,-137.944519
2012-12-02 00:18:00+00:00,-131.61055
2012-12-02 00:19:00+00:00,-129.686401
2012-12-02 00:20:00+00:00,-121.911804
2012-12-02 00:21:00+00:00,-121.271263
2012-12-02 00:22:00+00:00,-119.250229
2012-12-02 00:23:00+00:00,-118.051155
2012-12-02 00:24:00+00:00,-121.392471
2012-12-02 00:25:00+00:00,-120.991699
2012-12-02 00:26:00+00:00,-115.977768
2012-12-02 00:27:00+00:00,-109.603569
2012-12-02 00:28:00+00:00,-103.365166
2012-12-02 00:29:00+00:00,-109.183975
2012-12-02 00:30:00+00:00,-118.169609
2012-12-02 00:31:00+00:00,-121.149155
2012-12-02 00:32:00+00:00,-138.125854
2012-12-02 00:33:00+00:00,-145.109344
2012-12-02 00:34:00+00:00,-149.086899
2012-12-02 00:35:00+00:00,-155.063431
2012-12-02 00:36:00+00:00,-155.04184
2012-12-02 00:37:00+00:00,-156.022156
2012-12-02 00:38:00+00:00,-160.005325
2012-12-02 00:39:00+00:00,-164.984543
2012-12-02 00:40:00+00:00,-162.273041
2012-12-02 00:41:00+00:00,-174.340363
2012-12-02 00:42:00+00:00,-187.088776
2012-12-02 00:43:00+00:00,-194.078812
2012-12-02 00:44:00+00:00,-202.918854
2012-12-02 00:45:00+00:00,-206.024933
2012-12-02 00:46:00+00:00,-234.958359
2012-12-02 00:47:00+00:00,-244.78981
2012-12-02 00:48:00+00:00,-259.217316
2012-12-02 00:49:00+00:00,-234.746887
2012-12-02 00:50:00+00:00,-240.172638
2012-12-02 00:51:00+00:00,-242.730972
2012-12-02 00:52:00+00:00,-244.853027
2012-12-02 00:53:00+00:00,-237.961212
2012-12-02 00:54:00+00:00,-242.54158
2012-12-02 00:55:00+00:00,-254.638748
2012-12-02 00:56:00+00:00,-255.532898
2012-12-02 00:57:00+00:00,-267.36145
2012-12-02 00:58:00+00:00,-277.773804
2012-12-02 00:59:00+00:00,-282.196991
2012-12-02 01:00:00+00:00,-287.149597
2012-12-02 01:01:00+00:00,-287.984497
2012-12-02 01:02:00+00:00,-284.355835
2012-12-02 01:03:00+00:00,-276.682678
2012-12-02 01:04:00+00:00,-272.225739
2012-12-02 01:05:00+00:00,-279.118164
2012-12-02 01:06:00+00:00,-277.914032
2012-12-02 01:07:00+00:00,-279.087952
2012-12-02 01:08:00+00:00,-280.775665
2012-12-02 01:09:00+00:00,-285.087494
2012-12-02 01:10:00+00:00,-283.708954
2012-12-02 01:11:00+00:00,-282.69281
2012-12-02 01:12:00+00:00,-276.590759
2012-12-02 01:13:00+00:00,-272.07959
2012-12-02 01:14:00+00:00,-272.630951
2012-12-02 01:15:00+00:00,-270.797546
2012-12-02 01:16:00+00:00,-264.692352
2012-12-02 01:17:00+00:00,-262.759338
2012-12-02 01:18:00+00:00,-280.328491
2012-12-02 01:19:00+00:00,-303.733063
2012-12-02 01:20:00+00:00,-267.71524
2012-12-02 01:21:00+00:00,-260.997528
2012-12-02 01:22:00+00:00,-259.9617
2012-12-02 01:23:00+00:00,-254.797867
2012-12-02 01:24:00+00:00,-247.721786
2012-12-02 01:25:00+00:00,-243.826263
2012-12-02 01:26:00+00:00,-249.602478
2012-12-02 01:27:00+00:00,-253.765274
2012-12-02 01:28:00+00:00,-247.988434
2012-12-02 01:29:00+00:00,-233.615738
2012-12-02 01:30:00+00:00,-220.552414
2012-12-02 01:31:00+00:00,-222.373306
2012-12-02 01:32:00+00:00,-229.409363
2012-12-02 01:33:00+00:00,-236.222687
2012-12-02 01:34:00+00:00,-231.257629
2012-12-02 01:35:00+00:00,-228.847168
2012-12-02 01:36:00+00:00,-235.276474
2012-12-02 01:37:00+00:00,-235.364899
2012-12-02 01:38:00+00:00,-224.435669
2012-12-02 01:39:00+00:00,-215.332535
2012-12-02 01:40:00+00:00,-212.212738
2012-12-02 01:41:00+00:00,-207.557724
2012-12-02 01:42:00+00:00,-199.698532
2012-12-02 01:43:00+00:00,-190.376068
2012-12-02 01:44:00+00:00,-193.830444
2012-12-02 01:45:00+00:00,-196.629761
2012-12-02 01:46:00+00:00,-199.349457
2012-12-02 01:47:00+00:00,-192.650391
2012-12-02 01:48:00+00:00,-193.593323
2012-12-02 01:49:00+00:00,-190.486908
2012-12-02 01:50:00+00:00,-182.155426
2012-12-02 01:51:00+00:00,-173.383087
2012-12-02 01:52:00+00:00,-161.66008
2012-12-02 01:53:00+00:00,-153.082962
2012-12-02 01:54:00+00:00,-149.261185
2012-12-02 01:55:00+00:00,-150.834778
2012-12-02 01:56:00+00:00,-156.94104
2012-12-02 01:57:00+00:00,-162.628036
2012-12-02 01:58:00+00:00,-164.203156
2012-12-02 01:59:00+00:00,-153.144882
2012-12-02 02:00:00+00:00,-151.49646
2012-12-02 02:01:00+00:00,-137.386566
2012-12-02 02:02:00+00:00,-142.89357
2012-12-02 02:03:00+00:00,-154.669739
2012-12-02 02:04:00+00:00,-149.378616
2012-12-02 02:05:00+00:00,-137.213654
2012-12-02 02:06:00+00:00,-124.50106
2012-12-02 02:07:00+00:00,-119.068993
2012-12-02 02:08:00+00:00,-122.155998
2012-12-02 02:09:00+00:00,-123.041473
2012-12-02 02:10:00+00:00,-119.007851
2012-12-02 02:11:00+00:00,-124.922333
2012-12-02 02:12:00+00:00,-125.388206
2012-12-02 02:13:00+00:00,-130.931839
2012-12-02 02:14:00+00:00,-133.384003
2012-12-02 02:15:00+00:00,-128.683914
2012-12-02 02:16:00+00:00,-119.569519
2012-12-02 02:17:00+00:00,-114.906937
2012-12-02 02:18:00+00:00,-106.474533
2012-12-02 02:19:00+00:00,-103.442078
2012-12-02 02:20:00+00:00,-106.896355
2012-12-02 02:21:00+00:00,-108.685928
2012-12-02 02:22:00+00:00,-109.141785
2012-12-02 02:23:00+00:00,-103.44252
2012-12-02 02:24:00+00:00,-98.494461
2012-12-02 02:25:00+00:00,-100.082748
2012-12-02 02:26:00+00:00,-102.330467
2012-12-02 02:27:00+00:00,-103.500374
2012-12-02 02:28:00+00:00,-111.232628
2012-12-02 02:29:00+00:00,-130.425476
2012-12-02 02:30:00+00:00,-130.082962
2012-12-02 02:31:00+00:00,-131.11972
2012-12-02 02:32:00+00:00,-136.964493
2012-12-02 02:33:00+00:00,-143.83313
2012-12-02 02:34:00+00:00,-141.179749
2012-12-02 02:35:00+00:00,-135.816833
2012-12-02 02:36:00+00:00,-145.88504
2012-12-02 02:37:00+00:00,-155.10701
2012-12-02 02:38:00+00:00,-158.645844
2012-12-02 02:39:00+00:00,-159.899002
2012-12-02 02:40:00+00:00,-166.217087
2012-12-02 02:41:00+00:00,-173.741699
2012-12-02 02:42:00+00:00,-179.911301
2012-12-02 02:43:00+00:00,-189.502975
2012-12-02 02:44:00+00:00,-190.877548
2012-12-02 02:45:00+00:00,-187.705841
2012-12-02 02:46:00+00:00,-188.893387
2012-12-02 02:47:00+00:00,-185.749252
2012-12-09 00:00:00+00:00,-35.36441
2012-12-09 00:01:00+00:00,-34.992775
2012-12-09 00:02:00+00:00,-34.7808
2012-12-09 00:03:00+00:00,-34.849426
2012-12-09 00:04:00+00:00,-35.652744
2012-12-09 00:05:00+00:00,-35.050121
2012-12-09 00:06:00+00:00,-34.164593
2012-12-09 00:07:00+00:00,-33.554745
2012-12-09 00:08:00+00:00,-33.537952
2012-12-09 00:09:00+00:00,-34.44331
2012-12-09 00:10:00+00:00,-35.436825
2012-12-09 00:11:00+00:00,-35.739185
2012-12-09 00:12:00+00:00,-35.733204
2012-12-09 00:13:00+00:00,-35.363201
2012-12-09 00:14:00+00:00,-34.855736
2012-12-09 00:15:00+00:00,-34.950054
2012-12-09 00:16:00+00:00,-35.163837
2012-12-09 00:17:00+00:00,-35.082802
2012-12-09 00:18:00+00:00,-35.759781
2012-12-09 00:19:00+00:00,-35.421318
2012-12-09 00:20:00+00:00,-35.283226
2012-12-09 00:21:00+00:00,-34.708786
2012-12-09 00:22:00+00:00,-33.845444
2012-12-09 00:23:00+00:00,-34.417797
2012-12-09 00:24:00+00:00,-33.85358
2012-12-09 00:25:00+00:00,-34.466255
2012-12-09 00:26:00+00:00,-34.096634
2012-12-09 00:27:00+00:00,-33.695881
2012-12-09 00:28:00+00:00,-33.409496
2012-12-09 00:29:00+00:00,-33.230637
2012-12-09 00:30:00+00:00,-33.555775
2012-12-09 00:31:00+00:00,-33.770977
2012-12-09 00:32:00+00:00,-33.928589
2012-12-09 00:33:00+00:00,-33.991718
2012-12-09 00:34:00+00:00,-33.987701
2012-12-09 00:35:00+00:00,-33.908714
2012-12-09 00:36:00+00:00,-33.565292
2012-12-09 00:37:00+00:00,-33.086342
2012-12-09 00:38:00+00:00,-32.461098
2012-12-09 00:39:00+00:00,-31.956165
2012-12-09 00:40:00+00:00,-31.89184
2012-12-09 00:41:00+00:00,-32.401901
2012-12-09 00:42:00+00:00,-33.245136
2012-12-09 00:43:00+00:00,-33.137344
2012-12-09 00:44:00+00:00,-32.423256
2012-12-09 00:45:00+00:00,-31.705389
2012-12-09 00:46:00+00:00,-31.048601
2012-12-09 00:47:00+00:00,-30.842699
2012-12-09 00:48:00+00:00,-30.899597
2012-12-09 00:49:00+00:00,-31.211472
2012-12-09 00:50:00+00:00,-31.370113
2012-12-09 00:51:00+00:00,-31.426291
2012-12-09 00:52:00+00:00,-31.51281
2012-12-09 00:53:00+00:00,-31.592548
2012-12-09 00:54:00+00:00,-31.214329
2012-12-09 00:55:00+00:00,-31.154509
2012-12-09 00:56:00+00:00,-30.721672
2012-12-09 00:57:00+00:00,-30.586706
2012-12-09 00:58:00+00:00,-30.6539
2012-12-09 00:59:00+00:00,-30.776758
2012-12-09 01:00:00+00:00,-30.725784
2012-12-09 01:01:00+00:00,-30.720194
2012-12-09 01:02:00+00:00,-30.860685
2012-12-09 01:03:00+00:00,-31.019781
2012-12-09 01:04:00+00:00,-30.898655
2012-12-09 01:05:00+00:00,-30.830318
2012-12-09 01:06:00+00:00,-30.207352
2012-12-09 01:07:00+00:00,-29.76902
2012-12-09 01:08:00+00:00,-29.61005
2012-12-09 01:09:00+00:00,-29.887674
2012-12-09 01:10:00+00:00,-30.153652
2012-12-09 01:11:00+00:00,-30.302519
2012-12-09 01:12:00+00:00,-30.263968
2012-12-09 01:13:00+00:00,-29.746006
2012-12-09 01:14:00+00:00,-29.451767
2012-12-09 01:15:00+00:00,-29.219141
2012-12-09 01:16:00+00:00,-29.374819
2012-12-09 01:17:00+00:00,-29.533995
2012-12-09 01:18:00+00:00,-29.586824
2012-12-09 01:19:00+00:00,-29.852654
2012-12-09 01:20:00+00:00,-30.007261
2012-12-09 01:21:00+00:00,-29.896358
2012-12-09 01:22:00+00:00,-29.934984
2012-12-09 01:23:00+00:00,-30.030371
2012-12-09 01:24:00+00:00,-30.050686
2012-12-09 01:25:00+00:00,-29.599449
2012-12-09 01:26:00+00:00,-28.995022
2012-12-09 01:27:00+00:00,-28.423931
2012-12-09 01:28:00+00:00,-28.266066
2012-12-09 01:29:00+00:00,-28.763613
2012-12-09 01:30:00+00:00,-29.442947
2012-12-09 01:31:00+00:00,-29.756947
2012-12-09 01:32:00+00:00,-29.510101
2012-12-09 01:33:00+00:00,-29.165897
2012-12-09 01:34:00+00:00,-28.810247
2012-12-09 01:35:00+00:00,-28.725357
2012-12-09 01:36:00+00:00,-28.478582
2012-12-09 01:37:00+00:00,-28.790606
2012-12-09 01:38:00+00:00,-29.030544
2012-12-09 01:39:00+00:00,-29.212049
2012-12-09 01:40:00+00:00,-28.883923
2012-12-09 01:41:00+00:00,-28.741455
2012-12-09 01:42:00+00:00,-28.412552
2012-12-09 01:43:00+00:00,-28.325903
2012-12-09 01:44:00+00:00,-28.267618
2012-12-09 01:45:00+00:00,-27.832399
2012-12-09 01:46:00+00:00,-28.016108
2012-12-09 01:47:00+00:00,-28.031054
2012-12-09 01:48:00+00:00,-28.050833
2012-12-09 01:49:00+00:00,-28.183819
2012-12-09 01:50:00+00:00,-28.501278
2012-12-09 01:51:00+00:00,-28.630142
2012-12-09 01:52:00+00:00,-28.545975
2012-12-09 01:53:00+00:00,-28.361055
2012-12-09 01:54:00+00:00,-28.269697
2012-12-09 01:55:00+00:00,-28.391994
2012-12-09 01:56:00+00:00,-28.680073
2012-12-09 01:57:00+00:00,-28.737427
2012-12-09 01:58:00+00:00,-28.917545
2012-12-09 01:59:00+00:00,-28.702831
2012-12-09 02:00:00+00:00,-28.215328
2012-12-09 02:01:00+00:00,-27.668764
2012-12-09 02:02:00+00:00,-27.147085
2012-12-09 02:03:00+00:00,-27.701658
2012-12-09 02:04:00+00:00,-27.745546
2012-12-09 02:05:00+00:00,-27.804113
2012-12-09 02:06:00+00:00,-27.791397
2012-12-09 02:07:00+00:00,-27.982763
2012-12-09 02:08:00+00:00,-27.867443
2012-12-09 02:09:00+00:00,-27.831158
2012-12-09 02:10:00+00:00,-27.721535
2012-12-09 02:11:00+00:00,-27.975075
2012-12-09 02:12:00+00:00,-27.84273
2012-12-09 02:13:00+00:00,-27.227793
2012-12-09 02:14:00+00:00,-27.231804
2012-12-09 02:15:00+00:00,-27.613525
2012-12-09 02:16:00+00:00,-27.683046
2012-12-09 02:17:00+00:00,-27.835724
2012-12-09 02:18:00+00:00,-27.669746
2012-12-09 02:19:00+00:00,-27.763214
2012-12-09 02:20:00+00:00,-27.576063
2012-12-09 02:21:00+00:00,-27.126823
2012-12-09 02:22:00+00:00,-26.677191
2012-12-09 02:23:00+00:00,-26.777918
2012-12-09 02:24:00+00:00,-26.999294
2012-12-09 02:25:00+00:00,-27.416491
2012-12-09 02:26:00+00:00,-27.326357
2012-12-09 02:27:00+00:00,-27.004257
2012-12-09 02:28:00+00:00,-26.95212
2012-12-09 02:29:00+00:00,-26.258789
2012-12-09 02:30:00+00:00,-25.985764
2012-12-09 02:31:00+00:00,-26.459612
2012-12-09 02:32:00+00:00,-27.271034
2012-12-09 02:33:00+00:00,-27.411394
2012-12-09 02:34:00+00:00,-27.082815
2012-12-09 02:35:00+00:00,-26.814566
2012-12-09 02:36:00+00:00,-26.16717
2012-12-09 02:37:00+00:00,-25.85935
2012-12-09 02:38:00+00:00,-25.599089
2012-12-09 02:39:00+00:00,-25.68812
2012-12-09 02:40:00+00:00,-26.1479
2012-12-09 02:41:00+00:00,-26.319225
2012-12-09 02:42:00+00:00,-26.446211
2012-12-09 02:43:00+00:00,-26.717306
2012-12-09 02:44:00+00:00,-27.069988
2012-12-09 02:45:00+00:00,-27.038406
2012-12-09 02:46:00+00:00,-27.065777
2012-12-09 02:47:00+00:00,-26.719667
2012-12-16 00:00:00+00:00,-180.754776
2012-12-16 00:01:00+00:00,-187.854202
2012-12-16 00:02:00+00:00,-186.84671
2012-12-16 00:03:00+00:00,-182.464279
2012-12-16 00:04:00+00:00,-186.991074
2012-12-16 00:05:00+00:00,-196.335266
2012-12-16 00:06:00+00:00,-210.953903
2012-12-16 00:07:00+00:00,-208.958267
2012-12-16 00:08:00+00:00,-201.082733
2012-12-16 00:09:00+00:00,-198.29866
2012-12-16 00:10:00+00:00,-212.532318
2012-12-16 00:11:00+00:00,-193.786118
2012-12-16 00:12:00+00:00,-195.38765
2012-12-16 00:13:00+00:00,-200.689056
2012-12-16 00:14:00+00:00,-226.335541
2012-12-16 00:15:00+00:00,-218.44873
2012-12-16 00:16:00+00:00,-189.122452
2012-12-16 00:17:00+00:00,-181.28688
2012-12-16 00:18:00+00:00,-166.348297
2012-12-16 00:19:00+00:00,-166.381927
2012-12-16 00:20:00+00:00,-159.48642
2012-12-16 00:21:00+00:00,-153.17041
2012-12-16 00:22:00+00:00,-157.312393
2012-12-16 00:23:00+00:00,-159.204102
2012-12-16 00:24:00+00:00,-156.292786
2012-12-16 00:25:00+00:00,-157.274902
2012-12-16 00:26:00+00:00,-147.869568
2012-12-16 00:27:00+00:00,-139.25058
2012-12-16 00:28:00+00:00,-130.990067
2012-12-16 00:29:00+00:00,-125.668015
2012-12-16 00:30:00+00:00,-123.115387
2012-12-16 00:31:00+00:00,-124.785469
2012-12-16 00:32:00+00:00,-122.884216
2012-12-16 00:33:00+00:00,-120.665413
2012-12-16 00:34:00+00:00,-119.842812
2012-12-16 00:35:00+00:00,-115.726837
2012-12-16 00:36:00+00:00,-108.848625
2012-12-16 00:37:00+00:00,-103.322296
2012-12-16 00:38:00+00:00,-99.637009
2012-12-16 00:39:00+00:00,-96.311172
2012-12-16 00:40:00+00:00,-95.518509
2012-12-16 00:41:00+00:00,-97.787216
2012-12-16 00:42:00+00:00,-97.32811
2012-12-16 00:43:00+00:00,-93.192825
2012-12-16 00:44:00+00:00,-87.538467
2012-12-16 00:45:00+00:00,-83.701828
2012-12-16 00:46:00+00:00,-81.573448
2012-12-16 00:47:00+00:00,-82.945137
2012-12-16 00:48:00+00:00,-84.469131
2012-12-16 00:49:00+00:00,-86.694687
2012-12-16 00:50:00+00:00,-80.949028
2012-12-16 00:51:00+00:00,-72.160896
2012-12-16 00:52:00+00:00,-66.435776
2012-12-16 00:53:00+00:00,-75.836189
2012-12-16 00:54:00+00:00,-76.022316
2012-12-16 00:55:00+00:00,-79.120148
2012-12-16 00:56:00+00:00,-78.448059
2012-12-16 00:57:00+00:00,-71.817604
2012-12-16 00:58:00+00:00,-62.42704
2012-12-16 00:59:00+00:00,-56.013695
2012-12-16 01:00:00+00:00,-59.725044
2012-12-16 01:01:00+00:00,-64.619102
2012-12-16 01:02:00+00:00,-66.154961
2012-12-16 01:03:00+00:00,-62.794483
2012-12-16 01:04:00+00:00,-62.988338
2012-12-16 01:05:00+00:00,-62.917515
2012-12-16 01:06:00+00:00,-60.5966
2012-12-16 01:07:00+00:00,-57.608532
2012-12-16 01:08:00+00:00,-56.751099
2012-12-16 01:09:00+00:00,-53.939281
2012-12-16 01:10:00+00:00,-48.309731
2012-12-16 01:11:00+00:00,-43.115311
2012-12-16 01:12:00+00:00,-39.609863
2012-12-16 01:13:00+00:00,-35.187855
2012-12-16 01:14:00+00:00,-31.395123
2012-12-16 01:15:00+00:00,-28.99918
2012-12-16 01:16:00+00:00,-27.697279
2012-12-16 01:17:00+00:00,-27.613689
2012-12-16 01:18:00+00:00,-28.825235
2012-12-16 01:19:00+00:00,-38.4422
2012-12-16 01:20:00+00:00,-31.140711
2012-12-16 01:21:00+00:00,-27.338886
2012-12-16 01:22:00+00:00,-27.018147
2012-12-16 01:23:00+00:00,-27.249367
2012-12-16 01:24:00+00:00,-27.352879
2012-12-16 01:25:00+00:00,-27.498623
2012-12-16 01:26:00+00:00,-27.663185
2012-12-16 01:27:00+00:00,-27.729397
2012-12-16 01:28:00+00:00,-27.56642
2012-12-16 01:29:00+00:00,-27.512163
2012-12-16 01:30:00+00:00,-27.701412
2012-12-16 01:31:00+00:00,-27.832169
2012-12-16 01:32:00+00:00,-27.712055
2012-12-16 01:33:00+00:00,-27.372759
2012-12-16 01:34:00+00:00,-26.794703
2012-12-16 01:35:00+00:00,-26.423151
2012-12-16 01:36:00+00:00,-27.844748
2012-12-16 01:37:00+00:00,-30.458385
2012-12-16 01:38:00+00:00,-34.858002
2012-12-16 01:39:00+00:00,-36.119766
2012-12-16 01:40:00+00:00,-32.580593
2012-12-16 01:41:00+00:00,-28.237549
2012-12-16 01:42:00+00:00,-27.922663
2012-12-16 01:43:00+00:00,-39.140816
2012-12-16 01:44:00+00:00,-40.078529
2012-12-16 01:45:00+00:00,-37.845177
2012-12-16 01:46:00+00:00,-39.815224
2012-12-16 01:47:00+00:00,-50.620583
2012-12-16 01:48:00+00:00,-52.361313
2012-12-16 01:49:00+00:00,-55.457336
2012-12-16 01:50:00+00:00,-59.852013
2012-12-16 01:51:00+00:00,-58.166428
2012-12-16 01:52:00+00:00,-51.051952
2012-12-16 01:53:00+00:00,-43.63065
2012-12-16 01:54:00+00:00,-40.093929
2012-12-16 01:55:00+00:00,-39.394913
2012-12-16 01:56:00+00:00,-36.959377
2012-12-16 01:57:00+00:00,-28.607635
2012-12-16 01:58:00+00:00,-26.741938
2012-12-16 01:59:00+00:00,-26.683086
2012-12-16 02:00:00+00:00,-26.677183
2012-12-16 02:01:00+00:00,-26.648727
2012-12-16 02:02:00+00:00,-26.726789
2012-12-16 02:03:00+00:00,-26.805962
2012-12-16 02:04:00+00:00,-26.724075
2012-12-16 02:05:00+00:00,-26.676388
2012-12-16 02:06:00+00:00,-26.637449
2012-12-16 02:07:00+00:00,-26.616968
2012-12-16 02:08:00+00:00,-26.741842
2012-12-16 02:09:00+00:00,-26.863575
2012-12-16 02:10:00+00:00,-26.978203
2012-12-16 02:11:00+00:00,-27.027075
2012-12-16 02:12:00+00:00,-27.140991
2012-12-16 02:13:00+00:00,-27.329664
2012-12-16 02:14:00+00:00,-27.100845
2012-12-16 02:15:00+00:00,-26.782602
2012-12-16 02:16:00+00:00,-26.600332
2012-12-16 02:17:00+00:00,-26.530821
2012-12-16 02:18:00+00:00,-26.44593
2012-12-16 02:19:00+00:00,-26.679588
2012-12-16 02:20:00+00:00,-26.815718
2012-12-16 02:21:00+00:00,-27.406998
2012-12-16 02:22:00+00:00,-27.881107
2012-12-16 02:23:00+00:00,-28.314157
2012-12-16 02:24:00+00:00,-28.813515
2012-12-16 02:25:00+00:00,-29.045135
2012-12-16 02:26:00+00:00,-29.30584
2012-12-16 02:27:00+00:00,-29.726429
2012-12-16 02:28:00+00:00,-29.728718
2012-12-16 02:29:00+00:00,-29.615387
2012-12-16 02:30:00+00:00,-29.61294
2012-12-16 02:31:00+00:00,-29.734406
2012-12-16 02:32:00+00:00,-29.369358
2012-12-16 02:33:00+00:00,-29.319286
2012-12-16 02:34:00+00:00,-29.107569
2012-12-16 02:35:00+00:00,-29.031029
2012-12-16 02:36:00+00:00,-29.072029
2012-12-16 02:37:00+00:00,-29.060591
2012-12-16 02:38:00+00:00,-29.143147
2012-12-16 02:39:00+00:00,-29.315731
2012-12-16 02:40:00+00:00,-29.363445
2012-12-16 02:41:00+00:00,-29.325294
2012-12-16 02:42:00+00:00,-29.318413
2012-12-16 02:43:00+00:00,-29.456024
2012-12-16 02:44:00+00:00,-29.64823
2012-12-16 02:45:00+00:00,-29.732861
2012-12-16 02:46:00+00:00,-29.642445
2012-12-16 02:47:00+00:00,-29.500029
2012-12-23 00:00:00+00:00,-7.420559
2012-12-23 00:01:00+00:00,-7.420835
2012-12-23 00:02:00+00:00,-7.364555
2012-12-23 00:03:00+00:00,-7.444435
2012-12-23 00:04:00+00:00,-7.375282
2012-12-23 00:05:00+00:00,-7.347662
2012-12-23 00:06:00+00:00,-7.375751
2012-12-23 00:07:00+00:00,-7.454717
2012-12-23 00:08:00+00:00,-7.934721
2012-12-23 00:09:00+00:00,-8.283979
2012-12-23 00:10:00+00:00,-8.791394
2012-12-23 00:11:00+00:00,-8.931091
2012-12-23 00:12:00+00:00,-9.099315
2012-12-23 00:13:00+00:00,-9.047045
2012-12-23 00:14:00+00:00,-8.771112
2012-12-23 00:15:00+00:00,-8.683385
2012-12-23 00:16:00+00:00,-8.478004
2012-12-23 00:17:00+00:00,-8.310659
2012-12-23 00:18:00+00:00,-8.463614
2012-12-23 00:19:00+00:00,-8.388774
2012-12-23 00:20:00+00:00,-7.680139
2012-12-23 00:21:00+00:00,-7.313298
2012-12-23 00:22:00+00:00,-7.257494
2012-12-23 00:23:00+00:00,-7.45902
2012-12-23 00:24:00+00:00,-7.55118
2012-12-23 00:25:00+00:00,-7.528852
2012-12-23 00:26:00+00:00,-7.59199
2012-12-23 00:27:00+00:00,-7.820189
2012-12-23 00:28:00+00:00,-7.840649
2012-12-23 00:29:00+00:00,-7.863336
2012-12-23 00:30:00+00:00,-8.056709
2012-12-23 00:31:00+00:00,-8.377078
2012-12-23 00:32:00+00:00,-8.247727
2012-12-23 00:33:00+00:00,-8.210904
2012-12-23 00:34:00+00:00,-8.24488
2012-12-23 00:35:00+00:00,-8.254734
2012-12-23 00:36:00+00:00,-8.53862
2012-12-23 00:37:00+00:00,-8.591542
2012-12-23 00:38:00+00:00,-7.922507
2012-12-23 00:39:00+00:00,-7.701344
2012-12-23 00:40:00+00:00,-7.340774
2012-12-23 00:41:00+00:00,-7.742933
2012-12-23 00:42:00+00:00,-7.82609
2012-12-23 00:43:00+00:00,-7.653671
2012-12-23 00:44:00+00:00,-7.051599
2012-12-23 00:45:00+00:00,-7.370102
2012-12-23 00:46:00+00:00,-7.645299
2012-12-23 00:47:00+00:00,-7.766608
2012-12-23 00:48:00+00:00,-7.493505
2012-12-23 00:49:00+00:00,-7.151222
2012-12-23 00:50:00+00:00,-7.30588
2012-12-23 00:51:00+00:00,-7.421261
2012-12-23 00:52:00+00:00,-7.536012
2012-12-23 00:53:00+00:00,-8.083133
2012-12-23 00:54:00+00:00,-8.49109
2012-12-23 00:55:00+00:00,-8.766475
2012-12-23 00:56:00+00:00,-8.590197
2012-12-23 00:57:00+00:00,-8.330418
2012-12-23 00:58:00+00:00,-8.018634
2012-12-23 00:59:00+00:00,-7.811827
2012-12-23 01:00:00+00:00,-8.113958
2012-12-23 01:01:00+00:00,-8.417382
2012-12-23 01:02:00+00:00,-8.636937
2012-12-23 01:03:00+00:00,-8.622042
2012-12-23 01:04:00+00:00,-8.571928
2012-12-23 01:05:00+00:00,-9.214148
2012-12-23 01:06:00+00:00,-9.588749
2012-12-23 01:07:00+00:00,-11.014106
2012-12-23 01:08:00+00:00,-11.223627
2012-12-23 01:09:00+00:00,-10.671429
2012-12-23 01:10:00+00:00,-9.955175
2012-12-23 01:11:00+00:00,-9.558281
2012-12-23 01:12:00+00:00,-10.37724
2012-12-23 01:13:00+00:00,-11.474566
2012-12-23 01:14:00+00:00,-12.182299
2012-12-23 01:15:00+00:00,-12.408657
2012-12-23 01:16:00+00:00,-11.942565
2012-12-23 01:17:00+00:00,-12.39561
2012-12-23 01:18:00+00:00,-12.442511
2012-12-23 01:19:00+00:00,-12.974882
2012-12-23 01:20:00+00:00,-12.689024
2012-12-23 01:21:00+00:00,-12.250965
2012-12-23 01:22:00+00:00,-11.110911
2012-12-23 01:23:00+00:00,-10.968095
2012-12-23 01:24:00+00:00,-11.428972
2012-12-23 01:25:00+00:00,-12.104884
2012-12-23 01:26:00+00:00,-12.745842
2012-12-23 01:27:00+00:00,-12.816703
2012-12-23 01:28:00+00:00,-12.983493
2012-12-23 01:29:00+00:00,-12.797006
2012-12-23 01:30:00+00:00,-12.372488
2012-12-23 01:31:00+00:00,-11.267381
2012-12-23 01:32:00+00:00,-9.678448
2012-12-23 01:33:00+00:00,-9.139028
2012-12-23 01:34:00+00:00,-8.789116
2012-12-23 01:35:00+00:00,-8.386389
2012-12-23 01:36:00+00:00,-8.387896
2012-12-23 01:37:00+00:00,-8.307323
2012-12-23 01:38:00+00:00,-8.535316
2012-12-23 01:39:00+00:00,-8.240835
2012-12-23 01:40:00+00:00,-9.028391
2012-12-23 01:41:00+00:00,-9.100148
2012-12-23 01:42:00+00:00,-8.27546
2012-12-23 01:43:00+00:00,-8.547508
2012-12-23 01:44:00+00:00,-9.491506
2012-12-23 01:45:00+00:00,-8.850632
2012-12-23 01:46:00+00:00,-8.918445
2012-12-23 01:47:00+00:00,-8.856915
2012-12-23 01:48:00+00:00,-8.893184
2012-12-23 01:49:00+00:00,-8.841723
2012-12-23 01:50:00+00:00,-9.121495
2012-12-23 01:51:00+00:00,-9.185642
2012-12-23 01:52:00+00:00,-9.172853
2012-12-23 01:53:00+00:00,-9.570449
2012-12-23 01:54:00+00:00,-9.387237
2012-12-23 01:55:00+00:00,-9.608585
2012-12-23 01:56:00+00:00,-9.579239
2012-12-23 01:57:00+00:00,-9.381245
2012-12-23 01:58:00+00:00,-8.967746
2012-12-23 01:59:00+00:00,-8.702041
2012-12-23 02:00:00+00:00,-8.608561
2012-12-23 02:01:00+00:00,-8.433073
2012-12-23 02:02:00+00:00,-8.373114
2012-12-23 02:03:00+00:00,-8.027125
2012-12-23 02:04:00+00:00,-8.479103
2012-12-23 02:05:00+00:00,-8.953668
2012-12-23 02:06:00+00:00,-8.935205
2012-12-23 02:07:00+00:00,-9.576071
2012-12-23 02:08:00+00:00,-10.071589
2012-12-23 02:09:00+00:00,-9.802631
2012-12-23 02:10:00+00:00,-9.820965
2012-12-23 02:11:00+00:00,-9.544572
2012-12-23 02:12:00+00:00,-9.635572
2012-12-23 02:13:00+00:00,-9.606673
2012-12-23 02:14:00+00:00,-9.648315
2012-12-23 02:15:00+00:00,-9.615003
2012-12-23 02:16:00+00:00,-9.291862
2012-12-23 02:17:00+00:00,-9.378222
2012-12-23 02:18:00+00:00,-9.388683
2012-12-23 02:19:00+00:00,-9.524433
2012-12-23 02:20:00+00:00,-9.597004
2012-12-23 02:21:00+00:00,-9.783167
2012-12-23 02:22:00+00:00,-9.834885
2012-12-23 02:23:00+00:00,-9.78928
2012-12-23 02:24:00+00:00,-9.750854
2012-12-23 02:25:00+00:00,-9.783097
2012-12-23 02:26:00+00:00,-9.451449
2012-12-23 02:27:00+00:00,-9.609438
2012-12-23 02:28:00+00:00,-9.444574
2012-12-23 02:29:00+00:00,-9.30062
2012-12-23 02:30:00+00:00,-9.371922
2012-12-23 02:31:00+00:00,-9.797399
2012-12-23 02:32:00+00:00,-10.064788
2012-12-23 02:33:00+00:00,-10.291517
2012-12-23 02:34:00+00:00,-10.334025
2012-12-23 02:35:00+00:00,-10.424076
2012-12-23 02:36:00+00:00,-10.444435
2012-12-23 02:37:00+00:00,-10.330777
2012-12-23 02:38:00+00:00,-10.493766
2012-12-23 02:39:00+00:00,-10.513521
2012-12-23 02:40:00+00:00,-10.564841
2012-12-23 02:41:00+00:00,-11.038345
2012-12-23 02:42:00+00:00,-11.028755
2012-12-23 02:43:00+00:00,-11.237235
2012-12-23 02:44:00+00:00,-11.322962
2012-12-23 02:45:00+00:00,-11.446083
2012-12-23 02:46:00+00:00,-11.303431
2012-12-23 02:47:00+00:00,-10.875366
2012-12-30 00:00:00+00:00,-104.826561
2012-12-30 00:01:00+00:00,-102.344421
2012-12-30 00:02:00+00:00,-96.554047
2012-12-30 00:03:00+00:00,-91.588852
2012-12-30 00:04:00+00:00,-91.623238
2012-12-30 00:05:00+00:00,-91.656235
2012-12-30 00:06:00+00:00,-81.689796
2012-12-30 00:07:00+00:00,-68.724899
2012-12-30 00:08:00+00:00,-64.803795
2012-12-30 00:09:00+00:00,-80.935478
2012-12-30 00:10:00+00:00,-92.44323
2012-12-30 00:11:00+00:00,-117.784157
2012-12-30 00:12:00+00:00,-92.821556
2012-12-30 00:13:00+00:00,-68.918549
2012-12-30 00:14:00+00:00,-77.763817
2012-12-30 00:15:00+00:00,-84.84623
2012-12-30 00:16:00+00:00,-91.282585
2012-12-30 00:17:00+00:00,-96.219353
2012-12-30 00:18:00+00:00,-72.646172
2012-12-30 00:19:00+00:00,-64.236778
2012-12-30 00:20:00+00:00,-69.047318
2012-12-30 00:21:00+00:00,-63.901474
2012-12-30 00:22:00+00:00,-63.515102
2012-12-30 00:23:00+00:00,-63.951736
2012-12-30 00:24:00+00:00,-59.877434
2012-12-30 00:25:00+00:00,-53.748295
2012-12-30 00:26:00+00:00,-51.728428
2012-12-30 00:27:00+00:00,-55.661629
2012-12-30 00:28:00+00:00,-64.540131
2012-12-30 00:29:00+00:00,-81.033905
2012-12-30 00:30:00+00:00,-100.826591
2012-12-30 00:31:00+00:00,-125.725807
2012-12-30 00:32:00+00:00,-119.734505
2012-12-30 00:33:00+00:00,-106.464333
2012-12-30 00:34:00+00:00,-90.030556
2012-12-30 00:35:00+00:00,-86.279678
2012-12-30 00:36:00+00:00,-88.457634
2012-12-30 00:37:00+00:00,-74.436142
2012-12-30 00:38:00+00:00,-86.278679
2012-12-30 00:39:00+00:00,-100.692589
2012-12-30 00:40:00+00:00,-121.415504
2012-12-30 00:41:00+00:00,-160.247757
2012-12-30 00:42:00+00:00,-197.124969
2012-12-30 00:43:00+00:00,-172.290924
2012-12-30 00:44:00+00:00,-152.639175
2012-12-30 00:45:00+00:00,-123.668747
2012-12-30 00:46:00+00:00,-113.768875
2012-12-30 00:47:00+00:00,-112.505753
2012-12-30 00:48:00+00:00,-146.559723
2012-12-30 00:49:00+00:00,-160.248108
2012-12-30 00:50:00+00:00,-149.707611
2012-12-30 00:51:00+00:00,-147.138519
2012-12-30 00:52:00+00:00,-119.835472
2012-12-30 00:53:00+00:00,-119.264984
2012-12-30 00:54:00+00:00,-109.430939
2012-12-30 00:55:00+00:00,-113.64875
2012-12-30 00:56:00+00:00,-96.685974
2012-12-30 00:57:00+00:00,-82.530876
2012-12-30 00:58:00+00:00,-82.430496
2012-12-30 00:59:00+00:00,-77.714897
2012-12-30 01:00:00+00:00,-77.270775
2012-12-30 01:01:00+00:00,-66.680557
2012-12-30 01:02:00+00:00,-63.55632
2012-12-30 01:03:00+00:00,-79.569138
2012-12-30 01:04:00+00:00,-79.509033
2012-12-30 01:05:00+00:00,-80.629883
2012-12-30 01:06:00+00:00,-54.685585
2012-12-30 01:07:00+00:00,-46.35873
2012-12-30 01:08:00+00:00,-31.965706
2012-12-30 01:09:00+00:00,-27.754778
2012-12-30 01:10:00+00:00,-24.193497
2012-12-30 01:11:00+00:00,-23.990997
2012-12-30 01:12:00+00:00,-28.236429
2012-12-30 01:13:00+00:00,-27.325752
2012-12-30 01:14:00+00:00,-27.73101
2012-12-30 01:15:00+00:00,-29.689339
2012-12-30 01:16:00+00:00,-38.730515
2012-12-30 01:17:00+00:00,-30.896755
2012-12-30 01:18:00+00:00,-27.892588
2012-12-30 01:19:00+00:00,-24.379173
2012-12-30 01:20:00+00:00,-20.504499
2012-12-30 01:21:00+00:00,-27.85895
2012-12-30 01:22:00+00:00,-24.902781
2012-12-30 01:23:00+00:00,-22.371363
2012-12-30 01:24:00+00:00,-18.828154
2012-12-30 01:25:00+00:00,-16.861027
2012-12-30 01:26:00+00:00,-16.608658
2012-12-30 01:27:00+00:00,-19.953705
2012-12-30 01:28:00+00:00,-22.985477
2012-12-30 01:29:00+00:00,-20.216642
2012-12-30 01:30:00+00:00,-16.468664
2012-12-30 01:31:00+00:00,-13.892487
2012-12-30 01:32:00+00:00,-12.875768
2012-12-30 01:33:00+00:00,-21.260944
2012-12-30 01:34:00+00:00,-23.668133
2012-12-30 01:35:00+00:00,-27.863911
2012-12-30 01:36:00+00:00,-27.693958
2012-12-30 01:37:00+00:00,-22.289114
2012-12-30 01:38:00+00:00,-9.749884
2012-12-30 01:39:00+00:00,-10.209428
2012-12-30 01:40:00+00:00,-11.005491
2012-12-30 01:41:00+00:00,-10.98672
2012-12-30 01:42:00+00:00,-10.386531
2012-12-30 01:43:00+00:00,-10.387555
2012-12-30 01:44:00+00:00,-13.6898
2012-12-30 01:45:00+00:00,-14.167249
2012-12-30 01:46:00+00:00,-19.117655
2012-12-30 01:47:00+00:00,-19.70145
2012-12-30 01:48:00+00:00,-22.520529
2012-12-30 01:49:00+00:00,-29.816093
2012-12-30 01:50:00+00:00,-37.640873
2012-12-30 01:51:00+00:00,-34.091534
2012-12-30 01:52:00+00:00,-30.278425
2012-12-30 01:53:00+00:00,-22.935913
2012-12-30 01:54:00+00:00,-19.613792
2012-12-30 01:55:00+00:00,-19.7696
2012-12-30 01:56:00+00:00,-20.612417
2012-12-30 01:57:00+00:00,-22.020592
2012-12-30 01:58:00+00:00,-22.267805
2012-12-30 01:59:00+00:00,-19.364403
2012-12-30 02:00:00+00:00,-18.195795
2012-12-30 02:01:00+00:00,-24.338753
2012-12-30 02:02:00+00:00,-31.716736
2012-12-30 02:03:00+00:00,-35.088776
2012-12-30 02:04:00+00:00,-27.084755
2012-12-30 02:05:00+00:00,-25.091389
2012-12-30 02:06:00+00:00,-39.277622
2012-12-30 02:07:00+00:00,-50.348537
2012-12-30 02:08:00+00:00,-41.733814
2012-12-30 02:09:00+00:00,-36.126812
2012-12-30 02:10:00+00:00,-31.740425
2012-12-30 02:11:00+00:00,-30.1684
2012-12-30 02:12:00+00:00,-26.988861
2012-12-30 02:13:00+00:00,-48.12661
2012-12-30 02:14:00+00:00,-49.682236
2012-12-30 02:15:00+00:00,-56.222137
2012-12-30 02:16:00+00:00,-33.335346
2012-12-30 02:17:00+00:00,-18.103781
2012-12-30 02:18:00+00:00,-19.556751
2012-12-30 02:19:00+00:00,-14.437569
2012-12-30 02:20:00+00:00,-9.709599
2012-12-30 02:21:00+00:00,-9.640085
2012-12-30 02:22:00+00:00,-9.699337
2012-12-30 02:23:00+00:00,-10.610019
2012-12-30 02:24:00+00:00,-10.374132
2012-12-30 02:25:00+00:00,-17.87661
2012-12-30 02:26:00+00:00,-19.151731
2012-12-30 02:27:00+00:00,-16.082024
2012-12-30 02:28:00+00:00,-22.86377
2012-12-30 02:29:00+00:00,-20.405174
2012-12-30 02:30:00+00:00,-14.394712
2012-12-30 02:31:00+00:00,-15.386141
2012-12-30 02:32:00+00:00,-15.408607
2012-12-30 02:33:00+00:00,-13.819611
2012-12-30 02:34:00+00:00,-11.987318
2012-12-30 02:35:00+00:00,-19.87072
2012-12-30 02:36:00+00:00,-17.067474
2012-12-30 02:37:00+00:00,-17.924267
2012-12-30 02:38:00+00:00,-21.05829
2012-12-30 02:39:00+00:00,-22.189276
2012-12-30 02:40:00+00:00,-21.382656
2012-12-30 02:41:00+00:00,-20.28492
2012-12-30 02:42:00+00:00,-29.038651
2012-12-30 02:43:00+00:00,-38.684868
2012-12-30 02:44:00+00:00,-36.643497
2012-12-30 02:45:00+00:00,-27.576656
2012-12-30 02:46:00+00:00,-22.451111
2012-12-30 02:47:00+00:00,-21.829424
