time,SML
2017-01-01 00:00:00+00:00,-58.300812
2017-01-01 00:01:00+00:00,-59.888474
2017-01-01 00:02:00+00:00,-58.856277
2017-01-01 00:03:00+00:00,-53.410362
2017-01-01 00:04:00+00:00,-47.282166
2017-01-01 00:05:00+00:00,-37.190659
2017-01-01 00:06:00+00:00,-41.32579
2017-01-01 00:07:00+00:00,-38.91293
2017-01-01 00:08:00+00:00,-38.315048
2017-01-01 00:09:00+00:00,-42.699951
2017-01-01 00:10:00+00:00,-41.136047
2017-01-01 00:11:00+00:00,-47.444378
2017-01-01 00:12:00+00:00,-60.37582
2017-01-01 00:13:00+00:00,-97.977058
2017-01-01 00:14:00+00:00,-125.214828
2017-01-01 00:15:00+00:00,-137.250229
2017-01-01 00:16:00+00:00,-147.57045
2017-01-01 00:17:00+00:00,-104.970474
2017-01-01 00:18:00+00:00,-84.507683
2017-01-01 00:19:00+00:00,-83.798782
2017-01-01 00:20:00+00:00,-79.506729
2017-01-01 00:21:00+00:00,-77.247711
2017-01-01 00:22:00+00:00,-75.32151
2017-01-01 00:23:00+00:00,-81.399155
2017-01-01 00:24:00+00:00,-77.739082
2017-01-01 00:25:00+00:00,-73.471306
2017-01-01 00:26:00+00:00,-69.164162
2017-01-01 00:27:00+00:00,-66.279533
2017-01-01 00:28:00+00:00,-65.024422
2017-01-01 00:29:00+00:00,-70.265007
2017-01-01 00:30:00+00:00,-81.582321
2017-01-01 00:31:00+00:00,-89.13987
2017-01-01 00:32:00+00:00,-89.51667
2017-01-01 00:33:00+00:00,-85.146446
2017-01-01 00:34:00+00:00,-76.499886
2017-01-01 00:35:00+00:00,-76.662895
2017-01-01 00:36:00+00:00,-76.256531
2017-01-01 00:37:00+00:00,-79.612816
2017-01-01 00:38:00+00:00,-78.496361
2017-01-01 00:39:00+00:00,-76.939056
2017-01-01 00:40:00+00:00,-67.413124
2017-01-01 00:41:00+00:00,-51.543518
2017-01-01 00:42:00+00:00,-50.737648
2017-01-01 00:43:00+00:00,-56.159767
2017-01-01 00:44:00+00:00,-64.480476
2017-01-01 00:45:00+00:00,-76.877205
2017-01-01 00:46:00+00:00,-89.935036
2017-01-01 00:47:00+00:00,-100.491463
2017-01-01 00:48:00+00:00,-114.476288
2017-01-01 00:49:00+00:00,-113.540833
2017-01-01 00:50:00+00:00,-111.17527
2017-01-01 00:51:00+00:00,-107.055527
2017-01-01 00:52:00+00:00,-104.016594
2017-01-01 00:53:00+00:00,-98.984688
2017-01-01 00:54:00+00:00,-88.011467
2017-01-01 00:55:00+00:00,-98.334
2017-01-01 00:56:00+00:00,-99.656891
2017-01-01 00:57:00+00:00,-99.044769
2017-01-01 00:58:00+00:00,-96.66539
2017-01-01 00:59:00+00:00,-100.563179
2017-01-01 01:00:00+00:00,-87.567863
2017-01-01 01:01:00+00:00,-84.205292
2017-01-01 01:02:00+00:00,-81.835976
2017-01-01 01:03:00+00:00,-76.70134
2017-01-01 01:04:00+00:00,-64.538673
2017-01-01 01:05:00+00:00,-64.347832
2017-01-01 01:06:00+00:00,-60.726177
2017-01-01 01:07:00+00:00,-54.56543
2017-01-01 01:08:00+00:00,-62.157246
2017-01-01 01:09:00+00:00,-106.256683
2017-01-01 01:10:00+00:00,-127.725655
2017-01-01 01:11:00+00:00,-121.153557
2017-01-01 01:12:00+00:00,-106.770851
2017-01-01 01:13:00+00:00,-88.098244
2017-01-01 01:14:00+00:00,-98.089966
2017-01-01 01:15:00+00:00,-118.076859
2017-01-01 01:16:00+00:00,-136.064743
2017-01-01 01:17:00+00:00,-134.052704
2017-01-01 01:18:00+00:00,-130.036789
2017-01-01 01:19:00+00:00,-135.026779
2017-01-01 01:20:00+00:00,-147.019699
2017-01-01 01:21:00+00:00,-159.013641
2017-01-01 01:22:00+00:00,-227.999771
2017-01-01 01:23:00+00:00,-237.986862
2017-01-01 01:24:00+00:00,-252.981812
2017-01-01 01:25:00+00:00,-257.973816
2017-01-01 01:26:00+00:00,-255.94725
2017-01-01 01:27:00+00:00,-243.937286
2017-01-01 01:28:00+00:00,-254.926315
2017-01-01 01:29:00+00:00,-244.914352
2017-01-01 01:30:00+00:00,-252.903336
2017-01-01 01:31:00+00:00,-251.904053
2017-01-01 01:32:00+00:00,-243.917618
2017-01-01 01:33:00+00:00,-277.879517
2017-01-01 01:34:00+00:00,-248.863007
2017-01-01 01:35:00+00:00,-269.856323
2017-01-01 01:36:00+00:00,-253.840942
2017-01-01 01:37:00+00:00,-248.837341
2017-01-01 01:38:00+00:00,-412.51947
2017-01-01 01:39:00+00:00,-398.890137
2017-01-01 01:40:00+00:00,-320.351685
2017-01-01 01:41:00+00:00,-458.187286
2017-01-01 01:42:00+00:00,-513.757385
2017-01-01 01:43:00+00:00,-576.234741
2017-01-01 01:44:00+00:00,-652.69928
2017-01-01 01:45:00+00:00,-604.749695
2017-01-01 01:46:00+00:00,-500.984528
2017-01-01 01:47:00+00:00,-434.738922
2017-01-01 01:48:00+00:00,-427.714783
2017-01-01 01:49:00+00:00,-432.703308
2017-01-01 01:50:00+00:00,-409.696625
2017-01-01 01:51:00+00:00,-419.693756
2017-01-01 01:52:00+00:00,-405.710327
2017-01-01 01:53:00+00:00,-383.728729
2017-01-01 01:54:00+00:00,-363.805634
2017-01-01 01:55:00+00:00,-353.002533
2017-01-01 01:56:00+00:00,-338.094788
2017-01-01 01:57:00+00:00,-324.176147
2017-01-01 01:58:00+00:00,-293.02005
2017-01-01 01:59:00+00:00,-271.029816
2017-01-01 02:00:00+00:00,-280.873383
2017-01-01 02:01:00+00:00,-354.026062
2017-01-01 02:02:00+00:00,-524.52124
2017-01-01 02:03:00+00:00,-631.159058
2017-01-01 02:04:00+00:00,-540.62793
2017-01-01 02:05:00+00:00,-352.45575
2017-01-01 02:06:00+00:00,-351.404419
2017-01-01 02:07:00+00:00,-434.220825
2017-01-01 02:08:00+00:00,-456.151764
2017-01-01 02:09:00+00:00,-299.461365
2017-01-01 02:10:00+00:00,-269.190399
2017-01-01 02:11:00+00:00,-271.475189
2017-01-01 02:12:00+00:00,-263.454498
2017-01-01 02:13:00+00:00,-249.460098
2017-01-01 02:14:00+00:00,-236.442154
2017-01-01 02:15:00+00:00,-238.42215
2017-01-01 02:16:00+00:00,-233.408875
2017-01-01 02:17:00+00:00,-228.401382
2017-01-01 02:18:00+00:00,-226.38208
2017-01-01 02:19:00+00:00,-231.378296
2017-01-01 02:20:00+00:00,-228.352921
2017-01-01 02:21:00+00:00,-211.334274
2017-01-01 02:22:00+00:00,-199.319427
2017-01-01 02:23:00+00:00,-212.515366
2017-01-01 02:24:00+00:00,-309.951447
2017-01-01 02:25:00+00:00,-271.556122
2017-01-01 02:26:00+00:00,-250.790253
2017-01-01 02:27:00+00:00,-283.530151
2017-01-01 02:28:00+00:00,-342.39267
2017-01-01 02:29:00+00:00,-365.128174
2017-01-01 02:30:00+00:00,-455.315643
2017-01-01 02:31:00+00:00,-467.636261
2017-01-01 02:32:00+00:00,-366.535767
2017-01-01 02:33:00+00:00,-332.095154
2017-01-01 02:34:00+00:00,-305.728424
2017-01-01 02:35:00+00:00,-279.664001
2017-01-01 02:36:00+00:00,-253.399887
2017-01-01 02:37:00+00:00,-262.72995
2017-01-01 02:38:00+00:00,-241.509766
2017-01-01 02:39:00+00:00,-239.116547
2017-01-01 02:40:00+00:00,-239.065811
2017-01-01 02:41:00+00:00,-232.134903
2017-01-01 02:42:00+00:00,-226.656845
2017-01-01 02:43:00+00:00,-225.26741
2017-01-01 02:44:00+00:00,-237.932404
2017-01-01 02:45:00+00:00,-241.197754
2017-01-01 02:46:00+00:00,-248.378036
2017-01-01 02:47:00+00:00,-252.248413
2017-01-08 00:00:00+00:00,-52.514061
2017-01-08 00:01:00+00:00,-52.396591
2017-01-08 00:02:00+00:00,-52.269043
2017-01-08 00:03:00+00:00,-51.944927
2017-01-08 00:04:00+00:00,-51.804161
2017-01-08 00:05:00+00:00,-51.68174
2017-01-08 00:06:00+00:00,-51.337406
2017-01-08 00:07:00+00:00,-51.255695
2017-01-08 00:08:00+00:00,-51.506889
2017-01-08 00:09:00+00:00,-51.358608
2017-01-08 00:10:00+00:00,-51.281586
2017-01-08 00:11:00+00:00,-51.436016
2017-01-08 00:12:00+00:00,-53.389759
2017-01-08 00:13:00+00:00,-75.412445
2017-01-08 00:14:00+00:00,-84.675079
2017-01-08 00:15:00+00:00,-66.008865
2017-01-08 00:16:00+00:00,-61.278023
2017-01-08 00:17:00+00:00,-53.821465
2017-01-08 00:18:00+00:00,-95.154846
2017-01-08 00:19:00+00:00,-82.176628
2017-01-08 00:20:00+00:00,-53.250076
2017-01-08 00:21:00+00:00,-54.287361
2017-01-08 00:22:00+00:00,-55.117096
2017-01-08 00:23:00+00:00,-55.45118
2017-01-08 00:24:00+00:00,-55.892181
2017-01-08 00:25:00+00:00,-55.995804
2017-01-08 00:26:00+00:00,-56.183956
2017-01-08 00:27:00+00:00,-55.920544
2017-01-08 00:28:00+00:00,-55.431187
2017-01-08 00:29:00+00:00,-54.857471
2017-01-08 00:30:00+00:00,-53.998363
2017-01-08 00:31:00+00:00,-53.457966
2017-01-08 00:32:00+00:00,-55.116566
2017-01-08 00:33:00+00:00,-52.393841
2017-01-08 00:34:00+00:00,-51.941483
2017-01-08 00:35:00+00:00,-51.566406
2017-01-08 00:36:00+00:00,-51.263718
2017-01-08 00:37:00+00:00,-51.213234
2017-01-08 00:38:00+00:00,-50.93351
2017-01-08 00:39:00+00:00,-50.633564
2017-01-08 00:40:00+00:00,-50.102501
2017-01-08 00:41:00+00:00,-49.771027
2017-01-08 00:42:00+00:00,-49.96632
2017-01-08 00:43:00+00:00,-50.41597
2017-01-08 00:44:00+00:00,-50.307465
2017-01-08 00:45:00+00:00,-50.156563
2017-01-08 00:46:00+00:00,-50.15173
2017-01-08 00:47:00+00:00,-50.356487
2017-01-08 00:48:00+00:00,-50.311886
2017-01-08 00:49:00+00:00,-50.109764
2017-01-08 00:50:00+00:00,-49.968914
2017-01-08 00:51:00+00:00,-49.550468
2017-01-08 00:52:00+00:00,-49.625046
2017-01-08 00:53:00+00:00,-50.078396
2017-01-08 00:54:00+00:00,-50.616611
2017-01-08 00:55:00+00:00,-50.872543
2017-01-08 00:56:00+00:00,-50.818886
2017-01-08 00:57:00+00:00,-50.893181
2017-01-08 00:58:00+00:00,-50.863045
2017-01-08 00:59:00+00:00,-50.709942
2017-01-08 01:00:00+00:00,-50.453487
2017-01-08 01:01:00+00:00,-49.866844
2017-01-08 01:02:00+00:00,-49.995655
2017-01-08 01:03:00+00:00,-50.53915
2017-01-08 01:04:00+00:00,-50.73661
2017-01-08 01:05:00+00:00,-51.287262
2017-01-08 01:06:00+00:00,-58.07563
2017-01-08 01:07:00+00:00,-62.487175
2017-01-08 01:08:00+00:00,-49.933578
2017-01-08 01:09:00+00:00,-49.49192
2017-01-08 01:10:00+00:00,-49.205307
2017-01-08 01:11:00+00:00,-48.609886
2017-01-08 01:12:00+00:00,-49.348251
2017-01-08 01:13:00+00:00,-49.704597
2017-01-08 01:14:00+00:00,-50.093987
2017-01-08 01:15:00+00:00,-75.909927
2017-01-08 01:16:00+00:00,-51.520779
2017-01-08 01:17:00+00:00,-53.0299
2017-01-08 01:18:00+00:00,-52.973495
2017-01-08 01:19:00+00:00,-52.257832
2017-01-08 01:20:00+00:00,-51.463005
2017-01-08 01:21:00+00:00,-50.786316
2017-01-08 01:22:00+00:00,-50.056854
2017-01-08 01:23:00+00:00,-49.682854
2017-01-08 01:24:00+00:00,-50.055931
2017-01-08 01:25:00+00:00,-49.996414
2017-01-08 01:26:00+00:00,-55.066418
2017-01-08 01:27:00+00:00,-65.949677
2017-01-08 01:28:00+00:00,-67.217339
2017-01-08 01:29:00+00:00,-60.380974
2017-01-08 01:30:00+00:00,-66.934914
2017-01-08 01:31:00+00:00,-68.640472
2017-01-08 01:32:00+00:00,-65.9244
2017-01-08 01:33:00+00:00,-84.045715
2017-01-08 01:34:00+00:00,-98.697296
2017-01-08 01:35:00+00:00,-100.651886
2017-01-08 01:36:00+00:00,-117.57225
2017-01-08 01:37:00+00:00,-117.162422
2017-01-08 01:38:00+00:00,-114.436447
2017-01-08 01:39:00+00:00,-106.426414
2017-01-08 01:40:00+00:00,-103.893921
2017-01-08 01:41:00+00:00,-118.968185
2017-01-08 01:42:00+00:00,-157.555801
2017-01-08 01:43:00+00:00,-167.373856
2017-01-08 01:44:00+00:00,-139.559021
2017-01-08 01:45:00+00:00,-118.828735
2017-01-08 01:46:00+00:00,-131.959305
2017-01-08 01:47:00+00:00,-112.998306
2017-01-08 01:48:00+00:00,-129.42041
2017-01-08 01:49:00+00:00,-134.24614
2017-01-08 01:50:00+00:00,-157.534286
2017-01-08 01:51:00+00:00,-197.901459
2017-01-08 01:52:00+00:00,-222.364822
2017-01-08 01:53:00+00:00,-155.326233
2017-01-08 01:54:00+00:00,-171.043701
2017-01-08 01:55:00+00:00,-160.974014
2017-01-08 01:56:00+00:00,-165.878159
2017-01-08 01:57:00+00:00,-152.827072
2017-01-08 01:58:00+00:00,-147.385483
2017-01-08 01:59:00+00:00,-144.537613
2017-01-08 02:00:00+00:00,-181.380768
2017-01-08 02:01:00+00:00,-204.683212
2017-01-08 02:02:00+00:00,-166.163025
2017-01-08 02:03:00+00:00,-201.086853
2017-01-08 02:04:00+00:00,-243.336288
2017-01-08 02:05:00+00:00,-174.91185
2017-01-08 02:06:00+00:00,-179.47171
2017-01-08 02:07:00+00:00,-180.657181
2017-01-08 02:08:00+00:00,-203.908173
2017-01-08 02:09:00+00:00,-275.163177
2017-01-08 02:10:00+00:00,-307.582916
2017-01-08 02:11:00+00:00,-242.580963
2017-01-08 02:12:00+00:00,-321.30661
2017-01-08 02:13:00+00:00,-461.70105
2017-01-08 02:14:00+00:00,-412.571716
2017-01-08 02:15:00+00:00,-447.771149
2017-01-08 02:16:00+00:00,-431.206268
2017-01-08 02:17:00+00:00,-435.767609
2017-01-08 02:18:00+00:00,-419.483429
2017-01-08 02:19:00+00:00,-452.988373
2017-01-08 02:20:00+00:00,-336.65451
2017-01-08 02:21:00+00:00,-301.061127
2017-01-08 02:22:00+00:00,-266.227661
2017-01-08 02:23:00+00:00,-264.021027
2017-01-08 02:24:00+00:00,-224.072083
2017-01-08 02:25:00+00:00,-277.286255
2017-01-08 02:26:00+00:00,-275.846222
2017-01-08 02:27:00+00:00,-248.066742
2017-01-08 02:28:00+00:00,-250.000626
2017-01-08 02:29:00+00:00,-252.969559
2017-01-08 02:30:00+00:00,-241.654037
2017-01-08 02:31:00+00:00,-243.37854
2017-01-08 02:32:00+00:00,-243.27243
2017-01-08 02:33:00+00:00,-235.631989
2017-01-08 02:34:00+00:00,-240.833694
2017-01-08 02:35:00+00:00,-254.506897
2017-01-08 02:36:00+00:00,-271.479095
2017-01-08 02:37:00+00:00,-267.27594
2017-01-08 02:38:00+00:00,-274.075867
2017-01-08 02:39:00+00:00,-303.899902
2017-01-08 02:40:00+00:00,-361.587006
2017-01-08 02:41:00+00:00,-326.026276
2017-01-08 02:42:00+00:00,-313.731689
2017-01-08 02:43:00+00:00,-306.446991
2017-01-08 02:44:00+00:00,-308.317963
2017-01-08 02:45:00+00:00,-319.534485
2017-01-08 02:46:00+00:00,-326.510498
2017-01-08 02:47:00+00:00,-330.568604
2017-01-15 00:00:00+00:00,-41.338322
2017-01-15 00:01:00+00:00,-37.031532
2017-01-15 00:02:00+00:00,-42.534599
2017-01-15 00:03:00+00:00,-39.639542
2017-01-15 00:04:00+00:00,-42.567101
2017-01-15 00:05:00+00:00,-42.652267
2017-01-15 00:06:00+00:00,-39.328674
2017-01-15 00:07:00+00:00,-67.668625
2017-01-15 00:08:00+00:00,-178.457123
2017-01-15 00:09:00+00:00,-177.363327
2017-01-15 00:10:00+00:00,-170.316956
2017-01-15 00:11:00+00:00,-170.935211
2017-01-15 00:12:00+00:00,-203.931015
2017-01-15 00:13:00+00:00,-239.641281
2017-01-15 00:14:00+00:00,-187.945938
2017-01-15 00:15:00+00:00,-262.073151
2017-01-15 00:16:00+00:00,-342.730682
2017-01-15 00:17:00+00:00,-279.912354
2017-01-15 00:18:00+00:00,-294.925781
2017-01-15 00:19:00+00:00,-322.456573
2017-01-15 00:20:00+00:00,-303.778137
2017-01-15 00:21:00+00:00,-312.823151
2017-01-15 00:22:00+00:00,-325.273285
2017-01-15 00:23:00+00:00,-316.488861
2017-01-15 00:24:00+00:00,-303.305878
2017-01-15 00:25:00+00:00,-298.286835
2017-01-15 00:26:00+00:00,-284.174957
2017-01-15 00:27:00+00:00,-275.401855
2017-01-15 00:28:00+00:00,-268.68045
2017-01-15 00:29:00+00:00,-254.337967
2017-01-15 00:30:00+00:00,-247.693344
2017-01-15 00:31:00+00:00,-237.548798
2017-01-15 00:32:00+00:00,-224.639084
2017-01-15 00:33:00+00:00,-223.93689
2017-01-15 00:34:00+00:00,-222.604355
2017-01-15 00:35:00+00:00,-222.858322
2017-01-15 00:36:00+00:00,-212.481033
2017-01-15 00:37:00+00:00,-213.055573
2017-01-15 00:38:00+00:00,-212.160049
2017-01-15 00:39:00+00:00,-200.619751
2017-01-15 00:40:00+00:00,-202.251633
2017-01-15 00:41:00+00:00,-204.718781
2017-01-15 00:42:00+00:00,-200.824722
2017-01-15 00:43:00+00:00,-206.631348
2017-01-15 00:44:00+00:00,-245.494537
2017-01-15 00:45:00+00:00,-260.893433
2017-01-15 00:46:00+00:00,-235.391327
2017-01-15 00:47:00+00:00,-256.754486
2017-01-15 00:48:00+00:00,-272.187042
2017-01-15 00:49:00+00:00,-282.365784
2017-01-15 00:50:00+00:00,-258.295654
2017-01-15 00:51:00+00:00,-212.777451
2017-01-15 00:52:00+00:00,-208.906921
2017-01-15 00:53:00+00:00,-258.122589
2017-01-15 00:54:00+00:00,-274.585571
2017-01-15 00:55:00+00:00,-298.946381
2017-01-15 00:56:00+00:00,-295.901276
2017-01-15 00:57:00+00:00,-304.406006
2017-01-15 00:58:00+00:00,-352.187531
2017-01-15 00:59:00+00:00,-364.755127
2017-01-15 01:00:00+00:00,-300.935791
2017-01-15 01:01:00+00:00,-302.687012
2017-01-15 01:02:00+00:00,-314.295929
2017-01-15 01:03:00+00:00,-270.590759
2017-01-15 01:04:00+00:00,-247.800903
2017-01-15 01:05:00+00:00,-234.509491
2017-01-15 01:06:00+00:00,-241.74942
2017-01-15 01:07:00+00:00,-219.130814
2017-01-15 01:08:00+00:00,-175.440857
2017-01-15 01:09:00+00:00,-186.721619
2017-01-15 01:10:00+00:00,-228.031769
2017-01-15 01:11:00+00:00,-213.756165
2017-01-15 01:12:00+00:00,-181.340561
2017-01-15 01:13:00+00:00,-158.608704
2017-01-15 01:14:00+00:00,-149.598145
2017-01-15 01:15:00+00:00,-149.294357
2017-01-15 01:16:00+00:00,-171.680969
2017-01-15 01:17:00+00:00,-179.925629
2017-01-15 01:18:00+00:00,-183.333145
2017-01-15 01:19:00+00:00,-183.820557
2017-01-15 01:20:00+00:00,-202.494415
2017-01-15 01:21:00+00:00,-186.336227
2017-01-15 01:22:00+00:00,-176.909546
2017-01-15 01:23:00+00:00,-190.776947
2017-01-15 01:24:00+00:00,-189.927795
2017-01-15 01:25:00+00:00,-178.276199
2017-01-15 01:26:00+00:00,-173.651367
2017-01-15 01:27:00+00:00,-165.329712
2017-01-15 01:28:00+00:00,-154.680496
2017-01-15 01:29:00+00:00,-156.807281
2017-01-15 01:30:00+00:00,-168.66687
2017-01-15 01:31:00+00:00,-172.199448
2017-01-15 01:32:00+00:00,-159.887238
2017-01-15 01:33:00+00:00,-147.827026
2017-01-15 01:34:00+00:00,-124.345108
2017-01-15 01:35:00+00:00,-126.503113
2017-01-15 01:36:00+00:00,-133.998428
2017-01-15 01:37:00+00:00,-126.069443
2017-01-15 01:38:00+00:00,-113.735809
2017-01-15 01:39:00+00:00,-127.409752
2017-01-15 01:40:00+00:00,-127.417549
2017-01-15 01:41:00+00:00,-127.029831
2017-01-15 01:42:00+00:00,-157.47966
2017-01-15 01:43:00+00:00,-215.356781
2017-01-15 01:44:00+00:00,-256.390717
2017-01-15 01:45:00+00:00,-276.01297
2017-01-15 01:46:00+00:00,-291.830261
2017-01-15 01:47:00+00:00,-270.707764
2017-01-15 01:48:00+00:00,-307.540924
2017-01-15 01:49:00+00:00,-323.724335
2017-01-15 01:50:00+00:00,-271.855652
2017-01-15 01:51:00+00:00,-272.932922
2017-01-15 01:52:00+00:00,-286.088043
2017-01-15 01:53:00+00:00,-266.020172
2017-01-15 01:54:00+00:00,-214.453018
2017-01-15 01:55:00+00:00,-197.27623
2017-01-15 01:56:00+00:00,-182.415573
2017-01-15 01:57:00+00:00,-184.150391
2017-01-15 01:58:00+00:00,-158.387115
2017-01-15 01:59:00+00:00,-150.123276
2017-01-15 02:00:00+00:00,-188.757706
2017-01-15 02:01:00+00:00,-208.77359
2017-01-15 02:02:00+00:00,-235.891739
2017-01-15 02:03:00+00:00,-254.322128
2017-01-15 02:04:00+00:00,-233.577454
2017-01-15 02:05:00+00:00,-218.250519
2017-01-15 02:06:00+00:00,-225.942856
2017-01-15 02:07:00+00:00,-222.556824
2017-01-15 02:08:00+00:00,-189.039719
2017-01-15 02:09:00+00:00,-149.182526
2017-01-15 02:10:00+00:00,-171.31633
2017-01-15 02:11:00+00:00,-183.937225
2017-01-15 02:12:00+00:00,-189.321564
2017-01-15 02:13:00+00:00,-195.114899
2017-01-15 02:14:00+00:00,-210.606262
2017-01-15 02:15:00+00:00,-205.404007
2017-01-15 02:16:00+00:00,-215.971161
2017-01-15 02:17:00+00:00,-178.426804
2017-01-15 02:18:00+00:00,-157.24263
2017-01-15 02:19:00+00:00,-149.469406
2017-01-15 02:20:00+00:00,-139.383514
2017-01-15 02:21:00+00:00,-131.177643
2017-01-15 02:22:00+00:00,-119.080391
2017-01-15 02:23:00+00:00,-151.717331
2017-01-15 02:24:00+00:00,-194.895111
2017-01-15 02:25:00+00:00,-168.935944
2017-01-15 02:26:00+00:00,-158.703125
2017-01-15 02:27:00+00:00,-160.033524
2017-01-15 02:28:00+00:00,-135.997452
2017-01-15 02:29:00+00:00,-126.573395
2017-01-15 02:30:00+00:00,-93.822868
2017-01-15 02:31:00+00:00,-83.661011
2017-01-15 02:32:00+00:00,-94.990318
2017-01-15 02:33:00+00:00,-84.456291
2017-01-15 02:34:00+00:00,-68.945618
2017-01-15 02:35:00+00:00,-61.601868
2017-01-15 02:36:00+00:00,-55.198456
2017-01-15 02:37:00+00:00,-54.329124
2017-01-15 02:38:00+00:00,-54.122772
2017-01-15 02:39:00+00:00,-53.697559
2017-01-15 02:40:00+00:00,-52.612625
2017-01-15 02:41:00+00:00,-58.196354
2017-01-15 02:42:00+00:00,-67.168205
2017-01-15 02:43:00+00:00,-87.217041
2017-01-15 02:44:00+00:00,-110.150574
2017-01-15 02:45:00+00:00,-118.974007
2017-01-15 02:46:00+00:00,-106.892853
2017-01-15 02:47:00+00:00,-142.461502
2017-01-22 00:00:00+00:00,-160.275085
2017-01-22 00:01:00+00:00,-149.137909
2017-01-22 00:02:00+00:00,-142.987915
2017-01-22 00:03:00+00:00,-142.453094
2017-01-22 00:04:00+00:00,-132.211212
2017-01-22 00:05:00+00:00,-124.782852
2017-01-22 00:06:00+00:00,-122.031334
2017-01-22 00:07:00+00:00,-118.165695
2017-01-22 00:08:00+00:00,-111.792442
2017-01-22 00:09:00+00:00,-107.32196
2017-01-22 00:10:00+00:00,-100.306976
2017-01-22 00:11:00+00:00,-96.703979
2017-01-22 00:12:00+00:00,-94.297501
2017-01-22 00:13:00+00:00,-98.668152
2017-01-22 00:14:00+00:00,-96.589615
2017-01-22 00:15:00+00:00,-105.583519
2017-01-22 00:16:00+00:00,-116.693855
2017-01-22 00:17:00+00:00,-124.250107
2017-01-22 00:18:00+00:00,-126.594131
2017-01-22 00:19:00+00:00,-130.436951
2017-01-22 00:20:00+00:00,-133.168259
2017-01-22 00:21:00+00:00,-128.822311
2017-01-22 00:22:00+00:00,-121.900154
2017-01-22 00:23:00+00:00,-123.930168
2017-01-22 00:24:00+00:00,-128.002579
2017-01-22 00:25:00+00:00,-134.168045
2017-01-22 00:26:00+00:00,-136.616852
2017-01-22 00:27:00+00:00,-143.617584
2017-01-22 00:28:00+00:00,-147.852921
2017-01-22 00:29:00+00:00,-144.095428
2017-01-22 00:30:00+00:00,-143.729019
2017-01-22 00:31:00+00:00,-152.049561
2017-01-22 00:32:00+00:00,-145.171844
2017-01-22 00:33:00+00:00,-141.285095
2017-01-22 00:34:00+00:00,-146.015213
2017-01-22 00:35:00+00:00,-166.377014
2017-01-22 00:36:00+00:00,-193.065399
2017-01-22 00:37:00+00:00,-214.609344
2017-01-22 00:38:00+00:00,-255.037399
2017-01-22 00:39:00+00:00,-266.322449
2017-01-22 00:40:00+00:00,-277.12384
2017-01-22 00:41:00+00:00,-320.104797
2017-01-22 00:42:00+00:00,-311.57901
2017-01-22 00:43:00+00:00,-311.135406
2017-01-22 00:44:00+00:00,-306.241089
2017-01-22 00:45:00+00:00,-316.001587
2017-01-22 00:46:00+00:00,-304.886871
2017-01-22 00:47:00+00:00,-303.743713
2017-01-22 00:48:00+00:00,-306.28421
2017-01-22 00:49:00+00:00,-323.467529
2017-01-22 00:50:00+00:00,-335.393402
2017-01-22 00:51:00+00:00,-327.961456
2017-01-22 00:52:00+00:00,-326.719391
2017-01-22 00:53:00+00:00,-338.376984
2017-01-22 00:54:00+00:00,-328.068176
2017-01-22 00:55:00+00:00,-304.715759
2017-01-22 00:56:00+00:00,-301.772766
2017-01-22 00:57:00+00:00,-293.578033
2017-01-22 00:58:00+00:00,-280.138458
2017-01-22 00:59:00+00:00,-280.428528
2017-01-22 01:00:00+00:00,-257.191895
2017-01-22 01:01:00+00:00,-238.83255
2017-01-22 01:02:00+00:00,-227.531509
2017-01-22 01:03:00+00:00,-203.539703
2017-01-22 01:04:00+00:00,-199.520142
2017-01-22 01:05:00+00:00,-222.162628
2017-01-22 01:06:00+00:00,-207.348862
2017-01-22 01:07:00+00:00,-240.177048
2017-01-22 01:08:00+00:00,-280.186401
2017-01-22 01:09:00+00:00,-366.653107
2017-01-22 01:10:00+00:00,-417.024536
2017-01-22 01:11:00+00:00,-391.76651
2017-01-22 01:12:00+00:00,-420.482117
2017-01-22 01:13:00+00:00,-352.960846
2017-01-22 01:14:00+00:00,-354.531799
2017-01-22 01:15:00+00:00,-311.690887
2017-01-22 01:16:00+00:00,-326.862976
2017-01-22 01:17:00+00:00,-303.568817
2017-01-22 01:18:00+00:00,-290.440826
2017-01-22 01:19:00+00:00,-283.301849
2017-01-22 01:20:00+00:00,-281.219971
2017-01-22 01:21:00+00:00,-252.674377
2017-01-22 01:22:00+00:00,-249.598114
2017-01-22 01:23:00+00:00,-258.28244
2017-01-22 01:24:00+00:00,-267.780457
2017-01-22 01:25:00+00:00,-281.537903
2017-01-22 01:26:00+00:00,-285.797668
2017-01-22 01:27:00+00:00,-297.81076
2017-01-22 01:28:00+00:00,-304.158356
2017-01-22 01:29:00+00:00,-312.58371
2017-01-22 01:30:00+00:00,-325.933533
2017-01-22 01:31:00+00:00,-315.725128
2017-01-22 01:32:00+00:00,-363.606506
2017-01-22 01:33:00+00:00,-386.597107
2017-01-22 01:34:00+00:00,-381.647125
2017-01-22 01:35:00+00:00,-373.551483
2017-01-22 01:36:00+00:00,-375.649994
2017-01-22 01:37:00+00:00,-370.753235
2017-01-22 01:38:00+00:00,-386.76825
2017-01-22 01:39:00+00:00,-406.272736
2017-01-22 01:40:00+00:00,-391.842163
2017-01-22 01:41:00+00:00,-394.728516
2017-01-22 01:42:00+00:00,-391.034271
2017-01-22 01:43:00+00:00,-389.331818
2017-01-22 01:44:00+00:00,-393.311676
2017-01-22 01:45:00+00:00,-382.935822
2017-01-22 01:46:00+00:00,-378.768768
2017-01-22 01:47:00+00:00,-404.170807
2017-01-22 01:48:00+00:00,-432.99939
2017-01-22 01:49:00+00:00,-445.110931
2017-01-22 01:50:00+00:00,-448.493713
2017-01-22 01:51:00+00:00,-445.977844
2017-01-22 01:52:00+00:00,-445.906036
2017-01-22 01:53:00+00:00,-438.405273
2017-01-22 01:54:00+00:00,-432.148407
2017-01-22 01:55:00+00:00,-432.91864
2017-01-22 01:56:00+00:00,-426.174042
2017-01-22 01:57:00+00:00,-385.490479
2017-01-22 01:58:00+00:00,-375.535431
2017-01-22 01:59:00+00:00,-368.398285
2017-01-22 02:00:00+00:00,-376.189331
2017-01-22 02:01:00+00:00,-381.31601
2017-01-22 02:02:00+00:00,-379.600983
2017-01-22 02:03:00+00:00,-396.206177
2017-01-22 02:04:00+00:00,-402.916779
2017-01-22 02:05:00+00:00,-412.751831
2017-01-22 02:06:00+00:00,-403.09259
2017-01-22 02:07:00+00:00,-398.617859
2017-01-22 02:08:00+00:00,-405.580017
2017-01-22 02:09:00+00:00,-396.314423
2017-01-22 02:10:00+00:00,-391.595978
2017-01-22 02:11:00+00:00,-405.506531
2017-01-22 02:12:00+00:00,-410.496826
2017-01-22 02:13:00+00:00,-402.875732
2017-01-22 02:14:00+00:00,-410.718018
2017-01-22 02:15:00+00:00,-431.2836
2017-01-22 02:16:00+00:00,-439.238556
2017-01-22 02:17:00+00:00,-452.388458
2017-01-22 02:18:00+00:00,-457.578064
2017-01-22 02:19:00+00:00,-467.451874
2017-01-22 02:20:00+00:00,-464.011841
2017-01-22 02:21:00+00:00,-442.80365
2017-01-22 02:22:00+00:00,-423.005493
2017-01-22 02:23:00+00:00,-392.334717
2017-01-22 02:24:00+00:00,-391.186584
2017-01-22 02:25:00+00:00,-383.986237
2017-01-22 02:26:00+00:00,-405.756226
2017-01-22 02:27:00+00:00,-427.575073
2017-01-22 02:28:00+00:00,-429.574066
2017-01-22 02:29:00+00:00,-417.382568
2017-01-22 02:30:00+00:00,-411.928528
2017-01-22 02:31:00+00:00,-420.810364
2017-01-22 02:32:00+00:00,-414.245605
2017-01-22 02:33:00+00:00,-389.635468
2017-01-22 02:34:00+00:00,-385.313477
2017-01-22 02:35:00+00:00,-384.562683
2017-01-22 02:36:00+00:00,-376.620819
2017-01-22 02:37:00+00:00,-355.405334
2017-01-22 02:38:00+00:00,-351.777771
2017-01-22 02:39:00+00:00,-351.091003
2017-01-22 02:40:00+00:00,-346.75354
2017-01-22 02:41:00+00:00,-356.906708
2017-01-22 02:42:00+00:00,-347.69928
2017-01-22 02:43:00+00:00,-347.960449
2017-01-22 02:44:00+00:00,-357.752625
2017-01-22 02:45:00+00:00,-360.199829
2017-01-22 02:46:00+00:00,-358.071014
2017-01-22 02:47:00+00:00,-340.434509
2017-01-29 00:00:00+00:00,-82.801788
2017-01-29 00:01:00+00:00,-80.717941
2017-01-29 00:02:00+00:00,-83.871391
2017-01-29 00:03:00+00:00,-84.534683
2017-01-29 00:04:00+00:00,-82.396408
2017-01-29 00:05:00+00:00,-80.848259
2017-01-29 00:06:00+00:00,-77.55732
2017-01-29 00:07:00+00:00,-75.462173
2017-01-29 00:08:00+00:00,-73.356857
2017-01-29 00:09:00+00:00,-70.53054
2017-01-29 00:10:00+00:00,-68.025307
2017-01-29 00:11:00+00:00,-64.439133
2017-01-29 00:12:00+00:00,-61.686707
2017-01-29 00:13:00+00:00,-59.505661
2017-01-29 00:14:00+00:00,-60.789646
2017-01-29 00:15:00+00:00,-60.868839
2017-01-29 00:16:00+00:00,-56.152519
2017-01-29 00:17:00+00:00,-55.52457
2017-01-29 00:18:00+00:00,-56.075912
2017-01-29 00:19:00+00:00,-54.622074
2017-01-29 00:20:00+00:00,-50.943424
2017-01-29 00:21:00+00:00,-52.862331
2017-01-29 00:22:00+00:00,-53.015606
2017-01-29 00:23:00+00:00,-49.676785
2017-01-29 00:24:00+00:00,-45.074322
2017-01-29 00:25:00+00:00,-42.579899
2017-01-29 00:26:00+00:00,-44.01503
2017-01-29 00:27:00+00:00,-46.189224
2017-01-29 00:28:00+00:00,-46.931091
2017-01-29 00:29:00+00:00,-46.000164
2017-01-29 00:30:00+00:00,-45.18623
2017-01-29 00:31:00+00:00,-42.971802
2017-01-29 00:32:00+00:00,-40.969292
2017-01-29 00:33:00+00:00,-41.552666
2017-01-29 00:34:00+00:00,-38.642406
2017-01-29 00:35:00+00:00,-33.715393
2017-01-29 00:36:00+00:00,-30.642605
2017-01-29 00:37:00+00:00,-35.186741
2017-01-29 00:38:00+00:00,-34.347416
2017-01-29 00:39:00+00:00,-27.475483
2017-01-29 00:40:00+00:00,-28.696077
2017-01-29 00:41:00+00:00,-31.453203
2017-01-29 00:42:00+00:00,-30.790676
2017-01-29 00:43:00+00:00,-33.056213
2017-01-29 00:44:00+00:00,-32.575985
2017-01-29 00:45:00+00:00,-32.931038
2017-01-29 00:46:00+00:00,-33.239536
2017-01-29 00:47:00+00:00,-40.449024
2017-01-29 00:48:00+00:00,-50.580288
2017-01-29 00:49:00+00:00,-50.369431
2017-01-29 00:50:00+00:00,-48.083054
2017-01-29 00:51:00+00:00,-33.130344
2017-01-29 00:52:00+00:00,-26.802153
2017-01-29 00:53:00+00:00,-24.315929
2017-01-29 00:54:00+00:00,-24.436447
2017-01-29 00:55:00+00:00,-24.526007
2017-01-29 00:56:00+00:00,-26.793671
2017-01-29 00:57:00+00:00,-25.630877
2017-01-29 00:58:00+00:00,-25.854109
2017-01-29 00:59:00+00:00,-24.239523
2017-01-29 01:00:00+00:00,-31.385569
2017-01-29 01:01:00+00:00,-36.761101
2017-01-29 01:02:00+00:00,-39.111145
2017-01-29 01:03:00+00:00,-31.568693
2017-01-29 01:04:00+00:00,-30.277306
2017-01-29 01:05:00+00:00,-35.933395
2017-01-29 01:06:00+00:00,-33.238052
2017-01-29 01:07:00+00:00,-24.786995
2017-01-29 01:08:00+00:00,-26.088486
2017-01-29 01:09:00+00:00,-28.841438
2017-01-29 01:10:00+00:00,-36.168259
2017-01-29 01:11:00+00:00,-33.395138
2017-01-29 01:12:00+00:00,-30.518291
2017-01-29 01:13:00+00:00,-29.514992
2017-01-29 01:14:00+00:00,-31.586639
2017-01-29 01:15:00+00:00,-30.369452
2017-01-29 01:16:00+00:00,-34.396282
2017-01-29 01:17:00+00:00,-33.020802
2017-01-29 01:18:00+00:00,-39.052864
2017-01-29 01:19:00+00:00,-48.791321
2017-01-29 01:20:00+00:00,-51.282085
2017-01-29 01:21:00+00:00,-49.362083
2017-01-29 01:22:00+00:00,-44.766685
2017-01-29 01:23:00+00:00,-42.001766
2017-01-29 01:24:00+00:00,-41.429646
2017-01-29 01:25:00+00:00,-56.458542
2017-01-29 01:26:00+00:00,-70.410164
2017-01-29 01:27:00+00:00,-97.546417
2017-01-29 01:28:00+00:00,-127.120644
2017-01-29 01:29:00+00:00,-166.78804
2017-01-29 01:30:00+00:00,-203.345444
2017-01-29 01:31:00+00:00,-219.189835
2017-01-29 01:32:00+00:00,-292.892914
2017-01-29 01:33:00+00:00,-221.50769
2017-01-29 01:34:00+00:00,-265.394623
2017-01-29 01:35:00+00:00,-237.50795
2017-01-29 01:36:00+00:00,-217.21991
2017-01-29 01:37:00+00:00,-216.151688
2017-01-29 01:38:00+00:00,-189.049316
2017-01-29 01:39:00+00:00,-192.680756
2017-01-29 01:40:00+00:00,-218.619003
2017-01-29 01:41:00+00:00,-326.537994
2017-01-29 01:42:00+00:00,-320.509491
2017-01-29 01:43:00+00:00,-281.986816
2017-01-29 01:44:00+00:00,-264.588226
2017-01-29 01:45:00+00:00,-270.637146
2017-01-29 01:46:00+00:00,-244.899292
2017-01-29 01:47:00+00:00,-326.395325
2017-01-29 01:48:00+00:00,-351.498077
2017-01-29 01:49:00+00:00,-444.557404
2017-01-29 01:50:00+00:00,-356.732391
2017-01-29 01:51:00+00:00,-299.131409
2017-01-29 01:52:00+00:00,-343.342834
2017-01-29 01:53:00+00:00,-279.220306
2017-01-29 01:54:00+00:00,-236.873428
2017-01-29 01:55:00+00:00,-318.967224
2017-01-29 01:56:00+00:00,-431.680389
2017-01-29 01:57:00+00:00,-434.811829
2017-01-29 01:58:00+00:00,-355.430511
2017-01-29 01:59:00+00:00,-355.427063
2017-01-29 02:00:00+00:00,-433.595276
2017-01-29 02:01:00+00:00,-382.830811
2017-01-29 02:02:00+00:00,-371.919891
2017-01-29 02:03:00+00:00,-273.027557
2017-01-29 02:04:00+00:00,-261.833588
2017-01-29 02:05:00+00:00,-321.924683
2017-01-29 02:06:00+00:00,-351.925079
2017-01-29 02:07:00+00:00,-251.305542
2017-01-29 02:08:00+00:00,-209.902283
2017-01-29 02:09:00+00:00,-199.298264
2017-01-29 02:10:00+00:00,-191.243622
2017-01-29 02:11:00+00:00,-174.116364
2017-01-29 02:12:00+00:00,-189.282501
2017-01-29 02:13:00+00:00,-202.613861
2017-01-29 02:14:00+00:00,-185.018188
2017-01-29 02:15:00+00:00,-154.888306
2017-01-29 02:16:00+00:00,-154.353607
2017-01-29 02:17:00+00:00,-156.883881
2017-01-29 02:18:00+00:00,-153.028351
2017-01-29 02:19:00+00:00,-138.665985
2017-01-29 02:20:00+00:00,-112.807625
2017-01-29 02:21:00+00:00,-134.518433
2017-01-29 02:22:00+00:00,-171.570038
2017-01-29 02:23:00+00:00,-205.532486
2017-01-29 02:24:00+00:00,-161.382584
2017-01-29 02:25:00+00:00,-128.866776
2017-01-29 02:26:00+00:00,-144.019485
2017-01-29 02:27:00+00:00,-143.734909
2017-01-29 02:28:00+00:00,-125.062141
2017-01-29 02:29:00+00:00,-119.541344
2017-01-29 02:30:00+00:00,-133.165283
2017-01-29 02:31:00+00:00,-177.299942
2017-01-29 02:32:00+00:00,-193.659973
2017-01-29 02:33:00+00:00,-174.218124
2017-01-29 02:34:00+00:00,-190.718353
2017-01-29 02:35:00+00:00,-163.618042
2017-01-29 02:36:00+00:00,-170.089691
2017-01-29 02:37:00+00:00,-246.212219
2017-01-29 02:38:00+00:00,-267.875336
2017-01-29 02:39:00+00:00,-255.691422
2017-01-29 02:40:00+00:00,-204.460342
2017-01-29 02:41:00+00:00,-235.541595
2017-01-29 02:42:00+00:00,-196.375885
2017-01-29 02:43:00+00:00,-223.86937
2017-01-29 02:44:00+00:00,-240.801331
2017-01-29 02:45:00+00:00,-214.001343
2017-01-29 02:46:00+00:00,-185.066574
2017-01-29 02:47:00+00:00,-194.588242
2017-02-05 00:00:00+00:00,-366.175293
2017-02-05 00:01:00+00:00,-375.076263
2017-02-05 00:02:00+00:00,-383.938446
2017-02-05 00:03:00+00:00,-393.011841
2017-02-05 00:04:00+00:00,-376.326996
2017-02-05 00:05:00+00:00,-355.505524
2017-02-05 00:06:00+00:00,-336.356537
2017-02-05 00:07:00+00:00,-326.833405
2017-02-05 00:08:00+00:00,-338.741791
2017-02-05 00:09:00+00:00,-329.501648
2017-02-05 00:10:00+00:00,-321.295807
2017-02-05 00:11:00+00:00,-321.22168
2017-02-05 00:12:00+00:00,-317.149658
2017-02-05 00:13:00+00:00,-312.428986
2017-02-05 00:14:00+00:00,-302.92038
2017-02-05 00:15:00+00:00,-302.071716
2017-02-05 00:16:00+00:00,-283.677307
2017-02-05 00:17:00+00:00,-275.952637
2017-02-05 00:18:00+00:00,-274.216675
2017-02-05 00:19:00+00:00,-265.482574
2017-02-05 00:20:00+00:00,-268.026733
2017-02-05 00:21:00+00:00,-274.271942
2017-02-05 00:22:00+00:00,-284.576599
2017-02-05 00:23:00+00:00,-285.511017
2017-02-05 00:24:00+00:00,-283.113281
2017-02-05 00:25:00+00:00,-266.6651
2017-02-05 00:26:00+00:00,-361.734161
2017-02-05 00:27:00+00:00,-326.450256
2017-02-05 00:28:00+00:00,-303.603668
2017-02-05 00:29:00+00:00,-343.163116
2017-02-05 00:30:00+00:00,-265.216095
2017-02-05 00:31:00+00:00,-260.676758
2017-02-05 00:32:00+00:00,-267.011688
2017-02-05 00:33:00+00:00,-268.408875
2017-02-05 00:34:00+00:00,-257.750793
2017-02-05 00:35:00+00:00,-230.21965
2017-02-05 00:36:00+00:00,-223.580246
2017-02-05 00:37:00+00:00,-228.423004
2017-02-05 00:38:00+00:00,-216.072906
2017-02-05 00:39:00+00:00,-221.847809
2017-02-05 00:40:00+00:00,-231.711365
2017-02-05 00:41:00+00:00,-240.261108
2017-02-05 00:42:00+00:00,-259.759766
2017-02-05 00:43:00+00:00,-260.940674
2017-02-05 00:44:00+00:00,-250.042068
2017-02-05 00:45:00+00:00,-238.240204
2017-02-05 00:46:00+00:00,-252.84201
2017-02-05 00:47:00+00:00,-263.392883
2017-02-05 00:48:00+00:00,-265.563538
2017-02-05 00:49:00+00:00,-258.022308
2017-02-05 00:50:00+00:00,-236.278336
2017-02-05 00:51:00+00:00,-232.524277
2017-02-05 00:52:00+00:00,-243.185837
2017-02-05 00:53:00+00:00,-237.27742
2017-02-05 00:54:00+00:00,-260.231201
2017-02-05 00:55:00+00:00,-283.732483
2017-02-05 00:56:00+00:00,-329.239471
2017-02-05 00:57:00+00:00,-333.520874
2017-02-05 00:58:00+00:00,-351.867981
2017-02-05 00:59:00+00:00,-377.677795
2017-02-05 01:00:00+00:00,-357.221741
2017-02-05 01:01:00+00:00,-349.770996
2017-02-05 01:02:00+00:00,-402.414734
2017-02-05 01:03:00+00:00,-464.062164
2017-02-05 01:04:00+00:00,-393.96698
2017-02-05 01:05:00+00:00,-404.533173
2017-02-05 01:06:00+00:00,-436.47464
2017-02-05 01:07:00+00:00,-425.383331
2017-02-05 01:08:00+00:00,-412.058777
2017-02-05 01:09:00+00:00,-387.278107
2017-02-05 01:10:00+00:00,-382.817657
2017-02-05 01:11:00+00:00,-397.430328
2017-02-05 01:12:00+00:00,-394.503784
2017-02-05 01:13:00+00:00,-398.506287
2017-02-05 01:14:00+00:00,-415.351135
2017-02-05 01:15:00+00:00,-429.643707
2017-02-05 01:16:00+00:00,-430.066315
2017-02-05 01:17:00+00:00,-400.33194
2017-02-05 01:18:00+00:00,-377.574402
2017-02-05 01:19:00+00:00,-351.546936
2017-02-05 01:20:00+00:00,-354.077454
2017-02-05 01:21:00+00:00,-354.235077
2017-02-05 01:22:00+00:00,-341.530823
2017-02-05 01:23:00+00:00,-323.434082
2017-02-05 01:24:00+00:00,-313.227112
2017-02-05 01:25:00+00:00,-306.01123
2017-02-05 01:26:00+00:00,-305.460693
2017-02-05 01:27:00+00:00,-297.873657
2017-02-05 01:28:00+00:00,-272.999573
2017-02-05 01:29:00+00:00,-272.954895
2017-02-05 01:30:00+00:00,-277.742096
2017-02-05 01:31:00+00:00,-275.533936
2017-02-05 01:32:00+00:00,-278.952515
2017-02-05 01:33:00+00:00,-269.193481
2017-02-05 01:34:00+00:00,-258.975555
2017-02-05 01:35:00+00:00,-254.662796
2017-02-05 01:36:00+00:00,-254.380295
2017-02-05 01:37:00+00:00,-255.358795
2017-02-05 01:38:00+00:00,-272.410736
2017-02-05 01:39:00+00:00,-274.878967
2017-02-05 01:40:00+00:00,-274.059753
2017-02-05 01:41:00+00:00,-275.88974
2017-02-05 01:42:00+00:00,-271.275116
2017-02-05 01:43:00+00:00,-271.746429
2017-02-05 01:44:00+00:00,-287.59845
2017-02-05 01:45:00+00:00,-285.969482
2017-02-05 01:46:00+00:00,-270.527924
2017-02-05 01:47:00+00:00,-273.967987
2017-02-05 01:48:00+00:00,-278.833405
2017-02-05 01:49:00+00:00,-296.883057
2017-02-05 01:50:00+00:00,-302.252197
2017-02-05 01:51:00+00:00,-305.403931
2017-02-05 01:52:00+00:00,-309.503265
2017-02-05 01:53:00+00:00,-309.32077
2017-02-05 01:54:00+00:00,-305.337097
2017-02-05 01:55:00+00:00,-281.913513
2017-02-05 01:56:00+00:00,-265.107727
2017-02-05 01:57:00+00:00,-258.960815
2017-02-05 01:58:00+00:00,-239.48439
2017-02-05 01:59:00+00:00,-225.053513
2017-02-05 02:00:00+00:00,-215.219025
2017-02-05 02:01:00+00:00,-217.477997
2017-02-05 02:02:00+00:00,-228.519272
2017-02-05 02:03:00+00:00,-225.220825
2017-02-05 02:04:00+00:00,-223.217499
2017-02-05 02:05:00+00:00,-227.989838
2017-02-05 02:06:00+00:00,-228.845856
2017-02-05 02:07:00+00:00,-214.834015
2017-02-05 02:08:00+00:00,-216.82048
2017-02-05 02:09:00+00:00,-231.408005
2017-02-05 02:10:00+00:00,-225.207245
2017-02-05 02:11:00+00:00,-211.876358
2017-02-05 02:12:00+00:00,-212.264969
2017-02-05 02:13:00+00:00,-206.697098
2017-02-05 02:14:00+00:00,-191.040054
2017-02-05 02:15:00+00:00,-183.642502
2017-02-05 02:16:00+00:00,-184.097168
2017-02-05 02:17:00+00:00,-184.959457
2017-02-05 02:18:00+00:00,-185.377335
2017-02-05 02:19:00+00:00,-199.718933
2017-02-05 02:20:00+00:00,-218.522064
2017-02-05 02:21:00+00:00,-236.6884
2017-02-05 02:22:00+00:00,-245.428268
2017-02-05 02:23:00+00:00,-247.439301
2017-02-05 02:24:00+00:00,-266.470001
2017-02-05 02:25:00+00:00,-269.332184
2017-02-05 02:26:00+00:00,-265.154297
2017-02-05 02:27:00+00:00,-251.273483
2017-02-05 02:28:00+00:00,-221.34462
2017-02-05 02:29:00+00:00,-211.332748
2017-02-05 02:30:00+00:00,-207.440598
2017-02-05 02:31:00+00:00,-193.673935
2017-02-05 02:32:00+00:00,-187.707504
2017-02-05 02:33:00+00:00,-196.85614
2017-02-05 02:34:00+00:00,-191.794601
2017-02-05 02:35:00+00:00,-219.158508
2017-02-05 02:36:00+00:00,-223.673706
2017-02-05 02:37:00+00:00,-203.840012
2017-02-05 02:38:00+00:00,-184.774673
2017-02-05 02:39:00+00:00,-176.527451
2017-02-05 02:40:00+00:00,-167.940262
2017-02-05 02:41:00+00:00,-163.394241
2017-02-05 02:42:00+00:00,-163.231873
2017-02-05 02:43:00+00:00,-163.888809
2017-02-05 02:44:00+00:00,-164.622604
2017-02-05 02:45:00+00:00,-161.298126
2017-02-05 02:46:00+00:00,-153.580154
2017-02-05 02:47:00+00:00,-149.416367
2017-02-12 00:00:00+00:00,-20.627537
2017-02-12 00:01:00+00:00,-19.665045
2017-02-12 00:02:00+00:00,-19.840357
2017-02-12 00:03:00+00:00,-19.715191
2017-02-12 00:04:00+00:00,-19.415615
2017-02-12 00:05:00+00:00,-17.802788
2017-02-12 00:06:00+00:00,-16.459063
2017-02-12 00:07:00+00:00,-16.131254
2017-02-12 00:08:00+00:00,-17.13266
2017-02-12 00:09:00+00:00,-18.651293
2017-02-12 00:10:00+00:00,-19.852837
2017-02-12 00:11:00+00:00,-20.793743
2017-02-12 00:12:00+00:00,-20.40209
2017-02-12 00:13:00+00:00,-19.743898
2017-02-12 00:14:00+00:00,-19.957216
2017-02-12 00:15:00+00:00,-20.439304
2017-02-12 00:16:00+00:00,-21.127447
2017-02-12 00:17:00+00:00,-20.972208
2017-02-12 00:18:00+00:00,-20.907753
2017-02-12 00:19:00+00:00,-20.619999
2017-02-12 00:20:00+00:00,-20.754042
2017-02-12 00:21:00+00:00,-21.016315
2017-02-12 00:22:00+00:00,-20.887848
2017-02-12 00:23:00+00:00,-20.607302
2017-02-12 00:24:00+00:00,-20.502384
2017-02-12 00:25:00+00:00,-21.376211
2017-02-12 00:26:00+00:00,-21.947115
2017-02-12 00:27:00+00:00,-22.22817
2017-02-12 00:28:00+00:00,-22.245331
2017-02-12 00:29:00+00:00,-24.998894
2017-02-12 00:30:00+00:00,-48.089928
2017-02-12 00:31:00+00:00,-20.250134
2017-02-12 00:32:00+00:00,-19.327202
2017-02-12 00:33:00+00:00,-18.918896
2017-02-12 00:34:00+00:00,-18.377169
2017-02-12 00:35:00+00:00,-18.287262
2017-02-12 00:36:00+00:00,-18.004866
2017-02-12 00:37:00+00:00,-18.866737
2017-02-12 00:38:00+00:00,-20.506266
2017-02-12 00:39:00+00:00,-21.56171
2017-02-12 00:40:00+00:00,-22.696575
2017-02-12 00:41:00+00:00,-22.665318
2017-02-12 00:42:00+00:00,-21.301342
2017-02-12 00:43:00+00:00,-21.019604
2017-02-12 00:44:00+00:00,-20.914867
2017-02-12 00:45:00+00:00,-21.128386
2017-02-12 00:46:00+00:00,-21.041645
2017-02-12 00:47:00+00:00,-20.595707
2017-02-12 00:48:00+00:00,-20.862167
2017-02-12 00:49:00+00:00,-21.660986
2017-02-12 00:50:00+00:00,-22.461338
2017-02-12 00:51:00+00:00,-23.024548
2017-02-12 00:52:00+00:00,-22.027973
2017-02-12 00:53:00+00:00,-20.180038
2017-02-12 00:54:00+00:00,-63.313126
2017-02-12 00:55:00+00:00,-53.92168
2017-02-12 00:56:00+00:00,-30.3992
2017-02-12 00:57:00+00:00,-21.611042
2017-02-12 00:58:00+00:00,-24.869656
2017-02-12 00:59:00+00:00,-30.069727
2017-02-12 01:00:00+00:00,-46.53791
2017-02-12 01:01:00+00:00,-54.293846
2017-02-12 01:02:00+00:00,-47.502449
2017-02-12 01:03:00+00:00,-55.310036
2017-02-12 01:04:00+00:00,-65.412148
2017-02-12 01:05:00+00:00,-65.225571
2017-02-12 01:06:00+00:00,-62.888264
2017-02-12 01:07:00+00:00,-59.799412
2017-02-12 01:08:00+00:00,-74.408508
2017-02-12 01:09:00+00:00,-100.421371
2017-02-12 01:10:00+00:00,-107.546303
2017-02-12 01:11:00+00:00,-88.72345
2017-02-12 01:12:00+00:00,-108.98246
2017-02-12 01:13:00+00:00,-132.563248
2017-02-12 01:14:00+00:00,-129.12439
2017-02-12 01:15:00+00:00,-131.158401
2017-02-12 01:16:00+00:00,-120.201744
2017-02-12 01:17:00+00:00,-116.433533
2017-02-12 01:18:00+00:00,-118.276215
2017-02-12 01:19:00+00:00,-114.64238
2017-02-12 01:20:00+00:00,-99.446609
2017-02-12 01:21:00+00:00,-98.753868
2017-02-12 01:22:00+00:00,-92.781456
2017-02-12 01:23:00+00:00,-88.46154
2017-02-12 01:24:00+00:00,-86.797516
2017-02-12 01:25:00+00:00,-82.716721
2017-02-12 01:26:00+00:00,-77.087738
2017-02-12 01:27:00+00:00,-74.818413
2017-02-12 01:28:00+00:00,-71.873962
2017-02-12 01:29:00+00:00,-64.250183
2017-02-12 01:30:00+00:00,-54.098618
2017-02-12 01:31:00+00:00,-43.172295
2017-02-12 01:32:00+00:00,-37.365707
2017-02-12 01:33:00+00:00,-32.902809
2017-02-12 01:34:00+00:00,-26.37792
2017-02-12 01:35:00+00:00,-20.498108
2017-02-12 01:36:00+00:00,-20.341066
2017-02-12 01:37:00+00:00,-20.263268
2017-02-12 01:38:00+00:00,-20.267714
2017-02-12 01:39:00+00:00,-20.52586
2017-02-12 01:40:00+00:00,-21.120159
2017-02-12 01:41:00+00:00,-33.855492
2017-02-12 01:42:00+00:00,-44.654823
2017-02-12 01:43:00+00:00,-43.0467
2017-02-12 01:44:00+00:00,-50.256912
2017-02-12 01:45:00+00:00,-49.565109
2017-02-12 01:46:00+00:00,-37.517494
2017-02-12 01:47:00+00:00,-41.338943
2017-02-12 01:48:00+00:00,-41.462219
2017-02-12 01:49:00+00:00,-54.276833
2017-02-12 01:50:00+00:00,-57.330616
2017-02-12 01:51:00+00:00,-64.249519
2017-02-12 01:52:00+00:00,-61.510635
2017-02-12 01:53:00+00:00,-44.17683
2017-02-12 01:54:00+00:00,-28.478613
2017-02-12 01:55:00+00:00,-27.961233
2017-02-12 01:56:00+00:00,-22.283749
2017-02-12 01:57:00+00:00,-19.938345
2017-02-12 01:58:00+00:00,-19.288752
2017-02-12 01:59:00+00:00,-18.964611
2017-02-12 02:00:00+00:00,-18.579971
2017-02-12 02:01:00+00:00,-18.810377
2017-02-12 02:02:00+00:00,-24.159264
2017-02-12 02:03:00+00:00,-79.311493
2017-02-12 02:04:00+00:00,-76.635567
2017-02-12 02:05:00+00:00,-70.278381
2017-02-12 02:06:00+00:00,-83.587555
2017-02-12 02:07:00+00:00,-89.234344
2017-02-12 02:08:00+00:00,-87.529945
2017-02-12 02:09:00+00:00,-88.744148
2017-02-12 02:10:00+00:00,-129.697525
2017-02-12 02:11:00+00:00,-153.637299
2017-02-12 02:12:00+00:00,-165.673706
2017-02-12 02:13:00+00:00,-193.31665
2017-02-12 02:14:00+00:00,-196.326752
2017-02-12 02:15:00+00:00,-184.652313
2017-02-12 02:16:00+00:00,-166.711395
2017-02-12 02:17:00+00:00,-129.985321
2017-02-12 02:18:00+00:00,-108.347267
2017-02-12 02:19:00+00:00,-105.582275
2017-02-12 02:20:00+00:00,-108.688522
2017-02-12 02:21:00+00:00,-116.647339
2017-02-12 02:22:00+00:00,-115.285034
2017-02-12 02:23:00+00:00,-85.513596
2017-02-12 02:24:00+00:00,-66.133728
2017-02-12 02:25:00+00:00,-46.017895
2017-02-12 02:26:00+00:00,-36.307137
2017-02-12 02:27:00+00:00,-36.304016
2017-02-12 02:28:00+00:00,-35.517467
2017-02-12 02:29:00+00:00,-34.095146
2017-02-12 02:30:00+00:00,-27.043472
2017-02-12 02:31:00+00:00,-29.274563
2017-02-12 02:32:00+00:00,-30.784481
2017-02-12 02:33:00+00:00,-30.706409
2017-02-12 02:34:00+00:00,-30.189533
2017-02-12 02:35:00+00:00,-30.733002
2017-02-12 02:36:00+00:00,-32.36298
2017-02-12 02:37:00+00:00,-35.7407
2017-02-12 02:38:00+00:00,-36.847435
2017-02-12 02:39:00+00:00,-34.238914
2017-02-12 02:40:00+00:00,-30.769497
2017-02-12 02:41:00+00:00,-29.1814
2017-02-12 02:42:00+00:00,-28.73233
2017-02-12 02:43:00+00:00,-25.799246
2017-02-12 02:44:00+00:00,-24.309669
2017-02-12 02:45:00+00:00,-24.742144
2017-02-12 02:46:00+00:00,-23.278709
2017-02-12 02:47:00+00:00,-19.251051
2017-02-19 00:00:00+00:00,-336.936951
2017-02-19 00:01:00+00:00,-343.051239
2017-02-19 00:02:00+00:00,-339.812378
2017-02-19 00:03:00+00:00,-342.219513
2017-02-19 00:04:00+00:00,-361.813019
2017-02-19 00:05:00+00:00,-372.450928
2017-02-19 00:06:00+00:00,-342.448975
2017-02-19 00:07:00+00:00,-305.614899
2017-02-19 00:08:00+00:00,-304.450043
2017-02-19 00:09:00+00:00,-321.765594
2017-02-19 00:10:00+00:00,-365.815002
2017-02-19 00:11:00+00:00,-395.206421
2017-02-19 00:12:00+00:00,-449.272461
2017-02-19 00:13:00+00:00,-402.675201
2017-02-19 00:14:00+00:00,-367.305237
2017-02-19 00:15:00+00:00,-401.377411
2017-02-19 00:16:00+00:00,-426.688507
2017-02-19 00:17:00+00:00,-429.248749
2017-02-19 00:18:00+00:00,-399.642365
2017-02-19 00:19:00+00:00,-383.544922
2017-02-19 00:20:00+00:00,-373.687805
2017-02-19 00:21:00+00:00,-333.17038
2017-02-19 00:22:00+00:00,-322.212646
2017-02-19 00:23:00+00:00,-329.230774
2017-02-19 00:24:00+00:00,-325.265015
2017-02-19 00:25:00+00:00,-313.734131
2017-02-19 00:26:00+00:00,-300.057281
2017-02-19 00:27:00+00:00,-299.62439
2017-02-19 00:28:00+00:00,-291.950623
2017-02-19 00:29:00+00:00,-302.520844
2017-02-19 00:30:00+00:00,-310.6073
2017-02-19 00:31:00+00:00,-295.710999
2017-02-19 00:32:00+00:00,-268.117432
2017-02-19 00:33:00+00:00,-269.146454
2017-02-19 00:34:00+00:00,-270.119934
2017-02-19 00:35:00+00:00,-262.071045
2017-02-19 00:36:00+00:00,-252.103378
2017-02-19 00:37:00+00:00,-232.190063
2017-02-19 00:38:00+00:00,-222.976288
2017-02-19 00:39:00+00:00,-239.466995
2017-02-19 00:40:00+00:00,-220.533829
2017-02-19 00:41:00+00:00,-206.798004
2017-02-19 00:42:00+00:00,-199.742294
2017-02-19 00:43:00+00:00,-192.5513
2017-02-19 00:44:00+00:00,-182.966232
2017-02-19 00:45:00+00:00,-186.057068
2017-02-19 00:46:00+00:00,-194.091278
2017-02-19 00:47:00+00:00,-164.680588
2017-02-19 00:48:00+00:00,-159.403641
2017-02-19 00:49:00+00:00,-171.435562
2017-02-19 00:50:00+00:00,-169.591766
2017-02-19 00:51:00+00:00,-192.691513
2017-02-19 00:52:00+00:00,-164.810928
2017-02-19 00:53:00+00:00,-148.855667
2017-02-19 00:54:00+00:00,-188.772568
2017-02-19 00:55:00+00:00,-139.715607
2017-02-19 00:56:00+00:00,-118.262604
2017-02-19 00:57:00+00:00,-111.578789
2017-02-19 00:58:00+00:00,-113.513451
2017-02-19 00:59:00+00:00,-114.449821
2017-02-19 01:00:00+00:00,-94.470291
2017-02-19 01:01:00+00:00,-88.932198
2017-02-19 01:02:00+00:00,-89.291107
2017-02-19 01:03:00+00:00,-96.190956
2017-02-19 01:04:00+00:00,-114.537926
2017-02-19 01:05:00+00:00,-117.407166
2017-02-19 01:06:00+00:00,-109.421684
2017-02-19 01:07:00+00:00,-104.404816
2017-02-19 01:08:00+00:00,-98.771538
2017-02-19 01:09:00+00:00,-88.608864
2017-02-19 01:10:00+00:00,-77.569008
2017-02-19 01:11:00+00:00,-63.187702
2017-02-19 01:12:00+00:00,-57.030548
2017-02-19 01:13:00+00:00,-48.114189
2017-02-19 01:14:00+00:00,-41.083179
2017-02-19 01:15:00+00:00,-46.893539
2017-02-19 01:16:00+00:00,-67.886955
2017-02-19 01:17:00+00:00,-67.879105
2017-02-19 01:18:00+00:00,-56.870132
2017-02-19 01:19:00+00:00,-59.863815
2017-02-19 01:20:00+00:00,-61.860218
2017-02-19 01:21:00+00:00,-74.863205
2017-02-19 01:22:00+00:00,-87.864944
2017-02-19 01:23:00+00:00,-93.873291
2017-02-19 01:24:00+00:00,-90.882278
2017-02-19 01:25:00+00:00,-78.164948
2017-02-19 01:26:00+00:00,-72.26223
2017-02-19 01:27:00+00:00,-72.917404
2017-02-19 01:28:00+00:00,-78.937012
2017-02-19 01:29:00+00:00,-90.947357
2017-02-19 01:30:00+00:00,-105.97023
2017-02-19 01:31:00+00:00,-88.992279
2017-02-19 01:32:00+00:00,-97.030121
2017-02-19 01:33:00+00:00,-97.063644
2017-02-19 01:34:00+00:00,-83.106895
2017-02-19 01:35:00+00:00,-110.141602
2017-02-19 01:36:00+00:00,-135.195587
2017-02-19 01:37:00+00:00,-137.260254
2017-02-19 01:38:00+00:00,-126.326416
2017-02-19 01:39:00+00:00,-111.381454
2017-02-19 01:40:00+00:00,-120.433868
2017-02-19 01:41:00+00:00,-119.494385
2017-02-19 01:42:00+00:00,-120.555954
2017-02-19 01:43:00+00:00,-117.623871
2017-02-19 01:44:00+00:00,-108.701401
2017-02-19 01:45:00+00:00,-94.77964
2017-02-19 01:46:00+00:00,-68.853531
2017-02-19 01:47:00+00:00,-75.920082
2017-02-19 01:48:00+00:00,-88.995667
2017-02-19 01:49:00+00:00,-64.083214
2017-02-19 01:50:00+00:00,-48.161922
2017-02-19 01:51:00+00:00,-53.240639
2017-02-19 01:52:00+00:00,-62.32
2017-02-19 01:53:00+00:00,-48.399124
2017-02-19 01:54:00+00:00,-55.484474
2017-02-19 01:55:00+00:00,-47.577148
2017-02-19 01:56:00+00:00,-31.024103
2017-02-19 01:57:00+00:00,-25.119236
2017-02-19 01:58:00+00:00,-33.834915
2017-02-19 01:59:00+00:00,-49.923191
2017-02-19 02:00:00+00:00,-50.016201
2017-02-19 02:01:00+00:00,-35.424149
2017-02-19 02:02:00+00:00,-22.697031
2017-02-19 02:03:00+00:00,-32.286964
2017-02-19 02:04:00+00:00,-40.380066
2017-02-19 02:05:00+00:00,-44.476418
2017-02-19 02:06:00+00:00,-38.579288
2017-02-19 02:07:00+00:00,-32.679314
2017-02-19 02:08:00+00:00,-28.781761
2017-02-19 02:09:00+00:00,-33.886993
2017-02-19 02:10:00+00:00,-25.992514
2017-02-19 02:11:00+00:00,-24.197725
2017-02-19 02:12:00+00:00,-26.19899
2017-02-19 02:13:00+00:00,-37.304428
2017-02-19 02:14:00+00:00,-42.417938
2017-02-19 02:15:00+00:00,-25.035362
2017-02-19 02:16:00+00:00,-27.004513
2017-02-19 02:17:00+00:00,-21.129154
2017-02-19 02:18:00+00:00,-26.862564
2017-02-19 02:19:00+00:00,-25.9804
2017-02-19 02:20:00+00:00,-22.949568
2017-02-19 02:21:00+00:00,-21.461243
2017-02-19 02:22:00+00:00,-21.58798
2017-02-19 02:23:00+00:00,-21.075247
2017-02-19 02:24:00+00:00,-21.507097
2017-02-19 02:25:00+00:00,-21.248621
2017-02-19 02:26:00+00:00,-21.305767
2017-02-19 02:27:00+00:00,-22.045559
2017-02-19 02:28:00+00:00,-22.391855
2017-02-19 02:29:00+00:00,-22.069324
2017-02-19 02:30:00+00:00,-22.585571
2017-02-19 02:31:00+00:00,-21.501543
2017-02-19 02:32:00+00:00,-21.423
2017-02-19 02:33:00+00:00,-37.567207
2017-02-19 02:34:00+00:00,-36.686928
2017-02-19 02:35:00+00:00,-42.812351
2017-02-19 02:36:00+00:00,-27.927551
2017-02-19 02:37:00+00:00,-32.040512
2017-02-19 02:38:00+00:00,-43.160713
2017-02-19 02:39:00+00:00,-33.50293
2017-02-19 02:40:00+00:00,-44.851776
2017-02-19 02:41:00+00:00,-56.504478
2017-02-19 02:42:00+00:00,-66.628082
2017-02-19 02:43:00+00:00,-55.880688
2017-02-19 02:44:00+00:00,-44.679832
2017-02-19 02:45:00+00:00,-66.404266
2017-02-19 02:46:00+00:00,-36.325645
2017-02-19 02:47:00+00:00,-44.211094
2017-02-26 00:00:00+00:00,-105.241272
2017-02-26 00:01:00+00:00,-100.950348
2017-02-26 00:02:00+00:00,-105.983093
2017-02-26 00:03:00+00:00,-105.050941
2017-02-26 00:04:00+00:00,-104.293007
2017-02-26 00:05:00+00:00,-115.463669
2017-02-26 00:06:00+00:00,-119.498947
2017-02-26 00:07:00+00:00,-123.774292
2017-02-26 00:08:00+00:00,-118.438622
2017-02-26 00:09:00+00:00,-125.632034
2017-02-26 00:10:00+00:00,-143.647003
2017-02-26 00:11:00+00:00,-127.201538
2017-02-26 00:12:00+00:00,-138.210846
2017-02-26 00:13:00+00:00,-143.332672
2017-02-26 00:14:00+00:00,-127.320358
2017-02-26 00:15:00+00:00,-110.762337
2017-02-26 00:16:00+00:00,-100.488083
2017-02-26 00:17:00+00:00,-99.471794
2017-02-26 00:18:00+00:00,-98.331993
2017-02-26 00:19:00+00:00,-100.65226
2017-02-26 00:20:00+00:00,-116.431725
2017-02-26 00:21:00+00:00,-125.588364
2017-02-26 00:22:00+00:00,-124.513763
2017-02-26 00:23:00+00:00,-124.496262
2017-02-26 00:24:00+00:00,-129.583694
2017-02-26 00:25:00+00:00,-106.98674
2017-02-26 00:26:00+00:00,-99.004532
2017-02-26 00:27:00+00:00,-93.944901
2017-02-26 00:28:00+00:00,-99.176025
2017-02-26 00:29:00+00:00,-103.192551
2017-02-26 00:30:00+00:00,-105.641571
2017-02-26 00:31:00+00:00,-101.755005
2017-02-26 00:32:00+00:00,-95.430107
2017-02-26 00:33:00+00:00,-99.687729
2017-02-26 00:34:00+00:00,-110.060707
2017-02-26 00:35:00+00:00,-110.785736
2017-02-26 00:36:00+00:00,-121.775543
2017-02-26 00:37:00+00:00,-120.396317
2017-02-26 00:38:00+00:00,-110.934166
2017-02-26 00:39:00+00:00,-106.171417
2017-02-26 00:40:00+00:00,-120.740547
2017-02-26 00:41:00+00:00,-136.838776
2017-02-26 00:42:00+00:00,-163.054001
2017-02-26 00:43:00+00:00,-175.246048
2017-02-26 00:44:00+00:00,-175.596527
2017-02-26 00:45:00+00:00,-180.919891
2017-02-26 00:46:00+00:00,-179.810898
2017-02-26 00:47:00+00:00,-180.354507
2017-02-26 00:48:00+00:00,-173.235321
2017-02-26 00:49:00+00:00,-175.244354
2017-02-26 00:50:00+00:00,-173.301575
2017-02-26 00:51:00+00:00,-174.888412
2017-02-26 00:52:00+00:00,-188.914078
2017-02-26 00:53:00+00:00,-169.974274
2017-02-26 00:54:00+00:00,-151.182327
2017-02-26 00:55:00+00:00,-115.817535
2017-02-26 00:56:00+00:00,-96.458031
2017-02-26 00:57:00+00:00,-94.032654
2017-02-26 00:58:00+00:00,-104.230682
2017-02-26 00:59:00+00:00,-90.344719
2017-02-26 01:00:00+00:00,-93.267761
2017-02-26 01:01:00+00:00,-112.538551
2017-02-26 01:02:00+00:00,-105.321152
2017-02-26 01:03:00+00:00,-97.743996
2017-02-26 01:04:00+00:00,-98.592674
2017-02-26 01:05:00+00:00,-100.611816
2017-02-26 01:06:00+00:00,-101.956161
2017-02-26 01:07:00+00:00,-104.634972
2017-02-26 01:08:00+00:00,-82.187775
2017-02-26 01:09:00+00:00,-112.411888
2017-02-26 01:10:00+00:00,-112.916206
2017-02-26 01:11:00+00:00,-112.523399
2017-02-26 01:12:00+00:00,-86.146011
2017-02-26 01:13:00+00:00,-101.796295
2017-02-26 01:14:00+00:00,-135.921814
2017-02-26 01:15:00+00:00,-168.504669
2017-02-26 01:16:00+00:00,-190.870438
2017-02-26 01:17:00+00:00,-167.219894
2017-02-26 01:18:00+00:00,-139.58754
2017-02-26 01:19:00+00:00,-99.694199
2017-02-26 01:20:00+00:00,-93.12027
2017-02-26 01:21:00+00:00,-90.42202
2017-02-26 01:22:00+00:00,-86.545082
2017-02-26 01:23:00+00:00,-100.541328
2017-02-26 01:24:00+00:00,-115.480423
2017-02-26 01:25:00+00:00,-115.496666
2017-02-26 01:26:00+00:00,-116.949226
2017-02-26 01:27:00+00:00,-89.11132
2017-02-26 01:28:00+00:00,-63.028183
2017-02-26 01:29:00+00:00,-60.730045
2017-02-26 01:30:00+00:00,-75.670303
2017-02-26 01:31:00+00:00,-75.226295
2017-02-26 01:32:00+00:00,-70.131523
2017-02-26 01:33:00+00:00,-71.79203
2017-02-26 01:34:00+00:00,-64.256828
2017-02-26 01:35:00+00:00,-45.801102
2017-02-26 01:36:00+00:00,-52.260292
2017-02-26 01:37:00+00:00,-64.283234
2017-02-26 01:38:00+00:00,-67.587311
2017-02-26 01:39:00+00:00,-63.43251
2017-02-26 01:40:00+00:00,-67.692543
2017-02-26 01:41:00+00:00,-70.144348
2017-02-26 01:42:00+00:00,-70.267982
2017-02-26 01:43:00+00:00,-70.651665
2017-02-26 01:44:00+00:00,-72.002312
2017-02-26 01:45:00+00:00,-82.99308
2017-02-26 01:46:00+00:00,-75.714516
2017-02-26 01:47:00+00:00,-68.557495
2017-02-26 01:48:00+00:00,-56.864506
2017-02-26 01:49:00+00:00,-47.895241
2017-02-26 01:50:00+00:00,-46.826035
2017-02-26 01:51:00+00:00,-52.616707
2017-02-26 01:52:00+00:00,-54.019138
2017-02-26 01:53:00+00:00,-48.322113
2017-02-26 01:54:00+00:00,-41.073673
2017-02-26 01:55:00+00:00,-38.1007
2017-02-26 01:56:00+00:00,-37.694988
2017-02-26 01:57:00+00:00,-36.043213
2017-02-26 01:58:00+00:00,-32.533379
2017-02-26 01:59:00+00:00,-27.983503
2017-02-26 02:00:00+00:00,-23.759888
2017-02-26 02:01:00+00:00,-27.382633
2017-02-26 02:02:00+00:00,-36.158382
2017-02-26 02:03:00+00:00,-41.988476
2017-02-26 02:04:00+00:00,-48.3102
2017-02-26 02:05:00+00:00,-57.056728
2017-02-26 02:06:00+00:00,-48.464867
2017-02-26 02:07:00+00:00,-38.155655
2017-02-26 02:08:00+00:00,-36.501205
2017-02-26 02:09:00+00:00,-42.176258
2017-02-26 02:10:00+00:00,-40.729694
2017-02-26 02:11:00+00:00,-36.76152
2017-02-26 02:12:00+00:00,-24.988958
2017-02-26 02:13:00+00:00,-28.552553
2017-02-26 02:14:00+00:00,-33.479607
2017-02-26 02:15:00+00:00,-72.172707
2017-02-26 02:16:00+00:00,-87.383698
2017-02-26 02:17:00+00:00,-53.469116
2017-02-26 02:18:00+00:00,-51.943474
2017-02-26 02:19:00+00:00,-57.331024
2017-02-26 02:20:00+00:00,-65.717537
2017-02-26 02:21:00+00:00,-64.066986
2017-02-26 02:22:00+00:00,-49.654957
2017-02-26 02:23:00+00:00,-40.251106
2017-02-26 02:24:00+00:00,-44.433914
2017-02-26 02:25:00+00:00,-55.785572
2017-02-26 02:26:00+00:00,-69.983665
2017-02-26 02:27:00+00:00,-77.741837
2017-02-26 02:28:00+00:00,-70.895409
2017-02-26 02:29:00+00:00,-81.818947
2017-02-26 02:30:00+00:00,-83.958122
2017-02-26 02:31:00+00:00,-80.78257
2017-02-26 02:32:00+00:00,-80.457993
2017-02-26 02:33:00+00:00,-87.014252
2017-02-26 02:34:00+00:00,-97.457558
2017-02-26 02:35:00+00:00,-90.011139
2017-02-26 02:36:00+00:00,-75.797112
2017-02-26 02:37:00+00:00,-53.207558
2017-02-26 02:38:00+00:00,-36.712643
2017-02-26 02:39:00+00:00,-23.538811
2017-02-26 02:40:00+00:00,-22.345432
2017-02-26 02:41:00+00:00,-22.106237
2017-02-26 02:42:00+00:00,-21.954212
2017-02-26 02:43:00+00:00,-22.174627
2017-02-26 02:44:00+00:00,-21.513418
2017-02-26 02:45:00+00:00,-24.192722
2017-02-26 02:46:00+00:00,-21.41254
2017-02-26 02:47:00+00:00,-21.495298
2017-03-05 00:00:00+00:00,-198.418915
2017-03-05 00:01:00+00:00,-195.624191
2017-03-05 00:02:00+00:00,-320.108459
2017-03-05 00:03:00+00:00,-346.485901
2017-03-05 00:04:00+00:00,-270.481903
2017-03-05 00:05:00+00:00,-277.184052
2017-03-05 00:06:00+00:00,-262.633362
2017-03-05 00:07:00+00:00,-275.145721
2017-03-05 00:08:00+00:00,-282.677368
2017-03-05 00:09:00+00:00,-264.163361
2017-03-05 00:10:00+00:00,-236.689209
2017-03-05 00:11:00+00:00,-187.354584
2017-03-05 00:12:00+00:00,-122.91806
2017-03-05 00:13:00+00:00,-108.77803
2017-03-05 00:14:00+00:00,-141.707397
2017-03-05 00:15:00+00:00,-187.731842
2017-03-05 00:16:00+00:00,-179.649902
2017-03-05 00:17:00+00:00,-151.656616
2017-03-05 00:18:00+00:00,-141.585693
2017-03-05 00:19:00+00:00,-136.431976
2017-03-05 00:20:00+00:00,-145.755692
2017-03-05 00:21:00+00:00,-139.672836
2017-03-05 00:22:00+00:00,-127.703568
2017-03-05 00:23:00+00:00,-106.683609
2017-03-05 00:24:00+00:00,-89.093864
2017-03-05 00:25:00+00:00,-78.301048
2017-03-05 00:26:00+00:00,-94.954102
2017-03-05 00:27:00+00:00,-120.942307
2017-03-05 00:28:00+00:00,-168.670273
2017-03-05 00:29:00+00:00,-213.028275
2017-03-05 00:30:00+00:00,-236.289078
2017-03-05 00:31:00+00:00,-236.90419
2017-03-05 00:32:00+00:00,-260.764465
2017-03-05 00:33:00+00:00,-254.379517
2017-03-05 00:34:00+00:00,-257.218262
2017-03-05 00:35:00+00:00,-261.907532
2017-03-05 00:36:00+00:00,-248.738541
2017-03-05 00:37:00+00:00,-240.738464
2017-03-05 00:38:00+00:00,-233.127258
2017-03-05 00:39:00+00:00,-243.462952
2017-03-05 00:40:00+00:00,-276.162964
2017-03-05 00:41:00+00:00,-217.945236
2017-03-05 00:42:00+00:00,-228.050888
2017-03-05 00:43:00+00:00,-208.594086
2017-03-05 00:44:00+00:00,-163.686432
2017-03-05 00:45:00+00:00,-185.296906
2017-03-05 00:46:00+00:00,-198.867462
2017-03-05 00:47:00+00:00,-217.379456
2017-03-05 00:48:00+00:00,-234.88678
2017-03-05 00:49:00+00:00,-242.409912
2017-03-05 00:50:00+00:00,-246.949951
2017-03-05 00:51:00+00:00,-242.505997
2017-03-05 00:52:00+00:00,-250.067261
2017-03-05 00:53:00+00:00,-218.618393
2017-03-05 00:54:00+00:00,-176.226501
2017-03-05 00:55:00+00:00,-163.830612
2017-03-05 00:56:00+00:00,-140.401978
2017-03-05 00:57:00+00:00,-146.614456
2017-03-05 00:58:00+00:00,-133.206879
2017-03-05 00:59:00+00:00,-126.630936
2017-03-05 01:00:00+00:00,-121.057678
2017-03-05 01:01:00+00:00,-130.365662
2017-03-05 01:02:00+00:00,-127.687614
2017-03-05 01:03:00+00:00,-128.473633
2017-03-05 01:04:00+00:00,-108.197495
2017-03-05 01:05:00+00:00,-147.933304
2017-03-05 01:06:00+00:00,-123.539581
2017-03-05 01:07:00+00:00,-149.76265
2017-03-05 01:08:00+00:00,-159.45816
2017-03-05 01:09:00+00:00,-161.468124
2017-03-05 01:10:00+00:00,-132.493851
2017-03-05 01:11:00+00:00,-129.50592
2017-03-05 01:12:00+00:00,-135.219559
2017-03-05 01:13:00+00:00,-128.768692
2017-03-05 01:14:00+00:00,-133.26944
2017-03-05 01:15:00+00:00,-130.798111
2017-03-05 01:16:00+00:00,-121.737419
2017-03-05 01:17:00+00:00,-106.174423
2017-03-05 01:18:00+00:00,-86.827774
2017-03-05 01:19:00+00:00,-86.387062
2017-03-05 01:20:00+00:00,-79.158836
2017-03-05 01:21:00+00:00,-75.484055
2017-03-05 01:22:00+00:00,-72.649727
2017-03-05 01:23:00+00:00,-71.89624
2017-03-05 01:24:00+00:00,-107.998535
2017-03-05 01:25:00+00:00,-164.017914
2017-03-05 01:26:00+00:00,-192.588516
2017-03-05 01:27:00+00:00,-182.052795
2017-03-05 01:28:00+00:00,-135.144882
2017-03-05 01:29:00+00:00,-91.653419
2017-03-05 01:30:00+00:00,-103.342651
2017-03-05 01:31:00+00:00,-100.367149
2017-03-05 01:32:00+00:00,-84.362823
2017-03-05 01:33:00+00:00,-72.396919
2017-03-05 01:34:00+00:00,-83.694687
2017-03-05 01:35:00+00:00,-111.109756
2017-03-05 01:36:00+00:00,-123.44088
2017-03-05 01:37:00+00:00,-122.132957
2017-03-05 01:38:00+00:00,-115.072006
2017-03-05 01:39:00+00:00,-103.988701
2017-03-05 01:40:00+00:00,-97.441086
2017-03-05 01:41:00+00:00,-175.370758
2017-03-05 01:42:00+00:00,-197.69664
2017-03-05 01:43:00+00:00,-167.917023
2017-03-05 01:44:00+00:00,-154.799591
2017-03-05 01:45:00+00:00,-140.531998
2017-03-05 01:46:00+00:00,-129.640091
2017-03-05 01:47:00+00:00,-119.112389
2017-03-05 01:48:00+00:00,-106.463371
2017-03-05 01:49:00+00:00,-94.182533
2017-03-05 01:50:00+00:00,-87.790115
2017-03-05 01:51:00+00:00,-86.312981
2017-03-05 01:52:00+00:00,-92.15596
2017-03-05 01:53:00+00:00,-97.405327
2017-03-05 01:54:00+00:00,-98.088837
2017-03-05 01:55:00+00:00,-95.574066
2017-03-05 01:56:00+00:00,-81.15329
2017-03-05 01:57:00+00:00,-73.998138
2017-03-05 01:58:00+00:00,-80.139206
2017-03-05 01:59:00+00:00,-82.174858
2017-03-05 02:00:00+00:00,-82.75386
2017-03-05 02:01:00+00:00,-80.837639
2017-03-05 02:02:00+00:00,-76.582588
2017-03-05 02:03:00+00:00,-66.451286
2017-03-05 02:04:00+00:00,-64.25071
2017-03-05 02:05:00+00:00,-64.338928
2017-03-05 02:06:00+00:00,-65.293449
2017-03-05 02:07:00+00:00,-65.775063
2017-03-05 02:08:00+00:00,-63.647415
2017-03-05 02:09:00+00:00,-57.79657
2017-03-05 02:10:00+00:00,-53.187687
2017-03-05 02:11:00+00:00,-49.4813
2017-03-05 02:12:00+00:00,-46.03154
2017-03-05 02:13:00+00:00,-42.836845
2017-03-05 02:14:00+00:00,-41.906013
2017-03-05 02:15:00+00:00,-40.25227
2017-03-05 02:16:00+00:00,-39.997589
2017-03-05 02:17:00+00:00,-39.958141
2017-03-05 02:18:00+00:00,-48.571465
2017-03-05 02:19:00+00:00,-107.994019
2017-03-05 02:20:00+00:00,-84.798889
2017-03-05 02:21:00+00:00,-154.054245
2017-03-05 02:22:00+00:00,-176.862076
2017-03-05 02:23:00+00:00,-191.464706
2017-03-05 02:24:00+00:00,-207.025955
2017-03-05 02:25:00+00:00,-229.217926
2017-03-05 02:26:00+00:00,-252.083115
2017-03-05 02:27:00+00:00,-273.077087
2017-03-05 02:28:00+00:00,-289.951355
2017-03-05 02:29:00+00:00,-285.173157
2017-03-05 02:30:00+00:00,-287.824097
2017-03-05 02:31:00+00:00,-288.010101
2017-03-05 02:32:00+00:00,-265.260895
2017-03-05 02:33:00+00:00,-236.633621
2017-03-05 02:34:00+00:00,-238.0448
2017-03-05 02:35:00+00:00,-244.506592
2017-03-05 02:36:00+00:00,-254.28418
2017-03-05 02:37:00+00:00,-240.677795
2017-03-05 02:38:00+00:00,-219.209534
2017-03-05 02:39:00+00:00,-242.674057
2017-03-05 02:40:00+00:00,-247.912491
2017-03-05 02:41:00+00:00,-246.014114
2017-03-05 02:42:00+00:00,-247.557404
2017-03-05 02:43:00+00:00,-223.346817
2017-03-05 02:44:00+00:00,-215.819107
2017-03-05 02:45:00+00:00,-210.588074
2017-03-05 02:46:00+00:00,-200.083328
2017-03-05 02:47:00+00:00,-202.920746
2017-03-12 00:00:00+00:00,-329.455841
2017-03-12 00:01:00+00:00,-347.884857
2017-03-12 00:02:00+00:00,-362.937195
2017-03-12 00:03:00+00:00,-358.67868
2017-03-12 00:04:00+00:00,-343.80014
2017-03-12 00:05:00+00:00,-339.267456
2017-03-12 00:06:00+00:00,-342.420715
2017-03-12 00:07:00+00:00,-360.427673
2017-03-12 00:08:00+00:00,-391.914093
2017-03-12 00:09:00+00:00,-404.158905
2017-03-12 00:10:00+00:00,-405.450226
2017-03-12 00:11:00+00:00,-441.830841
2017-03-12 00:12:00+00:00,-447.3573
2017-03-12 00:13:00+00:00,-448.060699
2017-03-12 00:14:00+00:00,-446.849121
2017-03-12 00:15:00+00:00,-447.775238
2017-03-12 00:16:00+00:00,-428.6875
2017-03-12 00:17:00+00:00,-408.781738
2017-03-12 00:18:00+00:00,-389.341644
2017-03-12 00:19:00+00:00,-359.799622
2017-03-12 00:20:00+00:00,-343.296906
2017-03-12 00:21:00+00:00,-336.24115
2017-03-12 00:22:00+00:00,-335.841919
2017-03-12 00:23:00+00:00,-338.342285
2017-03-12 00:24:00+00:00,-336.023254
2017-03-12 00:25:00+00:00,-339.495575
2017-03-12 00:26:00+00:00,-334.882782
2017-03-12 00:27:00+00:00,-348.384216
2017-03-12 00:28:00+00:00,-354.635651
2017-03-12 00:29:00+00:00,-360.214813
2017-03-12 00:30:00+00:00,-358.629578
2017-03-12 00:31:00+00:00,-365.577179
2017-03-12 00:32:00+00:00,-363.052185
2017-03-12 00:33:00+00:00,-358.995728
2017-03-12 00:34:00+00:00,-353.610016
2017-03-12 00:35:00+00:00,-353.857239
2017-03-12 00:36:00+00:00,-367.64798
2017-03-12 00:37:00+00:00,-378.946777
2017-03-12 00:38:00+00:00,-397.438263
2017-03-12 00:39:00+00:00,-402.096558
2017-03-12 00:40:00+00:00,-387.383789
2017-03-12 00:41:00+00:00,-372.575867
2017-03-12 00:42:00+00:00,-358.221741
2017-03-12 00:43:00+00:00,-357.979309
2017-03-12 00:44:00+00:00,-360.265564
2017-03-12 00:45:00+00:00,-365.652496
2017-03-12 00:46:00+00:00,-358.470795
2017-03-12 00:47:00+00:00,-359.473755
2017-03-12 00:48:00+00:00,-358.192322
2017-03-12 00:49:00+00:00,-355.367096
2017-03-12 00:50:00+00:00,-352.29715
2017-03-12 00:51:00+00:00,-340.784637
2017-03-12 00:52:00+00:00,-335.536133
2017-03-12 00:53:00+00:00,-336.676178
2017-03-12 00:54:00+00:00,-421.433777
2017-03-12 00:55:00+00:00,-427.245422
2017-03-12 00:56:00+00:00,-508.867859
2017-03-12 00:57:00+00:00,-416.100311
2017-03-12 00:58:00+00:00,-398.41275
2017-03-12 00:59:00+00:00,-394.245483
2017-03-12 01:00:00+00:00,-385.022369
2017-03-12 01:01:00+00:00,-375.762726
2017-03-12 01:02:00+00:00,-346.266541
2017-03-12 01:03:00+00:00,-344.26944
2017-03-12 01:04:00+00:00,-345.370636
2017-03-12 01:05:00+00:00,-352.8927
2017-03-12 01:06:00+00:00,-358.757935
2017-03-12 01:07:00+00:00,-354.998199
2017-03-12 01:08:00+00:00,-350.917877
2017-03-12 01:09:00+00:00,-342.605103
2017-03-12 01:10:00+00:00,-329.508575
2017-03-12 01:11:00+00:00,-314.97818
2017-03-12 01:12:00+00:00,-307.483368
2017-03-12 01:13:00+00:00,-317.838318
2017-03-12 01:14:00+00:00,-308.10083
2017-03-12 01:15:00+00:00,-277.986969
2017-03-12 01:16:00+00:00,-253.860382
2017-03-12 01:17:00+00:00,-261.39801
2017-03-12 01:18:00+00:00,-341.100067
2017-03-12 01:19:00+00:00,-253.237427
2017-03-12 01:20:00+00:00,-248.94516
2017-03-12 01:21:00+00:00,-243.510254
2017-03-12 01:22:00+00:00,-230.369431
2017-03-12 01:23:00+00:00,-219.580246
2017-03-12 01:24:00+00:00,-212.689178
2017-03-12 01:25:00+00:00,-207.832001
2017-03-12 01:26:00+00:00,-206.194733
2017-03-12 01:27:00+00:00,-204.76123
2017-03-12 01:28:00+00:00,-196.624985
2017-03-12 01:29:00+00:00,-192.839081
2017-03-12 01:30:00+00:00,-228.10112
2017-03-12 01:31:00+00:00,-194.264832
2017-03-12 01:32:00+00:00,-187.558823
2017-03-12 01:33:00+00:00,-191.864807
2017-03-12 01:34:00+00:00,-190.163666
2017-03-12 01:35:00+00:00,-176.970535
2017-03-12 01:36:00+00:00,-160.37822
2017-03-12 01:37:00+00:00,-163.753296
2017-03-12 01:38:00+00:00,-162.052872
2017-03-12 01:39:00+00:00,-156.734573
2017-03-12 01:40:00+00:00,-142.674484
2017-03-12 01:41:00+00:00,-134.139359
2017-03-12 01:42:00+00:00,-132.708572
2017-03-12 01:43:00+00:00,-130.484665
2017-03-12 01:44:00+00:00,-125.321609
2017-03-12 01:45:00+00:00,-121.274033
2017-03-12 01:46:00+00:00,-117.482849
2017-03-12 01:47:00+00:00,-110.374207
2017-03-12 01:48:00+00:00,-107.975235
2017-03-12 01:49:00+00:00,-108.166191
2017-03-12 01:50:00+00:00,-150.390305
2017-03-12 01:51:00+00:00,-141.886963
2017-03-12 01:52:00+00:00,-120.996101
2017-03-12 01:53:00+00:00,-117.546951
2017-03-12 01:54:00+00:00,-120.619537
2017-03-12 01:55:00+00:00,-124.588501
2017-03-12 01:56:00+00:00,-132.551086
2017-03-12 01:57:00+00:00,-139.524704
2017-03-12 01:58:00+00:00,-131.410965
2017-03-12 01:59:00+00:00,-117.339531
2017-03-12 02:00:00+00:00,-103.284325
2017-03-12 02:01:00+00:00,-94.204674
2017-03-12 02:02:00+00:00,-98.156174
2017-03-12 02:03:00+00:00,-106.120056
2017-03-12 02:04:00+00:00,-120.085899
2017-03-12 02:05:00+00:00,-124.025162
2017-03-12 02:06:00+00:00,-122.951851
2017-03-12 02:07:00+00:00,-121.8937
2017-03-12 02:08:00+00:00,-116.168404
2017-03-12 02:09:00+00:00,-123.960075
2017-03-12 02:10:00+00:00,-133.583176
2017-03-12 02:11:00+00:00,-142.257736
2017-03-12 02:12:00+00:00,-147.361404
2017-03-12 02:13:00+00:00,-147.7724
2017-03-12 02:14:00+00:00,-152.898682
2017-03-12 02:15:00+00:00,-164.212173
2017-03-12 02:16:00+00:00,-166.228287
2017-03-12 02:17:00+00:00,-163.949188
2017-03-12 02:18:00+00:00,-170.754578
2017-03-12 02:19:00+00:00,-178.858505
2017-03-12 02:20:00+00:00,-177.272232
2017-03-12 02:21:00+00:00,-173.416611
2017-03-12 02:22:00+00:00,-164.864182
2017-03-12 02:23:00+00:00,-161.040085
2017-03-12 02:24:00+00:00,-157.224838
2017-03-12 02:25:00+00:00,-154.821777
2017-03-12 02:26:00+00:00,-157.9534
2017-03-12 02:27:00+00:00,-159.654526
2017-03-12 02:28:00+00:00,-158.95192
2017-03-12 02:29:00+00:00,-162.04158
2017-03-12 02:30:00+00:00,-165.208038
2017-03-12 02:31:00+00:00,-167.22142
2017-03-12 02:32:00+00:00,-170.499664
2017-03-12 02:33:00+00:00,-175.000198
2017-03-12 02:34:00+00:00,-169.19545
2017-03-12 02:35:00+00:00,-167.217346
2017-03-12 02:36:00+00:00,-162.466339
2017-03-12 02:37:00+00:00,-156.519836
2017-03-12 02:38:00+00:00,-151.531479
2017-03-12 02:39:00+00:00,-150.359497
2017-03-12 02:40:00+00:00,-147.517197
2017-03-12 02:41:00+00:00,-135.691376
2017-03-12 02:42:00+00:00,-127.871727
2017-03-12 02:43:00+00:00,-131.088455
2017-03-12 02:44:00+00:00,-133.400024
2017-03-12 02:45:00+00:00,-132.884171
2017-03-12 02:46:00+00:00,-133.8535
2017-03-12 02:47:00+00:00,-137.075104
2017-03-19 00:00:00+00:00,-8.609449
2017-03-19 00:01:00+00:00,-8.197803
2017-03-19 00:02:00+00:00,-7.888734
2017-03-19 00:03:00+00:00,-7.219345
2017-03-19 00:04:00+00:00,-7.587269
2017-03-19 00:05:00+00:00,-7.700681
2017-03-19 00:06:00+00:00,-8.280572
2017-03-19 00:07:00+00:00,-8.433437
2017-03-19 00:08:00+00:00,-8.020844
2017-03-19 00:09:00+00:00,-7.543739
2017-03-19 00:10:00+00:00,-7.11833
2017-03-19 00:11:00+00:00,-7.127414
2017-03-19 00:12:00+00:00,-7.240901
2017-03-19 00:13:00+00:00,-7.59061
2017-03-19 00:14:00+00:00,-7.228286
2017-03-19 00:15:00+00:00,-7.206653
2017-03-19 00:16:00+00:00,-7.38897
2017-03-19 00:17:00+00:00,-7.597501
2017-03-19 00:18:00+00:00,-6.873243
2017-03-19 00:19:00+00:00,-6.215163
2017-03-19 00:20:00+00:00,-5.990176
2017-03-19 00:21:00+00:00,-5.867256
2017-03-19 00:22:00+00:00,-5.687097
2017-03-19 00:23:00+00:00,-6.035969
2017-03-19 00:24:00+00:00,-5.888518
2017-03-19 00:25:00+00:00,-5.564044
2017-03-19 00:26:00+00:00,-5.36722
2017-03-19 00:27:00+00:00,-5.138809
2017-03-19 00:28:00+00:00,-4.80564
2017-03-19 00:29:00+00:00,-3.999723
2017-03-19 00:30:00+00:00,-4.070214
2017-03-19 00:31:00+00:00,-4.364313
2017-03-19 00:32:00+00:00,-4.803978
2017-03-19 00:33:00+00:00,-4.962512
2017-03-19 00:34:00+00:00,-5.299942
2017-03-19 00:35:00+00:00,-5.509332
2017-03-19 00:36:00+00:00,-5.78899
2017-03-19 00:37:00+00:00,-6.064645
2017-03-19 00:38:00+00:00,-6.093193
2017-03-19 00:39:00+00:00,-6.17708
2017-03-19 00:40:00+00:00,-6.631201
2017-03-19 00:41:00+00:00,-7.075377
2017-03-19 00:42:00+00:00,-7.641136
2017-03-19 00:43:00+00:00,-8.616836
2017-03-19 00:44:00+00:00,-7.5926
2017-03-19 00:45:00+00:00,-6.572094
2017-03-19 00:46:00+00:00,-6.414283
2017-03-19 00:47:00+00:00,-6.42425
2017-03-19 00:48:00+00:00,-6.517509
2017-03-19 00:49:00+00:00,-6.612984
2017-03-19 00:50:00+00:00,-6.667575
2017-03-19 00:51:00+00:00,-4.67275
2017-03-19 00:52:00+00:00,-5.069193
2017-03-19 00:53:00+00:00,-5.456273
2017-03-19 00:54:00+00:00,-6.64866
2017-03-19 00:55:00+00:00,-7.238375
2017-03-19 00:56:00+00:00,-7.363088
2017-03-19 00:57:00+00:00,-7.548894
2017-03-19 00:58:00+00:00,-7.439825
2017-03-19 00:59:00+00:00,-9.005335
2017-03-19 01:00:00+00:00,-9.353802
2017-03-19 01:01:00+00:00,-10.09153
2017-03-19 01:02:00+00:00,-9.426207
2017-03-19 01:03:00+00:00,-8.846825
2017-03-19 01:04:00+00:00,-7.92538
2017-03-19 01:05:00+00:00,-6.539668
2017-03-19 01:06:00+00:00,-5.869884
2017-03-19 01:07:00+00:00,-5.961566
2017-03-19 01:08:00+00:00,-6.362236
2017-03-19 01:09:00+00:00,-6.327456
2017-03-19 01:10:00+00:00,-6.722763
2017-03-19 01:11:00+00:00,-6.770907
2017-03-19 01:12:00+00:00,-6.660966
2017-03-19 01:13:00+00:00,-6.351224
2017-03-19 01:14:00+00:00,-5.953521
2017-03-19 01:15:00+00:00,-6.028893
2017-03-19 01:16:00+00:00,-6.616991
2017-03-19 01:17:00+00:00,-8.135421
2017-03-19 01:18:00+00:00,-7.90709
2017-03-19 01:19:00+00:00,-8.549246
2017-03-19 01:20:00+00:00,-8.625309
2017-03-19 01:21:00+00:00,-8.523029
2017-03-19 01:22:00+00:00,-7.606684
2017-03-19 01:23:00+00:00,-5.855844
2017-03-19 01:24:00+00:00,-5.594314
2017-03-19 01:25:00+00:00,-5.792677
2017-03-19 01:26:00+00:00,-5.652684
2017-03-19 01:27:00+00:00,-5.432093
2017-03-19 01:28:00+00:00,-5.688032
2017-03-19 01:29:00+00:00,-5.400226
2017-03-19 01:30:00+00:00,-6.304069
2017-03-19 01:31:00+00:00,-6.860749
2017-03-19 01:32:00+00:00,-6.763614
2017-03-19 01:33:00+00:00,-6.718464
2017-03-19 01:34:00+00:00,-6.717426
2017-03-19 01:35:00+00:00,-6.678515
2017-03-19 01:36:00+00:00,-6.433762
2017-03-19 01:37:00+00:00,-6.273221
2017-03-19 01:38:00+00:00,-6.01827
2017-03-19 01:39:00+00:00,-6.964231
2017-03-19 01:40:00+00:00,-7.041953
2017-03-19 01:41:00+00:00,-7.057112
2017-03-19 01:42:00+00:00,-7.6706
2017-03-19 01:43:00+00:00,-7.842894
2017-03-19 01:44:00+00:00,-7.388207
2017-03-19 01:45:00+00:00,-7.341709
2017-03-19 01:46:00+00:00,-7.080894
2017-03-19 01:47:00+00:00,-6.655594
2017-03-19 01:48:00+00:00,-5.439782
2017-03-19 01:49:00+00:00,-5.2547
2017-03-19 01:50:00+00:00,-5.451712
2017-03-19 01:51:00+00:00,-5.563319
2017-03-19 01:52:00+00:00,-5.599105
2017-03-19 01:53:00+00:00,-5.89429
2017-03-19 01:54:00+00:00,-6.079229
2017-03-19 01:55:00+00:00,-6.76943
2017-03-19 01:56:00+00:00,-7.122992
2017-03-19 01:57:00+00:00,-7.61407
2017-03-19 01:58:00+00:00,-9.288188
2017-03-19 01:59:00+00:00,-10.124158
2017-03-19 02:00:00+00:00,-9.999929
2017-03-19 02:01:00+00:00,-8.836615
2017-03-19 02:02:00+00:00,-6.97232
2017-03-19 02:03:00+00:00,-5.577877
2017-03-19 02:04:00+00:00,-5.608681
2017-03-19 02:05:00+00:00,-5.492565
2017-03-19 02:06:00+00:00,-5.570354
2017-03-19 02:07:00+00:00,-5.334227
2017-03-19 02:08:00+00:00,-5.434311
2017-03-19 02:09:00+00:00,-5.96902
2017-03-19 02:10:00+00:00,-7.23161
2017-03-19 02:11:00+00:00,-8.379273
2017-03-19 02:12:00+00:00,-9.192431
2017-03-19 02:13:00+00:00,-9.785926
2017-03-19 02:14:00+00:00,-10.471422
2017-03-19 02:15:00+00:00,-10.609241
2017-03-19 02:16:00+00:00,-9.926101
2017-03-19 02:17:00+00:00,-10.284867
2017-03-19 02:18:00+00:00,-11.712065
2017-03-19 02:19:00+00:00,-12.901213
2017-03-19 02:20:00+00:00,-13.344076
2017-03-19 02:21:00+00:00,-12.515424
2017-03-19 02:22:00+00:00,-11.198427
2017-03-19 02:23:00+00:00,-9.397147
2017-03-19 02:24:00+00:00,-8.72445
2017-03-19 02:25:00+00:00,-9.402172
2017-03-19 02:26:00+00:00,-10.690047
2017-03-19 02:27:00+00:00,-11.885094
2017-03-19 02:28:00+00:00,-12.694925
2017-03-19 02:29:00+00:00,-12.078674
2017-03-19 02:30:00+00:00,-9.74334
2017-03-19 02:31:00+00:00,-8.017086
2017-03-19 02:32:00+00:00,-8.036177
2017-03-19 02:33:00+00:00,-8.19949
2017-03-19 02:34:00+00:00,-8.290884
2017-03-19 02:35:00+00:00,-8.219145
2017-03-19 02:36:00+00:00,-8.657759
2017-03-19 02:37:00+00:00,-8.68482
2017-03-19 02:38:00+00:00,-8.959284
2017-03-19 02:39:00+00:00,-8.797951
2017-03-19 02:40:00+00:00,-9.197643
2017-03-19 02:41:00+00:00,-9.23255
2017-03-19 02:42:00+00:00,-9.293156
2017-03-19 02:43:00+00:00,-9.549608
2017-03-19 02:44:00+00:00,-9.640413
2017-03-19 02:45:00+00:00,-9.389765
2017-03-19 02:46:00+00:00,-9.351307
2017-03-19 02:47:00+00:00,-9.270226
2017-03-26 00:00:00+00:00,-157.695206
2017-03-26 00:01:00+00:00,-182.244354
2017-03-26 00:02:00+00:00,-190.912903
2017-03-26 00:03:00+00:00,-196.606995
2017-03-26 00:04:00+00:00,-197.325272
2017-03-26 00:05:00+00:00,-188.369003
2017-03-26 00:06:00+00:00,-176.614365
2017-03-26 00:07:00+00:00,-174.366974
2017-03-26 00:08:00+00:00,-161.119217
2017-03-26 00:09:00+00:00,-168.233871
2017-03-26 00:10:00+00:00,-175.181839
2017-03-26 00:11:00+00:00,-166.774612
2017-03-26 00:12:00+00:00,-153.233093
2017-03-26 00:13:00+00:00,-152.349731
2017-03-26 00:14:00+00:00,-156.437241
2017-03-26 00:15:00+00:00,-155.847122
2017-03-26 00:16:00+00:00,-152.243683
2017-03-26 00:17:00+00:00,-152.990631
2017-03-26 00:18:00+00:00,-158.613571
2017-03-26 00:19:00+00:00,-162.834412
2017-03-26 00:20:00+00:00,-156.815674
2017-03-26 00:21:00+00:00,-144.209946
2017-03-26 00:22:00+00:00,-132.542557
2017-03-26 00:23:00+00:00,-124.364517
2017-03-26 00:24:00+00:00,-117.519028
2017-03-26 00:25:00+00:00,-112.378395
2017-03-26 00:26:00+00:00,-106.141785
2017-03-26 00:27:00+00:00,-100.591621
2017-03-26 00:28:00+00:00,-108.074089
2017-03-26 00:29:00+00:00,-134.933136
2017-03-26 00:30:00+00:00,-151.856216
2017-03-26 00:31:00+00:00,-141.536285
2017-03-26 00:32:00+00:00,-139.245712
2017-03-26 00:33:00+00:00,-136.908493
2017-03-26 00:34:00+00:00,-116.837311
2017-03-26 00:35:00+00:00,-111.376419
2017-03-26 00:36:00+00:00,-109.983017
2017-03-26 00:37:00+00:00,-102.063133
2017-03-26 00:38:00+00:00,-120.285469
2017-03-26 00:39:00+00:00,-127.448257
2017-03-26 00:40:00+00:00,-133.680771
2017-03-26 00:41:00+00:00,-132.452713
2017-03-26 00:42:00+00:00,-124.459785
2017-03-26 00:43:00+00:00,-104.619759
2017-03-26 00:44:00+00:00,-93.713295
2017-03-26 00:45:00+00:00,-84.690216
2017-03-26 00:46:00+00:00,-78.075218
2017-03-26 00:47:00+00:00,-69.825882
2017-03-26 00:48:00+00:00,-64.065437
2017-03-26 00:49:00+00:00,-61.373081
2017-03-26 00:50:00+00:00,-57.714821
2017-03-26 00:51:00+00:00,-58.616051
2017-03-26 00:52:00+00:00,-58.935936
2017-03-26 00:53:00+00:00,-64.133484
2017-03-26 00:54:00+00:00,-67.237122
2017-03-26 00:55:00+00:00,-79.852119
2017-03-26 00:56:00+00:00,-88.595467
2017-03-26 00:57:00+00:00,-85.375519
2017-03-26 00:58:00+00:00,-85.255432
2017-03-26 00:59:00+00:00,-82.106407
2017-03-26 01:00:00+00:00,-79.932014
2017-03-26 01:01:00+00:00,-84.81675
2017-03-26 01:02:00+00:00,-84.788284
2017-03-26 01:03:00+00:00,-74.383728
2017-03-26 01:04:00+00:00,-57.275028
2017-03-26 01:05:00+00:00,-49.994141
2017-03-26 01:06:00+00:00,-45.382263
2017-03-26 01:07:00+00:00,-41.193455
2017-03-26 01:08:00+00:00,-38.710308
2017-03-26 01:09:00+00:00,-36.745216
2017-03-26 01:10:00+00:00,-35.539421
2017-03-26 01:11:00+00:00,-39.113403
2017-03-26 01:12:00+00:00,-49.215206
2017-03-26 01:13:00+00:00,-60.704147
2017-03-26 01:14:00+00:00,-66.44059
2017-03-26 01:15:00+00:00,-63.965515
2017-03-26 01:16:00+00:00,-59.3326
2017-03-26 01:17:00+00:00,-58.630722
2017-03-26 01:18:00+00:00,-53.9995
2017-03-26 01:19:00+00:00,-49.498432
2017-03-26 01:20:00+00:00,-42.367821
2017-03-26 01:21:00+00:00,-36.801945
2017-03-26 01:22:00+00:00,-35.535625
2017-03-26 01:23:00+00:00,-34.766785
2017-03-26 01:24:00+00:00,-34.502399
2017-03-26 01:25:00+00:00,-33.786446
2017-03-26 01:26:00+00:00,-32.573071
2017-03-26 01:27:00+00:00,-31.640661
2017-03-26 01:28:00+00:00,-31.874014
2017-03-26 01:29:00+00:00,-27.825901
2017-03-26 01:30:00+00:00,-27.69739
2017-03-26 01:31:00+00:00,-28.648956
2017-03-26 01:32:00+00:00,-28.522228
2017-03-26 01:33:00+00:00,-29.439041
2017-03-26 01:34:00+00:00,-29.233183
2017-03-26 01:35:00+00:00,-32.54575
2017-03-26 01:36:00+00:00,-34.212002
2017-03-26 01:37:00+00:00,-35.148083
2017-03-26 01:38:00+00:00,-36.373634
2017-03-26 01:39:00+00:00,-37.087727
2017-03-26 01:40:00+00:00,-36.017029
2017-03-26 01:41:00+00:00,-35.076607
2017-03-26 01:42:00+00:00,-34.713852
2017-03-26 01:43:00+00:00,-35.665886
2017-03-26 01:44:00+00:00,-34.6633
2017-03-26 01:45:00+00:00,-33.88776
2017-03-26 01:46:00+00:00,-31.436104
2017-03-26 01:47:00+00:00,-30.01734
2017-03-26 01:48:00+00:00,-29.651089
2017-03-26 01:49:00+00:00,-30.293751
2017-03-26 01:50:00+00:00,-30.199408
2017-03-26 01:51:00+00:00,-31.614033
2017-03-26 01:52:00+00:00,-31.616703
2017-03-26 01:53:00+00:00,-31.933876
2017-03-26 01:54:00+00:00,-31.797148
2017-03-26 01:55:00+00:00,-32.729847
2017-03-26 01:56:00+00:00,-32.398941
2017-03-26 01:57:00+00:00,-32.359993
2017-03-26 01:58:00+00:00,-33.196152
2017-03-26 01:59:00+00:00,-33.295986
2017-03-26 02:00:00+00:00,-33.518845
2017-03-26 02:01:00+00:00,-34.231945
2017-03-26 02:02:00+00:00,-33.403336
2017-03-26 02:03:00+00:00,-33.099335
2017-03-26 02:04:00+00:00,-33.638229
2017-03-26 02:05:00+00:00,-32.993797
2017-03-26 02:06:00+00:00,-33.567329
2017-03-26 02:07:00+00:00,-33.861755
2017-03-26 02:08:00+00:00,-33.857475
2017-03-26 02:09:00+00:00,-34.852463
2017-03-26 02:10:00+00:00,-34.218727
2017-03-26 02:11:00+00:00,-34.268764
2017-03-26 02:12:00+00:00,-34.492756
2017-03-26 02:13:00+00:00,-35.277519
2017-03-26 02:14:00+00:00,-34.283157
2017-03-26 02:15:00+00:00,-34.552639
2017-03-26 02:16:00+00:00,-34.426739
2017-03-26 02:17:00+00:00,-34.389912
2017-03-26 02:18:00+00:00,-34.212624
2017-03-26 02:19:00+00:00,-35.103821
2017-03-26 02:20:00+00:00,-34.374119
2017-03-26 02:21:00+00:00,-34.134808
2017-03-26 02:22:00+00:00,-33.755997
2017-03-26 02:23:00+00:00,-33.74646
2017-03-26 02:24:00+00:00,-33.25272
2017-03-26 02:25:00+00:00,-34.200531
2017-03-26 02:26:00+00:00,-33.304741
2017-03-26 02:27:00+00:00,-33.093643
2017-03-26 02:28:00+00:00,-34.311413
2017-03-26 02:29:00+00:00,-34.950222
2017-03-26 02:30:00+00:00,-33.230766
2017-03-26 02:31:00+00:00,-34.054199
2017-03-26 02:32:00+00:00,-35.089333
2017-03-26 02:33:00+00:00,-35.089115
2017-03-26 02:34:00+00:00,-34.929554
2017-03-26 02:35:00+00:00,-36.374401
2017-03-26 02:36:00+00:00,-34.680519
2017-03-26 02:37:00+00:00,-35.616501
2017-03-26 02:38:00+00:00,-36.21167
2017-03-26 02:39:00+00:00,-36.508106
2017-03-26 02:40:00+00:00,-38.313438
2017-03-26 02:41:00+00:00,-37.497837
2017-03-26 02:42:00+00:00,-39.777149
2017-03-26 02:43:00+00:00,-37.856522
2017-03-26 02:44:00+00:00,-36.258446
2017-03-26 02:45:00+00:00,-37.090382
2017-03-26 02:46:00+00:00,-34.486176
2017-03-26 02:47:00+00:00,-35.609921
2017-04-02 00:00:00+00:00,-219.613037
2017-04-02 00:01:00+00:00,-232.519348
2017-04-02 00:02:00+00:00,-241.057816
2017-04-02 00:03:00+00:00,-240.355408
2017-04-02 00:04:00+00:00,-228.245712
2017-04-02 00:05:00+00:00,-213.140701
2017-04-02 00:06:00+00:00,-204.788025
2017-04-02 00:07:00+00:00,-199.624222
2017-04-02 00:08:00+00:00,-196.669342
2017-04-02 00:09:00+00:00,-199.856934
2017-04-02 00:10:00+00:00,-199.792007
2017-04-02 00:11:00+00:00,-203.666473
2017-04-02 00:12:00+00:00,-201.085236
2017-04-02 00:13:00+00:00,-200.678299
2017-04-02 00:14:00+00:00,-196.817154
2017-04-02 00:15:00+00:00,-194.252594
2017-04-02 00:16:00+00:00,-204.529373
2017-04-02 00:17:00+00:00,-211.565445
2017-04-02 00:18:00+00:00,-206.494629
2017-04-02 00:19:00+00:00,-203.881027
2017-04-02 00:20:00+00:00,-201.588089
2017-04-02 00:21:00+00:00,-199.785126
2017-04-02 00:22:00+00:00,-202.831467
2017-04-02 00:23:00+00:00,-208.505005
2017-04-02 00:24:00+00:00,-206.111267
2017-04-02 00:25:00+00:00,-205.483765
2017-04-02 00:26:00+00:00,-197.611771
2017-04-02 00:27:00+00:00,-190.539734
2017-04-02 00:28:00+00:00,-184.00383
2017-04-02 00:29:00+00:00,-177.740921
2017-04-02 00:30:00+00:00,-174.942017
2017-04-02 00:31:00+00:00,-177.111237
2017-04-02 00:32:00+00:00,-179.189026
2017-04-02 00:33:00+00:00,-175.47023
2017-04-02 00:34:00+00:00,-171.025757
2017-04-02 00:35:00+00:00,-185.583313
2017-04-02 00:36:00+00:00,-161.408356
2017-04-02 00:37:00+00:00,-161.679306
2017-04-02 00:38:00+00:00,-165.728256
2017-04-02 00:39:00+00:00,-166.408203
2017-04-02 00:40:00+00:00,-167.691467
2017-04-02 00:41:00+00:00,-167.200058
2017-04-02 00:42:00+00:00,-164.660248
2017-04-02 00:43:00+00:00,-163.431763
2017-04-02 00:44:00+00:00,-163.494797
2017-04-02 00:45:00+00:00,-165.346161
2017-04-02 00:46:00+00:00,-171.885574
2017-04-02 00:47:00+00:00,-175.96434
2017-04-02 00:48:00+00:00,-177.508163
2017-04-02 00:49:00+00:00,-181.327362
2017-04-02 00:50:00+00:00,-195.729187
2017-04-02 00:51:00+00:00,-213.875473
2017-04-02 00:52:00+00:00,-180.306274
2017-04-02 00:53:00+00:00,-172.229797
2017-04-02 00:54:00+00:00,-166.319382
2017-04-02 00:55:00+00:00,-164.209473
2017-04-02 00:56:00+00:00,-162.33165
2017-04-02 00:57:00+00:00,-157.030212
2017-04-02 00:58:00+00:00,-154.17511
2017-04-02 00:59:00+00:00,-152.318314
2017-04-02 01:00:00+00:00,-151.582748
2017-04-02 01:01:00+00:00,-141.25473
2017-04-02 01:02:00+00:00,-139.70285
2017-04-02 01:03:00+00:00,-142.584259
2017-04-02 01:04:00+00:00,-150.790314
2017-04-02 01:05:00+00:00,-150.604477
2017-04-02 01:06:00+00:00,-141.382935
2017-04-02 01:07:00+00:00,-136.182251
2017-04-02 01:08:00+00:00,-131.839081
2017-04-02 01:09:00+00:00,-126.485512
2017-04-02 01:10:00+00:00,-121.877151
2017-04-02 01:11:00+00:00,-124.58522
2017-04-02 01:12:00+00:00,-127.633865
2017-04-02 01:13:00+00:00,-136.529205
2017-04-02 01:14:00+00:00,-141.400848
2017-04-02 01:15:00+00:00,-146.18399
2017-04-02 01:16:00+00:00,-151.604691
2017-04-02 01:17:00+00:00,-154.888367
2017-04-02 01:18:00+00:00,-156.715271
2017-04-02 01:19:00+00:00,-155.673141
2017-04-02 01:20:00+00:00,-167.245819
2017-04-02 01:21:00+00:00,-174.984375
2017-04-02 01:22:00+00:00,-172.768158
2017-04-02 01:23:00+00:00,-177.854355
2017-04-02 01:24:00+00:00,-180.737579
2017-04-02 01:25:00+00:00,-183.689957
2017-04-02 01:26:00+00:00,-181.668442
2017-04-02 01:27:00+00:00,-185.115967
2017-04-02 01:28:00+00:00,-191.787033
2017-04-02 01:29:00+00:00,-194.09288
2017-04-02 01:30:00+00:00,-197.727539
2017-04-02 01:31:00+00:00,-194.556366
2017-04-02 01:32:00+00:00,-189.616318
2017-04-02 01:33:00+00:00,-191.020554
2017-04-02 01:34:00+00:00,-188.153152
2017-04-02 01:35:00+00:00,-182.832855
2017-04-02 01:36:00+00:00,-182.243973
2017-04-02 01:37:00+00:00,-166.417679
2017-04-02 01:38:00+00:00,-153.671051
2017-04-02 01:39:00+00:00,-157.402664
2017-04-02 01:40:00+00:00,-166.410843
2017-04-02 01:41:00+00:00,-161.362534
2017-04-02 01:42:00+00:00,-144.056992
2017-04-02 01:43:00+00:00,-131.395569
2017-04-02 01:44:00+00:00,-130.930054
2017-04-02 01:45:00+00:00,-139.910583
2017-04-02 01:46:00+00:00,-167.10611
2017-04-02 01:47:00+00:00,-171.395355
2017-04-02 01:48:00+00:00,-142.205093
2017-04-02 01:49:00+00:00,-169.083237
2017-04-02 01:50:00+00:00,-271.488586
2017-04-02 01:51:00+00:00,-227.070465
2017-04-02 01:52:00+00:00,-183.924622
2017-04-02 01:53:00+00:00,-188.000793
2017-04-02 01:54:00+00:00,-190.270508
2017-04-02 01:55:00+00:00,-208.38765
2017-04-02 01:56:00+00:00,-229.216431
2017-04-02 01:57:00+00:00,-233.698853
2017-04-02 01:58:00+00:00,-199.817123
2017-04-02 01:59:00+00:00,-151.041855
2017-04-02 02:00:00+00:00,-131.710754
2017-04-02 02:01:00+00:00,-144.116699
2017-04-02 02:02:00+00:00,-147.57373
2017-04-02 02:03:00+00:00,-114.730209
2017-04-02 02:04:00+00:00,-99.150551
2017-04-02 02:05:00+00:00,-126.357063
2017-04-02 02:06:00+00:00,-118.013748
2017-04-02 02:07:00+00:00,-104.954506
2017-04-02 02:08:00+00:00,-97.793686
2017-04-02 02:09:00+00:00,-74.269196
2017-04-02 02:10:00+00:00,-62.825893
2017-04-02 02:11:00+00:00,-67.170868
2017-04-02 02:12:00+00:00,-73.507385
2017-04-02 02:13:00+00:00,-79.620155
2017-04-02 02:14:00+00:00,-110.127098
2017-04-02 02:15:00+00:00,-140.449905
2017-04-02 02:16:00+00:00,-156.473572
2017-04-02 02:17:00+00:00,-142.196915
2017-04-02 02:18:00+00:00,-124.426529
2017-04-02 02:19:00+00:00,-99.230598
2017-04-02 02:20:00+00:00,-72.478455
2017-04-02 02:21:00+00:00,-71.289162
2017-04-02 02:22:00+00:00,-66.555405
2017-04-02 02:23:00+00:00,-68.724854
2017-04-02 02:24:00+00:00,-65.240044
2017-04-02 02:25:00+00:00,-61.351738
2017-04-02 02:26:00+00:00,-59.787842
2017-04-02 02:27:00+00:00,-58.414864
2017-04-02 02:28:00+00:00,-56.246803
2017-04-02 02:29:00+00:00,-51.956348
2017-04-02 02:30:00+00:00,-45.050903
2017-04-02 02:31:00+00:00,-45.372513
2017-04-02 02:32:00+00:00,-44.165501
2017-04-02 02:33:00+00:00,-43.836174
2017-04-02 02:34:00+00:00,-47.556133
2017-04-02 02:35:00+00:00,-48.966824
2017-04-02 02:36:00+00:00,-56.262123
2017-04-02 02:37:00+00:00,-51.57753
2017-04-02 02:38:00+00:00,-50.585411
2017-04-02 02:39:00+00:00,-77.278915
2017-04-02 02:40:00+00:00,-53.992439
2017-04-02 02:41:00+00:00,-39.076809
2017-04-02 02:42:00+00:00,-36.715065
2017-04-02 02:43:00+00:00,-36.381481
2017-04-02 02:44:00+00:00,-32.397892
2017-04-02 02:45:00+00:00,-30.302906
2017-04-02 02:46:00+00:00,-31.749924
2017-04-02 02:47:00+00:00,-30.757519
2017-04-09 00:00:00+00:00,-318.106781
2017-04-09 00:01:00+00:00,-299.243134
2017-04-09 00:02:00+00:00,-338.927002
2017-04-09 00:03:00+00:00,-331.860016
2017-04-09 00:04:00+00:00,-373.0242
2017-04-09 00:05:00+00:00,-391.80368
2017-04-09 00:06:00+00:00,-363.471191
2017-04-09 00:07:00+00:00,-382.590271
2017-04-09 00:08:00+00:00,-441.38385
2017-04-09 00:09:00+00:00,-447.464203
2017-04-09 00:10:00+00:00,-481.036011
2017-04-09 00:11:00+00:00,-523.195862
2017-04-09 00:12:00+00:00,-557.296631
2017-04-09 00:13:00+00:00,-574.391907
2017-04-09 00:14:00+00:00,-556.974976
2017-04-09 00:15:00+00:00,-536.540894
2017-04-09 00:16:00+00:00,-562.753235
2017-04-09 00:17:00+00:00,-567.496033
2017-04-09 00:18:00+00:00,-560.460571
2017-04-09 00:19:00+00:00,-551.576111
2017-04-09 00:20:00+00:00,-517.386292
2017-04-09 00:21:00+00:00,-495.766693
2017-04-09 00:22:00+00:00,-499.108887
2017-04-09 00:23:00+00:00,-482.060669
2017-04-09 00:24:00+00:00,-474.576569
2017-04-09 00:25:00+00:00,-433.033051
2017-04-09 00:26:00+00:00,-452.217072
2017-04-09 00:27:00+00:00,-463.648224
2017-04-09 00:28:00+00:00,-462.363708
2017-04-09 00:29:00+00:00,-447.889252
2017-04-09 00:30:00+00:00,-440.406769
2017-04-09 00:31:00+00:00,-401.502197
2017-04-09 00:32:00+00:00,-427.429382
2017-04-09 00:33:00+00:00,-424.218964
2017-04-09 00:34:00+00:00,-416.422852
2017-04-09 00:35:00+00:00,-415.616119
2017-04-09 00:36:00+00:00,-419.151459
2017-04-09 00:37:00+00:00,-432.149658
2017-04-09 00:38:00+00:00,-437.538025
2017-04-09 00:39:00+00:00,-468.074219
2017-04-09 00:40:00+00:00,-510.257782
2017-04-09 00:41:00+00:00,-548.615051
2017-04-09 00:42:00+00:00,-574.643738
2017-04-09 00:43:00+00:00,-546.159973
2017-04-09 00:44:00+00:00,-528.523743
2017-04-09 00:45:00+00:00,-526.394226
2017-04-09 00:46:00+00:00,-532.377441
2017-04-09 00:47:00+00:00,-506.562866
2017-04-09 00:48:00+00:00,-494.564667
2017-04-09 00:49:00+00:00,-430.835602
2017-04-09 00:50:00+00:00,-403.50058
2017-04-09 00:51:00+00:00,-422.247314
2017-04-09 00:52:00+00:00,-445.118652
2017-04-09 00:53:00+00:00,-532.974182
2017-04-09 00:54:00+00:00,-647.592957
2017-04-09 00:55:00+00:00,-691.320801
2017-04-09 00:56:00+00:00,-686.110901
2017-04-09 00:57:00+00:00,-685.477112
2017-04-09 00:58:00+00:00,-640.00708
2017-04-09 00:59:00+00:00,-621.846436
2017-04-09 01:00:00+00:00,-604.326355
2017-04-09 01:01:00+00:00,-612.066528
2017-04-09 01:02:00+00:00,-611.188721
2017-04-09 01:03:00+00:00,-585.875732
2017-04-09 01:04:00+00:00,-537.433289
2017-04-09 01:05:00+00:00,-526.012634
2017-04-09 01:06:00+00:00,-550.786682
2017-04-09 01:07:00+00:00,-618.778992
2017-04-09 01:08:00+00:00,-591.358826
2017-04-09 01:09:00+00:00,-515.358032
2017-04-09 01:10:00+00:00,-481.004303
2017-04-09 01:11:00+00:00,-480.301544
2017-04-09 01:12:00+00:00,-522.98822
2017-04-09 01:13:00+00:00,-551.548523
2017-04-09 01:14:00+00:00,-570.668152
2017-04-09 01:15:00+00:00,-527.846252
2017-04-09 01:16:00+00:00,-539.436157
2017-04-09 01:17:00+00:00,-525.979553
2017-04-09 01:18:00+00:00,-548.968445
2017-04-09 01:19:00+00:00,-550.769165
2017-04-09 01:20:00+00:00,-554.658264
2017-04-09 01:21:00+00:00,-569.783081
2017-04-09 01:22:00+00:00,-583.751953
2017-04-09 01:23:00+00:00,-578.835266
2017-04-09 01:24:00+00:00,-548.736389
2017-04-09 01:25:00+00:00,-541.729553
2017-04-09 01:26:00+00:00,-600.063477
2017-04-09 01:27:00+00:00,-577.266846
2017-04-09 01:28:00+00:00,-581.245361
2017-04-09 01:29:00+00:00,-578.438477
2017-04-09 01:30:00+00:00,-560.078918
2017-04-09 01:31:00+00:00,-526.933777
2017-04-09 01:32:00+00:00,-515.876038
2017-04-09 01:33:00+00:00,-522.805237
2017-04-09 01:34:00+00:00,-541.763245
2017-04-09 01:35:00+00:00,-556.562866
2017-04-09 01:36:00+00:00,-546.505127
2017-04-09 01:37:00+00:00,-547.483215
2017-04-09 01:38:00+00:00,-559.431396
2017-04-09 01:39:00+00:00,-573.390808
2017-04-09 01:40:00+00:00,-571.346619
2017-04-09 01:41:00+00:00,-549.225708
2017-04-09 01:42:00+00:00,-534.207581
2017-04-09 01:43:00+00:00,-521.169312
2017-04-09 01:44:00+00:00,-508.172272
2017-04-09 01:45:00+00:00,-494.170624
2017-04-09 01:46:00+00:00,-496.171112
2017-04-09 01:47:00+00:00,-493.171814
2017-04-09 01:48:00+00:00,-482.200012
2017-04-09 01:49:00+00:00,-494.226379
2017-04-09 01:50:00+00:00,-509.291901
2017-04-09 01:51:00+00:00,-509.381927
2017-04-09 01:52:00+00:00,-498.454407
2017-04-09 01:53:00+00:00,-480.555237
2017-04-09 01:54:00+00:00,-463.499817
2017-04-09 01:55:00+00:00,-439.568359
2017-04-09 01:56:00+00:00,-455.619263
2017-04-09 01:57:00+00:00,-484.662292
2017-04-09 01:58:00+00:00,-491.662201
2017-04-09 01:59:00+00:00,-487.586792
2017-04-09 02:00:00+00:00,-515.606873
2017-04-09 02:01:00+00:00,-547.553711
2017-04-09 02:02:00+00:00,-553.478149
2017-04-09 02:03:00+00:00,-546.487671
2017-04-09 02:04:00+00:00,-528.389832
2017-04-09 02:05:00+00:00,-509.376038
2017-04-09 02:06:00+00:00,-482.406311
2017-04-09 02:07:00+00:00,-463.406372
2017-04-09 02:08:00+00:00,-478.490509
2017-04-09 02:09:00+00:00,-492.472168
2017-04-09 02:10:00+00:00,-489.432434
2017-04-09 02:11:00+00:00,-481.400574
2017-04-09 02:12:00+00:00,-458.372711
2017-04-09 02:13:00+00:00,-454.340027
2017-04-09 02:14:00+00:00,-459.374786
2017-04-09 02:15:00+00:00,-463.396942
2017-04-09 02:16:00+00:00,-468.397644
2017-04-09 02:17:00+00:00,-482.382812
2017-04-09 02:18:00+00:00,-492.343628
2017-04-09 02:19:00+00:00,-493.350403
2017-04-09 02:20:00+00:00,-501.357208
2017-04-09 02:21:00+00:00,-511.359222
2017-04-09 02:22:00+00:00,-505.347595
2017-04-09 02:23:00+00:00,-491.329224
2017-04-09 02:24:00+00:00,-479.421204
2017-04-09 02:25:00+00:00,-473.524994
2017-04-09 02:26:00+00:00,-487.622925
2017-04-09 02:27:00+00:00,-499.711182
2017-04-09 02:28:00+00:00,-516.88446
2017-04-09 02:29:00+00:00,-517.040161
2017-04-09 02:30:00+00:00,-509.310181
2017-04-09 02:31:00+00:00,-504.312622
2017-04-09 02:32:00+00:00,-509.017242
2017-04-09 02:33:00+00:00,-500.921082
2017-04-09 02:34:00+00:00,-474.725342
2017-04-09 02:35:00+00:00,-447.495422
2017-04-09 02:36:00+00:00,-457.479401
2017-04-09 02:37:00+00:00,-476.402893
2017-04-09 02:38:00+00:00,-472.317627
2017-04-09 02:39:00+00:00,-468.580139
2017-04-09 02:40:00+00:00,-496.905884
2017-04-09 02:41:00+00:00,-515.272583
2017-04-09 02:42:00+00:00,-504.300903
2017-04-09 02:43:00+00:00,-508.505432
2017-04-09 02:44:00+00:00,-493.837433
2017-04-09 02:45:00+00:00,-481.987
2017-04-09 02:46:00+00:00,-492.242065
2017-04-09 02:47:00+00:00,-519.942566
2017-04-16 00:00:00+00:00,-119.373611
2017-04-16 00:01:00+00:00,-114.173325
2017-04-16 00:02:00+00:00,-116.087814
2017-04-16 00:03:00+00:00,-121.204056
2017-04-16 00:04:00+00:00,-102.001099
2017-04-16 00:05:00+00:00,-63.097275
2017-04-16 00:06:00+00:00,-48.460636
2017-04-16 00:07:00+00:00,-46.750961
2017-04-16 00:08:00+00:00,-45.463966
2017-04-16 00:09:00+00:00,-45.910454
2017-04-16 00:10:00+00:00,-43.859718
2017-04-16 00:11:00+00:00,-44.474945
2017-04-16 00:12:00+00:00,-71.173737
2017-04-16 00:13:00+00:00,-60.757111
2017-04-16 00:14:00+00:00,-70.249138
2017-04-16 00:15:00+00:00,-57.506966
2017-04-16 00:16:00+00:00,-53.234509
2017-04-16 00:17:00+00:00,-43.782089
2017-04-16 00:18:00+00:00,-36.929977
2017-04-16 00:19:00+00:00,-38.072121
2017-04-16 00:20:00+00:00,-38.508434
2017-04-16 00:21:00+00:00,-46.881706
2017-04-16 00:22:00+00:00,-74.633987
2017-04-16 00:23:00+00:00,-51.960186
2017-04-16 00:24:00+00:00,-36.641563
2017-04-16 00:25:00+00:00,-35.646172
2017-04-16 00:26:00+00:00,-31.628967
2017-04-16 00:27:00+00:00,-30.040028
2017-04-16 00:28:00+00:00,-32.038757
2017-04-16 00:29:00+00:00,-32.601948
2017-04-16 00:30:00+00:00,-31.48848
2017-04-16 00:31:00+00:00,-31.660622
2017-04-16 00:32:00+00:00,-33.54438
2017-04-16 00:33:00+00:00,-45.293427
2017-04-16 00:34:00+00:00,-60.142109
2017-04-16 00:35:00+00:00,-45.458851
2017-04-16 00:36:00+00:00,-36.952362
2017-04-16 00:37:00+00:00,-57.072964
2017-04-16 00:38:00+00:00,-60.553864
2017-04-16 00:39:00+00:00,-56.181023
2017-04-16 00:40:00+00:00,-60.972771
2017-04-16 00:41:00+00:00,-55.465126
2017-04-16 00:42:00+00:00,-55.978706
2017-04-16 00:43:00+00:00,-65.911201
2017-04-16 00:44:00+00:00,-87.449524
2017-04-16 00:45:00+00:00,-87.195518
2017-04-16 00:46:00+00:00,-85.961624
2017-04-16 00:47:00+00:00,-56.880516
2017-04-16 00:48:00+00:00,-34.366375
2017-04-16 00:49:00+00:00,-22.797232
2017-04-16 00:50:00+00:00,-24.331055
2017-04-16 00:51:00+00:00,-17.130268
2017-04-16 00:52:00+00:00,-16.30352
2017-04-16 00:53:00+00:00,-15.823231
2017-04-16 00:54:00+00:00,-15.239239
2017-04-16 00:55:00+00:00,-16.485607
2017-04-16 00:56:00+00:00,-30.157631
2017-04-16 00:57:00+00:00,-45.176708
2017-04-16 00:58:00+00:00,-51.153221
2017-04-16 00:59:00+00:00,-44.657509
2017-04-16 01:00:00+00:00,-47.454792
2017-04-16 01:01:00+00:00,-58.159145
2017-04-16 01:02:00+00:00,-47.394234
2017-04-16 01:03:00+00:00,-39.316372
2017-04-16 01:04:00+00:00,-31.909744
2017-04-16 01:05:00+00:00,-24.50819
2017-04-16 01:06:00+00:00,-27.253407
2017-04-16 01:07:00+00:00,-45.009029
2017-04-16 01:08:00+00:00,-78.152161
2017-04-16 01:09:00+00:00,-69.768921
2017-04-16 01:10:00+00:00,-71.425583
2017-04-16 01:11:00+00:00,-45.780876
2017-04-16 01:12:00+00:00,-41.58057
2017-04-16 01:13:00+00:00,-87.197769
2017-04-16 01:14:00+00:00,-86.586639
2017-04-16 01:15:00+00:00,-70.931068
2017-04-16 01:16:00+00:00,-69.071503
2017-04-16 01:17:00+00:00,-61.278709
2017-04-16 01:18:00+00:00,-58.631836
2017-04-16 01:19:00+00:00,-54.328461
2017-04-16 01:20:00+00:00,-48.595917
2017-04-16 01:21:00+00:00,-51.030773
2017-04-16 01:22:00+00:00,-44.317844
2017-04-16 01:23:00+00:00,-51.086548
2017-04-16 01:24:00+00:00,-56.964561
2017-04-16 01:25:00+00:00,-67.309944
2017-04-16 01:26:00+00:00,-60.198711
2017-04-16 01:27:00+00:00,-56.034378
2017-04-16 01:28:00+00:00,-59.618019
2017-04-16 01:29:00+00:00,-56.182556
2017-04-16 01:30:00+00:00,-43.001167
2017-04-16 01:31:00+00:00,-34.878288
2017-04-16 01:32:00+00:00,-35.807007
2017-04-16 01:33:00+00:00,-33.751198
2017-04-16 01:34:00+00:00,-37.155926
2017-04-16 01:35:00+00:00,-53.137684
2017-04-16 01:36:00+00:00,-61.528584
2017-04-16 01:37:00+00:00,-55.063972
2017-04-16 01:38:00+00:00,-42.972557
2017-04-16 01:39:00+00:00,-52.331104
2017-04-16 01:40:00+00:00,-46.363255
2017-04-16 01:41:00+00:00,-63.717239
2017-04-16 01:42:00+00:00,-73.100349
2017-04-16 01:43:00+00:00,-85.612755
2017-04-16 01:44:00+00:00,-87.9067
2017-04-16 01:45:00+00:00,-95.948814
2017-04-16 01:46:00+00:00,-90.208908
2017-04-16 01:47:00+00:00,-72.612541
2017-04-16 01:48:00+00:00,-64.903763
2017-04-16 01:49:00+00:00,-69.599167
2017-04-16 01:50:00+00:00,-60.737568
2017-04-16 01:51:00+00:00,-41.197823
2017-04-16 01:52:00+00:00,-35.543648
2017-04-16 01:53:00+00:00,-37.067768
2017-04-16 01:54:00+00:00,-36.315041
2017-04-16 01:55:00+00:00,-35.074982
2017-04-16 01:56:00+00:00,-34.12236
2017-04-16 01:57:00+00:00,-40.314312
2017-04-16 01:58:00+00:00,-37.118393
2017-04-16 01:59:00+00:00,-40.965515
2017-04-16 02:00:00+00:00,-52.670574
2017-04-16 02:01:00+00:00,-45.460751
2017-04-16 02:02:00+00:00,-35.00531
2017-04-16 02:03:00+00:00,-34.928925
2017-04-16 02:04:00+00:00,-35.806084
2017-04-16 02:05:00+00:00,-34.295799
2017-04-16 02:06:00+00:00,-32.183212
2017-04-16 02:07:00+00:00,-35.501469
2017-04-16 02:08:00+00:00,-39.575966
2017-04-16 02:09:00+00:00,-50.407925
2017-04-16 02:10:00+00:00,-56.55603
2017-04-16 02:11:00+00:00,-62.641685
2017-04-16 02:12:00+00:00,-61.639904
2017-04-16 02:13:00+00:00,-69.985016
2017-04-16 02:14:00+00:00,-81.707115
2017-04-16 02:15:00+00:00,-97.750465
2017-04-16 02:16:00+00:00,-130.859726
2017-04-16 02:17:00+00:00,-88.500191
2017-04-16 02:18:00+00:00,-97.764938
2017-04-16 02:19:00+00:00,-112.753479
2017-04-16 02:20:00+00:00,-112.244392
2017-04-16 02:21:00+00:00,-103.84375
2017-04-16 02:22:00+00:00,-111.214485
2017-04-16 02:23:00+00:00,-109.398361
2017-04-16 02:24:00+00:00,-110.415924
2017-04-16 02:25:00+00:00,-87.334297
2017-04-16 02:26:00+00:00,-76.180649
2017-04-16 02:27:00+00:00,-90.640457
2017-04-16 02:28:00+00:00,-67.637177
2017-04-16 02:29:00+00:00,-67.146004
2017-04-16 02:30:00+00:00,-64.900116
2017-04-16 02:31:00+00:00,-60.05703
2017-04-16 02:32:00+00:00,-55.926071
2017-04-16 02:33:00+00:00,-49.141953
2017-04-16 02:34:00+00:00,-48.148731
2017-04-16 02:35:00+00:00,-53.750511
2017-04-16 02:36:00+00:00,-55.247742
2017-04-16 02:37:00+00:00,-56.476303
2017-04-16 02:38:00+00:00,-61.955673
2017-04-16 02:39:00+00:00,-61.505123
2017-04-16 02:40:00+00:00,-61.91753
2017-04-16 02:41:00+00:00,-79.396622
2017-04-16 02:42:00+00:00,-85.97657
2017-04-16 02:43:00+00:00,-85.771904
2017-04-16 02:44:00+00:00,-67.298683
2017-04-16 02:45:00+00:00,-55.002743
2017-04-16 02:46:00+00:00,-36.696568
2017-04-16 02:47:00+00:00,-33.762085
2017-04-23 00:00:00+00:00,-752.365723
2017-04-23 00:01:00+00:00,-761.471313
2017-04-23 00:02:00+00:00,-740.619263
2017-04-23 00:03:00+00:00,-735.665833
2017-04-23 00:04:00+00:00,-730.555847
2017-04-23 00:05:00+00:00,-717.679321
2017-04-23 00:06:00+00:00,-659.442017
2017-04-23 00:07:00+00:00,-589.796204
2017-04-23 00:08:00+00:00,-525.548401
2017-04-23 00:09:00+00:00,-470.232971
2017-04-23 00:10:00+00:00,-438.147583
2017-04-23 00:11:00+00:00,-460.257721
2017-04-23 00:12:00+00:00,-470.167603
2017-04-23 00:13:00+00:00,-469.152893
2017-04-23 00:14:00+00:00,-443.094177
2017-04-23 00:15:00+00:00,-432.159027
2017-04-23 00:16:00+00:00,-413.898407
2017-04-23 00:17:00+00:00,-406.768951
2017-04-23 00:18:00+00:00,-413.608276
2017-04-23 00:19:00+00:00,-394.198242
2017-04-23 00:20:00+00:00,-353.572693
2017-04-23 00:21:00+00:00,-331.959686
2017-04-23 00:22:00+00:00,-314.709137
2017-04-23 00:23:00+00:00,-294.557922
2017-04-23 00:24:00+00:00,-273.867432
2017-04-23 00:25:00+00:00,-250.178101
2017-04-23 00:26:00+00:00,-242.490494
2017-04-23 00:27:00+00:00,-215.796494
2017-04-23 00:28:00+00:00,-208.45491
2017-04-23 00:29:00+00:00,-204.355301
2017-04-23 00:30:00+00:00,-189.651077
2017-04-23 00:31:00+00:00,-179.003357
2017-04-23 00:32:00+00:00,-170.300598
2017-04-23 00:33:00+00:00,-157.878418
2017-04-23 00:34:00+00:00,-158.803909
2017-04-23 00:35:00+00:00,-143.211304
2017-04-23 00:36:00+00:00,-118.809677
2017-04-23 00:37:00+00:00,-134.779739
2017-04-23 00:38:00+00:00,-127.075905
2017-04-23 00:39:00+00:00,-113.009193
2017-04-23 00:40:00+00:00,-110.298462
2017-04-23 00:41:00+00:00,-104.163712
2017-04-23 00:42:00+00:00,-103.828278
2017-04-23 00:43:00+00:00,-108.776451
2017-04-23 00:44:00+00:00,-114.716469
2017-04-23 00:45:00+00:00,-114.654205
2017-04-23 00:46:00+00:00,-94.591255
2017-04-23 00:47:00+00:00,-77.530563
2017-04-23 00:48:00+00:00,-67.471016
2017-04-23 00:49:00+00:00,-62.414604
2017-04-23 00:50:00+00:00,-59.3629
2017-04-23 00:51:00+00:00,-69.360695
2017-04-23 00:52:00+00:00,-57.288147
2017-04-23 00:53:00+00:00,-59.170918
2017-04-23 00:54:00+00:00,-54.121937
2017-04-23 00:55:00+00:00,-61.496124
2017-04-23 00:56:00+00:00,-68.608917
2017-04-23 00:57:00+00:00,-119.855705
2017-04-23 00:58:00+00:00,-129.938385
2017-04-23 00:59:00+00:00,-178.885513
2017-04-23 01:00:00+00:00,-196.870026
2017-04-23 01:01:00+00:00,-196.866455
2017-04-23 01:02:00+00:00,-179.808929
2017-04-23 01:03:00+00:00,-150.97995
2017-04-23 01:04:00+00:00,-162.39566
2017-04-23 01:05:00+00:00,-176.336243
2017-04-23 01:06:00+00:00,-122.200348
2017-04-23 01:07:00+00:00,-135.322464
2017-04-23 01:08:00+00:00,-132.73111
2017-04-23 01:09:00+00:00,-139.18367
2017-04-23 01:10:00+00:00,-201.098526
2017-04-23 01:11:00+00:00,-150.193558
2017-04-23 01:12:00+00:00,-117.237053
2017-04-23 01:13:00+00:00,-119.030769
2017-04-23 01:14:00+00:00,-114.369629
2017-04-23 01:15:00+00:00,-93.754745
2017-04-23 01:16:00+00:00,-127.102409
2017-04-23 01:17:00+00:00,-198.050308
2017-04-23 01:18:00+00:00,-138.884033
2017-04-23 01:19:00+00:00,-90.10231
2017-04-23 01:20:00+00:00,-92.183716
2017-04-23 01:21:00+00:00,-97.313599
2017-04-23 01:22:00+00:00,-72.247658
2017-04-23 01:23:00+00:00,-61.129181
2017-04-23 01:24:00+00:00,-58.013523
2017-04-23 01:25:00+00:00,-64.862007
2017-04-23 01:26:00+00:00,-75.575577
2017-04-23 01:27:00+00:00,-89.514015
2017-04-23 01:28:00+00:00,-137.873108
2017-04-23 01:29:00+00:00,-137.35527
2017-04-23 01:30:00+00:00,-125.945946
2017-04-23 01:31:00+00:00,-135.694977
2017-04-23 01:32:00+00:00,-348.631256
2017-04-23 01:33:00+00:00,-267.69397
2017-04-23 01:34:00+00:00,-235.137619
2017-04-23 01:35:00+00:00,-149.283707
2017-04-23 01:36:00+00:00,-140.387634
2017-04-23 01:37:00+00:00,-111.772598
2017-04-23 01:38:00+00:00,-135.665588
2017-04-23 01:39:00+00:00,-88.979019
2017-04-23 01:40:00+00:00,-79.582512
2017-04-23 01:41:00+00:00,-101.430084
2017-04-23 01:42:00+00:00,-134.373444
2017-04-23 01:43:00+00:00,-115.286072
2017-04-23 01:44:00+00:00,-81.226501
2017-04-23 01:45:00+00:00,-72.10817
2017-04-23 01:46:00+00:00,-95.10379
2017-04-23 01:47:00+00:00,-104.433479
2017-04-23 01:48:00+00:00,-111.273674
2017-04-23 01:49:00+00:00,-111.131874
2017-04-23 01:50:00+00:00,-112.739204
2017-04-23 01:51:00+00:00,-119.11969
2017-04-23 01:52:00+00:00,-122.41404
2017-04-23 01:53:00+00:00,-123.336533
2017-04-23 01:54:00+00:00,-115.699326
2017-04-23 01:55:00+00:00,-132.207504
2017-04-23 01:56:00+00:00,-140.178253
2017-04-23 01:57:00+00:00,-132.458801
2017-04-23 01:58:00+00:00,-178.109375
2017-04-23 01:59:00+00:00,-154.102997
2017-04-23 02:00:00+00:00,-83.255569
2017-04-23 02:01:00+00:00,-116.75219
2017-04-23 02:02:00+00:00,-130.810394
2017-04-23 02:03:00+00:00,-111.03241
2017-04-23 02:04:00+00:00,-106.374039
2017-04-23 02:05:00+00:00,-103.331314
2017-04-23 02:06:00+00:00,-125.906578
2017-04-23 02:07:00+00:00,-112.180519
2017-04-23 02:08:00+00:00,-122.117233
2017-04-23 02:09:00+00:00,-123.03038
2017-04-23 02:10:00+00:00,-137.958923
2017-04-23 02:11:00+00:00,-138.885178
2017-04-23 02:12:00+00:00,-137.806488
2017-04-23 02:13:00+00:00,-130.720398
2017-04-23 02:14:00+00:00,-129.170395
2017-04-23 02:15:00+00:00,-106.362808
2017-04-23 02:16:00+00:00,-122.683151
2017-04-23 02:17:00+00:00,-198.852814
2017-04-23 02:18:00+00:00,-198.453644
2017-04-23 02:19:00+00:00,-181.076706
2017-04-23 02:20:00+00:00,-206.237518
2017-04-23 02:21:00+00:00,-275.200928
2017-04-23 02:22:00+00:00,-294.207306
2017-04-23 02:23:00+00:00,-283.129547
2017-04-23 02:24:00+00:00,-299.085175
2017-04-23 02:25:00+00:00,-336.124847
2017-04-23 02:26:00+00:00,-341.057037
2017-04-23 02:27:00+00:00,-343.940613
2017-04-23 02:28:00+00:00,-341.903412
2017-04-23 02:29:00+00:00,-321.79895
2017-04-23 02:30:00+00:00,-289.659302
2017-04-23 02:31:00+00:00,-266.526978
2017-04-23 02:32:00+00:00,-259.49176
2017-04-23 02:33:00+00:00,-254.48912
2017-04-23 02:34:00+00:00,-248.443726
2017-04-23 02:35:00+00:00,-234.389938
2017-04-23 02:36:00+00:00,-220.326599
2017-04-23 02:37:00+00:00,-217.242935
2017-04-23 02:38:00+00:00,-210.200317
2017-04-23 02:39:00+00:00,-216.389191
2017-04-23 02:40:00+00:00,-244.052444
2017-04-23 02:41:00+00:00,-212.361313
2017-04-23 02:42:00+00:00,-205.942673
2017-04-23 02:43:00+00:00,-242.114883
2017-04-23 02:44:00+00:00,-235.717178
2017-04-23 02:45:00+00:00,-175.515747
2017-04-23 02:46:00+00:00,-157.575897
2017-04-23 02:47:00+00:00,-177.423096
2017-04-30 00:00:00+00:00,-140.954468
2017-04-30 00:01:00+00:00,-147.118576
2017-04-30 00:02:00+00:00,-157.482147
2017-04-30 00:03:00+00:00,-160.15036
2017-04-30 00:04:00+00:00,-163.877197
2017-04-30 00:05:00+00:00,-167.228638
2017-04-30 00:06:00+00:00,-164.669571
2017-04-30 00:07:00+00:00,-156.915924
2017-04-30 00:08:00+00:00,-152.838242
2017-04-30 00:09:00+00:00,-152.552841
2017-04-30 00:10:00+00:00,-155.916718
2017-04-30 00:11:00+00:00,-160.613586
2017-04-30 00:12:00+00:00,-157.888962
2017-04-30 00:13:00+00:00,-150.457886
2017-04-30 00:14:00+00:00,-150.714645
2017-04-30 00:15:00+00:00,-148.21228
2017-04-30 00:16:00+00:00,-151.287064
2017-04-30 00:17:00+00:00,-154.894196
2017-04-30 00:18:00+00:00,-156.138809
2017-04-30 00:19:00+00:00,-157.782928
2017-04-30 00:20:00+00:00,-162.448669
2017-04-30 00:21:00+00:00,-166.072403
2017-04-30 00:22:00+00:00,-169.11171
2017-04-30 00:23:00+00:00,-174.016251
2017-04-30 00:24:00+00:00,-176.36676
2017-04-30 00:25:00+00:00,-175.535828
2017-04-30 00:26:00+00:00,-174.891785
2017-04-30 00:27:00+00:00,-180.395737
2017-04-30 00:28:00+00:00,-181.451675
2017-04-30 00:29:00+00:00,-176.984055
2017-04-30 00:30:00+00:00,-176.691605
2017-04-30 00:31:00+00:00,-178.288651
2017-04-30 00:32:00+00:00,-174.482346
2017-04-30 00:33:00+00:00,-172.288406
2017-04-30 00:34:00+00:00,-175.447449
2017-04-30 00:35:00+00:00,-173.871109
2017-04-30 00:36:00+00:00,-174.953598
2017-04-30 00:37:00+00:00,-179.71051
2017-04-30 00:38:00+00:00,-182.427734
2017-04-30 00:39:00+00:00,-178.990662
2017-04-30 00:40:00+00:00,-178.492081
2017-04-30 00:41:00+00:00,-174.101181
2017-04-30 00:42:00+00:00,-169.66597
2017-04-30 00:43:00+00:00,-172.691666
2017-04-30 00:44:00+00:00,-176.602097
2017-04-30 00:45:00+00:00,-181.853287
2017-04-30 00:46:00+00:00,-189.344589
2017-04-30 00:47:00+00:00,-196.570221
2017-04-30 00:48:00+00:00,-199.791855
2017-04-30 00:49:00+00:00,-201.268982
2017-04-30 00:50:00+00:00,-204.648575
2017-04-30 00:51:00+00:00,-206.889404
2017-04-30 00:52:00+00:00,-202.121796
2017-04-30 00:53:00+00:00,-192.120148
2017-04-30 00:54:00+00:00,-186.478714
2017-04-30 00:55:00+00:00,-189.503174
2017-04-30 00:56:00+00:00,-191.399704
2017-04-30 00:57:00+00:00,-190.87204
2017-04-30 00:58:00+00:00,-191.269012
2017-04-30 00:59:00+00:00,-196.578888
2017-04-30 01:00:00+00:00,-198.924591
2017-04-30 01:01:00+00:00,-197.369568
2017-04-30 01:02:00+00:00,-192.634506
2017-04-30 01:03:00+00:00,-188.498917
2017-04-30 01:04:00+00:00,-188.742798
2017-04-30 01:05:00+00:00,-193.97876
2017-04-30 01:06:00+00:00,-204.433548
2017-04-30 01:07:00+00:00,-209.791504
2017-04-30 01:08:00+00:00,-213.930145
2017-04-30 01:09:00+00:00,-211.767563
2017-04-30 01:10:00+00:00,-203.045898
2017-04-30 01:11:00+00:00,-202.964417
2017-04-30 01:12:00+00:00,-199.86792
2017-04-30 01:13:00+00:00,-201.070786
2017-04-30 01:14:00+00:00,-204.201126
2017-04-30 01:15:00+00:00,-206.414536
2017-04-30 01:16:00+00:00,-216.050415
2017-04-30 01:17:00+00:00,-226.950516
2017-04-30 01:18:00+00:00,-230.344421
2017-04-30 01:19:00+00:00,-226.792358
2017-04-30 01:20:00+00:00,-219.902298
2017-04-30 01:21:00+00:00,-222.056442
2017-04-30 01:22:00+00:00,-240.915497
2017-04-30 01:23:00+00:00,-251.189789
2017-04-30 01:24:00+00:00,-248.791702
2017-04-30 01:25:00+00:00,-240.252533
2017-04-30 01:26:00+00:00,-231.428192
2017-04-30 01:27:00+00:00,-233.199722
2017-04-30 01:28:00+00:00,-226.891693
2017-04-30 01:29:00+00:00,-215.327286
2017-04-30 01:30:00+00:00,-210.407959
2017-04-30 01:31:00+00:00,-208.073471
2017-04-30 01:32:00+00:00,-206.408798
2017-04-30 01:33:00+00:00,-200.301727
2017-04-30 01:34:00+00:00,-202.030685
2017-04-30 01:35:00+00:00,-203.749146
2017-04-30 01:36:00+00:00,-204.016647
2017-04-30 01:37:00+00:00,-197.840088
2017-04-30 01:38:00+00:00,-188.609802
2017-04-30 01:39:00+00:00,-184.717392
2017-04-30 01:40:00+00:00,-183.057632
2017-04-30 01:41:00+00:00,-178.187378
2017-04-30 01:42:00+00:00,-176.207184
2017-04-30 01:43:00+00:00,-166.376541
2017-04-30 01:44:00+00:00,-160.514893
2017-04-30 01:45:00+00:00,-154.706711
2017-04-30 01:46:00+00:00,-152.481339
2017-04-30 01:47:00+00:00,-149.759644
2017-04-30 01:48:00+00:00,-146.181488
2017-04-30 01:49:00+00:00,-143.398834
2017-04-30 01:50:00+00:00,-137.449203
2017-04-30 01:51:00+00:00,-128.137894
2017-04-30 01:52:00+00:00,-119.247749
2017-04-30 01:53:00+00:00,-108.244019
2017-04-30 01:54:00+00:00,-96.075546
2017-04-30 01:55:00+00:00,-89.921272
2017-04-30 01:56:00+00:00,-90.240089
2017-04-30 01:57:00+00:00,-95.055382
2017-04-30 01:58:00+00:00,-101.982819
2017-04-30 01:59:00+00:00,-106.083694
2017-04-30 02:00:00+00:00,-105.111534
2017-04-30 02:01:00+00:00,-98.368896
2017-04-30 02:02:00+00:00,-89.688942
2017-04-30 02:03:00+00:00,-84.935822
2017-04-30 02:04:00+00:00,-89.353981
2017-04-30 02:05:00+00:00,-88.857445
2017-04-30 02:06:00+00:00,-81.723984
2017-04-30 02:07:00+00:00,-80.117165
2017-04-30 02:08:00+00:00,-78.368927
2017-04-30 02:09:00+00:00,-75.466057
2017-04-30 02:10:00+00:00,-72.927063
2017-04-30 02:11:00+00:00,-69.619659
2017-04-30 02:12:00+00:00,-58.528034
2017-04-30 02:13:00+00:00,-51.620476
2017-04-30 02:14:00+00:00,-54.281696
2017-04-30 02:15:00+00:00,-54.278843
2017-04-30 02:16:00+00:00,-50.306999
2017-04-30 02:17:00+00:00,-47.483887
2017-04-30 02:18:00+00:00,-44.000866
2017-04-30 02:19:00+00:00,-46.805759
2017-04-30 02:20:00+00:00,-47.316269
2017-04-30 02:21:00+00:00,-41.822994
2017-04-30 02:22:00+00:00,-40.281063
2017-04-30 02:23:00+00:00,-66.993736
2017-04-30 02:24:00+00:00,-93.825432
2017-04-30 02:25:00+00:00,-91.126251
2017-04-30 02:26:00+00:00,-81.884567
2017-04-30 02:27:00+00:00,-60.068077
2017-04-30 02:28:00+00:00,-56.072033
2017-04-30 02:29:00+00:00,-59.948231
2017-04-30 02:30:00+00:00,-62.394073
2017-04-30 02:31:00+00:00,-61.150951
2017-04-30 02:32:00+00:00,-59.134808
2017-04-30 02:33:00+00:00,-57.67646
2017-04-30 02:34:00+00:00,-54.544003
2017-04-30 02:35:00+00:00,-49.7043
2017-04-30 02:36:00+00:00,-43.678577
2017-04-30 02:37:00+00:00,-39.70369
2017-04-30 02:38:00+00:00,-37.899464
2017-04-30 02:39:00+00:00,-37.907322
2017-04-30 02:40:00+00:00,-37.580387
2017-04-30 02:41:00+00:00,-37.301487
2017-04-30 02:42:00+00:00,-37.30011
2017-04-30 02:43:00+00:00,-37.020607
2017-04-30 02:44:00+00:00,-37.053806
2017-04-30 02:45:00+00:00,-37.367516
2017-04-30 02:46:00+00:00,-37.277134
2017-04-30 02:47:00+00:00,-37.563938
2017-05-07 00:00:00+00:00,-36.640327
2017-05-07 00:01:00+00:00,-43.568382
2017-05-07 00:02:00+00:00,-35.847866
2017-05-07 00:03:00+00:00,-31.033173
2017-05-07 00:04:00+00:00,-26.492058
2017-05-07 00:05:00+00:00,-19.38681
2017-05-07 00:06:00+00:00,-18.903383
2017-05-07 00:07:00+00:00,-19.307394
2017-05-07 00:08:00+00:00,-20.649796
2017-05-07 00:09:00+00:00,-23.656029
2017-05-07 00:10:00+00:00,-29.1493
2017-05-07 00:11:00+00:00,-31.933229
2017-05-07 00:12:00+00:00,-32.405361
2017-05-07 00:13:00+00:00,-31.860519
2017-05-07 00:14:00+00:00,-28.765463
2017-05-07 00:15:00+00:00,-22.911442
2017-05-07 00:16:00+00:00,-21.797024
2017-05-07 00:17:00+00:00,-20.015785
2017-05-07 00:18:00+00:00,-15.687222
2017-05-07 00:19:00+00:00,-11.84218
2017-05-07 00:20:00+00:00,-10.945836
2017-05-07 00:21:00+00:00,-10.55995
2017-05-07 00:22:00+00:00,-9.029863
2017-05-07 00:23:00+00:00,-12.130789
2017-05-07 00:24:00+00:00,-9.531158
2017-05-07 00:25:00+00:00,-8.125792
2017-05-07 00:26:00+00:00,-9.402054
2017-05-07 00:27:00+00:00,-10.163614
2017-05-07 00:28:00+00:00,-9.681295
2017-05-07 00:29:00+00:00,-9.462652
2017-05-07 00:30:00+00:00,-11.430464
2017-05-07 00:31:00+00:00,-19.20285
2017-05-07 00:32:00+00:00,-17.262812
2017-05-07 00:33:00+00:00,-10.237111
2017-05-07 00:34:00+00:00,-10.350655
2017-05-07 00:35:00+00:00,-11.091976
2017-05-07 00:36:00+00:00,-9.393427
2017-05-07 00:37:00+00:00,-8.956567
2017-05-07 00:38:00+00:00,-9.172092
2017-05-07 00:39:00+00:00,-9.23589
2017-05-07 00:40:00+00:00,-9.283724
2017-05-07 00:41:00+00:00,-9.199153
2017-05-07 00:42:00+00:00,-11.200216
2017-05-07 00:43:00+00:00,-12.933947
2017-05-07 00:44:00+00:00,-11.675371
2017-05-07 00:45:00+00:00,-12.475729
2017-05-07 00:46:00+00:00,-21.725023
2017-05-07 00:47:00+00:00,-25.075623
2017-05-07 00:48:00+00:00,-36.277042
2017-05-07 00:49:00+00:00,-41.315311
2017-05-07 00:50:00+00:00,-39.142189
2017-05-07 00:51:00+00:00,-31.36219
2017-05-07 00:52:00+00:00,-27.240358
2017-05-07 00:53:00+00:00,-19.695484
2017-05-07 00:54:00+00:00,-11.419373
2017-05-07 00:55:00+00:00,-11.394147
2017-05-07 00:56:00+00:00,-8.629408
2017-05-07 00:57:00+00:00,-11.048768
2017-05-07 00:58:00+00:00,-11.30166
2017-05-07 00:59:00+00:00,-12.743516
2017-05-07 01:00:00+00:00,-9.884294
2017-05-07 01:01:00+00:00,-9.856674
2017-05-07 01:02:00+00:00,-10.657288
2017-05-07 01:03:00+00:00,-12.13203
2017-05-07 01:04:00+00:00,-11.221819
2017-05-07 01:05:00+00:00,-9.948327
2017-05-07 01:06:00+00:00,-8.209959
2017-05-07 01:07:00+00:00,-8.014718
2017-05-07 01:08:00+00:00,-8.157036
2017-05-07 01:09:00+00:00,-8.056682
2017-05-07 01:10:00+00:00,-12.23203
2017-05-07 01:11:00+00:00,-9.169664
2017-05-07 01:12:00+00:00,-11.939616
2017-05-07 01:13:00+00:00,-13.545724
2017-05-07 01:14:00+00:00,-13.264796
2017-05-07 01:15:00+00:00,-6.81184
2017-05-07 01:16:00+00:00,-7.769589
2017-05-07 01:17:00+00:00,-8.936953
2017-05-07 01:18:00+00:00,-8.46541
2017-05-07 01:19:00+00:00,-8.639785
2017-05-07 01:20:00+00:00,-8.652972
2017-05-07 01:21:00+00:00,-9.777029
2017-05-07 01:22:00+00:00,-9.266449
2017-05-07 01:23:00+00:00,-13.169308
2017-05-07 01:24:00+00:00,-14.078154
2017-05-07 01:25:00+00:00,-15.065245
2017-05-07 01:26:00+00:00,-17.083212
2017-05-07 01:27:00+00:00,-23.10812
2017-05-07 01:28:00+00:00,-18.009109
2017-05-07 01:29:00+00:00,-14.955607
2017-05-07 01:30:00+00:00,-17.998365
2017-05-07 01:31:00+00:00,-23.008261
2017-05-07 01:32:00+00:00,-20.973309
2017-05-07 01:33:00+00:00,-22.903973
2017-05-07 01:34:00+00:00,-21.841599
2017-05-07 01:35:00+00:00,-22.837183
2017-05-07 01:36:00+00:00,-21.858997
2017-05-07 01:37:00+00:00,-22.833496
2017-05-07 01:38:00+00:00,-19.737129
2017-05-07 01:39:00+00:00,-17.692894
2017-05-07 01:40:00+00:00,-16.73864
2017-05-07 01:41:00+00:00,-21.175758
2017-05-07 01:42:00+00:00,-18.025257
2017-05-07 01:43:00+00:00,-19.883633
2017-05-07 01:44:00+00:00,-25.741161
2017-05-07 01:45:00+00:00,-28.590065
2017-05-07 01:46:00+00:00,-35.430458
2017-05-07 01:47:00+00:00,-36.293583
2017-05-07 01:48:00+00:00,-27.169846
2017-05-07 01:49:00+00:00,-23.015383
2017-05-07 01:50:00+00:00,-23.566925
2017-05-07 01:51:00+00:00,-21.096962
2017-05-07 01:52:00+00:00,-19.041126
2017-05-07 01:53:00+00:00,-16.660894
2017-05-07 01:54:00+00:00,-13.415335
2017-05-07 01:55:00+00:00,-12.708723
2017-05-07 01:56:00+00:00,-15.207372
2017-05-07 01:57:00+00:00,-12.571361
2017-05-07 01:58:00+00:00,-13.160362
2017-05-07 01:59:00+00:00,-13.978371
2017-05-07 02:00:00+00:00,-15.901335
2017-05-07 02:01:00+00:00,-15.609087
2017-05-07 02:02:00+00:00,-20.097752
2017-05-07 02:03:00+00:00,-18.407162
2017-05-07 02:04:00+00:00,-14.762077
2017-05-07 02:05:00+00:00,-14.397096
2017-05-07 02:06:00+00:00,-14.647556
2017-05-07 02:07:00+00:00,-14.194139
2017-05-07 02:08:00+00:00,-18.427383
2017-05-07 02:09:00+00:00,-24.38979
2017-05-07 02:10:00+00:00,-27.343922
2017-05-07 02:11:00+00:00,-23.310596
2017-05-07 02:12:00+00:00,-15.387897
2017-05-07 02:13:00+00:00,-14.631242
2017-05-07 02:14:00+00:00,-14.334148
2017-05-07 02:15:00+00:00,-15.131887
2017-05-07 02:16:00+00:00,-16.265558
2017-05-07 02:17:00+00:00,-16.151466
2017-05-07 02:18:00+00:00,-21.111805
2017-05-07 02:19:00+00:00,-24.260767
2017-05-07 02:20:00+00:00,-26.208317
2017-05-07 02:21:00+00:00,-30.537476
2017-05-07 02:22:00+00:00,-35.003372
2017-05-07 02:23:00+00:00,-33.905338
2017-05-07 02:24:00+00:00,-36.141083
2017-05-07 02:25:00+00:00,-27.686211
2017-05-07 02:26:00+00:00,-32.524349
2017-05-07 02:27:00+00:00,-38.429462
2017-05-07 02:28:00+00:00,-38.324646
2017-05-07 02:29:00+00:00,-47.661079
2017-05-07 02:30:00+00:00,-46.728054
2017-05-07 02:31:00+00:00,-58.239765
2017-05-07 02:32:00+00:00,-61.894512
2017-05-07 02:33:00+00:00,-63.227669
2017-05-07 02:34:00+00:00,-79.757431
2017-05-07 02:35:00+00:00,-84.385406
2017-05-07 02:36:00+00:00,-87.878212
2017-05-07 02:37:00+00:00,-104.257553
2017-05-07 02:38:00+00:00,-106.589516
2017-05-07 02:39:00+00:00,-122.160446
2017-05-07 02:40:00+00:00,-133.188141
2017-05-07 02:41:00+00:00,-139.999939
2017-05-07 02:42:00+00:00,-149.337753
2017-05-07 02:43:00+00:00,-159.929306
2017-05-07 02:44:00+00:00,-186.643784
2017-05-07 02:45:00+00:00,-185.681549
2017-05-07 02:46:00+00:00,-201.240585
2017-05-07 02:47:00+00:00,-196.28299
2017-05-14 00:00:00+00:00,-29.535604
2017-05-14 00:01:00+00:00,-29.800285
2017-05-14 00:02:00+00:00,-30.553211
2017-05-14 00:03:00+00:00,-30.857559
2017-05-14 00:04:00+00:00,-30.799692
2017-05-14 00:05:00+00:00,-30.934958
2017-05-14 00:06:00+00:00,-31.357042
2017-05-14 00:07:00+00:00,-31.265877
2017-05-14 00:08:00+00:00,-30.563175
2017-05-14 00:09:00+00:00,-29.548464
2017-05-14 00:10:00+00:00,-29.383793
2017-05-14 00:11:00+00:00,-31.050367
2017-05-14 00:12:00+00:00,-32.61293
2017-05-14 00:13:00+00:00,-32.664013
2017-05-14 00:14:00+00:00,-32.208431
2017-05-14 00:15:00+00:00,-32.078964
2017-05-14 00:16:00+00:00,-32.396976
2017-05-14 00:17:00+00:00,-32.549927
2017-05-14 00:18:00+00:00,-30.769035
2017-05-14 00:19:00+00:00,-28.755739
2017-05-14 00:20:00+00:00,-27.604534
2017-05-14 00:21:00+00:00,-27.742115
2017-05-14 00:22:00+00:00,-28.9739
2017-05-14 00:23:00+00:00,-29.475967
2017-05-14 00:24:00+00:00,-29.837915
2017-05-14 00:25:00+00:00,-27.955189
2017-05-14 00:26:00+00:00,-27.775757
2017-05-14 00:27:00+00:00,-28.61149
2017-05-14 00:28:00+00:00,-29.867397
2017-05-14 00:29:00+00:00,-31.326618
2017-05-14 00:30:00+00:00,-32.49371
2017-05-14 00:31:00+00:00,-32.728138
2017-05-14 00:32:00+00:00,-32.666908
2017-05-14 00:33:00+00:00,-31.635885
2017-05-14 00:34:00+00:00,-30.958755
2017-05-14 00:35:00+00:00,-31.095167
2017-05-14 00:36:00+00:00,-32.124168
2017-05-14 00:37:00+00:00,-33.12553
2017-05-14 00:38:00+00:00,-33.6036
2017-05-14 00:39:00+00:00,-33.465294
2017-05-14 00:40:00+00:00,-33.001572
2017-05-14 00:41:00+00:00,-33.185753
2017-05-14 00:42:00+00:00,-33.495834
2017-05-14 00:43:00+00:00,-34.035019
2017-05-14 00:44:00+00:00,-33.314964
2017-05-14 00:45:00+00:00,-31.987671
2017-05-14 00:46:00+00:00,-30.714785
2017-05-14 00:47:00+00:00,-29.430534
2017-05-14 00:48:00+00:00,-29.124783
2017-05-14 00:49:00+00:00,-29.230713
2017-05-14 00:50:00+00:00,-29.005774
2017-05-14 00:51:00+00:00,-28.133499
2017-05-14 00:52:00+00:00,-27.148624
2017-05-14 00:53:00+00:00,-26.765678
2017-05-14 00:54:00+00:00,-26.857298
2017-05-14 00:55:00+00:00,-27.766197
2017-05-14 00:56:00+00:00,-28.653999
2017-05-14 00:57:00+00:00,-28.893562
2017-05-14 00:58:00+00:00,-29.081093
2017-05-14 00:59:00+00:00,-29.456772
2017-05-14 01:00:00+00:00,-30.04542
2017-05-14 01:01:00+00:00,-31.494341
2017-05-14 01:02:00+00:00,-32.565479
2017-05-14 01:03:00+00:00,-32.508217
2017-05-14 01:04:00+00:00,-31.344944
2017-05-14 01:05:00+00:00,-29.863121
2017-05-14 01:06:00+00:00,-28.916161
2017-05-14 01:07:00+00:00,-29.367687
2017-05-14 01:08:00+00:00,-29.936396
2017-05-14 01:09:00+00:00,-28.800377
2017-05-14 01:10:00+00:00,-27.390179
2017-05-14 01:11:00+00:00,-27.415092
2017-05-14 01:12:00+00:00,-30.197609
2017-05-14 01:13:00+00:00,-31.64949
2017-05-14 01:14:00+00:00,-31.707935
2017-05-14 01:15:00+00:00,-33.056385
2017-05-14 01:16:00+00:00,-33.717522
2017-05-14 01:17:00+00:00,-33.253124
2017-05-14 01:18:00+00:00,-33.278584
2017-05-14 01:19:00+00:00,-33.711189
2017-05-14 01:20:00+00:00,-33.887066
2017-05-14 01:21:00+00:00,-32.610794
2017-05-14 01:22:00+00:00,-31.149284
2017-05-14 01:23:00+00:00,-29.98954
2017-05-14 01:24:00+00:00,-29.269215
2017-05-14 01:25:00+00:00,-31.234953
2017-05-14 01:26:00+00:00,-32.746048
2017-05-14 01:27:00+00:00,-32.428295
2017-05-14 01:28:00+00:00,-31.208397
2017-05-14 01:29:00+00:00,-31.05011
2017-05-14 01:30:00+00:00,-32.122116
2017-05-14 01:31:00+00:00,-33.629906
2017-05-14 01:32:00+00:00,-34.436913
2017-05-14 01:33:00+00:00,-34.773399
2017-05-14 01:34:00+00:00,-34.915321
2017-05-14 01:35:00+00:00,-35.27169
2017-05-14 01:36:00+00:00,-35.293747
2017-05-14 01:37:00+00:00,-36.84444
2017-05-14 01:38:00+00:00,-37.421669
2017-05-14 01:39:00+00:00,-36.335678
2017-05-14 01:40:00+00:00,-35.531845
2017-05-14 01:41:00+00:00,-34.84761
2017-05-14 01:42:00+00:00,-34.103386
2017-05-14 01:43:00+00:00,-33.041904
2017-05-14 01:44:00+00:00,-31.751125
2017-05-14 01:45:00+00:00,-31.550806
2017-05-14 01:46:00+00:00,-32.19809
2017-05-14 01:47:00+00:00,-33.840881
2017-05-14 01:48:00+00:00,-35.780312
2017-05-14 01:49:00+00:00,-36.936756
2017-05-14 01:50:00+00:00,-37.345741
2017-05-14 01:51:00+00:00,-36.724129
2017-05-14 01:52:00+00:00,-37.886646
2017-05-14 01:53:00+00:00,-34.99308
2017-05-14 01:54:00+00:00,-33.997826
2017-05-14 01:55:00+00:00,-34.137276
2017-05-14 01:56:00+00:00,-34.182152
2017-05-14 01:57:00+00:00,-32.55994
2017-05-14 01:58:00+00:00,-31.784544
2017-05-14 01:59:00+00:00,-31.443918
2017-05-14 02:00:00+00:00,-31.580223
2017-05-14 02:01:00+00:00,-31.805103
2017-05-14 02:02:00+00:00,-32.687576
2017-05-14 02:03:00+00:00,-31.389811
2017-05-14 02:04:00+00:00,-29.885387
2017-05-14 02:05:00+00:00,-31.489822
2017-05-14 02:06:00+00:00,-29.706076
2017-05-14 02:07:00+00:00,-28.328074
2017-05-14 02:08:00+00:00,-28.185036
2017-05-14 02:09:00+00:00,-30.319929
2017-05-14 02:10:00+00:00,-32.912476
2017-05-14 02:11:00+00:00,-34.202805
2017-05-14 02:12:00+00:00,-32.44706
2017-05-14 02:13:00+00:00,-28.360979
2017-05-14 02:14:00+00:00,-26.539066
2017-05-14 02:15:00+00:00,-34.758804
2017-05-14 02:16:00+00:00,-35.02375
2017-05-14 02:17:00+00:00,-32.29945
2017-05-14 02:18:00+00:00,-34.743885
2017-05-14 02:19:00+00:00,-29.85466
2017-05-14 02:20:00+00:00,-27.639977
2017-05-14 02:21:00+00:00,-27.262903
2017-05-14 02:22:00+00:00,-26.985159
2017-05-14 02:23:00+00:00,-25.026133
2017-05-14 02:24:00+00:00,-23.958801
2017-05-14 02:25:00+00:00,-26.150387
2017-05-14 02:26:00+00:00,-28.218723
2017-05-14 02:27:00+00:00,-25.07666
2017-05-14 02:28:00+00:00,-20.386971
2017-05-14 02:29:00+00:00,-19.662376
2017-05-14 02:30:00+00:00,-22.423021
2017-05-14 02:31:00+00:00,-26.127405
2017-05-14 02:32:00+00:00,-27.656693
2017-05-14 02:33:00+00:00,-29.374716
2017-05-14 02:34:00+00:00,-28.175961
2017-05-14 02:35:00+00:00,-25.27486
2017-05-14 02:36:00+00:00,-22.231997
2017-05-14 02:37:00+00:00,-23.419922
2017-05-14 02:38:00+00:00,-25.42857
2017-05-14 02:39:00+00:00,-26.947893
2017-05-14 02:40:00+00:00,-28.044331
2017-05-14 02:41:00+00:00,-27.721235
2017-05-14 02:42:00+00:00,-29.713194
2017-05-14 02:43:00+00:00,-27.152481
2017-05-14 02:44:00+00:00,-19.809635
2017-05-14 02:45:00+00:00,-24.457184
2017-05-14 02:46:00+00:00,-32.696815
2017-05-14 02:47:00+00:00,-41.032486
2017-05-21 00:00:00+00:00,-369.592346
2017-05-21 00:01:00+00:00,-374.99472
2017-05-21 00:02:00+00:00,-386.162537
2017-05-21 00:03:00+00:00,-373.222992
2017-05-21 00:04:00+00:00,-369.945129
2017-05-21 00:05:00+00:00,-357.102325
2017-05-21 00:06:00+00:00,-357.421234
2017-05-21 00:07:00+00:00,-368.117523
2017-05-21 00:08:00+00:00,-371.532501
2017-05-21 00:09:00+00:00,-369.020142
2017-05-21 00:10:00+00:00,-354.054626
2017-05-21 00:11:00+00:00,-350.011688
2017-05-21 00:12:00+00:00,-356.4953
2017-05-21 00:13:00+00:00,-367.806519
2017-05-21 00:14:00+00:00,-372.602814
2017-05-21 00:15:00+00:00,-371.844788
2017-05-21 00:16:00+00:00,-369.142029
2017-05-21 00:17:00+00:00,-375.965363
2017-05-21 00:18:00+00:00,-374.571899
2017-05-21 00:19:00+00:00,-378.642853
2017-05-21 00:20:00+00:00,-375.81424
2017-05-21 00:21:00+00:00,-386.820526
2017-05-21 00:22:00+00:00,-394.555603
2017-05-21 00:23:00+00:00,-402.074219
2017-05-21 00:24:00+00:00,-390.458069
2017-05-21 00:25:00+00:00,-365.080902
2017-05-21 00:26:00+00:00,-367.152924
2017-05-21 00:27:00+00:00,-377.131042
2017-05-21 00:28:00+00:00,-364.066101
2017-05-21 00:29:00+00:00,-360.858459
2017-05-21 00:30:00+00:00,-338.805634
2017-05-21 00:31:00+00:00,-317.641388
2017-05-21 00:32:00+00:00,-308.584717
2017-05-21 00:33:00+00:00,-303.370697
2017-05-21 00:34:00+00:00,-296.733215
2017-05-21 00:35:00+00:00,-292.470917
2017-05-21 00:36:00+00:00,-286.48999
2017-05-21 00:37:00+00:00,-285.974823
2017-05-21 00:38:00+00:00,-284.34668
2017-05-21 00:39:00+00:00,-296.746124
2017-05-21 00:40:00+00:00,-304.979767
2017-05-21 00:41:00+00:00,-296.157562
2017-05-21 00:42:00+00:00,-306.735474
2017-05-21 00:43:00+00:00,-314.896179
2017-05-21 00:44:00+00:00,-319.500671
2017-05-21 00:45:00+00:00,-322.177368
2017-05-21 00:46:00+00:00,-305.549896
2017-05-21 00:47:00+00:00,-301.582123
2017-05-21 00:48:00+00:00,-295.301544
2017-05-21 00:49:00+00:00,-296.522614
2017-05-21 00:50:00+00:00,-295.375031
2017-05-21 00:51:00+00:00,-307.397217
2017-05-21 00:52:00+00:00,-315.378174
2017-05-21 00:53:00+00:00,-315.989777
2017-05-21 00:54:00+00:00,-318.557526
2017-05-21 00:55:00+00:00,-311.26712
2017-05-21 00:56:00+00:00,-277.599609
2017-05-21 00:57:00+00:00,-267.914124
2017-05-21 00:58:00+00:00,-273.776245
2017-05-21 00:59:00+00:00,-275.105743
2017-05-21 01:00:00+00:00,-285.566132
2017-05-21 01:01:00+00:00,-280.607727
2017-05-21 01:02:00+00:00,-266.206238
2017-05-21 01:03:00+00:00,-253.394348
2017-05-21 01:04:00+00:00,-221.937012
2017-05-21 01:05:00+00:00,-220.4935
2017-05-21 01:06:00+00:00,-241.732986
2017-05-21 01:07:00+00:00,-244.705292
2017-05-21 01:08:00+00:00,-232.595947
2017-05-21 01:09:00+00:00,-209.625671
2017-05-21 01:10:00+00:00,-193.313065
2017-05-21 01:11:00+00:00,-193.159683
2017-05-21 01:12:00+00:00,-188.713135
2017-05-21 01:13:00+00:00,-179.209656
2017-05-21 01:14:00+00:00,-188.817902
2017-05-21 01:15:00+00:00,-195.612091
2017-05-21 01:16:00+00:00,-193.070587
2017-05-21 01:17:00+00:00,-187.876953
2017-05-21 01:18:00+00:00,-196.441513
2017-05-21 01:19:00+00:00,-198.408813
2017-05-21 01:20:00+00:00,-180.262466
2017-05-21 01:21:00+00:00,-176.68692
2017-05-21 01:22:00+00:00,-191.176773
2017-05-21 01:23:00+00:00,-190.675964
2017-05-21 01:24:00+00:00,-188.764572
2017-05-21 01:25:00+00:00,-194.285934
2017-05-21 01:26:00+00:00,-201.539627
2017-05-21 01:27:00+00:00,-208.489426
2017-05-21 01:28:00+00:00,-215.218674
2017-05-21 01:29:00+00:00,-207.890106
2017-05-21 01:30:00+00:00,-202.722672
2017-05-21 01:31:00+00:00,-198.102707
2017-05-21 01:32:00+00:00,-179.946442
2017-05-21 01:33:00+00:00,-175.862381
2017-05-21 01:34:00+00:00,-194.615402
2017-05-21 01:35:00+00:00,-213.945267
2017-05-21 01:36:00+00:00,-209.284958
2017-05-21 01:37:00+00:00,-188.9767
2017-05-21 01:38:00+00:00,-181.933289
2017-05-21 01:39:00+00:00,-186.614059
2017-05-21 01:40:00+00:00,-204.032471
2017-05-21 01:41:00+00:00,-210.947464
2017-05-21 01:42:00+00:00,-209.288025
2017-05-21 01:43:00+00:00,-219.018188
2017-05-21 01:44:00+00:00,-226.543335
2017-05-21 01:45:00+00:00,-244.818863
2017-05-21 01:46:00+00:00,-264.746277
2017-05-21 01:47:00+00:00,-265.965088
2017-05-21 01:48:00+00:00,-259.539886
2017-05-21 01:49:00+00:00,-253.525665
2017-05-21 01:50:00+00:00,-235.759491
2017-05-21 01:51:00+00:00,-226.546585
2017-05-21 01:52:00+00:00,-223.301834
2017-05-21 01:53:00+00:00,-229.55629
2017-05-21 01:54:00+00:00,-222.751236
2017-05-21 01:55:00+00:00,-221.17868
2017-05-21 01:56:00+00:00,-229.030838
2017-05-21 01:57:00+00:00,-221.533096
2017-05-21 01:58:00+00:00,-210.207489
2017-05-21 01:59:00+00:00,-215.932098
2017-05-21 02:00:00+00:00,-212.928772
2017-05-21 02:01:00+00:00,-205.555328
2017-05-21 02:02:00+00:00,-213.477173
2017-05-21 02:03:00+00:00,-210.090729
2017-05-21 02:04:00+00:00,-207.814941
2017-05-21 02:05:00+00:00,-191.212051
2017-05-21 02:06:00+00:00,-187.650223
2017-05-21 02:07:00+00:00,-183.479828
2017-05-21 02:08:00+00:00,-193.733459
2017-05-21 02:09:00+00:00,-201.058105
2017-05-21 02:10:00+00:00,-197.23735
2017-05-21 02:11:00+00:00,-199.272614
2017-05-21 02:12:00+00:00,-178.876831
2017-05-21 02:13:00+00:00,-152.473511
2017-05-21 02:14:00+00:00,-126.606903
2017-05-21 02:15:00+00:00,-119.807983
2017-05-21 02:16:00+00:00,-128.549896
2017-05-21 02:17:00+00:00,-131.282211
2017-05-21 02:18:00+00:00,-131.003311
2017-05-21 02:19:00+00:00,-132.730179
2017-05-21 02:20:00+00:00,-134.465103
2017-05-21 02:21:00+00:00,-137.505585
2017-05-21 02:22:00+00:00,-139.803452
2017-05-21 02:23:00+00:00,-132.33168
2017-05-21 02:24:00+00:00,-144.398682
2017-05-21 02:25:00+00:00,-161.70192
2017-05-21 02:26:00+00:00,-163.642303
2017-05-21 02:27:00+00:00,-170.653305
2017-05-21 02:28:00+00:00,-158.760071
2017-05-21 02:29:00+00:00,-162.592438
2017-05-21 02:30:00+00:00,-165.225983
2017-05-21 02:31:00+00:00,-145.627014
2017-05-21 02:32:00+00:00,-143.465698
2017-05-21 02:33:00+00:00,-155.638428
2017-05-21 02:34:00+00:00,-171.12912
2017-05-21 02:35:00+00:00,-174.57933
2017-05-21 02:36:00+00:00,-173.975784
2017-05-21 02:37:00+00:00,-171.749893
2017-05-21 02:38:00+00:00,-175.116333
2017-05-21 02:39:00+00:00,-187.361023
2017-05-21 02:40:00+00:00,-191.789078
2017-05-21 02:41:00+00:00,-198.409012
2017-05-21 02:42:00+00:00,-195.610382
2017-05-21 02:43:00+00:00,-209.902985
2017-05-21 02:44:00+00:00,-231.36232
2017-05-21 02:45:00+00:00,-262.023987
2017-05-21 02:46:00+00:00,-273.900146
2017-05-21 02:47:00+00:00,-236.831635
2017-05-28 00:00:00+00:00,-801.113586
2017-05-28 00:01:00+00:00,-791.093323
2017-05-28 00:02:00+00:00,-757.017212
2017-05-28 00:03:00+00:00,-738.989075
2017-05-28 00:04:00+00:00,-753.050415
2017-05-28 00:05:00+00:00,-761.252991
2017-05-28 00:06:00+00:00,-796.454041
2017-05-28 00:07:00+00:00,-876.38385
2017-05-28 00:08:00+00:00,-906.252808
2017-05-28 00:09:00+00:00,-892.193848
2017-05-28 00:10:00+00:00,-832.719971
2017-05-28 00:11:00+00:00,-793.683655
2017-05-28 00:12:00+00:00,-780.110535
2017-05-28 00:13:00+00:00,-808.315979
2017-05-28 00:14:00+00:00,-810.37616
2017-05-28 00:15:00+00:00,-827.10498
2017-05-28 00:16:00+00:00,-839.623352
2017-05-28 00:17:00+00:00,-858.375
2017-05-28 00:18:00+00:00,-861.41925
2017-05-28 00:19:00+00:00,-859.884827
2017-05-28 00:20:00+00:00,-845.297668
2017-05-28 00:21:00+00:00,-850.112305
2017-05-28 00:22:00+00:00,-908.545654
2017-05-28 00:23:00+00:00,-915.300476
2017-05-28 00:24:00+00:00,-845.981018
2017-05-28 00:25:00+00:00,-839.921265
2017-05-28 00:26:00+00:00,-800.702637
2017-05-28 00:27:00+00:00,-857.709412
2017-05-28 00:28:00+00:00,-911.107971
2017-05-28 00:29:00+00:00,-972.922791
2017-05-28 00:30:00+00:00,-1005.623291
2017-05-28 00:31:00+00:00,-1012.137512
2017-05-28 00:32:00+00:00,-946.181519
2017-05-28 00:33:00+00:00,-907.448914
2017-05-28 00:34:00+00:00,-856.767517
2017-05-28 00:35:00+00:00,-833.850525
2017-05-28 00:36:00+00:00,-806.898499
2017-05-28 00:37:00+00:00,-715.920105
2017-05-28 00:38:00+00:00,-773.081543
2017-05-28 00:39:00+00:00,-767.096924
2017-05-28 00:40:00+00:00,-794.152893
2017-05-28 00:41:00+00:00,-788.227661
2017-05-28 00:42:00+00:00,-797.436768
2017-05-28 00:43:00+00:00,-883.311584
2017-05-28 00:44:00+00:00,-822.856812
2017-05-28 00:45:00+00:00,-791.454956
2017-05-28 00:46:00+00:00,-766.514221
2017-05-28 00:47:00+00:00,-718.66626
2017-05-28 00:48:00+00:00,-838.007446
2017-05-28 00:49:00+00:00,-882.535278
2017-05-28 00:50:00+00:00,-885.580261
2017-05-28 00:51:00+00:00,-926.419739
2017-05-28 00:52:00+00:00,-1266.612793
2017-05-28 00:53:00+00:00,-1179.726807
2017-05-28 00:54:00+00:00,-923.886597
2017-05-28 00:55:00+00:00,-892.865723
2017-05-28 00:56:00+00:00,-904.865234
2017-05-28 00:57:00+00:00,-1017.936096
2017-05-28 00:58:00+00:00,-1212.938843
2017-05-28 00:59:00+00:00,-1311.036987
2017-05-28 01:00:00+00:00,-1316.315552
2017-05-28 01:01:00+00:00,-1675.520752
2017-05-28 01:02:00+00:00,-1596.047852
2017-05-28 01:03:00+00:00,-1540.563232
2017-05-28 01:04:00+00:00,-1650.47876
2017-05-28 01:05:00+00:00,-1722.230225
2017-05-28 01:06:00+00:00,-1507.732178
2017-05-28 01:07:00+00:00,-1172.516846
2017-05-28 01:08:00+00:00,-1103.649048
2017-05-28 01:09:00+00:00,-1195.695312
2017-05-28 01:10:00+00:00,-1136.870972
2017-05-28 01:11:00+00:00,-1364.41333
2017-05-28 01:12:00+00:00,-1484.365601
2017-05-28 01:13:00+00:00,-1524.031372
2017-05-28 01:14:00+00:00,-1325.383057
2017-05-28 01:15:00+00:00,-1151.180908
2017-05-28 01:16:00+00:00,-1119.140869
2017-05-28 01:17:00+00:00,-1127.009521
2017-05-28 01:18:00+00:00,-1153.894043
2017-05-28 01:19:00+00:00,-1293.825073
2017-05-28 01:20:00+00:00,-1454.72168
2017-05-28 01:21:00+00:00,-1425.391602
2017-05-28 01:22:00+00:00,-1206.21228
2017-05-28 01:23:00+00:00,-992.930847
2017-05-28 01:24:00+00:00,-857.604675
2017-05-28 01:25:00+00:00,-912.997131
2017-05-28 01:26:00+00:00,-957.4505
2017-05-28 01:27:00+00:00,-892.555359
2017-05-28 01:28:00+00:00,-954.060242
2017-05-28 01:29:00+00:00,-973.039124
2017-05-28 01:30:00+00:00,-949.030762
2017-05-28 01:31:00+00:00,-985.032349
2017-05-28 01:32:00+00:00,-922.209717
2017-05-28 01:33:00+00:00,-920.24353
2017-05-28 01:34:00+00:00,-953.550598
2017-05-28 01:35:00+00:00,-950.558899
2017-05-28 01:36:00+00:00,-998.282166
2017-05-28 01:37:00+00:00,-1024.027344
2017-05-28 01:38:00+00:00,-969.040588
2017-05-28 01:39:00+00:00,-1107.032471
2017-05-28 01:40:00+00:00,-1161.005493
2017-05-28 01:41:00+00:00,-1069.975952
2017-05-28 01:42:00+00:00,-999.45752
2017-05-28 01:43:00+00:00,-1023.732239
2017-05-28 01:44:00+00:00,-949.449707
2017-05-28 01:45:00+00:00,-958.543152
2017-05-28 01:46:00+00:00,-977.018066
2017-05-28 01:47:00+00:00,-1003.42926
2017-05-28 01:48:00+00:00,-975.218323
2017-05-28 01:49:00+00:00,-902.715515
2017-05-28 01:50:00+00:00,-925.490662
2017-05-28 01:51:00+00:00,-1015.11615
2017-05-28 01:52:00+00:00,-1162.908081
2017-05-28 01:53:00+00:00,-1141.468994
2017-05-28 01:54:00+00:00,-963.760132
2017-05-28 01:55:00+00:00,-1019.628052
2017-05-28 01:56:00+00:00,-1164.049683
2017-05-28 01:57:00+00:00,-1114.0177
2017-05-28 01:58:00+00:00,-989.346863
2017-05-28 01:59:00+00:00,-921.033997
2017-05-28 02:00:00+00:00,-853.781738
2017-05-28 02:01:00+00:00,-764.717163
2017-05-28 02:02:00+00:00,-785.396118
2017-05-28 02:03:00+00:00,-842.094971
2017-05-28 02:04:00+00:00,-833.242676
2017-05-28 02:05:00+00:00,-988.613342
2017-05-28 02:06:00+00:00,-1057.628052
2017-05-28 02:07:00+00:00,-1081.304565
2017-05-28 02:08:00+00:00,-1088.227295
2017-05-28 02:09:00+00:00,-989.577576
2017-05-28 02:10:00+00:00,-926.103027
2017-05-28 02:11:00+00:00,-1106.54541
2017-05-28 02:12:00+00:00,-1169.722412
2017-05-28 02:13:00+00:00,-1181.953247
2017-05-28 02:14:00+00:00,-1139.460327
2017-05-28 02:15:00+00:00,-1093.608032
2017-05-28 02:16:00+00:00,-1048.050781
2017-05-28 02:17:00+00:00,-1194.571777
2017-05-28 02:18:00+00:00,-1400.991455
2017-05-28 02:19:00+00:00,-1505.406616
2017-05-28 02:20:00+00:00,-1608.522339
2017-05-28 02:21:00+00:00,-1555.582886
2017-05-28 02:22:00+00:00,-1650.297241
2017-05-28 02:23:00+00:00,-1387.417114
2017-05-28 02:24:00+00:00,-1358.95813
2017-05-28 02:25:00+00:00,-1377.065063
2017-05-28 02:26:00+00:00,-1399.35498
2017-05-28 02:27:00+00:00,-1323.351685
2017-05-28 02:28:00+00:00,-1277.757935
2017-05-28 02:29:00+00:00,-1256.88623
2017-05-28 02:30:00+00:00,-1338.140259
2017-05-28 02:31:00+00:00,-1398.461548
2017-05-28 02:32:00+00:00,-1346.285034
2017-05-28 02:33:00+00:00,-1311.775269
2017-05-28 02:34:00+00:00,-1314.568481
2017-05-28 02:35:00+00:00,-1307.589111
2017-05-28 02:36:00+00:00,-1365.492188
2017-05-28 02:37:00+00:00,-1187.850952
2017-05-28 02:38:00+00:00,-993.474243
2017-05-28 02:39:00+00:00,-1060.578491
2017-05-28 02:40:00+00:00,-901.481262
2017-05-28 02:41:00+00:00,-826.151489
2017-05-28 02:42:00+00:00,-1059.627197
2017-05-28 02:43:00+00:00,-1119.029785
2017-05-28 02:44:00+00:00,-1210.274414
2017-05-28 02:45:00+00:00,-1186.359863
2017-05-28 02:46:00+00:00,-1417.170654
2017-05-28 02:47:00+00:00,-1321.325928
2017-06-04 00:00:00+00:00,-54.82473
2017-06-04 00:01:00+00:00,-54.12249
2017-06-04 00:02:00+00:00,-52.17947
2017-06-04 00:03:00+00:00,-51.946018
2017-06-04 00:04:00+00:00,-51.776176
2017-06-04 00:05:00+00:00,-52.08514
2017-06-04 00:06:00+00:00,-52.490055
2017-06-04 00:07:00+00:00,-52.352345
2017-06-04 00:08:00+00:00,-52.004662
2017-06-04 00:09:00+00:00,-53.022312
2017-06-04 00:10:00+00:00,-55.988369
2017-06-04 00:11:00+00:00,-58.561726
2017-06-04 00:12:00+00:00,-59.436802
2017-06-04 00:13:00+00:00,-58.52663
2017-06-04 00:14:00+00:00,-56.904453
2017-06-04 00:15:00+00:00,-55.053516
2017-06-04 00:16:00+00:00,-53.789257
2017-06-04 00:17:00+00:00,-52.260067
2017-06-04 00:18:00+00:00,-50.509819
2017-06-04 00:19:00+00:00,-49.30608
2017-06-04 00:20:00+00:00,-49.397816
2017-06-04 00:21:00+00:00,-50.163887
2017-06-04 00:22:00+00:00,-50.608036
2017-06-04 00:23:00+00:00,-50.049755
2017-06-04 00:24:00+00:00,-48.997696
2017-06-04 00:25:00+00:00,-50.630341
2017-06-04 00:26:00+00:00,-50.791733
2017-06-04 00:27:00+00:00,-48.8176
2017-06-04 00:28:00+00:00,-48.990124
2017-06-04 00:29:00+00:00,-49.746468
2017-06-04 00:30:00+00:00,-49.425026
2017-06-04 00:31:00+00:00,-49.827705
2017-06-04 00:32:00+00:00,-50.652164
2017-06-04 00:33:00+00:00,-51.254436
2017-06-04 00:34:00+00:00,-51.795357
2017-06-04 00:35:00+00:00,-52.095821
2017-06-04 00:36:00+00:00,-50.935085
2017-06-04 00:37:00+00:00,-50.123215
2017-06-04 00:38:00+00:00,-50.066303
2017-06-04 00:39:00+00:00,-50.668182
2017-06-04 00:40:00+00:00,-51.599209
2017-06-04 00:41:00+00:00,-52.613251
2017-06-04 00:42:00+00:00,-52.309399
2017-06-04 00:43:00+00:00,-53.553818
2017-06-04 00:44:00+00:00,-54.260921
2017-06-04 00:45:00+00:00,-53.945492
2017-06-04 00:46:00+00:00,-53.840324
2017-06-04 00:47:00+00:00,-54.163143
2017-06-04 00:48:00+00:00,-54.938614
2017-06-04 00:49:00+00:00,-54.824295
2017-06-04 00:50:00+00:00,-54.120266
2017-06-04 00:51:00+00:00,-53.67609
2017-06-04 00:52:00+00:00,-53.262413
2017-06-04 00:53:00+00:00,-53.685452
2017-06-04 00:54:00+00:00,-54.868225
2017-06-04 00:55:00+00:00,-56.002174
2017-06-04 00:56:00+00:00,-55.906403
2017-06-04 00:57:00+00:00,-56.001873
2017-06-04 00:58:00+00:00,-55.747536
2017-06-04 00:59:00+00:00,-53.757561
2017-06-04 01:00:00+00:00,-52.524147
2017-06-04 01:01:00+00:00,-51.778069
2017-06-04 01:02:00+00:00,-51.571396
2017-06-04 01:03:00+00:00,-50.303368
2017-06-04 01:04:00+00:00,-49.510353
2017-06-04 01:05:00+00:00,-49.808418
2017-06-04 01:06:00+00:00,-49.82058
2017-06-04 01:07:00+00:00,-49.529957
2017-06-04 01:08:00+00:00,-48.242664
2017-06-04 01:09:00+00:00,-47.674263
2017-06-04 01:10:00+00:00,-45.631042
2017-06-04 01:11:00+00:00,-44.951496
2017-06-04 01:12:00+00:00,-45.68998
2017-06-04 01:13:00+00:00,-44.496861
2017-06-04 01:14:00+00:00,-46.36385
2017-06-04 01:15:00+00:00,-45.581814
2017-06-04 01:16:00+00:00,-44.761646
2017-06-04 01:17:00+00:00,-41.534172
2017-06-04 01:18:00+00:00,-39.560917
2017-06-04 01:19:00+00:00,-37.663254
2017-06-04 01:20:00+00:00,-39.61797
2017-06-04 01:21:00+00:00,-41.643787
2017-06-04 01:22:00+00:00,-42.260494
2017-06-04 01:23:00+00:00,-41.431328
2017-06-04 01:24:00+00:00,-40.389973
2017-06-04 01:25:00+00:00,-38.420773
2017-06-04 01:26:00+00:00,-37.966648
2017-06-04 01:27:00+00:00,-38.983849
2017-06-04 01:28:00+00:00,-54.33889
2017-06-04 01:29:00+00:00,-39.33157
2017-06-04 01:30:00+00:00,-45.664673
2017-06-04 01:31:00+00:00,-49.530556
2017-06-04 01:32:00+00:00,-43.245914
2017-06-04 01:33:00+00:00,-43.491806
2017-06-04 01:34:00+00:00,-45.195122
2017-06-04 01:35:00+00:00,-40.430466
2017-06-04 01:36:00+00:00,-35.856022
2017-06-04 01:37:00+00:00,-35.345409
2017-06-04 01:38:00+00:00,-35.709412
2017-06-04 01:39:00+00:00,-35.745834
2017-06-04 01:40:00+00:00,-36.341133
2017-06-04 01:41:00+00:00,-37.89949
2017-06-04 01:42:00+00:00,-38.709736
2017-06-04 01:43:00+00:00,-38.943867
2017-06-04 01:44:00+00:00,-40.288021
2017-06-04 01:45:00+00:00,-41.365372
2017-06-04 01:46:00+00:00,-41.96463
2017-06-04 01:47:00+00:00,-42.817356
2017-06-04 01:48:00+00:00,-42.475819
2017-06-04 01:49:00+00:00,-42.144421
2017-06-04 01:50:00+00:00,-42.102993
2017-06-04 01:51:00+00:00,-41.354576
2017-06-04 01:52:00+00:00,-41.479713
2017-06-04 01:53:00+00:00,-42.360653
2017-06-04 01:54:00+00:00,-43.366028
2017-06-04 01:55:00+00:00,-41.874199
2017-06-04 01:56:00+00:00,-40.615128
2017-06-04 01:57:00+00:00,-38.64785
2017-06-04 01:58:00+00:00,-38.735603
2017-06-04 01:59:00+00:00,-39.451832
2017-06-04 02:00:00+00:00,-39.505733
2017-06-04 02:01:00+00:00,-39.019241
2017-06-04 02:02:00+00:00,-37.734028
2017-06-04 02:03:00+00:00,-37.298401
2017-06-04 02:04:00+00:00,-34.650505
2017-06-04 02:05:00+00:00,-32.045635
2017-06-04 02:06:00+00:00,-28.513237
2017-06-04 02:07:00+00:00,-26.17078
2017-06-04 02:08:00+00:00,-26.447651
2017-06-04 02:09:00+00:00,-30.806612
2017-06-04 02:10:00+00:00,-46.209568
2017-06-04 02:11:00+00:00,-70.975464
2017-06-04 02:12:00+00:00,-69.823441
2017-06-04 02:13:00+00:00,-42.273949
2017-06-04 02:14:00+00:00,-26.907318
2017-06-04 02:15:00+00:00,-24.069511
2017-06-04 02:16:00+00:00,-23.467079
2017-06-04 02:17:00+00:00,-23.01704
2017-06-04 02:18:00+00:00,-23.834805
2017-06-04 02:19:00+00:00,-26.336674
2017-06-04 02:20:00+00:00,-28.714718
2017-06-04 02:21:00+00:00,-70.96093
2017-06-04 02:22:00+00:00,-50.831116
2017-06-04 02:23:00+00:00,-67.506721
2017-06-04 02:24:00+00:00,-62.45472
2017-06-04 02:25:00+00:00,-64.656784
2017-06-04 02:26:00+00:00,-72.406509
2017-06-04 02:27:00+00:00,-66.008163
2017-06-04 02:28:00+00:00,-71.645767
2017-06-04 02:29:00+00:00,-66.60247
2017-06-04 02:30:00+00:00,-65.682549
2017-06-04 02:31:00+00:00,-68.569977
2017-06-04 02:32:00+00:00,-58.951912
2017-06-04 02:33:00+00:00,-61.937092
2017-06-04 02:34:00+00:00,-59.642185
2017-06-04 02:35:00+00:00,-57.687019
2017-06-04 02:36:00+00:00,-59.156483
2017-06-04 02:37:00+00:00,-56.721992
2017-06-04 02:38:00+00:00,-53.394299
2017-06-04 02:39:00+00:00,-49.019466
2017-06-04 02:40:00+00:00,-47.380394
2017-06-04 02:41:00+00:00,-49.383865
2017-06-04 02:42:00+00:00,-47.833771
2017-06-04 02:43:00+00:00,-43.532642
2017-06-04 02:44:00+00:00,-39.453606
2017-06-04 02:45:00+00:00,-36.016788
2017-06-04 02:46:00+00:00,-34.386707
2017-06-04 02:47:00+00:00,-32.888607
2017-06-11 00:00:00+00:00,-38.830059
2017-06-11 00:01:00+00:00,-38.534653
2017-06-11 00:02:00+00:00,-34.378792
2017-06-11 00:03:00+00:00,-37.567863
2017-06-11 00:04:00+00:00,-33.077629
2017-06-11 00:05:00+00:00,-35.534248
2017-06-11 00:06:00+00:00,-38.988686
2017-06-11 00:07:00+00:00,-39.876659
2017-06-11 00:08:00+00:00,-40.161049
2017-06-11 00:09:00+00:00,-32.032841
2017-06-11 00:10:00+00:00,-32.559639
2017-06-11 00:11:00+00:00,-30.797617
2017-06-11 00:12:00+00:00,-39.397011
2017-06-11 00:13:00+00:00,-47.536507
2017-06-11 00:14:00+00:00,-53.611778
2017-06-11 00:15:00+00:00,-57.238251
2017-06-11 00:16:00+00:00,-54.41396
2017-06-11 00:17:00+00:00,-43.196125
2017-06-11 00:18:00+00:00,-28.347416
2017-06-11 00:19:00+00:00,-38.559597
2017-06-11 00:20:00+00:00,-47.488716
2017-06-11 00:21:00+00:00,-50.583778
2017-06-11 00:22:00+00:00,-60.01387
2017-06-11 00:23:00+00:00,-38.624969
2017-06-11 00:24:00+00:00,-35.206482
2017-06-11 00:25:00+00:00,-28.407692
2017-06-11 00:26:00+00:00,-19.524174
2017-06-11 00:27:00+00:00,-17.996799
2017-06-11 00:28:00+00:00,-16.208115
2017-06-11 00:29:00+00:00,-17.550886
2017-06-11 00:30:00+00:00,-22.639946
2017-06-11 00:31:00+00:00,-22.954832
2017-06-11 00:32:00+00:00,-22.608761
2017-06-11 00:33:00+00:00,-31.481758
2017-06-11 00:34:00+00:00,-42.066738
2017-06-11 00:35:00+00:00,-51.59959
2017-06-11 00:36:00+00:00,-49.804787
2017-06-11 00:37:00+00:00,-52.753281
2017-06-11 00:38:00+00:00,-53.087334
2017-06-11 00:39:00+00:00,-37.899017
2017-06-11 00:40:00+00:00,-27.42531
2017-06-11 00:41:00+00:00,-25.31192
2017-06-11 00:42:00+00:00,-24.89801
2017-06-11 00:43:00+00:00,-19.720909
2017-06-11 00:44:00+00:00,-19.641144
2017-06-11 00:45:00+00:00,-39.335266
2017-06-11 00:46:00+00:00,-34.83609
2017-06-11 00:47:00+00:00,-34.440483
2017-06-11 00:48:00+00:00,-40.562088
2017-06-11 00:49:00+00:00,-36.932533
2017-06-11 00:50:00+00:00,-36.685169
2017-06-11 00:51:00+00:00,-44.631592
2017-06-11 00:52:00+00:00,-48.571205
2017-06-11 00:53:00+00:00,-52.092686
2017-06-11 00:54:00+00:00,-48.847916
2017-06-11 00:55:00+00:00,-45.544407
2017-06-11 00:56:00+00:00,-40.612053
2017-06-11 00:57:00+00:00,-31.931911
2017-06-11 00:58:00+00:00,-32.009068
2017-06-11 00:59:00+00:00,-32.508759
2017-06-11 01:00:00+00:00,-33.547546
2017-06-11 01:01:00+00:00,-38.430573
2017-06-11 01:02:00+00:00,-58.020603
2017-06-11 01:03:00+00:00,-63.745266
2017-06-11 01:04:00+00:00,-47.167061
2017-06-11 01:05:00+00:00,-46.352409
2017-06-11 01:06:00+00:00,-49.143112
2017-06-11 01:07:00+00:00,-33.566525
2017-06-11 01:08:00+00:00,-36.257698
2017-06-11 01:09:00+00:00,-49.866417
2017-06-11 01:10:00+00:00,-57.291553
2017-06-11 01:11:00+00:00,-54.33329
2017-06-11 01:12:00+00:00,-57.813988
2017-06-11 01:13:00+00:00,-64.23513
2017-06-11 01:14:00+00:00,-75.182899
2017-06-11 01:15:00+00:00,-78.790894
2017-06-11 01:16:00+00:00,-68.152611
2017-06-11 01:17:00+00:00,-46.120258
2017-06-11 01:18:00+00:00,-30.631966
2017-06-11 01:19:00+00:00,-32.998405
2017-06-11 01:20:00+00:00,-40.935947
2017-06-11 01:21:00+00:00,-39.664505
2017-06-11 01:22:00+00:00,-43.690922
2017-06-11 01:23:00+00:00,-53.346138
2017-06-11 01:24:00+00:00,-58.903931
2017-06-11 01:25:00+00:00,-55.498867
2017-06-11 01:26:00+00:00,-58.660248
2017-06-11 01:27:00+00:00,-54.287495
2017-06-11 01:28:00+00:00,-38.404053
2017-06-11 01:29:00+00:00,-31.480665
2017-06-11 01:30:00+00:00,-25.7435
2017-06-11 01:31:00+00:00,-25.173138
2017-06-11 01:32:00+00:00,-27.182991
2017-06-11 01:33:00+00:00,-28.812927
2017-06-11 01:34:00+00:00,-28.905182
2017-06-11 01:35:00+00:00,-48.401047
2017-06-11 01:36:00+00:00,-51.189934
2017-06-11 01:37:00+00:00,-58.750267
2017-06-11 01:38:00+00:00,-54.179043
2017-06-11 01:39:00+00:00,-47.020481
2017-06-11 01:40:00+00:00,-46.499695
2017-06-11 01:41:00+00:00,-44.287498
2017-06-11 01:42:00+00:00,-29.770496
2017-06-11 01:43:00+00:00,-27.598633
2017-06-11 01:44:00+00:00,-27.876984
2017-06-11 01:45:00+00:00,-28.062435
2017-06-11 01:46:00+00:00,-30.184715
2017-06-11 01:47:00+00:00,-31.672291
2017-06-11 01:48:00+00:00,-33.633587
2017-06-11 01:49:00+00:00,-38.868332
2017-06-11 01:50:00+00:00,-34.207268
2017-06-11 01:51:00+00:00,-33.996239
2017-06-11 01:52:00+00:00,-36.942917
2017-06-11 01:53:00+00:00,-44.467606
2017-06-11 01:54:00+00:00,-44.543617
2017-06-11 01:55:00+00:00,-37.336002
2017-06-11 01:56:00+00:00,-28.94335
2017-06-11 01:57:00+00:00,-25.477928
2017-06-11 01:58:00+00:00,-27.717039
2017-06-11 01:59:00+00:00,-25.991695
2017-06-11 02:00:00+00:00,-34.94173
2017-06-11 02:01:00+00:00,-42.554062
2017-06-11 02:02:00+00:00,-42.171906
2017-06-11 02:03:00+00:00,-47.862312
2017-06-11 02:04:00+00:00,-52.861477
2017-06-11 02:05:00+00:00,-52.359699
2017-06-11 02:06:00+00:00,-38.496487
2017-06-11 02:07:00+00:00,-35.214504
2017-06-11 02:08:00+00:00,-35.565933
2017-06-11 02:09:00+00:00,-36.503235
2017-06-11 02:10:00+00:00,-37.491226
2017-06-11 02:11:00+00:00,-39.406967
2017-06-11 02:12:00+00:00,-39.858974
2017-06-11 02:13:00+00:00,-39.810246
2017-06-11 02:14:00+00:00,-42.291172
2017-06-11 02:15:00+00:00,-45.316021
2017-06-11 02:16:00+00:00,-47.156029
2017-06-11 02:17:00+00:00,-44.81506
2017-06-11 02:18:00+00:00,-42.2659
2017-06-11 02:19:00+00:00,-40.166759
2017-06-11 02:20:00+00:00,-39.318649
2017-06-11 02:21:00+00:00,-39.148979
2017-06-11 02:22:00+00:00,-35.974258
2017-06-11 02:23:00+00:00,-34.785316
2017-06-11 02:24:00+00:00,-31.607193
2017-06-11 02:25:00+00:00,-31.417059
2017-06-11 02:26:00+00:00,-31.230986
2017-06-11 02:27:00+00:00,-31.063095
2017-06-11 02:28:00+00:00,-30.887461
2017-06-11 02:29:00+00:00,-31.705997
2017-06-11 02:30:00+00:00,-35.516708
2017-06-11 02:31:00+00:00,-37.308624
2017-06-11 02:32:00+00:00,-35.10656
2017-06-11 02:33:00+00:00,-32.933895
2017-06-11 02:34:00+00:00,-31.767157
2017-06-11 02:35:00+00:00,-30.931049
2017-06-11 02:36:00+00:00,-30.192379
2017-06-11 02:37:00+00:00,-28.031631
2017-06-11 02:38:00+00:00,-27.497711
2017-06-11 02:39:00+00:00,-28.285757
2017-06-11 02:40:00+00:00,-30.082924
2017-06-11 02:41:00+00:00,-31.560596
2017-06-11 02:42:00+00:00,-33.659092
2017-06-11 02:43:00+00:00,-35.981815
2017-06-11 02:44:00+00:00,-38.816132
2017-06-11 02:45:00+00:00,-43.618561
2017-06-11 02:46:00+00:00,-46.420918
2017-06-11 02:47:00+00:00,-46.227661
2017-06-18 00:00:00+00:00,-300.261444
2017-06-18 00:01:00+00:00,-298.483276
2017-06-18 00:02:00+00:00,-297.1716
2017-06-18 00:03:00+00:00,-300.056976
2017-06-18 00:04:00+00:00,-305.935211
2017-06-18 00:05:00+00:00,-314.810089
2017-06-18 00:06:00+00:00,-313.688538
2017-06-18 00:07:00+00:00,-305.570679
2017-06-18 00:08:00+00:00,-290.435242
2017-06-18 00:09:00+00:00,-261.314301
2017-06-18 00:10:00+00:00,-262.164093
2017-06-18 00:11:00+00:00,-267.031647
2017-06-18 00:12:00+00:00,-247.90242
2017-06-18 00:13:00+00:00,-247.314651
2017-06-18 00:14:00+00:00,-262.299225
2017-06-18 00:15:00+00:00,-277.608429
2017-06-18 00:16:00+00:00,-255.65654
2017-06-18 00:17:00+00:00,-265.222137
2017-06-18 00:18:00+00:00,-294.344269
2017-06-18 00:19:00+00:00,-285.882874
2017-06-18 00:20:00+00:00,-278.251099
2017-06-18 00:21:00+00:00,-285.999847
2017-06-18 00:22:00+00:00,-304.810638
2017-06-18 00:23:00+00:00,-329.953278
2017-06-18 00:24:00+00:00,-327.112305
2017-06-18 00:25:00+00:00,-326.405548
2017-06-18 00:26:00+00:00,-349.842438
2017-06-18 00:27:00+00:00,-343.661438
2017-06-18 00:28:00+00:00,-343.483673
2017-06-18 00:29:00+00:00,-345.759399
2017-06-18 00:30:00+00:00,-344.217255
2017-06-18 00:31:00+00:00,-360.39624
2017-06-18 00:32:00+00:00,-382.174622
2017-06-18 00:33:00+00:00,-397.141754
2017-06-18 00:34:00+00:00,-402.771393
2017-06-18 00:35:00+00:00,-404.966949
2017-06-18 00:36:00+00:00,-420.781006
2017-06-18 00:37:00+00:00,-449.26709
2017-06-18 00:38:00+00:00,-465.687134
2017-06-18 00:39:00+00:00,-466.55307
2017-06-18 00:40:00+00:00,-451.104675
2017-06-18 00:41:00+00:00,-449.0961
2017-06-18 00:42:00+00:00,-467.67157
2017-06-18 00:43:00+00:00,-468.584412
2017-06-18 00:44:00+00:00,-480.415161
2017-06-18 00:45:00+00:00,-484.204865
2017-06-18 00:46:00+00:00,-462.018616
2017-06-18 00:47:00+00:00,-441.097595
2017-06-18 00:48:00+00:00,-432.360321
2017-06-18 00:49:00+00:00,-441.358398
2017-06-18 00:50:00+00:00,-450.885773
2017-06-18 00:51:00+00:00,-436.649445
2017-06-18 00:52:00+00:00,-431.467255
2017-06-18 00:53:00+00:00,-453.214111
2017-06-18 00:54:00+00:00,-471.085388
2017-06-18 00:55:00+00:00,-486.070862
2017-06-18 00:56:00+00:00,-486.42749
2017-06-18 00:57:00+00:00,-469.223755
2017-06-18 00:58:00+00:00,-445.026184
2017-06-18 00:59:00+00:00,-418.094666
2017-06-18 01:00:00+00:00,-401.168549
2017-06-18 01:01:00+00:00,-398.667053
2017-06-18 01:02:00+00:00,-404.278717
2017-06-18 01:03:00+00:00,-402.70462
2017-06-18 01:04:00+00:00,-417.970062
2017-06-18 01:05:00+00:00,-438.503662
2017-06-18 01:06:00+00:00,-439.79361
2017-06-18 01:07:00+00:00,-446.120087
2017-06-18 01:08:00+00:00,-442.400787
2017-06-18 01:09:00+00:00,-420.002289
2017-06-18 01:10:00+00:00,-410.612701
2017-06-18 01:11:00+00:00,-411.475342
2017-06-18 01:12:00+00:00,-432.902161
2017-06-18 01:13:00+00:00,-448.31958
2017-06-18 01:14:00+00:00,-478.899323
2017-06-18 01:15:00+00:00,-492.092072
2017-06-18 01:16:00+00:00,-478.917542
2017-06-18 01:17:00+00:00,-440.506378
2017-06-18 01:18:00+00:00,-416.857056
2017-06-18 01:19:00+00:00,-460.169067
2017-06-18 01:20:00+00:00,-504.108276
2017-06-18 01:21:00+00:00,-507.133423
2017-06-18 01:22:00+00:00,-513.158752
2017-06-18 01:23:00+00:00,-504.221008
2017-06-18 01:24:00+00:00,-500.145325
2017-06-18 01:25:00+00:00,-484.973358
2017-06-18 01:26:00+00:00,-458.711029
2017-06-18 01:27:00+00:00,-441.464905
2017-06-18 01:28:00+00:00,-425.301453
2017-06-18 01:29:00+00:00,-470.927429
2017-06-18 01:30:00+00:00,-488.865662
2017-06-18 01:31:00+00:00,-466.382446
2017-06-18 01:32:00+00:00,-438.175537
2017-06-18 01:33:00+00:00,-402.664124
2017-06-18 01:34:00+00:00,-399.714691
2017-06-18 01:35:00+00:00,-422.81604
2017-06-18 01:36:00+00:00,-417.737366
2017-06-18 01:37:00+00:00,-429.060089
2017-06-18 01:38:00+00:00,-481.447083
2017-06-18 01:39:00+00:00,-520.019043
2017-06-18 01:40:00+00:00,-525.097107
2017-06-18 01:41:00+00:00,-522.939026
2017-06-18 01:42:00+00:00,-526.222595
2017-06-18 01:43:00+00:00,-532.413635
2017-06-18 01:44:00+00:00,-536.492676
2017-06-18 01:45:00+00:00,-523.682434
2017-06-18 01:46:00+00:00,-511.359314
2017-06-18 01:47:00+00:00,-485.992157
2017-06-18 01:48:00+00:00,-491.690826
2017-06-18 01:49:00+00:00,-505.668091
2017-06-18 01:50:00+00:00,-526.766418
2017-06-18 01:51:00+00:00,-545.837402
2017-06-18 01:52:00+00:00,-542.869263
2017-06-18 01:53:00+00:00,-539.010986
2017-06-18 01:54:00+00:00,-536.097534
2017-06-18 01:55:00+00:00,-538.973022
2017-06-18 01:56:00+00:00,-526.618042
2017-06-18 01:57:00+00:00,-519.420227
2017-06-18 01:58:00+00:00,-510.330688
2017-06-18 01:59:00+00:00,-502.25769
2017-06-18 02:00:00+00:00,-514.25592
2017-06-18 02:01:00+00:00,-520.25531
2017-06-18 02:02:00+00:00,-493.201416
2017-06-18 02:03:00+00:00,-495.206421
2017-06-18 02:04:00+00:00,-487.215637
2017-06-18 02:05:00+00:00,-470.225098
2017-06-18 02:06:00+00:00,-461.235748
2017-06-18 02:07:00+00:00,-456.248474
2017-06-18 02:08:00+00:00,-459.2677
2017-06-18 02:09:00+00:00,-439.300201
2017-06-18 02:10:00+00:00,-411.32785
2017-06-18 02:11:00+00:00,-409.869751
2017-06-18 02:12:00+00:00,-385.532501
2017-06-18 02:13:00+00:00,-425.631195
2017-06-18 02:14:00+00:00,-437.20755
2017-06-18 02:15:00+00:00,-418.47879
2017-06-18 02:16:00+00:00,-420.554321
2017-06-18 02:17:00+00:00,-421.219238
2017-06-18 02:18:00+00:00,-402.201935
2017-06-18 02:19:00+00:00,-411.120331
2017-06-18 02:20:00+00:00,-437.757141
2017-06-18 02:21:00+00:00,-481.654663
2017-06-18 02:22:00+00:00,-494.372498
2017-06-18 02:23:00+00:00,-485.417053
2017-06-18 02:24:00+00:00,-482.172211
2017-06-18 02:25:00+00:00,-465.020691
2017-06-18 02:26:00+00:00,-453.622498
2017-06-18 02:27:00+00:00,-450.994171
2017-06-18 02:28:00+00:00,-442.984222
2017-06-18 02:29:00+00:00,-436.31424
2017-06-18 02:30:00+00:00,-439.238434
2017-06-18 02:31:00+00:00,-432.77121
2017-06-18 02:32:00+00:00,-425.425964
2017-06-18 02:33:00+00:00,-418.430603
2017-06-18 02:34:00+00:00,-402.432312
2017-06-18 02:35:00+00:00,-404.413025
2017-06-18 02:36:00+00:00,-403.933289
2017-06-18 02:37:00+00:00,-397.842682
2017-06-18 02:38:00+00:00,-407.103241
2017-06-18 02:39:00+00:00,-441.584106
2017-06-18 02:40:00+00:00,-466.332031
2017-06-18 02:41:00+00:00,-419.376282
2017-06-18 02:42:00+00:00,-381.545532
2017-06-18 02:43:00+00:00,-410.844849
2017-06-18 02:44:00+00:00,-397.039124
2017-06-18 02:45:00+00:00,-412.147949
2017-06-18 02:46:00+00:00,-365.600342
2017-06-18 02:47:00+00:00,-322.971771
2017-06-25 00:00:00+00:00,-255.809204
2017-06-25 00:01:00+00:00,-257.885529
2017-06-25 00:02:00+00:00,-257.49939
2017-06-25 00:03:00+00:00,-256.065125
2017-06-25 00:04:00+00:00,-258.037689
2017-06-25 00:05:00+00:00,-272.468933
2017-06-25 00:06:00+00:00,-267.590393
2017-06-25 00:07:00+00:00,-277.40387
2017-06-25 00:08:00+00:00,-286.956329
2017-06-25 00:09:00+00:00,-278.49649
2017-06-25 00:10:00+00:00,-267.576599
2017-06-25 00:11:00+00:00,-246.631882
2017-06-25 00:12:00+00:00,-242.703781
2017-06-25 00:13:00+00:00,-226.584244
2017-06-25 00:14:00+00:00,-218.167755
2017-06-25 00:15:00+00:00,-206.109009
2017-06-25 00:16:00+00:00,-201.088425
2017-06-25 00:17:00+00:00,-200.084061
2017-06-25 00:18:00+00:00,-203.290787
2017-06-25 00:19:00+00:00,-199.473206
2017-06-25 00:20:00+00:00,-201.328461
2017-06-25 00:21:00+00:00,-204.820312
2017-06-25 00:22:00+00:00,-206.863739
2017-06-25 00:23:00+00:00,-206.470016
2017-06-25 00:24:00+00:00,-203.303955
2017-06-25 00:25:00+00:00,-198.581573
2017-06-25 00:26:00+00:00,-194.936508
2017-06-25 00:27:00+00:00,-189.026199
2017-06-25 00:28:00+00:00,-191.617065
2017-06-25 00:29:00+00:00,-197.138489
2017-06-25 00:30:00+00:00,-197.224182
2017-06-25 00:31:00+00:00,-196.583893
2017-06-25 00:32:00+00:00,-197.446594
2017-06-25 00:33:00+00:00,-199.119919
2017-06-25 00:34:00+00:00,-193.097946
2017-06-25 00:35:00+00:00,-188.431396
2017-06-25 00:36:00+00:00,-184.58017
2017-06-25 00:37:00+00:00,-184.512939
2017-06-25 00:38:00+00:00,-181.685028
2017-06-25 00:39:00+00:00,-176.275925
2017-06-25 00:40:00+00:00,-167.178711
2017-06-25 00:41:00+00:00,-161.313965
2017-06-25 00:42:00+00:00,-157.573303
2017-06-25 00:43:00+00:00,-154.086166
2017-06-25 00:44:00+00:00,-149.085846
2017-06-25 00:45:00+00:00,-145.135742
2017-06-25 00:46:00+00:00,-138.266159
2017-06-25 00:47:00+00:00,-127.094627
2017-06-25 00:48:00+00:00,-122.604576
2017-06-25 00:49:00+00:00,-118.998299
2017-06-25 00:50:00+00:00,-115.505211
2017-06-25 00:51:00+00:00,-113.538322
2017-06-25 00:52:00+00:00,-116.584862
2017-06-25 00:53:00+00:00,-114.765518
2017-06-25 00:54:00+00:00,-112.740013
2017-06-25 00:55:00+00:00,-112.987457
2017-06-25 00:56:00+00:00,-113.935501
2017-06-25 00:57:00+00:00,-113.434654
2017-06-25 00:58:00+00:00,-107.829567
2017-06-25 00:59:00+00:00,-105.078156
2017-06-25 01:00:00+00:00,-111.325867
2017-06-25 01:01:00+00:00,-114.111664
2017-06-25 01:02:00+00:00,-113.057007
2017-06-25 01:03:00+00:00,-109.734512
2017-06-25 01:04:00+00:00,-111.874138
2017-06-25 01:05:00+00:00,-113.117973
2017-06-25 01:06:00+00:00,-112.892853
2017-06-25 01:07:00+00:00,-110.921677
2017-06-25 01:08:00+00:00,-107.066002
2017-06-25 01:09:00+00:00,-104.385452
2017-06-25 01:10:00+00:00,-101.767242
2017-06-25 01:11:00+00:00,-103.647797
2017-06-25 01:12:00+00:00,-107.015541
2017-06-25 01:13:00+00:00,-107.906609
2017-06-25 01:14:00+00:00,-106.480171
2017-06-25 01:15:00+00:00,-106.362167
2017-06-25 01:16:00+00:00,-104.418098
2017-06-25 01:17:00+00:00,-102.056549
2017-06-25 01:18:00+00:00,-98.709427
2017-06-25 01:19:00+00:00,-96.740967
2017-06-25 01:20:00+00:00,-96.157982
2017-06-25 01:21:00+00:00,-99.664551
2017-06-25 01:22:00+00:00,-99.567299
2017-06-25 01:23:00+00:00,-96.398651
2017-06-25 01:24:00+00:00,-94.567299
2017-06-25 01:25:00+00:00,-92.720917
2017-06-25 01:26:00+00:00,-90.638786
2017-06-25 01:27:00+00:00,-87.193924
2017-06-25 01:28:00+00:00,-86.260719
2017-06-25 01:29:00+00:00,-86.768242
2017-06-25 01:30:00+00:00,-87.022804
2017-06-25 01:31:00+00:00,-89.521278
2017-06-25 01:32:00+00:00,-94.921432
2017-06-25 01:33:00+00:00,-97.090759
2017-06-25 01:34:00+00:00,-100.335114
2017-06-25 01:35:00+00:00,-102.595879
2017-06-25 01:36:00+00:00,-105.569328
2017-06-25 01:37:00+00:00,-107.355049
2017-06-25 01:38:00+00:00,-106.862465
2017-06-25 01:39:00+00:00,-104.612839
2017-06-25 01:40:00+00:00,-99.949501
2017-06-25 01:41:00+00:00,-96.603897
2017-06-25 01:42:00+00:00,-94.503761
2017-06-25 01:43:00+00:00,-91.991837
2017-06-25 01:44:00+00:00,-85.869881
2017-06-25 01:45:00+00:00,-82.74823
2017-06-25 01:46:00+00:00,-86.537285
2017-06-25 01:47:00+00:00,-85.377113
2017-06-25 01:48:00+00:00,-81.209389
2017-06-25 01:49:00+00:00,-74.215744
2017-06-25 01:50:00+00:00,-66.046547
2017-06-25 01:51:00+00:00,-59.159805
2017-06-25 01:52:00+00:00,-66.89415
2017-06-25 01:53:00+00:00,-73.897018
2017-06-25 01:54:00+00:00,-71.898483
2017-06-25 01:55:00+00:00,-77.894043
2017-06-25 01:56:00+00:00,-79.920784
2017-06-25 01:57:00+00:00,-77.918098
2017-06-25 01:58:00+00:00,-81.885948
2017-06-25 01:59:00+00:00,-86.873116
2017-06-25 02:00:00+00:00,-85.854156
2017-06-25 02:01:00+00:00,-81.819153
2017-06-25 02:02:00+00:00,-83.7696
2017-06-25 02:03:00+00:00,-83.751762
2017-06-25 02:04:00+00:00,-77.748032
2017-06-25 02:05:00+00:00,-64.725159
2017-06-25 02:06:00+00:00,-54.724113
2017-06-25 02:07:00+00:00,-44.709709
2017-06-25 02:08:00+00:00,-44.015278
2017-06-25 02:09:00+00:00,-45.117092
2017-06-25 02:10:00+00:00,-44.035755
2017-06-25 02:11:00+00:00,-45.536766
2017-06-25 02:12:00+00:00,-47.535034
2017-06-25 02:13:00+00:00,-53.502129
2017-06-25 02:14:00+00:00,-54.457527
2017-06-25 02:15:00+00:00,-50.446121
2017-06-25 02:16:00+00:00,-39.978512
2017-06-25 02:17:00+00:00,-39.448921
2017-06-25 02:18:00+00:00,-42.85775
2017-06-25 02:19:00+00:00,-67.676804
2017-06-25 02:20:00+00:00,-66.437363
2017-06-25 02:21:00+00:00,-69.336746
2017-06-25 02:22:00+00:00,-87.78614
2017-06-25 02:23:00+00:00,-91.723297
2017-06-25 02:24:00+00:00,-78.368546
2017-06-25 02:25:00+00:00,-73.709465
2017-06-25 02:26:00+00:00,-75.064468
2017-06-25 02:27:00+00:00,-78.785156
2017-06-25 02:28:00+00:00,-69.667496
2017-06-25 02:29:00+00:00,-71.454697
2017-06-25 02:30:00+00:00,-68.873367
2017-06-25 02:31:00+00:00,-68.734489
2017-06-25 02:32:00+00:00,-59.322483
2017-06-25 02:33:00+00:00,-50.818771
2017-06-25 02:34:00+00:00,-49.077286
2017-06-25 02:35:00+00:00,-49.845432
2017-06-25 02:36:00+00:00,-53.354031
2017-06-25 02:37:00+00:00,-56.916969
2017-06-25 02:38:00+00:00,-52.424927
2017-06-25 02:39:00+00:00,-50.900833
2017-06-25 02:40:00+00:00,-49.188999
2017-06-25 02:41:00+00:00,-49.059242
2017-06-25 02:42:00+00:00,-48.977013
2017-06-25 02:43:00+00:00,-51.702129
2017-06-25 02:44:00+00:00,-50.013626
2017-06-25 02:45:00+00:00,-61.76162
2017-06-25 02:46:00+00:00,-60.40757
2017-06-25 02:47:00+00:00,-49.674034
2017-07-02 00:00:00+00:00,-101.45665
2017-07-02 00:01:00+00:00,-98.352898
2017-07-02 00:02:00+00:00,-92.484497
2017-07-02 00:03:00+00:00,-123.537369
2017-07-02 00:04:00+00:00,-112.95121
2017-07-02 00:05:00+00:00,-116.270386
2017-07-02 00:06:00+00:00,-116.555206
2017-07-02 00:07:00+00:00,-126.618057
2017-07-02 00:08:00+00:00,-133.674454
2017-07-02 00:09:00+00:00,-138.195267
2017-07-02 00:10:00+00:00,-143.209671
2017-07-02 00:11:00+00:00,-149.365082
2017-07-02 00:12:00+00:00,-148.349014
2017-07-02 00:13:00+00:00,-149.310867
2017-07-02 00:14:00+00:00,-155.238876
2017-07-02 00:15:00+00:00,-158.33519
2017-07-02 00:16:00+00:00,-154.212341
2017-07-02 00:17:00+00:00,-149.398163
2017-07-02 00:18:00+00:00,-150.037674
2017-07-02 00:19:00+00:00,-161.984024
2017-07-02 00:20:00+00:00,-167.646057
2017-07-02 00:21:00+00:00,-172.292313
2017-07-02 00:22:00+00:00,-169.339752
2017-07-02 00:23:00+00:00,-159.263977
2017-07-02 00:24:00+00:00,-152.104004
2017-07-02 00:25:00+00:00,-161.919403
2017-07-02 00:26:00+00:00,-178.227722
2017-07-02 00:27:00+00:00,-180.041641
2017-07-02 00:28:00+00:00,-168.589325
2017-07-02 00:29:00+00:00,-158.357101
2017-07-02 00:30:00+00:00,-155.96077
2017-07-02 00:31:00+00:00,-158.744019
2017-07-02 00:32:00+00:00,-156.710434
2017-07-02 00:33:00+00:00,-151.574707
2017-07-02 00:34:00+00:00,-151.308044
2017-07-02 00:35:00+00:00,-148.316223
2017-07-02 00:36:00+00:00,-145.323105
2017-07-02 00:37:00+00:00,-143.100296
2017-07-02 00:38:00+00:00,-139.235321
2017-07-02 00:39:00+00:00,-130.268005
2017-07-02 00:40:00+00:00,-118.859001
2017-07-02 00:41:00+00:00,-120.45015
2017-07-02 00:42:00+00:00,-117.407913
2017-07-02 00:43:00+00:00,-108.583504
2017-07-02 00:44:00+00:00,-96.897858
2017-07-02 00:45:00+00:00,-86.622475
2017-07-02 00:46:00+00:00,-81.37458
2017-07-02 00:47:00+00:00,-78.579971
2017-07-02 00:48:00+00:00,-75.164452
2017-07-02 00:49:00+00:00,-71.076286
2017-07-02 00:50:00+00:00,-67.745193
2017-07-02 00:51:00+00:00,-69.218605
2017-07-02 00:52:00+00:00,-71.031555
2017-07-02 00:53:00+00:00,-70.542664
2017-07-02 00:54:00+00:00,-73.946274
2017-07-02 00:55:00+00:00,-80.709686
2017-07-02 00:56:00+00:00,-83.411575
2017-07-02 00:57:00+00:00,-85.433746
2017-07-02 00:58:00+00:00,-90.882103
2017-07-02 00:59:00+00:00,-96.729744
2017-07-02 01:00:00+00:00,-99.655823
2017-07-02 01:01:00+00:00,-99.674423
2017-07-02 01:02:00+00:00,-97.32399
2017-07-02 01:03:00+00:00,-93.73835
2017-07-02 01:04:00+00:00,-93.62101
2017-07-02 01:05:00+00:00,-95.694031
2017-07-02 01:06:00+00:00,-94.357681
2017-07-02 01:07:00+00:00,-88.704147
2017-07-02 01:08:00+00:00,-83.332092
2017-07-02 01:09:00+00:00,-77.264046
2017-07-02 01:10:00+00:00,-70.283745
2017-07-02 01:11:00+00:00,-63.707481
2017-07-02 01:12:00+00:00,-55.924797
2017-07-02 01:13:00+00:00,-50.086948
2017-07-02 01:14:00+00:00,-45.66642
2017-07-02 01:15:00+00:00,-44.550575
2017-07-02 01:16:00+00:00,-43.102791
2017-07-02 01:17:00+00:00,-43.511623
2017-07-02 01:18:00+00:00,-45.563713
2017-07-02 01:19:00+00:00,-48.305565
2017-07-02 01:20:00+00:00,-51.650654
2017-07-02 01:21:00+00:00,-52.86058
2017-07-02 01:22:00+00:00,-52.415215
2017-07-02 01:23:00+00:00,-52.966335
2017-07-02 01:24:00+00:00,-54.34182
2017-07-02 01:25:00+00:00,-55.837067
2017-07-02 01:26:00+00:00,-56.281555
2017-07-02 01:27:00+00:00,-56.840698
2017-07-02 01:28:00+00:00,-55.74876
2017-07-02 01:29:00+00:00,-54.8694
2017-07-02 01:30:00+00:00,-57.068668
2017-07-02 01:31:00+00:00,-57.847172
2017-07-02 01:32:00+00:00,-57.889717
2017-07-02 01:33:00+00:00,-57.602402
2017-07-02 01:34:00+00:00,-57.188351
2017-07-02 01:35:00+00:00,-57.306732
2017-07-02 01:36:00+00:00,-57.129417
2017-07-02 01:37:00+00:00,-55.229641
2017-07-02 01:38:00+00:00,-50.79969
2017-07-02 01:39:00+00:00,-47.842667
2017-07-02 01:40:00+00:00,-47.562939
2017-07-02 01:41:00+00:00,-48.271713
2017-07-02 01:42:00+00:00,-51.787888
2017-07-02 01:43:00+00:00,-56.164688
2017-07-02 01:44:00+00:00,-60.068653
2017-07-02 01:45:00+00:00,-61.942688
2017-07-02 01:46:00+00:00,-61.720745
2017-07-02 01:47:00+00:00,-60.452991
2017-07-02 01:48:00+00:00,-60.058735
2017-07-02 01:49:00+00:00,-59.274345
2017-07-02 01:50:00+00:00,-56.227303
2017-07-02 01:51:00+00:00,-52.163242
2017-07-02 01:52:00+00:00,-47.541679
2017-07-02 01:53:00+00:00,-41.595295
2017-07-02 01:54:00+00:00,-36.825127
2017-07-02 01:55:00+00:00,-34.693851
2017-07-02 01:56:00+00:00,-37.520653
2017-07-02 01:57:00+00:00,-37.993103
2017-07-02 01:58:00+00:00,-37.312046
2017-07-02 01:59:00+00:00,-34.790852
2017-07-02 02:00:00+00:00,-31.94895
2017-07-02 02:01:00+00:00,-30.475216
2017-07-02 02:02:00+00:00,-32.099129
2017-07-02 02:03:00+00:00,-34.447479
2017-07-02 02:04:00+00:00,-35.868862
2017-07-02 02:05:00+00:00,-35.168972
2017-07-02 02:06:00+00:00,-32.758503
2017-07-02 02:07:00+00:00,-34.232487
2017-07-02 02:08:00+00:00,-35.260689
2017-07-02 02:09:00+00:00,-36.431808
2017-07-02 02:10:00+00:00,-38.149338
2017-07-02 02:11:00+00:00,-41.144577
2017-07-02 02:12:00+00:00,-43.339149
2017-07-02 02:13:00+00:00,-49.122261
2017-07-02 02:14:00+00:00,-54.760067
2017-07-02 02:15:00+00:00,-56.397625
2017-07-02 02:16:00+00:00,-54.948997
2017-07-02 02:17:00+00:00,-52.275143
2017-07-02 02:18:00+00:00,-48.605564
2017-07-02 02:19:00+00:00,-45.278679
2017-07-02 02:20:00+00:00,-42.545017
2017-07-02 02:21:00+00:00,-39.009602
2017-07-02 02:22:00+00:00,-34.840439
2017-07-02 02:23:00+00:00,-28.290457
2017-07-02 02:24:00+00:00,-22.695894
2017-07-02 02:25:00+00:00,-22.434383
2017-07-02 02:26:00+00:00,-22.866617
2017-07-02 02:27:00+00:00,-25.18298
2017-07-02 02:28:00+00:00,-26.526009
2017-07-02 02:29:00+00:00,-25.636875
2017-07-02 02:30:00+00:00,-27.260649
2017-07-02 02:31:00+00:00,-28.513777
2017-07-02 02:32:00+00:00,-27.378174
2017-07-02 02:33:00+00:00,-29.540966
2017-07-02 02:34:00+00:00,-32.126976
2017-07-02 02:35:00+00:00,-32.702408
2017-07-02 02:36:00+00:00,-26.677204
2017-07-02 02:37:00+00:00,-26.058821
2017-07-02 02:38:00+00:00,-25.738037
2017-07-02 02:39:00+00:00,-26.115456
2017-07-02 02:40:00+00:00,-26.481142
2017-07-02 02:41:00+00:00,-26.938766
2017-07-02 02:42:00+00:00,-28.905472
2017-07-02 02:43:00+00:00,-31.578213
2017-07-02 02:44:00+00:00,-31.357719
2017-07-02 02:45:00+00:00,-30.809002
2017-07-02 02:46:00+00:00,-29.569683
2017-07-02 02:47:00+00:00,-28.130758
2017-07-09 00:00:00+00:00,-51.632133
2017-07-09 00:01:00+00:00,-47.710602
2017-07-09 00:02:00+00:00,-43.648338
2017-07-09 00:03:00+00:00,-41.093704
2017-07-09 00:04:00+00:00,-34.655403
2017-07-09 00:05:00+00:00,-35.929466
2017-07-09 00:06:00+00:00,-37.570847
2017-07-09 00:07:00+00:00,-43.043907
2017-07-09 00:08:00+00:00,-40.634331
2017-07-09 00:09:00+00:00,-39.498295
2017-07-09 00:10:00+00:00,-41.559273
2017-07-09 00:11:00+00:00,-44.482578
2017-07-09 00:12:00+00:00,-47.36343
2017-07-09 00:13:00+00:00,-53.405899
2017-07-09 00:14:00+00:00,-63.76194
2017-07-09 00:15:00+00:00,-61.713097
2017-07-09 00:16:00+00:00,-56.126335
2017-07-09 00:17:00+00:00,-51.956245
2017-07-09 00:18:00+00:00,-45.475204
2017-07-09 00:19:00+00:00,-38.575714
2017-07-09 00:20:00+00:00,-33.412743
2017-07-09 00:21:00+00:00,-37.643036
2017-07-09 00:22:00+00:00,-37.86903
2017-07-09 00:23:00+00:00,-45.505932
2017-07-09 00:24:00+00:00,-56.530544
2017-07-09 00:25:00+00:00,-66.98291
2017-07-09 00:26:00+00:00,-76.937164
2017-07-09 00:27:00+00:00,-78.342445
2017-07-09 00:28:00+00:00,-72.594185
2017-07-09 00:29:00+00:00,-65.761642
2017-07-09 00:30:00+00:00,-59.013866
2017-07-09 00:31:00+00:00,-55.356415
2017-07-09 00:32:00+00:00,-61.233929
2017-07-09 00:33:00+00:00,-69.967377
2017-07-09 00:34:00+00:00,-67.115433
2017-07-09 00:35:00+00:00,-62.82856
2017-07-09 00:36:00+00:00,-58.448582
2017-07-09 00:37:00+00:00,-57.984531
2017-07-09 00:38:00+00:00,-57.438446
2017-07-09 00:39:00+00:00,-54.582088
2017-07-09 00:40:00+00:00,-51.270565
2017-07-09 00:41:00+00:00,-50.435722
2017-07-09 00:42:00+00:00,-46.537315
2017-07-09 00:43:00+00:00,-45.743027
2017-07-09 00:44:00+00:00,-48.619408
2017-07-09 00:45:00+00:00,-51.578548
2017-07-09 00:46:00+00:00,-52.274452
2017-07-09 00:47:00+00:00,-54.52087
2017-07-09 00:48:00+00:00,-54.172314
2017-07-09 00:49:00+00:00,-53.031532
2017-07-09 00:50:00+00:00,-55.816319
2017-07-09 00:51:00+00:00,-60.785469
2017-07-09 00:52:00+00:00,-59.620651
2017-07-09 00:53:00+00:00,-61.815239
2017-07-09 00:54:00+00:00,-62.17646
2017-07-09 00:55:00+00:00,-65.011177
2017-07-09 00:56:00+00:00,-62.198315
2017-07-09 00:57:00+00:00,-62.723198
2017-07-09 00:58:00+00:00,-68.389633
2017-07-09 00:59:00+00:00,-75.313362
2017-07-09 01:00:00+00:00,-78.89032
2017-07-09 01:01:00+00:00,-81.868294
2017-07-09 01:02:00+00:00,-87.741562
2017-07-09 01:03:00+00:00,-94.307892
2017-07-09 01:04:00+00:00,-97.576012
2017-07-09 01:05:00+00:00,-98.224548
2017-07-09 01:06:00+00:00,-101.583496
2017-07-09 01:07:00+00:00,-103.154732
2017-07-09 01:08:00+00:00,-103.76619
2017-07-09 01:09:00+00:00,-105.961029
2017-07-09 01:10:00+00:00,-106.315193
2017-07-09 01:11:00+00:00,-108.990707
2017-07-09 01:12:00+00:00,-116.985138
2017-07-09 01:13:00+00:00,-128.030258
2017-07-09 01:14:00+00:00,-140.639694
2017-07-09 01:15:00+00:00,-147.236221
2017-07-09 01:16:00+00:00,-148.980072
2017-07-09 01:17:00+00:00,-148.297882
2017-07-09 01:18:00+00:00,-146.629059
2017-07-09 01:19:00+00:00,-147.361267
2017-07-09 01:20:00+00:00,-145.379227
2017-07-09 01:21:00+00:00,-140.637009
2017-07-09 01:22:00+00:00,-135.68631
2017-07-09 01:23:00+00:00,-143.705917
2017-07-09 01:24:00+00:00,-155.340118
2017-07-09 01:25:00+00:00,-163.023544
2017-07-09 01:26:00+00:00,-161.493454
2017-07-09 01:27:00+00:00,-159.648056
2017-07-09 01:28:00+00:00,-153.544998
2017-07-09 01:29:00+00:00,-156.570602
2017-07-09 01:30:00+00:00,-148.477722
2017-07-09 01:31:00+00:00,-128.506332
2017-07-09 01:32:00+00:00,-122.802544
2017-07-09 01:33:00+00:00,-116.727623
2017-07-09 01:34:00+00:00,-118.888245
2017-07-09 01:35:00+00:00,-121.601959
2017-07-09 01:36:00+00:00,-131.355438
2017-07-09 01:37:00+00:00,-134.057816
2017-07-09 01:38:00+00:00,-139.351013
2017-07-09 01:39:00+00:00,-146.375687
2017-07-09 01:40:00+00:00,-155.410172
2017-07-09 01:41:00+00:00,-162.347488
2017-07-09 01:42:00+00:00,-177.206116
2017-07-09 01:43:00+00:00,-187.912918
2017-07-09 01:44:00+00:00,-188.24617
2017-07-09 01:45:00+00:00,-191.985077
2017-07-09 01:46:00+00:00,-195.029938
2017-07-09 01:47:00+00:00,-192.005478
2017-07-09 01:48:00+00:00,-199.121841
2017-07-09 01:49:00+00:00,-216.774414
2017-07-09 01:50:00+00:00,-232.044464
2017-07-09 01:51:00+00:00,-245.626328
2017-07-09 01:52:00+00:00,-243.829529
2017-07-09 01:53:00+00:00,-258.456299
2017-07-09 01:54:00+00:00,-266.322998
2017-07-09 01:55:00+00:00,-283.383362
2017-07-09 01:56:00+00:00,-318.283875
2017-07-09 01:57:00+00:00,-362.349243
2017-07-09 01:58:00+00:00,-387.03363
2017-07-09 01:59:00+00:00,-381.826111
2017-07-09 02:00:00+00:00,-461.981995
2017-07-09 02:01:00+00:00,-545.966492
2017-07-09 02:02:00+00:00,-567.084839
2017-07-09 02:03:00+00:00,-502.167664
2017-07-09 02:04:00+00:00,-518.026184
2017-07-09 02:05:00+00:00,-557.076233
2017-07-09 02:06:00+00:00,-589.373108
2017-07-09 02:07:00+00:00,-609.483765
2017-07-09 02:08:00+00:00,-626.340088
2017-07-09 02:09:00+00:00,-676.932739
2017-07-09 02:10:00+00:00,-719.664551
2017-07-09 02:11:00+00:00,-775.252502
2017-07-09 02:12:00+00:00,-755.620544
2017-07-09 02:13:00+00:00,-742.778381
2017-07-09 02:14:00+00:00,-763.184937
2017-07-09 02:15:00+00:00,-769.834778
2017-07-09 02:16:00+00:00,-811.718018
2017-07-09 02:17:00+00:00,-838.450684
2017-07-09 02:18:00+00:00,-817.511475
2017-07-09 02:19:00+00:00,-860.403198
2017-07-09 02:20:00+00:00,-861.674133
2017-07-09 02:21:00+00:00,-835.226196
2017-07-09 02:22:00+00:00,-820.715698
2017-07-09 02:23:00+00:00,-831.328186
2017-07-09 02:24:00+00:00,-806.093628
2017-07-09 02:25:00+00:00,-837.03772
2017-07-09 02:26:00+00:00,-848.755188
2017-07-09 02:27:00+00:00,-842.666992
2017-07-09 02:28:00+00:00,-863.764526
2017-07-09 02:29:00+00:00,-874.790955
2017-07-09 02:30:00+00:00,-846.168701
2017-07-09 02:31:00+00:00,-804.803711
2017-07-09 02:32:00+00:00,-789.763916
2017-07-09 02:33:00+00:00,-743.41925
2017-07-09 02:34:00+00:00,-719.427185
2017-07-09 02:35:00+00:00,-704.363037
2017-07-09 02:36:00+00:00,-723.278564
2017-07-09 02:37:00+00:00,-721.556702
2017-07-09 02:38:00+00:00,-768.002075
2017-07-09 02:39:00+00:00,-745.041687
2017-07-09 02:40:00+00:00,-767.540771
2017-07-09 02:41:00+00:00,-766.146851
2017-07-09 02:42:00+00:00,-728.294495
2017-07-09 02:43:00+00:00,-680.706787
2017-07-09 02:44:00+00:00,-707.341248
2017-07-09 02:45:00+00:00,-645.747009
2017-07-09 02:46:00+00:00,-661.392456
2017-07-09 02:47:00+00:00,-671.090088
2017-07-16 00:00:00+00:00,-54.597565
2017-07-16 00:01:00+00:00,-52.85762
2017-07-16 00:02:00+00:00,-53.240131
2017-07-16 00:03:00+00:00,-54.89249
2017-07-16 00:04:00+00:00,-55.262863
2017-07-16 00:05:00+00:00,-54.407818
2017-07-16 00:06:00+00:00,-52.59486
2017-07-16 00:07:00+00:00,-50.121773
2017-07-16 00:08:00+00:00,-48.554615
2017-07-16 00:09:00+00:00,-47.971062
2017-07-16 00:10:00+00:00,-47.433212
2017-07-16 00:11:00+00:00,-45.944897
2017-07-16 00:12:00+00:00,-43.955273
2017-07-16 00:13:00+00:00,-41.629295
2017-07-16 00:14:00+00:00,-40.840923
2017-07-16 00:15:00+00:00,-40.663376
2017-07-16 00:16:00+00:00,-41.334793
2017-07-16 00:17:00+00:00,-44.083637
2017-07-16 00:18:00+00:00,-45.034828
2017-07-16 00:19:00+00:00,-46.826973
2017-07-16 00:20:00+00:00,-47.57132
2017-07-16 00:21:00+00:00,-47.904522
2017-07-16 00:22:00+00:00,-49.710293
2017-07-16 00:23:00+00:00,-49.347256
2017-07-16 00:24:00+00:00,-47.855782
2017-07-16 00:25:00+00:00,-46.326893
2017-07-16 00:26:00+00:00,-46.040791
2017-07-16 00:27:00+00:00,-44.998379
2017-07-16 00:28:00+00:00,-45.297241
2017-07-16 00:29:00+00:00,-45.027149
2017-07-16 00:30:00+00:00,-42.47554
2017-07-16 00:31:00+00:00,-39.643803
2017-07-16 00:32:00+00:00,-36.721794
2017-07-16 00:33:00+00:00,-32.62439
2017-07-16 00:34:00+00:00,-30.077978
2017-07-16 00:35:00+00:00,-28.806995
2017-07-16 00:36:00+00:00,-27.405998
2017-07-16 00:37:00+00:00,-25.66095
2017-07-16 00:38:00+00:00,-25.909691
2017-07-16 00:39:00+00:00,-25.237404
2017-07-16 00:40:00+00:00,-24.512068
2017-07-16 00:41:00+00:00,-24.485796
2017-07-16 00:42:00+00:00,-24.510117
2017-07-16 00:43:00+00:00,-24.935446
2017-07-16 00:44:00+00:00,-25.049696
2017-07-16 00:45:00+00:00,-24.239454
2017-07-16 00:46:00+00:00,-25.126541
2017-07-16 00:47:00+00:00,-28.140509
2017-07-16 00:48:00+00:00,-31.285089
2017-07-16 00:49:00+00:00,-34.334526
2017-07-16 00:50:00+00:00,-35.887283
2017-07-16 00:51:00+00:00,-32.474434
2017-07-16 00:52:00+00:00,-30.713001
2017-07-16 00:53:00+00:00,-28.808764
2017-07-16 00:54:00+00:00,-27.571281
2017-07-16 00:55:00+00:00,-27.536449
2017-07-16 00:56:00+00:00,-26.780272
2017-07-16 00:57:00+00:00,-28.35726
2017-07-16 00:58:00+00:00,-70.846512
2017-07-16 00:59:00+00:00,-139.107437
2017-07-16 01:00:00+00:00,-149.89151
2017-07-16 01:01:00+00:00,-171.909943
2017-07-16 01:02:00+00:00,-165.422882
2017-07-16 01:03:00+00:00,-193.411469
2017-07-16 01:04:00+00:00,-238.752014
2017-07-16 01:05:00+00:00,-215.92984
2017-07-16 01:06:00+00:00,-184.597397
2017-07-16 01:07:00+00:00,-174.756271
2017-07-16 01:08:00+00:00,-160.542114
2017-07-16 01:09:00+00:00,-137.355164
2017-07-16 01:10:00+00:00,-137.97081
2017-07-16 01:11:00+00:00,-157.444061
2017-07-16 01:12:00+00:00,-149.319138
2017-07-16 01:13:00+00:00,-148.009232
2017-07-16 01:14:00+00:00,-158.117111
2017-07-16 01:15:00+00:00,-165.438354
2017-07-16 01:16:00+00:00,-149.269241
2017-07-16 01:17:00+00:00,-129.621704
2017-07-16 01:18:00+00:00,-146.419342
2017-07-16 01:19:00+00:00,-158.974152
2017-07-16 01:20:00+00:00,-164.757904
2017-07-16 01:21:00+00:00,-154.616394
2017-07-16 01:22:00+00:00,-154.203186
2017-07-16 01:23:00+00:00,-138.80101
2017-07-16 01:24:00+00:00,-153.849487
2017-07-16 01:25:00+00:00,-163.729874
2017-07-16 01:26:00+00:00,-158.571106
2017-07-16 01:27:00+00:00,-152.458191
2017-07-16 01:28:00+00:00,-139.141174
2017-07-16 01:29:00+00:00,-131.346664
2017-07-16 01:30:00+00:00,-130.558472
2017-07-16 01:31:00+00:00,-133.674835
2017-07-16 01:32:00+00:00,-132.118256
2017-07-16 01:33:00+00:00,-133.445633
2017-07-16 01:34:00+00:00,-137.025146
2017-07-16 01:35:00+00:00,-142.481857
2017-07-16 01:36:00+00:00,-146.112701
2017-07-16 01:37:00+00:00,-147.205826
2017-07-16 01:38:00+00:00,-146.027359
2017-07-16 01:39:00+00:00,-139.98378
2017-07-16 01:40:00+00:00,-135.523788
2017-07-16 01:41:00+00:00,-133.141586
2017-07-16 01:42:00+00:00,-128.192734
2017-07-16 01:43:00+00:00,-128.46048
2017-07-16 01:44:00+00:00,-134.165619
2017-07-16 01:45:00+00:00,-131.157379
2017-07-16 01:46:00+00:00,-124.718941
2017-07-16 01:47:00+00:00,-125.236649
2017-07-16 01:48:00+00:00,-121.448837
2017-07-16 01:49:00+00:00,-112.62999
2017-07-16 01:50:00+00:00,-110.780182
2017-07-16 01:51:00+00:00,-108.823311
2017-07-16 01:52:00+00:00,-109.419594
2017-07-16 01:53:00+00:00,-115.287735
2017-07-16 01:54:00+00:00,-111.27964
2017-07-16 01:55:00+00:00,-107.035843
2017-07-16 01:56:00+00:00,-105.339622
2017-07-16 01:57:00+00:00,-97.325806
2017-07-16 01:58:00+00:00,-96.103828
2017-07-16 01:59:00+00:00,-99.997017
2017-07-16 02:00:00+00:00,-99.835747
2017-07-16 02:01:00+00:00,-101.637634
2017-07-16 02:02:00+00:00,-100.164101
2017-07-16 02:03:00+00:00,-97.420074
2017-07-16 02:04:00+00:00,-96.060867
2017-07-16 02:05:00+00:00,-91.975204
2017-07-16 02:06:00+00:00,-86.681679
2017-07-16 02:07:00+00:00,-82.285797
2017-07-16 02:08:00+00:00,-75.900414
2017-07-16 02:09:00+00:00,-73.877098
2017-07-16 02:10:00+00:00,-70.547501
2017-07-16 02:11:00+00:00,-66.999939
2017-07-16 02:12:00+00:00,-70.01149
2017-07-16 02:13:00+00:00,-79.67038
2017-07-16 02:14:00+00:00,-88.351234
2017-07-16 02:15:00+00:00,-88.205276
2017-07-16 02:16:00+00:00,-86.794487
2017-07-16 02:17:00+00:00,-75.58548
2017-07-16 02:18:00+00:00,-61.410332
2017-07-16 02:19:00+00:00,-60.505402
2017-07-16 02:20:00+00:00,-61.332653
2017-07-16 02:21:00+00:00,-62.49955
2017-07-16 02:22:00+00:00,-61.499294
2017-07-16 02:23:00+00:00,-59.469845
2017-07-16 02:24:00+00:00,-55.659889
2017-07-16 02:25:00+00:00,-52.058884
2017-07-16 02:26:00+00:00,-51.977425
2017-07-16 02:27:00+00:00,-51.333519
2017-07-16 02:28:00+00:00,-48.093025
2017-07-16 02:29:00+00:00,-45.836075
2017-07-16 02:30:00+00:00,-44.961773
2017-07-16 02:31:00+00:00,-44.092529
2017-07-16 02:32:00+00:00,-43.162148
2017-07-16 02:33:00+00:00,-41.333763
2017-07-16 02:34:00+00:00,-40.924793
2017-07-16 02:35:00+00:00,-40.861069
2017-07-16 02:36:00+00:00,-39.620167
2017-07-16 02:37:00+00:00,-37.242176
2017-07-16 02:38:00+00:00,-36.94883
2017-07-16 02:39:00+00:00,-39.605423
2017-07-16 02:40:00+00:00,-39.831116
2017-07-16 02:41:00+00:00,-36.463829
2017-07-16 02:42:00+00:00,-33.929638
2017-07-16 02:43:00+00:00,-33.425129
2017-07-16 02:44:00+00:00,-36.718895
2017-07-16 02:45:00+00:00,-38.855812
2017-07-16 02:46:00+00:00,-40.082401
2017-07-16 02:47:00+00:00,-38.437714
2017-07-23 00:00:00+00:00,-403.227173
2017-07-23 00:01:00+00:00,-392.810028
2017-07-23 00:02:00+00:00,-395.180328
2017-07-23 00:03:00+00:00,-381.793121
2017-07-23 00:04:00+00:00,-390.581116
2017-07-23 00:05:00+00:00,-409.777161
2017-07-23 00:06:00+00:00,-411.436188
2017-07-23 00:07:00+00:00,-398.451294
2017-07-23 00:08:00+00:00,-391.889862
2017-07-23 00:09:00+00:00,-379.711945
2017-07-23 00:10:00+00:00,-366.686584
2017-07-23 00:11:00+00:00,-373.287384
2017-07-23 00:12:00+00:00,-381.473175
2017-07-23 00:13:00+00:00,-376.690643
2017-07-23 00:14:00+00:00,-365.872681
2017-07-23 00:15:00+00:00,-367.585236
2017-07-23 00:16:00+00:00,-377.605591
2017-07-23 00:17:00+00:00,-374.39566
2017-07-23 00:18:00+00:00,-358.25238
2017-07-23 00:19:00+00:00,-357.78125
2017-07-23 00:20:00+00:00,-348.520386
2017-07-23 00:21:00+00:00,-348.020599
2017-07-23 00:22:00+00:00,-359.126678
2017-07-23 00:23:00+00:00,-353.531525
2017-07-23 00:24:00+00:00,-357.528259
2017-07-23 00:25:00+00:00,-358.187561
2017-07-23 00:26:00+00:00,-360.078827
2017-07-23 00:27:00+00:00,-356.885681
2017-07-23 00:28:00+00:00,-350.25174
2017-07-23 00:29:00+00:00,-326.787354
2017-07-23 00:30:00+00:00,-306.012573
2017-07-23 00:31:00+00:00,-291.088623
2017-07-23 00:32:00+00:00,-273.270599
2017-07-23 00:33:00+00:00,-255.109024
2017-07-23 00:34:00+00:00,-258.774902
2017-07-23 00:35:00+00:00,-266.793793
2017-07-23 00:36:00+00:00,-275.815826
2017-07-23 00:37:00+00:00,-298.844757
2017-07-23 00:38:00+00:00,-301.881348
2017-07-23 00:39:00+00:00,-279.923798
2017-07-23 00:40:00+00:00,-280.964905
2017-07-23 00:41:00+00:00,-253.021179
2017-07-23 00:42:00+00:00,-208.066101
2017-07-23 00:43:00+00:00,-248.088379
2017-07-23 00:44:00+00:00,-202.127228
2017-07-23 00:45:00+00:00,-182.187439
2017-07-23 00:46:00+00:00,-176.216904
2017-07-23 00:47:00+00:00,-173.430664
2017-07-23 00:48:00+00:00,-169.422485
2017-07-23 00:49:00+00:00,-160.6129
2017-07-23 00:50:00+00:00,-196.380035
2017-07-23 00:51:00+00:00,-217.437805
2017-07-23 00:52:00+00:00,-223.49263
2017-07-23 00:53:00+00:00,-219.54892
2017-07-23 00:54:00+00:00,-208.606247
2017-07-23 00:55:00+00:00,-193.662155
2017-07-23 00:56:00+00:00,-183.716522
2017-07-23 00:57:00+00:00,-169.778015
2017-07-23 00:58:00+00:00,-155.831818
2017-07-23 00:59:00+00:00,-145.887573
2017-07-23 01:00:00+00:00,-141.941925
2017-07-23 01:01:00+00:00,-139.865112
2017-07-23 01:02:00+00:00,-133.640991
2017-07-23 01:03:00+00:00,-130.598969
2017-07-23 01:04:00+00:00,-132.145599
2017-07-23 01:05:00+00:00,-133.441055
2017-07-23 01:06:00+00:00,-132.051682
2017-07-23 01:07:00+00:00,-128.350555
2017-07-23 01:08:00+00:00,-132.472336
2017-07-23 01:09:00+00:00,-133.922638
2017-07-23 01:10:00+00:00,-131.921997
2017-07-23 01:11:00+00:00,-135.13443
2017-07-23 01:12:00+00:00,-140.918274
2017-07-23 01:13:00+00:00,-144.303772
2017-07-23 01:14:00+00:00,-146.843613
2017-07-23 01:15:00+00:00,-147.097977
2017-07-23 01:16:00+00:00,-151.865295
2017-07-23 01:17:00+00:00,-155.413788
2017-07-23 01:18:00+00:00,-158.845947
2017-07-23 01:19:00+00:00,-160.191025
2017-07-23 01:20:00+00:00,-161.8396
2017-07-23 01:21:00+00:00,-164.567993
2017-07-23 01:22:00+00:00,-163.916214
2017-07-23 01:23:00+00:00,-156.813293
2017-07-23 01:24:00+00:00,-147.435165
2017-07-23 01:25:00+00:00,-136.105438
2017-07-23 01:26:00+00:00,-125.672699
2017-07-23 01:27:00+00:00,-124.812019
2017-07-23 01:28:00+00:00,-129.95314
2017-07-23 01:29:00+00:00,-133.048798
2017-07-23 01:30:00+00:00,-139.377335
2017-07-23 01:31:00+00:00,-136.658386
2017-07-23 01:32:00+00:00,-133.168442
2017-07-23 01:33:00+00:00,-128.095581
2017-07-23 01:34:00+00:00,-122.659439
2017-07-23 01:35:00+00:00,-110.983292
2017-07-23 01:36:00+00:00,-102.440353
2017-07-23 01:37:00+00:00,-106.112717
2017-07-23 01:38:00+00:00,-108.55938
2017-07-23 01:39:00+00:00,-103.467865
2017-07-23 01:40:00+00:00,-102.237701
2017-07-23 01:41:00+00:00,-102.05407
2017-07-23 01:42:00+00:00,-100.739517
2017-07-23 01:43:00+00:00,-104.289719
2017-07-23 01:44:00+00:00,-104.54985
2017-07-23 01:45:00+00:00,-103.800644
2017-07-23 01:46:00+00:00,-101.506195
2017-07-23 01:47:00+00:00,-101.753922
2017-07-23 01:48:00+00:00,-102.641243
2017-07-23 01:49:00+00:00,-100.937698
2017-07-23 01:50:00+00:00,-102.240112
2017-07-23 01:51:00+00:00,-104.872086
2017-07-23 01:52:00+00:00,-102.54953
2017-07-23 01:53:00+00:00,-91.118462
2017-07-23 01:54:00+00:00,-79.067688
2017-07-23 01:55:00+00:00,-67.381699
2017-07-23 01:56:00+00:00,-63.835136
2017-07-23 01:57:00+00:00,-62.992725
2017-07-23 01:58:00+00:00,-67.765778
2017-07-23 01:59:00+00:00,-65.165497
2017-07-23 02:00:00+00:00,-57.577652
2017-07-23 02:01:00+00:00,-56.337681
2017-07-23 02:02:00+00:00,-55.29987
2017-07-23 02:03:00+00:00,-56.177883
2017-07-23 02:04:00+00:00,-57.442947
2017-07-23 02:05:00+00:00,-57.661671
2017-07-23 02:06:00+00:00,-59.673504
2017-07-23 02:07:00+00:00,-60.095036
2017-07-23 02:08:00+00:00,-59.446541
2017-07-23 02:09:00+00:00,-58.399677
2017-07-23 02:10:00+00:00,-59.896603
2017-07-23 02:11:00+00:00,-58.476395
2017-07-23 02:12:00+00:00,-57.516983
2017-07-23 02:13:00+00:00,-58.682438
2017-07-23 02:14:00+00:00,-58.893665
2017-07-23 02:15:00+00:00,-57.81126
2017-07-23 02:16:00+00:00,-56.703888
2017-07-23 02:17:00+00:00,-57.402073
2017-07-23 02:18:00+00:00,-55.799374
2017-07-23 02:19:00+00:00,-55.726856
2017-07-23 02:20:00+00:00,-54.445259
2017-07-23 02:21:00+00:00,-54.30323
2017-07-23 02:22:00+00:00,-56.86132
2017-07-23 02:23:00+00:00,-57.95393
2017-07-23 02:24:00+00:00,-55.721844
2017-07-23 02:25:00+00:00,-53.80415
2017-07-23 02:26:00+00:00,-54.714531
2017-07-23 02:27:00+00:00,-54.285999
2017-07-23 02:28:00+00:00,-54.014652
2017-07-23 02:29:00+00:00,-55.838978
2017-07-23 02:30:00+00:00,-59.721294
2017-07-23 02:31:00+00:00,-59.231937
2017-07-23 02:32:00+00:00,-59.756931
2017-07-23 02:33:00+00:00,-60.550201
2017-07-23 02:34:00+00:00,-61.038536
2017-07-23 02:35:00+00:00,-60.489536
2017-07-23 02:36:00+00:00,-59.973534
2017-07-23 02:37:00+00:00,-60.873367
2017-07-23 02:38:00+00:00,-61.030231
2017-07-23 02:39:00+00:00,-61.530361
2017-07-23 02:40:00+00:00,-61.433704
2017-07-23 02:41:00+00:00,-60.524464
2017-07-23 02:42:00+00:00,-58.431572
2017-07-23 02:43:00+00:00,-55.920677
2017-07-23 02:44:00+00:00,-53.572853
2017-07-23 02:45:00+00:00,-54.746872
2017-07-23 02:46:00+00:00,-57.333618
2017-07-23 02:47:00+00:00,-60.458672
2017-07-30 00:00:00+00:00,-69.500206
2017-07-30 00:01:00+00:00,-65.689362
2017-07-30 00:02:00+00:00,-65.513802
2017-07-30 00:03:00+00:00,-64.54966
2017-07-30 00:04:00+00:00,-61.657219
2017-07-30 00:05:00+00:00,-60.493671
2017-07-30 00:06:00+00:00,-59.201538
2017-07-30 00:07:00+00:00,-56.132336
2017-07-30 00:08:00+00:00,-54.499603
2017-07-30 00:09:00+00:00,-53.884899
2017-07-30 00:10:00+00:00,-53.103325
2017-07-30 00:11:00+00:00,-52.809124
2017-07-30 00:12:00+00:00,-52.609669
2017-07-30 00:13:00+00:00,-51.632843
2017-07-30 00:14:00+00:00,-48.860039
2017-07-30 00:15:00+00:00,-46.770424
2017-07-30 00:16:00+00:00,-46.92992
2017-07-30 00:17:00+00:00,-47.934891
2017-07-30 00:18:00+00:00,-50.442509
2017-07-30 00:19:00+00:00,-52.400967
2017-07-30 00:20:00+00:00,-55.713539
2017-07-30 00:21:00+00:00,-58.99638
2017-07-30 00:22:00+00:00,-60.696712
2017-07-30 00:23:00+00:00,-62.157864
2017-07-30 00:24:00+00:00,-62.772102
2017-07-30 00:25:00+00:00,-62.488247
2017-07-30 00:26:00+00:00,-62.024025
2017-07-30 00:27:00+00:00,-61.769028
2017-07-30 00:28:00+00:00,-61.009342
2017-07-30 00:29:00+00:00,-60.949997
2017-07-30 00:30:00+00:00,-61.276939
2017-07-30 00:31:00+00:00,-62.165287
2017-07-30 00:32:00+00:00,-62.507385
2017-07-30 00:33:00+00:00,-61.826656
2017-07-30 00:34:00+00:00,-59.71196
2017-07-30 00:35:00+00:00,-58.662315
2017-07-30 00:36:00+00:00,-58.092754
2017-07-30 00:37:00+00:00,-57.199551
2017-07-30 00:38:00+00:00,-58.597324
2017-07-30 00:39:00+00:00,-60.322433
2017-07-30 00:40:00+00:00,-63.341064
2017-07-30 00:41:00+00:00,-65.351448
2017-07-30 00:42:00+00:00,-68.798897
2017-07-30 00:43:00+00:00,-67.252739
2017-07-30 00:44:00+00:00,-67.906311
2017-07-30 00:45:00+00:00,-90.132912
2017-07-30 00:46:00+00:00,-136.503754
2017-07-30 00:47:00+00:00,-93.565971
2017-07-30 00:48:00+00:00,-89.649567
2017-07-30 00:49:00+00:00,-103.233971
2017-07-30 00:50:00+00:00,-100.776123
2017-07-30 00:51:00+00:00,-99.554222
2017-07-30 00:52:00+00:00,-101.803444
2017-07-30 00:53:00+00:00,-99.713882
2017-07-30 00:54:00+00:00,-101.699577
2017-07-30 00:55:00+00:00,-103.779518
2017-07-30 00:56:00+00:00,-105.684143
2017-07-30 00:57:00+00:00,-106.698563
2017-07-30 00:58:00+00:00,-104.58152
2017-07-30 00:59:00+00:00,-106.189423
2017-07-30 01:00:00+00:00,-108.647583
2017-07-30 01:01:00+00:00,-110.115685
2017-07-30 01:02:00+00:00,-108.245743
2017-07-30 01:03:00+00:00,-109.370735
2017-07-30 01:04:00+00:00,-103.309204
2017-07-30 01:05:00+00:00,-102.230515
2017-07-30 01:06:00+00:00,-101.811409
2017-07-30 01:07:00+00:00,-99.976692
2017-07-30 01:08:00+00:00,-99.999649
2017-07-30 01:09:00+00:00,-98.969566
2017-07-30 01:10:00+00:00,-98.273895
2017-07-30 01:11:00+00:00,-97.398849
2017-07-30 01:12:00+00:00,-94.93071
2017-07-30 01:13:00+00:00,-92.187828
2017-07-30 01:14:00+00:00,-90.927307
2017-07-30 01:15:00+00:00,-86.902748
2017-07-30 01:16:00+00:00,-80.019539
2017-07-30 01:17:00+00:00,-88.948479
2017-07-30 01:18:00+00:00,-97.999466
2017-07-30 01:19:00+00:00,-113.104073
2017-07-30 01:20:00+00:00,-117.564926
2017-07-30 01:21:00+00:00,-90.966911
2017-07-30 01:22:00+00:00,-80.682495
2017-07-30 01:23:00+00:00,-71.254478
2017-07-30 01:24:00+00:00,-74.281952
2017-07-30 01:25:00+00:00,-73.970879
2017-07-30 01:26:00+00:00,-71.478386
2017-07-30 01:27:00+00:00,-75.496765
2017-07-30 01:28:00+00:00,-65.165573
2017-07-30 01:29:00+00:00,-71.221039
2017-07-30 01:30:00+00:00,-78.713928
2017-07-30 01:31:00+00:00,-78.882034
2017-07-30 01:32:00+00:00,-76.699783
2017-07-30 01:33:00+00:00,-74.196404
2017-07-30 01:34:00+00:00,-63.797626
2017-07-30 01:35:00+00:00,-56.336399
2017-07-30 01:36:00+00:00,-50.861496
2017-07-30 01:37:00+00:00,-48.751774
2017-07-30 01:38:00+00:00,-46.223755
2017-07-30 01:39:00+00:00,-49.830566
2017-07-30 01:40:00+00:00,-52.804276
2017-07-30 01:41:00+00:00,-55.028679
2017-07-30 01:42:00+00:00,-50.458794
2017-07-30 01:43:00+00:00,-44.481289
2017-07-30 01:44:00+00:00,-40.222084
2017-07-30 01:45:00+00:00,-36.25346
2017-07-30 01:46:00+00:00,-34.28017
2017-07-30 01:47:00+00:00,-30.972391
2017-07-30 01:48:00+00:00,-27.940725
2017-07-30 01:49:00+00:00,-26.090342
2017-07-30 01:50:00+00:00,-25.874384
2017-07-30 01:51:00+00:00,-25.439356
2017-07-30 01:52:00+00:00,-25.247883
2017-07-30 01:53:00+00:00,-24.516363
2017-07-30 01:54:00+00:00,-24.706455
2017-07-30 01:55:00+00:00,-25.129704
2017-07-30 01:56:00+00:00,-25.70409
2017-07-30 01:57:00+00:00,-25.313705
2017-07-30 01:58:00+00:00,-24.932117
2017-07-30 01:59:00+00:00,-25.334396
2017-07-30 02:00:00+00:00,-25.060211
2017-07-30 02:01:00+00:00,-28.785591
2017-07-30 02:02:00+00:00,-36.743343
2017-07-30 02:03:00+00:00,-40.157375
2017-07-30 02:04:00+00:00,-35.638966
2017-07-30 02:05:00+00:00,-30.184153
2017-07-30 02:06:00+00:00,-29.132441
2017-07-30 02:07:00+00:00,-28.007607
2017-07-30 02:08:00+00:00,-25.236334
2017-07-30 02:09:00+00:00,-25.414503
2017-07-30 02:10:00+00:00,-25.426624
2017-07-30 02:11:00+00:00,-25.428633
2017-07-30 02:12:00+00:00,-24.860899
2017-07-30 02:13:00+00:00,-24.915749
2017-07-30 02:14:00+00:00,-24.457867
2017-07-30 02:15:00+00:00,-25.801006
2017-07-30 02:16:00+00:00,-27.947891
2017-07-30 02:17:00+00:00,-27.995445
2017-07-30 02:18:00+00:00,-25.799664
2017-07-30 02:19:00+00:00,-29.344913
2017-07-30 02:20:00+00:00,-35.501656
2017-07-30 02:21:00+00:00,-28.305531
2017-07-30 02:22:00+00:00,-29.034979
2017-07-30 02:23:00+00:00,-30.984121
2017-07-30 02:24:00+00:00,-32.897469
2017-07-30 02:25:00+00:00,-33.534374
2017-07-30 02:26:00+00:00,-34.320156
2017-07-30 02:27:00+00:00,-35.690586
2017-07-30 02:28:00+00:00,-36.633015
2017-07-30 02:29:00+00:00,-37.264679
2017-07-30 02:30:00+00:00,-36.819695
2017-07-30 02:31:00+00:00,-36.161423
2017-07-30 02:32:00+00:00,-37.924778
2017-07-30 02:33:00+00:00,-45.828152
2017-07-30 02:34:00+00:00,-37.206879
2017-07-30 02:35:00+00:00,-46.804653
2017-07-30 02:36:00+00:00,-35.322784
2017-07-30 02:37:00+00:00,-36.806286
2017-07-30 02:38:00+00:00,-36.563721
2017-07-30 02:39:00+00:00,-33.797939
2017-07-30 02:40:00+00:00,-33.320534
2017-07-30 02:41:00+00:00,-32.952866
2017-07-30 02:42:00+00:00,-29.572927
2017-07-30 02:43:00+00:00,-29.775513
2017-07-30 02:44:00+00:00,-29.338034
2017-07-30 02:45:00+00:00,-28.69099
2017-07-30 02:46:00+00:00,-27.6738
2017-07-30 02:47:00+00:00,-26.957176
2017-08-06 00:00:00+00:00,-560.689575
2017-08-06 00:01:00+00:00,-547.625854
2017-08-06 00:02:00+00:00,-558.559998
2017-08-06 00:03:00+00:00,-565.520325
2017-08-06 00:04:00+00:00,-575.443481
2017-08-06 00:05:00+00:00,-591.350891
2017-08-06 00:06:00+00:00,-596.253418
2017-08-06 00:07:00+00:00,-575.170471
2017-08-06 00:08:00+00:00,-553.102417
2017-08-06 00:09:00+00:00,-538.065674
2017-08-06 00:10:00+00:00,-516.006714
2017-08-06 00:11:00+00:00,-460.984039
2017-08-06 00:12:00+00:00,-398.855164
2017-08-06 00:13:00+00:00,-367.729553
2017-08-06 00:14:00+00:00,-355.105194
2017-08-06 00:15:00+00:00,-352.571777
2017-08-06 00:16:00+00:00,-344.507324
2017-08-06 00:17:00+00:00,-344.010712
2017-08-06 00:18:00+00:00,-340.385681
2017-08-06 00:19:00+00:00,-332.244263
2017-08-06 00:20:00+00:00,-332.472717
2017-08-06 00:21:00+00:00,-356.480042
2017-08-06 00:22:00+00:00,-364.440247
2017-08-06 00:23:00+00:00,-368.200409
2017-08-06 00:24:00+00:00,-371.884857
2017-08-06 00:25:00+00:00,-366.372894
2017-08-06 00:26:00+00:00,-360.096436
2017-08-06 00:27:00+00:00,-349.173706
2017-08-06 00:28:00+00:00,-352.954742
2017-08-06 00:29:00+00:00,-359.907318
2017-08-06 00:30:00+00:00,-348.284821
2017-08-06 00:31:00+00:00,-314.110931
2017-08-06 00:32:00+00:00,-305.689728
2017-08-06 00:33:00+00:00,-307.436401
2017-08-06 00:34:00+00:00,-301.464355
2017-08-06 00:35:00+00:00,-294.935272
2017-08-06 00:36:00+00:00,-286.19046
2017-08-06 00:37:00+00:00,-262.373718
2017-08-06 00:38:00+00:00,-283.263428
2017-08-06 00:39:00+00:00,-318.864502
2017-08-06 00:40:00+00:00,-348.497284
2017-08-06 00:41:00+00:00,-357.973267
2017-08-06 00:42:00+00:00,-366.063965
2017-08-06 00:43:00+00:00,-390.168762
2017-08-06 00:44:00+00:00,-431.146057
2017-08-06 00:45:00+00:00,-440.32962
2017-08-06 00:46:00+00:00,-437.029449
2017-08-06 00:47:00+00:00,-416.024597
2017-08-06 00:48:00+00:00,-408.783844
2017-08-06 00:49:00+00:00,-403.124542
2017-08-06 00:50:00+00:00,-409.685944
2017-08-06 00:51:00+00:00,-413.366913
2017-08-06 00:52:00+00:00,-429.463837
2017-08-06 00:53:00+00:00,-441.901642
2017-08-06 00:54:00+00:00,-444.16272
2017-08-06 00:55:00+00:00,-445.269623
2017-08-06 00:56:00+00:00,-438.563141
2017-08-06 00:57:00+00:00,-421.217133
2017-08-06 00:58:00+00:00,-411.806488
2017-08-06 00:59:00+00:00,-406.46051
2017-08-06 01:00:00+00:00,-406.830872
2017-08-06 01:01:00+00:00,-396.946045
2017-08-06 01:02:00+00:00,-396.25235
2017-08-06 01:03:00+00:00,-396.131653
2017-08-06 01:04:00+00:00,-395.270508
2017-08-06 01:05:00+00:00,-391.624115
2017-08-06 01:06:00+00:00,-402.088715
2017-08-06 01:07:00+00:00,-397.831207
2017-08-06 01:08:00+00:00,-386.94043
2017-08-06 01:09:00+00:00,-380.42041
2017-08-06 01:10:00+00:00,-376.693268
2017-08-06 01:11:00+00:00,-365.988556
2017-08-06 01:12:00+00:00,-359.187103
2017-08-06 01:13:00+00:00,-370.330017
2017-08-06 01:14:00+00:00,-376.087219
2017-08-06 01:15:00+00:00,-378.492767
2017-08-06 01:16:00+00:00,-378.718506
2017-08-06 01:17:00+00:00,-372.020081
2017-08-06 01:18:00+00:00,-361.570282
2017-08-06 01:19:00+00:00,-373.80072
2017-08-06 01:20:00+00:00,-376.213287
2017-08-06 01:21:00+00:00,-370.36557
2017-08-06 01:22:00+00:00,-371.307648
2017-08-06 01:23:00+00:00,-380.380585
2017-08-06 01:24:00+00:00,-368.60907
2017-08-06 01:25:00+00:00,-359.49234
2017-08-06 01:26:00+00:00,-355.335541
2017-08-06 01:27:00+00:00,-375.403046
2017-08-06 01:28:00+00:00,-391.338837
2017-08-06 01:29:00+00:00,-410.269592
2017-08-06 01:30:00+00:00,-433.026123
2017-08-06 01:31:00+00:00,-451.838684
2017-08-06 01:32:00+00:00,-453.136902
2017-08-06 01:33:00+00:00,-448.450226
2017-08-06 01:34:00+00:00,-447.303162
2017-08-06 01:35:00+00:00,-440.925323
2017-08-06 01:36:00+00:00,-432.026794
2017-08-06 01:37:00+00:00,-413.372711
2017-08-06 01:38:00+00:00,-382.29834
2017-08-06 01:39:00+00:00,-363.197754
2017-08-06 01:40:00+00:00,-344.278107
2017-08-06 01:41:00+00:00,-322.912598
2017-08-06 01:42:00+00:00,-307.673553
2017-08-06 01:43:00+00:00,-295.325745
2017-08-06 01:44:00+00:00,-290.697449
2017-08-06 01:45:00+00:00,-275.263672
2017-08-06 01:46:00+00:00,-256.619629
2017-08-06 01:47:00+00:00,-245.45282
2017-08-06 01:48:00+00:00,-235.965149
2017-08-06 01:49:00+00:00,-229.72142
2017-08-06 01:50:00+00:00,-229.035995
2017-08-06 01:51:00+00:00,-222.522461
2017-08-06 01:52:00+00:00,-213.59848
2017-08-06 01:53:00+00:00,-201.662369
2017-08-06 01:54:00+00:00,-196.107834
2017-08-06 01:55:00+00:00,-189.435822
2017-08-06 01:56:00+00:00,-175.656158
2017-08-06 01:57:00+00:00,-154.842087
2017-08-06 01:58:00+00:00,-152.420425
2017-08-06 01:59:00+00:00,-143.483978
2017-08-06 02:00:00+00:00,-138.087021
2017-08-06 02:01:00+00:00,-127.650177
2017-08-06 02:02:00+00:00,-120.596642
2017-08-06 02:03:00+00:00,-114.952805
2017-08-06 02:04:00+00:00,-113.600502
2017-08-06 02:05:00+00:00,-112.11396
2017-08-06 02:06:00+00:00,-105.704117
2017-08-06 02:07:00+00:00,-99.635101
2017-08-06 02:08:00+00:00,-87.465584
2017-08-06 02:09:00+00:00,-83.834702
2017-08-06 02:10:00+00:00,-93.607681
2017-08-06 02:11:00+00:00,-90.630249
2017-08-06 02:12:00+00:00,-82.552795
2017-08-06 02:13:00+00:00,-78.392899
2017-08-06 02:14:00+00:00,-70.249702
2017-08-06 02:15:00+00:00,-65.469719
2017-08-06 02:16:00+00:00,-61.861359
2017-08-06 02:17:00+00:00,-61.148842
2017-08-06 02:18:00+00:00,-59.866138
2017-08-06 02:19:00+00:00,-59.879684
2017-08-06 02:20:00+00:00,-76.02758
2017-08-06 02:21:00+00:00,-81.94519
2017-08-06 02:22:00+00:00,-78.934692
2017-08-06 02:23:00+00:00,-72.114937
2017-08-06 02:24:00+00:00,-78.016876
2017-08-06 02:25:00+00:00,-98.889923
2017-08-06 02:26:00+00:00,-113.802673
2017-08-06 02:27:00+00:00,-103.766861
2017-08-06 02:28:00+00:00,-81.632126
2017-08-06 02:29:00+00:00,-83.193069
2017-08-06 02:30:00+00:00,-89.077545
2017-08-06 02:31:00+00:00,-89.092621
2017-08-06 02:32:00+00:00,-94.375587
2017-08-06 02:33:00+00:00,-102.257706
2017-08-06 02:34:00+00:00,-95.759155
2017-08-06 02:35:00+00:00,-84.796906
2017-08-06 02:36:00+00:00,-73.327576
2017-08-06 02:37:00+00:00,-58.257309
2017-08-06 02:38:00+00:00,-55.598785
2017-08-06 02:39:00+00:00,-51.978592
2017-08-06 02:40:00+00:00,-43.462185
2017-08-06 02:41:00+00:00,-39.941338
2017-08-06 02:42:00+00:00,-34.758579
2017-08-06 02:43:00+00:00,-34.834953
2017-08-06 02:44:00+00:00,-41.980591
2017-08-06 02:45:00+00:00,-51.011307
2017-08-06 02:46:00+00:00,-49.052895
2017-08-06 02:47:00+00:00,-46.720512
2017-08-13 00:00:00+00:00,-559.557556
2017-08-13 00:01:00+00:00,-539.417847
2017-08-13 00:02:00+00:00,-488.099274
2017-08-13 00:03:00+00:00,-470.722687
2017-08-13 00:04:00+00:00,-468.008606
2017-08-13 00:05:00+00:00,-454.197418
2017-08-13 00:06:00+00:00,-457.721832
2017-08-13 00:07:00+00:00,-454.209106
2017-08-13 00:08:00+00:00,-456.092072
2017-08-13 00:09:00+00:00,-483.230652
2017-08-13 00:10:00+00:00,-495.738708
2017-08-13 00:11:00+00:00,-493.225586
2017-08-13 00:12:00+00:00,-517.471313
2017-08-13 00:13:00+00:00,-523.982483
2017-08-13 00:14:00+00:00,-523.141968
2017-08-13 00:15:00+00:00,-523.280518
2017-08-13 00:16:00+00:00,-530.13147
2017-08-13 00:17:00+00:00,-531.062561
2017-08-13 00:18:00+00:00,-502.77597
2017-08-13 00:19:00+00:00,-465.006104
2017-08-13 00:20:00+00:00,-434.465912
2017-08-13 00:21:00+00:00,-434.061646
2017-08-13 00:22:00+00:00,-433.63205
2017-08-13 00:23:00+00:00,-423.429535
2017-08-13 00:24:00+00:00,-423.439362
2017-08-13 00:25:00+00:00,-446.188324
2017-08-13 00:26:00+00:00,-464.873535
2017-08-13 00:27:00+00:00,-457.495056
2017-08-13 00:28:00+00:00,-432.84491
2017-08-13 00:29:00+00:00,-412.84198
2017-08-13 00:30:00+00:00,-402.897949
2017-08-13 00:31:00+00:00,-376.143311
2017-08-13 00:32:00+00:00,-366.964478
2017-08-13 00:33:00+00:00,-365.378815
2017-08-13 00:34:00+00:00,-350.536682
2017-08-13 00:35:00+00:00,-364.630646
2017-08-13 00:36:00+00:00,-362.680634
2017-08-13 00:37:00+00:00,-343.080139
2017-08-13 00:38:00+00:00,-309.213104
2017-08-13 00:39:00+00:00,-313.64505
2017-08-13 00:40:00+00:00,-316.38443
2017-08-13 00:41:00+00:00,-330.936981
2017-08-13 00:42:00+00:00,-345.332886
2017-08-13 00:43:00+00:00,-345.842712
2017-08-13 00:44:00+00:00,-335.274872
2017-08-13 00:45:00+00:00,-328.075439
2017-08-13 00:46:00+00:00,-324.136139
2017-08-13 00:47:00+00:00,-323.844482
2017-08-13 00:48:00+00:00,-330.697479
2017-08-13 00:49:00+00:00,-338.664795
2017-08-13 00:50:00+00:00,-344.979736
2017-08-13 00:51:00+00:00,-347.011383
2017-08-13 00:52:00+00:00,-339.372284
2017-08-13 00:53:00+00:00,-324.632935
2017-08-13 00:54:00+00:00,-306.341522
2017-08-13 00:55:00+00:00,-297.4841
2017-08-13 00:56:00+00:00,-298.207428
2017-08-13 00:57:00+00:00,-293.692932
2017-08-13 00:58:00+00:00,-294.055786
2017-08-13 00:59:00+00:00,-289.761841
2017-08-13 01:00:00+00:00,-283.50827
2017-08-13 01:01:00+00:00,-271.732178
2017-08-13 01:02:00+00:00,-255.610519
2017-08-13 01:03:00+00:00,-241.193466
2017-08-13 01:04:00+00:00,-226.422852
2017-08-13 01:05:00+00:00,-217.831009
2017-08-13 01:06:00+00:00,-210.470581
2017-08-13 01:07:00+00:00,-199.000885
2017-08-13 01:08:00+00:00,-193.073868
2017-08-13 01:09:00+00:00,-186.472992
2017-08-13 01:10:00+00:00,-182.477509
2017-08-13 01:11:00+00:00,-183.010193
2017-08-13 01:12:00+00:00,-183.145264
2017-08-13 01:13:00+00:00,-182.055481
2017-08-13 01:14:00+00:00,-185.537704
2017-08-13 01:15:00+00:00,-181.273987
2017-08-13 01:16:00+00:00,-178.287781
2017-08-13 01:17:00+00:00,-174.724976
2017-08-13 01:18:00+00:00,-169.638275
2017-08-13 01:19:00+00:00,-166.554962
2017-08-13 01:20:00+00:00,-160.298248
2017-08-13 01:21:00+00:00,-147.348572
2017-08-13 01:22:00+00:00,-137.000366
2017-08-13 01:23:00+00:00,-130.891129
2017-08-13 01:24:00+00:00,-135.499863
2017-08-13 01:25:00+00:00,-136.543274
2017-08-13 01:26:00+00:00,-138.817383
2017-08-13 01:27:00+00:00,-146.279099
2017-08-13 01:28:00+00:00,-151.330673
2017-08-13 01:29:00+00:00,-149.87825
2017-08-13 01:30:00+00:00,-141.377533
2017-08-13 01:31:00+00:00,-136.159027
2017-08-13 01:32:00+00:00,-130.125687
2017-08-13 01:33:00+00:00,-127.160255
2017-08-13 01:34:00+00:00,-122.164009
2017-08-13 01:35:00+00:00,-116.949356
2017-08-13 01:36:00+00:00,-115.538658
2017-08-13 01:37:00+00:00,-107.962921
2017-08-13 01:38:00+00:00,-100.414246
2017-08-13 01:39:00+00:00,-90.791969
2017-08-13 01:40:00+00:00,-83.142303
2017-08-13 01:41:00+00:00,-72.612595
2017-08-13 01:42:00+00:00,-64.983971
2017-08-13 01:43:00+00:00,-64.561836
2017-08-13 01:44:00+00:00,-59.346798
2017-08-13 01:45:00+00:00,-55.636574
2017-08-13 01:46:00+00:00,-54.87738
2017-08-13 01:47:00+00:00,-56.522373
2017-08-13 01:48:00+00:00,-59.080116
2017-08-13 01:49:00+00:00,-58.66621
2017-08-13 01:50:00+00:00,-57.876263
2017-08-13 01:51:00+00:00,-57.002831
2017-08-13 01:52:00+00:00,-54.466965
2017-08-13 01:53:00+00:00,-50.442673
2017-08-13 01:54:00+00:00,-48.828026
2017-08-13 01:55:00+00:00,-48.254143
2017-08-13 01:56:00+00:00,-47.890873
2017-08-13 01:57:00+00:00,-48.799839
2017-08-13 01:58:00+00:00,-50.507915
2017-08-13 01:59:00+00:00,-50.129787
2017-08-13 02:00:00+00:00,-51.109756
2017-08-13 02:01:00+00:00,-52.037163
2017-08-13 02:02:00+00:00,-52.479233
2017-08-13 02:03:00+00:00,-53.665489
2017-08-13 02:04:00+00:00,-54.263168
2017-08-13 02:05:00+00:00,-54.194065
2017-08-13 02:06:00+00:00,-54.481537
2017-08-13 02:07:00+00:00,-55.924458
2017-08-13 02:08:00+00:00,-57.824295
2017-08-13 02:09:00+00:00,-58.671272
2017-08-13 02:10:00+00:00,-57.576153
2017-08-13 02:11:00+00:00,-55.221951
2017-08-13 02:12:00+00:00,-55.252632
2017-08-13 02:13:00+00:00,-54.064106
2017-08-13 02:14:00+00:00,-53.849651
2017-08-13 02:15:00+00:00,-55.052063
2017-08-13 02:16:00+00:00,-55.487682
2017-08-13 02:17:00+00:00,-55.632961
2017-08-13 02:18:00+00:00,-55.114765
2017-08-13 02:19:00+00:00,-55.896397
2017-08-13 02:20:00+00:00,-56.501694
2017-08-13 02:21:00+00:00,-56.337803
2017-08-13 02:22:00+00:00,-56.043518
2017-08-13 02:23:00+00:00,-53.567089
2017-08-13 02:24:00+00:00,-53.771904
2017-08-13 02:25:00+00:00,-53.912273
2017-08-13 02:26:00+00:00,-50.963207
2017-08-13 02:27:00+00:00,-48.360176
2017-08-13 02:28:00+00:00,-47.014717
2017-08-13 02:29:00+00:00,-46.379448
2017-08-13 02:30:00+00:00,-48.893272
2017-08-13 02:31:00+00:00,-49.853344
2017-08-13 02:32:00+00:00,-51.986511
2017-08-13 02:33:00+00:00,-59.631317
2017-08-13 02:34:00+00:00,-63.976482
2017-08-13 02:35:00+00:00,-65.678207
2017-08-13 02:36:00+00:00,-66.486465
2017-08-13 02:37:00+00:00,-68.47805
2017-08-13 02:38:00+00:00,-68.638649
2017-08-13 02:39:00+00:00,-69.835777
2017-08-13 02:40:00+00:00,-67.555077
2017-08-13 02:41:00+00:00,-68.388519
2017-08-13 02:42:00+00:00,-69.459114
2017-08-13 02:43:00+00:00,-65.176979
2017-08-13 02:44:00+00:00,-60.502033
2017-08-13 02:45:00+00:00,-55.74128
2017-08-13 02:46:00+00:00,-58.351856
2017-08-13 02:47:00+00:00,-61.790752
2017-08-20 00:00:00+00:00,-471.963257
2017-08-20 00:01:00+00:00,-429.162384
2017-08-20 00:02:00+00:00,-496.952118
2017-08-20 00:03:00+00:00,-607.516968
2017-08-20 00:04:00+00:00,-627.958801
2017-08-20 00:05:00+00:00,-629.470459
2017-08-20 00:06:00+00:00,-601.046448
2017-08-20 00:07:00+00:00,-536.636353
2017-08-20 00:08:00+00:00,-468.253479
2017-08-20 00:09:00+00:00,-461.05484
2017-08-20 00:10:00+00:00,-470.350952
2017-08-20 00:11:00+00:00,-478.335693
2017-08-20 00:12:00+00:00,-498.567078
2017-08-20 00:13:00+00:00,-496.22995
2017-08-20 00:14:00+00:00,-503.218964
2017-08-20 00:15:00+00:00,-526.194946
2017-08-20 00:16:00+00:00,-544.692566
2017-08-20 00:17:00+00:00,-538.526367
2017-08-20 00:18:00+00:00,-600.190857
2017-08-20 00:19:00+00:00,-583.319458
2017-08-20 00:20:00+00:00,-606.763733
2017-08-20 00:21:00+00:00,-609.190552
2017-08-20 00:22:00+00:00,-601.999512
2017-08-20 00:23:00+00:00,-581.497437
2017-08-20 00:24:00+00:00,-578.236877
2017-08-20 00:25:00+00:00,-579.756775
2017-08-20 00:26:00+00:00,-639.610413
2017-08-20 00:27:00+00:00,-646.368835
2017-08-20 00:28:00+00:00,-653.132202
2017-08-20 00:29:00+00:00,-615.91571
2017-08-20 00:30:00+00:00,-546.697083
2017-08-20 00:31:00+00:00,-487.540436
2017-08-20 00:32:00+00:00,-449.873718
2017-08-20 00:33:00+00:00,-445.770996
2017-08-20 00:34:00+00:00,-440.252655
2017-08-20 00:35:00+00:00,-432.037415
2017-08-20 00:36:00+00:00,-435.264832
2017-08-20 00:37:00+00:00,-443.432922
2017-08-20 00:38:00+00:00,-436.18808
2017-08-20 00:39:00+00:00,-439.849548
2017-08-20 00:40:00+00:00,-451.362579
2017-08-20 00:41:00+00:00,-433.236328
2017-08-20 00:42:00+00:00,-468.128296
2017-08-20 00:43:00+00:00,-452.39978
2017-08-20 00:44:00+00:00,-431.043915
2017-08-20 00:45:00+00:00,-414.160614
2017-08-20 00:46:00+00:00,-404.348816
2017-08-20 00:47:00+00:00,-403.3797
2017-08-20 00:48:00+00:00,-425.835358
2017-08-20 00:49:00+00:00,-408.803711
2017-08-20 00:50:00+00:00,-400.292358
2017-08-20 00:51:00+00:00,-375.217438
2017-08-20 00:52:00+00:00,-376.860901
2017-08-20 00:53:00+00:00,-384.956177
2017-08-20 00:54:00+00:00,-336.474487
2017-08-20 00:55:00+00:00,-361.382751
2017-08-20 00:56:00+00:00,-376.665833
2017-08-20 00:57:00+00:00,-428.005981
2017-08-20 00:58:00+00:00,-419.516632
2017-08-20 00:59:00+00:00,-400.354462
2017-08-20 01:00:00+00:00,-425.195709
2017-08-20 01:01:00+00:00,-482.180115
2017-08-20 01:02:00+00:00,-466.276001
2017-08-20 01:03:00+00:00,-457.658478
2017-08-20 01:04:00+00:00,-533.910461
2017-08-20 01:05:00+00:00,-608.600769
2017-08-20 01:06:00+00:00,-635.726929
2017-08-20 01:07:00+00:00,-684.875732
2017-08-20 01:08:00+00:00,-704.727539
2017-08-20 01:09:00+00:00,-712.648132
2017-08-20 01:10:00+00:00,-684.956482
2017-08-20 01:11:00+00:00,-664.511658
2017-08-20 01:12:00+00:00,-676.796753
2017-08-20 01:13:00+00:00,-660.204895
2017-08-20 01:14:00+00:00,-643.884277
2017-08-20 01:15:00+00:00,-629.221375
2017-08-20 01:16:00+00:00,-587.006226
2017-08-20 01:17:00+00:00,-613.441711
2017-08-20 01:18:00+00:00,-646.042603
2017-08-20 01:19:00+00:00,-691.076294
2017-08-20 01:20:00+00:00,-673.029297
2017-08-20 01:21:00+00:00,-667.374451
2017-08-20 01:22:00+00:00,-684.501038
2017-08-20 01:23:00+00:00,-645.677368
2017-08-20 01:24:00+00:00,-629.297974
2017-08-20 01:25:00+00:00,-600.490234
2017-08-20 01:26:00+00:00,-571.613525
2017-08-20 01:27:00+00:00,-577.527649
2017-08-20 01:28:00+00:00,-590.164124
2017-08-20 01:29:00+00:00,-607.423706
2017-08-20 01:30:00+00:00,-549.709045
2017-08-20 01:31:00+00:00,-572.162842
2017-08-20 01:32:00+00:00,-602.327698
2017-08-20 01:33:00+00:00,-664.325745
2017-08-20 01:34:00+00:00,-812.712463
2017-08-20 01:35:00+00:00,-780.658691
2017-08-20 01:36:00+00:00,-728.508118
2017-08-20 01:37:00+00:00,-683.167786
2017-08-20 01:38:00+00:00,-610.058472
2017-08-20 01:39:00+00:00,-587.57019
2017-08-20 01:40:00+00:00,-608.329712
2017-08-20 01:41:00+00:00,-606.185669
2017-08-20 01:42:00+00:00,-599.082764
2017-08-20 01:43:00+00:00,-589.434692
2017-08-20 01:44:00+00:00,-578.268188
2017-08-20 01:45:00+00:00,-562.30304
2017-08-20 01:46:00+00:00,-497.021606
2017-08-20 01:47:00+00:00,-466.686737
2017-08-20 01:48:00+00:00,-597.331238
2017-08-20 01:49:00+00:00,-706.527588
2017-08-20 01:50:00+00:00,-704.918945
2017-08-20 01:51:00+00:00,-675.822815
2017-08-20 01:52:00+00:00,-731.994141
2017-08-20 01:53:00+00:00,-831.767944
2017-08-20 01:54:00+00:00,-916.781982
2017-08-20 01:55:00+00:00,-870.980713
2017-08-20 01:56:00+00:00,-798.004761
2017-08-20 01:57:00+00:00,-780.618835
2017-08-20 01:58:00+00:00,-685.38208
2017-08-20 01:59:00+00:00,-710.050659
2017-08-20 02:00:00+00:00,-774.815674
2017-08-20 02:01:00+00:00,-899.593201
2017-08-20 02:02:00+00:00,-948.226562
2017-08-20 02:03:00+00:00,-831.436768
2017-08-20 02:04:00+00:00,-747.639526
2017-08-20 02:05:00+00:00,-705.541321
2017-08-20 02:06:00+00:00,-591.476868
2017-08-20 02:07:00+00:00,-676.89447
2017-08-20 02:08:00+00:00,-653.096008
2017-08-20 02:09:00+00:00,-616.056152
2017-08-20 02:10:00+00:00,-613.302673
2017-08-20 02:11:00+00:00,-602.353455
2017-08-20 02:12:00+00:00,-628.000977
2017-08-20 02:13:00+00:00,-605.880371
2017-08-20 02:14:00+00:00,-570.362793
2017-08-20 02:15:00+00:00,-530.464844
2017-08-20 02:16:00+00:00,-496.16391
2017-08-20 02:17:00+00:00,-484.930511
2017-08-20 02:18:00+00:00,-484.206299
2017-08-20 02:19:00+00:00,-444.503143
2017-08-20 02:20:00+00:00,-428.390594
2017-08-20 02:21:00+00:00,-377.230164
2017-08-20 02:22:00+00:00,-339.123138
2017-08-20 02:23:00+00:00,-393.598877
2017-08-20 02:24:00+00:00,-325.407806
2017-08-20 02:25:00+00:00,-307.73999
2017-08-20 02:26:00+00:00,-314.42865
2017-08-20 02:27:00+00:00,-306.21814
2017-08-20 02:28:00+00:00,-311.497894
2017-08-20 02:29:00+00:00,-325.614197
2017-08-20 02:30:00+00:00,-331.568878
2017-08-20 02:31:00+00:00,-355.79834
2017-08-20 02:32:00+00:00,-363.440826
2017-08-20 02:33:00+00:00,-598.768616
2017-08-20 02:34:00+00:00,-530.522827
2017-08-20 02:35:00+00:00,-417.707611
2017-08-20 02:36:00+00:00,-418.826141
2017-08-20 02:37:00+00:00,-408.771271
2017-08-20 02:38:00+00:00,-408.416809
2017-08-20 02:39:00+00:00,-420.301178
2017-08-20 02:40:00+00:00,-428.78302
2017-08-20 02:41:00+00:00,-415.468689
2017-08-20 02:42:00+00:00,-409.223267
2017-08-20 02:43:00+00:00,-431.900848
2017-08-20 02:44:00+00:00,-434.550842
2017-08-20 02:45:00+00:00,-440.153015
2017-08-20 02:46:00+00:00,-453.88913
2017-08-20 02:47:00+00:00,-442.613098
2017-08-27 00:00:00+00:00,-22.794523
2017-08-27 00:01:00+00:00,-22.132397
2017-08-27 00:02:00+00:00,-24.901989
2017-08-27 00:03:00+00:00,-28.422565
2017-08-27 00:04:00+00:00,-29.880507
2017-08-27 00:05:00+00:00,-27.712292
2017-08-27 00:06:00+00:00,-26.464756
2017-08-27 00:07:00+00:00,-25.942501
2017-08-27 00:08:00+00:00,-26.162191
2017-08-27 00:09:00+00:00,-24.570009
2017-08-27 00:10:00+00:00,-25.297749
2017-08-27 00:11:00+00:00,-25.777012
2017-08-27 00:12:00+00:00,-25.861271
2017-08-27 00:13:00+00:00,-26.918648
2017-08-27 00:14:00+00:00,-28.12788
2017-08-27 00:15:00+00:00,-30.230988
2017-08-27 00:16:00+00:00,-29.235798
2017-08-27 00:17:00+00:00,-27.741879
2017-08-27 00:18:00+00:00,-28.790201
2017-08-27 00:19:00+00:00,-27.660164
2017-08-27 00:20:00+00:00,-29.898575
2017-08-27 00:21:00+00:00,-30.228041
2017-08-27 00:22:00+00:00,-29.517267
2017-08-27 00:23:00+00:00,-29.424145
2017-08-27 00:24:00+00:00,-29.627981
2017-08-27 00:25:00+00:00,-30.529606
2017-08-27 00:26:00+00:00,-30.216372
2017-08-27 00:27:00+00:00,-28.884516
2017-08-27 00:28:00+00:00,-26.999323
2017-08-27 00:29:00+00:00,-25.099985
2017-08-27 00:30:00+00:00,-24.053217
2017-08-27 00:31:00+00:00,-23.49674
2017-08-27 00:32:00+00:00,-21.918127
2017-08-27 00:33:00+00:00,-19.71678
2017-08-27 00:34:00+00:00,-17.866323
2017-08-27 00:35:00+00:00,-16.614305
2017-08-27 00:36:00+00:00,-16.435812
2017-08-27 00:37:00+00:00,-16.841352
2017-08-27 00:38:00+00:00,-17.906023
2017-08-27 00:39:00+00:00,-17.944582
2017-08-27 00:40:00+00:00,-17.721178
2017-08-27 00:41:00+00:00,-16.505819
2017-08-27 00:42:00+00:00,-15.771001
2017-08-27 00:43:00+00:00,-15.752453
2017-08-27 00:44:00+00:00,-16.112892
2017-08-27 00:45:00+00:00,-16.080557
2017-08-27 00:46:00+00:00,-15.527956
2017-08-27 00:47:00+00:00,-16.150614
2017-08-27 00:48:00+00:00,-17.016245
2017-08-27 00:49:00+00:00,-18.012024
2017-08-27 00:50:00+00:00,-19.011635
2017-08-27 00:51:00+00:00,-22.02071
2017-08-27 00:52:00+00:00,-23.038336
2017-08-27 00:53:00+00:00,-23.033176
2017-08-27 00:54:00+00:00,-22.017508
2017-08-27 00:55:00+00:00,-20.986954
2017-08-27 00:56:00+00:00,-18.942263
2017-08-27 00:57:00+00:00,-16.267355
2017-08-27 00:58:00+00:00,-15.354197
2017-08-27 00:59:00+00:00,-15.284209
2017-08-27 01:00:00+00:00,-15.444471
2017-08-27 01:01:00+00:00,-15.749816
2017-08-27 01:02:00+00:00,-15.645521
2017-08-27 01:03:00+00:00,-16.625278
2017-08-27 01:04:00+00:00,-19.37995
2017-08-27 01:05:00+00:00,-22.826891
2017-08-27 01:06:00+00:00,-23.609434
2017-08-27 01:07:00+00:00,-23.457882
2017-08-27 01:08:00+00:00,-21.927776
2017-08-27 01:09:00+00:00,-18.305107
2017-08-27 01:10:00+00:00,-14.920034
2017-08-27 01:11:00+00:00,-16.469803
2017-08-27 01:12:00+00:00,-17.340927
2017-08-27 01:13:00+00:00,-17.222486
2017-08-27 01:14:00+00:00,-18.1154
2017-08-27 01:15:00+00:00,-15.974299
2017-08-27 01:16:00+00:00,-16.431116
2017-08-27 01:17:00+00:00,-15.838531
2017-08-27 01:18:00+00:00,-14.659451
2017-08-27 01:19:00+00:00,-16.853863
2017-08-27 01:20:00+00:00,-19.845551
2017-08-27 01:21:00+00:00,-21.594402
2017-08-27 01:22:00+00:00,-21.393429
2017-08-27 01:23:00+00:00,-19.244162
2017-08-27 01:24:00+00:00,-19.141758
2017-08-27 01:25:00+00:00,-21.087242
2017-08-27 01:26:00+00:00,-25.978615
2017-08-27 01:27:00+00:00,-28.627443
2017-08-27 01:28:00+00:00,-30.474209
2017-08-27 01:29:00+00:00,-28.641792
2017-08-27 01:30:00+00:00,-30.565964
2017-08-27 01:31:00+00:00,-35.508476
2017-08-27 01:32:00+00:00,-37.060112
2017-08-27 01:33:00+00:00,-36.860531
2017-08-27 01:34:00+00:00,-34.711506
2017-08-27 01:35:00+00:00,-33.70826
2017-08-27 01:36:00+00:00,-32.852261
2017-08-27 01:37:00+00:00,-35.697704
2017-08-27 01:38:00+00:00,-35.643562
2017-08-27 01:39:00+00:00,-35.736702
2017-08-27 01:40:00+00:00,-37.118675
2017-08-27 01:41:00+00:00,-39.075443
2017-08-27 01:42:00+00:00,-39.732269
2017-08-27 01:43:00+00:00,-40.568615
2017-08-27 01:44:00+00:00,-41.841881
2017-08-27 01:45:00+00:00,-43.213959
2017-08-27 01:46:00+00:00,-43.291843
2017-08-27 01:47:00+00:00,-43.051083
2017-08-27 01:48:00+00:00,-43.827591
2017-08-27 01:49:00+00:00,-60.723167
2017-08-27 01:50:00+00:00,-65.555801
2017-08-27 01:51:00+00:00,-111.231079
2017-08-27 01:52:00+00:00,-125.660255
2017-08-27 01:53:00+00:00,-132.325516
2017-08-27 01:54:00+00:00,-164.15564
2017-08-27 01:55:00+00:00,-147.606781
2017-08-27 01:56:00+00:00,-144.989838
2017-08-27 01:57:00+00:00,-146.050522
2017-08-27 01:58:00+00:00,-149.989487
2017-08-27 01:59:00+00:00,-152.903763
2017-08-27 02:00:00+00:00,-146.915909
2017-08-27 02:01:00+00:00,-150.800232
2017-08-27 02:02:00+00:00,-145.336639
2017-08-27 02:03:00+00:00,-145.465576
2017-08-27 02:04:00+00:00,-169.891159
2017-08-27 02:05:00+00:00,-149.265762
2017-08-27 02:06:00+00:00,-141.954605
2017-08-27 02:07:00+00:00,-182.262878
2017-08-27 02:08:00+00:00,-184.183838
2017-08-27 02:09:00+00:00,-199.185562
2017-08-27 02:10:00+00:00,-331.1763
2017-08-27 02:11:00+00:00,-299.748932
2017-08-27 02:12:00+00:00,-278.573059
2017-08-27 02:13:00+00:00,-239.62912
2017-08-27 02:14:00+00:00,-229.119278
2017-08-27 02:15:00+00:00,-217.348923
2017-08-27 02:16:00+00:00,-251.730896
2017-08-27 02:17:00+00:00,-238.207947
2017-08-27 02:18:00+00:00,-250.016724
2017-08-27 02:19:00+00:00,-221.235718
2017-08-27 02:20:00+00:00,-202.617874
2017-08-27 02:21:00+00:00,-179.582657
2017-08-27 02:22:00+00:00,-198.959503
2017-08-27 02:23:00+00:00,-206.42366
2017-08-27 02:24:00+00:00,-211.537567
2017-08-27 02:25:00+00:00,-216.352005
2017-08-27 02:26:00+00:00,-214.021301
2017-08-27 02:27:00+00:00,-211.335495
2017-08-27 02:28:00+00:00,-204.404968
2017-08-27 02:29:00+00:00,-206.432739
2017-08-27 02:30:00+00:00,-215.169067
2017-08-27 02:31:00+00:00,-205.133224
2017-08-27 02:32:00+00:00,-203.159088
2017-08-27 02:33:00+00:00,-203.043533
2017-08-27 02:34:00+00:00,-205.600052
2017-08-27 02:35:00+00:00,-200.130417
2017-08-27 02:36:00+00:00,-201.183456
2017-08-27 02:37:00+00:00,-195.525726
2017-08-27 02:38:00+00:00,-190.215973
2017-08-27 02:39:00+00:00,-192.201401
2017-08-27 02:40:00+00:00,-196.633377
2017-08-27 02:41:00+00:00,-197.630081
2017-08-27 02:42:00+00:00,-197.437622
2017-08-27 02:43:00+00:00,-186.877304
2017-08-27 02:44:00+00:00,-177.532135
2017-08-27 02:45:00+00:00,-169.925598
2017-08-27 02:46:00+00:00,-169.501511
2017-08-27 02:47:00+00:00,-165.764969
2017-09-03 00:00:00+00:00,-253.961563
2017-09-03 00:01:00+00:00,-245.970993
2017-09-03 00:02:00+00:00,-242.618134
2017-09-03 00:03:00+00:00,-232.483032
2017-09-03 00:04:00+00:00,-221.072418
2017-09-03 00:05:00+00:00,-209.68898
2017-09-03 00:06:00+00:00,-194.074799
2017-09-03 00:07:00+00:00,-178.145538
2017-09-03 00:08:00+00:00,-167.916824
2017-09-03 00:09:00+00:00,-167.329803
2017-09-03 00:10:00+00:00,-181.769958
2017-09-03 00:11:00+00:00,-163.902374
2017-09-03 00:12:00+00:00,-161.110428
2017-09-03 00:13:00+00:00,-157.918365
2017-09-03 00:14:00+00:00,-147.96228
2017-09-03 00:15:00+00:00,-124.322502
2017-09-03 00:16:00+00:00,-113.132042
2017-09-03 00:17:00+00:00,-121.930916
2017-09-03 00:18:00+00:00,-142.348038
2017-09-03 00:19:00+00:00,-150.880234
2017-09-03 00:20:00+00:00,-151.962662
2017-09-03 00:21:00+00:00,-143.566483
2017-09-03 00:22:00+00:00,-143.42099
2017-09-03 00:23:00+00:00,-138.389313
2017-09-03 00:24:00+00:00,-133.36412
2017-09-03 00:25:00+00:00,-125.560333
2017-09-03 00:26:00+00:00,-120.476318
2017-09-03 00:27:00+00:00,-117.337204
2017-09-03 00:28:00+00:00,-110.002304
2017-09-03 00:29:00+00:00,-105.262474
2017-09-03 00:30:00+00:00,-150.792969
2017-09-03 00:31:00+00:00,-170.811401
2017-09-03 00:32:00+00:00,-107.8834
2017-09-03 00:33:00+00:00,-96.358551
2017-09-03 00:34:00+00:00,-90.095871
2017-09-03 00:35:00+00:00,-86.679161
2017-09-03 00:36:00+00:00,-92.721802
2017-09-03 00:37:00+00:00,-94.245392
2017-09-03 00:38:00+00:00,-92.203049
2017-09-03 00:39:00+00:00,-92.45047
2017-09-03 00:40:00+00:00,-93.033844
2017-09-03 00:41:00+00:00,-100.022812
2017-09-03 00:42:00+00:00,-95.016434
2017-09-03 00:43:00+00:00,-93.084961
2017-09-03 00:44:00+00:00,-195.300095
2017-09-03 00:45:00+00:00,-220.933487
2017-09-03 00:46:00+00:00,-137.330276
2017-09-03 00:47:00+00:00,-92.833389
2017-09-03 00:48:00+00:00,-96.046066
2017-09-03 00:49:00+00:00,-99.520012
2017-09-03 00:50:00+00:00,-112.243362
2017-09-03 00:51:00+00:00,-122.368965
2017-09-03 00:52:00+00:00,-128.4077
2017-09-03 00:53:00+00:00,-131.716644
2017-09-03 00:54:00+00:00,-132.911301
2017-09-03 00:55:00+00:00,-141.390121
2017-09-03 00:56:00+00:00,-141.036957
2017-09-03 00:57:00+00:00,-145.691696
2017-09-03 00:58:00+00:00,-148.494034
2017-09-03 00:59:00+00:00,-152.875854
2017-09-03 01:00:00+00:00,-161.229401
2017-09-03 01:01:00+00:00,-163.716415
2017-09-03 01:02:00+00:00,-163.956253
2017-09-03 01:03:00+00:00,-154.946075
2017-09-03 01:04:00+00:00,-157.07164
2017-09-03 01:05:00+00:00,-157.191757
2017-09-03 01:06:00+00:00,-154.67952
2017-09-03 01:07:00+00:00,-154.114182
2017-09-03 01:08:00+00:00,-156.752502
2017-09-03 01:09:00+00:00,-161.688354
2017-09-03 01:10:00+00:00,-162.617401
2017-09-03 01:11:00+00:00,-161.982193
2017-09-03 01:12:00+00:00,-163.168442
2017-09-03 01:13:00+00:00,-169.715134
2017-09-03 01:14:00+00:00,-169.339264
2017-09-03 01:15:00+00:00,-166.36972
2017-09-03 01:16:00+00:00,-171.175613
2017-09-03 01:17:00+00:00,-177.694092
2017-09-03 01:18:00+00:00,-180.808868
2017-09-03 01:19:00+00:00,-176.21434
2017-09-03 01:20:00+00:00,-182.769852
2017-09-03 01:21:00+00:00,-188.792694
2017-09-03 01:22:00+00:00,-202.335098
2017-09-03 01:23:00+00:00,-211.52124
2017-09-03 01:24:00+00:00,-224.255875
2017-09-03 01:25:00+00:00,-228.388672
2017-09-03 01:26:00+00:00,-229.439209
2017-09-03 01:27:00+00:00,-227.784531
2017-09-03 01:28:00+00:00,-220.988159
2017-09-03 01:29:00+00:00,-227.749664
2017-09-03 01:30:00+00:00,-239.394745
2017-09-03 01:31:00+00:00,-237.618454
2017-09-03 01:32:00+00:00,-230.434998
2017-09-03 01:33:00+00:00,-225.223312
2017-09-03 01:34:00+00:00,-211.08989
2017-09-03 01:35:00+00:00,-195.143173
2017-09-03 01:36:00+00:00,-185.927155
2017-09-03 01:37:00+00:00,-175.482269
2017-09-03 01:38:00+00:00,-168.9104
2017-09-03 01:39:00+00:00,-156.430786
2017-09-03 01:40:00+00:00,-148.01973
2017-09-03 01:41:00+00:00,-143.180649
2017-09-03 01:42:00+00:00,-145.149292
2017-09-03 01:43:00+00:00,-138.106888
2017-09-03 01:44:00+00:00,-133.067215
2017-09-03 01:45:00+00:00,-141.036133
2017-09-03 01:46:00+00:00,-144.003983
2017-09-03 01:47:00+00:00,-139.960098
2017-09-03 01:48:00+00:00,-130.921127
2017-09-03 01:49:00+00:00,-118.868607
2017-09-03 01:50:00+00:00,-112.829086
2017-09-03 01:51:00+00:00,-116.884171
2017-09-03 01:52:00+00:00,-112.783775
2017-09-03 01:53:00+00:00,-123.76268
2017-09-03 01:54:00+00:00,-121.717636
2017-09-03 01:55:00+00:00,-133.370056
2017-09-03 01:56:00+00:00,-139.981628
2017-09-03 01:57:00+00:00,-120.209778
2017-09-03 01:58:00+00:00,-127.86235
2017-09-03 01:59:00+00:00,-127.867615
2017-09-03 02:00:00+00:00,-129.214142
2017-09-03 02:01:00+00:00,-122.84288
2017-09-03 02:02:00+00:00,-113.63736
2017-09-03 02:03:00+00:00,-105.631775
2017-09-03 02:04:00+00:00,-95.218727
2017-09-03 02:05:00+00:00,-88.805458
2017-09-03 02:06:00+00:00,-78.342186
2017-09-03 02:07:00+00:00,-69.093109
2017-09-03 02:08:00+00:00,-71.203491
2017-09-03 02:09:00+00:00,-76.805817
2017-09-03 02:10:00+00:00,-80.01667
2017-09-03 02:11:00+00:00,-85.96434
2017-09-03 02:12:00+00:00,-85.879677
2017-09-03 02:13:00+00:00,-83.864594
2017-09-03 02:14:00+00:00,-91.317688
2017-09-03 02:15:00+00:00,-87.024979
2017-09-03 02:16:00+00:00,-84.051018
2017-09-03 02:17:00+00:00,-86.078796
2017-09-03 02:18:00+00:00,-63.618435
2017-09-03 02:19:00+00:00,-56.433273
2017-09-03 02:20:00+00:00,-49.386971
2017-09-03 02:21:00+00:00,-48.34922
2017-09-03 02:22:00+00:00,-85.990448
2017-09-03 02:23:00+00:00,-103.495277
2017-09-03 02:24:00+00:00,-84.032974
2017-09-03 02:25:00+00:00,-64.885803
2017-09-03 02:26:00+00:00,-59.140881
2017-09-03 02:27:00+00:00,-54.134754
2017-09-03 02:28:00+00:00,-40.187908
2017-09-03 02:29:00+00:00,-130.011093
2017-09-03 02:30:00+00:00,-142.078232
2017-09-03 02:31:00+00:00,-152.284271
2017-09-03 02:32:00+00:00,-175.692749
2017-09-03 02:33:00+00:00,-194.915939
2017-09-03 02:34:00+00:00,-202.372787
2017-09-03 02:35:00+00:00,-196.081833
2017-09-03 02:36:00+00:00,-172.243271
2017-09-03 02:37:00+00:00,-158.61409
2017-09-03 02:38:00+00:00,-151.051453
2017-09-03 02:39:00+00:00,-132.160278
2017-09-03 02:40:00+00:00,-125.476692
2017-09-03 02:41:00+00:00,-110.192368
2017-09-03 02:42:00+00:00,-132.190842
2017-09-03 02:43:00+00:00,-197.309555
2017-09-03 02:44:00+00:00,-193.916992
2017-09-03 02:45:00+00:00,-229.820129
2017-09-03 02:46:00+00:00,-238.066132
2017-09-03 02:47:00+00:00,-218.451859
2017-09-10 00:00:00+00:00,-67.160355
2017-09-10 00:01:00+00:00,-67.264175
2017-09-10 00:02:00+00:00,-67.264954
2017-09-10 00:03:00+00:00,-67.902008
2017-09-10 00:04:00+00:00,-68.722252
2017-09-10 00:05:00+00:00,-69.43277
2017-09-10 00:06:00+00:00,-70.128334
2017-09-10 00:07:00+00:00,-70.415405
2017-09-10 00:08:00+00:00,-70.631004
2017-09-10 00:09:00+00:00,-70.385506
2017-09-10 00:10:00+00:00,-70.827393
2017-09-10 00:11:00+00:00,-71.49675
2017-09-10 00:12:00+00:00,-71.382881
2017-09-10 00:13:00+00:00,-71.822754
2017-09-10 00:14:00+00:00,-72.444298
2017-09-10 00:15:00+00:00,-72.629486
2017-09-10 00:16:00+00:00,-72.542381
2017-09-10 00:17:00+00:00,-72.329521
2017-09-10 00:18:00+00:00,-72.426498
2017-09-10 00:19:00+00:00,-72.817734
2017-09-10 00:20:00+00:00,-72.81089
2017-09-10 00:21:00+00:00,-72.848396
2017-09-10 00:22:00+00:00,-73.181313
2017-09-10 00:23:00+00:00,-73.872131
2017-09-10 00:24:00+00:00,-74.06839
2017-09-10 00:25:00+00:00,-73.555283
2017-09-10 00:26:00+00:00,-73.460785
2017-09-10 00:27:00+00:00,-73.394333
2017-09-10 00:28:00+00:00,-73.813965
2017-09-10 00:29:00+00:00,-74.162292
2017-09-10 00:30:00+00:00,-73.87458
2017-09-10 00:31:00+00:00,-73.573715
2017-09-10 00:32:00+00:00,-73.473251
2017-09-10 00:33:00+00:00,-73.969688
2017-09-10 00:34:00+00:00,-73.805252
2017-09-10 00:35:00+00:00,-73.257294
2017-09-10 00:36:00+00:00,-72.285805
2017-09-10 00:37:00+00:00,-70.962349
2017-09-10 00:38:00+00:00,-70.736649
2017-09-10 00:39:00+00:00,-70.707596
2017-09-10 00:40:00+00:00,-70.8508
2017-09-10 00:41:00+00:00,-70.874298
2017-09-10 00:42:00+00:00,-71.171669
2017-09-10 00:43:00+00:00,-70.785889
2017-09-10 00:44:00+00:00,-70.187057
2017-09-10 00:45:00+00:00,-69.857925
2017-09-10 00:46:00+00:00,-69.692398
2017-09-10 00:47:00+00:00,-69.513741
2017-09-10 00:48:00+00:00,-69.146194
2017-09-10 00:49:00+00:00,-69.201111
2017-09-10 00:50:00+00:00,-68.554482
2017-09-10 00:51:00+00:00,-68.268837
2017-09-10 00:52:00+00:00,-68.559509
2017-09-10 00:53:00+00:00,-69.144348
2017-09-10 00:54:00+00:00,-70.079498
2017-09-10 00:55:00+00:00,-69.952858
2017-09-10 00:56:00+00:00,-69.938293
2017-09-10 00:57:00+00:00,-70.725273
2017-09-10 00:58:00+00:00,-71.504242
2017-09-10 00:59:00+00:00,-72.132317
2017-09-10 01:00:00+00:00,-72.130722
2017-09-10 01:01:00+00:00,-71.691177
2017-09-10 01:02:00+00:00,-71.657173
2017-09-10 01:03:00+00:00,-72.332458
2017-09-10 01:04:00+00:00,-73.022743
2017-09-10 01:05:00+00:00,-73.701691
2017-09-10 01:06:00+00:00,-74.261932
2017-09-10 01:07:00+00:00,-73.919067
2017-09-10 01:08:00+00:00,-73.79084
2017-09-10 01:09:00+00:00,-73.337975
2017-09-10 01:10:00+00:00,-72.80854
2017-09-10 01:11:00+00:00,-72.057083
2017-09-10 01:12:00+00:00,-72.18911
2017-09-10 01:13:00+00:00,-73.418533
2017-09-10 01:14:00+00:00,-73.872223
2017-09-10 01:15:00+00:00,-74.079765
2017-09-10 01:16:00+00:00,-73.679741
2017-09-10 01:17:00+00:00,-73.651688
2017-09-10 01:18:00+00:00,-73.781776
2017-09-10 01:19:00+00:00,-73.45871
2017-09-10 01:20:00+00:00,-72.745041
2017-09-10 01:21:00+00:00,-73.068542
2017-09-10 01:22:00+00:00,-73.744789
2017-09-10 01:23:00+00:00,-73.560738
2017-09-10 01:24:00+00:00,-73.433517
2017-09-10 01:25:00+00:00,-73.378777
2017-09-10 01:26:00+00:00,-73.145584
2017-09-10 01:27:00+00:00,-72.645111
2017-09-10 01:28:00+00:00,-72.377403
2017-09-10 01:29:00+00:00,-73.194435
2017-09-10 01:30:00+00:00,-73.704918
2017-09-10 01:31:00+00:00,-75.057404
2017-09-10 01:32:00+00:00,-76.247765
2017-09-10 01:33:00+00:00,-76.599274
2017-09-10 01:34:00+00:00,-76.513283
2017-09-10 01:35:00+00:00,-76.228088
2017-09-10 01:36:00+00:00,-75.702682
2017-09-10 01:37:00+00:00,-75.767769
2017-09-10 01:38:00+00:00,-75.515892
2017-09-10 01:39:00+00:00,-75.27774
2017-09-10 01:40:00+00:00,-75.006424
2017-09-10 01:41:00+00:00,-75.0467
2017-09-10 01:42:00+00:00,-75.595818
2017-09-10 01:43:00+00:00,-75.642082
2017-09-10 01:44:00+00:00,-75.414848
2017-09-10 01:45:00+00:00,-74.907593
2017-09-10 01:46:00+00:00,-74.517624
2017-09-10 01:47:00+00:00,-75.030098
2017-09-10 01:48:00+00:00,-75.558296
2017-09-10 01:49:00+00:00,-75.749702
2017-09-10 01:50:00+00:00,-75.722473
2017-09-10 01:51:00+00:00,-75.737358
2017-09-10 01:52:00+00:00,-75.519104
2017-09-10 01:53:00+00:00,-75.212036
2017-09-10 01:54:00+00:00,-75.205894
2017-09-10 01:55:00+00:00,-75.13839
2017-09-10 01:56:00+00:00,-75.070068
2017-09-10 01:57:00+00:00,-75.274384
2017-09-10 01:58:00+00:00,-75.292343
2017-09-10 01:59:00+00:00,-75.545212
2017-09-10 02:00:00+00:00,-75.472763
2017-09-10 02:01:00+00:00,-75.28923
2017-09-10 02:02:00+00:00,-75.407745
2017-09-10 02:03:00+00:00,-75.923004
2017-09-10 02:04:00+00:00,-76.42289
2017-09-10 02:05:00+00:00,-76.524567
2017-09-10 02:06:00+00:00,-76.327629
2017-09-10 02:07:00+00:00,-76.04071
2017-09-10 02:08:00+00:00,-75.490669
2017-09-10 02:09:00+00:00,-74.99157
2017-09-10 02:10:00+00:00,-74.671326
2017-09-10 02:11:00+00:00,-74.560196
2017-09-10 02:12:00+00:00,-74.72554
2017-09-10 02:13:00+00:00,-74.865585
2017-09-10 02:14:00+00:00,-74.978241
2017-09-10 02:15:00+00:00,-74.843063
2017-09-10 02:16:00+00:00,-74.598541
2017-09-10 02:17:00+00:00,-74.767128
2017-09-10 02:18:00+00:00,-75.093925
2017-09-10 02:19:00+00:00,-75.109184
2017-09-10 02:20:00+00:00,-75.017967
2017-09-10 02:21:00+00:00,-74.929634
2017-09-10 02:22:00+00:00,-74.600143
2017-09-10 02:23:00+00:00,-74.252899
2017-09-10 02:24:00+00:00,-73.874298
2017-09-10 02:25:00+00:00,-73.884262
2017-09-10 02:26:00+00:00,-73.888229
2017-09-10 02:27:00+00:00,-74.006302
2017-09-10 02:28:00+00:00,-74.23455
2017-09-10 02:29:00+00:00,-74.408218
2017-09-10 02:30:00+00:00,-74.436882
2017-09-10 02:31:00+00:00,-74.274223
2017-09-10 02:32:00+00:00,-74.02594
2017-09-10 02:33:00+00:00,-73.805283
2017-09-10 02:34:00+00:00,-73.850479
2017-09-10 02:35:00+00:00,-74.121468
2017-09-10 02:36:00+00:00,-74.285179
2017-09-10 02:37:00+00:00,-74.538437
2017-09-10 02:38:00+00:00,-74.754128
2017-09-10 02:39:00+00:00,-74.850716
2017-09-10 02:40:00+00:00,-75.161163
2017-09-10 02:41:00+00:00,-75.301636
2017-09-10 02:42:00+00:00,-75.078743
2017-09-10 02:43:00+00:00,-75.054939
2017-09-10 02:44:00+00:00,-74.803192
2017-09-10 02:45:00+00:00,-74.592506
2017-09-10 02:46:00+00:00,-74.621796
2017-09-10 02:47:00+00:00,-74.648849
2017-09-17 00:00:00+00:00,-544.697083
2017-09-17 00:01:00+00:00,-556.368286
2017-09-17 00:02:00+00:00,-574.085205
2017-09-17 00:03:00+00:00,-556.940674
2017-09-17 00:04:00+00:00,-550.734497
2017-09-17 00:05:00+00:00,-540.735229
2017-09-17 00:06:00+00:00,-509.704468
2017-09-17 00:07:00+00:00,-521.391541
2017-09-17 00:08:00+00:00,-511.995209
2017-09-17 00:09:00+00:00,-501.609436
2017-09-17 00:10:00+00:00,-486.43045
2017-09-17 00:11:00+00:00,-474.466064
2017-09-17 00:12:00+00:00,-479.344849
2017-09-17 00:13:00+00:00,-451.555542
2017-09-17 00:14:00+00:00,-491.766754
2017-09-17 00:15:00+00:00,-421.700562
2017-09-17 00:16:00+00:00,-440.961548
2017-09-17 00:17:00+00:00,-484.984772
2017-09-17 00:18:00+00:00,-508.992798
2017-09-17 00:19:00+00:00,-494.207825
2017-09-17 00:20:00+00:00,-449.089355
2017-09-17 00:21:00+00:00,-429.05191
2017-09-17 00:22:00+00:00,-440.916473
2017-09-17 00:23:00+00:00,-410.726562
2017-09-17 00:24:00+00:00,-407.845764
2017-09-17 00:25:00+00:00,-395.09198
2017-09-17 00:26:00+00:00,-386.081421
2017-09-17 00:27:00+00:00,-367.795746
2017-09-17 00:28:00+00:00,-357.678711
2017-09-17 00:29:00+00:00,-374.659424
2017-09-17 00:30:00+00:00,-377.240936
2017-09-17 00:31:00+00:00,-364.047241
2017-09-17 00:32:00+00:00,-346.280518
2017-09-17 00:33:00+00:00,-343.200195
2017-09-17 00:34:00+00:00,-331.263336
2017-09-17 00:35:00+00:00,-325.11969
2017-09-17 00:36:00+00:00,-353.967407
2017-09-17 00:37:00+00:00,-369.823761
2017-09-17 00:38:00+00:00,-374.696899
2017-09-17 00:39:00+00:00,-383.539551
2017-09-17 00:40:00+00:00,-404.404419
2017-09-17 00:41:00+00:00,-426.05072
2017-09-17 00:42:00+00:00,-431.178772
2017-09-17 00:43:00+00:00,-505.030457
2017-09-17 00:44:00+00:00,-514.893311
2017-09-17 00:45:00+00:00,-511.751373
2017-09-17 00:46:00+00:00,-535.630005
2017-09-17 00:47:00+00:00,-529.562317
2017-09-17 00:48:00+00:00,-513.40863
2017-09-17 00:49:00+00:00,-491.27417
2017-09-17 00:50:00+00:00,-594.794983
2017-09-17 00:51:00+00:00,-626.720032
2017-09-17 00:52:00+00:00,-659.59021
2017-09-17 00:53:00+00:00,-624.667297
2017-09-17 00:54:00+00:00,-501.636475
2017-09-17 00:55:00+00:00,-513.513184
2017-09-17 00:56:00+00:00,-523.39386
2017-09-17 00:57:00+00:00,-534.272522
2017-09-17 00:58:00+00:00,-529.151978
2017-09-17 00:59:00+00:00,-512.036316
2017-09-17 01:00:00+00:00,-502.907318
2017-09-17 01:01:00+00:00,-475.785767
2017-09-17 01:02:00+00:00,-473.6987
2017-09-17 01:03:00+00:00,-456.58139
2017-09-17 01:04:00+00:00,-433.45694
2017-09-17 01:05:00+00:00,-407.342651
2017-09-17 01:06:00+00:00,-382.288055
2017-09-17 01:07:00+00:00,-384.16861
2017-09-17 01:08:00+00:00,-401.613708
2017-09-17 01:09:00+00:00,-416.011353
2017-09-17 01:10:00+00:00,-346.883789
2017-09-17 01:11:00+00:00,-345.729462
2017-09-17 01:12:00+00:00,-329.603699
2017-09-17 01:13:00+00:00,-318.501312
2017-09-17 01:14:00+00:00,-308.414124
2017-09-17 01:15:00+00:00,-294.315613
2017-09-17 01:16:00+00:00,-276.19754
2017-09-17 01:17:00+00:00,-266.095825
2017-09-17 01:18:00+00:00,-248.984695
2017-09-17 01:19:00+00:00,-225.8815
2017-09-17 01:20:00+00:00,-217.770264
2017-09-17 01:21:00+00:00,-216.655609
2017-09-17 01:22:00+00:00,-218.039963
2017-09-17 01:23:00+00:00,-261.611725
2017-09-17 01:24:00+00:00,-257.09317
2017-09-17 01:25:00+00:00,-202.608368
2017-09-17 01:26:00+00:00,-185.23703
2017-09-17 01:27:00+00:00,-187.387192
2017-09-17 01:28:00+00:00,-126.764664
2017-09-17 01:29:00+00:00,-132.594849
2017-09-17 01:30:00+00:00,-160.251785
2017-09-17 01:31:00+00:00,-165.779312
2017-09-17 01:32:00+00:00,-179.345917
2017-09-17 01:33:00+00:00,-133.927643
2017-09-17 01:34:00+00:00,-102.805565
2017-09-17 01:35:00+00:00,-121.405647
2017-09-17 01:36:00+00:00,-138.287216
2017-09-17 01:37:00+00:00,-119.517799
2017-09-17 01:38:00+00:00,-129.896301
2017-09-17 01:39:00+00:00,-151.993225
2017-09-17 01:40:00+00:00,-150.46756
2017-09-17 01:41:00+00:00,-147.637146
2017-09-17 01:42:00+00:00,-157.233017
2017-09-17 01:43:00+00:00,-153.587173
2017-09-17 01:44:00+00:00,-167.315384
2017-09-17 01:45:00+00:00,-109.339371
2017-09-17 01:46:00+00:00,-108.999596
2017-09-17 01:47:00+00:00,-100.045189
2017-09-17 01:48:00+00:00,-81.454758
2017-09-17 01:49:00+00:00,-91.134331
2017-09-17 01:50:00+00:00,-84.315292
2017-09-17 01:51:00+00:00,-142.919617
2017-09-17 01:52:00+00:00,-207.663055
2017-09-17 01:53:00+00:00,-220.378586
2017-09-17 01:54:00+00:00,-186.55162
2017-09-17 01:55:00+00:00,-153.239822
2017-09-17 01:56:00+00:00,-236.172699
2017-09-17 01:57:00+00:00,-172.440094
2017-09-17 01:58:00+00:00,-156.016418
2017-09-17 01:59:00+00:00,-162.896072
2017-09-17 02:00:00+00:00,-139.183456
2017-09-17 02:01:00+00:00,-157.510376
2017-09-17 02:02:00+00:00,-153.291611
2017-09-17 02:03:00+00:00,-161.439392
2017-09-17 02:04:00+00:00,-123.714378
2017-09-17 02:05:00+00:00,-142.794449
2017-09-17 02:06:00+00:00,-152.558121
2017-09-17 02:07:00+00:00,-127.14196
2017-09-17 02:08:00+00:00,-95.369049
2017-09-17 02:09:00+00:00,-110.476646
2017-09-17 02:10:00+00:00,-128.753662
2017-09-17 02:11:00+00:00,-118.347656
2017-09-17 02:12:00+00:00,-67.267548
2017-09-17 02:13:00+00:00,-46.979538
2017-09-17 02:14:00+00:00,-46.585102
2017-09-17 02:15:00+00:00,-41.081223
2017-09-17 02:16:00+00:00,-46.234138
2017-09-17 02:17:00+00:00,-54.080078
2017-09-17 02:18:00+00:00,-55.47541
2017-09-17 02:19:00+00:00,-68.047165
2017-09-17 02:20:00+00:00,-69.025871
2017-09-17 02:21:00+00:00,-60.6362
2017-09-17 02:22:00+00:00,-55.25058
2017-09-17 02:23:00+00:00,-58.994526
2017-09-17 02:24:00+00:00,-59.561012
2017-09-17 02:25:00+00:00,-50.765797
2017-09-17 02:26:00+00:00,-44.569183
2017-09-17 02:27:00+00:00,-46.947212
2017-09-17 02:28:00+00:00,-46.042587
2017-09-17 02:29:00+00:00,-51.740608
2017-09-17 02:30:00+00:00,-53.240829
2017-09-17 02:31:00+00:00,-72.927536
2017-09-17 02:32:00+00:00,-96.85733
2017-09-17 02:33:00+00:00,-114.027481
2017-09-17 02:34:00+00:00,-119.846252
2017-09-17 02:35:00+00:00,-113.451401
2017-09-17 02:36:00+00:00,-106.187714
2017-09-17 02:37:00+00:00,-108.042221
2017-09-17 02:38:00+00:00,-110.890732
2017-09-17 02:39:00+00:00,-126.118645
2017-09-17 02:40:00+00:00,-139.705505
2017-09-17 02:41:00+00:00,-149.150406
2017-09-17 02:42:00+00:00,-154.982697
2017-09-17 02:43:00+00:00,-158.608704
2017-09-17 02:44:00+00:00,-166.777924
2017-09-17 02:45:00+00:00,-178.750809
2017-09-17 02:46:00+00:00,-162.326401
2017-09-17 02:47:00+00:00,-154.009903
2017-09-24 00:00:00+00:00,-70.122055
2017-09-24 00:01:00+00:00,-70.584587
2017-09-24 00:02:00+00:00,-71.60585
2017-09-24 00:03:00+00:00,-76.203354
2017-09-24 00:04:00+00:00,-87.916069
2017-09-24 00:05:00+00:00,-81.363037
2017-09-24 00:06:00+00:00,-91.498993
2017-09-24 00:07:00+00:00,-78.169525
2017-09-24 00:08:00+00:00,-79.656143
2017-09-24 00:09:00+00:00,-82.483711
2017-09-24 00:10:00+00:00,-83.769249
2017-09-24 00:11:00+00:00,-87.366005
2017-09-24 00:12:00+00:00,-88.85656
2017-09-24 00:13:00+00:00,-86.767815
2017-09-24 00:14:00+00:00,-83.425896
2017-09-24 00:15:00+00:00,-80.708672
2017-09-24 00:16:00+00:00,-77.636581
2017-09-24 00:17:00+00:00,-87.306458
2017-09-24 00:18:00+00:00,-119.466644
2017-09-24 00:19:00+00:00,-109.878342
2017-09-24 00:20:00+00:00,-112.103058
2017-09-24 00:21:00+00:00,-87.482536
2017-09-24 00:22:00+00:00,-73.100258
2017-09-24 00:23:00+00:00,-70.750488
2017-09-24 00:24:00+00:00,-68.422348
2017-09-24 00:25:00+00:00,-66.1353
2017-09-24 00:26:00+00:00,-64.172501
2017-09-24 00:27:00+00:00,-63.778015
2017-09-24 00:28:00+00:00,-61.897114
2017-09-24 00:29:00+00:00,-59.834526
2017-09-24 00:30:00+00:00,-58.87904
2017-09-24 00:31:00+00:00,-57.923851
2017-09-24 00:32:00+00:00,-54.680344
2017-09-24 00:33:00+00:00,-48.957069
2017-09-24 00:34:00+00:00,-42.006905
2017-09-24 00:35:00+00:00,-39.848362
2017-09-24 00:36:00+00:00,-57.380356
2017-09-24 00:37:00+00:00,-67.585213
2017-09-24 00:38:00+00:00,-60.408398
2017-09-24 00:39:00+00:00,-76.85186
2017-09-24 00:40:00+00:00,-106.091362
2017-09-24 00:41:00+00:00,-109.481392
2017-09-24 00:42:00+00:00,-117.60788
2017-09-24 00:43:00+00:00,-109.080177
2017-09-24 00:44:00+00:00,-97.14753
2017-09-24 00:45:00+00:00,-84.461815
2017-09-24 00:46:00+00:00,-79.09552
2017-09-24 00:47:00+00:00,-110.535934
2017-09-24 00:48:00+00:00,-133.46077
2017-09-24 00:49:00+00:00,-145.945236
2017-09-24 00:50:00+00:00,-141.611359
2017-09-24 00:51:00+00:00,-125.612717
2017-09-24 00:52:00+00:00,-109.418533
2017-09-24 00:53:00+00:00,-115.635475
2017-09-24 00:54:00+00:00,-116.071167
2017-09-24 00:55:00+00:00,-159.376663
2017-09-24 00:56:00+00:00,-171.109131
2017-09-24 00:57:00+00:00,-185.291977
2017-09-24 00:58:00+00:00,-193.943771
2017-09-24 00:59:00+00:00,-187.691849
2017-09-24 01:00:00+00:00,-219.496292
2017-09-24 01:01:00+00:00,-208.799133
2017-09-24 01:02:00+00:00,-158.022415
2017-09-24 01:03:00+00:00,-194.022552
2017-09-24 01:04:00+00:00,-204.335648
2017-09-24 01:05:00+00:00,-193.387482
2017-09-24 01:06:00+00:00,-122.252754
2017-09-24 01:07:00+00:00,-103.117928
2017-09-24 01:08:00+00:00,-105.588951
2017-09-24 01:09:00+00:00,-122.945091
2017-09-24 01:10:00+00:00,-124.806458
2017-09-24 01:11:00+00:00,-129.861496
2017-09-24 01:12:00+00:00,-121.457832
2017-09-24 01:13:00+00:00,-131.561279
2017-09-24 01:14:00+00:00,-134.587433
2017-09-24 01:15:00+00:00,-124.931587
2017-09-24 01:16:00+00:00,-99.668282
2017-09-24 01:17:00+00:00,-94.829918
2017-09-24 01:18:00+00:00,-91.262001
2017-09-24 01:19:00+00:00,-84.584641
2017-09-24 01:20:00+00:00,-72.379852
2017-09-24 01:21:00+00:00,-68.683624
2017-09-24 01:22:00+00:00,-66.585297
2017-09-24 01:23:00+00:00,-64.396515
2017-09-24 01:24:00+00:00,-63.108437
2017-09-24 01:25:00+00:00,-61.567715
2017-09-24 01:26:00+00:00,-61.121967
2017-09-24 01:27:00+00:00,-62.419594
2017-09-24 01:28:00+00:00,-63.8004
2017-09-24 01:29:00+00:00,-64.816963
2017-09-24 01:30:00+00:00,-65.696999
2017-09-24 01:31:00+00:00,-65.136864
2017-09-24 01:32:00+00:00,-61.395515
2017-09-24 01:33:00+00:00,-58.121384
2017-09-24 01:34:00+00:00,-55.188499
2017-09-24 01:35:00+00:00,-54.84491
2017-09-24 01:36:00+00:00,-54.019073
2017-09-24 01:37:00+00:00,-53.33062
2017-09-24 01:38:00+00:00,-48.917988
2017-09-24 01:39:00+00:00,-43.743092
2017-09-24 01:40:00+00:00,-40.191673
2017-09-24 01:41:00+00:00,-43.249939
2017-09-24 01:42:00+00:00,-54.410519
2017-09-24 01:43:00+00:00,-52.513027
2017-09-24 01:44:00+00:00,-48.725159
2017-09-24 01:45:00+00:00,-31.908762
2017-09-24 01:46:00+00:00,-28.858736
2017-09-24 01:47:00+00:00,-26.076975
2017-09-24 01:48:00+00:00,-28.12476
2017-09-24 01:49:00+00:00,-30.488417
2017-09-24 01:50:00+00:00,-26.859358
2017-09-24 01:51:00+00:00,-26.964634
2017-09-24 01:52:00+00:00,-25.056608
2017-09-24 01:53:00+00:00,-26.219316
2017-09-24 01:54:00+00:00,-27.627169
2017-09-24 01:55:00+00:00,-24.736797
2017-09-24 01:56:00+00:00,-24.356432
2017-09-24 01:57:00+00:00,-24.563675
2017-09-24 01:58:00+00:00,-25.344875
2017-09-24 01:59:00+00:00,-25.132998
2017-09-24 02:00:00+00:00,-24.447954
2017-09-24 02:01:00+00:00,-23.431461
2017-09-24 02:02:00+00:00,-23.44858
2017-09-24 02:03:00+00:00,-23.426083
2017-09-24 02:04:00+00:00,-24.398165
2017-09-24 02:05:00+00:00,-24.272068
2017-09-24 02:06:00+00:00,-23.829477
2017-09-24 02:07:00+00:00,-28.092546
2017-09-24 02:08:00+00:00,-25.238871
2017-09-24 02:09:00+00:00,-32.475151
2017-09-24 02:10:00+00:00,-78.164673
2017-09-24 02:11:00+00:00,-85.413132
2017-09-24 02:12:00+00:00,-65.76828
2017-09-24 02:13:00+00:00,-84.996651
2017-09-24 02:14:00+00:00,-84.078644
2017-09-24 02:15:00+00:00,-72.919449
2017-09-24 02:16:00+00:00,-59.566818
2017-09-24 02:17:00+00:00,-64.149582
2017-09-24 02:18:00+00:00,-66.680359
2017-09-24 02:19:00+00:00,-83.607292
2017-09-24 02:20:00+00:00,-82.485985
2017-09-24 02:21:00+00:00,-97.813568
2017-09-24 02:22:00+00:00,-117.57209
2017-09-24 02:23:00+00:00,-103.540901
2017-09-24 02:24:00+00:00,-87.587112
2017-09-24 02:25:00+00:00,-68.667679
2017-09-24 02:26:00+00:00,-62.744267
2017-09-24 02:27:00+00:00,-52.056622
2017-09-24 02:28:00+00:00,-47.765816
2017-09-24 02:29:00+00:00,-41.211502
2017-09-24 02:30:00+00:00,-39.449852
2017-09-24 02:31:00+00:00,-38.947075
2017-09-24 02:32:00+00:00,-36.68298
2017-09-24 02:33:00+00:00,-36.695164
2017-09-24 02:34:00+00:00,-37.505112
2017-09-24 02:35:00+00:00,-43.697178
2017-09-24 02:36:00+00:00,-51.404774
2017-09-24 02:37:00+00:00,-56.010735
2017-09-24 02:38:00+00:00,-58.382984
2017-09-24 02:39:00+00:00,-56.6465
2017-09-24 02:40:00+00:00,-53.360847
2017-09-24 02:41:00+00:00,-50.767216
2017-09-24 02:42:00+00:00,-47.612663
2017-09-24 02:43:00+00:00,-42.321007
2017-09-24 02:44:00+00:00,-45.367828
2017-09-24 02:45:00+00:00,-56.516758
2017-09-24 02:46:00+00:00,-63.391617
2017-09-24 02:47:00+00:00,-61.223793
2017-10-01 00:00:00+00:00,-306.73114
2017-10-01 00:01:00+00:00,-306.437134
2017-10-01 00:02:00+00:00,-312.963348
2017-10-01 00:03:00+00:00,-314.966614
2017-10-01 00:04:00+00:00,-318.020599
2017-10-01 00:05:00+00:00,-318.60321
2017-10-01 00:06:00+00:00,-321.009674
2017-10-01 00:07:00+00:00,-319.830841
2017-10-01 00:08:00+00:00,-318.294159
2017-10-01 00:09:00+00:00,-327.640015
2017-10-01 00:10:00+00:00,-340.266266
2017-10-01 00:11:00+00:00,-349.14447
2017-10-01 00:12:00+00:00,-343.522797
2017-10-01 00:13:00+00:00,-348.939453
2017-10-01 00:14:00+00:00,-424.29834
2017-10-01 00:15:00+00:00,-427.324219
2017-10-01 00:16:00+00:00,-393.299255
2017-10-01 00:17:00+00:00,-374.596985
2017-10-01 00:18:00+00:00,-386.126953
2017-10-01 00:19:00+00:00,-389.068726
2017-10-01 00:20:00+00:00,-386.564606
2017-10-01 00:21:00+00:00,-417.559662
2017-10-01 00:22:00+00:00,-401.486542
2017-10-01 00:23:00+00:00,-416.730347
2017-10-01 00:24:00+00:00,-433.544006
2017-10-01 00:25:00+00:00,-431.245819
2017-10-01 00:26:00+00:00,-407.062164
2017-10-01 00:27:00+00:00,-408.852509
2017-10-01 00:28:00+00:00,-385.846771
2017-10-01 00:29:00+00:00,-377.674255
2017-10-01 00:30:00+00:00,-397.646759
2017-10-01 00:31:00+00:00,-415.699829
2017-10-01 00:32:00+00:00,-416.18808
2017-10-01 00:33:00+00:00,-404.768799
2017-10-01 00:34:00+00:00,-383.948639
2017-10-01 00:35:00+00:00,-374.045166
2017-10-01 00:36:00+00:00,-377.308655
2017-10-01 00:37:00+00:00,-347.280243
2017-10-01 00:38:00+00:00,-366.571777
2017-10-01 00:39:00+00:00,-362.063843
2017-10-01 00:40:00+00:00,-351.66098
2017-10-01 00:41:00+00:00,-348.270264
2017-10-01 00:42:00+00:00,-344.498016
2017-10-01 00:43:00+00:00,-360.372864
2017-10-01 00:44:00+00:00,-384.031586
2017-10-01 00:45:00+00:00,-364.616547
2017-10-01 00:46:00+00:00,-404.8349
2017-10-01 00:47:00+00:00,-449.677582
2017-10-01 00:48:00+00:00,-472.820801
2017-10-01 00:49:00+00:00,-472.820312
2017-10-01 00:50:00+00:00,-490.899933
2017-10-01 00:51:00+00:00,-514.707947
2017-10-01 00:52:00+00:00,-527.538635
2017-10-01 00:53:00+00:00,-523.545715
2017-10-01 00:54:00+00:00,-523.488586
2017-10-01 00:55:00+00:00,-513.589539
2017-10-01 00:56:00+00:00,-556.113098
2017-10-01 00:57:00+00:00,-519.859192
2017-10-01 00:58:00+00:00,-528.735352
2017-10-01 00:59:00+00:00,-527.842529
2017-10-01 01:00:00+00:00,-537.43158
2017-10-01 01:01:00+00:00,-572.011658
2017-10-01 01:02:00+00:00,-601.550842
2017-10-01 01:03:00+00:00,-620.998047
2017-10-01 01:04:00+00:00,-623.610962
2017-10-01 01:05:00+00:00,-617.273132
2017-10-01 01:06:00+00:00,-619.572998
2017-10-01 01:07:00+00:00,-656.051575
2017-10-01 01:08:00+00:00,-712.433167
2017-10-01 01:09:00+00:00,-622.191101
2017-10-01 01:10:00+00:00,-495.710815
2017-10-01 01:11:00+00:00,-457.41037
2017-10-01 01:12:00+00:00,-431.123322
2017-10-01 01:13:00+00:00,-410.037048
2017-10-01 01:14:00+00:00,-405.803162
2017-10-01 01:15:00+00:00,-414.928253
2017-10-01 01:16:00+00:00,-401.16983
2017-10-01 01:17:00+00:00,-410.484863
2017-10-01 01:18:00+00:00,-440.212616
2017-10-01 01:19:00+00:00,-457.193024
2017-10-01 01:20:00+00:00,-469.380249
2017-10-01 01:21:00+00:00,-465.037354
2017-10-01 01:22:00+00:00,-463.35614
2017-10-01 01:23:00+00:00,-436.84967
2017-10-01 01:24:00+00:00,-415.886169
2017-10-01 01:25:00+00:00,-383.766296
2017-10-01 01:26:00+00:00,-340.748444
2017-10-01 01:27:00+00:00,-349.269958
2017-10-01 01:28:00+00:00,-343.786896
2017-10-01 01:29:00+00:00,-348.762054
2017-10-01 01:30:00+00:00,-348.867676
2017-10-01 01:31:00+00:00,-351.075775
2017-10-01 01:32:00+00:00,-335.310516
2017-10-01 01:33:00+00:00,-313.556396
2017-10-01 01:34:00+00:00,-297.785309
2017-10-01 01:35:00+00:00,-293.12146
2017-10-01 01:36:00+00:00,-287.215546
2017-10-01 01:37:00+00:00,-277.830017
2017-10-01 01:38:00+00:00,-277.673126
2017-10-01 01:39:00+00:00,-275.807159
2017-10-01 01:40:00+00:00,-268.402588
2017-10-01 01:41:00+00:00,-266.403137
2017-10-01 01:42:00+00:00,-248.665787
2017-10-01 01:43:00+00:00,-240.733231
2017-10-01 01:44:00+00:00,-228.824829
2017-10-01 01:45:00+00:00,-212.903076
2017-10-01 01:46:00+00:00,-203.360901
2017-10-01 01:47:00+00:00,-201.908081
2017-10-01 01:48:00+00:00,-202.782898
2017-10-01 01:49:00+00:00,-193.691681
2017-10-01 01:50:00+00:00,-194.605988
2017-10-01 01:51:00+00:00,-190.941132
2017-10-01 01:52:00+00:00,-192.234451
2017-10-01 01:53:00+00:00,-185.384872
2017-10-01 01:54:00+00:00,-167.940308
2017-10-01 01:55:00+00:00,-153.673294
2017-10-01 01:56:00+00:00,-139.229385
2017-10-01 01:57:00+00:00,-128.409454
2017-10-01 01:58:00+00:00,-116.091484
2017-10-01 01:59:00+00:00,-110.23587
2017-10-01 02:00:00+00:00,-103.55484
2017-10-01 02:01:00+00:00,-102.458328
2017-10-01 02:02:00+00:00,-103.269043
2017-10-01 02:03:00+00:00,-106.328835
2017-10-01 02:04:00+00:00,-105.052795
2017-10-01 02:05:00+00:00,-95.041092
2017-10-01 02:06:00+00:00,-90.943291
2017-10-01 02:07:00+00:00,-89.122398
2017-10-01 02:08:00+00:00,-108.583862
2017-10-01 02:09:00+00:00,-104.489571
2017-10-01 02:10:00+00:00,-107.122467
2017-10-01 02:11:00+00:00,-104.134941
2017-10-01 02:12:00+00:00,-86.850761
2017-10-01 02:13:00+00:00,-73.411041
2017-10-01 02:14:00+00:00,-76.837921
2017-10-01 02:15:00+00:00,-79.118652
2017-10-01 02:16:00+00:00,-81.575455
2017-10-01 02:17:00+00:00,-86.881332
2017-10-01 02:18:00+00:00,-92.666611
2017-10-01 02:19:00+00:00,-78.601707
2017-10-01 02:20:00+00:00,-73.29155
2017-10-01 02:21:00+00:00,-63.714272
2017-10-01 02:22:00+00:00,-54.794399
2017-10-01 02:23:00+00:00,-63.292183
2017-10-01 02:24:00+00:00,-74.549774
2017-10-01 02:25:00+00:00,-79.412178
2017-10-01 02:26:00+00:00,-81.489784
2017-10-01 02:27:00+00:00,-83.532646
2017-10-01 02:28:00+00:00,-61.551292
2017-10-01 02:29:00+00:00,-52.026665
2017-10-01 02:30:00+00:00,-47.976608
2017-10-01 02:31:00+00:00,-51.176399
2017-10-01 02:32:00+00:00,-61.140068
2017-10-01 02:33:00+00:00,-56.150986
2017-10-01 02:34:00+00:00,-56.13102
2017-10-01 02:35:00+00:00,-55.091869
2017-10-01 02:36:00+00:00,-49.084007
2017-10-01 02:37:00+00:00,-50.129578
2017-10-01 02:38:00+00:00,-43.183273
2017-10-01 02:39:00+00:00,-40.178677
2017-10-01 02:40:00+00:00,-44.152885
2017-10-01 02:41:00+00:00,-45.314175
2017-10-01 02:42:00+00:00,-45.180237
2017-10-01 02:43:00+00:00,-49.200157
2017-10-01 02:44:00+00:00,-41.202957
2017-10-01 02:45:00+00:00,-39.198013
2017-10-01 02:46:00+00:00,-40.242111
2017-10-01 02:47:00+00:00,-41.303986
2017-10-08 00:00:00+00:00,-34.095913
2017-10-08 00:01:00+00:00,-43.230423
2017-10-08 00:02:00+00:00,-24.216089
2017-10-08 00:03:00+00:00,-15.515859
2017-10-08 00:04:00+00:00,-14.519347
2017-10-08 00:05:00+00:00,-14.462414
2017-10-08 00:06:00+00:00,-18.675631
2017-10-08 00:07:00+00:00,-15.756233
2017-10-08 00:08:00+00:00,-22.125551
2017-10-08 00:09:00+00:00,-12.959896
2017-10-08 00:10:00+00:00,-8.534649
2017-10-08 00:11:00+00:00,-9.624047
2017-10-08 00:12:00+00:00,-11.62729
2017-10-08 00:13:00+00:00,-14.949274
2017-10-08 00:14:00+00:00,-10.779433
2017-10-08 00:15:00+00:00,-9.163692
2017-10-08 00:16:00+00:00,-8.106222
2017-10-08 00:17:00+00:00,-8.860902
2017-10-08 00:18:00+00:00,-9.144296
2017-10-08 00:19:00+00:00,-8.026335
2017-10-08 00:20:00+00:00,-8.770042
2017-10-08 00:21:00+00:00,-8.962366
2017-10-08 00:22:00+00:00,-7.935593
2017-10-08 00:23:00+00:00,-7.500109
2017-10-08 00:24:00+00:00,-7.743777
2017-10-08 00:25:00+00:00,-8.5113
2017-10-08 00:26:00+00:00,-9.62101
2017-10-08 00:27:00+00:00,-11.660311
2017-10-08 00:28:00+00:00,-11.952822
2017-10-08 00:29:00+00:00,-11.340254
2017-10-08 00:30:00+00:00,-13.322039
2017-10-08 00:31:00+00:00,-9.33148
2017-10-08 00:32:00+00:00,-10.757709
2017-10-08 00:33:00+00:00,-10.614071
2017-10-08 00:34:00+00:00,-9.964052
2017-10-08 00:35:00+00:00,-11.011764
2017-10-08 00:36:00+00:00,-9.32954
2017-10-08 00:37:00+00:00,-8.404908
2017-10-08 00:38:00+00:00,-9.151461
2017-10-08 00:39:00+00:00,-8.935318
2017-10-08 00:40:00+00:00,-9.866549
2017-10-08 00:41:00+00:00,-10.454347
2017-10-08 00:42:00+00:00,-14.914045
2017-10-08 00:43:00+00:00,-17.463394
2017-10-08 00:44:00+00:00,-18.738991
2017-10-08 00:45:00+00:00,-10.433479
2017-10-08 00:46:00+00:00,-11.141113
2017-10-08 00:47:00+00:00,-12.113997
2017-10-08 00:48:00+00:00,-17.08429
2017-10-08 00:49:00+00:00,-19.785858
2017-10-08 00:50:00+00:00,-15.879824
2017-10-08 00:51:00+00:00,-17.943253
2017-10-08 00:52:00+00:00,-21.943529
2017-10-08 00:53:00+00:00,-24.854212
2017-10-08 00:54:00+00:00,-24.735832
2017-10-08 00:55:00+00:00,-23.826654
2017-10-08 00:56:00+00:00,-26.736523
2017-10-08 00:57:00+00:00,-27.666136
2017-10-08 00:58:00+00:00,-28.678545
2017-10-08 00:59:00+00:00,-29.813368
2017-10-08 01:00:00+00:00,-31.784302
2017-10-08 01:01:00+00:00,-31.275057
2017-10-08 01:02:00+00:00,-33.555531
2017-10-08 01:03:00+00:00,-33.556126
2017-10-08 01:04:00+00:00,-34.705105
2017-10-08 01:05:00+00:00,-36.673344
2017-10-08 01:06:00+00:00,-32.824932
2017-10-08 01:07:00+00:00,-34.852524
2017-10-08 01:08:00+00:00,-33.826649
2017-10-08 01:09:00+00:00,-37.332523
2017-10-08 01:10:00+00:00,-39.584766
2017-10-08 01:11:00+00:00,-40.92907
2017-10-08 01:12:00+00:00,-41.111526
2017-10-08 01:13:00+00:00,-39.814747
2017-10-08 01:14:00+00:00,-37.409054
2017-10-08 01:15:00+00:00,-33.811909
2017-10-08 01:16:00+00:00,-33.89901
2017-10-08 01:17:00+00:00,-34.015568
2017-10-08 01:18:00+00:00,-32.102966
2017-10-08 01:19:00+00:00,-31.007851
2017-10-08 01:20:00+00:00,-27.454857
2017-10-08 01:21:00+00:00,-23.693157
2017-10-08 01:22:00+00:00,-24.415754
2017-10-08 01:23:00+00:00,-34.688297
2017-10-08 01:24:00+00:00,-33.495892
2017-10-08 01:25:00+00:00,-24.079851
2017-10-08 01:26:00+00:00,-19.234228
2017-10-08 01:27:00+00:00,-15.056921
2017-10-08 01:28:00+00:00,-12.215015
2017-10-08 01:29:00+00:00,-11.92555
2017-10-08 01:30:00+00:00,-12.419565
2017-10-08 01:31:00+00:00,-14.00206
2017-10-08 01:32:00+00:00,-15.232582
2017-10-08 01:33:00+00:00,-13.282918
2017-10-08 01:34:00+00:00,-11.133167
2017-10-08 01:35:00+00:00,-10.242918
2017-10-08 01:36:00+00:00,-12.29084
2017-10-08 01:37:00+00:00,-15.367192
2017-10-08 01:38:00+00:00,-17.294256
2017-10-08 01:39:00+00:00,-17.19311
2017-10-08 01:40:00+00:00,-15.241468
2017-10-08 01:41:00+00:00,-16.167833
2017-10-08 01:42:00+00:00,-12.156267
2017-10-08 01:43:00+00:00,-13.171112
2017-10-08 01:44:00+00:00,-15.975946
2017-10-08 01:45:00+00:00,-8.205165
2017-10-08 01:46:00+00:00,-12.307421
2017-10-08 01:47:00+00:00,-16.200178
2017-10-08 01:48:00+00:00,-14.363888
2017-10-08 01:49:00+00:00,-20.283398
2017-10-08 01:50:00+00:00,-20.26582
2017-10-08 01:51:00+00:00,-15.221107
2017-10-08 01:52:00+00:00,-16.321472
2017-10-08 01:53:00+00:00,-20.27034
2017-10-08 01:54:00+00:00,-20.190256
2017-10-08 01:55:00+00:00,-21.139307
2017-10-08 01:56:00+00:00,-18.118942
2017-10-08 01:57:00+00:00,-19.067619
2017-10-08 01:58:00+00:00,-18.075167
2017-10-08 01:59:00+00:00,-17.412573
2017-10-08 02:00:00+00:00,-18.395369
2017-10-08 02:01:00+00:00,-23.613514
2017-10-08 02:02:00+00:00,-18.735855
2017-10-08 02:03:00+00:00,-21.084576
2017-10-08 02:04:00+00:00,-15.464085
2017-10-08 02:05:00+00:00,-16.497093
2017-10-08 02:06:00+00:00,-19.497826
2017-10-08 02:07:00+00:00,-18.499416
2017-10-08 02:08:00+00:00,-18.500435
2017-10-08 02:09:00+00:00,-17.711626
2017-10-08 02:10:00+00:00,-15.503186
2017-10-08 02:11:00+00:00,-18.440948
2017-10-08 02:12:00+00:00,-20.469254
2017-10-08 02:13:00+00:00,-25.482922
2017-10-08 02:14:00+00:00,-29.368681
2017-10-08 02:15:00+00:00,-30.947435
2017-10-08 02:16:00+00:00,-33.998764
2017-10-08 02:17:00+00:00,-32.333271
2017-10-08 02:18:00+00:00,-31.25766
2017-10-08 02:19:00+00:00,-34.295422
2017-10-08 02:20:00+00:00,-33.363609
2017-10-08 02:21:00+00:00,-31.408804
2017-10-08 02:22:00+00:00,-27.930605
2017-10-08 02:23:00+00:00,-27.371677
2017-10-08 02:24:00+00:00,-23.58853
2017-10-08 02:25:00+00:00,-18.398602
2017-10-08 02:26:00+00:00,-18.328377
2017-10-08 02:27:00+00:00,-18.319265
2017-10-08 02:28:00+00:00,-16.309021
2017-10-08 02:29:00+00:00,-17.326059
2017-10-08 02:30:00+00:00,-20.25248
2017-10-08 02:31:00+00:00,-18.269516
2017-10-08 02:32:00+00:00,-20.224796
2017-10-08 02:33:00+00:00,-22.180349
2017-10-08 02:34:00+00:00,-20.165966
2017-10-08 02:35:00+00:00,-20.120136
2017-10-08 02:36:00+00:00,-20.043316
2017-10-08 02:37:00+00:00,-20.055698
2017-10-08 02:38:00+00:00,-20.007372
2017-10-08 02:39:00+00:00,-19.0502
2017-10-08 02:40:00+00:00,-20.090443
2017-10-08 02:41:00+00:00,-20.13007
2017-10-08 02:42:00+00:00,-19.139788
2017-10-08 02:43:00+00:00,-19.237778
2017-10-08 02:44:00+00:00,-23.004913
2017-10-08 02:45:00+00:00,-21.953773
2017-10-08 02:46:00+00:00,-20.901583
2017-10-08 02:47:00+00:00,-21.727743
2017-10-15 00:00:00+00:00,-639.085999
2017-10-15 00:01:00+00:00,-718.891602
2017-10-15 00:02:00+00:00,-654.392883
2017-10-15 00:03:00+00:00,-510.89267
2017-10-15 00:04:00+00:00,-644.140991
2017-10-15 00:05:00+00:00,-564.277527
2017-10-15 00:06:00+00:00,-636.488037
2017-10-15 00:07:00+00:00,-507.382782
2017-10-15 00:08:00+00:00,-581.665649
2017-10-15 00:09:00+00:00,-474.999176
2017-10-15 00:10:00+00:00,-472.372192
2017-10-15 00:11:00+00:00,-509.297882
2017-10-15 00:12:00+00:00,-556.789551
2017-10-15 00:13:00+00:00,-493.713837
2017-10-15 00:14:00+00:00,-503.767242
2017-10-15 00:15:00+00:00,-489.542328
2017-10-15 00:16:00+00:00,-481.548828
2017-10-15 00:17:00+00:00,-551.676575
2017-10-15 00:18:00+00:00,-550.754089
2017-10-15 00:19:00+00:00,-671.936951
2017-10-15 00:20:00+00:00,-649.963257
2017-10-15 00:21:00+00:00,-617.08728
2017-10-15 00:22:00+00:00,-699.46991
2017-10-15 00:23:00+00:00,-574.998535
2017-10-15 00:24:00+00:00,-542.934265
2017-10-15 00:25:00+00:00,-536.861816
2017-10-15 00:26:00+00:00,-665.832886
2017-10-15 00:27:00+00:00,-737.195251
2017-10-15 00:28:00+00:00,-638.356689
2017-10-15 00:29:00+00:00,-609.525024
2017-10-15 00:30:00+00:00,-574.229065
2017-10-15 00:31:00+00:00,-565.841492
2017-10-15 00:32:00+00:00,-569.478943
2017-10-15 00:33:00+00:00,-576.887817
2017-10-15 00:34:00+00:00,-601.220642
2017-10-15 00:35:00+00:00,-602.318176
2017-10-15 00:36:00+00:00,-594.409241
2017-10-15 00:37:00+00:00,-588.951477
2017-10-15 00:38:00+00:00,-597.36145
2017-10-15 00:39:00+00:00,-615.189331
2017-10-15 00:40:00+00:00,-620.431152
2017-10-15 00:41:00+00:00,-600.367737
2017-10-15 00:42:00+00:00,-590.786133
2017-10-15 00:43:00+00:00,-593.637207
2017-10-15 00:44:00+00:00,-619.328857
2017-10-15 00:45:00+00:00,-594.074158
2017-10-15 00:46:00+00:00,-595.50708
2017-10-15 00:47:00+00:00,-619.396729
2017-10-15 00:48:00+00:00,-636.566956
2017-10-15 00:49:00+00:00,-624.260986
2017-10-15 00:50:00+00:00,-810.39856
2017-10-15 00:51:00+00:00,-758.643616
2017-10-15 00:52:00+00:00,-790.134338
2017-10-15 00:53:00+00:00,-782.943848
2017-10-15 00:54:00+00:00,-776.115234
2017-10-15 00:55:00+00:00,-757.754822
2017-10-15 00:56:00+00:00,-729.029114
2017-10-15 00:57:00+00:00,-771.129578
2017-10-15 00:58:00+00:00,-684.011719
2017-10-15 00:59:00+00:00,-685.965454
2017-10-15 01:00:00+00:00,-594.850342
2017-10-15 01:01:00+00:00,-584.172974
2017-10-15 01:02:00+00:00,-580.913208
2017-10-15 01:03:00+00:00,-548.380859
2017-10-15 01:04:00+00:00,-525.38324
2017-10-15 01:05:00+00:00,-513.5578
2017-10-15 01:06:00+00:00,-498.172241
2017-10-15 01:07:00+00:00,-495.712158
2017-10-15 01:08:00+00:00,-503.469025
2017-10-15 01:09:00+00:00,-508.788208
2017-10-15 01:10:00+00:00,-532.48291
2017-10-15 01:11:00+00:00,-550.047913
2017-10-15 01:12:00+00:00,-569.04364
2017-10-15 01:13:00+00:00,-671.926819
2017-10-15 01:14:00+00:00,-764.216064
2017-10-15 01:15:00+00:00,-739.75
2017-10-15 01:16:00+00:00,-770.799255
2017-10-15 01:17:00+00:00,-775.905151
2017-10-15 01:18:00+00:00,-796.23584
2017-10-15 01:19:00+00:00,-785.763855
2017-10-15 01:20:00+00:00,-791.416992
2017-10-15 01:21:00+00:00,-855.495605
2017-10-15 01:22:00+00:00,-876.141602
2017-10-15 01:23:00+00:00,-853.281921
2017-10-15 01:24:00+00:00,-823.471924
2017-10-15 01:25:00+00:00,-807.610779
2017-10-15 01:26:00+00:00,-831.989624
2017-10-15 01:27:00+00:00,-836.15802
2017-10-15 01:28:00+00:00,-780.183594
2017-10-15 01:29:00+00:00,-790.196655
2017-10-15 01:30:00+00:00,-768.427673
2017-10-15 01:31:00+00:00,-790.670959
2017-10-15 01:32:00+00:00,-807.871216
2017-10-15 01:33:00+00:00,-839.864136
2017-10-15 01:34:00+00:00,-834.962891
2017-10-15 01:35:00+00:00,-816.494385
2017-10-15 01:36:00+00:00,-800.406738
2017-10-15 01:37:00+00:00,-760.810791
2017-10-15 01:38:00+00:00,-740.951721
2017-10-15 01:39:00+00:00,-725.890503
2017-10-15 01:40:00+00:00,-704.548218
2017-10-15 01:41:00+00:00,-665.640747
2017-10-15 01:42:00+00:00,-644.616821
2017-10-15 01:43:00+00:00,-679.663452
2017-10-15 01:44:00+00:00,-693.982788
2017-10-15 01:45:00+00:00,-716.518616
2017-10-15 01:46:00+00:00,-723.242188
2017-10-15 01:47:00+00:00,-699.954712
2017-10-15 01:48:00+00:00,-700.121887
2017-10-15 01:49:00+00:00,-671.901917
2017-10-15 01:50:00+00:00,-666.938416
2017-10-15 01:51:00+00:00,-678.85083
2017-10-15 01:52:00+00:00,-692.194519
2017-10-15 01:53:00+00:00,-698.768616
2017-10-15 01:54:00+00:00,-700.264954
2017-10-15 01:55:00+00:00,-706.651245
2017-10-15 01:56:00+00:00,-706.247742
2017-10-15 01:57:00+00:00,-708.46167
2017-10-15 01:58:00+00:00,-713.535156
2017-10-15 01:59:00+00:00,-708.710083
2017-10-15 02:00:00+00:00,-705.889343
2017-10-15 02:01:00+00:00,-661.926025
2017-10-15 02:02:00+00:00,-640.124756
2017-10-15 02:03:00+00:00,-641.864014
2017-10-15 02:04:00+00:00,-642.374939
2017-10-15 02:05:00+00:00,-636.042053
2017-10-15 02:06:00+00:00,-674.185547
2017-10-15 02:07:00+00:00,-679.344116
2017-10-15 02:08:00+00:00,-689.889038
2017-10-15 02:09:00+00:00,-668.565674
2017-10-15 02:10:00+00:00,-615.796082
2017-10-15 02:11:00+00:00,-619.353027
2017-10-15 02:12:00+00:00,-635.575684
2017-10-15 02:13:00+00:00,-603.260132
2017-10-15 02:14:00+00:00,-577.638184
2017-10-15 02:15:00+00:00,-547.1073
2017-10-15 02:16:00+00:00,-559.690369
2017-10-15 02:17:00+00:00,-564.349609
2017-10-15 02:18:00+00:00,-588.114685
2017-10-15 02:19:00+00:00,-558.916382
2017-10-15 02:20:00+00:00,-544.449585
2017-10-15 02:21:00+00:00,-511.194794
2017-10-15 02:22:00+00:00,-503.044495
2017-10-15 02:23:00+00:00,-504.688293
2017-10-15 02:24:00+00:00,-520.522339
2017-10-15 02:25:00+00:00,-555.549744
2017-10-15 02:26:00+00:00,-577.516907
2017-10-15 02:27:00+00:00,-577.743469
2017-10-15 02:28:00+00:00,-551.558716
2017-10-15 02:29:00+00:00,-522.786438
2017-10-15 02:30:00+00:00,-533.886414
2017-10-15 02:31:00+00:00,-530.312012
2017-10-15 02:32:00+00:00,-507.790375
2017-10-15 02:33:00+00:00,-505.102112
2017-10-15 02:34:00+00:00,-525.03363
2017-10-15 02:35:00+00:00,-509.733704
2017-10-15 02:36:00+00:00,-513.590332
2017-10-15 02:37:00+00:00,-519.408569
2017-10-15 02:38:00+00:00,-504.494354
2017-10-15 02:39:00+00:00,-479.075378
2017-10-15 02:40:00+00:00,-464.0271
2017-10-15 02:41:00+00:00,-468.093384
2017-10-15 02:42:00+00:00,-466.103546
2017-10-15 02:43:00+00:00,-474.023499
2017-10-15 02:44:00+00:00,-489.893524
2017-10-15 02:45:00+00:00,-491.792633
2017-10-15 02:46:00+00:00,-500.933746
2017-10-15 02:47:00+00:00,-477.577728
2017-10-22 00:00:00+00:00,-507.637512
2017-10-22 00:01:00+00:00,-507.242126
2017-10-22 00:02:00+00:00,-508.687103
2017-10-22 00:03:00+00:00,-506.446167
2017-10-22 00:04:00+00:00,-496.447174
2017-10-22 00:05:00+00:00,-470.982269
2017-10-22 00:06:00+00:00,-455.818268
2017-10-22 00:07:00+00:00,-425.845795
2017-10-22 00:08:00+00:00,-392.616821
2017-10-22 00:09:00+00:00,-388.740387
2017-10-22 00:10:00+00:00,-374.468719
2017-10-22 00:11:00+00:00,-377.592896
2017-10-22 00:12:00+00:00,-354.454163
2017-10-22 00:13:00+00:00,-357.222107
2017-10-22 00:14:00+00:00,-382.47879
2017-10-22 00:15:00+00:00,-435.091309
2017-10-22 00:16:00+00:00,-353.0867
2017-10-22 00:17:00+00:00,-331.134399
2017-10-22 00:18:00+00:00,-349.133301
2017-10-22 00:19:00+00:00,-350.966064
2017-10-22 00:20:00+00:00,-349.241211
2017-10-22 00:21:00+00:00,-346.661224
2017-10-22 00:22:00+00:00,-333.567871
2017-10-22 00:23:00+00:00,-315.644897
2017-10-22 00:24:00+00:00,-313.238983
2017-10-22 00:25:00+00:00,-320.583618
2017-10-22 00:26:00+00:00,-318.521301
2017-10-22 00:27:00+00:00,-324.258301
2017-10-22 00:28:00+00:00,-306.265167
2017-10-22 00:29:00+00:00,-323.604218
2017-10-22 00:30:00+00:00,-311.329163
2017-10-22 00:31:00+00:00,-307.853241
2017-10-22 00:32:00+00:00,-310.358948
2017-10-22 00:33:00+00:00,-312.883362
2017-10-22 00:34:00+00:00,-318.001617
2017-10-22 00:35:00+00:00,-311.785919
2017-10-22 00:36:00+00:00,-287.476166
2017-10-22 00:37:00+00:00,-291.216492
2017-10-22 00:38:00+00:00,-294.828766
2017-10-22 00:39:00+00:00,-296.387115
2017-10-22 00:40:00+00:00,-292.18811
2017-10-22 00:41:00+00:00,-281.279602
2017-10-22 00:42:00+00:00,-265.455994
2017-10-22 00:43:00+00:00,-250.35701
2017-10-22 00:44:00+00:00,-249.679245
2017-10-22 00:45:00+00:00,-266.074371
2017-10-22 00:46:00+00:00,-267.837921
2017-10-22 00:47:00+00:00,-256.055786
2017-10-22 00:48:00+00:00,-238.610779
2017-10-22 00:49:00+00:00,-235.996277
2017-10-22 00:50:00+00:00,-244.07222
2017-10-22 00:51:00+00:00,-251.782166
2017-10-22 00:52:00+00:00,-258.320282
2017-10-22 00:53:00+00:00,-249.733902
2017-10-22 00:54:00+00:00,-244.54454
2017-10-22 00:55:00+00:00,-255.808395
2017-10-22 00:56:00+00:00,-256.238617
2017-10-22 00:57:00+00:00,-258.714661
2017-10-22 00:58:00+00:00,-257.171448
2017-10-22 00:59:00+00:00,-267.156799
2017-10-22 01:00:00+00:00,-274.048431
2017-10-22 01:01:00+00:00,-275.237915
2017-10-22 01:02:00+00:00,-261.436707
2017-10-22 01:03:00+00:00,-245.23912
2017-10-22 01:04:00+00:00,-240.925079
2017-10-22 01:05:00+00:00,-238.458221
2017-10-22 01:06:00+00:00,-233.090469
2017-10-22 01:07:00+00:00,-224.590103
2017-10-22 01:08:00+00:00,-223.301071
2017-10-22 01:09:00+00:00,-223.747314
2017-10-22 01:10:00+00:00,-231.939896
2017-10-22 01:11:00+00:00,-230.561539
2017-10-22 01:12:00+00:00,-228.655731
2017-10-22 01:13:00+00:00,-219.183594
2017-10-22 01:14:00+00:00,-199.997299
2017-10-22 01:15:00+00:00,-197.694427
2017-10-22 01:16:00+00:00,-192.632431
2017-10-22 01:17:00+00:00,-191.742676
2017-10-22 01:18:00+00:00,-189.82077
2017-10-22 01:19:00+00:00,-186.762924
2017-10-22 01:20:00+00:00,-184.512115
2017-10-22 01:21:00+00:00,-189.28479
2017-10-22 01:22:00+00:00,-190.848099
2017-10-22 01:23:00+00:00,-192.802826
2017-10-22 01:24:00+00:00,-197.401535
2017-10-22 01:25:00+00:00,-200.542267
2017-10-22 01:26:00+00:00,-197.045197
2017-10-22 01:27:00+00:00,-203.985367
2017-10-22 01:28:00+00:00,-212.510178
2017-10-22 01:29:00+00:00,-196.079712
2017-10-22 01:30:00+00:00,-185.329178
2017-10-22 01:31:00+00:00,-201.459656
2017-10-22 01:32:00+00:00,-204.613693
2017-10-22 01:33:00+00:00,-197.143295
2017-10-22 01:34:00+00:00,-195.05719
2017-10-22 01:35:00+00:00,-184.498444
2017-10-22 01:36:00+00:00,-180.35051
2017-10-22 01:37:00+00:00,-167.831711
2017-10-22 01:38:00+00:00,-153.712662
2017-10-22 01:39:00+00:00,-140.90123
2017-10-22 01:40:00+00:00,-134.10022
2017-10-22 01:41:00+00:00,-143.30545
2017-10-22 01:42:00+00:00,-162.519531
2017-10-22 01:43:00+00:00,-193.734589
2017-10-22 01:44:00+00:00,-221.954834
2017-10-22 01:45:00+00:00,-230.173264
2017-10-22 01:46:00+00:00,-209.373978
2017-10-22 01:47:00+00:00,-185.573273
2017-10-22 01:48:00+00:00,-171.772812
2017-10-22 01:49:00+00:00,-161.909531
2017-10-22 01:50:00+00:00,-163.000351
2017-10-22 01:51:00+00:00,-142.460312
2017-10-22 01:52:00+00:00,-138.702698
2017-10-22 01:53:00+00:00,-141.085663
2017-10-22 01:54:00+00:00,-139.927155
2017-10-22 01:55:00+00:00,-136.011261
2017-10-22 01:56:00+00:00,-210.926926
2017-10-22 01:57:00+00:00,-228.880325
2017-10-22 01:58:00+00:00,-189.274139
2017-10-22 01:59:00+00:00,-266.444702
2017-10-22 02:00:00+00:00,-281.684448
2017-10-22 02:01:00+00:00,-199.857452
2017-10-22 02:02:00+00:00,-149.080612
2017-10-22 02:03:00+00:00,-159.278961
2017-10-22 02:04:00+00:00,-165.914673
2017-10-22 02:05:00+00:00,-169.859375
2017-10-22 02:06:00+00:00,-162.698196
2017-10-22 02:07:00+00:00,-124.009567
2017-10-22 02:08:00+00:00,-116.331047
2017-10-22 02:09:00+00:00,-123.522354
2017-10-22 02:10:00+00:00,-127.715019
2017-10-22 02:11:00+00:00,-129.929489
2017-10-22 02:12:00+00:00,-133.570038
2017-10-22 02:13:00+00:00,-117.306709
2017-10-22 02:14:00+00:00,-92.144707
2017-10-22 02:15:00+00:00,-100.101196
2017-10-22 02:16:00+00:00,-93.911697
2017-10-22 02:17:00+00:00,-94.557556
2017-10-22 02:18:00+00:00,-108.987747
2017-10-22 02:19:00+00:00,-110.21669
2017-10-22 02:20:00+00:00,-106.430847
2017-10-22 02:21:00+00:00,-101.229988
2017-10-22 02:22:00+00:00,-102.43103
2017-10-22 02:23:00+00:00,-104.351501
2017-10-22 02:24:00+00:00,-103.575348
2017-10-22 02:25:00+00:00,-100.623032
2017-10-22 02:26:00+00:00,-85.002296
2017-10-22 02:27:00+00:00,-73.345009
2017-10-22 02:28:00+00:00,-52.595032
2017-10-22 02:29:00+00:00,-47.102852
2017-10-22 02:30:00+00:00,-67.872398
2017-10-22 02:31:00+00:00,-77.050926
2017-10-22 02:32:00+00:00,-72.928856
2017-10-22 02:33:00+00:00,-76.784485
2017-10-22 02:34:00+00:00,-75.079674
2017-10-22 02:35:00+00:00,-64.410095
2017-10-22 02:36:00+00:00,-55.65567
2017-10-22 02:37:00+00:00,-52.435314
2017-10-22 02:38:00+00:00,-46.238335
2017-10-22 02:39:00+00:00,-39.525635
2017-10-22 02:40:00+00:00,-41.915325
2017-10-22 02:41:00+00:00,-39.531399
2017-10-22 02:42:00+00:00,-39.105251
2017-10-22 02:43:00+00:00,-42.093941
2017-10-22 02:44:00+00:00,-38.965057
2017-10-22 02:45:00+00:00,-40.132698
2017-10-22 02:46:00+00:00,-37.352676
2017-10-22 02:47:00+00:00,-40.667404
2017-10-29 00:00:00+00:00,-91.463005
2017-10-29 00:01:00+00:00,-69.819511
2017-10-29 00:02:00+00:00,-57.834949
2017-10-29 00:03:00+00:00,-45.519043
2017-10-29 00:04:00+00:00,-44.20575
2017-10-29 00:05:00+00:00,-43.567871
2017-10-29 00:06:00+00:00,-36.026676
2017-10-29 00:07:00+00:00,-20.793266
2017-10-29 00:08:00+00:00,-21.268351
2017-10-29 00:09:00+00:00,-21.447485
2017-10-29 00:10:00+00:00,-21.403431
2017-10-29 00:11:00+00:00,-20.193825
2017-10-29 00:12:00+00:00,-16.87532
2017-10-29 00:13:00+00:00,-15.611401
2017-10-29 00:14:00+00:00,-16.411076
2017-10-29 00:15:00+00:00,-20.691328
2017-10-29 00:16:00+00:00,-27.005505
2017-10-29 00:17:00+00:00,-27.337067
2017-10-29 00:18:00+00:00,-30.451157
2017-10-29 00:19:00+00:00,-35.980198
2017-10-29 00:20:00+00:00,-37.878983
2017-10-29 00:21:00+00:00,-34.364616
2017-10-29 00:22:00+00:00,-30.695326
2017-10-29 00:23:00+00:00,-40.007519
2017-10-29 00:24:00+00:00,-51.424755
2017-10-29 00:25:00+00:00,-55.295052
2017-10-29 00:26:00+00:00,-52.035378
2017-10-29 00:27:00+00:00,-60.220917
2017-10-29 00:28:00+00:00,-78.377754
2017-10-29 00:29:00+00:00,-78.981987
2017-10-29 00:30:00+00:00,-70.176888
2017-10-29 00:31:00+00:00,-66.140396
2017-10-29 00:32:00+00:00,-71.403931
2017-10-29 00:33:00+00:00,-72.310249
2017-10-29 00:34:00+00:00,-66.922806
2017-10-29 00:35:00+00:00,-56.612656
2017-10-29 00:36:00+00:00,-52.405903
2017-10-29 00:37:00+00:00,-56.553013
2017-10-29 00:38:00+00:00,-50.278324
2017-10-29 00:39:00+00:00,-41.184345
2017-10-29 00:40:00+00:00,-35.731995
2017-10-29 00:41:00+00:00,-30.609398
2017-10-29 00:42:00+00:00,-27.685122
2017-10-29 00:43:00+00:00,-23.956221
2017-10-29 00:44:00+00:00,-20.477026
2017-10-29 00:45:00+00:00,-20.246309
2017-10-29 00:46:00+00:00,-20.328749
2017-10-29 00:47:00+00:00,-18.444464
2017-10-29 00:48:00+00:00,-18.460957
2017-10-29 00:49:00+00:00,-19.095692
2017-10-29 00:50:00+00:00,-17.009579
2017-10-29 00:51:00+00:00,-16.693659
2017-10-29 00:52:00+00:00,-16.638964
2017-10-29 00:53:00+00:00,-16.663044
2017-10-29 00:54:00+00:00,-18.966799
2017-10-29 00:55:00+00:00,-22.650408
2017-10-29 00:56:00+00:00,-22.673477
2017-10-29 00:57:00+00:00,-26.630709
2017-10-29 00:58:00+00:00,-36.697498
2017-10-29 00:59:00+00:00,-38.045425
2017-10-29 01:00:00+00:00,-35.472942
2017-10-29 01:01:00+00:00,-35.857254
2017-10-29 01:02:00+00:00,-33.328461
2017-10-29 01:03:00+00:00,-30.512556
2017-10-29 01:04:00+00:00,-32.5429
2017-10-29 01:05:00+00:00,-35.739563
2017-10-29 01:06:00+00:00,-40.319424
2017-10-29 01:07:00+00:00,-44.862904
2017-10-29 01:08:00+00:00,-38.827827
2017-10-29 01:09:00+00:00,-32.65657
2017-10-29 01:10:00+00:00,-21.965336
2017-10-29 01:11:00+00:00,-22.546196
2017-10-29 01:12:00+00:00,-18.573027
2017-10-29 01:13:00+00:00,-19.518999
2017-10-29 01:14:00+00:00,-18.500057
2017-10-29 01:15:00+00:00,-18.468519
2017-10-29 01:16:00+00:00,-16.424404
2017-10-29 01:17:00+00:00,-16.500637
2017-10-29 01:18:00+00:00,-17.580772
2017-10-29 01:19:00+00:00,-19.575176
2017-10-29 01:20:00+00:00,-23.036013
2017-10-29 01:21:00+00:00,-23.975468
2017-10-29 01:22:00+00:00,-23.563606
2017-10-29 01:23:00+00:00,-23.252544
2017-10-29 01:24:00+00:00,-22.292307
2017-10-29 01:25:00+00:00,-22.332336
2017-10-29 01:26:00+00:00,-23.208599
2017-10-29 01:27:00+00:00,-23.972876
2017-10-29 01:28:00+00:00,-24.379105
2017-10-29 01:29:00+00:00,-24.801342
2017-10-29 01:30:00+00:00,-24.840191
2017-10-29 01:31:00+00:00,-24.57564
2017-10-29 01:32:00+00:00,-28.973146
2017-10-29 01:33:00+00:00,-30.812199
2017-10-29 01:34:00+00:00,-32.582127
2017-10-29 01:35:00+00:00,-33.161911
2017-10-29 01:36:00+00:00,-32.749855
2017-10-29 01:37:00+00:00,-29.684902
2017-10-29 01:38:00+00:00,-23.755219
2017-10-29 01:39:00+00:00,-18.250916
2017-10-29 01:40:00+00:00,-17.450045
2017-10-29 01:41:00+00:00,-17.280886
2017-10-29 01:42:00+00:00,-18.241905
2017-10-29 01:43:00+00:00,-18.2265
2017-10-29 01:44:00+00:00,-20.220697
2017-10-29 01:45:00+00:00,-18.193655
2017-10-29 01:46:00+00:00,-18.176142
2017-10-29 01:47:00+00:00,-17.1584
2017-10-29 01:48:00+00:00,-16.521338
2017-10-29 01:49:00+00:00,-20.625145
2017-10-29 01:50:00+00:00,-26.687557
2017-10-29 01:51:00+00:00,-29.032927
2017-10-29 01:52:00+00:00,-30.738199
2017-10-29 01:53:00+00:00,-35.251213
2017-10-29 01:54:00+00:00,-42.356174
2017-10-29 01:55:00+00:00,-44.454472
2017-10-29 01:56:00+00:00,-47.750343
2017-10-29 01:57:00+00:00,-34.912418
2017-10-29 01:58:00+00:00,-40.645535
2017-10-29 01:59:00+00:00,-31.077744
2017-10-29 02:00:00+00:00,-29.052233
2017-10-29 02:01:00+00:00,-24.470341
2017-10-29 02:02:00+00:00,-17.692604
2017-10-29 02:03:00+00:00,-15.379229
2017-10-29 02:04:00+00:00,-14.962292
2017-10-29 02:05:00+00:00,-16.85146
2017-10-29 02:06:00+00:00,-15.807294
2017-10-29 02:07:00+00:00,-15.775831
2017-10-29 02:08:00+00:00,-17.041918
2017-10-29 02:09:00+00:00,-15.938398
2017-10-29 02:10:00+00:00,-17.279146
2017-10-29 02:11:00+00:00,-17.773174
2017-10-29 02:12:00+00:00,-19.571783
2017-10-29 02:13:00+00:00,-33.015499
2017-10-29 02:14:00+00:00,-44.738255
2017-10-29 02:15:00+00:00,-67.101448
2017-10-29 02:16:00+00:00,-41.771275
2017-10-29 02:17:00+00:00,-55.958843
2017-10-29 02:18:00+00:00,-51.953396
2017-10-29 02:19:00+00:00,-46.238503
2017-10-29 02:20:00+00:00,-54.754776
2017-10-29 02:21:00+00:00,-45.440693
2017-10-29 02:22:00+00:00,-42.669853
2017-10-29 02:23:00+00:00,-37.444183
2017-10-29 02:24:00+00:00,-29.138863
2017-10-29 02:25:00+00:00,-21.199692
2017-10-29 02:26:00+00:00,-19.06052
2017-10-29 02:27:00+00:00,-18.315939
2017-10-29 02:28:00+00:00,-17.389929
2017-10-29 02:29:00+00:00,-17.147739
2017-10-29 02:30:00+00:00,-18.054922
2017-10-29 02:31:00+00:00,-16.549065
2017-10-29 02:32:00+00:00,-18.436193
2017-10-29 02:33:00+00:00,-26.21056
2017-10-29 02:34:00+00:00,-55.428406
2017-10-29 02:35:00+00:00,-46.52924
2017-10-29 02:36:00+00:00,-56.672211
2017-10-29 02:37:00+00:00,-67.980103
2017-10-29 02:38:00+00:00,-59.095909
2017-10-29 02:39:00+00:00,-66.49736
2017-10-29 02:40:00+00:00,-61.641685
2017-10-29 02:41:00+00:00,-57.369888
2017-10-29 02:42:00+00:00,-48.020054
2017-10-29 02:43:00+00:00,-60.799797
2017-10-29 02:44:00+00:00,-55.065987
2017-10-29 02:45:00+00:00,-54.525215
2017-10-29 02:46:00+00:00,-49.819286
2017-10-29 02:47:00+00:00,-40.487446
2017-11-05 00:00:00+00:00,-47.639088
2017-11-05 00:01:00+00:00,-46.576725
2017-11-05 00:02:00+00:00,-44.027153
2017-11-05 00:03:00+00:00,-43.173969
2017-11-05 00:04:00+00:00,-43.616791
2017-11-05 00:05:00+00:00,-42.125149
2017-11-05 00:06:00+00:00,-41.254879
2017-11-05 00:07:00+00:00,-39.954876
2017-11-05 00:08:00+00:00,-38.737026
2017-11-05 00:09:00+00:00,-37.57692
2017-11-05 00:10:00+00:00,-37.429642
2017-11-05 00:11:00+00:00,-37.856712
2017-11-05 00:12:00+00:00,-37.215565
2017-11-05 00:13:00+00:00,-35.397995
2017-11-05 00:14:00+00:00,-36.124332
2017-11-05 00:15:00+00:00,-36.953358
2017-11-05 00:16:00+00:00,-38.143867
2017-11-05 00:17:00+00:00,-40.920479
2017-11-05 00:18:00+00:00,-42.277328
2017-11-05 00:19:00+00:00,-41.349197
2017-11-05 00:20:00+00:00,-39.980804
2017-11-05 00:21:00+00:00,-39.949738
2017-11-05 00:22:00+00:00,-40.549488
2017-11-05 00:23:00+00:00,-40.110363
2017-11-05 00:24:00+00:00,-40.230019
2017-11-05 00:25:00+00:00,-39.972919
2017-11-05 00:26:00+00:00,-40.640827
2017-11-05 00:27:00+00:00,-40.770851
2017-11-05 00:28:00+00:00,-41.060535
2017-11-05 00:29:00+00:00,-41.728096
2017-11-05 00:30:00+00:00,-42.878296
2017-11-05 00:31:00+00:00,-42.784557
2017-11-05 00:32:00+00:00,-42.902924
2017-11-05 00:33:00+00:00,-42.89452
2017-11-05 00:34:00+00:00,-42.90876
2017-11-05 00:35:00+00:00,-42.185883
2017-11-05 00:36:00+00:00,-41.00452
2017-11-05 00:37:00+00:00,-42.02713
2017-11-05 00:38:00+00:00,-42.944454
2017-11-05 00:39:00+00:00,-43.038712
2017-11-05 00:40:00+00:00,-41.144871
2017-11-05 00:41:00+00:00,-40.14769
2017-11-05 00:42:00+00:00,-40.215141
2017-11-05 00:43:00+00:00,-41.977455
2017-11-05 00:44:00+00:00,-43.427097
2017-11-05 00:45:00+00:00,-43.385704
2017-11-05 00:46:00+00:00,-42.375732
2017-11-05 00:47:00+00:00,-40.846401
2017-11-05 00:48:00+00:00,-41.17271
2017-11-05 00:49:00+00:00,-42.767742
2017-11-05 00:50:00+00:00,-42.801422
2017-11-05 00:51:00+00:00,-42.872776
2017-11-05 00:52:00+00:00,-42.976131
2017-11-05 00:53:00+00:00,-43.566956
2017-11-05 00:54:00+00:00,-44.901112
2017-11-05 00:55:00+00:00,-46.540119
2017-11-05 00:56:00+00:00,-46.793549
2017-11-05 00:57:00+00:00,-44.76926
2017-11-05 00:58:00+00:00,-52.536575
2017-11-05 00:59:00+00:00,-51.677807
2017-11-05 01:00:00+00:00,-42.946365
2017-11-05 01:01:00+00:00,-43.338032
2017-11-05 01:02:00+00:00,-44.901226
2017-11-05 01:03:00+00:00,-45.219582
2017-11-05 01:04:00+00:00,-46.696404
2017-11-05 01:05:00+00:00,-48.966446
2017-11-05 01:06:00+00:00,-52.376858
2017-11-05 01:07:00+00:00,-52.902248
2017-11-05 01:08:00+00:00,-50.051872
2017-11-05 01:09:00+00:00,-44.947784
2017-11-05 01:10:00+00:00,-41.2472
2017-11-05 01:11:00+00:00,-41.366119
2017-11-05 01:12:00+00:00,-44.160973
2017-11-05 01:13:00+00:00,-48.341255
2017-11-05 01:14:00+00:00,-49.206409
2017-11-05 01:15:00+00:00,-55.878246
2017-11-05 01:16:00+00:00,-54.428482
2017-11-05 01:17:00+00:00,-59.509514
2017-11-05 01:18:00+00:00,-61.419258
2017-11-05 01:19:00+00:00,-51.599159
2017-11-05 01:20:00+00:00,-51.279125
2017-11-05 01:21:00+00:00,-50.341888
2017-11-05 01:22:00+00:00,-47.630695
2017-11-05 01:23:00+00:00,-45.403877
2017-11-05 01:24:00+00:00,-44.512009
2017-11-05 01:25:00+00:00,-44.730469
2017-11-05 01:26:00+00:00,-45.563145
2017-11-05 01:27:00+00:00,-46.241474
2017-11-05 01:28:00+00:00,-46.983742
2017-11-05 01:29:00+00:00,-45.899227
2017-11-05 01:30:00+00:00,-43.75407
2017-11-05 01:31:00+00:00,-40.467365
2017-11-05 01:32:00+00:00,-44.131035
2017-11-05 01:33:00+00:00,-43.89838
2017-11-05 01:34:00+00:00,-44.323097
2017-11-05 01:35:00+00:00,-44.28017
2017-11-05 01:36:00+00:00,-42.692989
2017-11-05 01:37:00+00:00,-44.075081
2017-11-05 01:38:00+00:00,-42.927952
2017-11-05 01:39:00+00:00,-44.085579
2017-11-05 01:40:00+00:00,-55.50494
2017-11-05 01:41:00+00:00,-78.242218
2017-11-05 01:42:00+00:00,-80.251663
2017-11-05 01:43:00+00:00,-94.706223
2017-11-05 01:44:00+00:00,-95.681419
2017-11-05 01:45:00+00:00,-82.553329
2017-11-05 01:46:00+00:00,-91.726089
2017-11-05 01:47:00+00:00,-105.815758
2017-11-05 01:48:00+00:00,-84.126877
2017-11-05 01:49:00+00:00,-86.263039
2017-11-05 01:50:00+00:00,-146.898499
2017-11-05 01:51:00+00:00,-180.191208
2017-11-05 01:52:00+00:00,-175.102188
2017-11-05 01:53:00+00:00,-155.810028
2017-11-05 01:54:00+00:00,-137.990463
2017-11-05 01:55:00+00:00,-131.053604
2017-11-05 01:56:00+00:00,-100.983765
2017-11-05 01:57:00+00:00,-119.847321
2017-11-05 01:58:00+00:00,-96.316971
2017-11-05 01:59:00+00:00,-108.914322
2017-11-05 02:00:00+00:00,-101.589447
2017-11-05 02:01:00+00:00,-117.409256
2017-11-05 02:02:00+00:00,-127.495277
2017-11-05 02:03:00+00:00,-117.544724
2017-11-05 02:04:00+00:00,-96.137611
2017-11-05 02:05:00+00:00,-78.098114
2017-11-05 02:06:00+00:00,-69.43676
2017-11-05 02:07:00+00:00,-67.154755
2017-11-05 02:08:00+00:00,-68.335274
2017-11-05 02:09:00+00:00,-72.471451
2017-11-05 02:10:00+00:00,-73.4646
2017-11-05 02:11:00+00:00,-90.125977
2017-11-05 02:12:00+00:00,-84.315285
2017-11-05 02:13:00+00:00,-67.576431
2017-11-05 02:14:00+00:00,-67.811523
2017-11-05 02:15:00+00:00,-66.98053
2017-11-05 02:16:00+00:00,-64.434006
2017-11-05 02:17:00+00:00,-64.32621
2017-11-05 02:18:00+00:00,-64.137566
2017-11-05 02:19:00+00:00,-61.777206
2017-11-05 02:20:00+00:00,-52.396469
2017-11-05 02:21:00+00:00,-49.6991
2017-11-05 02:22:00+00:00,-50.398697
2017-11-05 02:23:00+00:00,-51.382114
2017-11-05 02:24:00+00:00,-50.635654
2017-11-05 02:25:00+00:00,-50.8302
2017-11-05 02:26:00+00:00,-50.984291
2017-11-05 02:27:00+00:00,-50.265873
2017-11-05 02:28:00+00:00,-49.370544
2017-11-05 02:29:00+00:00,-48.835747
2017-11-05 02:30:00+00:00,-49.170574
2017-11-05 02:31:00+00:00,-49.249184
2017-11-05 02:32:00+00:00,-49.541428
2017-11-05 02:33:00+00:00,-48.291435
2017-11-05 02:34:00+00:00,-47.559746
2017-11-05 02:35:00+00:00,-46.754547
2017-11-05 02:36:00+00:00,-46.63974
2017-11-05 02:37:00+00:00,-46.83593
2017-11-05 02:38:00+00:00,-47.639248
2017-11-05 02:39:00+00:00,-49.112656
2017-11-05 02:40:00+00:00,-47.478283
2017-11-05 02:41:00+00:00,-53.948971
2017-11-05 02:42:00+00:00,-49.826469
2017-11-05 02:43:00+00:00,-56.166851
2017-11-05 02:44:00+00:00,-65.32476
2017-11-05 02:45:00+00:00,-59.593174
2017-11-05 02:46:00+00:00,-63.11005
2017-11-05 02:47:00+00:00,-51.249409
2017-11-12 00:00:00+00:00,-133.046249
2017-11-12 00:01:00+00:00,-139.168762
2017-11-12 00:02:00+00:00,-134.648346
2017-11-12 00:03:00+00:00,-134.648987
2017-11-12 00:04:00+00:00,-139.988998
2017-11-12 00:05:00+00:00,-145.780869
2017-11-12 00:06:00+00:00,-150.633255
2017-11-12 00:07:00+00:00,-151.803467
2017-11-12 00:08:00+00:00,-149.374603
2017-11-12 00:09:00+00:00,-154.905853
2017-11-12 00:10:00+00:00,-167.07933
2017-11-12 00:11:00+00:00,-161.309128
2017-11-12 00:12:00+00:00,-168.204742
2017-11-12 00:13:00+00:00,-136.400024
2017-11-12 00:14:00+00:00,-136.465607
2017-11-12 00:15:00+00:00,-145.595444
2017-11-12 00:16:00+00:00,-144.032837
2017-11-12 00:17:00+00:00,-137.808167
2017-11-12 00:18:00+00:00,-130.027008
2017-11-12 00:19:00+00:00,-116.015678
2017-11-12 00:20:00+00:00,-107.02977
2017-11-12 00:21:00+00:00,-105.183281
2017-11-12 00:22:00+00:00,-112.726791
2017-11-12 00:23:00+00:00,-111.704758
2017-11-12 00:24:00+00:00,-120.742294
2017-11-12 00:25:00+00:00,-124.964478
2017-11-12 00:26:00+00:00,-125.846024
2017-11-12 00:27:00+00:00,-128.130203
2017-11-12 00:28:00+00:00,-129.04422
2017-11-12 00:29:00+00:00,-127.710182
2017-11-12 00:30:00+00:00,-122.823006
2017-11-12 00:31:00+00:00,-117.294258
2017-11-12 00:32:00+00:00,-107.73278
2017-11-12 00:33:00+00:00,-102.005783
2017-11-12 00:34:00+00:00,-99.520523
2017-11-12 00:35:00+00:00,-89.690048
2017-11-12 00:36:00+00:00,-85.897369
2017-11-12 00:37:00+00:00,-89.254463
2017-11-12 00:38:00+00:00,-93.610077
2017-11-12 00:39:00+00:00,-88.716194
2017-11-12 00:40:00+00:00,-83.96637
2017-11-12 00:41:00+00:00,-85.796173
2017-11-12 00:42:00+00:00,-85.332573
2017-11-12 00:43:00+00:00,-78.556541
2017-11-12 00:44:00+00:00,-76.604874
2017-11-12 00:45:00+00:00,-78.555161
2017-11-12 00:46:00+00:00,-77.433784
2017-11-12 00:47:00+00:00,-72.883331
2017-11-12 00:48:00+00:00,-66.974518
2017-11-12 00:49:00+00:00,-67.902344
2017-11-12 00:50:00+00:00,-69.885231
2017-11-12 00:51:00+00:00,-70.131042
2017-11-12 00:52:00+00:00,-69.105225
2017-11-12 00:53:00+00:00,-68.856628
2017-11-12 00:54:00+00:00,-69.875496
2017-11-12 00:55:00+00:00,-69.80835
2017-11-12 00:56:00+00:00,-68.764587
2017-11-12 00:57:00+00:00,-68.903397
2017-11-12 00:58:00+00:00,-68.909935
2017-11-12 00:59:00+00:00,-68.613197
2017-11-12 01:00:00+00:00,-68.299889
2017-11-12 01:01:00+00:00,-67.824265
2017-11-12 01:02:00+00:00,-67.230057
2017-11-12 01:03:00+00:00,-68.120827
2017-11-12 01:04:00+00:00,-67.656738
2017-11-12 01:05:00+00:00,-67.637154
2017-11-12 01:06:00+00:00,-67.664604
2017-11-12 01:07:00+00:00,-66.057991
2017-11-12 01:08:00+00:00,-67.602501
2017-11-12 01:09:00+00:00,-66.597954
2017-11-12 01:10:00+00:00,-66.473083
2017-11-12 01:11:00+00:00,-67.210358
2017-11-12 01:12:00+00:00,-66.603737
2017-11-12 01:13:00+00:00,-64.106819
2017-11-12 01:14:00+00:00,-62.70018
2017-11-12 01:15:00+00:00,-63.958515
2017-11-12 01:16:00+00:00,-65.182632
2017-11-12 01:17:00+00:00,-65.567879
2017-11-12 01:18:00+00:00,-65.845718
2017-11-12 01:19:00+00:00,-67.038635
2017-11-12 01:20:00+00:00,-67.235985
2017-11-12 01:21:00+00:00,-68.457397
2017-11-12 01:22:00+00:00,-68.822487
2017-11-12 01:23:00+00:00,-67.98558
2017-11-12 01:24:00+00:00,-69.281662
2017-11-12 01:25:00+00:00,-70.388496
2017-11-12 01:26:00+00:00,-68.2817
2017-11-12 01:27:00+00:00,-65.960312
2017-11-12 01:28:00+00:00,-68.00396
2017-11-12 01:29:00+00:00,-65.596268
2017-11-12 01:30:00+00:00,-64.615669
2017-11-12 01:31:00+00:00,-65.69767
2017-11-12 01:32:00+00:00,-66.012955
2017-11-12 01:33:00+00:00,-64.30471
2017-11-12 01:34:00+00:00,-64.126678
2017-11-12 01:35:00+00:00,-64.889534
2017-11-12 01:36:00+00:00,-65.614754
2017-11-12 01:37:00+00:00,-66.790176
2017-11-12 01:38:00+00:00,-66.180466
2017-11-12 01:39:00+00:00,-64.161629
2017-11-12 01:40:00+00:00,-64.163376
2017-11-12 01:41:00+00:00,-64.739433
2017-11-12 01:42:00+00:00,-63.670105
2017-11-12 01:43:00+00:00,-64.485237
2017-11-12 01:44:00+00:00,-63.937706
2017-11-12 01:45:00+00:00,-64.517326
2017-11-12 01:46:00+00:00,-65.881332
2017-11-12 01:47:00+00:00,-65.732887
2017-11-12 01:48:00+00:00,-65.806381
2017-11-12 01:49:00+00:00,-65.886993
2017-11-12 01:50:00+00:00,-65.226303
2017-11-12 01:51:00+00:00,-64.633736
2017-11-12 01:52:00+00:00,-64.275894
2017-11-12 01:53:00+00:00,-64.792465
2017-11-12 01:54:00+00:00,-65.036964
2017-11-12 01:55:00+00:00,-65.034821
2017-11-12 01:56:00+00:00,-65.863205
2017-11-12 01:57:00+00:00,-66.302414
2017-11-12 01:58:00+00:00,-66.192009
2017-11-12 01:59:00+00:00,-66.740646
2017-11-12 02:00:00+00:00,-66.586693
2017-11-12 02:01:00+00:00,-66.321823
2017-11-12 02:02:00+00:00,-67.226196
2017-11-12 02:03:00+00:00,-66.750984
2017-11-12 02:04:00+00:00,-66.128609
2017-11-12 02:05:00+00:00,-66.417442
2017-11-12 02:06:00+00:00,-68.93045
2017-11-12 02:07:00+00:00,-67.887131
2017-11-12 02:08:00+00:00,-65.063858
2017-11-12 02:09:00+00:00,-65.500671
2017-11-12 02:10:00+00:00,-67.076485
2017-11-12 02:11:00+00:00,-66.832314
2017-11-12 02:12:00+00:00,-66.341408
2017-11-12 02:13:00+00:00,-66.445419
2017-11-12 02:14:00+00:00,-65.045052
2017-11-12 02:15:00+00:00,-64.39698
2017-11-12 02:16:00+00:00,-63.862545
2017-11-12 02:17:00+00:00,-63.600929
2017-11-12 02:18:00+00:00,-63.498856
2017-11-12 02:19:00+00:00,-63.526051
2017-11-12 02:20:00+00:00,-64.999832
2017-11-12 02:21:00+00:00,-64.574661
2017-11-12 02:22:00+00:00,-63.436974
2017-11-12 02:23:00+00:00,-64.598503
2017-11-12 02:24:00+00:00,-65.941078
2017-11-12 02:25:00+00:00,-65.928581
2017-11-12 02:26:00+00:00,-64.933083
2017-11-12 02:27:00+00:00,-65.648918
2017-11-12 02:28:00+00:00,-66.365181
2017-11-12 02:29:00+00:00,-66.643372
2017-11-12 02:30:00+00:00,-66.74131
2017-11-12 02:31:00+00:00,-66.877785
2017-11-12 02:32:00+00:00,-66.529388
2017-11-12 02:33:00+00:00,-67.812317
2017-11-12 02:34:00+00:00,-68.012695
2017-11-12 02:35:00+00:00,-67.391357
2017-11-12 02:36:00+00:00,-67.017418
2017-11-12 02:37:00+00:00,-66.582382
2017-11-12 02:38:00+00:00,-66.332321
2017-11-12 02:39:00+00:00,-66.573875
2017-11-12 02:40:00+00:00,-66.988655
2017-11-12 02:41:00+00:00,-66.554207
2017-11-12 02:42:00+00:00,-65.496101
2017-11-12 02:43:00+00:00,-65.900452
2017-11-12 02:44:00+00:00,-66.019806
2017-11-12 02:45:00+00:00,-65.408035
2017-11-12 02:46:00+00:00,-66.036819
2017-11-12 02:47:00+00:00,-66.507706
2017-11-19 00:00:00+00:00,-36.70726
2017-11-19 00:01:00+00:00,-35.603371
2017-11-19 00:02:00+00:00,-33.803551
2017-11-19 00:03:00+00:00,-38.279747
2017-11-19 00:04:00+00:00,-38.376682
2017-11-19 00:05:00+00:00,-34.682911
2017-11-19 00:06:00+00:00,-33.203995
2017-11-19 00:07:00+00:00,-32.412983
2017-11-19 00:08:00+00:00,-31.336428
2017-11-19 00:09:00+00:00,-32.033604
2017-11-19 00:10:00+00:00,-33.025211
2017-11-19 00:11:00+00:00,-32.188713
2017-11-19 00:12:00+00:00,-32.160355
2017-11-19 00:13:00+00:00,-30.725376
2017-11-19 00:14:00+00:00,-28.383186
2017-11-19 00:15:00+00:00,-30.584629
2017-11-19 00:16:00+00:00,-27.015509
2017-11-19 00:17:00+00:00,-23.626842
2017-11-19 00:18:00+00:00,-23.628374
2017-11-19 00:19:00+00:00,-22.581764
2017-11-19 00:20:00+00:00,-22.468018
2017-11-19 00:21:00+00:00,-26.443863
2017-11-19 00:22:00+00:00,-30.418606
2017-11-19 00:23:00+00:00,-31.396152
2017-11-19 00:24:00+00:00,-32.38237
2017-11-19 00:25:00+00:00,-27.440653
2017-11-19 00:26:00+00:00,-27.70155
2017-11-19 00:27:00+00:00,-26.258839
2017-11-19 00:28:00+00:00,-27.300211
2017-11-19 00:29:00+00:00,-29.279116
2017-11-19 00:30:00+00:00,-33.253052
2017-11-19 00:31:00+00:00,-35.237633
2017-11-19 00:32:00+00:00,-41.221127
2017-11-19 00:33:00+00:00,-40.211338
2017-11-19 00:34:00+00:00,-32.21022
2017-11-19 00:35:00+00:00,-31.52611
2017-11-19 00:36:00+00:00,-30.120289
2017-11-19 00:37:00+00:00,-27.184307
2017-11-19 00:38:00+00:00,-30.167093
2017-11-19 00:39:00+00:00,-34.148773
2017-11-19 00:40:00+00:00,-37.141064
2017-11-19 00:41:00+00:00,-39.136147
2017-11-19 00:42:00+00:00,-36.128166
2017-11-19 00:43:00+00:00,-38.114964
2017-11-19 00:44:00+00:00,-42.104771
2017-11-19 00:45:00+00:00,-39.103222
2017-11-19 00:46:00+00:00,-35.088833
2017-11-19 00:47:00+00:00,-35.077225
2017-11-19 00:48:00+00:00,-39.064487
2017-11-19 00:49:00+00:00,-42.06234
2017-11-19 00:50:00+00:00,-42.068798
2017-11-19 00:51:00+00:00,-41.07222
2017-11-19 00:52:00+00:00,-37.082314
2017-11-19 00:53:00+00:00,-31.09713
2017-11-19 00:54:00+00:00,-27.714539
2017-11-19 00:55:00+00:00,-29.827095
2017-11-19 00:56:00+00:00,-28.216738
2017-11-19 00:57:00+00:00,-27.875669
2017-11-19 00:58:00+00:00,-28.605391
2017-11-19 00:59:00+00:00,-28.777554
2017-11-19 01:00:00+00:00,-29.014954
2017-11-19 01:01:00+00:00,-28.590822
2017-11-19 01:02:00+00:00,-25.889751
2017-11-19 01:03:00+00:00,-27.043602
2017-11-19 01:04:00+00:00,-27.104156
2017-11-19 01:05:00+00:00,-32.21077
2017-11-19 01:06:00+00:00,-30.043739
2017-11-19 01:07:00+00:00,-28.506193
2017-11-19 01:08:00+00:00,-31.218563
2017-11-19 01:09:00+00:00,-38.229366
2017-11-19 01:10:00+00:00,-35.240997
2017-11-19 01:11:00+00:00,-36.255402
2017-11-19 01:12:00+00:00,-41.27647
2017-11-19 01:13:00+00:00,-33.30278
2017-11-19 01:14:00+00:00,-28.828419
2017-11-19 01:15:00+00:00,-27.888451
2017-11-19 01:16:00+00:00,-27.644188
2017-11-19 01:17:00+00:00,-28.119272
2017-11-19 01:18:00+00:00,-30.372997
2017-11-19 01:19:00+00:00,-30.397478
2017-11-19 01:20:00+00:00,-26.643009
2017-11-19 01:21:00+00:00,-25.534616
2017-11-19 01:22:00+00:00,-26.032619
2017-11-19 01:23:00+00:00,-26.445637
2017-11-19 01:24:00+00:00,-27.073498
2017-11-19 01:25:00+00:00,-27.174044
2017-11-19 01:26:00+00:00,-27.60532
2017-11-19 01:27:00+00:00,-30.522875
2017-11-19 01:28:00+00:00,-31.834749
2017-11-19 01:29:00+00:00,-32.153324
2017-11-19 01:30:00+00:00,-32.377502
2017-11-19 01:31:00+00:00,-30.369137
2017-11-19 01:32:00+00:00,-26.759888
2017-11-19 01:33:00+00:00,-33.782207
2017-11-19 01:34:00+00:00,-29.818951
2017-11-19 01:35:00+00:00,-28.032219
2017-11-19 01:36:00+00:00,-28.16431
2017-11-19 01:37:00+00:00,-29.922943
2017-11-19 01:38:00+00:00,-28.958744
2017-11-19 01:39:00+00:00,-26.922972
2017-11-19 01:40:00+00:00,-27.870945
2017-11-19 01:41:00+00:00,-28.687006
2017-11-19 01:42:00+00:00,-32.109085
2017-11-19 01:43:00+00:00,-33.159363
2017-11-19 01:44:00+00:00,-31.20332
2017-11-19 01:45:00+00:00,-29.888479
2017-11-19 01:46:00+00:00,-29.023624
2017-11-19 01:47:00+00:00,-42.309982
2017-11-19 01:48:00+00:00,-43.350784
2017-11-19 01:49:00+00:00,-36.403961
2017-11-19 01:50:00+00:00,-36.449337
2017-11-19 01:51:00+00:00,-35.499931
2017-11-19 01:52:00+00:00,-34.549213
2017-11-19 01:53:00+00:00,-34.88707
2017-11-19 01:54:00+00:00,-34.818577
2017-11-19 01:55:00+00:00,-38.679371
2017-11-19 01:56:00+00:00,-44.713585
2017-11-19 01:57:00+00:00,-41.744503
2017-11-19 01:58:00+00:00,-39.787247
2017-11-19 01:59:00+00:00,-34.840874
2017-11-19 02:00:00+00:00,-36.904861
2017-11-19 02:01:00+00:00,-32.975388
2017-11-19 02:02:00+00:00,-33.032997
2017-11-19 02:03:00+00:00,-38.089401
2017-11-19 02:04:00+00:00,-39.144581
2017-11-19 02:05:00+00:00,-40.205986
2017-11-19 02:06:00+00:00,-38.260662
2017-11-19 02:07:00+00:00,-39.441513
2017-11-19 02:08:00+00:00,-40.599915
2017-11-19 02:09:00+00:00,-39.558205
2017-11-19 02:10:00+00:00,-38.935944
2017-11-19 02:11:00+00:00,-38.182281
2017-11-19 02:12:00+00:00,-36.585724
2017-11-19 02:13:00+00:00,-31.26123
2017-11-19 02:14:00+00:00,-27.417637
2017-11-19 02:15:00+00:00,-27.784416
2017-11-19 02:16:00+00:00,-31.841625
2017-11-19 02:17:00+00:00,-29.963163
2017-11-19 02:18:00+00:00,-32.076298
2017-11-19 02:19:00+00:00,-32.798187
2017-11-19 02:20:00+00:00,-33.147118
2017-11-19 02:21:00+00:00,-33.320187
2017-11-19 02:22:00+00:00,-33.469971
2017-11-19 02:23:00+00:00,-31.385452
2017-11-19 02:24:00+00:00,-30.218908
2017-11-19 02:25:00+00:00,-30.443478
2017-11-19 02:26:00+00:00,-29.271425
2017-11-19 02:27:00+00:00,-29.721994
2017-11-19 02:28:00+00:00,-28.955824
2017-11-19 02:29:00+00:00,-28.392458
2017-11-19 02:30:00+00:00,-27.742548
2017-11-19 02:31:00+00:00,-27.608595
2017-11-19 02:32:00+00:00,-27.338211
2017-11-19 02:33:00+00:00,-26.249756
2017-11-19 02:34:00+00:00,-26.2983
2017-11-19 02:35:00+00:00,-31.105869
2017-11-19 02:36:00+00:00,-33.163162
2017-11-19 02:37:00+00:00,-33.23658
2017-11-19 02:38:00+00:00,-30.320269
2017-11-19 02:39:00+00:00,-26.049845
2017-11-19 02:40:00+00:00,-26.14983
2017-11-19 02:41:00+00:00,-26.218826
2017-11-19 02:42:00+00:00,-31.619228
2017-11-19 02:43:00+00:00,-28.705811
2017-11-19 02:44:00+00:00,-25.646908
2017-11-19 02:45:00+00:00,-25.779417
2017-11-19 02:46:00+00:00,-26.194395
2017-11-19 02:47:00+00:00,-26.815668
2017-11-26 00:00:00+00:00,-25.95702
2017-11-26 00:01:00+00:00,-26.218571
2017-11-26 00:02:00+00:00,-30.220676
2017-11-26 00:03:00+00:00,-31.352985
2017-11-26 00:04:00+00:00,-30.078388
2017-11-26 00:05:00+00:00,-26.014038
2017-11-26 00:06:00+00:00,-25.617018
2017-11-26 00:07:00+00:00,-26.685162
2017-11-26 00:08:00+00:00,-27.387419
2017-11-26 00:09:00+00:00,-26.824373
2017-11-26 00:10:00+00:00,-26.485283
2017-11-26 00:11:00+00:00,-26.558626
2017-11-26 00:12:00+00:00,-26.768036
2017-11-26 00:13:00+00:00,-27.179729
2017-11-26 00:14:00+00:00,-26.64856
2017-11-26 00:15:00+00:00,-25.841347
2017-11-26 00:16:00+00:00,-26.233679
2017-11-26 00:17:00+00:00,-27.269894
2017-11-26 00:18:00+00:00,-26.55448
2017-11-26 00:19:00+00:00,-27.305216
2017-11-26 00:20:00+00:00,-27.268847
2017-11-26 00:21:00+00:00,-26.354202
2017-11-26 00:22:00+00:00,-25.292427
2017-11-26 00:23:00+00:00,-24.148952
2017-11-26 00:24:00+00:00,-24.386663
2017-11-26 00:25:00+00:00,-24.673534
2017-11-26 00:26:00+00:00,-24.269329
2017-11-26 00:27:00+00:00,-25.258034
2017-11-26 00:28:00+00:00,-24.910656
2017-11-26 00:29:00+00:00,-22.848248
2017-11-26 00:30:00+00:00,-23.299843
2017-11-26 00:31:00+00:00,-25.122787
2017-11-26 00:32:00+00:00,-28.378546
2017-11-26 00:33:00+00:00,-26.980217
2017-11-26 00:34:00+00:00,-24.47274
2017-11-26 00:35:00+00:00,-23.603548
2017-11-26 00:36:00+00:00,-23.633654
2017-11-26 00:37:00+00:00,-25.073208
2017-11-26 00:38:00+00:00,-25.80797
2017-11-26 00:39:00+00:00,-23.35553
2017-11-26 00:40:00+00:00,-22.360435
2017-11-26 00:41:00+00:00,-24.184031
2017-11-26 00:42:00+00:00,-22.72867
2017-11-26 00:43:00+00:00,-23.215269
2017-11-26 00:44:00+00:00,-27.415897
2017-11-26 00:45:00+00:00,-28.488981
2017-11-26 00:46:00+00:00,-23.523407
2017-11-26 00:47:00+00:00,-23.350243
2017-11-26 00:48:00+00:00,-26.142353
2017-11-26 00:49:00+00:00,-30.441746
2017-11-26 00:50:00+00:00,-29.576641
2017-11-26 00:51:00+00:00,-27.351566
2017-11-26 00:52:00+00:00,-24.919952
2017-11-26 00:53:00+00:00,-24.207594
2017-11-26 00:54:00+00:00,-25.510405
2017-11-26 00:55:00+00:00,-24.302031
2017-11-26 00:56:00+00:00,-23.081512
2017-11-26 00:57:00+00:00,-25.13402
2017-11-26 00:58:00+00:00,-27.440989
2017-11-26 00:59:00+00:00,-26.006376
2017-11-26 01:00:00+00:00,-24.909288
2017-11-26 01:01:00+00:00,-23.898592
2017-11-26 01:02:00+00:00,-24.474154
2017-11-26 01:03:00+00:00,-27.578375
2017-11-26 01:04:00+00:00,-30.085293
2017-11-26 01:05:00+00:00,-29.167643
2017-11-26 01:06:00+00:00,-27.707535
2017-11-26 01:07:00+00:00,-24.537872
2017-11-26 01:08:00+00:00,-22.255352
2017-11-26 01:09:00+00:00,-23.468393
2017-11-26 01:10:00+00:00,-24.084236
2017-11-26 01:11:00+00:00,-25.829462
2017-11-26 01:12:00+00:00,-27.075182
2017-11-26 01:13:00+00:00,-27.003767
2017-11-26 01:14:00+00:00,-25.591331
2017-11-26 01:15:00+00:00,-25.234131
2017-11-26 01:16:00+00:00,-24.778858
2017-11-26 01:17:00+00:00,-25.039988
2017-11-26 01:18:00+00:00,-25.577103
2017-11-26 01:19:00+00:00,-25.594326
2017-11-26 01:20:00+00:00,-25.155785
2017-11-26 01:21:00+00:00,-23.1567
2017-11-26 01:22:00+00:00,-21.840899
2017-11-26 01:23:00+00:00,-21.064844
2017-11-26 01:24:00+00:00,-20.434998
2017-11-26 01:25:00+00:00,-20.360558
2017-11-26 01:26:00+00:00,-20.060291
2017-11-26 01:27:00+00:00,-19.644566
2017-11-26 01:28:00+00:00,-20.806355
2017-11-26 01:29:00+00:00,-21.326752
2017-11-26 01:30:00+00:00,-21.2376
2017-11-26 01:31:00+00:00,-21.466488
2017-11-26 01:32:00+00:00,-22.552347
2017-11-26 01:33:00+00:00,-23.344799
2017-11-26 01:34:00+00:00,-23.320419
2017-11-26 01:35:00+00:00,-23.596909
2017-11-26 01:36:00+00:00,-25.225031
2017-11-26 01:37:00+00:00,-26.925037
2017-11-26 01:38:00+00:00,-27.263344
2017-11-26 01:39:00+00:00,-27.167702
2017-11-26 01:40:00+00:00,-26.515079
2017-11-26 01:41:00+00:00,-26.914864
2017-11-26 01:42:00+00:00,-28.436403
2017-11-26 01:43:00+00:00,-28.572319
2017-11-26 01:44:00+00:00,-27.89893
2017-11-26 01:45:00+00:00,-26.427414
2017-11-26 01:46:00+00:00,-24.372633
2017-11-26 01:47:00+00:00,-25.148663
2017-11-26 01:48:00+00:00,-26.101219
2017-11-26 01:49:00+00:00,-27.898285
2017-11-26 01:50:00+00:00,-27.861532
2017-11-26 01:51:00+00:00,-26.304684
2017-11-26 01:52:00+00:00,-26.610941
2017-11-26 01:53:00+00:00,-27.2227
2017-11-26 01:54:00+00:00,-27.556969
2017-11-26 01:55:00+00:00,-26.559071
2017-11-26 01:56:00+00:00,-25.796406
2017-11-26 01:57:00+00:00,-25.73871
2017-11-26 01:58:00+00:00,-28.089464
2017-11-26 01:59:00+00:00,-29.173197
2017-11-26 02:00:00+00:00,-29.036161
2017-11-26 02:01:00+00:00,-27.617735
2017-11-26 02:02:00+00:00,-25.666866
2017-11-26 02:03:00+00:00,-23.971643
2017-11-26 02:04:00+00:00,-23.94125
2017-11-26 02:05:00+00:00,-24.419741
2017-11-26 02:06:00+00:00,-26.052015
2017-11-26 02:07:00+00:00,-27.641121
2017-11-26 02:08:00+00:00,-27.395065
2017-11-26 02:09:00+00:00,-25.879284
2017-11-26 02:10:00+00:00,-25.014677
2017-11-26 02:11:00+00:00,-25.141092
2017-11-26 02:12:00+00:00,-28.907175
2017-11-26 02:13:00+00:00,-27.823309
2017-11-26 02:14:00+00:00,-28.343697
2017-11-26 02:15:00+00:00,-27.182266
2017-11-26 02:16:00+00:00,-26.223787
2017-11-26 02:17:00+00:00,-27.094236
2017-11-26 02:18:00+00:00,-29.260416
2017-11-26 02:19:00+00:00,-30.732092
2017-11-26 02:20:00+00:00,-30.306366
2017-11-26 02:21:00+00:00,-28.584354
2017-11-26 02:22:00+00:00,-27.523317
2017-11-26 02:23:00+00:00,-28.874235
2017-11-26 02:24:00+00:00,-30.544338
2017-11-26 02:25:00+00:00,-31.132259
2017-11-26 02:26:00+00:00,-29.952457
2017-11-26 02:27:00+00:00,-28.915091
2017-11-26 02:28:00+00:00,-28.940271
2017-11-26 02:29:00+00:00,-29.593052
2017-11-26 02:30:00+00:00,-29.809175
2017-11-26 02:31:00+00:00,-27.569044
2017-11-26 02:32:00+00:00,-42.933102
2017-11-26 02:33:00+00:00,-47.844181
2017-11-26 02:34:00+00:00,-40.581367
2017-11-26 02:35:00+00:00,-35.495773
2017-11-26 02:36:00+00:00,-41.817032
2017-11-26 02:37:00+00:00,-35.062298
2017-11-26 02:38:00+00:00,-33.630089
2017-11-26 02:39:00+00:00,-30.16404
2017-11-26 02:40:00+00:00,-28.581373
2017-11-26 02:41:00+00:00,-30.616507
2017-11-26 02:42:00+00:00,-30.899536
2017-11-26 02:43:00+00:00,-30.877842
2017-11-26 02:44:00+00:00,-30.663528
2017-11-26 02:45:00+00:00,-30.434448
2017-11-26 02:46:00+00:00,-29.85565
2017-11-26 02:47:00+00:00,-29.711325
2017-12-03 00:00:00+00:00,-43.737495
2017-12-03 00:01:00+00:00,-48.85849
2017-12-03 00:02:00+00:00,-51.893585
2017-12-03 00:03:00+00:00,-50.915455
2017-12-03 00:04:00+00:00,-50.691704
2017-12-03 00:05:00+00:00,-50.6413
2017-12-03 00:06:00+00:00,-54.533794
2017-12-03 00:07:00+00:00,-61.379951
2017-12-03 00:08:00+00:00,-67.876083
2017-12-03 00:09:00+00:00,-65.522217
2017-12-03 00:10:00+00:00,-66.109375
2017-12-03 00:11:00+00:00,-51.532127
2017-12-03 00:12:00+00:00,-48.380333
2017-12-03 00:13:00+00:00,-56.297569
2017-12-03 00:14:00+00:00,-64.441078
2017-12-03 00:15:00+00:00,-64.144882
2017-12-03 00:16:00+00:00,-66.1092
2017-12-03 00:17:00+00:00,-90.256866
2017-12-03 00:18:00+00:00,-80.884811
2017-12-03 00:19:00+00:00,-68.171761
2017-12-03 00:20:00+00:00,-69.069893
2017-12-03 00:21:00+00:00,-71.784302
2017-12-03 00:22:00+00:00,-65.712471
2017-12-03 00:23:00+00:00,-55.89056
2017-12-03 00:24:00+00:00,-52.468002
2017-12-03 00:25:00+00:00,-57.266109
2017-12-03 00:26:00+00:00,-60.146229
2017-12-03 00:27:00+00:00,-57.548817
2017-12-03 00:28:00+00:00,-56.607685
2017-12-03 00:29:00+00:00,-57.41074
2017-12-03 00:30:00+00:00,-62.801758
2017-12-03 00:31:00+00:00,-60.883072
2017-12-03 00:32:00+00:00,-60.183891
2017-12-03 00:33:00+00:00,-57.734474
2017-12-03 00:34:00+00:00,-56.717445
2017-12-03 00:35:00+00:00,-54.938488
2017-12-03 00:36:00+00:00,-54.756016
2017-12-03 00:37:00+00:00,-52.988396
2017-12-03 00:38:00+00:00,-46.67178
2017-12-03 00:39:00+00:00,-45.380398
2017-12-03 00:40:00+00:00,-49.213875
2017-12-03 00:41:00+00:00,-52.342148
2017-12-03 00:42:00+00:00,-57.763275
2017-12-03 00:43:00+00:00,-70.641335
2017-12-03 00:44:00+00:00,-75.302505
2017-12-03 00:45:00+00:00,-77.075912
2017-12-03 00:46:00+00:00,-76.780724
2017-12-03 00:47:00+00:00,-75.498367
2017-12-03 00:48:00+00:00,-69.435699
2017-12-03 00:49:00+00:00,-65.137672
2017-12-03 00:50:00+00:00,-66.405067
2017-12-03 00:51:00+00:00,-82.911728
2017-12-03 00:52:00+00:00,-82.502403
2017-12-03 00:53:00+00:00,-76.854179
2017-12-03 00:54:00+00:00,-82.408012
2017-12-03 00:55:00+00:00,-94.720314
2017-12-03 00:56:00+00:00,-115.029388
2017-12-03 00:57:00+00:00,-114.916298
2017-12-03 00:58:00+00:00,-119.117409
2017-12-03 00:59:00+00:00,-149.915939
2017-12-03 01:00:00+00:00,-175.427155
2017-12-03 01:01:00+00:00,-183.92421
2017-12-03 01:02:00+00:00,-189.200439
2017-12-03 01:03:00+00:00,-159.588608
2017-12-03 01:04:00+00:00,-133.712723
2017-12-03 01:05:00+00:00,-113.711464
2017-12-03 01:06:00+00:00,-87.713715
2017-12-03 01:07:00+00:00,-74.980965
2017-12-03 01:08:00+00:00,-68.748268
2017-12-03 01:09:00+00:00,-68.952057
2017-12-03 01:10:00+00:00,-65.36483
2017-12-03 01:11:00+00:00,-63.785423
2017-12-03 01:12:00+00:00,-61.80566
2017-12-03 01:13:00+00:00,-58.902122
2017-12-03 01:14:00+00:00,-58.703735
2017-12-03 01:15:00+00:00,-58.783768
2017-12-03 01:16:00+00:00,-59.556137
2017-12-03 01:17:00+00:00,-60.081745
2017-12-03 01:18:00+00:00,-60.798923
2017-12-03 01:19:00+00:00,-63.142258
2017-12-03 01:20:00+00:00,-64.102982
2017-12-03 01:21:00+00:00,-63.099091
2017-12-03 01:22:00+00:00,-62.104233
2017-12-03 01:23:00+00:00,-57.828392
2017-12-03 01:24:00+00:00,-51.449322
2017-12-03 01:25:00+00:00,-46.006107
2017-12-03 01:26:00+00:00,-41.405022
2017-12-03 01:27:00+00:00,-38.097256
2017-12-03 01:28:00+00:00,-36.937325
2017-12-03 01:29:00+00:00,-35.552197
2017-12-03 01:30:00+00:00,-34.125496
2017-12-03 01:31:00+00:00,-35.497002
2017-12-03 01:32:00+00:00,-36.392982
2017-12-03 01:33:00+00:00,-36.478558
2017-12-03 01:34:00+00:00,-35.286945
2017-12-03 01:35:00+00:00,-36.510532
2017-12-03 01:36:00+00:00,-38.072186
2017-12-03 01:37:00+00:00,-38.484612
2017-12-03 01:38:00+00:00,-38.961678
2017-12-03 01:39:00+00:00,-39.109852
2017-12-03 01:40:00+00:00,-38.994564
2017-12-03 01:41:00+00:00,-38.721298
2017-12-03 01:42:00+00:00,-37.822289
2017-12-03 01:43:00+00:00,-37.386414
2017-12-03 01:44:00+00:00,-38.938099
2017-12-03 01:45:00+00:00,-38.93829
2017-12-03 01:46:00+00:00,-39.248592
2017-12-03 01:47:00+00:00,-40.869476
2017-12-03 01:48:00+00:00,-50.058128
2017-12-03 01:49:00+00:00,-88.048836
2017-12-03 01:50:00+00:00,-108.073235
2017-12-03 01:51:00+00:00,-100.694809
2017-12-03 01:52:00+00:00,-90.622543
2017-12-03 01:53:00+00:00,-94.172859
2017-12-03 01:54:00+00:00,-116.142632
2017-12-03 01:55:00+00:00,-120.795547
2017-12-03 01:56:00+00:00,-118.601334
2017-12-03 01:57:00+00:00,-106.398865
2017-12-03 01:58:00+00:00,-102.311195
2017-12-03 01:59:00+00:00,-94.505325
2017-12-03 02:00:00+00:00,-88.53302
2017-12-03 02:01:00+00:00,-68.862701
2017-12-03 02:02:00+00:00,-56.231377
2017-12-03 02:03:00+00:00,-47.338875
2017-12-03 02:04:00+00:00,-44.139294
2017-12-03 02:05:00+00:00,-35.96954
2017-12-03 02:06:00+00:00,-35.766563
2017-12-03 02:07:00+00:00,-38.195904
2017-12-03 02:08:00+00:00,-39.222233
2017-12-03 02:09:00+00:00,-37.88559
2017-12-03 02:10:00+00:00,-34.6772
2017-12-03 02:11:00+00:00,-33.865616
2017-12-03 02:12:00+00:00,-31.40202
2017-12-03 02:13:00+00:00,-27.536417
2017-12-03 02:14:00+00:00,-25.552994
2017-12-03 02:15:00+00:00,-24.039644
2017-12-03 02:16:00+00:00,-22.885904
2017-12-03 02:17:00+00:00,-21.054932
2017-12-03 02:18:00+00:00,-20.293661
2017-12-03 02:19:00+00:00,-19.468311
2017-12-03 02:20:00+00:00,-20.701933
2017-12-03 02:21:00+00:00,-21.277737
2017-12-03 02:22:00+00:00,-23.719164
2017-12-03 02:23:00+00:00,-23.932472
2017-12-03 02:24:00+00:00,-24.679386
2017-12-03 02:25:00+00:00,-22.614208
2017-12-03 02:26:00+00:00,-22.877567
2017-12-03 02:27:00+00:00,-21.287832
2017-12-03 02:28:00+00:00,-21.012001
2017-12-03 02:29:00+00:00,-21.588779
2017-12-03 02:30:00+00:00,-24.802385
2017-12-03 02:31:00+00:00,-27.015053
2017-12-03 02:32:00+00:00,-29.294319
2017-12-03 02:33:00+00:00,-27.42577
2017-12-03 02:34:00+00:00,-25.75411
2017-12-03 02:35:00+00:00,-22.69533
2017-12-03 02:36:00+00:00,-26.763077
2017-12-03 02:37:00+00:00,-28.971001
2017-12-03 02:38:00+00:00,-22.6306
2017-12-03 02:39:00+00:00,-20.25923
2017-12-03 02:40:00+00:00,-19.835249
2017-12-03 02:41:00+00:00,-18.767122
2017-12-03 02:42:00+00:00,-17.491131
2017-12-03 02:43:00+00:00,-18.028572
2017-12-03 02:44:00+00:00,-18.762005
2017-12-03 02:45:00+00:00,-18.538103
2017-12-03 02:46:00+00:00,-18.1229
2017-12-03 02:47:00+00:00,-18.513403
2017-12-10 00:00:00+00:00,-20.591108
2017-12-10 00:01:00+00:00,-21.922894
2017-12-10 00:02:00+00:00,-23.544804
2017-12-10 00:03:00+00:00,-22.646004
2017-12-10 00:04:00+00:00,-20.917385
2017-12-10 00:05:00+00:00,-19.789104
2017-12-10 00:06:00+00:00,-21.450645
2017-12-10 00:07:00+00:00,-19.971647
2017-12-10 00:08:00+00:00,-19.714554
2017-12-10 00:09:00+00:00,-19.676359
2017-12-10 00:10:00+00:00,-19.478622
2017-12-10 00:11:00+00:00,-19.401108
2017-12-10 00:12:00+00:00,-19.413517
2017-12-10 00:13:00+00:00,-19.515829
2017-12-10 00:14:00+00:00,-20.337904
2017-12-10 00:15:00+00:00,-21.381672
2017-12-10 00:16:00+00:00,-21.335949
2017-12-10 00:17:00+00:00,-21.368931
2017-12-10 00:18:00+00:00,-21.19092
2017-12-10 00:19:00+00:00,-21.503553
2017-12-10 00:20:00+00:00,-21.35515
2017-12-10 00:21:00+00:00,-20.758381
2017-12-10 00:22:00+00:00,-21.051113
2017-12-10 00:23:00+00:00,-18.40276
2017-12-10 00:24:00+00:00,-22.303532
2017-12-10 00:25:00+00:00,-23.905262
2017-12-10 00:26:00+00:00,-24.286053
2017-12-10 00:27:00+00:00,-23.117268
2017-12-10 00:28:00+00:00,-22.039022
2017-12-10 00:29:00+00:00,-21.719751
2017-12-10 00:30:00+00:00,-21.339605
2017-12-10 00:31:00+00:00,-21.050795
2017-12-10 00:32:00+00:00,-20.130409
2017-12-10 00:33:00+00:00,-20.239775
2017-12-10 00:34:00+00:00,-21.680639
2017-12-10 00:35:00+00:00,-22.520372
2017-12-10 00:36:00+00:00,-22.099297
2017-12-10 00:37:00+00:00,-22.788982
2017-12-10 00:38:00+00:00,-21.148502
2017-12-10 00:39:00+00:00,-23.686632
2017-12-10 00:40:00+00:00,-24.796915
2017-12-10 00:41:00+00:00,-24.03647
2017-12-10 00:42:00+00:00,-23.356459
2017-12-10 00:43:00+00:00,-22.544954
2017-12-10 00:44:00+00:00,-22.174212
2017-12-10 00:45:00+00:00,-22.211506
2017-12-10 00:46:00+00:00,-22.492382
2017-12-10 00:47:00+00:00,-21.681152
2017-12-10 00:48:00+00:00,-21.238863
2017-12-10 00:49:00+00:00,-20.956516
2017-12-10 00:50:00+00:00,-21.903929
2017-12-10 00:51:00+00:00,-23.261261
2017-12-10 00:52:00+00:00,-23.227724
2017-12-10 00:53:00+00:00,-22.105553
2017-12-10 00:54:00+00:00,-20.851765
2017-12-10 00:55:00+00:00,-19.538128
2017-12-10 00:56:00+00:00,-19.914141
2017-12-10 00:57:00+00:00,-21.339661
2017-12-10 00:58:00+00:00,-22.834202
2017-12-10 00:59:00+00:00,-24.138968
2017-12-10 01:00:00+00:00,-24.485392
2017-12-10 01:01:00+00:00,-23.140955
2017-12-10 01:02:00+00:00,-22.475079
2017-12-10 01:03:00+00:00,-23.548689
2017-12-10 01:04:00+00:00,-24.34177
2017-12-10 01:05:00+00:00,-24.685379
2017-12-10 01:06:00+00:00,-24.929129
2017-12-10 01:07:00+00:00,-23.85232
2017-12-10 01:08:00+00:00,-20.335325
2017-12-10 01:09:00+00:00,-19.397192
2017-12-10 01:10:00+00:00,-20.899252
2017-12-10 01:11:00+00:00,-23.029984
2017-12-10 01:12:00+00:00,-23.98275
2017-12-10 01:13:00+00:00,-23.353748
2017-12-10 01:14:00+00:00,-23.004793
2017-12-10 01:15:00+00:00,-22.796244
2017-12-10 01:16:00+00:00,-22.41868
2017-12-10 01:17:00+00:00,-21.488493
2017-12-10 01:18:00+00:00,-21.638662
2017-12-10 01:19:00+00:00,-21.710011
2017-12-10 01:20:00+00:00,-21.669825
2017-12-10 01:21:00+00:00,-21.259321
2017-12-10 01:22:00+00:00,-21.088852
2017-12-10 01:23:00+00:00,-21.157936
2017-12-10 01:24:00+00:00,-21.377705
2017-12-10 01:25:00+00:00,-21.247189
2017-12-10 01:26:00+00:00,-21.246368
2017-12-10 01:27:00+00:00,-20.675055
2017-12-10 01:28:00+00:00,-20.523483
2017-12-10 01:29:00+00:00,-20.570953
2017-12-10 01:30:00+00:00,-20.978603
2017-12-10 01:31:00+00:00,-21.307419
2017-12-10 01:32:00+00:00,-21.605747
2017-12-10 01:33:00+00:00,-21.423384
2017-12-10 01:34:00+00:00,-21.670488
2017-12-10 01:35:00+00:00,-21.707417
2017-12-10 01:36:00+00:00,-22.103504
2017-12-10 01:37:00+00:00,-22.709829
2017-12-10 01:38:00+00:00,-22.587429
2017-12-10 01:39:00+00:00,-22.092752
2017-12-10 01:40:00+00:00,-22.509005
2017-12-10 01:41:00+00:00,-23.01441
2017-12-10 01:42:00+00:00,-22.770105
2017-12-10 01:43:00+00:00,-22.634979
2017-12-10 01:44:00+00:00,-22.63003
2017-12-10 01:45:00+00:00,-22.406139
2017-12-10 01:46:00+00:00,-22.801483
2017-12-10 01:47:00+00:00,-23.066463
2017-12-10 01:48:00+00:00,-23.490438
2017-12-10 01:49:00+00:00,-23.51482
2017-12-10 01:50:00+00:00,-23.508259
2017-12-10 01:51:00+00:00,-23.46246
2017-12-10 01:52:00+00:00,-22.857407
2017-12-10 01:53:00+00:00,-22.380598
2017-12-10 01:54:00+00:00,-22.523739
2017-12-10 01:55:00+00:00,-22.94552
2017-12-10 01:56:00+00:00,-23.119093
2017-12-10 01:57:00+00:00,-23.082542
2017-12-10 01:58:00+00:00,-23.045345
2017-12-10 01:59:00+00:00,-22.977718
2017-12-10 02:00:00+00:00,-22.750271
2017-12-10 02:01:00+00:00,-22.412941
2017-12-10 02:02:00+00:00,-22.464468
2017-12-10 02:03:00+00:00,-22.566128
2017-12-10 02:04:00+00:00,-22.488428
2017-12-10 02:05:00+00:00,-22.370525
2017-12-10 02:06:00+00:00,-22.342299
2017-12-10 02:07:00+00:00,-22.273376
2017-12-10 02:08:00+00:00,-22.084167
2017-12-10 02:09:00+00:00,-22.324474
2017-12-10 02:10:00+00:00,-22.436188
2017-12-10 02:11:00+00:00,-22.386593
2017-12-10 02:12:00+00:00,-22.446682
2017-12-10 02:13:00+00:00,-22.516357
2017-12-10 02:14:00+00:00,-22.586824
2017-12-10 02:15:00+00:00,-22.486698
2017-12-10 02:16:00+00:00,-22.476698
2017-12-10 02:17:00+00:00,-22.526575
2017-12-10 02:18:00+00:00,-22.586515
2017-12-10 02:19:00+00:00,-22.715111
2017-12-10 02:20:00+00:00,-22.603275
2017-12-10 02:21:00+00:00,-22.621613
2017-12-10 02:22:00+00:00,-22.649517
2017-12-10 02:23:00+00:00,-22.669409
2017-12-10 02:24:00+00:00,-22.857063
2017-12-10 02:25:00+00:00,-22.904865
2017-12-10 02:26:00+00:00,-23.062323
2017-12-10 02:27:00+00:00,-22.900234
2017-12-10 02:28:00+00:00,-23.207661
2017-12-10 02:29:00+00:00,-23.31419
2017-12-10 02:30:00+00:00,-23.292086
2017-12-10 02:31:00+00:00,-23.158728
2017-12-10 02:32:00+00:00,-23.115196
2017-12-10 02:33:00+00:00,-23.041183
2017-12-10 02:34:00+00:00,-22.666676
2017-12-10 02:35:00+00:00,-22.251923
2017-12-10 02:36:00+00:00,-22.598688
2017-12-10 02:37:00+00:00,-22.623962
2017-12-10 02:38:00+00:00,-22.649035
2017-12-10 02:39:00+00:00,-22.783773
2017-12-10 02:40:00+00:00,-23.068214
2017-12-10 02:41:00+00:00,-22.942791
2017-12-10 02:42:00+00:00,-22.597933
2017-12-10 02:43:00+00:00,-22.541943
2017-12-10 02:44:00+00:00,-22.65568
2017-12-10 02:45:00+00:00,-22.659849
2017-12-10 02:46:00+00:00,-22.93347
2017-12-10 02:47:00+00:00,-22.745838
2017-12-17 00:00:00+00:00,-42.816956
2017-12-17 00:01:00+00:00,-39.429592
2017-12-17 00:02:00+00:00,-40.840965
2017-12-17 00:03:00+00:00,-39.557762
2017-12-17 00:04:00+00:00,-44.862072
2017-12-17 00:05:00+00:00,-41.876129
2017-12-17 00:06:00+00:00,-44.888603
2017-12-17 00:07:00+00:00,-43.901436
2017-12-17 00:08:00+00:00,-33.912655
2017-12-17 00:09:00+00:00,-31.930069
2017-12-17 00:10:00+00:00,-33.943897
2017-12-17 00:11:00+00:00,-32.958035
2017-12-17 00:12:00+00:00,-35.972473
2017-12-17 00:13:00+00:00,-40.987194
2017-12-17 00:14:00+00:00,-39.002193
2017-12-17 00:15:00+00:00,-36.017456
2017-12-17 00:16:00+00:00,-32.035843
2017-12-17 00:17:00+00:00,-29.051609
2017-12-17 00:18:00+00:00,-29.333477
2017-12-17 00:19:00+00:00,-32.081863
2017-12-17 00:20:00+00:00,-35.102188
2017-12-17 00:21:00+00:00,-31.275263
2017-12-17 00:22:00+00:00,-28.259872
2017-12-17 00:23:00+00:00,-30.28404
2017-12-17 00:24:00+00:00,-33.167717
2017-12-17 00:25:00+00:00,-40.184982
2017-12-17 00:26:00+00:00,-38.202385
2017-12-17 00:27:00+00:00,-31.221863
2017-12-17 00:28:00+00:00,-32.551983
2017-12-17 00:29:00+00:00,-31.72308
2017-12-17 00:30:00+00:00,-28.1103
2017-12-17 00:31:00+00:00,-27.294157
2017-12-17 00:32:00+00:00,-26.887615
2017-12-17 00:33:00+00:00,-27.659746
2017-12-17 00:34:00+00:00,-27.293121
2017-12-17 00:35:00+00:00,-27.461569
2017-12-17 00:36:00+00:00,-27.663132
2017-12-17 00:37:00+00:00,-26.943712
2017-12-17 00:38:00+00:00,-27.434164
2017-12-17 00:39:00+00:00,-27.939173
2017-12-17 00:40:00+00:00,-28.409912
2017-12-17 00:41:00+00:00,-28.033878
2017-12-17 00:42:00+00:00,-28.090368
2017-12-17 00:43:00+00:00,-28.131138
2017-12-17 00:44:00+00:00,-28.122004
2017-12-17 00:45:00+00:00,-27.967266
2017-12-17 00:46:00+00:00,-27.943193
2017-12-17 00:47:00+00:00,-28.357584
2017-12-17 00:48:00+00:00,-28.070698
2017-12-17 00:49:00+00:00,-27.161638
2017-12-17 00:50:00+00:00,-27.427279
2017-12-17 00:51:00+00:00,-27.431093
2017-12-17 00:52:00+00:00,-27.638899
2017-12-17 00:53:00+00:00,-27.15226
2017-12-17 00:54:00+00:00,-28.061995
2017-12-17 00:55:00+00:00,-28.968687
2017-12-17 00:56:00+00:00,-28.962179
2017-12-17 00:57:00+00:00,-28.572742
2017-12-17 00:58:00+00:00,-28.626549
2017-12-17 00:59:00+00:00,-28.805237
2017-12-17 01:00:00+00:00,-26.87443
2017-12-17 01:01:00+00:00,-26.52829
2017-12-17 01:02:00+00:00,-27.719351
2017-12-17 01:03:00+00:00,-28.080242
2017-12-17 01:04:00+00:00,-27.56213
2017-12-17 01:05:00+00:00,-26.359167
2017-12-17 01:06:00+00:00,-32.299603
2017-12-17 01:07:00+00:00,-36.49424
2017-12-17 01:08:00+00:00,-46.076851
2017-12-17 01:09:00+00:00,-34.09964
2017-12-17 01:10:00+00:00,-31.916733
2017-12-17 01:11:00+00:00,-35.919098
2017-12-17 01:12:00+00:00,-45.160603
2017-12-17 01:13:00+00:00,-54.183632
2017-12-17 01:14:00+00:00,-35.208656
2017-12-17 01:15:00+00:00,-33.806007
2017-12-17 01:16:00+00:00,-40.252331
2017-12-17 01:17:00+00:00,-41.275459
2017-12-17 01:18:00+00:00,-42.4604
2017-12-17 01:19:00+00:00,-54.216534
2017-12-17 01:20:00+00:00,-60.786331
2017-12-17 01:21:00+00:00,-59.43932
2017-12-17 01:22:00+00:00,-58.863701
2017-12-17 01:23:00+00:00,-57.780071
2017-12-17 01:24:00+00:00,-56.637192
2017-12-17 01:25:00+00:00,-58.419411
2017-12-17 01:26:00+00:00,-60.03191
2017-12-17 01:27:00+00:00,-62.478794
2017-12-17 01:28:00+00:00,-66.33596
2017-12-17 01:29:00+00:00,-69.391762
2017-12-17 01:30:00+00:00,-65.186378
2017-12-17 01:31:00+00:00,-66.754539
2017-12-17 01:32:00+00:00,-69.761307
2017-12-17 01:33:00+00:00,-70.311592
2017-12-17 01:34:00+00:00,-70.420975
2017-12-17 01:35:00+00:00,-76.146095
2017-12-17 01:36:00+00:00,-82.037216
2017-12-17 01:37:00+00:00,-86.891411
2017-12-17 01:38:00+00:00,-93.949097
2017-12-17 01:39:00+00:00,-100.585419
2017-12-17 01:40:00+00:00,-108.01593
2017-12-17 01:41:00+00:00,-113.592369
2017-12-17 01:42:00+00:00,-134.047134
2017-12-17 01:43:00+00:00,-138.918304
2017-12-17 01:44:00+00:00,-140.169724
2017-12-17 01:45:00+00:00,-137.401978
2017-12-17 01:46:00+00:00,-153.204193
2017-12-17 01:47:00+00:00,-139.896622
2017-12-17 01:48:00+00:00,-142.992661
2017-12-17 01:49:00+00:00,-139.233414
2017-12-17 01:50:00+00:00,-145.880569
2017-12-17 01:51:00+00:00,-155.277893
2017-12-17 01:52:00+00:00,-156.905853
2017-12-17 01:53:00+00:00,-140.795685
2017-12-17 01:54:00+00:00,-146.700333
2017-12-17 01:55:00+00:00,-146.938126
2017-12-17 01:56:00+00:00,-146.751282
2017-12-17 01:57:00+00:00,-143.872208
2017-12-17 01:58:00+00:00,-150.197388
2017-12-17 01:59:00+00:00,-159.968994
2017-12-17 02:00:00+00:00,-177.345245
2017-12-17 02:01:00+00:00,-171.963867
2017-12-17 02:02:00+00:00,-158.122803
2017-12-17 02:03:00+00:00,-162.72142
2017-12-17 02:04:00+00:00,-183.639603
2017-12-17 02:05:00+00:00,-320.30011
2017-12-17 02:06:00+00:00,-345.421356
2017-12-17 02:07:00+00:00,-348.591675
2017-12-17 02:08:00+00:00,-339.732239
2017-12-17 02:09:00+00:00,-297.977448
2017-12-17 02:10:00+00:00,-274.364166
2017-12-17 02:11:00+00:00,-287.081482
2017-12-17 02:12:00+00:00,-290.642548
2017-12-17 02:13:00+00:00,-363.042358
2017-12-17 02:14:00+00:00,-461.214508
2017-12-17 02:15:00+00:00,-446.651184
2017-12-17 02:16:00+00:00,-427.967102
2017-12-17 02:17:00+00:00,-420.686707
2017-12-17 02:18:00+00:00,-425.689362
2017-12-17 02:19:00+00:00,-472.649902
2017-12-17 02:20:00+00:00,-464.411072
2017-12-17 02:21:00+00:00,-440.709229
2017-12-17 02:22:00+00:00,-428.479767
2017-12-17 02:23:00+00:00,-450.490784
2017-12-17 02:24:00+00:00,-454.562378
2017-12-17 02:25:00+00:00,-371.15152
2017-12-17 02:26:00+00:00,-293.382233
2017-12-17 02:27:00+00:00,-263.727631
2017-12-17 02:28:00+00:00,-267.253784
2017-12-17 02:29:00+00:00,-278.12204
2017-12-17 02:30:00+00:00,-275.884125
2017-12-17 02:31:00+00:00,-272.543701
2017-12-17 02:32:00+00:00,-270.723175
2017-12-17 02:33:00+00:00,-258.139709
2017-12-17 02:34:00+00:00,-252.557968
2017-12-17 02:35:00+00:00,-247.096054
2017-12-17 02:36:00+00:00,-240.254913
2017-12-17 02:37:00+00:00,-241.080414
2017-12-17 02:38:00+00:00,-231.728775
2017-12-17 02:39:00+00:00,-218.959732
2017-12-17 02:40:00+00:00,-218.233215
2017-12-17 02:41:00+00:00,-220.325562
2017-12-17 02:42:00+00:00,-223.219147
2017-12-17 02:43:00+00:00,-204.347565
2017-12-17 02:44:00+00:00,-188.801559
2017-12-17 02:45:00+00:00,-185.180756
2017-12-17 02:46:00+00:00,-188.696014
2017-12-17 02:47:00+00:00,-191.516296
2017-12-24 00:00:00+00:00,-9.25948
2017-12-24 00:01:00+00:00,-9.592629
2017-12-24 00:02:00+00:00,-9.644653
2017-12-24 00:03:00+00:00,-9.450605
2017-12-24 00:04:00+00:00,-9.100327
2017-12-24 00:05:00+00:00,-9.184636
2017-12-24 00:06:00+00:00,-9.317789
2017-12-24 00:07:00+00:00,-8.68533
2017-12-24 00:08:00+00:00,-11.286091
2017-12-24 00:09:00+00:00,-12.700834
2017-12-24 00:10:00+00:00,-13.60589
2017-12-24 00:11:00+00:00,-9.407538
2017-12-24 00:12:00+00:00,-11.895622
2017-12-24 00:13:00+00:00,-13.380829
2017-12-24 00:14:00+00:00,-9.64903
2017-12-24 00:15:00+00:00,-9.611754
2017-12-24 00:16:00+00:00,-9.571521
2017-12-24 00:17:00+00:00,-9.5371
2017-12-24 00:18:00+00:00,-9.507056
2017-12-24 00:19:00+00:00,-8.69068
2017-12-24 00:20:00+00:00,-9.442097
2017-12-24 00:21:00+00:00,-9.407209
2017-12-24 00:22:00+00:00,-8.416302
2017-12-24 00:23:00+00:00,-9.328291
2017-12-24 00:24:00+00:00,-9.297474
2017-12-24 00:25:00+00:00,-10.259415
2017-12-24 00:26:00+00:00,-9.22243
2017-12-24 00:27:00+00:00,-10.185068
2017-12-24 00:28:00+00:00,-10.15125
2017-12-24 00:29:00+00:00,-10.120989
2017-12-24 00:30:00+00:00,-9.087463
2017-12-24 00:31:00+00:00,-10.005562
2017-12-24 00:32:00+00:00,-10.760056
2017-12-24 00:33:00+00:00,-9.736126
2017-12-24 00:34:00+00:00,-11.256065
2017-12-24 00:35:00+00:00,-9.059785
2017-12-24 00:36:00+00:00,-9.07867
2017-12-24 00:37:00+00:00,-9.09833
2017-12-24 00:38:00+00:00,-9.116816
2017-12-24 00:39:00+00:00,-8.13608
2017-12-24 00:40:00+00:00,-8.938795
2017-12-24 00:41:00+00:00,-8.559458
2017-12-24 00:42:00+00:00,-8.268003
2017-12-24 00:43:00+00:00,-7.817365
2017-12-24 00:44:00+00:00,-8.228495
2017-12-24 00:45:00+00:00,-8.246594
2017-12-24 00:46:00+00:00,-8.55359
2017-12-24 00:47:00+00:00,-7.590956
2017-12-24 00:48:00+00:00,-7.482156
2017-12-24 00:49:00+00:00,-7.453799
2017-12-24 00:50:00+00:00,-7.423704
2017-12-24 00:51:00+00:00,-7.811472
2017-12-24 00:52:00+00:00,-8.182403
2017-12-24 00:53:00+00:00,-8.82781
2017-12-24 00:54:00+00:00,-9.43032
2017-12-24 00:55:00+00:00,-9.373726
2017-12-24 00:56:00+00:00,-8.931475
2017-12-24 00:57:00+00:00,-9.17193
2017-12-24 00:58:00+00:00,-9.081429
2017-12-24 00:59:00+00:00,-8.605288
2017-12-24 01:00:00+00:00,-8.583359
2017-12-24 01:01:00+00:00,-8.506035
2017-12-24 01:02:00+00:00,-8.363087
2017-12-24 01:03:00+00:00,-9.105245
2017-12-24 01:04:00+00:00,-9.242056
2017-12-24 01:05:00+00:00,-8.898509
2017-12-24 01:06:00+00:00,-9.573856
2017-12-24 01:07:00+00:00,-9.587134
2017-12-24 01:08:00+00:00,-10.601217
2017-12-24 01:09:00+00:00,-11.615126
2017-12-24 01:10:00+00:00,-12.628853
2017-12-24 01:11:00+00:00,-13.641418
2017-12-24 01:12:00+00:00,-13.654772
2017-12-24 01:13:00+00:00,-13.668908
2017-12-24 01:14:00+00:00,-13.68187
2017-12-24 01:15:00+00:00,-13.693651
2017-12-24 01:16:00+00:00,-13.603891
2017-12-24 01:17:00+00:00,-11.718284
2017-12-24 01:18:00+00:00,-12.730393
2017-12-24 01:19:00+00:00,-12.740329
2017-12-24 01:20:00+00:00,-13.751992
2017-12-24 01:21:00+00:00,-15.765378
2017-12-24 01:22:00+00:00,-17.776575
2017-12-24 01:23:00+00:00,-18.788511
2017-12-24 01:24:00+00:00,-25.300468
2017-12-24 01:25:00+00:00,-31.275942
2017-12-24 01:26:00+00:00,-26.254669
2017-12-24 01:27:00+00:00,-22.236748
2017-12-24 01:28:00+00:00,-17.224236
2017-12-24 01:29:00+00:00,-10.588941
2017-12-24 01:30:00+00:00,-13.823519
2017-12-24 01:31:00+00:00,-19.120045
2017-12-24 01:32:00+00:00,-18.439262
2017-12-24 01:33:00+00:00,-19.709423
2017-12-24 01:34:00+00:00,-26.12685
2017-12-24 01:35:00+00:00,-30.138853
2017-12-24 01:36:00+00:00,-29.586288
2017-12-24 01:37:00+00:00,-27.18697
2017-12-24 01:38:00+00:00,-29.557146
2017-12-24 01:39:00+00:00,-32.366779
2017-12-24 01:40:00+00:00,-30.215515
2017-12-24 01:41:00+00:00,-33.313358
2017-12-24 01:42:00+00:00,-34.439636
2017-12-24 01:43:00+00:00,-31.915688
2017-12-24 01:44:00+00:00,-32.418301
2017-12-24 01:45:00+00:00,-32.17115
2017-12-24 01:46:00+00:00,-30.259716
2017-12-24 01:47:00+00:00,-30.169424
2017-12-24 01:48:00+00:00,-30.485737
2017-12-24 01:49:00+00:00,-28.039749
2017-12-24 01:50:00+00:00,-28.253376
2017-12-24 01:51:00+00:00,-29.241886
2017-12-24 01:52:00+00:00,-31.063915
2017-12-24 01:53:00+00:00,-32.000751
2017-12-24 01:54:00+00:00,-30.262398
2017-12-24 01:55:00+00:00,-33.93726
2017-12-24 01:56:00+00:00,-33.673347
2017-12-24 01:57:00+00:00,-34.388165
2017-12-24 01:58:00+00:00,-33.081261
2017-12-24 01:59:00+00:00,-29.802486
2017-12-24 02:00:00+00:00,-28.5343
2017-12-24 02:01:00+00:00,-25.394667
2017-12-24 02:02:00+00:00,-22.833555
2017-12-24 02:03:00+00:00,-26.546242
2017-12-24 02:04:00+00:00,-21.639519
2017-12-24 02:05:00+00:00,-19.133097
2017-12-24 02:06:00+00:00,-16.830784
2017-12-24 02:07:00+00:00,-14.932405
2017-12-24 02:08:00+00:00,-11.571213
2017-12-24 02:09:00+00:00,-11.097028
2017-12-24 02:10:00+00:00,-11.495896
2017-12-24 02:11:00+00:00,-11.84409
2017-12-24 02:12:00+00:00,-11.502923
2017-12-24 02:13:00+00:00,-11.732143
2017-12-24 02:14:00+00:00,-11.535642
2017-12-24 02:15:00+00:00,-12.997387
2017-12-24 02:16:00+00:00,-30.223883
2017-12-24 02:17:00+00:00,-104.675087
2017-12-24 02:18:00+00:00,-216.29422
2017-12-24 02:19:00+00:00,-184.998276
2017-12-24 02:20:00+00:00,-124.514198
2017-12-24 02:21:00+00:00,-116.839714
2017-12-24 02:22:00+00:00,-100.602379
2017-12-24 02:23:00+00:00,-114.348053
2017-12-24 02:24:00+00:00,-139.843338
2017-12-24 02:25:00+00:00,-86.144226
2017-12-24 02:26:00+00:00,-60.969013
2017-12-24 02:27:00+00:00,-58.57325
2017-12-24 02:28:00+00:00,-50.685478
2017-12-24 02:29:00+00:00,-41.340855
2017-12-24 02:30:00+00:00,-26.188786
2017-12-24 02:31:00+00:00,-22.642534
2017-12-24 02:32:00+00:00,-21.233932
2017-12-24 02:33:00+00:00,-17.468065
2017-12-24 02:34:00+00:00,-12.847878
2017-12-24 02:35:00+00:00,-11.513374
2017-12-24 02:36:00+00:00,-11.502472
2017-12-24 02:37:00+00:00,-11.492031
2017-12-24 02:38:00+00:00,-11.482514
2017-12-24 02:39:00+00:00,-16.158737
2017-12-24 02:40:00+00:00,-24.337542
2017-12-24 02:41:00+00:00,-35.336613
2017-12-24 02:42:00+00:00,-56.156963
2017-12-24 02:43:00+00:00,-70.36113
2017-12-24 02:44:00+00:00,-103.013588
2017-12-24 02:45:00+00:00,-93.672005
2017-12-24 02:46:00+00:00,-134.768631
2017-12-24 02:47:00+00:00,-128.126633
2017-12-31 00:00:00+00:00,-49.533726
2017-12-31 00:01:00+00:00,-53.593952
2017-12-31 00:02:00+00:00,-60.821735
2017-12-31 00:03:00+00:00,-63.812355
2017-12-31 00:04:00+00:00,-42.503376
2017-12-31 00:05:00+00:00,-36.799145
2017-12-31 00:06:00+00:00,-49.233902
2017-12-31 00:07:00+00:00,-60.667084
2017-12-31 00:08:00+00:00,-63.363396
2017-12-31 00:09:00+00:00,-73.999649
2017-12-31 00:10:00+00:00,-68.124733
2017-12-31 00:11:00+00:00,-71.899841
2017-12-31 00:12:00+00:00,-61.631664
2017-12-31 00:13:00+00:00,-66.061478
2017-12-31 00:14:00+00:00,-58.002815
2017-12-31 00:15:00+00:00,-59.261395
2017-12-31 00:16:00+00:00,-65.236732
2017-12-31 00:17:00+00:00,-67.035248
2017-12-31 00:18:00+00:00,-50.604317
2017-12-31 00:19:00+00:00,-47.848282
2017-12-31 00:20:00+00:00,-56.303345
2017-12-31 00:21:00+00:00,-70.495918
2017-12-31 00:22:00+00:00,-79.43486
2017-12-31 00:23:00+00:00,-84.417099
2017-12-31 00:24:00+00:00,-82.127266
2017-12-31 00:25:00+00:00,-78.218735
2017-12-31 00:26:00+00:00,-68.626137
2017-12-31 00:27:00+00:00,-57.037029
2017-12-31 00:28:00+00:00,-59.365532
2017-12-31 00:29:00+00:00,-52.274784
2017-12-31 00:30:00+00:00,-43.269737
2017-12-31 00:31:00+00:00,-35.862968
2017-12-31 00:32:00+00:00,-36.718365
2017-12-31 00:33:00+00:00,-29.23085
2017-12-31 00:34:00+00:00,-24.203165
2017-12-31 00:35:00+00:00,-23.594734
2017-12-31 00:36:00+00:00,-23.643408
2017-12-31 00:37:00+00:00,-23.679283
2017-12-31 00:38:00+00:00,-24.375774
2017-12-31 00:39:00+00:00,-26.111992
2017-12-31 00:40:00+00:00,-26.075918
2017-12-31 00:41:00+00:00,-23.939201
2017-12-31 00:42:00+00:00,-23.460114
2017-12-31 00:43:00+00:00,-23.777884
2017-12-31 00:44:00+00:00,-24.235296
2017-12-31 00:45:00+00:00,-24.276701
2017-12-31 00:46:00+00:00,-24.091766
2017-12-31 00:47:00+00:00,-24.083431
2017-12-31 00:48:00+00:00,-24.513626
2017-12-31 00:49:00+00:00,-24.942911
2017-12-31 00:50:00+00:00,-24.936731
2017-12-31 00:51:00+00:00,-24.578108
2017-12-31 00:52:00+00:00,-24.212759
2017-12-31 00:53:00+00:00,-24.084839
2017-12-31 00:54:00+00:00,-26.645744
2017-12-31 00:55:00+00:00,-33.961243
2017-12-31 00:56:00+00:00,-33.946884
2017-12-31 00:57:00+00:00,-41.449516
2017-12-31 00:58:00+00:00,-42.134518
2017-12-31 00:59:00+00:00,-34.938057
2017-12-31 01:00:00+00:00,-25.76981
2017-12-31 01:01:00+00:00,-23.311155
2017-12-31 01:02:00+00:00,-22.936901
2017-12-31 01:03:00+00:00,-22.657568
2017-12-31 01:04:00+00:00,-22.365791
2017-12-31 01:05:00+00:00,-25.291859
2017-12-31 01:06:00+00:00,-22.851849
2017-12-31 01:07:00+00:00,-23.214766
2017-12-31 01:08:00+00:00,-24.550655
2017-12-31 01:09:00+00:00,-26.119423
2017-12-31 01:10:00+00:00,-27.3235
2017-12-31 01:11:00+00:00,-30.121883
2017-12-31 01:12:00+00:00,-35.225517
2017-12-31 01:13:00+00:00,-40.186176
2017-12-31 01:14:00+00:00,-42.846004
2017-12-31 01:15:00+00:00,-36.880844
2017-12-31 01:16:00+00:00,-25.932186
2017-12-31 01:17:00+00:00,-25.847628
2017-12-31 01:18:00+00:00,-26.977331
2017-12-31 01:19:00+00:00,-35.22443
2017-12-31 01:20:00+00:00,-42.277649
2017-12-31 01:21:00+00:00,-36.418289
2017-12-31 01:22:00+00:00,-40.346596
2017-12-31 01:23:00+00:00,-31.730587
2017-12-31 01:24:00+00:00,-25.673262
2017-12-31 01:25:00+00:00,-25.4107
2017-12-31 01:26:00+00:00,-25.259378
2017-12-31 01:27:00+00:00,-24.97319
2017-12-31 01:28:00+00:00,-25.111692
2017-12-31 01:29:00+00:00,-25.381907
2017-12-31 01:30:00+00:00,-25.671515
2017-12-31 01:31:00+00:00,-25.675364
2017-12-31 01:32:00+00:00,-25.686771
2017-12-31 01:33:00+00:00,-25.609417
2017-12-31 01:34:00+00:00,-25.35051
2017-12-31 01:35:00+00:00,-25.125851
2017-12-31 01:36:00+00:00,-25.148319
2017-12-31 01:37:00+00:00,-25.01848
2017-12-31 01:38:00+00:00,-24.680656
2017-12-31 01:39:00+00:00,-24.447329
2017-12-31 01:40:00+00:00,-24.287233
2017-12-31 01:41:00+00:00,-24.284336
2017-12-31 01:42:00+00:00,-24.701319
2017-12-31 01:43:00+00:00,-24.682693
2017-12-31 01:44:00+00:00,-40.334042
2017-12-31 01:45:00+00:00,-51.417702
2017-12-31 01:46:00+00:00,-56.09655
2017-12-31 01:47:00+00:00,-49.264561
2017-12-31 01:48:00+00:00,-37.086548
2017-12-31 01:49:00+00:00,-35.332031
2017-12-31 01:50:00+00:00,-32.050823
2017-12-31 01:51:00+00:00,-29.610106
2017-12-31 01:52:00+00:00,-27.556911
2017-12-31 01:53:00+00:00,-25.291573
2017-12-31 01:54:00+00:00,-25.112986
2017-12-31 01:55:00+00:00,-25.114803
2017-12-31 01:56:00+00:00,-25.269665
2017-12-31 01:57:00+00:00,-25.363691
2017-12-31 01:58:00+00:00,-25.523815
2017-12-31 01:59:00+00:00,-25.625999
2017-12-31 02:00:00+00:00,-25.535461
2017-12-31 02:01:00+00:00,-25.993137
2017-12-31 02:02:00+00:00,-25.665758
2017-12-31 02:03:00+00:00,-25.703943
2017-12-31 02:04:00+00:00,-25.543848
2017-12-31 02:05:00+00:00,-25.533104
2017-12-31 02:06:00+00:00,-25.857237
2017-12-31 02:07:00+00:00,-25.944935
2017-12-31 02:08:00+00:00,-25.914345
2017-12-31 02:09:00+00:00,-25.992002
2017-12-31 02:10:00+00:00,-26.118317
2017-12-31 02:11:00+00:00,-26.119442
2017-12-31 02:12:00+00:00,-26.174061
2017-12-31 02:13:00+00:00,-26.112236
2017-12-31 02:14:00+00:00,-26.104839
2017-12-31 02:15:00+00:00,-26.212399
2017-12-31 02:16:00+00:00,-26.325556
2017-12-31 02:17:00+00:00,-26.436378
2017-12-31 02:18:00+00:00,-26.3867
2017-12-31 02:19:00+00:00,-26.337631
2017-12-31 02:20:00+00:00,-26.602627
2017-12-31 02:21:00+00:00,-26.727564
2017-12-31 02:22:00+00:00,-26.58449
2017-12-31 02:23:00+00:00,-26.522993
2017-12-31 02:24:00+00:00,-26.709068
2017-12-31 02:25:00+00:00,-26.728632
2017-12-31 02:26:00+00:00,-26.691034
2017-12-31 02:27:00+00:00,-26.440006
2017-12-31 02:28:00+00:00,-26.289978
2017-12-31 02:29:00+00:00,-26.240929
2017-12-31 02:30:00+00:00,-26.285025
2017-12-31 02:31:00+00:00,-26.422905
2017-12-31 02:32:00+00:00,-26.202253
2017-12-31 02:33:00+00:00,-26.104168
2017-12-31 02:34:00+00:00,-26.425533
2017-12-31 02:35:00+00:00,-25.953468
2017-12-31 02:36:00+00:00,-25.866693
2017-12-31 02:37:00+00:00,-26.298027
2017-12-31 02:38:00+00:00,-26.346111
2017-12-31 02:39:00+00:00,-26.317598
2017-12-31 02:40:00+00:00,-26.309175
2017-12-31 02:41:00+00:00,-26.492725
2017-12-31 02:42:00+00:00,-26.364351
2017-12-31 02:43:00+00:00,-26.286366
2017-12-31 02:44:00+00:00,-26.131826
2017-12-31 02:45:00+00:00,-26.018906
2017-12-31 02:46:00+00:00,-25.736891
2017-12-31 02:47:00+00:00,-25.498226
