time,SML
2018-01-01 00:00:00+00:00,-229.925049
2018-01-01 00:01:00+00:00,-225.917313
2018-01-01 00:02:00+00:00,-221.912476
2018-01-01 00:03:00+00:00,-213.907623
2018-01-01 00:04:00+00:00,-208.904724
2018-01-01 00:05:00+00:00,-200.903809
2018-01-01 00:06:00+00:00,-190.899979
2018-01-01 00:07:00+00:00,-186.897171
2018-01-01 00:08:00+00:00,-177.388855
2018-01-01 00:09:00+00:00,-171.890778
2018-01-01 00:10:00+00:00,-168.197922
2018-01-01 00:11:00+00:00,-173.390854
2018-01-01 00:12:00+00:00,-188.383865
2018-01-01 00:13:00+00:00,-200.312775
2018-01-01 00:14:00+00:00,-207.79776
2018-01-01 00:15:00+00:00,-207.850586
2018-01-01 00:16:00+00:00,-195.238953
2018-01-01 00:17:00+00:00,-190.666214
2018-01-01 00:18:00+00:00,-194.397461
2018-01-01 00:19:00+00:00,-197.932632
2018-01-01 00:20:00+00:00,-194.011978
2018-01-01 00:21:00+00:00,-205.897629
2018-01-01 00:22:00+00:00,-229.897339
2018-01-01 00:23:00+00:00,-234.893448
2018-01-01 00:24:00+00:00,-231.887909
2018-01-01 00:25:00+00:00,-233.884644
2018-01-01 00:26:00+00:00,-229.88269
2018-01-01 00:27:00+00:00,-223.883041
2018-01-01 00:28:00+00:00,-221.888641
2018-01-01 00:29:00+00:00,-217.891708
2018-01-01 00:30:00+00:00,-196.893219
2018-01-01 00:31:00+00:00,-188.903732
2018-01-01 00:32:00+00:00,-184.91333
2018-01-01 00:33:00+00:00,-181.918106
2018-01-01 00:34:00+00:00,-186.920059
2018-01-01 00:35:00+00:00,-181.924088
2018-01-01 00:36:00+00:00,-187.288544
2018-01-01 00:37:00+00:00,-203.387497
2018-01-01 00:38:00+00:00,-222.578125
2018-01-01 00:39:00+00:00,-225.779007
2018-01-01 00:40:00+00:00,-231.90242
2018-01-01 00:41:00+00:00,-244.81012
2018-01-01 00:42:00+00:00,-266.305725
2018-01-01 00:43:00+00:00,-268.518188
2018-01-01 00:44:00+00:00,-241.598953
2018-01-01 00:45:00+00:00,-243.410049
2018-01-01 00:46:00+00:00,-237.979126
2018-01-01 00:47:00+00:00,-228.978607
2018-01-01 00:48:00+00:00,-226.047226
2018-01-01 00:49:00+00:00,-253.815628
2018-01-01 00:50:00+00:00,-254.837509
2018-01-01 00:51:00+00:00,-246.911713
2018-01-01 00:52:00+00:00,-250.370224
2018-01-01 00:53:00+00:00,-250.04184
2018-01-01 00:54:00+00:00,-246.272064
2018-01-01 00:55:00+00:00,-236.661255
2018-01-01 00:56:00+00:00,-230.312332
2018-01-01 00:57:00+00:00,-233.498764
2018-01-01 00:58:00+00:00,-244.648788
2018-01-01 00:59:00+00:00,-245.696991
2018-01-01 01:00:00+00:00,-253.818222
2018-01-01 01:01:00+00:00,-262.209778
2018-01-01 01:02:00+00:00,-244.451645
2018-01-01 01:03:00+00:00,-223.809479
2018-01-01 01:04:00+00:00,-203.22757
2018-01-01 01:05:00+00:00,-172.324097
2018-01-01 01:06:00+00:00,-152.865616
2018-01-01 01:07:00+00:00,-153.526917
2018-01-01 01:08:00+00:00,-180.239471
2018-01-01 01:09:00+00:00,-214.985199
2018-01-01 01:10:00+00:00,-186.266129
2018-01-01 01:11:00+00:00,-196.28656
2018-01-01 01:12:00+00:00,-217.308426
2018-01-01 01:13:00+00:00,-222.329773
2018-01-01 01:14:00+00:00,-215.352509
2018-01-01 01:15:00+00:00,-203.375626
2018-01-01 01:16:00+00:00,-212.405014
2018-01-01 01:17:00+00:00,-211.426895
2018-01-01 01:18:00+00:00,-214.460815
2018-01-01 01:19:00+00:00,-226.491119
2018-01-01 01:20:00+00:00,-224.512894
2018-01-01 01:21:00+00:00,-219.538818
2018-01-01 01:22:00+00:00,-225.568863
2018-01-01 01:23:00+00:00,-238.597198
2018-01-01 01:24:00+00:00,-245.616852
2018-01-01 01:25:00+00:00,-244.109238
2018-01-01 01:26:00+00:00,-263.856689
2018-01-01 01:27:00+00:00,-247.732742
2018-01-01 01:28:00+00:00,-252.5392
2018-01-01 01:29:00+00:00,-257.091492
2018-01-01 01:30:00+00:00,-257.915771
2018-01-01 01:31:00+00:00,-268.212402
2018-01-01 01:32:00+00:00,-280.605286
2018-01-01 01:33:00+00:00,-301.409821
2018-01-01 01:34:00+00:00,-301.113556
2018-01-01 01:35:00+00:00,-288.992615
2018-01-01 01:36:00+00:00,-278.209076
2018-01-01 01:37:00+00:00,-293.188538
2018-01-01 01:38:00+00:00,-314.425262
2018-01-01 01:39:00+00:00,-327.013916
2018-01-01 01:40:00+00:00,-330.183014
2018-01-01 01:41:00+00:00,-337.367157
2018-01-01 01:42:00+00:00,-339.03891
2018-01-01 01:43:00+00:00,-345.573242
2018-01-01 01:44:00+00:00,-357.18399
2018-01-01 01:45:00+00:00,-355.430695
2018-01-01 01:46:00+00:00,-341.061462
2018-01-01 01:47:00+00:00,-325.204956
2018-01-01 01:48:00+00:00,-311.563263
2018-01-01 01:49:00+00:00,-298.874176
2018-01-01 01:50:00+00:00,-301.744659
2018-01-01 01:51:00+00:00,-298.155121
2018-01-01 01:52:00+00:00,-291.854767
2018-01-01 01:53:00+00:00,-300.667297
2018-01-01 01:54:00+00:00,-313.044067
2018-01-01 01:55:00+00:00,-327.424561
2018-01-01 01:56:00+00:00,-331.993317
2018-01-01 01:57:00+00:00,-331.932953
2018-01-01 01:58:00+00:00,-322.677643
2018-01-01 01:59:00+00:00,-324.165894
2018-01-01 02:00:00+00:00,-319.515808
2018-01-01 02:01:00+00:00,-325.22226
2018-01-01 02:02:00+00:00,-309.69458
2018-01-01 02:03:00+00:00,-292.910339
2018-01-01 02:04:00+00:00,-287.475006
2018-01-01 02:05:00+00:00,-284.732239
2018-01-01 02:06:00+00:00,-308.000061
2018-01-01 02:07:00+00:00,-293.063599
2018-01-01 02:08:00+00:00,-277.434723
2018-01-01 02:09:00+00:00,-293.410126
2018-01-01 02:10:00+00:00,-290.948059
2018-01-01 02:11:00+00:00,-285.612885
2018-01-01 02:12:00+00:00,-283.566742
2018-01-01 02:13:00+00:00,-277.937561
2018-01-01 02:14:00+00:00,-277.291138
2018-01-01 02:15:00+00:00,-338.111267
2018-01-01 02:16:00+00:00,-328.887695
2018-01-01 02:17:00+00:00,-335.464569
2018-01-01 02:18:00+00:00,-330.316345
2018-01-01 02:19:00+00:00,-315.673981
2018-01-01 02:20:00+00:00,-287.648651
2018-01-01 02:21:00+00:00,-269.421936
2018-01-01 02:22:00+00:00,-248.330399
2018-01-01 02:23:00+00:00,-277.51297
2018-01-01 02:24:00+00:00,-310.418243
2018-01-01 02:25:00+00:00,-324.699524
2018-01-01 02:26:00+00:00,-262.756226
2018-01-01 02:27:00+00:00,-242.479813
2018-01-01 02:28:00+00:00,-246.541275
2018-01-01 02:29:00+00:00,-238.322906
2018-01-01 02:30:00+00:00,-233.16394
2018-01-01 02:31:00+00:00,-242.142517
2018-01-01 02:32:00+00:00,-245.103577
2018-01-01 02:33:00+00:00,-232.077377
2018-01-01 02:34:00+00:00,-218.072723
2018-01-01 02:35:00+00:00,-231.051895
2018-01-01 02:36:00+00:00,-240.414597
2018-01-01 02:37:00+00:00,-216.37973
2018-01-01 02:38:00+00:00,-192.919067
2018-01-01 02:39:00+00:00,-218.342377
2018-01-01 02:40:00+00:00,-255.907059
2018-01-01 02:41:00+00:00,-259.312408
2018-01-01 02:42:00+00:00,-255.209839
2018-01-01 02:43:00+00:00,-227.237396
2018-01-01 02:44:00+00:00,-259.436768
2018-01-01 02:45:00+00:00,-249.174973
2018-01-01 02:46:00+00:00,-241.114227
2018-01-01 02:47:00+00:00,-237.075195
2018-01-08 00:00:00+00:00,-24.690716
2018-01-08 00:01:00+00:00,-24.622787
2018-01-08 00:02:00+00:00,-24.503822
2018-01-08 00:03:00+00:00,-24.490036
2018-01-08 00:04:00+00:00,-24.347015
2018-01-08 00:05:00+00:00,-24.149918
2018-01-08 00:06:00+00:00,-24.006182
2018-01-08 00:07:00+00:00,-24.209606
2018-01-08 00:08:00+00:00,-24.051222
2018-01-08 00:09:00+00:00,-23.977283
2018-01-08 00:10:00+00:00,-24.024858
2018-01-08 00:11:00+00:00,-24.128481
2018-01-08 00:12:00+00:00,-24.23831
2018-01-08 00:13:00+00:00,-24.146299
2018-01-08 00:14:00+00:00,-24.063408
2018-01-08 00:15:00+00:00,-24.032448
2018-01-08 00:16:00+00:00,-24.116917
2018-01-08 00:17:00+00:00,-24.191778
2018-01-08 00:18:00+00:00,-24.30875
2018-01-08 00:19:00+00:00,-24.149439
2018-01-08 00:20:00+00:00,-23.84564
2018-01-08 00:21:00+00:00,-23.911049
2018-01-08 00:22:00+00:00,-24.192186
2018-01-08 00:23:00+00:00,-24.275013
2018-01-08 00:24:00+00:00,-24.228827
2018-01-08 00:25:00+00:00,-24.314331
2018-01-08 00:26:00+00:00,-24.313715
2018-01-08 00:27:00+00:00,-24.217176
2018-01-08 00:28:00+00:00,-24.108664
2018-01-08 00:29:00+00:00,-24.166904
2018-01-08 00:30:00+00:00,-24.116356
2018-01-08 00:31:00+00:00,-24.10084
2018-01-08 00:32:00+00:00,-24.140118
2018-01-08 00:33:00+00:00,-24.252729
2018-01-08 00:34:00+00:00,-24.308784
2018-01-08 00:35:00+00:00,-24.154949
2018-01-08 00:36:00+00:00,-24.298113
2018-01-08 00:37:00+00:00,-24.452007
2018-01-08 00:38:00+00:00,-24.210432
2018-01-08 00:39:00+00:00,-24.137833
2018-01-08 00:40:00+00:00,-23.986147
2018-01-08 00:41:00+00:00,-24.185055
2018-01-08 00:42:00+00:00,-24.21892
2018-01-08 00:43:00+00:00,-23.801598
2018-01-08 00:44:00+00:00,-23.438021
2018-01-08 00:45:00+00:00,-23.577274
2018-01-08 00:46:00+00:00,-23.67156
2018-01-08 00:47:00+00:00,-23.665201
2018-01-08 00:48:00+00:00,-23.778889
2018-01-08 00:49:00+00:00,-23.64152
2018-01-08 00:50:00+00:00,-23.542145
2018-01-08 00:51:00+00:00,-23.519875
2018-01-08 00:52:00+00:00,-23.611691
2018-01-08 00:53:00+00:00,-23.755138
2018-01-08 00:54:00+00:00,-23.92482
2018-01-08 00:55:00+00:00,-23.921503
2018-01-08 00:56:00+00:00,-23.587952
2018-01-08 00:57:00+00:00,-23.543295
2018-01-08 00:58:00+00:00,-23.753342
2018-01-08 00:59:00+00:00,-24.419312
2018-01-08 01:00:00+00:00,-24.485413
2018-01-08 01:01:00+00:00,-24.483047
2018-01-08 01:02:00+00:00,-24.466991
2018-01-08 01:03:00+00:00,-24.6306
2018-01-08 01:04:00+00:00,-24.733624
2018-01-08 01:05:00+00:00,-24.717461
2018-01-08 01:06:00+00:00,-24.518684
2018-01-08 01:07:00+00:00,-24.37838
2018-01-08 01:08:00+00:00,-24.070032
2018-01-08 01:09:00+00:00,-23.556522
2018-01-08 01:10:00+00:00,-23.83003
2018-01-08 01:11:00+00:00,-23.99699
2018-01-08 01:12:00+00:00,-24.277121
2018-01-08 01:13:00+00:00,-24.369629
2018-01-08 01:14:00+00:00,-24.181786
2018-01-08 01:15:00+00:00,-24.125586
2018-01-08 01:16:00+00:00,-24.290913
2018-01-08 01:17:00+00:00,-24.328152
2018-01-08 01:18:00+00:00,-24.189442
2018-01-08 01:19:00+00:00,-24.184341
2018-01-08 01:20:00+00:00,-23.889013
2018-01-08 01:21:00+00:00,-23.677525
2018-01-08 01:22:00+00:00,-23.291946
2018-01-08 01:23:00+00:00,-23.11709
2018-01-08 01:24:00+00:00,-23.690056
2018-01-08 01:25:00+00:00,-24.137783
2018-01-08 01:26:00+00:00,-24.322571
2018-01-08 01:27:00+00:00,-24.050074
2018-01-08 01:28:00+00:00,-23.933561
2018-01-08 01:29:00+00:00,-24.300222
2018-01-08 01:30:00+00:00,-24.819872
2018-01-08 01:31:00+00:00,-25.141973
2018-01-08 01:32:00+00:00,-25.004824
2018-01-08 01:33:00+00:00,-24.931868
2018-01-08 01:34:00+00:00,-24.410418
2018-01-08 01:35:00+00:00,-23.538136
2018-01-08 01:36:00+00:00,-23.402969
2018-01-08 01:37:00+00:00,-23.798779
2018-01-08 01:38:00+00:00,-23.999054
2018-01-08 01:39:00+00:00,-23.607319
2018-01-08 01:40:00+00:00,-23.344284
2018-01-08 01:41:00+00:00,-23.876951
2018-01-08 01:42:00+00:00,-24.524662
2018-01-08 01:43:00+00:00,-24.409496
2018-01-08 01:44:00+00:00,-24.823496
2018-01-08 01:45:00+00:00,-24.583965
2018-01-08 01:46:00+00:00,-24.830603
2018-01-08 01:47:00+00:00,-25.077089
2018-01-08 01:48:00+00:00,-25.144724
2018-01-08 01:49:00+00:00,-25.260073
2018-01-08 01:50:00+00:00,-24.368458
2018-01-08 01:51:00+00:00,-23.389849
2018-01-08 01:52:00+00:00,-23.460892
2018-01-08 01:53:00+00:00,-22.848238
2018-01-08 01:54:00+00:00,-22.382946
2018-01-08 01:55:00+00:00,-22.231043
2018-01-08 01:56:00+00:00,-22.206013
2018-01-08 01:57:00+00:00,-22.352781
2018-01-08 01:58:00+00:00,-21.425266
2018-01-08 01:59:00+00:00,-20.429375
2018-01-08 02:00:00+00:00,-20.027142
2018-01-08 02:01:00+00:00,-20.582979
2018-01-08 02:02:00+00:00,-21.503218
2018-01-08 02:03:00+00:00,-22.212637
2018-01-08 02:04:00+00:00,-22.656517
2018-01-08 02:05:00+00:00,-22.612175
2018-01-08 02:06:00+00:00,-22.452663
2018-01-08 02:07:00+00:00,-22.15444
2018-01-08 02:08:00+00:00,-22.456772
2018-01-08 02:09:00+00:00,-22.663338
2018-01-08 02:10:00+00:00,-22.963564
2018-01-08 02:11:00+00:00,-23.390621
2018-01-08 02:12:00+00:00,-23.497219
2018-01-08 02:13:00+00:00,-23.216917
2018-01-08 02:14:00+00:00,-23.083906
2018-01-08 02:15:00+00:00,-22.865658
2018-01-08 02:16:00+00:00,-22.510422
2018-01-08 02:17:00+00:00,-22.396101
2018-01-08 02:18:00+00:00,-22.27071
2018-01-08 02:19:00+00:00,-21.981876
2018-01-08 02:20:00+00:00,-22.585234
2018-01-08 02:21:00+00:00,-23.579813
2018-01-08 02:22:00+00:00,-23.272152
2018-01-08 02:23:00+00:00,-23.16519
2018-01-08 02:24:00+00:00,-23.357527
2018-01-08 02:25:00+00:00,-23.843277
2018-01-08 02:26:00+00:00,-23.676117
2018-01-08 02:27:00+00:00,-23.588444
2018-01-08 02:28:00+00:00,-23.221828
2018-01-08 02:29:00+00:00,-22.795992
2018-01-08 02:30:00+00:00,-22.681948
2018-01-08 02:31:00+00:00,-22.653439
2018-01-08 02:32:00+00:00,-23.736132
2018-01-08 02:33:00+00:00,-24.643862
2018-01-08 02:34:00+00:00,-24.30238
2018-01-08 02:35:00+00:00,-23.877665
2018-01-08 02:36:00+00:00,-23.807213
2018-01-08 02:37:00+00:00,-23.795042
2018-01-08 02:38:00+00:00,-23.378258
2018-01-08 02:39:00+00:00,-22.916199
2018-01-08 02:40:00+00:00,-23.133444
2018-01-08 02:41:00+00:00,-23.659843
2018-01-08 02:42:00+00:00,-23.783453
2018-01-08 02:43:00+00:00,-23.080408
2018-01-08 02:44:00+00:00,-21.983315
2018-01-08 02:45:00+00:00,-21.632729
2018-01-08 02:46:00+00:00,-21.708324
2018-01-08 02:47:00+00:00,-21.844833
2018-01-15 00:00:00+00:00,-318.129944
2018-01-15 00:01:00+00:00,-315.939667
2018-01-15 00:02:00+00:00,-308.938812
2018-01-15 00:03:00+00:00,-300.904236
2018-01-15 00:04:00+00:00,-297.847595
2018-01-15 00:05:00+00:00,-285.045227
2018-01-15 00:06:00+00:00,-274.461975
2018-01-15 00:07:00+00:00,-262.249329
2018-01-15 00:08:00+00:00,-252.146545
2018-01-15 00:09:00+00:00,-246.198975
2018-01-15 00:10:00+00:00,-244.078415
2018-01-15 00:11:00+00:00,-236.03186
2018-01-15 00:12:00+00:00,-230.570969
2018-01-15 00:13:00+00:00,-220.635147
2018-01-15 00:14:00+00:00,-214.722382
2018-01-15 00:15:00+00:00,-209.421555
2018-01-15 00:16:00+00:00,-203.402344
2018-01-15 00:17:00+00:00,-189.379623
2018-01-15 00:18:00+00:00,-178.065247
2018-01-15 00:19:00+00:00,-169.996277
2018-01-15 00:20:00+00:00,-154.29567
2018-01-15 00:21:00+00:00,-139.082504
2018-01-15 00:22:00+00:00,-163.503326
2018-01-15 00:23:00+00:00,-222.225403
2018-01-15 00:24:00+00:00,-294.042908
2018-01-15 00:25:00+00:00,-625.066895
2018-01-15 00:26:00+00:00,-653.005615
2018-01-15 00:27:00+00:00,-467.297089
2018-01-15 00:28:00+00:00,-549.303589
2018-01-15 00:29:00+00:00,-524.281067
2018-01-15 00:30:00+00:00,-535.996643
2018-01-15 00:31:00+00:00,-797.770203
2018-01-15 00:32:00+00:00,-827.707886
2018-01-15 00:33:00+00:00,-829.65509
2018-01-15 00:34:00+00:00,-842.957153
2018-01-15 00:35:00+00:00,-882.859131
2018-01-15 00:36:00+00:00,-829.665344
2018-01-15 00:37:00+00:00,-751.888672
2018-01-15 00:38:00+00:00,-691.761353
2018-01-15 00:39:00+00:00,-706.787659
2018-01-15 00:40:00+00:00,-736.877625
2018-01-15 00:41:00+00:00,-645.621033
2018-01-15 00:42:00+00:00,-529.053162
2018-01-15 00:43:00+00:00,-427.378082
2018-01-15 00:44:00+00:00,-554.61615
2018-01-15 00:45:00+00:00,-535.505127
2018-01-15 00:46:00+00:00,-430.476501
2018-01-15 00:47:00+00:00,-439.913177
2018-01-15 00:48:00+00:00,-454.395111
2018-01-15 00:49:00+00:00,-457.562408
2018-01-15 00:50:00+00:00,-504.610718
2018-01-15 00:51:00+00:00,-612.018921
2018-01-15 00:52:00+00:00,-578.609802
2018-01-15 00:53:00+00:00,-553.977478
2018-01-15 00:54:00+00:00,-432.287659
2018-01-15 00:55:00+00:00,-457.704742
2018-01-15 00:56:00+00:00,-525.950745
2018-01-15 00:57:00+00:00,-465.511688
2018-01-15 00:58:00+00:00,-466.148621
2018-01-15 00:59:00+00:00,-462.627502
2018-01-15 01:00:00+00:00,-475.382721
2018-01-15 01:01:00+00:00,-457.36676
2018-01-15 01:02:00+00:00,-481.474731
2018-01-15 01:03:00+00:00,-421.32489
2018-01-15 01:04:00+00:00,-554.924438
2018-01-15 01:05:00+00:00,-619.935303
2018-01-15 01:06:00+00:00,-545.675781
2018-01-15 01:07:00+00:00,-594.351318
2018-01-15 01:08:00+00:00,-558.237793
2018-01-15 01:09:00+00:00,-497.267365
2018-01-15 01:10:00+00:00,-548.78418
2018-01-15 01:11:00+00:00,-506.987823
2018-01-15 01:12:00+00:00,-540.817932
2018-01-15 01:13:00+00:00,-512.609985
2018-01-15 01:14:00+00:00,-493.612061
2018-01-15 01:15:00+00:00,-498.010498
2018-01-15 01:16:00+00:00,-524.939636
2018-01-15 01:17:00+00:00,-460.676941
2018-01-15 01:18:00+00:00,-412.44043
2018-01-15 01:19:00+00:00,-423.772308
2018-01-15 01:20:00+00:00,-411.031982
2018-01-15 01:21:00+00:00,-397.555847
2018-01-15 01:22:00+00:00,-383.103638
2018-01-15 01:23:00+00:00,-379.25589
2018-01-15 01:24:00+00:00,-355.978363
2018-01-15 01:25:00+00:00,-341.102051
2018-01-15 01:26:00+00:00,-333.993652
2018-01-15 01:27:00+00:00,-333.133057
2018-01-15 01:28:00+00:00,-325.915283
2018-01-15 01:29:00+00:00,-310.341736
2018-01-15 01:30:00+00:00,-310.422546
2018-01-15 01:31:00+00:00,-313.35733
2018-01-15 01:32:00+00:00,-308.001251
2018-01-15 01:33:00+00:00,-309.863586
2018-01-15 01:34:00+00:00,-304.063446
2018-01-15 01:35:00+00:00,-292.474365
2018-01-15 01:36:00+00:00,-272.508423
2018-01-15 01:37:00+00:00,-252.312103
2018-01-15 01:38:00+00:00,-229.610016
2018-01-15 01:39:00+00:00,-218.077164
2018-01-15 01:40:00+00:00,-212.810562
2018-01-15 01:41:00+00:00,-205.255692
2018-01-15 01:42:00+00:00,-189.598083
2018-01-15 01:43:00+00:00,-169.300629
2018-01-15 01:44:00+00:00,-161.70961
2018-01-15 01:45:00+00:00,-214.182693
2018-01-15 01:46:00+00:00,-215.172272
2018-01-15 01:47:00+00:00,-195.765244
2018-01-15 01:48:00+00:00,-177.887222
2018-01-15 01:49:00+00:00,-190.069305
2018-01-15 01:50:00+00:00,-180.077576
2018-01-15 01:51:00+00:00,-136.0634
2018-01-15 01:52:00+00:00,-126.75367
2018-01-15 01:53:00+00:00,-118.738525
2018-01-15 01:54:00+00:00,-116.723022
2018-01-15 01:55:00+00:00,-110.708138
2018-01-15 01:56:00+00:00,-114.692886
2018-01-15 01:57:00+00:00,-113.67823
2018-01-15 01:58:00+00:00,-104.663673
2018-01-15 01:59:00+00:00,-102.324356
2018-01-15 02:00:00+00:00,-106.349747
2018-01-15 02:01:00+00:00,-92.374557
2018-01-15 02:02:00+00:00,-88.398796
2018-01-15 02:03:00+00:00,-81.422493
2018-01-15 02:04:00+00:00,-82.445656
2018-01-15 02:05:00+00:00,-81.845963
2018-01-15 02:06:00+00:00,-71.494408
2018-01-15 02:07:00+00:00,-69.516129
2018-01-15 02:08:00+00:00,-67.537415
2018-01-15 02:09:00+00:00,-63.558292
2018-01-15 02:10:00+00:00,-68.578773
2018-01-15 02:11:00+00:00,-74.598892
2018-01-15 02:12:00+00:00,-72.61866
2018-01-15 02:13:00+00:00,-67.6381
2018-01-15 02:14:00+00:00,-60.461067
2018-01-15 02:15:00+00:00,-62.478767
2018-01-15 02:16:00+00:00,-59.395184
2018-01-15 02:17:00+00:00,-58.711216
2018-01-15 02:18:00+00:00,-52.729382
2018-01-15 02:19:00+00:00,-42.747356
2018-01-15 02:20:00+00:00,-43.765167
2018-01-15 02:21:00+00:00,-40.782837
2018-01-15 02:22:00+00:00,-36.800385
2018-01-15 02:23:00+00:00,-36.817837
2018-01-15 02:24:00+00:00,-35.835209
2018-01-15 02:25:00+00:00,-33.852531
2018-01-15 02:26:00+00:00,-35.869823
2018-01-15 02:27:00+00:00,-38.887104
2018-01-15 02:28:00+00:00,-35.904404
2018-01-15 02:29:00+00:00,-33.230698
2018-01-15 02:30:00+00:00,-39.368023
2018-01-15 02:31:00+00:00,-49.349125
2018-01-15 02:32:00+00:00,-52.059589
2018-01-15 02:33:00+00:00,-46.981827
2018-01-15 02:34:00+00:00,-46.213554
2018-01-15 02:35:00+00:00,-34.688618
2018-01-15 02:36:00+00:00,-32.149216
2018-01-15 02:37:00+00:00,-33.118183
2018-01-15 02:38:00+00:00,-32.385189
2018-01-15 02:39:00+00:00,-45.779743
2018-01-15 02:40:00+00:00,-56.988995
2018-01-15 02:41:00+00:00,-56.788891
2018-01-15 02:42:00+00:00,-47.755608
2018-01-15 02:43:00+00:00,-40.847141
2018-01-15 02:44:00+00:00,-36.959972
2018-01-15 02:45:00+00:00,-38.441761
2018-01-15 02:46:00+00:00,-41.061047
2018-01-15 02:47:00+00:00,-42.470177
2018-01-22 00:00:00+00:00,-381.078949
2018-01-22 00:01:00+00:00,-570.905029
2018-01-22 00:02:00+00:00,-454.943909
2018-01-22 00:03:00+00:00,-435.710632
2018-01-22 00:04:00+00:00,-424.276031
2018-01-22 00:05:00+00:00,-310.647034
2018-01-22 00:06:00+00:00,-290.965729
2018-01-22 00:07:00+00:00,-254.057587
2018-01-22 00:08:00+00:00,-275.280701
2018-01-22 00:09:00+00:00,-280.503082
2018-01-22 00:10:00+00:00,-253.018738
2018-01-22 00:11:00+00:00,-210.999512
2018-01-22 00:12:00+00:00,-301.492584
2018-01-22 00:13:00+00:00,-582.105347
2018-01-22 00:14:00+00:00,-653.88385
2018-01-22 00:15:00+00:00,-442.05069
2018-01-22 00:16:00+00:00,-452.166748
2018-01-22 00:17:00+00:00,-363.138214
2018-01-22 00:18:00+00:00,-280.975464
2018-01-22 00:19:00+00:00,-263.418823
2018-01-22 00:20:00+00:00,-261.797241
2018-01-22 00:21:00+00:00,-265.684509
2018-01-22 00:22:00+00:00,-241.68541
2018-01-22 00:23:00+00:00,-220.743881
2018-01-22 00:24:00+00:00,-225.871735
2018-01-22 00:25:00+00:00,-227.653748
2018-01-22 00:26:00+00:00,-242.913651
2018-01-22 00:27:00+00:00,-284.883911
2018-01-22 00:28:00+00:00,-259.088623
2018-01-22 00:29:00+00:00,-293.25769
2018-01-22 00:30:00+00:00,-280.428864
2018-01-22 00:31:00+00:00,-236.268723
2018-01-22 00:32:00+00:00,-237.861786
2018-01-22 00:33:00+00:00,-216.721359
2018-01-22 00:34:00+00:00,-207.898224
2018-01-22 00:35:00+00:00,-204.751144
2018-01-22 00:36:00+00:00,-209.740448
2018-01-22 00:37:00+00:00,-207.53627
2018-01-22 00:38:00+00:00,-197.794861
2018-01-22 00:39:00+00:00,-180.102646
2018-01-22 00:40:00+00:00,-202.928421
2018-01-22 00:41:00+00:00,-230.121307
2018-01-22 00:42:00+00:00,-233.348297
2018-01-22 00:43:00+00:00,-196.434738
2018-01-22 00:44:00+00:00,-152.266144
2018-01-22 00:45:00+00:00,-137.909042
2018-01-22 00:46:00+00:00,-133.239685
2018-01-22 00:47:00+00:00,-163.107849
2018-01-22 00:48:00+00:00,-217.073532
2018-01-22 00:49:00+00:00,-252.636963
2018-01-22 00:50:00+00:00,-266.938721
2018-01-22 00:51:00+00:00,-225.437729
2018-01-22 00:52:00+00:00,-189.025574
2018-01-22 00:53:00+00:00,-220.436676
2018-01-22 00:54:00+00:00,-228.211456
2018-01-22 00:55:00+00:00,-222.339951
2018-01-22 00:56:00+00:00,-297.906097
2018-01-22 00:57:00+00:00,-384.630585
2018-01-22 00:58:00+00:00,-498.268188
2018-01-22 00:59:00+00:00,-536.74646
2018-01-22 01:00:00+00:00,-565.621643
2018-01-22 01:01:00+00:00,-562.737305
2018-01-22 01:02:00+00:00,-555.629089
2018-01-22 01:03:00+00:00,-486.353729
2018-01-22 01:04:00+00:00,-622.423157
2018-01-22 01:05:00+00:00,-522.598999
2018-01-22 01:06:00+00:00,-419.143921
2018-01-22 01:07:00+00:00,-407.782349
2018-01-22 01:08:00+00:00,-393.353821
2018-01-22 01:09:00+00:00,-484.755859
2018-01-22 01:10:00+00:00,-434.882202
2018-01-22 01:11:00+00:00,-399.567688
2018-01-22 01:12:00+00:00,-368.694641
2018-01-22 01:13:00+00:00,-338.243774
2018-01-22 01:14:00+00:00,-353.919342
2018-01-22 01:15:00+00:00,-315.098999
2018-01-22 01:16:00+00:00,-399.228302
2018-01-22 01:17:00+00:00,-302.421112
2018-01-22 01:18:00+00:00,-313.126801
2018-01-22 01:19:00+00:00,-246.342087
2018-01-22 01:20:00+00:00,-239.129364
2018-01-22 01:21:00+00:00,-254.29776
2018-01-22 01:22:00+00:00,-337.384521
2018-01-22 01:23:00+00:00,-298.966125
2018-01-22 01:24:00+00:00,-250.682388
2018-01-22 01:25:00+00:00,-266.766235
2018-01-22 01:26:00+00:00,-287.382263
2018-01-22 01:27:00+00:00,-295.044128
2018-01-22 01:28:00+00:00,-290.18869
2018-01-22 01:29:00+00:00,-309.7435
2018-01-22 01:30:00+00:00,-270.357849
2018-01-22 01:31:00+00:00,-237.311859
2018-01-22 01:32:00+00:00,-329.831635
2018-01-22 01:33:00+00:00,-431.633942
2018-01-22 01:34:00+00:00,-564.640198
2018-01-22 01:35:00+00:00,-537.756592
2018-01-22 01:36:00+00:00,-413.247253
2018-01-22 01:37:00+00:00,-393.168396
2018-01-22 01:38:00+00:00,-280.959442
2018-01-22 01:39:00+00:00,-191.124207
2018-01-22 01:40:00+00:00,-185.675613
2018-01-22 01:41:00+00:00,-199.252823
2018-01-22 01:42:00+00:00,-192.21875
2018-01-22 01:43:00+00:00,-205.991364
2018-01-22 01:44:00+00:00,-193.402145
2018-01-22 01:45:00+00:00,-206.231842
2018-01-22 01:46:00+00:00,-203.611832
2018-01-22 01:47:00+00:00,-195.078247
2018-01-22 01:48:00+00:00,-181.219009
2018-01-22 01:49:00+00:00,-148.465775
2018-01-22 01:50:00+00:00,-153.507019
2018-01-22 01:51:00+00:00,-148.057755
2018-01-22 01:52:00+00:00,-145.70491
2018-01-22 01:53:00+00:00,-146.52243
2018-01-22 01:54:00+00:00,-108.872932
2018-01-22 01:55:00+00:00,-102.524002
2018-01-22 01:56:00+00:00,-106.873436
2018-01-22 01:57:00+00:00,-162.8927
2018-01-22 01:58:00+00:00,-256.329102
2018-01-22 01:59:00+00:00,-262.381409
2018-01-22 02:00:00+00:00,-223.519592
2018-01-22 02:01:00+00:00,-238.91214
2018-01-22 02:02:00+00:00,-227.873444
2018-01-22 02:03:00+00:00,-165.213486
2018-01-22 02:04:00+00:00,-173.912628
2018-01-22 02:05:00+00:00,-221.346283
2018-01-22 02:06:00+00:00,-231.551941
2018-01-22 02:07:00+00:00,-149.74144
2018-01-22 02:08:00+00:00,-127.145638
2018-01-22 02:09:00+00:00,-98.151161
2018-01-22 02:10:00+00:00,-68.009697
2018-01-22 02:11:00+00:00,-73.724113
2018-01-22 02:12:00+00:00,-70.176613
2018-01-22 02:13:00+00:00,-66.526703
2018-01-22 02:14:00+00:00,-105.702026
2018-01-22 02:15:00+00:00,-110.522034
2018-01-22 02:16:00+00:00,-106.971596
2018-01-22 02:17:00+00:00,-106.230438
2018-01-22 02:18:00+00:00,-123.351799
2018-01-22 02:19:00+00:00,-114.089111
2018-01-22 02:20:00+00:00,-119.278824
2018-01-22 02:21:00+00:00,-105.38678
2018-01-22 02:22:00+00:00,-95.025787
2018-01-22 02:23:00+00:00,-87.271072
2018-01-22 02:24:00+00:00,-69.11924
2018-01-22 02:25:00+00:00,-60.667465
2018-01-22 02:26:00+00:00,-58.358166
2018-01-22 02:27:00+00:00,-65.665962
2018-01-22 02:28:00+00:00,-66.605545
2018-01-22 02:29:00+00:00,-63.815578
2018-01-22 02:30:00+00:00,-89.255676
2018-01-22 02:31:00+00:00,-82.778191
2018-01-22 02:32:00+00:00,-85.09063
2018-01-22 02:33:00+00:00,-96.26416
2018-01-22 02:34:00+00:00,-45.868149
2018-01-22 02:35:00+00:00,-33.605629
2018-01-22 02:36:00+00:00,-31.694633
2018-01-22 02:37:00+00:00,-75.350693
2018-01-22 02:38:00+00:00,-92.144302
2018-01-22 02:39:00+00:00,-65.527229
2018-01-22 02:40:00+00:00,-71.731033
2018-01-22 02:41:00+00:00,-78.228767
2018-01-22 02:42:00+00:00,-60.053646
2018-01-22 02:43:00+00:00,-54.910915
2018-01-22 02:44:00+00:00,-52.926323
2018-01-22 02:45:00+00:00,-100.826569
2018-01-22 02:46:00+00:00,-96.649292
2018-01-22 02:47:00+00:00,-86.859367
2018-01-29 00:00:00+00:00,-29.66535
2018-01-29 00:01:00+00:00,-30.057301
2018-01-29 00:02:00+00:00,-30.312675
2018-01-29 00:03:00+00:00,-32.305447
2018-01-29 00:04:00+00:00,-37.556072
2018-01-29 00:05:00+00:00,-42.2061
2018-01-29 00:06:00+00:00,-44.016224
2018-01-29 00:07:00+00:00,-43.406319
2018-01-29 00:08:00+00:00,-44.961288
2018-01-29 00:09:00+00:00,-46.099052
2018-01-29 00:10:00+00:00,-45.207256
2018-01-29 00:11:00+00:00,-40.64735
2018-01-29 00:12:00+00:00,-35.634766
2018-01-29 00:13:00+00:00,-30.721371
2018-01-29 00:14:00+00:00,-37.632435
2018-01-29 00:15:00+00:00,-48.591606
2018-01-29 00:16:00+00:00,-57.685265
2018-01-29 00:17:00+00:00,-64.495453
2018-01-29 00:18:00+00:00,-54.183319
2018-01-29 00:19:00+00:00,-55.02916
2018-01-29 00:20:00+00:00,-61.882603
2018-01-29 00:21:00+00:00,-60.526867
2018-01-29 00:22:00+00:00,-54.183647
2018-01-29 00:23:00+00:00,-45.749443
2018-01-29 00:24:00+00:00,-35.202797
2018-01-29 00:25:00+00:00,-32.867058
2018-01-29 00:26:00+00:00,-30.029781
2018-01-29 00:27:00+00:00,-26.979279
2018-01-29 00:28:00+00:00,-27.622469
2018-01-29 00:29:00+00:00,-24.976078
2018-01-29 00:30:00+00:00,-24.704632
2018-01-29 00:31:00+00:00,-24.6495
2018-01-29 00:32:00+00:00,-23.599243
2018-01-29 00:33:00+00:00,-22.546099
2018-01-29 00:34:00+00:00,-24.643402
2018-01-29 00:35:00+00:00,-26.740234
2018-01-29 00:36:00+00:00,-29.062225
2018-01-29 00:37:00+00:00,-26.358446
2018-01-29 00:38:00+00:00,-21.418003
2018-01-29 00:39:00+00:00,-19.472727
2018-01-29 00:40:00+00:00,-21.109184
2018-01-29 00:41:00+00:00,-20.765516
2018-01-29 00:42:00+00:00,-24.120846
2018-01-29 00:43:00+00:00,-23.318665
2018-01-29 00:44:00+00:00,-21.436594
2018-01-29 00:45:00+00:00,-21.900391
2018-01-29 00:46:00+00:00,-23.108469
2018-01-29 00:47:00+00:00,-25.545177
2018-01-29 00:48:00+00:00,-26.631392
2018-01-29 00:49:00+00:00,-24.444235
2018-01-29 00:50:00+00:00,-20.707315
2018-01-29 00:51:00+00:00,-21.143766
2018-01-29 00:52:00+00:00,-22.14101
2018-01-29 00:53:00+00:00,-20.65424
2018-01-29 00:54:00+00:00,-21.743145
2018-01-29 00:55:00+00:00,-23.724121
2018-01-29 00:56:00+00:00,-25.110546
2018-01-29 00:57:00+00:00,-25.570021
2018-01-29 00:58:00+00:00,-28.513487
2018-01-29 00:59:00+00:00,-31.635326
2018-01-29 01:00:00+00:00,-31.568398
2018-01-29 01:01:00+00:00,-31.435043
2018-01-29 01:02:00+00:00,-31.506884
2018-01-29 01:03:00+00:00,-32.760635
2018-01-29 01:04:00+00:00,-34.598637
2018-01-29 01:05:00+00:00,-38.401733
2018-01-29 01:06:00+00:00,-42.321289
2018-01-29 01:07:00+00:00,-38.835804
2018-01-29 01:08:00+00:00,-37.846642
2018-01-29 01:09:00+00:00,-42.334259
2018-01-29 01:10:00+00:00,-46.274231
2018-01-29 01:11:00+00:00,-52.759277
2018-01-29 01:12:00+00:00,-51.078545
2018-01-29 01:13:00+00:00,-43.959515
2018-01-29 01:14:00+00:00,-52.973469
2018-01-29 01:15:00+00:00,-50.305943
2018-01-29 01:16:00+00:00,-45.895405
2018-01-29 01:17:00+00:00,-46.241848
2018-01-29 01:18:00+00:00,-43.143108
2018-01-29 01:19:00+00:00,-31.900942
2018-01-29 01:20:00+00:00,-30.558304
2018-01-29 01:21:00+00:00,-27.716749
2018-01-29 01:22:00+00:00,-22.560839
2018-01-29 01:23:00+00:00,-22.372787
2018-01-29 01:24:00+00:00,-17.926125
2018-01-29 01:25:00+00:00,-21.892418
2018-01-29 01:26:00+00:00,-30.691198
2018-01-29 01:27:00+00:00,-40.478893
2018-01-29 01:28:00+00:00,-42.492798
2018-01-29 01:29:00+00:00,-39.95166
2018-01-29 01:30:00+00:00,-39.451202
2018-01-29 01:31:00+00:00,-44.613472
2018-01-29 01:32:00+00:00,-49.406227
2018-01-29 01:33:00+00:00,-50.383179
2018-01-29 01:34:00+00:00,-40.919315
2018-01-29 01:35:00+00:00,-28.935537
2018-01-29 01:36:00+00:00,-21.092606
2018-01-29 01:37:00+00:00,-21.105906
2018-01-29 01:38:00+00:00,-19.12011
2018-01-29 01:39:00+00:00,-18.133249
2018-01-29 01:40:00+00:00,-18.146284
2018-01-29 01:41:00+00:00,-18.159248
2018-01-29 01:42:00+00:00,-17.172033
2018-01-29 01:43:00+00:00,-17.185644
2018-01-29 01:44:00+00:00,-18.198116
2018-01-29 01:45:00+00:00,-18.214317
2018-01-29 01:46:00+00:00,-18.226418
2018-01-29 01:47:00+00:00,-18.23831
2018-01-29 01:48:00+00:00,-18.250956
2018-01-29 01:49:00+00:00,-27.644321
2018-01-29 01:50:00+00:00,-20.459167
2018-01-29 01:51:00+00:00,-15.286428
2018-01-29 01:52:00+00:00,-14.297055
2018-01-29 01:53:00+00:00,-13.306407
2018-01-29 01:54:00+00:00,-14.316422
2018-01-29 01:55:00+00:00,-13.327087
2018-01-29 01:56:00+00:00,-13.877174
2018-01-29 01:57:00+00:00,-17.945513
2018-01-29 01:58:00+00:00,-16.015217
2018-01-29 01:59:00+00:00,-16.082264
2018-01-29 02:00:00+00:00,-13.372063
2018-01-29 02:01:00+00:00,-17.440502
2018-01-29 02:02:00+00:00,-20.90988
2018-01-29 02:03:00+00:00,-30.695005
2018-01-29 02:04:00+00:00,-55.289799
2018-01-29 02:05:00+00:00,-73.730858
2018-01-29 02:06:00+00:00,-75.639709
2018-01-29 02:07:00+00:00,-94.225304
2018-01-29 02:08:00+00:00,-113.128265
2018-01-29 02:09:00+00:00,-119.915955
2018-01-29 02:10:00+00:00,-92.906723
2018-01-29 02:11:00+00:00,-82.679611
2018-01-29 02:12:00+00:00,-80.983696
2018-01-29 02:13:00+00:00,-80.705658
2018-01-29 02:14:00+00:00,-90.013435
2018-01-29 02:15:00+00:00,-106.718552
2018-01-29 02:16:00+00:00,-102.22039
2018-01-29 02:17:00+00:00,-87.580467
2018-01-29 02:18:00+00:00,-95.050713
2018-01-29 02:19:00+00:00,-102.360619
2018-01-29 02:20:00+00:00,-97.798241
2018-01-29 02:21:00+00:00,-83.358681
2018-01-29 02:22:00+00:00,-71.80854
2018-01-29 02:23:00+00:00,-80.961258
2018-01-29 02:24:00+00:00,-83.989685
2018-01-29 02:25:00+00:00,-74.464111
2018-01-29 02:26:00+00:00,-55.485069
2018-01-29 02:27:00+00:00,-34.401257
2018-01-29 02:28:00+00:00,-22.788715
2018-01-29 02:29:00+00:00,-29.889681
2018-01-29 02:30:00+00:00,-29.976854
2018-01-29 02:31:00+00:00,-35.597752
2018-01-29 02:32:00+00:00,-43.143353
2018-01-29 02:33:00+00:00,-27.932831
2018-01-29 02:34:00+00:00,-22.761295
2018-01-29 02:35:00+00:00,-22.224546
2018-01-29 02:36:00+00:00,-23.80109
2018-01-29 02:37:00+00:00,-20.98702
2018-01-29 02:38:00+00:00,-26.25108
2018-01-29 02:39:00+00:00,-28.861797
2018-01-29 02:40:00+00:00,-26.167252
2018-01-29 02:41:00+00:00,-25.563786
2018-01-29 02:42:00+00:00,-15.86096
2018-01-29 02:43:00+00:00,-12.582379
2018-01-29 02:44:00+00:00,-13.496571
2018-01-29 02:45:00+00:00,-13.495216
2018-01-29 02:46:00+00:00,-13.494821
2018-01-29 02:47:00+00:00,-13.603873
2018-02-05 00:00:00+00:00,-12.569852
2018-02-05 00:01:00+00:00,-12.547704
2018-02-05 00:02:00+00:00,-12.525322
2018-02-05 00:03:00+00:00,-12.50289
2018-02-05 00:04:00+00:00,-12.480083
2018-02-05 00:05:00+00:00,-12.457257
2018-02-05 00:06:00+00:00,-12.433595
2018-02-05 00:07:00+00:00,-11.410432
2018-02-05 00:08:00+00:00,-11.386456
2018-02-05 00:09:00+00:00,-11.363011
2018-02-05 00:10:00+00:00,-11.340246
2018-02-05 00:11:00+00:00,-11.316574
2018-02-05 00:12:00+00:00,-12.372108
2018-02-05 00:13:00+00:00,-12.268302
2018-02-05 00:14:00+00:00,-11.244217
2018-02-05 00:15:00+00:00,-11.642455
2018-02-05 00:16:00+00:00,-12.95543
2018-02-05 00:17:00+00:00,-12.779472
2018-02-05 00:18:00+00:00,-11.329323
2018-02-05 00:19:00+00:00,-16.015982
2018-02-05 00:20:00+00:00,-14.570721
2018-02-05 00:21:00+00:00,-13.797848
2018-02-05 00:22:00+00:00,-13.652969
2018-02-05 00:23:00+00:00,-14.600842
2018-02-05 00:24:00+00:00,-14.531292
2018-02-05 00:25:00+00:00,-16.242374
2018-02-05 00:26:00+00:00,-17.654762
2018-02-05 00:27:00+00:00,-17.748159
2018-02-05 00:28:00+00:00,-17.952021
2018-02-05 00:29:00+00:00,-18.265589
2018-02-05 00:30:00+00:00,-16.988426
2018-02-05 00:31:00+00:00,-16.259506
2018-02-05 00:32:00+00:00,-17.039713
2018-02-05 00:33:00+00:00,-16.574034
2018-02-05 00:34:00+00:00,-15.766033
2018-02-05 00:35:00+00:00,-22.373508
2018-02-05 00:36:00+00:00,-26.947151
2018-02-05 00:37:00+00:00,-19.381458
2018-02-05 00:38:00+00:00,-15.715561
2018-02-05 00:39:00+00:00,-16.611591
2018-02-05 00:40:00+00:00,-16.778601
2018-02-05 00:41:00+00:00,-14.678433
2018-02-05 00:42:00+00:00,-13.156344
2018-02-05 00:43:00+00:00,-13.560795
2018-02-05 00:44:00+00:00,-12.537676
2018-02-05 00:45:00+00:00,-12.514314
2018-02-05 00:46:00+00:00,-12.491352
2018-02-05 00:47:00+00:00,-12.468486
2018-02-05 00:48:00+00:00,-12.445893
2018-02-05 00:49:00+00:00,-12.423246
2018-02-05 00:50:00+00:00,-12.400891
2018-02-05 00:51:00+00:00,-12.378503
2018-02-05 00:52:00+00:00,-13.356425
2018-02-05 00:53:00+00:00,-14.333361
2018-02-05 00:54:00+00:00,-14.311602
2018-02-05 00:55:00+00:00,-14.522158
2018-02-05 00:56:00+00:00,-14.267963
2018-02-05 00:57:00+00:00,-14.247573
2018-02-05 00:58:00+00:00,-13.22657
2018-02-05 00:59:00+00:00,-12.205135
2018-02-05 01:00:00+00:00,-12.184571
2018-02-05 01:01:00+00:00,-12.781284
2018-02-05 01:02:00+00:00,-14.47374
2018-02-05 01:03:00+00:00,-15.410537
2018-02-05 01:04:00+00:00,-17.592999
2018-02-05 01:05:00+00:00,-18.90941
2018-02-05 01:06:00+00:00,-20.287859
2018-02-05 01:07:00+00:00,-21.248459
2018-02-05 01:08:00+00:00,-22.829657
2018-02-05 01:09:00+00:00,-24.455853
2018-02-05 01:10:00+00:00,-26.786598
2018-02-05 01:11:00+00:00,-28.69062
2018-02-05 01:12:00+00:00,-29.434902
2018-02-05 01:13:00+00:00,-29.318827
2018-02-05 01:14:00+00:00,-28.762703
2018-02-05 01:15:00+00:00,-33.573719
2018-02-05 01:16:00+00:00,-34.713013
2018-02-05 01:17:00+00:00,-34.621372
2018-02-05 01:18:00+00:00,-37.412971
2018-02-05 01:19:00+00:00,-39.270847
2018-02-05 01:20:00+00:00,-44.923359
2018-02-05 01:21:00+00:00,-48.712723
2018-02-05 01:22:00+00:00,-53.772247
2018-02-05 01:23:00+00:00,-61.292786
2018-02-05 01:24:00+00:00,-57.36272
2018-02-05 01:25:00+00:00,-51.397514
2018-02-05 01:26:00+00:00,-57.282684
2018-02-05 01:27:00+00:00,-67.434402
2018-02-05 01:28:00+00:00,-84.289001
2018-02-05 01:29:00+00:00,-83.533318
2018-02-05 01:30:00+00:00,-79.706078
2018-02-05 01:31:00+00:00,-86.711967
2018-02-05 01:32:00+00:00,-90.870209
2018-02-05 01:33:00+00:00,-103.582985
2018-02-05 01:34:00+00:00,-98.897491
2018-02-05 01:35:00+00:00,-106.829025
2018-02-05 01:36:00+00:00,-105.766571
2018-02-05 01:37:00+00:00,-105.562355
2018-02-05 01:38:00+00:00,-108.387329
2018-02-05 01:39:00+00:00,-116.773911
2018-02-05 01:40:00+00:00,-113.234894
2018-02-05 01:41:00+00:00,-125.246765
2018-02-05 01:42:00+00:00,-133.880814
2018-02-05 01:43:00+00:00,-142.890518
2018-02-05 01:44:00+00:00,-141.052658
2018-02-05 01:45:00+00:00,-141.834595
2018-02-05 01:46:00+00:00,-144.544312
2018-02-05 01:47:00+00:00,-150.940414
2018-02-05 01:48:00+00:00,-162.818588
2018-02-05 01:49:00+00:00,-160.340347
2018-02-05 01:50:00+00:00,-153.065842
2018-02-05 01:51:00+00:00,-156.131195
2018-02-05 01:52:00+00:00,-186.331238
2018-02-05 01:53:00+00:00,-168.518692
2018-02-05 01:54:00+00:00,-216.797165
2018-02-05 01:55:00+00:00,-214.671402
2018-02-05 01:56:00+00:00,-232.300751
2018-02-05 01:57:00+00:00,-210.129395
2018-02-05 01:58:00+00:00,-247.967087
2018-02-05 01:59:00+00:00,-237.739471
2018-02-05 02:00:00+00:00,-212.526764
2018-02-05 02:01:00+00:00,-197.017349
2018-02-05 02:02:00+00:00,-200.58728
2018-02-05 02:03:00+00:00,-218.415237
2018-02-05 02:04:00+00:00,-222.460144
2018-02-05 02:05:00+00:00,-214.685913
2018-02-05 02:06:00+00:00,-198.265213
2018-02-05 02:07:00+00:00,-196.758362
2018-02-05 02:08:00+00:00,-199.184235
2018-02-05 02:09:00+00:00,-219.157715
2018-02-05 02:10:00+00:00,-220.284485
2018-02-05 02:11:00+00:00,-219.86412
2018-02-05 02:12:00+00:00,-226.382294
2018-02-05 02:13:00+00:00,-224.838593
2018-02-05 02:14:00+00:00,-217.324234
2018-02-05 02:15:00+00:00,-215.369095
2018-02-05 02:16:00+00:00,-206.859268
2018-02-05 02:17:00+00:00,-198.915665
2018-02-05 02:18:00+00:00,-188.770523
2018-02-05 02:19:00+00:00,-184.788437
2018-02-05 02:20:00+00:00,-179.963165
2018-02-05 02:21:00+00:00,-177.312668
2018-02-05 02:22:00+00:00,-175.364883
2018-02-05 02:23:00+00:00,-191.034439
2018-02-05 02:24:00+00:00,-196.577789
2018-02-05 02:25:00+00:00,-208.335022
2018-02-05 02:26:00+00:00,-213.384918
2018-02-05 02:27:00+00:00,-222.946503
2018-02-05 02:28:00+00:00,-227.019485
2018-02-05 02:29:00+00:00,-221.03772
2018-02-05 02:30:00+00:00,-215.223557
2018-02-05 02:31:00+00:00,-247.27388
2018-02-05 02:32:00+00:00,-302.430542
2018-02-05 02:33:00+00:00,-403.521881
2018-02-05 02:34:00+00:00,-478.007538
2018-02-05 02:35:00+00:00,-394.632782
2018-02-05 02:36:00+00:00,-388.684326
2018-02-05 02:37:00+00:00,-391.837097
2018-02-05 02:38:00+00:00,-302.462616
2018-02-05 02:39:00+00:00,-291.803741
2018-02-05 02:40:00+00:00,-317.045715
2018-02-05 02:41:00+00:00,-368.839142
2018-02-05 02:42:00+00:00,-418.722382
2018-02-05 02:43:00+00:00,-432.227936
2018-02-05 02:44:00+00:00,-356.711639
2018-02-05 02:45:00+00:00,-356.752258
2018-02-05 02:46:00+00:00,-378.96759
2018-02-05 02:47:00+00:00,-350.003052
2018-02-12 00:00:00+00:00,-12.486019
2018-02-12 00:01:00+00:00,-12.909743
2018-02-12 00:02:00+00:00,-13.471771
2018-02-12 00:03:00+00:00,-12.103907
2018-02-12 00:04:00+00:00,-11.984722
2018-02-12 00:05:00+00:00,-13.762824
2018-02-12 00:06:00+00:00,-14.313067
2018-02-12 00:07:00+00:00,-13.173716
2018-02-12 00:08:00+00:00,-12.204966
2018-02-12 00:09:00+00:00,-12.347432
2018-02-12 00:10:00+00:00,-12.462284
2018-02-12 00:11:00+00:00,-12.681545
2018-02-12 00:12:00+00:00,-12.93181
2018-02-12 00:13:00+00:00,-12.828508
2018-02-12 00:14:00+00:00,-12.673227
2018-02-12 00:15:00+00:00,-12.511971
2018-02-12 00:16:00+00:00,-12.573361
2018-02-12 00:17:00+00:00,-12.873829
2018-02-12 00:18:00+00:00,-13.060059
2018-02-12 00:19:00+00:00,-12.986366
2018-02-12 00:20:00+00:00,-12.953739
2018-02-12 00:21:00+00:00,-12.86239
2018-02-12 00:22:00+00:00,-13.006468
2018-02-12 00:23:00+00:00,-13.043999
2018-02-12 00:24:00+00:00,-13.029878
2018-02-12 00:25:00+00:00,-13.032282
2018-02-12 00:26:00+00:00,-13.008452
2018-02-12 00:27:00+00:00,-12.96895
2018-02-12 00:28:00+00:00,-12.858318
2018-02-12 00:29:00+00:00,-12.679308
2018-02-12 00:30:00+00:00,-12.632226
2018-02-12 00:31:00+00:00,-12.468059
2018-02-12 00:32:00+00:00,-12.665048
2018-02-12 00:33:00+00:00,-12.709717
2018-02-12 00:34:00+00:00,-12.387035
2018-02-12 00:35:00+00:00,-12.323176
2018-02-12 00:36:00+00:00,-13.0951
2018-02-12 00:37:00+00:00,-13.67078
2018-02-12 00:38:00+00:00,-13.263893
2018-02-12 00:39:00+00:00,-13.09339
2018-02-12 00:40:00+00:00,-13.41689
2018-02-12 00:41:00+00:00,-13.442604
2018-02-12 00:42:00+00:00,-12.797294
2018-02-12 00:43:00+00:00,-13.006551
2018-02-12 00:44:00+00:00,-13.007682
2018-02-12 00:45:00+00:00,-13.457043
2018-02-12 00:46:00+00:00,-13.437743
2018-02-12 00:47:00+00:00,-13.414434
2018-02-12 00:48:00+00:00,-13.752554
2018-02-12 00:49:00+00:00,-14.688237
2018-02-12 00:50:00+00:00,-14.287116
2018-02-12 00:51:00+00:00,-12.334153
2018-02-12 00:52:00+00:00,-12.26552
2018-02-12 00:53:00+00:00,-12.239754
2018-02-12 00:54:00+00:00,-12.738302
2018-02-12 00:55:00+00:00,-12.734671
2018-02-12 00:56:00+00:00,-12.675513
2018-02-12 00:57:00+00:00,-12.576264
2018-02-12 00:58:00+00:00,-11.792281
2018-02-12 00:59:00+00:00,-11.811237
2018-02-12 01:00:00+00:00,-11.689128
2018-02-12 01:01:00+00:00,-12.4368
2018-02-12 01:02:00+00:00,-12.56525
2018-02-12 01:03:00+00:00,-12.583426
2018-02-12 01:04:00+00:00,-12.983328
2018-02-12 01:05:00+00:00,-12.801284
2018-02-12 01:06:00+00:00,-12.354489
2018-02-12 01:07:00+00:00,-12.202711
2018-02-12 01:08:00+00:00,-12.349669
2018-02-12 01:09:00+00:00,-12.572901
2018-02-12 01:10:00+00:00,-12.519681
2018-02-12 01:11:00+00:00,-12.487082
2018-02-12 01:12:00+00:00,-12.49835
2018-02-12 01:13:00+00:00,-12.60642
2018-02-12 01:14:00+00:00,-12.597234
2018-02-12 01:15:00+00:00,-12.557809
2018-02-12 01:16:00+00:00,-12.561484
2018-02-12 01:17:00+00:00,-12.552411
2018-02-12 01:18:00+00:00,-12.261251
2018-02-12 01:19:00+00:00,-12.2679
2018-02-12 01:20:00+00:00,-12.657509
2018-02-12 01:21:00+00:00,-12.750208
2018-02-12 01:22:00+00:00,-12.994431
2018-02-12 01:23:00+00:00,-13.414409
2018-02-12 01:24:00+00:00,-13.190996
2018-02-12 01:25:00+00:00,-12.833779
2018-02-12 01:26:00+00:00,-12.615405
2018-02-12 01:27:00+00:00,-12.481986
2018-02-12 01:28:00+00:00,-12.52648
2018-02-12 01:29:00+00:00,-12.470392
2018-02-12 01:30:00+00:00,-12.342136
2018-02-12 01:31:00+00:00,-12.175015
2018-02-12 01:32:00+00:00,-12.204209
2018-02-12 01:33:00+00:00,-12.587112
2018-02-12 01:34:00+00:00,-12.536437
2018-02-12 01:35:00+00:00,-12.411722
2018-02-12 01:36:00+00:00,-12.473536
2018-02-12 01:37:00+00:00,-12.520867
2018-02-12 01:38:00+00:00,-12.37874
2018-02-12 01:39:00+00:00,-12.731883
2018-02-12 01:40:00+00:00,-13.57622
2018-02-12 01:41:00+00:00,-14.439251
2018-02-12 01:42:00+00:00,-14.794441
2018-02-12 01:43:00+00:00,-14.731791
2018-02-12 01:44:00+00:00,-14.529451
2018-02-12 01:45:00+00:00,-14.097655
2018-02-12 01:46:00+00:00,-13.751904
2018-02-12 01:47:00+00:00,-13.472503
2018-02-12 01:48:00+00:00,-13.543783
2018-02-12 01:49:00+00:00,-13.74683
2018-02-12 01:50:00+00:00,-13.593515
2018-02-12 01:51:00+00:00,-13.477229
2018-02-12 01:52:00+00:00,-13.616873
2018-02-12 01:53:00+00:00,-13.573808
2018-02-12 01:54:00+00:00,-13.345254
2018-02-12 01:55:00+00:00,-13.409564
2018-02-12 01:56:00+00:00,-13.671187
2018-02-12 01:57:00+00:00,-13.751052
2018-02-12 01:58:00+00:00,-13.767476
2018-02-12 01:59:00+00:00,-13.810137
2018-02-12 02:00:00+00:00,-13.86739
2018-02-12 02:01:00+00:00,-13.732355
2018-02-12 02:02:00+00:00,-13.610991
2018-02-12 02:03:00+00:00,-13.62845
2018-02-12 02:04:00+00:00,-13.705462
2018-02-12 02:05:00+00:00,-14.017957
2018-02-12 02:06:00+00:00,-14.063816
2018-02-12 02:07:00+00:00,-13.978929
2018-02-12 02:08:00+00:00,-13.925238
2018-02-12 02:09:00+00:00,-13.853087
2018-02-12 02:10:00+00:00,-13.849226
2018-02-12 02:11:00+00:00,-13.946026
2018-02-12 02:12:00+00:00,-13.852308
2018-02-12 02:13:00+00:00,-13.843609
2018-02-12 02:14:00+00:00,-13.9891
2018-02-12 02:15:00+00:00,-14.040801
2018-02-12 02:16:00+00:00,-13.897223
2018-02-12 02:17:00+00:00,-13.867765
2018-02-12 02:18:00+00:00,-14.128362
2018-02-12 02:19:00+00:00,-14.462046
2018-02-12 02:20:00+00:00,-14.480297
2018-02-12 02:21:00+00:00,-14.416343
2018-02-12 02:22:00+00:00,-14.488111
2018-02-12 02:23:00+00:00,-14.832146
2018-02-12 02:24:00+00:00,-14.695677
2018-02-12 02:25:00+00:00,-14.932039
2018-02-12 02:26:00+00:00,-15.131241
2018-02-12 02:27:00+00:00,-14.950325
2018-02-12 02:28:00+00:00,-13.938285
2018-02-12 02:29:00+00:00,-13.173061
2018-02-12 02:30:00+00:00,-13.630319
2018-02-12 02:31:00+00:00,-14.571946
2018-02-12 02:32:00+00:00,-14.931433
2018-02-12 02:33:00+00:00,-15.064423
2018-02-12 02:34:00+00:00,-14.910177
2018-02-12 02:35:00+00:00,-14.683716
2018-02-12 02:36:00+00:00,-14.516682
2018-02-12 02:37:00+00:00,-14.433664
2018-02-12 02:38:00+00:00,-14.406151
2018-02-12 02:39:00+00:00,-14.615959
2018-02-12 02:40:00+00:00,-14.90762
2018-02-12 02:41:00+00:00,-15.205143
2018-02-12 02:42:00+00:00,-15.260282
2018-02-12 02:43:00+00:00,-15.402321
2018-02-12 02:44:00+00:00,-15.46602
2018-02-12 02:45:00+00:00,-15.405568
2018-02-12 02:46:00+00:00,-15.130238
2018-02-12 02:47:00+00:00,-14.632984
2018-02-19 00:00:00+00:00,-153.543411
2018-02-19 00:01:00+00:00,-164.409698
2018-02-19 00:02:00+00:00,-181.436646
2018-02-19 00:03:00+00:00,-188.834335
2018-02-19 00:04:00+00:00,-175.770111
2018-02-19 00:05:00+00:00,-174.070343
2018-02-19 00:06:00+00:00,-181.947357
2018-02-19 00:07:00+00:00,-180.076981
2018-02-19 00:08:00+00:00,-194.580093
2018-02-19 00:09:00+00:00,-212.760696
2018-02-19 00:10:00+00:00,-214.769348
2018-02-19 00:11:00+00:00,-203.370667
2018-02-19 00:12:00+00:00,-198.989075
2018-02-19 00:13:00+00:00,-208.708084
2018-02-19 00:14:00+00:00,-213.626312
2018-02-19 00:15:00+00:00,-223.798889
2018-02-19 00:16:00+00:00,-219.288834
2018-02-19 00:17:00+00:00,-209.878571
2018-02-19 00:18:00+00:00,-202.404083
2018-02-19 00:19:00+00:00,-207.457047
2018-02-19 00:20:00+00:00,-204.667664
2018-02-19 00:21:00+00:00,-202.146408
2018-02-19 00:22:00+00:00,-203.480042
2018-02-19 00:23:00+00:00,-200.697144
2018-02-19 00:24:00+00:00,-203.563034
2018-02-19 00:25:00+00:00,-204.519547
2018-02-19 00:26:00+00:00,-200.154114
2018-02-19 00:27:00+00:00,-201.046417
2018-02-19 00:28:00+00:00,-206.107803
2018-02-19 00:29:00+00:00,-206.069656
2018-02-19 00:30:00+00:00,-200.206879
2018-02-19 00:31:00+00:00,-203.880127
2018-02-19 00:32:00+00:00,-214.618912
2018-02-19 00:33:00+00:00,-224.27861
2018-02-19 00:34:00+00:00,-229.151001
2018-02-19 00:35:00+00:00,-226.931152
2018-02-19 00:36:00+00:00,-223.2733
2018-02-19 00:37:00+00:00,-230.624359
2018-02-19 00:38:00+00:00,-233.87558
2018-02-19 00:39:00+00:00,-239.267792
2018-02-19 00:40:00+00:00,-231.531433
2018-02-19 00:41:00+00:00,-220.371338
2018-02-19 00:42:00+00:00,-211.151718
2018-02-19 00:43:00+00:00,-210.711258
2018-02-19 00:44:00+00:00,-208.142822
2018-02-19 00:45:00+00:00,-209.627258
2018-02-19 00:46:00+00:00,-208.641678
2018-02-19 00:47:00+00:00,-219.677521
2018-02-19 00:48:00+00:00,-228.193344
2018-02-19 00:49:00+00:00,-225.57515
2018-02-19 00:50:00+00:00,-228.216003
2018-02-19 00:51:00+00:00,-231.624023
2018-02-19 00:52:00+00:00,-230.670746
2018-02-19 00:53:00+00:00,-244.403412
2018-02-19 00:54:00+00:00,-260.565552
2018-02-19 00:55:00+00:00,-281.867584
2018-02-19 00:56:00+00:00,-314.404541
2018-02-19 00:57:00+00:00,-342.569489
2018-02-19 00:58:00+00:00,-363.237488
2018-02-19 00:59:00+00:00,-357.551239
2018-02-19 01:00:00+00:00,-345.306152
2018-02-19 01:01:00+00:00,-387.598877
2018-02-19 01:02:00+00:00,-392.943146
2018-02-19 01:03:00+00:00,-407.870941
2018-02-19 01:04:00+00:00,-439.144073
2018-02-19 01:05:00+00:00,-447.139557
2018-02-19 01:06:00+00:00,-453.358124
2018-02-19 01:07:00+00:00,-470.417938
2018-02-19 01:08:00+00:00,-466.976959
2018-02-19 01:09:00+00:00,-446.758759
2018-02-19 01:10:00+00:00,-403.761261
2018-02-19 01:11:00+00:00,-381.294891
2018-02-19 01:12:00+00:00,-409.522583
2018-02-19 01:13:00+00:00,-447.322968
2018-02-19 01:14:00+00:00,-465.15921
2018-02-19 01:15:00+00:00,-408.577972
2018-02-19 01:16:00+00:00,-387.378967
2018-02-19 01:17:00+00:00,-403.561829
2018-02-19 01:18:00+00:00,-381.159302
2018-02-19 01:19:00+00:00,-381.873627
2018-02-19 01:20:00+00:00,-366.360168
2018-02-19 01:21:00+00:00,-368.185425
2018-02-19 01:22:00+00:00,-387.716583
2018-02-19 01:23:00+00:00,-426.904907
2018-02-19 01:24:00+00:00,-433.864807
2018-02-19 01:25:00+00:00,-372.139496
2018-02-19 01:26:00+00:00,-372.148987
2018-02-19 01:27:00+00:00,-368.927002
2018-02-19 01:28:00+00:00,-409.403473
2018-02-19 01:29:00+00:00,-385.708374
2018-02-19 01:30:00+00:00,-362.482086
2018-02-19 01:31:00+00:00,-380.055115
2018-02-19 01:32:00+00:00,-397.422058
2018-02-19 01:33:00+00:00,-399.250854
2018-02-19 01:34:00+00:00,-389.746521
2018-02-19 01:35:00+00:00,-381.711761
2018-02-19 01:36:00+00:00,-373.480072
2018-02-19 01:37:00+00:00,-359.630798
2018-02-19 01:38:00+00:00,-354.018738
2018-02-19 01:39:00+00:00,-338.576111
2018-02-19 01:40:00+00:00,-329.647003
2018-02-19 01:41:00+00:00,-305.164581
2018-02-19 01:42:00+00:00,-275.912201
2018-02-19 01:43:00+00:00,-266.295288
2018-02-19 01:44:00+00:00,-264.64621
2018-02-19 01:45:00+00:00,-281.097443
2018-02-19 01:46:00+00:00,-280.361725
2018-02-19 01:47:00+00:00,-269.024536
2018-02-19 01:48:00+00:00,-290.097992
2018-02-19 01:49:00+00:00,-293.105316
2018-02-19 01:50:00+00:00,-295.145447
2018-02-19 01:51:00+00:00,-300.211212
2018-02-19 01:52:00+00:00,-309.279419
2018-02-19 01:53:00+00:00,-298.061707
2018-02-19 01:54:00+00:00,-284.656403
2018-02-19 01:55:00+00:00,-271.291779
2018-02-19 01:56:00+00:00,-286.594482
2018-02-19 01:57:00+00:00,-295.944641
2018-02-19 01:58:00+00:00,-315.879211
2018-02-19 01:59:00+00:00,-325.480988
2018-02-19 02:00:00+00:00,-327.290283
2018-02-19 02:01:00+00:00,-326.933228
2018-02-19 02:02:00+00:00,-313.99353
2018-02-19 02:03:00+00:00,-310.05484
2018-02-19 02:04:00+00:00,-315.412323
2018-02-19 02:05:00+00:00,-316.758972
2018-02-19 02:06:00+00:00,-308.4505
2018-02-19 02:07:00+00:00,-294.090057
2018-02-19 02:08:00+00:00,-302.343079
2018-02-19 02:09:00+00:00,-406.612091
2018-02-19 02:10:00+00:00,-420.637024
2018-02-19 02:11:00+00:00,-509.194977
2018-02-19 02:12:00+00:00,-553.934265
2018-02-19 02:13:00+00:00,-526.823669
2018-02-19 02:14:00+00:00,-518.60498
2018-02-19 02:15:00+00:00,-530.248962
2018-02-19 02:16:00+00:00,-583.561096
2018-02-19 02:17:00+00:00,-637.374756
2018-02-19 02:18:00+00:00,-666.557556
2018-02-19 02:19:00+00:00,-654.788635
2018-02-19 02:20:00+00:00,-658.703308
2018-02-19 02:21:00+00:00,-646.904358
2018-02-19 02:22:00+00:00,-630.278076
2018-02-19 02:23:00+00:00,-591.776062
2018-02-19 02:24:00+00:00,-624.491516
2018-02-19 02:25:00+00:00,-660.15271
2018-02-19 02:26:00+00:00,-664.125549
2018-02-19 02:27:00+00:00,-650.633667
2018-02-19 02:28:00+00:00,-629.932861
2018-02-19 02:29:00+00:00,-629.7771
2018-02-19 02:30:00+00:00,-615.789368
2018-02-19 02:31:00+00:00,-600.354553
2018-02-19 02:32:00+00:00,-570.471313
2018-02-19 02:33:00+00:00,-579.69281
2018-02-19 02:34:00+00:00,-589.765564
2018-02-19 02:35:00+00:00,-576.574768
2018-02-19 02:36:00+00:00,-601.615051
2018-02-19 02:37:00+00:00,-603.622192
2018-02-19 02:38:00+00:00,-592.375854
2018-02-19 02:39:00+00:00,-562.24176
2018-02-19 02:40:00+00:00,-536.772156
2018-02-19 02:41:00+00:00,-545.477173
2018-02-19 02:42:00+00:00,-518.063354
2018-02-19 02:43:00+00:00,-467.542084
2018-02-19 02:44:00+00:00,-429.583008
2018-02-19 02:45:00+00:00,-408.487366
2018-02-19 02:46:00+00:00,-421.862061
2018-02-19 02:47:00+00:00,-429.989807
2018-02-26 00:00:00+00:00,-188.41217
2018-02-26 00:01:00+00:00,-177.378906
2018-02-26 00:02:00+00:00,-157.088715
2018-02-26 00:03:00+00:00,-139.171249
2018-02-26 00:04:00+00:00,-132.192459
2018-02-26 00:05:00+00:00,-117.65802
2018-02-26 00:06:00+00:00,-118.060608
2018-02-26 00:07:00+00:00,-129.684235
2018-02-26 00:08:00+00:00,-157.88678
2018-02-26 00:09:00+00:00,-201.227798
2018-02-26 00:10:00+00:00,-221.568802
2018-02-26 00:11:00+00:00,-215.869873
2018-02-26 00:12:00+00:00,-179.652969
2018-02-26 00:13:00+00:00,-162.62854
2018-02-26 00:14:00+00:00,-171.898911
2018-02-26 00:15:00+00:00,-139.725342
2018-02-26 00:16:00+00:00,-127.25705
2018-02-26 00:17:00+00:00,-144.678375
2018-02-26 00:18:00+00:00,-149.38353
2018-02-26 00:19:00+00:00,-144.213348
2018-02-26 00:20:00+00:00,-133.372589
2018-02-26 00:21:00+00:00,-116.814568
2018-02-26 00:22:00+00:00,-112.72271
2018-02-26 00:23:00+00:00,-108.523819
2018-02-26 00:24:00+00:00,-135.247086
2018-02-26 00:25:00+00:00,-123.288055
2018-02-26 00:26:00+00:00,-123.61554
2018-02-26 00:27:00+00:00,-123.998924
2018-02-26 00:28:00+00:00,-101.005501
2018-02-26 00:29:00+00:00,-97.183655
2018-02-26 00:30:00+00:00,-95.471825
2018-02-26 00:31:00+00:00,-93.842773
2018-02-26 00:32:00+00:00,-112.24678
2018-02-26 00:33:00+00:00,-104.046997
2018-02-26 00:34:00+00:00,-99.330513
2018-02-26 00:35:00+00:00,-83.428627
2018-02-26 00:36:00+00:00,-53.661827
2018-02-26 00:37:00+00:00,-45.790501
2018-02-26 00:38:00+00:00,-72.570122
2018-02-26 00:39:00+00:00,-109.616562
2018-02-26 00:40:00+00:00,-127.584625
2018-02-26 00:41:00+00:00,-123.123642
2018-02-26 00:42:00+00:00,-131.546005
2018-02-26 00:43:00+00:00,-122.667229
2018-02-26 00:44:00+00:00,-112.215645
2018-02-26 00:45:00+00:00,-99.517555
2018-02-26 00:46:00+00:00,-71.702095
2018-02-26 00:47:00+00:00,-79.247185
2018-02-26 00:48:00+00:00,-92.908768
2018-02-26 00:49:00+00:00,-88.173187
2018-02-26 00:50:00+00:00,-109.121216
2018-02-26 00:51:00+00:00,-114.291306
2018-02-26 00:52:00+00:00,-120.121559
2018-02-26 00:53:00+00:00,-129.949188
2018-02-26 00:54:00+00:00,-134.321655
2018-02-26 00:55:00+00:00,-112.418968
2018-02-26 00:56:00+00:00,-97.233093
2018-02-26 00:57:00+00:00,-88.439568
2018-02-26 00:58:00+00:00,-84.543274
2018-02-26 00:59:00+00:00,-90.769318
2018-02-26 01:00:00+00:00,-85.25885
2018-02-26 01:01:00+00:00,-82.355103
2018-02-26 01:02:00+00:00,-81.338089
2018-02-26 01:03:00+00:00,-74.966324
2018-02-26 01:04:00+00:00,-71.071968
2018-02-26 01:05:00+00:00,-61.362705
2018-02-26 01:06:00+00:00,-52.252777
2018-02-26 01:07:00+00:00,-41.922478
2018-02-26 01:08:00+00:00,-40.365189
2018-02-26 01:09:00+00:00,-44.564865
2018-02-26 01:10:00+00:00,-48.311378
2018-02-26 01:11:00+00:00,-59.420357
2018-02-26 01:12:00+00:00,-59.687325
2018-02-26 01:13:00+00:00,-24.678242
2018-02-26 01:14:00+00:00,-24.071617
2018-02-26 01:15:00+00:00,-24.056269
2018-02-26 01:16:00+00:00,-29.808971
2018-02-26 01:17:00+00:00,-36.349754
2018-02-26 01:18:00+00:00,-55.323914
2018-02-26 01:19:00+00:00,-62.530483
2018-02-26 01:20:00+00:00,-55.463707
2018-02-26 01:21:00+00:00,-56.946579
2018-02-26 01:22:00+00:00,-66.854187
2018-02-26 01:23:00+00:00,-70.801521
2018-02-26 01:24:00+00:00,-64.729095
2018-02-26 01:25:00+00:00,-54.080036
2018-02-26 01:26:00+00:00,-44.815765
2018-02-26 01:27:00+00:00,-41.673103
2018-02-26 01:28:00+00:00,-41.424271
2018-02-26 01:29:00+00:00,-43.253925
2018-02-26 01:30:00+00:00,-49.70433
2018-02-26 01:31:00+00:00,-48.74107
2018-02-26 01:32:00+00:00,-51.782772
2018-02-26 01:33:00+00:00,-48.828815
2018-02-26 01:34:00+00:00,-32.871944
2018-02-26 01:35:00+00:00,-24.919327
2018-02-26 01:36:00+00:00,-21.965683
2018-02-26 01:37:00+00:00,-21.679873
2018-02-26 01:38:00+00:00,-21.007505
2018-02-26 01:39:00+00:00,-20.655087
2018-02-26 01:40:00+00:00,-19.583397
2018-02-26 01:41:00+00:00,-20.084946
2018-02-26 01:42:00+00:00,-19.92881
2018-02-26 01:43:00+00:00,-24.466595
2018-02-26 01:44:00+00:00,-38.593788
2018-02-26 01:45:00+00:00,-39.149746
2018-02-26 01:46:00+00:00,-39.222832
2018-02-26 01:47:00+00:00,-88.708519
2018-02-26 01:48:00+00:00,-186.564194
2018-02-26 01:49:00+00:00,-274.472931
2018-02-26 01:50:00+00:00,-251.078278
2018-02-26 01:51:00+00:00,-248.028702
2018-02-26 01:52:00+00:00,-225.701126
2018-02-26 01:53:00+00:00,-212.444244
2018-02-26 01:54:00+00:00,-217.168152
2018-02-26 01:55:00+00:00,-150.295776
2018-02-26 01:56:00+00:00,-217.726517
2018-02-26 01:57:00+00:00,-274.682007
2018-02-26 01:58:00+00:00,-254.242432
2018-02-26 01:59:00+00:00,-237.906738
2018-02-26 02:00:00+00:00,-244.21698
2018-02-26 02:01:00+00:00,-199.297119
2018-02-26 02:02:00+00:00,-139.253677
2018-02-26 02:03:00+00:00,-148.734009
2018-02-26 02:04:00+00:00,-148.2314
2018-02-26 02:05:00+00:00,-186.94101
2018-02-26 02:06:00+00:00,-220.917648
2018-02-26 02:07:00+00:00,-236.997131
2018-02-26 02:08:00+00:00,-184.83876
2018-02-26 02:09:00+00:00,-199.964844
2018-02-26 02:10:00+00:00,-161.375671
2018-02-26 02:11:00+00:00,-151.169495
2018-02-26 02:12:00+00:00,-142.695496
2018-02-26 02:13:00+00:00,-138.134659
2018-02-26 02:14:00+00:00,-128.95723
2018-02-26 02:15:00+00:00,-132.612885
2018-02-26 02:16:00+00:00,-140.480957
2018-02-26 02:17:00+00:00,-159.855087
2018-02-26 02:18:00+00:00,-165.362259
2018-02-26 02:19:00+00:00,-175.994614
2018-02-26 02:20:00+00:00,-162.723221
2018-02-26 02:21:00+00:00,-157.08017
2018-02-26 02:22:00+00:00,-157.952545
2018-02-26 02:23:00+00:00,-172.369888
2018-02-26 02:24:00+00:00,-174.359756
2018-02-26 02:25:00+00:00,-154.589203
2018-02-26 02:26:00+00:00,-132.539825
2018-02-26 02:27:00+00:00,-142.718384
2018-02-26 02:28:00+00:00,-161.67514
2018-02-26 02:29:00+00:00,-192.616394
2018-02-26 02:30:00+00:00,-237.692612
2018-02-26 02:31:00+00:00,-241.593536
2018-02-26 02:32:00+00:00,-215.151642
2018-02-26 02:33:00+00:00,-229.77356
2018-02-26 02:34:00+00:00,-217.593674
2018-02-26 02:35:00+00:00,-195.621155
2018-02-26 02:36:00+00:00,-192.047028
2018-02-26 02:37:00+00:00,-208.162674
2018-02-26 02:38:00+00:00,-210.4599
2018-02-26 02:39:00+00:00,-198.797485
2018-02-26 02:40:00+00:00,-159.923096
2018-02-26 02:41:00+00:00,-135.529633
2018-02-26 02:42:00+00:00,-148.522537
2018-02-26 02:43:00+00:00,-169.285233
2018-02-26 02:44:00+00:00,-146.407608
2018-02-26 02:45:00+00:00,-140.016251
2018-02-26 02:46:00+00:00,-130.412277
2018-02-26 02:47:00+00:00,-120.975235
2018-03-05 00:00:00+00:00,-14.708211
2018-03-05 00:01:00+00:00,-16.515656
2018-03-05 00:02:00+00:00,-18.06999
2018-03-05 00:03:00+00:00,-20.57151
2018-03-05 00:04:00+00:00,-20.931875
2018-03-05 00:05:00+00:00,-24.123423
2018-03-05 00:06:00+00:00,-24.925907
2018-03-05 00:07:00+00:00,-24.630085
2018-03-05 00:08:00+00:00,-22.646297
2018-03-05 00:09:00+00:00,-24.562185
2018-03-05 00:10:00+00:00,-22.476995
2018-03-05 00:11:00+00:00,-21.393459
2018-03-05 00:12:00+00:00,-26.312847
2018-03-05 00:13:00+00:00,-27.230091
2018-03-05 00:14:00+00:00,-27.148399
2018-03-05 00:15:00+00:00,-25.066626
2018-03-05 00:16:00+00:00,-23.986012
2018-03-05 00:17:00+00:00,-29.907379
2018-03-05 00:18:00+00:00,-30.829998
2018-03-05 00:19:00+00:00,-27.752754
2018-03-05 00:20:00+00:00,-23.925238
2018-03-05 00:21:00+00:00,-20.294205
2018-03-05 00:22:00+00:00,-19.087973
2018-03-05 00:23:00+00:00,-18.317287
2018-03-05 00:24:00+00:00,-16.382479
2018-03-05 00:25:00+00:00,-15.993059
2018-03-05 00:26:00+00:00,-14.437801
2018-03-05 00:27:00+00:00,-14.867167
2018-03-05 00:28:00+00:00,-17.617188
2018-03-05 00:29:00+00:00,-18.127396
2018-03-05 00:30:00+00:00,-16.4848
2018-03-05 00:31:00+00:00,-16.889778
2018-03-05 00:32:00+00:00,-17.205503
2018-03-05 00:33:00+00:00,-17.085007
2018-03-05 00:34:00+00:00,-15.60877
2018-03-05 00:35:00+00:00,-13.894012
2018-03-05 00:36:00+00:00,-14.343035
2018-03-05 00:37:00+00:00,-15.045734
2018-03-05 00:38:00+00:00,-16.325285
2018-03-05 00:39:00+00:00,-17.984943
2018-03-05 00:40:00+00:00,-20.774269
2018-03-05 00:41:00+00:00,-20.137501
2018-03-05 00:42:00+00:00,-18.661661
2018-03-05 00:43:00+00:00,-17.463818
2018-03-05 00:44:00+00:00,-15.150547
2018-03-05 00:45:00+00:00,-13.570337
2018-03-05 00:46:00+00:00,-20.970037
2018-03-05 00:47:00+00:00,-35.913773
2018-03-05 00:48:00+00:00,-45.860828
2018-03-05 00:49:00+00:00,-49.806541
2018-03-05 00:50:00+00:00,-53.755604
2018-03-05 00:51:00+00:00,-47.705338
2018-03-05 00:52:00+00:00,-35.656502
2018-03-05 00:53:00+00:00,-44.606438
2018-03-05 00:54:00+00:00,-49.563354
2018-03-05 00:55:00+00:00,-42.519783
2018-03-05 00:56:00+00:00,-30.477036
2018-03-05 00:57:00+00:00,-25.435783
2018-03-05 00:58:00+00:00,-23.393459
2018-03-05 00:59:00+00:00,-22.354614
2018-03-05 01:00:00+00:00,-18.314762
2018-03-05 01:01:00+00:00,-21.276455
2018-03-05 01:02:00+00:00,-23.241077
2018-03-05 01:03:00+00:00,-24.207195
2018-03-05 01:04:00+00:00,-21.174257
2018-03-05 01:05:00+00:00,-20.140797
2018-03-05 01:06:00+00:00,-19.108253
2018-03-05 01:07:00+00:00,-19.077078
2018-03-05 01:08:00+00:00,-20.04874
2018-03-05 01:09:00+00:00,-24.019547
2018-03-05 01:10:00+00:00,-25.991627
2018-03-05 01:11:00+00:00,-20.964546
2018-03-05 01:12:00+00:00,-19.940628
2018-03-05 01:13:00+00:00,-17.919476
2018-03-05 01:14:00+00:00,-16.618374
2018-03-05 01:15:00+00:00,-17.095703
2018-03-05 01:16:00+00:00,-13.856242
2018-03-05 01:17:00+00:00,-10.834939
2018-03-05 01:18:00+00:00,-8.330275
2018-03-05 01:19:00+00:00,-8.14579
2018-03-05 01:20:00+00:00,-8.33268
2018-03-05 01:21:00+00:00,-8.212702
2018-03-05 01:22:00+00:00,-8.741585
2018-03-05 01:23:00+00:00,-7.493912
2018-03-05 01:24:00+00:00,-7.250589
2018-03-05 01:25:00+00:00,-7.611355
2018-03-05 01:26:00+00:00,-7.569695
2018-03-05 01:27:00+00:00,-6.750231
2018-03-05 01:28:00+00:00,-7.062748
2018-03-05 01:29:00+00:00,-6.413245
2018-03-05 01:30:00+00:00,-5.873819
2018-03-05 01:31:00+00:00,-6.261724
2018-03-05 01:32:00+00:00,-9.254087
2018-03-05 01:33:00+00:00,-8.536202
2018-03-05 01:34:00+00:00,-11.686852
2018-03-05 01:35:00+00:00,-9.588322
2018-03-05 01:36:00+00:00,-6.858249
2018-03-05 01:37:00+00:00,-5.527294
2018-03-05 01:38:00+00:00,-6.519615
2018-03-05 01:39:00+00:00,-8.818027
2018-03-05 01:40:00+00:00,-10.232951
2018-03-05 01:41:00+00:00,-11.579437
2018-03-05 01:42:00+00:00,-11.751221
2018-03-05 01:43:00+00:00,-19.564852
2018-03-05 01:44:00+00:00,-21.567436
2018-03-05 01:45:00+00:00,-14.574646
2018-03-05 01:46:00+00:00,-12.071037
2018-03-05 01:47:00+00:00,-12.244307
2018-03-05 01:48:00+00:00,-13.580747
2018-03-05 01:49:00+00:00,-14.584711
2018-03-05 01:50:00+00:00,-15.593142
2018-03-05 01:51:00+00:00,-5.598268
2018-03-05 01:52:00+00:00,-5.601945
2018-03-05 01:53:00+00:00,-4.370972
2018-03-05 01:54:00+00:00,-5.067008
2018-03-05 01:55:00+00:00,-5.614711
2018-03-05 01:56:00+00:00,-6.176835
2018-03-05 01:57:00+00:00,-6.809793
2018-03-05 01:58:00+00:00,-8.645949
2018-03-05 01:59:00+00:00,-12.656646
2018-03-05 02:00:00+00:00,-14.667756
2018-03-05 02:01:00+00:00,-10.683213
2018-03-05 02:02:00+00:00,-15.687695
2018-03-05 02:03:00+00:00,-17.698616
2018-03-05 02:04:00+00:00,-22.712223
2018-03-05 02:05:00+00:00,-21.724426
2018-03-05 02:06:00+00:00,-20.737343
2018-03-05 02:07:00+00:00,-29.693216
2018-03-05 02:08:00+00:00,-62.299751
2018-03-05 02:09:00+00:00,-98.583374
2018-03-05 02:10:00+00:00,-106.728798
2018-03-05 02:11:00+00:00,-92.075607
2018-03-05 02:12:00+00:00,-75.088631
2018-03-05 02:13:00+00:00,-68.320999
2018-03-05 02:14:00+00:00,-50.143642
2018-03-05 02:15:00+00:00,-32.095352
2018-03-05 02:16:00+00:00,-27.89983
2018-03-05 02:17:00+00:00,-31.723904
2018-03-05 02:18:00+00:00,-39.103703
2018-03-05 02:19:00+00:00,-46.982365
2018-03-05 02:20:00+00:00,-44.235954
2018-03-05 02:21:00+00:00,-41.989212
2018-03-05 02:22:00+00:00,-33.02272
2018-03-05 02:23:00+00:00,-33.046478
2018-03-05 02:24:00+00:00,-25.066746
2018-03-05 02:25:00+00:00,-31.095068
2018-03-05 02:26:00+00:00,-27.120045
2018-03-05 02:27:00+00:00,-23.141327
2018-03-05 02:28:00+00:00,-45.159248
2018-03-05 02:29:00+00:00,-46.181255
2018-03-05 02:30:00+00:00,-33.211601
2018-03-05 02:31:00+00:00,-25.236284
2018-03-05 02:32:00+00:00,-17.263515
2018-03-05 02:33:00+00:00,-19.289024
2018-03-05 02:34:00+00:00,-27.315144
2018-03-05 02:35:00+00:00,-28.345404
2018-03-05 02:36:00+00:00,-21.366524
2018-03-05 02:37:00+00:00,-32.397644
2018-03-05 02:38:00+00:00,-20.423546
2018-03-05 02:39:00+00:00,-19.339911
2018-03-05 02:40:00+00:00,-25.530033
2018-03-05 02:41:00+00:00,-31.302778
2018-03-05 02:42:00+00:00,-38.708221
2018-03-05 02:43:00+00:00,-50.721626
2018-03-05 02:44:00+00:00,-60.62941
2018-03-05 02:45:00+00:00,-59.20565
2018-03-05 02:46:00+00:00,-57.517052
2018-03-05 02:47:00+00:00,-49.533974
2018-03-12 00:00:00+00:00,-40.268639
2018-03-12 00:01:00+00:00,-41.738163
2018-03-12 00:02:00+00:00,-53.525757
2018-03-12 00:03:00+00:00,-54.13353
2018-03-12 00:04:00+00:00,-51.968517
2018-03-12 00:05:00+00:00,-57.500591
2018-03-12 00:06:00+00:00,-52.905361
2018-03-12 00:07:00+00:00,-60.730732
2018-03-12 00:08:00+00:00,-58.424011
2018-03-12 00:09:00+00:00,-54.407909
2018-03-12 00:10:00+00:00,-51.422749
2018-03-12 00:11:00+00:00,-49.781891
2018-03-12 00:12:00+00:00,-49.049854
2018-03-12 00:13:00+00:00,-49.741188
2018-03-12 00:14:00+00:00,-47.602039
2018-03-12 00:15:00+00:00,-41.592281
2018-03-12 00:16:00+00:00,-36.543015
2018-03-12 00:17:00+00:00,-37.406307
2018-03-12 00:18:00+00:00,-40.904842
2018-03-12 00:19:00+00:00,-41.468254
2018-03-12 00:20:00+00:00,-40.272331
2018-03-12 00:21:00+00:00,-37.583633
2018-03-12 00:22:00+00:00,-32.735157
2018-03-12 00:23:00+00:00,-29.091146
2018-03-12 00:24:00+00:00,-27.626472
2018-03-12 00:25:00+00:00,-25.787048
2018-03-12 00:26:00+00:00,-24.657724
2018-03-12 00:27:00+00:00,-24.592627
2018-03-12 00:28:00+00:00,-25.398821
2018-03-12 00:29:00+00:00,-27.178486
2018-03-12 00:30:00+00:00,-28.564857
2018-03-12 00:31:00+00:00,-29.381651
2018-03-12 00:32:00+00:00,-27.983629
2018-03-12 00:33:00+00:00,-26.067659
2018-03-12 00:34:00+00:00,-25.970062
2018-03-12 00:35:00+00:00,-25.923847
2018-03-12 00:36:00+00:00,-24.650093
2018-03-12 00:37:00+00:00,-24.732588
2018-03-12 00:38:00+00:00,-25.581297
2018-03-12 00:39:00+00:00,-26.140926
2018-03-12 00:40:00+00:00,-26.973598
2018-03-12 00:41:00+00:00,-28.860926
2018-03-12 00:42:00+00:00,-32.091602
2018-03-12 00:43:00+00:00,-33.511688
2018-03-12 00:44:00+00:00,-29.333712
2018-03-12 00:45:00+00:00,-26.795324
2018-03-12 00:46:00+00:00,-27.534843
2018-03-12 00:47:00+00:00,-27.380737
2018-03-12 00:48:00+00:00,-28.509413
2018-03-12 00:49:00+00:00,-29.71027
2018-03-12 00:50:00+00:00,-29.825739
2018-03-12 00:51:00+00:00,-29.528023
2018-03-12 00:52:00+00:00,-29.802303
2018-03-12 00:53:00+00:00,-30.479467
2018-03-12 00:54:00+00:00,-33.12038
2018-03-12 00:55:00+00:00,-34.916122
2018-03-12 00:56:00+00:00,-37.189274
2018-03-12 00:57:00+00:00,-37.171936
2018-03-12 00:58:00+00:00,-35.475742
2018-03-12 00:59:00+00:00,-34.611126
2018-03-12 01:00:00+00:00,-35.431892
2018-03-12 01:01:00+00:00,-35.26796
2018-03-12 01:02:00+00:00,-34.271099
2018-03-12 01:03:00+00:00,-33.781818
2018-03-12 01:04:00+00:00,-33.338467
2018-03-12 01:05:00+00:00,-32.856754
2018-03-12 01:06:00+00:00,-33.402374
2018-03-12 01:07:00+00:00,-34.194885
2018-03-12 01:08:00+00:00,-34.157959
2018-03-12 01:09:00+00:00,-33.989113
2018-03-12 01:10:00+00:00,-33.233952
2018-03-12 01:11:00+00:00,-31.451315
2018-03-12 01:12:00+00:00,-30.53545
2018-03-12 01:13:00+00:00,-30.837179
2018-03-12 01:14:00+00:00,-31.64431
2018-03-12 01:15:00+00:00,-33.07719
2018-03-12 01:16:00+00:00,-35.254692
2018-03-12 01:17:00+00:00,-35.261997
2018-03-12 01:18:00+00:00,-33.87228
2018-03-12 01:19:00+00:00,-32.712708
2018-03-12 01:20:00+00:00,-32.172684
2018-03-12 01:21:00+00:00,-32.847122
2018-03-12 01:22:00+00:00,-34.562065
2018-03-12 01:23:00+00:00,-34.402363
2018-03-12 01:24:00+00:00,-34.435562
2018-03-12 01:25:00+00:00,-34.833336
2018-03-12 01:26:00+00:00,-35.127087
2018-03-12 01:27:00+00:00,-34.881077
2018-03-12 01:28:00+00:00,-34.231186
2018-03-12 01:29:00+00:00,-33.147949
2018-03-12 01:30:00+00:00,-32.563122
2018-03-12 01:31:00+00:00,-32.683823
2018-03-12 01:32:00+00:00,-32.624653
2018-03-12 01:33:00+00:00,-30.890343
2018-03-12 01:34:00+00:00,-28.810087
2018-03-12 01:35:00+00:00,-27.513632
2018-03-12 01:36:00+00:00,-27.176836
2018-03-12 01:37:00+00:00,-27.593567
2018-03-12 01:38:00+00:00,-28.163164
2018-03-12 01:39:00+00:00,-27.927689
2018-03-12 01:40:00+00:00,-27.617495
2018-03-12 01:41:00+00:00,-28.81662
2018-03-12 01:42:00+00:00,-30.697821
2018-03-12 01:43:00+00:00,-29.030663
2018-03-12 01:44:00+00:00,-26.53479
2018-03-12 01:45:00+00:00,-25.347921
2018-03-12 01:46:00+00:00,-24.663351
2018-03-12 01:47:00+00:00,-23.763308
2018-03-12 01:48:00+00:00,-24.165323
2018-03-12 01:49:00+00:00,-25.843016
2018-03-12 01:50:00+00:00,-27.33835
2018-03-12 01:51:00+00:00,-28.167891
2018-03-12 01:52:00+00:00,-28.618725
2018-03-12 01:53:00+00:00,-29.377373
2018-03-12 01:54:00+00:00,-29.062904
2018-03-12 01:55:00+00:00,-28.187069
2018-03-12 01:56:00+00:00,-28.57692
2018-03-12 01:57:00+00:00,-28.23349
2018-03-12 01:58:00+00:00,-27.2924
2018-03-12 01:59:00+00:00,-27.610176
2018-03-12 02:00:00+00:00,-29.557764
2018-03-12 02:01:00+00:00,-31.802311
2018-03-12 02:02:00+00:00,-31.990196
2018-03-12 02:03:00+00:00,-30.843283
2018-03-12 02:04:00+00:00,-29.839926
2018-03-12 02:05:00+00:00,-30.59948
2018-03-12 02:06:00+00:00,-31.445
2018-03-12 02:07:00+00:00,-32.172504
2018-03-12 02:08:00+00:00,-31.64444
2018-03-12 02:09:00+00:00,-31.349842
2018-03-12 02:10:00+00:00,-30.59074
2018-03-12 02:11:00+00:00,-30.045603
2018-03-12 02:12:00+00:00,-30.617065
2018-03-12 02:13:00+00:00,-30.187675
2018-03-12 02:14:00+00:00,-30.383726
2018-03-12 02:15:00+00:00,-30.997896
2018-03-12 02:16:00+00:00,-31.531498
2018-03-12 02:17:00+00:00,-32.493015
2018-03-12 02:18:00+00:00,-32.492176
2018-03-12 02:19:00+00:00,-31.042332
2018-03-12 02:20:00+00:00,-30.104786
2018-03-12 02:21:00+00:00,-29.308105
2018-03-12 02:22:00+00:00,-29.70034
2018-03-12 02:23:00+00:00,-30.634243
2018-03-12 02:24:00+00:00,-30.33308
2018-03-12 02:25:00+00:00,-31.137106
2018-03-12 02:26:00+00:00,-33.043991
2018-03-12 02:27:00+00:00,-32.131306
2018-03-12 02:28:00+00:00,-30.33518
2018-03-12 02:29:00+00:00,-29.06328
2018-03-12 02:30:00+00:00,-32.307388
2018-03-12 02:31:00+00:00,-34.283386
2018-03-12 02:32:00+00:00,-32.9739
2018-03-12 02:33:00+00:00,-32.518108
2018-03-12 02:34:00+00:00,-33.502522
2018-03-12 02:35:00+00:00,-32.87104
2018-03-12 02:36:00+00:00,-31.489435
2018-03-12 02:37:00+00:00,-31.373636
2018-03-12 02:38:00+00:00,-31.113817
2018-03-12 02:39:00+00:00,-30.727081
2018-03-12 02:40:00+00:00,-31.052898
2018-03-12 02:41:00+00:00,-31.893509
2018-03-12 02:42:00+00:00,-31.619648
2018-03-12 02:43:00+00:00,-30.426123
2018-03-12 02:44:00+00:00,-30.014732
2018-03-12 02:45:00+00:00,-30.87715
2018-03-12 02:46:00+00:00,-31.550148
2018-03-12 02:47:00+00:00,-31.739252
2018-03-19 00:00:00+00:00,-268.307709
2018-03-19 00:01:00+00:00,-275.265869
2018-03-19 00:02:00+00:00,-261.065521
2018-03-19 00:03:00+00:00,-256.448822
2018-03-19 00:04:00+00:00,-269.555786
2018-03-19 00:05:00+00:00,-277.311035
2018-03-19 00:06:00+00:00,-286.999481
2018-03-19 00:07:00+00:00,-282.7276
2018-03-19 00:08:00+00:00,-274.229919
2018-03-19 00:09:00+00:00,-253.263
2018-03-19 00:10:00+00:00,-240.776184
2018-03-19 00:11:00+00:00,-306.994812
2018-03-19 00:12:00+00:00,-411.967896
2018-03-19 00:13:00+00:00,-465.309204
2018-03-19 00:14:00+00:00,-432.351654
2018-03-19 00:15:00+00:00,-452.800446
2018-03-19 00:16:00+00:00,-453.49353
2018-03-19 00:17:00+00:00,-473.574524
2018-03-19 00:18:00+00:00,-433.664185
2018-03-19 00:19:00+00:00,-390.728668
2018-03-19 00:20:00+00:00,-377.798157
2018-03-19 00:21:00+00:00,-349.867157
2018-03-19 00:22:00+00:00,-345.935791
2018-03-19 00:23:00+00:00,-343.001465
2018-03-19 00:24:00+00:00,-315.065094
2018-03-19 00:25:00+00:00,-319.134796
2018-03-19 00:26:00+00:00,-298.698364
2018-03-19 00:27:00+00:00,-322.347229
2018-03-19 00:28:00+00:00,-331.903473
2018-03-19 00:29:00+00:00,-320.38855
2018-03-19 00:30:00+00:00,-331.61972
2018-03-19 00:31:00+00:00,-325.252563
2018-03-19 00:32:00+00:00,-330.974243
2018-03-19 00:33:00+00:00,-342.37793
2018-03-19 00:34:00+00:00,-383.966034
2018-03-19 00:35:00+00:00,-419.277405
2018-03-19 00:36:00+00:00,-431.766083
2018-03-19 00:37:00+00:00,-434.627716
2018-03-19 00:38:00+00:00,-430.732361
2018-03-19 00:39:00+00:00,-478.092957
2018-03-19 00:40:00+00:00,-522.192261
2018-03-19 00:41:00+00:00,-513.921875
2018-03-19 00:42:00+00:00,-488.483948
2018-03-19 00:43:00+00:00,-453.8974
2018-03-19 00:44:00+00:00,-422.984558
2018-03-19 00:45:00+00:00,-433.696533
2018-03-19 00:46:00+00:00,-435.605652
2018-03-19 00:47:00+00:00,-425.073883
2018-03-19 00:48:00+00:00,-423.465607
2018-03-19 00:49:00+00:00,-427.735504
2018-03-19 00:50:00+00:00,-431.206787
2018-03-19 00:51:00+00:00,-422.516602
2018-03-19 00:52:00+00:00,-414.554626
2018-03-19 00:53:00+00:00,-381.747009
2018-03-19 00:54:00+00:00,-359.659851
2018-03-19 00:55:00+00:00,-371.638245
2018-03-19 00:56:00+00:00,-375.866394
2018-03-19 00:57:00+00:00,-360.5448
2018-03-19 00:58:00+00:00,-352.027344
2018-03-19 00:59:00+00:00,-346.181946
2018-03-19 01:00:00+00:00,-328.966614
2018-03-19 01:01:00+00:00,-320.858856
2018-03-19 01:02:00+00:00,-329.94046
2018-03-19 01:03:00+00:00,-317.012207
2018-03-19 01:04:00+00:00,-299.090912
2018-03-19 01:05:00+00:00,-275.167267
2018-03-19 01:06:00+00:00,-257.244446
2018-03-19 01:07:00+00:00,-255.32724
2018-03-19 01:08:00+00:00,-238.404266
2018-03-19 01:09:00+00:00,-226.487579
2018-03-19 01:10:00+00:00,-208.570602
2018-03-19 01:11:00+00:00,-201.651367
2018-03-19 01:12:00+00:00,-220.03363
2018-03-19 01:13:00+00:00,-253.09671
2018-03-19 01:14:00+00:00,-254.998459
2018-03-19 01:15:00+00:00,-260.790619
2018-03-19 01:16:00+00:00,-324.130768
2018-03-19 01:17:00+00:00,-366.185608
2018-03-19 01:18:00+00:00,-457.451385
2018-03-19 01:19:00+00:00,-423.788513
2018-03-19 01:20:00+00:00,-352.417694
2018-03-19 01:21:00+00:00,-347.920654
2018-03-19 01:22:00+00:00,-348.238617
2018-03-19 01:23:00+00:00,-362.599701
2018-03-19 01:24:00+00:00,-388.5867
2018-03-19 01:25:00+00:00,-385.358337
2018-03-19 01:26:00+00:00,-388.432556
2018-03-19 01:27:00+00:00,-395.358643
2018-03-19 01:28:00+00:00,-400.372803
2018-03-19 01:29:00+00:00,-438.707977
2018-03-19 01:30:00+00:00,-463.109558
2018-03-19 01:31:00+00:00,-422.928772
2018-03-19 01:32:00+00:00,-358.852051
2018-03-19 01:33:00+00:00,-347.033234
2018-03-19 01:34:00+00:00,-321.485168
2018-03-19 01:35:00+00:00,-315.619293
2018-03-19 01:36:00+00:00,-310.922943
2018-03-19 01:37:00+00:00,-301.947968
2018-03-19 01:38:00+00:00,-300.752228
2018-03-19 01:39:00+00:00,-279.539795
2018-03-19 01:40:00+00:00,-277.548096
2018-03-19 01:41:00+00:00,-376.673828
2018-03-19 01:42:00+00:00,-300.936462
2018-03-19 01:43:00+00:00,-316.339966
2018-03-19 01:44:00+00:00,-337.247833
2018-03-19 01:45:00+00:00,-342.16571
2018-03-19 01:46:00+00:00,-485.786713
2018-03-19 01:47:00+00:00,-607.835205
2018-03-19 01:48:00+00:00,-689.952393
2018-03-19 01:49:00+00:00,-676.336548
2018-03-19 01:50:00+00:00,-617.32605
2018-03-19 01:51:00+00:00,-620.421387
2018-03-19 01:52:00+00:00,-701.353394
2018-03-19 01:53:00+00:00,-750.760193
2018-03-19 01:54:00+00:00,-939.724182
2018-03-19 01:55:00+00:00,-783.137085
2018-03-19 01:56:00+00:00,-808.943176
2018-03-19 01:57:00+00:00,-805.107727
2018-03-19 01:58:00+00:00,-1077.326416
2018-03-19 01:59:00+00:00,-1048.281616
2018-03-19 02:00:00+00:00,-1091.468384
2018-03-19 02:01:00+00:00,-1120.412476
2018-03-19 02:02:00+00:00,-1047.464844
2018-03-19 02:03:00+00:00,-1177.517212
2018-03-19 02:04:00+00:00,-1117.276611
2018-03-19 02:05:00+00:00,-889.114319
2018-03-19 02:06:00+00:00,-627.467896
2018-03-19 02:07:00+00:00,-798.464783
2018-03-19 02:08:00+00:00,-858.224243
2018-03-19 02:09:00+00:00,-817.237793
2018-03-19 02:10:00+00:00,-759.877502
2018-03-19 02:11:00+00:00,-732.304626
2018-03-19 02:12:00+00:00,-692.163879
2018-03-19 02:13:00+00:00,-685.246643
2018-03-19 02:14:00+00:00,-666.526184
2018-03-19 02:15:00+00:00,-602.006897
2018-03-19 02:16:00+00:00,-669.005066
2018-03-19 02:17:00+00:00,-646.047119
2018-03-19 02:18:00+00:00,-638.33075
2018-03-19 02:19:00+00:00,-608.655396
2018-03-19 02:20:00+00:00,-602.174744
2018-03-19 02:21:00+00:00,-575.108276
2018-03-19 02:22:00+00:00,-533.515137
2018-03-19 02:23:00+00:00,-567.023987
2018-03-19 02:24:00+00:00,-541.258911
2018-03-19 02:25:00+00:00,-514.054688
2018-03-19 02:26:00+00:00,-455.110382
2018-03-19 02:27:00+00:00,-422.241791
2018-03-19 02:28:00+00:00,-413.596527
2018-03-19 02:29:00+00:00,-480.631775
2018-03-19 02:30:00+00:00,-494.750397
2018-03-19 02:31:00+00:00,-409.576752
2018-03-19 02:32:00+00:00,-455.457611
2018-03-19 02:33:00+00:00,-443.730469
2018-03-19 02:34:00+00:00,-562.642212
2018-03-19 02:35:00+00:00,-343.684784
2018-03-19 02:36:00+00:00,-360.559479
2018-03-19 02:37:00+00:00,-377.242218
2018-03-19 02:38:00+00:00,-458.544189
2018-03-19 02:39:00+00:00,-431.309509
2018-03-19 02:40:00+00:00,-479.271973
2018-03-19 02:41:00+00:00,-613.853882
2018-03-19 02:42:00+00:00,-549.716858
2018-03-19 02:43:00+00:00,-659.173035
2018-03-19 02:44:00+00:00,-714.796631
2018-03-19 02:45:00+00:00,-688.737488
2018-03-19 02:46:00+00:00,-478.203491
2018-03-19 02:47:00+00:00,-442.751587
2018-03-26 00:00:00+00:00,-39.536579
2018-03-26 00:01:00+00:00,-37.821285
2018-03-26 00:02:00+00:00,-32.503536
2018-03-26 00:03:00+00:00,-29.202154
2018-03-26 00:04:00+00:00,-30.48914
2018-03-26 00:05:00+00:00,-29.572826
2018-03-26 00:06:00+00:00,-28.933111
2018-03-26 00:07:00+00:00,-41.951523
2018-03-26 00:08:00+00:00,-33.014503
2018-03-26 00:09:00+00:00,-23.674034
2018-03-26 00:10:00+00:00,-31.588337
2018-03-26 00:11:00+00:00,-41.331505
2018-03-26 00:12:00+00:00,-36.350052
2018-03-26 00:13:00+00:00,-29.016985
2018-03-26 00:14:00+00:00,-30.122314
2018-03-26 00:15:00+00:00,-59.086525
2018-03-26 00:16:00+00:00,-39.922722
2018-03-26 00:17:00+00:00,-25.521357
2018-03-26 00:18:00+00:00,-16.387964
2018-03-26 00:19:00+00:00,-16.356581
2018-03-26 00:20:00+00:00,-19.032589
2018-03-26 00:21:00+00:00,-20.131498
2018-03-26 00:22:00+00:00,-19.206886
2018-03-26 00:23:00+00:00,-23.546738
2018-03-26 00:24:00+00:00,-27.648291
2018-03-26 00:25:00+00:00,-34.464352
2018-03-26 00:26:00+00:00,-43.892315
2018-03-26 00:27:00+00:00,-54.243748
2018-03-26 00:28:00+00:00,-59.777122
2018-03-26 00:29:00+00:00,-65.570625
2018-03-26 00:30:00+00:00,-60.237473
2018-03-26 00:31:00+00:00,-42.533401
2018-03-26 00:32:00+00:00,-30.401676
2018-03-26 00:33:00+00:00,-36.277481
2018-03-26 00:34:00+00:00,-31.279541
2018-03-26 00:35:00+00:00,-48.662125
2018-03-26 00:36:00+00:00,-49.954437
2018-03-26 00:37:00+00:00,-36.414803
2018-03-26 00:38:00+00:00,-37.356197
2018-03-26 00:39:00+00:00,-46.205765
2018-03-26 00:40:00+00:00,-52.192978
2018-03-26 00:41:00+00:00,-50.327271
2018-03-26 00:42:00+00:00,-36.943008
2018-03-26 00:43:00+00:00,-32.102592
2018-03-26 00:44:00+00:00,-30.86068
2018-03-26 00:45:00+00:00,-35.29808
2018-03-26 00:46:00+00:00,-33.551651
2018-03-26 00:47:00+00:00,-33.420387
2018-03-26 00:48:00+00:00,-33.953453
2018-03-26 00:49:00+00:00,-31.048609
2018-03-26 00:50:00+00:00,-27.709591
2018-03-26 00:51:00+00:00,-27.680817
2018-03-26 00:52:00+00:00,-25.655441
2018-03-26 00:53:00+00:00,-37.637127
2018-03-26 00:54:00+00:00,-43.618763
2018-03-26 00:55:00+00:00,-40.603958
2018-03-26 00:56:00+00:00,-37.592766
2018-03-26 00:57:00+00:00,-37.495369
2018-03-26 00:58:00+00:00,-40.260284
2018-03-26 00:59:00+00:00,-31.752243
2018-03-26 01:00:00+00:00,-30.262522
2018-03-26 01:01:00+00:00,-36.415924
2018-03-26 01:02:00+00:00,-42.532948
2018-03-26 01:03:00+00:00,-45.888477
2018-03-26 01:04:00+00:00,-46.280151
2018-03-26 01:05:00+00:00,-42.840984
2018-03-26 01:06:00+00:00,-41.192818
2018-03-26 01:07:00+00:00,-43.48925
2018-03-26 01:08:00+00:00,-51.411766
2018-03-26 01:09:00+00:00,-57.373276
2018-03-26 01:10:00+00:00,-66.011574
2018-03-26 01:11:00+00:00,-86.938675
2018-03-26 01:12:00+00:00,-99.62809
2018-03-26 01:13:00+00:00,-103.738586
2018-03-26 01:14:00+00:00,-102.220139
2018-03-26 01:15:00+00:00,-106.468269
2018-03-26 01:16:00+00:00,-112.97982
2018-03-26 01:17:00+00:00,-114.572754
2018-03-26 01:18:00+00:00,-114.81617
2018-03-26 01:19:00+00:00,-119.865105
2018-03-26 01:20:00+00:00,-127.566811
2018-03-26 01:21:00+00:00,-133.862457
2018-03-26 01:22:00+00:00,-140.561646
2018-03-26 01:23:00+00:00,-152.873154
2018-03-26 01:24:00+00:00,-167.459625
2018-03-26 01:25:00+00:00,-179.199738
2018-03-26 01:26:00+00:00,-177.749786
2018-03-26 01:27:00+00:00,-188.099533
2018-03-26 01:28:00+00:00,-180.075699
2018-03-26 01:29:00+00:00,-185.049713
2018-03-26 01:30:00+00:00,-178.027496
2018-03-26 01:31:00+00:00,-185.007614
2018-03-26 01:32:00+00:00,-185.989532
2018-03-26 01:33:00+00:00,-184.970947
2018-03-26 01:34:00+00:00,-188.954559
2018-03-26 01:35:00+00:00,-173.93985
2018-03-26 01:36:00+00:00,-174.926575
2018-03-26 01:37:00+00:00,-182.914703
2018-03-26 01:38:00+00:00,-191.905075
2018-03-26 01:39:00+00:00,-205.896027
2018-03-26 01:40:00+00:00,-202.889343
2018-03-26 01:41:00+00:00,-198.883041
2018-03-26 01:42:00+00:00,-224.886826
2018-03-26 01:43:00+00:00,-222.897903
2018-03-26 01:44:00+00:00,-253.926926
2018-03-26 01:45:00+00:00,-254.885986
2018-03-26 01:46:00+00:00,-227.922546
2018-03-26 01:47:00+00:00,-230.928177
2018-03-26 01:48:00+00:00,-220.904846
2018-03-26 01:49:00+00:00,-219.912155
2018-03-26 01:50:00+00:00,-206.90799
2018-03-26 01:51:00+00:00,-185.912888
2018-03-26 01:52:00+00:00,-192.972763
2018-03-26 01:53:00+00:00,-209.982254
2018-03-26 01:54:00+00:00,-210.977219
2018-03-26 01:55:00+00:00,-192.975357
2018-03-26 01:56:00+00:00,-195.017654
2018-03-26 01:57:00+00:00,-197.995956
2018-03-26 01:58:00+00:00,-177.983032
2018-03-26 01:59:00+00:00,-147.993759
2018-03-26 02:00:00+00:00,-124.173378
2018-03-26 02:01:00+00:00,-134.19043
2018-03-26 02:02:00+00:00,-149.066452
2018-03-26 02:03:00+00:00,-131.018478
2018-03-26 02:04:00+00:00,-142.682999
2018-03-26 02:05:00+00:00,-163.049545
2018-03-26 02:06:00+00:00,-171.173492
2018-03-26 02:07:00+00:00,-180.200394
2018-03-26 02:08:00+00:00,-245.771103
2018-03-26 02:09:00+00:00,-250.364914
2018-03-26 02:10:00+00:00,-215.736893
2018-03-26 02:11:00+00:00,-194.634201
2018-03-26 02:12:00+00:00,-213.028564
2018-03-26 02:13:00+00:00,-212.323517
2018-03-26 02:14:00+00:00,-201.946854
2018-03-26 02:15:00+00:00,-179.259033
2018-03-26 02:16:00+00:00,-188.347015
2018-03-26 02:17:00+00:00,-223.090393
2018-03-26 02:18:00+00:00,-219.55928
2018-03-26 02:19:00+00:00,-201.575638
2018-03-26 02:20:00+00:00,-205.568451
2018-03-26 02:21:00+00:00,-214.180283
2018-03-26 02:22:00+00:00,-302.577515
2018-03-26 02:23:00+00:00,-289.988159
2018-03-26 02:24:00+00:00,-343.911377
2018-03-26 02:25:00+00:00,-250.540665
2018-03-26 02:26:00+00:00,-247.425186
2018-03-26 02:27:00+00:00,-244.796356
2018-03-26 02:28:00+00:00,-250.927765
2018-03-26 02:29:00+00:00,-264.168823
2018-03-26 02:30:00+00:00,-275.655914
2018-03-26 02:31:00+00:00,-298.664703
2018-03-26 02:32:00+00:00,-313.817932
2018-03-26 02:33:00+00:00,-323.472534
2018-03-26 02:34:00+00:00,-321.099762
2018-03-26 02:35:00+00:00,-324.523102
2018-03-26 02:36:00+00:00,-324.073151
2018-03-26 02:37:00+00:00,-331.500702
2018-03-26 02:38:00+00:00,-334.751587
2018-03-26 02:39:00+00:00,-338.346771
2018-03-26 02:40:00+00:00,-332.984406
2018-03-26 02:41:00+00:00,-330.110229
2018-03-26 02:42:00+00:00,-334.91098
2018-03-26 02:43:00+00:00,-335.8461
2018-03-26 02:44:00+00:00,-329.689423
2018-03-26 02:45:00+00:00,-332.464539
2018-03-26 02:46:00+00:00,-347.153137
2018-03-26 02:47:00+00:00,-355.158936
2018-04-02 00:00:00+00:00,-21.14156
2018-04-02 00:01:00+00:00,-18.313053
2018-04-02 00:02:00+00:00,-13.643852
2018-04-02 00:03:00+00:00,-11.64032
2018-04-02 00:04:00+00:00,-11.289444
2018-04-02 00:05:00+00:00,-11.246626
2018-04-02 00:06:00+00:00,-13.366077
2018-04-02 00:07:00+00:00,-13.634117
2018-04-02 00:08:00+00:00,-15.941803
2018-04-02 00:09:00+00:00,-17.527258
2018-04-02 00:10:00+00:00,-12.652711
2018-04-02 00:11:00+00:00,-11.496347
2018-04-02 00:12:00+00:00,-11.99316
2018-04-02 00:13:00+00:00,-11.642065
2018-04-02 00:14:00+00:00,-10.930317
2018-04-02 00:15:00+00:00,-10.940912
2018-04-02 00:16:00+00:00,-11.700174
2018-04-02 00:17:00+00:00,-13.135445
2018-04-02 00:18:00+00:00,-13.703579
2018-04-02 00:19:00+00:00,-13.259159
2018-04-02 00:20:00+00:00,-14.625747
2018-04-02 00:21:00+00:00,-20.550568
2018-04-02 00:22:00+00:00,-17.473621
2018-04-02 00:23:00+00:00,-16.395767
2018-04-02 00:24:00+00:00,-15.10211
2018-04-02 00:25:00+00:00,-16.915493
2018-04-02 00:26:00+00:00,-20.092617
2018-04-02 00:27:00+00:00,-21.718639
2018-04-02 00:28:00+00:00,-23.017178
2018-04-02 00:29:00+00:00,-23.944277
2018-04-02 00:30:00+00:00,-21.866783
2018-04-02 00:31:00+00:00,-14.542953
2018-04-02 00:32:00+00:00,-14.39005
2018-04-02 00:33:00+00:00,-14.040645
2018-04-02 00:34:00+00:00,-14.435011
2018-04-02 00:35:00+00:00,-14.545121
2018-04-02 00:36:00+00:00,-14.559555
2018-04-02 00:37:00+00:00,-14.132221
2018-04-02 00:38:00+00:00,-16.631124
2018-04-02 00:39:00+00:00,-14.709259
2018-04-02 00:40:00+00:00,-16.198563
2018-04-02 00:41:00+00:00,-16.969915
2018-04-02 00:42:00+00:00,-26.329683
2018-04-02 00:43:00+00:00,-50.822025
2018-04-02 00:44:00+00:00,-49.144672
2018-04-02 00:45:00+00:00,-37.545738
2018-04-02 00:46:00+00:00,-48.064514
2018-04-02 00:47:00+00:00,-39.588203
2018-04-02 00:48:00+00:00,-23.92164
2018-04-02 00:49:00+00:00,-19.424385
2018-04-02 00:50:00+00:00,-17.350983
2018-04-02 00:51:00+00:00,-33.978699
2018-04-02 00:52:00+00:00,-33.255562
2018-04-02 00:53:00+00:00,-28.217419
2018-04-02 00:54:00+00:00,-28.227951
2018-04-02 00:55:00+00:00,-28.223347
2018-04-02 00:56:00+00:00,-26.103268
2018-04-02 00:57:00+00:00,-22.234535
2018-04-02 00:58:00+00:00,-20.020576
2018-04-02 00:59:00+00:00,-19.687056
2018-04-02 01:00:00+00:00,-20.17811
2018-04-02 01:01:00+00:00,-23.171585
2018-04-02 01:02:00+00:00,-24.776257
2018-04-02 01:03:00+00:00,-24.248997
2018-04-02 01:04:00+00:00,-27.322025
2018-04-02 01:05:00+00:00,-26.665789
2018-04-02 01:06:00+00:00,-32.841698
2018-04-02 01:07:00+00:00,-39.577477
2018-04-02 01:08:00+00:00,-42.646812
2018-04-02 01:09:00+00:00,-65.043678
2018-04-02 01:10:00+00:00,-71.221741
2018-04-02 01:11:00+00:00,-78.950523
2018-04-02 01:12:00+00:00,-89.873207
2018-04-02 01:13:00+00:00,-97.892838
2018-04-02 01:14:00+00:00,-100.528564
2018-04-02 01:15:00+00:00,-81.894318
2018-04-02 01:16:00+00:00,-61.479988
2018-04-02 01:17:00+00:00,-56.73835
2018-04-02 01:18:00+00:00,-74.553177
2018-04-02 01:19:00+00:00,-111.958374
2018-04-02 01:20:00+00:00,-95.346069
2018-04-02 01:21:00+00:00,-96.662262
2018-04-02 01:22:00+00:00,-95.670601
2018-04-02 01:23:00+00:00,-94.544685
2018-04-02 01:24:00+00:00,-76.447052
2018-04-02 01:25:00+00:00,-58.239777
2018-04-02 01:26:00+00:00,-52.412086
2018-04-02 01:27:00+00:00,-71.027267
2018-04-02 01:28:00+00:00,-80.855209
2018-04-02 01:29:00+00:00,-98.340042
2018-04-02 01:30:00+00:00,-108.592926
2018-04-02 01:31:00+00:00,-102.897667
2018-04-02 01:32:00+00:00,-101.250687
2018-04-02 01:33:00+00:00,-91.573128
2018-04-02 01:34:00+00:00,-100.181305
2018-04-02 01:35:00+00:00,-121.182571
2018-04-02 01:36:00+00:00,-115.627472
2018-04-02 01:37:00+00:00,-107.976677
2018-04-02 01:38:00+00:00,-111.493561
2018-04-02 01:39:00+00:00,-123.538559
2018-04-02 01:40:00+00:00,-156.522034
2018-04-02 01:41:00+00:00,-208.560226
2018-04-02 01:42:00+00:00,-290.612152
2018-04-02 01:43:00+00:00,-311.391663
2018-04-02 01:44:00+00:00,-240.160522
2018-04-02 01:45:00+00:00,-243.570129
2018-04-02 01:46:00+00:00,-208.423233
2018-04-02 01:47:00+00:00,-180.729614
2018-04-02 01:48:00+00:00,-272.795929
2018-04-02 01:49:00+00:00,-286.846863
2018-04-02 01:50:00+00:00,-228.737823
2018-04-02 01:51:00+00:00,-212.004028
2018-04-02 01:52:00+00:00,-272.101562
2018-04-02 01:53:00+00:00,-189.425003
2018-04-02 01:54:00+00:00,-161.582642
2018-04-02 01:55:00+00:00,-175.741714
2018-04-02 01:56:00+00:00,-178.213516
2018-04-02 01:57:00+00:00,-174.857178
2018-04-02 01:58:00+00:00,-179.153076
2018-04-02 01:59:00+00:00,-177.728195
2018-04-02 02:00:00+00:00,-163.833557
2018-04-02 02:01:00+00:00,-157.05043
2018-04-02 02:02:00+00:00,-148.386093
2018-04-02 02:03:00+00:00,-134.187195
2018-04-02 02:04:00+00:00,-121.042686
2018-04-02 02:05:00+00:00,-109.813629
2018-04-02 02:06:00+00:00,-99.297951
2018-04-02 02:07:00+00:00,-94.062012
2018-04-02 02:08:00+00:00,-93.592255
2018-04-02 02:09:00+00:00,-91.564133
2018-04-02 02:10:00+00:00,-84.792206
2018-04-02 02:11:00+00:00,-76.48835
2018-04-02 02:12:00+00:00,-68.993507
2018-04-02 02:13:00+00:00,-62.997757
2018-04-02 02:14:00+00:00,-60.733154
2018-04-02 02:15:00+00:00,-60.875134
2018-04-02 02:16:00+00:00,-58.357601
2018-04-02 02:17:00+00:00,-53.70755
2018-04-02 02:18:00+00:00,-67.644264
2018-04-02 02:19:00+00:00,-78.500801
2018-04-02 02:20:00+00:00,-59.777054
2018-04-02 02:21:00+00:00,-56.204597
2018-04-02 02:22:00+00:00,-52.796089
2018-04-02 02:23:00+00:00,-47.973534
2018-04-02 02:24:00+00:00,-46.396553
2018-04-02 02:25:00+00:00,-44.581879
2018-04-02 02:26:00+00:00,-43.498238
2018-04-02 02:27:00+00:00,-55.225471
2018-04-02 02:28:00+00:00,-49.109444
2018-04-02 02:29:00+00:00,-46.686012
2018-04-02 02:30:00+00:00,-46.049835
2018-04-02 02:31:00+00:00,-44.954666
2018-04-02 02:32:00+00:00,-41.549637
2018-04-02 02:33:00+00:00,-34.71167
2018-04-02 02:34:00+00:00,-35.912178
2018-04-02 02:35:00+00:00,-38.815674
2018-04-02 02:36:00+00:00,-37.378906
2018-04-02 02:37:00+00:00,-35.935833
2018-04-02 02:38:00+00:00,-34.052628
2018-04-02 02:39:00+00:00,-29.206228
2018-04-02 02:40:00+00:00,-25.403233
2018-04-02 02:41:00+00:00,-25.754936
2018-04-02 02:42:00+00:00,-40.406906
2018-04-02 02:43:00+00:00,-45.932442
2018-04-02 02:44:00+00:00,-31.759659
2018-04-02 02:45:00+00:00,-39.501961
2018-04-02 02:46:00+00:00,-45.401299
2018-04-02 02:47:00+00:00,-38.380653
2018-04-09 00:00:00+00:00,-85.343933
2018-04-09 00:01:00+00:00,-95.491646
2018-04-09 00:02:00+00:00,-104.999832
2018-04-09 00:03:00+00:00,-109.840141
2018-04-09 00:04:00+00:00,-95.272072
2018-04-09 00:05:00+00:00,-92.46862
2018-04-09 00:06:00+00:00,-93.935944
2018-04-09 00:07:00+00:00,-99.921188
2018-04-09 00:08:00+00:00,-105.801285
2018-04-09 00:09:00+00:00,-120.757698
2018-04-09 00:10:00+00:00,-113.913002
2018-04-09 00:11:00+00:00,-101.873764
2018-04-09 00:12:00+00:00,-97.617935
2018-04-09 00:13:00+00:00,-100.100853
2018-04-09 00:14:00+00:00,-103.505478
2018-04-09 00:15:00+00:00,-107.775703
2018-04-09 00:16:00+00:00,-107.83046
2018-04-09 00:17:00+00:00,-107.883408
2018-04-09 00:18:00+00:00,-103.470673
2018-04-09 00:19:00+00:00,-99.036163
2018-04-09 00:20:00+00:00,-92.149033
2018-04-09 00:21:00+00:00,-86.249329
2018-04-09 00:22:00+00:00,-89.415039
2018-04-09 00:23:00+00:00,-96.376648
2018-04-09 00:24:00+00:00,-98.550308
2018-04-09 00:25:00+00:00,-100.184845
2018-04-09 00:26:00+00:00,-96.438263
2018-04-09 00:27:00+00:00,-96.053909
2018-04-09 00:28:00+00:00,-97.970566
2018-04-09 00:29:00+00:00,-96.271866
2018-04-09 00:30:00+00:00,-87.178864
2018-04-09 00:31:00+00:00,-80.351334
2018-04-09 00:32:00+00:00,-85.730583
2018-04-09 00:33:00+00:00,-87.47509
2018-04-09 00:34:00+00:00,-82.985558
2018-04-09 00:35:00+00:00,-77.1306
2018-04-09 00:36:00+00:00,-74.547638
2018-04-09 00:37:00+00:00,-71.381767
2018-04-09 00:38:00+00:00,-69.765167
2018-04-09 00:39:00+00:00,-70.576332
2018-04-09 00:40:00+00:00,-69.753227
2018-04-09 00:41:00+00:00,-70.393166
2018-04-09 00:42:00+00:00,-74.619911
2018-04-09 00:43:00+00:00,-76.767624
2018-04-09 00:44:00+00:00,-82.360222
2018-04-09 00:45:00+00:00,-85.478065
2018-04-09 00:46:00+00:00,-84.098007
2018-04-09 00:47:00+00:00,-85.023071
2018-04-09 00:48:00+00:00,-95.820297
2018-04-09 00:49:00+00:00,-109.600929
2018-04-09 00:50:00+00:00,-106.044785
2018-04-09 00:51:00+00:00,-106.421944
2018-04-09 00:52:00+00:00,-103.085739
2018-04-09 00:53:00+00:00,-81.369621
2018-04-09 00:54:00+00:00,-75.569847
2018-04-09 00:55:00+00:00,-75.32122
2018-04-09 00:56:00+00:00,-76.374527
2018-04-09 00:57:00+00:00,-75.964561
2018-04-09 00:58:00+00:00,-97.705544
2018-04-09 00:59:00+00:00,-97.598122
2018-04-09 01:00:00+00:00,-141.879776
2018-04-09 01:01:00+00:00,-97.282814
2018-04-09 01:02:00+00:00,-85.719345
2018-04-09 01:03:00+00:00,-73.581421
2018-04-09 01:04:00+00:00,-73.291794
2018-04-09 01:05:00+00:00,-92.588341
2018-04-09 01:06:00+00:00,-121.013489
2018-04-09 01:07:00+00:00,-130.941055
2018-04-09 01:08:00+00:00,-103.254204
2018-04-09 01:09:00+00:00,-101.244331
2018-04-09 01:10:00+00:00,-96.276047
2018-04-09 01:11:00+00:00,-77.341599
2018-04-09 01:12:00+00:00,-74.405624
2018-04-09 01:13:00+00:00,-74.2966
2018-04-09 01:14:00+00:00,-72.556335
2018-04-09 01:15:00+00:00,-70.896355
2018-04-09 01:16:00+00:00,-69.07486
2018-04-09 01:17:00+00:00,-68.871582
2018-04-09 01:18:00+00:00,-68.820686
2018-04-09 01:19:00+00:00,-68.609123
2018-04-09 01:20:00+00:00,-67.952835
2018-04-09 01:21:00+00:00,-67.032906
2018-04-09 01:22:00+00:00,-66.016319
2018-04-09 01:23:00+00:00,-65.901566
2018-04-09 01:24:00+00:00,-65.965118
2018-04-09 01:25:00+00:00,-65.103882
2018-04-09 01:26:00+00:00,-64.691887
2018-04-09 01:27:00+00:00,-64.275452
2018-04-09 01:28:00+00:00,-63.461136
2018-04-09 01:29:00+00:00,-63.846046
2018-04-09 01:30:00+00:00,-64.550735
2018-04-09 01:31:00+00:00,-65.220818
2018-04-09 01:32:00+00:00,-65.531548
2018-04-09 01:33:00+00:00,-65.229988
2018-04-09 01:34:00+00:00,-64.70916
2018-04-09 01:35:00+00:00,-65.092224
2018-04-09 01:36:00+00:00,-65.152069
2018-04-09 01:37:00+00:00,-65.334007
2018-04-09 01:38:00+00:00,-66.037903
2018-04-09 01:39:00+00:00,-66.5783
2018-04-09 01:40:00+00:00,-67.01033
2018-04-09 01:41:00+00:00,-68.214851
2018-04-09 01:42:00+00:00,-68.879814
2018-04-09 01:43:00+00:00,-68.862732
2018-04-09 01:44:00+00:00,-68.78611
2018-04-09 01:45:00+00:00,-68.851578
2018-04-09 01:46:00+00:00,-68.481094
2018-04-09 01:47:00+00:00,-68.400688
2018-04-09 01:48:00+00:00,-68.969749
2018-04-09 01:49:00+00:00,-69.771713
2018-04-09 01:50:00+00:00,-70.414101
2018-04-09 01:51:00+00:00,-70.151268
2018-04-09 01:52:00+00:00,-69.704887
2018-04-09 01:53:00+00:00,-69.144745
2018-04-09 01:54:00+00:00,-69.282448
2018-04-09 01:55:00+00:00,-70.295212
2018-04-09 01:56:00+00:00,-71.381271
2018-04-09 01:57:00+00:00,-72.191467
2018-04-09 01:58:00+00:00,-71.72686
2018-04-09 01:59:00+00:00,-70.817978
2018-04-09 02:00:00+00:00,-70.370544
2018-04-09 02:01:00+00:00,-69.826157
2018-04-09 02:02:00+00:00,-69.91581
2018-04-09 02:03:00+00:00,-69.57016
2018-04-09 02:04:00+00:00,-68.874596
2018-04-09 02:05:00+00:00,-68.781303
2018-04-09 02:06:00+00:00,-69.094421
2018-04-09 02:07:00+00:00,-69.160614
2018-04-09 02:08:00+00:00,-68.564308
2018-04-09 02:09:00+00:00,-67.426613
2018-04-09 02:10:00+00:00,-66.924728
2018-04-09 02:11:00+00:00,-65.960983
2018-04-09 02:12:00+00:00,-65.429375
2018-04-09 02:13:00+00:00,-64.068184
2018-04-09 02:14:00+00:00,-63.948189
2018-04-09 02:15:00+00:00,-64.52784
2018-04-09 02:16:00+00:00,-65.230965
2018-04-09 02:17:00+00:00,-66.464272
2018-04-09 02:18:00+00:00,-67.560745
2018-04-09 02:19:00+00:00,-68.043282
2018-04-09 02:20:00+00:00,-68.631638
2018-04-09 02:21:00+00:00,-68.640694
2018-04-09 02:22:00+00:00,-68.377083
2018-04-09 02:23:00+00:00,-68.457443
2018-04-09 02:24:00+00:00,-68.44236
2018-04-09 02:25:00+00:00,-68.424065
2018-04-09 02:26:00+00:00,-67.745308
2018-04-09 02:27:00+00:00,-66.384041
2018-04-09 02:28:00+00:00,-63.657722
2018-04-09 02:29:00+00:00,-61.655636
2018-04-09 02:30:00+00:00,-61.260014
2018-04-09 02:31:00+00:00,-61.282631
2018-04-09 02:32:00+00:00,-61.203526
2018-04-09 02:33:00+00:00,-61.484608
2018-04-09 02:34:00+00:00,-61.796207
2018-04-09 02:35:00+00:00,-62.290821
2018-04-09 02:36:00+00:00,-62.176861
2018-04-09 02:37:00+00:00,-61.757065
2018-04-09 02:38:00+00:00,-61.605068
2018-04-09 02:39:00+00:00,-61.517914
2018-04-09 02:40:00+00:00,-61.742104
2018-04-09 02:41:00+00:00,-61.751259
2018-04-09 02:42:00+00:00,-61.34362
2018-04-09 02:43:00+00:00,-60.963715
2018-04-09 02:44:00+00:00,-61.148067
2018-04-09 02:45:00+00:00,-61.243732
2018-04-09 02:46:00+00:00,-61.240177
2018-04-09 02:47:00+00:00,-61.472744
2018-04-16 00:00:00+00:00,-120.902115
2018-04-16 00:01:00+00:00,-119.977913
2018-04-16 00:02:00+00:00,-117.986053
2018-04-16 00:03:00+00:00,-112.58223
2018-04-16 00:04:00+00:00,-106.412544
2018-04-16 00:05:00+00:00,-105.517189
2018-04-16 00:06:00+00:00,-110.258949
2018-04-16 00:07:00+00:00,-114.158745
2018-04-16 00:08:00+00:00,-116.953903
2018-04-16 00:09:00+00:00,-117.648621
2018-04-16 00:10:00+00:00,-121.967461
2018-04-16 00:11:00+00:00,-125.986801
2018-04-16 00:12:00+00:00,-124.22995
2018-04-16 00:13:00+00:00,-123.086731
2018-04-16 00:14:00+00:00,-118.682541
2018-04-16 00:15:00+00:00,-114.237488
2018-04-16 00:16:00+00:00,-115.529427
2018-04-16 00:17:00+00:00,-120.040138
2018-04-16 00:18:00+00:00,-120.459503
2018-04-16 00:19:00+00:00,-117.534012
2018-04-16 00:20:00+00:00,-113.315842
2018-04-16 00:21:00+00:00,-114.871796
2018-04-16 00:22:00+00:00,-111.796059
2018-04-16 00:23:00+00:00,-111.413139
2018-04-16 00:24:00+00:00,-111.338852
2018-04-16 00:25:00+00:00,-105.821602
2018-04-16 00:26:00+00:00,-100.802917
2018-04-16 00:27:00+00:00,-95.47023
2018-04-16 00:28:00+00:00,-99.00927
2018-04-16 00:29:00+00:00,-108.518112
2018-04-16 00:30:00+00:00,-117.168434
2018-04-16 00:31:00+00:00,-121.770142
2018-04-16 00:32:00+00:00,-120.554436
2018-04-16 00:33:00+00:00,-125.064514
2018-04-16 00:34:00+00:00,-152.483429
2018-04-16 00:35:00+00:00,-141.000412
2018-04-16 00:36:00+00:00,-144.956268
2018-04-16 00:37:00+00:00,-171.574692
2018-04-16 00:38:00+00:00,-140.655518
2018-04-16 00:39:00+00:00,-130.473175
2018-04-16 00:40:00+00:00,-129.951523
2018-04-16 00:41:00+00:00,-130.675949
2018-04-16 00:42:00+00:00,-184.067169
2018-04-16 00:43:00+00:00,-176.475616
2018-04-16 00:44:00+00:00,-125.219414
2018-04-16 00:45:00+00:00,-122.80162
2018-04-16 00:46:00+00:00,-123.248901
2018-04-16 00:47:00+00:00,-125.732208
2018-04-16 00:48:00+00:00,-139.158508
2018-04-16 00:49:00+00:00,-146.860992
2018-04-16 00:50:00+00:00,-130.881287
2018-04-16 00:51:00+00:00,-128.0327
2018-04-16 00:52:00+00:00,-127.235085
2018-04-16 00:53:00+00:00,-125.645401
2018-04-16 00:54:00+00:00,-126.893623
2018-04-16 00:55:00+00:00,-129.215851
2018-04-16 00:56:00+00:00,-127.079453
2018-04-16 00:57:00+00:00,-127.634193
2018-04-16 00:58:00+00:00,-127.678558
2018-04-16 00:59:00+00:00,-126.245605
2018-04-16 01:00:00+00:00,-129.639404
2018-04-16 01:01:00+00:00,-136.98999
2018-04-16 01:02:00+00:00,-136.474045
2018-04-16 01:03:00+00:00,-141.430954
2018-04-16 01:04:00+00:00,-149.07962
2018-04-16 01:05:00+00:00,-143.025558
2018-04-16 01:06:00+00:00,-143.162537
2018-04-16 01:07:00+00:00,-173.22731
2018-04-16 01:08:00+00:00,-150.642532
2018-04-16 01:09:00+00:00,-139.839951
2018-04-16 01:10:00+00:00,-148.841705
2018-04-16 01:11:00+00:00,-167.679626
2018-04-16 01:12:00+00:00,-141.930817
2018-04-16 01:13:00+00:00,-144.008942
2018-04-16 01:14:00+00:00,-154.057831
2018-04-16 01:15:00+00:00,-173.941208
2018-04-16 01:16:00+00:00,-186.848923
2018-04-16 01:17:00+00:00,-151.326904
2018-04-16 01:18:00+00:00,-147.708313
2018-04-16 01:19:00+00:00,-154.738846
2018-04-16 01:20:00+00:00,-126.233582
2018-04-16 01:21:00+00:00,-119.372047
2018-04-16 01:22:00+00:00,-119.979141
2018-04-16 01:23:00+00:00,-120.056732
2018-04-16 01:24:00+00:00,-115.686295
2018-04-16 01:25:00+00:00,-125.473412
2018-04-16 01:26:00+00:00,-111.045204
2018-04-16 01:27:00+00:00,-108.129631
2018-04-16 01:28:00+00:00,-100.222191
2018-04-16 01:29:00+00:00,-95.184937
2018-04-16 01:30:00+00:00,-94.233154
2018-04-16 01:31:00+00:00,-95.821487
2018-04-16 01:32:00+00:00,-101.28331
2018-04-16 01:33:00+00:00,-105.509384
2018-04-16 01:34:00+00:00,-108.973122
2018-04-16 01:35:00+00:00,-113.869377
2018-04-16 01:36:00+00:00,-118.829765
2018-04-16 01:37:00+00:00,-120.373131
2018-04-16 01:38:00+00:00,-119.451202
2018-04-16 01:39:00+00:00,-113.166725
2018-04-16 01:40:00+00:00,-107.928535
2018-04-16 01:41:00+00:00,-111.878998
2018-04-16 01:42:00+00:00,-118.814682
2018-04-16 01:43:00+00:00,-119.359581
2018-04-16 01:44:00+00:00,-120.573044
2018-04-16 01:45:00+00:00,-123.454918
2018-04-16 01:46:00+00:00,-124.806816
2018-04-16 01:47:00+00:00,-122.809242
2018-04-16 01:48:00+00:00,-121.080498
2018-04-16 01:49:00+00:00,-115.561653
2018-04-16 01:50:00+00:00,-108.430557
2018-04-16 01:51:00+00:00,-105.613647
2018-04-16 01:52:00+00:00,-103.448959
2018-04-16 01:53:00+00:00,-102.292534
2018-04-16 01:54:00+00:00,-104.747162
2018-04-16 01:55:00+00:00,-107.904243
2018-04-16 01:56:00+00:00,-109.907883
2018-04-16 01:57:00+00:00,-114.223236
2018-04-16 01:58:00+00:00,-118.244415
2018-04-16 01:59:00+00:00,-116.465691
2018-04-16 02:00:00+00:00,-118.536049
2018-04-16 02:01:00+00:00,-121.352287
2018-04-16 02:02:00+00:00,-146.72319
2018-04-16 02:03:00+00:00,-149.120804
2018-04-16 02:04:00+00:00,-108.480003
2018-04-16 02:05:00+00:00,-110.602974
2018-04-16 02:06:00+00:00,-106.716553
2018-04-16 02:07:00+00:00,-97.790131
2018-04-16 02:08:00+00:00,-90.769043
2018-04-16 02:09:00+00:00,-122.042213
2018-04-16 02:10:00+00:00,-182.959763
2018-04-16 02:11:00+00:00,-230.152695
2018-04-16 02:12:00+00:00,-164.514236
2018-04-16 02:13:00+00:00,-113.762779
2018-04-16 02:14:00+00:00,-86.409637
2018-04-16 02:15:00+00:00,-81.306946
2018-04-16 02:16:00+00:00,-79.073593
2018-04-16 02:17:00+00:00,-128.001541
2018-04-16 02:18:00+00:00,-122.988823
2018-04-16 02:19:00+00:00,-145.755402
2018-04-16 02:20:00+00:00,-90.320206
2018-04-16 02:21:00+00:00,-69.064606
2018-04-16 02:22:00+00:00,-66.883995
2018-04-16 02:23:00+00:00,-62.940628
2018-04-16 02:24:00+00:00,-60.112541
2018-04-16 02:25:00+00:00,-61.22588
2018-04-16 02:26:00+00:00,-62.46085
2018-04-16 02:27:00+00:00,-62.449181
2018-04-16 02:28:00+00:00,-60.189442
2018-04-16 02:29:00+00:00,-63.078434
2018-04-16 02:30:00+00:00,-51.612679
2018-04-16 02:31:00+00:00,-55.359947
2018-04-16 02:32:00+00:00,-48.191357
2018-04-16 02:33:00+00:00,-73.635086
2018-04-16 02:34:00+00:00,-86.239685
2018-04-16 02:35:00+00:00,-96.263481
2018-04-16 02:36:00+00:00,-81.696121
2018-04-16 02:37:00+00:00,-54.716553
2018-04-16 02:38:00+00:00,-54.023384
2018-04-16 02:39:00+00:00,-52.053368
2018-04-16 02:40:00+00:00,-52.216236
2018-04-16 02:41:00+00:00,-51.876793
2018-04-16 02:42:00+00:00,-55.625038
2018-04-16 02:43:00+00:00,-61.788471
2018-04-16 02:44:00+00:00,-66.261017
2018-04-16 02:45:00+00:00,-68.314728
2018-04-16 02:46:00+00:00,-70.663544
2018-04-16 02:47:00+00:00,-74.24073
2018-04-23 00:00:00+00:00,-140.761276
2018-04-23 00:01:00+00:00,-140.257156
2018-04-23 00:02:00+00:00,-141.937927
2018-04-23 00:03:00+00:00,-145.640411
2018-04-23 00:04:00+00:00,-160.470871
2018-04-23 00:05:00+00:00,-174.07692
2018-04-23 00:06:00+00:00,-200.880219
2018-04-23 00:07:00+00:00,-204.739105
2018-04-23 00:08:00+00:00,-240.848755
2018-04-23 00:09:00+00:00,-260.530487
2018-04-23 00:10:00+00:00,-289.605469
2018-04-23 00:11:00+00:00,-346.168671
2018-04-23 00:12:00+00:00,-313.24826
2018-04-23 00:13:00+00:00,-320.290558
2018-04-23 00:14:00+00:00,-332.428894
2018-04-23 00:15:00+00:00,-355.265717
2018-04-23 00:16:00+00:00,-394.675018
2018-04-23 00:17:00+00:00,-407.107666
2018-04-23 00:18:00+00:00,-405.372345
2018-04-23 00:19:00+00:00,-406.054596
2018-04-23 00:20:00+00:00,-401.264618
2018-04-23 00:21:00+00:00,-394.106262
2018-04-23 00:22:00+00:00,-380.056976
2018-04-23 00:23:00+00:00,-368.435059
2018-04-23 00:24:00+00:00,-356.165222
2018-04-23 00:25:00+00:00,-356.932983
2018-04-23 00:26:00+00:00,-327.45105
2018-04-23 00:27:00+00:00,-336.195984
2018-04-23 00:28:00+00:00,-332.569092
2018-04-23 00:29:00+00:00,-328.265564
2018-04-23 00:30:00+00:00,-325.539154
2018-04-23 00:31:00+00:00,-331.079163
2018-04-23 00:32:00+00:00,-320.187958
2018-04-23 00:33:00+00:00,-308.743378
2018-04-23 00:34:00+00:00,-293.24527
2018-04-23 00:35:00+00:00,-291.935181
2018-04-23 00:36:00+00:00,-288.106018
2018-04-23 00:37:00+00:00,-288.723785
2018-04-23 00:38:00+00:00,-291.14389
2018-04-23 00:39:00+00:00,-281.647339
2018-04-23 00:40:00+00:00,-289.782074
2018-04-23 00:41:00+00:00,-285.970276
2018-04-23 00:42:00+00:00,-286.705536
2018-04-23 00:43:00+00:00,-280.244934
2018-04-23 00:44:00+00:00,-277.13208
2018-04-23 00:45:00+00:00,-270.869263
2018-04-23 00:46:00+00:00,-273.922241
2018-04-23 00:47:00+00:00,-271.252655
2018-04-23 00:48:00+00:00,-277.742462
2018-04-23 00:49:00+00:00,-275.168152
2018-04-23 00:50:00+00:00,-320.379456
2018-04-23 00:51:00+00:00,-359.7883
2018-04-23 00:52:00+00:00,-381.070648
2018-04-23 00:53:00+00:00,-273.397614
2018-04-23 00:54:00+00:00,-282.934601
2018-04-23 00:55:00+00:00,-288.831696
2018-04-23 00:56:00+00:00,-297.940521
2018-04-23 00:57:00+00:00,-295.718048
2018-04-23 00:58:00+00:00,-297.917755
2018-04-23 00:59:00+00:00,-295.164703
2018-04-23 01:00:00+00:00,-289.370758
2018-04-23 01:01:00+00:00,-282.95755
2018-04-23 01:02:00+00:00,-270.122192
2018-04-23 01:03:00+00:00,-250.422165
2018-04-23 01:04:00+00:00,-241.330276
2018-04-23 01:05:00+00:00,-240.331604
2018-04-23 01:06:00+00:00,-273.119904
2018-04-23 01:07:00+00:00,-348.986176
2018-04-23 01:08:00+00:00,-372.344788
2018-04-23 01:09:00+00:00,-347.49762
2018-04-23 01:10:00+00:00,-349.475159
2018-04-23 01:11:00+00:00,-329.196686
2018-04-23 01:12:00+00:00,-286.969147
2018-04-23 01:13:00+00:00,-314.39035
2018-04-23 01:14:00+00:00,-230.94902
2018-04-23 01:15:00+00:00,-200.110352
2018-04-23 01:16:00+00:00,-236.012451
2018-04-23 01:17:00+00:00,-224.988419
2018-04-23 01:18:00+00:00,-238.6185
2018-04-23 01:19:00+00:00,-248.762802
2018-04-23 01:20:00+00:00,-146.964066
2018-04-23 01:21:00+00:00,-147.903412
2018-04-23 01:22:00+00:00,-145.448761
2018-04-23 01:23:00+00:00,-156.759506
2018-04-23 01:24:00+00:00,-156.088821
2018-04-23 01:25:00+00:00,-163.059387
2018-04-23 01:26:00+00:00,-146.351715
2018-04-23 01:27:00+00:00,-136.893295
2018-04-23 01:28:00+00:00,-148.057205
2018-04-23 01:29:00+00:00,-163.270172
2018-04-23 01:30:00+00:00,-165.50798
2018-04-23 01:31:00+00:00,-161.617722
2018-04-23 01:32:00+00:00,-158.68924
2018-04-23 01:33:00+00:00,-162.143295
2018-04-23 01:34:00+00:00,-165.895264
2018-04-23 01:35:00+00:00,-165.324997
2018-04-23 01:36:00+00:00,-167.319473
2018-04-23 01:37:00+00:00,-163.867813
2018-04-23 01:38:00+00:00,-145.561356
2018-04-23 01:39:00+00:00,-133.249298
2018-04-23 01:40:00+00:00,-126.202599
2018-04-23 01:41:00+00:00,-119.109406
2018-04-23 01:42:00+00:00,-109.538391
2018-04-23 01:43:00+00:00,-97.99308
2018-04-23 01:44:00+00:00,-89.458687
2018-04-23 01:45:00+00:00,-89.70842
2018-04-23 01:46:00+00:00,-92.495277
2018-04-23 01:47:00+00:00,-101.016273
2018-04-23 01:48:00+00:00,-108.634544
2018-04-23 01:49:00+00:00,-113.003288
2018-04-23 01:50:00+00:00,-115.553032
2018-04-23 01:51:00+00:00,-116.049255
2018-04-23 01:52:00+00:00,-112.413696
2018-04-23 01:53:00+00:00,-108.865036
2018-04-23 01:54:00+00:00,-110.244804
2018-04-23 01:55:00+00:00,-114.264839
2018-04-23 01:56:00+00:00,-113.161415
2018-04-23 01:57:00+00:00,-108.693016
2018-04-23 01:58:00+00:00,-108.200409
2018-04-23 01:59:00+00:00,-112.238144
2018-04-23 02:00:00+00:00,-114.574722
2018-04-23 02:01:00+00:00,-113.375488
2018-04-23 02:02:00+00:00,-110.84597
2018-04-23 02:03:00+00:00,-108.226227
2018-04-23 02:04:00+00:00,-104.559303
2018-04-23 02:05:00+00:00,-100.969574
2018-04-23 02:06:00+00:00,-97.828163
2018-04-23 02:07:00+00:00,-94.149551
2018-04-23 02:08:00+00:00,-93.135513
2018-04-23 02:09:00+00:00,-93.89563
2018-04-23 02:10:00+00:00,-91.618126
2018-04-23 02:11:00+00:00,-90.294807
2018-04-23 02:12:00+00:00,-95.11718
2018-04-23 02:13:00+00:00,-97.22551
2018-04-23 02:14:00+00:00,-99.186974
2018-04-23 02:15:00+00:00,-92.559242
2018-04-23 02:16:00+00:00,-86.993309
2018-04-23 02:17:00+00:00,-81.688187
2018-04-23 02:18:00+00:00,-80.627205
2018-04-23 02:19:00+00:00,-76.730507
2018-04-23 02:20:00+00:00,-71.268547
2018-04-23 02:21:00+00:00,-70.02552
2018-04-23 02:22:00+00:00,-64.041512
2018-04-23 02:23:00+00:00,-58.992542
2018-04-23 02:24:00+00:00,-56.090504
2018-04-23 02:25:00+00:00,-55.200195
2018-04-23 02:26:00+00:00,-54.65567
2018-04-23 02:27:00+00:00,-58.855011
2018-04-23 02:28:00+00:00,-67.401711
2018-04-23 02:29:00+00:00,-59.357403
2018-04-23 02:30:00+00:00,-59.418816
2018-04-23 02:31:00+00:00,-58.621078
2018-04-23 02:32:00+00:00,-57.113174
2018-04-23 02:33:00+00:00,-54.922382
2018-04-23 02:34:00+00:00,-57.758263
2018-04-23 02:35:00+00:00,-62.151608
2018-04-23 02:36:00+00:00,-63.722778
2018-04-23 02:37:00+00:00,-64.695267
2018-04-23 02:38:00+00:00,-69.43441
2018-04-23 02:39:00+00:00,-80.113663
2018-04-23 02:40:00+00:00,-85.747261
2018-04-23 02:41:00+00:00,-85.751015
2018-04-23 02:42:00+00:00,-86.035286
2018-04-23 02:43:00+00:00,-90.505257
2018-04-23 02:44:00+00:00,-78.694725
2018-04-23 02:45:00+00:00,-74.324493
2018-04-23 02:46:00+00:00,-74.171295
2018-04-23 02:47:00+00:00,-81.240372
2018-04-30 00:00:00+00:00,-14.819069
2018-04-30 00:01:00+00:00,-14.955822
2018-04-30 00:02:00+00:00,-14.633234
2018-04-30 00:03:00+00:00,-14.493142
2018-04-30 00:04:00+00:00,-13.69536
2018-04-30 00:05:00+00:00,-13.59993
2018-04-30 00:06:00+00:00,-15.371445
2018-04-30 00:07:00+00:00,-14.9693
2018-04-30 00:08:00+00:00,-13.872175
2018-04-30 00:09:00+00:00,-12.103409
2018-04-30 00:10:00+00:00,-12.015472
2018-04-30 00:11:00+00:00,-11.878504
2018-04-30 00:12:00+00:00,-11.509629
2018-04-30 00:13:00+00:00,-13.714606
2018-04-30 00:14:00+00:00,-18.337362
2018-04-30 00:15:00+00:00,-14.048928
2018-04-30 00:16:00+00:00,-11.569421
2018-04-30 00:17:00+00:00,-11.605541
2018-04-30 00:18:00+00:00,-11.994079
2018-04-30 00:19:00+00:00,-13.990784
2018-04-30 00:20:00+00:00,-14.526379
2018-04-30 00:21:00+00:00,-14.347218
2018-04-30 00:22:00+00:00,-15.940296
2018-04-30 00:23:00+00:00,-17.499546
2018-04-30 00:24:00+00:00,-22.493423
2018-04-30 00:25:00+00:00,-26.900433
2018-04-30 00:26:00+00:00,-24.795403
2018-04-30 00:27:00+00:00,-23.920227
2018-04-30 00:28:00+00:00,-22.201317
2018-04-30 00:29:00+00:00,-22.548813
2018-04-30 00:30:00+00:00,-19.820694
2018-04-30 00:31:00+00:00,-14.40208
2018-04-30 00:32:00+00:00,-14.108154
2018-04-30 00:33:00+00:00,-13.810865
2018-04-30 00:34:00+00:00,-15.334864
2018-04-30 00:35:00+00:00,-15.766944
2018-04-30 00:36:00+00:00,-20.409403
2018-04-30 00:37:00+00:00,-21.452953
2018-04-30 00:38:00+00:00,-21.29487
2018-04-30 00:39:00+00:00,-23.140726
2018-04-30 00:40:00+00:00,-20.275703
2018-04-30 00:41:00+00:00,-17.005898
2018-04-30 00:42:00+00:00,-14.27645
2018-04-30 00:43:00+00:00,-15.242205
2018-04-30 00:44:00+00:00,-16.211889
2018-04-30 00:45:00+00:00,-17.171263
2018-04-30 00:46:00+00:00,-17.12973
2018-04-30 00:47:00+00:00,-18.097965
2018-04-30 00:48:00+00:00,-18.088167
2018-04-30 00:49:00+00:00,-18.073118
2018-04-30 00:50:00+00:00,-17.048634
2018-04-30 00:51:00+00:00,-16.027056
2018-04-30 00:52:00+00:00,-17.009937
2018-04-30 00:53:00+00:00,-16.987059
2018-04-30 00:54:00+00:00,-16.963892
2018-04-30 00:55:00+00:00,-17.958742
2018-04-30 00:56:00+00:00,-16.933567
2018-04-30 00:57:00+00:00,-14.912905
2018-04-30 00:58:00+00:00,-14.895834
2018-04-30 00:59:00+00:00,-15.872828
2018-04-30 01:00:00+00:00,-14.839487
2018-04-30 01:01:00+00:00,-16.206432
2018-04-30 01:02:00+00:00,-16.71586
2018-04-30 01:03:00+00:00,-15.696575
2018-04-30 01:04:00+00:00,-15.640281
2018-04-30 01:05:00+00:00,-14.583109
2018-04-30 01:06:00+00:00,-12.530172
2018-04-30 01:07:00+00:00,-12.485556
2018-04-30 01:08:00+00:00,-11.44531
2018-04-30 01:09:00+00:00,-12.41353
2018-04-30 01:10:00+00:00,-10.814258
2018-04-30 01:11:00+00:00,-11.433493
2018-04-30 01:12:00+00:00,-10.921431
2018-04-30 01:13:00+00:00,-10.71003
2018-04-30 01:14:00+00:00,-9.209835
2018-04-30 01:15:00+00:00,-7.693871
2018-04-30 01:16:00+00:00,-7.098751
2018-04-30 01:17:00+00:00,-7.03752
2018-04-30 01:18:00+00:00,-7.976456
2018-04-30 01:19:00+00:00,-7.095561
2018-04-30 01:20:00+00:00,-7.264506
2018-04-30 01:21:00+00:00,-8.010392
2018-04-30 01:22:00+00:00,-8.809615
2018-04-30 01:23:00+00:00,-9.779072
2018-04-30 01:24:00+00:00,-11.728837
2018-04-30 01:25:00+00:00,-10.687992
2018-04-30 01:26:00+00:00,-10.641171
2018-04-30 01:27:00+00:00,-11.585245
2018-04-30 01:28:00+00:00,-11.529513
2018-04-30 01:29:00+00:00,-12.472538
2018-04-30 01:30:00+00:00,-12.419686
2018-04-30 01:31:00+00:00,-12.381972
2018-04-30 01:32:00+00:00,-12.333481
2018-04-30 01:33:00+00:00,-6.850164
2018-04-30 01:34:00+00:00,-7.589589
2018-04-30 01:35:00+00:00,-8.580601
2018-04-30 01:36:00+00:00,-7.271612
2018-04-30 01:37:00+00:00,-7.253603
2018-04-30 01:38:00+00:00,-8.489134
2018-04-30 01:39:00+00:00,-9.405127
2018-04-30 01:40:00+00:00,-7.929312
2018-04-30 01:41:00+00:00,-5.733353
2018-04-30 01:42:00+00:00,-9.017113
2018-04-30 01:43:00+00:00,-11.201241
2018-04-30 01:44:00+00:00,-11.690003
2018-04-30 01:45:00+00:00,-12.95911
2018-04-30 01:46:00+00:00,-12.928843
2018-04-30 01:47:00+00:00,-12.908313
2018-04-30 01:48:00+00:00,-12.528688
2018-04-30 01:49:00+00:00,-16.720427
2018-04-30 01:50:00+00:00,-13.292357
2018-04-30 01:51:00+00:00,-12.416266
2018-04-30 01:52:00+00:00,-11.354198
2018-04-30 01:53:00+00:00,-15.77434
2018-04-30 01:54:00+00:00,-17.757057
2018-04-30 01:55:00+00:00,-20.737785
2018-04-30 01:56:00+00:00,-20.712318
2018-04-30 01:57:00+00:00,-12.687154
2018-04-30 01:58:00+00:00,-12.512817
2018-04-30 01:59:00+00:00,-16.638803
2018-04-30 02:00:00+00:00,-19.621195
2018-04-30 02:01:00+00:00,-23.601852
2018-04-30 02:02:00+00:00,-33.582306
2018-04-30 02:03:00+00:00,-37.560608
2018-04-30 02:04:00+00:00,-32.544266
2018-04-30 02:05:00+00:00,-41.522217
2018-04-30 02:06:00+00:00,-34.501965
2018-04-30 02:07:00+00:00,-24.483191
2018-04-30 02:08:00+00:00,-26.46266
2018-04-30 02:09:00+00:00,-15.793603
2018-04-30 02:10:00+00:00,-13.719908
2018-04-30 02:11:00+00:00,-12.6177
2018-04-30 02:12:00+00:00,-18.441042
2018-04-30 02:13:00+00:00,-23.848545
2018-04-30 02:14:00+00:00,-35.089142
2018-04-30 02:15:00+00:00,-40.176708
2018-04-30 02:16:00+00:00,-41.404556
2018-04-30 02:17:00+00:00,-47.332451
2018-04-30 02:18:00+00:00,-52.158554
2018-04-30 02:19:00+00:00,-53.367847
2018-04-30 02:20:00+00:00,-58.289593
2018-04-30 02:21:00+00:00,-62.66045
2018-04-30 02:22:00+00:00,-53.388828
2018-04-30 02:23:00+00:00,-51.459679
2018-04-30 02:24:00+00:00,-45.820587
2018-04-30 02:25:00+00:00,-42.185879
2018-04-30 02:26:00+00:00,-42.275284
2018-04-30 02:27:00+00:00,-40.936634
2018-04-30 02:28:00+00:00,-42.3167
2018-04-30 02:29:00+00:00,-39.015987
2018-04-30 02:30:00+00:00,-36.731064
2018-04-30 02:31:00+00:00,-35.965797
2018-04-30 02:32:00+00:00,-36.654785
2018-04-30 02:33:00+00:00,-35.027447
2018-04-30 02:34:00+00:00,-31.065586
2018-04-30 02:35:00+00:00,-33.340641
2018-04-30 02:36:00+00:00,-28.092972
2018-04-30 02:37:00+00:00,-29.192318
2018-04-30 02:38:00+00:00,-34.677681
2018-04-30 02:39:00+00:00,-53.516273
2018-04-30 02:40:00+00:00,-68.675682
2018-04-30 02:41:00+00:00,-51.172714
2018-04-30 02:42:00+00:00,-24.831053
2018-04-30 02:43:00+00:00,-21.086269
2018-04-30 02:44:00+00:00,-18.095749
2018-04-30 02:45:00+00:00,-18.653095
2018-04-30 02:46:00+00:00,-19.977684
2018-04-30 02:47:00+00:00,-22.234016
2018-05-07 00:00:00+00:00,-284.454559
2018-05-07 00:01:00+00:00,-272.715363
2018-05-07 00:02:00+00:00,-303.778503
2018-05-07 00:03:00+00:00,-304.207184
2018-05-07 00:04:00+00:00,-277.678619
2018-05-07 00:05:00+00:00,-261.185333
2018-05-07 00:06:00+00:00,-307.677185
2018-05-07 00:07:00+00:00,-322.168884
2018-05-07 00:08:00+00:00,-311.668091
2018-05-07 00:09:00+00:00,-285.146576
2018-05-07 00:10:00+00:00,-266.635284
2018-05-07 00:11:00+00:00,-293.111664
2018-05-07 00:12:00+00:00,-247.599289
2018-05-07 00:13:00+00:00,-253.084442
2018-05-07 00:14:00+00:00,-225.477173
2018-05-07 00:15:00+00:00,-240.511627
2018-05-07 00:16:00+00:00,-247.100037
2018-05-07 00:17:00+00:00,-271.063782
2018-05-07 00:18:00+00:00,-285.888092
2018-05-07 00:19:00+00:00,-290.330383
2018-05-07 00:20:00+00:00,-301.402283
2018-05-07 00:21:00+00:00,-300.247437
2018-05-07 00:22:00+00:00,-312.971466
2018-05-07 00:23:00+00:00,-308.216064
2018-05-07 00:24:00+00:00,-345.677582
2018-05-07 00:25:00+00:00,-353.161987
2018-05-07 00:26:00+00:00,-363.279724
2018-05-07 00:27:00+00:00,-349.64209
2018-05-07 00:28:00+00:00,-342.016846
2018-05-07 00:29:00+00:00,-333.501801
2018-05-07 00:30:00+00:00,-312.742889
2018-05-07 00:31:00+00:00,-299.030273
2018-05-07 00:32:00+00:00,-290.015289
2018-05-07 00:33:00+00:00,-301.131744
2018-05-07 00:34:00+00:00,-328.049957
2018-05-07 00:35:00+00:00,-331.214996
2018-05-07 00:36:00+00:00,-284.890198
2018-05-07 00:37:00+00:00,-302.109589
2018-05-07 00:38:00+00:00,-292.661194
2018-05-07 00:39:00+00:00,-269.94635
2018-05-07 00:40:00+00:00,-259.355652
2018-05-07 00:41:00+00:00,-256.821259
2018-05-07 00:42:00+00:00,-234.463684
2018-05-07 00:43:00+00:00,-239.52536
2018-05-07 00:44:00+00:00,-247.191483
2018-05-07 00:45:00+00:00,-253.018814
2018-05-07 00:46:00+00:00,-265.406982
2018-05-07 00:47:00+00:00,-267.626251
2018-05-07 00:48:00+00:00,-269.729034
2018-05-07 00:49:00+00:00,-275.889984
2018-05-07 00:50:00+00:00,-277.716034
2018-05-07 00:51:00+00:00,-276.03949
2018-05-07 00:52:00+00:00,-281.142029
2018-05-07 00:53:00+00:00,-286.713593
2018-05-07 00:54:00+00:00,-274.120148
2018-05-07 00:55:00+00:00,-281.011841
2018-05-07 00:56:00+00:00,-290.583191
2018-05-07 00:57:00+00:00,-289.604156
2018-05-07 00:58:00+00:00,-295.474976
2018-05-07 00:59:00+00:00,-328.250977
2018-05-07 01:00:00+00:00,-310.13446
2018-05-07 01:01:00+00:00,-297.275085
2018-05-07 01:02:00+00:00,-293.06131
2018-05-07 01:03:00+00:00,-265.366974
2018-05-07 01:04:00+00:00,-275.764862
2018-05-07 01:05:00+00:00,-267.880127
2018-05-07 01:06:00+00:00,-254.888489
2018-05-07 01:07:00+00:00,-249.262192
2018-05-07 01:08:00+00:00,-258.046936
2018-05-07 01:09:00+00:00,-264.506409
2018-05-07 01:10:00+00:00,-271.976013
2018-05-07 01:11:00+00:00,-285.931976
2018-05-07 01:12:00+00:00,-270.833374
2018-05-07 01:13:00+00:00,-281.039246
2018-05-07 01:14:00+00:00,-283.785065
2018-05-07 01:15:00+00:00,-259.421509
2018-05-07 01:16:00+00:00,-282.894836
2018-05-07 01:17:00+00:00,-272.895599
2018-05-07 01:18:00+00:00,-253.422806
2018-05-07 01:19:00+00:00,-262.19043
2018-05-07 01:20:00+00:00,-289.492401
2018-05-07 01:21:00+00:00,-292.080841
2018-05-07 01:22:00+00:00,-270.461456
2018-05-07 01:23:00+00:00,-325.27774
2018-05-07 01:24:00+00:00,-310.187256
2018-05-07 01:25:00+00:00,-319.456879
2018-05-07 01:26:00+00:00,-304.930023
2018-05-07 01:27:00+00:00,-307.742798
2018-05-07 01:28:00+00:00,-308.132935
2018-05-07 01:29:00+00:00,-324.162598
2018-05-07 01:30:00+00:00,-337.154785
2018-05-07 01:31:00+00:00,-337.12207
2018-05-07 01:32:00+00:00,-416.522034
2018-05-07 01:33:00+00:00,-472.423828
2018-05-07 01:34:00+00:00,-388.525757
2018-05-07 01:35:00+00:00,-329.461426
2018-05-07 01:36:00+00:00,-435.573364
2018-05-07 01:37:00+00:00,-463.547729
2018-05-07 01:38:00+00:00,-439.773804
2018-05-07 01:39:00+00:00,-438.8797
2018-05-07 01:40:00+00:00,-430.946594
2018-05-07 01:41:00+00:00,-500.646973
2018-05-07 01:42:00+00:00,-521.251282
2018-05-07 01:43:00+00:00,-528.649292
2018-05-07 01:44:00+00:00,-535.942017
2018-05-07 01:45:00+00:00,-543.58075
2018-05-07 01:46:00+00:00,-555.605774
2018-05-07 01:47:00+00:00,-547.941956
2018-05-07 01:48:00+00:00,-521.613525
2018-05-07 01:49:00+00:00,-504.916962
2018-05-07 01:50:00+00:00,-495.529846
2018-05-07 01:51:00+00:00,-482.929535
2018-05-07 01:52:00+00:00,-474.24173
2018-05-07 01:53:00+00:00,-479.821716
2018-05-07 01:54:00+00:00,-480.355804
2018-05-07 01:55:00+00:00,-481.484375
2018-05-07 01:56:00+00:00,-467.459869
2018-05-07 01:57:00+00:00,-473.150726
2018-05-07 01:58:00+00:00,-471.749847
2018-05-07 01:59:00+00:00,-497.070496
2018-05-07 02:00:00+00:00,-518.089417
2018-05-07 02:01:00+00:00,-524.744995
2018-05-07 02:02:00+00:00,-506.953735
2018-05-07 02:03:00+00:00,-498.094696
2018-05-07 02:04:00+00:00,-489.734436
2018-05-07 02:05:00+00:00,-479.883789
2018-05-07 02:06:00+00:00,-471.419373
2018-05-07 02:07:00+00:00,-458.285461
2018-05-07 02:08:00+00:00,-456.901062
2018-05-07 02:09:00+00:00,-456.444244
2018-05-07 02:10:00+00:00,-433.130646
2018-05-07 02:11:00+00:00,-416.476837
2018-05-07 02:12:00+00:00,-414.49649
2018-05-07 02:13:00+00:00,-432.657593
2018-05-07 02:14:00+00:00,-430.0065
2018-05-07 02:15:00+00:00,-435.380219
2018-05-07 02:16:00+00:00,-451.496277
2018-05-07 02:17:00+00:00,-453.175354
2018-05-07 02:18:00+00:00,-452.570404
2018-05-07 02:19:00+00:00,-454.360077
2018-05-07 02:20:00+00:00,-456.932678
2018-05-07 02:21:00+00:00,-450.590027
2018-05-07 02:22:00+00:00,-451.324188
2018-05-07 02:23:00+00:00,-470.454041
2018-05-07 02:24:00+00:00,-486.588715
2018-05-07 02:25:00+00:00,-475.147308
2018-05-07 02:26:00+00:00,-459.731476
2018-05-07 02:27:00+00:00,-448.421265
2018-05-07 02:28:00+00:00,-443.685547
2018-05-07 02:29:00+00:00,-460.011688
2018-05-07 02:30:00+00:00,-460.909821
2018-05-07 02:31:00+00:00,-454.424988
2018-05-07 02:32:00+00:00,-436.129242
2018-05-07 02:33:00+00:00,-441.779175
2018-05-07 02:34:00+00:00,-460.196838
2018-05-07 02:35:00+00:00,-460.402557
2018-05-07 02:36:00+00:00,-473.763275
2018-05-07 02:37:00+00:00,-500.245361
2018-05-07 02:38:00+00:00,-521.397949
2018-05-07 02:39:00+00:00,-549.301636
2018-05-07 02:40:00+00:00,-540.898621
2018-05-07 02:41:00+00:00,-531.887695
2018-05-07 02:42:00+00:00,-507.802185
2018-05-07 02:43:00+00:00,-513.183716
2018-05-07 02:44:00+00:00,-494.4617
2018-05-07 02:45:00+00:00,-462.226868
2018-05-07 02:46:00+00:00,-446.716248
2018-05-07 02:47:00+00:00,-427.450134
2018-05-14 00:00:00+00:00,-174.135727
2018-05-14 00:01:00+00:00,-172.273224
2018-05-14 00:02:00+00:00,-174.249878
2018-05-14 00:03:00+00:00,-169.969162
2018-05-14 00:04:00+00:00,-165.507889
2018-05-14 00:05:00+00:00,-166.43457
2018-05-14 00:06:00+00:00,-168.035355
2018-05-14 00:07:00+00:00,-160.512436
2018-05-14 00:08:00+00:00,-150.434036
2018-05-14 00:09:00+00:00,-153.025803
2018-05-14 00:10:00+00:00,-161.205704
2018-05-14 00:11:00+00:00,-162.308655
2018-05-14 00:12:00+00:00,-149.143326
2018-05-14 00:13:00+00:00,-133.790344
2018-05-14 00:14:00+00:00,-122.043221
2018-05-14 00:15:00+00:00,-117.833076
2018-05-14 00:16:00+00:00,-122.796532
2018-05-14 00:17:00+00:00,-122.659615
2018-05-14 00:18:00+00:00,-119.928917
2018-05-14 00:19:00+00:00,-116.827522
2018-05-14 00:20:00+00:00,-111.278084
2018-05-14 00:21:00+00:00,-105.347
2018-05-14 00:22:00+00:00,-101.363029
2018-05-14 00:23:00+00:00,-101.273094
2018-05-14 00:24:00+00:00,-106.653053
2018-05-14 00:25:00+00:00,-111.556625
2018-05-14 00:26:00+00:00,-114.279251
2018-05-14 00:27:00+00:00,-117.970215
2018-05-14 00:28:00+00:00,-121.618355
2018-05-14 00:29:00+00:00,-122.21489
2018-05-14 00:30:00+00:00,-120.768044
2018-05-14 00:31:00+00:00,-117.529381
2018-05-14 00:32:00+00:00,-111.152275
2018-05-14 00:33:00+00:00,-103.414497
2018-05-14 00:34:00+00:00,-94.842827
2018-05-14 00:35:00+00:00,-86.438698
2018-05-14 00:36:00+00:00,-84.768616
2018-05-14 00:37:00+00:00,-86.902206
2018-05-14 00:38:00+00:00,-90.447563
2018-05-14 00:39:00+00:00,-92.871819
2018-05-14 00:40:00+00:00,-91.474869
2018-05-14 00:41:00+00:00,-85.185593
2018-05-14 00:42:00+00:00,-82.979111
2018-05-14 00:43:00+00:00,-79.481384
2018-05-14 00:44:00+00:00,-75.390251
2018-05-14 00:45:00+00:00,-73.732567
2018-05-14 00:46:00+00:00,-74.363297
2018-05-14 00:47:00+00:00,-74.063744
2018-05-14 00:48:00+00:00,-74.026688
2018-05-14 00:49:00+00:00,-69.114105
2018-05-14 00:50:00+00:00,-66.359169
2018-05-14 00:51:00+00:00,-62.771152
2018-05-14 00:52:00+00:00,-56.713142
2018-05-14 00:53:00+00:00,-52.937988
2018-05-14 00:54:00+00:00,-53.19698
2018-05-14 00:55:00+00:00,-54.767963
2018-05-14 00:56:00+00:00,-52.585686
2018-05-14 00:57:00+00:00,-50.857811
2018-05-14 00:58:00+00:00,-50.938545
2018-05-14 00:59:00+00:00,-49.82888
2018-05-14 01:00:00+00:00,-48.366276
2018-05-14 01:01:00+00:00,-46.729485
2018-05-14 01:02:00+00:00,-44.524742
2018-05-14 01:03:00+00:00,-46.1492
2018-05-14 01:04:00+00:00,-47.202259
2018-05-14 01:05:00+00:00,-43.405476
2018-05-14 01:06:00+00:00,-44.233765
2018-05-14 01:07:00+00:00,-46.447197
2018-05-14 01:08:00+00:00,-44.280197
2018-05-14 01:09:00+00:00,-41.914776
2018-05-14 01:10:00+00:00,-38.38517
2018-05-14 01:11:00+00:00,-38.551949
2018-05-14 01:12:00+00:00,-56.525066
2018-05-14 01:13:00+00:00,-72.532509
2018-05-14 01:14:00+00:00,-58.52877
2018-05-14 01:15:00+00:00,-49.162121
2018-05-14 01:16:00+00:00,-35.150978
2018-05-14 01:17:00+00:00,-28.632261
2018-05-14 01:18:00+00:00,-42.479122
2018-05-14 01:19:00+00:00,-57.173416
2018-05-14 01:20:00+00:00,-63.291607
2018-05-14 01:21:00+00:00,-60.915443
2018-05-14 01:22:00+00:00,-52.386528
2018-05-14 01:23:00+00:00,-42.000305
2018-05-14 01:24:00+00:00,-37.914955
2018-05-14 01:25:00+00:00,-51.050583
2018-05-14 01:26:00+00:00,-57.404266
2018-05-14 01:27:00+00:00,-65.863358
2018-05-14 01:28:00+00:00,-65.850189
2018-05-14 01:29:00+00:00,-62.746632
2018-05-14 01:30:00+00:00,-61.129665
2018-05-14 01:31:00+00:00,-62.571671
2018-05-14 01:32:00+00:00,-65.321205
2018-05-14 01:33:00+00:00,-67.707138
2018-05-14 01:34:00+00:00,-71.162384
2018-05-14 01:35:00+00:00,-72.699921
2018-05-14 01:36:00+00:00,-73.696335
2018-05-14 01:37:00+00:00,-74.792389
2018-05-14 01:38:00+00:00,-74.558456
2018-05-14 01:39:00+00:00,-74.150948
2018-05-14 01:40:00+00:00,-75.93277
2018-05-14 01:41:00+00:00,-78.109047
2018-05-14 01:42:00+00:00,-82.58091
2018-05-14 01:43:00+00:00,-88.440704
2018-05-14 01:44:00+00:00,-93.243721
2018-05-14 01:45:00+00:00,-94.403519
2018-05-14 01:46:00+00:00,-91.436584
2018-05-14 01:47:00+00:00,-88.902496
2018-05-14 01:48:00+00:00,-88.973564
2018-05-14 01:49:00+00:00,-89.236656
2018-05-14 01:50:00+00:00,-88.120438
2018-05-14 01:51:00+00:00,-87.791542
2018-05-14 01:52:00+00:00,-90.660049
2018-05-14 01:53:00+00:00,-94.277237
2018-05-14 01:54:00+00:00,-100.378387
2018-05-14 01:55:00+00:00,-102.745354
2018-05-14 01:56:00+00:00,-104.256989
2018-05-14 01:57:00+00:00,-107.231636
2018-05-14 01:58:00+00:00,-107.212692
2018-05-14 01:59:00+00:00,-106.955154
2018-05-14 02:00:00+00:00,-106.821808
2018-05-14 02:01:00+00:00,-106.331177
2018-05-14 02:02:00+00:00,-103.431046
2018-05-14 02:03:00+00:00,-98.605698
2018-05-14 02:04:00+00:00,-93.081573
2018-05-14 02:05:00+00:00,-89.305847
2018-05-14 02:06:00+00:00,-84.736588
2018-05-14 02:07:00+00:00,-80.586533
2018-05-14 02:08:00+00:00,-79.330261
2018-05-14 02:09:00+00:00,-80.506699
2018-05-14 02:10:00+00:00,-80.96698
2018-05-14 02:11:00+00:00,-82.484863
2018-05-14 02:12:00+00:00,-80.997368
2018-05-14 02:13:00+00:00,-78.585396
2018-05-14 02:14:00+00:00,-75.027908
2018-05-14 02:15:00+00:00,-71.749283
2018-05-14 02:16:00+00:00,-70.080261
2018-05-14 02:17:00+00:00,-71.82103
2018-05-14 02:18:00+00:00,-72.864922
2018-05-14 02:19:00+00:00,-72.813515
2018-05-14 02:20:00+00:00,-73.36586
2018-05-14 02:21:00+00:00,-73.528854
2018-05-14 02:22:00+00:00,-75.827248
2018-05-14 02:23:00+00:00,-78.180466
2018-05-14 02:24:00+00:00,-79.020477
2018-05-14 02:25:00+00:00,-79.627617
2018-05-14 02:26:00+00:00,-82.410461
2018-05-14 02:27:00+00:00,-86.229279
2018-05-14 02:28:00+00:00,-82.714821
2018-05-14 02:29:00+00:00,-74.000427
2018-05-14 02:30:00+00:00,-66.373146
2018-05-14 02:31:00+00:00,-62.967148
2018-05-14 02:32:00+00:00,-65.626648
2018-05-14 02:33:00+00:00,-69.956451
2018-05-14 02:34:00+00:00,-71.314957
2018-05-14 02:35:00+00:00,-69.619293
2018-05-14 02:36:00+00:00,-71.006737
2018-05-14 02:37:00+00:00,-76.025284
2018-05-14 02:38:00+00:00,-79.113861
2018-05-14 02:39:00+00:00,-85.331963
2018-05-14 02:40:00+00:00,-94.463791
2018-05-14 02:41:00+00:00,-102.216339
2018-05-14 02:42:00+00:00,-103.092682
2018-05-14 02:43:00+00:00,-99.442383
2018-05-14 02:44:00+00:00,-98.126778
2018-05-14 02:45:00+00:00,-100.907608
2018-05-14 02:46:00+00:00,-96.652115
2018-05-14 02:47:00+00:00,-84.830017
2018-05-21 00:00:00+00:00,-34.412922
2018-05-21 00:01:00+00:00,-34.208057
2018-05-21 00:02:00+00:00,-33.612396
2018-05-21 00:03:00+00:00,-32.317558
2018-05-21 00:04:00+00:00,-31.162395
2018-05-21 00:05:00+00:00,-30.571995
2018-05-21 00:06:00+00:00,-30.93125
2018-05-21 00:07:00+00:00,-30.443371
2018-05-21 00:08:00+00:00,-30.951694
2018-05-21 00:09:00+00:00,-30.987854
2018-05-21 00:10:00+00:00,-31.457954
2018-05-21 00:11:00+00:00,-32.010059
2018-05-21 00:12:00+00:00,-32.085342
2018-05-21 00:13:00+00:00,-32.689548
2018-05-21 00:14:00+00:00,-32.845863
2018-05-21 00:15:00+00:00,-32.234928
2018-05-21 00:16:00+00:00,-32.183666
2018-05-21 00:17:00+00:00,-31.947783
2018-05-21 00:18:00+00:00,-32.401772
2018-05-21 00:19:00+00:00,-32.686852
2018-05-21 00:20:00+00:00,-32.643444
2018-05-21 00:21:00+00:00,-32.634144
2018-05-21 00:22:00+00:00,-33.465176
2018-05-21 00:23:00+00:00,-32.670059
2018-05-21 00:24:00+00:00,-32.466167
2018-05-21 00:25:00+00:00,-31.806782
2018-05-21 00:26:00+00:00,-31.29987
2018-05-21 00:27:00+00:00,-31.350098
2018-05-21 00:28:00+00:00,-31.110352
2018-05-21 00:29:00+00:00,-30.784302
2018-05-21 00:30:00+00:00,-30.277596
2018-05-21 00:31:00+00:00,-29.364082
2018-05-21 00:32:00+00:00,-28.189304
2018-05-21 00:33:00+00:00,-27.760471
2018-05-21 00:34:00+00:00,-26.741997
2018-05-21 00:35:00+00:00,-26.045414
2018-05-21 00:36:00+00:00,-25.323112
2018-05-21 00:37:00+00:00,-24.146687
2018-05-21 00:38:00+00:00,-23.38871
2018-05-21 00:39:00+00:00,-22.100288
2018-05-21 00:40:00+00:00,-21.914896
2018-05-21 00:41:00+00:00,-22.050053
2018-05-21 00:42:00+00:00,-22.141737
2018-05-21 00:43:00+00:00,-22.243822
2018-05-21 00:44:00+00:00,-22.162106
2018-05-21 00:45:00+00:00,-22.368055
2018-05-21 00:46:00+00:00,-21.804197
2018-05-21 00:47:00+00:00,-22.210787
2018-05-21 00:48:00+00:00,-23.191462
2018-05-21 00:49:00+00:00,-22.986664
2018-05-21 00:50:00+00:00,-23.674458
2018-05-21 00:51:00+00:00,-24.632004
2018-05-21 00:52:00+00:00,-24.505514
2018-05-21 00:53:00+00:00,-24.149315
2018-05-21 00:54:00+00:00,-23.685596
2018-05-21 00:55:00+00:00,-23.08313
2018-05-21 00:56:00+00:00,-24.081278
2018-05-21 00:57:00+00:00,-24.734581
2018-05-21 00:58:00+00:00,-24.939632
2018-05-21 00:59:00+00:00,-24.757086
2018-05-21 01:00:00+00:00,-25.05398
2018-05-21 01:01:00+00:00,-25.483475
2018-05-21 01:02:00+00:00,-25.114679
2018-05-21 01:03:00+00:00,-25.216248
2018-05-21 01:04:00+00:00,-25.233381
2018-05-21 01:05:00+00:00,-24.911301
2018-05-21 01:06:00+00:00,-26.053745
2018-05-21 01:07:00+00:00,-26.215485
2018-05-21 01:08:00+00:00,-25.504843
2018-05-21 01:09:00+00:00,-24.751984
2018-05-21 01:10:00+00:00,-25.120996
2018-05-21 01:11:00+00:00,-24.315079
2018-05-21 01:12:00+00:00,-24.565624
2018-05-21 01:13:00+00:00,-25.11294
2018-05-21 01:14:00+00:00,-24.854549
2018-05-21 01:15:00+00:00,-25.429087
2018-05-21 01:16:00+00:00,-24.547556
2018-05-21 01:17:00+00:00,-24.975609
2018-05-21 01:18:00+00:00,-24.917416
2018-05-21 01:19:00+00:00,-23.840708
2018-05-21 01:20:00+00:00,-24.210396
2018-05-21 01:21:00+00:00,-24.098297
2018-05-21 01:22:00+00:00,-24.072325
2018-05-21 01:23:00+00:00,-24.991795
2018-05-21 01:24:00+00:00,-23.939417
2018-05-21 01:25:00+00:00,-23.887363
2018-05-21 01:26:00+00:00,-24.526302
2018-05-21 01:27:00+00:00,-25.866335
2018-05-21 01:28:00+00:00,-25.758474
2018-05-21 01:29:00+00:00,-23.755556
2018-05-21 01:30:00+00:00,-23.474657
2018-05-21 01:31:00+00:00,-24.067253
2018-05-21 01:32:00+00:00,-22.805801
2018-05-21 01:33:00+00:00,-22.77404
2018-05-21 01:34:00+00:00,-22.784212
2018-05-21 01:35:00+00:00,-21.797844
2018-05-21 01:36:00+00:00,-21.812958
2018-05-21 01:37:00+00:00,-21.835281
2018-05-21 01:38:00+00:00,-22.977146
2018-05-21 01:39:00+00:00,-23.393627
2018-05-21 01:40:00+00:00,-23.416725
2018-05-21 01:41:00+00:00,-24.149069
2018-05-21 01:42:00+00:00,-24.035686
2018-05-21 01:43:00+00:00,-23.43409
2018-05-21 01:44:00+00:00,-24.695936
2018-05-21 01:45:00+00:00,-23.876596
2018-05-21 01:46:00+00:00,-25.601168
2018-05-21 01:47:00+00:00,-26.056137
2018-05-21 01:48:00+00:00,-25.979877
2018-05-21 01:49:00+00:00,-28.209017
2018-05-21 01:50:00+00:00,-29.315914
2018-05-21 01:51:00+00:00,-31.136471
2018-05-21 01:52:00+00:00,-32.355339
2018-05-21 01:53:00+00:00,-31.209557
2018-05-21 01:54:00+00:00,-36.078114
2018-05-21 01:55:00+00:00,-36.201942
2018-05-21 01:56:00+00:00,-34.691944
2018-05-21 01:57:00+00:00,-35.773476
2018-05-21 01:58:00+00:00,-37.033024
2018-05-21 01:59:00+00:00,-42.442467
2018-05-21 02:00:00+00:00,-38.301086
2018-05-21 02:01:00+00:00,-38.443913
2018-05-21 02:02:00+00:00,-48.065826
2018-05-21 02:03:00+00:00,-53.6931
2018-05-21 02:04:00+00:00,-63.741844
2018-05-21 02:05:00+00:00,-80.615311
2018-05-21 02:06:00+00:00,-90.057854
2018-05-21 02:07:00+00:00,-91.113754
2018-05-21 02:08:00+00:00,-74.502235
2018-05-21 02:09:00+00:00,-69.694313
2018-05-21 02:10:00+00:00,-59.983521
2018-05-21 02:11:00+00:00,-54.997547
2018-05-21 02:12:00+00:00,-47.132942
2018-05-21 02:13:00+00:00,-45.025249
2018-05-21 02:14:00+00:00,-42.146469
2018-05-21 02:15:00+00:00,-40.911144
2018-05-21 02:16:00+00:00,-36.169205
2018-05-21 02:17:00+00:00,-36.800255
2018-05-21 02:18:00+00:00,-50.602257
2018-05-21 02:19:00+00:00,-52.320763
2018-05-21 02:20:00+00:00,-51.90546
2018-05-21 02:21:00+00:00,-48.767502
2018-05-21 02:22:00+00:00,-42.790031
2018-05-21 02:23:00+00:00,-37.907955
2018-05-21 02:24:00+00:00,-35.008057
2018-05-21 02:25:00+00:00,-35.676193
2018-05-21 02:26:00+00:00,-38.987869
2018-05-21 02:27:00+00:00,-38.41172
2018-05-21 02:28:00+00:00,-35.038063
2018-05-21 02:29:00+00:00,-34.468849
2018-05-21 02:30:00+00:00,-34.218903
2018-05-21 02:31:00+00:00,-34.024799
2018-05-21 02:32:00+00:00,-33.807777
2018-05-21 02:33:00+00:00,-33.497337
2018-05-21 02:34:00+00:00,-34.691677
2018-05-21 02:35:00+00:00,-38.11198
2018-05-21 02:36:00+00:00,-42.675411
2018-05-21 02:37:00+00:00,-39.456108
2018-05-21 02:38:00+00:00,-40.26696
2018-05-21 02:39:00+00:00,-41.716316
2018-05-21 02:40:00+00:00,-42.910702
2018-05-21 02:41:00+00:00,-35.044254
2018-05-21 02:42:00+00:00,-33.980732
2018-05-21 02:43:00+00:00,-34.346699
2018-05-21 02:44:00+00:00,-34.309269
2018-05-21 02:45:00+00:00,-34.219521
2018-05-21 02:46:00+00:00,-34.834011
2018-05-21 02:47:00+00:00,-34.110714
2018-05-28 00:00:00+00:00,-28.977037
2018-05-28 00:01:00+00:00,-24.974743
2018-05-28 00:02:00+00:00,-22.980896
2018-05-28 00:03:00+00:00,-23.210869
2018-05-28 00:04:00+00:00,-22.810852
2018-05-28 00:05:00+00:00,-22.757853
2018-05-28 00:06:00+00:00,-23.721401
2018-05-28 00:07:00+00:00,-23.668922
2018-05-28 00:08:00+00:00,-22.594875
2018-05-28 00:09:00+00:00,-22.537251
2018-05-28 00:10:00+00:00,-21.478769
2018-05-28 00:11:00+00:00,-21.23609
2018-05-28 00:12:00+00:00,-21.88011
2018-05-28 00:13:00+00:00,-23.114614
2018-05-28 00:14:00+00:00,-23.214895
2018-05-28 00:15:00+00:00,-22.452864
2018-05-28 00:16:00+00:00,-20.857719
2018-05-28 00:17:00+00:00,-19.144384
2018-05-28 00:18:00+00:00,-17.979626
2018-05-28 00:19:00+00:00,-16.909752
2018-05-28 00:20:00+00:00,-16.837778
2018-05-28 00:21:00+00:00,-15.764169
2018-05-28 00:22:00+00:00,-16.683325
2018-05-28 00:23:00+00:00,-16.597546
2018-05-28 00:24:00+00:00,-16.514935
2018-05-28 00:25:00+00:00,-17.434973
2018-05-28 00:26:00+00:00,-18.354401
2018-05-28 00:27:00+00:00,-20.272797
2018-05-28 00:28:00+00:00,-23.184973
2018-05-28 00:29:00+00:00,-25.093937
2018-05-28 00:30:00+00:00,-26.999914
2018-05-28 00:31:00+00:00,-27.904369
2018-05-28 00:32:00+00:00,-28.80625
2018-05-28 00:33:00+00:00,-28.707056
2018-05-28 00:34:00+00:00,-29.607328
2018-05-28 00:35:00+00:00,-30.505665
2018-05-28 00:36:00+00:00,-31.399187
2018-05-28 00:37:00+00:00,-32.283909
2018-05-28 00:38:00+00:00,-32.169388
2018-05-28 00:39:00+00:00,-32.053131
2018-05-28 00:40:00+00:00,-33.939095
2018-05-28 00:41:00+00:00,-34.822708
2018-05-28 00:42:00+00:00,-36.706402
2018-05-28 00:43:00+00:00,-38.58807
2018-05-28 00:44:00+00:00,-39.469425
2018-05-28 00:45:00+00:00,-38.351082
2018-05-28 00:46:00+00:00,-37.224026
2018-05-28 00:47:00+00:00,-36.098076
2018-05-28 00:48:00+00:00,-35.975834
2018-05-28 00:49:00+00:00,-34.854668
2018-05-28 00:50:00+00:00,-33.72987
2018-05-28 00:51:00+00:00,-32.601494
2018-05-28 00:52:00+00:00,-31.467686
2018-05-28 00:53:00+00:00,-31.339615
2018-05-28 00:54:00+00:00,-31.210552
2018-05-28 00:55:00+00:00,-33.082996
2018-05-28 00:56:00+00:00,-32.955521
2018-05-28 00:57:00+00:00,-32.823788
2018-05-28 00:58:00+00:00,-31.693218
2018-05-28 00:59:00+00:00,-30.557962
2018-05-28 01:00:00+00:00,-31.426445
2018-05-28 01:01:00+00:00,-32.29081
2018-05-28 01:02:00+00:00,-34.153526
2018-05-28 01:03:00+00:00,-35.013062
2018-05-28 01:04:00+00:00,-36.870674
2018-05-28 01:05:00+00:00,-36.729248
2018-05-28 01:06:00+00:00,-37.586399
2018-05-28 01:07:00+00:00,-39.442467
2018-05-28 01:08:00+00:00,-40.298882
2018-05-28 01:09:00+00:00,-41.1516
2018-05-28 01:10:00+00:00,-43.005569
2018-05-28 01:11:00+00:00,-44.856659
2018-05-28 01:12:00+00:00,-45.707905
2018-05-28 01:13:00+00:00,-45.556664
2018-05-28 01:14:00+00:00,-44.40218
2018-05-28 01:15:00+00:00,-43.24905
2018-05-28 01:16:00+00:00,-43.093117
2018-05-28 01:17:00+00:00,-43.935898
2018-05-28 01:18:00+00:00,-44.778065
2018-05-28 01:19:00+00:00,-46.620884
2018-05-28 01:20:00+00:00,-46.464054
2018-05-28 01:21:00+00:00,-46.30666
2018-05-28 01:22:00+00:00,-47.143959
2018-05-28 01:23:00+00:00,-46.98315
2018-05-28 01:24:00+00:00,-47.819508
2018-05-28 01:25:00+00:00,-47.654549
2018-05-28 01:26:00+00:00,-47.490353
2018-05-28 01:27:00+00:00,-47.325859
2018-05-28 01:28:00+00:00,-47.164619
2018-05-28 01:29:00+00:00,-44.997955
2018-05-28 01:30:00+00:00,-44.837524
2018-05-28 01:31:00+00:00,-44.676567
2018-05-28 01:32:00+00:00,-45.510242
2018-05-28 01:33:00+00:00,-45.341049
2018-05-28 01:34:00+00:00,-46.172894
2018-05-28 01:35:00+00:00,-46.003899
2018-05-28 01:36:00+00:00,-45.834106
2018-05-28 01:37:00+00:00,-46.66354
2018-05-28 01:38:00+00:00,-46.489845
2018-05-28 01:39:00+00:00,-47.317936
2018-05-28 01:40:00+00:00,-46.147854
2018-05-28 01:41:00+00:00,-45.97226
2018-05-28 01:42:00+00:00,-45.800594
2018-05-28 01:43:00+00:00,-44.626499
2018-05-28 01:44:00+00:00,-45.450912
2018-05-28 01:45:00+00:00,-45.278435
2018-05-28 01:46:00+00:00,-45.10318
2018-05-28 01:47:00+00:00,-43.930073
2018-05-28 01:48:00+00:00,-43.751732
2018-05-28 01:49:00+00:00,-42.577679
2018-05-28 01:50:00+00:00,-41.403957
2018-05-28 01:51:00+00:00,-39.227684
2018-05-28 01:52:00+00:00,-39.04879
2018-05-28 01:53:00+00:00,-37.874382
2018-05-28 01:54:00+00:00,-37.700485
2018-05-28 01:55:00+00:00,-38.524216
2018-05-28 01:56:00+00:00,-39.347954
2018-05-28 01:57:00+00:00,-37.171474
2018-05-28 01:58:00+00:00,-35.995689
2018-05-28 01:59:00+00:00,-34.818596
2018-05-28 02:00:00+00:00,-33.645802
2018-05-28 02:01:00+00:00,-33.471588
2018-05-28 02:02:00+00:00,-32.29863
2018-05-28 02:03:00+00:00,-30.12048
2018-05-28 02:04:00+00:00,-27.94175
2018-05-28 02:05:00+00:00,-26.768209
2018-05-28 02:06:00+00:00,-26.5945
2018-05-28 02:07:00+00:00,-26.418081
2018-05-28 02:08:00+00:00,-27.244066
2018-05-28 02:09:00+00:00,-28.067963
2018-05-28 02:10:00+00:00,-27.888803
2018-05-28 02:11:00+00:00,-28.709417
2018-05-28 02:12:00+00:00,-29.534927
2018-05-28 02:13:00+00:00,-29.359369
2018-05-28 02:14:00+00:00,-30.184101
2018-05-28 02:15:00+00:00,-31.010349
2018-05-28 02:16:00+00:00,-33.833122
2018-05-28 02:17:00+00:00,-32.660736
2018-05-28 02:18:00+00:00,-32.488194
2018-05-28 02:19:00+00:00,-33.31575
2018-05-28 02:20:00+00:00,-33.138412
2018-05-28 02:21:00+00:00,-33.963516
2018-05-28 02:22:00+00:00,-36.788509
2018-05-28 02:23:00+00:00,-38.616089
2018-05-28 02:24:00+00:00,-39.443707
2018-05-28 02:25:00+00:00,-40.27039
2018-05-28 02:26:00+00:00,-40.095547
2018-05-28 02:27:00+00:00,-39.920891
2018-05-28 02:28:00+00:00,-40.743385
2018-05-28 02:29:00+00:00,-42.568787
2018-05-28 02:30:00+00:00,-43.396847
2018-05-28 02:31:00+00:00,-42.225868
2018-05-28 02:32:00+00:00,-41.051353
2018-05-28 02:33:00+00:00,-39.874161
2018-05-28 02:34:00+00:00,-39.694557
2018-05-28 02:35:00+00:00,-40.517311
2018-05-28 02:36:00+00:00,-41.344391
2018-05-28 02:37:00+00:00,-42.173737
2018-05-28 02:38:00+00:00,-43.006096
2018-05-28 02:39:00+00:00,-44.840378
2018-05-28 02:40:00+00:00,-45.670742
2018-05-28 02:41:00+00:00,-47.490726
2018-05-28 02:42:00+00:00,-48.315735
2018-05-28 02:43:00+00:00,-50.14077
2018-05-28 02:44:00+00:00,-50.962791
2018-05-28 02:45:00+00:00,-51.790367
2018-05-28 02:46:00+00:00,-52.618008
2018-05-28 02:47:00+00:00,-54.441338
2018-06-04 00:00:00+00:00,-88.920044
2018-06-04 00:01:00+00:00,-60.314445
2018-06-04 00:02:00+00:00,-51.124134
2018-06-04 00:03:00+00:00,-48.091393
2018-06-04 00:04:00+00:00,-48.062614
2018-06-04 00:05:00+00:00,-52.748203
2018-06-04 00:06:00+00:00,-52.410183
2018-06-04 00:07:00+00:00,-51.962257
2018-06-04 00:08:00+00:00,-57.844711
2018-06-04 00:09:00+00:00,-55.94883
2018-06-04 00:10:00+00:00,-51.847908
2018-06-04 00:11:00+00:00,-49.729546
2018-06-04 00:12:00+00:00,-42.867126
2018-06-04 00:13:00+00:00,-44.332954
2018-06-04 00:14:00+00:00,-44.72279
2018-06-04 00:15:00+00:00,-45.6898
2018-06-04 00:16:00+00:00,-45.811676
2018-06-04 00:17:00+00:00,-47.62941
2018-06-04 00:18:00+00:00,-49.60054
2018-06-04 00:19:00+00:00,-50.211506
2018-06-04 00:20:00+00:00,-54.599632
2018-06-04 00:21:00+00:00,-59.463333
2018-06-04 00:22:00+00:00,-69.715164
2018-06-04 00:23:00+00:00,-59.356117
2018-06-04 00:24:00+00:00,-55.17548
2018-06-04 00:25:00+00:00,-53.498329
2018-06-04 00:26:00+00:00,-58.912365
2018-06-04 00:27:00+00:00,-59.166824
2018-06-04 00:28:00+00:00,-59.18922
2018-06-04 00:29:00+00:00,-58.258419
2018-06-04 00:30:00+00:00,-55.832684
2018-06-04 00:31:00+00:00,-55.625843
2018-06-04 00:32:00+00:00,-58.110432
2018-06-04 00:33:00+00:00,-59.15353
2018-06-04 00:34:00+00:00,-63.128975
2018-06-04 00:35:00+00:00,-69.109657
2018-06-04 00:36:00+00:00,-93.286461
2018-06-04 00:37:00+00:00,-80.255516
2018-06-04 00:38:00+00:00,-65.227463
2018-06-04 00:39:00+00:00,-71.760216
2018-06-04 00:40:00+00:00,-63.96751
2018-06-04 00:41:00+00:00,-66.14756
2018-06-04 00:42:00+00:00,-64.893524
2018-06-04 00:43:00+00:00,-65.862991
2018-06-04 00:44:00+00:00,-67.839973
2018-06-04 00:45:00+00:00,-67.829117
2018-06-04 00:46:00+00:00,-67.883316
2018-06-04 00:47:00+00:00,-63.428955
2018-06-04 00:48:00+00:00,-61.733242
2018-06-04 00:49:00+00:00,-61.705715
2018-06-04 00:50:00+00:00,-61.67931
2018-06-04 00:51:00+00:00,-62.654434
2018-06-04 00:52:00+00:00,-60.623169
2018-06-04 00:53:00+00:00,-59.583031
2018-06-04 00:54:00+00:00,-58.551514
2018-06-04 00:55:00+00:00,-56.512333
2018-06-04 00:56:00+00:00,-58.784866
2018-06-04 00:57:00+00:00,-55.998009
2018-06-04 00:58:00+00:00,-51.402935
2018-06-04 00:59:00+00:00,-49.36087
2018-06-04 01:00:00+00:00,-49.316837
2018-06-04 01:01:00+00:00,-50.446724
2018-06-04 01:02:00+00:00,-53.126183
2018-06-04 01:03:00+00:00,-57.201553
2018-06-04 01:04:00+00:00,-56.545082
2018-06-04 01:05:00+00:00,-56.209297
2018-06-04 01:06:00+00:00,-53.050961
2018-06-04 01:07:00+00:00,-55.00391
2018-06-04 01:08:00+00:00,-55.954975
2018-06-04 01:09:00+00:00,-55.907261
2018-06-04 01:10:00+00:00,-55.856998
2018-06-04 01:11:00+00:00,-54.802654
2018-06-04 01:12:00+00:00,-52.750237
2018-06-04 01:13:00+00:00,-53.695751
2018-06-04 01:14:00+00:00,-53.641712
2018-06-04 01:15:00+00:00,-52.580849
2018-06-04 01:16:00+00:00,-53.525459
2018-06-04 01:17:00+00:00,-54.469105
2018-06-04 01:18:00+00:00,-58.327019
2018-06-04 01:19:00+00:00,-108.395493
2018-06-04 01:20:00+00:00,-102.62587
2018-06-04 01:21:00+00:00,-116.190186
2018-06-04 01:22:00+00:00,-133.907883
2018-06-04 01:23:00+00:00,-148.497345
2018-06-04 01:24:00+00:00,-139.848206
2018-06-04 01:25:00+00:00,-138.857895
2018-06-04 01:26:00+00:00,-143.917816
2018-06-04 01:27:00+00:00,-129.926331
2018-06-04 01:28:00+00:00,-119.900269
2018-06-04 01:29:00+00:00,-111.217552
2018-06-04 01:30:00+00:00,-100.652321
2018-06-04 01:31:00+00:00,-92.488297
2018-06-04 01:32:00+00:00,-85.713699
2018-06-04 01:33:00+00:00,-81.864548
2018-06-04 01:34:00+00:00,-68.862656
2018-06-04 01:35:00+00:00,-63.109119
2018-06-04 01:36:00+00:00,-69.938065
2018-06-04 01:37:00+00:00,-71.789886
2018-06-04 01:38:00+00:00,-79.282951
2018-06-04 01:39:00+00:00,-67.662941
2018-06-04 01:40:00+00:00,-78.024582
2018-06-04 01:41:00+00:00,-73.966827
2018-06-04 01:42:00+00:00,-73.642731
2018-06-04 01:43:00+00:00,-79.145294
2018-06-04 01:44:00+00:00,-80.843346
2018-06-04 01:45:00+00:00,-80.406219
2018-06-04 01:46:00+00:00,-92.262314
2018-06-04 01:47:00+00:00,-117.939201
2018-06-04 01:48:00+00:00,-112.987381
2018-06-04 01:49:00+00:00,-123.219696
2018-06-04 01:50:00+00:00,-119.15831
2018-06-04 01:51:00+00:00,-109.028076
2018-06-04 01:52:00+00:00,-101.280914
2018-06-04 01:53:00+00:00,-105.911186
2018-06-04 01:54:00+00:00,-102.996773
2018-06-04 01:55:00+00:00,-100.941849
2018-06-04 01:56:00+00:00,-91.641953
2018-06-04 01:57:00+00:00,-87.943596
2018-06-04 01:58:00+00:00,-81.473007
2018-06-04 01:59:00+00:00,-84.228317
2018-06-04 02:00:00+00:00,-97.740807
2018-06-04 02:01:00+00:00,-134.188126
2018-06-04 02:02:00+00:00,-122.831795
2018-06-04 02:03:00+00:00,-85.539467
2018-06-04 02:04:00+00:00,-80.172264
2018-06-04 02:05:00+00:00,-73.72023
2018-06-04 02:06:00+00:00,-71.879883
2018-06-04 02:07:00+00:00,-69.127899
2018-06-04 02:08:00+00:00,-70.376823
2018-06-04 02:09:00+00:00,-71.099426
2018-06-04 02:10:00+00:00,-67.004852
2018-06-04 02:11:00+00:00,-66.032906
2018-06-04 02:12:00+00:00,-62.422993
2018-06-04 02:13:00+00:00,-59.138222
2018-06-04 02:14:00+00:00,-57.015778
2018-06-04 02:15:00+00:00,-53.835114
2018-06-04 02:16:00+00:00,-50.760521
2018-06-04 02:17:00+00:00,-50.044315
2018-06-04 02:18:00+00:00,-48.842228
2018-06-04 02:19:00+00:00,-49.641869
2018-06-04 02:20:00+00:00,-47.434006
2018-06-04 02:21:00+00:00,-47.225941
2018-06-04 02:22:00+00:00,-49.015087
2018-06-04 02:23:00+00:00,-47.80608
2018-06-04 02:24:00+00:00,-46.602219
2018-06-04 02:25:00+00:00,-47.389069
2018-06-04 02:26:00+00:00,-45.163692
2018-06-04 02:27:00+00:00,-47.941971
2018-06-04 02:28:00+00:00,-46.713634
2018-06-04 02:29:00+00:00,-49.479233
2018-06-04 02:30:00+00:00,-53.247375
2018-06-04 02:31:00+00:00,-58.021309
2018-06-04 02:32:00+00:00,-60.794983
2018-06-04 02:33:00+00:00,-64.566383
2018-06-04 02:34:00+00:00,-63.324528
2018-06-04 02:35:00+00:00,-60.072338
2018-06-04 02:36:00+00:00,-58.812321
2018-06-04 02:37:00+00:00,-57.553036
2018-06-04 02:38:00+00:00,-55.306313
2018-06-04 02:39:00+00:00,-54.047066
2018-06-04 02:40:00+00:00,-54.779339
2018-06-04 02:41:00+00:00,-60.525948
2018-06-04 02:42:00+00:00,-61.270477
2018-06-04 02:43:00+00:00,-57.012978
2018-06-04 02:44:00+00:00,-55.74173
2018-06-04 02:45:00+00:00,-59.475945
2018-06-04 02:46:00+00:00,-60.203438
2018-06-04 02:47:00+00:00,-60.922813
2018-06-11 00:00:00+00:00,-120.264923
2018-06-11 00:01:00+00:00,-117.210381
2018-06-11 00:02:00+00:00,-112.829384
2018-06-11 00:03:00+00:00,-110.550552
2018-06-11 00:04:00+00:00,-109.685333
2018-06-11 00:05:00+00:00,-106.26976
2018-06-11 00:06:00+00:00,-102.125046
2018-06-11 00:07:00+00:00,-108.972099
2018-06-11 00:08:00+00:00,-97.021446
2018-06-11 00:09:00+00:00,-106.461311
2018-06-11 00:10:00+00:00,-105.807434
2018-06-11 00:11:00+00:00,-105.755035
2018-06-11 00:12:00+00:00,-113.583221
2018-06-11 00:13:00+00:00,-125.131699
2018-06-11 00:14:00+00:00,-124.2799
2018-06-11 00:15:00+00:00,-119.495079
2018-06-11 00:16:00+00:00,-115.113831
2018-06-11 00:17:00+00:00,-114.746704
2018-06-11 00:18:00+00:00,-114.870102
2018-06-11 00:19:00+00:00,-113.785706
2018-06-11 00:20:00+00:00,-110.984634
2018-06-11 00:21:00+00:00,-109.172867
2018-06-11 00:22:00+00:00,-106.529022
2018-06-11 00:23:00+00:00,-106.28759
2018-06-11 00:24:00+00:00,-108.201035
2018-06-11 00:25:00+00:00,-105.075119
2018-06-11 00:26:00+00:00,-101.345299
2018-06-11 00:27:00+00:00,-97.748795
2018-06-11 00:28:00+00:00,-94.205437
2018-06-11 00:29:00+00:00,-91.168274
2018-06-11 00:30:00+00:00,-87.694839
2018-06-11 00:31:00+00:00,-85.269661
2018-06-11 00:32:00+00:00,-83.601852
2018-06-11 00:33:00+00:00,-83.992401
2018-06-11 00:34:00+00:00,-85.629707
2018-06-11 00:35:00+00:00,-87.139656
2018-06-11 00:36:00+00:00,-88.217468
2018-06-11 00:37:00+00:00,-87.936295
2018-06-11 00:38:00+00:00,-87.271324
2018-06-11 00:39:00+00:00,-87.63134
2018-06-11 00:40:00+00:00,-90.744789
2018-06-11 00:41:00+00:00,-94.8591
2018-06-11 00:42:00+00:00,-95.585281
2018-06-11 00:43:00+00:00,-98.132248
2018-06-11 00:44:00+00:00,-98.853462
2018-06-11 00:45:00+00:00,-98.53595
2018-06-11 00:46:00+00:00,-98.517159
2018-06-11 00:47:00+00:00,-96.148209
2018-06-11 00:48:00+00:00,-93.145866
2018-06-11 00:49:00+00:00,-91.057892
2018-06-11 00:50:00+00:00,-91.248344
2018-06-11 00:51:00+00:00,-96.272194
2018-06-11 00:52:00+00:00,-95.292877
2018-06-11 00:53:00+00:00,-89.173111
2018-06-11 00:54:00+00:00,-89.194748
2018-06-11 00:55:00+00:00,-87.354095
2018-06-11 00:56:00+00:00,-88.371902
2018-06-11 00:57:00+00:00,-90.388527
2018-06-11 00:58:00+00:00,-100.402023
2018-06-11 00:59:00+00:00,-102.416306
2018-06-11 01:00:00+00:00,-100.429428
2018-06-11 01:01:00+00:00,-97.441582
2018-06-11 01:02:00+00:00,-93.45195
2018-06-11 01:03:00+00:00,-89.46093
2018-06-11 01:04:00+00:00,-87.466583
2018-06-11 01:05:00+00:00,-84.472839
2018-06-11 01:06:00+00:00,-84.477768
2018-06-11 01:07:00+00:00,-85.483337
2018-06-11 01:08:00+00:00,-81.485725
2018-06-11 01:09:00+00:00,-79.728462
2018-06-11 01:10:00+00:00,-83.049484
2018-06-11 01:11:00+00:00,-86.377098
2018-06-11 01:12:00+00:00,-91.735909
2018-06-11 01:13:00+00:00,-98.419769
2018-06-11 01:14:00+00:00,-106.744057
2018-06-11 01:15:00+00:00,-107.890366
2018-06-11 01:16:00+00:00,-107.635292
2018-06-11 01:17:00+00:00,-107.926476
2018-06-11 01:18:00+00:00,-109.458763
2018-06-11 01:19:00+00:00,-109.006859
2018-06-11 01:20:00+00:00,-103.82914
2018-06-11 01:21:00+00:00,-99.271263
2018-06-11 01:22:00+00:00,-96.586609
2018-06-11 01:23:00+00:00,-93.093864
2018-06-11 01:24:00+00:00,-93.895264
2018-06-11 01:25:00+00:00,-91.421814
2018-06-11 01:26:00+00:00,-91.141235
2018-06-11 01:27:00+00:00,-88.359642
2018-06-11 01:28:00+00:00,-84.242554
2018-06-11 01:29:00+00:00,-100.970367
2018-06-11 01:30:00+00:00,-108.529785
2018-06-11 01:31:00+00:00,-102.280121
2018-06-11 01:32:00+00:00,-127.38868
2018-06-11 01:33:00+00:00,-118.180374
2018-06-11 01:34:00+00:00,-107.80748
2018-06-11 01:35:00+00:00,-101.422272
2018-06-11 01:36:00+00:00,-98.996338
2018-06-11 01:37:00+00:00,-94.347969
2018-06-11 01:38:00+00:00,-92.448891
2018-06-11 01:39:00+00:00,-89.717773
2018-06-11 01:40:00+00:00,-105.074539
2018-06-11 01:41:00+00:00,-125.113853
2018-06-11 01:42:00+00:00,-130.112
2018-06-11 01:43:00+00:00,-138.031784
2018-06-11 01:44:00+00:00,-158.28038
2018-06-11 01:45:00+00:00,-154.873337
2018-06-11 01:46:00+00:00,-174.318649
2018-06-11 01:47:00+00:00,-199.740128
2018-06-11 01:48:00+00:00,-186.587952
2018-06-11 01:49:00+00:00,-176.44722
2018-06-11 01:50:00+00:00,-176.454178
2018-06-11 01:51:00+00:00,-183.296234
2018-06-11 01:52:00+00:00,-186.613953
2018-06-11 01:53:00+00:00,-185.281616
2018-06-11 01:54:00+00:00,-183.28775
2018-06-11 01:55:00+00:00,-175.228302
2018-06-11 01:56:00+00:00,-171.469421
2018-06-11 01:57:00+00:00,-168.392838
2018-06-11 01:58:00+00:00,-165.108871
2018-06-11 01:59:00+00:00,-150.336166
2018-06-11 02:00:00+00:00,-151.918411
2018-06-11 02:01:00+00:00,-139.333069
2018-06-11 02:02:00+00:00,-143.121277
2018-06-11 02:03:00+00:00,-145.302734
2018-06-11 02:04:00+00:00,-146.768997
2018-06-11 02:05:00+00:00,-139.843216
2018-06-11 02:06:00+00:00,-184.06636
2018-06-11 02:07:00+00:00,-129.066299
2018-06-11 02:08:00+00:00,-126.766113
2018-06-11 02:09:00+00:00,-107.106018
2018-06-11 02:10:00+00:00,-100.268463
2018-06-11 02:11:00+00:00,-115.810165
2018-06-11 02:12:00+00:00,-113.615967
2018-06-11 02:13:00+00:00,-95.675209
2018-06-11 02:14:00+00:00,-85.211617
2018-06-11 02:15:00+00:00,-89.768242
2018-06-11 02:16:00+00:00,-97.532219
2018-06-11 02:17:00+00:00,-93.006531
2018-06-11 02:18:00+00:00,-90.825523
2018-06-11 02:19:00+00:00,-95.497093
2018-06-11 02:20:00+00:00,-96.042816
2018-06-11 02:21:00+00:00,-87.879761
2018-06-11 02:22:00+00:00,-78.635948
2018-06-11 02:23:00+00:00,-75.193291
2018-06-11 02:24:00+00:00,-78.311707
2018-06-11 02:25:00+00:00,-82.41114
2018-06-11 02:26:00+00:00,-113.669395
2018-06-11 02:27:00+00:00,-110.243713
2018-06-11 02:28:00+00:00,-72.135414
2018-06-11 02:29:00+00:00,-74.647041
2018-06-11 02:30:00+00:00,-76.90963
2018-06-11 02:31:00+00:00,-82.091194
2018-06-11 02:32:00+00:00,-92.237823
2018-06-11 02:33:00+00:00,-92.173378
2018-06-11 02:34:00+00:00,-85.328552
2018-06-11 02:35:00+00:00,-77.530548
2018-06-11 02:36:00+00:00,-72.294052
2018-06-11 02:37:00+00:00,-71.23629
2018-06-11 02:38:00+00:00,-74.218681
2018-06-11 02:39:00+00:00,-73.195358
2018-06-11 02:40:00+00:00,-67.572594
2018-06-11 02:41:00+00:00,-63.113121
2018-06-11 02:42:00+00:00,-64.829681
2018-06-11 02:43:00+00:00,-66.602211
2018-06-11 02:44:00+00:00,-69.361404
2018-06-11 02:45:00+00:00,-69.623909
2018-06-11 02:46:00+00:00,-70.050499
2018-06-11 02:47:00+00:00,-86.153618
2018-06-18 00:00:00+00:00,-34.373806
2018-06-18 00:01:00+00:00,-30.787197
2018-06-18 00:02:00+00:00,-29.412426
2018-06-18 00:03:00+00:00,-29.885181
2018-06-18 00:04:00+00:00,-31.561459
2018-06-18 00:05:00+00:00,-30.709381
2018-06-18 00:06:00+00:00,-30.068224
2018-06-18 00:07:00+00:00,-29.228584
2018-06-18 00:08:00+00:00,-29.625307
2018-06-18 00:09:00+00:00,-27.917761
2018-06-18 00:10:00+00:00,-33.487602
2018-06-18 00:11:00+00:00,-28.764973
2018-06-18 00:12:00+00:00,-27.583342
2018-06-18 00:13:00+00:00,-31.745415
2018-06-18 00:14:00+00:00,-40.26482
2018-06-18 00:15:00+00:00,-46.16618
2018-06-18 00:16:00+00:00,-46.762325
2018-06-18 00:17:00+00:00,-42.074009
2018-06-18 00:18:00+00:00,-30.402479
2018-06-18 00:19:00+00:00,-22.545996
2018-06-18 00:20:00+00:00,-16.856152
2018-06-18 00:21:00+00:00,-15.469694
2018-06-18 00:22:00+00:00,-15.392515
2018-06-18 00:23:00+00:00,-12.867268
2018-06-18 00:24:00+00:00,-9.818838
2018-06-18 00:25:00+00:00,-1.760065
2018-06-18 00:26:00+00:00,-2.708029
2018-06-18 00:27:00+00:00,-5.14144
2018-06-18 00:28:00+00:00,-6.630202
2018-06-18 00:29:00+00:00,-10.536542
2018-06-18 00:30:00+00:00,-32.481045
2018-06-18 00:31:00+00:00,-36.42498
2018-06-18 00:32:00+00:00,-39.369022
2018-06-18 00:33:00+00:00,-37.321423
2018-06-18 00:34:00+00:00,-39.210255
2018-06-18 00:35:00+00:00,-46.182854
2018-06-18 00:36:00+00:00,-50.161816
2018-06-18 00:37:00+00:00,-44.144253
2018-06-18 00:38:00+00:00,-48.138824
2018-06-18 00:39:00+00:00,-67.110703
2018-06-18 00:40:00+00:00,-70.05542
2018-06-18 00:41:00+00:00,-77.024765
2018-06-18 00:42:00+00:00,-98.961166
2018-06-18 00:43:00+00:00,-91.922287
2018-06-18 00:44:00+00:00,-93.93502
2018-06-18 00:45:00+00:00,-105.925667
2018-06-18 00:46:00+00:00,-108.865402
2018-06-18 00:47:00+00:00,-101.788528
2018-06-18 00:48:00+00:00,-90.732674
2018-06-18 00:49:00+00:00,-76.691521
2018-06-18 00:50:00+00:00,-80.695381
2018-06-18 00:51:00+00:00,-91.657883
2018-06-18 00:52:00+00:00,-93.546822
2018-06-18 00:53:00+00:00,-82.464928
2018-06-18 00:54:00+00:00,-65.487122
2018-06-18 00:55:00+00:00,-67.458839
2018-06-18 00:56:00+00:00,-78.399155
2018-06-18 00:57:00+00:00,-75.384766
2018-06-18 00:58:00+00:00,-72.349808
2018-06-18 00:59:00+00:00,-79.314331
2018-06-18 01:00:00+00:00,-109.203667
2018-06-18 01:01:00+00:00,-107.108398
2018-06-18 01:02:00+00:00,-96.674911
2018-06-18 01:03:00+00:00,-134.061142
2018-06-18 01:04:00+00:00,-167.957886
2018-06-18 01:05:00+00:00,-170.864502
2018-06-18 01:06:00+00:00,-187.567093
2018-06-18 01:07:00+00:00,-248.544144
2018-06-18 01:08:00+00:00,-230.526978
2018-06-18 01:09:00+00:00,-246.482651
2018-06-18 01:10:00+00:00,-283.510162
2018-06-18 01:11:00+00:00,-297.498169
2018-06-18 01:12:00+00:00,-295.464294
2018-06-18 01:13:00+00:00,-281.441681
2018-06-18 01:14:00+00:00,-318.434296
2018-06-18 01:15:00+00:00,-293.429413
2018-06-18 01:16:00+00:00,-323.429474
2018-06-18 01:17:00+00:00,-332.407166
2018-06-18 01:18:00+00:00,-380.453796
2018-06-18 01:19:00+00:00,-436.463867
2018-06-18 01:20:00+00:00,-433.375916
2018-06-18 01:21:00+00:00,-407.340271
2018-06-18 01:22:00+00:00,-394.275909
2018-06-18 01:23:00+00:00,-387.248871
2018-06-18 01:24:00+00:00,-385.185669
2018-06-18 01:25:00+00:00,-397.135895
2018-06-18 01:26:00+00:00,-402.400024
2018-06-18 01:27:00+00:00,-418.574982
2018-06-18 01:28:00+00:00,-430.320251
2018-06-18 01:29:00+00:00,-438.350006
2018-06-18 01:30:00+00:00,-440.938385
2018-06-18 01:31:00+00:00,-441.030731
2018-06-18 01:32:00+00:00,-457.751282
2018-06-18 01:33:00+00:00,-487.649475
2018-06-18 01:34:00+00:00,-529.400146
2018-06-18 01:35:00+00:00,-552.518799
2018-06-18 01:36:00+00:00,-539.621643
2018-06-18 01:37:00+00:00,-508.737915
2018-06-18 01:38:00+00:00,-486.118988
2018-06-18 01:39:00+00:00,-491.071564
2018-06-18 01:40:00+00:00,-481.992462
2018-06-18 01:41:00+00:00,-484.97348
2018-06-18 01:42:00+00:00,-524.938477
2018-06-18 01:43:00+00:00,-534.001648
2018-06-18 01:44:00+00:00,-521.952209
2018-06-18 01:45:00+00:00,-543.931641
2018-06-18 01:46:00+00:00,-563.971985
2018-06-18 01:47:00+00:00,-581.04248
2018-06-18 01:48:00+00:00,-564.078491
2018-06-18 01:49:00+00:00,-551.014587
2018-06-18 01:50:00+00:00,-539.961121
2018-06-18 01:51:00+00:00,-530.967834
2018-06-18 01:52:00+00:00,-531.975281
2018-06-18 01:53:00+00:00,-549.929382
2018-06-18 01:54:00+00:00,-561.907959
2018-06-18 01:55:00+00:00,-554.909729
2018-06-18 01:56:00+00:00,-560.912231
2018-06-18 01:57:00+00:00,-602.012085
2018-06-18 01:58:00+00:00,-623.134216
2018-06-18 01:59:00+00:00,-644.182007
2018-06-18 02:00:00+00:00,-674.166992
2018-06-18 02:01:00+00:00,-664.840698
2018-06-18 02:02:00+00:00,-681.708984
2018-06-18 02:03:00+00:00,-677.408752
2018-06-18 02:04:00+00:00,-654.824707
2018-06-18 02:05:00+00:00,-677.744202
2018-06-18 02:06:00+00:00,-701.505249
2018-06-18 02:07:00+00:00,-664.300293
2018-06-18 02:08:00+00:00,-661.895996
2018-06-18 02:09:00+00:00,-705.936401
2018-06-18 02:10:00+00:00,-710.998169
2018-06-18 02:11:00+00:00,-679.079163
2018-06-18 02:12:00+00:00,-675.916992
2018-06-18 02:13:00+00:00,-725.370911
2018-06-18 02:14:00+00:00,-678.667236
2018-06-18 02:15:00+00:00,-710.352539
2018-06-18 02:16:00+00:00,-721.290833
2018-06-18 02:17:00+00:00,-697.666016
2018-06-18 02:18:00+00:00,-723.048828
2018-06-18 02:19:00+00:00,-690.335754
2018-06-18 02:20:00+00:00,-676.492004
2018-06-18 02:21:00+00:00,-693.74353
2018-06-18 02:22:00+00:00,-652.66272
2018-06-18 02:23:00+00:00,-631.898315
2018-06-18 02:24:00+00:00,-663.478699
2018-06-18 02:25:00+00:00,-663.910034
2018-06-18 02:26:00+00:00,-665.059692
2018-06-18 02:27:00+00:00,-677.499023
2018-06-18 02:28:00+00:00,-713.703857
2018-06-18 02:29:00+00:00,-753.635925
2018-06-18 02:30:00+00:00,-753.002075
2018-06-18 02:31:00+00:00,-760.524658
2018-06-18 02:32:00+00:00,-784.259277
2018-06-18 02:33:00+00:00,-773.190002
2018-06-18 02:34:00+00:00,-778.434448
2018-06-18 02:35:00+00:00,-759.974792
2018-06-18 02:36:00+00:00,-714.025696
2018-06-18 02:37:00+00:00,-670.975708
2018-06-18 02:38:00+00:00,-653.029663
2018-06-18 02:39:00+00:00,-645.371155
2018-06-18 02:40:00+00:00,-627.408264
2018-06-18 02:41:00+00:00,-641.480652
2018-06-18 02:42:00+00:00,-668.750244
2018-06-18 02:43:00+00:00,-676.226807
2018-06-18 02:44:00+00:00,-719.377747
2018-06-18 02:45:00+00:00,-773.933777
2018-06-18 02:46:00+00:00,-773.422729
2018-06-18 02:47:00+00:00,-756.281189
2018-06-25 00:00:00+00:00,-115.628441
2018-06-25 00:01:00+00:00,-106.35215
2018-06-25 00:02:00+00:00,-105.206261
2018-06-25 00:03:00+00:00,-106.378967
2018-06-25 00:04:00+00:00,-106.490265
2018-06-25 00:05:00+00:00,-80.243195
2018-06-25 00:06:00+00:00,-157.79808
2018-06-25 00:07:00+00:00,-176.778809
2018-06-25 00:08:00+00:00,-154.474915
2018-06-25 00:09:00+00:00,-147.812592
2018-06-25 00:10:00+00:00,-195.001312
2018-06-25 00:11:00+00:00,-112.164459
2018-06-25 00:12:00+00:00,-121.814644
2018-06-25 00:13:00+00:00,-126.407982
2018-06-25 00:14:00+00:00,-127.048294
2018-06-25 00:15:00+00:00,-132.222778
2018-06-25 00:16:00+00:00,-130.128098
2018-06-25 00:17:00+00:00,-124.899017
2018-06-25 00:18:00+00:00,-117.392288
2018-06-25 00:19:00+00:00,-107.614632
2018-06-25 00:20:00+00:00,-95.02298
2018-06-25 00:21:00+00:00,-90.125061
2018-06-25 00:22:00+00:00,-83.055519
2018-06-25 00:23:00+00:00,-78.642395
2018-06-25 00:24:00+00:00,-75.409081
2018-06-25 00:25:00+00:00,-73.611946
2018-06-25 00:26:00+00:00,-74.388306
2018-06-25 00:27:00+00:00,-77.50164
2018-06-25 00:28:00+00:00,-88.119415
2018-06-25 00:29:00+00:00,-89.359245
2018-06-25 00:30:00+00:00,-87.502495
2018-06-25 00:31:00+00:00,-66.150352
2018-06-25 00:32:00+00:00,-64.985855
2018-06-25 00:33:00+00:00,-59.177731
2018-06-25 00:34:00+00:00,-59.769512
2018-06-25 00:35:00+00:00,-58.309967
2018-06-25 00:36:00+00:00,-57.426014
2018-06-25 00:37:00+00:00,-54.698669
2018-06-25 00:38:00+00:00,-51.638992
2018-06-25 00:39:00+00:00,-48.505074
2018-06-25 00:40:00+00:00,-46.766434
2018-06-25 00:41:00+00:00,-41.998703
2018-06-25 00:42:00+00:00,-39.155476
2018-06-25 00:43:00+00:00,-36.293839
2018-06-25 00:44:00+00:00,-37.435436
2018-06-25 00:45:00+00:00,-34.707851
2018-06-25 00:46:00+00:00,-31.14426
2018-06-25 00:47:00+00:00,-27.832798
2018-06-25 00:48:00+00:00,-34.712345
2018-06-25 00:49:00+00:00,-52.149757
2018-06-25 00:50:00+00:00,-43.20171
2018-06-25 00:51:00+00:00,-41.229782
2018-06-25 00:52:00+00:00,-44.407394
2018-06-25 00:53:00+00:00,-42.960762
2018-06-25 00:54:00+00:00,-44.088318
2018-06-25 00:55:00+00:00,-43.472931
2018-06-25 00:56:00+00:00,-39.532536
2018-06-25 00:57:00+00:00,-43.150829
2018-06-25 00:58:00+00:00,-45.621674
2018-06-25 00:59:00+00:00,-45.686348
2018-06-25 01:00:00+00:00,-42.24036
2018-06-25 01:01:00+00:00,-41.56472
2018-06-25 01:02:00+00:00,-46.578297
2018-06-25 01:03:00+00:00,-48.407631
2018-06-25 01:04:00+00:00,-45.537064
2018-06-25 01:05:00+00:00,-43.662868
2018-06-25 01:06:00+00:00,-46.789894
2018-06-25 01:07:00+00:00,-49.638821
2018-06-25 01:08:00+00:00,-47.427071
2018-06-25 01:09:00+00:00,-47.651371
2018-06-25 01:10:00+00:00,-48.480305
2018-06-25 01:11:00+00:00,-56.529083
2018-06-25 01:12:00+00:00,-57.324051
2018-06-25 01:13:00+00:00,-53.918892
2018-06-25 01:14:00+00:00,-48.084084
2018-06-25 01:15:00+00:00,-47.293236
2018-06-25 01:16:00+00:00,-43.817501
2018-06-25 01:17:00+00:00,-45.280514
2018-06-25 01:18:00+00:00,-35.554558
2018-06-25 01:19:00+00:00,-35.235348
2018-06-25 01:20:00+00:00,-34.682655
2018-06-25 01:21:00+00:00,-34.972511
2018-06-25 01:22:00+00:00,-35.272552
2018-06-25 01:23:00+00:00,-39.68399
2018-06-25 01:24:00+00:00,-45.357983
2018-06-25 01:25:00+00:00,-41.141636
2018-06-25 01:26:00+00:00,-40.735199
2018-06-25 01:27:00+00:00,-45.248352
2018-06-25 01:28:00+00:00,-43.335239
2018-06-25 01:29:00+00:00,-50.468662
2018-06-25 01:30:00+00:00,-51.600735
2018-06-25 01:31:00+00:00,-48.119133
2018-06-25 01:32:00+00:00,-41.421337
2018-06-25 01:33:00+00:00,-40.092289
2018-06-25 01:34:00+00:00,-38.440392
2018-06-25 01:35:00+00:00,-36.914799
2018-06-25 01:36:00+00:00,-34.599926
2018-06-25 01:37:00+00:00,-31.996204
2018-06-25 01:38:00+00:00,-30.049011
2018-06-25 01:39:00+00:00,-30.126642
2018-06-25 01:40:00+00:00,-31.476564
2018-06-25 01:41:00+00:00,-31.764008
2018-06-25 01:42:00+00:00,-32.233829
2018-06-25 01:43:00+00:00,-35.682804
2018-06-25 01:44:00+00:00,-32.08593
2018-06-25 01:45:00+00:00,-30.918333
2018-06-25 01:46:00+00:00,-31.220839
2018-06-25 01:47:00+00:00,-30.236622
2018-06-25 01:48:00+00:00,-31.251678
2018-06-25 01:49:00+00:00,-29.410763
2018-06-25 01:50:00+00:00,-30.208744
2018-06-25 01:51:00+00:00,-30.958719
2018-06-25 01:52:00+00:00,-31.967297
2018-06-25 01:53:00+00:00,-32.430569
2018-06-25 01:54:00+00:00,-32.384945
2018-06-25 01:55:00+00:00,-32.328285
2018-06-25 01:56:00+00:00,-31.702936
2018-06-25 01:57:00+00:00,-31.073318
2018-06-25 01:58:00+00:00,-31.211857
2018-06-25 01:59:00+00:00,-32.214222
2018-06-25 02:00:00+00:00,-33.490528
2018-06-25 02:01:00+00:00,-34.277107
2018-06-25 02:02:00+00:00,-35.462959
2018-06-25 02:03:00+00:00,-37.900028
2018-06-25 02:04:00+00:00,-40.614975
2018-06-25 02:05:00+00:00,-37.979477
2018-06-25 02:06:00+00:00,-40.24683
2018-06-25 02:07:00+00:00,-45.651173
2018-06-25 02:08:00+00:00,-47.873608
2018-06-25 02:09:00+00:00,-47.997604
2018-06-25 02:10:00+00:00,-46.156857
2018-06-25 02:11:00+00:00,-43.014069
2018-06-25 02:12:00+00:00,-36.725597
2018-06-25 02:13:00+00:00,-29.581583
2018-06-25 02:14:00+00:00,-29.914001
2018-06-25 02:15:00+00:00,-29.921974
2018-06-25 02:16:00+00:00,-29.658901
2018-06-25 02:17:00+00:00,-29.905613
2018-06-25 02:18:00+00:00,-30.270208
2018-06-25 02:19:00+00:00,-31.053448
2018-06-25 02:20:00+00:00,-30.774843
2018-06-25 02:21:00+00:00,-30.75762
2018-06-25 02:22:00+00:00,-31.716602
2018-06-25 02:23:00+00:00,-32.701424
2018-06-25 02:24:00+00:00,-37.430805
2018-06-25 02:25:00+00:00,-37.90905
2018-06-25 02:26:00+00:00,-32.273819
2018-06-25 02:27:00+00:00,-33.533585
2018-06-25 02:28:00+00:00,-34.791916
2018-06-25 02:29:00+00:00,-33.416603
2018-06-25 02:30:00+00:00,-28.960489
2018-06-25 02:31:00+00:00,-27.468092
2018-06-25 02:32:00+00:00,-27.402067
2018-06-25 02:33:00+00:00,-27.857077
2018-06-25 02:34:00+00:00,-27.314581
2018-06-25 02:35:00+00:00,-27.469908
2018-06-25 02:36:00+00:00,-27.617989
2018-06-25 02:37:00+00:00,-27.523491
2018-06-25 02:38:00+00:00,-28.001299
2018-06-25 02:39:00+00:00,-27.892372
2018-06-25 02:40:00+00:00,-28.535046
2018-06-25 02:41:00+00:00,-29.45961
2018-06-25 02:42:00+00:00,-30.270569
2018-06-25 02:43:00+00:00,-30.797039
2018-06-25 02:44:00+00:00,-30.631807
2018-06-25 02:45:00+00:00,-27.90477
2018-06-25 02:46:00+00:00,-25.389727
2018-06-25 02:47:00+00:00,-25.762747
2018-07-02 00:00:00+00:00,-17.831173
2018-07-02 00:01:00+00:00,-17.980078
2018-07-02 00:02:00+00:00,-16.091061
2018-07-02 00:03:00+00:00,-16.132097
2018-07-02 00:04:00+00:00,-15.777915
2018-07-02 00:05:00+00:00,-14.178642
2018-07-02 00:06:00+00:00,-14.977356
2018-07-02 00:07:00+00:00,-17.675365
2018-07-02 00:08:00+00:00,-17.639091
2018-07-02 00:09:00+00:00,-18.851639
2018-07-02 00:10:00+00:00,-20.418392
2018-07-02 00:11:00+00:00,-32.0984
2018-07-02 00:12:00+00:00,-35.492664
2018-07-02 00:13:00+00:00,-37.041187
2018-07-02 00:14:00+00:00,-35.770641
2018-07-02 00:15:00+00:00,-35.418701
2018-07-02 00:16:00+00:00,-33.687294
2018-07-02 00:17:00+00:00,-29.947132
2018-07-02 00:18:00+00:00,-24.499733
2018-07-02 00:19:00+00:00,-22.412519
2018-07-02 00:20:00+00:00,-23.189705
2018-07-02 00:21:00+00:00,-25.740473
2018-07-02 00:22:00+00:00,-25.991535
2018-07-02 00:23:00+00:00,-27.670624
2018-07-02 00:24:00+00:00,-29.914286
2018-07-02 00:25:00+00:00,-30.290091
2018-07-02 00:26:00+00:00,-30.155523
2018-07-02 00:27:00+00:00,-31.206955
2018-07-02 00:28:00+00:00,-33.019146
2018-07-02 00:29:00+00:00,-33.408577
2018-07-02 00:30:00+00:00,-36.150223
2018-07-02 00:31:00+00:00,-35.647476
2018-07-02 00:32:00+00:00,-32.727425
2018-07-02 00:33:00+00:00,-29.363501
2018-07-02 00:34:00+00:00,-26.680286
2018-07-02 00:35:00+00:00,-24.20373
2018-07-02 00:36:00+00:00,-20.985165
2018-07-02 00:37:00+00:00,-18.113039
2018-07-02 00:38:00+00:00,-15.244923
2018-07-02 00:39:00+00:00,-15.430454
2018-07-02 00:40:00+00:00,-16.736139
2018-07-02 00:41:00+00:00,-20.024292
2018-07-02 00:42:00+00:00,-24.989037
2018-07-02 00:43:00+00:00,-26.958271
2018-07-02 00:44:00+00:00,-28.901306
2018-07-02 00:45:00+00:00,-30.267984
2018-07-02 00:46:00+00:00,-33.130322
2018-07-02 00:47:00+00:00,-33.825947
2018-07-02 00:48:00+00:00,-34.393661
2018-07-02 00:49:00+00:00,-32.578648
2018-07-02 00:50:00+00:00,-28.719847
2018-07-02 00:51:00+00:00,-28.624937
2018-07-02 00:52:00+00:00,-27.687057
2018-07-02 00:53:00+00:00,-27.420258
2018-07-02 00:54:00+00:00,-27.724995
2018-07-02 00:55:00+00:00,-26.427467
2018-07-02 00:56:00+00:00,-26.648682
2018-07-02 00:57:00+00:00,-26.884682
2018-07-02 00:58:00+00:00,-25.243452
2018-07-02 00:59:00+00:00,-26.049274
2018-07-02 01:00:00+00:00,-24.467747
2018-07-02 01:01:00+00:00,-26.597515
2018-07-02 01:02:00+00:00,-26.544123
2018-07-02 01:03:00+00:00,-24.23159
2018-07-02 01:04:00+00:00,-21.939293
2018-07-02 01:05:00+00:00,-20.441994
2018-07-02 01:06:00+00:00,-21.831486
2018-07-02 01:07:00+00:00,-20.550827
2018-07-02 01:08:00+00:00,-21.122032
2018-07-02 01:09:00+00:00,-20.432745
2018-07-02 01:10:00+00:00,-22.567543
2018-07-02 01:11:00+00:00,-22.336023
2018-07-02 01:12:00+00:00,-22.270653
2018-07-02 01:13:00+00:00,-24.332752
2018-07-02 01:14:00+00:00,-25.842503
2018-07-02 01:15:00+00:00,-24.6014
2018-07-02 01:16:00+00:00,-28.749222
2018-07-02 01:17:00+00:00,-28.244213
2018-07-02 01:18:00+00:00,-26.608454
2018-07-02 01:19:00+00:00,-28.08123
2018-07-02 01:20:00+00:00,-28.235815
2018-07-02 01:21:00+00:00,-29.053682
2018-07-02 01:22:00+00:00,-27.656937
2018-07-02 01:23:00+00:00,-25.033543
2018-07-02 01:24:00+00:00,-24.052334
2018-07-02 01:25:00+00:00,-25.05875
2018-07-02 01:26:00+00:00,-25.361414
2018-07-02 01:27:00+00:00,-27.16641
2018-07-02 01:28:00+00:00,-26.825335
2018-07-02 01:29:00+00:00,-26.729816
2018-07-02 01:30:00+00:00,-25.440432
2018-07-02 01:31:00+00:00,-21.995291
2018-07-02 01:32:00+00:00,-19.423861
2018-07-02 01:33:00+00:00,-18.414951
2018-07-02 01:34:00+00:00,-19.104328
2018-07-02 01:35:00+00:00,-20.004709
2018-07-02 01:36:00+00:00,-20.037989
2018-07-02 01:37:00+00:00,-19.878996
2018-07-02 01:38:00+00:00,-18.439728
2018-07-02 01:39:00+00:00,-18.54464
2018-07-02 01:40:00+00:00,-17.251289
2018-07-02 01:41:00+00:00,-17.436651
2018-07-02 01:42:00+00:00,-16.782393
2018-07-02 01:43:00+00:00,-15.711382
2018-07-02 01:44:00+00:00,-15.050793
2018-07-02 01:45:00+00:00,-14.471542
2018-07-02 01:46:00+00:00,-14.686987
2018-07-02 01:47:00+00:00,-13.650322
2018-07-02 01:48:00+00:00,-13.307367
2018-07-02 01:49:00+00:00,-12.574163
2018-07-02 01:50:00+00:00,-11.502594
2018-07-02 01:51:00+00:00,-15.21621
2018-07-02 01:52:00+00:00,-16.038704
2018-07-02 01:53:00+00:00,-16.936611
2018-07-02 01:54:00+00:00,-18.440371
2018-07-02 01:55:00+00:00,-19.177608
2018-07-02 01:56:00+00:00,-21.452065
2018-07-02 01:57:00+00:00,-22.745705
2018-07-02 01:58:00+00:00,-23.567837
2018-07-02 01:59:00+00:00,-22.564974
2018-07-02 02:00:00+00:00,-20.134609
2018-07-02 02:01:00+00:00,-18.96818
2018-07-02 02:02:00+00:00,-16.328152
2018-07-02 02:03:00+00:00,-15.087606
2018-07-02 02:04:00+00:00,-15.419381
2018-07-02 02:05:00+00:00,-15.970923
2018-07-02 02:06:00+00:00,-17.060577
2018-07-02 02:07:00+00:00,-17.229349
2018-07-02 02:08:00+00:00,-20.406824
2018-07-02 02:09:00+00:00,-23.245544
2018-07-02 02:10:00+00:00,-27.652109
2018-07-02 02:11:00+00:00,-32.23539
2018-07-02 02:12:00+00:00,-36.116955
2018-07-02 02:13:00+00:00,-41.072182
2018-07-02 02:14:00+00:00,-45.943829
2018-07-02 02:15:00+00:00,-49.972607
2018-07-02 02:16:00+00:00,-50.832573
2018-07-02 02:17:00+00:00,-52.463207
2018-07-02 02:18:00+00:00,-54.848099
2018-07-02 02:19:00+00:00,-57.095631
2018-07-02 02:20:00+00:00,-56.45042
2018-07-02 02:21:00+00:00,-53.455421
2018-07-02 02:22:00+00:00,-50.194607
2018-07-02 02:23:00+00:00,-45.200211
2018-07-02 02:24:00+00:00,-41.042637
2018-07-02 02:25:00+00:00,-38.019817
2018-07-02 02:26:00+00:00,-36.821785
2018-07-02 02:27:00+00:00,-34.632931
2018-07-02 02:28:00+00:00,-34.354591
2018-07-02 02:29:00+00:00,-34.203491
2018-07-02 02:30:00+00:00,-36.15641
2018-07-02 02:31:00+00:00,-36.971539
2018-07-02 02:32:00+00:00,-35.577164
2018-07-02 02:33:00+00:00,-32.049194
2018-07-02 02:34:00+00:00,-30.88665
2018-07-02 02:35:00+00:00,-24.880917
2018-07-02 02:36:00+00:00,-25.699877
2018-07-02 02:37:00+00:00,-25.667711
2018-07-02 02:38:00+00:00,-35.240234
2018-07-02 02:39:00+00:00,-36.228924
2018-07-02 02:40:00+00:00,-37.463654
2018-07-02 02:41:00+00:00,-33.351688
2018-07-02 02:42:00+00:00,-26.749523
2018-07-02 02:43:00+00:00,-28.887665
2018-07-02 02:44:00+00:00,-25.03569
2018-07-02 02:45:00+00:00,-26.003212
2018-07-02 02:46:00+00:00,-27.22736
2018-07-02 02:47:00+00:00,-24.323242
2018-07-09 00:00:00+00:00,-18.961592
2018-07-09 00:01:00+00:00,-17.893322
2018-07-09 00:02:00+00:00,-17.469194
2018-07-09 00:03:00+00:00,-16.922544
2018-07-09 00:04:00+00:00,-16.91444
2018-07-09 00:05:00+00:00,-16.499512
2018-07-09 00:06:00+00:00,-16.051714
2018-07-09 00:07:00+00:00,-15.543646
2018-07-09 00:08:00+00:00,-14.628864
2018-07-09 00:09:00+00:00,-13.381715
2018-07-09 00:10:00+00:00,-13.752179
2018-07-09 00:11:00+00:00,-14.453601
2018-07-09 00:12:00+00:00,-17.377645
2018-07-09 00:13:00+00:00,-17.671841
2018-07-09 00:14:00+00:00,-16.252264
2018-07-09 00:15:00+00:00,-14.825945
2018-07-09 00:16:00+00:00,-13.721741
2018-07-09 00:17:00+00:00,-13.808826
2018-07-09 00:18:00+00:00,-15.234922
2018-07-09 00:19:00+00:00,-17.58164
2018-07-09 00:20:00+00:00,-14.342702
2018-07-09 00:21:00+00:00,-12.082143
2018-07-09 00:22:00+00:00,-16.620062
2018-07-09 00:23:00+00:00,-18.515945
2018-07-09 00:24:00+00:00,-16.420282
2018-07-09 00:25:00+00:00,-14.451667
2018-07-09 00:26:00+00:00,-14.090561
2018-07-09 00:27:00+00:00,-21.792469
2018-07-09 00:28:00+00:00,-25.027515
2018-07-09 00:29:00+00:00,-24.90501
2018-07-09 00:30:00+00:00,-21.025772
2018-07-09 00:31:00+00:00,-19.39753
2018-07-09 00:32:00+00:00,-19.344381
2018-07-09 00:33:00+00:00,-20.527409
2018-07-09 00:34:00+00:00,-18.705341
2018-07-09 00:35:00+00:00,-17.426952
2018-07-09 00:36:00+00:00,-17.445116
2018-07-09 00:37:00+00:00,-22.43458
2018-07-09 00:38:00+00:00,-28.257595
2018-07-09 00:39:00+00:00,-26.101559
2018-07-09 00:40:00+00:00,-24.193998
2018-07-09 00:41:00+00:00,-24.543648
2018-07-09 00:42:00+00:00,-23.224669
2018-07-09 00:43:00+00:00,-22.456732
2018-07-09 00:44:00+00:00,-20.546421
2018-07-09 00:45:00+00:00,-19.210135
2018-07-09 00:46:00+00:00,-17.608604
2018-07-09 00:47:00+00:00,-14.19399
2018-07-09 00:48:00+00:00,-11.484266
2018-07-09 00:49:00+00:00,-14.919473
2018-07-09 00:50:00+00:00,-20.545061
2018-07-09 00:51:00+00:00,-26.272253
2018-07-09 00:52:00+00:00,-26.818539
2018-07-09 00:53:00+00:00,-23.384193
2018-07-09 00:54:00+00:00,-21.618233
2018-07-09 00:55:00+00:00,-22.565723
2018-07-09 00:56:00+00:00,-26.038137
2018-07-09 00:57:00+00:00,-27.756121
2018-07-09 00:58:00+00:00,-28.885632
2018-07-09 00:59:00+00:00,-31.030132
2018-07-09 01:00:00+00:00,-33.505592
2018-07-09 01:01:00+00:00,-30.858385
2018-07-09 01:02:00+00:00,-25.471905
2018-07-09 01:03:00+00:00,-21.65093
2018-07-09 01:04:00+00:00,-17.429731
2018-07-09 01:05:00+00:00,-19.069139
2018-07-09 01:06:00+00:00,-21.948147
2018-07-09 01:07:00+00:00,-24.246534
2018-07-09 01:08:00+00:00,-21.760252
2018-07-09 01:09:00+00:00,-18.743298
2018-07-09 01:10:00+00:00,-18.115717
2018-07-09 01:11:00+00:00,-21.302402
2018-07-09 01:12:00+00:00,-23.996805
2018-07-09 01:13:00+00:00,-26.557411
2018-07-09 01:14:00+00:00,-25.11517
2018-07-09 01:15:00+00:00,-22.574995
2018-07-09 01:16:00+00:00,-21.820635
2018-07-09 01:17:00+00:00,-21.387917
2018-07-09 01:18:00+00:00,-21.692942
2018-07-09 01:19:00+00:00,-21.845175
2018-07-09 01:20:00+00:00,-21.436504
2018-07-09 01:21:00+00:00,-22.305885
2018-07-09 01:22:00+00:00,-22.763952
2018-07-09 01:23:00+00:00,-19.346165
2018-07-09 01:24:00+00:00,-20.092196
2018-07-09 01:25:00+00:00,-23.72113
2018-07-09 01:26:00+00:00,-24.49868
2018-07-09 01:27:00+00:00,-22.069466
2018-07-09 01:28:00+00:00,-22.036116
2018-07-09 01:29:00+00:00,-24.093056
2018-07-09 01:30:00+00:00,-22.521698
2018-07-09 01:31:00+00:00,-22.171713
2018-07-09 01:32:00+00:00,-23.587431
2018-07-09 01:33:00+00:00,-26.588261
2018-07-09 01:34:00+00:00,-27.283646
2018-07-09 01:35:00+00:00,-26.396311
2018-07-09 01:36:00+00:00,-25.937067
2018-07-09 01:37:00+00:00,-24.411846
2018-07-09 01:38:00+00:00,-22.663172
2018-07-09 01:39:00+00:00,-22.349911
2018-07-09 01:40:00+00:00,-21.769711
2018-07-09 01:41:00+00:00,-22.95389
2018-07-09 01:42:00+00:00,-22.74822
2018-07-09 01:43:00+00:00,-22.221134
2018-07-09 01:44:00+00:00,-23.541643
2018-07-09 01:45:00+00:00,-23.922155
2018-07-09 01:46:00+00:00,-23.676321
2018-07-09 01:47:00+00:00,-21.773411
2018-07-09 01:48:00+00:00,-21.3883
2018-07-09 01:49:00+00:00,-21.201721
2018-07-09 01:50:00+00:00,-16.491087
2018-07-09 01:51:00+00:00,-14.360712
2018-07-09 01:52:00+00:00,-12.729196
2018-07-09 01:53:00+00:00,-21.193577
2018-07-09 01:54:00+00:00,-15.26168
2018-07-09 01:55:00+00:00,-16.587852
2018-07-09 01:56:00+00:00,-21.910414
2018-07-09 01:57:00+00:00,-26.509678
2018-07-09 01:58:00+00:00,-24.186466
2018-07-09 01:59:00+00:00,-27.327534
2018-07-09 02:00:00+00:00,-25.883211
2018-07-09 02:01:00+00:00,-18.593506
2018-07-09 02:02:00+00:00,-18.643961
2018-07-09 02:03:00+00:00,-24.459352
2018-07-09 02:04:00+00:00,-25.00841
2018-07-09 02:05:00+00:00,-25.087006
2018-07-09 02:06:00+00:00,-25.20586
2018-07-09 02:07:00+00:00,-20.649126
2018-07-09 02:08:00+00:00,-21.992125
2018-07-09 02:09:00+00:00,-19.515789
2018-07-09 02:10:00+00:00,-19.785461
2018-07-09 02:11:00+00:00,-20.230452
2018-07-09 02:12:00+00:00,-18.035658
2018-07-09 02:13:00+00:00,-20.846775
2018-07-09 02:14:00+00:00,-17.232136
2018-07-09 02:15:00+00:00,-20.950665
2018-07-09 02:16:00+00:00,-18.554752
2018-07-09 02:17:00+00:00,-28.795513
2018-07-09 02:18:00+00:00,-30.6446
2018-07-09 02:19:00+00:00,-35.667419
2018-07-09 02:20:00+00:00,-61.991585
2018-07-09 02:21:00+00:00,-66.903168
2018-07-09 02:22:00+00:00,-65.396202
2018-07-09 02:23:00+00:00,-61.964432
2018-07-09 02:24:00+00:00,-66.393028
2018-07-09 02:25:00+00:00,-63.200531
2018-07-09 02:26:00+00:00,-59.460281
2018-07-09 02:27:00+00:00,-67.81028
2018-07-09 02:28:00+00:00,-55.143776
2018-07-09 02:29:00+00:00,-52.376396
2018-07-09 02:30:00+00:00,-59.778481
2018-07-09 02:31:00+00:00,-94.491539
2018-07-09 02:32:00+00:00,-99.670418
2018-07-09 02:33:00+00:00,-139.067291
2018-07-09 02:34:00+00:00,-83.001396
2018-07-09 02:35:00+00:00,-60.338745
2018-07-09 02:36:00+00:00,-89.885223
2018-07-09 02:37:00+00:00,-138.053513
2018-07-09 02:38:00+00:00,-114.798416
2018-07-09 02:39:00+00:00,-85.367493
2018-07-09 02:40:00+00:00,-85.529869
2018-07-09 02:41:00+00:00,-61.640556
2018-07-09 02:42:00+00:00,-61.096352
2018-07-09 02:43:00+00:00,-58.357594
2018-07-09 02:44:00+00:00,-59.915451
2018-07-09 02:45:00+00:00,-57.214268
2018-07-09 02:46:00+00:00,-54.261711
2018-07-09 02:47:00+00:00,-53.457211
2018-07-16 00:00:00+00:00,-45.098854
2018-07-16 00:01:00+00:00,-42.863796
2018-07-16 00:02:00+00:00,-41.230656
2018-07-16 00:03:00+00:00,-43.364479
2018-07-16 00:04:00+00:00,-44.579815
2018-07-16 00:05:00+00:00,-44.367512
2018-07-16 00:06:00+00:00,-45.547684
2018-07-16 00:07:00+00:00,-45.670601
2018-07-16 00:08:00+00:00,-44.024731
2018-07-16 00:09:00+00:00,-45.165695
2018-07-16 00:10:00+00:00,-43.296177
2018-07-16 00:11:00+00:00,-43.167126
2018-07-16 00:12:00+00:00,-42.150581
2018-07-16 00:13:00+00:00,-39.809658
2018-07-16 00:14:00+00:00,-42.761818
2018-07-16 00:15:00+00:00,-39.786209
2018-07-16 00:16:00+00:00,-38.808849
2018-07-16 00:17:00+00:00,-37.764702
2018-07-16 00:18:00+00:00,-33.85041
2018-07-16 00:19:00+00:00,-34.866482
2018-07-16 00:20:00+00:00,-36.441277
2018-07-16 00:21:00+00:00,-51.914452
2018-07-16 00:22:00+00:00,-54.159973
2018-07-16 00:23:00+00:00,-61.156658
2018-07-16 00:24:00+00:00,-69.101112
2018-07-16 00:25:00+00:00,-71.218033
2018-07-16 00:26:00+00:00,-66.05233
2018-07-16 00:27:00+00:00,-63.043457
2018-07-16 00:28:00+00:00,-58.524406
2018-07-16 00:29:00+00:00,-61.423897
2018-07-16 00:30:00+00:00,-65.004837
2018-07-16 00:31:00+00:00,-61.767178
2018-07-16 00:32:00+00:00,-58.672382
2018-07-16 00:33:00+00:00,-61.008457
2018-07-16 00:34:00+00:00,-62.40815
2018-07-16 00:35:00+00:00,-62.089157
2018-07-16 00:36:00+00:00,-61.676407
2018-07-16 00:37:00+00:00,-58.832916
2018-07-16 00:38:00+00:00,-55.859871
2018-07-16 00:39:00+00:00,-56.550213
2018-07-16 00:40:00+00:00,-59.072289
2018-07-16 00:41:00+00:00,-62.298035
2018-07-16 00:42:00+00:00,-63.656342
2018-07-16 00:43:00+00:00,-62.436409
2018-07-16 00:44:00+00:00,-58.579601
2018-07-16 00:45:00+00:00,-51.157429
2018-07-16 00:46:00+00:00,-45.031601
2018-07-16 00:47:00+00:00,-47.350784
2018-07-16 00:48:00+00:00,-41.682312
2018-07-16 00:49:00+00:00,-34.901142
2018-07-16 00:50:00+00:00,-32.97934
2018-07-16 00:51:00+00:00,-32.973774
2018-07-16 00:52:00+00:00,-31.969616
2018-07-16 00:53:00+00:00,-31.963823
2018-07-16 00:54:00+00:00,-32.962021
2018-07-16 00:55:00+00:00,-31.957253
2018-07-16 00:56:00+00:00,-30.954405
2018-07-16 00:57:00+00:00,-30.952511
2018-07-16 00:58:00+00:00,-29.9506
2018-07-16 00:59:00+00:00,-29.948681
2018-07-16 01:00:00+00:00,-29.946737
2018-07-16 01:01:00+00:00,-29.94626
2018-07-16 01:02:00+00:00,-29.945721
2018-07-16 01:03:00+00:00,-30.946095
2018-07-16 01:04:00+00:00,-31.947382
2018-07-16 01:05:00+00:00,-30.94714
2018-07-16 01:06:00+00:00,-32.948784
2018-07-16 01:07:00+00:00,-34.952808
2018-07-16 01:08:00+00:00,-35.957333
2018-07-16 01:09:00+00:00,-36.961235
2018-07-16 01:10:00+00:00,-36.966049
2018-07-16 01:11:00+00:00,-37.970798
2018-07-16 01:12:00+00:00,-37.976944
2018-07-16 01:13:00+00:00,-36.982536
2018-07-16 01:14:00+00:00,-35.989037
2018-07-16 01:15:00+00:00,-34.994659
2018-07-16 01:16:00+00:00,-34.000546
2018-07-16 01:17:00+00:00,-33.007343
2018-07-16 01:18:00+00:00,-32.013096
2018-07-16 01:19:00+00:00,-31.020241
2018-07-16 01:20:00+00:00,-31.026342
2018-07-16 01:21:00+00:00,-30.032862
2018-07-16 01:22:00+00:00,-30.040775
2018-07-16 01:23:00+00:00,-29.049862
2018-07-16 01:24:00+00:00,-30.063541
2018-07-16 01:25:00+00:00,-29.066824
2018-07-16 01:26:00+00:00,-28.306458
2018-07-16 01:27:00+00:00,-32.942616
2018-07-16 01:28:00+00:00,-52.033192
2018-07-16 01:29:00+00:00,-69.863686
2018-07-16 01:30:00+00:00,-96.223236
2018-07-16 01:31:00+00:00,-97.748932
2018-07-16 01:32:00+00:00,-66.591431
2018-07-16 01:33:00+00:00,-52.30901
2018-07-16 01:34:00+00:00,-60.122738
2018-07-16 01:35:00+00:00,-69.47332
2018-07-16 01:36:00+00:00,-74.293701
2018-07-16 01:37:00+00:00,-74.532265
2018-07-16 01:38:00+00:00,-79.084717
2018-07-16 01:39:00+00:00,-81.381821
2018-07-16 01:40:00+00:00,-85.624924
2018-07-16 01:41:00+00:00,-89.925514
2018-07-16 01:42:00+00:00,-93.558159
2018-07-16 01:43:00+00:00,-95.198784
2018-07-16 01:44:00+00:00,-97.409065
2018-07-16 01:45:00+00:00,-95.607391
2018-07-16 01:46:00+00:00,-92.672356
2018-07-16 01:47:00+00:00,-89.452957
2018-07-16 01:48:00+00:00,-84.186653
2018-07-16 01:49:00+00:00,-80.467346
2018-07-16 01:50:00+00:00,-76.354759
2018-07-16 01:51:00+00:00,-72.758232
2018-07-16 01:52:00+00:00,-68.649597
2018-07-16 01:53:00+00:00,-64.517075
2018-07-16 01:54:00+00:00,-59.938477
2018-07-16 01:55:00+00:00,-55.800377
2018-07-16 01:56:00+00:00,-51.891998
2018-07-16 01:57:00+00:00,-48.970329
2018-07-16 01:58:00+00:00,-45.653687
2018-07-16 01:59:00+00:00,-43.208828
2018-07-16 02:00:00+00:00,-40.169609
2018-07-16 02:01:00+00:00,-37.453686
2018-07-16 02:02:00+00:00,-35.937908
2018-07-16 02:03:00+00:00,-35.641754
2018-07-16 02:04:00+00:00,-34.715557
2018-07-16 02:05:00+00:00,-31.799778
2018-07-16 02:06:00+00:00,-31.826744
2018-07-16 02:07:00+00:00,-33.85461
2018-07-16 02:08:00+00:00,-33.885185
2018-07-16 02:09:00+00:00,-32.912441
2018-07-16 02:10:00+00:00,-32.941589
2018-07-16 02:11:00+00:00,-33.971657
2018-07-16 02:12:00+00:00,-35.000702
2018-07-16 02:13:00+00:00,-35.030674
2018-07-16 02:14:00+00:00,-35.061584
2018-07-16 02:15:00+00:00,-35.093861
2018-07-16 02:16:00+00:00,-35.125206
2018-07-16 02:17:00+00:00,-34.157505
2018-07-16 02:18:00+00:00,-34.189293
2018-07-16 02:19:00+00:00,-33.222046
2018-07-16 02:20:00+00:00,-33.254784
2018-07-16 02:21:00+00:00,-34.063545
2018-07-16 02:22:00+00:00,-33.323181
2018-07-16 02:23:00+00:00,-35.162682
2018-07-16 02:24:00+00:00,-35.647598
2018-07-16 02:25:00+00:00,-33.749352
2018-07-16 02:26:00+00:00,-34.464565
2018-07-16 02:27:00+00:00,-36.926193
2018-07-16 02:28:00+00:00,-34.681835
2018-07-16 02:29:00+00:00,-34.577778
2018-07-16 02:30:00+00:00,-34.617699
2018-07-16 02:31:00+00:00,-34.655365
2018-07-16 02:32:00+00:00,-34.69418
2018-07-16 02:33:00+00:00,-35.734177
2018-07-16 02:34:00+00:00,-34.773438
2018-07-16 02:35:00+00:00,-34.812489
2018-07-16 02:36:00+00:00,-34.852337
2018-07-16 02:37:00+00:00,-34.892044
2018-07-16 02:38:00+00:00,-34.932838
2018-07-16 02:39:00+00:00,-35.973839
2018-07-16 02:40:00+00:00,-37.017239
2018-07-16 02:41:00+00:00,-37.05917
2018-07-16 02:42:00+00:00,-37.09869
2018-07-16 02:43:00+00:00,-36.143158
2018-07-16 02:44:00+00:00,-35.695347
2018-07-16 02:45:00+00:00,-40.351543
2018-07-16 02:46:00+00:00,-40.063198
2018-07-16 02:47:00+00:00,-49.618584
2018-07-23 00:00:00+00:00,-31.31233
2018-07-23 00:01:00+00:00,-31.811449
2018-07-23 00:02:00+00:00,-34.362457
2018-07-23 00:03:00+00:00,-35.519211
2018-07-23 00:04:00+00:00,-34.777466
2018-07-23 00:05:00+00:00,-36.010906
2018-07-23 00:06:00+00:00,-34.520943
2018-07-23 00:07:00+00:00,-29.563101
2018-07-23 00:08:00+00:00,-25.824865
2018-07-23 00:09:00+00:00,-24.906679
2018-07-23 00:10:00+00:00,-23.824282
2018-07-23 00:11:00+00:00,-26.953712
2018-07-23 00:12:00+00:00,-26.332924
2018-07-23 00:13:00+00:00,-21.44232
2018-07-23 00:14:00+00:00,-23.352112
2018-07-23 00:15:00+00:00,-25.672119
2018-07-23 00:16:00+00:00,-26.76762
2018-07-23 00:17:00+00:00,-28.852289
2018-07-23 00:18:00+00:00,-24.058603
2018-07-23 00:19:00+00:00,-29.978014
2018-07-23 00:20:00+00:00,-42.604813
2018-07-23 00:21:00+00:00,-38.896664
2018-07-23 00:22:00+00:00,-30.554399
2018-07-23 00:23:00+00:00,-29.644024
2018-07-23 00:24:00+00:00,-27.384014
2018-07-23 00:25:00+00:00,-24.355083
2018-07-23 00:26:00+00:00,-22.369341
2018-07-23 00:27:00+00:00,-23.680708
2018-07-23 00:28:00+00:00,-23.798309
2018-07-23 00:29:00+00:00,-24.715302
2018-07-23 00:30:00+00:00,-23.85276
2018-07-23 00:31:00+00:00,-24.246876
2018-07-23 00:32:00+00:00,-28.233965
2018-07-23 00:33:00+00:00,-25.837559
2018-07-23 00:34:00+00:00,-23.61248
2018-07-23 00:35:00+00:00,-21.679684
2018-07-23 00:36:00+00:00,-20.188976
2018-07-23 00:37:00+00:00,-21.436785
2018-07-23 00:38:00+00:00,-23.178284
2018-07-23 00:39:00+00:00,-22.167469
2018-07-23 00:40:00+00:00,-24.570482
2018-07-23 00:41:00+00:00,-24.89817
2018-07-23 00:42:00+00:00,-25.13208
2018-07-23 00:43:00+00:00,-25.517429
2018-07-23 00:44:00+00:00,-25.944946
2018-07-23 00:45:00+00:00,-26.896942
2018-07-23 00:46:00+00:00,-23.895409
2018-07-23 00:47:00+00:00,-19.121895
2018-07-23 00:48:00+00:00,-17.351894
2018-07-23 00:49:00+00:00,-16.736876
2018-07-23 00:50:00+00:00,-17.49276
2018-07-23 00:51:00+00:00,-19.176292
2018-07-23 00:52:00+00:00,-25.524876
2018-07-23 00:53:00+00:00,-30.365507
2018-07-23 00:54:00+00:00,-33.057205
2018-07-23 00:55:00+00:00,-33.57637
2018-07-23 00:56:00+00:00,-29.948496
2018-07-23 00:57:00+00:00,-26.084593
2018-07-23 00:58:00+00:00,-27.761448
2018-07-23 00:59:00+00:00,-25.724764
2018-07-23 01:00:00+00:00,-24.953865
2018-07-23 01:01:00+00:00,-26.229511
2018-07-23 01:02:00+00:00,-27.217402
2018-07-23 01:03:00+00:00,-29.009872
2018-07-23 01:04:00+00:00,-30.225773
2018-07-23 01:05:00+00:00,-29.757412
2018-07-23 01:06:00+00:00,-28.727932
2018-07-23 01:07:00+00:00,-30.562233
2018-07-23 01:08:00+00:00,-28.467152
2018-07-23 01:09:00+00:00,-23.755859
2018-07-23 01:10:00+00:00,-21.081495
2018-07-23 01:11:00+00:00,-20.715601
2018-07-23 01:12:00+00:00,-20.774828
2018-07-23 01:13:00+00:00,-23.96867
2018-07-23 01:14:00+00:00,-21.67207
2018-07-23 01:15:00+00:00,-20.64946
2018-07-23 01:16:00+00:00,-19.794388
2018-07-23 01:17:00+00:00,-18.67028
2018-07-23 01:18:00+00:00,-17.68153
2018-07-23 01:19:00+00:00,-15.919052
2018-07-23 01:20:00+00:00,-15.847788
2018-07-23 01:21:00+00:00,-17.578184
2018-07-23 01:22:00+00:00,-19.457994
2018-07-23 01:23:00+00:00,-21.826084
2018-07-23 01:24:00+00:00,-20.372236
2018-07-23 01:25:00+00:00,-20.382275
2018-07-23 01:26:00+00:00,-19.639044
2018-07-23 01:27:00+00:00,-19.594715
2018-07-23 01:28:00+00:00,-20.350794
2018-07-23 01:29:00+00:00,-20.617176
2018-07-23 01:30:00+00:00,-21.641502
2018-07-23 01:31:00+00:00,-24.410614
2018-07-23 01:32:00+00:00,-25.846558
2018-07-23 01:33:00+00:00,-26.197201
2018-07-23 01:34:00+00:00,-26.689138
2018-07-23 01:35:00+00:00,-27.422007
2018-07-23 01:36:00+00:00,-27.724939
2018-07-23 01:37:00+00:00,-26.149725
2018-07-23 01:38:00+00:00,-24.715326
2018-07-23 01:39:00+00:00,-24.123188
2018-07-23 01:40:00+00:00,-23.748697
2018-07-23 01:41:00+00:00,-24.12118
2018-07-23 01:42:00+00:00,-25.413517
2018-07-23 01:43:00+00:00,-26.123787
2018-07-23 01:44:00+00:00,-27.064518
2018-07-23 01:45:00+00:00,-29.20018
2018-07-23 01:46:00+00:00,-31.163479
2018-07-23 01:47:00+00:00,-31.942295
2018-07-23 01:48:00+00:00,-30.317905
2018-07-23 01:49:00+00:00,-27.669731
2018-07-23 01:50:00+00:00,-27.433365
2018-07-23 01:51:00+00:00,-25.928816
2018-07-23 01:52:00+00:00,-25.274242
2018-07-23 01:53:00+00:00,-25.535509
2018-07-23 01:54:00+00:00,-25.841188
2018-07-23 01:55:00+00:00,-25.838602
2018-07-23 01:56:00+00:00,-25.847113
2018-07-23 01:57:00+00:00,-25.930231
2018-07-23 01:58:00+00:00,-26.547945
2018-07-23 01:59:00+00:00,-27.015715
2018-07-23 02:00:00+00:00,-27.363997
2018-07-23 02:01:00+00:00,-26.882463
2018-07-23 02:02:00+00:00,-26.222477
2018-07-23 02:03:00+00:00,-25.370359
2018-07-23 02:04:00+00:00,-24.792902
2018-07-23 02:05:00+00:00,-24.246933
2018-07-23 02:06:00+00:00,-23.748075
2018-07-23 02:07:00+00:00,-23.820732
2018-07-23 02:08:00+00:00,-23.687019
2018-07-23 02:09:00+00:00,-23.656637
2018-07-23 02:10:00+00:00,-23.646971
2018-07-23 02:11:00+00:00,-23.770323
2018-07-23 02:12:00+00:00,-23.828445
2018-07-23 02:13:00+00:00,-24.342815
2018-07-23 02:14:00+00:00,-24.9853
2018-07-23 02:15:00+00:00,-25.486071
2018-07-23 02:16:00+00:00,-26.01469
2018-07-23 02:17:00+00:00,-26.264185
2018-07-23 02:18:00+00:00,-26.299974
2018-07-23 02:19:00+00:00,-26.044907
2018-07-23 02:20:00+00:00,-24.721632
2018-07-23 02:21:00+00:00,-23.386786
2018-07-23 02:22:00+00:00,-22.105789
2018-07-23 02:23:00+00:00,-24.03566
2018-07-23 02:24:00+00:00,-23.12945
2018-07-23 02:25:00+00:00,-22.647579
2018-07-23 02:26:00+00:00,-21.55002
2018-07-23 02:27:00+00:00,-21.554554
2018-07-23 02:28:00+00:00,-21.435606
2018-07-23 02:29:00+00:00,-21.301584
2018-07-23 02:30:00+00:00,-21.603889
2018-07-23 02:31:00+00:00,-21.827166
2018-07-23 02:32:00+00:00,-21.320999
2018-07-23 02:33:00+00:00,-20.262688
2018-07-23 02:34:00+00:00,-20.397747
2018-07-23 02:35:00+00:00,-20.352585
2018-07-23 02:36:00+00:00,-19.414261
2018-07-23 02:37:00+00:00,-18.725302
2018-07-23 02:38:00+00:00,-19.204161
2018-07-23 02:39:00+00:00,-20.413237
2018-07-23 02:40:00+00:00,-21.921337
2018-07-23 02:41:00+00:00,-22.848528
2018-07-23 02:42:00+00:00,-22.582457
2018-07-23 02:43:00+00:00,-21.726589
2018-07-23 02:44:00+00:00,-20.386385
2018-07-23 02:45:00+00:00,-19.764425
2018-07-23 02:46:00+00:00,-19.996334
2018-07-23 02:47:00+00:00,-20.636225
2018-07-30 00:00:00+00:00,-82.394249
2018-07-30 00:01:00+00:00,-80.526764
2018-07-30 00:02:00+00:00,-79.593674
2018-07-30 00:03:00+00:00,-78.153595
2018-07-30 00:04:00+00:00,-77.324715
2018-07-30 00:05:00+00:00,-74.973289
2018-07-30 00:06:00+00:00,-72.268272
2018-07-30 00:07:00+00:00,-71.536858
2018-07-30 00:08:00+00:00,-69.685234
2018-07-30 00:09:00+00:00,-68.22435
2018-07-30 00:10:00+00:00,-68.903152
2018-07-30 00:11:00+00:00,-71.943375
2018-07-30 00:12:00+00:00,-75.488586
2018-07-30 00:13:00+00:00,-76.970459
2018-07-30 00:14:00+00:00,-75.339211
2018-07-30 00:15:00+00:00,-75.246193
2018-07-30 00:16:00+00:00,-77.185616
2018-07-30 00:17:00+00:00,-78.166786
2018-07-30 00:18:00+00:00,-83.668686
2018-07-30 00:19:00+00:00,-85.385582
2018-07-30 00:20:00+00:00,-85.476601
2018-07-30 00:21:00+00:00,-84.700478
2018-07-30 00:22:00+00:00,-81.908707
2018-07-30 00:23:00+00:00,-79.94413
2018-07-30 00:24:00+00:00,-77.557419
2018-07-30 00:25:00+00:00,-75.170517
2018-07-30 00:26:00+00:00,-73.072418
2018-07-30 00:27:00+00:00,-74.524788
2018-07-30 00:28:00+00:00,-74.872658
2018-07-30 00:29:00+00:00,-74.435898
2018-07-30 00:30:00+00:00,-73.231354
2018-07-30 00:31:00+00:00,-71.262962
2018-07-30 00:32:00+00:00,-72.858444
2018-07-30 00:33:00+00:00,-71.875885
2018-07-30 00:34:00+00:00,-68.725433
2018-07-30 00:35:00+00:00,-65.013535
2018-07-30 00:36:00+00:00,-59.660095
2018-07-30 00:37:00+00:00,-57.533611
2018-07-30 00:38:00+00:00,-57.135902
2018-07-30 00:39:00+00:00,-54.968777
2018-07-30 00:40:00+00:00,-51.413292
2018-07-30 00:41:00+00:00,-47.233665
2018-07-30 00:42:00+00:00,-50.408848
2018-07-30 00:43:00+00:00,-50.293045
2018-07-30 00:44:00+00:00,-53.147175
2018-07-30 00:45:00+00:00,-58.794445
2018-07-30 00:46:00+00:00,-62.16346
2018-07-30 00:47:00+00:00,-64.73214
2018-07-30 00:48:00+00:00,-65.363289
2018-07-30 00:49:00+00:00,-65.228775
2018-07-30 00:50:00+00:00,-64.02636
2018-07-30 00:51:00+00:00,-62.156921
2018-07-30 00:52:00+00:00,-54.348003
2018-07-30 00:53:00+00:00,-56.360287
2018-07-30 00:54:00+00:00,-70.114395
2018-07-30 00:55:00+00:00,-73.605103
2018-07-30 00:56:00+00:00,-88.084579
2018-07-30 00:57:00+00:00,-82.873154
2018-07-30 00:58:00+00:00,-52.363079
2018-07-30 00:59:00+00:00,-53.901375
2018-07-30 01:00:00+00:00,-53.297985
2018-07-30 01:01:00+00:00,-53.836296
2018-07-30 01:02:00+00:00,-53.151909
2018-07-30 01:03:00+00:00,-52.905968
2018-07-30 01:04:00+00:00,-54.582855
2018-07-30 01:05:00+00:00,-55.634716
2018-07-30 01:06:00+00:00,-57.090862
2018-07-30 01:07:00+00:00,-59.200317
2018-07-30 01:08:00+00:00,-62.783043
2018-07-30 01:09:00+00:00,-64.978508
2018-07-30 01:10:00+00:00,-69.393074
2018-07-30 01:11:00+00:00,-70.566795
2018-07-30 01:12:00+00:00,-73.40593
2018-07-30 01:13:00+00:00,-68.537437
2018-07-30 01:14:00+00:00,-68.454208
2018-07-30 01:15:00+00:00,-70.21637
2018-07-30 01:16:00+00:00,-65.811417
2018-07-30 01:17:00+00:00,-63.374287
2018-07-30 01:18:00+00:00,-63.017288
2018-07-30 01:19:00+00:00,-61.956253
2018-07-30 01:20:00+00:00,-57.57497
2018-07-30 01:21:00+00:00,-53.002357
2018-07-30 01:22:00+00:00,-46.663628
2018-07-30 01:23:00+00:00,-51.965816
2018-07-30 01:24:00+00:00,-55.111073
2018-07-30 01:25:00+00:00,-52.410156
2018-07-30 01:26:00+00:00,-51.155079
2018-07-30 01:27:00+00:00,-48.902485
2018-07-30 01:28:00+00:00,-44.277386
2018-07-30 01:29:00+00:00,-46.502453
2018-07-30 01:30:00+00:00,-46.196949
2018-07-30 01:31:00+00:00,-47.345722
2018-07-30 01:32:00+00:00,-51.966499
2018-07-30 01:33:00+00:00,-50.949886
2018-07-30 01:34:00+00:00,-50.965122
2018-07-30 01:35:00+00:00,-48.699696
2018-07-30 01:36:00+00:00,-46.182171
2018-07-30 01:37:00+00:00,-52.595356
2018-07-30 01:38:00+00:00,-54.073071
2018-07-30 01:39:00+00:00,-54.330505
2018-07-30 01:40:00+00:00,-54.811031
2018-07-30 01:41:00+00:00,-50.778336
2018-07-30 01:42:00+00:00,-49.172935
2018-07-30 01:43:00+00:00,-47.788597
2018-07-30 01:44:00+00:00,-46.558773
2018-07-30 01:45:00+00:00,-44.625614
2018-07-30 01:46:00+00:00,-39.405388
2018-07-30 01:47:00+00:00,-32.812675
2018-07-30 01:48:00+00:00,-31.304962
2018-07-30 01:49:00+00:00,-32.875031
2018-07-30 01:50:00+00:00,-33.036232
2018-07-30 01:51:00+00:00,-32.599136
2018-07-30 01:52:00+00:00,-34.520065
2018-07-30 01:53:00+00:00,-38.444969
2018-07-30 01:54:00+00:00,-42.37014
2018-07-30 01:55:00+00:00,-42.296082
2018-07-30 01:56:00+00:00,-46.224266
2018-07-30 01:57:00+00:00,-52.15617
2018-07-30 01:58:00+00:00,-55.088387
2018-07-30 01:59:00+00:00,-57.022392
2018-07-30 02:00:00+00:00,-60.95726
2018-07-30 02:01:00+00:00,-62.899418
2018-07-30 02:02:00+00:00,-58.839188
2018-07-30 02:03:00+00:00,-55.777508
2018-07-30 02:04:00+00:00,-51.029671
2018-07-30 02:05:00+00:00,-46.703957
2018-07-30 02:06:00+00:00,-43.549835
2018-07-30 02:07:00+00:00,-43.049511
2018-07-30 02:08:00+00:00,-37.70237
2018-07-30 02:09:00+00:00,-34.151218
2018-07-30 02:10:00+00:00,-30.804705
2018-07-30 02:11:00+00:00,-28.048534
2018-07-30 02:12:00+00:00,-25.116554
2018-07-30 02:13:00+00:00,-25.875826
2018-07-30 02:14:00+00:00,-25.718857
2018-07-30 02:15:00+00:00,-26.601078
2018-07-30 02:16:00+00:00,-26.610777
2018-07-30 02:17:00+00:00,-25.348475
2018-07-30 02:18:00+00:00,-25.697891
2018-07-30 02:19:00+00:00,-26.80789
2018-07-30 02:20:00+00:00,-27.140808
2018-07-30 02:21:00+00:00,-27.520123
2018-07-30 02:22:00+00:00,-29.009127
2018-07-30 02:23:00+00:00,-29.335575
2018-07-30 02:24:00+00:00,-28.90517
2018-07-30 02:25:00+00:00,-28.282381
2018-07-30 02:26:00+00:00,-29.073801
2018-07-30 02:27:00+00:00,-30.659805
2018-07-30 02:28:00+00:00,-29.586866
2018-07-30 02:29:00+00:00,-27.993328
2018-07-30 02:30:00+00:00,-28.023436
2018-07-30 02:31:00+00:00,-26.274984
2018-07-30 02:32:00+00:00,-26.808582
2018-07-30 02:33:00+00:00,-25.380779
2018-07-30 02:34:00+00:00,-23.806646
2018-07-30 02:35:00+00:00,-21.375858
2018-07-30 02:36:00+00:00,-20.352215
2018-07-30 02:37:00+00:00,-19.297813
2018-07-30 02:38:00+00:00,-19.248608
2018-07-30 02:39:00+00:00,-19.237776
2018-07-30 02:40:00+00:00,-19.696346
2018-07-30 02:41:00+00:00,-21.809361
2018-07-30 02:42:00+00:00,-23.958405
2018-07-30 02:43:00+00:00,-23.359341
2018-07-30 02:44:00+00:00,-24.30678
2018-07-30 02:45:00+00:00,-29.739573
2018-07-30 02:46:00+00:00,-37.303413
2018-07-30 02:47:00+00:00,-25.791574
2018-08-06 00:00:00+00:00,-41.306744
2018-08-06 00:01:00+00:00,-39.291084
2018-08-06 00:02:00+00:00,-39.868687
2018-08-06 00:03:00+00:00,-42.882137
2018-08-06 00:04:00+00:00,-48.892441
2018-08-06 00:05:00+00:00,-45.909344
2018-08-06 00:06:00+00:00,-40.925983
2018-08-06 00:07:00+00:00,-39.938828
2018-08-06 00:08:00+00:00,-39.950451
2018-08-06 00:09:00+00:00,-37.961735
2018-08-06 00:10:00+00:00,-37.330685
2018-08-06 00:11:00+00:00,-39.984627
2018-08-06 00:12:00+00:00,-42.99472
2018-08-06 00:13:00+00:00,-43.004856
2018-08-06 00:14:00+00:00,-40.014519
2018-08-06 00:15:00+00:00,-38.024963
2018-08-06 00:16:00+00:00,-37.034561
2018-08-06 00:17:00+00:00,-36.044098
2018-08-06 00:18:00+00:00,-35.053059
2018-08-06 00:19:00+00:00,-34.063366
2018-08-06 00:20:00+00:00,-34.070602
2018-08-06 00:21:00+00:00,-34.077187
2018-08-06 00:22:00+00:00,-36.083267
2018-08-06 00:23:00+00:00,-39.088928
2018-08-06 00:24:00+00:00,-42.09288
2018-08-06 00:25:00+00:00,-43.09705
2018-08-06 00:26:00+00:00,-41.099945
2018-08-06 00:27:00+00:00,-38.103008
2018-08-06 00:28:00+00:00,-36.105232
2018-08-06 00:29:00+00:00,-35.104641
2018-08-06 00:30:00+00:00,-34.102657
2018-08-06 00:31:00+00:00,-33.10154
2018-08-06 00:32:00+00:00,-34.099606
2018-08-06 00:33:00+00:00,-34.097305
2018-08-06 00:34:00+00:00,-34.094608
2018-08-06 00:35:00+00:00,-34.091957
2018-08-06 00:36:00+00:00,-36.088348
2018-08-06 00:37:00+00:00,-38.084614
2018-08-06 00:38:00+00:00,-38.081886
2018-08-06 00:39:00+00:00,-38.078087
2018-08-06 00:40:00+00:00,-37.073666
2018-08-06 00:41:00+00:00,-37.067612
2018-08-06 00:42:00+00:00,-37.061844
2018-08-06 00:43:00+00:00,-35.053886
2018-08-06 00:44:00+00:00,-35.04565
2018-08-06 00:45:00+00:00,-37.035862
2018-08-06 00:46:00+00:00,-37.02401
2018-08-06 00:47:00+00:00,-35.01226
2018-08-06 00:48:00+00:00,-32.999603
2018-08-06 00:49:00+00:00,-32.353481
2018-08-06 00:50:00+00:00,-33.343868
2018-08-06 00:51:00+00:00,-33.957569
2018-08-06 00:52:00+00:00,-34.376789
2018-08-06 00:53:00+00:00,-33.807236
2018-08-06 00:54:00+00:00,-33.941875
2018-08-06 00:55:00+00:00,-35.535542
2018-08-06 00:56:00+00:00,-36.336224
2018-08-06 00:57:00+00:00,-35.979118
2018-08-06 00:58:00+00:00,-36.761532
2018-08-06 00:59:00+00:00,-37.408024
2018-08-06 01:00:00+00:00,-36.96627
2018-08-06 01:01:00+00:00,-36.775806
2018-08-06 01:02:00+00:00,-36.465889
2018-08-06 01:03:00+00:00,-35.817726
2018-08-06 01:04:00+00:00,-35.280975
2018-08-06 01:05:00+00:00,-34.492317
2018-08-06 01:06:00+00:00,-35.793011
2018-08-06 01:07:00+00:00,-35.296585
2018-08-06 01:08:00+00:00,-35.01363
2018-08-06 01:09:00+00:00,-35.216866
2018-08-06 01:10:00+00:00,-35.170414
2018-08-06 01:11:00+00:00,-34.908405
2018-08-06 01:12:00+00:00,-35.351696
2018-08-06 01:13:00+00:00,-34.400146
2018-08-06 01:14:00+00:00,-34.114742
2018-08-06 01:15:00+00:00,-32.498482
2018-08-06 01:16:00+00:00,-32.013477
2018-08-06 01:17:00+00:00,-31.882475
2018-08-06 01:18:00+00:00,-31.814901
2018-08-06 01:19:00+00:00,-32.016285
2018-08-06 01:20:00+00:00,-29.71558
2018-08-06 01:21:00+00:00,-28.356102
2018-08-06 01:22:00+00:00,-27.339064
2018-08-06 01:23:00+00:00,-28.158262
2018-08-06 01:24:00+00:00,-28.374121
2018-08-06 01:25:00+00:00,-28.883081
2018-08-06 01:26:00+00:00,-28.626507
2018-08-06 01:27:00+00:00,-29.754253
2018-08-06 01:28:00+00:00,-30.596355
2018-08-06 01:29:00+00:00,-30.891539
2018-08-06 01:30:00+00:00,-30.040676
2018-08-06 01:31:00+00:00,-27.748573
2018-08-06 01:32:00+00:00,-25.471186
2018-08-06 01:33:00+00:00,-24.337523
2018-08-06 01:34:00+00:00,-23.272682
2018-08-06 01:35:00+00:00,-22.953619
2018-08-06 01:36:00+00:00,-23.42135
2018-08-06 01:37:00+00:00,-23.765806
2018-08-06 01:38:00+00:00,-24.205023
2018-08-06 01:39:00+00:00,-24.392653
2018-08-06 01:40:00+00:00,-24.100639
2018-08-06 01:41:00+00:00,-25.19956
2018-08-06 01:42:00+00:00,-25.004333
2018-08-06 01:43:00+00:00,-24.788853
2018-08-06 01:44:00+00:00,-24.767448
2018-08-06 01:45:00+00:00,-25.717484
2018-08-06 01:46:00+00:00,-26.884893
2018-08-06 01:47:00+00:00,-25.839071
2018-08-06 01:48:00+00:00,-25.617096
2018-08-06 01:49:00+00:00,-24.246288
2018-08-06 01:50:00+00:00,-23.324762
2018-08-06 01:51:00+00:00,-23.626389
2018-08-06 01:52:00+00:00,-24.366184
2018-08-06 01:53:00+00:00,-24.951845
2018-08-06 01:54:00+00:00,-25.991968
2018-08-06 01:55:00+00:00,-26.632278
2018-08-06 01:56:00+00:00,-27.316113
2018-08-06 01:57:00+00:00,-28.174726
2018-08-06 01:58:00+00:00,-29.42774
2018-08-06 01:59:00+00:00,-30.836063
2018-08-06 02:00:00+00:00,-31.993885
2018-08-06 02:01:00+00:00,-32.669163
2018-08-06 02:02:00+00:00,-32.866009
2018-08-06 02:03:00+00:00,-33.015038
2018-08-06 02:04:00+00:00,-32.934563
2018-08-06 02:05:00+00:00,-32.323261
2018-08-06 02:06:00+00:00,-31.537045
2018-08-06 02:07:00+00:00,-31.115955
2018-08-06 02:08:00+00:00,-32.851254
2018-08-06 02:09:00+00:00,-34.494164
2018-08-06 02:10:00+00:00,-33.977432
2018-08-06 02:11:00+00:00,-34.328907
2018-08-06 02:12:00+00:00,-34.464603
2018-08-06 02:13:00+00:00,-34.253662
2018-08-06 02:14:00+00:00,-32.423046
2018-08-06 02:15:00+00:00,-32.048943
2018-08-06 02:16:00+00:00,-30.241127
2018-08-06 02:17:00+00:00,-30.501389
2018-08-06 02:18:00+00:00,-29.469406
2018-08-06 02:19:00+00:00,-29.145014
2018-08-06 02:20:00+00:00,-29.95009
2018-08-06 02:21:00+00:00,-29.343138
2018-08-06 02:22:00+00:00,-28.485212
2018-08-06 02:23:00+00:00,-27.392059
2018-08-06 02:24:00+00:00,-27.772629
2018-08-06 02:25:00+00:00,-27.28166
2018-08-06 02:26:00+00:00,-27.973513
2018-08-06 02:27:00+00:00,-28.66151
2018-08-06 02:28:00+00:00,-26.681644
2018-08-06 02:29:00+00:00,-26.653063
2018-08-06 02:30:00+00:00,-26.046284
2018-08-06 02:31:00+00:00,-26.115213
2018-08-06 02:32:00+00:00,-27.006744
2018-08-06 02:33:00+00:00,-28.439995
2018-08-06 02:34:00+00:00,-27.839035
2018-08-06 02:35:00+00:00,-26.926611
2018-08-06 02:36:00+00:00,-27.586456
2018-08-06 02:37:00+00:00,-28.429987
2018-08-06 02:38:00+00:00,-30.276543
2018-08-06 02:39:00+00:00,-30.121689
2018-08-06 02:40:00+00:00,-27.965435
2018-08-06 02:41:00+00:00,-28.09376
2018-08-06 02:42:00+00:00,-29.187489
2018-08-06 02:43:00+00:00,-30.263403
2018-08-06 02:44:00+00:00,-31.132132
2018-08-06 02:45:00+00:00,-31.49822
2018-08-06 02:46:00+00:00,-31.614914
2018-08-06 02:47:00+00:00,-31.376244
2018-08-13 00:00:00+00:00,-40.639317
2018-08-13 00:01:00+00:00,-40.67466
2018-08-13 00:02:00+00:00,-43.226776
2018-08-13 00:03:00+00:00,-45.077885
2018-08-13 00:04:00+00:00,-47.525848
2018-08-13 00:05:00+00:00,-50.385117
2018-08-13 00:06:00+00:00,-52.490658
2018-08-13 00:07:00+00:00,-51.922142
2018-08-13 00:08:00+00:00,-51.217476
2018-08-13 00:09:00+00:00,-46.209286
2018-08-13 00:10:00+00:00,-39.521595
2018-08-13 00:11:00+00:00,-35.301868
2018-08-13 00:12:00+00:00,-29.229675
2018-08-13 00:13:00+00:00,-30.466911
2018-08-13 00:14:00+00:00,-28.716293
2018-08-13 00:15:00+00:00,-27.451832
2018-08-13 00:16:00+00:00,-26.172821
2018-08-13 00:17:00+00:00,-23.890427
2018-08-13 00:18:00+00:00,-23.619678
2018-08-13 00:19:00+00:00,-25.354839
2018-08-13 00:20:00+00:00,-28.091648
2018-08-13 00:21:00+00:00,-30.834621
2018-08-13 00:22:00+00:00,-31.558613
2018-08-13 00:23:00+00:00,-30.274452
2018-08-13 00:24:00+00:00,-30.005642
2018-08-13 00:25:00+00:00,-28.72179
2018-08-13 00:26:00+00:00,-26.422054
2018-08-13 00:27:00+00:00,-25.110952
2018-08-13 00:28:00+00:00,-25.802534
2018-08-13 00:29:00+00:00,-24.507423
2018-08-13 00:30:00+00:00,-23.191729
2018-08-13 00:31:00+00:00,-22.904123
2018-08-13 00:32:00+00:00,-25.611038
2018-08-13 00:33:00+00:00,-25.321144
2018-08-13 00:34:00+00:00,-27.016748
2018-08-13 00:35:00+00:00,-27.698219
2018-08-13 00:36:00+00:00,-28.375452
2018-08-13 00:37:00+00:00,-27.020592
2018-08-13 00:38:00+00:00,-25.684986
2018-08-13 00:39:00+00:00,-27.355789
2018-08-13 00:40:00+00:00,-27.02776
2018-08-13 00:41:00+00:00,-26.683197
2018-08-13 00:42:00+00:00,-24.327606
2018-08-13 00:43:00+00:00,-23.970142
2018-08-13 00:44:00+00:00,-23.615574
2018-08-13 00:45:00+00:00,-24.267744
2018-08-13 00:46:00+00:00,-25.920553
2018-08-13 00:47:00+00:00,-27.586906
2018-08-13 00:48:00+00:00,-27.248129
2018-08-13 00:49:00+00:00,-25.892145
2018-08-13 00:50:00+00:00,-25.541052
2018-08-13 00:51:00+00:00,-26.190582
2018-08-13 00:52:00+00:00,-29.854706
2018-08-13 00:53:00+00:00,-32.531563
2018-08-13 00:54:00+00:00,-32.200897
2018-08-13 00:55:00+00:00,-29.858921
2018-08-13 00:56:00+00:00,-27.511383
2018-08-13 00:57:00+00:00,-25.175743
2018-08-13 00:58:00+00:00,-25.853107
2018-08-13 00:59:00+00:00,-29.548481
2018-08-13 01:00:00+00:00,-31.239271
2018-08-13 01:01:00+00:00,-28.913382
2018-08-13 01:02:00+00:00,-26.344719
2018-08-13 01:03:00+00:00,-26.748592
2018-08-13 01:04:00+00:00,-26.10404
2018-08-13 01:05:00+00:00,-25.594875
2018-08-13 01:06:00+00:00,-28.299314
2018-08-13 01:07:00+00:00,-27.980743
2018-08-13 01:08:00+00:00,-25.65834
2018-08-13 01:09:00+00:00,-24.322466
2018-08-13 01:10:00+00:00,-25.006781
2018-08-13 01:11:00+00:00,-23.686836
2018-08-13 01:12:00+00:00,-22.759132
2018-08-13 01:13:00+00:00,-22.277353
2018-08-13 01:14:00+00:00,-21.166943
2018-08-13 01:15:00+00:00,-20.419018
2018-08-13 01:16:00+00:00,-21.112289
2018-08-13 01:17:00+00:00,-20.804293
2018-08-13 01:18:00+00:00,-20.498169
2018-08-13 01:19:00+00:00,-21.709061
2018-08-13 01:20:00+00:00,-23.389034
2018-08-13 01:21:00+00:00,-23.758936
2018-08-13 01:22:00+00:00,-24.066036
2018-08-13 01:23:00+00:00,-23.867258
2018-08-13 01:24:00+00:00,-23.619793
2018-08-13 01:25:00+00:00,-22.986618
2018-08-13 01:26:00+00:00,-22.358248
2018-08-13 01:27:00+00:00,-21.562698
2018-08-13 01:28:00+00:00,-21.339115
2018-08-13 01:29:00+00:00,-20.789928
2018-08-13 01:30:00+00:00,-20.289549
2018-08-13 01:31:00+00:00,-20.413387
2018-08-13 01:32:00+00:00,-20.012573
2018-08-13 01:33:00+00:00,-19.76861
2018-08-13 01:34:00+00:00,-17.283901
2018-08-13 01:35:00+00:00,-15.148151
2018-08-13 01:36:00+00:00,-19.689903
2018-08-13 01:37:00+00:00,-23.48497
2018-08-13 01:38:00+00:00,-22.257553
2018-08-13 01:39:00+00:00,-19.259092
2018-08-13 01:40:00+00:00,-18.931551
2018-08-13 01:41:00+00:00,-18.872061
2018-08-13 01:42:00+00:00,-20.347305
2018-08-13 01:43:00+00:00,-20.135853
2018-08-13 01:44:00+00:00,-19.928213
2018-08-13 01:45:00+00:00,-21.736031
2018-08-13 01:46:00+00:00,-22.553295
2018-08-13 01:47:00+00:00,-23.373482
2018-08-13 01:48:00+00:00,-22.175135
2018-08-13 01:49:00+00:00,-21.984406
2018-08-13 01:50:00+00:00,-21.792044
2018-08-13 01:51:00+00:00,-20.604181
2018-08-13 01:52:00+00:00,-16.381912
2018-08-13 01:53:00+00:00,-16.36384
2018-08-13 01:54:00+00:00,-15.35745
2018-08-13 01:55:00+00:00,-15.817194
2018-08-13 01:56:00+00:00,-18.674332
2018-08-13 01:57:00+00:00,-21.535162
2018-08-13 01:58:00+00:00,-19.391167
2018-08-13 01:59:00+00:00,-16.204288
2018-08-13 02:00:00+00:00,-16.035368
2018-08-13 02:01:00+00:00,-16.889935
2018-08-13 02:02:00+00:00,-18.767015
2018-08-13 02:03:00+00:00,-17.631031
2018-08-13 02:04:00+00:00,-17.477156
2018-08-13 02:05:00+00:00,-16.085274
2018-08-13 02:06:00+00:00,-15.364809
2018-08-13 02:07:00+00:00,-15.11706
2018-08-13 02:08:00+00:00,-18.026859
2018-08-13 02:09:00+00:00,-19.940304
2018-08-13 02:10:00+00:00,-20.857449
2018-08-13 02:11:00+00:00,-21.77787
2018-08-13 02:12:00+00:00,-22.688688
2018-08-13 02:13:00+00:00,-23.638546
2018-08-13 02:14:00+00:00,-24.56378
2018-08-13 02:15:00+00:00,-20.448662
2018-08-13 02:16:00+00:00,-15.486476
2018-08-13 02:17:00+00:00,-13.631166
2018-08-13 02:18:00+00:00,-15.110559
2018-08-13 02:19:00+00:00,-16.048164
2018-08-13 02:20:00+00:00,-18.543861
2018-08-13 02:21:00+00:00,-17.593102
2018-08-13 02:22:00+00:00,-17.3526
2018-08-13 02:23:00+00:00,-16.596529
2018-08-13 02:24:00+00:00,-16.616816
2018-08-13 02:25:00+00:00,-15.640248
2018-08-13 02:26:00+00:00,-14.666378
2018-08-13 02:27:00+00:00,-16.691828
2018-08-13 02:28:00+00:00,-18.721037
2018-08-13 02:29:00+00:00,-18.747694
2018-08-13 02:30:00+00:00,-21.357321
2018-08-13 02:31:00+00:00,-22.683901
2018-08-13 02:32:00+00:00,-24.561768
2018-08-13 02:33:00+00:00,-25.642624
2018-08-13 02:34:00+00:00,-26.847713
2018-08-13 02:35:00+00:00,-24.085571
2018-08-13 02:36:00+00:00,-22.267185
2018-08-13 02:37:00+00:00,-22.983431
2018-08-13 02:38:00+00:00,-25.981226
2018-08-13 02:39:00+00:00,-29.621069
2018-08-13 02:40:00+00:00,-31.256325
2018-08-13 02:41:00+00:00,-31.180788
2018-08-13 02:42:00+00:00,-32.142845
2018-08-13 02:43:00+00:00,-33.802017
2018-08-13 02:44:00+00:00,-39.738716
2018-08-13 02:45:00+00:00,-43.915062
2018-08-13 02:46:00+00:00,-44.489872
2018-08-13 02:47:00+00:00,-44.984352
2018-08-20 00:00:00+00:00,-321.638947
2018-08-20 00:01:00+00:00,-318.70755
2018-08-20 00:02:00+00:00,-311.779602
2018-08-20 00:03:00+00:00,-308.820984
2018-08-20 00:04:00+00:00,-310.850464
2018-08-20 00:05:00+00:00,-312.890594
2018-08-20 00:06:00+00:00,-318.95224
2018-08-20 00:07:00+00:00,-314.063385
2018-08-20 00:08:00+00:00,-319.168549
2018-08-20 00:09:00+00:00,-311.275116
2018-08-20 00:10:00+00:00,-305.305145
2018-08-20 00:11:00+00:00,-294.319244
2018-08-20 00:12:00+00:00,-301.427948
2018-08-20 00:13:00+00:00,-323.586456
2018-08-20 00:14:00+00:00,-359.727509
2018-08-20 00:15:00+00:00,-388.876801
2018-08-20 00:16:00+00:00,-406.004944
2018-08-20 00:17:00+00:00,-412.112122
2018-08-20 00:18:00+00:00,-410.195526
2018-08-20 00:19:00+00:00,-397.266052
2018-08-20 00:20:00+00:00,-373.278931
2018-08-20 00:21:00+00:00,-363.271362
2018-08-20 00:22:00+00:00,-360.357727
2018-08-20 00:23:00+00:00,-356.546173
2018-08-20 00:24:00+00:00,-392.846405
2018-08-20 00:25:00+00:00,-413.977325
2018-08-20 00:26:00+00:00,-390.104095
2018-08-20 00:27:00+00:00,-382.247375
2018-08-20 00:28:00+00:00,-399.421967
2018-08-20 00:29:00+00:00,-400.563477
2018-08-20 00:30:00+00:00,-398.706421
2018-08-20 00:31:00+00:00,-387.885712
2018-08-20 00:32:00+00:00,-350.094055
2018-08-20 00:33:00+00:00,-314.346771
2018-08-20 00:34:00+00:00,-297.559601
2018-08-20 00:35:00+00:00,-267.734222
2018-08-20 00:36:00+00:00,-284.755371
2018-08-20 00:37:00+00:00,-313.796814
2018-08-20 00:38:00+00:00,-335.772644
2018-08-20 00:39:00+00:00,-343.842621
2018-08-20 00:40:00+00:00,-357.681396
2018-08-20 00:41:00+00:00,-358.589691
2018-08-20 00:42:00+00:00,-351.589905
2018-08-20 00:43:00+00:00,-356.582275
2018-08-20 00:44:00+00:00,-366.569672
2018-08-20 00:45:00+00:00,-341.560059
2018-08-20 00:46:00+00:00,-331.143768
2018-08-20 00:47:00+00:00,-339.43103
2018-08-20 00:48:00+00:00,-375.516907
2018-08-20 00:49:00+00:00,-413.495697
2018-08-20 00:50:00+00:00,-438.323425
2018-08-20 00:51:00+00:00,-446.150421
2018-08-20 00:52:00+00:00,-433.100128
2018-08-20 00:53:00+00:00,-419.095337
2018-08-20 00:54:00+00:00,-431.156891
2018-08-20 00:55:00+00:00,-424.112854
2018-08-20 00:56:00+00:00,-443.139862
2018-08-20 00:57:00+00:00,-451.236877
2018-08-20 00:58:00+00:00,-448.192841
2018-08-20 00:59:00+00:00,-440.078979
2018-08-20 01:00:00+00:00,-418.963226
2018-08-20 01:01:00+00:00,-400.671234
2018-08-20 01:02:00+00:00,-414.956177
2018-08-20 01:03:00+00:00,-411.302887
2018-08-20 01:04:00+00:00,-406.108185
2018-08-20 01:05:00+00:00,-401.850311
2018-08-20 01:06:00+00:00,-383.752441
2018-08-20 01:07:00+00:00,-374.133545
2018-08-20 01:08:00+00:00,-359.873291
2018-08-20 01:09:00+00:00,-339.526947
2018-08-20 01:10:00+00:00,-348.177521
2018-08-20 01:11:00+00:00,-343.898773
2018-08-20 01:12:00+00:00,-330.230835
2018-08-20 01:13:00+00:00,-341.935425
2018-08-20 01:14:00+00:00,-354.236572
2018-08-20 01:15:00+00:00,-345.540344
2018-08-20 01:16:00+00:00,-368.436066
2018-08-20 01:17:00+00:00,-376.530182
2018-08-20 01:18:00+00:00,-363.349731
2018-08-20 01:19:00+00:00,-354.19635
2018-08-20 01:20:00+00:00,-365.255554
2018-08-20 01:21:00+00:00,-364.235291
2018-08-20 01:22:00+00:00,-365.197449
2018-08-20 01:23:00+00:00,-364.078613
2018-08-20 01:24:00+00:00,-364.933838
2018-08-20 01:25:00+00:00,-347.815796
2018-08-20 01:26:00+00:00,-310.820129
2018-08-20 01:27:00+00:00,-312.226318
2018-08-20 01:28:00+00:00,-312.155548
2018-08-20 01:29:00+00:00,-312.125946
2018-08-20 01:30:00+00:00,-313.754272
2018-08-20 01:31:00+00:00,-309.814484
2018-08-20 01:32:00+00:00,-297.389221
2018-08-20 01:33:00+00:00,-285.155121
2018-08-20 01:34:00+00:00,-288.674072
2018-08-20 01:35:00+00:00,-290.694519
2018-08-20 01:36:00+00:00,-286.631195
2018-08-20 01:37:00+00:00,-281.031616
2018-08-20 01:38:00+00:00,-283.888214
2018-08-20 01:39:00+00:00,-291.013031
2018-08-20 01:40:00+00:00,-288.153168
2018-08-20 01:41:00+00:00,-281.264618
2018-08-20 01:42:00+00:00,-272.301392
2018-08-20 01:43:00+00:00,-260.2341
2018-08-20 01:44:00+00:00,-260.12616
2018-08-20 01:45:00+00:00,-257.02713
2018-08-20 01:46:00+00:00,-253.014313
2018-08-20 01:47:00+00:00,-246.073868
2018-08-20 01:48:00+00:00,-248.360474
2018-08-20 01:49:00+00:00,-253.805176
2018-08-20 01:50:00+00:00,-260.324036
2018-08-20 01:51:00+00:00,-259.89505
2018-08-20 01:52:00+00:00,-256.341309
2018-08-20 01:53:00+00:00,-260.951202
2018-08-20 01:54:00+00:00,-262.088287
2018-08-20 01:55:00+00:00,-263.554871
2018-08-20 01:56:00+00:00,-254.464294
2018-08-20 01:57:00+00:00,-258.718719
2018-08-20 01:58:00+00:00,-254.176712
2018-08-20 01:59:00+00:00,-248.860855
2018-08-20 02:00:00+00:00,-252.797653
2018-08-20 02:01:00+00:00,-258.856506
2018-08-20 02:02:00+00:00,-263.906433
2018-08-20 02:03:00+00:00,-254.960114
2018-08-20 02:04:00+00:00,-244.026291
2018-08-20 02:05:00+00:00,-228.109863
2018-08-20 02:06:00+00:00,-229.190292
2018-08-20 02:07:00+00:00,-255.213501
2018-08-20 02:08:00+00:00,-327.246613
2018-08-20 02:09:00+00:00,-367.293152
2018-08-20 02:10:00+00:00,-344.34137
2018-08-20 02:11:00+00:00,-356.477234
2018-08-20 02:12:00+00:00,-400.543488
2018-08-20 02:13:00+00:00,-406.517639
2018-08-20 02:14:00+00:00,-404.560852
2018-08-20 02:15:00+00:00,-367.607178
2018-08-20 02:16:00+00:00,-354.773743
2018-08-20 02:17:00+00:00,-436.010284
2018-08-20 02:18:00+00:00,-428.978912
2018-08-20 02:19:00+00:00,-423.069214
2018-08-20 02:20:00+00:00,-408.135712
2018-08-20 02:21:00+00:00,-408.380554
2018-08-20 02:22:00+00:00,-450.714294
2018-08-20 02:23:00+00:00,-471.845001
2018-08-20 02:24:00+00:00,-445.852234
2018-08-20 02:25:00+00:00,-420.817047
2018-08-20 02:26:00+00:00,-409.977692
2018-08-20 02:27:00+00:00,-410.114441
2018-08-20 02:28:00+00:00,-414.11496
2018-08-20 02:29:00+00:00,-385.61792
2018-08-20 02:30:00+00:00,-319.43985
2018-08-20 02:31:00+00:00,-303.809143
2018-08-20 02:32:00+00:00,-322.887512
2018-08-20 02:33:00+00:00,-378.71579
2018-08-20 02:34:00+00:00,-405.005249
2018-08-20 02:35:00+00:00,-398.32312
2018-08-20 02:36:00+00:00,-446.921356
2018-08-20 02:37:00+00:00,-373.035736
2018-08-20 02:38:00+00:00,-370.025452
2018-08-20 02:39:00+00:00,-420.110321
2018-08-20 02:40:00+00:00,-393.071686
2018-08-20 02:41:00+00:00,-380.056091
2018-08-20 02:42:00+00:00,-400.676453
2018-08-20 02:43:00+00:00,-385.872437
2018-08-20 02:44:00+00:00,-391.998993
2018-08-20 02:45:00+00:00,-392.001282
2018-08-20 02:46:00+00:00,-392.619415
2018-08-20 02:47:00+00:00,-445.093292
2018-08-27 00:00:00+00:00,-58.345512
2018-08-27 00:01:00+00:00,-58.253262
2018-08-27 00:02:00+00:00,-58.063698
2018-08-27 00:03:00+00:00,-57.728043
2018-08-27 00:04:00+00:00,-57.834229
2018-08-27 00:05:00+00:00,-58.052231
2018-08-27 00:06:00+00:00,-58.030533
2018-08-27 00:07:00+00:00,-58.41523
2018-08-27 00:08:00+00:00,-58.754139
2018-08-27 00:09:00+00:00,-58.615211
2018-08-27 00:10:00+00:00,-59.158646
2018-08-27 00:11:00+00:00,-59.261452
2018-08-27 00:12:00+00:00,-59.183434
2018-08-27 00:13:00+00:00,-58.750816
2018-08-27 00:14:00+00:00,-58.049309
2018-08-27 00:15:00+00:00,-58.042423
2018-08-27 00:16:00+00:00,-57.942802
2018-08-27 00:17:00+00:00,-57.902836
2018-08-27 00:18:00+00:00,-58.301476
2018-08-27 00:19:00+00:00,-58.671967
2018-08-27 00:20:00+00:00,-58.426476
2018-08-27 00:21:00+00:00,-59.91354
2018-08-27 00:22:00+00:00,-61.863884
2018-08-27 00:23:00+00:00,-61.812031
2018-08-27 00:24:00+00:00,-60.760147
2018-08-27 00:25:00+00:00,-60.714096
2018-08-27 00:26:00+00:00,-61.665085
2018-08-27 00:27:00+00:00,-62.625332
2018-08-27 00:28:00+00:00,-62.582134
2018-08-27 00:29:00+00:00,-61.541569
2018-08-27 00:30:00+00:00,-59.507607
2018-08-27 00:31:00+00:00,-58.46048
2018-08-27 00:32:00+00:00,-58.417801
2018-08-27 00:33:00+00:00,-60.371746
2018-08-27 00:34:00+00:00,-60.320354
2018-08-27 00:35:00+00:00,-61.271427
2018-08-27 00:36:00+00:00,-64.225441
2018-08-27 00:37:00+00:00,-65.181137
2018-08-27 00:38:00+00:00,-65.141495
2018-08-27 00:39:00+00:00,-65.101357
2018-08-27 00:40:00+00:00,-63.061192
2018-08-27 00:41:00+00:00,-62.021481
2018-08-27 00:42:00+00:00,-58.981239
2018-08-27 00:43:00+00:00,-59.941433
2018-08-27 00:44:00+00:00,-59.907143
2018-08-27 00:45:00+00:00,-61.866714
2018-08-27 00:46:00+00:00,-61.829136
2018-08-27 00:47:00+00:00,-61.78854
2018-08-27 00:48:00+00:00,-61.739052
2018-08-27 00:49:00+00:00,-61.69532
2018-08-27 00:50:00+00:00,-62.657814
2018-08-27 00:51:00+00:00,-62.622623
2018-08-27 00:52:00+00:00,-60.586498
2018-08-27 00:53:00+00:00,-60.545162
2018-08-27 00:54:00+00:00,-59.498299
2018-08-27 00:55:00+00:00,-61.45322
2018-08-27 00:56:00+00:00,-61.406021
2018-08-27 00:57:00+00:00,-62.357658
2018-08-27 00:58:00+00:00,-62.607681
2018-08-27 00:59:00+00:00,-72.202347
2018-08-27 01:00:00+00:00,-56.559792
2018-08-27 01:01:00+00:00,-57.743721
2018-08-27 01:02:00+00:00,-58.824966
2018-08-27 01:03:00+00:00,-59.610184
2018-08-27 01:04:00+00:00,-60.195091
2018-08-27 01:05:00+00:00,-59.484001
2018-08-27 01:06:00+00:00,-58.572628
2018-08-27 01:07:00+00:00,-96.619736
2018-08-27 01:08:00+00:00,-162.482941
2018-08-27 01:09:00+00:00,-152.687347
2018-08-27 01:10:00+00:00,-124.793396
2018-08-27 01:11:00+00:00,-97.609596
2018-08-27 01:12:00+00:00,-80.7658
2018-08-27 01:13:00+00:00,-70.097893
2018-08-27 01:14:00+00:00,-80.490555
2018-08-27 01:15:00+00:00,-77.590866
2018-08-27 01:16:00+00:00,-77.998604
2018-08-27 01:17:00+00:00,-72.170158
2018-08-27 01:18:00+00:00,-65.999451
2018-08-27 01:19:00+00:00,-66.006042
2018-08-27 01:20:00+00:00,-63.016434
2018-08-27 01:21:00+00:00,-64.026703
2018-08-27 01:22:00+00:00,-59.04015
2018-08-27 01:23:00+00:00,-63.055012
2018-08-27 01:24:00+00:00,-68.072594
2018-08-27 01:25:00+00:00,-73.091888
2018-08-27 01:26:00+00:00,-75.1119
2018-08-27 01:27:00+00:00,-77.133575
2018-08-27 01:28:00+00:00,-77.155907
2018-08-27 01:29:00+00:00,-78.182556
2018-08-27 01:30:00+00:00,-78.208122
2018-08-27 01:31:00+00:00,-76.236145
2018-08-27 01:32:00+00:00,-76.267326
2018-08-27 01:33:00+00:00,-78.306396
2018-08-27 01:34:00+00:00,-76.344421
2018-08-27 01:35:00+00:00,-72.385155
2018-08-27 01:36:00+00:00,-71.342369
2018-08-27 01:37:00+00:00,-73.02272
2018-08-27 01:38:00+00:00,-83.10247
2018-08-27 01:39:00+00:00,-99.62822
2018-08-27 01:40:00+00:00,-93.015678
2018-08-27 01:41:00+00:00,-79.361443
2018-08-27 01:42:00+00:00,-69.280632
2018-08-27 01:43:00+00:00,-65.166039
2018-08-27 01:44:00+00:00,-62.211967
2018-08-27 01:45:00+00:00,-59.070408
2018-08-27 01:46:00+00:00,-57.237583
2018-08-27 01:47:00+00:00,-58.569321
2018-08-27 01:48:00+00:00,-59.304508
2018-08-27 01:49:00+00:00,-59.437286
2018-08-27 01:50:00+00:00,-66.333145
2018-08-27 01:51:00+00:00,-58.712013
2018-08-27 01:52:00+00:00,-65.792831
2018-08-27 01:53:00+00:00,-75.135483
2018-08-27 01:54:00+00:00,-85.003105
2018-08-27 01:55:00+00:00,-87.588356
2018-08-27 01:56:00+00:00,-87.449753
2018-08-27 01:57:00+00:00,-92.93779
2018-08-27 01:58:00+00:00,-97.557281
2018-08-27 01:59:00+00:00,-97.443344
2018-08-27 02:00:00+00:00,-97.519814
2018-08-27 02:01:00+00:00,-96.299164
2018-08-27 02:02:00+00:00,-85.810104
2018-08-27 02:03:00+00:00,-79.474182
2018-08-27 02:04:00+00:00,-71.736694
2018-08-27 02:05:00+00:00,-66.408188
2018-08-27 02:06:00+00:00,-60.995468
2018-08-27 02:07:00+00:00,-58.15173
2018-08-27 02:08:00+00:00,-56.774399
2018-08-27 02:09:00+00:00,-56.131424
2018-08-27 02:10:00+00:00,-55.987617
2018-08-27 02:11:00+00:00,-55.946476
2018-08-27 02:12:00+00:00,-56.806801
2018-08-27 02:13:00+00:00,-57.765839
2018-08-27 02:14:00+00:00,-58.629101
2018-08-27 02:15:00+00:00,-58.191769
2018-08-27 02:16:00+00:00,-56.655815
2018-08-27 02:17:00+00:00,-56.021214
2018-08-27 02:18:00+00:00,-55.98716
2018-08-27 02:19:00+00:00,-55.25481
2018-08-27 02:20:00+00:00,-55.119057
2018-08-27 02:21:00+00:00,-55.284958
2018-08-27 02:22:00+00:00,-55.78022
2018-08-27 02:23:00+00:00,-58.729401
2018-08-27 02:24:00+00:00,-59.665474
2018-08-27 02:25:00+00:00,-61.603569
2018-08-27 02:26:00+00:00,-59.556854
2018-08-27 02:27:00+00:00,-55.611076
2018-08-27 02:28:00+00:00,-55.786373
2018-08-27 02:29:00+00:00,-56.061234
2018-08-27 02:30:00+00:00,-56.335564
2018-08-27 02:31:00+00:00,-56.610733
2018-08-27 02:32:00+00:00,-56.488472
2018-08-27 02:33:00+00:00,-56.464851
2018-08-27 02:34:00+00:00,-56.742989
2018-08-27 02:35:00+00:00,-56.623642
2018-08-27 02:36:00+00:00,-56.606812
2018-08-27 02:37:00+00:00,-56.688049
2018-08-27 02:38:00+00:00,-56.569572
2018-08-27 02:39:00+00:00,-56.451996
2018-08-27 02:40:00+00:00,-56.136089
2018-08-27 02:41:00+00:00,-56.223396
2018-08-27 02:42:00+00:00,-55.708046
2018-08-27 02:43:00+00:00,-56.097836
2018-08-27 02:44:00+00:00,-55.484215
2018-08-27 02:45:00+00:00,-55.672546
2018-08-27 02:46:00+00:00,-55.857773
2018-08-27 02:47:00+00:00,-55.551594
2018-09-03 00:00:00+00:00,-58.202766
2018-09-03 00:01:00+00:00,-52.044563
2018-09-03 00:02:00+00:00,-49.058952
2018-09-03 00:03:00+00:00,-43.475441
2018-09-03 00:04:00+00:00,-44.313107
2018-09-03 00:05:00+00:00,-40.018246
2018-09-03 00:06:00+00:00,-36.361423
2018-09-03 00:07:00+00:00,-33.653038
2018-09-03 00:08:00+00:00,-31.477114
2018-09-03 00:09:00+00:00,-26.742441
2018-09-03 00:10:00+00:00,-25.777689
2018-09-03 00:11:00+00:00,-23.137737
2018-09-03 00:12:00+00:00,-24.992249
2018-09-03 00:13:00+00:00,-24.498928
2018-09-03 00:14:00+00:00,-26.611689
2018-09-03 00:15:00+00:00,-27.469173
2018-09-03 00:16:00+00:00,-30.63509
2018-09-03 00:17:00+00:00,-31.700245
2018-09-03 00:18:00+00:00,-41.721714
2018-09-03 00:19:00+00:00,-42.256557
2018-09-03 00:20:00+00:00,-35.757919
2018-09-03 00:21:00+00:00,-35.169994
2018-09-03 00:22:00+00:00,-34.687088
2018-09-03 00:23:00+00:00,-32.940529
2018-09-03 00:24:00+00:00,-42.304493
2018-09-03 00:25:00+00:00,-39.042938
2018-09-03 00:26:00+00:00,-32.038445
2018-09-03 00:27:00+00:00,-30.936527
2018-09-03 00:28:00+00:00,-30.046295
2018-09-03 00:29:00+00:00,-28.910213
2018-09-03 00:30:00+00:00,-28.039005
2018-09-03 00:31:00+00:00,-27.107838
2018-09-03 00:32:00+00:00,-27.069162
2018-09-03 00:33:00+00:00,-30.026623
2018-09-03 00:34:00+00:00,-31.984556
2018-09-03 00:35:00+00:00,-30.885536
2018-09-03 00:36:00+00:00,-26.731407
2018-09-03 00:37:00+00:00,-26.00106
2018-09-03 00:38:00+00:00,-25.830776
2018-09-03 00:39:00+00:00,-28.042072
2018-09-03 00:40:00+00:00,-27.658415
2018-09-03 00:41:00+00:00,-27.198395
2018-09-03 00:42:00+00:00,-27.122005
2018-09-03 00:43:00+00:00,-27.70858
2018-09-03 00:44:00+00:00,-27.637749
2018-09-03 00:45:00+00:00,-25.758324
2018-09-03 00:46:00+00:00,-25.675749
2018-09-03 00:47:00+00:00,-27.646896
2018-09-03 00:48:00+00:00,-31.649338
2018-09-03 00:49:00+00:00,-33.54541
2018-09-03 00:50:00+00:00,-35.685738
2018-09-03 00:51:00+00:00,-36.824249
2018-09-03 00:52:00+00:00,-36.950928
2018-09-03 00:53:00+00:00,-38.634731
2018-09-03 00:54:00+00:00,-38.905697
2018-09-03 00:55:00+00:00,-38.388855
2018-09-03 00:56:00+00:00,-38.088142
2018-09-03 00:57:00+00:00,-38.900085
2018-09-03 00:58:00+00:00,-41.80518
2018-09-03 00:59:00+00:00,-61.376808
2018-09-03 01:00:00+00:00,-39.09568
2018-09-03 01:01:00+00:00,-33.076691
2018-09-03 01:02:00+00:00,-31.509254
2018-09-03 01:03:00+00:00,-32.391499
2018-09-03 01:04:00+00:00,-30.91296
2018-09-03 01:05:00+00:00,-32.781731
2018-09-03 01:06:00+00:00,-34.136559
2018-09-03 01:07:00+00:00,-38.243626
2018-09-03 01:08:00+00:00,-36.859634
2018-09-03 01:09:00+00:00,-38.021744
2018-09-03 01:10:00+00:00,-37.146809
2018-09-03 01:11:00+00:00,-36.3853
2018-09-03 01:12:00+00:00,-34.363277
2018-09-03 01:13:00+00:00,-32.447033
2018-09-03 01:14:00+00:00,-29.847668
2018-09-03 01:15:00+00:00,-29.709618
2018-09-03 01:16:00+00:00,-29.722517
2018-09-03 01:17:00+00:00,-29.777071
2018-09-03 01:18:00+00:00,-29.932934
2018-09-03 01:19:00+00:00,-29.399172
2018-09-03 01:20:00+00:00,-27.767662
2018-09-03 01:21:00+00:00,-26.973059
2018-09-03 01:22:00+00:00,-28.452009
2018-09-03 01:23:00+00:00,-49.352409
2018-09-03 01:24:00+00:00,-69.10347
2018-09-03 01:25:00+00:00,-87.053253
2018-09-03 01:26:00+00:00,-81.587532
2018-09-03 01:27:00+00:00,-33.931633
2018-09-03 01:28:00+00:00,-33.846317
2018-09-03 01:29:00+00:00,-33.718815
2018-09-03 01:30:00+00:00,-35.329243
2018-09-03 01:31:00+00:00,-31.959311
2018-09-03 01:32:00+00:00,-29.421936
2018-09-03 01:33:00+00:00,-37.205421
2018-09-03 01:34:00+00:00,-47.259434
2018-09-03 01:35:00+00:00,-25.288048
2018-09-03 01:36:00+00:00,-27.310875
2018-09-03 01:37:00+00:00,-31.884363
2018-09-03 01:38:00+00:00,-30.067955
2018-09-03 01:39:00+00:00,-27.477024
2018-09-03 01:40:00+00:00,-37.450249
2018-09-03 01:41:00+00:00,-31.647053
2018-09-03 01:42:00+00:00,-29.803698
2018-09-03 01:43:00+00:00,-28.191349
2018-09-03 01:44:00+00:00,-31.676476
2018-09-03 01:45:00+00:00,-34.243587
2018-09-03 01:46:00+00:00,-31.836891
2018-09-03 01:47:00+00:00,-34.969013
2018-09-03 01:48:00+00:00,-33.000004
2018-09-03 01:49:00+00:00,-35.967373
2018-09-03 01:50:00+00:00,-37.642208
2018-09-03 01:51:00+00:00,-35.308743
2018-09-03 01:52:00+00:00,-35.989666
2018-09-03 01:53:00+00:00,-40.391285
2018-09-03 01:54:00+00:00,-36.709435
2018-09-03 01:55:00+00:00,-36.446789
2018-09-03 01:56:00+00:00,-36.95343
2018-09-03 01:57:00+00:00,-36.637615
2018-09-03 01:58:00+00:00,-35.650757
2018-09-03 01:59:00+00:00,-35.224693
2018-09-03 02:00:00+00:00,-34.430107
2018-09-03 02:01:00+00:00,-34.160614
2018-09-03 02:02:00+00:00,-32.512646
2018-09-03 02:03:00+00:00,-32.971558
2018-09-03 02:04:00+00:00,-33.365479
2018-09-03 02:05:00+00:00,-33.213951
2018-09-03 02:06:00+00:00,-34.033581
2018-09-03 02:07:00+00:00,-34.26722
2018-09-03 02:08:00+00:00,-35.041893
2018-09-03 02:09:00+00:00,-37.31411
2018-09-03 02:10:00+00:00,-37.325085
2018-09-03 02:11:00+00:00,-36.00452
2018-09-03 02:12:00+00:00,-35.718624
2018-09-03 02:13:00+00:00,-35.06311
2018-09-03 02:14:00+00:00,-33.297337
2018-09-03 02:15:00+00:00,-32.784454
2018-09-03 02:16:00+00:00,-32.779907
2018-09-03 02:17:00+00:00,-32.554199
2018-09-03 02:18:00+00:00,-32.307541
2018-09-03 02:19:00+00:00,-32.117085
2018-09-03 02:20:00+00:00,-32.661545
2018-09-03 02:21:00+00:00,-33.582531
2018-09-03 02:22:00+00:00,-33.225464
2018-09-03 02:23:00+00:00,-32.909306
2018-09-03 02:24:00+00:00,-34.107388
2018-09-03 02:25:00+00:00,-34.016003
2018-09-03 02:26:00+00:00,-31.12442
2018-09-03 02:27:00+00:00,-31.43362
2018-09-03 02:28:00+00:00,-31.456305
2018-09-03 02:29:00+00:00,-31.350515
2018-09-03 02:30:00+00:00,-30.163488
2018-09-03 02:31:00+00:00,-30.886459
2018-09-03 02:32:00+00:00,-28.829151
2018-09-03 02:33:00+00:00,-28.561831
2018-09-03 02:34:00+00:00,-28.369608
2018-09-03 02:35:00+00:00,-28.309076
2018-09-03 02:36:00+00:00,-29.255186
2018-09-03 02:37:00+00:00,-29.799719
2018-09-03 02:38:00+00:00,-31.765833
2018-09-03 02:39:00+00:00,-32.117355
2018-09-03 02:40:00+00:00,-33.383533
2018-09-03 02:41:00+00:00,-32.148308
2018-09-03 02:42:00+00:00,-33.296398
2018-09-03 02:43:00+00:00,-36.842403
2018-09-03 02:44:00+00:00,-35.966099
2018-09-03 02:45:00+00:00,-32.102726
2018-09-03 02:46:00+00:00,-27.426191
2018-09-03 02:47:00+00:00,-27.807537
2018-09-10 00:00:00+00:00,-37.573082
2018-09-10 00:01:00+00:00,-29.494865
2018-09-10 00:02:00+00:00,-24.20516
2018-09-10 00:03:00+00:00,-18.60125
2018-09-10 00:04:00+00:00,-19.115383
2018-09-10 00:05:00+00:00,-25.500898
2018-09-10 00:06:00+00:00,-26.840042
2018-09-10 00:07:00+00:00,-29.41564
2018-09-10 00:08:00+00:00,-28.946297
2018-09-10 00:09:00+00:00,-21.940407
2018-09-10 00:10:00+00:00,-15.996626
2018-09-10 00:11:00+00:00,-12.044321
2018-09-10 00:12:00+00:00,-11.265049
2018-09-10 00:13:00+00:00,-11.06254
2018-09-10 00:14:00+00:00,-10.491905
2018-09-10 00:15:00+00:00,-10.651413
2018-09-10 00:16:00+00:00,-11.593128
2018-09-10 00:17:00+00:00,-11.51339
2018-09-10 00:18:00+00:00,-12.28676
2018-09-10 00:19:00+00:00,-12.402061
2018-09-10 00:20:00+00:00,-12.249478
2018-09-10 00:21:00+00:00,-13.431116
2018-09-10 00:22:00+00:00,-14.363691
2018-09-10 00:23:00+00:00,-13.912159
2018-09-10 00:24:00+00:00,-13.911211
2018-09-10 00:25:00+00:00,-13.707212
2018-09-10 00:26:00+00:00,-14.02701
2018-09-10 00:27:00+00:00,-13.859779
2018-09-10 00:28:00+00:00,-14.706526
2018-09-10 00:29:00+00:00,-14.477959
2018-09-10 00:30:00+00:00,-15.457172
2018-09-10 00:31:00+00:00,-15.156878
2018-09-10 00:32:00+00:00,-15.417412
2018-09-10 00:33:00+00:00,-15.986912
2018-09-10 00:34:00+00:00,-16.947496
2018-09-10 00:35:00+00:00,-16.718195
2018-09-10 00:36:00+00:00,-17.013939
2018-09-10 00:37:00+00:00,-17.604084
2018-09-10 00:38:00+00:00,-17.177629
2018-09-10 00:39:00+00:00,-17.286247
2018-09-10 00:40:00+00:00,-18.760103
2018-09-10 00:41:00+00:00,-18.838545
2018-09-10 00:42:00+00:00,-19.143724
2018-09-10 00:43:00+00:00,-20.486279
2018-09-10 00:44:00+00:00,-19.920143
2018-09-10 00:45:00+00:00,-20.018166
2018-09-10 00:46:00+00:00,-19.7078
2018-09-10 00:47:00+00:00,-20.311977
2018-09-10 00:48:00+00:00,-20.94713
2018-09-10 00:49:00+00:00,-21.483461
2018-09-10 00:50:00+00:00,-20.333166
2018-09-10 00:51:00+00:00,-19.297113
2018-09-10 00:52:00+00:00,-18.922873
2018-09-10 00:53:00+00:00,-18.053013
2018-09-10 00:54:00+00:00,-16.228321
2018-09-10 00:55:00+00:00,-15.98502
2018-09-10 00:56:00+00:00,-15.157177
2018-09-10 00:57:00+00:00,-13.774921
2018-09-10 00:58:00+00:00,-13.311146
2018-09-10 00:59:00+00:00,-14.98172
2018-09-10 01:00:00+00:00,-15.59045
2018-09-10 01:01:00+00:00,-17.529053
2018-09-10 01:02:00+00:00,-17.078989
2018-09-10 01:03:00+00:00,-16.32823
2018-09-10 01:04:00+00:00,-16.318441
2018-09-10 01:05:00+00:00,-17.264297
2018-09-10 01:06:00+00:00,-16.649391
2018-09-10 01:07:00+00:00,-13.022602
2018-09-10 01:08:00+00:00,-14.0832
2018-09-10 01:09:00+00:00,-15.214249
2018-09-10 01:10:00+00:00,-15.957408
2018-09-10 01:11:00+00:00,-16.373339
2018-09-10 01:12:00+00:00,-18.22864
2018-09-10 01:13:00+00:00,-18.054113
2018-09-10 01:14:00+00:00,-17.27392
2018-09-10 01:15:00+00:00,-17.179014
2018-09-10 01:16:00+00:00,-15.847866
2018-09-10 01:17:00+00:00,-14.978271
2018-09-10 01:18:00+00:00,-19.29953
2018-09-10 01:19:00+00:00,-24.156553
2018-09-10 01:20:00+00:00,-22.514048
2018-09-10 01:21:00+00:00,-25.615162
2018-09-10 01:22:00+00:00,-19.690662
2018-09-10 01:23:00+00:00,-17.091459
2018-09-10 01:24:00+00:00,-15.520969
2018-09-10 01:25:00+00:00,-16.142256
2018-09-10 01:26:00+00:00,-16.526588
2018-09-10 01:27:00+00:00,-14.708126
2018-09-10 01:28:00+00:00,-12.182577
2018-09-10 01:29:00+00:00,-12.984613
2018-09-10 01:30:00+00:00,-13.825232
2018-09-10 01:31:00+00:00,-14.796526
2018-09-10 01:32:00+00:00,-15.63427
2018-09-10 01:33:00+00:00,-16.089357
2018-09-10 01:34:00+00:00,-15.431234
2018-09-10 01:35:00+00:00,-13.969385
2018-09-10 01:36:00+00:00,-13.584585
2018-09-10 01:37:00+00:00,-13.873062
2018-09-10 01:38:00+00:00,-12.875526
2018-09-10 01:39:00+00:00,-13.113962
2018-09-10 01:40:00+00:00,-14.679108
2018-09-10 01:41:00+00:00,-15.866775
2018-09-10 01:42:00+00:00,-16.027466
2018-09-10 01:43:00+00:00,-16.002892
2018-09-10 01:44:00+00:00,-15.624715
2018-09-10 01:45:00+00:00,-13.802602
2018-09-10 01:46:00+00:00,-13.802781
2018-09-10 01:47:00+00:00,-14.019698
2018-09-10 01:48:00+00:00,-14.215964
2018-09-10 01:49:00+00:00,-13.341689
2018-09-10 01:50:00+00:00,-14.177063
2018-09-10 01:51:00+00:00,-13.042313
2018-09-10 01:52:00+00:00,-13.413579
2018-09-10 01:53:00+00:00,-12.858816
2018-09-10 01:54:00+00:00,-14.162775
2018-09-10 01:55:00+00:00,-12.891777
2018-09-10 01:56:00+00:00,-12.645347
2018-09-10 01:57:00+00:00,-13.487851
2018-09-10 01:58:00+00:00,-12.853778
2018-09-10 01:59:00+00:00,-12.294252
2018-09-10 02:00:00+00:00,-12.25559
2018-09-10 02:01:00+00:00,-13.107972
2018-09-10 02:02:00+00:00,-18.333454
2018-09-10 02:03:00+00:00,-36.593121
2018-09-10 02:04:00+00:00,-63.790241
2018-09-10 02:05:00+00:00,-58.511681
2018-09-10 02:06:00+00:00,-73.569885
2018-09-10 02:07:00+00:00,-90.396858
2018-09-10 02:08:00+00:00,-86.854027
2018-09-10 02:09:00+00:00,-126.303635
2018-09-10 02:10:00+00:00,-115.432045
2018-09-10 02:11:00+00:00,-107.615326
2018-09-10 02:12:00+00:00,-111.971603
2018-09-10 02:13:00+00:00,-110.878548
2018-09-10 02:14:00+00:00,-107.070808
2018-09-10 02:15:00+00:00,-120.625412
2018-09-10 02:16:00+00:00,-113.043625
2018-09-10 02:17:00+00:00,-104.429886
2018-09-10 02:18:00+00:00,-100.858376
2018-09-10 02:19:00+00:00,-100.448166
2018-09-10 02:20:00+00:00,-90.781258
2018-09-10 02:21:00+00:00,-84.335129
2018-09-10 02:22:00+00:00,-79.663574
2018-09-10 02:23:00+00:00,-75.958626
2018-09-10 02:24:00+00:00,-73.340523
2018-09-10 02:25:00+00:00,-75.061165
2018-09-10 02:26:00+00:00,-66.506241
2018-09-10 02:27:00+00:00,-67.297775
2018-09-10 02:28:00+00:00,-66.675957
2018-09-10 02:29:00+00:00,-63.660145
2018-09-10 02:30:00+00:00,-59.445789
2018-09-10 02:31:00+00:00,-60.442879
2018-09-10 02:32:00+00:00,-65.285187
2018-09-10 02:33:00+00:00,-66.847786
2018-09-10 02:34:00+00:00,-67.170776
2018-09-10 02:35:00+00:00,-72.981743
2018-09-10 02:36:00+00:00,-88.930092
2018-09-10 02:37:00+00:00,-96.305176
2018-09-10 02:38:00+00:00,-89.566833
2018-09-10 02:39:00+00:00,-78.899231
2018-09-10 02:40:00+00:00,-88.426437
2018-09-10 02:41:00+00:00,-100.069931
2018-09-10 02:42:00+00:00,-107.235046
2018-09-10 02:43:00+00:00,-108.616196
2018-09-10 02:44:00+00:00,-106.437431
2018-09-10 02:45:00+00:00,-108.945129
2018-09-10 02:46:00+00:00,-104.098724
2018-09-10 02:47:00+00:00,-100.96273
2018-09-17 00:00:00+00:00,-71.938057
2018-09-17 00:01:00+00:00,-69.886848
2018-09-17 00:02:00+00:00,-63.52142
2018-09-17 00:03:00+00:00,-63.55592
2018-09-17 00:04:00+00:00,-68.974152
2018-09-17 00:05:00+00:00,-147.122803
2018-09-17 00:06:00+00:00,-175.49144
2018-09-17 00:07:00+00:00,-203.235428
2018-09-17 00:08:00+00:00,-175.953201
2018-09-17 00:09:00+00:00,-163.569504
2018-09-17 00:10:00+00:00,-198.058777
2018-09-17 00:11:00+00:00,-194.136703
2018-09-17 00:12:00+00:00,-189.680099
2018-09-17 00:13:00+00:00,-187.630234
2018-09-17 00:14:00+00:00,-156.162155
2018-09-17 00:15:00+00:00,-158.181824
2018-09-17 00:16:00+00:00,-158.611526
2018-09-17 00:17:00+00:00,-162.644363
2018-09-17 00:18:00+00:00,-166.94902
2018-09-17 00:19:00+00:00,-159.431503
2018-09-17 00:20:00+00:00,-158.930435
2018-09-17 00:21:00+00:00,-156.386948
2018-09-17 00:22:00+00:00,-153.263947
2018-09-17 00:23:00+00:00,-151.408264
2018-09-17 00:24:00+00:00,-152.567032
2018-09-17 00:25:00+00:00,-153.438217
2018-09-17 00:26:00+00:00,-149.10556
2018-09-17 00:27:00+00:00,-145.984833
2018-09-17 00:28:00+00:00,-136.40976
2018-09-17 00:29:00+00:00,-130.496948
2018-09-17 00:30:00+00:00,-132.734955
2018-09-17 00:31:00+00:00,-130.061783
2018-09-17 00:32:00+00:00,-136.220245
2018-09-17 00:33:00+00:00,-142.294998
2018-09-17 00:34:00+00:00,-119.820374
2018-09-17 00:35:00+00:00,-124.551987
2018-09-17 00:36:00+00:00,-118.237816
2018-09-17 00:37:00+00:00,-169.041367
2018-09-17 00:38:00+00:00,-206.528244
2018-09-17 00:39:00+00:00,-235.355453
2018-09-17 00:40:00+00:00,-278.959381
2018-09-17 00:41:00+00:00,-307.418091
2018-09-17 00:42:00+00:00,-288.39743
2018-09-17 00:43:00+00:00,-232.002823
2018-09-17 00:44:00+00:00,-173.654953
2018-09-17 00:45:00+00:00,-153.866592
2018-09-17 00:46:00+00:00,-211.45784
2018-09-17 00:47:00+00:00,-205.764557
2018-09-17 00:48:00+00:00,-186.722137
2018-09-17 00:49:00+00:00,-180.340286
2018-09-17 00:50:00+00:00,-181.196899
2018-09-17 00:51:00+00:00,-204.349304
2018-09-17 00:52:00+00:00,-193.801926
2018-09-17 00:53:00+00:00,-161.581238
2018-09-17 00:54:00+00:00,-149.403412
2018-09-17 00:55:00+00:00,-157.532059
2018-09-17 00:56:00+00:00,-126.305054
2018-09-17 00:57:00+00:00,-127.380463
2018-09-17 00:58:00+00:00,-118.670792
2018-09-17 00:59:00+00:00,-122.372971
2018-09-17 01:00:00+00:00,-132.348633
2018-09-17 01:01:00+00:00,-125.90303
2018-09-17 01:02:00+00:00,-133.745193
2018-09-17 01:03:00+00:00,-140.461517
2018-09-17 01:04:00+00:00,-143.861603
2018-09-17 01:05:00+00:00,-147.315903
2018-09-17 01:06:00+00:00,-148.200043
2018-09-17 01:07:00+00:00,-149.763779
2018-09-17 01:08:00+00:00,-162.29776
2018-09-17 01:09:00+00:00,-170.659286
2018-09-17 01:10:00+00:00,-160.187271
2018-09-17 01:11:00+00:00,-148.76741
2018-09-17 01:12:00+00:00,-145.605164
2018-09-17 01:13:00+00:00,-145.471451
2018-09-17 01:14:00+00:00,-152.955933
2018-09-17 01:15:00+00:00,-153.925842
2018-09-17 01:16:00+00:00,-159.058838
2018-09-17 01:17:00+00:00,-170.103104
2018-09-17 01:18:00+00:00,-182.078812
2018-09-17 01:19:00+00:00,-185.961594
2018-09-17 01:20:00+00:00,-190.17308
2018-09-17 01:21:00+00:00,-199.926727
2018-09-17 01:22:00+00:00,-205.015564
2018-09-17 01:23:00+00:00,-201.227249
2018-09-17 01:24:00+00:00,-196.103104
2018-09-17 01:25:00+00:00,-190.392197
2018-09-17 01:26:00+00:00,-191.172806
2018-09-17 01:27:00+00:00,-183.629852
2018-09-17 01:28:00+00:00,-177.751495
2018-09-17 01:29:00+00:00,-169.234177
2018-09-17 01:30:00+00:00,-171.420105
2018-09-17 01:31:00+00:00,-172.089401
2018-09-17 01:32:00+00:00,-161.254669
2018-09-17 01:33:00+00:00,-160.573242
2018-09-17 01:34:00+00:00,-173.566742
2018-09-17 01:35:00+00:00,-184.356415
2018-09-17 01:36:00+00:00,-195.334671
2018-09-17 01:37:00+00:00,-197.908447
2018-09-17 01:38:00+00:00,-205.944229
2018-09-17 01:39:00+00:00,-210.219635
2018-09-17 01:40:00+00:00,-217.859848
2018-09-17 01:41:00+00:00,-220.795319
2018-09-17 01:42:00+00:00,-216.619659
2018-09-17 01:43:00+00:00,-203.834961
2018-09-17 01:44:00+00:00,-206.370514
2018-09-17 01:45:00+00:00,-214.159058
2018-09-17 01:46:00+00:00,-208.356522
2018-09-17 01:47:00+00:00,-211.516602
2018-09-17 01:48:00+00:00,-210.12915
2018-09-17 01:49:00+00:00,-214.16452
2018-09-17 01:50:00+00:00,-219.225571
2018-09-17 01:51:00+00:00,-227.929581
2018-09-17 01:52:00+00:00,-226.989639
2018-09-17 01:53:00+00:00,-224.095184
2018-09-17 01:54:00+00:00,-223.294312
2018-09-17 01:55:00+00:00,-218.058807
2018-09-17 01:56:00+00:00,-221.789413
2018-09-17 01:57:00+00:00,-242.014328
2018-09-17 01:58:00+00:00,-261.066956
2018-09-17 01:59:00+00:00,-293.143219
2018-09-17 02:00:00+00:00,-344.242615
2018-09-17 02:01:00+00:00,-351.207123
2018-09-17 02:02:00+00:00,-344.075562
2018-09-17 02:03:00+00:00,-333.998566
2018-09-17 02:04:00+00:00,-317.964508
2018-09-17 02:05:00+00:00,-308.865265
2018-09-17 02:06:00+00:00,-305.8367
2018-09-17 02:07:00+00:00,-277.760162
2018-09-17 02:08:00+00:00,-285.729034
2018-09-17 02:09:00+00:00,-292.714508
2018-09-17 02:10:00+00:00,-320.746063
2018-09-17 02:11:00+00:00,-289.723297
2018-09-17 02:12:00+00:00,-258.450439
2018-09-17 02:13:00+00:00,-249.212402
2018-09-17 02:14:00+00:00,-259.175446
2018-09-17 02:15:00+00:00,-199.468414
2018-09-17 02:16:00+00:00,-206.663132
2018-09-17 02:17:00+00:00,-243.706741
2018-09-17 02:18:00+00:00,-318.861786
2018-09-17 02:19:00+00:00,-386.604279
2018-09-17 02:20:00+00:00,-386.104401
2018-09-17 02:21:00+00:00,-357.059113
2018-09-17 02:22:00+00:00,-341.299866
2018-09-17 02:23:00+00:00,-319.277008
2018-09-17 02:24:00+00:00,-297.475189
2018-09-17 02:25:00+00:00,-288.05249
2018-09-17 02:26:00+00:00,-305.040833
2018-09-17 02:27:00+00:00,-267.71402
2018-09-17 02:28:00+00:00,-233.628906
2018-09-17 02:29:00+00:00,-271.807922
2018-09-17 02:30:00+00:00,-470.215668
2018-09-17 02:31:00+00:00,-573.423706
2018-09-17 02:32:00+00:00,-352.709808
2018-09-17 02:33:00+00:00,-322.899506
2018-09-17 02:34:00+00:00,-280.376587
2018-09-17 02:35:00+00:00,-232.436447
2018-09-17 02:36:00+00:00,-302.573608
2018-09-17 02:37:00+00:00,-323.977692
2018-09-17 02:38:00+00:00,-366.667938
2018-09-17 02:39:00+00:00,-411.882446
2018-09-17 02:40:00+00:00,-452.084015
2018-09-17 02:41:00+00:00,-503.950806
2018-09-17 02:42:00+00:00,-575.811951
2018-09-17 02:43:00+00:00,-585.336731
2018-09-17 02:44:00+00:00,-689.187866
2018-09-17 02:45:00+00:00,-638.907227
2018-09-17 02:46:00+00:00,-478.756989
2018-09-17 02:47:00+00:00,-450.981232
2018-09-24 00:00:00+00:00,-142.70105
2018-09-24 00:01:00+00:00,-141.851822
2018-09-24 00:02:00+00:00,-150.520981
2018-09-24 00:03:00+00:00,-148.137009
2018-09-24 00:04:00+00:00,-143.240723
2018-09-24 00:05:00+00:00,-150.365128
2018-09-24 00:06:00+00:00,-158.592667
2018-09-24 00:07:00+00:00,-163.613312
2018-09-24 00:08:00+00:00,-174.837158
2018-09-24 00:09:00+00:00,-179.531937
2018-09-24 00:10:00+00:00,-180.237106
2018-09-24 00:11:00+00:00,-185.640411
2018-09-24 00:12:00+00:00,-189.483826
2018-09-24 00:13:00+00:00,-194.10408
2018-09-24 00:14:00+00:00,-192.119934
2018-09-24 00:15:00+00:00,-193.889877
2018-09-24 00:16:00+00:00,-197.041473
2018-09-24 00:17:00+00:00,-202.14386
2018-09-24 00:18:00+00:00,-213.726593
2018-09-24 00:19:00+00:00,-211.280243
2018-09-24 00:20:00+00:00,-219.600922
2018-09-24 00:21:00+00:00,-231.157425
2018-09-24 00:22:00+00:00,-235.003738
2018-09-24 00:23:00+00:00,-231.244904
2018-09-24 00:24:00+00:00,-225.72934
2018-09-24 00:25:00+00:00,-226.758606
2018-09-24 00:26:00+00:00,-232.761169
2018-09-24 00:27:00+00:00,-240.067001
2018-09-24 00:28:00+00:00,-240.209045
2018-09-24 00:29:00+00:00,-217.243057
2018-09-24 00:30:00+00:00,-218.827042
2018-09-24 00:31:00+00:00,-233.032776
2018-09-24 00:32:00+00:00,-230.652603
2018-09-24 00:33:00+00:00,-236.858154
2018-09-24 00:34:00+00:00,-256.200378
2018-09-24 00:35:00+00:00,-260.092865
2018-09-24 00:36:00+00:00,-258.910095
2018-09-24 00:37:00+00:00,-263.426636
2018-09-24 00:38:00+00:00,-246.194656
2018-09-24 00:39:00+00:00,-220.502335
2018-09-24 00:40:00+00:00,-200.127014
2018-09-24 00:41:00+00:00,-184.103882
2018-09-24 00:42:00+00:00,-165.582977
2018-09-24 00:43:00+00:00,-155.526291
2018-09-24 00:44:00+00:00,-151.857483
2018-09-24 00:45:00+00:00,-165.863831
2018-09-24 00:46:00+00:00,-203.389938
2018-09-24 00:47:00+00:00,-220.691254
2018-09-24 00:48:00+00:00,-299.357635
2018-09-24 00:49:00+00:00,-271.591217
2018-09-24 00:50:00+00:00,-290.684082
2018-09-24 00:51:00+00:00,-258.821106
2018-09-24 00:52:00+00:00,-206.125702
2018-09-24 00:53:00+00:00,-183.516418
2018-09-24 00:54:00+00:00,-198.974777
2018-09-24 00:55:00+00:00,-193.583069
2018-09-24 00:56:00+00:00,-231.565598
2018-09-24 00:57:00+00:00,-246.835419
2018-09-24 00:58:00+00:00,-164.17543
2018-09-24 00:59:00+00:00,-208.696106
2018-09-24 01:00:00+00:00,-213.120972
2018-09-24 01:01:00+00:00,-171.241776
2018-09-24 01:02:00+00:00,-162.742355
2018-09-24 01:03:00+00:00,-167.042587
2018-09-24 01:04:00+00:00,-168.228577
2018-09-24 01:05:00+00:00,-147.395844
2018-09-24 01:06:00+00:00,-148.139114
2018-09-24 01:07:00+00:00,-156.134888
2018-09-24 01:08:00+00:00,-188.55806
2018-09-24 01:09:00+00:00,-211.129089
2018-09-24 01:10:00+00:00,-237.005554
2018-09-24 01:11:00+00:00,-205.31926
2018-09-24 01:12:00+00:00,-145.839066
2018-09-24 01:13:00+00:00,-115.727982
2018-09-24 01:14:00+00:00,-102.242767
2018-09-24 01:15:00+00:00,-93.381714
2018-09-24 01:16:00+00:00,-81.535553
2018-09-24 01:17:00+00:00,-73.022476
2018-09-24 01:18:00+00:00,-72.083511
2018-09-24 01:19:00+00:00,-91.259308
2018-09-24 01:20:00+00:00,-85.208099
2018-09-24 01:21:00+00:00,-68.4758
2018-09-24 01:22:00+00:00,-72.689285
2018-09-24 01:23:00+00:00,-70.802734
2018-09-24 01:24:00+00:00,-68.875214
2018-09-24 01:25:00+00:00,-66.641235
2018-09-24 01:26:00+00:00,-54.735394
2018-09-24 01:27:00+00:00,-66.319046
2018-09-24 01:28:00+00:00,-49.754066
2018-09-24 01:29:00+00:00,-61.741882
2018-09-24 01:30:00+00:00,-63.725845
2018-09-24 01:31:00+00:00,-54.711441
2018-09-24 01:32:00+00:00,-57.694687
2018-09-24 01:33:00+00:00,-64.675629
2018-09-24 01:34:00+00:00,-72.660141
2018-09-24 01:35:00+00:00,-83.351921
2018-09-24 01:36:00+00:00,-101.296471
2018-09-24 01:37:00+00:00,-75.007889
2018-09-24 01:38:00+00:00,-74.077003
2018-09-24 01:39:00+00:00,-77.203911
2018-09-24 01:40:00+00:00,-85.305542
2018-09-24 01:41:00+00:00,-97.954086
2018-09-24 01:42:00+00:00,-114.674866
2018-09-24 01:43:00+00:00,-127.44146
2018-09-24 01:44:00+00:00,-129.398071
2018-09-24 01:45:00+00:00,-128.477737
2018-09-24 01:46:00+00:00,-119.410622
2018-09-24 01:47:00+00:00,-105.518463
2018-09-24 01:48:00+00:00,-95.5672
2018-09-24 01:49:00+00:00,-91.150139
2018-09-24 01:50:00+00:00,-95.470383
2018-09-24 01:51:00+00:00,-96.471275
2018-09-24 01:52:00+00:00,-84.457397
2018-09-24 01:53:00+00:00,-76.427261
2018-09-24 01:54:00+00:00,-75.433601
2018-09-24 01:55:00+00:00,-98.420349
2018-09-24 01:56:00+00:00,-91.405495
2018-09-24 01:57:00+00:00,-70.152443
2018-09-24 01:58:00+00:00,-80.591652
2018-09-24 01:59:00+00:00,-78.380669
2018-09-24 02:00:00+00:00,-79.373413
2018-09-24 02:01:00+00:00,-57.360474
2018-09-24 02:02:00+00:00,-45.341583
2018-09-24 02:03:00+00:00,-50.320679
2018-09-24 02:04:00+00:00,-52.309517
2018-09-24 02:05:00+00:00,-53.354755
2018-09-24 02:06:00+00:00,-60.7379
2018-09-24 02:07:00+00:00,-70.011368
2018-09-24 02:08:00+00:00,-66.85994
2018-09-24 02:09:00+00:00,-55.618675
2018-09-24 02:10:00+00:00,-44.26693
2018-09-24 02:11:00+00:00,-42.256481
2018-09-24 02:12:00+00:00,-34.242355
2018-09-24 02:13:00+00:00,-31.232403
2018-09-24 02:14:00+00:00,-37.224476
2018-09-24 02:15:00+00:00,-36.222969
2018-09-24 02:16:00+00:00,-37.215965
2018-09-24 02:17:00+00:00,-41.575535
2018-09-24 02:18:00+00:00,-45.20512
2018-09-24 02:19:00+00:00,-51.199394
2018-09-24 02:20:00+00:00,-52.194157
2018-09-24 02:21:00+00:00,-54.193222
2018-09-24 02:22:00+00:00,-51.191032
2018-09-24 02:23:00+00:00,-62.183575
2018-09-24 02:24:00+00:00,-66.176735
2018-09-24 02:25:00+00:00,-52.176411
2018-09-24 02:26:00+00:00,-59.09375
2018-09-24 02:27:00+00:00,-71.181755
2018-09-24 02:28:00+00:00,-87.177719
2018-09-24 02:29:00+00:00,-75.17646
2018-09-24 02:30:00+00:00,-58.177956
2018-09-24 02:31:00+00:00,-55.30024
2018-09-24 02:32:00+00:00,-53.488297
2018-09-24 02:33:00+00:00,-57.028625
2018-09-24 02:34:00+00:00,-59.185493
2018-09-24 02:35:00+00:00,-68.189575
2018-09-24 02:36:00+00:00,-72.188095
2018-09-24 02:37:00+00:00,-64.020897
2018-09-24 02:38:00+00:00,-63.185917
2018-09-24 02:39:00+00:00,-62.187946
2018-09-24 02:40:00+00:00,-65.240349
2018-09-24 02:41:00+00:00,-61.024151
2018-09-24 02:42:00+00:00,-59.220173
2018-09-24 02:43:00+00:00,-62.374458
2018-09-24 02:44:00+00:00,-64.319786
2018-09-24 02:45:00+00:00,-73.213898
2018-09-24 02:46:00+00:00,-72.208153
2018-09-24 02:47:00+00:00,-71.012047
2018-10-01 00:00:00+00:00,-20.728594
2018-10-01 00:01:00+00:00,-15.815292
2018-10-01 00:02:00+00:00,-16.173786
2018-10-01 00:03:00+00:00,-16.776524
2018-10-01 00:04:00+00:00,-16.573418
2018-10-01 00:05:00+00:00,-15.363923
2018-10-01 00:06:00+00:00,-15.336477
2018-10-01 00:07:00+00:00,-16.729513
2018-10-01 00:08:00+00:00,-17.823765
2018-10-01 00:09:00+00:00,-18.004383
2018-10-01 00:10:00+00:00,-20.310387
2018-10-01 00:11:00+00:00,-19.683136
2018-10-01 00:12:00+00:00,-23.635281
2018-10-01 00:13:00+00:00,-26.315699
2018-10-01 00:14:00+00:00,-25.932171
2018-10-01 00:15:00+00:00,-21.745275
2018-10-01 00:16:00+00:00,-18.918354
2018-10-01 00:17:00+00:00,-17.36347
2018-10-01 00:18:00+00:00,-16.182627
2018-10-01 00:19:00+00:00,-18.553513
2018-10-01 00:20:00+00:00,-19.51759
2018-10-01 00:21:00+00:00,-18.788977
2018-10-01 00:22:00+00:00,-18.673176
2018-10-01 00:23:00+00:00,-17.991243
2018-10-01 00:24:00+00:00,-17.660128
2018-10-01 00:25:00+00:00,-16.413671
2018-10-01 00:26:00+00:00,-15.437864
2018-10-01 00:27:00+00:00,-15.134514
2018-10-01 00:28:00+00:00,-14.666173
2018-10-01 00:29:00+00:00,-14.226864
2018-10-01 00:30:00+00:00,-13.830245
2018-10-01 00:31:00+00:00,-13.294418
2018-10-01 00:32:00+00:00,-13.062188
2018-10-01 00:33:00+00:00,-14.535842
2018-10-01 00:34:00+00:00,-15.522943
2018-10-01 00:35:00+00:00,-15.181152
2018-10-01 00:36:00+00:00,-14.431075
2018-10-01 00:37:00+00:00,-12.253117
2018-10-01 00:38:00+00:00,-10.876732
2018-10-01 00:39:00+00:00,-11.453738
2018-10-01 00:40:00+00:00,-10.994571
2018-10-01 00:41:00+00:00,-10.642387
2018-10-01 00:42:00+00:00,-10.899355
2018-10-01 00:43:00+00:00,-10.796007
2018-10-01 00:44:00+00:00,-11.29644
2018-10-01 00:45:00+00:00,-10.953009
2018-10-01 00:46:00+00:00,-11.11219
2018-10-01 00:47:00+00:00,-11.091169
2018-10-01 00:48:00+00:00,-12.345253
2018-10-01 00:49:00+00:00,-13.347803
2018-10-01 00:50:00+00:00,-13.258923
2018-10-01 00:51:00+00:00,-12.641656
2018-10-01 00:52:00+00:00,-12.148046
2018-10-01 00:53:00+00:00,-11.848484
2018-10-01 00:54:00+00:00,-11.744396
2018-10-01 00:55:00+00:00,-11.814226
2018-10-01 00:56:00+00:00,-12.084241
2018-10-01 00:57:00+00:00,-11.924582
2018-10-01 00:58:00+00:00,-12.211432
2018-10-01 00:59:00+00:00,-12.236607
2018-10-01 01:00:00+00:00,-11.909521
2018-10-01 01:01:00+00:00,-12.214891
2018-10-01 01:02:00+00:00,-12.152328
2018-10-01 01:03:00+00:00,-12.090988
2018-10-01 01:04:00+00:00,-16.578379
2018-10-01 01:05:00+00:00,-14.220905
2018-10-01 01:06:00+00:00,-15.029236
2018-10-01 01:07:00+00:00,-16.94981
2018-10-01 01:08:00+00:00,-16.433372
2018-10-01 01:09:00+00:00,-16.187395
2018-10-01 01:10:00+00:00,-16.264025
2018-10-01 01:11:00+00:00,-15.231587
2018-10-01 01:12:00+00:00,-13.863008
2018-10-01 01:13:00+00:00,-13.720267
2018-10-01 01:14:00+00:00,-13.305883
2018-10-01 01:15:00+00:00,-13.576138
2018-10-01 01:16:00+00:00,-15.400759
2018-10-01 01:17:00+00:00,-15.89788
2018-10-01 01:18:00+00:00,-15.654388
2018-10-01 01:19:00+00:00,-15.431484
2018-10-01 01:20:00+00:00,-15.266739
2018-10-01 01:21:00+00:00,-14.432994
2018-10-01 01:22:00+00:00,-14.391808
2018-10-01 01:23:00+00:00,-14.090599
2018-10-01 01:24:00+00:00,-13.990396
2018-10-01 01:25:00+00:00,-13.958176
2018-10-01 01:26:00+00:00,-13.833796
2018-10-01 01:27:00+00:00,-13.976646
2018-10-01 01:28:00+00:00,-13.636745
2018-10-01 01:29:00+00:00,-13.95624
2018-10-01 01:30:00+00:00,-13.902882
2018-10-01 01:31:00+00:00,-13.968367
2018-10-01 01:32:00+00:00,-13.91049
2018-10-01 01:33:00+00:00,-13.990953
2018-10-01 01:34:00+00:00,-13.942167
2018-10-01 01:35:00+00:00,-13.891069
2018-10-01 01:36:00+00:00,-13.728161
2018-10-01 01:37:00+00:00,-13.486897
2018-10-01 01:38:00+00:00,-13.583124
2018-10-01 01:39:00+00:00,-13.717997
2018-10-01 01:40:00+00:00,-13.77589
2018-10-01 01:41:00+00:00,-13.799335
2018-10-01 01:42:00+00:00,-13.602104
2018-10-01 01:43:00+00:00,-13.519653
2018-10-01 01:44:00+00:00,-13.504827
2018-10-01 01:45:00+00:00,-14.001043
2018-10-01 01:46:00+00:00,-13.589094
2018-10-01 01:47:00+00:00,-13.245573
2018-10-01 01:48:00+00:00,-13.270651
2018-10-01 01:49:00+00:00,-13.078375
2018-10-01 01:50:00+00:00,-13.16678
2018-10-01 01:51:00+00:00,-13.266629
2018-10-01 01:52:00+00:00,-13.290108
2018-10-01 01:53:00+00:00,-12.997406
2018-10-01 01:54:00+00:00,-13.023348
2018-10-01 01:55:00+00:00,-13.752649
2018-10-01 01:56:00+00:00,-14.606559
2018-10-01 01:57:00+00:00,-14.676877
2018-10-01 01:58:00+00:00,-14.56273
2018-10-01 01:59:00+00:00,-14.071545
2018-10-01 02:00:00+00:00,-14.038162
2018-10-01 02:01:00+00:00,-14.552495
2018-10-01 02:02:00+00:00,-15.260832
2018-10-01 02:03:00+00:00,-15.900523
2018-10-01 02:04:00+00:00,-16.009699
2018-10-01 02:05:00+00:00,-15.361353
2018-10-01 02:06:00+00:00,-13.8799
2018-10-01 02:07:00+00:00,-12.676575
2018-10-01 02:08:00+00:00,-12.397381
2018-10-01 02:09:00+00:00,-12.351345
2018-10-01 02:10:00+00:00,-12.490235
2018-10-01 02:11:00+00:00,-13.006658
2018-10-01 02:12:00+00:00,-13.778568
2018-10-01 02:13:00+00:00,-13.955914
2018-10-01 02:14:00+00:00,-13.48438
2018-10-01 02:15:00+00:00,-11.933405
2018-10-01 02:16:00+00:00,-14.186864
2018-10-01 02:17:00+00:00,-14.290738
2018-10-01 02:18:00+00:00,-11.484152
2018-10-01 02:19:00+00:00,-11.332495
2018-10-01 02:20:00+00:00,-11.242699
2018-10-01 02:21:00+00:00,-13.026422
2018-10-01 02:22:00+00:00,-14.79266
2018-10-01 02:23:00+00:00,-14.554628
2018-10-01 02:24:00+00:00,-12.704458
2018-10-01 02:25:00+00:00,-12.325335
2018-10-01 02:26:00+00:00,-13.025976
2018-10-01 02:27:00+00:00,-12.416078
2018-10-01 02:28:00+00:00,-12.003061
2018-10-01 02:29:00+00:00,-12.172713
2018-10-01 02:30:00+00:00,-12.12446
2018-10-01 02:31:00+00:00,-12.165191
2018-10-01 02:32:00+00:00,-12.697948
2018-10-01 02:33:00+00:00,-15.831347
2018-10-01 02:34:00+00:00,-15.588709
2018-10-01 02:35:00+00:00,-13.411406
2018-10-01 02:36:00+00:00,-13.245719
2018-10-01 02:37:00+00:00,-12.456213
2018-10-01 02:38:00+00:00,-14.994343
2018-10-01 02:39:00+00:00,-16.657433
2018-10-01 02:40:00+00:00,-13.510829
2018-10-01 02:41:00+00:00,-12.894369
2018-10-01 02:42:00+00:00,-13.108829
2018-10-01 02:43:00+00:00,-12.927643
2018-10-01 02:44:00+00:00,-12.169486
2018-10-01 02:45:00+00:00,-13.306787
2018-10-01 02:46:00+00:00,-12.20499
2018-10-01 02:47:00+00:00,-12.060247
2018-10-08 00:00:00+00:00,-442.021027
2018-10-08 00:01:00+00:00,-494.311371
2018-10-08 00:02:00+00:00,-496.370636
2018-10-08 00:03:00+00:00,-462.798676
2018-10-08 00:04:00+00:00,-502.581757
2018-10-08 00:05:00+00:00,-492.512177
2018-10-08 00:06:00+00:00,-552.595642
2018-10-08 00:07:00+00:00,-542.265259
2018-10-08 00:08:00+00:00,-540.758301
2018-10-08 00:09:00+00:00,-559.544312
2018-10-08 00:10:00+00:00,-549.379211
2018-10-08 00:11:00+00:00,-656.668091
2018-10-08 00:12:00+00:00,-669.313782
2018-10-08 00:13:00+00:00,-632.925537
2018-10-08 00:14:00+00:00,-722.136353
2018-10-08 00:15:00+00:00,-649.315247
2018-10-08 00:16:00+00:00,-629.178223
2018-10-08 00:17:00+00:00,-640.852783
2018-10-08 00:18:00+00:00,-682.341187
2018-10-08 00:19:00+00:00,-644.140747
2018-10-08 00:20:00+00:00,-680.476562
2018-10-08 00:21:00+00:00,-648.266235
2018-10-08 00:22:00+00:00,-666.085938
2018-10-08 00:23:00+00:00,-663.436401
2018-10-08 00:24:00+00:00,-687.314514
2018-10-08 00:25:00+00:00,-714.429565
2018-10-08 00:26:00+00:00,-739.305603
2018-10-08 00:27:00+00:00,-642.683899
2018-10-08 00:28:00+00:00,-619.189697
2018-10-08 00:29:00+00:00,-658.139648
2018-10-08 00:30:00+00:00,-749.968506
2018-10-08 00:31:00+00:00,-767.710388
2018-10-08 00:32:00+00:00,-594.092468
2018-10-08 00:33:00+00:00,-595.067261
2018-10-08 00:34:00+00:00,-554.586792
2018-10-08 00:35:00+00:00,-478.249237
2018-10-08 00:36:00+00:00,-687.224487
2018-10-08 00:37:00+00:00,-689.56012
2018-10-08 00:38:00+00:00,-670.377563
2018-10-08 00:39:00+00:00,-551.713501
2018-10-08 00:40:00+00:00,-483.405731
2018-10-08 00:41:00+00:00,-507.673492
2018-10-08 00:42:00+00:00,-491.392151
2018-10-08 00:43:00+00:00,-480.32431
2018-10-08 00:44:00+00:00,-526.25415
2018-10-08 00:45:00+00:00,-550.434021
2018-10-08 00:46:00+00:00,-484.721252
2018-10-08 00:47:00+00:00,-489.162933
2018-10-08 00:48:00+00:00,-482.575684
2018-10-08 00:49:00+00:00,-451.951935
2018-10-08 00:50:00+00:00,-439.638947
2018-10-08 00:51:00+00:00,-482.886383
2018-10-08 00:52:00+00:00,-564.669434
2018-10-08 00:53:00+00:00,-653.547424
2018-10-08 00:54:00+00:00,-633.329041
2018-10-08 00:55:00+00:00,-628.537048
2018-10-08 00:56:00+00:00,-602.229248
2018-10-08 00:57:00+00:00,-549.095215
2018-10-08 00:58:00+00:00,-491.557983
2018-10-08 00:59:00+00:00,-470.997833
2018-10-08 01:00:00+00:00,-470.964081
2018-10-08 01:01:00+00:00,-451.333374
2018-10-08 01:02:00+00:00,-436.830719
2018-10-08 01:03:00+00:00,-432.314575
2018-10-08 01:04:00+00:00,-421.584839
2018-10-08 01:05:00+00:00,-413.026306
2018-10-08 01:06:00+00:00,-398.885651
2018-10-08 01:07:00+00:00,-397.734161
2018-10-08 01:08:00+00:00,-383.405426
2018-10-08 01:09:00+00:00,-356.594788
2018-10-08 01:10:00+00:00,-356.05954
2018-10-08 01:11:00+00:00,-332.035736
2018-10-08 01:12:00+00:00,-339.018616
2018-10-08 01:13:00+00:00,-334.15564
2018-10-08 01:14:00+00:00,-319.978241
2018-10-08 01:15:00+00:00,-255.004868
2018-10-08 01:16:00+00:00,-221.12233
2018-10-08 01:17:00+00:00,-219.158768
2018-10-08 01:18:00+00:00,-292.662811
2018-10-08 01:19:00+00:00,-342.014557
2018-10-08 01:20:00+00:00,-341.441895
2018-10-08 01:21:00+00:00,-488.614105
2018-10-08 01:22:00+00:00,-403.11853
2018-10-08 01:23:00+00:00,-440.65625
2018-10-08 01:24:00+00:00,-297.132965
2018-10-08 01:25:00+00:00,-280.158203
2018-10-08 01:26:00+00:00,-273.736755
2018-10-08 01:27:00+00:00,-224.652603
2018-10-08 01:28:00+00:00,-427.86554
2018-10-08 01:29:00+00:00,-448.562775
2018-10-08 01:30:00+00:00,-423.137299
2018-10-08 01:31:00+00:00,-370.168915
2018-10-08 01:32:00+00:00,-262.957581
2018-10-08 01:33:00+00:00,-304.659607
2018-10-08 01:34:00+00:00,-318.822357
2018-10-08 01:35:00+00:00,-285.875549
2018-10-08 01:36:00+00:00,-251.789185
2018-10-08 01:37:00+00:00,-299.768829
2018-10-08 01:38:00+00:00,-289.464203
2018-10-08 01:39:00+00:00,-213.429962
2018-10-08 01:40:00+00:00,-135.666397
2018-10-08 01:41:00+00:00,-141.958572
2018-10-08 01:42:00+00:00,-140.942398
2018-10-08 01:43:00+00:00,-134.036133
2018-10-08 01:44:00+00:00,-152.255524
2018-10-08 01:45:00+00:00,-166.35495
2018-10-08 01:46:00+00:00,-237.985672
2018-10-08 01:47:00+00:00,-233.227798
2018-10-08 01:48:00+00:00,-254.166306
2018-10-08 01:49:00+00:00,-187.574661
2018-10-08 01:50:00+00:00,-157.363022
2018-10-08 01:51:00+00:00,-166.395416
2018-10-08 01:52:00+00:00,-151.455627
2018-10-08 01:53:00+00:00,-149.584412
2018-10-08 01:54:00+00:00,-138.914597
2018-10-08 01:55:00+00:00,-119.202675
2018-10-08 01:56:00+00:00,-144.398087
2018-10-08 01:57:00+00:00,-165.641403
2018-10-08 01:58:00+00:00,-173.902359
2018-10-08 01:59:00+00:00,-171.747894
2018-10-08 02:00:00+00:00,-149.065704
2018-10-08 02:01:00+00:00,-137.124695
2018-10-08 02:02:00+00:00,-132.011261
2018-10-08 02:03:00+00:00,-129.445084
2018-10-08 02:04:00+00:00,-116.352898
2018-10-08 02:05:00+00:00,-83.969955
2018-10-08 02:06:00+00:00,-84.115501
2018-10-08 02:07:00+00:00,-94.760437
2018-10-08 02:08:00+00:00,-118.313995
2018-10-08 02:09:00+00:00,-118.598969
2018-10-08 02:10:00+00:00,-97.546982
2018-10-08 02:11:00+00:00,-102.506699
2018-10-08 02:12:00+00:00,-136.384247
2018-10-08 02:13:00+00:00,-137.898712
2018-10-08 02:14:00+00:00,-124.504517
2018-10-08 02:15:00+00:00,-94.852951
2018-10-08 02:16:00+00:00,-79.635117
2018-10-08 02:17:00+00:00,-95.201454
2018-10-08 02:18:00+00:00,-119.782852
2018-10-08 02:19:00+00:00,-95.386414
2018-10-08 02:20:00+00:00,-128.168503
2018-10-08 02:21:00+00:00,-167.49115
2018-10-08 02:22:00+00:00,-150.824219
2018-10-08 02:23:00+00:00,-130.802826
2018-10-08 02:24:00+00:00,-132.509018
2018-10-08 02:25:00+00:00,-132.808472
2018-10-08 02:26:00+00:00,-94.164604
2018-10-08 02:27:00+00:00,-84.132828
2018-10-08 02:28:00+00:00,-116.056076
2018-10-08 02:29:00+00:00,-148.328476
2018-10-08 02:30:00+00:00,-139.207077
2018-10-08 02:31:00+00:00,-120.034195
2018-10-08 02:32:00+00:00,-141.424957
2018-10-08 02:33:00+00:00,-161.925583
2018-10-08 02:34:00+00:00,-176.698288
2018-10-08 02:35:00+00:00,-183.356277
2018-10-08 02:36:00+00:00,-179.923279
2018-10-08 02:37:00+00:00,-198.502106
2018-10-08 02:38:00+00:00,-233.347794
2018-10-08 02:39:00+00:00,-248.925125
2018-10-08 02:40:00+00:00,-241.151001
2018-10-08 02:41:00+00:00,-214.162064
2018-10-08 02:42:00+00:00,-194.869354
2018-10-08 02:43:00+00:00,-244.09848
2018-10-08 02:44:00+00:00,-270.455688
2018-10-08 02:45:00+00:00,-252.921234
2018-10-08 02:46:00+00:00,-215.364914
2018-10-08 02:47:00+00:00,-198.810104
2018-10-15 00:00:00+00:00,-79.245689
2018-10-15 00:01:00+00:00,-84.219749
2018-10-15 00:02:00+00:00,-81.076065
2018-10-15 00:03:00+00:00,-69.34687
2018-10-15 00:04:00+00:00,-70.618111
2018-10-15 00:05:00+00:00,-79.78334
2018-10-15 00:06:00+00:00,-86.713577
2018-10-15 00:07:00+00:00,-103.80162
2018-10-15 00:08:00+00:00,-127.904762
2018-10-15 00:09:00+00:00,-130.318008
2018-10-15 00:10:00+00:00,-132.254333
2018-10-15 00:11:00+00:00,-135.873947
2018-10-15 00:12:00+00:00,-134.688675
2018-10-15 00:13:00+00:00,-132.924362
2018-10-15 00:14:00+00:00,-136.415848
2018-10-15 00:15:00+00:00,-149.7733
2018-10-15 00:16:00+00:00,-120.784157
2018-10-15 00:17:00+00:00,-123.837685
2018-10-15 00:18:00+00:00,-134.293152
2018-10-15 00:19:00+00:00,-137.063843
2018-10-15 00:20:00+00:00,-143.172562
2018-10-15 00:21:00+00:00,-183.66127
2018-10-15 00:22:00+00:00,-161.787537
2018-10-15 00:23:00+00:00,-158.486206
2018-10-15 00:24:00+00:00,-163.87793
2018-10-15 00:25:00+00:00,-372.142883
2018-10-15 00:26:00+00:00,-528.362488
2018-10-15 00:27:00+00:00,-425.159698
2018-10-15 00:28:00+00:00,-375.384094
2018-10-15 00:29:00+00:00,-389.579407
2018-10-15 00:30:00+00:00,-382.932526
2018-10-15 00:31:00+00:00,-376.100189
2018-10-15 00:32:00+00:00,-339.490417
2018-10-15 00:33:00+00:00,-418.109833
2018-10-15 00:34:00+00:00,-412.971466
2018-10-15 00:35:00+00:00,-353.973022
2018-10-15 00:36:00+00:00,-334.579712
2018-10-15 00:37:00+00:00,-359.519348
2018-10-15 00:38:00+00:00,-359.589203
2018-10-15 00:39:00+00:00,-313.684845
2018-10-15 00:40:00+00:00,-307.303436
2018-10-15 00:41:00+00:00,-341.716217
2018-10-15 00:42:00+00:00,-421.981049
2018-10-15 00:43:00+00:00,-428.173767
2018-10-15 00:44:00+00:00,-398.550415
2018-10-15 00:45:00+00:00,-401.450623
2018-10-15 00:46:00+00:00,-375.548981
2018-10-15 00:47:00+00:00,-332.342621
2018-10-15 00:48:00+00:00,-325.236328
2018-10-15 00:49:00+00:00,-367.931274
2018-10-15 00:50:00+00:00,-363.911133
2018-10-15 00:51:00+00:00,-325.3078
2018-10-15 00:52:00+00:00,-358.855499
2018-10-15 00:53:00+00:00,-384.000122
2018-10-15 00:54:00+00:00,-383.888672
2018-10-15 00:55:00+00:00,-382.323364
2018-10-15 00:56:00+00:00,-350.875488
2018-10-15 00:57:00+00:00,-294.067047
2018-10-15 00:58:00+00:00,-275.19809
2018-10-15 00:59:00+00:00,-288.012573
2018-10-15 01:00:00+00:00,-341.113403
2018-10-15 01:01:00+00:00,-294.601776
2018-10-15 01:02:00+00:00,-272.252655
2018-10-15 01:03:00+00:00,-267.108307
2018-10-15 01:04:00+00:00,-273.309052
2018-10-15 01:05:00+00:00,-283.268921
2018-10-15 01:06:00+00:00,-281.983002
2018-10-15 01:07:00+00:00,-273.569153
2018-10-15 01:08:00+00:00,-277.147675
2018-10-15 01:09:00+00:00,-271.35083
2018-10-15 01:10:00+00:00,-260.86911
2018-10-15 01:11:00+00:00,-251.665527
2018-10-15 01:12:00+00:00,-326.629608
2018-10-15 01:13:00+00:00,-324.722473
2018-10-15 01:14:00+00:00,-261.604706
2018-10-15 01:15:00+00:00,-234.04509
2018-10-15 01:16:00+00:00,-223.110809
2018-10-15 01:17:00+00:00,-213.763321
2018-10-15 01:18:00+00:00,-204.197845
2018-10-15 01:19:00+00:00,-192.457718
2018-10-15 01:20:00+00:00,-193.088837
2018-10-15 01:21:00+00:00,-212.073715
2018-10-15 01:22:00+00:00,-202.215576
2018-10-15 01:23:00+00:00,-198.918701
2018-10-15 01:24:00+00:00,-191.263931
2018-10-15 01:25:00+00:00,-180.483704
2018-10-15 01:26:00+00:00,-179.230347
2018-10-15 01:27:00+00:00,-175.358765
2018-10-15 01:28:00+00:00,-167.696884
2018-10-15 01:29:00+00:00,-179.329849
2018-10-15 01:30:00+00:00,-151.507889
2018-10-15 01:31:00+00:00,-153.543777
2018-10-15 01:32:00+00:00,-175.318787
2018-10-15 01:33:00+00:00,-191.928375
2018-10-15 01:34:00+00:00,-193.546387
2018-10-15 01:35:00+00:00,-167.477051
2018-10-15 01:36:00+00:00,-140.952011
2018-10-15 01:37:00+00:00,-124.635612
2018-10-15 01:38:00+00:00,-119.263641
2018-10-15 01:39:00+00:00,-110.188835
2018-10-15 01:40:00+00:00,-108.544022
2018-10-15 01:41:00+00:00,-112.470146
2018-10-15 01:42:00+00:00,-112.801765
2018-10-15 01:43:00+00:00,-114.53405
2018-10-15 01:44:00+00:00,-119.685135
2018-10-15 01:45:00+00:00,-156.015274
2018-10-15 01:46:00+00:00,-194.37886
2018-10-15 01:47:00+00:00,-191.629288
2018-10-15 01:48:00+00:00,-158.117157
2018-10-15 01:49:00+00:00,-142.868973
2018-10-15 01:50:00+00:00,-125.267906
2018-10-15 01:51:00+00:00,-125.310776
2018-10-15 01:52:00+00:00,-125.736649
2018-10-15 01:53:00+00:00,-124.476646
2018-10-15 01:54:00+00:00,-129.559784
2018-10-15 01:55:00+00:00,-167.446518
2018-10-15 01:56:00+00:00,-152.566727
2018-10-15 01:57:00+00:00,-159.433655
2018-10-15 01:58:00+00:00,-185.296387
2018-10-15 01:59:00+00:00,-174.098724
2018-10-15 02:00:00+00:00,-138.297714
2018-10-15 02:01:00+00:00,-143.060242
2018-10-15 02:02:00+00:00,-156.912613
2018-10-15 02:03:00+00:00,-179.037888
2018-10-15 02:04:00+00:00,-190.80687
2018-10-15 02:05:00+00:00,-182.197113
2018-10-15 02:06:00+00:00,-164.564087
2018-10-15 02:07:00+00:00,-165.658325
2018-10-15 02:08:00+00:00,-175.759521
2018-10-15 02:09:00+00:00,-172.857956
2018-10-15 02:10:00+00:00,-152.945801
2018-10-15 02:11:00+00:00,-161.026962
2018-10-15 02:12:00+00:00,-166.119049
2018-10-15 02:13:00+00:00,-161.21228
2018-10-15 02:14:00+00:00,-150.309235
2018-10-15 02:15:00+00:00,-134.396973
2018-10-15 02:16:00+00:00,-130.481995
2018-10-15 02:17:00+00:00,-122.562347
2018-10-15 02:18:00+00:00,-111.638031
2018-10-15 02:19:00+00:00,-107.718834
2018-10-15 02:20:00+00:00,-102.874557
2018-10-15 02:21:00+00:00,-105.29287
2018-10-15 02:22:00+00:00,-105.795998
2018-10-15 02:23:00+00:00,-99.996544
2018-10-15 02:24:00+00:00,-84.355949
2018-10-15 02:25:00+00:00,-89.204376
2018-10-15 02:26:00+00:00,-86.348251
2018-10-15 02:27:00+00:00,-91.277664
2018-10-15 02:28:00+00:00,-95.431625
2018-10-15 02:29:00+00:00,-78.536057
2018-10-15 02:30:00+00:00,-84.678131
2018-10-15 02:31:00+00:00,-88.160408
2018-10-15 02:32:00+00:00,-84.729057
2018-10-15 02:33:00+00:00,-77.04615
2018-10-15 02:34:00+00:00,-76.589211
2018-10-15 02:35:00+00:00,-81.199036
2018-10-15 02:36:00+00:00,-86.608749
2018-10-15 02:37:00+00:00,-90.376465
2018-10-15 02:38:00+00:00,-91.139572
2018-10-15 02:39:00+00:00,-90.373642
2018-10-15 02:40:00+00:00,-88.513206
2018-10-15 02:41:00+00:00,-83.436172
2018-10-15 02:42:00+00:00,-83.157166
2018-10-15 02:43:00+00:00,-80.805069
2018-10-15 02:44:00+00:00,-77.880867
2018-10-15 02:45:00+00:00,-79.61174
2018-10-15 02:46:00+00:00,-93.67392
2018-10-15 02:47:00+00:00,-93.743378
2018-10-22 00:00:00+00:00,-43.681969
2018-10-22 00:01:00+00:00,-43.433701
2018-10-22 00:02:00+00:00,-42.986084
2018-10-22 00:03:00+00:00,-42.993874
2018-10-22 00:04:00+00:00,-42.275398
2018-10-22 00:05:00+00:00,-41.994034
2018-10-22 00:06:00+00:00,-43.129814
2018-10-22 00:07:00+00:00,-44.340755
2018-10-22 00:08:00+00:00,-47.218567
2018-10-22 00:09:00+00:00,-52.79353
2018-10-22 00:10:00+00:00,-52.82766
2018-10-22 00:11:00+00:00,-48.872803
2018-10-22 00:12:00+00:00,-58.430828
2018-10-22 00:13:00+00:00,-102.250771
2018-10-22 00:14:00+00:00,-72.18219
2018-10-22 00:15:00+00:00,-71.724266
2018-10-22 00:16:00+00:00,-77.053352
2018-10-22 00:17:00+00:00,-94.394058
2018-10-22 00:18:00+00:00,-93.372368
2018-10-22 00:19:00+00:00,-98.273422
2018-10-22 00:20:00+00:00,-123.828537
2018-10-22 00:21:00+00:00,-164.831131
2018-10-22 00:22:00+00:00,-159.819275
2018-10-22 00:23:00+00:00,-175.827911
2018-10-22 00:24:00+00:00,-193.824814
2018-10-22 00:25:00+00:00,-196.822693
2018-10-22 00:26:00+00:00,-177.802963
2018-10-22 00:27:00+00:00,-238.889282
2018-10-22 00:28:00+00:00,-290.157562
2018-10-22 00:29:00+00:00,-310.716217
2018-10-22 00:30:00+00:00,-354.375305
2018-10-22 00:31:00+00:00,-382.095825
2018-10-22 00:32:00+00:00,-404.723541
2018-10-22 00:33:00+00:00,-405.793549
2018-10-22 00:34:00+00:00,-371.604614
2018-10-22 00:35:00+00:00,-295.400848
2018-10-22 00:36:00+00:00,-289.735382
2018-10-22 00:37:00+00:00,-313.748932
2018-10-22 00:38:00+00:00,-344.850372
2018-10-22 00:39:00+00:00,-346.876648
2018-10-22 00:40:00+00:00,-338.802368
2018-10-22 00:41:00+00:00,-331.748596
2018-10-22 00:42:00+00:00,-328.710449
2018-10-22 00:43:00+00:00,-321.687775
2018-10-22 00:44:00+00:00,-309.690643
2018-10-22 00:45:00+00:00,-298.68866
2018-10-22 00:46:00+00:00,-296.689575
2018-10-22 00:47:00+00:00,-288.683655
2018-10-22 00:48:00+00:00,-291.662079
2018-10-22 00:49:00+00:00,-290.657104
2018-10-22 00:50:00+00:00,-292.648193
2018-10-22 00:51:00+00:00,-289.643951
2018-10-22 00:52:00+00:00,-271.639862
2018-10-22 00:53:00+00:00,-252.638657
2018-10-22 00:54:00+00:00,-250.227524
2018-10-22 00:55:00+00:00,-256.649811
2018-10-22 00:56:00+00:00,-281.622131
2018-10-22 00:57:00+00:00,-263.511383
2018-10-22 00:58:00+00:00,-265.636719
2018-10-22 00:59:00+00:00,-281.712189
2018-10-22 01:00:00+00:00,-284.055634
2018-10-22 01:01:00+00:00,-293.891357
2018-10-22 01:02:00+00:00,-286.646973
2018-10-22 01:03:00+00:00,-287.485565
2018-10-22 01:04:00+00:00,-280.924713
2018-10-22 01:05:00+00:00,-279.299438
2018-10-22 01:06:00+00:00,-271.726807
2018-10-22 01:07:00+00:00,-271.988251
2018-10-22 01:08:00+00:00,-276.819061
2018-10-22 01:09:00+00:00,-296.149597
2018-10-22 01:10:00+00:00,-338.088623
2018-10-22 01:11:00+00:00,-339.324646
2018-10-22 01:12:00+00:00,-305.542297
2018-10-22 01:13:00+00:00,-282.131744
2018-10-22 01:14:00+00:00,-287.866333
2018-10-22 01:15:00+00:00,-301.239807
2018-10-22 01:16:00+00:00,-293.27066
2018-10-22 01:17:00+00:00,-272.850555
2018-10-22 01:18:00+00:00,-255.025375
2018-10-22 01:19:00+00:00,-253.831268
2018-10-22 01:20:00+00:00,-256.582672
2018-10-22 01:21:00+00:00,-247.222595
2018-10-22 01:22:00+00:00,-243.491074
2018-10-22 01:23:00+00:00,-247.974625
2018-10-22 01:24:00+00:00,-244.297272
2018-10-22 01:25:00+00:00,-247.468796
2018-10-22 01:26:00+00:00,-239.664993
2018-10-22 01:27:00+00:00,-231.735474
2018-10-22 01:28:00+00:00,-266.007019
2018-10-22 01:29:00+00:00,-324.905731
2018-10-22 01:30:00+00:00,-241.536102
2018-10-22 01:31:00+00:00,-232.167267
2018-10-22 01:32:00+00:00,-225.565323
2018-10-22 01:33:00+00:00,-245.915543
2018-10-22 01:34:00+00:00,-286.518738
2018-10-22 01:35:00+00:00,-300.242126
2018-10-22 01:36:00+00:00,-232.642502
2018-10-22 01:37:00+00:00,-234.758713
2018-10-22 01:38:00+00:00,-229.65448
2018-10-22 01:39:00+00:00,-228.347351
2018-10-22 01:40:00+00:00,-235.682053
2018-10-22 01:41:00+00:00,-237.610718
2018-10-22 01:42:00+00:00,-240.727097
2018-10-22 01:43:00+00:00,-244.492889
2018-10-22 01:44:00+00:00,-240.745407
2018-10-22 01:45:00+00:00,-249.456131
2018-10-22 01:46:00+00:00,-247.917038
2018-10-22 01:47:00+00:00,-243.616394
2018-10-22 01:48:00+00:00,-236.446762
2018-10-22 01:49:00+00:00,-223.505798
2018-10-22 01:50:00+00:00,-208.703659
2018-10-22 01:51:00+00:00,-202.813583
2018-10-22 01:52:00+00:00,-204.602524
2018-10-22 01:53:00+00:00,-213.644516
2018-10-22 01:54:00+00:00,-220.173935
2018-10-22 01:55:00+00:00,-212.830399
2018-10-22 01:56:00+00:00,-202.558243
2018-10-22 01:57:00+00:00,-201.780319
2018-10-22 01:58:00+00:00,-206.985703
2018-10-22 01:59:00+00:00,-203.488205
2018-10-22 02:00:00+00:00,-191.226105
2018-10-22 02:01:00+00:00,-194.987579
2018-10-22 02:02:00+00:00,-197.122269
2018-10-22 02:03:00+00:00,-191.305984
2018-10-22 02:04:00+00:00,-187.103134
2018-10-22 02:05:00+00:00,-171.951233
2018-10-22 02:06:00+00:00,-148.49176
2018-10-22 02:07:00+00:00,-143.638031
2018-10-22 02:08:00+00:00,-138.759064
2018-10-22 02:09:00+00:00,-130.081253
2018-10-22 02:10:00+00:00,-129.788818
2018-10-22 02:11:00+00:00,-125.410042
2018-10-22 02:12:00+00:00,-117.459145
2018-10-22 02:13:00+00:00,-110.243202
2018-10-22 02:14:00+00:00,-104.425591
2018-10-22 02:15:00+00:00,-96.726105
2018-10-22 02:16:00+00:00,-97.51268
2018-10-22 02:17:00+00:00,-98.067856
2018-10-22 02:18:00+00:00,-89.394569
2018-10-22 02:19:00+00:00,-86.126602
2018-10-22 02:20:00+00:00,-85.636024
2018-10-22 02:21:00+00:00,-84.881134
2018-10-22 02:22:00+00:00,-81.868202
2018-10-22 02:23:00+00:00,-76.124863
2018-10-22 02:24:00+00:00,-70.258537
2018-10-22 02:25:00+00:00,-63.371758
2018-10-22 02:26:00+00:00,-59.055256
2018-10-22 02:27:00+00:00,-57.793697
2018-10-22 02:28:00+00:00,-57.856617
2018-10-22 02:29:00+00:00,-57.539429
2018-10-22 02:30:00+00:00,-52.109028
2018-10-22 02:31:00+00:00,-48.193352
2018-10-22 02:32:00+00:00,-48.064865
2018-10-22 02:33:00+00:00,-46.458916
2018-10-22 02:34:00+00:00,-42.127453
2018-10-22 02:35:00+00:00,-41.662273
2018-10-22 02:36:00+00:00,-42.665245
2018-10-22 02:37:00+00:00,-46.081059
2018-10-22 02:38:00+00:00,-50.902206
2018-10-22 02:39:00+00:00,-63.868923
2018-10-22 02:40:00+00:00,-77.923584
2018-10-22 02:41:00+00:00,-86.182808
2018-10-22 02:42:00+00:00,-81.197647
2018-10-22 02:43:00+00:00,-35.986401
2018-10-22 02:44:00+00:00,-39.354702
2018-10-22 02:45:00+00:00,-39.397865
2018-10-22 02:46:00+00:00,-44.622822
2018-10-22 02:47:00+00:00,-53.852955
2018-10-29 00:00:00+00:00,-11.42844
2018-10-29 00:01:00+00:00,-11.330592
2018-10-29 00:02:00+00:00,-11.698653
2018-10-29 00:03:00+00:00,-11.888084
2018-10-29 00:04:00+00:00,-12.406692
2018-10-29 00:05:00+00:00,-12.603098
2018-10-29 00:06:00+00:00,-15.923838
2018-10-29 00:07:00+00:00,-26.095856
2018-10-29 00:08:00+00:00,-24.435127
2018-10-29 00:09:00+00:00,-15.313765
2018-10-29 00:10:00+00:00,-13.665164
2018-10-29 00:11:00+00:00,-13.378392
2018-10-29 00:12:00+00:00,-13.206863
2018-10-29 00:13:00+00:00,-13.051198
2018-10-29 00:14:00+00:00,-12.790792
2018-10-29 00:15:00+00:00,-12.87412
2018-10-29 00:16:00+00:00,-12.817774
2018-10-29 00:17:00+00:00,-12.856121
2018-10-29 00:18:00+00:00,-12.86513
2018-10-29 00:19:00+00:00,-12.898504
2018-10-29 00:20:00+00:00,-12.774593
2018-10-29 00:21:00+00:00,-12.961394
2018-10-29 00:22:00+00:00,-13.38324
2018-10-29 00:23:00+00:00,-13.434886
2018-10-29 00:24:00+00:00,-13.000114
2018-10-29 00:25:00+00:00,-12.984188
2018-10-29 00:26:00+00:00,-13.448625
2018-10-29 00:27:00+00:00,-22.296848
2018-10-29 00:28:00+00:00,-21.112453
2018-10-29 00:29:00+00:00,-19.227242
2018-10-29 00:30:00+00:00,-17.367912
2018-10-29 00:31:00+00:00,-15.517849
2018-10-29 00:32:00+00:00,-14.277596
2018-10-29 00:33:00+00:00,-17.165674
2018-10-29 00:34:00+00:00,-23.961536
2018-10-29 00:35:00+00:00,-24.288012
2018-10-29 00:36:00+00:00,-21.838367
2018-10-29 00:37:00+00:00,-23.264921
2018-10-29 00:38:00+00:00,-24.019859
2018-10-29 00:39:00+00:00,-25.713503
2018-10-29 00:40:00+00:00,-24.765749
2018-10-29 00:41:00+00:00,-25.869736
2018-10-29 00:42:00+00:00,-25.082123
2018-10-29 00:43:00+00:00,-19.231209
2018-10-29 00:44:00+00:00,-19.446293
2018-10-29 00:45:00+00:00,-19.393047
2018-10-29 00:46:00+00:00,-22.445793
2018-10-29 00:47:00+00:00,-25.914429
2018-10-29 00:48:00+00:00,-28.622822
2018-10-29 00:49:00+00:00,-31.591312
2018-10-29 00:50:00+00:00,-27.811905
2018-10-29 00:51:00+00:00,-23.054298
2018-10-29 00:52:00+00:00,-21.864557
2018-10-29 00:53:00+00:00,-22.749096
2018-10-29 00:54:00+00:00,-26.003349
2018-10-29 00:55:00+00:00,-26.784718
2018-10-29 00:56:00+00:00,-23.631258
2018-10-29 00:57:00+00:00,-18.281221
2018-10-29 00:58:00+00:00,-16.481752
2018-10-29 00:59:00+00:00,-22.843504
2018-10-29 01:00:00+00:00,-23.857681
2018-10-29 01:01:00+00:00,-19.334337
2018-10-29 01:02:00+00:00,-16.332504
2018-10-29 01:03:00+00:00,-13.623815
2018-10-29 01:04:00+00:00,-18.22476
2018-10-29 01:05:00+00:00,-17.993835
2018-10-29 01:06:00+00:00,-16.830076
2018-10-29 01:07:00+00:00,-16.09339
2018-10-29 01:08:00+00:00,-13.99839
2018-10-29 01:09:00+00:00,-11.610821
2018-10-29 01:10:00+00:00,-11.066869
2018-10-29 01:11:00+00:00,-10.685993
2018-10-29 01:12:00+00:00,-10.395941
2018-10-29 01:13:00+00:00,-10.718356
2018-10-29 01:14:00+00:00,-10.838511
2018-10-29 01:15:00+00:00,-11.133516
2018-10-29 01:16:00+00:00,-11.540886
2018-10-29 01:17:00+00:00,-11.37704
2018-10-29 01:18:00+00:00,-11.508204
2018-10-29 01:19:00+00:00,-11.656071
2018-10-29 01:20:00+00:00,-11.692724
2018-10-29 01:21:00+00:00,-11.936705
2018-10-29 01:22:00+00:00,-12.402347
2018-10-29 01:23:00+00:00,-11.691388
2018-10-29 01:24:00+00:00,-11.389781
2018-10-29 01:25:00+00:00,-11.402812
2018-10-29 01:26:00+00:00,-12.309598
2018-10-29 01:27:00+00:00,-10.055464
2018-10-29 01:28:00+00:00,-11.007816
2018-10-29 01:29:00+00:00,-11.875251
2018-10-29 01:30:00+00:00,-11.571066
2018-10-29 01:31:00+00:00,-11.481903
2018-10-29 01:32:00+00:00,-11.211203
2018-10-29 01:33:00+00:00,-11.071466
2018-10-29 01:34:00+00:00,-11.043167
2018-10-29 01:35:00+00:00,-11.465174
2018-10-29 01:36:00+00:00,-11.297691
2018-10-29 01:37:00+00:00,-11.19259
2018-10-29 01:38:00+00:00,-11.738976
2018-10-29 01:39:00+00:00,-10.860682
2018-10-29 01:40:00+00:00,-11.243256
2018-10-29 01:41:00+00:00,-11.154279
2018-10-29 01:42:00+00:00,-11.329106
2018-10-29 01:43:00+00:00,-11.239685
2018-10-29 01:44:00+00:00,-11.177485
2018-10-29 01:45:00+00:00,-11.534371
2018-10-29 01:46:00+00:00,-11.362105
2018-10-29 01:47:00+00:00,-10.975142
2018-10-29 01:48:00+00:00,-11.084423
2018-10-29 01:49:00+00:00,-11.744637
2018-10-29 01:50:00+00:00,-11.50071
2018-10-29 01:51:00+00:00,-11.709393
2018-10-29 01:52:00+00:00,-11.63669
2018-10-29 01:53:00+00:00,-11.282902
2018-10-29 01:54:00+00:00,-11.828695
2018-10-29 01:55:00+00:00,-10.894191
2018-10-29 01:56:00+00:00,-11.255759
2018-10-29 01:57:00+00:00,-11.036448
2018-10-29 01:58:00+00:00,-11.405544
2018-10-29 01:59:00+00:00,-11.494218
2018-10-29 02:00:00+00:00,-11.280343
2018-10-29 02:01:00+00:00,-11.188783
2018-10-29 02:02:00+00:00,-12.169772
2018-10-29 02:03:00+00:00,-11.691072
2018-10-29 02:04:00+00:00,-12.211653
2018-10-29 02:05:00+00:00,-11.846734
2018-10-29 02:06:00+00:00,-11.60939
2018-10-29 02:07:00+00:00,-11.538867
2018-10-29 02:08:00+00:00,-11.905067
2018-10-29 02:09:00+00:00,-12.471649
2018-10-29 02:10:00+00:00,-10.943677
2018-10-29 02:11:00+00:00,-8.982186
2018-10-29 02:12:00+00:00,-34.190929
2018-10-29 02:13:00+00:00,-12.379638
2018-10-29 02:14:00+00:00,-11.359055
2018-10-29 02:15:00+00:00,-11.137403
2018-10-29 02:16:00+00:00,-10.565251
2018-10-29 02:17:00+00:00,-10.600596
2018-10-29 02:18:00+00:00,-10.49733
2018-10-29 02:19:00+00:00,-10.701726
2018-10-29 02:20:00+00:00,-11.026272
2018-10-29 02:21:00+00:00,-11.098347
2018-10-29 02:22:00+00:00,-11.097718
2018-10-29 02:23:00+00:00,-11.397861
2018-10-29 02:24:00+00:00,-11.476299
2018-10-29 02:25:00+00:00,-11.751966
2018-10-29 02:26:00+00:00,-11.832266
2018-10-29 02:27:00+00:00,-11.710352
2018-10-29 02:28:00+00:00,-12.275311
2018-10-29 02:29:00+00:00,-11.30068
2018-10-29 02:30:00+00:00,-12.346448
2018-10-29 02:31:00+00:00,-12.050528
2018-10-29 02:32:00+00:00,-12.387711
2018-10-29 02:33:00+00:00,-12.048395
2018-10-29 02:34:00+00:00,-11.577475
2018-10-29 02:35:00+00:00,-13.078434
2018-10-29 02:36:00+00:00,-13.12788
2018-10-29 02:37:00+00:00,-12.936769
2018-10-29 02:38:00+00:00,-13.252601
2018-10-29 02:39:00+00:00,-14.143707
2018-10-29 02:40:00+00:00,-14.081736
2018-10-29 02:41:00+00:00,-13.913337
2018-10-29 02:42:00+00:00,-13.462698
2018-10-29 02:43:00+00:00,-12.50956
2018-10-29 02:44:00+00:00,-11.839076
2018-10-29 02:45:00+00:00,-11.295441
2018-10-29 02:46:00+00:00,-10.722374
2018-10-29 02:47:00+00:00,-10.664768
2018-11-05 00:00:00+00:00,-300.963623
2018-11-05 00:01:00+00:00,-342.049072
2018-11-05 00:02:00+00:00,-295.011078
2018-11-05 00:03:00+00:00,-302.876984
2018-11-05 00:04:00+00:00,-307.723053
2018-11-05 00:05:00+00:00,-323.591217
2018-11-05 00:06:00+00:00,-316.516571
2018-11-05 00:07:00+00:00,-352.444733
2018-11-05 00:08:00+00:00,-306.43222
2018-11-05 00:09:00+00:00,-316.306213
2018-11-05 00:10:00+00:00,-330.30722
2018-11-05 00:11:00+00:00,-355.636597
2018-11-05 00:12:00+00:00,-399.833221
2018-11-05 00:13:00+00:00,-416.586182
2018-11-05 00:14:00+00:00,-434.144226
2018-11-05 00:15:00+00:00,-435.164276
2018-11-05 00:16:00+00:00,-529.243164
2018-11-05 00:17:00+00:00,-509.950836
2018-11-05 00:18:00+00:00,-466.829132
2018-11-05 00:19:00+00:00,-619.365051
2018-11-05 00:20:00+00:00,-712.464783
2018-11-05 00:21:00+00:00,-665.566711
2018-11-05 00:22:00+00:00,-590.951965
2018-11-05 00:23:00+00:00,-558.427673
2018-11-05 00:24:00+00:00,-562.478149
2018-11-05 00:25:00+00:00,-518.379395
2018-11-05 00:26:00+00:00,-537.945679
2018-11-05 00:27:00+00:00,-532.872131
2018-11-05 00:28:00+00:00,-530.98938
2018-11-05 00:29:00+00:00,-538.067017
2018-11-05 00:30:00+00:00,-558.244324
2018-11-05 00:31:00+00:00,-578.179016
2018-11-05 00:32:00+00:00,-580.584412
2018-11-05 00:33:00+00:00,-583.70166
2018-11-05 00:34:00+00:00,-578.570801
2018-11-05 00:35:00+00:00,-575.986633
2018-11-05 00:36:00+00:00,-563.672058
2018-11-05 00:37:00+00:00,-548.36377
2018-11-05 00:38:00+00:00,-539.120728
2018-11-05 00:39:00+00:00,-559.484192
2018-11-05 00:40:00+00:00,-548.289429
2018-11-05 00:41:00+00:00,-487.440186
2018-11-05 00:42:00+00:00,-475.361115
2018-11-05 00:43:00+00:00,-545.141113
2018-11-05 00:44:00+00:00,-464.643097
2018-11-05 00:45:00+00:00,-453.947784
2018-11-05 00:46:00+00:00,-445.776215
2018-11-05 00:47:00+00:00,-454.926025
2018-11-05 00:48:00+00:00,-489.28595
2018-11-05 00:49:00+00:00,-483.98291
2018-11-05 00:50:00+00:00,-390.441742
2018-11-05 00:51:00+00:00,-543.946533
2018-11-05 00:52:00+00:00,-470.042511
2018-11-05 00:53:00+00:00,-454.677948
2018-11-05 00:54:00+00:00,-418.637665
2018-11-05 00:55:00+00:00,-460.254547
2018-11-05 00:56:00+00:00,-383.21405
2018-11-05 00:57:00+00:00,-397.769867
2018-11-05 00:58:00+00:00,-457.133789
2018-11-05 00:59:00+00:00,-490.809906
2018-11-05 01:00:00+00:00,-370.543762
2018-11-05 01:01:00+00:00,-362.617645
2018-11-05 01:02:00+00:00,-354.326538
2018-11-05 01:03:00+00:00,-351.219147
2018-11-05 01:04:00+00:00,-337.406799
2018-11-05 01:05:00+00:00,-350.592987
2018-11-05 01:06:00+00:00,-351.259186
2018-11-05 01:07:00+00:00,-350.2612
2018-11-05 01:08:00+00:00,-379.382202
2018-11-05 01:09:00+00:00,-399.644562
2018-11-05 01:10:00+00:00,-376.616516
2018-11-05 01:11:00+00:00,-373.650574
2018-11-05 01:12:00+00:00,-368.944855
2018-11-05 01:13:00+00:00,-345.721375
2018-11-05 01:14:00+00:00,-307.338593
2018-11-05 01:15:00+00:00,-304.040924
2018-11-05 01:16:00+00:00,-305.578308
2018-11-05 01:17:00+00:00,-297.919373
2018-11-05 01:18:00+00:00,-276.576752
2018-11-05 01:19:00+00:00,-263.056213
2018-11-05 01:20:00+00:00,-258.109924
2018-11-05 01:21:00+00:00,-265.011902
2018-11-05 01:22:00+00:00,-266.586884
2018-11-05 01:23:00+00:00,-269.726746
2018-11-05 01:24:00+00:00,-243.823959
2018-11-05 01:25:00+00:00,-227.490723
2018-11-05 01:26:00+00:00,-219.04921
2018-11-05 01:27:00+00:00,-192.367508
2018-11-05 01:28:00+00:00,-185.8974
2018-11-05 01:29:00+00:00,-171.922516
2018-11-05 01:30:00+00:00,-161.212036
2018-11-05 01:31:00+00:00,-166.673737
2018-11-05 01:32:00+00:00,-160.840057
2018-11-05 01:33:00+00:00,-152.342987
2018-11-05 01:34:00+00:00,-163.002731
2018-11-05 01:35:00+00:00,-167.60141
2018-11-05 01:36:00+00:00,-162.439651
2018-11-05 01:37:00+00:00,-146.442688
2018-11-05 01:38:00+00:00,-123.330116
2018-11-05 01:39:00+00:00,-125.987213
2018-11-05 01:40:00+00:00,-133.255295
2018-11-05 01:41:00+00:00,-125.523949
2018-11-05 01:42:00+00:00,-115.952538
2018-11-05 01:43:00+00:00,-103.298645
2018-11-05 01:44:00+00:00,-102.477341
2018-11-05 01:45:00+00:00,-101.491562
2018-11-05 01:46:00+00:00,-99.894012
2018-11-05 01:47:00+00:00,-83.253036
2018-11-05 01:48:00+00:00,-75.067642
2018-11-05 01:49:00+00:00,-72.966454
2018-11-05 01:50:00+00:00,-61.776512
2018-11-05 01:51:00+00:00,-58.415573
2018-11-05 01:52:00+00:00,-52.978458
2018-11-05 01:53:00+00:00,-58.316372
2018-11-05 01:54:00+00:00,-63.834496
2018-11-05 01:55:00+00:00,-59.693138
2018-11-05 01:56:00+00:00,-39.334442
2018-11-05 01:57:00+00:00,-35.052383
2018-11-05 01:58:00+00:00,-53.45652
2018-11-05 01:59:00+00:00,-35.631603
2018-11-05 02:00:00+00:00,-30.589535
2018-11-05 02:01:00+00:00,-37.549679
2018-11-05 02:02:00+00:00,-44.033669
2018-11-05 02:03:00+00:00,-54.433842
2018-11-05 02:04:00+00:00,-71.486511
2018-11-05 02:05:00+00:00,-84.748299
2018-11-05 02:06:00+00:00,-92.396721
2018-11-05 02:07:00+00:00,-98.149918
2018-11-05 02:08:00+00:00,-84.330482
2018-11-05 02:09:00+00:00,-60.766525
2018-11-05 02:10:00+00:00,-55.275597
2018-11-05 02:11:00+00:00,-59.565495
2018-11-05 02:12:00+00:00,-78.034027
2018-11-05 02:13:00+00:00,-95.094704
2018-11-05 02:14:00+00:00,-107.027802
2018-11-05 02:15:00+00:00,-95.433517
2018-11-05 02:16:00+00:00,-91.001297
2018-11-05 02:17:00+00:00,-62.885418
2018-11-05 02:18:00+00:00,-51.334
2018-11-05 02:19:00+00:00,-62.002995
2018-11-05 02:20:00+00:00,-74.212982
2018-11-05 02:21:00+00:00,-71.597969
2018-11-05 02:22:00+00:00,-64.477562
2018-11-05 02:23:00+00:00,-51.843315
2018-11-05 02:24:00+00:00,-37.88871
2018-11-05 02:25:00+00:00,-32.667797
2018-11-05 02:26:00+00:00,-28.729942
2018-11-05 02:27:00+00:00,-35.818417
2018-11-05 02:28:00+00:00,-41.692085
2018-11-05 02:29:00+00:00,-35.512581
2018-11-05 02:30:00+00:00,-21.949432
2018-11-05 02:31:00+00:00,-26.823114
2018-11-05 02:32:00+00:00,-24.604769
2018-11-05 02:33:00+00:00,-33.65316
2018-11-05 02:34:00+00:00,-31.333155
2018-11-05 02:35:00+00:00,-33.177952
2018-11-05 02:36:00+00:00,-33.579781
2018-11-05 02:37:00+00:00,-30.905022
2018-11-05 02:38:00+00:00,-23.35442
2018-11-05 02:39:00+00:00,-23.057503
2018-11-05 02:40:00+00:00,-23.562292
2018-11-05 02:41:00+00:00,-21.984993
2018-11-05 02:42:00+00:00,-36.58424
2018-11-05 02:43:00+00:00,-38.40416
2018-11-05 02:44:00+00:00,-25.946115
2018-11-05 02:45:00+00:00,-26.424822
2018-11-05 02:46:00+00:00,-31.463165
2018-11-05 02:47:00+00:00,-28.772633
2018-11-12 00:00:00+00:00,-15.318457
2018-11-12 00:01:00+00:00,-14.155266
2018-11-12 00:02:00+00:00,-14.990475
2018-11-12 00:03:00+00:00,-13.796791
2018-11-12 00:04:00+00:00,-11.83942
2018-11-12 00:05:00+00:00,-11.808455
2018-11-12 00:06:00+00:00,-13.103765
2018-11-12 00:07:00+00:00,-12.362077
2018-11-12 00:08:00+00:00,-15.047291
2018-11-12 00:09:00+00:00,-15.714132
2018-11-12 00:10:00+00:00,-14.167324
2018-11-12 00:11:00+00:00,-14.371749
2018-11-12 00:12:00+00:00,-11.473926
2018-11-12 00:13:00+00:00,-10.447353
2018-11-12 00:14:00+00:00,-12.785286
2018-11-12 00:15:00+00:00,-16.758614
2018-11-12 00:16:00+00:00,-25.882553
2018-11-12 00:17:00+00:00,-29.190384
2018-11-12 00:18:00+00:00,-19.178833
2018-11-12 00:19:00+00:00,-11.796762
2018-11-12 00:20:00+00:00,-10.484906
2018-11-12 00:21:00+00:00,-12.180202
2018-11-12 00:22:00+00:00,-15.910776
2018-11-12 00:23:00+00:00,-23.341412
2018-11-12 00:24:00+00:00,-17.931686
2018-11-12 00:25:00+00:00,-12.67965
2018-11-12 00:26:00+00:00,-11.134476
2018-11-12 00:27:00+00:00,-10.948207
2018-11-12 00:28:00+00:00,-11.842637
2018-11-12 00:29:00+00:00,-15.385962
2018-11-12 00:30:00+00:00,-17.953386
2018-11-12 00:31:00+00:00,-18.576839
2018-11-12 00:32:00+00:00,-18.896606
2018-11-12 00:33:00+00:00,-17.889721
2018-11-12 00:34:00+00:00,-17.883205
2018-11-12 00:35:00+00:00,-18.874949
2018-11-12 00:36:00+00:00,-17.039377
2018-11-12 00:37:00+00:00,-19.380741
2018-11-12 00:38:00+00:00,-18.471588
2018-11-12 00:39:00+00:00,-16.123117
2018-11-12 00:40:00+00:00,-16.794779
2018-11-12 00:41:00+00:00,-19.167257
2018-11-12 00:42:00+00:00,-19.284523
2018-11-12 00:43:00+00:00,-19.820843
2018-11-12 00:44:00+00:00,-25.139557
2018-11-12 00:45:00+00:00,-23.545078
2018-11-12 00:46:00+00:00,-16.828274
2018-11-12 00:47:00+00:00,-12.928594
2018-11-12 00:48:00+00:00,-12.573643
2018-11-12 00:49:00+00:00,-19.15678
2018-11-12 00:50:00+00:00,-25.335146
2018-11-12 00:51:00+00:00,-14.865652
2018-11-12 00:52:00+00:00,-15.450583
2018-11-12 00:53:00+00:00,-19.778599
2018-11-12 00:54:00+00:00,-18.585608
2018-11-12 00:55:00+00:00,-17.996006
2018-11-12 00:56:00+00:00,-15.952828
2018-11-12 00:57:00+00:00,-10.899764
2018-11-12 00:58:00+00:00,-10.228323
2018-11-12 00:59:00+00:00,-10.435671
2018-11-12 01:00:00+00:00,-14.460878
2018-11-12 01:01:00+00:00,-16.129845
2018-11-12 01:02:00+00:00,-18.385336
2018-11-12 01:03:00+00:00,-23.602299
2018-11-12 01:04:00+00:00,-28.932049
2018-11-12 01:05:00+00:00,-30.967789
2018-11-12 01:06:00+00:00,-33.164597
2018-11-12 01:07:00+00:00,-35.741615
2018-11-12 01:08:00+00:00,-40.365776
2018-11-12 01:09:00+00:00,-42.878834
2018-11-12 01:10:00+00:00,-42.274868
2018-11-12 01:11:00+00:00,-42.100708
2018-11-12 01:12:00+00:00,-40.247902
2018-11-12 01:13:00+00:00,-42.213245
2018-11-12 01:14:00+00:00,-69.072166
2018-11-12 01:15:00+00:00,-38.475311
2018-11-12 01:16:00+00:00,-29.692577
2018-11-12 01:17:00+00:00,-26.08152
2018-11-12 01:18:00+00:00,-24.183598
2018-11-12 01:19:00+00:00,-40.176994
2018-11-12 01:20:00+00:00,-40.205551
2018-11-12 01:21:00+00:00,-40.477028
2018-11-12 01:22:00+00:00,-47.858002
2018-11-12 01:23:00+00:00,-27.154705
2018-11-12 01:24:00+00:00,-21.383068
2018-11-12 01:25:00+00:00,-21.377941
2018-11-12 01:26:00+00:00,-25.372227
2018-11-12 01:27:00+00:00,-40.462723
2018-11-12 01:28:00+00:00,-29.714457
2018-11-12 01:29:00+00:00,-25.281837
2018-11-12 01:30:00+00:00,-16.348324
2018-11-12 01:31:00+00:00,-24.435572
2018-11-12 01:32:00+00:00,-29.047215
2018-11-12 01:33:00+00:00,-45.638046
2018-11-12 01:34:00+00:00,-66.742096
2018-11-12 01:35:00+00:00,-22.951769
2018-11-12 01:36:00+00:00,-25.882143
2018-11-12 01:37:00+00:00,-57.383968
2018-11-12 01:38:00+00:00,-80.523689
2018-11-12 01:39:00+00:00,-21.742725
2018-11-12 01:40:00+00:00,-35.778885
2018-11-12 01:41:00+00:00,-35.811749
2018-11-12 01:42:00+00:00,-47.624802
2018-11-12 01:43:00+00:00,-32.827267
2018-11-12 01:44:00+00:00,-18.208542
2018-11-12 01:45:00+00:00,-14.503159
2018-11-12 01:46:00+00:00,-14.101459
2018-11-12 01:47:00+00:00,-16.04034
2018-11-12 01:48:00+00:00,-20.52556
2018-11-12 01:49:00+00:00,-28.529095
2018-11-12 01:50:00+00:00,-30.531803
2018-11-12 01:51:00+00:00,-31.542025
2018-11-12 01:52:00+00:00,-31.537218
2018-11-12 01:53:00+00:00,-32.703396
2018-11-12 01:54:00+00:00,-61.728374
2018-11-12 01:55:00+00:00,-62.420734
2018-11-12 01:56:00+00:00,-71.81855
2018-11-12 01:57:00+00:00,-109.385674
2018-11-12 01:58:00+00:00,-129.690491
2018-11-12 01:59:00+00:00,-151.330566
2018-11-12 02:00:00+00:00,-203.985611
2018-11-12 02:01:00+00:00,-220.305054
2018-11-12 02:02:00+00:00,-245.885574
2018-11-12 02:03:00+00:00,-232.550415
2018-11-12 02:04:00+00:00,-306.176605
2018-11-12 02:05:00+00:00,-311.691864
2018-11-12 02:06:00+00:00,-224.636673
2018-11-12 02:07:00+00:00,-218.43103
2018-11-12 02:08:00+00:00,-202.65242
2018-11-12 02:09:00+00:00,-186.834183
2018-11-12 02:10:00+00:00,-184.254639
2018-11-12 02:11:00+00:00,-192.267334
2018-11-12 02:12:00+00:00,-194.452347
2018-11-12 02:13:00+00:00,-168.453003
2018-11-12 02:14:00+00:00,-163.006104
2018-11-12 02:15:00+00:00,-141.632935
2018-11-12 02:16:00+00:00,-114.038574
2018-11-12 02:17:00+00:00,-105.809952
2018-11-12 02:18:00+00:00,-109.913872
2018-11-12 02:19:00+00:00,-118.465897
2018-11-12 02:20:00+00:00,-115.558823
2018-11-12 02:21:00+00:00,-108.822556
2018-11-12 02:22:00+00:00,-107.324173
2018-11-12 02:23:00+00:00,-87.733162
2018-11-12 02:24:00+00:00,-73.841873
2018-11-12 02:25:00+00:00,-66.068153
2018-11-12 02:26:00+00:00,-51.017437
2018-11-12 02:27:00+00:00,-56.068726
2018-11-12 02:28:00+00:00,-73.714951
2018-11-12 02:29:00+00:00,-70.728516
2018-11-12 02:30:00+00:00,-61.43483
2018-11-12 02:31:00+00:00,-78.199509
2018-11-12 02:32:00+00:00,-86.435051
2018-11-12 02:33:00+00:00,-94.361237
2018-11-12 02:34:00+00:00,-93.423416
2018-11-12 02:35:00+00:00,-98.836899
2018-11-12 02:36:00+00:00,-161.055939
2018-11-12 02:37:00+00:00,-203.277588
2018-11-12 02:38:00+00:00,-319.978058
2018-11-12 02:39:00+00:00,-326.962646
2018-11-12 02:40:00+00:00,-302.211853
2018-11-12 02:41:00+00:00,-258.334045
2018-11-12 02:42:00+00:00,-250.423996
2018-11-12 02:43:00+00:00,-262.095886
2018-11-12 02:44:00+00:00,-290.965912
2018-11-12 02:45:00+00:00,-295.489197
2018-11-12 02:46:00+00:00,-268.756653
2018-11-12 02:47:00+00:00,-284.843384
2018-11-19 00:00:00+00:00,-50.932686
2018-11-19 00:01:00+00:00,-52.896317
2018-11-19 00:02:00+00:00,-54.712376
2018-11-19 00:03:00+00:00,-49.075211
2018-11-19 00:04:00+00:00,-47.087273
2018-11-19 00:05:00+00:00,-45.23156
2018-11-19 00:06:00+00:00,-41.387135
2018-11-19 00:07:00+00:00,-52.564148
2018-11-19 00:08:00+00:00,-55.23917
2018-11-19 00:09:00+00:00,-63.489365
2018-11-19 00:10:00+00:00,-74.928024
2018-11-19 00:11:00+00:00,-92.307678
2018-11-19 00:12:00+00:00,-109.957222
2018-11-19 00:13:00+00:00,-157.902557
2018-11-19 00:14:00+00:00,-114.084305
2018-11-19 00:15:00+00:00,-100.847633
2018-11-19 00:16:00+00:00,-94.836136
2018-11-19 00:17:00+00:00,-92.70121
2018-11-19 00:18:00+00:00,-96.169464
2018-11-19 00:19:00+00:00,-97.724487
2018-11-19 00:20:00+00:00,-95.687447
2018-11-19 00:21:00+00:00,-103.577019
2018-11-19 00:22:00+00:00,-99.751884
2018-11-19 00:23:00+00:00,-98.617332
2018-11-19 00:24:00+00:00,-101.007362
2018-11-19 00:25:00+00:00,-101.055771
2018-11-19 00:26:00+00:00,-128.636078
2018-11-19 00:27:00+00:00,-120.212379
2018-11-19 00:28:00+00:00,-134.151794
2018-11-19 00:29:00+00:00,-137.636459
2018-11-19 00:30:00+00:00,-124.885872
2018-11-19 00:31:00+00:00,-137.424088
2018-11-19 00:32:00+00:00,-143.829041
2018-11-19 00:33:00+00:00,-142.606979
2018-11-19 00:34:00+00:00,-148.64563
2018-11-19 00:35:00+00:00,-143.864304
2018-11-19 00:36:00+00:00,-139.280151
2018-11-19 00:37:00+00:00,-138.718994
2018-11-19 00:38:00+00:00,-141.718689
2018-11-19 00:39:00+00:00,-131.821976
2018-11-19 00:40:00+00:00,-134.082596
2018-11-19 00:41:00+00:00,-134.252991
2018-11-19 00:42:00+00:00,-173.686264
2018-11-19 00:43:00+00:00,-164.543274
2018-11-19 00:44:00+00:00,-153.733932
2018-11-19 00:45:00+00:00,-196.355057
2018-11-19 00:46:00+00:00,-180.075577
2018-11-19 00:47:00+00:00,-166.597641
2018-11-19 00:48:00+00:00,-173.490616
2018-11-19 00:49:00+00:00,-179.764236
2018-11-19 00:50:00+00:00,-167.974487
2018-11-19 00:51:00+00:00,-163.394226
2018-11-19 00:52:00+00:00,-148.87236
2018-11-19 00:53:00+00:00,-135.965561
2018-11-19 00:54:00+00:00,-142.566879
2018-11-19 00:55:00+00:00,-146.639709
2018-11-19 00:56:00+00:00,-151.520432
2018-11-19 00:57:00+00:00,-149.037811
2018-11-19 00:58:00+00:00,-151.04303
2018-11-19 00:59:00+00:00,-152.062164
2018-11-19 01:00:00+00:00,-152.149017
2018-11-19 01:01:00+00:00,-153.694977
2018-11-19 01:02:00+00:00,-157.770142
2018-11-19 01:03:00+00:00,-164.808151
2018-11-19 01:04:00+00:00,-163.420364
2018-11-19 01:05:00+00:00,-164.515091
2018-11-19 01:06:00+00:00,-165.762115
2018-11-19 01:07:00+00:00,-157.31192
2018-11-19 01:08:00+00:00,-152.890152
2018-11-19 01:09:00+00:00,-148.37767
2018-11-19 01:10:00+00:00,-144.437607
2018-11-19 01:11:00+00:00,-157.679977
2018-11-19 01:12:00+00:00,-166.521011
2018-11-19 01:13:00+00:00,-167.375397
2018-11-19 01:14:00+00:00,-165.040344
2018-11-19 01:15:00+00:00,-164.259857
2018-11-19 01:16:00+00:00,-164.05542
2018-11-19 01:17:00+00:00,-159.086212
2018-11-19 01:18:00+00:00,-154.451859
2018-11-19 01:19:00+00:00,-154.916061
2018-11-19 01:20:00+00:00,-159.162445
2018-11-19 01:21:00+00:00,-158.379471
2018-11-19 01:22:00+00:00,-151.588638
2018-11-19 01:23:00+00:00,-151.161041
2018-11-19 01:24:00+00:00,-156.635254
2018-11-19 01:25:00+00:00,-216.899658
2018-11-19 01:26:00+00:00,-221.200882
2018-11-19 01:27:00+00:00,-200.673767
2018-11-19 01:28:00+00:00,-165.277771
2018-11-19 01:29:00+00:00,-173.67807
2018-11-19 01:30:00+00:00,-163.24527
2018-11-19 01:31:00+00:00,-162.331512
2018-11-19 01:32:00+00:00,-155.770416
2018-11-19 01:33:00+00:00,-158.267105
2018-11-19 01:34:00+00:00,-193.251328
2018-11-19 01:35:00+00:00,-218.192383
2018-11-19 01:36:00+00:00,-204.873444
2018-11-19 01:37:00+00:00,-172.950531
2018-11-19 01:38:00+00:00,-165.66832
2018-11-19 01:39:00+00:00,-170.106262
2018-11-19 01:40:00+00:00,-175.076004
2018-11-19 01:41:00+00:00,-137.530807
2018-11-19 01:42:00+00:00,-130.994522
2018-11-19 01:43:00+00:00,-130.152176
2018-11-19 01:44:00+00:00,-138.751892
2018-11-19 01:45:00+00:00,-144.971619
2018-11-19 01:46:00+00:00,-145.674347
2018-11-19 01:47:00+00:00,-159.206955
2018-11-19 01:48:00+00:00,-177.553802
2018-11-19 01:49:00+00:00,-138.727631
2018-11-19 01:50:00+00:00,-149.932632
2018-11-19 01:51:00+00:00,-146.500076
2018-11-19 01:52:00+00:00,-152.729828
2018-11-19 01:53:00+00:00,-137.745361
2018-11-19 01:54:00+00:00,-132.100861
2018-11-19 01:55:00+00:00,-135.059509
2018-11-19 01:56:00+00:00,-131.523621
2018-11-19 01:57:00+00:00,-123.189445
2018-11-19 01:58:00+00:00,-120.397812
2018-11-19 01:59:00+00:00,-123.43676
2018-11-19 02:00:00+00:00,-118.178337
2018-11-19 02:01:00+00:00,-115.164574
2018-11-19 02:02:00+00:00,-113.625984
2018-11-19 02:03:00+00:00,-112.806725
2018-11-19 02:04:00+00:00,-110.417747
2018-11-19 02:05:00+00:00,-110.656456
2018-11-19 02:06:00+00:00,-107.633957
2018-11-19 02:07:00+00:00,-105.690224
2018-11-19 02:08:00+00:00,-103.957092
2018-11-19 02:09:00+00:00,-99.724625
2018-11-19 02:10:00+00:00,-91.447914
2018-11-19 02:11:00+00:00,-85.76564
2018-11-19 02:12:00+00:00,-83.325272
2018-11-19 02:13:00+00:00,-80.791199
2018-11-19 02:14:00+00:00,-79.861092
2018-11-19 02:15:00+00:00,-75.606537
2018-11-19 02:16:00+00:00,-71.852737
2018-11-19 02:17:00+00:00,-67.403419
2018-11-19 02:18:00+00:00,-65.603325
2018-11-19 02:19:00+00:00,-65.858711
2018-11-19 02:20:00+00:00,-69.585098
2018-11-19 02:21:00+00:00,-73.959335
2018-11-19 02:22:00+00:00,-76.274841
2018-11-19 02:23:00+00:00,-75.487686
2018-11-19 02:24:00+00:00,-72.679909
2018-11-19 02:25:00+00:00,-70.203094
2018-11-19 02:26:00+00:00,-70.577759
2018-11-19 02:27:00+00:00,-71.895714
2018-11-19 02:28:00+00:00,-73.184975
2018-11-19 02:29:00+00:00,-73.746017
2018-11-19 02:30:00+00:00,-71.021881
2018-11-19 02:31:00+00:00,-69.346642
2018-11-19 02:32:00+00:00,-68.336479
2018-11-19 02:33:00+00:00,-65.661186
2018-11-19 02:34:00+00:00,-64.754066
2018-11-19 02:35:00+00:00,-68.832397
2018-11-19 02:36:00+00:00,-68.641266
2018-11-19 02:37:00+00:00,-71.707565
2018-11-19 02:38:00+00:00,-91.89753
2018-11-19 02:39:00+00:00,-88.381554
2018-11-19 02:40:00+00:00,-94.195374
2018-11-19 02:41:00+00:00,-99.792725
2018-11-19 02:42:00+00:00,-85.034546
2018-11-19 02:43:00+00:00,-72.91864
2018-11-19 02:44:00+00:00,-78.605812
2018-11-19 02:45:00+00:00,-70.689522
2018-11-19 02:46:00+00:00,-55.853493
2018-11-19 02:47:00+00:00,-55.494118
2018-11-26 00:00:00+00:00,-190.932297
2018-11-26 00:01:00+00:00,-172.312134
2018-11-26 00:02:00+00:00,-126.797012
2018-11-26 00:03:00+00:00,-118.841072
2018-11-26 00:04:00+00:00,-120.479309
2018-11-26 00:05:00+00:00,-97.522003
2018-11-26 00:06:00+00:00,-76.760735
2018-11-26 00:07:00+00:00,-96.899857
2018-11-26 00:08:00+00:00,-118.422745
2018-11-26 00:09:00+00:00,-97.591896
2018-11-26 00:10:00+00:00,-85.306267
2018-11-26 00:11:00+00:00,-75.567879
2018-11-26 00:12:00+00:00,-57.129726
2018-11-26 00:13:00+00:00,-47.223648
2018-11-26 00:14:00+00:00,-55.226246
2018-11-26 00:15:00+00:00,-52.816315
2018-11-26 00:16:00+00:00,-50.899143
2018-11-26 00:17:00+00:00,-50.276497
2018-11-26 00:18:00+00:00,-57.524555
2018-11-26 00:19:00+00:00,-60.532974
2018-11-26 00:20:00+00:00,-64.568802
2018-11-26 00:21:00+00:00,-71.05793
2018-11-26 00:22:00+00:00,-71.139481
2018-11-26 00:23:00+00:00,-58.199211
2018-11-26 00:24:00+00:00,-50.573193
2018-11-26 00:25:00+00:00,-56.175102
2018-11-26 00:26:00+00:00,-55.06004
2018-11-26 00:27:00+00:00,-53.736927
2018-11-26 00:28:00+00:00,-60.472679
2018-11-26 00:29:00+00:00,-58.326408
2018-11-26 00:30:00+00:00,-55.3745
2018-11-26 00:31:00+00:00,-60.803253
2018-11-26 00:32:00+00:00,-63.116375
2018-11-26 00:33:00+00:00,-74.212021
2018-11-26 00:34:00+00:00,-70.38015
2018-11-26 00:35:00+00:00,-64.261826
2018-11-26 00:36:00+00:00,-52.181896
2018-11-26 00:37:00+00:00,-44.276836
2018-11-26 00:38:00+00:00,-40.451778
2018-11-26 00:39:00+00:00,-39.75185
2018-11-26 00:40:00+00:00,-38.689632
2018-11-26 00:41:00+00:00,-42.684834
2018-11-26 00:42:00+00:00,-34.719852
2018-11-26 00:43:00+00:00,-34.601925
2018-11-26 00:44:00+00:00,-34.58054
2018-11-26 00:45:00+00:00,-34.971451
2018-11-26 00:46:00+00:00,-39.98138
2018-11-26 00:47:00+00:00,-47.601921
2018-11-26 00:48:00+00:00,-52.389565
2018-11-26 00:49:00+00:00,-47.82542
2018-11-26 00:50:00+00:00,-49.881458
2018-11-26 00:51:00+00:00,-44.123718
2018-11-26 00:52:00+00:00,-48.149311
2018-11-26 00:53:00+00:00,-33.706638
2018-11-26 00:54:00+00:00,-31.597511
2018-11-26 00:55:00+00:00,-35.534325
2018-11-26 00:56:00+00:00,-30.059231
2018-11-26 00:57:00+00:00,-34.988586
2018-11-26 00:58:00+00:00,-33.010712
2018-11-26 00:59:00+00:00,-32.177616
2018-11-26 01:00:00+00:00,-24.940706
2018-11-26 01:01:00+00:00,-37.287983
2018-11-26 01:02:00+00:00,-53.987747
2018-11-26 01:03:00+00:00,-63.201164
2018-11-26 01:04:00+00:00,-77.167511
2018-11-26 01:05:00+00:00,-61.097034
2018-11-26 01:06:00+00:00,-54.150398
2018-11-26 01:07:00+00:00,-54.580803
2018-11-26 01:08:00+00:00,-58.095314
2018-11-26 01:09:00+00:00,-52.083599
2018-11-26 01:10:00+00:00,-40.040272
2018-11-26 01:11:00+00:00,-29.777496
2018-11-26 01:12:00+00:00,-25.139364
2018-11-26 01:13:00+00:00,-23.888395
2018-11-26 01:14:00+00:00,-24.180338
2018-11-26 01:15:00+00:00,-24.165482
2018-11-26 01:16:00+00:00,-23.8829
2018-11-26 01:17:00+00:00,-39.885201
2018-11-26 01:18:00+00:00,-44.160892
2018-11-26 01:19:00+00:00,-41.367764
2018-11-26 01:20:00+00:00,-30.011257
2018-11-26 01:21:00+00:00,-26.53867
2018-11-26 01:22:00+00:00,-31.090031
2018-11-26 01:23:00+00:00,-28.440762
2018-11-26 01:24:00+00:00,-28.554754
2018-11-26 01:25:00+00:00,-52.981842
2018-11-26 01:26:00+00:00,-71.312874
2018-11-26 01:27:00+00:00,-86.740265
2018-11-26 01:28:00+00:00,-73.571182
2018-11-26 01:29:00+00:00,-56.457989
2018-11-26 01:30:00+00:00,-37.25666
2018-11-26 01:31:00+00:00,-38.197498
2018-11-26 01:32:00+00:00,-36.958076
2018-11-26 01:33:00+00:00,-41.235668
2018-11-26 01:34:00+00:00,-34.270515
2018-11-26 01:35:00+00:00,-34.542091
2018-11-26 01:36:00+00:00,-76.338242
2018-11-26 01:37:00+00:00,-116.855293
2018-11-26 01:38:00+00:00,-98.490768
2018-11-26 01:39:00+00:00,-68.354118
2018-11-26 01:40:00+00:00,-57.671959
2018-11-26 01:41:00+00:00,-52.444363
2018-11-26 01:42:00+00:00,-49.944839
2018-11-26 01:43:00+00:00,-49.184063
2018-11-26 01:44:00+00:00,-42.562775
2018-11-26 01:45:00+00:00,-39.358238
2018-11-26 01:46:00+00:00,-37.168171
2018-11-26 01:47:00+00:00,-35.312958
2018-11-26 01:48:00+00:00,-38.632511
2018-11-26 01:49:00+00:00,-38.67963
2018-11-26 01:50:00+00:00,-41.530609
2018-11-26 01:51:00+00:00,-51.208878
2018-11-26 01:52:00+00:00,-86.792648
2018-11-26 01:53:00+00:00,-89.56324
2018-11-26 01:54:00+00:00,-99.168182
2018-11-26 01:55:00+00:00,-98.789185
2018-11-26 01:56:00+00:00,-93.41069
2018-11-26 01:57:00+00:00,-87.532753
2018-11-26 01:58:00+00:00,-85.926353
2018-11-26 01:59:00+00:00,-76.949219
2018-11-26 02:00:00+00:00,-69.710167
2018-11-26 02:01:00+00:00,-72.065231
2018-11-26 02:02:00+00:00,-62.45446
2018-11-26 02:03:00+00:00,-52.810493
2018-11-26 02:04:00+00:00,-44.954636
2018-11-26 02:05:00+00:00,-45.695164
2018-11-26 02:06:00+00:00,-57.261322
2018-11-26 02:07:00+00:00,-78.67717
2018-11-26 02:08:00+00:00,-76.57164
2018-11-26 02:09:00+00:00,-67.025803
2018-11-26 02:10:00+00:00,-57.496704
2018-11-26 02:11:00+00:00,-55.077148
2018-11-26 02:12:00+00:00,-66.587456
2018-11-26 02:13:00+00:00,-67.000229
2018-11-26 02:14:00+00:00,-53.77174
2018-11-26 02:15:00+00:00,-45.298367
2018-11-26 02:16:00+00:00,-37.248104
2018-11-26 02:17:00+00:00,-31.272339
2018-11-26 02:18:00+00:00,-27.404293
2018-11-26 02:19:00+00:00,-27.614691
2018-11-26 02:20:00+00:00,-30.480883
2018-11-26 02:21:00+00:00,-37.200798
2018-11-26 02:22:00+00:00,-44.920113
2018-11-26 02:23:00+00:00,-59.631035
2018-11-26 02:24:00+00:00,-55.422451
2018-11-26 02:25:00+00:00,-37.724064
2018-11-26 02:26:00+00:00,-36.934334
2018-11-26 02:27:00+00:00,-37.484917
2018-11-26 02:28:00+00:00,-39.679092
2018-11-26 02:29:00+00:00,-43.106701
2018-11-26 02:30:00+00:00,-30.868828
2018-11-26 02:31:00+00:00,-46.58989
2018-11-26 02:32:00+00:00,-73.925034
2018-11-26 02:33:00+00:00,-55.859749
2018-11-26 02:34:00+00:00,-54.471176
2018-11-26 02:35:00+00:00,-59.134987
2018-11-26 02:36:00+00:00,-53.32732
2018-11-26 02:37:00+00:00,-44.087894
2018-11-26 02:38:00+00:00,-34.780945
2018-11-26 02:39:00+00:00,-30.605675
2018-11-26 02:40:00+00:00,-27.057154
2018-11-26 02:41:00+00:00,-28.074554
2018-11-26 02:42:00+00:00,-55.769932
2018-11-26 02:43:00+00:00,-101.191628
2018-11-26 02:44:00+00:00,-215.126343
2018-11-26 02:45:00+00:00,-277.126923
2018-11-26 02:46:00+00:00,-265.538055
2018-11-26 02:47:00+00:00,-247.866592
2018-12-03 00:00:00+00:00,-236.515442
2018-12-03 00:01:00+00:00,-239.9823
2018-12-03 00:02:00+00:00,-240.148621
2018-12-03 00:03:00+00:00,-248.658218
2018-12-03 00:04:00+00:00,-243.060242
2018-12-03 00:05:00+00:00,-230.410248
2018-12-03 00:06:00+00:00,-226.216919
2018-12-03 00:07:00+00:00,-222.235001
2018-12-03 00:08:00+00:00,-216.398956
2018-12-03 00:09:00+00:00,-206.894226
2018-12-03 00:10:00+00:00,-195.692337
2018-12-03 00:11:00+00:00,-189.729721
2018-12-03 00:12:00+00:00,-187.769928
2018-12-03 00:13:00+00:00,-183.730804
2018-12-03 00:14:00+00:00,-182.311447
2018-12-03 00:15:00+00:00,-180.293976
2018-12-03 00:16:00+00:00,-180.279312
2018-12-03 00:17:00+00:00,-169.835709
2018-12-03 00:18:00+00:00,-161.180344
2018-12-03 00:19:00+00:00,-165.040619
2018-12-03 00:20:00+00:00,-162.006287
2018-12-03 00:21:00+00:00,-156.908279
2018-12-03 00:22:00+00:00,-144.817749
2018-12-03 00:23:00+00:00,-141.208221
2018-12-03 00:24:00+00:00,-140.015137
2018-12-03 00:25:00+00:00,-133.163162
2018-12-03 00:26:00+00:00,-125.953949
2018-12-03 00:27:00+00:00,-120.142258
2018-12-03 00:28:00+00:00,-113.900826
2018-12-03 00:29:00+00:00,-100.433632
2018-12-03 00:30:00+00:00,-94.75325
2018-12-03 00:31:00+00:00,-90.21431
2018-12-03 00:32:00+00:00,-83.784233
2018-12-03 00:33:00+00:00,-78.572472
2018-12-03 00:34:00+00:00,-65.424637
2018-12-03 00:35:00+00:00,-53.671692
2018-12-03 00:36:00+00:00,-43.33112
2018-12-03 00:37:00+00:00,-35.566566
2018-12-03 00:38:00+00:00,-27.353527
2018-12-03 00:39:00+00:00,-27.394674
2018-12-03 00:40:00+00:00,-24.075151
2018-12-03 00:41:00+00:00,-24.20978
2018-12-03 00:42:00+00:00,-21.203716
2018-12-03 00:43:00+00:00,-15.877241
2018-12-03 00:44:00+00:00,-14.144004
2018-12-03 00:45:00+00:00,-15.164433
2018-12-03 00:46:00+00:00,-14.674329
2018-12-03 00:47:00+00:00,-16.961517
2018-12-03 00:48:00+00:00,-17.96921
2018-12-03 00:49:00+00:00,-21.804708
2018-12-03 00:50:00+00:00,-17.857622
2018-12-03 00:51:00+00:00,-17.846596
2018-12-03 00:52:00+00:00,-19.989256
2018-12-03 00:53:00+00:00,-22.633249
2018-12-03 00:54:00+00:00,-23.395779
2018-12-03 00:55:00+00:00,-20.926273
2018-12-03 00:56:00+00:00,-19.451305
2018-12-03 00:57:00+00:00,-18.435736
2018-12-03 00:58:00+00:00,-16.195982
2018-12-03 00:59:00+00:00,-15.236941
2018-12-03 01:00:00+00:00,-15.566441
2018-12-03 01:01:00+00:00,-15.567058
2018-12-03 01:02:00+00:00,-13.87428
2018-12-03 01:03:00+00:00,-16.317188
2018-12-03 01:04:00+00:00,-19.576191
2018-12-03 01:05:00+00:00,-21.94257
2018-12-03 01:06:00+00:00,-24.991997
2018-12-03 01:07:00+00:00,-27.958981
2018-12-03 01:08:00+00:00,-26.543474
2018-12-03 01:09:00+00:00,-12.252803
2018-12-03 01:10:00+00:00,-8.765893
2018-12-03 01:11:00+00:00,-8.233311
2018-12-03 01:12:00+00:00,-11.132888
2018-12-03 01:13:00+00:00,-16.581753
2018-12-03 01:14:00+00:00,-14.318128
2018-12-03 01:15:00+00:00,-13.381016
2018-12-03 01:16:00+00:00,-20.096832
2018-12-03 01:17:00+00:00,-20.068382
2018-12-03 01:18:00+00:00,-20.220757
2018-12-03 01:19:00+00:00,-16.241394
2018-12-03 01:20:00+00:00,-9.101918
2018-12-03 01:21:00+00:00,-14.715354
2018-12-03 01:22:00+00:00,-13.344337
2018-12-03 01:23:00+00:00,-11.049356
2018-12-03 01:24:00+00:00,-9.702423
2018-12-03 01:25:00+00:00,-8.749863
2018-12-03 01:26:00+00:00,-8.332371
2018-12-03 01:27:00+00:00,-11.57398
2018-12-03 01:28:00+00:00,-15.318564
2018-12-03 01:29:00+00:00,-16.058493
2018-12-03 01:30:00+00:00,-13.801819
2018-12-03 01:31:00+00:00,-9.088284
2018-12-03 01:32:00+00:00,-8.084488
2018-12-03 01:33:00+00:00,-6.692721
2018-12-03 01:34:00+00:00,-5.371557
2018-12-03 01:35:00+00:00,-7.515697
2018-12-03 01:36:00+00:00,-9.722796
2018-12-03 01:37:00+00:00,-12.64094
2018-12-03 01:38:00+00:00,-10.512282
2018-12-03 01:39:00+00:00,-12.556953
2018-12-03 01:40:00+00:00,-17.397791
2018-12-03 01:41:00+00:00,-20.36709
2018-12-03 01:42:00+00:00,-21.3416
2018-12-03 01:43:00+00:00,-19.322256
2018-12-03 01:44:00+00:00,-18.292904
2018-12-03 01:45:00+00:00,-17.269129
2018-12-03 01:46:00+00:00,-15.242176
2018-12-03 01:47:00+00:00,-15.216194
2018-12-03 01:48:00+00:00,-15.182967
2018-12-03 01:49:00+00:00,-14.145384
2018-12-03 01:50:00+00:00,-16.103405
2018-12-03 01:51:00+00:00,-17.064798
2018-12-03 01:52:00+00:00,-20.85264
2018-12-03 01:53:00+00:00,-25.703976
2018-12-03 01:54:00+00:00,-23.5331
2018-12-03 01:55:00+00:00,-14.931585
2018-12-03 01:56:00+00:00,-6.899473
2018-12-03 01:57:00+00:00,-10.458229
2018-12-03 01:58:00+00:00,-21.754787
2018-12-03 01:59:00+00:00,-28.652321
2018-12-03 02:00:00+00:00,-18.191298
2018-12-03 02:01:00+00:00,-18.207008
2018-12-03 02:02:00+00:00,-19.579046
2018-12-03 02:03:00+00:00,-21.528522
2018-12-03 02:04:00+00:00,-21.473555
2018-12-03 02:05:00+00:00,-17.722164
2018-12-03 02:06:00+00:00,-14.608075
2018-12-03 02:07:00+00:00,-10.326921
2018-12-03 02:08:00+00:00,-8.366652
2018-12-03 02:09:00+00:00,-11.23004
2018-12-03 02:10:00+00:00,-11.110219
2018-12-03 02:11:00+00:00,-9.110441
2018-12-03 02:12:00+00:00,-11.609721
2018-12-03 02:13:00+00:00,-9.629601
2018-12-03 02:14:00+00:00,-10.739986
2018-12-03 02:15:00+00:00,-10.652797
2018-12-03 02:16:00+00:00,-9.654149
2018-12-03 02:17:00+00:00,-10.655136
2018-12-03 02:18:00+00:00,-10.023007
2018-12-03 02:19:00+00:00,-11.188043
2018-12-03 02:20:00+00:00,-12.124528
2018-12-03 02:21:00+00:00,-12.257134
2018-12-03 02:22:00+00:00,-11.026567
2018-12-03 02:23:00+00:00,-10.051215
2018-12-03 02:24:00+00:00,-12.766598
2018-12-03 02:25:00+00:00,-15.696751
2018-12-03 02:26:00+00:00,-12.593353
2018-12-03 02:27:00+00:00,-9.490113
2018-12-03 02:28:00+00:00,-11.412435
2018-12-03 02:29:00+00:00,-14.337138
2018-12-03 02:30:00+00:00,-15.775036
2018-12-03 02:31:00+00:00,-17.693604
2018-12-03 02:32:00+00:00,-19.619682
2018-12-03 02:33:00+00:00,-19.540897
2018-12-03 02:34:00+00:00,-18.460726
2018-12-03 02:35:00+00:00,-16.375801
2018-12-03 02:36:00+00:00,-14.289598
2018-12-03 02:37:00+00:00,-14.201681
2018-12-03 02:38:00+00:00,-15.114058
2018-12-03 02:39:00+00:00,-16.024343
2018-12-03 02:40:00+00:00,-15.939915
2018-12-03 02:41:00+00:00,-15.7537
2018-12-03 02:42:00+00:00,-19.026054
2018-12-03 02:43:00+00:00,-23.424311
2018-12-03 02:44:00+00:00,-24.274647
2018-12-03 02:45:00+00:00,-24.823647
2018-12-03 02:46:00+00:00,-24.225348
2018-12-03 02:47:00+00:00,-25.940218
2018-12-10 00:00:00+00:00,-33.018742
2018-12-10 00:01:00+00:00,-32.551521
2018-12-10 00:02:00+00:00,-30.626644
2018-12-10 00:03:00+00:00,-33.171947
2018-12-10 00:04:00+00:00,-35.568291
2018-12-10 00:05:00+00:00,-43.929138
2018-12-10 00:06:00+00:00,-72.558182
2018-12-10 00:07:00+00:00,-63.54023
2018-12-10 00:08:00+00:00,-45.509029
2018-12-10 00:09:00+00:00,-58.929821
2018-12-10 00:10:00+00:00,-31.416674
2018-12-10 00:11:00+00:00,-33.31263
2018-12-10 00:12:00+00:00,-36.085613
2018-12-10 00:13:00+00:00,-40.89402
2018-12-10 00:14:00+00:00,-42.697659
2018-12-10 00:15:00+00:00,-50.02673
2018-12-10 00:16:00+00:00,-55.244186
2018-12-10 00:17:00+00:00,-37.29324
2018-12-10 00:18:00+00:00,-51.228065
2018-12-10 00:19:00+00:00,-54.165527
2018-12-10 00:20:00+00:00,-39.103683
2018-12-10 00:21:00+00:00,-28.152998
2018-12-10 00:22:00+00:00,-27.619926
2018-12-10 00:23:00+00:00,-28.254295
2018-12-10 00:24:00+00:00,-27.243603
2018-12-10 00:25:00+00:00,-31.490196
2018-12-10 00:26:00+00:00,-28.869074
2018-12-10 00:27:00+00:00,-28.427109
2018-12-10 00:28:00+00:00,-32.983101
2018-12-10 00:29:00+00:00,-38.113441
2018-12-10 00:30:00+00:00,-39.190701
2018-12-10 00:31:00+00:00,-41.703739
2018-12-10 00:32:00+00:00,-38.984478
2018-12-10 00:33:00+00:00,-46.35836
2018-12-10 00:34:00+00:00,-44.304352
2018-12-10 00:35:00+00:00,-35.54607
2018-12-10 00:36:00+00:00,-39.73085
2018-12-10 00:37:00+00:00,-45.141808
2018-12-10 00:38:00+00:00,-36.019608
2018-12-10 00:39:00+00:00,-60.036804
2018-12-10 00:40:00+00:00,-97.259132
2018-12-10 00:41:00+00:00,-97.333351
2018-12-10 00:42:00+00:00,-26.535799
2018-12-10 00:43:00+00:00,-34.111652
2018-12-10 00:44:00+00:00,-48.695545
2018-12-10 00:45:00+00:00,-50.326675
2018-12-10 00:46:00+00:00,-48.619522
2018-12-10 00:47:00+00:00,-93.643951
2018-12-10 00:48:00+00:00,-107.598557
2018-12-10 00:49:00+00:00,-109.556534
2018-12-10 00:50:00+00:00,-89.516006
2018-12-10 00:51:00+00:00,-97.475113
2018-12-10 00:52:00+00:00,-104.437843
2018-12-10 00:53:00+00:00,-125.402344
2018-12-10 00:54:00+00:00,-118.368698
2018-12-10 00:55:00+00:00,-122.33503
2018-12-10 00:56:00+00:00,-129.305344
2018-12-10 00:57:00+00:00,-118.275826
2018-12-10 00:58:00+00:00,-98.775917
2018-12-10 00:59:00+00:00,-102.225433
2018-12-10 01:00:00+00:00,-101.204742
2018-12-10 01:01:00+00:00,-103.923836
2018-12-10 01:02:00+00:00,-108.18821
2018-12-10 01:03:00+00:00,-107.571907
2018-12-10 01:04:00+00:00,-128.137192
2018-12-10 01:05:00+00:00,-141.123215
2018-12-10 01:06:00+00:00,-131.114487
2018-12-10 01:07:00+00:00,-106.101288
2018-12-10 01:08:00+00:00,-115.089531
2018-12-10 01:09:00+00:00,-114.08316
2018-12-10 01:10:00+00:00,-97.076385
2018-12-10 01:11:00+00:00,-101.071182
2018-12-10 01:12:00+00:00,-93.399452
2018-12-10 01:13:00+00:00,-100.065742
2018-12-10 01:14:00+00:00,-97.065598
2018-12-10 01:15:00+00:00,-103.06723
2018-12-10 01:16:00+00:00,-112.070953
2018-12-10 01:17:00+00:00,-110.076416
2018-12-10 01:18:00+00:00,-106.201065
2018-12-10 01:19:00+00:00,-105.093155
2018-12-10 01:20:00+00:00,-110.104553
2018-12-10 01:21:00+00:00,-121.116066
2018-12-10 01:22:00+00:00,-119.135559
2018-12-10 01:23:00+00:00,-107.770416
2018-12-10 01:24:00+00:00,-105.424141
2018-12-10 01:25:00+00:00,-103.417488
2018-12-10 01:26:00+00:00,-99.703552
2018-12-10 01:27:00+00:00,-100.245163
2018-12-10 01:28:00+00:00,-98.335426
2018-12-10 01:29:00+00:00,-97.212456
2018-12-10 01:30:00+00:00,-92.068665
2018-12-10 01:31:00+00:00,-88.725906
2018-12-10 01:32:00+00:00,-97.42038
2018-12-10 01:33:00+00:00,-105.461258
2018-12-10 01:34:00+00:00,-105.504211
2018-12-10 01:35:00+00:00,-111.54921
2018-12-10 01:36:00+00:00,-93.596283
2018-12-10 01:37:00+00:00,-92.645416
2018-12-10 01:38:00+00:00,-106.696625
2018-12-10 01:39:00+00:00,-113.749893
2018-12-10 01:40:00+00:00,-98.805244
2018-12-10 01:41:00+00:00,-80.139923
2018-12-10 01:42:00+00:00,-83.922165
2018-12-10 01:43:00+00:00,-73.983742
2018-12-10 01:44:00+00:00,-76.045441
2018-12-10 01:45:00+00:00,-83.111191
2018-12-10 01:46:00+00:00,-99.183067
2018-12-10 01:47:00+00:00,-99.253105
2018-12-10 01:48:00+00:00,-106.325233
2018-12-10 01:49:00+00:00,-97.39946
2018-12-10 01:50:00+00:00,-74.477722
2018-12-10 01:51:00+00:00,-78.556137
2018-12-10 01:52:00+00:00,-70.63665
2018-12-10 01:53:00+00:00,-75.719261
2018-12-10 01:54:00+00:00,-86.802025
2018-12-10 01:55:00+00:00,-81.888847
2018-12-10 01:56:00+00:00,-78.977776
2018-12-10 01:57:00+00:00,-79.068817
2018-12-10 01:58:00+00:00,-77.163925
2018-12-10 01:59:00+00:00,-73.259193
2018-12-10 02:00:00+00:00,-66.356575
2018-12-10 02:01:00+00:00,-65.569077
2018-12-10 02:02:00+00:00,-76.754738
2018-12-10 02:03:00+00:00,-74.900177
2018-12-10 02:04:00+00:00,-79.561523
2018-12-10 02:05:00+00:00,-82.245956
2018-12-10 02:06:00+00:00,-84.092262
2018-12-10 02:07:00+00:00,-79.015396
2018-12-10 02:08:00+00:00,-95.239334
2018-12-10 02:09:00+00:00,-92.363289
2018-12-10 02:10:00+00:00,-92.129196
2018-12-10 02:11:00+00:00,-72.6138
2018-12-10 02:12:00+00:00,-82.888481
2018-12-10 02:13:00+00:00,-88.311081
2018-12-10 02:14:00+00:00,-102.002235
2018-12-10 02:15:00+00:00,-151.091476
2018-12-10 02:16:00+00:00,-138.977982
2018-12-10 02:17:00+00:00,-139.824066
2018-12-10 02:18:00+00:00,-105.184792
2018-12-10 02:19:00+00:00,-62.773026
2018-12-10 02:20:00+00:00,-40.603085
2018-12-10 02:21:00+00:00,-37.721863
2018-12-10 02:22:00+00:00,-36.514408
2018-12-10 02:23:00+00:00,-53.738598
2018-12-10 02:24:00+00:00,-57.406826
2018-12-10 02:25:00+00:00,-49.837181
2018-12-10 02:26:00+00:00,-44.996475
2018-12-10 02:27:00+00:00,-32.682674
2018-12-10 02:28:00+00:00,-34.530262
2018-12-10 02:29:00+00:00,-38.409241
2018-12-10 02:30:00+00:00,-38.540348
2018-12-10 02:31:00+00:00,-44.424374
2018-12-10 02:32:00+00:00,-38.984837
2018-12-10 02:33:00+00:00,-49.030319
2018-12-10 02:34:00+00:00,-68.078087
2018-12-10 02:35:00+00:00,-53.220806
2018-12-10 02:36:00+00:00,-35.170753
2018-12-10 02:37:00+00:00,-37.101238
2018-12-10 02:38:00+00:00,-41.485279
2018-12-10 02:39:00+00:00,-45.916367
2018-12-10 02:40:00+00:00,-61.68647
2018-12-10 02:41:00+00:00,-56.259655
2018-12-10 02:42:00+00:00,-37.595993
2018-12-10 02:43:00+00:00,-36.217503
2018-12-10 02:44:00+00:00,-37.76841
2018-12-10 02:45:00+00:00,-40.899162
2018-12-10 02:46:00+00:00,-37.037643
2018-12-10 02:47:00+00:00,-51.83625
2018-12-17 00:00:00+00:00,-20.111088
2018-12-17 00:01:00+00:00,-19.406006
2018-12-17 00:02:00+00:00,-19.115984
2018-12-17 00:03:00+00:00,-20.338606
2018-12-17 00:04:00+00:00,-22.34296
2018-12-17 00:05:00+00:00,-26.742502
2018-12-17 00:06:00+00:00,-26.74642
2018-12-17 00:07:00+00:00,-21.500706
2018-12-17 00:08:00+00:00,-21.757
2018-12-17 00:09:00+00:00,-21.446737
2018-12-17 00:10:00+00:00,-20.730057
2018-12-17 00:11:00+00:00,-20.135265
2018-12-17 00:12:00+00:00,-19.864491
2018-12-17 00:13:00+00:00,-20.129631
2018-12-17 00:14:00+00:00,-20.692389
2018-12-17 00:15:00+00:00,-21.007826
2018-12-17 00:16:00+00:00,-21.14702
2018-12-17 00:17:00+00:00,-21.336891
2018-12-17 00:18:00+00:00,-21.731537
2018-12-17 00:19:00+00:00,-21.830948
2018-12-17 00:20:00+00:00,-20.904631
2018-12-17 00:21:00+00:00,-19.986752
2018-12-17 00:22:00+00:00,-19.720852
2018-12-17 00:23:00+00:00,-20.039528
2018-12-17 00:24:00+00:00,-20.117569
2018-12-17 00:25:00+00:00,-19.703007
2018-12-17 00:26:00+00:00,-19.704027
2018-12-17 00:27:00+00:00,-19.801277
2018-12-17 00:28:00+00:00,-20.140247
2018-12-17 00:29:00+00:00,-20.574436
2018-12-17 00:30:00+00:00,-20.90266
2018-12-17 00:31:00+00:00,-20.802143
2018-12-17 00:32:00+00:00,-20.38438
2018-12-17 00:33:00+00:00,-20.473064
2018-12-17 00:34:00+00:00,-21.086756
2018-12-17 00:35:00+00:00,-21.670773
2018-12-17 00:36:00+00:00,-21.630392
2018-12-17 00:37:00+00:00,-21.581829
2018-12-17 00:38:00+00:00,-22.055367
2018-12-17 00:39:00+00:00,-22.622292
2018-12-17 00:40:00+00:00,-22.458393
2018-12-17 00:41:00+00:00,-21.988483
2018-12-17 00:42:00+00:00,-21.343422
2018-12-17 00:43:00+00:00,-21.11013
2018-12-17 00:44:00+00:00,-21.595253
2018-12-17 00:45:00+00:00,-20.914028
2018-12-17 00:46:00+00:00,-19.682783
2018-12-17 00:47:00+00:00,-19.247963
2018-12-17 00:48:00+00:00,-19.490562
2018-12-17 00:49:00+00:00,-19.644958
2018-12-17 00:50:00+00:00,-19.143774
2018-12-17 00:51:00+00:00,-18.523148
2018-12-17 00:52:00+00:00,-18.778198
2018-12-17 00:53:00+00:00,-19.669678
2018-12-17 00:54:00+00:00,-20.493484
2018-12-17 00:55:00+00:00,-20.705683
2018-12-17 00:56:00+00:00,-20.652952
2018-12-17 00:57:00+00:00,-19.331394
2018-12-17 00:58:00+00:00,-18.458786
2018-12-17 00:59:00+00:00,-18.088844
2018-12-17 01:00:00+00:00,-17.564344
2018-12-17 01:01:00+00:00,-16.814796
2018-12-17 01:02:00+00:00,-16.038685
2018-12-17 01:03:00+00:00,-16.056194
2018-12-17 01:04:00+00:00,-17.004047
2018-12-17 01:05:00+00:00,-18.107834
2018-12-17 01:06:00+00:00,-18.983765
2018-12-17 01:07:00+00:00,-19.28126
2018-12-17 01:08:00+00:00,-18.57942
2018-12-17 01:09:00+00:00,-18.747391
2018-12-17 01:10:00+00:00,-18.7549
2018-12-17 01:11:00+00:00,-19.209373
2018-12-17 01:12:00+00:00,-19.335421
2018-12-17 01:13:00+00:00,-19.838123
2018-12-17 01:14:00+00:00,-21.247761
2018-12-17 01:15:00+00:00,-21.758667
2018-12-17 01:16:00+00:00,-21.646797
2018-12-17 01:17:00+00:00,-21.663948
2018-12-17 01:18:00+00:00,-21.589018
2018-12-17 01:19:00+00:00,-21.893688
2018-12-17 01:20:00+00:00,-21.844566
2018-12-17 01:21:00+00:00,-21.526613
2018-12-17 01:22:00+00:00,-21.623426
2018-12-17 01:23:00+00:00,-21.743404
2018-12-17 01:24:00+00:00,-21.834797
2018-12-17 01:25:00+00:00,-22.175922
2018-12-17 01:26:00+00:00,-22.300964
2018-12-17 01:27:00+00:00,-22.173794
2018-12-17 01:28:00+00:00,-22.17234
2018-12-17 01:29:00+00:00,-22.074928
2018-12-17 01:30:00+00:00,-21.888399
2018-12-17 01:31:00+00:00,-21.787777
2018-12-17 01:32:00+00:00,-21.373905
2018-12-17 01:33:00+00:00,-21.420567
2018-12-17 01:34:00+00:00,-21.885792
2018-12-17 01:35:00+00:00,-22.437559
2018-12-17 01:36:00+00:00,-22.420612
2018-12-17 01:37:00+00:00,-22.846689
2018-12-17 01:38:00+00:00,-22.85252
2018-12-17 01:39:00+00:00,-22.687145
2018-12-17 01:40:00+00:00,-21.62109
2018-12-17 01:41:00+00:00,-21.370186
2018-12-17 01:42:00+00:00,-20.788946
2018-12-17 01:43:00+00:00,-19.74164
2018-12-17 01:44:00+00:00,-19.98024
2018-12-17 01:45:00+00:00,-20.595577
2018-12-17 01:46:00+00:00,-20.931467
2018-12-17 01:47:00+00:00,-20.538605
2018-12-17 01:48:00+00:00,-20.501043
2018-12-17 01:49:00+00:00,-20.260208
2018-12-17 01:50:00+00:00,-19.898146
2018-12-17 01:51:00+00:00,-18.544754
2018-12-17 01:52:00+00:00,-17.677586
2018-12-17 01:53:00+00:00,-17.849394
2018-12-17 01:54:00+00:00,-18.227186
2018-12-17 01:55:00+00:00,-17.979921
2018-12-17 01:56:00+00:00,-17.065624
2018-12-17 01:57:00+00:00,-17.223568
2018-12-17 01:58:00+00:00,-18.159824
2018-12-17 01:59:00+00:00,-19.922258
2018-12-17 02:00:00+00:00,-21.76284
2018-12-17 02:01:00+00:00,-21.639383
2018-12-17 02:02:00+00:00,-20.600605
2018-12-17 02:03:00+00:00,-19.834011
2018-12-17 02:04:00+00:00,-20.295677
2018-12-17 02:05:00+00:00,-19.643824
2018-12-17 02:06:00+00:00,-18.101128
2018-12-17 02:07:00+00:00,-18.256477
2018-12-17 02:08:00+00:00,-19.133327
2018-12-17 02:09:00+00:00,-19.152597
2018-12-17 02:10:00+00:00,-19.348488
2018-12-17 02:11:00+00:00,-20.130198
2018-12-17 02:12:00+00:00,-21.061222
2018-12-17 02:13:00+00:00,-22.135721
2018-12-17 02:14:00+00:00,-22.095903
2018-12-17 02:15:00+00:00,-21.701553
2018-12-17 02:16:00+00:00,-21.378311
2018-12-17 02:17:00+00:00,-21.189995
2018-12-17 02:18:00+00:00,-20.95385
2018-12-17 02:19:00+00:00,-20.777315
2018-12-17 02:20:00+00:00,-20.510021
2018-12-17 02:21:00+00:00,-20.521126
2018-12-17 02:22:00+00:00,-21.280376
2018-12-17 02:23:00+00:00,-21.608107
2018-12-17 02:24:00+00:00,-21.544374
2018-12-17 02:25:00+00:00,-21.644863
2018-12-17 02:26:00+00:00,-22.000414
2018-12-17 02:27:00+00:00,-22.071007
2018-12-17 02:28:00+00:00,-21.935762
2018-12-17 02:29:00+00:00,-21.674778
2018-12-17 02:30:00+00:00,-21.354483
2018-12-17 02:31:00+00:00,-20.706026
2018-12-17 02:32:00+00:00,-20.85918
2018-12-17 02:33:00+00:00,-21.1567
2018-12-17 02:34:00+00:00,-21.110336
2018-12-17 02:35:00+00:00,-20.661524
2018-12-17 02:36:00+00:00,-20.567129
2018-12-17 02:37:00+00:00,-21.316442
2018-12-17 02:38:00+00:00,-22.18
2018-12-17 02:39:00+00:00,-21.563108
2018-12-17 02:40:00+00:00,-21.452126
2018-12-17 02:41:00+00:00,-20.647861
2018-12-17 02:42:00+00:00,-20.737263
2018-12-17 02:43:00+00:00,-21.246729
2018-12-17 02:44:00+00:00,-21.946795
2018-12-17 02:45:00+00:00,-22.07089
2018-12-17 02:46:00+00:00,-21.519407
2018-12-17 02:47:00+00:00,-20.319798
2018-12-24 00:00:00+00:00,-15.398048
2018-12-24 00:01:00+00:00,-13.410611
2018-12-24 00:02:00+00:00,-12.424358
2018-12-24 00:03:00+00:00,-12.437163
2018-12-24 00:04:00+00:00,-17.498756
2018-12-24 00:05:00+00:00,-20.885296
2018-12-24 00:06:00+00:00,-21.673008
2018-12-24 00:07:00+00:00,-22.197826
2018-12-24 00:08:00+00:00,-22.3279
2018-12-24 00:09:00+00:00,-21.077871
2018-12-24 00:10:00+00:00,-18.333477
2018-12-24 00:11:00+00:00,-22.029709
2018-12-24 00:12:00+00:00,-23.649616
2018-12-24 00:13:00+00:00,-24.13028
2018-12-24 00:14:00+00:00,-23.124039
2018-12-24 00:15:00+00:00,-19.963415
2018-12-24 00:16:00+00:00,-20.301189
2018-12-24 00:17:00+00:00,-18.619717
2018-12-24 00:18:00+00:00,-17.632015
2018-12-24 00:19:00+00:00,-17.436443
2018-12-24 00:20:00+00:00,-19.540804
2018-12-24 00:21:00+00:00,-23.060308
2018-12-24 00:22:00+00:00,-19.37561
2018-12-24 00:23:00+00:00,-16.18544
2018-12-24 00:24:00+00:00,-17.346243
2018-12-24 00:25:00+00:00,-15.730536
2018-12-24 00:26:00+00:00,-15.744011
2018-12-24 00:27:00+00:00,-15.758484
2018-12-24 00:28:00+00:00,-16.772003
2018-12-24 00:29:00+00:00,-16.785542
2018-12-24 00:30:00+00:00,-17.798126
2018-12-24 00:31:00+00:00,-17.565456
2018-12-24 00:32:00+00:00,-17.98209
2018-12-24 00:33:00+00:00,-16.839533
2018-12-24 00:34:00+00:00,-15.852997
2018-12-24 00:35:00+00:00,-15.866447
2018-12-24 00:36:00+00:00,-15.880866
2018-12-24 00:37:00+00:00,-15.89333
2018-12-24 00:38:00+00:00,-15.906776
2018-12-24 00:39:00+00:00,-15.920236
2018-12-24 00:40:00+00:00,-15.93469
2018-12-24 00:41:00+00:00,-15.948195
2018-12-24 00:42:00+00:00,-15.961731
2018-12-24 00:43:00+00:00,-15.974331
2018-12-24 00:44:00+00:00,-15.98893
2018-12-24 00:45:00+00:00,-16.002605
2018-12-24 00:46:00+00:00,-16.017208
2018-12-24 00:47:00+00:00,-16.031992
2018-12-24 00:48:00+00:00,-15.045871
2018-12-24 00:49:00+00:00,-15.058855
2018-12-24 00:50:00+00:00,-15.074856
2018-12-24 00:51:00+00:00,-16.089973
2018-12-24 00:52:00+00:00,-15.104217
2018-12-24 00:53:00+00:00,-15.118567
2018-12-24 00:54:00+00:00,-15.134008
2018-12-24 00:55:00+00:00,-16.14957
2018-12-24 00:56:00+00:00,-16.163307
2018-12-24 00:57:00+00:00,-15.178156
2018-12-24 00:58:00+00:00,-15.193146
2018-12-24 00:59:00+00:00,-15.208283
2018-12-24 01:00:00+00:00,-15.223577
2018-12-24 01:01:00+00:00,-15.239964
2018-12-24 01:02:00+00:00,-15.255484
2018-12-24 01:03:00+00:00,-15.271098
2018-12-24 01:04:00+00:00,-15.286806
2018-12-24 01:05:00+00:00,-15.301632
2018-12-24 01:06:00+00:00,-15.318504
2018-12-24 01:07:00+00:00,-16.334496
2018-12-24 01:08:00+00:00,-16.349604
2018-12-24 01:09:00+00:00,-16.365782
2018-12-24 01:10:00+00:00,-16.38303
2018-12-24 01:11:00+00:00,-16.399395
2018-12-24 01:12:00+00:00,-16.415855
2018-12-24 01:13:00+00:00,-16.432409
2018-12-24 01:14:00+00:00,-16.449057
2018-12-24 01:15:00+00:00,-16.465797
2018-12-24 01:16:00+00:00,-16.483681
2018-12-24 01:17:00+00:00,-15.501591
2018-12-24 01:18:00+00:00,-15.518618
2018-12-24 01:19:00+00:00,-15.537691
2018-12-24 01:20:00+00:00,-15.554904
2018-12-24 01:21:00+00:00,-15.57221
2018-12-24 01:22:00+00:00,-15.588634
2018-12-24 01:23:00+00:00,-15.606127
2018-12-24 01:24:00+00:00,-16.623713
2018-12-24 01:25:00+00:00,-15.642368
2018-12-24 01:26:00+00:00,-15.66014
2018-12-24 01:27:00+00:00,-15.677029
2018-12-24 01:28:00+00:00,-15.69401
2018-12-24 01:29:00+00:00,-15.713037
2018-12-24 01:30:00+00:00,-15.73118
2018-12-24 01:31:00+00:00,-15.750552
2018-12-24 01:32:00+00:00,-15.770846
2018-12-24 01:33:00+00:00,-15.788308
2018-12-24 01:34:00+00:00,-15.806843
2018-12-24 01:35:00+00:00,-14.825474
2018-12-24 01:36:00+00:00,-14.845176
2018-12-24 01:37:00+00:00,-13.864973
2018-12-24 01:38:00+00:00,-13.883889
2018-12-24 01:39:00+00:00,-13.901922
2018-12-24 01:40:00+00:00,-13.922002
2018-12-24 01:41:00+00:00,-13.941198
2018-12-24 01:42:00+00:00,-13.960487
2018-12-24 01:43:00+00:00,-13.97987
2018-12-24 01:44:00+00:00,-15.000319
2018-12-24 01:45:00+00:00,-15.019885
2018-12-24 01:46:00+00:00,-15.039782
2018-12-24 01:47:00+00:00,-15.06051
2018-12-24 01:48:00+00:00,-15.082306
2018-12-24 01:49:00+00:00,-15.102238
2018-12-24 01:50:00+00:00,-15.122259
2018-12-24 01:51:00+00:00,-15.143346
2018-12-24 01:52:00+00:00,-15.162567
2018-12-24 01:53:00+00:00,-15.182854
2018-12-24 01:54:00+00:00,-15.203228
2018-12-24 01:55:00+00:00,-15.224667
2018-12-24 01:56:00+00:00,-15.245214
2018-12-24 01:57:00+00:00,-14.264872
2018-12-24 01:58:00+00:00,-14.285591
2018-12-24 01:59:00+00:00,-15.306396
2018-12-24 02:00:00+00:00,-15.32631
2018-12-24 02:01:00+00:00,-15.348637
2018-12-24 02:02:00+00:00,-15.370831
2018-12-24 02:03:00+00:00,-15.39222
2018-12-24 02:04:00+00:00,-15.413771
2018-12-24 02:05:00+00:00,-15.434494
2018-12-24 02:06:00+00:00,-15.45731
2018-12-24 02:07:00+00:00,-15.47928
2018-12-24 02:08:00+00:00,-15.502345
2018-12-24 02:09:00+00:00,-15.524543
2018-12-24 02:10:00+00:00,-15.547816
2018-12-24 02:11:00+00:00,-15.569225
2018-12-24 02:12:00+00:00,-15.591689
2018-12-24 02:13:00+00:00,-14.615198
2018-12-24 02:14:00+00:00,-14.637788
2018-12-24 02:15:00+00:00,-14.660425
2018-12-24 02:16:00+00:00,-15.686446
2018-12-24 02:17:00+00:00,-15.709149
2018-12-24 02:18:00+00:00,-15.731869
2018-12-24 02:19:00+00:00,-15.754595
2018-12-24 02:20:00+00:00,-14.777316
2018-12-24 02:21:00+00:00,-14.801001
2018-12-24 02:22:00+00:00,-14.823683
2018-12-24 02:23:00+00:00,-14.845353
2018-12-24 02:24:00+00:00,-14.867955
2018-12-24 02:25:00+00:00,-14.891479
2018-12-24 02:26:00+00:00,-14.912982
2018-12-24 02:27:00+00:00,-13.935388
2018-12-24 02:28:00+00:00,-13.958682
2018-12-24 02:29:00+00:00,-13.980905
2018-12-24 02:30:00+00:00,-14.002043
2018-12-24 02:31:00+00:00,-14.025501
2018-12-24 02:32:00+00:00,-14.048656
2018-12-24 02:33:00+00:00,-14.070899
2018-12-24 02:34:00+00:00,-14.093197
2018-12-24 02:35:00+00:00,-13.11554
2018-12-24 02:36:00+00:00,-14.137917
2018-12-24 02:37:00+00:00,-14.160319
2018-12-24 02:38:00+00:00,-14.182737
2018-12-24 02:39:00+00:00,-14.20516
2018-12-24 02:40:00+00:00,-13.227579
2018-12-24 02:41:00+00:00,-13.249984
2018-12-24 02:42:00+00:00,-13.271388
2018-12-24 02:43:00+00:00,-13.294711
2018-12-24 02:44:00+00:00,-13.317014
2018-12-24 02:45:00+00:00,-13.341215
2018-12-24 02:46:00+00:00,-12.365738
2018-12-24 02:47:00+00:00,-12.388822
2018-12-31 00:00:00+00:00,-57.703362
2018-12-31 00:01:00+00:00,-52.74852
2018-12-31 00:02:00+00:00,-57.10062
2018-12-31 00:03:00+00:00,-88.158028
2018-12-31 00:04:00+00:00,-109.47216
2018-12-31 00:05:00+00:00,-115.583687
2018-12-31 00:06:00+00:00,-70.077141
2018-12-31 00:07:00+00:00,-62.43008
2018-12-31 00:08:00+00:00,-64.506897
2018-12-31 00:09:00+00:00,-64.595688
2018-12-31 00:10:00+00:00,-67.991905
2018-12-31 00:11:00+00:00,-66.400818
2018-12-31 00:12:00+00:00,-62.219044
2018-12-31 00:13:00+00:00,-57.251831
2018-12-31 00:14:00+00:00,-54.836113
2018-12-31 00:15:00+00:00,-51.398468
2018-12-31 00:16:00+00:00,-47.013439
2018-12-31 00:17:00+00:00,-43.256985
2018-12-31 00:18:00+00:00,-39.854877
2018-12-31 00:19:00+00:00,-41.906502
2018-12-31 00:20:00+00:00,-42.630379
2018-12-31 00:21:00+00:00,-65.54184
2018-12-31 00:22:00+00:00,-72.449745
2018-12-31 00:23:00+00:00,-128.656494
2018-12-31 00:24:00+00:00,-157.670883
2018-12-31 00:25:00+00:00,-156.767319
2018-12-31 00:26:00+00:00,-150.021942
2018-12-31 00:27:00+00:00,-146.736526
2018-12-31 00:28:00+00:00,-166.976013
2018-12-31 00:29:00+00:00,-133.458755
2018-12-31 00:30:00+00:00,-96.123222
2018-12-31 00:31:00+00:00,-91.812836
2018-12-31 00:32:00+00:00,-81.595314
2018-12-31 00:33:00+00:00,-72.893776
2018-12-31 00:34:00+00:00,-64.284363
2018-12-31 00:35:00+00:00,-52.13353
2018-12-31 00:36:00+00:00,-48.397793
2018-12-31 00:37:00+00:00,-55.675488
2018-12-31 00:38:00+00:00,-51.226433
2018-12-31 00:39:00+00:00,-63.351471
2018-12-31 00:40:00+00:00,-75.211792
2018-12-31 00:41:00+00:00,-92.21769
2018-12-31 00:42:00+00:00,-107.755966
2018-12-31 00:43:00+00:00,-106.504166
2018-12-31 00:44:00+00:00,-101.718994
2018-12-31 00:45:00+00:00,-108.164803
2018-12-31 00:46:00+00:00,-102.715927
2018-12-31 00:47:00+00:00,-101.247284
2018-12-31 00:48:00+00:00,-102.162827
2018-12-31 00:49:00+00:00,-112.749725
2018-12-31 00:50:00+00:00,-103.666237
2018-12-31 00:51:00+00:00,-109.933907
2018-12-31 00:52:00+00:00,-117.790215
2018-12-31 00:53:00+00:00,-200.721344
2018-12-31 00:54:00+00:00,-267.120728
2018-12-31 00:55:00+00:00,-459.03421
2018-12-31 00:56:00+00:00,-468.961761
2018-12-31 00:57:00+00:00,-385.912048
2018-12-31 00:58:00+00:00,-451.222015
2018-12-31 00:59:00+00:00,-415.290955
2018-12-31 01:00:00+00:00,-413.999481
2018-12-31 01:01:00+00:00,-606.879272
2018-12-31 01:02:00+00:00,-673.544189
2018-12-31 01:03:00+00:00,-576.115723
2018-12-31 01:04:00+00:00,-593.799377
2018-12-31 01:05:00+00:00,-603.148376
2018-12-31 01:06:00+00:00,-495.424744
2018-12-31 01:07:00+00:00,-496.874084
2018-12-31 01:08:00+00:00,-523.649658
2018-12-31 01:09:00+00:00,-493.644836
2018-12-31 01:10:00+00:00,-488.861145
2018-12-31 01:11:00+00:00,-491.18866
2018-12-31 01:12:00+00:00,-566.048828
2018-12-31 01:13:00+00:00,-516.771851
2018-12-31 01:14:00+00:00,-455.26358
2018-12-31 01:15:00+00:00,-427.924652
2018-12-31 01:16:00+00:00,-489.898743
2018-12-31 01:17:00+00:00,-583.6745
2018-12-31 01:18:00+00:00,-695.241638
2018-12-31 01:19:00+00:00,-735.939819
2018-12-31 01:20:00+00:00,-532.766663
2018-12-31 01:21:00+00:00,-459.438446
2018-12-31 01:22:00+00:00,-609.868286
2018-12-31 01:23:00+00:00,-676.750854
2018-12-31 01:24:00+00:00,-788.704895
2018-12-31 01:25:00+00:00,-645.798584
2018-12-31 01:26:00+00:00,-635.193115
2018-12-31 01:27:00+00:00,-497.426361
2018-12-31 01:28:00+00:00,-559.29248
2018-12-31 01:29:00+00:00,-642.911072
2018-12-31 01:30:00+00:00,-596.345093
2018-12-31 01:31:00+00:00,-681.310547
2018-12-31 01:32:00+00:00,-636.247498
2018-12-31 01:33:00+00:00,-703.542603
2018-12-31 01:34:00+00:00,-758.083008
2018-12-31 01:35:00+00:00,-607.037659
2018-12-31 01:36:00+00:00,-396.060791
2018-12-31 01:37:00+00:00,-378.085968
2018-12-31 01:38:00+00:00,-395.799164
2018-12-31 01:39:00+00:00,-381.020752
2018-12-31 01:40:00+00:00,-379.406067
2018-12-31 01:41:00+00:00,-375.943909
2018-12-31 01:42:00+00:00,-358.376587
2018-12-31 01:43:00+00:00,-416.471527
2018-12-31 01:44:00+00:00,-353.599365
2018-12-31 01:45:00+00:00,-329.252838
2018-12-31 01:46:00+00:00,-315.135895
2018-12-31 01:47:00+00:00,-312.473572
2018-12-31 01:48:00+00:00,-356.918457
2018-12-31 01:49:00+00:00,-348.212433
2018-12-31 01:50:00+00:00,-286.722687
2018-12-31 01:51:00+00:00,-235.764252
2018-12-31 01:52:00+00:00,-224.546005
2018-12-31 01:53:00+00:00,-233.467407
2018-12-31 01:54:00+00:00,-240.101379
2018-12-31 01:55:00+00:00,-256.225708
2018-12-31 01:56:00+00:00,-266.46817
2018-12-31 01:57:00+00:00,-249.85994
2018-12-31 01:58:00+00:00,-228.576874
2018-12-31 01:59:00+00:00,-202.415314
2018-12-31 02:00:00+00:00,-167.520737
2018-12-31 02:01:00+00:00,-142.843307
2018-12-31 02:02:00+00:00,-140.449127
2018-12-31 02:03:00+00:00,-129.990601
2018-12-31 02:04:00+00:00,-124.633522
2018-12-31 02:05:00+00:00,-110.34668
2018-12-31 02:06:00+00:00,-110.490555
2018-12-31 02:07:00+00:00,-111.269402
2018-12-31 02:08:00+00:00,-119.11792
2018-12-31 02:09:00+00:00,-121.228638
2018-12-31 02:10:00+00:00,-117.078239
2018-12-31 02:11:00+00:00,-101.713745
2018-12-31 02:12:00+00:00,-86.735886
2018-12-31 02:13:00+00:00,-70.918228
2018-12-31 02:14:00+00:00,-66.472107
2018-12-31 02:15:00+00:00,-71.376617
2018-12-31 02:16:00+00:00,-76.258484
2018-12-31 02:17:00+00:00,-64.937164
2018-12-31 02:18:00+00:00,-61.271587
2018-12-31 02:19:00+00:00,-56.973083
2018-12-31 02:20:00+00:00,-78.378029
2018-12-31 02:21:00+00:00,-170.19577
2018-12-31 02:22:00+00:00,-242.261871
2018-12-31 02:23:00+00:00,-147.025574
2018-12-31 02:24:00+00:00,-102.616829
2018-12-31 02:25:00+00:00,-84.98288
2018-12-31 02:26:00+00:00,-89.603706
2018-12-31 02:27:00+00:00,-102.285133
2018-12-31 02:28:00+00:00,-127.748863
2018-12-31 02:29:00+00:00,-130.255646
2018-12-31 02:30:00+00:00,-180.156082
2018-12-31 02:31:00+00:00,-175.059418
2018-12-31 02:32:00+00:00,-169.189346
2018-12-31 02:33:00+00:00,-163.144409
2018-12-31 02:34:00+00:00,-186.959793
2018-12-31 02:35:00+00:00,-194.40892
2018-12-31 02:36:00+00:00,-170.901947
2018-12-31 02:37:00+00:00,-153.198639
2018-12-31 02:38:00+00:00,-182.97966
2018-12-31 02:39:00+00:00,-195.596588
2018-12-31 02:40:00+00:00,-255.927322
2018-12-31 02:41:00+00:00,-266.921112
2018-12-31 02:42:00+00:00,-230.49884
2018-12-31 02:43:00+00:00,-172.975937
2018-12-31 02:44:00+00:00,-148.470581
2018-12-31 02:45:00+00:00,-153.843094
2018-12-31 02:46:00+00:00,-142.736954
2018-12-31 02:47:00+00:00,-129.951309
