time,SML
2020-01-01 00:00:00+00:00,-17.828535
2020-01-01 00:01:00+00:00,-18.165144
2020-01-01 00:02:00+00:00,-18.630404
2020-01-01 00:03:00+00:00,-18.572506
2020-01-01 00:04:00+00:00,-18.870405
2020-01-01 00:05:00+00:00,-18.592018
2020-01-01 00:06:00+00:00,-18.032312
2020-01-01 00:07:00+00:00,-17.914478
2020-01-01 00:08:00+00:00,-17.293724
2020-01-01 00:09:00+00:00,-16.975792
2020-01-01 00:10:00+00:00,-16.748308
2020-01-01 00:11:00+00:00,-16.532221
2020-01-01 00:12:00+00:00,-15.749937
2020-01-01 00:13:00+00:00,-15.68471
2020-01-01 00:14:00+00:00,-15.783848
2020-01-01 00:15:00+00:00,-15.235876
2020-01-01 00:16:00+00:00,-15.324995
2020-01-01 00:17:00+00:00,-15.150423
2020-01-01 00:18:00+00:00,-15.248802
2020-01-01 00:19:00+00:00,-14.92145
2020-01-01 00:20:00+00:00,-14.780812
2020-01-01 00:21:00+00:00,-14.757629
2020-01-01 00:22:00+00:00,-14.559632
2020-01-01 00:23:00+00:00,-14.744435
2020-01-01 00:24:00+00:00,-14.987217
2020-01-01 00:25:00+00:00,-15.863285
2020-01-01 00:26:00+00:00,-15.48094
2020-01-01 00:27:00+00:00,-14.629778
2020-01-01 00:28:00+00:00,-14.617462
2020-01-01 00:29:00+00:00,-16.475779
2020-01-01 00:30:00+00:00,-16.627136
2020-01-01 00:31:00+00:00,-16.625803
2020-01-01 00:32:00+00:00,-15.145283
2020-01-01 00:33:00+00:00,-14.121013
2020-01-01 00:34:00+00:00,-15.346096
2020-01-01 00:35:00+00:00,-17.553854
2020-01-01 00:36:00+00:00,-24.431295
2020-01-01 00:37:00+00:00,-31.220037
2020-01-01 00:38:00+00:00,-35.812603
2020-01-01 00:39:00+00:00,-39.411209
2020-01-01 00:40:00+00:00,-40.599785
2020-01-01 00:41:00+00:00,-37.023827
2020-01-01 00:42:00+00:00,-29.11496
2020-01-01 00:43:00+00:00,-24.502079
2020-01-01 00:44:00+00:00,-21.532825
2020-01-01 00:45:00+00:00,-20.668123
2020-01-01 00:46:00+00:00,-20.981176
2020-01-01 00:47:00+00:00,-22.197609
2020-01-01 00:48:00+00:00,-23.254883
2020-01-01 00:49:00+00:00,-23.887358
2020-01-01 00:50:00+00:00,-19.831348
2020-01-01 00:51:00+00:00,-14.48821
2020-01-01 00:52:00+00:00,-12.08742
2020-01-01 00:53:00+00:00,-11.468654
2020-01-01 00:54:00+00:00,-11.501276
2020-01-01 00:55:00+00:00,-11.464108
2020-01-01 00:56:00+00:00,-11.677435
2020-01-01 00:57:00+00:00,-11.567986
2020-01-01 00:58:00+00:00,-11.606432
2020-01-01 00:59:00+00:00,-11.429467
2020-01-01 01:00:00+00:00,-11.304638
2020-01-01 01:01:00+00:00,-11.322927
2020-01-01 01:02:00+00:00,-11.489538
2020-01-01 01:03:00+00:00,-11.476274
2020-01-01 01:04:00+00:00,-11.667884
2020-01-01 01:05:00+00:00,-11.703019
2020-01-01 01:06:00+00:00,-11.725217
2020-01-01 01:07:00+00:00,-11.792073
2020-01-01 01:08:00+00:00,-11.765822
2020-01-01 01:09:00+00:00,-11.722722
2020-01-01 01:10:00+00:00,-11.4586
2020-01-01 01:11:00+00:00,-11.584765
2020-01-01 01:12:00+00:00,-11.504519
2020-01-01 01:13:00+00:00,-12.424264
2020-01-01 01:14:00+00:00,-16.271065
2020-01-01 01:15:00+00:00,-17.471214
2020-01-01 01:16:00+00:00,-19.778608
2020-01-01 01:17:00+00:00,-22.573036
2020-01-01 01:18:00+00:00,-22.394527
2020-01-01 01:19:00+00:00,-18.523321
2020-01-01 01:20:00+00:00,-17.725002
2020-01-01 01:21:00+00:00,-19.568871
2020-01-01 01:22:00+00:00,-22.959185
2020-01-01 01:23:00+00:00,-24.323681
2020-01-01 01:24:00+00:00,-22.65346
2020-01-01 01:25:00+00:00,-21.097935
2020-01-01 01:26:00+00:00,-21.477379
2020-01-01 01:27:00+00:00,-21.240976
2020-01-01 01:28:00+00:00,-18.933611
2020-01-01 01:29:00+00:00,-18.178293
2020-01-01 01:30:00+00:00,-16.608776
2020-01-01 01:31:00+00:00,-14.921751
2020-01-01 01:32:00+00:00,-15.551174
2020-01-01 01:33:00+00:00,-17.285112
2020-01-01 01:34:00+00:00,-19.217266
2020-01-01 01:35:00+00:00,-19.031664
2020-01-01 01:36:00+00:00,-17.950907
2020-01-01 01:37:00+00:00,-19.353546
2020-01-01 01:38:00+00:00,-22.266369
2020-01-01 01:39:00+00:00,-22.181618
2020-01-01 01:40:00+00:00,-21.100397
2020-01-01 01:41:00+00:00,-17.020542
2020-01-01 01:42:00+00:00,-12.943312
2020-01-01 01:43:00+00:00,-9.738835
2020-01-01 01:44:00+00:00,-9.920942
2020-01-01 01:45:00+00:00,-11.064083
2020-01-01 01:46:00+00:00,-10.893532
2020-01-01 01:47:00+00:00,-10.397486
2020-01-01 01:48:00+00:00,-11.724564
2020-01-01 01:49:00+00:00,-15.457457
2020-01-01 01:50:00+00:00,-16.787113
2020-01-01 01:51:00+00:00,-16.527937
2020-01-01 01:52:00+00:00,-16.141397
2020-01-01 01:53:00+00:00,-13.254541
2020-01-01 01:54:00+00:00,-11.346697
2020-01-01 01:55:00+00:00,-11.189488
2020-01-01 01:56:00+00:00,-11.426222
2020-01-01 01:57:00+00:00,-11.861567
2020-01-01 01:58:00+00:00,-11.961339
2020-01-01 01:59:00+00:00,-11.886665
2020-01-01 02:00:00+00:00,-18.157656
2020-01-01 02:01:00+00:00,-23.974369
2020-01-01 02:02:00+00:00,-21.273035
2020-01-01 02:03:00+00:00,-19.443863
2020-01-01 02:04:00+00:00,-21.387047
2020-01-01 02:05:00+00:00,-25.140434
2020-01-01 02:06:00+00:00,-26.665054
2020-01-01 02:07:00+00:00,-30.605282
2020-01-01 02:08:00+00:00,-31.743093
2020-01-01 02:09:00+00:00,-30.064653
2020-01-01 02:10:00+00:00,-24.424885
2020-01-01 02:11:00+00:00,-26.005623
2020-01-01 02:12:00+00:00,-26.017818
2020-01-01 02:13:00+00:00,-26.025963
2020-01-01 02:14:00+00:00,-21.718569
2020-01-01 02:15:00+00:00,-21.140886
2020-01-01 02:16:00+00:00,-22.212614
2020-01-01 02:17:00+00:00,-20.637321
2020-01-01 02:18:00+00:00,-22.750919
2020-01-01 02:19:00+00:00,-30.358917
2020-01-01 02:20:00+00:00,-35.334427
2020-01-01 02:21:00+00:00,-38.777046
2020-01-01 02:22:00+00:00,-39.129154
2020-01-01 02:23:00+00:00,-37.600666
2020-01-01 02:24:00+00:00,-34.646725
2020-01-01 02:25:00+00:00,-36.404987
2020-01-01 02:26:00+00:00,-38.654739
2020-01-01 02:27:00+00:00,-39.447727
2020-01-01 02:28:00+00:00,-39.973404
2020-01-01 02:29:00+00:00,-41.386055
2020-01-01 02:30:00+00:00,-41.063606
2020-01-01 02:31:00+00:00,-36.17601
2020-01-01 02:32:00+00:00,-36.709724
2020-01-01 02:33:00+00:00,-43.959637
2020-01-01 02:34:00+00:00,-49.154251
2020-01-01 02:35:00+00:00,-49.719341
2020-01-01 02:36:00+00:00,-44.386345
2020-01-01 02:37:00+00:00,-39.373032
2020-01-01 02:38:00+00:00,-33.359051
2020-01-01 02:39:00+00:00,-30.322201
2020-01-01 02:40:00+00:00,-29.147799
2020-01-01 02:41:00+00:00,-33.707893
2020-01-01 02:42:00+00:00,-40.579628
2020-01-01 02:43:00+00:00,-48.642876
2020-01-01 02:44:00+00:00,-57.133953
2020-01-01 02:45:00+00:00,-64.92395
2020-01-01 02:46:00+00:00,-54.281422
2020-01-01 02:47:00+00:00,-35.046181
2020-01-08 00:00:00+00:00,-20.332743
2020-01-08 00:01:00+00:00,-12.365857
2020-01-08 00:02:00+00:00,-13.383522
2020-01-08 00:03:00+00:00,-24.914061
2020-01-08 00:04:00+00:00,-16.227913
2020-01-08 00:05:00+00:00,-11.842591
2020-01-08 00:06:00+00:00,-12.971552
2020-01-08 00:07:00+00:00,-16.045908
2020-01-08 00:08:00+00:00,-17.123642
2020-01-08 00:09:00+00:00,-14.204403
2020-01-08 00:10:00+00:00,-9.598958
2020-01-08 00:11:00+00:00,-8.119028
2020-01-08 00:12:00+00:00,-8.705175
2020-01-08 00:13:00+00:00,-8.732235
2020-01-08 00:14:00+00:00,-8.568148
2020-01-08 00:15:00+00:00,-8.285618
2020-01-08 00:16:00+00:00,-8.048014
2020-01-08 00:17:00+00:00,-7.80552
2020-01-08 00:18:00+00:00,-8.225116
2020-01-08 00:19:00+00:00,-9.235935
2020-01-08 00:20:00+00:00,-9.657953
2020-01-08 00:21:00+00:00,-10.526091
2020-01-08 00:22:00+00:00,-12.849997
2020-01-08 00:23:00+00:00,-12.825575
2020-01-08 00:24:00+00:00,-9.943119
2020-01-08 00:25:00+00:00,-9.196781
2020-01-08 00:26:00+00:00,-9.614128
2020-01-08 00:27:00+00:00,-9.966411
2020-01-08 00:28:00+00:00,-8.978203
2020-01-08 00:29:00+00:00,-8.714888
2020-01-08 00:30:00+00:00,-9.210481
2020-01-08 00:31:00+00:00,-8.398339
2020-01-08 00:32:00+00:00,-9.366926
2020-01-08 00:33:00+00:00,-9.499763
2020-01-08 00:34:00+00:00,-9.609275
2020-01-08 00:35:00+00:00,-10.276456
2020-01-08 00:36:00+00:00,-9.539784
2020-01-08 00:37:00+00:00,-12.215651
2020-01-08 00:38:00+00:00,-14.104584
2020-01-08 00:39:00+00:00,-13.993151
2020-01-08 00:40:00+00:00,-11.88723
2020-01-08 00:41:00+00:00,-9.660243
2020-01-08 00:42:00+00:00,-10.038857
2020-01-08 00:43:00+00:00,-10.03363
2020-01-08 00:44:00+00:00,-11.160162
2020-01-08 00:45:00+00:00,-11.112842
2020-01-08 00:46:00+00:00,-11.241253
2020-01-08 00:47:00+00:00,-11.45379
2020-01-08 00:48:00+00:00,-12.54346
2020-01-08 00:49:00+00:00,-11.351406
2020-01-08 00:50:00+00:00,-10.119667
2020-01-08 00:51:00+00:00,-10.111106
2020-01-08 00:52:00+00:00,-10.408193
2020-01-08 00:53:00+00:00,-10.313638
2020-01-08 00:54:00+00:00,-10.525682
2020-01-08 00:55:00+00:00,-10.346088
2020-01-08 00:56:00+00:00,-10.288526
2020-01-08 00:57:00+00:00,-10.288545
2020-01-08 00:58:00+00:00,-10.359818
2020-01-08 00:59:00+00:00,-10.577513
2020-01-08 01:00:00+00:00,-10.6995
2020-01-08 01:01:00+00:00,-10.205203
2020-01-08 01:02:00+00:00,-10.291854
2020-01-08 01:03:00+00:00,-10.504381
2020-01-08 01:04:00+00:00,-10.563496
2020-01-08 01:05:00+00:00,-10.622523
2020-01-08 01:06:00+00:00,-10.773241
2020-01-08 01:07:00+00:00,-10.736416
2020-01-08 01:08:00+00:00,-10.726869
2020-01-08 01:09:00+00:00,-10.91746
2020-01-08 01:10:00+00:00,-11.260345
2020-01-08 01:11:00+00:00,-12.214515
2020-01-08 01:12:00+00:00,-11.512398
2020-01-08 01:13:00+00:00,-11.407908
2020-01-08 01:14:00+00:00,-11.496728
2020-01-08 01:15:00+00:00,-10.888296
2020-01-08 01:16:00+00:00,-10.475168
2020-01-08 01:17:00+00:00,-10.464384
2020-01-08 01:18:00+00:00,-10.353998
2020-01-08 01:19:00+00:00,-13.852839
2020-01-08 01:20:00+00:00,-26.231691
2020-01-08 01:21:00+00:00,-21.548521
2020-01-08 01:22:00+00:00,-27.993784
2020-01-08 01:23:00+00:00,-31.177685
2020-01-08 01:24:00+00:00,-30.378448
2020-01-08 01:25:00+00:00,-30.653605
2020-01-08 01:26:00+00:00,-28.078255
2020-01-08 01:27:00+00:00,-24.937466
2020-01-08 01:28:00+00:00,-21.236027
2020-01-08 01:29:00+00:00,-20.516743
2020-01-08 01:30:00+00:00,-22.652714
2020-01-08 01:31:00+00:00,-33.19128
2020-01-08 01:32:00+00:00,-32.743362
2020-01-08 01:33:00+00:00,-24.834326
2020-01-08 01:34:00+00:00,-27.545189
2020-01-08 01:35:00+00:00,-22.443924
2020-01-08 01:36:00+00:00,-22.495056
2020-01-08 01:37:00+00:00,-14.956556
2020-01-08 01:38:00+00:00,-12.503066
2020-01-08 01:39:00+00:00,-24.395832
2020-01-08 01:40:00+00:00,-76.991348
2020-01-08 01:41:00+00:00,-109.914894
2020-01-08 01:42:00+00:00,-115.484009
2020-01-08 01:43:00+00:00,-91.998657
2020-01-08 01:44:00+00:00,-65.185425
2020-01-08 01:45:00+00:00,-60.916843
2020-01-08 01:46:00+00:00,-55.846252
2020-01-08 01:47:00+00:00,-55.927914
2020-01-08 01:48:00+00:00,-67.947144
2020-01-08 01:49:00+00:00,-51.026188
2020-01-08 01:50:00+00:00,-43.622231
2020-01-08 01:51:00+00:00,-44.270435
2020-01-08 01:52:00+00:00,-36.720314
2020-01-08 01:53:00+00:00,-33.959167
2020-01-08 01:54:00+00:00,-29.366074
2020-01-08 01:55:00+00:00,-35.269318
2020-01-08 01:56:00+00:00,-47.215939
2020-01-08 01:57:00+00:00,-40.994186
2020-01-08 01:58:00+00:00,-37.411842
2020-01-08 01:59:00+00:00,-38.881046
2020-01-08 02:00:00+00:00,-39.096577
2020-01-08 02:01:00+00:00,-37.080109
2020-01-08 02:02:00+00:00,-40.690411
2020-01-08 02:03:00+00:00,-37.8144
2020-01-08 02:04:00+00:00,-30.120228
2020-01-08 02:05:00+00:00,-28.055355
2020-01-08 02:06:00+00:00,-24.157917
2020-01-08 02:07:00+00:00,-33.507492
2020-01-08 02:08:00+00:00,-29.727177
2020-01-08 02:09:00+00:00,-24.980244
2020-01-08 02:10:00+00:00,-30.001263
2020-01-08 02:11:00+00:00,-30.64687
2020-01-08 02:12:00+00:00,-41.945362
2020-01-08 02:13:00+00:00,-39.966732
2020-01-08 02:14:00+00:00,-35.386791
2020-01-08 02:15:00+00:00,-34.479851
2020-01-08 02:16:00+00:00,-36.249321
2020-01-08 02:17:00+00:00,-64.055466
2020-01-08 02:18:00+00:00,-73.380219
2020-01-08 02:19:00+00:00,-83.84227
2020-01-08 02:20:00+00:00,-84.826355
2020-01-08 02:21:00+00:00,-92.209427
2020-01-08 02:22:00+00:00,-81.426903
2020-01-08 02:23:00+00:00,-83.91433
2020-01-08 02:24:00+00:00,-76.200974
2020-01-08 02:25:00+00:00,-86.052658
2020-01-08 02:26:00+00:00,-103.785057
2020-01-08 02:27:00+00:00,-118.208031
2020-01-08 02:28:00+00:00,-137.821609
2020-01-08 02:29:00+00:00,-146.735199
2020-01-08 02:30:00+00:00,-145.476166
2020-01-08 02:31:00+00:00,-171.604095
2020-01-08 02:32:00+00:00,-178.130676
2020-01-08 02:33:00+00:00,-170.44455
2020-01-08 02:34:00+00:00,-183.801559
2020-01-08 02:35:00+00:00,-174.135269
2020-01-08 02:36:00+00:00,-168.711273
2020-01-08 02:37:00+00:00,-166.622314
2020-01-08 02:38:00+00:00,-180.76387
2020-01-08 02:39:00+00:00,-155.13884
2020-01-08 02:40:00+00:00,-127.217903
2020-01-08 02:41:00+00:00,-111.250061
2020-01-08 02:42:00+00:00,-145.243607
2020-01-08 02:43:00+00:00,-266.163055
2020-01-08 02:44:00+00:00,-200.940125
2020-01-08 02:45:00+00:00,-150.049713
2020-01-08 02:46:00+00:00,-202.980698
2020-01-08 02:47:00+00:00,-278.299835
2020-01-15 00:00:00+00:00,-17.489662
2020-01-15 00:01:00+00:00,-14.957215
2020-01-15 00:02:00+00:00,-21.70697
2020-01-15 00:03:00+00:00,-22.358124
2020-01-15 00:04:00+00:00,-28.057224
2020-01-15 00:05:00+00:00,-41.394173
2020-01-15 00:06:00+00:00,-56.442272
2020-01-15 00:07:00+00:00,-72.387131
2020-01-15 00:08:00+00:00,-69.082321
2020-01-15 00:09:00+00:00,-62.944901
2020-01-15 00:10:00+00:00,-58.243477
2020-01-15 00:11:00+00:00,-66.371674
2020-01-15 00:12:00+00:00,-79.897903
2020-01-15 00:13:00+00:00,-101.291946
2020-01-15 00:14:00+00:00,-97.610519
2020-01-15 00:15:00+00:00,-70.58007
2020-01-15 00:16:00+00:00,-57.35041
2020-01-15 00:17:00+00:00,-54.827679
2020-01-15 00:18:00+00:00,-51.32053
2020-01-15 00:19:00+00:00,-55.75285
2020-01-15 00:20:00+00:00,-59.975285
2020-01-15 00:21:00+00:00,-69.775986
2020-01-15 00:22:00+00:00,-70.483124
2020-01-15 00:23:00+00:00,-53.520607
2020-01-15 00:24:00+00:00,-41.867973
2020-01-15 00:25:00+00:00,-43.506733
2020-01-15 00:26:00+00:00,-52.655693
2020-01-15 00:27:00+00:00,-59.001442
2020-01-15 00:28:00+00:00,-52.922939
2020-01-15 00:29:00+00:00,-57.79232
2020-01-15 00:30:00+00:00,-62.49437
2020-01-15 00:31:00+00:00,-74.42749
2020-01-15 00:32:00+00:00,-89.552383
2020-01-15 00:33:00+00:00,-65.990128
2020-01-15 00:34:00+00:00,-51.819794
2020-01-15 00:35:00+00:00,-40.858734
2020-01-15 00:36:00+00:00,-59.063339
2020-01-15 00:37:00+00:00,-61.98027
2020-01-15 00:38:00+00:00,-64.540268
2020-01-15 00:39:00+00:00,-62.701366
2020-01-15 00:40:00+00:00,-62.818066
2020-01-15 00:41:00+00:00,-58.291744
2020-01-15 00:42:00+00:00,-54.048195
2020-01-15 00:43:00+00:00,-51.344273
2020-01-15 00:44:00+00:00,-49.023739
2020-01-15 00:45:00+00:00,-47.762432
2020-01-15 00:46:00+00:00,-48.098366
2020-01-15 00:47:00+00:00,-44.637062
2020-01-15 00:48:00+00:00,-40.895134
2020-01-15 00:49:00+00:00,-45.650921
2020-01-15 00:50:00+00:00,-49.96693
2020-01-15 00:51:00+00:00,-50.352947
2020-01-15 00:52:00+00:00,-49.668354
2020-01-15 00:53:00+00:00,-48.388752
2020-01-15 00:54:00+00:00,-52.323727
2020-01-15 00:55:00+00:00,-52.883446
2020-01-15 00:56:00+00:00,-50.299366
2020-01-15 00:57:00+00:00,-46.827366
2020-01-15 00:58:00+00:00,-41.149094
2020-01-15 00:59:00+00:00,-39.413002
2020-01-15 01:00:00+00:00,-39.376022
2020-01-15 01:01:00+00:00,-38.564426
2020-01-15 01:02:00+00:00,-37.821114
2020-01-15 01:03:00+00:00,-36.391167
2020-01-15 01:04:00+00:00,-34.080231
2020-01-15 01:05:00+00:00,-31.275974
2020-01-15 01:06:00+00:00,-30.889503
2020-01-15 01:07:00+00:00,-31.739155
2020-01-15 01:08:00+00:00,-32.194042
2020-01-15 01:09:00+00:00,-31.689688
2020-01-15 01:10:00+00:00,-30.603018
2020-01-15 01:11:00+00:00,-29.514088
2020-01-15 01:12:00+00:00,-27.965839
2020-01-15 01:13:00+00:00,-26.031488
2020-01-15 01:14:00+00:00,-23.23152
2020-01-15 01:15:00+00:00,-19.98107
2020-01-15 01:16:00+00:00,-16.65975
2020-01-15 01:17:00+00:00,-19.818918
2020-01-15 01:18:00+00:00,-22.228662
2020-01-15 01:19:00+00:00,-22.3379
2020-01-15 01:20:00+00:00,-21.679871
2020-01-15 01:21:00+00:00,-18.973358
2020-01-15 01:22:00+00:00,-17.383446
2020-01-15 01:23:00+00:00,-15.355477
2020-01-15 01:24:00+00:00,-14.902522
2020-01-15 01:25:00+00:00,-14.224658
2020-01-15 01:26:00+00:00,-13.064567
2020-01-15 01:27:00+00:00,-12.791185
2020-01-15 01:28:00+00:00,-12.360428
2020-01-15 01:29:00+00:00,-12.29571
2020-01-15 01:30:00+00:00,-12.336236
2020-01-15 01:31:00+00:00,-12.544696
2020-01-15 01:32:00+00:00,-12.483685
2020-01-15 01:33:00+00:00,-12.443235
2020-01-15 01:34:00+00:00,-12.462402
2020-01-15 01:35:00+00:00,-12.524575
2020-01-15 01:36:00+00:00,-13.653014
2020-01-15 01:37:00+00:00,-15.889887
2020-01-15 01:38:00+00:00,-19.765675
2020-01-15 01:39:00+00:00,-21.50209
2020-01-15 01:40:00+00:00,-17.529835
2020-01-15 01:41:00+00:00,-12.654606
2020-01-15 01:42:00+00:00,-12.371371
2020-01-15 01:43:00+00:00,-12.456045
2020-01-15 01:44:00+00:00,-12.837564
2020-01-15 01:45:00+00:00,-13.042256
2020-01-15 01:46:00+00:00,-13.111197
2020-01-15 01:47:00+00:00,-13.138426
2020-01-15 01:48:00+00:00,-13.782015
2020-01-15 01:49:00+00:00,-14.793936
2020-01-15 01:50:00+00:00,-15.862875
2020-01-15 01:51:00+00:00,-16.908705
2020-01-15 01:52:00+00:00,-17.901278
2020-01-15 01:53:00+00:00,-19.735201
2020-01-15 01:54:00+00:00,-22.423254
2020-01-15 01:55:00+00:00,-22.692078
2020-01-15 01:56:00+00:00,-19.635502
2020-01-15 01:57:00+00:00,-16.065132
2020-01-15 01:58:00+00:00,-15.447874
2020-01-15 01:59:00+00:00,-15.520504
2020-01-15 02:00:00+00:00,-17.593294
2020-01-15 02:01:00+00:00,-17.666069
2020-01-15 02:02:00+00:00,-16.739443
2020-01-15 02:03:00+00:00,-16.815327
2020-01-15 02:04:00+00:00,-15.88978
2020-01-15 02:05:00+00:00,-16.964712
2020-01-15 02:06:00+00:00,-18.040085
2020-01-15 02:07:00+00:00,-15.11586
2020-01-15 02:08:00+00:00,-16.191998
2020-01-15 02:09:00+00:00,-16.268456
2020-01-15 02:10:00+00:00,-12.972867
2020-01-15 02:11:00+00:00,-13.19158
2020-01-15 02:12:00+00:00,-13.6651
2020-01-15 02:13:00+00:00,-13.899292
2020-01-15 02:14:00+00:00,-17.656166
2020-01-15 02:15:00+00:00,-18.734016
2020-01-15 02:16:00+00:00,-16.955793
2020-01-15 02:17:00+00:00,-17.529072
2020-01-15 02:18:00+00:00,-17.510397
2020-01-15 02:19:00+00:00,-17.377373
2020-01-15 02:20:00+00:00,-19.121761
2020-01-15 02:21:00+00:00,-19.199017
2020-01-15 02:22:00+00:00,-20.276081
2020-01-15 02:23:00+00:00,-19.352915
2020-01-15 02:24:00+00:00,-18.429482
2020-01-15 02:25:00+00:00,-20.509645
2020-01-15 02:26:00+00:00,-20.585556
2020-01-15 02:27:00+00:00,-18.659124
2020-01-15 02:28:00+00:00,-16.068209
2020-01-15 02:29:00+00:00,-16.030474
2020-01-15 02:30:00+00:00,-15.161652
2020-01-15 02:31:00+00:00,-15.189313
2020-01-15 02:32:00+00:00,-14.757882
2020-01-15 02:33:00+00:00,-14.58612
2020-01-15 02:34:00+00:00,-14.456259
2020-01-15 02:35:00+00:00,-14.062645
2020-01-15 02:36:00+00:00,-13.667005
2020-01-15 02:37:00+00:00,-14.191222
2020-01-15 02:38:00+00:00,-14.199759
2020-01-15 02:39:00+00:00,-13.760006
2020-01-15 02:40:00+00:00,-13.701074
2020-01-15 02:41:00+00:00,-15.700055
2020-01-15 02:42:00+00:00,-20.773401
2020-01-15 02:43:00+00:00,-20.846546
2020-01-15 02:44:00+00:00,-18.919468
2020-01-15 02:45:00+00:00,-19.305216
2020-01-15 02:46:00+00:00,-21.450968
2020-01-15 02:47:00+00:00,-21.174023
2020-01-22 00:00:00+00:00,-51.439388
2020-01-22 00:01:00+00:00,-50.766239
2020-01-22 00:02:00+00:00,-59.188606
2020-01-22 00:03:00+00:00,-70.475037
2020-01-22 00:04:00+00:00,-73.329773
2020-01-22 00:05:00+00:00,-68.052856
2020-01-22 00:06:00+00:00,-64.32235
2020-01-22 00:07:00+00:00,-63.13398
2020-01-22 00:08:00+00:00,-58.135235
2020-01-22 00:09:00+00:00,-54.137531
2020-01-22 00:10:00+00:00,-51.13892
2020-01-22 00:11:00+00:00,-56.219296
2020-01-22 00:12:00+00:00,-63.650612
2020-01-22 00:13:00+00:00,-73.790962
2020-01-22 00:14:00+00:00,-81.521393
2020-01-22 00:15:00+00:00,-88.704506
2020-01-22 00:16:00+00:00,-92.126244
2020-01-22 00:17:00+00:00,-90.44854
2020-01-22 00:18:00+00:00,-92.917496
2020-01-22 00:19:00+00:00,-98.110275
2020-01-22 00:20:00+00:00,-98.770058
2020-01-22 00:21:00+00:00,-85.665413
2020-01-22 00:22:00+00:00,-79.658661
2020-01-22 00:23:00+00:00,-77.953926
2020-01-22 00:24:00+00:00,-91.160591
2020-01-22 00:25:00+00:00,-92.137077
2020-01-22 00:26:00+00:00,-141.766724
2020-01-22 00:27:00+00:00,-299.6409
2020-01-22 00:28:00+00:00,-259.81131
2020-01-22 00:29:00+00:00,-239.376465
2020-01-22 00:30:00+00:00,-222.494415
2020-01-22 00:31:00+00:00,-200.025253
2020-01-22 00:32:00+00:00,-183.230957
2020-01-22 00:33:00+00:00,-191.363373
2020-01-22 00:34:00+00:00,-194.446396
2020-01-22 00:35:00+00:00,-172.850006
2020-01-22 00:36:00+00:00,-162.898117
2020-01-22 00:37:00+00:00,-150.436447
2020-01-22 00:38:00+00:00,-161.281113
2020-01-22 00:39:00+00:00,-160.047836
2020-01-22 00:40:00+00:00,-153.460938
2020-01-22 00:41:00+00:00,-163.582687
2020-01-22 00:42:00+00:00,-164.064041
2020-01-22 00:43:00+00:00,-164.669647
2020-01-22 00:44:00+00:00,-173.041153
2020-01-22 00:45:00+00:00,-158.920731
2020-01-22 00:46:00+00:00,-161.196091
2020-01-22 00:47:00+00:00,-207.775192
2020-01-22 00:48:00+00:00,-199.177246
2020-01-22 00:49:00+00:00,-193.631104
2020-01-22 00:50:00+00:00,-201.239914
2020-01-22 00:51:00+00:00,-203.189209
2020-01-22 00:52:00+00:00,-196.11377
2020-01-22 00:53:00+00:00,-204.843338
2020-01-22 00:54:00+00:00,-200.11972
2020-01-22 00:55:00+00:00,-184.299271
2020-01-22 00:56:00+00:00,-190.061478
2020-01-22 00:57:00+00:00,-188.925629
2020-01-22 00:58:00+00:00,-182.806824
2020-01-22 00:59:00+00:00,-171.969681
2020-01-22 01:00:00+00:00,-159.425949
2020-01-22 01:01:00+00:00,-162.292801
2020-01-22 01:02:00+00:00,-167.359268
2020-01-22 01:03:00+00:00,-164.616547
2020-01-22 01:04:00+00:00,-148.728714
2020-01-22 01:05:00+00:00,-131.789978
2020-01-22 01:06:00+00:00,-124.123932
2020-01-22 01:07:00+00:00,-136.957275
2020-01-22 01:08:00+00:00,-181.705338
2020-01-22 01:09:00+00:00,-182.532806
2020-01-22 01:10:00+00:00,-168.292923
2020-01-22 01:11:00+00:00,-175.044815
2020-01-22 01:12:00+00:00,-162.470383
2020-01-22 01:13:00+00:00,-165.2276
2020-01-22 01:14:00+00:00,-174.573212
2020-01-22 01:15:00+00:00,-183.052185
2020-01-22 01:16:00+00:00,-193.929169
2020-01-22 01:17:00+00:00,-200.841309
2020-01-22 01:18:00+00:00,-232.016663
2020-01-22 01:19:00+00:00,-225.466415
2020-01-22 01:20:00+00:00,-198.556244
2020-01-22 01:21:00+00:00,-186.645538
2020-01-22 01:22:00+00:00,-183.696152
2020-01-22 01:23:00+00:00,-176.05188
2020-01-22 01:24:00+00:00,-170.456787
2020-01-22 01:25:00+00:00,-171.032928
2020-01-22 01:26:00+00:00,-168.133804
2020-01-22 01:27:00+00:00,-175.62561
2020-01-22 01:28:00+00:00,-183.526962
2020-01-22 01:29:00+00:00,-177.00174
2020-01-22 01:30:00+00:00,-176.572922
2020-01-22 01:31:00+00:00,-179.67392
2020-01-22 01:32:00+00:00,-185.124344
2020-01-22 01:33:00+00:00,-186.058945
2020-01-22 01:34:00+00:00,-183.066559
2020-01-22 01:35:00+00:00,-192.369812
2020-01-22 01:36:00+00:00,-200.430618
2020-01-22 01:37:00+00:00,-201.40033
2020-01-22 01:38:00+00:00,-198.886322
2020-01-22 01:39:00+00:00,-198.575104
2020-01-22 01:40:00+00:00,-194.505722
2020-01-22 01:41:00+00:00,-187.243591
2020-01-22 01:42:00+00:00,-179.613495
2020-01-22 01:43:00+00:00,-204.208206
2020-01-22 01:44:00+00:00,-201.243744
2020-01-22 01:45:00+00:00,-160.974396
2020-01-22 01:46:00+00:00,-167.528259
2020-01-22 01:47:00+00:00,-170.223312
2020-01-22 01:48:00+00:00,-169.037033
2020-01-22 01:49:00+00:00,-173.242798
2020-01-22 01:50:00+00:00,-170.868866
2020-01-22 01:51:00+00:00,-164.349762
2020-01-22 01:52:00+00:00,-164.180145
2020-01-22 01:53:00+00:00,-160.533966
2020-01-22 01:54:00+00:00,-155.26062
2020-01-22 01:55:00+00:00,-144.819366
2020-01-22 01:56:00+00:00,-134.511948
2020-01-22 01:57:00+00:00,-131.510345
2020-01-22 01:58:00+00:00,-127.287766
2020-01-22 01:59:00+00:00,-124.518181
2020-01-22 02:00:00+00:00,-136.303513
2020-01-22 02:01:00+00:00,-175.370575
2020-01-22 02:02:00+00:00,-222.758087
2020-01-22 02:03:00+00:00,-245.886002
2020-01-22 02:04:00+00:00,-222.535568
2020-01-22 02:05:00+00:00,-215.4207
2020-01-22 02:06:00+00:00,-189.894897
2020-01-22 02:07:00+00:00,-136.51973
2020-01-22 02:08:00+00:00,-101.181931
2020-01-22 02:09:00+00:00,-70.906891
2020-01-22 02:10:00+00:00,-66.41346
2020-01-22 02:11:00+00:00,-61.197926
2020-01-22 02:12:00+00:00,-66.717033
2020-01-22 02:13:00+00:00,-69.305786
2020-01-22 02:14:00+00:00,-67.794334
2020-01-22 02:15:00+00:00,-68.634415
2020-01-22 02:16:00+00:00,-69.116089
2020-01-22 02:17:00+00:00,-70.0177
2020-01-22 02:18:00+00:00,-73.949608
2020-01-22 02:19:00+00:00,-76.072975
2020-01-22 02:20:00+00:00,-80.655396
2020-01-22 02:21:00+00:00,-80.14415
2020-01-22 02:22:00+00:00,-79.0998
2020-01-22 02:23:00+00:00,-79.100502
2020-01-22 02:24:00+00:00,-78.738068
2020-01-22 02:25:00+00:00,-78.243958
2020-01-22 02:26:00+00:00,-74.64846
2020-01-22 02:27:00+00:00,-70.598091
2020-01-22 02:28:00+00:00,-69.49234
2020-01-22 02:29:00+00:00,-69.368217
2020-01-22 02:30:00+00:00,-88.036598
2020-01-22 02:31:00+00:00,-101.311073
2020-01-22 02:32:00+00:00,-114.535439
2020-01-22 02:33:00+00:00,-102.722336
2020-01-22 02:34:00+00:00,-68.175354
2020-01-22 02:35:00+00:00,-60.822742
2020-01-22 02:36:00+00:00,-58.115826
2020-01-22 02:37:00+00:00,-67.189575
2020-01-22 02:38:00+00:00,-76.385918
2020-01-22 02:39:00+00:00,-82.211678
2020-01-22 02:40:00+00:00,-100.767426
2020-01-22 02:41:00+00:00,-87.783615
2020-01-22 02:42:00+00:00,-78.897942
2020-01-22 02:43:00+00:00,-62.311493
2020-01-22 02:44:00+00:00,-46.166302
2020-01-22 02:45:00+00:00,-44.181648
2020-01-22 02:46:00+00:00,-42.19696
2020-01-22 02:47:00+00:00,-47.212265
2020-01-29 00:00:00+00:00,-355.676697
2020-01-29 00:01:00+00:00,-342.523956
2020-01-29 00:02:00+00:00,-315.539093
2020-01-29 00:03:00+00:00,-365.520477
2020-01-29 00:04:00+00:00,-386.541687
2020-01-29 00:05:00+00:00,-426.564178
2020-01-29 00:06:00+00:00,-431.583435
2020-01-29 00:07:00+00:00,-406.606232
2020-01-29 00:08:00+00:00,-392.622833
2020-01-29 00:09:00+00:00,-383.632782
2020-01-29 00:10:00+00:00,-376.650177
2020-01-29 00:11:00+00:00,-359.687408
2020-01-29 00:12:00+00:00,-350.740295
2020-01-29 00:13:00+00:00,-363.773804
2020-01-29 00:14:00+00:00,-374.78064
2020-01-29 00:15:00+00:00,-417.570465
2020-01-29 00:16:00+00:00,-388.816742
2020-01-29 00:17:00+00:00,-401.864594
2020-01-29 00:18:00+00:00,-388.909668
2020-01-29 00:19:00+00:00,-363.970551
2020-01-29 00:20:00+00:00,-361.015015
2020-01-29 00:21:00+00:00,-374.903381
2020-01-29 00:22:00+00:00,-390.803497
2020-01-29 00:23:00+00:00,-354.133789
2020-01-29 00:24:00+00:00,-341.119232
2020-01-29 00:25:00+00:00,-320.262848
2020-01-29 00:26:00+00:00,-319.310486
2020-01-29 00:27:00+00:00,-311.960236
2020-01-29 00:28:00+00:00,-308.401581
2020-01-29 00:29:00+00:00,-325.430206
2020-01-29 00:30:00+00:00,-318.862396
2020-01-29 00:31:00+00:00,-317.593201
2020-01-29 00:32:00+00:00,-311.65329
2020-01-29 00:33:00+00:00,-311.631073
2020-01-29 00:34:00+00:00,-357.760651
2020-01-29 00:35:00+00:00,-306.355255
2020-01-29 00:36:00+00:00,-287.921722
2020-01-29 00:37:00+00:00,-283.997192
2020-01-29 00:38:00+00:00,-303.289368
2020-01-29 00:39:00+00:00,-306.643829
2020-01-29 00:40:00+00:00,-293.261566
2020-01-29 00:41:00+00:00,-359.179535
2020-01-29 00:42:00+00:00,-403.99295
2020-01-29 00:43:00+00:00,-403.42807
2020-01-29 00:44:00+00:00,-369.873566
2020-01-29 00:45:00+00:00,-331.841522
2020-01-29 00:46:00+00:00,-288.054169
2020-01-29 00:47:00+00:00,-273.165588
2020-01-29 00:48:00+00:00,-261.456635
2020-01-29 00:49:00+00:00,-250.72081
2020-01-29 00:50:00+00:00,-236.689346
2020-01-29 00:51:00+00:00,-254.868286
2020-01-29 00:52:00+00:00,-266.535187
2020-01-29 00:53:00+00:00,-280.337463
2020-01-29 00:54:00+00:00,-301.033539
2020-01-29 00:55:00+00:00,-299.362976
2020-01-29 00:56:00+00:00,-297.407593
2020-01-29 00:57:00+00:00,-271.802643
2020-01-29 00:58:00+00:00,-250.415665
2020-01-29 00:59:00+00:00,-232.047302
2020-01-29 01:00:00+00:00,-230.110565
2020-01-29 01:01:00+00:00,-242.036743
2020-01-29 01:02:00+00:00,-266.678711
2020-01-29 01:03:00+00:00,-293.917297
2020-01-29 01:04:00+00:00,-305.514099
2020-01-29 01:05:00+00:00,-299.70047
2020-01-29 01:06:00+00:00,-290.010468
2020-01-29 01:07:00+00:00,-268.745758
2020-01-29 01:08:00+00:00,-244.303696
2020-01-29 01:09:00+00:00,-225.086517
2020-01-29 01:10:00+00:00,-217.527725
2020-01-29 01:11:00+00:00,-211.512863
2020-01-29 01:12:00+00:00,-207.647583
2020-01-29 01:13:00+00:00,-201.794586
2020-01-29 01:14:00+00:00,-197.955673
2020-01-29 01:15:00+00:00,-195.880402
2020-01-29 01:16:00+00:00,-197.273224
2020-01-29 01:17:00+00:00,-198.312546
2020-01-29 01:18:00+00:00,-205.762772
2020-01-29 01:19:00+00:00,-215.228149
2020-01-29 01:20:00+00:00,-221.392395
2020-01-29 01:21:00+00:00,-231.956573
2020-01-29 01:22:00+00:00,-235.972336
2020-01-29 01:23:00+00:00,-238.59288
2020-01-29 01:24:00+00:00,-239.897186
2020-01-29 01:25:00+00:00,-243.099045
2020-01-29 01:26:00+00:00,-245.615662
2020-01-29 01:27:00+00:00,-241.974655
2020-01-29 01:28:00+00:00,-234.775772
2020-01-29 01:29:00+00:00,-225.202484
2020-01-29 01:30:00+00:00,-218.343552
2020-01-29 01:31:00+00:00,-225.76326
2020-01-29 01:32:00+00:00,-233.485626
2020-01-29 01:33:00+00:00,-236.098541
2020-01-29 01:34:00+00:00,-237.357971
2020-01-29 01:35:00+00:00,-241.703415
2020-01-29 01:36:00+00:00,-242.069534
2020-01-29 01:37:00+00:00,-240.151718
2020-01-29 01:38:00+00:00,-236.580872
2020-01-29 01:39:00+00:00,-232.277008
2020-01-29 01:40:00+00:00,-230.277298
2020-01-29 01:41:00+00:00,-221.205048
2020-01-29 01:42:00+00:00,-210.91153
2020-01-29 01:43:00+00:00,-212.981949
2020-01-29 01:44:00+00:00,-218.592178
2020-01-29 01:45:00+00:00,-220.718826
2020-01-29 01:46:00+00:00,-222.447922
2020-01-29 01:47:00+00:00,-223.318604
2020-01-29 01:48:00+00:00,-210.124863
2020-01-29 01:49:00+00:00,-189.696869
2020-01-29 01:50:00+00:00,-178.711441
2020-01-29 01:51:00+00:00,-179.055008
2020-01-29 01:52:00+00:00,-179.810532
2020-01-29 01:53:00+00:00,-177.910477
2020-01-29 01:54:00+00:00,-177.451706
2020-01-29 01:55:00+00:00,-178.742981
2020-01-29 01:56:00+00:00,-172.747482
2020-01-29 01:57:00+00:00,-170.420212
2020-01-29 01:58:00+00:00,-180.302475
2020-01-29 01:59:00+00:00,-187.262604
2020-01-29 02:00:00+00:00,-228.605667
2020-01-29 02:01:00+00:00,-293.836334
2020-01-29 02:02:00+00:00,-340.683289
2020-01-29 02:03:00+00:00,-448.705505
2020-01-29 02:04:00+00:00,-402.729675
2020-01-29 02:05:00+00:00,-377.959839
2020-01-29 02:06:00+00:00,-382.743988
2020-01-29 02:07:00+00:00,-287.798187
2020-01-29 02:08:00+00:00,-234.200897
2020-01-29 02:09:00+00:00,-255.162308
2020-01-29 02:10:00+00:00,-272.632782
2020-01-29 02:11:00+00:00,-269.681854
2020-01-29 02:12:00+00:00,-262.023926
2020-01-29 02:13:00+00:00,-255.822357
2020-01-29 02:14:00+00:00,-249.36615
2020-01-29 02:15:00+00:00,-238.44928
2020-01-29 02:16:00+00:00,-237.235596
2020-01-29 02:17:00+00:00,-235.251846
2020-01-29 02:18:00+00:00,-238.71814
2020-01-29 02:19:00+00:00,-237.104279
2020-01-29 02:20:00+00:00,-238.298996
2020-01-29 02:21:00+00:00,-287.301361
2020-01-29 02:22:00+00:00,-308.67038
2020-01-29 02:23:00+00:00,-305.019775
2020-01-29 02:24:00+00:00,-242.779175
2020-01-29 02:25:00+00:00,-255.139175
2020-01-29 02:26:00+00:00,-259.740509
2020-01-29 02:27:00+00:00,-263.356354
2020-01-29 02:28:00+00:00,-263.69989
2020-01-29 02:29:00+00:00,-261.890228
2020-01-29 02:30:00+00:00,-263.777863
2020-01-29 02:31:00+00:00,-275.773163
2020-01-29 02:32:00+00:00,-278.780304
2020-01-29 02:33:00+00:00,-274.385498
2020-01-29 02:34:00+00:00,-272.578888
2020-01-29 02:35:00+00:00,-269.176544
2020-01-29 02:36:00+00:00,-300.754639
2020-01-29 02:37:00+00:00,-303.334869
2020-01-29 02:38:00+00:00,-233.507462
2020-01-29 02:39:00+00:00,-230.104309
2020-01-29 02:40:00+00:00,-236.135132
2020-01-29 02:41:00+00:00,-240.183563
2020-01-29 02:42:00+00:00,-226.400284
2020-01-29 02:43:00+00:00,-219.524811
2020-01-29 02:44:00+00:00,-208.811996
2020-01-29 02:45:00+00:00,-192.993332
2020-01-29 02:46:00+00:00,-194.727295
2020-01-29 02:47:00+00:00,-203.319641
2020-02-05 00:00:00+00:00,-36.7416
2020-02-05 00:01:00+00:00,-39.41777
2020-02-05 00:02:00+00:00,-37.666409
2020-02-05 00:03:00+00:00,-37.62949
2020-02-05 00:04:00+00:00,-36.592522
2020-02-05 00:05:00+00:00,-36.554062
2020-02-05 00:06:00+00:00,-42.008755
2020-02-05 00:07:00+00:00,-49.298016
2020-02-05 00:08:00+00:00,-39.446743
2020-02-05 00:09:00+00:00,-34.410648
2020-02-05 00:10:00+00:00,-30.370401
2020-02-05 00:11:00+00:00,-29.334309
2020-02-05 00:12:00+00:00,-29.295948
2020-02-05 00:13:00+00:00,-32.137432
2020-02-05 00:14:00+00:00,-29.219208
2020-02-05 00:15:00+00:00,-32.399448
2020-02-05 00:16:00+00:00,-47.832893
2020-02-05 00:17:00+00:00,-50.990162
2020-02-05 00:18:00+00:00,-50.315773
2020-02-05 00:19:00+00:00,-44.115685
2020-02-05 00:20:00+00:00,-41.35923
2020-02-05 00:21:00+00:00,-36.114124
2020-02-05 00:22:00+00:00,-31.484575
2020-02-05 00:23:00+00:00,-25.045671
2020-02-05 00:24:00+00:00,-19.408043
2020-02-05 00:25:00+00:00,-17.16153
2020-02-05 00:26:00+00:00,-15.167635
2020-02-05 00:27:00+00:00,-14.082884
2020-02-05 00:28:00+00:00,-14.850842
2020-02-05 00:29:00+00:00,-16.000538
2020-02-05 00:30:00+00:00,-16.109341
2020-02-05 00:31:00+00:00,-19.524496
2020-02-05 00:32:00+00:00,-20.48024
2020-02-05 00:33:00+00:00,-23.435831
2020-02-05 00:34:00+00:00,-24.392586
2020-02-05 00:35:00+00:00,-27.349224
2020-02-05 00:36:00+00:00,-28.301189
2020-02-05 00:37:00+00:00,-29.256981
2020-02-05 00:38:00+00:00,-32.212032
2020-02-05 00:39:00+00:00,-31.165085
2020-02-05 00:40:00+00:00,-27.11742
2020-02-05 00:41:00+00:00,-27.071701
2020-02-05 00:42:00+00:00,-27.021381
2020-02-05 00:43:00+00:00,-29.584473
2020-02-05 00:44:00+00:00,-31.046131
2020-02-05 00:45:00+00:00,-31.773556
2020-02-05 00:46:00+00:00,-30.171783
2020-02-05 00:47:00+00:00,-30.535429
2020-02-05 00:48:00+00:00,-28.663494
2020-02-05 00:49:00+00:00,-28.675573
2020-02-05 00:50:00+00:00,-29.623425
2020-02-05 00:51:00+00:00,-31.572655
2020-02-05 00:52:00+00:00,-36.522064
2020-02-05 00:53:00+00:00,-36.468971
2020-02-05 00:54:00+00:00,-29.418047
2020-02-05 00:55:00+00:00,-25.364647
2020-02-05 00:56:00+00:00,-21.309542
2020-02-05 00:57:00+00:00,-18.225525
2020-02-05 00:58:00+00:00,-17.536077
2020-02-05 00:59:00+00:00,-16.067774
2020-02-05 01:00:00+00:00,-15.401727
2020-02-05 01:01:00+00:00,-14.867113
2020-02-05 01:02:00+00:00,-14.509507
2020-02-05 01:03:00+00:00,-15.483294
2020-02-05 01:04:00+00:00,-16.267801
2020-02-05 01:05:00+00:00,-14.785472
2020-02-05 01:06:00+00:00,-13.473298
2020-02-05 01:07:00+00:00,-13.170879
2020-02-05 01:08:00+00:00,-13.445327
2020-02-05 01:09:00+00:00,-14.187773
2020-02-05 01:10:00+00:00,-15.476802
2020-02-05 01:11:00+00:00,-41.85535
2020-02-05 01:12:00+00:00,-98.999802
2020-02-05 01:13:00+00:00,-145.234894
2020-02-05 01:14:00+00:00,-112.658936
2020-02-05 01:15:00+00:00,-62.685574
2020-02-05 01:16:00+00:00,-44.407532
2020-02-05 01:17:00+00:00,-43.95076
2020-02-05 01:18:00+00:00,-41.210262
2020-02-05 01:19:00+00:00,-28.181599
2020-02-05 01:20:00+00:00,-48.456863
2020-02-05 01:21:00+00:00,-66.927567
2020-02-05 01:22:00+00:00,-54.360344
2020-02-05 01:23:00+00:00,-54.604824
2020-02-05 01:24:00+00:00,-42.442032
2020-02-05 01:25:00+00:00,-53.507278
2020-02-05 01:26:00+00:00,-84.693855
2020-02-05 01:27:00+00:00,-106.762207
2020-02-05 01:28:00+00:00,-101.155373
2020-02-05 01:29:00+00:00,-107.864143
2020-02-05 01:30:00+00:00,-95.641106
2020-02-05 01:31:00+00:00,-125.714058
2020-02-05 01:32:00+00:00,-188.811218
2020-02-05 01:33:00+00:00,-176.770676
2020-02-05 01:34:00+00:00,-167.793121
2020-02-05 01:35:00+00:00,-121.467865
2020-02-05 01:36:00+00:00,-121.398918
2020-02-05 01:37:00+00:00,-120.750786
2020-02-05 01:38:00+00:00,-130.527878
2020-02-05 01:39:00+00:00,-152.650543
2020-02-05 01:40:00+00:00,-115.356613
2020-02-05 01:41:00+00:00,-268.011536
2020-02-05 01:42:00+00:00,-309.826355
2020-02-05 01:43:00+00:00,-313.144531
2020-02-05 01:44:00+00:00,-263.057617
2020-02-05 01:45:00+00:00,-198.174286
2020-02-05 01:46:00+00:00,-122.226875
2020-02-05 01:47:00+00:00,-74.887314
2020-02-05 01:48:00+00:00,-74.459595
2020-02-05 01:49:00+00:00,-64.470352
2020-02-05 01:50:00+00:00,-59.187168
2020-02-05 01:51:00+00:00,-60.481857
2020-02-05 01:52:00+00:00,-61.449173
2020-02-05 01:53:00+00:00,-56.817196
2020-02-05 01:54:00+00:00,-102.861259
2020-02-05 01:55:00+00:00,-159.054337
2020-02-05 01:56:00+00:00,-177.012299
2020-02-05 01:57:00+00:00,-151.719437
2020-02-05 01:58:00+00:00,-115.769608
2020-02-05 01:59:00+00:00,-114.990936
2020-02-05 02:00:00+00:00,-90.713326
2020-02-05 02:01:00+00:00,-83.148827
2020-02-05 02:02:00+00:00,-84.660789
2020-02-05 02:03:00+00:00,-69.662086
2020-02-05 02:04:00+00:00,-56.679031
2020-02-05 02:05:00+00:00,-54.357765
2020-02-05 02:06:00+00:00,-52.95607
2020-02-05 02:07:00+00:00,-74.640015
2020-02-05 02:08:00+00:00,-52.139671
2020-02-05 02:09:00+00:00,-61.534286
2020-02-05 02:10:00+00:00,-58.691086
2020-02-05 02:11:00+00:00,-57.395901
2020-02-05 02:12:00+00:00,-91.057434
2020-02-05 02:13:00+00:00,-98.264374
2020-02-05 02:14:00+00:00,-113.599754
2020-02-05 02:15:00+00:00,-114.744705
2020-02-05 02:16:00+00:00,-90.96096
2020-02-05 02:17:00+00:00,-59.489727
2020-02-05 02:18:00+00:00,-83.919281
2020-02-05 02:19:00+00:00,-92.06929
2020-02-05 02:20:00+00:00,-85.524948
2020-02-05 02:21:00+00:00,-61.928337
2020-02-05 02:22:00+00:00,-56.987003
2020-02-05 02:23:00+00:00,-65.025635
2020-02-05 02:24:00+00:00,-107.150726
2020-02-05 02:25:00+00:00,-133.110291
2020-02-05 02:26:00+00:00,-129.526428
2020-02-05 02:27:00+00:00,-114.925026
2020-02-05 02:28:00+00:00,-108.178658
2020-02-05 02:29:00+00:00,-118.48848
2020-02-05 02:30:00+00:00,-112.964386
2020-02-05 02:31:00+00:00,-93.631714
2020-02-05 02:32:00+00:00,-80.770721
2020-02-05 02:33:00+00:00,-53.832088
2020-02-05 02:34:00+00:00,-28.153687
2020-02-05 02:35:00+00:00,-16.931829
2020-02-05 02:36:00+00:00,-10.850547
2020-02-05 02:37:00+00:00,-15.361604
2020-02-05 02:38:00+00:00,-14.502247
2020-02-05 02:39:00+00:00,-16.439472
2020-02-05 02:40:00+00:00,-14.371683
2020-02-05 02:41:00+00:00,-11.723079
2020-02-05 02:42:00+00:00,-11.688557
2020-02-05 02:43:00+00:00,-11.420342
2020-02-05 02:44:00+00:00,-14.085568
2020-02-05 02:45:00+00:00,-15.010975
2020-02-05 02:46:00+00:00,-13.932297
2020-02-05 02:47:00+00:00,-8.851435
2020-02-12 00:00:00+00:00,-93.328873
2020-02-12 00:01:00+00:00,-101.353416
2020-02-12 00:02:00+00:00,-95.091034
2020-02-12 00:03:00+00:00,-91.055145
2020-02-12 00:04:00+00:00,-87.930984
2020-02-12 00:05:00+00:00,-88.903923
2020-02-12 00:06:00+00:00,-89.133987
2020-02-12 00:07:00+00:00,-90.011963
2020-02-12 00:08:00+00:00,-91.347282
2020-02-12 00:09:00+00:00,-88.315872
2020-02-12 00:10:00+00:00,-87.338524
2020-02-12 00:11:00+00:00,-83.927086
2020-02-12 00:12:00+00:00,-80.589264
2020-02-12 00:13:00+00:00,-76.282211
2020-02-12 00:14:00+00:00,-74.499985
2020-02-12 00:15:00+00:00,-73.373497
2020-02-12 00:16:00+00:00,-73.39695
2020-02-12 00:17:00+00:00,-66.31929
2020-02-12 00:18:00+00:00,-62.471664
2020-02-12 00:19:00+00:00,-58.442879
2020-02-12 00:20:00+00:00,-55.998173
2020-02-12 00:21:00+00:00,-48.409279
2020-02-12 00:22:00+00:00,-48.119556
2020-02-12 00:23:00+00:00,-52.284363
2020-02-12 00:24:00+00:00,-56.065971
2020-02-12 00:25:00+00:00,-56.022957
2020-02-12 00:26:00+00:00,-52.300861
2020-02-12 00:27:00+00:00,-50.691681
2020-02-12 00:28:00+00:00,-49.607529
2020-02-12 00:29:00+00:00,-51.944916
2020-02-12 00:30:00+00:00,-58.300537
2020-02-12 00:31:00+00:00,-49.603043
2020-02-12 00:32:00+00:00,-45.843472
2020-02-12 00:33:00+00:00,-45.465118
2020-02-12 00:34:00+00:00,-48.140568
2020-02-12 00:35:00+00:00,-46.695908
2020-02-12 00:36:00+00:00,-41.836319
2020-02-12 00:37:00+00:00,-36.912285
2020-02-12 00:38:00+00:00,-39.499107
2020-02-12 00:39:00+00:00,-39.855469
2020-02-12 00:40:00+00:00,-39.100639
2020-02-12 00:41:00+00:00,-37.897564
2020-02-12 00:42:00+00:00,-38.256165
2020-02-12 00:43:00+00:00,-40.889175
2020-02-12 00:44:00+00:00,-35.916882
2020-02-12 00:45:00+00:00,-29.872896
2020-02-12 00:46:00+00:00,-25.912891
2020-02-12 00:47:00+00:00,-22.960882
2020-02-12 00:48:00+00:00,-22.185625
2020-02-12 00:49:00+00:00,-19.70451
2020-02-12 00:50:00+00:00,-17.051508
2020-02-12 00:51:00+00:00,-17.435631
2020-02-12 00:52:00+00:00,-19.480749
2020-02-12 00:53:00+00:00,-20.019611
2020-02-12 00:54:00+00:00,-18.012939
2020-02-12 00:55:00+00:00,-16.462896
2020-02-12 00:56:00+00:00,-14.764935
2020-02-12 00:57:00+00:00,-12.73196
2020-02-12 00:58:00+00:00,-12.812246
2020-02-12 00:59:00+00:00,-13.05784
2020-02-12 01:00:00+00:00,-13.344264
2020-02-12 01:01:00+00:00,-9.608912
2020-02-12 01:02:00+00:00,-8.109203
2020-02-12 01:03:00+00:00,-16.345247
2020-02-12 01:04:00+00:00,-15.626578
2020-02-12 01:05:00+00:00,-9.785968
2020-02-12 01:06:00+00:00,-6.589155
2020-02-12 01:07:00+00:00,-8.036472
2020-02-12 01:08:00+00:00,-12.712554
2020-02-12 01:09:00+00:00,-12.646503
2020-02-12 01:10:00+00:00,-7.126815
2020-02-12 01:11:00+00:00,-4.204257
2020-02-12 01:12:00+00:00,-4.769627
2020-02-12 01:13:00+00:00,-5.754776
2020-02-12 01:14:00+00:00,-5.157163
2020-02-12 01:15:00+00:00,-5.114318
2020-02-12 01:16:00+00:00,-6.151467
2020-02-12 01:17:00+00:00,-5.569724
2020-02-12 01:18:00+00:00,-4.636333
2020-02-12 01:19:00+00:00,-4.575049
2020-02-12 01:20:00+00:00,-4.870597
2020-02-12 01:21:00+00:00,-5.40845
2020-02-12 01:22:00+00:00,-5.356704
2020-02-12 01:23:00+00:00,-5.816918
2020-02-12 01:24:00+00:00,-5.383732
2020-02-12 01:25:00+00:00,-5.347316
2020-02-12 01:26:00+00:00,-5.507532
2020-02-12 01:27:00+00:00,-5.130917
2020-02-12 01:28:00+00:00,-5.922688
2020-02-12 01:29:00+00:00,-10.690685
2020-02-12 01:30:00+00:00,-16.892159
2020-02-12 01:31:00+00:00,-19.165783
2020-02-12 01:32:00+00:00,-14.097933
2020-02-12 01:33:00+00:00,-10.857202
2020-02-12 01:34:00+00:00,-12.659336
2020-02-12 01:35:00+00:00,-12.868713
2020-02-12 01:36:00+00:00,-10.35294
2020-02-12 01:37:00+00:00,-7.409582
2020-02-12 01:38:00+00:00,-5.90084
2020-02-12 01:39:00+00:00,-7.538332
2020-02-12 01:40:00+00:00,-10.449062
2020-02-12 01:41:00+00:00,-14.297188
2020-02-12 01:42:00+00:00,-32.862724
2020-02-12 01:43:00+00:00,-45.701637
2020-02-12 01:44:00+00:00,-48.119354
2020-02-12 01:45:00+00:00,-49.682434
2020-02-12 01:46:00+00:00,-44.003319
2020-02-12 01:47:00+00:00,-43.244896
2020-02-12 01:48:00+00:00,-36.124203
2020-02-12 01:49:00+00:00,-34.310982
2020-02-12 01:50:00+00:00,-26.945093
2020-02-12 01:51:00+00:00,-29.524441
2020-02-12 01:52:00+00:00,-24.968065
2020-02-12 01:53:00+00:00,-27.942114
2020-02-12 01:54:00+00:00,-33.965046
2020-02-12 01:55:00+00:00,-30.535307
2020-02-12 01:56:00+00:00,-28.410755
2020-02-12 01:57:00+00:00,-31.19241
2020-02-12 01:58:00+00:00,-44.824554
2020-02-12 01:59:00+00:00,-55.792614
2020-02-12 02:00:00+00:00,-49.139526
2020-02-12 02:01:00+00:00,-43.328079
2020-02-12 02:02:00+00:00,-39.254814
2020-02-12 02:03:00+00:00,-34.225281
2020-02-12 02:04:00+00:00,-32.776733
2020-02-12 02:05:00+00:00,-34.047703
2020-02-12 02:06:00+00:00,-34.129173
2020-02-12 02:07:00+00:00,-37.595207
2020-02-12 02:08:00+00:00,-44.148136
2020-02-12 02:09:00+00:00,-50.128601
2020-02-12 02:10:00+00:00,-53.361027
2020-02-12 02:11:00+00:00,-55.022942
2020-02-12 02:12:00+00:00,-57.67025
2020-02-12 02:13:00+00:00,-55.323219
2020-02-12 02:14:00+00:00,-83.117439
2020-02-12 02:15:00+00:00,-93.694771
2020-02-12 02:16:00+00:00,-111.662575
2020-02-12 02:17:00+00:00,-133.000687
2020-02-12 02:18:00+00:00,-102.56456
2020-02-12 02:19:00+00:00,-102.810928
2020-02-12 02:20:00+00:00,-113.944832
2020-02-12 02:21:00+00:00,-105.73233
2020-02-12 02:22:00+00:00,-100.522278
2020-02-12 02:23:00+00:00,-95.306824
2020-02-12 02:24:00+00:00,-96.25119
2020-02-12 02:25:00+00:00,-96.979416
2020-02-12 02:26:00+00:00,-96.019958
2020-02-12 02:27:00+00:00,-87.008614
2020-02-12 02:28:00+00:00,-80.231613
2020-02-12 02:29:00+00:00,-68.002518
2020-02-12 02:30:00+00:00,-95.176468
2020-02-12 02:31:00+00:00,-113.451385
2020-02-12 02:32:00+00:00,-193.520081
2020-02-12 02:33:00+00:00,-247.023376
2020-02-12 02:34:00+00:00,-306.282104
2020-02-12 02:35:00+00:00,-232.017334
2020-02-12 02:36:00+00:00,-146.76413
2020-02-12 02:37:00+00:00,-228.826004
2020-02-12 02:38:00+00:00,-340.438538
2020-02-12 02:39:00+00:00,-227.628494
2020-02-12 02:40:00+00:00,-178.523712
2020-02-12 02:41:00+00:00,-154.869202
2020-02-12 02:42:00+00:00,-148.528961
2020-02-12 02:43:00+00:00,-148.916595
2020-02-12 02:44:00+00:00,-156.304794
2020-02-12 02:45:00+00:00,-151.968414
2020-02-12 02:46:00+00:00,-131.609558
2020-02-12 02:47:00+00:00,-304.66861
2020-02-19 00:00:00+00:00,-166.676407
2020-02-19 00:01:00+00:00,-137.860382
2020-02-19 00:02:00+00:00,-134.041748
2020-02-19 00:03:00+00:00,-129.076431
2020-02-19 00:04:00+00:00,-109.998291
2020-02-19 00:05:00+00:00,-89.877113
2020-02-19 00:06:00+00:00,-59.249722
2020-02-19 00:07:00+00:00,-49.451504
2020-02-19 00:08:00+00:00,-56.719482
2020-02-19 00:09:00+00:00,-45.984753
2020-02-19 00:10:00+00:00,-40.043633
2020-02-19 00:11:00+00:00,-41.26112
2020-02-19 00:12:00+00:00,-40.749649
2020-02-19 00:13:00+00:00,-35.359184
2020-02-19 00:14:00+00:00,-32.771709
2020-02-19 00:15:00+00:00,-32.456573
2020-02-19 00:16:00+00:00,-32.483269
2020-02-19 00:17:00+00:00,-32.616768
2020-02-19 00:18:00+00:00,-32.664345
2020-02-19 00:19:00+00:00,-32.492516
2020-02-19 00:20:00+00:00,-31.851933
2020-02-19 00:21:00+00:00,-31.909887
2020-02-19 00:22:00+00:00,-31.663124
2020-02-19 00:23:00+00:00,-31.444944
2020-02-19 00:24:00+00:00,-31.269682
2020-02-19 00:25:00+00:00,-30.996021
2020-02-19 00:26:00+00:00,-31.021116
2020-02-19 00:27:00+00:00,-30.773951
2020-02-19 00:28:00+00:00,-30.075167
2020-02-19 00:29:00+00:00,-29.749331
2020-02-19 00:30:00+00:00,-29.506651
2020-02-19 00:31:00+00:00,-29.277647
2020-02-19 00:32:00+00:00,-29.075371
2020-02-19 00:33:00+00:00,-29.172028
2020-02-19 00:34:00+00:00,-28.871559
2020-02-19 00:35:00+00:00,-28.84852
2020-02-19 00:36:00+00:00,-28.932238
2020-02-19 00:37:00+00:00,-45.497749
2020-02-19 00:38:00+00:00,-36.061283
2020-02-19 00:39:00+00:00,-29.666721
2020-02-19 00:40:00+00:00,-32.842911
2020-02-19 00:41:00+00:00,-35.000351
2020-02-19 00:42:00+00:00,-29.784288
2020-02-19 00:43:00+00:00,-27.91642
2020-02-19 00:44:00+00:00,-27.855183
2020-02-19 00:45:00+00:00,-27.914249
2020-02-19 00:46:00+00:00,-27.756512
2020-02-19 00:47:00+00:00,-27.971004
2020-02-19 00:48:00+00:00,-27.701099
2020-02-19 00:49:00+00:00,-32.181122
2020-02-19 00:50:00+00:00,-37.935051
2020-02-19 00:51:00+00:00,-39.706989
2020-02-19 00:52:00+00:00,-45.614506
2020-02-19 00:53:00+00:00,-65.586876
2020-02-19 00:54:00+00:00,-77.610794
2020-02-19 00:55:00+00:00,-73.91243
2020-02-19 00:56:00+00:00,-66.399361
2020-02-19 00:57:00+00:00,-60.081947
2020-02-19 00:58:00+00:00,-61.825584
2020-02-19 00:59:00+00:00,-65.10601
2020-02-19 01:00:00+00:00,-74.623062
2020-02-19 01:01:00+00:00,-65.180138
2020-02-19 01:02:00+00:00,-43.949093
2020-02-19 01:03:00+00:00,-36.333492
2020-02-19 01:04:00+00:00,-40.928707
2020-02-19 01:05:00+00:00,-49.876556
2020-02-19 01:06:00+00:00,-41.419899
2020-02-19 01:07:00+00:00,-33.808926
2020-02-19 01:08:00+00:00,-30.628553
2020-02-19 01:09:00+00:00,-36.633617
2020-02-19 01:10:00+00:00,-36.639477
2020-02-19 01:11:00+00:00,-38.643097
2020-02-19 01:12:00+00:00,-40.648426
2020-02-19 01:13:00+00:00,-42.655396
2020-02-19 01:14:00+00:00,-41.66391
2020-02-19 01:15:00+00:00,-38.672089
2020-02-19 01:16:00+00:00,-41.68174
2020-02-19 01:17:00+00:00,-44.690994
2020-02-19 01:18:00+00:00,-45.702614
2020-02-19 01:19:00+00:00,-44.710846
2020-02-19 01:20:00+00:00,-45.721371
2020-02-19 01:21:00+00:00,-44.734303
2020-02-19 01:22:00+00:00,-47.918266
2020-02-19 01:23:00+00:00,-52.656353
2020-02-19 01:24:00+00:00,-57.502762
2020-02-19 01:25:00+00:00,-60.186764
2020-02-19 01:26:00+00:00,-63.748024
2020-02-19 01:27:00+00:00,-65.798401
2020-02-19 01:28:00+00:00,-62.788261
2020-02-19 01:29:00+00:00,-63.553898
2020-02-19 01:30:00+00:00,-64.911697
2020-02-19 01:31:00+00:00,-62.938686
2020-02-19 01:32:00+00:00,-57.113319
2020-02-19 01:33:00+00:00,-55.441154
2020-02-19 01:34:00+00:00,-55.52943
2020-02-19 01:35:00+00:00,-57.155983
2020-02-19 01:36:00+00:00,-54.657852
2020-02-19 01:37:00+00:00,-51.691521
2020-02-19 01:38:00+00:00,-51.800575
2020-02-19 01:39:00+00:00,-52.760384
2020-02-19 01:40:00+00:00,-53.656162
2020-02-19 01:41:00+00:00,-53.065269
2020-02-19 01:42:00+00:00,-52.712685
2020-02-19 01:43:00+00:00,-51.643768
2020-02-19 01:44:00+00:00,-49.02301
2020-02-19 01:45:00+00:00,-46.285919
2020-02-19 01:46:00+00:00,-45.116013
2020-02-19 01:47:00+00:00,-42.531872
2020-02-19 01:48:00+00:00,-37.860931
2020-02-19 01:49:00+00:00,-34.243263
2020-02-19 01:50:00+00:00,-32.245926
2020-02-19 01:51:00+00:00,-28.414118
2020-02-19 01:52:00+00:00,-26.682367
2020-02-19 01:53:00+00:00,-24.216639
2020-02-19 01:54:00+00:00,-24.236374
2020-02-19 01:55:00+00:00,-24.244654
2020-02-19 01:56:00+00:00,-24.137749
2020-02-19 01:57:00+00:00,-24.470844
2020-02-19 01:58:00+00:00,-24.495335
2020-02-19 01:59:00+00:00,-24.059015
2020-02-19 02:00:00+00:00,-23.401901
2020-02-19 02:01:00+00:00,-22.817081
2020-02-19 02:02:00+00:00,-22.66943
2020-02-19 02:03:00+00:00,-22.376486
2020-02-19 02:04:00+00:00,-22.370626
2020-02-19 02:05:00+00:00,-22.262962
2020-02-19 02:06:00+00:00,-22.36228
2020-02-19 02:07:00+00:00,-22.486742
2020-02-19 02:08:00+00:00,-22.564272
2020-02-19 02:09:00+00:00,-22.607681
2020-02-19 02:10:00+00:00,-22.49964
2020-02-19 02:11:00+00:00,-22.576967
2020-02-19 02:12:00+00:00,-22.513222
2020-02-19 02:13:00+00:00,-22.166101
2020-02-19 02:14:00+00:00,-21.685907
2020-02-19 02:15:00+00:00,-21.49683
2020-02-19 02:16:00+00:00,-21.26907
2020-02-19 02:17:00+00:00,-21.07819
2020-02-19 02:18:00+00:00,-21.104164
2020-02-19 02:19:00+00:00,-21.317423
2020-02-19 02:20:00+00:00,-21.437008
2020-02-19 02:21:00+00:00,-21.19311
2020-02-19 02:22:00+00:00,-20.744226
2020-02-19 02:23:00+00:00,-20.938253
2020-02-19 02:24:00+00:00,-20.362394
2020-02-19 02:25:00+00:00,-20.253193
2020-02-19 02:26:00+00:00,-20.366364
2020-02-19 02:27:00+00:00,-20.496958
2020-02-19 02:28:00+00:00,-20.663033
2020-02-19 02:29:00+00:00,-20.671055
2020-02-19 02:30:00+00:00,-20.520168
2020-02-19 02:31:00+00:00,-21.290298
2020-02-19 02:32:00+00:00,-23.907137
2020-02-19 02:33:00+00:00,-22.801231
2020-02-19 02:34:00+00:00,-21.268299
2020-02-19 02:35:00+00:00,-24.309715
2020-02-19 02:36:00+00:00,-29.161358
2020-02-19 02:37:00+00:00,-34.172676
2020-02-19 02:38:00+00:00,-33.18359
2020-02-19 02:39:00+00:00,-31.192904
2020-02-19 02:40:00+00:00,-31.204622
2020-02-19 02:41:00+00:00,-33.212685
2020-02-19 02:42:00+00:00,-32.22205
2020-02-19 02:43:00+00:00,-32.230637
2020-02-19 02:44:00+00:00,-35.236389
2020-02-19 02:45:00+00:00,-45.242279
2020-02-19 02:46:00+00:00,-66.247185
2020-02-19 02:47:00+00:00,-83.250145
2020-02-26 00:00:00+00:00,-37.117828
2020-02-26 00:01:00+00:00,-34.927185
2020-02-26 00:02:00+00:00,-31.761961
2020-02-26 00:03:00+00:00,-28.632805
2020-02-26 00:04:00+00:00,-25.818056
2020-02-26 00:05:00+00:00,-27.389893
2020-02-26 00:06:00+00:00,-32.405949
2020-02-26 00:07:00+00:00,-37.304615
2020-02-26 00:08:00+00:00,-42.475555
2020-02-26 00:09:00+00:00,-48.708725
2020-02-26 00:10:00+00:00,-53.259014
2020-02-26 00:11:00+00:00,-60.372463
2020-02-26 00:12:00+00:00,-62.957222
2020-02-26 00:13:00+00:00,-60.913681
2020-02-26 00:14:00+00:00,-59.587479
2020-02-26 00:15:00+00:00,-58.707489
2020-02-26 00:16:00+00:00,-60.385628
2020-02-26 00:17:00+00:00,-57.376991
2020-02-26 00:18:00+00:00,-52.192482
2020-02-26 00:19:00+00:00,-41.346802
2020-02-26 00:20:00+00:00,-36.658447
2020-02-26 00:21:00+00:00,-31.342329
2020-02-26 00:22:00+00:00,-39.106586
2020-02-26 00:23:00+00:00,-41.256966
2020-02-26 00:24:00+00:00,-44.585564
2020-02-26 00:25:00+00:00,-41.127651
2020-02-26 00:26:00+00:00,-33.783226
2020-02-26 00:27:00+00:00,-25.607534
2020-02-26 00:28:00+00:00,-29.71011
2020-02-26 00:29:00+00:00,-26.865391
2020-02-26 00:30:00+00:00,-24.288422
2020-02-26 00:31:00+00:00,-27.355408
2020-02-26 00:32:00+00:00,-25.799368
2020-02-26 00:33:00+00:00,-22.448568
2020-02-26 00:34:00+00:00,-19.333605
2020-02-26 00:35:00+00:00,-14.962463
2020-02-26 00:36:00+00:00,-17.398037
2020-02-26 00:37:00+00:00,-14.070532
2020-02-26 00:38:00+00:00,-13.598576
2020-02-26 00:39:00+00:00,-14.328279
2020-02-26 00:40:00+00:00,-17.654736
2020-02-26 00:41:00+00:00,-17.294464
2020-02-26 00:42:00+00:00,-17.122185
2020-02-26 00:43:00+00:00,-17.458767
2020-02-26 00:44:00+00:00,-21.006783
2020-02-26 00:45:00+00:00,-20.123224
2020-02-26 00:46:00+00:00,-16.192316
2020-02-26 00:47:00+00:00,-15.00659
2020-02-26 00:48:00+00:00,-16.215899
2020-02-26 00:49:00+00:00,-18.384253
2020-02-26 00:50:00+00:00,-14.996473
2020-02-26 00:51:00+00:00,-10.83141
2020-02-26 00:52:00+00:00,-10.703966
2020-02-26 00:53:00+00:00,-13.253337
2020-02-26 00:54:00+00:00,-15.80322
2020-02-26 00:55:00+00:00,-17.891924
2020-02-26 00:56:00+00:00,-24.182997
2020-02-26 00:57:00+00:00,-31.609617
2020-02-26 00:58:00+00:00,-51.626831
2020-02-26 00:59:00+00:00,-47.958717
2020-02-26 01:00:00+00:00,-40.818272
2020-02-26 01:01:00+00:00,-36.413742
2020-02-26 01:02:00+00:00,-29.265789
2020-02-26 01:03:00+00:00,-23.140165
2020-02-26 01:04:00+00:00,-42.459831
2020-02-26 01:05:00+00:00,-59.995159
2020-02-26 01:06:00+00:00,-80.837685
2020-02-26 01:07:00+00:00,-79.738647
2020-02-26 01:08:00+00:00,-65.958557
2020-02-26 01:09:00+00:00,-77.332176
2020-02-26 01:10:00+00:00,-88.497292
2020-02-26 01:11:00+00:00,-81.534317
2020-02-26 01:12:00+00:00,-81.038788
2020-02-26 01:13:00+00:00,-82.856369
2020-02-26 01:14:00+00:00,-81.312416
2020-02-26 01:15:00+00:00,-69.454475
2020-02-26 01:16:00+00:00,-56.357006
2020-02-26 01:17:00+00:00,-55.486519
2020-02-26 01:18:00+00:00,-42.47311
2020-02-26 01:19:00+00:00,-29.898705
2020-02-26 01:20:00+00:00,-27.746428
2020-02-26 01:21:00+00:00,-40.138577
2020-02-26 01:22:00+00:00,-51.552704
2020-02-26 01:23:00+00:00,-52.010075
2020-02-26 01:24:00+00:00,-48.87706
2020-02-26 01:25:00+00:00,-49.693481
2020-02-26 01:26:00+00:00,-42.61272
2020-02-26 01:27:00+00:00,-31.602486
2020-02-26 01:28:00+00:00,-22.645632
2020-02-26 01:29:00+00:00,-16.546761
2020-02-26 01:30:00+00:00,-16.197376
2020-02-26 01:31:00+00:00,-22.367954
2020-02-26 01:32:00+00:00,-29.877987
2020-02-26 01:33:00+00:00,-26.252991
2020-02-26 01:34:00+00:00,-17.192379
2020-02-26 01:35:00+00:00,-16.606234
2020-02-26 01:36:00+00:00,-16.861786
2020-02-26 01:37:00+00:00,-17.568924
2020-02-26 01:38:00+00:00,-18.372408
2020-02-26 01:39:00+00:00,-19.415298
2020-02-26 01:40:00+00:00,-19.439924
2020-02-26 01:41:00+00:00,-23.151577
2020-02-26 01:42:00+00:00,-22.500265
2020-02-26 01:43:00+00:00,-21.933313
2020-02-26 01:44:00+00:00,-31.536236
2020-02-26 01:45:00+00:00,-37.968548
2020-02-26 01:46:00+00:00,-46.855904
2020-02-26 01:47:00+00:00,-51.098713
2020-02-26 01:48:00+00:00,-55.808228
2020-02-26 01:49:00+00:00,-52.431995
2020-02-26 01:50:00+00:00,-59.937286
2020-02-26 01:51:00+00:00,-59.816418
2020-02-26 01:52:00+00:00,-67.399231
2020-02-26 01:53:00+00:00,-80.367661
2020-02-26 01:54:00+00:00,-77.387405
2020-02-26 01:55:00+00:00,-59.606213
2020-02-26 01:56:00+00:00,-56.490715
2020-02-26 01:57:00+00:00,-63.071316
2020-02-26 01:58:00+00:00,-63.386257
2020-02-26 01:59:00+00:00,-55.843746
2020-02-26 02:00:00+00:00,-41.090202
2020-02-26 02:01:00+00:00,-30.346951
2020-02-26 02:02:00+00:00,-29.371016
2020-02-26 02:03:00+00:00,-30.234337
2020-02-26 02:04:00+00:00,-40.104946
2020-02-26 02:05:00+00:00,-42.295185
2020-02-26 02:06:00+00:00,-40.029621
2020-02-26 02:07:00+00:00,-37.138149
2020-02-26 02:08:00+00:00,-43.195076
2020-02-26 02:09:00+00:00,-46.876511
2020-02-26 02:10:00+00:00,-44.538429
2020-02-26 02:11:00+00:00,-35.439148
2020-02-26 02:12:00+00:00,-32.796135
2020-02-26 02:13:00+00:00,-50.578728
2020-02-26 02:14:00+00:00,-54.252048
2020-02-26 02:15:00+00:00,-51.384434
2020-02-26 02:16:00+00:00,-53.497063
2020-02-26 02:17:00+00:00,-49.714939
2020-02-26 02:18:00+00:00,-42.427208
2020-02-26 02:19:00+00:00,-38.915833
2020-02-26 02:20:00+00:00,-32.191437
2020-02-26 02:21:00+00:00,-27.737431
2020-02-26 02:22:00+00:00,-24.929071
2020-02-26 02:23:00+00:00,-30.486038
2020-02-26 02:24:00+00:00,-36.418056
2020-02-26 02:25:00+00:00,-37.307056
2020-02-26 02:26:00+00:00,-37.008282
2020-02-26 02:27:00+00:00,-35.426212
2020-02-26 02:28:00+00:00,-39.200672
2020-02-26 02:29:00+00:00,-52.110146
2020-02-26 02:30:00+00:00,-68.61367
2020-02-26 02:31:00+00:00,-79.094315
2020-02-26 02:32:00+00:00,-90.613121
2020-02-26 02:33:00+00:00,-91.952141
2020-02-26 02:34:00+00:00,-99.137856
2020-02-26 02:35:00+00:00,-96.231583
2020-02-26 02:36:00+00:00,-69.673897
2020-02-26 02:37:00+00:00,-48.492878
2020-02-26 02:38:00+00:00,-37.514671
2020-02-26 02:39:00+00:00,-20.506289
2020-02-26 02:40:00+00:00,-12.362864
2020-02-26 02:41:00+00:00,-11.45784
2020-02-26 02:42:00+00:00,-11.492442
2020-02-26 02:43:00+00:00,-18.499374
2020-02-26 02:44:00+00:00,-25.720812
2020-02-26 02:45:00+00:00,-26.892393
2020-02-26 02:46:00+00:00,-28.037569
2020-02-26 02:47:00+00:00,-18.406322
2020-03-04 00:00:00+00:00,-14.123179
2020-03-04 00:01:00+00:00,-14.127452
2020-03-04 00:02:00+00:00,-13.385747
2020-03-04 00:03:00+00:00,-14.263617
2020-03-04 00:04:00+00:00,-15.087916
2020-03-04 00:05:00+00:00,-15.152901
2020-03-04 00:06:00+00:00,-14.132114
2020-03-04 00:07:00+00:00,-13.973124
2020-03-04 00:08:00+00:00,-14.138543
2020-03-04 00:09:00+00:00,-16.070906
2020-03-04 00:10:00+00:00,-18.877146
2020-03-04 00:11:00+00:00,-19.831636
2020-03-04 00:12:00+00:00,-20.338526
2020-03-04 00:13:00+00:00,-19.656267
2020-03-04 00:14:00+00:00,-18.275925
2020-03-04 00:15:00+00:00,-17.301657
2020-03-04 00:16:00+00:00,-16.172768
2020-03-04 00:17:00+00:00,-15.552835
2020-03-04 00:18:00+00:00,-15.304323
2020-03-04 00:19:00+00:00,-14.845212
2020-03-04 00:20:00+00:00,-14.545846
2020-03-04 00:21:00+00:00,-14.094502
2020-03-04 00:22:00+00:00,-13.944519
2020-03-04 00:23:00+00:00,-13.784187
2020-03-04 00:24:00+00:00,-14.68686
2020-03-04 00:25:00+00:00,-15.012984
2020-03-04 00:26:00+00:00,-14.210639
2020-03-04 00:27:00+00:00,-12.801484
2020-03-04 00:28:00+00:00,-12.091038
2020-03-04 00:29:00+00:00,-11.643911
2020-03-04 00:30:00+00:00,-11.467788
2020-03-04 00:31:00+00:00,-11.697525
2020-03-04 00:32:00+00:00,-12.029238
2020-03-04 00:33:00+00:00,-13.339997
2020-03-04 00:34:00+00:00,-13.891411
2020-03-04 00:35:00+00:00,-14.543934
2020-03-04 00:36:00+00:00,-16.013288
2020-03-04 00:37:00+00:00,-16.229252
2020-03-04 00:38:00+00:00,-16.887053
2020-03-04 00:39:00+00:00,-17.157631
2020-03-04 00:40:00+00:00,-16.894533
2020-03-04 00:41:00+00:00,-15.953164
2020-03-04 00:42:00+00:00,-14.906821
2020-03-04 00:43:00+00:00,-14.538658
2020-03-04 00:44:00+00:00,-14.920981
2020-03-04 00:45:00+00:00,-14.449264
2020-03-04 00:46:00+00:00,-15.020993
2020-03-04 00:47:00+00:00,-16.479708
2020-03-04 00:48:00+00:00,-21.042467
2020-03-04 00:49:00+00:00,-23.903393
2020-03-04 00:50:00+00:00,-24.262712
2020-03-04 00:51:00+00:00,-19.523663
2020-03-04 00:52:00+00:00,-13.660601
2020-03-04 00:53:00+00:00,-12.736923
2020-03-04 00:54:00+00:00,-12.605214
2020-03-04 00:55:00+00:00,-12.011609
2020-03-04 00:56:00+00:00,-12.766685
2020-03-04 00:57:00+00:00,-12.966533
2020-03-04 00:58:00+00:00,-12.589719
2020-03-04 00:59:00+00:00,-11.563918
2020-03-04 01:00:00+00:00,-11.367711
2020-03-04 01:01:00+00:00,-11.733377
2020-03-04 01:02:00+00:00,-12.441211
2020-03-04 01:03:00+00:00,-15.358297
2020-03-04 01:04:00+00:00,-19.929146
2020-03-04 01:05:00+00:00,-29.872189
2020-03-04 01:06:00+00:00,-37.460388
2020-03-04 01:07:00+00:00,-35.95414
2020-03-04 01:08:00+00:00,-40.06292
2020-03-04 01:09:00+00:00,-43.021946
2020-03-04 01:10:00+00:00,-37.640671
2020-03-04 01:11:00+00:00,-34.825809
2020-03-04 01:12:00+00:00,-32.204979
2020-03-04 01:13:00+00:00,-29.66341
2020-03-04 01:14:00+00:00,-28.60313
2020-03-04 01:15:00+00:00,-26.454298
2020-03-04 01:16:00+00:00,-24.521278
2020-03-04 01:17:00+00:00,-22.273293
2020-03-04 01:18:00+00:00,-21.964903
2020-03-04 01:19:00+00:00,-19.670807
2020-03-04 01:20:00+00:00,-15.24711
2020-03-04 01:21:00+00:00,-12.120092
2020-03-04 01:22:00+00:00,-11.360484
2020-03-04 01:23:00+00:00,-10.89023
2020-03-04 01:24:00+00:00,-10.543684
2020-03-04 01:25:00+00:00,-10.299246
2020-03-04 01:26:00+00:00,-10.124958
2020-03-04 01:27:00+00:00,-9.909243
2020-03-04 01:28:00+00:00,-9.991259
2020-03-04 01:29:00+00:00,-9.9596
2020-03-04 01:30:00+00:00,-9.461063
2020-03-04 01:31:00+00:00,-9.608658
2020-03-04 01:32:00+00:00,-9.746462
2020-03-04 01:33:00+00:00,-9.128035
2020-03-04 01:34:00+00:00,-9.123813
2020-03-04 01:35:00+00:00,-9.979518
2020-03-04 01:36:00+00:00,-9.563657
2020-03-04 01:37:00+00:00,-9.410994
2020-03-04 01:38:00+00:00,-11.452959
2020-03-04 01:39:00+00:00,-13.759444
2020-03-04 01:40:00+00:00,-14.571894
2020-03-04 01:41:00+00:00,-13.684841
2020-03-04 01:42:00+00:00,-11.577181
2020-03-04 01:43:00+00:00,-9.692858
2020-03-04 01:44:00+00:00,-9.496534
2020-03-04 01:45:00+00:00,-10.791273
2020-03-04 01:46:00+00:00,-10.940786
2020-03-04 01:47:00+00:00,-11.601766
2020-03-04 01:48:00+00:00,-11.54423
2020-03-04 01:49:00+00:00,-11.483478
2020-03-04 01:50:00+00:00,-10.792055
2020-03-04 01:51:00+00:00,-10.539766
2020-03-04 01:52:00+00:00,-10.375509
2020-03-04 01:53:00+00:00,-10.348595
2020-03-04 01:54:00+00:00,-10.36012
2020-03-04 01:55:00+00:00,-10.51972
2020-03-04 01:56:00+00:00,-11.276095
2020-03-04 01:57:00+00:00,-11.643462
2020-03-04 01:58:00+00:00,-12.09025
2020-03-04 01:59:00+00:00,-12.29841
2020-03-04 02:00:00+00:00,-13.045707
2020-03-04 02:01:00+00:00,-13.169993
2020-03-04 02:02:00+00:00,-24.454153
2020-03-04 02:03:00+00:00,-31.079718
2020-03-04 02:04:00+00:00,-32.609146
2020-03-04 02:05:00+00:00,-37.71431
2020-03-04 02:06:00+00:00,-37.658016
2020-03-04 02:07:00+00:00,-32.787888
2020-03-04 02:08:00+00:00,-21.645084
2020-03-04 02:09:00+00:00,-18.390253
2020-03-04 02:10:00+00:00,-17.487713
2020-03-04 02:11:00+00:00,-19.10173
2020-03-04 02:12:00+00:00,-21.885496
2020-03-04 02:13:00+00:00,-25.496479
2020-03-04 02:14:00+00:00,-28.503845
2020-03-04 02:15:00+00:00,-28.90202
2020-03-04 02:16:00+00:00,-24.373407
2020-03-04 02:17:00+00:00,-14.15564
2020-03-04 02:18:00+00:00,-7.756273
2020-03-04 02:19:00+00:00,-7.809736
2020-03-04 02:20:00+00:00,-10.935041
2020-03-04 02:21:00+00:00,-12.814079
2020-03-04 02:22:00+00:00,-13.426689
2020-03-04 02:23:00+00:00,-11.264566
2020-03-04 02:24:00+00:00,-13.100287
2020-03-04 02:25:00+00:00,-13.200954
2020-03-04 02:26:00+00:00,-11.241656
2020-03-04 02:27:00+00:00,-10.456762
2020-03-04 02:28:00+00:00,-9.404869
2020-03-04 02:29:00+00:00,-9.761268
2020-03-04 02:30:00+00:00,-10.053789
2020-03-04 02:31:00+00:00,-10.416252
2020-03-04 02:32:00+00:00,-10.039589
2020-03-04 02:33:00+00:00,-9.267065
2020-03-04 02:34:00+00:00,-9.439974
2020-03-04 02:35:00+00:00,-7.641329
2020-03-04 02:36:00+00:00,-7.330026
2020-03-04 02:37:00+00:00,-7.797653
2020-03-04 02:38:00+00:00,-10.103754
2020-03-04 02:39:00+00:00,-7.262656
2020-03-04 02:40:00+00:00,-6.648767
2020-03-04 02:41:00+00:00,-6.499428
2020-03-04 02:42:00+00:00,-6.196679
2020-03-04 02:43:00+00:00,-5.691487
2020-03-04 02:44:00+00:00,-5.605867
2020-03-04 02:45:00+00:00,-5.800853
2020-03-04 02:46:00+00:00,-5.788865
2020-03-04 02:47:00+00:00,-5.78898
2020-03-11 00:00:00+00:00,-78.193314
2020-03-11 00:01:00+00:00,-75.865021
2020-03-11 00:02:00+00:00,-69.252106
2020-03-11 00:03:00+00:00,-63.213356
2020-03-11 00:04:00+00:00,-57.93671
2020-03-11 00:05:00+00:00,-56.63538
2020-03-11 00:06:00+00:00,-67.087212
2020-03-11 00:07:00+00:00,-77.715645
2020-03-11 00:08:00+00:00,-135.003448
2020-03-11 00:09:00+00:00,-175.93071
2020-03-11 00:10:00+00:00,-152.00209
2020-03-11 00:11:00+00:00,-138.958298
2020-03-11 00:12:00+00:00,-143.331192
2020-03-11 00:13:00+00:00,-175.407242
2020-03-11 00:14:00+00:00,-185.542648
2020-03-11 00:15:00+00:00,-171.768234
2020-03-11 00:16:00+00:00,-156.916534
2020-03-11 00:17:00+00:00,-179.153046
2020-03-11 00:18:00+00:00,-171.505753
2020-03-11 00:19:00+00:00,-195.180084
2020-03-11 00:20:00+00:00,-260.046783
2020-03-11 00:21:00+00:00,-277.328033
2020-03-11 00:22:00+00:00,-292.903107
2020-03-11 00:23:00+00:00,-299.606171
2020-03-11 00:24:00+00:00,-272.162476
2020-03-11 00:25:00+00:00,-269.042145
2020-03-11 00:26:00+00:00,-261.247803
2020-03-11 00:27:00+00:00,-260.014252
2020-03-11 00:28:00+00:00,-244.442688
2020-03-11 00:29:00+00:00,-230.264984
2020-03-11 00:30:00+00:00,-224.655624
2020-03-11 00:31:00+00:00,-215.141129
2020-03-11 00:32:00+00:00,-208.88501
2020-03-11 00:33:00+00:00,-209.051651
2020-03-11 00:34:00+00:00,-187.256958
2020-03-11 00:35:00+00:00,-181.072525
2020-03-11 00:36:00+00:00,-176.435577
2020-03-11 00:37:00+00:00,-169.725143
2020-03-11 00:38:00+00:00,-167.788055
2020-03-11 00:39:00+00:00,-163.679718
2020-03-11 00:40:00+00:00,-163.101562
2020-03-11 00:41:00+00:00,-160.09436
2020-03-11 00:42:00+00:00,-151.852676
2020-03-11 00:43:00+00:00,-150.621429
2020-03-11 00:44:00+00:00,-146.928146
2020-03-11 00:45:00+00:00,-140.09201
2020-03-11 00:46:00+00:00,-136.010635
2020-03-11 00:47:00+00:00,-128.517868
2020-03-11 00:48:00+00:00,-122.845291
2020-03-11 00:49:00+00:00,-116.287697
2020-03-11 00:50:00+00:00,-109.158699
2020-03-11 00:51:00+00:00,-101.106613
2020-03-11 00:52:00+00:00,-94.104172
2020-03-11 00:53:00+00:00,-87.10746
2020-03-11 00:54:00+00:00,-78.845901
2020-03-11 00:55:00+00:00,-70.756081
2020-03-11 00:56:00+00:00,-67.027351
2020-03-11 00:57:00+00:00,-62.171059
2020-03-11 00:58:00+00:00,-56.632011
2020-03-11 00:59:00+00:00,-51.286118
2020-03-11 01:00:00+00:00,-45.353035
2020-03-11 01:01:00+00:00,-41.961296
2020-03-11 01:02:00+00:00,-39.422993
2020-03-11 01:03:00+00:00,-35.602337
2020-03-11 01:04:00+00:00,-30.378157
2020-03-11 01:05:00+00:00,-27.199612
2020-03-11 01:06:00+00:00,-23.585196
2020-03-11 01:07:00+00:00,-21.681814
2020-03-11 01:08:00+00:00,-21.943991
2020-03-11 01:09:00+00:00,-18.767174
2020-03-11 01:10:00+00:00,-17.893742
2020-03-11 01:11:00+00:00,-16.718102
2020-03-11 01:12:00+00:00,-19.521421
2020-03-11 01:13:00+00:00,-13.671233
2020-03-11 01:14:00+00:00,-11.34414
2020-03-11 01:15:00+00:00,-32.701035
2020-03-11 01:16:00+00:00,-53.661163
2020-03-11 01:17:00+00:00,-42.868156
2020-03-11 01:18:00+00:00,-39.240059
2020-03-11 01:19:00+00:00,-31.394228
2020-03-11 01:20:00+00:00,-15.318235
2020-03-11 01:21:00+00:00,-12.420746
2020-03-11 01:22:00+00:00,-12.885746
2020-03-11 01:23:00+00:00,-11.646712
2020-03-11 01:24:00+00:00,-22.892323
2020-03-11 01:25:00+00:00,-22.35392
2020-03-11 01:26:00+00:00,-18.291502
2020-03-11 01:27:00+00:00,-18.51124
2020-03-11 01:28:00+00:00,-28.239134
2020-03-11 01:29:00+00:00,-39.819538
2020-03-11 01:30:00+00:00,-40.551117
2020-03-11 01:31:00+00:00,-49.166592
2020-03-11 01:32:00+00:00,-41.850544
2020-03-11 01:33:00+00:00,-30.995678
2020-03-11 01:34:00+00:00,-20.041162
2020-03-11 01:35:00+00:00,-24.167805
2020-03-11 01:36:00+00:00,-42.355133
2020-03-11 01:37:00+00:00,-49.217079
2020-03-11 01:38:00+00:00,-59.521252
2020-03-11 01:39:00+00:00,-61.906395
2020-03-11 01:40:00+00:00,-74.348335
2020-03-11 01:41:00+00:00,-60.877205
2020-03-11 01:42:00+00:00,-54.324455
2020-03-11 01:43:00+00:00,-48.421562
2020-03-11 01:44:00+00:00,-54.407581
2020-03-11 01:45:00+00:00,-71.809853
2020-03-11 01:46:00+00:00,-63.359783
2020-03-11 01:47:00+00:00,-37.797619
2020-03-11 01:48:00+00:00,-30.735628
2020-03-11 01:49:00+00:00,-36.078598
2020-03-11 01:50:00+00:00,-29.19462
2020-03-11 01:51:00+00:00,-17.222651
2020-03-11 01:52:00+00:00,-17.60219
2020-03-11 01:53:00+00:00,-20.096956
2020-03-11 01:54:00+00:00,-35.938057
2020-03-11 01:55:00+00:00,-53.559555
2020-03-11 01:56:00+00:00,-69.181206
2020-03-11 01:57:00+00:00,-48.354301
2020-03-11 01:58:00+00:00,-44.470562
2020-03-11 01:59:00+00:00,-42.498863
2020-03-11 02:00:00+00:00,-40.764248
2020-03-11 02:01:00+00:00,-33.575573
2020-03-11 02:02:00+00:00,-52.227741
2020-03-11 02:03:00+00:00,-58.806808
2020-03-11 02:04:00+00:00,-57.258919
2020-03-11 02:05:00+00:00,-63.662312
2020-03-11 02:06:00+00:00,-60.188717
2020-03-11 02:07:00+00:00,-39.862602
2020-03-11 02:08:00+00:00,-32.137142
2020-03-11 02:09:00+00:00,-23.264143
2020-03-11 02:10:00+00:00,-14.922432
2020-03-11 02:11:00+00:00,-11.592334
2020-03-11 02:12:00+00:00,-11.084988
2020-03-11 02:13:00+00:00,-11.236595
2020-03-11 02:14:00+00:00,-14.312004
2020-03-11 02:15:00+00:00,-13.447508
2020-03-11 02:16:00+00:00,-10.32391
2020-03-11 02:17:00+00:00,-14.195215
2020-03-11 02:18:00+00:00,-14.720976
2020-03-11 02:19:00+00:00,-14.207242
2020-03-11 02:20:00+00:00,-19.242092
2020-03-11 02:21:00+00:00,-19.238775
2020-03-11 02:22:00+00:00,-15.635298
2020-03-11 02:23:00+00:00,-10.722221
2020-03-11 02:24:00+00:00,-6.200623
2020-03-11 02:25:00+00:00,-5.033012
2020-03-11 02:26:00+00:00,-6.818324
2020-03-11 02:27:00+00:00,-9.101167
2020-03-11 02:28:00+00:00,-9.224647
2020-03-11 02:29:00+00:00,-8.675133
2020-03-11 02:30:00+00:00,-8.350043
2020-03-11 02:31:00+00:00,-7.78004
2020-03-11 02:32:00+00:00,-8.525638
2020-03-11 02:33:00+00:00,-9.466571
2020-03-11 02:34:00+00:00,-11.291899
2020-03-11 02:35:00+00:00,-11.783208
2020-03-11 02:36:00+00:00,-11.017254
2020-03-11 02:37:00+00:00,-10.098927
2020-03-11 02:38:00+00:00,-9.718567
2020-03-11 02:39:00+00:00,-10.031052
2020-03-11 02:40:00+00:00,-10.239848
2020-03-11 02:41:00+00:00,-10.240553
2020-03-11 02:42:00+00:00,-10.106264
2020-03-11 02:43:00+00:00,-10.392731
2020-03-11 02:44:00+00:00,-10.606649
2020-03-11 02:45:00+00:00,-10.302274
2020-03-11 02:46:00+00:00,-10.588346
2020-03-11 02:47:00+00:00,-11.208213
2020-03-18 00:00:00+00:00,-49.168537
2020-03-18 00:01:00+00:00,-42.69046
2020-03-18 00:02:00+00:00,-41.509838
2020-03-18 00:03:00+00:00,-41.860565
2020-03-18 00:04:00+00:00,-39.324272
2020-03-18 00:05:00+00:00,-26.964537
2020-03-18 00:06:00+00:00,-20.51726
2020-03-18 00:07:00+00:00,-23.08897
2020-03-18 00:08:00+00:00,-18.574184
2020-03-18 00:09:00+00:00,-15.744385
2020-03-18 00:10:00+00:00,-13.623519
2020-03-18 00:11:00+00:00,-12.455728
2020-03-18 00:12:00+00:00,-14.555961
2020-03-18 00:13:00+00:00,-17.246193
2020-03-18 00:14:00+00:00,-16.909636
2020-03-18 00:15:00+00:00,-17.942656
2020-03-18 00:16:00+00:00,-21.711544
2020-03-18 00:17:00+00:00,-21.130318
2020-03-18 00:18:00+00:00,-18.213089
2020-03-18 00:19:00+00:00,-17.858839
2020-03-18 00:20:00+00:00,-13.805385
2020-03-18 00:21:00+00:00,-12.083911
2020-03-18 00:22:00+00:00,-11.818525
2020-03-18 00:23:00+00:00,-13.556817
2020-03-18 00:24:00+00:00,-15.848894
2020-03-18 00:25:00+00:00,-21.245506
2020-03-18 00:26:00+00:00,-25.646896
2020-03-18 00:27:00+00:00,-27.581404
2020-03-18 00:28:00+00:00,-36.181637
2020-03-18 00:29:00+00:00,-37.844688
2020-03-18 00:30:00+00:00,-36.568123
2020-03-18 00:31:00+00:00,-28.918411
2020-03-18 00:32:00+00:00,-29.796022
2020-03-18 00:33:00+00:00,-34.336639
2020-03-18 00:34:00+00:00,-32.907494
2020-03-18 00:35:00+00:00,-37.089485
2020-03-18 00:36:00+00:00,-44.719551
2020-03-18 00:37:00+00:00,-48.284969
2020-03-18 00:38:00+00:00,-52.677494
2020-03-18 00:39:00+00:00,-47.802029
2020-03-18 00:40:00+00:00,-41.816906
2020-03-18 00:41:00+00:00,-40.21656
2020-03-18 00:42:00+00:00,-36.976845
2020-03-18 00:43:00+00:00,-38.700714
2020-03-18 00:44:00+00:00,-41.499508
2020-03-18 00:45:00+00:00,-34.953808
2020-03-18 00:46:00+00:00,-30.682508
2020-03-18 00:47:00+00:00,-33.415546
2020-03-18 00:48:00+00:00,-41.536442
2020-03-18 00:49:00+00:00,-41.544991
2020-03-18 00:50:00+00:00,-38.4981
2020-03-18 00:51:00+00:00,-43.94558
2020-03-18 00:52:00+00:00,-48.646339
2020-03-18 00:53:00+00:00,-61.484051
2020-03-18 00:54:00+00:00,-94.265587
2020-03-18 00:55:00+00:00,-85.486374
2020-03-18 00:56:00+00:00,-83.769348
2020-03-18 00:57:00+00:00,-79.770889
2020-03-18 00:58:00+00:00,-67.63533
2020-03-18 00:59:00+00:00,-56.234116
2020-03-18 01:00:00+00:00,-50.985935
2020-03-18 01:01:00+00:00,-46.290737
2020-03-18 01:02:00+00:00,-42.295387
2020-03-18 01:03:00+00:00,-37.084763
2020-03-18 01:04:00+00:00,-34.926449
2020-03-18 01:05:00+00:00,-44.420864
2020-03-18 01:06:00+00:00,-39.778938
2020-03-18 01:07:00+00:00,-29.508423
2020-03-18 01:08:00+00:00,-26.038113
2020-03-18 01:09:00+00:00,-19.152843
2020-03-18 01:10:00+00:00,-14.70092
2020-03-18 01:11:00+00:00,-11.127638
2020-03-18 01:12:00+00:00,-11.302649
2020-03-18 01:13:00+00:00,-10.546485
2020-03-18 01:14:00+00:00,-13.66564
2020-03-18 01:15:00+00:00,-15.161293
2020-03-18 01:16:00+00:00,-14.879412
2020-03-18 01:17:00+00:00,-14.460797
2020-03-18 01:18:00+00:00,-15.067487
2020-03-18 01:19:00+00:00,-18.554026
2020-03-18 01:20:00+00:00,-17.509766
2020-03-18 01:21:00+00:00,-21.754637
2020-03-18 01:22:00+00:00,-20.9615
2020-03-18 01:23:00+00:00,-20.906616
2020-03-18 01:24:00+00:00,-26.335312
2020-03-18 01:25:00+00:00,-36.328838
2020-03-18 01:26:00+00:00,-40.052181
2020-03-18 01:27:00+00:00,-40.440918
2020-03-18 01:28:00+00:00,-37.172516
2020-03-18 01:29:00+00:00,-26.413015
2020-03-18 01:30:00+00:00,-21.508055
2020-03-18 01:31:00+00:00,-18.260574
2020-03-18 01:32:00+00:00,-16.962366
2020-03-18 01:33:00+00:00,-19.148893
2020-03-18 01:34:00+00:00,-18.087833
2020-03-18 01:35:00+00:00,-13.532309
2020-03-18 01:36:00+00:00,-14.344461
2020-03-18 01:37:00+00:00,-15.883402
2020-03-18 01:38:00+00:00,-14.286242
2020-03-18 01:39:00+00:00,-14.050962
2020-03-18 01:40:00+00:00,-11.345057
2020-03-18 01:41:00+00:00,-10.257385
2020-03-18 01:42:00+00:00,-11.424195
2020-03-18 01:43:00+00:00,-15.102249
2020-03-18 01:44:00+00:00,-16.687561
2020-03-18 01:45:00+00:00,-17.879343
2020-03-18 01:46:00+00:00,-17.98572
2020-03-18 01:47:00+00:00,-16.991804
2020-03-18 01:48:00+00:00,-17.64468
2020-03-18 01:49:00+00:00,-19.406292
2020-03-18 01:50:00+00:00,-19.417349
2020-03-18 01:51:00+00:00,-18.100235
2020-03-18 01:52:00+00:00,-17.17271
2020-03-18 01:53:00+00:00,-16.280792
2020-03-18 01:54:00+00:00,-20.99765
2020-03-18 01:55:00+00:00,-22.44293
2020-03-18 01:56:00+00:00,-24.035248
2020-03-18 01:57:00+00:00,-27.138466
2020-03-18 01:58:00+00:00,-23.232349
2020-03-18 01:59:00+00:00,-13.326437
2020-03-18 02:00:00+00:00,-13.552331
2020-03-18 02:01:00+00:00,-12.73186
2020-03-18 02:02:00+00:00,-12.482641
2020-03-18 02:03:00+00:00,-16.513325
2020-03-18 02:04:00+00:00,-17.913639
2020-03-18 02:05:00+00:00,-14.896496
2020-03-18 02:06:00+00:00,-11.999818
2020-03-18 02:07:00+00:00,-11.213303
2020-03-18 02:08:00+00:00,-13.565754
2020-03-18 02:09:00+00:00,-18.154346
2020-03-18 02:10:00+00:00,-21.971426
2020-03-18 02:11:00+00:00,-25.244514
2020-03-18 02:12:00+00:00,-21.795393
2020-03-18 02:13:00+00:00,-16.329977
2020-03-18 02:14:00+00:00,-16.816225
2020-03-18 02:15:00+00:00,-16.491356
2020-03-18 02:16:00+00:00,-16.18989
2020-03-18 02:17:00+00:00,-19.361593
2020-03-18 02:18:00+00:00,-20.734453
2020-03-18 02:19:00+00:00,-22.6035
2020-03-18 02:20:00+00:00,-20.620678
2020-03-18 02:21:00+00:00,-19.712685
2020-03-18 02:22:00+00:00,-20.251682
2020-03-18 02:23:00+00:00,-22.405167
2020-03-18 02:24:00+00:00,-22.956327
2020-03-18 02:25:00+00:00,-21.288448
2020-03-18 02:26:00+00:00,-18.385885
2020-03-18 02:27:00+00:00,-16.402405
2020-03-18 02:28:00+00:00,-15.867332
2020-03-18 02:29:00+00:00,-17.868687
2020-03-18 02:30:00+00:00,-13.174874
2020-03-18 02:31:00+00:00,-9.234226
2020-03-18 02:32:00+00:00,-8.847303
2020-03-18 02:33:00+00:00,-9.042305
2020-03-18 02:34:00+00:00,-9.118667
2020-03-18 02:35:00+00:00,-8.980341
2020-03-18 02:36:00+00:00,-8.516596
2020-03-18 02:37:00+00:00,-8.680513
2020-03-18 02:38:00+00:00,-9.378575
2020-03-18 02:39:00+00:00,-10.664943
2020-03-18 02:40:00+00:00,-10.408981
2020-03-18 02:41:00+00:00,-12.177553
2020-03-18 02:42:00+00:00,-13.24292
2020-03-18 02:43:00+00:00,-14.600021
2020-03-18 02:44:00+00:00,-15.575796
2020-03-18 02:45:00+00:00,-17.224415
2020-03-18 02:46:00+00:00,-15.962695
2020-03-18 02:47:00+00:00,-15.139034
2020-03-25 00:00:00+00:00,-16.220367
2020-03-25 00:01:00+00:00,-17.300127
2020-03-25 00:02:00+00:00,-19.068451
2020-03-25 00:03:00+00:00,-19.871374
2020-03-25 00:04:00+00:00,-21.399681
2020-03-25 00:05:00+00:00,-28.593809
2020-03-25 00:06:00+00:00,-29.315582
2020-03-25 00:07:00+00:00,-27.478638
2020-03-25 00:08:00+00:00,-18.419075
2020-03-25 00:09:00+00:00,-16.149923
2020-03-25 00:10:00+00:00,-15.180786
2020-03-25 00:11:00+00:00,-17.523647
2020-03-25 00:12:00+00:00,-18.626013
2020-03-25 00:13:00+00:00,-18.378559
2020-03-25 00:14:00+00:00,-14.565037
2020-03-25 00:15:00+00:00,-16.590666
2020-03-25 00:16:00+00:00,-19.287045
2020-03-25 00:17:00+00:00,-20.901369
2020-03-25 00:18:00+00:00,-23.15476
2020-03-25 00:19:00+00:00,-26.631741
2020-03-25 00:20:00+00:00,-24.833101
2020-03-25 00:21:00+00:00,-24.477327
2020-03-25 00:22:00+00:00,-23.50671
2020-03-25 00:23:00+00:00,-20.878746
2020-03-25 00:24:00+00:00,-12.700903
2020-03-25 00:25:00+00:00,-6.156368
2020-03-25 00:26:00+00:00,-10.655101
2020-03-25 00:27:00+00:00,-13.717968
2020-03-25 00:28:00+00:00,-12.751472
2020-03-25 00:29:00+00:00,-7.693003
2020-03-25 00:30:00+00:00,-6.863856
2020-03-25 00:31:00+00:00,-10.823056
2020-03-25 00:32:00+00:00,-9.479958
2020-03-25 00:33:00+00:00,-13.138655
2020-03-25 00:34:00+00:00,-12.295559
2020-03-25 00:35:00+00:00,-20.310165
2020-03-25 00:36:00+00:00,-13.024911
2020-03-25 00:37:00+00:00,-14.02306
2020-03-25 00:38:00+00:00,-15.987148
2020-03-25 00:39:00+00:00,-15.036503
2020-03-25 00:40:00+00:00,-16.122734
2020-03-25 00:41:00+00:00,-16.22401
2020-03-25 00:42:00+00:00,-18.75893
2020-03-25 00:43:00+00:00,-18.280888
2020-03-25 00:44:00+00:00,-17.782671
2020-03-25 00:45:00+00:00,-18.850845
2020-03-25 00:46:00+00:00,-18.182386
2020-03-25 00:47:00+00:00,-25.745884
2020-03-25 00:48:00+00:00,-64.424927
2020-03-25 00:49:00+00:00,-79.060921
2020-03-25 00:50:00+00:00,-134.891693
2020-03-25 00:51:00+00:00,-162.549316
2020-03-25 00:52:00+00:00,-218.6922
2020-03-25 00:53:00+00:00,-243.907669
2020-03-25 00:54:00+00:00,-177.750839
2020-03-25 00:55:00+00:00,-186.804947
2020-03-25 00:56:00+00:00,-201.028137
2020-03-25 00:57:00+00:00,-207.245331
2020-03-25 00:58:00+00:00,-191.453918
2020-03-25 00:59:00+00:00,-278.076904
2020-03-25 01:00:00+00:00,-326.097015
2020-03-25 01:01:00+00:00,-327.424744
2020-03-25 01:02:00+00:00,-283.683533
2020-03-25 01:03:00+00:00,-212.266235
2020-03-25 01:04:00+00:00,-284.2836
2020-03-25 01:05:00+00:00,-329.547394
2020-03-25 01:06:00+00:00,-345.173187
2020-03-25 01:07:00+00:00,-209.390457
2020-03-25 01:08:00+00:00,-318.847076
2020-03-25 01:09:00+00:00,-308.50119
2020-03-25 01:10:00+00:00,-262.886444
2020-03-25 01:11:00+00:00,-243.285034
2020-03-25 01:12:00+00:00,-217.395782
2020-03-25 01:13:00+00:00,-209.574692
2020-03-25 01:14:00+00:00,-208.981354
2020-03-25 01:15:00+00:00,-200.203247
2020-03-25 01:16:00+00:00,-186.257202
2020-03-25 01:17:00+00:00,-185.003723
2020-03-25 01:18:00+00:00,-166.789246
2020-03-25 01:19:00+00:00,-182.057953
2020-03-25 01:20:00+00:00,-178.902832
2020-03-25 01:21:00+00:00,-183.841232
2020-03-25 01:22:00+00:00,-187.367218
2020-03-25 01:23:00+00:00,-181.699432
2020-03-25 01:24:00+00:00,-181.524292
2020-03-25 01:25:00+00:00,-183.102432
2020-03-25 01:26:00+00:00,-182.889786
2020-03-25 01:27:00+00:00,-193.299896
2020-03-25 01:28:00+00:00,-187.500793
2020-03-25 01:29:00+00:00,-190.513748
2020-03-25 01:30:00+00:00,-186.501083
2020-03-25 01:31:00+00:00,-188.649979
2020-03-25 01:32:00+00:00,-196.121567
2020-03-25 01:33:00+00:00,-191.881516
2020-03-25 01:34:00+00:00,-184.643539
2020-03-25 01:35:00+00:00,-183.0103
2020-03-25 01:36:00+00:00,-182.689667
2020-03-25 01:37:00+00:00,-177.339767
2020-03-25 01:38:00+00:00,-175.244659
2020-03-25 01:39:00+00:00,-173.825348
2020-03-25 01:40:00+00:00,-176.615875
2020-03-25 01:41:00+00:00,-180.531204
2020-03-25 01:42:00+00:00,-185.646408
2020-03-25 01:43:00+00:00,-183.7155
2020-03-25 01:44:00+00:00,-177.069397
2020-03-25 01:45:00+00:00,-170.914108
2020-03-25 01:46:00+00:00,-164.129303
2020-03-25 01:47:00+00:00,-159.815796
2020-03-25 01:48:00+00:00,-157.040756
2020-03-25 01:49:00+00:00,-163.295364
2020-03-25 01:50:00+00:00,-178.658951
2020-03-25 01:51:00+00:00,-169.807175
2020-03-25 01:52:00+00:00,-161.102356
2020-03-25 01:53:00+00:00,-131.186768
2020-03-25 01:54:00+00:00,-125.986153
2020-03-25 01:55:00+00:00,-115.198631
2020-03-25 01:56:00+00:00,-133.766861
2020-03-25 01:57:00+00:00,-113.491791
2020-03-25 01:58:00+00:00,-97.708542
2020-03-25 01:59:00+00:00,-89.285416
2020-03-25 02:00:00+00:00,-86.795868
2020-03-25 02:01:00+00:00,-83.48484
2020-03-25 02:02:00+00:00,-81.840706
2020-03-25 02:03:00+00:00,-79.396309
2020-03-25 02:04:00+00:00,-78.124901
2020-03-25 02:05:00+00:00,-79.29081
2020-03-25 02:06:00+00:00,-79.732513
2020-03-25 02:07:00+00:00,-77.042755
2020-03-25 02:08:00+00:00,-75.565857
2020-03-25 02:09:00+00:00,-67.934349
2020-03-25 02:10:00+00:00,-62.701542
2020-03-25 02:11:00+00:00,-60.727753
2020-03-25 02:12:00+00:00,-61.239086
2020-03-25 02:13:00+00:00,-52.422863
2020-03-25 02:14:00+00:00,-45.54174
2020-03-25 02:15:00+00:00,-64.153389
2020-03-25 02:16:00+00:00,-70.330727
2020-03-25 02:17:00+00:00,-63.625481
2020-03-25 02:18:00+00:00,-38.952641
2020-03-25 02:19:00+00:00,-39.664368
2020-03-25 02:20:00+00:00,-37.275913
2020-03-25 02:21:00+00:00,-51.809109
2020-03-25 02:22:00+00:00,-57.469147
2020-03-25 02:23:00+00:00,-50.006199
2020-03-25 02:24:00+00:00,-28.508183
2020-03-25 02:25:00+00:00,-44.95163
2020-03-25 02:26:00+00:00,-54.536942
2020-03-25 02:27:00+00:00,-54.011955
2020-03-25 02:28:00+00:00,-49.678684
2020-03-25 02:29:00+00:00,-31.274643
2020-03-25 02:30:00+00:00,-26.44249
2020-03-25 02:31:00+00:00,-20.757364
2020-03-25 02:32:00+00:00,-20.27474
2020-03-25 02:33:00+00:00,-18.909966
2020-03-25 02:34:00+00:00,-21.77005
2020-03-25 02:35:00+00:00,-30.880396
2020-03-25 02:36:00+00:00,-31.63732
2020-03-25 02:37:00+00:00,-33.238106
2020-03-25 02:38:00+00:00,-36.346447
2020-03-25 02:39:00+00:00,-42.342529
2020-03-25 02:40:00+00:00,-15.578917
2020-03-25 02:41:00+00:00,-18.948729
2020-03-25 02:42:00+00:00,-18.257742
2020-03-25 02:43:00+00:00,-19.223799
2020-03-25 02:44:00+00:00,-15.241041
2020-03-25 02:45:00+00:00,-15.00127
2020-03-25 02:46:00+00:00,-16.1996
2020-03-25 02:47:00+00:00,-17.521694
2020-04-01 00:00:00+00:00,-21.893867
2020-04-01 00:01:00+00:00,-22.801933
2020-04-01 00:02:00+00:00,-25.599884
2020-04-01 00:03:00+00:00,-29.286781
2020-04-01 00:04:00+00:00,-28.395695
2020-04-01 00:05:00+00:00,-25.801586
2020-04-01 00:06:00+00:00,-21.875849
2020-04-01 00:07:00+00:00,-19.807486
2020-04-01 00:08:00+00:00,-17.885635
2020-04-01 00:09:00+00:00,-20.511347
2020-04-01 00:10:00+00:00,-21.350761
2020-04-01 00:11:00+00:00,-22.276445
2020-04-01 00:12:00+00:00,-23.684469
2020-04-01 00:13:00+00:00,-25.894512
2020-04-01 00:14:00+00:00,-26.531174
2020-04-01 00:15:00+00:00,-25.927998
2020-04-01 00:16:00+00:00,-25.228451
2020-04-01 00:17:00+00:00,-23.725071
2020-04-01 00:18:00+00:00,-21.469135
2020-04-01 00:19:00+00:00,-20.073936
2020-04-01 00:20:00+00:00,-18.90176
2020-04-01 00:21:00+00:00,-17.396969
2020-04-01 00:22:00+00:00,-16.28857
2020-04-01 00:23:00+00:00,-13.933475
2020-04-01 00:24:00+00:00,-12.020215
2020-04-01 00:25:00+00:00,-9.933075
2020-04-01 00:26:00+00:00,-10.361141
2020-04-01 00:27:00+00:00,-10.502492
2020-04-01 00:28:00+00:00,-20.362368
2020-04-01 00:29:00+00:00,-11.400808
2020-04-01 00:30:00+00:00,-9.610192
2020-04-01 00:31:00+00:00,-8.848259
2020-04-01 00:32:00+00:00,-9.363088
2020-04-01 00:33:00+00:00,-10.820777
2020-04-01 00:34:00+00:00,-9.704629
2020-04-01 00:35:00+00:00,-9.840734
2020-04-01 00:36:00+00:00,-17.617294
2020-04-01 00:37:00+00:00,-27.063389
2020-04-01 00:38:00+00:00,-10.11036
2020-04-01 00:39:00+00:00,-11.447323
2020-04-01 00:40:00+00:00,-13.002809
2020-04-01 00:41:00+00:00,-11.821118
2020-04-01 00:42:00+00:00,-33.890575
2020-04-01 00:43:00+00:00,-53.52002
2020-04-01 00:44:00+00:00,-53.811104
2020-04-01 00:45:00+00:00,-31.036545
2020-04-01 00:46:00+00:00,-21.925783
2020-04-01 00:47:00+00:00,-17.615009
2020-04-01 00:48:00+00:00,-12.436864
2020-04-01 00:49:00+00:00,-22.345457
2020-04-01 00:50:00+00:00,-21.047058
2020-04-01 00:51:00+00:00,-18.749159
2020-04-01 00:52:00+00:00,-10.013348
2020-04-01 00:53:00+00:00,-10.518837
2020-04-01 00:54:00+00:00,-10.69241
2020-04-01 00:55:00+00:00,-10.69029
2020-04-01 00:56:00+00:00,-10.655064
2020-04-01 00:57:00+00:00,-10.553506
2020-04-01 00:58:00+00:00,-10.454041
2020-04-01 00:59:00+00:00,-10.671102
2020-04-01 01:00:00+00:00,-10.638266
2020-04-01 01:01:00+00:00,-24.888428
2020-04-01 01:02:00+00:00,-25.465519
2020-04-01 01:03:00+00:00,-11.110246
2020-04-01 01:04:00+00:00,-12.873076
2020-04-01 01:05:00+00:00,-11.091259
2020-04-01 01:06:00+00:00,-10.639822
2020-04-01 01:07:00+00:00,-10.831923
2020-04-01 01:08:00+00:00,-12.257538
2020-04-01 01:09:00+00:00,-18.477125
2020-04-01 01:10:00+00:00,-17.807417
2020-04-01 01:11:00+00:00,-13.210861
2020-04-01 01:12:00+00:00,-23.561966
2020-04-01 01:13:00+00:00,-9.812525
2020-04-01 01:14:00+00:00,-12.612456
2020-04-01 01:15:00+00:00,-16.883718
2020-04-01 01:16:00+00:00,-30.947273
2020-04-01 01:17:00+00:00,-27.836985
2020-04-01 01:18:00+00:00,-19.310593
2020-04-01 01:19:00+00:00,-9.101313
2020-04-01 01:20:00+00:00,-9.788101
2020-04-01 01:21:00+00:00,-8.662943
2020-04-01 01:22:00+00:00,-11.989603
2020-04-01 01:23:00+00:00,-42.095085
2020-04-01 01:24:00+00:00,-75.031052
2020-04-01 01:25:00+00:00,-87.415245
2020-04-01 01:26:00+00:00,-79.36097
2020-04-01 01:27:00+00:00,-71.563965
2020-04-01 01:28:00+00:00,-56.859398
2020-04-01 01:29:00+00:00,-43.931274
2020-04-01 01:30:00+00:00,-33.38065
2020-04-01 01:31:00+00:00,-25.57399
2020-04-01 01:32:00+00:00,-23.121675
2020-04-01 01:33:00+00:00,-25.856897
2020-04-01 01:34:00+00:00,-25.505177
2020-04-01 01:35:00+00:00,-24.569433
2020-04-01 01:36:00+00:00,-21.869503
2020-04-01 01:37:00+00:00,-21.994255
2020-04-01 01:38:00+00:00,-23.871881
2020-04-01 01:39:00+00:00,-24.872555
2020-04-01 01:40:00+00:00,-25.938148
2020-04-01 01:41:00+00:00,-27.088196
2020-04-01 01:42:00+00:00,-28.565313
2020-04-01 01:43:00+00:00,-38.716293
2020-04-01 01:44:00+00:00,-33.836498
2020-04-01 01:45:00+00:00,-30.900944
2020-04-01 01:46:00+00:00,-30.375607
2020-04-01 01:47:00+00:00,-34.073128
2020-04-01 01:48:00+00:00,-57.601585
2020-04-01 01:49:00+00:00,-71.569679
2020-04-01 01:50:00+00:00,-68.336319
2020-04-01 01:51:00+00:00,-80.0037
2020-04-01 01:52:00+00:00,-90.79248
2020-04-01 01:53:00+00:00,-83.226768
2020-04-01 01:54:00+00:00,-84.315811
2020-04-01 01:55:00+00:00,-91.321014
2020-04-01 01:56:00+00:00,-84.6437
2020-04-01 01:57:00+00:00,-68.479851
2020-04-01 01:58:00+00:00,-60.992027
2020-04-01 01:59:00+00:00,-62.354797
2020-04-01 02:00:00+00:00,-65.075813
2020-04-01 02:01:00+00:00,-69.03054
2020-04-01 02:02:00+00:00,-68.932259
2020-04-01 02:03:00+00:00,-64.18721
2020-04-01 02:04:00+00:00,-57.806377
2020-04-01 02:05:00+00:00,-53.241325
2020-04-01 02:06:00+00:00,-53.46106
2020-04-01 02:07:00+00:00,-50.579819
2020-04-01 02:08:00+00:00,-44.007984
2020-04-01 02:09:00+00:00,-42.424706
2020-04-01 02:10:00+00:00,-41.971813
2020-04-01 02:11:00+00:00,-42.213741
2020-04-01 02:12:00+00:00,-44.340145
2020-04-01 02:13:00+00:00,-42.996044
2020-04-01 02:14:00+00:00,-41.187508
2020-04-01 02:15:00+00:00,-41.257027
2020-04-01 02:16:00+00:00,-42.995426
2020-04-01 02:17:00+00:00,-43.27277
2020-04-01 02:18:00+00:00,-43.076401
2020-04-01 02:19:00+00:00,-43.64325
2020-04-01 02:20:00+00:00,-46.808113
2020-04-01 02:21:00+00:00,-49.211296
2020-04-01 02:22:00+00:00,-49.278606
2020-04-01 02:23:00+00:00,-50.047287
2020-04-01 02:24:00+00:00,-50.754757
2020-04-01 02:25:00+00:00,-52.583202
2020-04-01 02:26:00+00:00,-54.924561
2020-04-01 02:27:00+00:00,-57.769497
2020-04-01 02:28:00+00:00,-58.099342
2020-04-01 02:29:00+00:00,-54.300026
2020-04-01 02:30:00+00:00,-49.97974
2020-04-01 02:31:00+00:00,-48.925365
2020-04-01 02:32:00+00:00,-49.574493
2020-04-01 02:33:00+00:00,-51.521961
2020-04-01 02:34:00+00:00,-68.38015
2020-04-01 02:35:00+00:00,-93.744957
2020-04-01 02:36:00+00:00,-59.218849
2020-04-01 02:37:00+00:00,-59.020042
2020-04-01 02:38:00+00:00,-109.587692
2020-04-01 02:39:00+00:00,-171.107193
2020-04-01 02:40:00+00:00,-255.21875
2020-04-01 02:41:00+00:00,-252.574448
2020-04-01 02:42:00+00:00,-249.216339
2020-04-01 02:43:00+00:00,-391.162537
2020-04-01 02:44:00+00:00,-370.813324
2020-04-01 02:45:00+00:00,-351.960114
2020-04-01 02:46:00+00:00,-345.14975
2020-04-01 02:47:00+00:00,-319.082092
2020-04-08 00:00:00+00:00,-39.771797
2020-04-08 00:01:00+00:00,-39.517872
2020-04-08 00:02:00+00:00,-38.760269
2020-04-08 00:03:00+00:00,-36.445267
2020-04-08 00:04:00+00:00,-35.228859
2020-04-08 00:05:00+00:00,-37.4338
2020-04-08 00:06:00+00:00,-38.661411
2020-04-08 00:07:00+00:00,-39.576721
2020-04-08 00:08:00+00:00,-41.555405
2020-04-08 00:09:00+00:00,-43.204491
2020-04-08 00:10:00+00:00,-46.027588
2020-04-08 00:11:00+00:00,-49.321571
2020-04-08 00:12:00+00:00,-51.838036
2020-04-08 00:13:00+00:00,-52.255402
2020-04-08 00:14:00+00:00,-55.067463
2020-04-08 00:15:00+00:00,-55.803131
2020-04-08 00:16:00+00:00,-55.135029
2020-04-08 00:17:00+00:00,-56.628212
2020-04-08 00:18:00+00:00,-55.442833
2020-04-08 00:19:00+00:00,-55.166336
2020-04-08 00:20:00+00:00,-50.841576
2020-04-08 00:21:00+00:00,-45.441746
2020-04-08 00:22:00+00:00,-39.371147
2020-04-08 00:23:00+00:00,-35.216202
2020-04-08 00:24:00+00:00,-33.638992
2020-04-08 00:25:00+00:00,-31.34412
2020-04-08 00:26:00+00:00,-30.367636
2020-04-08 00:27:00+00:00,-40.853191
2020-04-08 00:28:00+00:00,-47.119877
2020-04-08 00:29:00+00:00,-47.92371
2020-04-08 00:30:00+00:00,-44.004051
2020-04-08 00:31:00+00:00,-39.9091
2020-04-08 00:32:00+00:00,-33.919121
2020-04-08 00:33:00+00:00,-40.077995
2020-04-08 00:34:00+00:00,-53.587067
2020-04-08 00:35:00+00:00,-60.404785
2020-04-08 00:36:00+00:00,-60.731514
2020-04-08 00:37:00+00:00,-52.161911
2020-04-08 00:38:00+00:00,-40.077988
2020-04-08 00:39:00+00:00,-30.235935
2020-04-08 00:40:00+00:00,-30.344032
2020-04-08 00:41:00+00:00,-33.554863
2020-04-08 00:42:00+00:00,-44.710865
2020-04-08 00:43:00+00:00,-44.374199
2020-04-08 00:44:00+00:00,-70.900208
2020-04-08 00:45:00+00:00,-108.208916
2020-04-08 00:46:00+00:00,-92.772278
2020-04-08 00:47:00+00:00,-88.621895
2020-04-08 00:48:00+00:00,-74.04982
2020-04-08 00:49:00+00:00,-81.276154
2020-04-08 00:50:00+00:00,-103.400864
2020-04-08 00:51:00+00:00,-109.479782
2020-04-08 00:52:00+00:00,-118.889374
2020-04-08 00:53:00+00:00,-127.634712
2020-04-08 00:54:00+00:00,-84.647217
2020-04-08 00:55:00+00:00,-74.6651
2020-04-08 00:56:00+00:00,-66.389633
2020-04-08 00:57:00+00:00,-85.303009
2020-04-08 00:58:00+00:00,-119.432892
2020-04-08 00:59:00+00:00,-125.644135
2020-04-08 01:00:00+00:00,-109.526443
2020-04-08 01:01:00+00:00,-100.358444
2020-04-08 01:02:00+00:00,-99.843102
2020-04-08 01:03:00+00:00,-99.147385
2020-04-08 01:04:00+00:00,-109.052406
2020-04-08 01:05:00+00:00,-130.666
2020-04-08 01:06:00+00:00,-130.682159
2020-04-08 01:07:00+00:00,-149.44072
2020-04-08 01:08:00+00:00,-144.45285
2020-04-08 01:09:00+00:00,-120.194214
2020-04-08 01:10:00+00:00,-93.971878
2020-04-08 01:11:00+00:00,-59.589558
2020-04-08 01:12:00+00:00,-59.269859
2020-04-08 01:13:00+00:00,-62.326313
2020-04-08 01:14:00+00:00,-53.21933
2020-04-08 01:15:00+00:00,-58.862926
2020-04-08 01:16:00+00:00,-69.506668
2020-04-08 01:17:00+00:00,-51.289669
2020-04-08 01:18:00+00:00,-43.667004
2020-04-08 01:19:00+00:00,-48.993618
2020-04-08 01:20:00+00:00,-40.519806
2020-04-08 01:21:00+00:00,-34.992359
2020-04-08 01:22:00+00:00,-21.990582
2020-04-08 01:23:00+00:00,-26.469213
2020-04-08 01:24:00+00:00,-23.79464
2020-04-08 01:25:00+00:00,-27.51413
2020-04-08 01:26:00+00:00,-22.500233
2020-04-08 01:27:00+00:00,-18.173328
2020-04-08 01:28:00+00:00,-16.454342
2020-04-08 01:29:00+00:00,-18.222639
2020-04-08 01:30:00+00:00,-28.232584
2020-04-08 01:31:00+00:00,-26.883732
2020-04-08 01:32:00+00:00,-22.877817
2020-04-08 01:33:00+00:00,-18.057112
2020-04-08 01:34:00+00:00,-15.341029
2020-04-08 01:35:00+00:00,-17.837492
2020-04-08 01:36:00+00:00,-15.243251
2020-04-08 01:37:00+00:00,-8.648368
2020-04-08 01:38:00+00:00,-8.858049
2020-04-08 01:39:00+00:00,-10.783697
2020-04-08 01:40:00+00:00,-13.092867
2020-04-08 01:41:00+00:00,-23.073368
2020-04-08 01:42:00+00:00,-27.266233
2020-04-08 01:43:00+00:00,-20.00972
2020-04-08 01:44:00+00:00,-13.08369
2020-04-08 01:45:00+00:00,-12.570584
2020-04-08 01:46:00+00:00,-11.233058
2020-04-08 01:47:00+00:00,-10.582758
2020-04-08 01:48:00+00:00,-10.254892
2020-04-08 01:49:00+00:00,-11.872099
2020-04-08 01:50:00+00:00,-15.583309
2020-04-08 01:51:00+00:00,-14.331714
2020-04-08 01:52:00+00:00,-13.536869
2020-04-08 01:53:00+00:00,-12.89326
2020-04-08 01:54:00+00:00,-11.583848
2020-04-08 01:55:00+00:00,-11.393217
2020-04-08 01:56:00+00:00,-20.474781
2020-04-08 01:57:00+00:00,-25.8386
2020-04-08 01:58:00+00:00,-15.196738
2020-04-08 01:59:00+00:00,-13.495108
2020-04-08 02:00:00+00:00,-10.701304
2020-04-08 02:01:00+00:00,-9.925786
2020-04-08 02:02:00+00:00,-11.982698
2020-04-08 02:03:00+00:00,-15.756701
2020-04-08 02:04:00+00:00,-17.64797
2020-04-08 02:05:00+00:00,-17.656134
2020-04-08 02:06:00+00:00,-19.175535
2020-04-08 02:07:00+00:00,-19.292898
2020-04-08 02:08:00+00:00,-19.030548
2020-04-08 02:09:00+00:00,-16.918364
2020-04-08 02:10:00+00:00,-15.907302
2020-04-08 02:11:00+00:00,-17.86005
2020-04-08 02:12:00+00:00,-20.205551
2020-04-08 02:13:00+00:00,-19.080223
2020-04-08 02:14:00+00:00,-15.413016
2020-04-08 02:15:00+00:00,-13.204127
2020-04-08 02:16:00+00:00,-14.819536
2020-04-08 02:17:00+00:00,-17.463066
2020-04-08 02:18:00+00:00,-19.890961
2020-04-08 02:19:00+00:00,-21.484196
2020-04-08 02:20:00+00:00,-21.503918
2020-04-08 02:21:00+00:00,-21.193432
2020-04-08 02:22:00+00:00,-21.554094
2020-04-08 02:23:00+00:00,-22.036121
2020-04-08 02:24:00+00:00,-21.207495
2020-04-08 02:25:00+00:00,-20.406149
2020-04-08 02:26:00+00:00,-19.954733
2020-04-08 02:27:00+00:00,-18.466419
2020-04-08 02:28:00+00:00,-15.497231
2020-04-08 02:29:00+00:00,-13.486543
2020-04-08 02:30:00+00:00,-12.119685
2020-04-08 02:31:00+00:00,-12.803188
2020-04-08 02:32:00+00:00,-14.223606
2020-04-08 02:33:00+00:00,-11.776421
2020-04-08 02:34:00+00:00,-8.905748
2020-04-08 02:35:00+00:00,-7.000605
2020-04-08 02:36:00+00:00,-4.980712
2020-04-08 02:37:00+00:00,-4.356298
2020-04-08 02:38:00+00:00,-6.720316
2020-04-08 02:39:00+00:00,-9.131391
2020-04-08 02:40:00+00:00,-10.158083
2020-04-08 02:41:00+00:00,-10.454664
2020-04-08 02:42:00+00:00,-16.066143
2020-04-08 02:43:00+00:00,-21.287655
2020-04-08 02:44:00+00:00,-21.866871
2020-04-08 02:45:00+00:00,-19.267181
2020-04-08 02:46:00+00:00,-14.418635
2020-04-08 02:47:00+00:00,-13.508773
2020-04-15 00:00:00+00:00,-325.185272
2020-04-15 00:01:00+00:00,-327.545105
2020-04-15 00:02:00+00:00,-313.682434
2020-04-15 00:03:00+00:00,-313.666504
2020-04-15 00:04:00+00:00,-323.000824
2020-04-15 00:05:00+00:00,-323.459534
2020-04-15 00:06:00+00:00,-327.549713
2020-04-15 00:07:00+00:00,-353.270203
2020-04-15 00:08:00+00:00,-358.886566
2020-04-15 00:09:00+00:00,-366.069885
2020-04-15 00:10:00+00:00,-363.650665
2020-04-15 00:11:00+00:00,-395.213196
2020-04-15 00:12:00+00:00,-420.724365
2020-04-15 00:13:00+00:00,-383.611176
2020-04-15 00:14:00+00:00,-340.924255
2020-04-15 00:15:00+00:00,-336.005096
2020-04-15 00:16:00+00:00,-337.095459
2020-04-15 00:17:00+00:00,-356.748749
2020-04-15 00:18:00+00:00,-350.248993
2020-04-15 00:19:00+00:00,-357.372345
2020-04-15 00:20:00+00:00,-360.908752
2020-04-15 00:21:00+00:00,-385.153015
2020-04-15 00:22:00+00:00,-361.22406
2020-04-15 00:23:00+00:00,-337.164795
2020-04-15 00:24:00+00:00,-342.408508
2020-04-15 00:25:00+00:00,-335.542542
2020-04-15 00:26:00+00:00,-355.432587
2020-04-15 00:27:00+00:00,-372.834595
2020-04-15 00:28:00+00:00,-375.070068
2020-04-15 00:29:00+00:00,-405.332642
2020-04-15 00:30:00+00:00,-441.086456
2020-04-15 00:31:00+00:00,-470.690063
2020-04-15 00:32:00+00:00,-565.608459
2020-04-15 00:33:00+00:00,-497.213348
2020-04-15 00:34:00+00:00,-494.678711
2020-04-15 00:35:00+00:00,-480.889618
2020-04-15 00:36:00+00:00,-462.254486
2020-04-15 00:37:00+00:00,-503.510132
2020-04-15 00:38:00+00:00,-563.553345
2020-04-15 00:39:00+00:00,-589.773499
2020-04-15 00:40:00+00:00,-574.782349
2020-04-15 00:41:00+00:00,-531.471313
2020-04-15 00:42:00+00:00,-532.884583
2020-04-15 00:43:00+00:00,-531.959167
2020-04-15 00:44:00+00:00,-516.558899
2020-04-15 00:45:00+00:00,-480.47937
2020-04-15 00:46:00+00:00,-474.535889
2020-04-15 00:47:00+00:00,-480.61142
2020-04-15 00:48:00+00:00,-468.782043
2020-04-15 00:49:00+00:00,-471.744263
2020-04-15 00:50:00+00:00,-461.27005
2020-04-15 00:51:00+00:00,-467.184906
2020-04-15 00:52:00+00:00,-472.475677
2020-04-15 00:53:00+00:00,-478.360077
2020-04-15 00:54:00+00:00,-457.847351
2020-04-15 00:55:00+00:00,-437.7612
2020-04-15 00:56:00+00:00,-478.513123
2020-04-15 00:57:00+00:00,-448.44281
2020-04-15 00:58:00+00:00,-446.265625
2020-04-15 00:59:00+00:00,-448.899902
2020-04-15 01:00:00+00:00,-434.735077
2020-04-15 01:01:00+00:00,-433.454346
2020-04-15 01:02:00+00:00,-443.333221
2020-04-15 01:03:00+00:00,-446.032867
2020-04-15 01:04:00+00:00,-434.825714
2020-04-15 01:05:00+00:00,-444.293854
2020-04-15 01:06:00+00:00,-467.260468
2020-04-15 01:07:00+00:00,-497.123016
2020-04-15 01:08:00+00:00,-540.816772
2020-04-15 01:09:00+00:00,-578.937927
2020-04-15 01:10:00+00:00,-583.807495
2020-04-15 01:11:00+00:00,-591.198547
2020-04-15 01:12:00+00:00,-608.138184
2020-04-15 01:13:00+00:00,-615.191345
2020-04-15 01:14:00+00:00,-602.798523
2020-04-15 01:15:00+00:00,-569.759155
2020-04-15 01:16:00+00:00,-533.489014
2020-04-15 01:17:00+00:00,-532.654236
2020-04-15 01:18:00+00:00,-535.657166
2020-04-15 01:19:00+00:00,-551.81958
2020-04-15 01:20:00+00:00,-561.830811
2020-04-15 01:21:00+00:00,-560.782532
2020-04-15 01:22:00+00:00,-533.537842
2020-04-15 01:23:00+00:00,-515.888428
2020-04-15 01:24:00+00:00,-525.03064
2020-04-15 01:25:00+00:00,-514.222168
2020-04-15 01:26:00+00:00,-499.09436
2020-04-15 01:27:00+00:00,-480.360199
2020-04-15 01:28:00+00:00,-472.495239
2020-04-15 01:29:00+00:00,-457.739716
2020-04-15 01:30:00+00:00,-448.800812
2020-04-15 01:31:00+00:00,-439.067383
2020-04-15 01:32:00+00:00,-427.015961
2020-04-15 01:33:00+00:00,-421.460052
2020-04-15 01:34:00+00:00,-407.417725
2020-04-15 01:35:00+00:00,-391.046143
2020-04-15 01:36:00+00:00,-384.749847
2020-04-15 01:37:00+00:00,-382.314697
2020-04-15 01:38:00+00:00,-378.147888
2020-04-15 01:39:00+00:00,-372.729218
2020-04-15 01:40:00+00:00,-365.717865
2020-04-15 01:41:00+00:00,-359.6362
2020-04-15 01:42:00+00:00,-345.946594
2020-04-15 01:43:00+00:00,-327.252502
2020-04-15 01:44:00+00:00,-311.144806
2020-04-15 01:45:00+00:00,-303.622345
2020-04-15 01:46:00+00:00,-299.26001
2020-04-15 01:47:00+00:00,-302.658356
2020-04-15 01:48:00+00:00,-311.19632
2020-04-15 01:49:00+00:00,-321.913605
2020-04-15 01:50:00+00:00,-337.209198
2020-04-15 01:51:00+00:00,-340.535553
2020-04-15 01:52:00+00:00,-340.513489
2020-04-15 01:53:00+00:00,-340.546661
2020-04-15 01:54:00+00:00,-336.806427
2020-04-15 01:55:00+00:00,-312.125153
2020-04-15 01:56:00+00:00,-282.906555
2020-04-15 01:57:00+00:00,-271.694946
2020-04-15 01:58:00+00:00,-266.021942
2020-04-15 01:59:00+00:00,-258.358032
2020-04-15 02:00:00+00:00,-260.826538
2020-04-15 02:01:00+00:00,-271.939819
2020-04-15 02:02:00+00:00,-285.310577
2020-04-15 02:03:00+00:00,-273.008057
2020-04-15 02:04:00+00:00,-259.097351
2020-04-15 02:05:00+00:00,-250.690094
2020-04-15 02:06:00+00:00,-245.40213
2020-04-15 02:07:00+00:00,-238.796799
2020-04-15 02:08:00+00:00,-223.952026
2020-04-15 02:09:00+00:00,-214.266098
2020-04-15 02:10:00+00:00,-223.804245
2020-04-15 02:11:00+00:00,-229.50412
2020-04-15 02:12:00+00:00,-236.15773
2020-04-15 02:13:00+00:00,-230.398361
2020-04-15 02:14:00+00:00,-217.015991
2020-04-15 02:15:00+00:00,-203.889893
2020-04-15 02:16:00+00:00,-204.676453
2020-04-15 02:17:00+00:00,-199.256912
2020-04-15 02:18:00+00:00,-187.716202
2020-04-15 02:19:00+00:00,-175.191101
2020-04-15 02:20:00+00:00,-163.73027
2020-04-15 02:21:00+00:00,-172.067215
2020-04-15 02:22:00+00:00,-170.317856
2020-04-15 02:23:00+00:00,-164.951309
2020-04-15 02:24:00+00:00,-159.731689
2020-04-15 02:25:00+00:00,-169.644562
2020-04-15 02:26:00+00:00,-174.48407
2020-04-15 02:27:00+00:00,-175.4216
2020-04-15 02:28:00+00:00,-168.291351
2020-04-15 02:29:00+00:00,-160.992691
2020-04-15 02:30:00+00:00,-151.36264
2020-04-15 02:31:00+00:00,-146.582169
2020-04-15 02:32:00+00:00,-147.369904
2020-04-15 02:33:00+00:00,-149.092148
2020-04-15 02:34:00+00:00,-147.002945
2020-04-15 02:35:00+00:00,-142.388474
2020-04-15 02:36:00+00:00,-128.479355
2020-04-15 02:37:00+00:00,-108.802055
2020-04-15 02:38:00+00:00,-87.772614
2020-04-15 02:39:00+00:00,-62.430344
2020-04-15 02:40:00+00:00,-57.797756
2020-04-15 02:41:00+00:00,-64.613182
2020-04-15 02:42:00+00:00,-74.252716
2020-04-15 02:43:00+00:00,-73.428787
2020-04-15 02:44:00+00:00,-70.526321
2020-04-15 02:45:00+00:00,-64.700432
2020-04-15 02:46:00+00:00,-55.050468
2020-04-15 02:47:00+00:00,-58.799915
2020-04-22 00:00:00+00:00,-244.931824
2020-04-22 00:01:00+00:00,-240.306854
2020-04-22 00:02:00+00:00,-237.339157
2020-04-22 00:03:00+00:00,-229.077545
2020-04-22 00:04:00+00:00,-228.539993
2020-04-22 00:05:00+00:00,-226.110336
2020-04-22 00:06:00+00:00,-236.18869
2020-04-22 00:07:00+00:00,-246.761292
2020-04-22 00:08:00+00:00,-230.650497
2020-04-22 00:09:00+00:00,-247.475891
2020-04-22 00:10:00+00:00,-252.7724
2020-04-22 00:11:00+00:00,-252.818085
2020-04-22 00:12:00+00:00,-236.107529
2020-04-22 00:13:00+00:00,-276.440918
2020-04-22 00:14:00+00:00,-253.796844
2020-04-22 00:15:00+00:00,-248.574402
2020-04-22 00:16:00+00:00,-278.048218
2020-04-22 00:17:00+00:00,-330.495117
2020-04-22 00:18:00+00:00,-345.866821
2020-04-22 00:19:00+00:00,-286.167084
2020-04-22 00:20:00+00:00,-293.708557
2020-04-22 00:21:00+00:00,-298.484039
2020-04-22 00:22:00+00:00,-298.160126
2020-04-22 00:23:00+00:00,-318.748871
2020-04-22 00:24:00+00:00,-292.084473
2020-04-22 00:25:00+00:00,-293.537689
2020-04-22 00:26:00+00:00,-301.988647
2020-04-22 00:27:00+00:00,-318.324188
2020-04-22 00:28:00+00:00,-332.05304
2020-04-22 00:29:00+00:00,-332.892334
2020-04-22 00:30:00+00:00,-345.879974
2020-04-22 00:31:00+00:00,-347.328888
2020-04-22 00:32:00+00:00,-340.48584
2020-04-22 00:33:00+00:00,-340.622742
2020-04-22 00:34:00+00:00,-346.610291
2020-04-22 00:35:00+00:00,-354.964844
2020-04-22 00:36:00+00:00,-348.297302
2020-04-22 00:37:00+00:00,-342.339081
2020-04-22 00:38:00+00:00,-337.191437
2020-04-22 00:39:00+00:00,-339.697784
2020-04-22 00:40:00+00:00,-342.539368
2020-04-22 00:41:00+00:00,-342.54007
2020-04-22 00:42:00+00:00,-348.564789
2020-04-22 00:43:00+00:00,-357.190308
2020-04-22 00:44:00+00:00,-352.512299
2020-04-22 00:45:00+00:00,-349.920135
2020-04-22 00:46:00+00:00,-346.989563
2020-04-22 00:47:00+00:00,-344.746613
2020-04-22 00:48:00+00:00,-345.605316
2020-04-22 00:49:00+00:00,-327.054657
2020-04-22 00:50:00+00:00,-317.799286
2020-04-22 00:51:00+00:00,-302.304657
2020-04-22 00:52:00+00:00,-302.366089
2020-04-22 00:53:00+00:00,-304.060638
2020-04-22 00:54:00+00:00,-301.884705
2020-04-22 00:55:00+00:00,-291.897644
2020-04-22 00:56:00+00:00,-284.056244
2020-04-22 00:57:00+00:00,-287.181366
2020-04-22 00:58:00+00:00,-295.875366
2020-04-22 00:59:00+00:00,-305.514221
2020-04-22 01:00:00+00:00,-311.074036
2020-04-22 01:01:00+00:00,-326.123657
2020-04-22 01:02:00+00:00,-330.125549
2020-04-22 01:03:00+00:00,-332.40387
2020-04-22 01:04:00+00:00,-327.790405
2020-04-22 01:05:00+00:00,-326.121674
2020-04-22 01:06:00+00:00,-330.828979
2020-04-22 01:07:00+00:00,-336.500244
2020-04-22 01:08:00+00:00,-335.639038
2020-04-22 01:09:00+00:00,-337.719574
2020-04-22 01:10:00+00:00,-327.295288
2020-04-22 01:11:00+00:00,-326.16861
2020-04-22 01:12:00+00:00,-328.057861
2020-04-22 01:13:00+00:00,-330.272339
2020-04-22 01:14:00+00:00,-316.899933
2020-04-22 01:15:00+00:00,-300.817291
2020-04-22 01:16:00+00:00,-290.288635
2020-04-22 01:17:00+00:00,-278.501221
2020-04-22 01:18:00+00:00,-264.495026
2020-04-22 01:19:00+00:00,-242.968979
2020-04-22 01:20:00+00:00,-270.194702
2020-04-22 01:21:00+00:00,-283.433228
2020-04-22 01:22:00+00:00,-268.0979
2020-04-22 01:23:00+00:00,-238.643753
2020-04-22 01:24:00+00:00,-235.728104
2020-04-22 01:25:00+00:00,-235.003845
2020-04-22 01:26:00+00:00,-241.012634
2020-04-22 01:27:00+00:00,-236.559723
2020-04-22 01:28:00+00:00,-242.545212
2020-04-22 01:29:00+00:00,-254.073563
2020-04-22 01:30:00+00:00,-253.490189
2020-04-22 01:31:00+00:00,-244.721512
2020-04-22 01:32:00+00:00,-232.227188
2020-04-22 01:33:00+00:00,-220.388092
2020-04-22 01:34:00+00:00,-218.154114
2020-04-22 01:35:00+00:00,-204.219223
2020-04-22 01:36:00+00:00,-191.138779
2020-04-22 01:37:00+00:00,-182.389359
2020-04-22 01:38:00+00:00,-170.859329
2020-04-22 01:39:00+00:00,-160.118622
2020-04-22 01:40:00+00:00,-156.744095
2020-04-22 01:41:00+00:00,-151.880936
2020-04-22 01:42:00+00:00,-150.752441
2020-04-22 01:43:00+00:00,-148.256027
2020-04-22 01:44:00+00:00,-149.711182
2020-04-22 01:45:00+00:00,-149.876236
2020-04-22 01:46:00+00:00,-149.161682
2020-04-22 01:47:00+00:00,-148.422714
2020-04-22 01:48:00+00:00,-146.140747
2020-04-22 01:49:00+00:00,-141.919968
2020-04-22 01:50:00+00:00,-135.777618
2020-04-22 01:51:00+00:00,-131.54541
2020-04-22 01:52:00+00:00,-126.849319
2020-04-22 01:53:00+00:00,-121.199776
2020-04-22 01:54:00+00:00,-118.033936
2020-04-22 01:55:00+00:00,-117.269455
2020-04-22 01:56:00+00:00,-121.30616
2020-04-22 01:57:00+00:00,-122.512657
2020-04-22 01:58:00+00:00,-127.119423
2020-04-22 01:59:00+00:00,-131.881744
2020-04-22 02:00:00+00:00,-136.278397
2020-04-22 02:01:00+00:00,-140.971985
2020-04-22 02:02:00+00:00,-142.360077
2020-04-22 02:03:00+00:00,-146.294189
2020-04-22 02:04:00+00:00,-144.867752
2020-04-22 02:05:00+00:00,-146.100891
2020-04-22 02:06:00+00:00,-149.124161
2020-04-22 02:07:00+00:00,-146.290054
2020-04-22 02:08:00+00:00,-144.123672
2020-04-22 02:09:00+00:00,-140.148026
2020-04-22 02:10:00+00:00,-136.974152
2020-04-22 02:11:00+00:00,-135.719864
2020-04-22 02:12:00+00:00,-133.876999
2020-04-22 02:13:00+00:00,-128.652237
2020-04-22 02:14:00+00:00,-125.072906
2020-04-22 02:15:00+00:00,-122.192406
2020-04-22 02:16:00+00:00,-115.873634
2020-04-22 02:17:00+00:00,-108.65239
2020-04-22 02:18:00+00:00,-106.734711
2020-04-22 02:19:00+00:00,-110.620262
2020-04-22 02:20:00+00:00,-113.266693
2020-04-22 02:21:00+00:00,-111.082672
2020-04-22 02:22:00+00:00,-110.664841
2020-04-22 02:23:00+00:00,-105.392883
2020-04-22 02:24:00+00:00,-117.483727
2020-04-22 02:25:00+00:00,-123.634842
2020-04-22 02:26:00+00:00,-120.577324
2020-04-22 02:27:00+00:00,-120.007133
2020-04-22 02:28:00+00:00,-122.349709
2020-04-22 02:29:00+00:00,-124.945847
2020-04-22 02:30:00+00:00,-125.777588
2020-04-22 02:31:00+00:00,-124.123291
2020-04-22 02:32:00+00:00,-118.985794
2020-04-22 02:33:00+00:00,-113.841576
2020-04-22 02:34:00+00:00,-193.767426
2020-04-22 02:35:00+00:00,-127.385551
2020-04-22 02:36:00+00:00,-116.273453
2020-04-22 02:37:00+00:00,-108.37162
2020-04-22 02:38:00+00:00,-110.376694
2020-04-22 02:39:00+00:00,-120.060654
2020-04-22 02:40:00+00:00,-117.944649
2020-04-22 02:41:00+00:00,-119.742149
2020-04-22 02:42:00+00:00,-120.454803
2020-04-22 02:43:00+00:00,-112.3908
2020-04-22 02:44:00+00:00,-119.6436
2020-04-22 02:45:00+00:00,-147.158966
2020-04-22 02:46:00+00:00,-177.317902
2020-04-22 02:47:00+00:00,-251.408142
2020-04-29 00:00:00+00:00,-40.201649
2020-04-29 00:01:00+00:00,-41.563339
2020-04-29 00:02:00+00:00,-38.292892
2020-04-29 00:03:00+00:00,-48.066853
2020-04-29 00:04:00+00:00,-41.084595
2020-04-29 00:05:00+00:00,-41.250988
2020-04-29 00:06:00+00:00,-43.103951
2020-04-29 00:07:00+00:00,-44.123775
2020-04-29 00:08:00+00:00,-46.47427
2020-04-29 00:09:00+00:00,-52.441704
2020-04-29 00:10:00+00:00,-53.609097
2020-04-29 00:11:00+00:00,-59.603516
2020-04-29 00:12:00+00:00,-116.782417
2020-04-29 00:13:00+00:00,-156.197006
2020-04-29 00:14:00+00:00,-179.622314
2020-04-29 00:15:00+00:00,-192.782791
2020-04-29 00:16:00+00:00,-116.757286
2020-04-29 00:17:00+00:00,-107.959755
2020-04-29 00:18:00+00:00,-106.389351
2020-04-29 00:19:00+00:00,-172.65126
2020-04-29 00:20:00+00:00,-99.599266
2020-04-29 00:21:00+00:00,-71.104446
2020-04-29 00:22:00+00:00,-69.473587
2020-04-29 00:23:00+00:00,-102.155243
2020-04-29 00:24:00+00:00,-98.560425
2020-04-29 00:25:00+00:00,-104.370621
2020-04-29 00:26:00+00:00,-101.294678
2020-04-29 00:27:00+00:00,-120.602997
2020-04-29 00:28:00+00:00,-102.804848
2020-04-29 00:29:00+00:00,-85.84668
2020-04-29 00:30:00+00:00,-87.67897
2020-04-29 00:31:00+00:00,-86.096031
2020-04-29 00:32:00+00:00,-87.214272
2020-04-29 00:33:00+00:00,-87.870354
2020-04-29 00:34:00+00:00,-90.650475
2020-04-29 00:35:00+00:00,-88.652336
2020-04-29 00:36:00+00:00,-87.367538
2020-04-29 00:37:00+00:00,-84.346252
2020-04-29 00:38:00+00:00,-94.965744
2020-04-29 00:39:00+00:00,-108.708801
2020-04-29 00:40:00+00:00,-114.061775
2020-04-29 00:41:00+00:00,-114.392181
2020-04-29 00:42:00+00:00,-118.887894
2020-04-29 00:43:00+00:00,-123.929131
2020-04-29 00:44:00+00:00,-125.693649
2020-04-29 00:45:00+00:00,-125.951294
2020-04-29 00:46:00+00:00,-135.710297
2020-04-29 00:47:00+00:00,-155.156219
2020-04-29 00:48:00+00:00,-129.942291
2020-04-29 00:49:00+00:00,-121.95565
2020-04-29 00:50:00+00:00,-125.579834
2020-04-29 00:51:00+00:00,-121.161827
2020-04-29 00:52:00+00:00,-110.871834
2020-04-29 00:53:00+00:00,-105.688843
2020-04-29 00:54:00+00:00,-105.600441
2020-04-29 00:55:00+00:00,-101.908401
2020-04-29 00:56:00+00:00,-92.199936
2020-04-29 00:57:00+00:00,-84.896408
2020-04-29 00:58:00+00:00,-80.260796
2020-04-29 00:59:00+00:00,-78.127113
2020-04-29 01:00:00+00:00,-75.380394
2020-04-29 01:01:00+00:00,-72.802139
2020-04-29 01:02:00+00:00,-72.441231
2020-04-29 01:03:00+00:00,-71.094566
2020-04-29 01:04:00+00:00,-70.504593
2020-04-29 01:05:00+00:00,-67.076141
2020-04-29 01:06:00+00:00,-65.803612
2020-04-29 01:07:00+00:00,-64.157951
2020-04-29 01:08:00+00:00,-61.836987
2020-04-29 01:09:00+00:00,-58.690575
2020-04-29 01:10:00+00:00,-56.317371
2020-04-29 01:11:00+00:00,-57.100002
2020-04-29 01:12:00+00:00,-56.67683
2020-04-29 01:13:00+00:00,-53.440247
2020-04-29 01:14:00+00:00,-47.87952
2020-04-29 01:15:00+00:00,-42.458961
2020-04-29 01:16:00+00:00,-40.74004
2020-04-29 01:17:00+00:00,-37.912373
2020-04-29 01:18:00+00:00,-37.297077
2020-04-29 01:19:00+00:00,-36.052158
2020-04-29 01:20:00+00:00,-39.271927
2020-04-29 01:21:00+00:00,-33.906269
2020-04-29 01:22:00+00:00,-37.809486
2020-04-29 01:23:00+00:00,-36.580799
2020-04-29 01:24:00+00:00,-31.88533
2020-04-29 01:25:00+00:00,-30.417217
2020-04-29 01:26:00+00:00,-28.17572
2020-04-29 01:27:00+00:00,-26.274361
2020-04-29 01:28:00+00:00,-28.999592
2020-04-29 01:29:00+00:00,-30.769045
2020-04-29 01:30:00+00:00,-31.623964
2020-04-29 01:31:00+00:00,-22.378744
2020-04-29 01:32:00+00:00,-22.473007
2020-04-29 01:33:00+00:00,-23.108734
2020-04-29 01:34:00+00:00,-25.58036
2020-04-29 01:35:00+00:00,-27.679497
2020-04-29 01:36:00+00:00,-27.10269
2020-04-29 01:37:00+00:00,-26.970303
2020-04-29 01:38:00+00:00,-28.232166
2020-04-29 01:39:00+00:00,-29.239115
2020-04-29 01:40:00+00:00,-28.585917
2020-04-29 01:41:00+00:00,-28.685905
2020-04-29 01:42:00+00:00,-29.317036
2020-04-29 01:43:00+00:00,-29.306705
2020-04-29 01:44:00+00:00,-29.177414
2020-04-29 01:45:00+00:00,-29.330791
2020-04-29 01:46:00+00:00,-29.933443
2020-04-29 01:47:00+00:00,-32.454376
2020-04-29 01:48:00+00:00,-35.002029
2020-04-29 01:49:00+00:00,-36.876488
2020-04-29 01:50:00+00:00,-38.005062
2020-04-29 01:51:00+00:00,-37.555996
2020-04-29 01:52:00+00:00,-37.130173
2020-04-29 01:53:00+00:00,-38.022057
2020-04-29 01:54:00+00:00,-41.570934
2020-04-29 01:55:00+00:00,-35.490314
2020-04-29 01:56:00+00:00,-33.445007
2020-04-29 01:57:00+00:00,-30.998785
2020-04-29 01:58:00+00:00,-28.429325
2020-04-29 01:59:00+00:00,-26.193703
2020-04-29 02:00:00+00:00,-25.702459
2020-04-29 02:01:00+00:00,-27.652775
2020-04-29 02:02:00+00:00,-51.09304
2020-04-29 02:03:00+00:00,-43.175938
2020-04-29 02:04:00+00:00,-26.655361
2020-04-29 02:05:00+00:00,-23.967739
2020-04-29 02:06:00+00:00,-29.679867
2020-04-29 02:07:00+00:00,-30.733625
2020-04-29 02:08:00+00:00,-34.447803
2020-04-29 02:09:00+00:00,-49.116844
2020-04-29 02:10:00+00:00,-59.652885
2020-04-29 02:11:00+00:00,-53.464622
2020-04-29 02:12:00+00:00,-67.752007
2020-04-29 02:13:00+00:00,-82.504936
2020-04-29 02:14:00+00:00,-93.199989
2020-04-29 02:15:00+00:00,-54.952721
2020-04-29 02:16:00+00:00,-36.748962
2020-04-29 02:17:00+00:00,-31.3447
2020-04-29 02:18:00+00:00,-29.793686
2020-04-29 02:19:00+00:00,-24.674398
2020-04-29 02:20:00+00:00,-22.966982
2020-04-29 02:21:00+00:00,-22.158497
2020-04-29 02:22:00+00:00,-22.803858
2020-04-29 02:23:00+00:00,-24.45075
2020-04-29 02:24:00+00:00,-28.776381
2020-04-29 02:25:00+00:00,-31.68704
2020-04-29 02:26:00+00:00,-33.042721
2020-04-29 02:27:00+00:00,-35.693886
2020-04-29 02:28:00+00:00,-40.335476
2020-04-29 02:29:00+00:00,-45.061279
2020-04-29 02:30:00+00:00,-48.349567
2020-04-29 02:31:00+00:00,-52.910767
2020-04-29 02:32:00+00:00,-61.927185
2020-04-29 02:33:00+00:00,-65.466446
2020-04-29 02:34:00+00:00,-56.428165
2020-04-29 02:35:00+00:00,-51.881519
2020-04-29 02:36:00+00:00,-48.547516
2020-04-29 02:37:00+00:00,-48.810684
2020-04-29 02:38:00+00:00,-37.0779
2020-04-29 02:39:00+00:00,-34.634323
2020-04-29 02:40:00+00:00,-34.181145
2020-04-29 02:41:00+00:00,-34.128559
2020-04-29 02:42:00+00:00,-33.93713
2020-04-29 02:43:00+00:00,-34.271637
2020-04-29 02:44:00+00:00,-37.832047
2020-04-29 02:45:00+00:00,-39.810562
2020-04-29 02:46:00+00:00,-40.805897
2020-04-29 02:47:00+00:00,-41.356972
2020-05-06 00:00:00+00:00,-193.066177
2020-05-06 00:01:00+00:00,-239.178711
2020-05-06 00:02:00+00:00,-269.141113
2020-05-06 00:03:00+00:00,-288.064636
2020-05-06 00:04:00+00:00,-307.981384
2020-05-06 00:05:00+00:00,-295.919769
2020-05-06 00:06:00+00:00,-286.860321
2020-05-06 00:07:00+00:00,-281.796265
2020-05-06 00:08:00+00:00,-268.731445
2020-05-06 00:09:00+00:00,-258.66983
2020-05-06 00:10:00+00:00,-241.610474
2020-05-06 00:11:00+00:00,-242.546661
2020-05-06 00:12:00+00:00,-241.486084
2020-05-06 00:13:00+00:00,-231.449356
2020-05-06 00:14:00+00:00,-218.437851
2020-05-06 00:15:00+00:00,-225.310928
2020-05-06 00:16:00+00:00,-212.249237
2020-05-06 00:17:00+00:00,-208.190994
2020-05-06 00:18:00+00:00,-218.133453
2020-05-06 00:19:00+00:00,-221.07637
2020-05-06 00:20:00+00:00,-246.017944
2020-05-06 00:21:00+00:00,-246.966034
2020-05-06 00:22:00+00:00,-250.907166
2020-05-06 00:23:00+00:00,-252.856659
2020-05-06 00:24:00+00:00,-248.8069
2020-05-06 00:25:00+00:00,-249.752029
2020-05-06 00:26:00+00:00,-231.704056
2020-05-06 00:27:00+00:00,-210.652802
2020-05-06 00:28:00+00:00,-218.606308
2020-05-06 00:29:00+00:00,-218.564606
2020-05-06 00:30:00+00:00,-227.544617
2020-05-06 00:31:00+00:00,-210.461563
2020-05-06 00:32:00+00:00,-197.406296
2020-05-06 00:33:00+00:00,-187.717102
2020-05-06 00:34:00+00:00,-207.073486
2020-05-06 00:35:00+00:00,-211.706757
2020-05-06 00:36:00+00:00,-214.626556
2020-05-06 00:37:00+00:00,-207.571732
2020-05-06 00:38:00+00:00,-199.265106
2020-05-06 00:39:00+00:00,-208.258408
2020-05-06 00:40:00+00:00,-222.893005
2020-05-06 00:41:00+00:00,-252.824356
2020-05-06 00:42:00+00:00,-252.484268
2020-05-06 00:43:00+00:00,-229.875839
2020-05-06 00:44:00+00:00,-240.300079
2020-05-06 00:45:00+00:00,-250.791687
2020-05-06 00:46:00+00:00,-243.287872
2020-05-06 00:47:00+00:00,-255.214661
2020-05-06 00:48:00+00:00,-249.084122
2020-05-06 00:49:00+00:00,-233.87558
2020-05-06 00:50:00+00:00,-230.175461
2020-05-06 00:51:00+00:00,-224.234283
2020-05-06 00:52:00+00:00,-220.61171
2020-05-06 00:53:00+00:00,-215.523941
2020-05-06 00:54:00+00:00,-216.8508
2020-05-06 00:55:00+00:00,-218.811172
2020-05-06 00:56:00+00:00,-220.008209
2020-05-06 00:57:00+00:00,-214.890778
2020-05-06 00:58:00+00:00,-203.802231
2020-05-06 00:59:00+00:00,-206.775726
2020-05-06 01:00:00+00:00,-210.615631
2020-05-06 01:01:00+00:00,-210.242035
2020-05-06 01:02:00+00:00,-215.793869
2020-05-06 01:03:00+00:00,-216.929962
2020-05-06 01:04:00+00:00,-237.113892
2020-05-06 01:05:00+00:00,-267.116119
2020-05-06 01:06:00+00:00,-242.794907
2020-05-06 01:07:00+00:00,-238.275421
2020-05-06 01:08:00+00:00,-236.088623
2020-05-06 01:09:00+00:00,-244.648727
2020-05-06 01:10:00+00:00,-291.72818
2020-05-06 01:11:00+00:00,-303.33493
2020-05-06 01:12:00+00:00,-309.164062
2020-05-06 01:13:00+00:00,-318.236145
2020-05-06 01:14:00+00:00,-339.140137
2020-05-06 01:15:00+00:00,-352.573334
2020-05-06 01:16:00+00:00,-374.759216
2020-05-06 01:17:00+00:00,-419.639252
2020-05-06 01:18:00+00:00,-395.848328
2020-05-06 01:19:00+00:00,-382.646027
2020-05-06 01:20:00+00:00,-435.553894
2020-05-06 01:21:00+00:00,-437.659882
2020-05-06 01:22:00+00:00,-416.448425
2020-05-06 01:23:00+00:00,-409.917358
2020-05-06 01:24:00+00:00,-389.327545
2020-05-06 01:25:00+00:00,-380.910461
2020-05-06 01:26:00+00:00,-364.214966
2020-05-06 01:27:00+00:00,-371.139374
2020-05-06 01:28:00+00:00,-384.725769
2020-05-06 01:29:00+00:00,-380.361786
2020-05-06 01:30:00+00:00,-380.567108
2020-05-06 01:31:00+00:00,-391.362
2020-05-06 01:32:00+00:00,-366.47403
2020-05-06 01:33:00+00:00,-375.204071
2020-05-06 01:34:00+00:00,-367.957245
2020-05-06 01:35:00+00:00,-336.769775
2020-05-06 01:36:00+00:00,-320.024567
2020-05-06 01:37:00+00:00,-306.022675
2020-05-06 01:38:00+00:00,-289.02536
2020-05-06 01:39:00+00:00,-277.033661
2020-05-06 01:40:00+00:00,-252.030914
2020-05-06 01:41:00+00:00,-241.048447
2020-05-06 01:42:00+00:00,-226.082138
2020-05-06 01:43:00+00:00,-226.096863
2020-05-06 01:44:00+00:00,-225.134598
2020-05-06 01:45:00+00:00,-208.202271
2020-05-06 01:46:00+00:00,-232.217545
2020-05-06 01:47:00+00:00,-223.167816
2020-05-06 01:48:00+00:00,-199.23291
2020-05-06 01:49:00+00:00,-204.231796
2020-05-06 01:50:00+00:00,-166.092697
2020-05-06 01:51:00+00:00,-276.977142
2020-05-06 01:52:00+00:00,-292.884796
2020-05-06 01:53:00+00:00,-303.392242
2020-05-06 01:54:00+00:00,-249.159485
2020-05-06 01:55:00+00:00,-194.656784
2020-05-06 01:56:00+00:00,-181.81398
2020-05-06 01:57:00+00:00,-193.746613
2020-05-06 01:58:00+00:00,-204.815781
2020-05-06 01:59:00+00:00,-211.764404
2020-05-06 02:00:00+00:00,-229.66716
2020-05-06 02:01:00+00:00,-240.935196
2020-05-06 02:02:00+00:00,-227.43663
2020-05-06 02:03:00+00:00,-209.006989
2020-05-06 02:04:00+00:00,-190.567963
2020-05-06 02:05:00+00:00,-183.956741
2020-05-06 02:06:00+00:00,-176.402435
2020-05-06 02:07:00+00:00,-176.720703
2020-05-06 02:08:00+00:00,-178.587769
2020-05-06 02:09:00+00:00,-200.966339
2020-05-06 02:10:00+00:00,-185.955948
2020-05-06 02:11:00+00:00,-173.669342
2020-05-06 02:12:00+00:00,-180.139908
2020-05-06 02:13:00+00:00,-187.467819
2020-05-06 02:14:00+00:00,-195.366409
2020-05-06 02:15:00+00:00,-198.744507
2020-05-06 02:16:00+00:00,-200.289124
2020-05-06 02:17:00+00:00,-211.593399
2020-05-06 02:18:00+00:00,-215.042145
2020-05-06 02:19:00+00:00,-206.711182
2020-05-06 02:20:00+00:00,-206.228119
2020-05-06 02:21:00+00:00,-200.886688
2020-05-06 02:22:00+00:00,-195.092285
2020-05-06 02:23:00+00:00,-169.54483
2020-05-06 02:24:00+00:00,-156.082367
2020-05-06 02:25:00+00:00,-154.94252
2020-05-06 02:26:00+00:00,-158.324829
2020-05-06 02:27:00+00:00,-158.388016
2020-05-06 02:28:00+00:00,-161.207428
2020-05-06 02:29:00+00:00,-163.080658
2020-05-06 02:30:00+00:00,-159.765839
2020-05-06 02:31:00+00:00,-153.491592
2020-05-06 02:32:00+00:00,-150.073334
2020-05-06 02:33:00+00:00,-150.485626
2020-05-06 02:34:00+00:00,-150.585815
2020-05-06 02:35:00+00:00,-150.334915
2020-05-06 02:36:00+00:00,-150.071747
2020-05-06 02:37:00+00:00,-151.223343
2020-05-06 02:38:00+00:00,-151.527176
2020-05-06 02:39:00+00:00,-158.190643
2020-05-06 02:40:00+00:00,-163.150787
2020-05-06 02:41:00+00:00,-159.497269
2020-05-06 02:42:00+00:00,-154.710327
2020-05-06 02:43:00+00:00,-157.365829
2020-05-06 02:44:00+00:00,-164.613113
2020-05-06 02:45:00+00:00,-166.193665
2020-05-06 02:46:00+00:00,-161.478622
2020-05-06 02:47:00+00:00,-157.04628
2020-05-13 00:00:00+00:00,-224.351593
2020-05-13 00:01:00+00:00,-205.073837
2020-05-13 00:02:00+00:00,-205.734253
2020-05-13 00:03:00+00:00,-196.01474
2020-05-13 00:04:00+00:00,-192.791962
2020-05-13 00:05:00+00:00,-187.451706
2020-05-13 00:06:00+00:00,-184.41127
2020-05-13 00:07:00+00:00,-191.506927
2020-05-13 00:08:00+00:00,-194.937103
2020-05-13 00:09:00+00:00,-203.520477
2020-05-13 00:10:00+00:00,-194.714157
2020-05-13 00:11:00+00:00,-190.56337
2020-05-13 00:12:00+00:00,-185.164246
2020-05-13 00:13:00+00:00,-181.256271
2020-05-13 00:14:00+00:00,-177.411026
2020-05-13 00:15:00+00:00,-173.287903
2020-05-13 00:16:00+00:00,-172.001572
2020-05-13 00:17:00+00:00,-175.045441
2020-05-13 00:18:00+00:00,-177.337692
2020-05-13 00:19:00+00:00,-175.845535
2020-05-13 00:20:00+00:00,-173.125839
2020-05-13 00:21:00+00:00,-172.523285
2020-05-13 00:22:00+00:00,-170.614197
2020-05-13 00:23:00+00:00,-162.600693
2020-05-13 00:24:00+00:00,-152.549866
2020-05-13 00:25:00+00:00,-148.715652
2020-05-13 00:26:00+00:00,-145.483017
2020-05-13 00:27:00+00:00,-137.462921
2020-05-13 00:28:00+00:00,-128.072388
2020-05-13 00:29:00+00:00,-125.244591
2020-05-13 00:30:00+00:00,-121.686195
2020-05-13 00:31:00+00:00,-116.593628
2020-05-13 00:32:00+00:00,-112.054573
2020-05-13 00:33:00+00:00,-105.8993
2020-05-13 00:34:00+00:00,-102.229713
2020-05-13 00:35:00+00:00,-98.23642
2020-05-13 00:36:00+00:00,-95.099007
2020-05-13 00:37:00+00:00,-89.444168
2020-05-13 00:38:00+00:00,-92.817764
2020-05-13 00:39:00+00:00,-88.24659
2020-05-13 00:40:00+00:00,-82.654549
2020-05-13 00:41:00+00:00,-73.06842
2020-05-13 00:42:00+00:00,-75.688858
2020-05-13 00:43:00+00:00,-79.719376
2020-05-13 00:44:00+00:00,-76.077065
2020-05-13 00:45:00+00:00,-71.762383
2020-05-13 00:46:00+00:00,-67.940704
2020-05-13 00:47:00+00:00,-65.798035
2020-05-13 00:48:00+00:00,-62.065369
2020-05-13 00:49:00+00:00,-54.316166
2020-05-13 00:50:00+00:00,-53.131012
2020-05-13 00:51:00+00:00,-52.742416
2020-05-13 00:52:00+00:00,-49.112923
2020-05-13 00:53:00+00:00,-46.420292
2020-05-13 00:54:00+00:00,-42.216888
2020-05-13 00:55:00+00:00,-40.588417
2020-05-13 00:56:00+00:00,-39.031155
2020-05-13 00:57:00+00:00,-37.71151
2020-05-13 00:58:00+00:00,-37.385399
2020-05-13 00:59:00+00:00,-36.471668
2020-05-13 01:00:00+00:00,-33.925335
2020-05-13 01:01:00+00:00,-30.892881
2020-05-13 01:02:00+00:00,-26.478039
2020-05-13 01:03:00+00:00,-25.328625
2020-05-13 01:04:00+00:00,-25.763889
2020-05-13 01:05:00+00:00,-25.362499
2020-05-13 01:06:00+00:00,-26.216318
2020-05-13 01:07:00+00:00,-26.47183
2020-05-13 01:08:00+00:00,-27.257187
2020-05-13 01:09:00+00:00,-29.673929
2020-05-13 01:10:00+00:00,-52.685459
2020-05-13 01:11:00+00:00,-71.180031
2020-05-13 01:12:00+00:00,-65.900764
2020-05-13 01:13:00+00:00,-61.066486
2020-05-13 01:14:00+00:00,-73.498451
2020-05-13 01:15:00+00:00,-52.131733
2020-05-13 01:16:00+00:00,-40.995697
2020-05-13 01:17:00+00:00,-35.072472
2020-05-13 01:18:00+00:00,-32.333225
2020-05-13 01:19:00+00:00,-29.159441
2020-05-13 01:20:00+00:00,-27.281849
2020-05-13 01:21:00+00:00,-29.229815
2020-05-13 01:22:00+00:00,-28.164904
2020-05-13 01:23:00+00:00,-26.899965
2020-05-13 01:24:00+00:00,-29.867207
2020-05-13 01:25:00+00:00,-32.79261
2020-05-13 01:26:00+00:00,-29.479443
2020-05-13 01:27:00+00:00,-31.097092
2020-05-13 01:28:00+00:00,-33.600342
2020-05-13 01:29:00+00:00,-33.866211
2020-05-13 01:30:00+00:00,-35.551708
2020-05-13 01:31:00+00:00,-36.014671
2020-05-13 01:32:00+00:00,-41.571903
2020-05-13 01:33:00+00:00,-61.079998
2020-05-13 01:34:00+00:00,-53.99786
2020-05-13 01:35:00+00:00,-40.169418
2020-05-13 01:36:00+00:00,-30.541937
2020-05-13 01:37:00+00:00,-24.971621
2020-05-13 01:38:00+00:00,-43.077427
2020-05-13 01:39:00+00:00,-35.718304
2020-05-13 01:40:00+00:00,-23.028875
2020-05-13 01:41:00+00:00,-20.599985
2020-05-13 01:42:00+00:00,-20.236273
2020-05-13 01:43:00+00:00,-19.495655
2020-05-13 01:44:00+00:00,-18.920107
2020-05-13 01:45:00+00:00,-20.171341
2020-05-13 01:46:00+00:00,-19.913914
2020-05-13 01:47:00+00:00,-19.41008
2020-05-13 01:48:00+00:00,-18.451454
2020-05-13 01:49:00+00:00,-20.854324
2020-05-13 01:50:00+00:00,-21.53233
2020-05-13 01:51:00+00:00,-20.950754
2020-05-13 01:52:00+00:00,-21.625662
2020-05-13 01:53:00+00:00,-23.611816
2020-05-13 01:54:00+00:00,-25.432089
2020-05-13 01:55:00+00:00,-27.591341
2020-05-13 01:56:00+00:00,-29.990528
2020-05-13 01:57:00+00:00,-34.093849
2020-05-13 01:58:00+00:00,-54.085457
2020-05-13 01:59:00+00:00,-78.784897
2020-05-13 02:00:00+00:00,-71.912125
2020-05-13 02:01:00+00:00,-50.333565
2020-05-13 02:02:00+00:00,-53.34655
2020-05-13 02:03:00+00:00,-55.58506
2020-05-13 02:04:00+00:00,-51.846176
2020-05-13 02:05:00+00:00,-47.351299
2020-05-13 02:06:00+00:00,-43.835663
2020-05-13 02:07:00+00:00,-45.13023
2020-05-13 02:08:00+00:00,-48.139198
2020-05-13 02:09:00+00:00,-48.86927
2020-05-13 02:10:00+00:00,-50.125023
2020-05-13 02:11:00+00:00,-49.717045
2020-05-13 02:12:00+00:00,-47.918404
2020-05-13 02:13:00+00:00,-48.149025
2020-05-13 02:14:00+00:00,-47.900009
2020-05-13 02:15:00+00:00,-48.684204
2020-05-13 02:16:00+00:00,-48.001011
2020-05-13 02:17:00+00:00,-47.398403
2020-05-13 02:18:00+00:00,-46.138313
2020-05-13 02:19:00+00:00,-45.204384
2020-05-13 02:20:00+00:00,-46.559704
2020-05-13 02:21:00+00:00,-45.268612
2020-05-13 02:22:00+00:00,-44.763996
2020-05-13 02:23:00+00:00,-45.758869
2020-05-13 02:24:00+00:00,-48.733963
2020-05-13 02:25:00+00:00,-51.351273
2020-05-13 02:26:00+00:00,-52.718529
2020-05-13 02:27:00+00:00,-53.233234
2020-05-13 02:28:00+00:00,-53.088074
2020-05-13 02:29:00+00:00,-54.643291
2020-05-13 02:30:00+00:00,-55.796661
2020-05-13 02:31:00+00:00,-54.516205
2020-05-13 02:32:00+00:00,-61.03833
2020-05-13 02:33:00+00:00,-54.036453
2020-05-13 02:34:00+00:00,-54.299305
2020-05-13 02:35:00+00:00,-55.020016
2020-05-13 02:36:00+00:00,-53.079319
2020-05-13 02:37:00+00:00,-51.346851
2020-05-13 02:38:00+00:00,-48.690407
2020-05-13 02:39:00+00:00,-45.131947
2020-05-13 02:40:00+00:00,-41.982864
2020-05-13 02:41:00+00:00,-41.717354
2020-05-13 02:42:00+00:00,-41.132763
2020-05-13 02:43:00+00:00,-42.381977
2020-05-13 02:44:00+00:00,-43.385769
2020-05-13 02:45:00+00:00,-44.235565
2020-05-13 02:46:00+00:00,-44.459084
2020-05-13 02:47:00+00:00,-58.603699
2020-05-20 00:00:00+00:00,-90.158218
2020-05-20 00:01:00+00:00,-85.791428
2020-05-20 00:02:00+00:00,-85.853363
2020-05-20 00:03:00+00:00,-70.761131
2020-05-20 00:04:00+00:00,-61.25774
2020-05-20 00:05:00+00:00,-57.793488
2020-05-20 00:06:00+00:00,-57.664295
2020-05-20 00:07:00+00:00,-54.43969
2020-05-20 00:08:00+00:00,-66.857658
2020-05-20 00:09:00+00:00,-69.457443
2020-05-20 00:10:00+00:00,-68.196091
2020-05-20 00:11:00+00:00,-66.720337
2020-05-20 00:12:00+00:00,-59.803207
2020-05-20 00:13:00+00:00,-56.316025
2020-05-20 00:14:00+00:00,-58.965153
2020-05-20 00:15:00+00:00,-56.156311
2020-05-20 00:16:00+00:00,-52.160301
2020-05-20 00:17:00+00:00,-49.247784
2020-05-20 00:18:00+00:00,-48.474251
2020-05-20 00:19:00+00:00,-48.218212
2020-05-20 00:20:00+00:00,-47.896141
2020-05-20 00:21:00+00:00,-47.818356
2020-05-20 00:22:00+00:00,-48.046093
2020-05-20 00:23:00+00:00,-48.490387
2020-05-20 00:24:00+00:00,-48.02103
2020-05-20 00:25:00+00:00,-48.868259
2020-05-20 00:26:00+00:00,-49.374355
2020-05-20 00:27:00+00:00,-51.560299
2020-05-20 00:28:00+00:00,-53.244755
2020-05-20 00:29:00+00:00,-53.007515
2020-05-20 00:30:00+00:00,-52.760368
2020-05-20 00:31:00+00:00,-51.886696
2020-05-20 00:32:00+00:00,-49.710011
2020-05-20 00:33:00+00:00,-48.314404
2020-05-20 00:34:00+00:00,-50.028973
2020-05-20 00:35:00+00:00,-51.546131
2020-05-20 00:36:00+00:00,-52.996468
2020-05-20 00:37:00+00:00,-54.586407
2020-05-20 00:38:00+00:00,-56.752899
2020-05-20 00:39:00+00:00,-56.186691
2020-05-20 00:40:00+00:00,-52.921684
2020-05-20 00:41:00+00:00,-50.376423
2020-05-20 00:42:00+00:00,-48.644669
2020-05-20 00:43:00+00:00,-51.036518
2020-05-20 00:44:00+00:00,-53.398361
2020-05-20 00:45:00+00:00,-54.399902
2020-05-20 00:46:00+00:00,-54.361126
2020-05-20 00:47:00+00:00,-53.848167
2020-05-20 00:48:00+00:00,-58.755344
2020-05-20 00:49:00+00:00,-67.145111
2020-05-20 00:50:00+00:00,-73.742737
2020-05-20 00:51:00+00:00,-72.672188
2020-05-20 00:52:00+00:00,-73.731331
2020-05-20 00:53:00+00:00,-73.182625
2020-05-20 00:54:00+00:00,-65.01046
2020-05-20 00:55:00+00:00,-63.608814
2020-05-20 00:56:00+00:00,-64.263542
2020-05-20 00:57:00+00:00,-65.457458
2020-05-20 00:58:00+00:00,-64.351471
2020-05-20 00:59:00+00:00,-63.432613
2020-05-20 01:00:00+00:00,-65.698883
2020-05-20 01:01:00+00:00,-67.497269
2020-05-20 01:02:00+00:00,-67.687576
2020-05-20 01:03:00+00:00,-70.905685
2020-05-20 01:04:00+00:00,-79.012482
2020-05-20 01:05:00+00:00,-84.168243
2020-05-20 01:06:00+00:00,-87.20105
2020-05-20 01:07:00+00:00,-88.655029
2020-05-20 01:08:00+00:00,-91.16732
2020-05-20 01:09:00+00:00,-99.245918
2020-05-20 01:10:00+00:00,-115.402496
2020-05-20 01:11:00+00:00,-125.166588
2020-05-20 01:12:00+00:00,-112.837334
2020-05-20 01:13:00+00:00,-95.096619
2020-05-20 01:14:00+00:00,-81.217171
2020-05-20 01:15:00+00:00,-62.70414
2020-05-20 01:16:00+00:00,-56.136074
2020-05-20 01:17:00+00:00,-63.963604
2020-05-20 01:18:00+00:00,-56.534195
2020-05-20 01:19:00+00:00,-52.451508
2020-05-20 01:20:00+00:00,-47.990688
2020-05-20 01:21:00+00:00,-48.389629
2020-05-20 01:22:00+00:00,-48.674149
2020-05-20 01:23:00+00:00,-50.867416
2020-05-20 01:24:00+00:00,-53.430046
2020-05-20 01:25:00+00:00,-52.049606
2020-05-20 01:26:00+00:00,-51.635498
2020-05-20 01:27:00+00:00,-53.154785
2020-05-20 01:28:00+00:00,-53.653572
2020-05-20 01:29:00+00:00,-54.78447
2020-05-20 01:30:00+00:00,-53.611618
2020-05-20 01:31:00+00:00,-52.909077
2020-05-20 01:32:00+00:00,-52.090397
2020-05-20 01:33:00+00:00,-54.182697
2020-05-20 01:34:00+00:00,-55.969284
2020-05-20 01:35:00+00:00,-57.38401
2020-05-20 01:36:00+00:00,-58.32
2020-05-20 01:37:00+00:00,-54.805363
2020-05-20 01:38:00+00:00,-52.210285
2020-05-20 01:39:00+00:00,-50.605854
2020-05-20 01:40:00+00:00,-49.086349
2020-05-20 01:41:00+00:00,-45.764881
2020-05-20 01:42:00+00:00,-46.848495
2020-05-20 01:43:00+00:00,-40.253998
2020-05-20 01:44:00+00:00,-41.151161
2020-05-20 01:45:00+00:00,-54.618103
2020-05-20 01:46:00+00:00,-45.665161
2020-05-20 01:47:00+00:00,-51.98476
2020-05-20 01:48:00+00:00,-45.435127
2020-05-20 01:49:00+00:00,-39.558601
2020-05-20 01:50:00+00:00,-39.151398
2020-05-20 01:51:00+00:00,-40.111694
2020-05-20 01:52:00+00:00,-39.040352
2020-05-20 01:53:00+00:00,-40.228539
2020-05-20 01:54:00+00:00,-36.572575
2020-05-20 01:55:00+00:00,-36.072136
2020-05-20 01:56:00+00:00,-36.267895
2020-05-20 01:57:00+00:00,-35.46323
2020-05-20 01:58:00+00:00,-38.365311
2020-05-20 01:59:00+00:00,-40.073856
2020-05-20 02:00:00+00:00,-47.272335
2020-05-20 02:01:00+00:00,-83.297867
2020-05-20 02:02:00+00:00,-94.782005
2020-05-20 02:03:00+00:00,-109.942024
2020-05-20 02:04:00+00:00,-123.981964
2020-05-20 02:05:00+00:00,-172.857483
2020-05-20 02:06:00+00:00,-154.149414
2020-05-20 02:07:00+00:00,-102.939095
2020-05-20 02:08:00+00:00,-109.784653
2020-05-20 02:09:00+00:00,-101.024048
2020-05-20 02:10:00+00:00,-138.966583
2020-05-20 02:11:00+00:00,-102.34803
2020-05-20 02:12:00+00:00,-92.6259
2020-05-20 02:13:00+00:00,-104.242172
2020-05-20 02:14:00+00:00,-92.646927
2020-05-20 02:15:00+00:00,-81.192062
2020-05-20 02:16:00+00:00,-89.157234
2020-05-20 02:17:00+00:00,-114.667679
2020-05-20 02:18:00+00:00,-141.181854
2020-05-20 02:19:00+00:00,-126.504211
2020-05-20 02:20:00+00:00,-120.151489
2020-05-20 02:21:00+00:00,-98.696533
2020-05-20 02:22:00+00:00,-103.665825
2020-05-20 02:23:00+00:00,-117.328796
2020-05-20 02:24:00+00:00,-150.500641
2020-05-20 02:25:00+00:00,-142.630569
2020-05-20 02:26:00+00:00,-138.219711
2020-05-20 02:27:00+00:00,-145.599976
2020-05-20 02:28:00+00:00,-146.259918
2020-05-20 02:29:00+00:00,-152.406815
2020-05-20 02:30:00+00:00,-138.446655
2020-05-20 02:31:00+00:00,-158.585999
2020-05-20 02:32:00+00:00,-162.033142
2020-05-20 02:33:00+00:00,-154.33963
2020-05-20 02:34:00+00:00,-156.707809
2020-05-20 02:35:00+00:00,-149.095978
2020-05-20 02:36:00+00:00,-143.520645
2020-05-20 02:37:00+00:00,-134.483109
2020-05-20 02:38:00+00:00,-137.467896
2020-05-20 02:39:00+00:00,-137.817123
2020-05-20 02:40:00+00:00,-136.891068
2020-05-20 02:41:00+00:00,-139.147079
2020-05-20 02:42:00+00:00,-139.055984
2020-05-20 02:43:00+00:00,-135.684525
2020-05-20 02:44:00+00:00,-133.035934
2020-05-20 02:45:00+00:00,-133.36232
2020-05-20 02:46:00+00:00,-131.872971
2020-05-20 02:47:00+00:00,-130.073669
2020-05-27 00:00:00+00:00,-134.699234
2020-05-27 00:01:00+00:00,-124.496178
2020-05-27 00:02:00+00:00,-118.337593
2020-05-27 00:03:00+00:00,-118.067505
2020-05-27 00:04:00+00:00,-115.887451
2020-05-27 00:05:00+00:00,-111.616081
2020-05-27 00:06:00+00:00,-105.343224
2020-05-27 00:07:00+00:00,-99.607216
2020-05-27 00:08:00+00:00,-91.428993
2020-05-27 00:09:00+00:00,-83.716034
2020-05-27 00:10:00+00:00,-76.617744
2020-05-27 00:11:00+00:00,-71.490791
2020-05-27 00:12:00+00:00,-67.908516
2020-05-27 00:13:00+00:00,-67.764427
2020-05-27 00:14:00+00:00,-64.612633
2020-05-27 00:15:00+00:00,-63.738834
2020-05-27 00:16:00+00:00,-63.633919
2020-05-27 00:17:00+00:00,-63.516621
2020-05-27 00:18:00+00:00,-63.809956
2020-05-27 00:19:00+00:00,-64.07312
2020-05-27 00:20:00+00:00,-63.02504
2020-05-27 00:21:00+00:00,-61.733078
2020-05-27 00:22:00+00:00,-61.57333
2020-05-27 00:23:00+00:00,-60.5709
2020-05-27 00:24:00+00:00,-58.288422
2020-05-27 00:25:00+00:00,-54.657513
2020-05-27 00:26:00+00:00,-51.234886
2020-05-27 00:27:00+00:00,-48.676605
2020-05-27 00:28:00+00:00,-48.866032
2020-05-27 00:29:00+00:00,-49.948093
2020-05-27 00:30:00+00:00,-49.807816
2020-05-27 00:31:00+00:00,-48.814499
2020-05-27 00:32:00+00:00,-49.470764
2020-05-27 00:33:00+00:00,-50.3288
2020-05-27 00:34:00+00:00,-47.957882
2020-05-27 00:35:00+00:00,-48.979523
2020-05-27 00:36:00+00:00,-54.858513
2020-05-27 00:37:00+00:00,-57.491817
2020-05-27 00:38:00+00:00,-56.77771
2020-05-27 00:39:00+00:00,-61.702015
2020-05-27 00:40:00+00:00,-68.930695
2020-05-27 00:41:00+00:00,-65.029701
2020-05-27 00:42:00+00:00,-64.299637
2020-05-27 00:43:00+00:00,-62.171185
2020-05-27 00:44:00+00:00,-58.60611
2020-05-27 00:45:00+00:00,-71.751526
2020-05-27 00:46:00+00:00,-72.819366
2020-05-27 00:47:00+00:00,-71.650604
2020-05-27 00:48:00+00:00,-69.786354
2020-05-27 00:49:00+00:00,-70.157921
2020-05-27 00:50:00+00:00,-74.342056
2020-05-27 00:51:00+00:00,-74.085754
2020-05-27 00:52:00+00:00,-71.49115
2020-05-27 00:53:00+00:00,-68.631149
2020-05-27 00:54:00+00:00,-68.724098
2020-05-27 00:55:00+00:00,-70.608795
2020-05-27 00:56:00+00:00,-71.688133
2020-05-27 00:57:00+00:00,-70.024307
2020-05-27 00:58:00+00:00,-68.339554
2020-05-27 00:59:00+00:00,-67.091431
2020-05-27 01:00:00+00:00,-66.392952
2020-05-27 01:01:00+00:00,-66.39077
2020-05-27 01:02:00+00:00,-66.724068
2020-05-27 01:03:00+00:00,-66.805504
2020-05-27 01:04:00+00:00,-67.833038
2020-05-27 01:05:00+00:00,-68.728111
2020-05-27 01:06:00+00:00,-71.439873
2020-05-27 01:07:00+00:00,-71.224762
2020-05-27 01:08:00+00:00,-69.637131
2020-05-27 01:09:00+00:00,-63.596489
2020-05-27 01:10:00+00:00,-59.264889
2020-05-27 01:11:00+00:00,-60.866528
2020-05-27 01:12:00+00:00,-62.985065
2020-05-27 01:13:00+00:00,-62.734341
2020-05-27 01:14:00+00:00,-73.780434
2020-05-27 01:15:00+00:00,-100.947937
2020-05-27 01:16:00+00:00,-95.624466
2020-05-27 01:17:00+00:00,-72.214287
2020-05-27 01:18:00+00:00,-89.939842
2020-05-27 01:19:00+00:00,-93.132523
2020-05-27 01:20:00+00:00,-84.511833
2020-05-27 01:21:00+00:00,-75.053337
2020-05-27 01:22:00+00:00,-94.00486
2020-05-27 01:23:00+00:00,-90.678253
2020-05-27 01:24:00+00:00,-72.740997
2020-05-27 01:25:00+00:00,-88.113426
2020-05-27 01:26:00+00:00,-75.680458
2020-05-27 01:27:00+00:00,-69.366302
2020-05-27 01:28:00+00:00,-76.248314
2020-05-27 01:29:00+00:00,-61.458687
2020-05-27 01:30:00+00:00,-43.45488
2020-05-27 01:31:00+00:00,-42.831989
2020-05-27 01:32:00+00:00,-42.692863
2020-05-27 01:33:00+00:00,-42.320156
2020-05-27 01:34:00+00:00,-41.167114
2020-05-27 01:35:00+00:00,-39.82695
2020-05-27 01:36:00+00:00,-38.713226
2020-05-27 01:37:00+00:00,-37.510021
2020-05-27 01:38:00+00:00,-37.399315
2020-05-27 01:39:00+00:00,-37.91074
2020-05-27 01:40:00+00:00,-38.482849
2020-05-27 01:41:00+00:00,-37.917591
2020-05-27 01:42:00+00:00,-37.302711
2020-05-27 01:43:00+00:00,-37.762482
2020-05-27 01:44:00+00:00,-41.953873
2020-05-27 01:45:00+00:00,-39.519386
2020-05-27 01:46:00+00:00,-61.915874
2020-05-27 01:47:00+00:00,-61.427086
2020-05-27 01:48:00+00:00,-54.259438
2020-05-27 01:49:00+00:00,-50.910793
2020-05-27 01:50:00+00:00,-40.311855
2020-05-27 01:51:00+00:00,-40.090397
2020-05-27 01:52:00+00:00,-41.078617
2020-05-27 01:53:00+00:00,-41.212505
2020-05-27 01:54:00+00:00,-43.400726
2020-05-27 01:55:00+00:00,-54.288193
2020-05-27 01:56:00+00:00,-53.372768
2020-05-27 01:57:00+00:00,-53.334988
2020-05-27 01:58:00+00:00,-58.734768
2020-05-27 01:59:00+00:00,-40.926838
2020-05-27 02:00:00+00:00,-39.779957
2020-05-27 02:01:00+00:00,-39.325867
2020-05-27 02:02:00+00:00,-38.989429
2020-05-27 02:03:00+00:00,-40.231457
2020-05-27 02:04:00+00:00,-40.135391
2020-05-27 02:05:00+00:00,-51.296082
2020-05-27 02:06:00+00:00,-39.559586
2020-05-27 02:07:00+00:00,-38.78479
2020-05-27 02:08:00+00:00,-38.657604
2020-05-27 02:09:00+00:00,-38.99229
2020-05-27 02:10:00+00:00,-39.531109
2020-05-27 02:11:00+00:00,-39.924191
2020-05-27 02:12:00+00:00,-39.603878
2020-05-27 02:13:00+00:00,-39.82774
2020-05-27 02:14:00+00:00,-39.965611
2020-05-27 02:15:00+00:00,-39.67841
2020-05-27 02:16:00+00:00,-39.842812
2020-05-27 02:17:00+00:00,-40.464748
2020-05-27 02:18:00+00:00,-40.922806
2020-05-27 02:19:00+00:00,-41.591835
2020-05-27 02:20:00+00:00,-41.249851
2020-05-27 02:21:00+00:00,-40.998482
2020-05-27 02:22:00+00:00,-40.890129
2020-05-27 02:23:00+00:00,-41.115105
2020-05-27 02:24:00+00:00,-40.060783
2020-05-27 02:25:00+00:00,-40.119808
2020-05-27 02:26:00+00:00,-40.467628
2020-05-27 02:27:00+00:00,-41.093388
2020-05-27 02:28:00+00:00,-41.112968
2020-05-27 02:29:00+00:00,-40.859062
2020-05-27 02:30:00+00:00,-40.657703
2020-05-27 02:31:00+00:00,-40.793118
2020-05-27 02:32:00+00:00,-41.231598
2020-05-27 02:33:00+00:00,-41.770641
2020-05-27 02:34:00+00:00,-42.599564
2020-05-27 02:35:00+00:00,-43.294193
2020-05-27 02:36:00+00:00,-43.393646
2020-05-27 02:37:00+00:00,-43.101643
2020-05-27 02:38:00+00:00,-42.521622
2020-05-27 02:39:00+00:00,-42.752819
2020-05-27 02:40:00+00:00,-42.576534
2020-05-27 02:41:00+00:00,-42.215027
2020-05-27 02:42:00+00:00,-42.174118
2020-05-27 02:43:00+00:00,-43.008099
2020-05-27 02:44:00+00:00,-42.805443
2020-05-27 02:45:00+00:00,-42.070015
2020-05-27 02:46:00+00:00,-40.599277
2020-05-27 02:47:00+00:00,-39.857143
2020-06-03 00:00:00+00:00,-35.021881
2020-06-03 00:01:00+00:00,-35.485332
2020-06-03 00:02:00+00:00,-35.887817
2020-06-03 00:03:00+00:00,-35.896908
2020-06-03 00:04:00+00:00,-35.491962
2020-06-03 00:05:00+00:00,-35.238068
2020-06-03 00:06:00+00:00,-34.99268
2020-06-03 00:07:00+00:00,-34.69173
2020-06-03 00:08:00+00:00,-33.98587
2020-06-03 00:09:00+00:00,-33.096233
2020-06-03 00:10:00+00:00,-33.074837
2020-06-03 00:11:00+00:00,-32.965168
2020-06-03 00:12:00+00:00,-32.569294
2020-06-03 00:13:00+00:00,-32.633335
2020-06-03 00:14:00+00:00,-32.898586
2020-06-03 00:15:00+00:00,-32.414749
2020-06-03 00:16:00+00:00,-32.262028
2020-06-03 00:17:00+00:00,-31.997097
2020-06-03 00:18:00+00:00,-32.205803
2020-06-03 00:19:00+00:00,-32.35421
2020-06-03 00:20:00+00:00,-32.484257
2020-06-03 00:21:00+00:00,-33.183872
2020-06-03 00:22:00+00:00,-33.871754
2020-06-03 00:23:00+00:00,-33.754513
2020-06-03 00:24:00+00:00,-33.319252
2020-06-03 00:25:00+00:00,-32.82048
2020-06-03 00:26:00+00:00,-31.954315
2020-06-03 00:27:00+00:00,-31.952839
2020-06-03 00:28:00+00:00,-32.080746
2020-06-03 00:29:00+00:00,-31.895138
2020-06-03 00:30:00+00:00,-30.946911
2020-06-03 00:31:00+00:00,-29.367085
2020-06-03 00:32:00+00:00,-27.602837
2020-06-03 00:33:00+00:00,-26.486618
2020-06-03 00:34:00+00:00,-26.047497
2020-06-03 00:35:00+00:00,-25.792797
2020-06-03 00:36:00+00:00,-25.838959
2020-06-03 00:37:00+00:00,-25.940075
2020-06-03 00:38:00+00:00,-25.483109
2020-06-03 00:39:00+00:00,-24.478073
2020-06-03 00:40:00+00:00,-23.052959
2020-06-03 00:41:00+00:00,-21.611599
2020-06-03 00:42:00+00:00,-20.819141
2020-06-03 00:43:00+00:00,-20.193386
2020-06-03 00:44:00+00:00,-19.953011
2020-06-03 00:45:00+00:00,-19.520691
2020-06-03 00:46:00+00:00,-19.397354
2020-06-03 00:47:00+00:00,-18.973854
2020-06-03 00:48:00+00:00,-18.415077
2020-06-03 00:49:00+00:00,-17.31477
2020-06-03 00:50:00+00:00,-16.660854
2020-06-03 00:51:00+00:00,-17.378002
2020-06-03 00:52:00+00:00,-18.657284
2020-06-03 00:53:00+00:00,-19.990669
2020-06-03 00:54:00+00:00,-20.702929
2020-06-03 00:55:00+00:00,-20.562599
2020-06-03 00:56:00+00:00,-20.849867
2020-06-03 00:57:00+00:00,-20.648232
2020-06-03 00:58:00+00:00,-21.569962
2020-06-03 00:59:00+00:00,-21.23262
2020-06-03 01:00:00+00:00,-22.564043
2020-06-03 01:01:00+00:00,-22.955349
2020-06-03 01:02:00+00:00,-24.286514
2020-06-03 01:03:00+00:00,-24.451424
2020-06-03 01:04:00+00:00,-23.596909
2020-06-03 01:05:00+00:00,-23.451836
2020-06-03 01:06:00+00:00,-22.399035
2020-06-03 01:07:00+00:00,-23.272734
2020-06-03 01:08:00+00:00,-23.777555
2020-06-03 01:09:00+00:00,-24.864449
2020-06-03 01:10:00+00:00,-24.988182
2020-06-03 01:11:00+00:00,-25.329685
2020-06-03 01:12:00+00:00,-25.878143
2020-06-03 01:13:00+00:00,-26.203583
2020-06-03 01:14:00+00:00,-25.280239
2020-06-03 01:15:00+00:00,-24.611267
2020-06-03 01:16:00+00:00,-23.257954
2020-06-03 01:17:00+00:00,-23.46439
2020-06-03 01:18:00+00:00,-23.929424
2020-06-03 01:19:00+00:00,-25.928577
2020-06-03 01:20:00+00:00,-27.128557
2020-06-03 01:21:00+00:00,-26.768351
2020-06-03 01:22:00+00:00,-26.687866
2020-06-03 01:23:00+00:00,-27.057465
2020-06-03 01:24:00+00:00,-26.390869
2020-06-03 01:25:00+00:00,-27.270212
2020-06-03 01:26:00+00:00,-28.022999
2020-06-03 01:27:00+00:00,-28.163166
2020-06-03 01:28:00+00:00,-65.671745
2020-06-03 01:29:00+00:00,-108.097626
2020-06-03 01:30:00+00:00,-142.477036
2020-06-03 01:31:00+00:00,-163.630569
2020-06-03 01:32:00+00:00,-155.116928
2020-06-03 01:33:00+00:00,-153.129562
2020-06-03 01:34:00+00:00,-145.544952
2020-06-03 01:35:00+00:00,-204.623917
2020-06-03 01:36:00+00:00,-195.376129
2020-06-03 01:37:00+00:00,-207.087936
2020-06-03 01:38:00+00:00,-174.658081
2020-06-03 01:39:00+00:00,-123.453918
2020-06-03 01:40:00+00:00,-118.265747
2020-06-03 01:41:00+00:00,-107.045929
2020-06-03 01:42:00+00:00,-83.221451
2020-06-03 01:43:00+00:00,-75.948471
2020-06-03 01:44:00+00:00,-72.02121
2020-06-03 01:45:00+00:00,-73.554192
2020-06-03 01:46:00+00:00,-73.27066
2020-06-03 01:47:00+00:00,-72.718201
2020-06-03 01:48:00+00:00,-77.596558
2020-06-03 01:49:00+00:00,-84.944481
2020-06-03 01:50:00+00:00,-82.701012
2020-06-03 01:51:00+00:00,-83.214699
2020-06-03 01:52:00+00:00,-85.328758
2020-06-03 01:53:00+00:00,-85.65049
2020-06-03 01:54:00+00:00,-77.518242
2020-06-03 01:55:00+00:00,-80.709702
2020-06-03 01:56:00+00:00,-76.589287
2020-06-03 01:57:00+00:00,-81.352844
2020-06-03 01:58:00+00:00,-82.573395
2020-06-03 01:59:00+00:00,-83.169701
2020-06-03 02:00:00+00:00,-82.109985
2020-06-03 02:01:00+00:00,-79.813972
2020-06-03 02:02:00+00:00,-79.129318
2020-06-03 02:03:00+00:00,-77.146599
2020-06-03 02:04:00+00:00,-82.588898
2020-06-03 02:05:00+00:00,-77.647217
2020-06-03 02:06:00+00:00,-84.390251
2020-06-03 02:07:00+00:00,-85.644508
2020-06-03 02:08:00+00:00,-97.111923
2020-06-03 02:09:00+00:00,-126.231918
2020-06-03 02:10:00+00:00,-102.330765
2020-06-03 02:11:00+00:00,-89.944458
2020-06-03 02:12:00+00:00,-94.821419
2020-06-03 02:13:00+00:00,-94.494362
2020-06-03 02:14:00+00:00,-93.717575
2020-06-03 02:15:00+00:00,-98.036308
2020-06-03 02:16:00+00:00,-101.192345
2020-06-03 02:17:00+00:00,-103.847206
2020-06-03 02:18:00+00:00,-104.06591
2020-06-03 02:19:00+00:00,-115.230553
2020-06-03 02:20:00+00:00,-131.024323
2020-06-03 02:21:00+00:00,-137.321381
2020-06-03 02:22:00+00:00,-135.282471
2020-06-03 02:23:00+00:00,-131.924438
2020-06-03 02:24:00+00:00,-126.445107
2020-06-03 02:25:00+00:00,-128.599014
2020-06-03 02:26:00+00:00,-126.807228
2020-06-03 02:27:00+00:00,-133.864304
2020-06-03 02:28:00+00:00,-129.505722
2020-06-03 02:29:00+00:00,-125.976334
2020-06-03 02:30:00+00:00,-125.559357
2020-06-03 02:31:00+00:00,-133.217453
2020-06-03 02:32:00+00:00,-129.822098
2020-06-03 02:33:00+00:00,-123.134766
2020-06-03 02:34:00+00:00,-117.994492
2020-06-03 02:35:00+00:00,-107.071953
2020-06-03 02:36:00+00:00,-107.214058
2020-06-03 02:37:00+00:00,-104.351196
2020-06-03 02:38:00+00:00,-96.469955
2020-06-03 02:39:00+00:00,-88.601303
2020-06-03 02:40:00+00:00,-85.197594
2020-06-03 02:41:00+00:00,-83.91407
2020-06-03 02:42:00+00:00,-83.394356
2020-06-03 02:43:00+00:00,-79.95388
2020-06-03 02:44:00+00:00,-84.343781
2020-06-03 02:45:00+00:00,-86.99501
2020-06-03 02:46:00+00:00,-86.687782
2020-06-03 02:47:00+00:00,-89.515106
2020-06-10 00:00:00+00:00,-111.300354
2020-06-10 00:01:00+00:00,-105.491013
2020-06-10 00:02:00+00:00,-99.276947
2020-06-10 00:03:00+00:00,-93.200157
2020-06-10 00:04:00+00:00,-89.77137
2020-06-10 00:05:00+00:00,-90.668297
2020-06-10 00:06:00+00:00,-94.443649
2020-06-10 00:07:00+00:00,-99.028069
2020-06-10 00:08:00+00:00,-100.196114
2020-06-10 00:09:00+00:00,-96.522659
2020-06-10 00:10:00+00:00,-91.483421
2020-06-10 00:11:00+00:00,-87.056877
2020-06-10 00:12:00+00:00,-82.954941
2020-06-10 00:13:00+00:00,-75.87973
2020-06-10 00:14:00+00:00,-73.732597
2020-06-10 00:15:00+00:00,-70.558449
2020-06-10 00:16:00+00:00,-66.247131
2020-06-10 00:17:00+00:00,-61.898769
2020-06-10 00:18:00+00:00,-58.604382
2020-06-10 00:19:00+00:00,-53.687187
2020-06-10 00:20:00+00:00,-49.06221
2020-06-10 00:21:00+00:00,-47.855408
2020-06-10 00:22:00+00:00,-48.688828
2020-06-10 00:23:00+00:00,-50.127186
2020-06-10 00:24:00+00:00,-53.589828
2020-06-10 00:25:00+00:00,-57.47057
2020-06-10 00:26:00+00:00,-60.554539
2020-06-10 00:27:00+00:00,-63.034103
2020-06-10 00:28:00+00:00,-68.220131
2020-06-10 00:29:00+00:00,-73.981552
2020-06-10 00:30:00+00:00,-81.07605
2020-06-10 00:31:00+00:00,-83.948822
2020-06-10 00:32:00+00:00,-81.915985
2020-06-10 00:33:00+00:00,-79.896133
2020-06-10 00:34:00+00:00,-82.63604
2020-06-10 00:35:00+00:00,-87.77449
2020-06-10 00:36:00+00:00,-90.939713
2020-06-10 00:37:00+00:00,-90.684753
2020-06-10 00:38:00+00:00,-89.982918
2020-06-10 00:39:00+00:00,-87.334244
2020-06-10 00:40:00+00:00,-80.869995
2020-06-10 00:41:00+00:00,-70.908958
2020-06-10 00:42:00+00:00,-63.413528
2020-06-10 00:43:00+00:00,-58.418823
2020-06-10 00:44:00+00:00,-56.344322
2020-06-10 00:45:00+00:00,-55.872803
2020-06-10 00:46:00+00:00,-57.157898
2020-06-10 00:47:00+00:00,-56.030331
2020-06-10 00:48:00+00:00,-54.185497
2020-06-10 00:49:00+00:00,-51.532524
2020-06-10 00:50:00+00:00,-48.566479
2020-06-10 00:51:00+00:00,-45.36153
2020-06-10 00:52:00+00:00,-42.5397
2020-06-10 00:53:00+00:00,-43.092369
2020-06-10 00:54:00+00:00,-42.784668
2020-06-10 00:55:00+00:00,-42.396919
2020-06-10 00:56:00+00:00,-44.30402
2020-06-10 00:57:00+00:00,-42.990818
2020-06-10 00:58:00+00:00,-37.543221
2020-06-10 00:59:00+00:00,-33.066795
2020-06-10 01:00:00+00:00,-29.919416
2020-06-10 01:01:00+00:00,-30.539255
2020-06-10 01:02:00+00:00,-29.508163
2020-06-10 01:03:00+00:00,-34.698753
2020-06-10 01:04:00+00:00,-33.477249
2020-06-10 01:05:00+00:00,-31.295803
2020-06-10 01:06:00+00:00,-26.440559
2020-06-10 01:07:00+00:00,-29.49551
2020-06-10 01:08:00+00:00,-31.228844
2020-06-10 01:09:00+00:00,-32.023129
2020-06-10 01:10:00+00:00,-29.150492
2020-06-10 01:11:00+00:00,-30.103125
2020-06-10 01:12:00+00:00,-26.570488
2020-06-10 01:13:00+00:00,-26.428371
2020-06-10 01:14:00+00:00,-26.332479
2020-06-10 01:15:00+00:00,-24.387964
2020-06-10 01:16:00+00:00,-26.744678
2020-06-10 01:17:00+00:00,-33.403774
2020-06-10 01:18:00+00:00,-40.467442
2020-06-10 01:19:00+00:00,-47.445858
2020-06-10 01:20:00+00:00,-48.96492
2020-06-10 01:21:00+00:00,-46.456188
2020-06-10 01:22:00+00:00,-42.938137
2020-06-10 01:23:00+00:00,-40.008236
2020-06-10 01:24:00+00:00,-40.702988
2020-06-10 01:25:00+00:00,-35.064854
2020-06-10 01:26:00+00:00,-31.848728
2020-06-10 01:27:00+00:00,-25.391539
2020-06-10 01:28:00+00:00,-22.635195
2020-06-10 01:29:00+00:00,-22.492594
2020-06-10 01:30:00+00:00,-28.530863
2020-06-10 01:31:00+00:00,-34.50338
2020-06-10 01:32:00+00:00,-39.083286
2020-06-10 01:33:00+00:00,-40.298046
2020-06-10 01:34:00+00:00,-39.746223
2020-06-10 01:35:00+00:00,-36.383804
2020-06-10 01:36:00+00:00,-36.587681
2020-06-10 01:37:00+00:00,-39.890984
2020-06-10 01:38:00+00:00,-41.250858
2020-06-10 01:39:00+00:00,-44.624878
2020-06-10 01:40:00+00:00,-49.722149
2020-06-10 01:41:00+00:00,-61.295528
2020-06-10 01:42:00+00:00,-66.914719
2020-06-10 01:43:00+00:00,-63.606152
2020-06-10 01:44:00+00:00,-56.56699
2020-06-10 01:45:00+00:00,-50.589073
2020-06-10 01:46:00+00:00,-51.175362
2020-06-10 01:47:00+00:00,-49.32571
2020-06-10 01:48:00+00:00,-45.501888
2020-06-10 01:49:00+00:00,-46.267471
2020-06-10 01:50:00+00:00,-49.649185
2020-06-10 01:51:00+00:00,-52.491692
2020-06-10 01:52:00+00:00,-54.888676
2020-06-10 01:53:00+00:00,-57.838905
2020-06-10 01:54:00+00:00,-61.735222
2020-06-10 01:55:00+00:00,-64.250267
2020-06-10 01:56:00+00:00,-60.681824
2020-06-10 01:57:00+00:00,-60.828648
2020-06-10 01:58:00+00:00,-62.074471
2020-06-10 01:59:00+00:00,-57.494415
2020-06-10 02:00:00+00:00,-53.954811
2020-06-10 02:01:00+00:00,-55.304249
2020-06-10 02:02:00+00:00,-55.401138
2020-06-10 02:03:00+00:00,-58.792625
2020-06-10 02:04:00+00:00,-63.495232
2020-06-10 02:05:00+00:00,-68.864433
2020-06-10 02:06:00+00:00,-73.656075
2020-06-10 02:07:00+00:00,-76.525429
2020-06-10 02:08:00+00:00,-79.530075
2020-06-10 02:09:00+00:00,-76.087067
2020-06-10 02:10:00+00:00,-77.2911
2020-06-10 02:11:00+00:00,-83.24276
2020-06-10 02:12:00+00:00,-86.083641
2020-06-10 02:13:00+00:00,-83.433861
2020-06-10 02:14:00+00:00,-79.103966
2020-06-10 02:15:00+00:00,-80.987495
2020-06-10 02:16:00+00:00,-82.991547
2020-06-10 02:17:00+00:00,-84.301926
2020-06-10 02:18:00+00:00,-83.749557
2020-06-10 02:19:00+00:00,-85.035866
2020-06-10 02:20:00+00:00,-87.094315
2020-06-10 02:21:00+00:00,-88.334297
2020-06-10 02:22:00+00:00,-88.157188
2020-06-10 02:23:00+00:00,-87.212112
2020-06-10 02:24:00+00:00,-84.928345
2020-06-10 02:25:00+00:00,-82.533157
2020-06-10 02:26:00+00:00,-78.952339
2020-06-10 02:27:00+00:00,-78.391953
2020-06-10 02:28:00+00:00,-77.838783
2020-06-10 02:29:00+00:00,-79.64917
2020-06-10 02:30:00+00:00,-79.358345
2020-06-10 02:31:00+00:00,-87.153656
2020-06-10 02:32:00+00:00,-80.360031
2020-06-10 02:33:00+00:00,-86.624664
2020-06-10 02:34:00+00:00,-88.626633
2020-06-10 02:35:00+00:00,-93.878555
2020-06-10 02:36:00+00:00,-85.899696
2020-06-10 02:37:00+00:00,-82.347992
2020-06-10 02:38:00+00:00,-79.353897
2020-06-10 02:39:00+00:00,-82.485825
2020-06-10 02:40:00+00:00,-110.102821
2020-06-10 02:41:00+00:00,-86.533997
2020-06-10 02:42:00+00:00,-94.964897
2020-06-10 02:43:00+00:00,-90.122108
2020-06-10 02:44:00+00:00,-103.389412
2020-06-10 02:45:00+00:00,-99.528549
2020-06-10 02:46:00+00:00,-98.465866
2020-06-10 02:47:00+00:00,-172.459183
2020-06-17 00:00:00+00:00,-35.771267
2020-06-17 00:01:00+00:00,-35.708576
2020-06-17 00:02:00+00:00,-36.028175
2020-06-17 00:03:00+00:00,-35.749538
2020-06-17 00:04:00+00:00,-34.989422
2020-06-17 00:05:00+00:00,-34.455399
2020-06-17 00:06:00+00:00,-34.430721
2020-06-17 00:07:00+00:00,-33.537518
2020-06-17 00:08:00+00:00,-32.357651
2020-06-17 00:09:00+00:00,-31.770998
2020-06-17 00:10:00+00:00,-31.375549
2020-06-17 00:11:00+00:00,-30.714813
2020-06-17 00:12:00+00:00,-30.042263
2020-06-17 00:13:00+00:00,-28.408733
2020-06-17 00:14:00+00:00,-26.706852
2020-06-17 00:15:00+00:00,-25.266754
2020-06-17 00:16:00+00:00,-24.717655
2020-06-17 00:17:00+00:00,-24.763201
2020-06-17 00:18:00+00:00,-25.019419
2020-06-17 00:19:00+00:00,-24.149939
2020-06-17 00:20:00+00:00,-24.194363
2020-06-17 00:21:00+00:00,-25.558996
2020-06-17 00:22:00+00:00,-26.088129
2020-06-17 00:23:00+00:00,-26.987715
2020-06-17 00:24:00+00:00,-28.338213
2020-06-17 00:25:00+00:00,-28.49839
2020-06-17 00:26:00+00:00,-29.104532
2020-06-17 00:27:00+00:00,-29.63765
2020-06-17 00:28:00+00:00,-29.669083
2020-06-17 00:29:00+00:00,-30.525059
2020-06-17 00:30:00+00:00,-31.052799
2020-06-17 00:31:00+00:00,-31.342358
2020-06-17 00:32:00+00:00,-31.290405
2020-06-17 00:33:00+00:00,-31.012178
2020-06-17 00:34:00+00:00,-30.548222
2020-06-17 00:35:00+00:00,-30.042583
2020-06-17 00:36:00+00:00,-29.78825
2020-06-17 00:37:00+00:00,-29.680248
2020-06-17 00:38:00+00:00,-29.662024
2020-06-17 00:39:00+00:00,-29.786674
2020-06-17 00:40:00+00:00,-29.906818
2020-06-17 00:41:00+00:00,-29.394043
2020-06-17 00:42:00+00:00,-29.03059
2020-06-17 00:43:00+00:00,-28.728579
2020-06-17 00:44:00+00:00,-28.649096
2020-06-17 00:45:00+00:00,-28.677145
2020-06-17 00:46:00+00:00,-28.982893
2020-06-17 00:47:00+00:00,-29.533747
2020-06-17 00:48:00+00:00,-29.758633
2020-06-17 00:49:00+00:00,-29.872427
2020-06-17 00:50:00+00:00,-29.997221
2020-06-17 00:51:00+00:00,-30.032455
2020-06-17 00:52:00+00:00,-29.806282
2020-06-17 00:53:00+00:00,-29.450819
2020-06-17 00:54:00+00:00,-29.198988
2020-06-17 00:55:00+00:00,-28.612585
2020-06-17 00:56:00+00:00,-28.106674
2020-06-17 00:57:00+00:00,-27.63929
2020-06-17 00:58:00+00:00,-27.322762
2020-06-17 00:59:00+00:00,-26.539927
2020-06-17 01:00:00+00:00,-26.271282
2020-06-17 01:01:00+00:00,-25.964357
2020-06-17 01:02:00+00:00,-25.768723
2020-06-17 01:03:00+00:00,-25.534332
2020-06-17 01:04:00+00:00,-25.63228
2020-06-17 01:05:00+00:00,-25.843809
2020-06-17 01:06:00+00:00,-25.970676
2020-06-17 01:07:00+00:00,-26.473818
2020-06-17 01:08:00+00:00,-27.087048
2020-06-17 01:09:00+00:00,-27.625937
2020-06-17 01:10:00+00:00,-27.778395
2020-06-17 01:11:00+00:00,-27.971176
2020-06-17 01:12:00+00:00,-28.547052
2020-06-17 01:13:00+00:00,-29.006994
2020-06-17 01:14:00+00:00,-29.010181
2020-06-17 01:15:00+00:00,-28.76169
2020-06-17 01:16:00+00:00,-28.938759
2020-06-17 01:17:00+00:00,-28.871475
2020-06-17 01:18:00+00:00,-28.652111
2020-06-17 01:19:00+00:00,-27.485743
2020-06-17 01:20:00+00:00,-26.517874
2020-06-17 01:21:00+00:00,-26.222136
2020-06-17 01:22:00+00:00,-25.930557
2020-06-17 01:23:00+00:00,-25.65637
2020-06-17 01:24:00+00:00,-25.480528
2020-06-17 01:25:00+00:00,-25.660398
2020-06-17 01:26:00+00:00,-25.848322
2020-06-17 01:27:00+00:00,-25.80113
2020-06-17 01:28:00+00:00,-25.646753
2020-06-17 01:29:00+00:00,-25.634209
2020-06-17 01:30:00+00:00,-25.407051
2020-06-17 01:31:00+00:00,-25.435707
2020-06-17 01:32:00+00:00,-25.433926
2020-06-17 01:33:00+00:00,-24.941338
2020-06-17 01:34:00+00:00,-24.821205
2020-06-17 01:35:00+00:00,-24.240501
2020-06-17 01:36:00+00:00,-23.760735
2020-06-17 01:37:00+00:00,-23.415085
2020-06-17 01:38:00+00:00,-22.717884
2020-06-17 01:39:00+00:00,-21.887495
2020-06-17 01:40:00+00:00,-21.49781
2020-06-17 01:41:00+00:00,-21.387676
2020-06-17 01:42:00+00:00,-20.949656
2020-06-17 01:43:00+00:00,-20.537241
2020-06-17 01:44:00+00:00,-19.611355
2020-06-17 01:45:00+00:00,-18.379984
2020-06-17 01:46:00+00:00,-17.399902
2020-06-17 01:47:00+00:00,-18.411171
2020-06-17 01:48:00+00:00,-19.469341
2020-06-17 01:49:00+00:00,-19.346416
2020-06-17 01:50:00+00:00,-20.099068
2020-06-17 01:51:00+00:00,-21.351341
2020-06-17 01:52:00+00:00,-23.882313
2020-06-17 01:53:00+00:00,-25.646027
2020-06-17 01:54:00+00:00,-26.069855
2020-06-17 01:55:00+00:00,-25.932783
2020-06-17 01:56:00+00:00,-26.45454
2020-06-17 01:57:00+00:00,-27.748899
2020-06-17 01:58:00+00:00,-29.094673
2020-06-17 01:59:00+00:00,-29.901531
2020-06-17 02:00:00+00:00,-30.838421
2020-06-17 02:01:00+00:00,-32.038555
2020-06-17 02:02:00+00:00,-32.701324
2020-06-17 02:03:00+00:00,-32.53389
2020-06-17 02:04:00+00:00,-32.489063
2020-06-17 02:05:00+00:00,-33.501442
2020-06-17 02:06:00+00:00,-35.760826
2020-06-17 02:07:00+00:00,-37.245285
2020-06-17 02:08:00+00:00,-38.695595
2020-06-17 02:09:00+00:00,-39.206947
2020-06-17 02:10:00+00:00,-40.369579
2020-06-17 02:11:00+00:00,-42.369709
2020-06-17 02:12:00+00:00,-41.759151
2020-06-17 02:13:00+00:00,-40.576027
2020-06-17 02:14:00+00:00,-39.546436
2020-06-17 02:15:00+00:00,-37.569832
2020-06-17 02:16:00+00:00,-34.308235
2020-06-17 02:17:00+00:00,-31.261747
2020-06-17 02:18:00+00:00,-28.756592
2020-06-17 02:19:00+00:00,-22.988295
2020-06-17 02:20:00+00:00,-17.513546
2020-06-17 02:21:00+00:00,-13.540393
2020-06-17 02:22:00+00:00,-11.509596
2020-06-17 02:23:00+00:00,-10.388117
2020-06-17 02:24:00+00:00,-10.597957
2020-06-17 02:25:00+00:00,-11.128785
2020-06-17 02:26:00+00:00,-11.295882
2020-06-17 02:27:00+00:00,-10.547394
2020-06-17 02:28:00+00:00,-8.17639
2020-06-17 02:29:00+00:00,-5.87329
2020-06-17 02:30:00+00:00,-3.673242
2020-06-17 02:31:00+00:00,-1.868724
2020-06-17 02:32:00+00:00,-0.881972
2020-06-17 02:33:00+00:00,-3.95364
2020-06-17 02:34:00+00:00,-6.76004
2020-06-17 02:35:00+00:00,-7.83398
2020-06-17 02:36:00+00:00,-8.917633
2020-06-17 02:37:00+00:00,-10.639894
2020-06-17 02:38:00+00:00,-12.218252
2020-06-17 02:39:00+00:00,-14.490831
2020-06-17 02:40:00+00:00,-18.341427
2020-06-17 02:41:00+00:00,-20.983799
2020-06-17 02:42:00+00:00,-21.920929
2020-06-17 02:43:00+00:00,-22.043495
2020-06-17 02:44:00+00:00,-25.071276
2020-06-17 02:45:00+00:00,-26.274345
2020-06-17 02:46:00+00:00,-26.529823
2020-06-17 02:47:00+00:00,-27.889784
2020-06-24 00:00:00+00:00,-162.548706
2020-06-24 00:01:00+00:00,-162.266006
2020-06-24 00:02:00+00:00,-157.740067
2020-06-24 00:03:00+00:00,-163.50885
2020-06-24 00:04:00+00:00,-169.589722
2020-06-24 00:05:00+00:00,-175.353226
2020-06-24 00:06:00+00:00,-175.100143
2020-06-24 00:07:00+00:00,-173.446625
2020-06-24 00:08:00+00:00,-174.434769
2020-06-24 00:09:00+00:00,-180.230881
2020-06-24 00:10:00+00:00,-186.137085
2020-06-24 00:11:00+00:00,-187.083679
2020-06-24 00:12:00+00:00,-185.077362
2020-06-24 00:13:00+00:00,-178.990112
2020-06-24 00:14:00+00:00,-179.783737
2020-06-24 00:15:00+00:00,-179.541107
2020-06-24 00:16:00+00:00,-177.401123
2020-06-24 00:17:00+00:00,-172.639893
2020-06-24 00:18:00+00:00,-169.230743
2020-06-24 00:19:00+00:00,-176.06041
2020-06-24 00:20:00+00:00,-180.689102
2020-06-24 00:21:00+00:00,-182.709259
2020-06-24 00:22:00+00:00,-183.477936
2020-06-24 00:23:00+00:00,-173.451065
2020-06-24 00:24:00+00:00,-163.429688
2020-06-24 00:25:00+00:00,-161.195831
2020-06-24 00:26:00+00:00,-158.555817
2020-06-24 00:27:00+00:00,-157.097168
2020-06-24 00:28:00+00:00,-152.665253
2020-06-24 00:29:00+00:00,-147.601517
2020-06-24 00:30:00+00:00,-146.364624
2020-06-24 00:31:00+00:00,-143.334457
2020-06-24 00:32:00+00:00,-138.669083
2020-06-24 00:33:00+00:00,-142.409348
2020-06-24 00:34:00+00:00,-150.657608
2020-06-24 00:35:00+00:00,-159.757294
2020-06-24 00:36:00+00:00,-163.443665
2020-06-24 00:37:00+00:00,-159.673599
2020-06-24 00:38:00+00:00,-151.224503
2020-06-24 00:39:00+00:00,-155.068985
2020-06-24 00:40:00+00:00,-156.067657
2020-06-24 00:41:00+00:00,-149.685303
2020-06-24 00:42:00+00:00,-138.55162
2020-06-24 00:43:00+00:00,-128.032578
2020-06-24 00:44:00+00:00,-126.917046
2020-06-24 00:45:00+00:00,-129.654755
2020-06-24 00:46:00+00:00,-133.11763
2020-06-24 00:47:00+00:00,-140.283234
2020-06-24 00:48:00+00:00,-145.301758
2020-06-24 00:49:00+00:00,-145.523682
2020-06-24 00:50:00+00:00,-141.167618
2020-06-24 00:51:00+00:00,-136.398361
2020-06-24 00:52:00+00:00,-134.482376
2020-06-24 00:53:00+00:00,-131.686707
2020-06-24 00:54:00+00:00,-127.86412
2020-06-24 00:55:00+00:00,-132.326477
2020-06-24 00:56:00+00:00,-137.702393
2020-06-24 00:57:00+00:00,-142.600128
2020-06-24 00:58:00+00:00,-141.517639
2020-06-24 00:59:00+00:00,-135.691132
2020-06-24 01:00:00+00:00,-132.362701
2020-06-24 01:01:00+00:00,-130.737564
2020-06-24 01:02:00+00:00,-127.317078
2020-06-24 01:03:00+00:00,-119.482262
2020-06-24 01:04:00+00:00,-115.262634
2020-06-24 01:05:00+00:00,-111.385834
2020-06-24 01:06:00+00:00,-105.700775
2020-06-24 01:07:00+00:00,-100.122055
2020-06-24 01:08:00+00:00,-108.281105
2020-06-24 01:09:00+00:00,-115.417542
2020-06-24 01:10:00+00:00,-121.410553
2020-06-24 01:11:00+00:00,-116.213554
2020-06-24 01:12:00+00:00,-118.346642
2020-06-24 01:13:00+00:00,-113.34877
2020-06-24 01:14:00+00:00,-103.104378
2020-06-24 01:15:00+00:00,-98.209793
2020-06-24 01:16:00+00:00,-93.992294
2020-06-24 01:17:00+00:00,-92.959351
2020-06-24 01:18:00+00:00,-89.801567
2020-06-24 01:19:00+00:00,-86.753937
2020-06-24 01:20:00+00:00,-84.118866
2020-06-24 01:21:00+00:00,-86.412384
2020-06-24 01:22:00+00:00,-94.005409
2020-06-24 01:23:00+00:00,-105.425217
2020-06-24 01:24:00+00:00,-115.167007
2020-06-24 01:25:00+00:00,-121.886192
2020-06-24 01:26:00+00:00,-122.529938
2020-06-24 01:27:00+00:00,-120.682182
2020-06-24 01:28:00+00:00,-117.323471
2020-06-24 01:29:00+00:00,-107.380112
2020-06-24 01:30:00+00:00,-94.682823
2020-06-24 01:31:00+00:00,-91.250404
2020-06-24 01:32:00+00:00,-87.577011
2020-06-24 01:33:00+00:00,-83.045479
2020-06-24 01:34:00+00:00,-78.971214
2020-06-24 01:35:00+00:00,-77.114769
2020-06-24 01:36:00+00:00,-77.063789
2020-06-24 01:37:00+00:00,-76.655479
2020-06-24 01:38:00+00:00,-73.404663
2020-06-24 01:39:00+00:00,-69.885162
2020-06-24 01:40:00+00:00,-66.654831
2020-06-24 01:41:00+00:00,-61.741016
2020-06-24 01:42:00+00:00,-54.909348
2020-06-24 01:43:00+00:00,-51.214516
2020-06-24 01:44:00+00:00,-55.239738
2020-06-24 01:45:00+00:00,-57.349625
2020-06-24 01:46:00+00:00,-59.781605
2020-06-24 01:47:00+00:00,-61.469994
2020-06-24 01:48:00+00:00,-63.102844
2020-06-24 01:49:00+00:00,-65.088371
2020-06-24 01:50:00+00:00,-67.361137
2020-06-24 01:51:00+00:00,-69.128181
2020-06-24 01:52:00+00:00,-68.292824
2020-06-24 01:53:00+00:00,-64.194801
2020-06-24 01:54:00+00:00,-61.145779
2020-06-24 01:55:00+00:00,-59.5471
2020-06-24 01:56:00+00:00,-58.513996
2020-06-24 01:57:00+00:00,-56.820885
2020-06-24 01:58:00+00:00,-55.919922
2020-06-24 01:59:00+00:00,-56.46833
2020-06-24 02:00:00+00:00,-57.070599
2020-06-24 02:01:00+00:00,-58.13588
2020-06-24 02:02:00+00:00,-59.348
2020-06-24 02:03:00+00:00,-60.344036
2020-06-24 02:04:00+00:00,-61.585949
2020-06-24 02:05:00+00:00,-59.723206
2020-06-24 02:06:00+00:00,-57.244137
2020-06-24 02:07:00+00:00,-56.358749
2020-06-24 02:08:00+00:00,-55.331314
2020-06-24 02:09:00+00:00,-57.752636
2020-06-24 02:10:00+00:00,-56.796253
2020-06-24 02:11:00+00:00,-62.107311
2020-06-24 02:12:00+00:00,-68.858887
2020-06-24 02:13:00+00:00,-70.234932
2020-06-24 02:14:00+00:00,-67.574173
2020-06-24 02:15:00+00:00,-68.425293
2020-06-24 02:16:00+00:00,-71.749062
2020-06-24 02:17:00+00:00,-74.613716
2020-06-24 02:18:00+00:00,-74.851128
2020-06-24 02:19:00+00:00,-71.259003
2020-06-24 02:20:00+00:00,-69.748543
2020-06-24 02:21:00+00:00,-67.615883
2020-06-24 02:22:00+00:00,-66.115944
2020-06-24 02:23:00+00:00,-65.866493
2020-06-24 02:24:00+00:00,-63.802917
2020-06-24 02:25:00+00:00,-58.677681
2020-06-24 02:26:00+00:00,-53.552364
2020-06-24 02:27:00+00:00,-49.209236
2020-06-24 02:28:00+00:00,-43.945229
2020-06-24 02:29:00+00:00,-37.236946
2020-06-24 02:30:00+00:00,-31.954266
2020-06-24 02:31:00+00:00,-33.60091
2020-06-24 02:32:00+00:00,-35.275501
2020-06-24 02:33:00+00:00,-34.094635
2020-06-24 02:34:00+00:00,-32.030876
2020-06-24 02:35:00+00:00,-30.812643
2020-06-24 02:36:00+00:00,-30.447659
2020-06-24 02:37:00+00:00,-33.30497
2020-06-24 02:38:00+00:00,-35.884922
2020-06-24 02:39:00+00:00,-38.45118
2020-06-24 02:40:00+00:00,-39.379101
2020-06-24 02:41:00+00:00,-36.445938
2020-06-24 02:42:00+00:00,-33.651459
2020-06-24 02:43:00+00:00,-39.386543
2020-06-24 02:44:00+00:00,-45.517906
2020-06-24 02:45:00+00:00,-50.94389
2020-06-24 02:46:00+00:00,-60.621971
2020-06-24 02:47:00+00:00,-66.828323
2020-07-01 00:00:00+00:00,-89.077179
2020-07-01 00:01:00+00:00,-86.502853
2020-07-01 00:02:00+00:00,-84.859245
2020-07-01 00:03:00+00:00,-80.275528
2020-07-01 00:04:00+00:00,-79.9235
2020-07-01 00:05:00+00:00,-79.777039
2020-07-01 00:06:00+00:00,-81.720222
2020-07-01 00:07:00+00:00,-81.858604
2020-07-01 00:08:00+00:00,-80.160866
2020-07-01 00:09:00+00:00,-80.157166
2020-07-01 00:10:00+00:00,-82.219505
2020-07-01 00:11:00+00:00,-85.231567
2020-07-01 00:12:00+00:00,-86.058525
2020-07-01 00:13:00+00:00,-84.076248
2020-07-01 00:14:00+00:00,-81.341309
2020-07-01 00:15:00+00:00,-80.247162
2020-07-01 00:16:00+00:00,-82.339745
2020-07-01 00:17:00+00:00,-80.920502
2020-07-01 00:18:00+00:00,-80.370216
2020-07-01 00:19:00+00:00,-83.217117
2020-07-01 00:20:00+00:00,-76.99852
2020-07-01 00:21:00+00:00,-79.227203
2020-07-01 00:22:00+00:00,-78.127983
2020-07-01 00:23:00+00:00,-79.79686
2020-07-01 00:24:00+00:00,-84.751205
2020-07-01 00:25:00+00:00,-89.804489
2020-07-01 00:26:00+00:00,-92.892159
2020-07-01 00:27:00+00:00,-92.671364
2020-07-01 00:28:00+00:00,-94.201584
2020-07-01 00:29:00+00:00,-97.428047
2020-07-01 00:30:00+00:00,-98.641693
2020-07-01 00:31:00+00:00,-98.013206
2020-07-01 00:32:00+00:00,-100.615013
2020-07-01 00:33:00+00:00,-101.93515
2020-07-01 00:34:00+00:00,-101.566277
2020-07-01 00:35:00+00:00,-102.272919
2020-07-01 00:36:00+00:00,-99.19854
2020-07-01 00:37:00+00:00,-97.895752
2020-07-01 00:38:00+00:00,-97.153442
2020-07-01 00:39:00+00:00,-97.993111
2020-07-01 00:40:00+00:00,-97.120636
2020-07-01 00:41:00+00:00,-93.48317
2020-07-01 00:42:00+00:00,-92.971237
2020-07-01 00:43:00+00:00,-91.792725
2020-07-01 00:44:00+00:00,-88.572525
2020-07-01 00:45:00+00:00,-85.459938
2020-07-01 00:46:00+00:00,-90.832138
2020-07-01 00:47:00+00:00,-94.8899
2020-07-01 00:48:00+00:00,-94.790413
2020-07-01 00:49:00+00:00,-98.721161
2020-07-01 00:50:00+00:00,-106.13475
2020-07-01 00:51:00+00:00,-112.043343
2020-07-01 00:52:00+00:00,-115.809746
2020-07-01 00:53:00+00:00,-115.739799
2020-07-01 00:54:00+00:00,-114.608238
2020-07-01 00:55:00+00:00,-110.054916
2020-07-01 00:56:00+00:00,-100.794548
2020-07-01 00:57:00+00:00,-94.673698
2020-07-01 00:58:00+00:00,-90.51841
2020-07-01 00:59:00+00:00,-91.274864
2020-07-01 01:00:00+00:00,-89.889221
2020-07-01 01:01:00+00:00,-92.075615
2020-07-01 01:02:00+00:00,-94.185997
2020-07-01 01:03:00+00:00,-94.991104
2020-07-01 01:04:00+00:00,-95.14222
2020-07-01 01:05:00+00:00,-95.57283
2020-07-01 01:06:00+00:00,-94.342407
2020-07-01 01:07:00+00:00,-89.777039
2020-07-01 01:08:00+00:00,-90.67025
2020-07-01 01:09:00+00:00,-93.252945
2020-07-01 01:10:00+00:00,-95.088287
2020-07-01 01:11:00+00:00,-96.968155
2020-07-01 01:12:00+00:00,-99.734268
2020-07-01 01:13:00+00:00,-100.459763
2020-07-01 01:14:00+00:00,-100.577164
2020-07-01 01:15:00+00:00,-102.366638
2020-07-01 01:16:00+00:00,-101.18145
2020-07-01 01:17:00+00:00,-100.508034
2020-07-01 01:18:00+00:00,-97.507378
2020-07-01 01:19:00+00:00,-95.30439
2020-07-01 01:20:00+00:00,-94.414589
2020-07-01 01:21:00+00:00,-92.234367
2020-07-01 01:22:00+00:00,-92.140579
2020-07-01 01:23:00+00:00,-90.515892
2020-07-01 01:24:00+00:00,-86.844543
2020-07-01 01:25:00+00:00,-89.432831
2020-07-01 01:26:00+00:00,-87.915909
2020-07-01 01:27:00+00:00,-84.294518
2020-07-01 01:28:00+00:00,-84.208023
2020-07-01 01:29:00+00:00,-83.708656
2020-07-01 01:30:00+00:00,-83.881805
2020-07-01 01:31:00+00:00,-83.62281
2020-07-01 01:32:00+00:00,-83.768112
2020-07-01 01:33:00+00:00,-84.310951
2020-07-01 01:34:00+00:00,-81.529022
2020-07-01 01:35:00+00:00,-80.881317
2020-07-01 01:36:00+00:00,-84.136314
2020-07-01 01:37:00+00:00,-86.90329
2020-07-01 01:38:00+00:00,-83.583931
2020-07-01 01:39:00+00:00,-80.33741
2020-07-01 01:40:00+00:00,-78.587944
2020-07-01 01:41:00+00:00,-75.400879
2020-07-01 01:42:00+00:00,-72.437241
2020-07-01 01:43:00+00:00,-72.626221
2020-07-01 01:44:00+00:00,-69.873886
2020-07-01 01:45:00+00:00,-67.156677
2020-07-01 01:46:00+00:00,-69.011368
2020-07-01 01:47:00+00:00,-65.230904
2020-07-01 01:48:00+00:00,-61.009277
2020-07-01 01:49:00+00:00,-61.935268
2020-07-01 01:50:00+00:00,-62.737305
2020-07-01 01:51:00+00:00,-61.912361
2020-07-01 01:52:00+00:00,-64.923248
2020-07-01 01:53:00+00:00,-69.541176
2020-07-01 01:54:00+00:00,-69.309258
2020-07-01 01:55:00+00:00,-73.898239
2020-07-01 01:56:00+00:00,-78.370544
2020-07-01 01:57:00+00:00,-77.477669
2020-07-01 01:58:00+00:00,-80.222389
2020-07-01 01:59:00+00:00,-79.528671
2020-07-01 02:00:00+00:00,-77.887802
2020-07-01 02:01:00+00:00,-76.828941
2020-07-01 02:02:00+00:00,-75.922844
2020-07-01 02:03:00+00:00,-72.948578
2020-07-01 02:04:00+00:00,-67.923119
2020-07-01 02:05:00+00:00,-63.134964
2020-07-01 02:06:00+00:00,-62.254646
2020-07-01 02:07:00+00:00,-63.066582
2020-07-01 02:08:00+00:00,-62.495819
2020-07-01 02:09:00+00:00,-63.596775
2020-07-01 02:10:00+00:00,-65.655556
2020-07-01 02:11:00+00:00,-65.848099
2020-07-01 02:12:00+00:00,-67.408844
2020-07-01 02:13:00+00:00,-69.527229
2020-07-01 02:14:00+00:00,-73.617516
2020-07-01 02:15:00+00:00,-72.152901
2020-07-01 02:16:00+00:00,-70.515739
2020-07-01 02:17:00+00:00,-69.223801
2020-07-01 02:18:00+00:00,-69.345177
2020-07-01 02:19:00+00:00,-71.264038
2020-07-01 02:20:00+00:00,-74.097
2020-07-01 02:21:00+00:00,-76.026085
2020-07-01 02:22:00+00:00,-77.198174
2020-07-01 02:23:00+00:00,-79.847374
2020-07-01 02:24:00+00:00,-79.593613
2020-07-01 02:25:00+00:00,-76.585014
2020-07-01 02:26:00+00:00,-77.601273
2020-07-01 02:27:00+00:00,-74.973831
2020-07-01 02:28:00+00:00,-72.585892
2020-07-01 02:29:00+00:00,-76.103874
2020-07-01 02:30:00+00:00,-81.172684
2020-07-01 02:31:00+00:00,-85.386665
2020-07-01 02:32:00+00:00,-91.013474
2020-07-01 02:33:00+00:00,-97.698105
2020-07-01 02:34:00+00:00,-100.289719
2020-07-01 02:35:00+00:00,-99.173599
2020-07-01 02:36:00+00:00,-94.949844
2020-07-01 02:37:00+00:00,-94.718674
2020-07-01 02:38:00+00:00,-100.312622
2020-07-01 02:39:00+00:00,-101.928314
2020-07-01 02:40:00+00:00,-99.707176
2020-07-01 02:41:00+00:00,-95.695877
2020-07-01 02:42:00+00:00,-90.250664
2020-07-01 02:43:00+00:00,-85.95237
2020-07-01 02:44:00+00:00,-85.487305
2020-07-01 02:45:00+00:00,-78.97049
2020-07-01 02:46:00+00:00,-76.93988
2020-07-01 02:47:00+00:00,-75.007538
2020-07-08 00:00:00+00:00,-20.618584
2020-07-08 00:01:00+00:00,-21.175911
2020-07-08 00:02:00+00:00,-20.804193
2020-07-08 00:03:00+00:00,-20.07571
2020-07-08 00:04:00+00:00,-18.888834
2020-07-08 00:05:00+00:00,-19.039783
2020-07-08 00:06:00+00:00,-19.383566
2020-07-08 00:07:00+00:00,-19.605755
2020-07-08 00:08:00+00:00,-19.815395
2020-07-08 00:09:00+00:00,-19.831612
2020-07-08 00:10:00+00:00,-19.726297
2020-07-08 00:11:00+00:00,-19.6401
2020-07-08 00:12:00+00:00,-19.522261
2020-07-08 00:13:00+00:00,-19.452877
2020-07-08 00:14:00+00:00,-19.555017
2020-07-08 00:15:00+00:00,-19.123604
2020-07-08 00:16:00+00:00,-18.988831
2020-07-08 00:17:00+00:00,-18.732679
2020-07-08 00:18:00+00:00,-18.527048
2020-07-08 00:19:00+00:00,-18.325081
2020-07-08 00:20:00+00:00,-17.97641
2020-07-08 00:21:00+00:00,-17.674416
2020-07-08 00:22:00+00:00,-17.536308
2020-07-08 00:23:00+00:00,-17.265617
2020-07-08 00:24:00+00:00,-17.076496
2020-07-08 00:25:00+00:00,-16.820856
2020-07-08 00:26:00+00:00,-16.645205
2020-07-08 00:27:00+00:00,-16.432377
2020-07-08 00:28:00+00:00,-16.151144
2020-07-08 00:29:00+00:00,-16.20973
2020-07-08 00:30:00+00:00,-15.737839
2020-07-08 00:31:00+00:00,-16.458483
2020-07-08 00:32:00+00:00,-17.642242
2020-07-08 00:33:00+00:00,-18.982141
2020-07-08 00:34:00+00:00,-20.749676
2020-07-08 00:35:00+00:00,-21.612822
2020-07-08 00:36:00+00:00,-21.783503
2020-07-08 00:37:00+00:00,-22.429697
2020-07-08 00:38:00+00:00,-22.718279
2020-07-08 00:39:00+00:00,-22.269629
2020-07-08 00:40:00+00:00,-21.324839
2020-07-08 00:41:00+00:00,-20.516733
2020-07-08 00:42:00+00:00,-20.501568
2020-07-08 00:43:00+00:00,-20.598694
2020-07-08 00:44:00+00:00,-20.453621
2020-07-08 00:45:00+00:00,-20.142406
2020-07-08 00:46:00+00:00,-20.620396
2020-07-08 00:47:00+00:00,-21.214615
2020-07-08 00:48:00+00:00,-21.598904
2020-07-08 00:49:00+00:00,-21.409014
2020-07-08 00:50:00+00:00,-21.486748
2020-07-08 00:51:00+00:00,-21.505947
2020-07-08 00:52:00+00:00,-20.74201
2020-07-08 00:53:00+00:00,-20.307131
2020-07-08 00:54:00+00:00,-20.257225
2020-07-08 00:55:00+00:00,-20.448624
2020-07-08 00:56:00+00:00,-20.603016
2020-07-08 00:57:00+00:00,-20.915726
2020-07-08 00:58:00+00:00,-20.946333
2020-07-08 00:59:00+00:00,-20.701679
2020-07-08 01:00:00+00:00,-19.788126
2020-07-08 01:01:00+00:00,-19.692095
2020-07-08 01:02:00+00:00,-19.946602
2020-07-08 01:03:00+00:00,-18.564354
2020-07-08 01:04:00+00:00,-18.115675
2020-07-08 01:05:00+00:00,-18.435539
2020-07-08 01:06:00+00:00,-18.457548
2020-07-08 01:07:00+00:00,-18.1241
2020-07-08 01:08:00+00:00,-17.612843
2020-07-08 01:09:00+00:00,-17.528475
2020-07-08 01:10:00+00:00,-17.615051
2020-07-08 01:11:00+00:00,-17.267115
2020-07-08 01:12:00+00:00,-16.471981
2020-07-08 01:13:00+00:00,-16.280445
2020-07-08 01:14:00+00:00,-17.864445
2020-07-08 01:15:00+00:00,-17.570433
2020-07-08 01:16:00+00:00,-18.240541
2020-07-08 01:17:00+00:00,-19.991714
2020-07-08 01:18:00+00:00,-22.215603
2020-07-08 01:19:00+00:00,-24.602104
2020-07-08 01:20:00+00:00,-27.578941
2020-07-08 01:21:00+00:00,-29.15197
2020-07-08 01:22:00+00:00,-28.936909
2020-07-08 01:23:00+00:00,-28.58589
2020-07-08 01:24:00+00:00,-25.808311
2020-07-08 01:25:00+00:00,-21.684515
2020-07-08 01:26:00+00:00,-19.248468
2020-07-08 01:27:00+00:00,-19.714148
2020-07-08 01:28:00+00:00,-19.506342
2020-07-08 01:29:00+00:00,-18.702637
2020-07-08 01:30:00+00:00,-18.264067
2020-07-08 01:31:00+00:00,-16.863586
2020-07-08 01:32:00+00:00,-16.603188
2020-07-08 01:33:00+00:00,-16.493313
2020-07-08 01:34:00+00:00,-17.406549
2020-07-08 01:35:00+00:00,-17.631018
2020-07-08 01:36:00+00:00,-18.092039
2020-07-08 01:37:00+00:00,-18.524025
2020-07-08 01:38:00+00:00,-17.892746
2020-07-08 01:39:00+00:00,-17.53496
2020-07-08 01:40:00+00:00,-17.490961
2020-07-08 01:41:00+00:00,-17.498787
2020-07-08 01:42:00+00:00,-18.460869
2020-07-08 01:43:00+00:00,-18.307678
2020-07-08 01:44:00+00:00,-18.769226
2020-07-08 01:45:00+00:00,-19.103371
2020-07-08 01:46:00+00:00,-19.644604
2020-07-08 01:47:00+00:00,-18.581432
2020-07-08 01:48:00+00:00,-18.530586
2020-07-08 01:49:00+00:00,-18.3046
2020-07-08 01:50:00+00:00,-18.683289
2020-07-08 01:51:00+00:00,-18.961117
2020-07-08 01:52:00+00:00,-19.150322
2020-07-08 01:53:00+00:00,-19.920544
2020-07-08 01:54:00+00:00,-19.878914
2020-07-08 01:55:00+00:00,-19.016827
2020-07-08 01:56:00+00:00,-19.119955
2020-07-08 01:57:00+00:00,-18.888039
2020-07-08 01:58:00+00:00,-19.629702
2020-07-08 01:59:00+00:00,-20.901619
2020-07-08 02:00:00+00:00,-21.154373
2020-07-08 02:01:00+00:00,-22.110189
2020-07-08 02:02:00+00:00,-23.120745
2020-07-08 02:03:00+00:00,-23.698751
2020-07-08 02:04:00+00:00,-24.464346
2020-07-08 02:05:00+00:00,-24.38776
2020-07-08 02:06:00+00:00,-24.445574
2020-07-08 02:07:00+00:00,-24.976675
2020-07-08 02:08:00+00:00,-25.493786
2020-07-08 02:09:00+00:00,-25.833836
2020-07-08 02:10:00+00:00,-26.452892
2020-07-08 02:11:00+00:00,-26.042866
2020-07-08 02:12:00+00:00,-25.733168
2020-07-08 02:13:00+00:00,-25.277237
2020-07-08 02:14:00+00:00,-25.31962
2020-07-08 02:15:00+00:00,-25.15542
2020-07-08 02:16:00+00:00,-25.091974
2020-07-08 02:17:00+00:00,-24.052776
2020-07-08 02:18:00+00:00,-22.369389
2020-07-08 02:19:00+00:00,-22.165852
2020-07-08 02:20:00+00:00,-21.895309
2020-07-08 02:21:00+00:00,-21.959146
2020-07-08 02:22:00+00:00,-22.126911
2020-07-08 02:23:00+00:00,-22.227604
2020-07-08 02:24:00+00:00,-22.053995
2020-07-08 02:25:00+00:00,-21.965324
2020-07-08 02:26:00+00:00,-22.17304
2020-07-08 02:27:00+00:00,-22.014072
2020-07-08 02:28:00+00:00,-22.18424
2020-07-08 02:29:00+00:00,-22.315886
2020-07-08 02:30:00+00:00,-23.348564
2020-07-08 02:31:00+00:00,-23.483799
2020-07-08 02:32:00+00:00,-23.618105
2020-07-08 02:33:00+00:00,-23.81885
2020-07-08 02:34:00+00:00,-23.857012
2020-07-08 02:35:00+00:00,-24.565098
2020-07-08 02:36:00+00:00,-23.46311
2020-07-08 02:37:00+00:00,-24.196053
2020-07-08 02:38:00+00:00,-24.458073
2020-07-08 02:39:00+00:00,-22.914568
2020-07-08 02:40:00+00:00,-24.085829
2020-07-08 02:41:00+00:00,-24.965004
2020-07-08 02:42:00+00:00,-25.120438
2020-07-08 02:43:00+00:00,-24.029163
2020-07-08 02:44:00+00:00,-23.946537
2020-07-08 02:45:00+00:00,-24.208977
2020-07-08 02:46:00+00:00,-24.485422
2020-07-08 02:47:00+00:00,-23.907677
2020-07-15 00:00:00+00:00,-35.62291
2020-07-15 00:01:00+00:00,-35.837646
2020-07-15 00:02:00+00:00,-35.993469
2020-07-15 00:03:00+00:00,-36.070717
2020-07-15 00:04:00+00:00,-36.539974
2020-07-15 00:05:00+00:00,-36.408924
2020-07-15 00:06:00+00:00,-36.419632
2020-07-15 00:07:00+00:00,-36.278999
2020-07-15 00:08:00+00:00,-36.464081
2020-07-15 00:09:00+00:00,-36.575104
2020-07-15 00:10:00+00:00,-36.559799
2020-07-15 00:11:00+00:00,-36.443428
2020-07-15 00:12:00+00:00,-36.419235
2020-07-15 00:13:00+00:00,-36.901146
2020-07-15 00:14:00+00:00,-37.334358
2020-07-15 00:15:00+00:00,-37.776054
2020-07-15 00:16:00+00:00,-37.85952
2020-07-15 00:17:00+00:00,-37.956398
2020-07-15 00:18:00+00:00,-37.466961
2020-07-15 00:19:00+00:00,-37.584435
2020-07-15 00:20:00+00:00,-37.466904
2020-07-15 00:21:00+00:00,-37.307602
2020-07-15 00:22:00+00:00,-37.297802
2020-07-15 00:23:00+00:00,-37.271896
2020-07-15 00:24:00+00:00,-37.170078
2020-07-15 00:25:00+00:00,-37.068947
2020-07-15 00:26:00+00:00,-37.044556
2020-07-15 00:27:00+00:00,-37.07724
2020-07-15 00:28:00+00:00,-37.61219
2020-07-15 00:29:00+00:00,-37.994987
2020-07-15 00:30:00+00:00,-38.231564
2020-07-15 00:31:00+00:00,-38.421829
2020-07-15 00:32:00+00:00,-38.387089
2020-07-15 00:33:00+00:00,-38.574566
2020-07-15 00:34:00+00:00,-38.980309
2020-07-15 00:35:00+00:00,-39.610146
2020-07-15 00:36:00+00:00,-39.575363
2020-07-15 00:37:00+00:00,-40.05365
2020-07-15 00:38:00+00:00,-39.990364
2020-07-15 00:39:00+00:00,-39.955601
2020-07-15 00:40:00+00:00,-40.441601
2020-07-15 00:41:00+00:00,-40.383877
2020-07-15 00:42:00+00:00,-40.374184
2020-07-15 00:43:00+00:00,-40.568729
2020-07-15 00:44:00+00:00,-40.850292
2020-07-15 00:45:00+00:00,-41.123035
2020-07-15 00:46:00+00:00,-41.123398
2020-07-15 00:47:00+00:00,-41.343472
2020-07-15 00:48:00+00:00,-41.230476
2020-07-15 00:49:00+00:00,-41.286327
2020-07-15 00:50:00+00:00,-40.874268
2020-07-15 00:51:00+00:00,-40.925896
2020-07-15 00:52:00+00:00,-40.677505
2020-07-15 00:53:00+00:00,-40.574009
2020-07-15 00:54:00+00:00,-40.670727
2020-07-15 00:55:00+00:00,-40.670429
2020-07-15 00:56:00+00:00,-40.807449
2020-07-15 00:57:00+00:00,-40.993858
2020-07-15 00:58:00+00:00,-41.038208
2020-07-15 00:59:00+00:00,-41.061554
2020-07-15 01:00:00+00:00,-41.174541
2020-07-15 01:01:00+00:00,-41.312054
2020-07-15 01:02:00+00:00,-41.389587
2020-07-15 01:03:00+00:00,-41.207947
2020-07-15 01:04:00+00:00,-41.521069
2020-07-15 01:05:00+00:00,-42.852417
2020-07-15 01:06:00+00:00,-43.285995
2020-07-15 01:07:00+00:00,-44.728081
2020-07-15 01:08:00+00:00,-46.761734
2020-07-15 01:09:00+00:00,-47.959164
2020-07-15 01:10:00+00:00,-27.278461
2020-07-15 01:11:00+00:00,-27.534103
2020-07-15 01:12:00+00:00,-26.671431
2020-07-15 01:13:00+00:00,-27.126015
2020-07-15 01:14:00+00:00,-27.739679
2020-07-15 01:15:00+00:00,-28.185093
2020-07-15 01:16:00+00:00,-29.954853
2020-07-15 01:17:00+00:00,-28.426739
2020-07-15 01:18:00+00:00,-27.985542
2020-07-15 01:19:00+00:00,-27.496521
2020-07-15 01:20:00+00:00,-28.530016
2020-07-15 01:21:00+00:00,-29.644646
2020-07-15 01:22:00+00:00,-27.781841
2020-07-15 01:23:00+00:00,-27.760536
2020-07-15 01:24:00+00:00,-27.515182
2020-07-15 01:25:00+00:00,-27.599113
2020-07-15 01:26:00+00:00,-27.602196
2020-07-15 01:27:00+00:00,-27.512739
2020-07-15 01:28:00+00:00,-27.524128
2020-07-15 01:29:00+00:00,-27.534824
2020-07-15 01:30:00+00:00,-27.668303
2020-07-15 01:31:00+00:00,-27.747704
2020-07-15 01:32:00+00:00,-27.562284
2020-07-15 01:33:00+00:00,-27.600355
2020-07-15 01:34:00+00:00,-27.736942
2020-07-15 01:35:00+00:00,-27.591217
2020-07-15 01:36:00+00:00,-28.588984
2020-07-15 01:37:00+00:00,-27.687305
2020-07-15 01:38:00+00:00,-27.300419
2020-07-15 01:39:00+00:00,-27.484669
2020-07-15 01:40:00+00:00,-27.185574
2020-07-15 01:41:00+00:00,-26.713705
2020-07-15 01:42:00+00:00,-26.592529
2020-07-15 01:43:00+00:00,-26.269342
2020-07-15 01:44:00+00:00,-26.027374
2020-07-15 01:45:00+00:00,-25.612715
2020-07-15 01:46:00+00:00,-25.365274
2020-07-15 01:47:00+00:00,-25.369059
2020-07-15 01:48:00+00:00,-25.274485
2020-07-15 01:49:00+00:00,-25.495644
2020-07-15 01:50:00+00:00,-25.470062
2020-07-15 01:51:00+00:00,-25.805193
2020-07-15 01:52:00+00:00,-26.688562
2020-07-15 01:53:00+00:00,-27.114157
2020-07-15 01:54:00+00:00,-27.566727
2020-07-15 01:55:00+00:00,-28.069571
2020-07-15 01:56:00+00:00,-28.39225
2020-07-15 01:57:00+00:00,-28.470341
2020-07-15 01:58:00+00:00,-28.571445
2020-07-15 01:59:00+00:00,-28.56864
2020-07-15 02:00:00+00:00,-28.612072
2020-07-15 02:01:00+00:00,-28.809536
2020-07-15 02:02:00+00:00,-28.857885
2020-07-15 02:03:00+00:00,-28.907516
2020-07-15 02:04:00+00:00,-29.003357
2020-07-15 02:05:00+00:00,-29.032135
2020-07-15 02:06:00+00:00,-28.876667
2020-07-15 02:07:00+00:00,-29.060398
2020-07-15 02:08:00+00:00,-29.202049
2020-07-15 02:09:00+00:00,-29.247772
2020-07-15 02:10:00+00:00,-29.251858
2020-07-15 02:11:00+00:00,-29.27681
2020-07-15 02:12:00+00:00,-29.107788
2020-07-15 02:13:00+00:00,-28.649101
2020-07-15 02:14:00+00:00,-28.457396
2020-07-15 02:15:00+00:00,-28.291889
2020-07-15 02:16:00+00:00,-28.36071
2020-07-15 02:17:00+00:00,-28.673092
2020-07-15 02:18:00+00:00,-28.861856
2020-07-15 02:19:00+00:00,-28.778572
2020-07-15 02:20:00+00:00,-28.667387
2020-07-15 02:21:00+00:00,-28.614244
2020-07-15 02:22:00+00:00,-28.630871
2020-07-15 02:23:00+00:00,-28.68729
2020-07-15 02:24:00+00:00,-28.320019
2020-07-15 02:25:00+00:00,-28.356522
2020-07-15 02:26:00+00:00,-28.228443
2020-07-15 02:27:00+00:00,-28.424072
2020-07-15 02:28:00+00:00,-28.466854
2020-07-15 02:29:00+00:00,-28.82164
2020-07-15 02:30:00+00:00,-28.694675
2020-07-15 02:31:00+00:00,-28.968266
2020-07-15 02:32:00+00:00,-28.799742
2020-07-15 02:33:00+00:00,-28.103182
2020-07-15 02:34:00+00:00,-27.991884
2020-07-15 02:35:00+00:00,-27.911182
2020-07-15 02:36:00+00:00,-28.681402
2020-07-15 02:37:00+00:00,-28.238111
2020-07-15 02:38:00+00:00,-28.013975
2020-07-15 02:39:00+00:00,-28.221821
2020-07-15 02:40:00+00:00,-40.04969
2020-07-15 02:41:00+00:00,-36.718586
2020-07-15 02:42:00+00:00,-26.662331
2020-07-15 02:43:00+00:00,-26.373867
2020-07-15 02:44:00+00:00,-40.429329
2020-07-15 02:45:00+00:00,-70.820671
2020-07-15 02:46:00+00:00,-68.086952
2020-07-15 02:47:00+00:00,-68.827377
2020-07-22 00:00:00+00:00,-244.963577
2020-07-22 00:01:00+00:00,-235.844131
2020-07-22 00:02:00+00:00,-227.074234
2020-07-22 00:03:00+00:00,-214.365387
2020-07-22 00:04:00+00:00,-210.109238
2020-07-22 00:05:00+00:00,-196.079819
2020-07-22 00:06:00+00:00,-186.064819
2020-07-22 00:07:00+00:00,-186.290924
2020-07-22 00:08:00+00:00,-186.489212
2020-07-22 00:09:00+00:00,-178.997543
2020-07-22 00:10:00+00:00,-170.810257
2020-07-22 00:11:00+00:00,-166.003891
2020-07-22 00:12:00+00:00,-162.207199
2020-07-22 00:13:00+00:00,-158.437485
2020-07-22 00:14:00+00:00,-158.045303
2020-07-22 00:15:00+00:00,-153.243774
2020-07-22 00:16:00+00:00,-149.89238
2020-07-22 00:17:00+00:00,-151.957809
2020-07-22 00:18:00+00:00,-160.159378
2020-07-22 00:19:00+00:00,-165.23526
2020-07-22 00:20:00+00:00,-163.821136
2020-07-22 00:21:00+00:00,-159.378555
2020-07-22 00:22:00+00:00,-157.475494
2020-07-22 00:23:00+00:00,-157.295471
2020-07-22 00:24:00+00:00,-154.682648
2020-07-22 00:25:00+00:00,-148.009384
2020-07-22 00:26:00+00:00,-143.849213
2020-07-22 00:27:00+00:00,-140.06842
2020-07-22 00:28:00+00:00,-136.588867
2020-07-22 00:29:00+00:00,-125.973022
2020-07-22 00:30:00+00:00,-117.376854
2020-07-22 00:31:00+00:00,-117.006187
2020-07-22 00:32:00+00:00,-121.399139
2020-07-22 00:33:00+00:00,-123.412132
2020-07-22 00:34:00+00:00,-127.120911
2020-07-22 00:35:00+00:00,-124.990425
2020-07-22 00:36:00+00:00,-114.834251
2020-07-22 00:37:00+00:00,-103.997734
2020-07-22 00:38:00+00:00,-99.915131
2020-07-22 00:39:00+00:00,-95.097
2020-07-22 00:40:00+00:00,-90.976845
2020-07-22 00:41:00+00:00,-89.973587
2020-07-22 00:42:00+00:00,-90.405548
2020-07-22 00:43:00+00:00,-88.594261
2020-07-22 00:44:00+00:00,-87.213272
2020-07-22 00:45:00+00:00,-83.722389
2020-07-22 00:46:00+00:00,-80.510223
2020-07-22 00:47:00+00:00,-78.501335
2020-07-22 00:48:00+00:00,-78.639694
2020-07-22 00:49:00+00:00,-78.328735
2020-07-22 00:50:00+00:00,-75.866943
2020-07-22 00:51:00+00:00,-72.488327
2020-07-22 00:52:00+00:00,-69.048477
2020-07-22 00:53:00+00:00,-68.993591
2020-07-22 00:54:00+00:00,-68.146263
2020-07-22 00:55:00+00:00,-61.974316
2020-07-22 00:56:00+00:00,-62.442917
2020-07-22 00:57:00+00:00,-71.30162
2020-07-22 00:58:00+00:00,-68.781815
2020-07-22 00:59:00+00:00,-61.636284
2020-07-22 01:00:00+00:00,-64.222298
2020-07-22 01:01:00+00:00,-63.798092
2020-07-22 01:02:00+00:00,-63.829903
2020-07-22 01:03:00+00:00,-65.133835
2020-07-22 01:04:00+00:00,-67.330673
2020-07-22 01:05:00+00:00,-71.27169
2020-07-22 01:06:00+00:00,-71.304718
2020-07-22 01:07:00+00:00,-71.671158
2020-07-22 01:08:00+00:00,-73.475273
2020-07-22 01:09:00+00:00,-74.092087
2020-07-22 01:10:00+00:00,-74.430565
2020-07-22 01:11:00+00:00,-72.702316
2020-07-22 01:12:00+00:00,-67.461731
2020-07-22 01:13:00+00:00,-63.273933
2020-07-22 01:14:00+00:00,-59.270935
2020-07-22 01:15:00+00:00,-54.189919
2020-07-22 01:16:00+00:00,-51.120605
2020-07-22 01:17:00+00:00,-49.348961
2020-07-22 01:18:00+00:00,-50.041679
2020-07-22 01:19:00+00:00,-53.919155
2020-07-22 01:20:00+00:00,-57.084602
2020-07-22 01:21:00+00:00,-59.325321
2020-07-22 01:22:00+00:00,-59.342175
2020-07-22 01:23:00+00:00,-56.501671
2020-07-22 01:24:00+00:00,-51.15834
2020-07-22 01:25:00+00:00,-48.258659
2020-07-22 01:26:00+00:00,-51.8577
2020-07-22 01:27:00+00:00,-55.052074
2020-07-22 01:28:00+00:00,-60.1143
2020-07-22 01:29:00+00:00,-64.954582
2020-07-22 01:30:00+00:00,-59.732372
2020-07-22 01:31:00+00:00,-52.659321
2020-07-22 01:32:00+00:00,-46.834637
2020-07-22 01:33:00+00:00,-43.067009
2020-07-22 01:34:00+00:00,-40.630962
2020-07-22 01:35:00+00:00,-41.208618
2020-07-22 01:36:00+00:00,-44.189049
2020-07-22 01:37:00+00:00,-45.674606
2020-07-22 01:38:00+00:00,-47.504406
2020-07-22 01:39:00+00:00,-47.801289
2020-07-22 01:40:00+00:00,-49.171894
2020-07-22 01:41:00+00:00,-52.097744
2020-07-22 01:42:00+00:00,-56.559391
2020-07-22 01:43:00+00:00,-59.555935
2020-07-22 01:44:00+00:00,-60.940479
2020-07-22 01:45:00+00:00,-60.017921
2020-07-22 01:46:00+00:00,-58.992744
2020-07-22 01:47:00+00:00,-58.862156
2020-07-22 01:48:00+00:00,-58.576916
2020-07-22 01:49:00+00:00,-57.353905
2020-07-22 01:50:00+00:00,-57.959312
2020-07-22 01:51:00+00:00,-58.189602
2020-07-22 01:52:00+00:00,-57.573174
2020-07-22 01:53:00+00:00,-55.196331
2020-07-22 01:54:00+00:00,-54.135818
2020-07-22 01:55:00+00:00,-57.130192
2020-07-22 01:56:00+00:00,-58.579926
2020-07-22 01:57:00+00:00,-59.047592
2020-07-22 01:58:00+00:00,-58.759838
2020-07-22 01:59:00+00:00,-60.114685
2020-07-22 02:00:00+00:00,-62.866611
2020-07-22 02:01:00+00:00,-64.200394
2020-07-22 02:02:00+00:00,-63.823563
2020-07-22 02:03:00+00:00,-61.803986
2020-07-22 02:04:00+00:00,-60.397045
2020-07-22 02:05:00+00:00,-59.839069
2020-07-22 02:06:00+00:00,-58.873234
2020-07-22 02:07:00+00:00,-59.398956
2020-07-22 02:08:00+00:00,-59.918846
2020-07-22 02:09:00+00:00,-57.419968
2020-07-22 02:10:00+00:00,-56.141674
2020-07-22 02:11:00+00:00,-56.445293
2020-07-22 02:12:00+00:00,-57.058861
2020-07-22 02:13:00+00:00,-57.352985
2020-07-22 02:14:00+00:00,-58.338905
2020-07-22 02:15:00+00:00,-59.206825
2020-07-22 02:16:00+00:00,-58.922142
2020-07-22 02:17:00+00:00,-59.783371
2020-07-22 02:18:00+00:00,-59.808102
2020-07-22 02:19:00+00:00,-59.945065
2020-07-22 02:20:00+00:00,-61.511654
2020-07-22 02:21:00+00:00,-63.748104
2020-07-22 02:22:00+00:00,-64.162239
2020-07-22 02:23:00+00:00,-63.253048
2020-07-22 02:24:00+00:00,-60.726265
2020-07-22 02:25:00+00:00,-62.233139
2020-07-22 02:26:00+00:00,-64.145905
2020-07-22 02:27:00+00:00,-68.464287
2020-07-22 02:28:00+00:00,-68.922539
2020-07-22 02:29:00+00:00,-72.626633
2020-07-22 02:30:00+00:00,-73.022659
2020-07-22 02:31:00+00:00,-74.113693
2020-07-22 02:32:00+00:00,-72.554688
2020-07-22 02:33:00+00:00,-79.300735
2020-07-22 02:34:00+00:00,-108.886841
2020-07-22 02:35:00+00:00,-123.771957
2020-07-22 02:36:00+00:00,-143.408127
2020-07-22 02:37:00+00:00,-108.470207
2020-07-22 02:38:00+00:00,-129.25383
2020-07-22 02:39:00+00:00,-128.656403
2020-07-22 02:40:00+00:00,-125.880951
2020-07-22 02:41:00+00:00,-131.804459
2020-07-22 02:42:00+00:00,-131.750183
2020-07-22 02:43:00+00:00,-178.836929
2020-07-22 02:44:00+00:00,-134.020844
2020-07-22 02:45:00+00:00,-137.348969
2020-07-22 02:46:00+00:00,-126.666031
2020-07-22 02:47:00+00:00,-133.174255
2020-07-29 00:00:00+00:00,-66.756363
2020-07-29 00:01:00+00:00,-65.064247
2020-07-29 00:02:00+00:00,-163.942444
2020-07-29 00:03:00+00:00,-248.901886
2020-07-29 00:04:00+00:00,-172.592361
2020-07-29 00:05:00+00:00,-232.543579
2020-07-29 00:06:00+00:00,-211.16925
2020-07-29 00:07:00+00:00,-195.698135
2020-07-29 00:08:00+00:00,-167.902054
2020-07-29 00:09:00+00:00,-155.575134
2020-07-29 00:10:00+00:00,-148.54747
2020-07-29 00:11:00+00:00,-136.002502
2020-07-29 00:12:00+00:00,-139.679565
2020-07-29 00:13:00+00:00,-141.70105
2020-07-29 00:14:00+00:00,-135.660202
2020-07-29 00:15:00+00:00,-132.545349
2020-07-29 00:16:00+00:00,-128.344818
2020-07-29 00:17:00+00:00,-125.517693
2020-07-29 00:18:00+00:00,-113.956589
2020-07-29 00:19:00+00:00,-117.088348
2020-07-29 00:20:00+00:00,-139.903381
2020-07-29 00:21:00+00:00,-145.486023
2020-07-29 00:22:00+00:00,-149.00531
2020-07-29 00:23:00+00:00,-223.168594
2020-07-29 00:24:00+00:00,-375.091278
2020-07-29 00:25:00+00:00,-437.341492
2020-07-29 00:26:00+00:00,-258.98291
2020-07-29 00:27:00+00:00,-419.525513
2020-07-29 00:28:00+00:00,-248.919144
2020-07-29 00:29:00+00:00,-232.891586
2020-07-29 00:30:00+00:00,-217.864487
2020-07-29 00:31:00+00:00,-215.731247
2020-07-29 00:32:00+00:00,-217.024643
2020-07-29 00:33:00+00:00,-215.81929
2020-07-29 00:34:00+00:00,-216.96138
2020-07-29 00:35:00+00:00,-216.023361
2020-07-29 00:36:00+00:00,-222.954666
2020-07-29 00:37:00+00:00,-222.476212
2020-07-29 00:38:00+00:00,-224.361557
2020-07-29 00:39:00+00:00,-219.44014
2020-07-29 00:40:00+00:00,-212.196487
2020-07-29 00:41:00+00:00,-203.738235
2020-07-29 00:42:00+00:00,-194.273575
2020-07-29 00:43:00+00:00,-192.511719
2020-07-29 00:44:00+00:00,-192.043274
2020-07-29 00:45:00+00:00,-189.628357
2020-07-29 00:46:00+00:00,-190.325104
2020-07-29 00:47:00+00:00,-187.688019
2020-07-29 00:48:00+00:00,-187.15239
2020-07-29 00:49:00+00:00,-191.236557
2020-07-29 00:50:00+00:00,-190.333344
2020-07-29 00:51:00+00:00,-181.97113
2020-07-29 00:52:00+00:00,-175.826569
2020-07-29 00:53:00+00:00,-172.14978
2020-07-29 00:54:00+00:00,-169.459381
2020-07-29 00:55:00+00:00,-166.297455
2020-07-29 00:56:00+00:00,-163.269257
2020-07-29 00:57:00+00:00,-159.107941
2020-07-29 00:58:00+00:00,-154.49884
2020-07-29 00:59:00+00:00,-149.174133
2020-07-29 01:00:00+00:00,-144.678757
2020-07-29 01:01:00+00:00,-139.924316
2020-07-29 01:02:00+00:00,-136.820312
2020-07-29 01:03:00+00:00,-133.250565
2020-07-29 01:04:00+00:00,-128.62912
2020-07-29 01:05:00+00:00,-126.912064
2020-07-29 01:06:00+00:00,-120.548599
2020-07-29 01:07:00+00:00,-111.260414
2020-07-29 01:08:00+00:00,-108.164978
2020-07-29 01:09:00+00:00,-106.079178
2020-07-29 01:10:00+00:00,-103.682068
2020-07-29 01:11:00+00:00,-99.743294
2020-07-29 01:12:00+00:00,-92.434868
2020-07-29 01:13:00+00:00,-86.114334
2020-07-29 01:14:00+00:00,-86.24472
2020-07-29 01:15:00+00:00,-85.591965
2020-07-29 01:16:00+00:00,-93.381477
2020-07-29 01:17:00+00:00,-104.006088
2020-07-29 01:18:00+00:00,-113.648529
2020-07-29 01:19:00+00:00,-122.503265
2020-07-29 01:20:00+00:00,-133.909302
2020-07-29 01:21:00+00:00,-142.046448
2020-07-29 01:22:00+00:00,-150.445465
2020-07-29 01:23:00+00:00,-122.181602
2020-07-29 01:24:00+00:00,-116.893593
2020-07-29 01:25:00+00:00,-123.615753
2020-07-29 01:26:00+00:00,-99.191811
2020-07-29 01:27:00+00:00,-90.49086
2020-07-29 01:28:00+00:00,-93.209641
2020-07-29 01:29:00+00:00,-95.248253
2020-07-29 01:30:00+00:00,-94.223206
2020-07-29 01:31:00+00:00,-91.270546
2020-07-29 01:32:00+00:00,-88.011131
2020-07-29 01:33:00+00:00,-82.995613
2020-07-29 01:34:00+00:00,-77.569557
2020-07-29 01:35:00+00:00,-74.757454
2020-07-29 01:36:00+00:00,-83.104744
2020-07-29 01:37:00+00:00,-62.441978
2020-07-29 01:38:00+00:00,-57.60693
2020-07-29 01:39:00+00:00,-53.240562
2020-07-29 01:40:00+00:00,-50.422813
2020-07-29 01:41:00+00:00,-49.403553
2020-07-29 01:42:00+00:00,-50.404522
2020-07-29 01:43:00+00:00,-52.425728
2020-07-29 01:44:00+00:00,-54.516552
2020-07-29 01:45:00+00:00,-54.896938
2020-07-29 01:46:00+00:00,-54.86454
2020-07-29 01:47:00+00:00,-53.038651
2020-07-29 01:48:00+00:00,-47.682999
2020-07-29 01:49:00+00:00,-44.913857
2020-07-29 01:50:00+00:00,-48.941875
2020-07-29 01:51:00+00:00,-52.33905
2020-07-29 01:52:00+00:00,-51.42379
2020-07-29 01:53:00+00:00,-41.586037
2020-07-29 01:54:00+00:00,-37.869541
2020-07-29 01:55:00+00:00,-38.061142
2020-07-29 01:56:00+00:00,-42.079887
2020-07-29 01:57:00+00:00,-44.642628
2020-07-29 01:58:00+00:00,-46.082428
2020-07-29 01:59:00+00:00,-45.70892
2020-07-29 02:00:00+00:00,-45.390633
2020-07-29 02:01:00+00:00,-42.386185
2020-07-29 02:02:00+00:00,-36.244919
2020-07-29 02:03:00+00:00,-34.987888
2020-07-29 02:04:00+00:00,-34.88129
2020-07-29 02:05:00+00:00,-35.555401
2020-07-29 02:06:00+00:00,-36.718071
2020-07-29 02:07:00+00:00,-38.206188
2020-07-29 02:08:00+00:00,-52.856476
2020-07-29 02:09:00+00:00,-51.369904
2020-07-29 02:10:00+00:00,-45.381458
2020-07-29 02:11:00+00:00,-35.637249
2020-07-29 02:12:00+00:00,-33.934231
2020-07-29 02:13:00+00:00,-32.103172
2020-07-29 02:14:00+00:00,-31.170391
2020-07-29 02:15:00+00:00,-31.098732
2020-07-29 02:16:00+00:00,-34.158161
2020-07-29 02:17:00+00:00,-39.25565
2020-07-29 02:18:00+00:00,-30.572252
2020-07-29 02:19:00+00:00,-28.796991
2020-07-29 02:20:00+00:00,-29.352289
2020-07-29 02:21:00+00:00,-29.666803
2020-07-29 02:22:00+00:00,-29.938633
2020-07-29 02:23:00+00:00,-30.240139
2020-07-29 02:24:00+00:00,-31.139559
2020-07-29 02:25:00+00:00,-32.005978
2020-07-29 02:26:00+00:00,-31.911608
2020-07-29 02:27:00+00:00,-31.506771
2020-07-29 02:28:00+00:00,-32.68145
2020-07-29 02:29:00+00:00,-33.245834
2020-07-29 02:30:00+00:00,-31.917355
2020-07-29 02:31:00+00:00,-31.234049
2020-07-29 02:32:00+00:00,-31.652258
2020-07-29 02:33:00+00:00,-31.984125
2020-07-29 02:34:00+00:00,-33.861469
2020-07-29 02:35:00+00:00,-33.741299
2020-07-29 02:36:00+00:00,-32.721256
2020-07-29 02:37:00+00:00,-32.920078
2020-07-29 02:38:00+00:00,-33.652954
2020-07-29 02:39:00+00:00,-34.047421
2020-07-29 02:40:00+00:00,-34.069286
2020-07-29 02:41:00+00:00,-33.927513
2020-07-29 02:42:00+00:00,-33.297871
2020-07-29 02:43:00+00:00,-32.496738
2020-07-29 02:44:00+00:00,-30.886406
2020-07-29 02:45:00+00:00,-29.998569
2020-07-29 02:46:00+00:00,-29.604727
2020-07-29 02:47:00+00:00,-30.019793
2020-08-05 00:00:00+00:00,-155.68158
2020-08-05 00:01:00+00:00,-159.671265
2020-08-05 00:02:00+00:00,-159.018982
2020-08-05 00:03:00+00:00,-154.713547
2020-08-05 00:04:00+00:00,-150.417496
2020-08-05 00:05:00+00:00,-144.771576
2020-08-05 00:06:00+00:00,-141.232681
2020-08-05 00:07:00+00:00,-140.80954
2020-08-05 00:08:00+00:00,-138.65451
2020-08-05 00:09:00+00:00,-139.296921
2020-08-05 00:10:00+00:00,-137.175262
2020-08-05 00:11:00+00:00,-136.52887
2020-08-05 00:12:00+00:00,-135.147858
2020-08-05 00:13:00+00:00,-150.477783
2020-08-05 00:14:00+00:00,-183.87265
2020-08-05 00:15:00+00:00,-191.163055
2020-08-05 00:16:00+00:00,-189.301682
2020-08-05 00:17:00+00:00,-197.162262
2020-08-05 00:18:00+00:00,-191.394058
2020-08-05 00:19:00+00:00,-190.288956
2020-08-05 00:20:00+00:00,-195.925964
2020-08-05 00:21:00+00:00,-192.84993
2020-08-05 00:22:00+00:00,-191.032562
2020-08-05 00:23:00+00:00,-191.270294
2020-08-05 00:24:00+00:00,-177.320099
2020-08-05 00:25:00+00:00,-171.155487
2020-08-05 00:26:00+00:00,-179.238297
2020-08-05 00:27:00+00:00,-193.020584
2020-08-05 00:28:00+00:00,-205.983704
2020-08-05 00:29:00+00:00,-224.072845
2020-08-05 00:30:00+00:00,-224.667343
2020-08-05 00:31:00+00:00,-224.502792
2020-08-05 00:32:00+00:00,-240.023453
2020-08-05 00:33:00+00:00,-245.188354
2020-08-05 00:34:00+00:00,-255.280701
2020-08-05 00:35:00+00:00,-254.313202
2020-08-05 00:36:00+00:00,-287.989014
2020-08-05 00:37:00+00:00,-263.796478
2020-08-05 00:38:00+00:00,-253.686615
2020-08-05 00:39:00+00:00,-259.354889
2020-08-05 00:40:00+00:00,-256.014191
2020-08-05 00:41:00+00:00,-244.763199
2020-08-05 00:42:00+00:00,-237.271805
2020-08-05 00:43:00+00:00,-228.839859
2020-08-05 00:44:00+00:00,-218.689056
2020-08-05 00:45:00+00:00,-204.883392
2020-08-05 00:46:00+00:00,-191.093689
2020-08-05 00:47:00+00:00,-187.003159
2020-08-05 00:48:00+00:00,-182.043442
2020-08-05 00:49:00+00:00,-179.273163
2020-08-05 00:50:00+00:00,-169.249939
2020-08-05 00:51:00+00:00,-165.425629
2020-08-05 00:52:00+00:00,-190.023819
2020-08-05 00:53:00+00:00,-354.779694
2020-08-05 00:54:00+00:00,-201.841919
2020-08-05 00:55:00+00:00,-217.35405
2020-08-05 00:56:00+00:00,-228.53717
2020-08-05 00:57:00+00:00,-230.784866
2020-08-05 00:58:00+00:00,-223.011215
2020-08-05 00:59:00+00:00,-211.823654
2020-08-05 01:00:00+00:00,-198.488449
2020-08-05 01:01:00+00:00,-185.190399
2020-08-05 01:02:00+00:00,-176.160294
2020-08-05 01:03:00+00:00,-172.004654
2020-08-05 01:04:00+00:00,-168.177643
2020-08-05 01:05:00+00:00,-161.967422
2020-08-05 01:06:00+00:00,-161.113312
2020-08-05 01:07:00+00:00,-163.146454
2020-08-05 01:08:00+00:00,-238.83667
2020-08-05 01:09:00+00:00,-159.592682
2020-08-05 01:10:00+00:00,-163.089447
2020-08-05 01:11:00+00:00,-157.482697
2020-08-05 01:12:00+00:00,-153.056717
2020-08-05 01:13:00+00:00,-152.507828
2020-08-05 01:14:00+00:00,-144.512863
2020-08-05 01:15:00+00:00,-136.788406
2020-08-05 01:16:00+00:00,-127.830185
2020-08-05 01:17:00+00:00,-135.228836
2020-08-05 01:18:00+00:00,-129.273499
2020-08-05 01:19:00+00:00,-112.067741
2020-08-05 01:20:00+00:00,-102.893867
2020-08-05 01:21:00+00:00,-102.818359
2020-08-05 01:22:00+00:00,-105.209831
2020-08-05 01:23:00+00:00,-92.245689
2020-08-05 01:24:00+00:00,-89.749939
2020-08-05 01:25:00+00:00,-90.244003
2020-08-05 01:26:00+00:00,-91.156685
2020-08-05 01:27:00+00:00,-88.92907
2020-08-05 01:28:00+00:00,-90.778
2020-08-05 01:29:00+00:00,-89.935524
2020-08-05 01:30:00+00:00,-87.849167
2020-08-05 01:31:00+00:00,-86.295372
2020-08-05 01:32:00+00:00,-84.321465
2020-08-05 01:33:00+00:00,-84.146332
2020-08-05 01:34:00+00:00,-84.168579
2020-08-05 01:35:00+00:00,-132.062164
2020-08-05 01:36:00+00:00,-122.176552
2020-08-05 01:37:00+00:00,-92.992111
2020-08-05 01:38:00+00:00,-116.33844
2020-08-05 01:39:00+00:00,-102.50116
2020-08-05 01:40:00+00:00,-98.13958
2020-08-05 01:41:00+00:00,-122.173767
2020-08-05 01:42:00+00:00,-112.223007
2020-08-05 01:43:00+00:00,-104.792313
2020-08-05 01:44:00+00:00,-93.160515
2020-08-05 01:45:00+00:00,-92.411827
2020-08-05 01:46:00+00:00,-90.388885
2020-08-05 01:47:00+00:00,-85.842682
2020-08-05 01:48:00+00:00,-82.235291
2020-08-05 01:49:00+00:00,-81.404755
2020-08-05 01:50:00+00:00,-81.729156
2020-08-05 01:51:00+00:00,-84.575844
2020-08-05 01:52:00+00:00,-86.287727
2020-08-05 01:53:00+00:00,-90.518044
2020-08-05 01:54:00+00:00,-96.479279
2020-08-05 01:55:00+00:00,-113.777115
2020-08-05 01:56:00+00:00,-126.415253
2020-08-05 01:57:00+00:00,-113.857468
2020-08-05 01:58:00+00:00,-123.069748
2020-08-05 01:59:00+00:00,-147.924789
2020-08-05 02:00:00+00:00,-179.185425
2020-08-05 02:01:00+00:00,-193.873749
2020-08-05 02:02:00+00:00,-131.0224
2020-08-05 02:03:00+00:00,-138.099777
2020-08-05 02:04:00+00:00,-136.142746
2020-08-05 02:05:00+00:00,-136.415588
2020-08-05 02:06:00+00:00,-141.811066
2020-08-05 02:07:00+00:00,-141.320465
2020-08-05 02:08:00+00:00,-144.9561
2020-08-05 02:09:00+00:00,-142.043182
2020-08-05 02:10:00+00:00,-131.647385
2020-08-05 02:11:00+00:00,-137.917358
2020-08-05 02:12:00+00:00,-133.177567
2020-08-05 02:13:00+00:00,-139.373535
2020-08-05 02:14:00+00:00,-145.367783
2020-08-05 02:15:00+00:00,-162.87738
2020-08-05 02:16:00+00:00,-176.61055
2020-08-05 02:17:00+00:00,-183.571381
2020-08-05 02:18:00+00:00,-175.427109
2020-08-05 02:19:00+00:00,-168.714096
2020-08-05 02:20:00+00:00,-159.533142
2020-08-05 02:21:00+00:00,-156.850296
2020-08-05 02:22:00+00:00,-165.845093
2020-08-05 02:23:00+00:00,-178.610413
2020-08-05 02:24:00+00:00,-189.816895
2020-08-05 02:25:00+00:00,-185.359314
2020-08-05 02:26:00+00:00,-187.76033
2020-08-05 02:27:00+00:00,-191.165695
2020-08-05 02:28:00+00:00,-191.294388
2020-08-05 02:29:00+00:00,-184.650513
2020-08-05 02:30:00+00:00,-183.762314
2020-08-05 02:31:00+00:00,-185.919373
2020-08-05 02:32:00+00:00,-189.366104
2020-08-05 02:33:00+00:00,-192.494156
2020-08-05 02:34:00+00:00,-187.413925
2020-08-05 02:35:00+00:00,-180.134262
2020-08-05 02:36:00+00:00,-166.441315
2020-08-05 02:37:00+00:00,-145.331482
2020-08-05 02:38:00+00:00,-234.073898
2020-08-05 02:39:00+00:00,-257.871429
2020-08-05 02:40:00+00:00,-232.769699
2020-08-05 02:41:00+00:00,-232.745163
2020-08-05 02:42:00+00:00,-229.715775
2020-08-05 02:43:00+00:00,-211.027161
2020-08-05 02:44:00+00:00,-164.470276
2020-08-05 02:45:00+00:00,-123.940887
2020-08-05 02:46:00+00:00,-123.640556
2020-08-05 02:47:00+00:00,-110.258537
2020-08-12 00:00:00+00:00,-29.119894
2020-08-12 00:01:00+00:00,-28.864296
2020-08-12 00:02:00+00:00,-28.703756
2020-08-12 00:03:00+00:00,-28.556705
2020-08-12 00:04:00+00:00,-28.073502
2020-08-12 00:05:00+00:00,-27.713104
2020-08-12 00:06:00+00:00,-27.509663
2020-08-12 00:07:00+00:00,-27.499666
2020-08-12 00:08:00+00:00,-27.841038
2020-08-12 00:09:00+00:00,-27.925213
2020-08-12 00:10:00+00:00,-28.034882
2020-08-12 00:11:00+00:00,-28.169035
2020-08-12 00:12:00+00:00,-28.50782
2020-08-12 00:13:00+00:00,-28.720644
2020-08-12 00:14:00+00:00,-28.611187
2020-08-12 00:15:00+00:00,-28.708366
2020-08-12 00:16:00+00:00,-28.700869
2020-08-12 00:17:00+00:00,-28.317291
2020-08-12 00:18:00+00:00,-27.404774
2020-08-12 00:19:00+00:00,-26.714264
2020-08-12 00:20:00+00:00,-26.299442
2020-08-12 00:21:00+00:00,-26.366823
2020-08-12 00:22:00+00:00,-26.59149
2020-08-12 00:23:00+00:00,-26.564617
2020-08-12 00:24:00+00:00,-26.625818
2020-08-12 00:25:00+00:00,-26.888832
2020-08-12 00:26:00+00:00,-26.801874
2020-08-12 00:27:00+00:00,-26.531416
2020-08-12 00:28:00+00:00,-26.548134
2020-08-12 00:29:00+00:00,-26.237253
2020-08-12 00:30:00+00:00,-26.353092
2020-08-12 00:31:00+00:00,-26.836843
2020-08-12 00:32:00+00:00,-27.089487
2020-08-12 00:33:00+00:00,-27.624685
2020-08-12 00:34:00+00:00,-28.085989
2020-08-12 00:35:00+00:00,-28.161863
2020-08-12 00:36:00+00:00,-28.06959
2020-08-12 00:37:00+00:00,-27.682814
2020-08-12 00:38:00+00:00,-27.103361
2020-08-12 00:39:00+00:00,-26.892845
2020-08-12 00:40:00+00:00,-26.628897
2020-08-12 00:41:00+00:00,-26.406233
2020-08-12 00:42:00+00:00,-26.385492
2020-08-12 00:43:00+00:00,-26.315201
2020-08-12 00:44:00+00:00,-26.368206
2020-08-12 00:45:00+00:00,-26.728876
2020-08-12 00:46:00+00:00,-27.378567
2020-08-12 00:47:00+00:00,-27.937658
2020-08-12 00:48:00+00:00,-28.153709
2020-08-12 00:49:00+00:00,-28.1395
2020-08-12 00:50:00+00:00,-28.090336
2020-08-12 00:51:00+00:00,-27.880236
2020-08-12 00:52:00+00:00,-27.873402
2020-08-12 00:53:00+00:00,-28.29064
2020-08-12 00:54:00+00:00,-28.464401
2020-08-12 00:55:00+00:00,-28.418112
2020-08-12 00:56:00+00:00,-28.288971
2020-08-12 00:57:00+00:00,-28.388496
2020-08-12 00:58:00+00:00,-28.954475
2020-08-12 00:59:00+00:00,-29.410236
2020-08-12 01:00:00+00:00,-29.721699
2020-08-12 01:01:00+00:00,-29.864847
2020-08-12 01:02:00+00:00,-29.694342
2020-08-12 01:03:00+00:00,-29.488005
2020-08-12 01:04:00+00:00,-29.379124
2020-08-12 01:05:00+00:00,-29.345709
2020-08-12 01:06:00+00:00,-29.165585
2020-08-12 01:07:00+00:00,-29.582163
2020-08-12 01:08:00+00:00,-30.011917
2020-08-12 01:09:00+00:00,-30.509274
2020-08-12 01:10:00+00:00,-30.512699
2020-08-12 01:11:00+00:00,-30.041222
2020-08-12 01:12:00+00:00,-29.612894
2020-08-12 01:13:00+00:00,-29.09001
2020-08-12 01:14:00+00:00,-28.868549
2020-08-12 01:15:00+00:00,-28.636913
2020-08-12 01:16:00+00:00,-28.99338
2020-08-12 01:17:00+00:00,-29.250355
2020-08-12 01:18:00+00:00,-29.363388
2020-08-12 01:19:00+00:00,-29.867624
2020-08-12 01:20:00+00:00,-30.091665
2020-08-12 01:21:00+00:00,-30.178562
2020-08-12 01:22:00+00:00,-29.884212
2020-08-12 01:23:00+00:00,-29.342794
2020-08-12 01:24:00+00:00,-28.652475
2020-08-12 01:25:00+00:00,-28.194099
2020-08-12 01:26:00+00:00,-28.297247
2020-08-12 01:27:00+00:00,-29.034166
2020-08-12 01:28:00+00:00,-29.91217
2020-08-12 01:29:00+00:00,-30.528904
2020-08-12 01:30:00+00:00,-30.608147
2020-08-12 01:31:00+00:00,-30.549162
2020-08-12 01:32:00+00:00,-30.910337
2020-08-12 01:33:00+00:00,-31.500738
2020-08-12 01:34:00+00:00,-31.679718
2020-08-12 01:35:00+00:00,-31.619623
2020-08-12 01:36:00+00:00,-31.068968
2020-08-12 01:37:00+00:00,-30.286825
2020-08-12 01:38:00+00:00,-30.01819
2020-08-12 01:39:00+00:00,-30.169579
2020-08-12 01:40:00+00:00,-30.798103
2020-08-12 01:41:00+00:00,-31.148369
2020-08-12 01:42:00+00:00,-31.212059
2020-08-12 01:43:00+00:00,-30.98085
2020-08-12 01:44:00+00:00,-30.699352
2020-08-12 01:45:00+00:00,-30.513485
2020-08-12 01:46:00+00:00,-30.378925
2020-08-12 01:47:00+00:00,-30.345871
2020-08-12 01:48:00+00:00,-30.381104
2020-08-12 01:49:00+00:00,-30.251202
2020-08-12 01:50:00+00:00,-30.197847
2020-08-12 01:51:00+00:00,-30.151196
2020-08-12 01:52:00+00:00,-30.342691
2020-08-12 01:53:00+00:00,-30.447578
2020-08-12 01:54:00+00:00,-30.728544
2020-08-12 01:55:00+00:00,-31.078632
2020-08-12 01:56:00+00:00,-31.631124
2020-08-12 01:57:00+00:00,-31.902603
2020-08-12 01:58:00+00:00,-32.009262
2020-08-12 01:59:00+00:00,-32.205471
2020-08-12 02:00:00+00:00,-32.2911
2020-08-12 02:01:00+00:00,-32.370712
2020-08-12 02:02:00+00:00,-31.980595
2020-08-12 02:03:00+00:00,-31.729506
2020-08-12 02:04:00+00:00,-31.155413
2020-08-12 02:05:00+00:00,-30.994522
2020-08-12 02:06:00+00:00,-30.977665
2020-08-12 02:07:00+00:00,-31.253475
2020-08-12 02:08:00+00:00,-31.686451
2020-08-12 02:09:00+00:00,-31.65225
2020-08-12 02:10:00+00:00,-31.693722
2020-08-12 02:11:00+00:00,-31.799997
2020-08-12 02:12:00+00:00,-31.675549
2020-08-12 02:13:00+00:00,-31.693295
2020-08-12 02:14:00+00:00,-32.417572
2020-08-12 02:15:00+00:00,-33.156242
2020-08-12 02:16:00+00:00,-34.09935
2020-08-12 02:17:00+00:00,-34.475666
2020-08-12 02:18:00+00:00,-34.31192
2020-08-12 02:19:00+00:00,-33.786709
2020-08-12 02:20:00+00:00,-33.115234
2020-08-12 02:21:00+00:00,-32.629898
2020-08-12 02:22:00+00:00,-31.706776
2020-08-12 02:23:00+00:00,-30.941452
2020-08-12 02:24:00+00:00,-30.007401
2020-08-12 02:25:00+00:00,-29.01778
2020-08-12 02:26:00+00:00,-28.428524
2020-08-12 02:27:00+00:00,-28.196051
2020-08-12 02:28:00+00:00,-28.452564
2020-08-12 02:29:00+00:00,-28.973331
2020-08-12 02:30:00+00:00,-30.063742
2020-08-12 02:31:00+00:00,-30.99777
2020-08-12 02:32:00+00:00,-31.630436
2020-08-12 02:33:00+00:00,-32.224777
2020-08-12 02:34:00+00:00,-32.28896
2020-08-12 02:35:00+00:00,-31.976158
2020-08-12 02:36:00+00:00,-30.915627
2020-08-12 02:37:00+00:00,-29.322906
2020-08-12 02:38:00+00:00,-27.066288
2020-08-12 02:39:00+00:00,-24.384756
2020-08-12 02:40:00+00:00,-22.398777
2020-08-12 02:41:00+00:00,-20.697079
2020-08-12 02:42:00+00:00,-18.96604
2020-08-12 02:43:00+00:00,-16.969683
2020-08-12 02:44:00+00:00,-15.743511
2020-08-12 02:45:00+00:00,-14.536511
2020-08-12 02:46:00+00:00,-13.77895
2020-08-12 02:47:00+00:00,-13.378061
2020-08-19 00:00:00+00:00,-275.840912
2020-08-19 00:01:00+00:00,-267.612061
2020-08-19 00:02:00+00:00,-261.405487
2020-08-19 00:03:00+00:00,-273.197998
2020-08-19 00:04:00+00:00,-286.414886
2020-08-19 00:05:00+00:00,-285.500641
2020-08-19 00:06:00+00:00,-284.622528
2020-08-19 00:07:00+00:00,-279.656372
2020-08-19 00:08:00+00:00,-271.583618
2020-08-19 00:09:00+00:00,-264.105408
2020-08-19 00:10:00+00:00,-257.816528
2020-08-19 00:11:00+00:00,-254.092926
2020-08-19 00:12:00+00:00,-243.083038
2020-08-19 00:13:00+00:00,-237.608154
2020-08-19 00:14:00+00:00,-229.194656
2020-08-19 00:15:00+00:00,-217.373764
2020-08-19 00:16:00+00:00,-206.783218
2020-08-19 00:17:00+00:00,-200.02652
2020-08-19 00:18:00+00:00,-196.474762
2020-08-19 00:19:00+00:00,-194.345718
2020-08-19 00:20:00+00:00,-193.804398
2020-08-19 00:21:00+00:00,-207.009033
2020-08-19 00:22:00+00:00,-222.213165
2020-08-19 00:23:00+00:00,-237.168381
2020-08-19 00:24:00+00:00,-238.816666
2020-08-19 00:25:00+00:00,-234.087219
2020-08-19 00:26:00+00:00,-231.589462
2020-08-19 00:27:00+00:00,-231.015869
2020-08-19 00:28:00+00:00,-234.789215
2020-08-19 00:29:00+00:00,-228.839264
2020-08-19 00:30:00+00:00,-235.67308
2020-08-19 00:31:00+00:00,-228.393173
2020-08-19 00:32:00+00:00,-225.209824
2020-08-19 00:33:00+00:00,-218.117828
2020-08-19 00:34:00+00:00,-217.570175
2020-08-19 00:35:00+00:00,-216.065399
2020-08-19 00:36:00+00:00,-214.915024
2020-08-19 00:37:00+00:00,-213.779114
2020-08-19 00:38:00+00:00,-210.035767
2020-08-19 00:39:00+00:00,-203.879211
2020-08-19 00:40:00+00:00,-189.864151
2020-08-19 00:41:00+00:00,-182.951553
2020-08-19 00:42:00+00:00,-181.908661
2020-08-19 00:43:00+00:00,-182.7836
2020-08-19 00:44:00+00:00,-184.858612
2020-08-19 00:45:00+00:00,-186.146851
2020-08-19 00:46:00+00:00,-185.734222
2020-08-19 00:47:00+00:00,-184.889755
2020-08-19 00:48:00+00:00,-182.280426
2020-08-19 00:49:00+00:00,-180.136688
2020-08-19 00:50:00+00:00,-174.995636
2020-08-19 00:51:00+00:00,-170.835999
2020-08-19 00:52:00+00:00,-169.551987
2020-08-19 00:53:00+00:00,-169.227509
2020-08-19 00:54:00+00:00,-166.618317
2020-08-19 00:55:00+00:00,-167.551483
2020-08-19 00:56:00+00:00,-169.99025
2020-08-19 00:57:00+00:00,-170.437531
2020-08-19 00:58:00+00:00,-170.199951
2020-08-19 00:59:00+00:00,-169.38884
2020-08-19 01:00:00+00:00,-166.017624
2020-08-19 01:01:00+00:00,-155.902222
2020-08-19 01:02:00+00:00,-147.742477
2020-08-19 01:03:00+00:00,-154.578537
2020-08-19 01:04:00+00:00,-160.635345
2020-08-19 01:05:00+00:00,-165.578873
2020-08-19 01:06:00+00:00,-172.563492
2020-08-19 01:07:00+00:00,-167.43837
2020-08-19 01:08:00+00:00,-165.438599
2020-08-19 01:09:00+00:00,-161.919067
2020-08-19 01:10:00+00:00,-152.839691
2020-08-19 01:11:00+00:00,-148.419006
2020-08-19 01:12:00+00:00,-144.727875
2020-08-19 01:13:00+00:00,-142.182037
2020-08-19 01:14:00+00:00,-140.393784
2020-08-19 01:15:00+00:00,-143.655777
2020-08-19 01:16:00+00:00,-150.269882
2020-08-19 01:17:00+00:00,-156.930725
2020-08-19 01:18:00+00:00,-160.750977
2020-08-19 01:19:00+00:00,-163.09642
2020-08-19 01:20:00+00:00,-164.393784
2020-08-19 01:21:00+00:00,-162.497589
2020-08-19 01:22:00+00:00,-157.903549
2020-08-19 01:23:00+00:00,-155.186234
2020-08-19 01:24:00+00:00,-156.728073
2020-08-19 01:25:00+00:00,-155.301712
2020-08-19 01:26:00+00:00,-155.224976
2020-08-19 01:27:00+00:00,-155.426163
2020-08-19 01:28:00+00:00,-155.623917
2020-08-19 01:29:00+00:00,-162.496323
2020-08-19 01:30:00+00:00,-172.875702
2020-08-19 01:31:00+00:00,-180.768463
2020-08-19 01:32:00+00:00,-177.490341
2020-08-19 01:33:00+00:00,-172.00325
2020-08-19 01:34:00+00:00,-167.890228
2020-08-19 01:35:00+00:00,-164.825104
2020-08-19 01:36:00+00:00,-160.70433
2020-08-19 01:37:00+00:00,-155.002808
2020-08-19 01:38:00+00:00,-152.411133
2020-08-19 01:39:00+00:00,-159.431564
2020-08-19 01:40:00+00:00,-167.569061
2020-08-19 01:41:00+00:00,-172.281647
2020-08-19 01:42:00+00:00,-166.510696
2020-08-19 01:43:00+00:00,-162.410522
2020-08-19 01:44:00+00:00,-158.502594
2020-08-19 01:45:00+00:00,-153.984558
2020-08-19 01:46:00+00:00,-153.770767
2020-08-19 01:47:00+00:00,-173.207321
2020-08-19 01:48:00+00:00,-147.105118
2020-08-19 01:49:00+00:00,-178.757156
2020-08-19 01:50:00+00:00,-165.484756
2020-08-19 01:51:00+00:00,-173.212433
2020-08-19 01:52:00+00:00,-188.516602
2020-08-19 01:53:00+00:00,-222.339218
2020-08-19 01:54:00+00:00,-250.204834
2020-08-19 01:55:00+00:00,-363.749268
2020-08-19 01:56:00+00:00,-308.353851
2020-08-19 01:57:00+00:00,-320.455505
2020-08-19 01:58:00+00:00,-322.388489
2020-08-19 01:59:00+00:00,-327.119019
2020-08-19 02:00:00+00:00,-347.380249
2020-08-19 02:01:00+00:00,-359.419922
2020-08-19 02:02:00+00:00,-366.603638
2020-08-19 02:03:00+00:00,-385.986053
2020-08-19 02:04:00+00:00,-393.264862
2020-08-19 02:05:00+00:00,-417.242798
2020-08-19 02:06:00+00:00,-405.018524
2020-08-19 02:07:00+00:00,-391.127472
2020-08-19 02:08:00+00:00,-359.594543
2020-08-19 02:09:00+00:00,-335.005005
2020-08-19 02:10:00+00:00,-347.689636
2020-08-19 02:11:00+00:00,-356.933838
2020-08-19 02:12:00+00:00,-368.380981
2020-08-19 02:13:00+00:00,-367.962708
2020-08-19 02:14:00+00:00,-340.283539
2020-08-19 02:15:00+00:00,-344.751007
2020-08-19 02:16:00+00:00,-337.916443
2020-08-19 02:17:00+00:00,-310.249786
2020-08-19 02:18:00+00:00,-288.863464
2020-08-19 02:19:00+00:00,-300.958679
2020-08-19 02:20:00+00:00,-318.756073
2020-08-19 02:21:00+00:00,-326.563446
2020-08-19 02:22:00+00:00,-326.59491
2020-08-19 02:23:00+00:00,-332.265991
2020-08-19 02:24:00+00:00,-321.739075
2020-08-19 02:25:00+00:00,-314.216431
2020-08-19 02:26:00+00:00,-291.4646
2020-08-19 02:27:00+00:00,-281.64093
2020-08-19 02:28:00+00:00,-251.524734
2020-08-19 02:29:00+00:00,-259.284119
2020-08-19 02:30:00+00:00,-293.934174
2020-08-19 02:31:00+00:00,-292.515045
2020-08-19 02:32:00+00:00,-223.377228
2020-08-19 02:33:00+00:00,-223.044632
2020-08-19 02:34:00+00:00,-220.840759
2020-08-19 02:35:00+00:00,-269.070435
2020-08-19 02:36:00+00:00,-334.894012
2020-08-19 02:37:00+00:00,-291.51178
2020-08-19 02:38:00+00:00,-222.321472
2020-08-19 02:39:00+00:00,-211.048782
2020-08-19 02:40:00+00:00,-214.787292
2020-08-19 02:41:00+00:00,-218.192963
2020-08-19 02:42:00+00:00,-217.515793
2020-08-19 02:43:00+00:00,-223.379868
2020-08-19 02:44:00+00:00,-234.411163
2020-08-19 02:45:00+00:00,-244.205841
2020-08-19 02:46:00+00:00,-245.993591
2020-08-19 02:47:00+00:00,-248.20842
2020-08-26 00:00:00+00:00,-20.622883
2020-08-26 00:01:00+00:00,-20.395056
2020-08-26 00:02:00+00:00,-16.662109
2020-08-26 00:03:00+00:00,-28.403046
2020-08-26 00:04:00+00:00,-34.144779
2020-08-26 00:05:00+00:00,-41.646175
2020-08-26 00:06:00+00:00,-35.005905
2020-08-26 00:07:00+00:00,-44.337353
2020-08-26 00:08:00+00:00,-36.333778
2020-08-26 00:09:00+00:00,-27.137867
2020-08-26 00:10:00+00:00,-24.448641
2020-08-26 00:11:00+00:00,-26.271709
2020-08-26 00:12:00+00:00,-25.43255
2020-08-26 00:13:00+00:00,-23.423595
2020-08-26 00:14:00+00:00,-24.417709
2020-08-26 00:15:00+00:00,-25.41045
2020-08-26 00:16:00+00:00,-25.403538
2020-08-26 00:17:00+00:00,-25.354956
2020-08-26 00:18:00+00:00,-23.019484
2020-08-26 00:19:00+00:00,-21.898287
2020-08-26 00:20:00+00:00,-17.379183
2020-08-26 00:21:00+00:00,-17.373882
2020-08-26 00:22:00+00:00,-16.369717
2020-08-26 00:23:00+00:00,-16.365021
2020-08-26 00:24:00+00:00,-14.359633
2020-08-26 00:25:00+00:00,-13.355502
2020-08-26 00:26:00+00:00,-15.351643
2020-08-26 00:27:00+00:00,-16.347071
2020-08-26 00:28:00+00:00,-14.344709
2020-08-26 00:29:00+00:00,-11.964466
2020-08-26 00:30:00+00:00,-13.350163
2020-08-26 00:31:00+00:00,-13.011868
2020-08-26 00:32:00+00:00,-12.421007
2020-08-26 00:33:00+00:00,-12.589753
2020-08-26 00:34:00+00:00,-11.872079
2020-08-26 00:35:00+00:00,-8.35047
2020-08-26 00:36:00+00:00,-8.252066
2020-08-26 00:37:00+00:00,-10.749586
2020-08-26 00:38:00+00:00,-10.758848
2020-08-26 00:39:00+00:00,-10.662283
2020-08-26 00:40:00+00:00,-10.636315
2020-08-26 00:41:00+00:00,-9.429375
2020-08-26 00:42:00+00:00,-9.272457
2020-08-26 00:43:00+00:00,-8.709287
2020-08-26 00:44:00+00:00,-10.117554
2020-08-26 00:45:00+00:00,-10.751056
2020-08-26 00:46:00+00:00,-11.859066
2020-08-26 00:47:00+00:00,-10.634909
2020-08-26 00:48:00+00:00,-9.244568
2020-08-26 00:49:00+00:00,-9.052756
2020-08-26 00:50:00+00:00,-8.930533
2020-08-26 00:51:00+00:00,-8.132814
2020-08-26 00:52:00+00:00,-11.24198
2020-08-26 00:53:00+00:00,-13.497522
2020-08-26 00:54:00+00:00,-15.973345
2020-08-26 00:55:00+00:00,-18.522955
2020-08-26 00:56:00+00:00,-28.151121
2020-08-26 00:57:00+00:00,-31.115456
2020-08-26 00:58:00+00:00,-24.23135
2020-08-26 00:59:00+00:00,-18.765545
2020-08-26 01:00:00+00:00,-17.07382
2020-08-26 01:01:00+00:00,-12.36002
2020-08-26 01:02:00+00:00,-10.729328
2020-08-26 01:03:00+00:00,-10.847366
2020-08-26 01:04:00+00:00,-11.935797
2020-08-26 01:05:00+00:00,-16.127983
2020-08-26 01:06:00+00:00,-15.465647
2020-08-26 01:07:00+00:00,-16.434008
2020-08-26 01:08:00+00:00,-21.88203
2020-08-26 01:09:00+00:00,-23.553757
2020-08-26 01:10:00+00:00,-24.736322
2020-08-26 01:11:00+00:00,-31.434649
2020-08-26 01:12:00+00:00,-34.982746
2020-08-26 01:13:00+00:00,-41.28788
2020-08-26 01:14:00+00:00,-48.459114
2020-08-26 01:15:00+00:00,-50.943428
2020-08-26 01:16:00+00:00,-44.041321
2020-08-26 01:17:00+00:00,-37.510632
2020-08-26 01:18:00+00:00,-41.651203
2020-08-26 01:19:00+00:00,-45.478691
2020-08-26 01:20:00+00:00,-47.283165
2020-08-26 01:21:00+00:00,-49.733604
2020-08-26 01:22:00+00:00,-43.340309
2020-08-26 01:23:00+00:00,-43.485104
2020-08-26 01:24:00+00:00,-41.787685
2020-08-26 01:25:00+00:00,-38.734406
2020-08-26 01:26:00+00:00,-39.560654
2020-08-26 01:27:00+00:00,-39.848492
2020-08-26 01:28:00+00:00,-39.980762
2020-08-26 01:29:00+00:00,-38.581959
2020-08-26 01:30:00+00:00,-38.65612
2020-08-26 01:31:00+00:00,-45.149693
2020-08-26 01:32:00+00:00,-51.032146
2020-08-26 01:33:00+00:00,-51.107224
2020-08-26 01:34:00+00:00,-61.524361
2020-08-26 01:35:00+00:00,-72.362686
2020-08-26 01:36:00+00:00,-80.522621
2020-08-26 01:37:00+00:00,-90.256432
2020-08-26 01:38:00+00:00,-133.534744
2020-08-26 01:39:00+00:00,-112.879318
2020-08-26 01:40:00+00:00,-106.632172
2020-08-26 01:41:00+00:00,-101.834137
2020-08-26 01:42:00+00:00,-125.505348
2020-08-26 01:43:00+00:00,-138.167297
2020-08-26 01:44:00+00:00,-138.205948
2020-08-26 01:45:00+00:00,-147.357269
2020-08-26 01:46:00+00:00,-153.591217
2020-08-26 01:47:00+00:00,-173.637329
2020-08-26 01:48:00+00:00,-182.106918
2020-08-26 01:49:00+00:00,-189.516663
2020-08-26 01:50:00+00:00,-199.934906
2020-08-26 01:51:00+00:00,-215.816772
2020-08-26 01:52:00+00:00,-217.167282
2020-08-26 01:53:00+00:00,-221.78508
2020-08-26 01:54:00+00:00,-216.525742
2020-08-26 01:55:00+00:00,-206.99382
2020-08-26 01:56:00+00:00,-200.188354
2020-08-26 01:57:00+00:00,-208.357422
2020-08-26 01:58:00+00:00,-205.952789
2020-08-26 01:59:00+00:00,-231.161713
2020-08-26 02:00:00+00:00,-229.866852
2020-08-26 02:01:00+00:00,-234.627487
2020-08-26 02:02:00+00:00,-228.899994
2020-08-26 02:03:00+00:00,-226.822998
2020-08-26 02:04:00+00:00,-223.587906
2020-08-26 02:05:00+00:00,-223.286469
2020-08-26 02:06:00+00:00,-211.685272
2020-08-26 02:07:00+00:00,-214.597137
2020-08-26 02:08:00+00:00,-206.957855
2020-08-26 02:09:00+00:00,-205.355652
2020-08-26 02:10:00+00:00,-204.318802
2020-08-26 02:11:00+00:00,-209.184204
2020-08-26 02:12:00+00:00,-202.315125
2020-08-26 02:13:00+00:00,-204.254486
2020-08-26 02:14:00+00:00,-197.677414
2020-08-26 02:15:00+00:00,-192.678909
2020-08-26 02:16:00+00:00,-205.943848
2020-08-26 02:17:00+00:00,-204.312057
2020-08-26 02:18:00+00:00,-194.528625
2020-08-26 02:19:00+00:00,-198.920685
2020-08-26 02:20:00+00:00,-192.68544
2020-08-26 02:21:00+00:00,-189.003571
2020-08-26 02:22:00+00:00,-184.236618
2020-08-26 02:23:00+00:00,-178.66626
2020-08-26 02:24:00+00:00,-171.189316
2020-08-26 02:25:00+00:00,-180.150787
2020-08-26 02:26:00+00:00,-176.358704
2020-08-26 02:27:00+00:00,-197.811188
2020-08-26 02:28:00+00:00,-177.012833
2020-08-26 02:29:00+00:00,-182.532898
2020-08-26 02:30:00+00:00,-182.00946
2020-08-26 02:31:00+00:00,-174.623657
2020-08-26 02:32:00+00:00,-179.239075
2020-08-26 02:33:00+00:00,-176.431931
2020-08-26 02:34:00+00:00,-174.695435
2020-08-26 02:35:00+00:00,-173.244522
2020-08-26 02:36:00+00:00,-163.460083
2020-08-26 02:37:00+00:00,-171.568161
2020-08-26 02:38:00+00:00,-192.802979
2020-08-26 02:39:00+00:00,-217.509674
2020-08-26 02:40:00+00:00,-169.647903
2020-08-26 02:41:00+00:00,-186.095856
2020-08-26 02:42:00+00:00,-176.818192
2020-08-26 02:43:00+00:00,-167.312515
2020-08-26 02:44:00+00:00,-163.999268
2020-08-26 02:45:00+00:00,-161.933533
2020-08-26 02:46:00+00:00,-175.24675
2020-08-26 02:47:00+00:00,-169.584549
2020-09-02 00:00:00+00:00,-255.544479
2020-09-02 00:01:00+00:00,-259.449646
2020-09-02 00:02:00+00:00,-251.199615
2020-09-02 00:03:00+00:00,-271.028931
2020-09-02 00:04:00+00:00,-251.798904
2020-09-02 00:05:00+00:00,-242.121521
2020-09-02 00:06:00+00:00,-247.355194
2020-09-02 00:07:00+00:00,-253.082413
2020-09-02 00:08:00+00:00,-257.792206
2020-09-02 00:09:00+00:00,-258.505005
2020-09-02 00:10:00+00:00,-280.570343
2020-09-02 00:11:00+00:00,-292.359222
2020-09-02 00:12:00+00:00,-321.678955
2020-09-02 00:13:00+00:00,-342.700745
2020-09-02 00:14:00+00:00,-371.993622
2020-09-02 00:15:00+00:00,-334.721008
2020-09-02 00:16:00+00:00,-327.486969
2020-09-02 00:17:00+00:00,-313.807129
2020-09-02 00:18:00+00:00,-310.219788
2020-09-02 00:19:00+00:00,-314.906464
2020-09-02 00:20:00+00:00,-313.006561
2020-09-02 00:21:00+00:00,-327.808319
2020-09-02 00:22:00+00:00,-324.255463
2020-09-02 00:23:00+00:00,-343.640076
2020-09-02 00:24:00+00:00,-348.3367
2020-09-02 00:25:00+00:00,-346.840515
2020-09-02 00:26:00+00:00,-355.726715
2020-09-02 00:27:00+00:00,-357.065674
2020-09-02 00:28:00+00:00,-362.848602
2020-09-02 00:29:00+00:00,-379.597778
2020-09-02 00:30:00+00:00,-390.783478
2020-09-02 00:31:00+00:00,-385.138702
2020-09-02 00:32:00+00:00,-375.374329
2020-09-02 00:33:00+00:00,-361.033234
2020-09-02 00:34:00+00:00,-365.020966
2020-09-02 00:35:00+00:00,-384.119049
2020-09-02 00:36:00+00:00,-396.402374
2020-09-02 00:37:00+00:00,-394.074646
2020-09-02 00:38:00+00:00,-389.457489
2020-09-02 00:39:00+00:00,-389.433472
2020-09-02 00:40:00+00:00,-379.290741
2020-09-02 00:41:00+00:00,-386.536102
2020-09-02 00:42:00+00:00,-395.771088
2020-09-02 00:43:00+00:00,-386.038666
2020-09-02 00:44:00+00:00,-389.392487
2020-09-02 00:45:00+00:00,-375.577026
2020-09-02 00:46:00+00:00,-359.318726
2020-09-02 00:47:00+00:00,-355.523712
2020-09-02 00:48:00+00:00,-366.851074
2020-09-02 00:49:00+00:00,-370.118164
2020-09-02 00:50:00+00:00,-369.653107
2020-09-02 00:51:00+00:00,-352.067169
2020-09-02 00:52:00+00:00,-347.039459
2020-09-02 00:53:00+00:00,-351.795746
2020-09-02 00:54:00+00:00,-368.935944
2020-09-02 00:55:00+00:00,-358.222717
2020-09-02 00:56:00+00:00,-360.245667
2020-09-02 00:57:00+00:00,-350.363403
2020-09-02 00:58:00+00:00,-362.692657
2020-09-02 00:59:00+00:00,-369.553589
2020-09-02 01:00:00+00:00,-366.079803
2020-09-02 01:01:00+00:00,-365.112518
2020-09-02 01:02:00+00:00,-364.330658
2020-09-02 01:03:00+00:00,-368.554565
2020-09-02 01:04:00+00:00,-383.460175
2020-09-02 01:05:00+00:00,-423.157166
2020-09-02 01:06:00+00:00,-460.222168
2020-09-02 01:07:00+00:00,-466.12738
2020-09-02 01:08:00+00:00,-475.285065
2020-09-02 01:09:00+00:00,-471.225067
2020-09-02 01:10:00+00:00,-453.964355
2020-09-02 01:11:00+00:00,-455.442444
2020-09-02 01:12:00+00:00,-459.704468
2020-09-02 01:13:00+00:00,-454.133179
2020-09-02 01:14:00+00:00,-434.388306
2020-09-02 01:15:00+00:00,-407.270874
2020-09-02 01:16:00+00:00,-398.672089
2020-09-02 01:17:00+00:00,-405.141876
2020-09-02 01:18:00+00:00,-400.608093
2020-09-02 01:19:00+00:00,-403.789154
2020-09-02 01:20:00+00:00,-407.15451
2020-09-02 01:21:00+00:00,-413.267151
2020-09-02 01:22:00+00:00,-428.855438
2020-09-02 01:23:00+00:00,-409.834412
2020-09-02 01:24:00+00:00,-383.438843
2020-09-02 01:25:00+00:00,-329.355682
2020-09-02 01:26:00+00:00,-329.679932
2020-09-02 01:27:00+00:00,-341.730164
2020-09-02 01:28:00+00:00,-359.75
2020-09-02 01:29:00+00:00,-348.688873
2020-09-02 01:30:00+00:00,-331.629333
2020-09-02 01:31:00+00:00,-311.600067
2020-09-02 01:32:00+00:00,-329.90097
2020-09-02 01:33:00+00:00,-333.759399
2020-09-02 01:34:00+00:00,-368.22879
2020-09-02 01:35:00+00:00,-381.269714
2020-09-02 01:36:00+00:00,-429.776672
2020-09-02 01:37:00+00:00,-450.435638
2020-09-02 01:38:00+00:00,-471.215485
2020-09-02 01:39:00+00:00,-480.816772
2020-09-02 01:40:00+00:00,-476.080292
2020-09-02 01:41:00+00:00,-452.571442
2020-09-02 01:42:00+00:00,-427.588074
2020-09-02 01:43:00+00:00,-394.390137
2020-09-02 01:44:00+00:00,-395.375824
2020-09-02 01:45:00+00:00,-387.074829
2020-09-02 01:46:00+00:00,-382.045135
2020-09-02 01:47:00+00:00,-376.862762
2020-09-02 01:48:00+00:00,-371.761108
2020-09-02 01:49:00+00:00,-364.085144
2020-09-02 01:50:00+00:00,-363.689392
2020-09-02 01:51:00+00:00,-375.88913
2020-09-02 01:52:00+00:00,-398.067169
2020-09-02 01:53:00+00:00,-447.216797
2020-09-02 01:54:00+00:00,-466.787109
2020-09-02 01:55:00+00:00,-471.147217
2020-09-02 01:56:00+00:00,-472.565613
2020-09-02 01:57:00+00:00,-472.333252
2020-09-02 01:58:00+00:00,-466.323853
2020-09-02 01:59:00+00:00,-474.902161
2020-09-02 02:00:00+00:00,-466.94574
2020-09-02 02:01:00+00:00,-457.776306
2020-09-02 02:02:00+00:00,-441.198486
2020-09-02 02:03:00+00:00,-424.201569
2020-09-02 02:04:00+00:00,-402.059052
2020-09-02 02:05:00+00:00,-375.608795
2020-09-02 02:06:00+00:00,-371.463135
2020-09-02 02:07:00+00:00,-363.8526
2020-09-02 02:08:00+00:00,-363.168579
2020-09-02 02:09:00+00:00,-372.924225
2020-09-02 02:10:00+00:00,-371.977875
2020-09-02 02:11:00+00:00,-369.665375
2020-09-02 02:12:00+00:00,-366.431976
2020-09-02 02:13:00+00:00,-367.54422
2020-09-02 02:14:00+00:00,-352.943481
2020-09-02 02:15:00+00:00,-333.663788
2020-09-02 02:16:00+00:00,-320.681549
2020-09-02 02:17:00+00:00,-326.374908
2020-09-02 02:18:00+00:00,-333.560486
2020-09-02 02:19:00+00:00,-331.506775
2020-09-02 02:20:00+00:00,-333.926483
2020-09-02 02:21:00+00:00,-329.515869
2020-09-02 02:22:00+00:00,-340.898285
2020-09-02 02:23:00+00:00,-359.413269
2020-09-02 02:24:00+00:00,-387.934357
2020-09-02 02:25:00+00:00,-386.017273
2020-09-02 02:26:00+00:00,-379.09021
2020-09-02 02:27:00+00:00,-322.960388
2020-09-02 02:28:00+00:00,-313.837585
2020-09-02 02:29:00+00:00,-332.958435
2020-09-02 02:30:00+00:00,-320.078613
2020-09-02 02:31:00+00:00,-291.769958
2020-09-02 02:32:00+00:00,-265.979889
2020-09-02 02:33:00+00:00,-260.61145
2020-09-02 02:34:00+00:00,-257.069916
2020-09-02 02:35:00+00:00,-238.015976
2020-09-02 02:36:00+00:00,-243.286346
2020-09-02 02:37:00+00:00,-273.676636
2020-09-02 02:38:00+00:00,-277.925873
2020-09-02 02:39:00+00:00,-274.205505
2020-09-02 02:40:00+00:00,-278.571136
2020-09-02 02:41:00+00:00,-278.132324
2020-09-02 02:42:00+00:00,-277.759949
2020-09-02 02:43:00+00:00,-295.309387
2020-09-02 02:44:00+00:00,-290.675598
2020-09-02 02:45:00+00:00,-275.589661
2020-09-02 02:46:00+00:00,-267.423279
2020-09-02 02:47:00+00:00,-264.433289
2020-09-09 00:00:00+00:00,-40.431545
2020-09-09 00:01:00+00:00,-41.481724
2020-09-09 00:02:00+00:00,-42.518608
2020-09-09 00:03:00+00:00,-42.843109
2020-09-09 00:04:00+00:00,-42.687782
2020-09-09 00:05:00+00:00,-42.314472
2020-09-09 00:06:00+00:00,-42.569012
2020-09-09 00:07:00+00:00,-42.009075
2020-09-09 00:08:00+00:00,-41.943516
2020-09-09 00:09:00+00:00,-41.525734
2020-09-09 00:10:00+00:00,-41.365231
2020-09-09 00:11:00+00:00,-41.296124
2020-09-09 00:12:00+00:00,-40.476746
2020-09-09 00:13:00+00:00,-40.170898
2020-09-09 00:14:00+00:00,-40.977192
2020-09-09 00:15:00+00:00,-41.18708
2020-09-09 00:16:00+00:00,-41.93433
2020-09-09 00:17:00+00:00,-41.777664
2020-09-09 00:18:00+00:00,-41.650803
2020-09-09 00:19:00+00:00,-42.278492
2020-09-09 00:20:00+00:00,-43.115936
2020-09-09 00:21:00+00:00,-48.232971
2020-09-09 00:22:00+00:00,-46.325527
2020-09-09 00:23:00+00:00,-54.722458
2020-09-09 00:24:00+00:00,-60.250298
2020-09-09 00:25:00+00:00,-68.081909
2020-09-09 00:26:00+00:00,-56.77396
2020-09-09 00:27:00+00:00,-40.892605
2020-09-09 00:28:00+00:00,-41.976784
2020-09-09 00:29:00+00:00,-52.191071
2020-09-09 00:30:00+00:00,-43.356365
2020-09-09 00:31:00+00:00,-45.898556
2020-09-09 00:32:00+00:00,-52.425831
2020-09-09 00:33:00+00:00,-60.067127
2020-09-09 00:34:00+00:00,-60.340042
2020-09-09 00:35:00+00:00,-46.911598
2020-09-09 00:36:00+00:00,-45.534756
2020-09-09 00:37:00+00:00,-48.038952
2020-09-09 00:38:00+00:00,-43.515377
2020-09-09 00:39:00+00:00,-41.125198
2020-09-09 00:40:00+00:00,-41.123692
2020-09-09 00:41:00+00:00,-40.580116
2020-09-09 00:42:00+00:00,-40.824677
2020-09-09 00:43:00+00:00,-39.970772
2020-09-09 00:44:00+00:00,-40.596294
2020-09-09 00:45:00+00:00,-41.987278
2020-09-09 00:46:00+00:00,-42.727432
2020-09-09 00:47:00+00:00,-42.549301
2020-09-09 00:48:00+00:00,-43.005745
2020-09-09 00:49:00+00:00,-43.053913
2020-09-09 00:50:00+00:00,-43.502522
2020-09-09 00:51:00+00:00,-43.535286
2020-09-09 00:52:00+00:00,-42.74617
2020-09-09 00:53:00+00:00,-42.168388
2020-09-09 00:54:00+00:00,-42.305988
2020-09-09 00:55:00+00:00,-42.133709
2020-09-09 00:56:00+00:00,-42.466122
2020-09-09 00:57:00+00:00,-41.955688
2020-09-09 00:58:00+00:00,-42.352539
2020-09-09 00:59:00+00:00,-42.52269
2020-09-09 01:00:00+00:00,-42.250183
2020-09-09 01:01:00+00:00,-42.666363
2020-09-09 01:02:00+00:00,-42.866707
2020-09-09 01:03:00+00:00,-43.187073
2020-09-09 01:04:00+00:00,-42.762131
2020-09-09 01:05:00+00:00,-42.390625
2020-09-09 01:06:00+00:00,-42.416218
2020-09-09 01:07:00+00:00,-42.222954
2020-09-09 01:08:00+00:00,-42.200745
2020-09-09 01:09:00+00:00,-42.434746
2020-09-09 01:10:00+00:00,-42.924862
2020-09-09 01:11:00+00:00,-43.294052
2020-09-09 01:12:00+00:00,-43.458244
2020-09-09 01:13:00+00:00,-43.559933
2020-09-09 01:14:00+00:00,-44.516792
2020-09-09 01:15:00+00:00,-44.879967
2020-09-09 01:16:00+00:00,-44.635448
2020-09-09 01:17:00+00:00,-44.822205
2020-09-09 01:18:00+00:00,-44.373749
2020-09-09 01:19:00+00:00,-44.231392
2020-09-09 01:20:00+00:00,-44.914577
2020-09-09 01:21:00+00:00,-45.128296
2020-09-09 01:22:00+00:00,-44.93119
2020-09-09 01:23:00+00:00,-44.793636
2020-09-09 01:24:00+00:00,-45.067207
2020-09-09 01:25:00+00:00,-44.84166
2020-09-09 01:26:00+00:00,-44.751671
2020-09-09 01:27:00+00:00,-44.970985
2020-09-09 01:28:00+00:00,-44.960442
2020-09-09 01:29:00+00:00,-44.579624
2020-09-09 01:30:00+00:00,-44.087643
2020-09-09 01:31:00+00:00,-44.456139
2020-09-09 01:32:00+00:00,-50.027397
2020-09-09 01:33:00+00:00,-62.956146
2020-09-09 01:34:00+00:00,-64.840912
2020-09-09 01:35:00+00:00,-87.118141
2020-09-09 01:36:00+00:00,-108.160034
2020-09-09 01:37:00+00:00,-100.908836
2020-09-09 01:38:00+00:00,-89.74794
2020-09-09 01:39:00+00:00,-77.652832
2020-09-09 01:40:00+00:00,-79.925385
2020-09-09 01:41:00+00:00,-60.411411
2020-09-09 01:42:00+00:00,-43.385189
2020-09-09 01:43:00+00:00,-43.686798
2020-09-09 01:44:00+00:00,-44.74427
2020-09-09 01:45:00+00:00,-44.344887
2020-09-09 01:46:00+00:00,-48.140053
2020-09-09 01:47:00+00:00,-55.534569
2020-09-09 01:48:00+00:00,-65.612083
2020-09-09 01:49:00+00:00,-58.26321
2020-09-09 01:50:00+00:00,-54.031906
2020-09-09 01:51:00+00:00,-56.027546
2020-09-09 01:52:00+00:00,-55.777451
2020-09-09 01:53:00+00:00,-62.779732
2020-09-09 01:54:00+00:00,-64.527519
2020-09-09 01:55:00+00:00,-59.979794
2020-09-09 01:56:00+00:00,-63.203945
2020-09-09 01:57:00+00:00,-80.55349
2020-09-09 01:58:00+00:00,-84.304802
2020-09-09 01:59:00+00:00,-83.501877
2020-09-09 02:00:00+00:00,-76.757896
2020-09-09 02:01:00+00:00,-72.698929
2020-09-09 02:02:00+00:00,-74.621864
2020-09-09 02:03:00+00:00,-83.583344
2020-09-09 02:04:00+00:00,-86.942726
2020-09-09 02:05:00+00:00,-85.443161
2020-09-09 02:06:00+00:00,-83.026062
2020-09-09 02:07:00+00:00,-77.621254
2020-09-09 02:08:00+00:00,-70.549721
2020-09-09 02:09:00+00:00,-70.967834
2020-09-09 02:10:00+00:00,-72.072868
2020-09-09 02:11:00+00:00,-73.393127
2020-09-09 02:12:00+00:00,-74.337784
2020-09-09 02:13:00+00:00,-77.11776
2020-09-09 02:14:00+00:00,-76.315315
2020-09-09 02:15:00+00:00,-74.05304
2020-09-09 02:16:00+00:00,-74.023514
2020-09-09 02:17:00+00:00,-75.391777
2020-09-09 02:18:00+00:00,-76.917587
2020-09-09 02:19:00+00:00,-77.834335
2020-09-09 02:20:00+00:00,-80.247475
2020-09-09 02:21:00+00:00,-81.160904
2020-09-09 02:22:00+00:00,-86.640358
2020-09-09 02:23:00+00:00,-97.830261
2020-09-09 02:24:00+00:00,-124.726753
2020-09-09 02:25:00+00:00,-126.48632
2020-09-09 02:26:00+00:00,-117.067085
2020-09-09 02:27:00+00:00,-90.204483
2020-09-09 02:28:00+00:00,-74.873245
2020-09-09 02:29:00+00:00,-72.173828
2020-09-09 02:30:00+00:00,-68.936172
2020-09-09 02:31:00+00:00,-69.629265
2020-09-09 02:32:00+00:00,-83.060471
2020-09-09 02:33:00+00:00,-102.830933
2020-09-09 02:34:00+00:00,-121.067543
2020-09-09 02:35:00+00:00,-140.252701
2020-09-09 02:36:00+00:00,-151.909821
2020-09-09 02:37:00+00:00,-151.486282
2020-09-09 02:38:00+00:00,-152.049255
2020-09-09 02:39:00+00:00,-153.354691
2020-09-09 02:40:00+00:00,-125.613518
2020-09-09 02:41:00+00:00,-117.902374
2020-09-09 02:42:00+00:00,-147.303558
2020-09-09 02:43:00+00:00,-128.880783
2020-09-09 02:44:00+00:00,-119.221161
2020-09-09 02:45:00+00:00,-103.857407
2020-09-09 02:46:00+00:00,-78.621613
2020-09-09 02:47:00+00:00,-80.64595
2020-09-16 00:00:00+00:00,-61.434315
2020-09-16 00:01:00+00:00,-61.087334
2020-09-16 00:02:00+00:00,-61.49802
2020-09-16 00:03:00+00:00,-62.361671
2020-09-16 00:04:00+00:00,-60.918503
2020-09-16 00:05:00+00:00,-60.855026
2020-09-16 00:06:00+00:00,-61.463211
2020-09-16 00:07:00+00:00,-61.233852
2020-09-16 00:08:00+00:00,-61.223427
2020-09-16 00:09:00+00:00,-60.767426
2020-09-16 00:10:00+00:00,-60.61974
2020-09-16 00:11:00+00:00,-61.574299
2020-09-16 00:12:00+00:00,-62.393784
2020-09-16 00:13:00+00:00,-62.623096
2020-09-16 00:14:00+00:00,-62.508049
2020-09-16 00:15:00+00:00,-63.2523
2020-09-16 00:16:00+00:00,-63.749104
2020-09-16 00:17:00+00:00,-64.024811
2020-09-16 00:18:00+00:00,-63.382133
2020-09-16 00:19:00+00:00,-63.298603
2020-09-16 00:20:00+00:00,-64.46463
2020-09-16 00:21:00+00:00,-65.257149
2020-09-16 00:22:00+00:00,-64.57737
2020-09-16 00:23:00+00:00,-64.070107
2020-09-16 00:24:00+00:00,-64.021309
2020-09-16 00:25:00+00:00,-64.877266
2020-09-16 00:26:00+00:00,-64.416267
2020-09-16 00:27:00+00:00,-64.288689
2020-09-16 00:28:00+00:00,-63.856827
2020-09-16 00:29:00+00:00,-63.194832
2020-09-16 00:30:00+00:00,-62.710018
2020-09-16 00:31:00+00:00,-63.599831
2020-09-16 00:32:00+00:00,-64.637901
2020-09-16 00:33:00+00:00,-64.130844
2020-09-16 00:34:00+00:00,-64.399918
2020-09-16 00:35:00+00:00,-64.264412
2020-09-16 00:36:00+00:00,-64.167679
2020-09-16 00:37:00+00:00,-64.435951
2020-09-16 00:38:00+00:00,-64.748688
2020-09-16 00:39:00+00:00,-65.115715
2020-09-16 00:40:00+00:00,-65.822151
2020-09-16 00:41:00+00:00,-66.690239
2020-09-16 00:42:00+00:00,-67.510956
2020-09-16 00:43:00+00:00,-66.781349
2020-09-16 00:44:00+00:00,-66.934212
2020-09-16 00:45:00+00:00,-65.367538
2020-09-16 00:46:00+00:00,-64.202583
2020-09-16 00:47:00+00:00,-65.145378
2020-09-16 00:48:00+00:00,-71.997566
2020-09-16 00:49:00+00:00,-65.588455
2020-09-16 00:50:00+00:00,-63.631649
2020-09-16 00:51:00+00:00,-63.102776
2020-09-16 00:52:00+00:00,-63.65638
2020-09-16 00:53:00+00:00,-64.639534
2020-09-16 00:54:00+00:00,-65.046616
2020-09-16 00:55:00+00:00,-66.456703
2020-09-16 00:56:00+00:00,-67.502579
2020-09-16 00:57:00+00:00,-67.107056
2020-09-16 00:58:00+00:00,-66.746658
2020-09-16 00:59:00+00:00,-67.30349
2020-09-16 01:00:00+00:00,-67.679291
2020-09-16 01:01:00+00:00,-67.065147
2020-09-16 01:02:00+00:00,-67.645973
2020-09-16 01:03:00+00:00,-68.439285
2020-09-16 01:04:00+00:00,-71.03479
2020-09-16 01:05:00+00:00,-75.727417
2020-09-16 01:06:00+00:00,-69.231918
2020-09-16 01:07:00+00:00,-67.529854
2020-09-16 01:08:00+00:00,-67.375153
2020-09-16 01:09:00+00:00,-69.107468
2020-09-16 01:10:00+00:00,-69.692574
2020-09-16 01:11:00+00:00,-69.919472
2020-09-16 01:12:00+00:00,-70.197311
2020-09-16 01:13:00+00:00,-69.610992
2020-09-16 01:14:00+00:00,-69.483162
2020-09-16 01:15:00+00:00,-69.72113
2020-09-16 01:16:00+00:00,-70.607498
2020-09-16 01:17:00+00:00,-76.042175
2020-09-16 01:18:00+00:00,-75.918091
2020-09-16 01:19:00+00:00,-71.576462
2020-09-16 01:20:00+00:00,-71.602837
2020-09-16 01:21:00+00:00,-70.09964
2020-09-16 01:22:00+00:00,-67.602356
2020-09-16 01:23:00+00:00,-66.056473
2020-09-16 01:24:00+00:00,-65.302162
2020-09-16 01:25:00+00:00,-65.198753
2020-09-16 01:26:00+00:00,-65.47863
2020-09-16 01:27:00+00:00,-64.585091
2020-09-16 01:28:00+00:00,-64.037636
2020-09-16 01:29:00+00:00,-63.880417
2020-09-16 01:30:00+00:00,-64.10405
2020-09-16 01:31:00+00:00,-64.69352
2020-09-16 01:32:00+00:00,-66.026077
2020-09-16 01:33:00+00:00,-66.537254
2020-09-16 01:34:00+00:00,-65.63327
2020-09-16 01:35:00+00:00,-64.635399
2020-09-16 01:36:00+00:00,-64.424477
2020-09-16 01:37:00+00:00,-64.144257
2020-09-16 01:38:00+00:00,-62.756176
2020-09-16 01:39:00+00:00,-62.923534
2020-09-16 01:40:00+00:00,-63.00568
2020-09-16 01:41:00+00:00,-62.551418
2020-09-16 01:42:00+00:00,-61.681824
2020-09-16 01:43:00+00:00,-61.628319
2020-09-16 01:44:00+00:00,-61.662529
2020-09-16 01:45:00+00:00,-61.104404
2020-09-16 01:46:00+00:00,-60.654297
2020-09-16 01:47:00+00:00,-60.708664
2020-09-16 01:48:00+00:00,-61.279205
2020-09-16 01:49:00+00:00,-61.107109
2020-09-16 01:50:00+00:00,-60.755829
2020-09-16 01:51:00+00:00,-59.808353
2020-09-16 01:52:00+00:00,-59.757874
2020-09-16 01:53:00+00:00,-59.658936
2020-09-16 01:54:00+00:00,-60.089706
2020-09-16 01:55:00+00:00,-60.657589
2020-09-16 01:56:00+00:00,-60.793224
2020-09-16 01:57:00+00:00,-61.405773
2020-09-16 01:58:00+00:00,-61.750092
2020-09-16 01:59:00+00:00,-62.543861
2020-09-16 02:00:00+00:00,-63.344803
2020-09-16 02:01:00+00:00,-62.478073
2020-09-16 02:02:00+00:00,-62.056023
2020-09-16 02:03:00+00:00,-62.492725
2020-09-16 02:04:00+00:00,-63.348747
2020-09-16 02:05:00+00:00,-64.39949
2020-09-16 02:06:00+00:00,-64.352005
2020-09-16 02:07:00+00:00,-64.835976
2020-09-16 02:08:00+00:00,-64.469017
2020-09-16 02:09:00+00:00,-63.049778
2020-09-16 02:10:00+00:00,-61.85952
2020-09-16 02:11:00+00:00,-60.88361
2020-09-16 02:12:00+00:00,-60.362297
2020-09-16 02:13:00+00:00,-72.946968
2020-09-16 02:14:00+00:00,-69.43811
2020-09-16 02:15:00+00:00,-72.625404
2020-09-16 02:16:00+00:00,-85.643341
2020-09-16 02:17:00+00:00,-84.502678
2020-09-16 02:18:00+00:00,-77.284477
2020-09-16 02:19:00+00:00,-97.721184
2020-09-16 02:20:00+00:00,-85.05011
2020-09-16 02:21:00+00:00,-72.996872
2020-09-16 02:22:00+00:00,-81.083534
2020-09-16 02:23:00+00:00,-70.807976
2020-09-16 02:24:00+00:00,-66.75869
2020-09-16 02:25:00+00:00,-64.355614
2020-09-16 02:26:00+00:00,-59.498184
2020-09-16 02:27:00+00:00,-60.539921
2020-09-16 02:28:00+00:00,-57.379284
2020-09-16 02:29:00+00:00,-55.614468
2020-09-16 02:30:00+00:00,-57.141891
2020-09-16 02:31:00+00:00,-53.083878
2020-09-16 02:32:00+00:00,-46.050529
2020-09-16 02:33:00+00:00,-62.314358
2020-09-16 02:34:00+00:00,-77.348061
2020-09-16 02:35:00+00:00,-78.960274
2020-09-16 02:36:00+00:00,-79.092445
2020-09-16 02:37:00+00:00,-82.144417
2020-09-16 02:38:00+00:00,-78.314667
2020-09-16 02:39:00+00:00,-76.775505
2020-09-16 02:40:00+00:00,-75.412727
2020-09-16 02:41:00+00:00,-70.99395
2020-09-16 02:42:00+00:00,-65.139328
2020-09-16 02:43:00+00:00,-61.136017
2020-09-16 02:44:00+00:00,-59.397472
2020-09-16 02:45:00+00:00,-58.095932
2020-09-16 02:46:00+00:00,-56.184891
2020-09-16 02:47:00+00:00,-55.64584
2020-09-23 00:00:00+00:00,-200.867523
2020-09-23 00:01:00+00:00,-185.869431
2020-09-23 00:02:00+00:00,-158.224442
2020-09-23 00:03:00+00:00,-140.905502
2020-09-23 00:04:00+00:00,-145.287186
2020-09-23 00:05:00+00:00,-141.033554
2020-09-23 00:06:00+00:00,-136.693329
2020-09-23 00:07:00+00:00,-133.261581
2020-09-23 00:08:00+00:00,-128.532837
2020-09-23 00:09:00+00:00,-121.518608
2020-09-23 00:10:00+00:00,-116.271431
2020-09-23 00:11:00+00:00,-117.757889
2020-09-23 00:12:00+00:00,-112.670151
2020-09-23 00:13:00+00:00,-106.194534
2020-09-23 00:14:00+00:00,-97.834724
2020-09-23 00:15:00+00:00,-108.863091
2020-09-23 00:16:00+00:00,-177.848404
2020-09-23 00:17:00+00:00,-225.005295
2020-09-23 00:18:00+00:00,-209.454422
2020-09-23 00:19:00+00:00,-273.101807
2020-09-23 00:20:00+00:00,-221.988297
2020-09-23 00:21:00+00:00,-222.586441
2020-09-23 00:22:00+00:00,-219.887497
2020-09-23 00:23:00+00:00,-195.394272
2020-09-23 00:24:00+00:00,-200.022751
2020-09-23 00:25:00+00:00,-162.567825
2020-09-23 00:26:00+00:00,-194.82341
2020-09-23 00:27:00+00:00,-207.731277
2020-09-23 00:28:00+00:00,-292.464569
2020-09-23 00:29:00+00:00,-273.314392
2020-09-23 00:30:00+00:00,-211.467896
2020-09-23 00:31:00+00:00,-215.673508
2020-09-23 00:32:00+00:00,-197.953583
2020-09-23 00:33:00+00:00,-193.150177
2020-09-23 00:34:00+00:00,-194.728256
2020-09-23 00:35:00+00:00,-209.131195
2020-09-23 00:36:00+00:00,-197.739334
2020-09-23 00:37:00+00:00,-188.202332
2020-09-23 00:38:00+00:00,-194.538162
2020-09-23 00:39:00+00:00,-206.931427
2020-09-23 00:40:00+00:00,-218.254257
2020-09-23 00:41:00+00:00,-198.023285
2020-09-23 00:42:00+00:00,-179.732681
2020-09-23 00:43:00+00:00,-196.265289
2020-09-23 00:44:00+00:00,-200.603226
2020-09-23 00:45:00+00:00,-197.762894
2020-09-23 00:46:00+00:00,-182.104294
2020-09-23 00:47:00+00:00,-185.659698
2020-09-23 00:48:00+00:00,-195.899841
2020-09-23 00:49:00+00:00,-193.949753
2020-09-23 00:50:00+00:00,-183.726471
2020-09-23 00:51:00+00:00,-177.67717
2020-09-23 00:52:00+00:00,-166.621506
2020-09-23 00:53:00+00:00,-171.098434
2020-09-23 00:54:00+00:00,-169.76619
2020-09-23 00:55:00+00:00,-167.284958
2020-09-23 00:56:00+00:00,-164.187973
2020-09-23 00:57:00+00:00,-161.198929
2020-09-23 00:58:00+00:00,-157.020966
2020-09-23 00:59:00+00:00,-146.871124
2020-09-23 01:00:00+00:00,-141.268631
2020-09-23 01:01:00+00:00,-133.257431
2020-09-23 01:02:00+00:00,-128.054169
2020-09-23 01:03:00+00:00,-119.472328
2020-09-23 01:04:00+00:00,-109.278496
2020-09-23 01:05:00+00:00,-106.184586
2020-09-23 01:06:00+00:00,-98.785797
2020-09-23 01:07:00+00:00,-92.023911
2020-09-23 01:08:00+00:00,-88.333176
2020-09-23 01:09:00+00:00,-87.109665
2020-09-23 01:10:00+00:00,-88.101967
2020-09-23 01:11:00+00:00,-79.443436
2020-09-23 01:12:00+00:00,-76.905296
2020-09-23 01:13:00+00:00,-73.846924
2020-09-23 01:14:00+00:00,-67.036629
2020-09-23 01:15:00+00:00,-61.984699
2020-09-23 01:16:00+00:00,-57.718147
2020-09-23 01:17:00+00:00,-56.314148
2020-09-23 01:18:00+00:00,-49.880119
2020-09-23 01:19:00+00:00,-46.783237
2020-09-23 01:20:00+00:00,-45.293034
2020-09-23 01:21:00+00:00,-46.789429
2020-09-23 01:22:00+00:00,-43.670605
2020-09-23 01:23:00+00:00,-45.069981
2020-09-23 01:24:00+00:00,-45.535763
2020-09-23 01:25:00+00:00,-44.159954
2020-09-23 01:26:00+00:00,-49.208172
2020-09-23 01:27:00+00:00,-49.23608
2020-09-23 01:28:00+00:00,-40.80772
2020-09-23 01:29:00+00:00,-40.444988
2020-09-23 01:30:00+00:00,-46.19128
2020-09-23 01:31:00+00:00,-48.060295
2020-09-23 01:32:00+00:00,-52.927696
2020-09-23 01:33:00+00:00,-47.04734
2020-09-23 01:34:00+00:00,-45.096916
2020-09-23 01:35:00+00:00,-48.633015
2020-09-23 01:36:00+00:00,-50.594925
2020-09-23 01:37:00+00:00,-45.771889
2020-09-23 01:38:00+00:00,-42.54689
2020-09-23 01:39:00+00:00,-40.75285
2020-09-23 01:40:00+00:00,-41.359486
2020-09-23 01:41:00+00:00,-46.020702
2020-09-23 01:42:00+00:00,-47.697395
2020-09-23 01:43:00+00:00,-41.815292
2020-09-23 01:44:00+00:00,-45.190826
2020-09-23 01:45:00+00:00,-51.287209
2020-09-23 01:46:00+00:00,-43.33535
2020-09-23 01:47:00+00:00,-36.770672
2020-09-23 01:48:00+00:00,-32.492474
2020-09-23 01:49:00+00:00,-27.565313
2020-09-23 01:50:00+00:00,-34.274246
2020-09-23 01:51:00+00:00,-36.091572
2020-09-23 01:52:00+00:00,-29.894562
2020-09-23 01:53:00+00:00,-32.861031
2020-09-23 01:54:00+00:00,-40.28455
2020-09-23 01:55:00+00:00,-42.945526
2020-09-23 01:56:00+00:00,-42.673824
2020-09-23 01:57:00+00:00,-40.203621
2020-09-23 01:58:00+00:00,-43.144737
2020-09-23 01:59:00+00:00,-50.376156
2020-09-23 02:00:00+00:00,-58.703777
2020-09-23 02:01:00+00:00,-66.791389
2020-09-23 02:02:00+00:00,-71.851677
2020-09-23 02:03:00+00:00,-72.382668
2020-09-23 02:04:00+00:00,-68.489822
2020-09-23 02:05:00+00:00,-67.459274
2020-09-23 02:06:00+00:00,-59.465988
2020-09-23 02:07:00+00:00,-61.737167
2020-09-23 02:08:00+00:00,-65.759277
2020-09-23 02:09:00+00:00,-74.141693
2020-09-23 02:10:00+00:00,-79.367798
2020-09-23 02:11:00+00:00,-88.464928
2020-09-23 02:12:00+00:00,-86.995567
2020-09-23 02:13:00+00:00,-81.063232
2020-09-23 02:14:00+00:00,-77.450523
2020-09-23 02:15:00+00:00,-65.077583
2020-09-23 02:16:00+00:00,-60.915459
2020-09-23 02:17:00+00:00,-52.482704
2020-09-23 02:18:00+00:00,-53.434578
2020-09-23 02:19:00+00:00,-63.864994
2020-09-23 02:20:00+00:00,-67.67659
2020-09-23 02:21:00+00:00,-72.166275
2020-09-23 02:22:00+00:00,-71.137444
2020-09-23 02:23:00+00:00,-74.064842
2020-09-23 02:24:00+00:00,-67.874573
2020-09-23 02:25:00+00:00,-61.208084
2020-09-23 02:26:00+00:00,-50.418339
2020-09-23 02:27:00+00:00,-54.627399
2020-09-23 02:28:00+00:00,-47.637016
2020-09-23 02:29:00+00:00,-29.033861
2020-09-23 02:30:00+00:00,-19.885792
2020-09-23 02:31:00+00:00,-23.909292
2020-09-23 02:32:00+00:00,-24.097374
2020-09-23 02:33:00+00:00,-19.44767
2020-09-23 02:34:00+00:00,-20.036364
2020-09-23 02:35:00+00:00,-19.433262
2020-09-23 02:36:00+00:00,-21.837944
2020-09-23 02:37:00+00:00,-36.213181
2020-09-23 02:38:00+00:00,-35.860077
2020-09-23 02:39:00+00:00,-35.579422
2020-09-23 02:40:00+00:00,-29.62319
2020-09-23 02:41:00+00:00,-30.357599
2020-09-23 02:42:00+00:00,-39.116653
2020-09-23 02:43:00+00:00,-40.979462
2020-09-23 02:44:00+00:00,-30.840151
2020-09-23 02:45:00+00:00,-27.339205
2020-09-23 02:46:00+00:00,-25.352213
2020-09-23 02:47:00+00:00,-19.516886
2020-09-30 00:00:00+00:00,-891.043335
2020-09-30 00:01:00+00:00,-672.093933
2020-09-30 00:02:00+00:00,-508.774994
2020-09-30 00:03:00+00:00,-451.455292
2020-09-30 00:04:00+00:00,-451.480591
2020-09-30 00:05:00+00:00,-456.211456
2020-09-30 00:06:00+00:00,-506.776611
2020-09-30 00:07:00+00:00,-536.336121
2020-09-30 00:08:00+00:00,-575.518738
2020-09-30 00:09:00+00:00,-560.923035
2020-09-30 00:10:00+00:00,-572.424744
2020-09-30 00:11:00+00:00,-563.764099
2020-09-30 00:12:00+00:00,-559.059021
2020-09-30 00:13:00+00:00,-539.493103
2020-09-30 00:14:00+00:00,-499.467163
2020-09-30 00:15:00+00:00,-445.723846
2020-09-30 00:16:00+00:00,-391.057709
2020-09-30 00:17:00+00:00,-368.183472
2020-09-30 00:18:00+00:00,-351.580475
2020-09-30 00:19:00+00:00,-330.107025
2020-09-30 00:20:00+00:00,-313.825439
2020-09-30 00:21:00+00:00,-322.136261
2020-09-30 00:22:00+00:00,-322.417755
2020-09-30 00:23:00+00:00,-316.187408
2020-09-30 00:24:00+00:00,-294.57312
2020-09-30 00:25:00+00:00,-463.403046
2020-09-30 00:26:00+00:00,-560.390625
2020-09-30 00:27:00+00:00,-688.7677
2020-09-30 00:28:00+00:00,-531.063782
2020-09-30 00:29:00+00:00,-434.757324
2020-09-30 00:30:00+00:00,-517.455444
2020-09-30 00:31:00+00:00,-515.568054
2020-09-30 00:32:00+00:00,-464.607178
2020-09-30 00:33:00+00:00,-446.773407
2020-09-30 00:34:00+00:00,-412.802246
2020-09-30 00:35:00+00:00,-369.332092
2020-09-30 00:36:00+00:00,-381.806458
2020-09-30 00:37:00+00:00,-383.471924
2020-09-30 00:38:00+00:00,-417.115784
2020-09-30 00:39:00+00:00,-417.081696
2020-09-30 00:40:00+00:00,-446.075439
2020-09-30 00:41:00+00:00,-441.908264
2020-09-30 00:42:00+00:00,-457.485046
2020-09-30 00:43:00+00:00,-477.954956
2020-09-30 00:44:00+00:00,-484.013153
2020-09-30 00:45:00+00:00,-500.509827
2020-09-30 00:46:00+00:00,-476.857513
2020-09-30 00:47:00+00:00,-457.746826
2020-09-30 00:48:00+00:00,-452.028595
2020-09-30 00:49:00+00:00,-439.980347
2020-09-30 00:50:00+00:00,-416.837646
2020-09-30 00:51:00+00:00,-392.073639
2020-09-30 00:52:00+00:00,-373.471649
2020-09-30 00:53:00+00:00,-327.168884
2020-09-30 00:54:00+00:00,-341.346313
2020-09-30 00:55:00+00:00,-279.02301
2020-09-30 00:56:00+00:00,-290.301331
2020-09-30 00:57:00+00:00,-323.192749
2020-09-30 00:58:00+00:00,-346.894653
2020-09-30 00:59:00+00:00,-301.194336
2020-09-30 01:00:00+00:00,-251.489639
2020-09-30 01:01:00+00:00,-221.469574
2020-09-30 01:02:00+00:00,-235.184052
2020-09-30 01:03:00+00:00,-220.619659
2020-09-30 01:04:00+00:00,-212.140015
2020-09-30 01:05:00+00:00,-200.773682
2020-09-30 01:06:00+00:00,-181.412506
2020-09-30 01:07:00+00:00,-185.894836
2020-09-30 01:08:00+00:00,-169.377472
2020-09-30 01:09:00+00:00,-165.761566
2020-09-30 01:10:00+00:00,-155.478882
2020-09-30 01:11:00+00:00,-138.029678
2020-09-30 01:12:00+00:00,-126.432159
2020-09-30 01:13:00+00:00,-117.956917
2020-09-30 01:14:00+00:00,-111.898041
2020-09-30 01:15:00+00:00,-113.718964
2020-09-30 01:16:00+00:00,-111.179092
2020-09-30 01:17:00+00:00,-106.27346
2020-09-30 01:18:00+00:00,-113.910774
2020-09-30 01:19:00+00:00,-113.988991
2020-09-30 01:20:00+00:00,-123.792778
2020-09-30 01:21:00+00:00,-122.642128
2020-09-30 01:22:00+00:00,-105.531448
2020-09-30 01:23:00+00:00,-117.739189
2020-09-30 01:24:00+00:00,-110.67511
2020-09-30 01:25:00+00:00,-96.417259
2020-09-30 01:26:00+00:00,-91.652069
2020-09-30 01:27:00+00:00,-85.287659
2020-09-30 01:28:00+00:00,-76.433372
2020-09-30 01:29:00+00:00,-78.809975
2020-09-30 01:30:00+00:00,-98.398643
2020-09-30 01:31:00+00:00,-120.109047
2020-09-30 01:32:00+00:00,-105.735214
2020-09-30 01:33:00+00:00,-89.468552
2020-09-30 01:34:00+00:00,-78.159691
2020-09-30 01:35:00+00:00,-62.192436
2020-09-30 01:36:00+00:00,-58.325172
2020-09-30 01:37:00+00:00,-59.169151
2020-09-30 01:38:00+00:00,-57.421093
2020-09-30 01:39:00+00:00,-57.358337
2020-09-30 01:40:00+00:00,-56.941742
2020-09-30 01:41:00+00:00,-80.785316
2020-09-30 01:42:00+00:00,-96.194221
2020-09-30 01:43:00+00:00,-62.874798
2020-09-30 01:44:00+00:00,-54.703983
2020-09-30 01:45:00+00:00,-56.231407
2020-09-30 01:46:00+00:00,-56.348877
2020-09-30 01:47:00+00:00,-51.208729
2020-09-30 01:48:00+00:00,-53.273361
2020-09-30 01:49:00+00:00,-50.282509
2020-09-30 01:50:00+00:00,-52.361664
2020-09-30 01:51:00+00:00,-52.114532
2020-09-30 01:52:00+00:00,-53.618816
2020-09-30 01:53:00+00:00,-50.105198
2020-09-30 01:54:00+00:00,-70.265144
2020-09-30 01:55:00+00:00,-85.156319
2020-09-30 01:56:00+00:00,-43.810959
2020-09-30 01:57:00+00:00,-39.862759
2020-09-30 01:58:00+00:00,-36.916264
2020-09-30 01:59:00+00:00,-30.88896
2020-09-30 02:00:00+00:00,-29.425161
2020-09-30 02:01:00+00:00,-42.400826
2020-09-30 02:02:00+00:00,-52.144802
2020-09-30 02:03:00+00:00,-115.515167
2020-09-30 02:04:00+00:00,-116.842987
2020-09-30 02:05:00+00:00,-89.579208
2020-09-30 02:06:00+00:00,-86.512436
2020-09-30 02:07:00+00:00,-89.172218
2020-09-30 02:08:00+00:00,-81.636391
2020-09-30 02:09:00+00:00,-69.838547
2020-09-30 02:10:00+00:00,-56.721024
2020-09-30 02:11:00+00:00,-44.370728
2020-09-30 02:12:00+00:00,-60.810768
2020-09-30 02:13:00+00:00,-52.6581
2020-09-30 02:14:00+00:00,-45.824242
2020-09-30 02:15:00+00:00,-47.492821
2020-09-30 02:16:00+00:00,-50.22245
2020-09-30 02:17:00+00:00,-50.225025
2020-09-30 02:18:00+00:00,-45.513081
2020-09-30 02:19:00+00:00,-47.822289
2020-09-30 02:20:00+00:00,-51.831123
2020-09-30 02:21:00+00:00,-47.938931
2020-09-30 02:22:00+00:00,-67.962631
2020-09-30 02:23:00+00:00,-63.725868
2020-09-30 02:24:00+00:00,-84.687805
2020-09-30 02:25:00+00:00,-102.47139
2020-09-30 02:26:00+00:00,-129.974915
2020-09-30 02:27:00+00:00,-176.584351
2020-09-30 02:28:00+00:00,-181.053772
2020-09-30 02:29:00+00:00,-206.756729
2020-09-30 02:30:00+00:00,-229.505447
2020-09-30 02:31:00+00:00,-237.911407
2020-09-30 02:32:00+00:00,-305.765961
2020-09-30 02:33:00+00:00,-249.742722
2020-09-30 02:34:00+00:00,-243.413925
2020-09-30 02:35:00+00:00,-233.108154
2020-09-30 02:36:00+00:00,-214.085358
2020-09-30 02:37:00+00:00,-206.143677
2020-09-30 02:38:00+00:00,-218.06279
2020-09-30 02:39:00+00:00,-372.482422
2020-09-30 02:40:00+00:00,-490.046265
2020-09-30 02:41:00+00:00,-406.691284
2020-09-30 02:42:00+00:00,-280.375427
2020-09-30 02:43:00+00:00,-434.55957
2020-09-30 02:44:00+00:00,-512.306641
2020-09-30 02:45:00+00:00,-323.667023
2020-09-30 02:46:00+00:00,-226.875885
2020-09-30 02:47:00+00:00,-227.302338
2020-10-07 00:00:00+00:00,-23.354097
2020-10-07 00:01:00+00:00,-23.759485
2020-10-07 00:02:00+00:00,-24.514017
2020-10-07 00:03:00+00:00,-24.529816
2020-10-07 00:04:00+00:00,-24.324476
2020-10-07 00:05:00+00:00,-23.677315
2020-10-07 00:06:00+00:00,-23.546143
2020-10-07 00:07:00+00:00,-23.90209
2020-10-07 00:08:00+00:00,-24.917828
2020-10-07 00:09:00+00:00,-25.417587
2020-10-07 00:10:00+00:00,-26.18264
2020-10-07 00:11:00+00:00,-26.511829
2020-10-07 00:12:00+00:00,-26.508688
2020-10-07 00:13:00+00:00,-26.380262
2020-10-07 00:14:00+00:00,-25.834291
2020-10-07 00:15:00+00:00,-27.832359
2020-10-07 00:16:00+00:00,-29.449903
2020-10-07 00:17:00+00:00,-25.30418
2020-10-07 00:18:00+00:00,-65.944595
2020-10-07 00:19:00+00:00,-67.082863
2020-10-07 00:20:00+00:00,-66.832802
2020-10-07 00:21:00+00:00,-67.61602
2020-10-07 00:22:00+00:00,-65.354416
2020-10-07 00:23:00+00:00,-62.337265
2020-10-07 00:24:00+00:00,-65.081139
2020-10-07 00:25:00+00:00,-67.458603
2020-10-07 00:26:00+00:00,-68.168854
2020-10-07 00:27:00+00:00,-67.441368
2020-10-07 00:28:00+00:00,-71.700958
2020-10-07 00:29:00+00:00,-71.696671
2020-10-07 00:30:00+00:00,-72.033905
2020-10-07 00:31:00+00:00,-70.000549
2020-10-07 00:32:00+00:00,-68.237427
2020-10-07 00:33:00+00:00,-67.394409
2020-10-07 00:34:00+00:00,-65.895767
2020-10-07 00:35:00+00:00,-63.941158
2020-10-07 00:36:00+00:00,-63.991852
2020-10-07 00:37:00+00:00,-65.799065
2020-10-07 00:38:00+00:00,-66.528603
2020-10-07 00:39:00+00:00,-67.798592
2020-10-07 00:40:00+00:00,-68.381447
2020-10-07 00:41:00+00:00,-67.992935
2020-10-07 00:42:00+00:00,-65.163307
2020-10-07 00:43:00+00:00,-61.643967
2020-10-07 00:44:00+00:00,-58.10841
2020-10-07 00:45:00+00:00,-58.940521
2020-10-07 00:46:00+00:00,-61.589149
2020-10-07 00:47:00+00:00,-61.141647
2020-10-07 00:48:00+00:00,-62.745922
2020-10-07 00:49:00+00:00,-61.754963
2020-10-07 00:50:00+00:00,-62.107685
2020-10-07 00:51:00+00:00,-62.456783
2020-10-07 00:52:00+00:00,-61.571964
2020-10-07 00:53:00+00:00,-60.962341
2020-10-07 00:54:00+00:00,-60.767033
2020-10-07 00:55:00+00:00,-60.505524
2020-10-07 00:56:00+00:00,-62.380409
2020-10-07 00:57:00+00:00,-64.397507
2020-10-07 00:58:00+00:00,-61.877571
2020-10-07 00:59:00+00:00,-61.992001
2020-10-07 01:00:00+00:00,-60.784119
2020-10-07 01:01:00+00:00,-55.226013
2020-10-07 01:02:00+00:00,-53.691074
2020-10-07 01:03:00+00:00,-53.947815
2020-10-07 01:04:00+00:00,-57.053822
2020-10-07 01:05:00+00:00,-58.332783
2020-10-07 01:06:00+00:00,-59.084736
2020-10-07 01:07:00+00:00,-58.729069
2020-10-07 01:08:00+00:00,-57.210312
2020-10-07 01:09:00+00:00,-59.317005
2020-10-07 01:10:00+00:00,-58.748821
2020-10-07 01:11:00+00:00,-56.744492
2020-10-07 01:12:00+00:00,-57.396759
2020-10-07 01:13:00+00:00,-59.567886
2020-10-07 01:14:00+00:00,-60.159683
2020-10-07 01:15:00+00:00,-58.153122
2020-10-07 01:16:00+00:00,-53.974396
2020-10-07 01:17:00+00:00,-56.206478
2020-10-07 01:18:00+00:00,-56.650604
2020-10-07 01:19:00+00:00,-54.130959
2020-10-07 01:20:00+00:00,-52.2393
2020-10-07 01:21:00+00:00,-52.307243
2020-10-07 01:22:00+00:00,-50.851154
2020-10-07 01:23:00+00:00,-49.880856
2020-10-07 01:24:00+00:00,-48.844063
2020-10-07 01:25:00+00:00,-51.531269
2020-10-07 01:26:00+00:00,-45.834045
2020-10-07 01:27:00+00:00,-27.762386
2020-10-07 01:28:00+00:00,-27.738522
2020-10-07 01:29:00+00:00,-27.59952
2020-10-07 01:30:00+00:00,-27.516369
2020-10-07 01:31:00+00:00,-27.407539
2020-10-07 01:32:00+00:00,-27.38833
2020-10-07 01:33:00+00:00,-83.050453
2020-10-07 01:34:00+00:00,-84.035851
2020-10-07 01:35:00+00:00,-84.432526
2020-10-07 01:36:00+00:00,-84.691925
2020-10-07 01:37:00+00:00,-80.74704
2020-10-07 01:38:00+00:00,-76.457993
2020-10-07 01:39:00+00:00,-80.697823
2020-10-07 01:40:00+00:00,-78.342957
2020-10-07 01:41:00+00:00,-76.834312
2020-10-07 01:42:00+00:00,-77.024887
2020-10-07 01:43:00+00:00,-79.374138
2020-10-07 01:44:00+00:00,-78.127098
2020-10-07 01:45:00+00:00,-77.345901
2020-10-07 01:46:00+00:00,-77.087082
2020-10-07 01:47:00+00:00,-74.966354
2020-10-07 01:48:00+00:00,-78.909477
2020-10-07 01:49:00+00:00,-76.582451
2020-10-07 01:50:00+00:00,-76.465225
2020-10-07 01:51:00+00:00,-76.775085
2020-10-07 01:52:00+00:00,-77.740021
2020-10-07 01:53:00+00:00,-78.586578
2020-10-07 01:54:00+00:00,-79.914841
2020-10-07 01:55:00+00:00,-79.628105
2020-10-07 01:56:00+00:00,-79.409943
2020-10-07 01:57:00+00:00,-78.856522
2020-10-07 01:58:00+00:00,-76.836487
2020-10-07 01:59:00+00:00,-76.73172
2020-10-07 02:00:00+00:00,-80.357979
2020-10-07 02:01:00+00:00,-77.109016
2020-10-07 02:02:00+00:00,-78.215401
2020-10-07 02:03:00+00:00,-80.930077
2020-10-07 02:04:00+00:00,-81.050865
2020-10-07 02:05:00+00:00,-77.430809
2020-10-07 02:06:00+00:00,-79.623238
2020-10-07 02:07:00+00:00,-79.765594
2020-10-07 02:08:00+00:00,-71.332603
2020-10-07 02:09:00+00:00,-68.455612
2020-10-07 02:10:00+00:00,-71.281082
2020-10-07 02:11:00+00:00,-68.882744
2020-10-07 02:12:00+00:00,-69.193214
2020-10-07 02:13:00+00:00,-68.888756
2020-10-07 02:14:00+00:00,-67.30452
2020-10-07 02:15:00+00:00,-70.518715
2020-10-07 02:16:00+00:00,-69.965118
2020-10-07 02:17:00+00:00,-69.385437
2020-10-07 02:18:00+00:00,-71.375839
2020-10-07 02:19:00+00:00,-72.777153
2020-10-07 02:20:00+00:00,-73.583015
2020-10-07 02:21:00+00:00,-69.271217
2020-10-07 02:22:00+00:00,-68.753349
2020-10-07 02:23:00+00:00,-71.591194
2020-10-07 02:24:00+00:00,-68.189507
2020-10-07 02:25:00+00:00,-68.644981
2020-10-07 02:26:00+00:00,-65.936111
2020-10-07 02:27:00+00:00,-66.123451
2020-10-07 02:28:00+00:00,-66.423286
2020-10-07 02:29:00+00:00,-66.953606
2020-10-07 02:30:00+00:00,-66.10051
2020-10-07 02:31:00+00:00,-67.791077
2020-10-07 02:32:00+00:00,-64.662521
2020-10-07 02:33:00+00:00,-63.891136
2020-10-07 02:34:00+00:00,-64.215683
2020-10-07 02:35:00+00:00,-62.021908
2020-10-07 02:36:00+00:00,-62.062119
2020-10-07 02:37:00+00:00,-61.446949
2020-10-07 02:38:00+00:00,-61.883774
2020-10-07 02:39:00+00:00,-60.539589
2020-10-07 02:40:00+00:00,-56.472507
2020-10-07 02:41:00+00:00,-58.335358
2020-10-07 02:42:00+00:00,-58.581272
2020-10-07 02:43:00+00:00,-59.398724
2020-10-07 02:44:00+00:00,-56.184132
2020-10-07 02:45:00+00:00,-53.952301
2020-10-07 02:46:00+00:00,-55.197289
2020-10-07 02:47:00+00:00,-56.433262
2020-10-14 00:00:00+00:00,-40.102211
2020-10-14 00:01:00+00:00,-36.376873
2020-10-14 00:02:00+00:00,-22.891304
2020-10-14 00:03:00+00:00,-16.781755
2020-10-14 00:04:00+00:00,-16.911293
2020-10-14 00:05:00+00:00,-16.214884
2020-10-14 00:06:00+00:00,-14.331421
2020-10-14 00:07:00+00:00,-14.642445
2020-10-14 00:08:00+00:00,-14.590966
2020-10-14 00:09:00+00:00,-14.697175
2020-10-14 00:10:00+00:00,-14.76724
2020-10-14 00:11:00+00:00,-15.299476
2020-10-14 00:12:00+00:00,-15.477062
2020-10-14 00:13:00+00:00,-15.655367
2020-10-14 00:14:00+00:00,-16.155922
2020-10-14 00:15:00+00:00,-16.862974
2020-10-14 00:16:00+00:00,-16.038969
2020-10-14 00:17:00+00:00,-14.66534
2020-10-14 00:18:00+00:00,-13.967661
2020-10-14 00:19:00+00:00,-13.704219
2020-10-14 00:20:00+00:00,-13.650882
2020-10-14 00:21:00+00:00,-13.587712
2020-10-14 00:22:00+00:00,-13.189903
2020-10-14 00:23:00+00:00,-13.379604
2020-10-14 00:24:00+00:00,-13.567447
2020-10-14 00:25:00+00:00,-13.89502
2020-10-14 00:26:00+00:00,-13.773933
2020-10-14 00:27:00+00:00,-13.733911
2020-10-14 00:28:00+00:00,-14.169101
2020-10-14 00:29:00+00:00,-13.518504
2020-10-14 00:30:00+00:00,-12.971955
2020-10-14 00:31:00+00:00,-12.862587
2020-10-14 00:32:00+00:00,-13.91139
2020-10-14 00:33:00+00:00,-12.977689
2020-10-14 00:34:00+00:00,-12.96355
2020-10-14 00:35:00+00:00,-13.912336
2020-10-14 00:36:00+00:00,-13.74249
2020-10-14 00:37:00+00:00,-16.732912
2020-10-14 00:38:00+00:00,-17.947746
2020-10-14 00:39:00+00:00,-15.941883
2020-10-14 00:40:00+00:00,-22.322742
2020-10-14 00:41:00+00:00,-21.541502
2020-10-14 00:42:00+00:00,-15.602067
2020-10-14 00:43:00+00:00,-34.686081
2020-10-14 00:44:00+00:00,-38.9935
2020-10-14 00:45:00+00:00,-27.552185
2020-10-14 00:46:00+00:00,-35.908737
2020-10-14 00:47:00+00:00,-41.954765
2020-10-14 00:48:00+00:00,-41.724449
2020-10-14 00:49:00+00:00,-33.790058
2020-10-14 00:50:00+00:00,-25.13792
2020-10-14 00:51:00+00:00,-22.915462
2020-10-14 00:52:00+00:00,-30.857164
2020-10-14 00:53:00+00:00,-27.818432
2020-10-14 00:54:00+00:00,-23.107861
2020-10-14 00:55:00+00:00,-26.489124
2020-10-14 00:56:00+00:00,-21.205391
2020-10-14 00:57:00+00:00,-17.894615
2020-10-14 00:58:00+00:00,-17.773006
2020-10-14 00:59:00+00:00,-17.78475
2020-10-14 01:00:00+00:00,-19.100435
2020-10-14 01:01:00+00:00,-17.994555
2020-10-14 01:02:00+00:00,-18.249029
2020-10-14 01:03:00+00:00,-18.525211
2020-10-14 01:04:00+00:00,-17.893265
2020-10-14 01:05:00+00:00,-18.667496
2020-10-14 01:06:00+00:00,-17.689877
2020-10-14 01:07:00+00:00,-17.430351
2020-10-14 01:08:00+00:00,-18.127331
2020-10-14 01:09:00+00:00,-17.974026
2020-10-14 01:10:00+00:00,-18.960524
2020-10-14 01:11:00+00:00,-18.658937
2020-10-14 01:12:00+00:00,-18.66287
2020-10-14 01:13:00+00:00,-19.345221
2020-10-14 01:14:00+00:00,-18.932961
2020-10-14 01:15:00+00:00,-19.717798
2020-10-14 01:16:00+00:00,-20.143492
2020-10-14 01:17:00+00:00,-19.967705
2020-10-14 01:18:00+00:00,-19.69224
2020-10-14 01:19:00+00:00,-19.85601
2020-10-14 01:20:00+00:00,-20.189339
2020-10-14 01:21:00+00:00,-20.012918
2020-10-14 01:22:00+00:00,-20.839188
2020-10-14 01:23:00+00:00,-20.781826
2020-10-14 01:24:00+00:00,-21.56139
2020-10-14 01:25:00+00:00,-21.476557
2020-10-14 01:26:00+00:00,-21.300617
2020-10-14 01:27:00+00:00,-21.736544
2020-10-14 01:28:00+00:00,-21.512705
2020-10-14 01:29:00+00:00,-22.416294
2020-10-14 01:30:00+00:00,-22.147812
2020-10-14 01:31:00+00:00,-21.495626
2020-10-14 01:32:00+00:00,-22.275105
2020-10-14 01:33:00+00:00,-21.794777
2020-10-14 01:34:00+00:00,-21.742086
2020-10-14 01:35:00+00:00,-22.146271
2020-10-14 01:36:00+00:00,-21.675396
2020-10-14 01:37:00+00:00,-21.249002
2020-10-14 01:38:00+00:00,-22.439459
2020-10-14 01:39:00+00:00,-22.270145
2020-10-14 01:40:00+00:00,-21.828892
2020-10-14 01:41:00+00:00,-22.070717
2020-10-14 01:42:00+00:00,-23.128376
2020-10-14 01:43:00+00:00,-23.224464
2020-10-14 01:44:00+00:00,-21.735912
2020-10-14 01:45:00+00:00,-20.926235
2020-10-14 01:46:00+00:00,-21.750513
2020-10-14 01:47:00+00:00,-21.503605
2020-10-14 01:48:00+00:00,-21.912018
2020-10-14 01:49:00+00:00,-22.278421
2020-10-14 01:50:00+00:00,-22.050026
2020-10-14 01:51:00+00:00,-22.615284
2020-10-14 01:52:00+00:00,-23.105278
2020-10-14 01:53:00+00:00,-22.174122
2020-10-14 01:54:00+00:00,-22.280739
2020-10-14 01:55:00+00:00,-22.960228
2020-10-14 01:56:00+00:00,-23.653934
2020-10-14 01:57:00+00:00,-24.045391
2020-10-14 01:58:00+00:00,-24.027119
2020-10-14 01:59:00+00:00,-24.272392
2020-10-14 02:00:00+00:00,-24.030138
2020-10-14 02:01:00+00:00,-23.835072
2020-10-14 02:02:00+00:00,-24.427509
2020-10-14 02:03:00+00:00,-24.79187
2020-10-14 02:04:00+00:00,-23.978987
2020-10-14 02:05:00+00:00,-23.951801
2020-10-14 02:06:00+00:00,-23.508392
2020-10-14 02:07:00+00:00,-22.265608
2020-10-14 02:08:00+00:00,-21.558674
2020-10-14 02:09:00+00:00,-21.133736
2020-10-14 02:10:00+00:00,-21.422482
2020-10-14 02:11:00+00:00,-21.067543
2020-10-14 02:12:00+00:00,-20.992798
2020-10-14 02:13:00+00:00,-21.067436
2020-10-14 02:14:00+00:00,-21.497475
2020-10-14 02:15:00+00:00,-22.78116
2020-10-14 02:16:00+00:00,-22.991726
2020-10-14 02:17:00+00:00,-22.719067
2020-10-14 02:18:00+00:00,-23.931984
2020-10-14 02:19:00+00:00,-24.63443
2020-10-14 02:20:00+00:00,-23.877239
2020-10-14 02:21:00+00:00,-23.680729
2020-10-14 02:22:00+00:00,-24.04151
2020-10-14 02:23:00+00:00,-24.612726
2020-10-14 02:24:00+00:00,-24.406149
2020-10-14 02:25:00+00:00,-24.414017
2020-10-14 02:26:00+00:00,-23.878567
2020-10-14 02:27:00+00:00,-23.571331
2020-10-14 02:28:00+00:00,-23.857599
2020-10-14 02:29:00+00:00,-23.831825
2020-10-14 02:30:00+00:00,-24.240789
2020-10-14 02:31:00+00:00,-24.808067
2020-10-14 02:32:00+00:00,-25.194424
2020-10-14 02:33:00+00:00,-25.181396
2020-10-14 02:34:00+00:00,-25.864979
2020-10-14 02:35:00+00:00,-26.268888
2020-10-14 02:36:00+00:00,-25.569386
2020-10-14 02:37:00+00:00,-25.928444
2020-10-14 02:38:00+00:00,-25.776276
2020-10-14 02:39:00+00:00,-25.765518
2020-10-14 02:40:00+00:00,-25.529266
2020-10-14 02:41:00+00:00,-26.366634
2020-10-14 02:42:00+00:00,-25.98299
2020-10-14 02:43:00+00:00,-26.907913
2020-10-14 02:44:00+00:00,-26.809711
2020-10-14 02:45:00+00:00,-27.075312
2020-10-14 02:46:00+00:00,-26.330038
2020-10-14 02:47:00+00:00,-27.505817
2020-10-21 00:00:00+00:00,-47.052048
2020-10-21 00:01:00+00:00,-47.186481
2020-10-21 00:02:00+00:00,-46.61145
2020-10-21 00:03:00+00:00,-46.074512
2020-10-21 00:04:00+00:00,-46.543449
2020-10-21 00:05:00+00:00,-47.490425
2020-10-21 00:06:00+00:00,-47.204231
2020-10-21 00:07:00+00:00,-47.217659
2020-10-21 00:08:00+00:00,-47.942051
2020-10-21 00:09:00+00:00,-48.341278
2020-10-21 00:10:00+00:00,-48.815247
2020-10-21 00:11:00+00:00,-51.938004
2020-10-21 00:12:00+00:00,-58.351849
2020-10-21 00:13:00+00:00,-48.151672
2020-10-21 00:14:00+00:00,-47.765949
2020-10-21 00:15:00+00:00,-48.639072
2020-10-21 00:16:00+00:00,-50.008831
2020-10-21 00:17:00+00:00,-50.400627
2020-10-21 00:18:00+00:00,-50.112305
2020-10-21 00:19:00+00:00,-50.974934
2020-10-21 00:20:00+00:00,-52.139389
2020-10-21 00:21:00+00:00,-52.51997
2020-10-21 00:22:00+00:00,-52.025887
2020-10-21 00:23:00+00:00,-51.098297
2020-10-21 00:24:00+00:00,-52.037704
2020-10-21 00:25:00+00:00,-64.562202
2020-10-21 00:26:00+00:00,-73.399574
2020-10-21 00:27:00+00:00,-71.862274
2020-10-21 00:28:00+00:00,-61.42041
2020-10-21 00:29:00+00:00,-58.443817
2020-10-21 00:30:00+00:00,-59.40416
2020-10-21 00:31:00+00:00,-51.375954
2020-10-21 00:32:00+00:00,-51.369473
2020-10-21 00:33:00+00:00,-50.675484
2020-10-21 00:34:00+00:00,-57.210789
2020-10-21 00:35:00+00:00,-56.955975
2020-10-21 00:36:00+00:00,-55.103798
2020-10-21 00:37:00+00:00,-57.013847
2020-10-21 00:38:00+00:00,-56.08456
2020-10-21 00:39:00+00:00,-61.676281
2020-10-21 00:40:00+00:00,-67.874786
2020-10-21 00:41:00+00:00,-69.339272
2020-10-21 00:42:00+00:00,-75.654526
2020-10-21 00:43:00+00:00,-83.457001
2020-10-21 00:44:00+00:00,-85.54985
2020-10-21 00:45:00+00:00,-92.872528
2020-10-21 00:46:00+00:00,-92.770599
2020-10-21 00:47:00+00:00,-97.2537
2020-10-21 00:48:00+00:00,-95.599045
2020-10-21 00:49:00+00:00,-89.415878
2020-10-21 00:50:00+00:00,-77.660118
2020-10-21 00:51:00+00:00,-74.81321
2020-10-21 00:52:00+00:00,-75.322021
2020-10-21 00:53:00+00:00,-76.686546
2020-10-21 00:54:00+00:00,-81.476974
2020-10-21 00:55:00+00:00,-90.1092
2020-10-21 00:56:00+00:00,-91.038155
2020-10-21 00:57:00+00:00,-83.67778
2020-10-21 00:58:00+00:00,-74.677254
2020-10-21 00:59:00+00:00,-65.215309
2020-10-21 01:00:00+00:00,-67.869698
2020-10-21 01:01:00+00:00,-72.900841
2020-10-21 01:02:00+00:00,-78.608315
2020-10-21 01:03:00+00:00,-80.246445
2020-10-21 01:04:00+00:00,-82.150055
2020-10-21 01:05:00+00:00,-82.148697
2020-10-21 01:06:00+00:00,-86.512878
2020-10-21 01:07:00+00:00,-87.953781
2020-10-21 01:08:00+00:00,-88.727264
2020-10-21 01:09:00+00:00,-92.002022
2020-10-21 01:10:00+00:00,-93.996559
2020-10-21 01:11:00+00:00,-94.169632
2020-10-21 01:12:00+00:00,-105.54911
2020-10-21 01:13:00+00:00,-110.940613
2020-10-21 01:14:00+00:00,-108.850235
2020-10-21 01:15:00+00:00,-109.782593
2020-10-21 01:16:00+00:00,-101.291321
2020-10-21 01:17:00+00:00,-94.669273
2020-10-21 01:18:00+00:00,-106.103073
2020-10-21 01:19:00+00:00,-99.277107
2020-10-21 01:20:00+00:00,-102.135178
2020-10-21 01:21:00+00:00,-110.117279
2020-10-21 01:22:00+00:00,-94.050407
2020-10-21 01:23:00+00:00,-82.217346
2020-10-21 01:24:00+00:00,-63.157181
2020-10-21 01:25:00+00:00,-54.338654
2020-10-21 01:26:00+00:00,-53.81361
2020-10-21 01:27:00+00:00,-52.417023
2020-10-21 01:28:00+00:00,-52.201172
2020-10-21 01:29:00+00:00,-52.558319
2020-10-21 01:30:00+00:00,-54.392532
2020-10-21 01:31:00+00:00,-55.765148
2020-10-21 01:32:00+00:00,-57.186138
2020-10-21 01:33:00+00:00,-58.067741
2020-10-21 01:34:00+00:00,-57.350513
2020-10-21 01:35:00+00:00,-62.427162
2020-10-21 01:36:00+00:00,-72.14344
2020-10-21 01:37:00+00:00,-69.288628
2020-10-21 01:38:00+00:00,-76.541565
2020-10-21 01:39:00+00:00,-95.150047
2020-10-21 01:40:00+00:00,-116.941948
2020-10-21 01:41:00+00:00,-112.960968
2020-10-21 01:42:00+00:00,-147.967987
2020-10-21 01:43:00+00:00,-213.046219
2020-10-21 01:44:00+00:00,-228.46431
2020-10-21 01:45:00+00:00,-237.604248
2020-10-21 01:46:00+00:00,-240.441803
2020-10-21 01:47:00+00:00,-263.783752
2020-10-21 01:48:00+00:00,-271.562897
2020-10-21 01:49:00+00:00,-245.250031
2020-10-21 01:50:00+00:00,-244.488907
2020-10-21 01:51:00+00:00,-225.261292
2020-10-21 01:52:00+00:00,-233.309204
2020-10-21 01:53:00+00:00,-263.932251
2020-10-21 01:54:00+00:00,-273.659393
2020-10-21 01:55:00+00:00,-448.169891
2020-10-21 01:56:00+00:00,-404.42691
2020-10-21 01:57:00+00:00,-343.961792
2020-10-21 01:58:00+00:00,-299.314697
2020-10-21 01:59:00+00:00,-308.746826
2020-10-21 02:00:00+00:00,-327.815216
2020-10-21 02:01:00+00:00,-315.167084
2020-10-21 02:02:00+00:00,-319.382446
2020-10-21 02:03:00+00:00,-346.89682
2020-10-21 02:04:00+00:00,-319.779907
2020-10-21 02:05:00+00:00,-365.313568
2020-10-21 02:06:00+00:00,-393.01001
2020-10-21 02:07:00+00:00,-364.506012
2020-10-21 02:08:00+00:00,-340.855621
2020-10-21 02:09:00+00:00,-273.79718
2020-10-21 02:10:00+00:00,-240.886642
2020-10-21 02:11:00+00:00,-306.686005
2020-10-21 02:12:00+00:00,-431.043243
2020-10-21 02:13:00+00:00,-390.651276
2020-10-21 02:14:00+00:00,-356.769836
2020-10-21 02:15:00+00:00,-337.758606
2020-10-21 02:16:00+00:00,-317.347626
2020-10-21 02:17:00+00:00,-302.324097
2020-10-21 02:18:00+00:00,-292.163727
2020-10-21 02:19:00+00:00,-279.497467
2020-10-21 02:20:00+00:00,-285.694489
2020-10-21 02:21:00+00:00,-272.288696
2020-10-21 02:22:00+00:00,-269.672821
2020-10-21 02:23:00+00:00,-282.19696
2020-10-21 02:24:00+00:00,-282.57019
2020-10-21 02:25:00+00:00,-283.424469
2020-10-21 02:26:00+00:00,-285.750153
2020-10-21 02:27:00+00:00,-284.1987
2020-10-21 02:28:00+00:00,-291.82486
2020-10-21 02:29:00+00:00,-299.486267
2020-10-21 02:30:00+00:00,-297.566772
2020-10-21 02:31:00+00:00,-295.504547
2020-10-21 02:32:00+00:00,-307.15094
2020-10-21 02:33:00+00:00,-314.654327
2020-10-21 02:34:00+00:00,-318.607422
2020-10-21 02:35:00+00:00,-321.429108
2020-10-21 02:36:00+00:00,-328.667816
2020-10-21 02:37:00+00:00,-316.744232
2020-10-21 02:38:00+00:00,-321.462555
2020-10-21 02:39:00+00:00,-322.48584
2020-10-21 02:40:00+00:00,-320.249542
2020-10-21 02:41:00+00:00,-318.018341
2020-10-21 02:42:00+00:00,-309.340942
2020-10-21 02:43:00+00:00,-306.202728
2020-10-21 02:44:00+00:00,-304.909302
2020-10-21 02:45:00+00:00,-300.964447
2020-10-21 02:46:00+00:00,-307.054718
2020-10-21 02:47:00+00:00,-301.02475
2020-10-28 00:00:00+00:00,-66.418556
2020-10-28 00:01:00+00:00,-54.612656
2020-10-28 00:02:00+00:00,-41.837311
2020-10-28 00:03:00+00:00,-41.107143
2020-10-28 00:04:00+00:00,-31.301971
2020-10-28 00:05:00+00:00,-28.575945
2020-10-28 00:06:00+00:00,-23.32056
2020-10-28 00:07:00+00:00,-21.465858
2020-10-28 00:08:00+00:00,-26.629467
2020-10-28 00:09:00+00:00,-30.367035
2020-10-28 00:10:00+00:00,-33.059471
2020-10-28 00:11:00+00:00,-33.663498
2020-10-28 00:12:00+00:00,-30.267014
2020-10-28 00:13:00+00:00,-26.141033
2020-10-28 00:14:00+00:00,-31.857344
2020-10-28 00:15:00+00:00,-34.909214
2020-10-28 00:16:00+00:00,-40.472824
2020-10-28 00:17:00+00:00,-41.811989
2020-10-28 00:18:00+00:00,-38.565315
2020-10-28 00:19:00+00:00,-45.525635
2020-10-28 00:20:00+00:00,-49.700432
2020-10-28 00:21:00+00:00,-43.05233
2020-10-28 00:22:00+00:00,-43.610294
2020-10-28 00:23:00+00:00,-37.719437
2020-10-28 00:24:00+00:00,-39.35717
2020-10-28 00:25:00+00:00,-48.580078
2020-10-28 00:26:00+00:00,-28.947674
2020-10-28 00:27:00+00:00,-32.361267
2020-10-28 00:28:00+00:00,-34.229351
2020-10-28 00:29:00+00:00,-68.946426
2020-10-28 00:30:00+00:00,-91.750061
2020-10-28 00:31:00+00:00,-54.103626
2020-10-28 00:32:00+00:00,-53.131035
2020-10-28 00:33:00+00:00,-58.630875
2020-10-28 00:34:00+00:00,-58.847187
2020-10-28 00:35:00+00:00,-48.787773
2020-10-28 00:36:00+00:00,-45.481014
2020-10-28 00:37:00+00:00,-57.770496
2020-10-28 00:38:00+00:00,-71.58989
2020-10-28 00:39:00+00:00,-72.150116
2020-10-28 00:40:00+00:00,-63.578117
2020-10-28 00:41:00+00:00,-57.271355
2020-10-28 00:42:00+00:00,-49.677074
2020-10-28 00:43:00+00:00,-50.485699
2020-10-28 00:44:00+00:00,-56.787052
2020-10-28 00:45:00+00:00,-61.339924
2020-10-28 00:46:00+00:00,-57.454853
2020-10-28 00:47:00+00:00,-56.33886
2020-10-28 00:48:00+00:00,-53.471428
2020-10-28 00:49:00+00:00,-57.431644
2020-10-28 00:50:00+00:00,-72.157982
2020-10-28 00:51:00+00:00,-76.811447
2020-10-28 00:52:00+00:00,-78.128571
2020-10-28 00:53:00+00:00,-71.671738
2020-10-28 00:54:00+00:00,-52.686069
2020-10-28 00:55:00+00:00,-48.75193
2020-10-28 00:56:00+00:00,-56.278286
2020-10-28 00:57:00+00:00,-58.526466
2020-10-28 00:58:00+00:00,-54.555946
2020-10-28 00:59:00+00:00,-46.224937
2020-10-28 01:00:00+00:00,-38.774582
2020-10-28 01:01:00+00:00,-30.283909
2020-10-28 01:02:00+00:00,-30.042305
2020-10-28 01:03:00+00:00,-33.508892
2020-10-28 01:04:00+00:00,-37.18549
2020-10-28 01:05:00+00:00,-43.765488
2020-10-28 01:06:00+00:00,-42.279716
2020-10-28 01:07:00+00:00,-33.386292
2020-10-28 01:08:00+00:00,-30.25279
2020-10-28 01:09:00+00:00,-29.809906
2020-10-28 01:10:00+00:00,-25.891647
2020-10-28 01:11:00+00:00,-26.361292
2020-10-28 01:12:00+00:00,-30.215225
2020-10-28 01:13:00+00:00,-31.50345
2020-10-28 01:14:00+00:00,-30.361628
2020-10-28 01:15:00+00:00,-27.332819
2020-10-28 01:16:00+00:00,-26.560266
2020-10-28 01:17:00+00:00,-29.214544
2020-10-28 01:18:00+00:00,-35.250111
2020-10-28 01:19:00+00:00,-31.469725
2020-10-28 01:20:00+00:00,-33.089771
2020-10-28 01:21:00+00:00,-36.398907
2020-10-28 01:22:00+00:00,-39.540134
2020-10-28 01:23:00+00:00,-41.997723
2020-10-28 01:24:00+00:00,-44.11731
2020-10-28 01:25:00+00:00,-46.991058
2020-10-28 01:26:00+00:00,-49.433975
2020-10-28 01:27:00+00:00,-52.573288
2020-10-28 01:28:00+00:00,-52.540028
2020-10-28 01:29:00+00:00,-51.581741
2020-10-28 01:30:00+00:00,-48.359238
2020-10-28 01:31:00+00:00,-44.407169
2020-10-28 01:32:00+00:00,-37.800152
2020-10-28 01:33:00+00:00,-34.168915
2020-10-28 01:34:00+00:00,-26.507366
2020-10-28 01:35:00+00:00,-26.813435
2020-10-28 01:36:00+00:00,-26.060982
2020-10-28 01:37:00+00:00,-26.296364
2020-10-28 01:38:00+00:00,-26.333794
2020-10-28 01:39:00+00:00,-35.716942
2020-10-28 01:40:00+00:00,-55.943932
2020-10-28 01:41:00+00:00,-47.811848
2020-10-28 01:42:00+00:00,-39.489502
2020-10-28 01:43:00+00:00,-42.735626
2020-10-28 01:44:00+00:00,-50.007195
2020-10-28 01:45:00+00:00,-42.22665
2020-10-28 01:46:00+00:00,-37.128101
2020-10-28 01:47:00+00:00,-47.755444
2020-10-28 01:48:00+00:00,-59.786842
2020-10-28 01:49:00+00:00,-66.728798
2020-10-28 01:50:00+00:00,-76.092064
2020-10-28 01:51:00+00:00,-93.423897
2020-10-28 01:52:00+00:00,-187.34082
2020-10-28 01:53:00+00:00,-312.777191
2020-10-28 01:54:00+00:00,-207.135635
2020-10-28 01:55:00+00:00,-151.313568
2020-10-28 01:56:00+00:00,-137.76767
2020-10-28 01:57:00+00:00,-135.296448
2020-10-28 01:58:00+00:00,-133.356476
2020-10-28 01:59:00+00:00,-123.753387
2020-10-28 02:00:00+00:00,-117.055626
2020-10-28 02:01:00+00:00,-112.551392
2020-10-28 02:02:00+00:00,-188.855316
2020-10-28 02:03:00+00:00,-207.499985
2020-10-28 02:04:00+00:00,-104.64859
2020-10-28 02:05:00+00:00,-104.736977
2020-10-28 02:06:00+00:00,-91.63945
2020-10-28 02:07:00+00:00,-98.552292
2020-10-28 02:08:00+00:00,-254.523926
2020-10-28 02:09:00+00:00,-270.73349
2020-10-28 02:10:00+00:00,-265.670837
2020-10-28 02:11:00+00:00,-170.506912
2020-10-28 02:12:00+00:00,-190.024765
2020-10-28 02:13:00+00:00,-239.524368
2020-10-28 02:14:00+00:00,-256.210266
2020-10-28 02:15:00+00:00,-291.202637
2020-10-28 02:16:00+00:00,-306.687103
2020-10-28 02:17:00+00:00,-299.851135
2020-10-28 02:18:00+00:00,-219.532654
2020-10-28 02:19:00+00:00,-160.273468
2020-10-28 02:20:00+00:00,-152.627838
2020-10-28 02:21:00+00:00,-141.290314
2020-10-28 02:22:00+00:00,-132.289871
2020-10-28 02:23:00+00:00,-128.811462
2020-10-28 02:24:00+00:00,-117.573975
2020-10-28 02:25:00+00:00,-110.234764
2020-10-28 02:26:00+00:00,-103.722702
2020-10-28 02:27:00+00:00,-168.714172
2020-10-28 02:28:00+00:00,-187.059982
2020-10-28 02:29:00+00:00,-209.674835
2020-10-28 02:30:00+00:00,-259.786896
2020-10-28 02:31:00+00:00,-174.65802
2020-10-28 02:32:00+00:00,-118.466248
2020-10-28 02:33:00+00:00,-85.969536
2020-10-28 02:34:00+00:00,-80.624313
2020-10-28 02:35:00+00:00,-79.053276
2020-10-28 02:36:00+00:00,-74.85144
2020-10-28 02:37:00+00:00,-71.134453
2020-10-28 02:38:00+00:00,-69.161186
2020-10-28 02:39:00+00:00,-71.601021
2020-10-28 02:40:00+00:00,-75.469955
2020-10-28 02:41:00+00:00,-77.310875
2020-10-28 02:42:00+00:00,-84.330017
2020-10-28 02:43:00+00:00,-165.742249
2020-10-28 02:44:00+00:00,-188.994232
2020-10-28 02:45:00+00:00,-212.037445
2020-10-28 02:46:00+00:00,-226.714767
2020-10-28 02:47:00+00:00,-235.998962
2020-11-04 00:00:00+00:00,-70.815582
2020-11-04 00:01:00+00:00,-70.500381
2020-11-04 00:02:00+00:00,-71.086357
2020-11-04 00:03:00+00:00,-71.398224
2020-11-04 00:04:00+00:00,-69.716743
2020-11-04 00:05:00+00:00,-68.391548
2020-11-04 00:06:00+00:00,-65.977615
2020-11-04 00:07:00+00:00,-66.164795
2020-11-04 00:08:00+00:00,-66.022232
2020-11-04 00:09:00+00:00,-65.380005
2020-11-04 00:10:00+00:00,-64.511559
2020-11-04 00:11:00+00:00,-64.833885
2020-11-04 00:12:00+00:00,-64.119469
2020-11-04 00:13:00+00:00,-62.728043
2020-11-04 00:14:00+00:00,-61.55537
2020-11-04 00:15:00+00:00,-60.694103
2020-11-04 00:16:00+00:00,-60.454792
2020-11-04 00:17:00+00:00,-59.046432
2020-11-04 00:18:00+00:00,-58.219509
2020-11-04 00:19:00+00:00,-58.648354
2020-11-04 00:20:00+00:00,-58.1064
2020-11-04 00:21:00+00:00,-57.977909
2020-11-04 00:22:00+00:00,-59.069103
2020-11-04 00:23:00+00:00,-58.753479
2020-11-04 00:24:00+00:00,-58.123337
2020-11-04 00:25:00+00:00,-57.67379
2020-11-04 00:26:00+00:00,-57.642151
2020-11-04 00:27:00+00:00,-58.934189
2020-11-04 00:28:00+00:00,-59.173019
2020-11-04 00:29:00+00:00,-60.491837
2020-11-04 00:30:00+00:00,-60.767155
2020-11-04 00:31:00+00:00,-60.328064
2020-11-04 00:32:00+00:00,-60.739037
2020-11-04 00:33:00+00:00,-61.884743
2020-11-04 00:34:00+00:00,-67.036774
2020-11-04 00:35:00+00:00,-65.142365
2020-11-04 00:36:00+00:00,-83.98748
2020-11-04 00:37:00+00:00,-75.082191
2020-11-04 00:38:00+00:00,-68.887253
2020-11-04 00:39:00+00:00,-64.343719
2020-11-04 00:40:00+00:00,-69.286293
2020-11-04 00:41:00+00:00,-83.288734
2020-11-04 00:42:00+00:00,-103.686905
2020-11-04 00:43:00+00:00,-127.755638
2020-11-04 00:44:00+00:00,-131.926697
2020-11-04 00:45:00+00:00,-120.899704
2020-11-04 00:46:00+00:00,-111.103127
2020-11-04 00:47:00+00:00,-111.860397
2020-11-04 00:48:00+00:00,-117.909225
2020-11-04 00:49:00+00:00,-128.38353
2020-11-04 00:50:00+00:00,-141.995575
2020-11-04 00:51:00+00:00,-128.25032
2020-11-04 00:52:00+00:00,-126.75592
2020-11-04 00:53:00+00:00,-129.131775
2020-11-04 00:54:00+00:00,-121.750992
2020-11-04 00:55:00+00:00,-116.576431
2020-11-04 00:56:00+00:00,-111.429375
2020-11-04 00:57:00+00:00,-103.854729
2020-11-04 00:58:00+00:00,-106.92868
2020-11-04 00:59:00+00:00,-102.727341
2020-11-04 01:00:00+00:00,-99.572006
2020-11-04 01:01:00+00:00,-100.941368
2020-11-04 01:02:00+00:00,-103.052361
2020-11-04 01:03:00+00:00,-106.541397
2020-11-04 01:04:00+00:00,-96.797012
2020-11-04 01:05:00+00:00,-95.968704
2020-11-04 01:06:00+00:00,-84.21212
2020-11-04 01:07:00+00:00,-72.234085
2020-11-04 01:08:00+00:00,-66.485573
2020-11-04 01:09:00+00:00,-61.831482
2020-11-04 01:10:00+00:00,-61.680855
2020-11-04 01:11:00+00:00,-61.519375
2020-11-04 01:12:00+00:00,-60.338737
2020-11-04 01:13:00+00:00,-59.695194
2020-11-04 01:14:00+00:00,-59.595863
2020-11-04 01:15:00+00:00,-59.481754
2020-11-04 01:16:00+00:00,-59.505688
2020-11-04 01:17:00+00:00,-59.222351
2020-11-04 01:18:00+00:00,-58.104385
2020-11-04 01:19:00+00:00,-57.90863
2020-11-04 01:20:00+00:00,-57.766418
2020-11-04 01:21:00+00:00,-56.794144
2020-11-04 01:22:00+00:00,-57.314686
2020-11-04 01:23:00+00:00,-58.058186
2020-11-04 01:24:00+00:00,-58.231674
2020-11-04 01:25:00+00:00,-57.206242
2020-11-04 01:26:00+00:00,-56.67865
2020-11-04 01:27:00+00:00,-56.622532
2020-11-04 01:28:00+00:00,-56.772499
2020-11-04 01:29:00+00:00,-57.371719
2020-11-04 01:30:00+00:00,-57.486828
2020-11-04 01:31:00+00:00,-57.592556
2020-11-04 01:32:00+00:00,-57.50639
2020-11-04 01:33:00+00:00,-57.396282
2020-11-04 01:34:00+00:00,-57.520023
2020-11-04 01:35:00+00:00,-57.609528
2020-11-04 01:36:00+00:00,-57.04744
2020-11-04 01:37:00+00:00,-56.877995
2020-11-04 01:38:00+00:00,-57.056095
2020-11-04 01:39:00+00:00,-56.756035
2020-11-04 01:40:00+00:00,-56.620377
2020-11-04 01:41:00+00:00,-57.044117
2020-11-04 01:42:00+00:00,-57.235733
2020-11-04 01:43:00+00:00,-57.647278
2020-11-04 01:44:00+00:00,-57.333584
2020-11-04 01:45:00+00:00,-57.147087
2020-11-04 01:46:00+00:00,-57.783569
2020-11-04 01:47:00+00:00,-58.676113
2020-11-04 01:48:00+00:00,-58.818844
2020-11-04 01:49:00+00:00,-58.416817
2020-11-04 01:50:00+00:00,-58.103809
2020-11-04 01:51:00+00:00,-59.047237
2020-11-04 01:52:00+00:00,-59.567963
2020-11-04 01:53:00+00:00,-60.201576
2020-11-04 01:54:00+00:00,-59.699028
2020-11-04 01:55:00+00:00,-59.268311
2020-11-04 01:56:00+00:00,-59.062725
2020-11-04 01:57:00+00:00,-59.058815
2020-11-04 01:58:00+00:00,-57.403992
2020-11-04 01:59:00+00:00,-56.863434
2020-11-04 02:00:00+00:00,-57.091389
2020-11-04 02:01:00+00:00,-57.160759
2020-11-04 02:02:00+00:00,-57.227444
2020-11-04 02:03:00+00:00,-57.898365
2020-11-04 02:04:00+00:00,-58.010914
2020-11-04 02:05:00+00:00,-58.158821
2020-11-04 02:06:00+00:00,-58.15361
2020-11-04 02:07:00+00:00,-59.150528
2020-11-04 02:08:00+00:00,-58.975739
2020-11-04 02:09:00+00:00,-59.293293
2020-11-04 02:10:00+00:00,-59.32095
2020-11-04 02:11:00+00:00,-59.508892
2020-11-04 02:12:00+00:00,-59.671558
2020-11-04 02:13:00+00:00,-58.20155
2020-11-04 02:14:00+00:00,-57.675938
2020-11-04 02:15:00+00:00,-57.346203
2020-11-04 02:16:00+00:00,-57.348564
2020-11-04 02:17:00+00:00,-57.236717
2020-11-04 02:18:00+00:00,-57.352451
2020-11-04 02:19:00+00:00,-57.37397
2020-11-04 02:20:00+00:00,-57.658199
2020-11-04 02:21:00+00:00,-58.149017
2020-11-04 02:22:00+00:00,-58.314095
2020-11-04 02:23:00+00:00,-58.156391
2020-11-04 02:24:00+00:00,-58.040646
2020-11-04 02:25:00+00:00,-58.120159
2020-11-04 02:26:00+00:00,-58.023338
2020-11-04 02:27:00+00:00,-57.986012
2020-11-04 02:28:00+00:00,-57.588768
2020-11-04 02:29:00+00:00,-58.013649
2020-11-04 02:30:00+00:00,-58.713806
2020-11-04 02:31:00+00:00,-58.929581
2020-11-04 02:32:00+00:00,-59.558041
2020-11-04 02:33:00+00:00,-59.72662
2020-11-04 02:34:00+00:00,-59.545654
2020-11-04 02:35:00+00:00,-59.359379
2020-11-04 02:36:00+00:00,-58.847019
2020-11-04 02:37:00+00:00,-58.604195
2020-11-04 02:38:00+00:00,-58.923897
2020-11-04 02:39:00+00:00,-58.968227
2020-11-04 02:40:00+00:00,-58.816284
2020-11-04 02:41:00+00:00,-58.31131
2020-11-04 02:42:00+00:00,-57.709648
2020-11-04 02:43:00+00:00,-57.780369
2020-11-04 02:44:00+00:00,-57.409618
2020-11-04 02:45:00+00:00,-57.481697
2020-11-04 02:46:00+00:00,-58.189472
2020-11-04 02:47:00+00:00,-57.664276
2020-11-11 00:00:00+00:00,-20.499228
2020-11-11 00:01:00+00:00,-20.630352
2020-11-11 00:02:00+00:00,-19.764393
2020-11-11 00:03:00+00:00,-18.840797
2020-11-11 00:04:00+00:00,-19.502142
2020-11-11 00:05:00+00:00,-18.979601
2020-11-11 00:06:00+00:00,-19.300505
2020-11-11 00:07:00+00:00,-20.182455
2020-11-11 00:08:00+00:00,-20.772373
2020-11-11 00:09:00+00:00,-19.671816
2020-11-11 00:10:00+00:00,-20.58
2020-11-11 00:11:00+00:00,-20.328951
2020-11-11 00:12:00+00:00,-19.94796
2020-11-11 00:13:00+00:00,-19.451839
2020-11-11 00:14:00+00:00,-19.505289
2020-11-11 00:15:00+00:00,-20.056715
2020-11-11 00:16:00+00:00,-18.838533
2020-11-11 00:17:00+00:00,-18.726717
2020-11-11 00:18:00+00:00,-19.496655
2020-11-11 00:19:00+00:00,-20.301659
2020-11-11 00:20:00+00:00,-19.269804
2020-11-11 00:21:00+00:00,-19.366608
2020-11-11 00:22:00+00:00,-20.195732
2020-11-11 00:23:00+00:00,-19.568695
2020-11-11 00:24:00+00:00,-19.439594
2020-11-11 00:25:00+00:00,-20.643387
2020-11-11 00:26:00+00:00,-20.514053
2020-11-11 00:27:00+00:00,-20.442213
2020-11-11 00:28:00+00:00,-19.724859
2020-11-11 00:29:00+00:00,-19.331467
2020-11-11 00:30:00+00:00,-19.600046
2020-11-11 00:31:00+00:00,-19.594086
2020-11-11 00:32:00+00:00,-19.4884
2020-11-11 00:33:00+00:00,-18.884556
2020-11-11 00:34:00+00:00,-21.611654
2020-11-11 00:35:00+00:00,-19.987179
2020-11-11 00:36:00+00:00,-20.36738
2020-11-11 00:37:00+00:00,-19.907633
2020-11-11 00:38:00+00:00,-19.336454
2020-11-11 00:39:00+00:00,-18.605993
2020-11-11 00:40:00+00:00,-19.674263
2020-11-11 00:41:00+00:00,-18.307865
2020-11-11 00:42:00+00:00,-21.366179
2020-11-11 00:43:00+00:00,-21.650057
2020-11-11 00:44:00+00:00,-19.840994
2020-11-11 00:45:00+00:00,-21.525005
2020-11-11 00:46:00+00:00,-20.088814
2020-11-11 00:47:00+00:00,-19.825388
2020-11-11 00:48:00+00:00,-19.232777
2020-11-11 00:49:00+00:00,-20.339304
2020-11-11 00:50:00+00:00,-20.956551
2020-11-11 00:51:00+00:00,-21.251394
2020-11-11 00:52:00+00:00,-20.363546
2020-11-11 00:53:00+00:00,-20.321327
2020-11-11 00:54:00+00:00,-20.363022
2020-11-11 00:55:00+00:00,-19.813826
2020-11-11 00:56:00+00:00,-19.189365
2020-11-11 00:57:00+00:00,-19.703514
2020-11-11 00:58:00+00:00,-20.155136
2020-11-11 00:59:00+00:00,-19.596891
2020-11-11 01:00:00+00:00,-20.582531
2020-11-11 01:01:00+00:00,-21.196033
2020-11-11 01:02:00+00:00,-20.652231
2020-11-11 01:03:00+00:00,-20.839798
2020-11-11 01:04:00+00:00,-20.187443
2020-11-11 01:05:00+00:00,-19.911991
2020-11-11 01:06:00+00:00,-19.352253
2020-11-11 01:07:00+00:00,-19.956503
2020-11-11 01:08:00+00:00,-20.338017
2020-11-11 01:09:00+00:00,-20.637423
2020-11-11 01:10:00+00:00,-20.558823
2020-11-11 01:11:00+00:00,-20.52409
2020-11-11 01:12:00+00:00,-20.124044
2020-11-11 01:13:00+00:00,-19.943655
2020-11-11 01:14:00+00:00,-21.148922
2020-11-11 01:15:00+00:00,-20.613876
2020-11-11 01:16:00+00:00,-20.431292
2020-11-11 01:17:00+00:00,-20.252535
2020-11-11 01:18:00+00:00,-20.199677
2020-11-11 01:19:00+00:00,-19.599865
2020-11-11 01:20:00+00:00,-19.364225
2020-11-11 01:21:00+00:00,-19.843357
2020-11-11 01:22:00+00:00,-19.855614
2020-11-11 01:23:00+00:00,-19.818964
2020-11-11 01:24:00+00:00,-21.300789
2020-11-11 01:25:00+00:00,-21.407537
2020-11-11 01:26:00+00:00,-20.752487
2020-11-11 01:27:00+00:00,-19.981148
2020-11-11 01:28:00+00:00,-18.906967
2020-11-11 01:29:00+00:00,-19.785858
2020-11-11 01:30:00+00:00,-19.191036
2020-11-11 01:31:00+00:00,-19.623472
2020-11-11 01:32:00+00:00,-20.158352
2020-11-11 01:33:00+00:00,-21.522242
2020-11-11 01:34:00+00:00,-20.367483
2020-11-11 01:35:00+00:00,-20.662788
2020-11-11 01:36:00+00:00,-20.392618
2020-11-11 01:37:00+00:00,-20.461229
2020-11-11 01:38:00+00:00,-20.552219
2020-11-11 01:39:00+00:00,-21.967346
2020-11-11 01:40:00+00:00,-21.668524
2020-11-11 01:41:00+00:00,-20.369625
2020-11-11 01:42:00+00:00,-20.718111
2020-11-11 01:43:00+00:00,-19.285206
2020-11-11 01:44:00+00:00,-19.196043
2020-11-11 01:45:00+00:00,-19.783564
2020-11-11 01:46:00+00:00,-19.81633
2020-11-11 01:47:00+00:00,-20.894926
2020-11-11 01:48:00+00:00,-20.615059
2020-11-11 01:49:00+00:00,-19.484543
2020-11-11 01:50:00+00:00,-19.057985
2020-11-11 01:51:00+00:00,-19.111914
2020-11-11 01:52:00+00:00,-20.033949
2020-11-11 01:53:00+00:00,-20.748894
2020-11-11 01:54:00+00:00,-21.25773
2020-11-11 01:55:00+00:00,-21.274326
2020-11-11 01:56:00+00:00,-21.069191
2020-11-11 01:57:00+00:00,-20.634516
2020-11-11 01:58:00+00:00,-20.594231
2020-11-11 01:59:00+00:00,-20.407505
2020-11-11 02:00:00+00:00,-19.952181
2020-11-11 02:01:00+00:00,-19.508518
2020-11-11 02:02:00+00:00,-20.243494
2020-11-11 02:03:00+00:00,-20.828011
2020-11-11 02:04:00+00:00,-20.190777
2020-11-11 02:05:00+00:00,-20.091459
2020-11-11 02:06:00+00:00,-20.494131
2020-11-11 02:07:00+00:00,-20.61451
2020-11-11 02:08:00+00:00,-19.867638
2020-11-11 02:09:00+00:00,-20.318945
2020-11-11 02:10:00+00:00,-20.099293
2020-11-11 02:11:00+00:00,-20.571962
2020-11-11 02:12:00+00:00,-19.989887
2020-11-11 02:13:00+00:00,-19.937906
2020-11-11 02:14:00+00:00,-20.19751
2020-11-11 02:15:00+00:00,-20.079128
2020-11-11 02:16:00+00:00,-19.795654
2020-11-11 02:17:00+00:00,-19.678141
2020-11-11 02:18:00+00:00,-19.518585
2020-11-11 02:19:00+00:00,-19.646086
2020-11-11 02:20:00+00:00,-20.119112
2020-11-11 02:21:00+00:00,-20.146904
2020-11-11 02:22:00+00:00,-19.452971
2020-11-11 02:23:00+00:00,-19.915239
2020-11-11 02:24:00+00:00,-18.310081
2020-11-11 02:25:00+00:00,-19.096481
2020-11-11 02:26:00+00:00,-19.224634
2020-11-11 02:27:00+00:00,-19.220911
2020-11-11 02:28:00+00:00,-19.251186
2020-11-11 02:29:00+00:00,-19.362617
2020-11-11 02:30:00+00:00,-19.32069
2020-11-11 02:31:00+00:00,-19.259165
2020-11-11 02:32:00+00:00,-18.909464
2020-11-11 02:33:00+00:00,-19.046009
2020-11-11 02:34:00+00:00,-19.137552
2020-11-11 02:35:00+00:00,-18.389997
2020-11-11 02:36:00+00:00,-19.018501
2020-11-11 02:37:00+00:00,-18.963345
2020-11-11 02:38:00+00:00,-18.674728
2020-11-11 02:39:00+00:00,-18.735664
2020-11-11 02:40:00+00:00,-18.531897
2020-11-11 02:41:00+00:00,-18.733356
2020-11-11 02:42:00+00:00,-18.699421
2020-11-11 02:43:00+00:00,-18.681879
2020-11-11 02:44:00+00:00,-18.81193
2020-11-11 02:45:00+00:00,-19.083551
2020-11-11 02:46:00+00:00,-18.687178
2020-11-11 02:47:00+00:00,-18.210705
2020-11-18 00:00:00+00:00,-171.718689
2020-11-18 00:01:00+00:00,-163.06781
2020-11-18 00:02:00+00:00,-170.675491
2020-11-18 00:03:00+00:00,-182.623444
2020-11-18 00:04:00+00:00,-185.85994
2020-11-18 00:05:00+00:00,-185.997818
2020-11-18 00:06:00+00:00,-181.604401
2020-11-18 00:07:00+00:00,-197.500549
2020-11-18 00:08:00+00:00,-193.767349
2020-11-18 00:09:00+00:00,-174.215149
2020-11-18 00:10:00+00:00,-178.212723
2020-11-18 00:11:00+00:00,-175.930405
2020-11-18 00:12:00+00:00,-175.01001
2020-11-18 00:13:00+00:00,-189.700775
2020-11-18 00:14:00+00:00,-194.898102
2020-11-18 00:15:00+00:00,-183.224594
2020-11-18 00:16:00+00:00,-179.819916
2020-11-18 00:17:00+00:00,-186.785675
2020-11-18 00:18:00+00:00,-192.823074
2020-11-18 00:19:00+00:00,-195.345215
2020-11-18 00:20:00+00:00,-182.086365
2020-11-18 00:21:00+00:00,-206.79451
2020-11-18 00:22:00+00:00,-186.123215
2020-11-18 00:23:00+00:00,-247.61322
2020-11-18 00:24:00+00:00,-284.71994
2020-11-18 00:25:00+00:00,-237.748901
2020-11-18 00:26:00+00:00,-202.079376
2020-11-18 00:27:00+00:00,-189.722183
2020-11-18 00:28:00+00:00,-209.393112
2020-11-18 00:29:00+00:00,-190.170517
2020-11-18 00:30:00+00:00,-168.903961
2020-11-18 00:31:00+00:00,-180.313004
2020-11-18 00:32:00+00:00,-198.358658
2020-11-18 00:33:00+00:00,-214.945328
2020-11-18 00:34:00+00:00,-200.908371
2020-11-18 00:35:00+00:00,-184.21373
2020-11-18 00:36:00+00:00,-190.936554
2020-11-18 00:37:00+00:00,-191.87796
2020-11-18 00:38:00+00:00,-199.803558
2020-11-18 00:39:00+00:00,-201.74556
2020-11-18 00:40:00+00:00,-200.159058
2020-11-18 00:41:00+00:00,-199.941467
2020-11-18 00:42:00+00:00,-201.632858
2020-11-18 00:43:00+00:00,-200.844925
2020-11-18 00:44:00+00:00,-188.489975
2020-11-18 00:45:00+00:00,-185.369141
2020-11-18 00:46:00+00:00,-188.146484
2020-11-18 00:47:00+00:00,-178.25853
2020-11-18 00:48:00+00:00,-179.00116
2020-11-18 00:49:00+00:00,-172.313828
2020-11-18 00:50:00+00:00,-160.216583
2020-11-18 00:51:00+00:00,-158.321625
2020-11-18 00:52:00+00:00,-151.84433
2020-11-18 00:53:00+00:00,-154.657715
2020-11-18 00:54:00+00:00,-153.704178
2020-11-18 00:55:00+00:00,-151.328415
2020-11-18 00:56:00+00:00,-149.243317
2020-11-18 00:57:00+00:00,-159.799454
2020-11-18 00:58:00+00:00,-153.722137
2020-11-18 00:59:00+00:00,-145.903519
2020-11-18 01:00:00+00:00,-149.690948
2020-11-18 01:01:00+00:00,-152.21637
2020-11-18 01:02:00+00:00,-146.991547
2020-11-18 01:03:00+00:00,-135.764526
2020-11-18 01:04:00+00:00,-118.059731
2020-11-18 01:05:00+00:00,-106.963829
2020-11-18 01:06:00+00:00,-102.80513
2020-11-18 01:07:00+00:00,-98.027779
2020-11-18 01:08:00+00:00,-92.960876
2020-11-18 01:09:00+00:00,-91.909111
2020-11-18 01:10:00+00:00,-89.985771
2020-11-18 01:11:00+00:00,-88.904625
2020-11-18 01:12:00+00:00,-93.045227
2020-11-18 01:13:00+00:00,-86.209946
2020-11-18 01:14:00+00:00,-81.345604
2020-11-18 01:15:00+00:00,-76.07708
2020-11-18 01:16:00+00:00,-72.941483
2020-11-18 01:17:00+00:00,-72.775681
2020-11-18 01:18:00+00:00,-65.121605
2020-11-18 01:19:00+00:00,-62.819042
2020-11-18 01:20:00+00:00,-72.388649
2020-11-18 01:21:00+00:00,-69.111412
2020-11-18 01:22:00+00:00,-62.289101
2020-11-18 01:23:00+00:00,-57.479694
2020-11-18 01:24:00+00:00,-54.092781
2020-11-18 01:25:00+00:00,-61.740791
2020-11-18 01:26:00+00:00,-56.605122
2020-11-18 01:27:00+00:00,-57.810429
2020-11-18 01:28:00+00:00,-65.657982
2020-11-18 01:29:00+00:00,-68.203423
2020-11-18 01:30:00+00:00,-57.098591
2020-11-18 01:31:00+00:00,-51.988571
2020-11-18 01:32:00+00:00,-64.567566
2020-11-18 01:33:00+00:00,-74.301628
2020-11-18 01:34:00+00:00,-53.425709
2020-11-18 01:35:00+00:00,-54.305531
2020-11-18 01:36:00+00:00,-49.708618
2020-11-18 01:37:00+00:00,-64.010719
2020-11-18 01:38:00+00:00,-68.458771
2020-11-18 01:39:00+00:00,-52.497868
2020-11-18 01:40:00+00:00,-48.378963
2020-11-18 01:41:00+00:00,-45.045395
2020-11-18 01:42:00+00:00,-43.08308
2020-11-18 01:43:00+00:00,-31.082869
2020-11-18 01:44:00+00:00,-29.105034
2020-11-18 01:45:00+00:00,-28.31727
2020-11-18 01:46:00+00:00,-27.726978
2020-11-18 01:47:00+00:00,-28.947226
2020-11-18 01:48:00+00:00,-29.962315
2020-11-18 01:49:00+00:00,-51.423237
2020-11-18 01:50:00+00:00,-63.852409
2020-11-18 01:51:00+00:00,-54.277306
2020-11-18 01:52:00+00:00,-61.234612
2020-11-18 01:53:00+00:00,-62.152515
2020-11-18 01:54:00+00:00,-54.158211
2020-11-18 01:55:00+00:00,-42.470428
2020-11-18 01:56:00+00:00,-33.873325
2020-11-18 01:57:00+00:00,-39.911373
2020-11-18 01:58:00+00:00,-39.788013
2020-11-18 01:59:00+00:00,-45.962814
2020-11-18 02:00:00+00:00,-51.473324
2020-11-18 02:01:00+00:00,-61.850952
2020-11-18 02:02:00+00:00,-53.911278
2020-11-18 02:03:00+00:00,-38.538948
2020-11-18 02:04:00+00:00,-49.336807
2020-11-18 02:05:00+00:00,-50.780136
2020-11-18 02:06:00+00:00,-61.380695
2020-11-18 02:07:00+00:00,-80.161934
2020-11-18 02:08:00+00:00,-84.880676
2020-11-18 02:09:00+00:00,-73.1082
2020-11-18 02:10:00+00:00,-54.902103
2020-11-18 02:11:00+00:00,-61.414249
2020-11-18 02:12:00+00:00,-66.030624
2020-11-18 02:13:00+00:00,-67.548195
2020-11-18 02:14:00+00:00,-67.010048
2020-11-18 02:15:00+00:00,-63.112114
2020-11-18 02:16:00+00:00,-65.384148
2020-11-18 02:17:00+00:00,-66.010559
2020-11-18 02:18:00+00:00,-64.542847
2020-11-18 02:19:00+00:00,-61.791039
2020-11-18 02:20:00+00:00,-51.346214
2020-11-18 02:21:00+00:00,-49.532177
2020-11-18 02:22:00+00:00,-44.403309
2020-11-18 02:23:00+00:00,-40.984509
2020-11-18 02:24:00+00:00,-40.8218
2020-11-18 02:25:00+00:00,-37.319099
2020-11-18 02:26:00+00:00,-35.444069
2020-11-18 02:27:00+00:00,-36.551582
2020-11-18 02:28:00+00:00,-45.631165
2020-11-18 02:29:00+00:00,-44.625374
2020-11-18 02:30:00+00:00,-43.1408
2020-11-18 02:31:00+00:00,-50.567093
2020-11-18 02:32:00+00:00,-44.336128
2020-11-18 02:33:00+00:00,-36.156029
2020-11-18 02:34:00+00:00,-38.883823
2020-11-18 02:35:00+00:00,-42.043907
2020-11-18 02:36:00+00:00,-40.659393
2020-11-18 02:37:00+00:00,-37.880726
2020-11-18 02:38:00+00:00,-36.963989
2020-11-18 02:39:00+00:00,-37.658646
2020-11-18 02:40:00+00:00,-35.465321
2020-11-18 02:41:00+00:00,-34.389744
2020-11-18 02:42:00+00:00,-33.832836
2020-11-18 02:43:00+00:00,-33.440731
2020-11-18 02:44:00+00:00,-31.515892
2020-11-18 02:45:00+00:00,-29.89439
2020-11-18 02:46:00+00:00,-29.747614
2020-11-18 02:47:00+00:00,-30.60486
2020-11-25 00:00:00+00:00,-120.23912
2020-11-25 00:01:00+00:00,-131.169373
2020-11-25 00:02:00+00:00,-105.024467
2020-11-25 00:03:00+00:00,-89.944977
2020-11-25 00:04:00+00:00,-94.822464
2020-11-25 00:05:00+00:00,-91.678009
2020-11-25 00:06:00+00:00,-89.877266
2020-11-25 00:07:00+00:00,-95.945015
2020-11-25 00:08:00+00:00,-109.490807
2020-11-25 00:09:00+00:00,-113.009964
2020-11-25 00:10:00+00:00,-120.752129
2020-11-25 00:11:00+00:00,-146.515594
2020-11-25 00:12:00+00:00,-175.487976
2020-11-25 00:13:00+00:00,-175.740631
2020-11-25 00:14:00+00:00,-148.344681
2020-11-25 00:15:00+00:00,-137.417435
2020-11-25 00:16:00+00:00,-115.929558
2020-11-25 00:17:00+00:00,-100.553932
2020-11-25 00:18:00+00:00,-93.109894
2020-11-25 00:19:00+00:00,-91.941139
2020-11-25 00:20:00+00:00,-90.63768
2020-11-25 00:21:00+00:00,-80.004646
2020-11-25 00:22:00+00:00,-82.781151
2020-11-25 00:23:00+00:00,-96.072556
2020-11-25 00:24:00+00:00,-123.456345
2020-11-25 00:25:00+00:00,-125.870384
2020-11-25 00:26:00+00:00,-141.091019
2020-11-25 00:27:00+00:00,-126.306786
2020-11-25 00:28:00+00:00,-137.132629
2020-11-25 00:29:00+00:00,-126.360252
2020-11-25 00:30:00+00:00,-100.565445
2020-11-25 00:31:00+00:00,-90.536385
2020-11-25 00:32:00+00:00,-89.807976
2020-11-25 00:33:00+00:00,-107.296997
2020-11-25 00:34:00+00:00,-109.986183
2020-11-25 00:35:00+00:00,-118.77108
2020-11-25 00:36:00+00:00,-121.820923
2020-11-25 00:37:00+00:00,-113.857201
2020-11-25 00:38:00+00:00,-100.01593
2020-11-25 00:39:00+00:00,-76.606659
2020-11-25 00:40:00+00:00,-87.966209
2020-11-25 00:41:00+00:00,-88.930489
2020-11-25 00:42:00+00:00,-72.121277
2020-11-25 00:43:00+00:00,-61.248543
2020-11-25 00:44:00+00:00,-68.95195
2020-11-25 00:45:00+00:00,-84.164055
2020-11-25 00:46:00+00:00,-116.090942
2020-11-25 00:47:00+00:00,-113.385933
2020-11-25 00:48:00+00:00,-97.600784
2020-11-25 00:49:00+00:00,-90.855598
2020-11-25 00:50:00+00:00,-101.940979
2020-11-25 00:51:00+00:00,-110.57634
2020-11-25 00:52:00+00:00,-119.534096
2020-11-25 00:53:00+00:00,-109.200951
2020-11-25 00:54:00+00:00,-111.928467
2020-11-25 00:55:00+00:00,-118.199059
2020-11-25 00:56:00+00:00,-110.95414
2020-11-25 00:57:00+00:00,-100.408546
2020-11-25 00:58:00+00:00,-97.929581
2020-11-25 00:59:00+00:00,-100.200554
2020-11-25 01:00:00+00:00,-98.641846
2020-11-25 01:01:00+00:00,-101.285713
2020-11-25 01:02:00+00:00,-101.513985
2020-11-25 01:03:00+00:00,-94.100937
2020-11-25 01:04:00+00:00,-85.933754
2020-11-25 01:05:00+00:00,-87.815796
2020-11-25 01:06:00+00:00,-96.379913
2020-11-25 01:07:00+00:00,-106.115852
2020-11-25 01:08:00+00:00,-110.170074
2020-11-25 01:09:00+00:00,-94.792595
2020-11-25 01:10:00+00:00,-79.732285
2020-11-25 01:11:00+00:00,-71.275032
2020-11-25 01:12:00+00:00,-61.483841
2020-11-25 01:13:00+00:00,-52.152981
2020-11-25 01:14:00+00:00,-50.180374
2020-11-25 01:15:00+00:00,-47.888515
2020-11-25 01:16:00+00:00,-44.725311
2020-11-25 01:17:00+00:00,-43.770844
2020-11-25 01:18:00+00:00,-44.298538
2020-11-25 01:19:00+00:00,-43.975388
2020-11-25 01:20:00+00:00,-45.751099
2020-11-25 01:21:00+00:00,-50.139297
2020-11-25 01:22:00+00:00,-49.991093
2020-11-25 01:23:00+00:00,-49.482265
2020-11-25 01:24:00+00:00,-50.062031
2020-11-25 01:25:00+00:00,-53.075951
2020-11-25 01:26:00+00:00,-55.991051
2020-11-25 01:27:00+00:00,-56.087227
2020-11-25 01:28:00+00:00,-50.333176
2020-11-25 01:29:00+00:00,-44.422691
2020-11-25 01:30:00+00:00,-38.641399
2020-11-25 01:31:00+00:00,-33.537865
2020-11-25 01:32:00+00:00,-30.508188
2020-11-25 01:33:00+00:00,-30.032244
2020-11-25 01:34:00+00:00,-29.896835
2020-11-25 01:35:00+00:00,-29.307703
2020-11-25 01:36:00+00:00,-29.809431
2020-11-25 01:37:00+00:00,-32.243515
2020-11-25 01:38:00+00:00,-31.894135
2020-11-25 01:39:00+00:00,-29.631418
2020-11-25 01:40:00+00:00,-29.333303
2020-11-25 01:41:00+00:00,-28.39921
2020-11-25 01:42:00+00:00,-28.389692
2020-11-25 01:43:00+00:00,-28.757505
2020-11-25 01:44:00+00:00,-29.047348
2020-11-25 01:45:00+00:00,-29.966866
2020-11-25 01:46:00+00:00,-29.384226
2020-11-25 01:47:00+00:00,-28.564089
2020-11-25 01:48:00+00:00,-36.107361
2020-11-25 01:49:00+00:00,-30.69799
2020-11-25 01:50:00+00:00,-28.637321
2020-11-25 01:51:00+00:00,-28.375067
2020-11-25 01:52:00+00:00,-27.535501
2020-11-25 01:53:00+00:00,-27.277817
2020-11-25 01:54:00+00:00,-27.58905
2020-11-25 01:55:00+00:00,-51.444473
2020-11-25 01:56:00+00:00,-74.323448
2020-11-25 01:57:00+00:00,-65.215218
2020-11-25 01:58:00+00:00,-73.897804
2020-11-25 01:59:00+00:00,-76.614304
2020-11-25 02:00:00+00:00,-116.609894
2020-11-25 02:01:00+00:00,-136.488495
2020-11-25 02:02:00+00:00,-147.987518
2020-11-25 02:03:00+00:00,-142.773926
2020-11-25 02:04:00+00:00,-116.61528
2020-11-25 02:05:00+00:00,-122.09462
2020-11-25 02:06:00+00:00,-124.448166
2020-11-25 02:07:00+00:00,-142.293121
2020-11-25 02:08:00+00:00,-117.888252
2020-11-25 02:09:00+00:00,-118.436684
2020-11-25 02:10:00+00:00,-122.944237
2020-11-25 02:11:00+00:00,-111.76149
2020-11-25 02:12:00+00:00,-99.790756
2020-11-25 02:13:00+00:00,-94.648132
2020-11-25 02:14:00+00:00,-91.643646
2020-11-25 02:15:00+00:00,-86.858505
2020-11-25 02:16:00+00:00,-83.514374
2020-11-25 02:17:00+00:00,-71.01384
2020-11-25 02:18:00+00:00,-71.674957
2020-11-25 02:19:00+00:00,-71.147415
2020-11-25 02:20:00+00:00,-68.953438
2020-11-25 02:21:00+00:00,-68.87207
2020-11-25 02:22:00+00:00,-67.093475
2020-11-25 02:23:00+00:00,-64.865768
2020-11-25 02:24:00+00:00,-63.16169
2020-11-25 02:25:00+00:00,-62.360214
2020-11-25 02:26:00+00:00,-60.260239
2020-11-25 02:27:00+00:00,-59.741722
2020-11-25 02:28:00+00:00,-59.015663
2020-11-25 02:29:00+00:00,-54.421074
2020-11-25 02:30:00+00:00,-48.329067
2020-11-25 02:31:00+00:00,-43.917625
2020-11-25 02:32:00+00:00,-42.997635
2020-11-25 02:33:00+00:00,-43.585777
2020-11-25 02:34:00+00:00,-47.519043
2020-11-25 02:35:00+00:00,-47.449978
2020-11-25 02:36:00+00:00,-47.620613
2020-11-25 02:37:00+00:00,-44.83778
2020-11-25 02:38:00+00:00,-40.415031
2020-11-25 02:39:00+00:00,-35.390526
2020-11-25 02:40:00+00:00,-29.217476
2020-11-25 02:41:00+00:00,-28.042515
2020-11-25 02:42:00+00:00,-28.779339
2020-11-25 02:43:00+00:00,-28.597641
2020-11-25 02:44:00+00:00,-28.736767
2020-11-25 02:45:00+00:00,-28.51339
2020-11-25 02:46:00+00:00,-32.655594
2020-11-25 02:47:00+00:00,-27.653969
2020-12-02 00:00:00+00:00,-195.741455
2020-12-02 00:01:00+00:00,-216.940689
2020-12-02 00:02:00+00:00,-233.992325
2020-12-02 00:03:00+00:00,-246.407822
2020-12-02 00:04:00+00:00,-258.030884
2020-12-02 00:05:00+00:00,-244.178909
2020-12-02 00:06:00+00:00,-223.699509
2020-12-02 00:07:00+00:00,-193.860291
2020-12-02 00:08:00+00:00,-176.328201
2020-12-02 00:09:00+00:00,-160.42543
2020-12-02 00:10:00+00:00,-151.100754
2020-12-02 00:11:00+00:00,-147.151138
2020-12-02 00:12:00+00:00,-144.415512
2020-12-02 00:13:00+00:00,-141.663391
2020-12-02 00:14:00+00:00,-136.255188
2020-12-02 00:15:00+00:00,-126.349113
2020-12-02 00:16:00+00:00,-117.324661
2020-12-02 00:17:00+00:00,-112.818451
2020-12-02 00:18:00+00:00,-112.418953
2020-12-02 00:19:00+00:00,-123.330292
2020-12-02 00:20:00+00:00,-134.473328
2020-12-02 00:21:00+00:00,-123.490456
2020-12-02 00:22:00+00:00,-107.407593
2020-12-02 00:23:00+00:00,-101.999527
2020-12-02 00:24:00+00:00,-88.824799
2020-12-02 00:25:00+00:00,-87.046959
2020-12-02 00:26:00+00:00,-114.784004
2020-12-02 00:27:00+00:00,-104.41626
2020-12-02 00:28:00+00:00,-83.609756
2020-12-02 00:29:00+00:00,-82.195091
2020-12-02 00:30:00+00:00,-94.398827
2020-12-02 00:31:00+00:00,-91.396767
2020-12-02 00:32:00+00:00,-82.894142
2020-12-02 00:33:00+00:00,-80.964195
2020-12-02 00:34:00+00:00,-74.372894
2020-12-02 00:35:00+00:00,-75.13501
2020-12-02 00:36:00+00:00,-78.043098
2020-12-02 00:37:00+00:00,-71.431656
2020-12-02 00:38:00+00:00,-64.602455
2020-12-02 00:39:00+00:00,-57.884579
2020-12-02 00:40:00+00:00,-54.700787
2020-12-02 00:41:00+00:00,-59.194763
2020-12-02 00:42:00+00:00,-74.9776
2020-12-02 00:43:00+00:00,-79.930565
2020-12-02 00:44:00+00:00,-78.086288
2020-12-02 00:45:00+00:00,-80.364708
2020-12-02 00:46:00+00:00,-85.167458
2020-12-02 00:47:00+00:00,-81.271942
2020-12-02 00:48:00+00:00,-66.480171
2020-12-02 00:49:00+00:00,-56.60416
2020-12-02 00:50:00+00:00,-55.842178
2020-12-02 00:51:00+00:00,-55.974518
2020-12-02 00:52:00+00:00,-51.886452
2020-12-02 00:53:00+00:00,-44.578335
2020-12-02 00:54:00+00:00,-43.73246
2020-12-02 00:55:00+00:00,-45.504128
2020-12-02 00:56:00+00:00,-54.412834
2020-12-02 00:57:00+00:00,-70.139214
2020-12-02 00:58:00+00:00,-70.282852
2020-12-02 00:59:00+00:00,-59.07906
2020-12-02 01:00:00+00:00,-53.472153
2020-12-02 01:01:00+00:00,-48.266964
2020-12-02 01:02:00+00:00,-41.267929
2020-12-02 01:03:00+00:00,-48.923306
2020-12-02 01:04:00+00:00,-54.755108
2020-12-02 01:05:00+00:00,-67.287582
2020-12-02 01:06:00+00:00,-67.280281
2020-12-02 01:07:00+00:00,-62.946083
2020-12-02 01:08:00+00:00,-43.033031
2020-12-02 01:09:00+00:00,-48.734489
2020-12-02 01:10:00+00:00,-38.341465
2020-12-02 01:11:00+00:00,-27.580086
2020-12-02 01:12:00+00:00,-25.306118
2020-12-02 01:13:00+00:00,-24.739037
2020-12-02 01:14:00+00:00,-20.361616
2020-12-02 01:15:00+00:00,-17.94146
2020-12-02 01:16:00+00:00,-19.795553
2020-12-02 01:17:00+00:00,-18.055147
2020-12-02 01:18:00+00:00,-21.142822
2020-12-02 01:19:00+00:00,-25.580698
2020-12-02 01:20:00+00:00,-23.790604
2020-12-02 01:21:00+00:00,-21.550713
2020-12-02 01:22:00+00:00,-27.446568
2020-12-02 01:23:00+00:00,-28.327009
2020-12-02 01:24:00+00:00,-29.00086
2020-12-02 01:25:00+00:00,-30.055746
2020-12-02 01:26:00+00:00,-27.522787
2020-12-02 01:27:00+00:00,-31.77503
2020-12-02 01:28:00+00:00,-36.913059
2020-12-02 01:29:00+00:00,-35.596054
2020-12-02 01:30:00+00:00,-28.845493
2020-12-02 01:31:00+00:00,-24.842766
2020-12-02 01:32:00+00:00,-22.415461
2020-12-02 01:33:00+00:00,-17.49774
2020-12-02 01:34:00+00:00,-17.547001
2020-12-02 01:35:00+00:00,-19.919716
2020-12-02 01:36:00+00:00,-18.420193
2020-12-02 01:37:00+00:00,-18.02285
2020-12-02 01:38:00+00:00,-17.649431
2020-12-02 01:39:00+00:00,-21.031015
2020-12-02 01:40:00+00:00,-22.180485
2020-12-02 01:41:00+00:00,-19.752426
2020-12-02 01:42:00+00:00,-16.310349
2020-12-02 01:43:00+00:00,-16.218275
2020-12-02 01:44:00+00:00,-16.29697
2020-12-02 01:45:00+00:00,-16.463356
2020-12-02 01:46:00+00:00,-16.94541
2020-12-02 01:47:00+00:00,-17.893555
2020-12-02 01:48:00+00:00,-18.39731
2020-12-02 01:49:00+00:00,-18.2686
2020-12-02 01:50:00+00:00,-18.181759
2020-12-02 01:51:00+00:00,-18.144121
2020-12-02 01:52:00+00:00,-18.420841
2020-12-02 01:53:00+00:00,-18.47238
2020-12-02 01:54:00+00:00,-18.724535
2020-12-02 01:55:00+00:00,-18.75349
2020-12-02 01:56:00+00:00,-18.999695
2020-12-02 01:57:00+00:00,-19.24099
2020-12-02 01:58:00+00:00,-19.537453
2020-12-02 01:59:00+00:00,-20.0014
2020-12-02 02:00:00+00:00,-20.286167
2020-12-02 02:01:00+00:00,-20.445553
2020-12-02 02:02:00+00:00,-20.408096
2020-12-02 02:03:00+00:00,-20.315189
2020-12-02 02:04:00+00:00,-20.411974
2020-12-02 02:05:00+00:00,-20.445538
2020-12-02 02:06:00+00:00,-20.245979
2020-12-02 02:07:00+00:00,-20.002771
2020-12-02 02:08:00+00:00,-20.003534
2020-12-02 02:09:00+00:00,-20.619379
2020-12-02 02:10:00+00:00,-21.122299
2020-12-02 02:11:00+00:00,-21.206652
2020-12-02 02:12:00+00:00,-21.206438
2020-12-02 02:13:00+00:00,-21.341896
2020-12-02 02:14:00+00:00,-21.591072
2020-12-02 02:15:00+00:00,-22.310432
2020-12-02 02:16:00+00:00,-22.590937
2020-12-02 02:17:00+00:00,-22.649649
2020-12-02 02:18:00+00:00,-22.648823
2020-12-02 02:19:00+00:00,-22.908787
2020-12-02 02:20:00+00:00,-23.289915
2020-12-02 02:21:00+00:00,-23.307362
2020-12-02 02:22:00+00:00,-23.168671
2020-12-02 02:23:00+00:00,-22.697102
2020-12-02 02:24:00+00:00,-22.22324
2020-12-02 02:25:00+00:00,-21.852575
2020-12-02 02:26:00+00:00,-21.38298
2020-12-02 02:27:00+00:00,-20.891134
2020-12-02 02:28:00+00:00,-20.385845
2020-12-02 02:29:00+00:00,-20.147409
2020-12-02 02:30:00+00:00,-20.143129
2020-12-02 02:31:00+00:00,-19.997625
2020-12-02 02:32:00+00:00,-20.318174
2020-12-02 02:33:00+00:00,-20.392145
2020-12-02 02:34:00+00:00,-20.450502
2020-12-02 02:35:00+00:00,-20.543064
2020-12-02 02:36:00+00:00,-19.90226
2020-12-02 02:37:00+00:00,-19.594999
2020-12-02 02:38:00+00:00,-19.268751
2020-12-02 02:39:00+00:00,-19.125189
2020-12-02 02:40:00+00:00,-19.518814
2020-12-02 02:41:00+00:00,-19.97991
2020-12-02 02:42:00+00:00,-20.378119
2020-12-02 02:43:00+00:00,-20.969797
2020-12-02 02:44:00+00:00,-20.980055
2020-12-02 02:45:00+00:00,-20.96945
2020-12-02 02:46:00+00:00,-20.943184
2020-12-02 02:47:00+00:00,-20.656521
2020-12-09 00:00:00+00:00,-96.878883
2020-12-09 00:01:00+00:00,-97.198486
2020-12-09 00:02:00+00:00,-89.9133
2020-12-09 00:03:00+00:00,-93.63829
2020-12-09 00:04:00+00:00,-89.29631
2020-12-09 00:05:00+00:00,-88.696991
2020-12-09 00:06:00+00:00,-83.49305
2020-12-09 00:07:00+00:00,-79.508896
2020-12-09 00:08:00+00:00,-84.874329
2020-12-09 00:09:00+00:00,-89.744431
2020-12-09 00:10:00+00:00,-85.523552
2020-12-09 00:11:00+00:00,-71.468605
2020-12-09 00:12:00+00:00,-64.617737
2020-12-09 00:13:00+00:00,-68.189781
2020-12-09 00:14:00+00:00,-71.278534
2020-12-09 00:15:00+00:00,-69.090195
2020-12-09 00:16:00+00:00,-71.07077
2020-12-09 00:17:00+00:00,-72.893837
2020-12-09 00:18:00+00:00,-75.791107
2020-12-09 00:19:00+00:00,-73.310425
2020-12-09 00:20:00+00:00,-70.088501
2020-12-09 00:21:00+00:00,-67.486633
2020-12-09 00:22:00+00:00,-66.386658
2020-12-09 00:23:00+00:00,-65.895981
2020-12-09 00:24:00+00:00,-63.631783
2020-12-09 00:25:00+00:00,-60.472511
2020-12-09 00:26:00+00:00,-61.189953
2020-12-09 00:27:00+00:00,-59.489517
2020-12-09 00:28:00+00:00,-54.654404
2020-12-09 00:29:00+00:00,-57.484409
2020-12-09 00:30:00+00:00,-59.492821
2020-12-09 00:31:00+00:00,-66.158653
2020-12-09 00:32:00+00:00,-76.291077
2020-12-09 00:33:00+00:00,-138.631561
2020-12-09 00:34:00+00:00,-162.764404
2020-12-09 00:35:00+00:00,-110.340462
2020-12-09 00:36:00+00:00,-118.970314
2020-12-09 00:37:00+00:00,-150.002258
2020-12-09 00:38:00+00:00,-157.047028
2020-12-09 00:39:00+00:00,-161.833099
2020-12-09 00:40:00+00:00,-134.385788
2020-12-09 00:41:00+00:00,-157.5625
2020-12-09 00:42:00+00:00,-145.225479
2020-12-09 00:43:00+00:00,-126.489571
2020-12-09 00:44:00+00:00,-130.441452
2020-12-09 00:45:00+00:00,-120.123886
2020-12-09 00:46:00+00:00,-118.848122
2020-12-09 00:47:00+00:00,-111.175598
2020-12-09 00:48:00+00:00,-104.783516
2020-12-09 00:49:00+00:00,-119.41494
2020-12-09 00:50:00+00:00,-100.535675
2020-12-09 00:51:00+00:00,-105.444412
2020-12-09 00:52:00+00:00,-100.320839
2020-12-09 00:53:00+00:00,-131.672607
2020-12-09 00:54:00+00:00,-184.931335
2020-12-09 00:55:00+00:00,-185.492859
2020-12-09 00:56:00+00:00,-215.439331
2020-12-09 00:57:00+00:00,-216.43605
2020-12-09 00:58:00+00:00,-236.545578
2020-12-09 00:59:00+00:00,-165.699615
2020-12-09 01:00:00+00:00,-132.143326
2020-12-09 01:01:00+00:00,-139.860794
2020-12-09 01:02:00+00:00,-132.890762
2020-12-09 01:03:00+00:00,-121.762505
2020-12-09 01:04:00+00:00,-104.231667
2020-12-09 01:05:00+00:00,-100.754707
2020-12-09 01:06:00+00:00,-87.117653
2020-12-09 01:07:00+00:00,-76.650574
2020-12-09 01:08:00+00:00,-78.733315
2020-12-09 01:09:00+00:00,-62.160789
2020-12-09 01:10:00+00:00,-50.690353
2020-12-09 01:11:00+00:00,-49.285904
2020-12-09 01:12:00+00:00,-46.072292
2020-12-09 01:13:00+00:00,-43.982147
2020-12-09 01:14:00+00:00,-36.312359
2020-12-09 01:15:00+00:00,-31.279732
2020-12-09 01:16:00+00:00,-28.201157
2020-12-09 01:17:00+00:00,-27.016148
2020-12-09 01:18:00+00:00,-24.092354
2020-12-09 01:19:00+00:00,-21.152443
2020-12-09 01:20:00+00:00,-18.358532
2020-12-09 01:21:00+00:00,-16.516842
2020-12-09 01:22:00+00:00,-15.493626
2020-12-09 01:23:00+00:00,-14.467716
2020-12-09 01:24:00+00:00,-17.04196
2020-12-09 01:25:00+00:00,-20.260859
2020-12-09 01:26:00+00:00,-22.859346
2020-12-09 01:27:00+00:00,-25.886312
2020-12-09 01:28:00+00:00,-32.213905
2020-12-09 01:29:00+00:00,-47.683998
2020-12-09 01:30:00+00:00,-58.596466
2020-12-09 01:31:00+00:00,-59.818474
2020-12-09 01:32:00+00:00,-54.687218
2020-12-09 01:33:00+00:00,-47.771118
2020-12-09 01:34:00+00:00,-36.565414
2020-12-09 01:35:00+00:00,-26.434471
2020-12-09 01:36:00+00:00,-19.641111
2020-12-09 01:37:00+00:00,-25.850866
2020-12-09 01:38:00+00:00,-24.621193
2020-12-09 01:39:00+00:00,-27.865395
2020-12-09 01:40:00+00:00,-16.079266
2020-12-09 01:41:00+00:00,-15.229939
2020-12-09 01:42:00+00:00,-14.073168
2020-12-09 01:43:00+00:00,-17.905588
2020-12-09 01:44:00+00:00,-29.398357
2020-12-09 01:45:00+00:00,-28.95554
2020-12-09 01:46:00+00:00,-36.736843
2020-12-09 01:47:00+00:00,-47.857521
2020-12-09 01:48:00+00:00,-44.582695
2020-12-09 01:49:00+00:00,-37.676052
2020-12-09 01:50:00+00:00,-32.113201
2020-12-09 01:51:00+00:00,-31.73497
2020-12-09 01:52:00+00:00,-42.931026
2020-12-09 01:53:00+00:00,-47.77486
2020-12-09 01:54:00+00:00,-55.958641
2020-12-09 01:55:00+00:00,-65.58773
2020-12-09 01:56:00+00:00,-79.659218
2020-12-09 01:57:00+00:00,-88.599869
2020-12-09 01:58:00+00:00,-86.412643
2020-12-09 01:59:00+00:00,-82.895386
2020-12-09 02:00:00+00:00,-91.20047
2020-12-09 02:01:00+00:00,-91.779213
2020-12-09 02:02:00+00:00,-99.208755
2020-12-09 02:03:00+00:00,-96.8787
2020-12-09 02:04:00+00:00,-86.579071
2020-12-09 02:05:00+00:00,-83.634041
2020-12-09 02:06:00+00:00,-73.869766
2020-12-09 02:07:00+00:00,-63.37606
2020-12-09 02:08:00+00:00,-59.207573
2020-12-09 02:09:00+00:00,-58.33791
2020-12-09 02:10:00+00:00,-52.141064
2020-12-09 02:11:00+00:00,-42.150269
2020-12-09 02:12:00+00:00,-47.020962
2020-12-09 02:13:00+00:00,-45.207626
2020-12-09 02:14:00+00:00,-41.3797
2020-12-09 02:15:00+00:00,-41.568439
2020-12-09 02:16:00+00:00,-41.719429
2020-12-09 02:17:00+00:00,-34.08297
2020-12-09 02:18:00+00:00,-40.718819
2020-12-09 02:19:00+00:00,-43.827648
2020-12-09 02:20:00+00:00,-36.444328
2020-12-09 02:21:00+00:00,-26.611734
2020-12-09 02:22:00+00:00,-25.648539
2020-12-09 02:23:00+00:00,-28.530624
2020-12-09 02:24:00+00:00,-31.131008
2020-12-09 02:25:00+00:00,-29.297319
2020-12-09 02:26:00+00:00,-26.281477
2020-12-09 02:27:00+00:00,-27.810993
2020-12-09 02:28:00+00:00,-30.776464
2020-12-09 02:29:00+00:00,-32.748169
2020-12-09 02:30:00+00:00,-35.409676
2020-12-09 02:31:00+00:00,-33.448303
2020-12-09 02:32:00+00:00,-32.976864
2020-12-09 02:33:00+00:00,-31.634357
2020-12-09 02:34:00+00:00,-27.762527
2020-12-09 02:35:00+00:00,-27.656132
2020-12-09 02:36:00+00:00,-28.688961
2020-12-09 02:37:00+00:00,-28.317207
2020-12-09 02:38:00+00:00,-26.610838
2020-12-09 02:39:00+00:00,-25.32341
2020-12-09 02:40:00+00:00,-22.576649
2020-12-09 02:41:00+00:00,-19.674404
2020-12-09 02:42:00+00:00,-17.775505
2020-12-09 02:43:00+00:00,-15.096895
2020-12-09 02:44:00+00:00,-12.851113
2020-12-09 02:45:00+00:00,-11.416399
2020-12-09 02:46:00+00:00,-11.619724
2020-12-09 02:47:00+00:00,-11.328655
2020-12-16 00:00:00+00:00,-45.763546
2020-12-16 00:01:00+00:00,-45.501472
2020-12-16 00:02:00+00:00,-46.807411
2020-12-16 00:03:00+00:00,-39.842125
2020-12-16 00:04:00+00:00,-39.685558
2020-12-16 00:05:00+00:00,-27.319981
2020-12-16 00:06:00+00:00,-25.387838
2020-12-16 00:07:00+00:00,-29.665449
2020-12-16 00:08:00+00:00,-38.89608
2020-12-16 00:09:00+00:00,-39.652245
2020-12-16 00:10:00+00:00,-38.943909
2020-12-16 00:11:00+00:00,-47.451241
2020-12-16 00:12:00+00:00,-47.864792
2020-12-16 00:13:00+00:00,-37.093853
2020-12-16 00:14:00+00:00,-33.463657
2020-12-16 00:15:00+00:00,-23.510666
2020-12-16 00:16:00+00:00,-25.926712
2020-12-16 00:17:00+00:00,-31.6856
2020-12-16 00:18:00+00:00,-36.8088
2020-12-16 00:19:00+00:00,-36.919456
2020-12-16 00:20:00+00:00,-37.987007
2020-12-16 00:21:00+00:00,-37.557617
2020-12-16 00:22:00+00:00,-34.777699
2020-12-16 00:23:00+00:00,-35.331322
2020-12-16 00:24:00+00:00,-37.674641
2020-12-16 00:25:00+00:00,-45.113625
2020-12-16 00:26:00+00:00,-59.479988
2020-12-16 00:27:00+00:00,-65.063934
2020-12-16 00:28:00+00:00,-64.342865
2020-12-16 00:29:00+00:00,-68.717026
2020-12-16 00:30:00+00:00,-72.030037
2020-12-16 00:31:00+00:00,-68.736778
2020-12-16 00:32:00+00:00,-68.015831
2020-12-16 00:33:00+00:00,-64.403381
2020-12-16 00:34:00+00:00,-55.287796
2020-12-16 00:35:00+00:00,-48.740067
2020-12-16 00:36:00+00:00,-49.35952
2020-12-16 00:37:00+00:00,-48.892914
2020-12-16 00:38:00+00:00,-50.504025
2020-12-16 00:39:00+00:00,-48.218918
2020-12-16 00:40:00+00:00,-45.408398
2020-12-16 00:41:00+00:00,-41.578995
2020-12-16 00:42:00+00:00,-35.797806
2020-12-16 00:43:00+00:00,-34.787182
2020-12-16 00:44:00+00:00,-33.286091
2020-12-16 00:45:00+00:00,-29.384075
2020-12-16 00:46:00+00:00,-29.525553
2020-12-16 00:47:00+00:00,-36.900982
2020-12-16 00:48:00+00:00,-45.741768
2020-12-16 00:49:00+00:00,-47.458752
2020-12-16 00:50:00+00:00,-48.13269
2020-12-16 00:51:00+00:00,-51.127544
2020-12-16 00:52:00+00:00,-52.244774
2020-12-16 00:53:00+00:00,-50.879597
2020-12-16 00:54:00+00:00,-50.616673
2020-12-16 00:55:00+00:00,-48.842422
2020-12-16 00:56:00+00:00,-46.091713
2020-12-16 00:57:00+00:00,-39.881821
2020-12-16 00:58:00+00:00,-32.652954
2020-12-16 00:59:00+00:00,-31.757746
2020-12-16 01:00:00+00:00,-33.245358
2020-12-16 01:01:00+00:00,-32.353283
2020-12-16 01:02:00+00:00,-29.40954
2020-12-16 01:03:00+00:00,-27.348372
2020-12-16 01:04:00+00:00,-29.003704
2020-12-16 01:05:00+00:00,-32.297356
2020-12-16 01:06:00+00:00,-35.319111
2020-12-16 01:07:00+00:00,-35.774967
2020-12-16 01:08:00+00:00,-35.107834
2020-12-16 01:09:00+00:00,-37.275131
2020-12-16 01:10:00+00:00,-43.276337
2020-12-16 01:11:00+00:00,-44.721504
2020-12-16 01:12:00+00:00,-40.087898
2020-12-16 01:13:00+00:00,-31.862532
2020-12-16 01:14:00+00:00,-30.268753
2020-12-16 01:15:00+00:00,-27.408813
2020-12-16 01:16:00+00:00,-25.95645
2020-12-16 01:17:00+00:00,-25.839962
2020-12-16 01:18:00+00:00,-27.161816
2020-12-16 01:19:00+00:00,-30.063555
2020-12-16 01:20:00+00:00,-29.104692
2020-12-16 01:21:00+00:00,-25.09767
2020-12-16 01:22:00+00:00,-24.56782
2020-12-16 01:23:00+00:00,-23.04438
2020-12-16 01:24:00+00:00,-24.55822
2020-12-16 01:25:00+00:00,-27.6262
2020-12-16 01:26:00+00:00,-26.891651
2020-12-16 01:27:00+00:00,-24.576942
2020-12-16 01:28:00+00:00,-18.751129
2020-12-16 01:29:00+00:00,-13.205912
2020-12-16 01:30:00+00:00,-17.354313
2020-12-16 01:31:00+00:00,-12.918222
2020-12-16 01:32:00+00:00,-9.056685
2020-12-16 01:33:00+00:00,-10.61802
2020-12-16 01:34:00+00:00,-14.778338
2020-12-16 01:35:00+00:00,-16.503962
2020-12-16 01:36:00+00:00,-14.423767
2020-12-16 01:37:00+00:00,-9.87067
2020-12-16 01:38:00+00:00,-10.602635
2020-12-16 01:39:00+00:00,-22.551092
2020-12-16 01:40:00+00:00,-36.137943
2020-12-16 01:41:00+00:00,-48.319218
2020-12-16 01:42:00+00:00,-63.816563
2020-12-16 01:43:00+00:00,-55.861389
2020-12-16 01:44:00+00:00,-47.821838
2020-12-16 01:45:00+00:00,-36.624634
2020-12-16 01:46:00+00:00,-29.580141
2020-12-16 01:47:00+00:00,-23.654425
2020-12-16 01:48:00+00:00,-18.119791
2020-12-16 01:49:00+00:00,-22.693007
2020-12-16 01:50:00+00:00,-28.209978
2020-12-16 01:51:00+00:00,-32.396263
2020-12-16 01:52:00+00:00,-30.6698
2020-12-16 01:53:00+00:00,-47.841709
2020-12-16 01:54:00+00:00,-56.226593
2020-12-16 01:55:00+00:00,-50.213802
2020-12-16 01:56:00+00:00,-28.058216
2020-12-16 01:57:00+00:00,-36.158207
2020-12-16 01:58:00+00:00,-31.745443
2020-12-16 01:59:00+00:00,-20.958996
2020-12-16 02:00:00+00:00,-9.022516
2020-12-16 02:01:00+00:00,-14.755459
2020-12-16 02:02:00+00:00,-16.961824
2020-12-16 02:03:00+00:00,-16.738871
2020-12-16 02:04:00+00:00,-11.933537
2020-12-16 02:05:00+00:00,-9.08975
2020-12-16 02:06:00+00:00,-8.765494
2020-12-16 02:07:00+00:00,-13.882643
2020-12-16 02:08:00+00:00,-20.444176
2020-12-16 02:09:00+00:00,-29.376167
2020-12-16 02:10:00+00:00,-26.115133
2020-12-16 02:11:00+00:00,-25.200842
2020-12-16 02:12:00+00:00,-28.586946
2020-12-16 02:13:00+00:00,-28.149046
2020-12-16 02:14:00+00:00,-32.837357
2020-12-16 02:15:00+00:00,-34.133343
2020-12-16 02:16:00+00:00,-47.416367
2020-12-16 02:17:00+00:00,-64.264313
2020-12-16 02:18:00+00:00,-50.853767
2020-12-16 02:19:00+00:00,-36.42297
2020-12-16 02:20:00+00:00,-33.993385
2020-12-16 02:21:00+00:00,-27.746622
2020-12-16 02:22:00+00:00,-31.42387
2020-12-16 02:23:00+00:00,-24.601273
2020-12-16 02:24:00+00:00,-23.638176
2020-12-16 02:25:00+00:00,-30.478891
2020-12-16 02:26:00+00:00,-33.332375
2020-12-16 02:27:00+00:00,-34.064808
2020-12-16 02:28:00+00:00,-30.497459
2020-12-16 02:29:00+00:00,-29.868578
2020-12-16 02:30:00+00:00,-22.837318
2020-12-16 02:31:00+00:00,-26.517134
2020-12-16 02:32:00+00:00,-42.618134
2020-12-16 02:33:00+00:00,-44.651058
2020-12-16 02:34:00+00:00,-56.004562
2020-12-16 02:35:00+00:00,-60.412041
2020-12-16 02:36:00+00:00,-57.562935
2020-12-16 02:37:00+00:00,-51.719933
2020-12-16 02:38:00+00:00,-49.021698
2020-12-16 02:39:00+00:00,-49.250443
2020-12-16 02:40:00+00:00,-48.11515
2020-12-16 02:41:00+00:00,-45.089443
2020-12-16 02:42:00+00:00,-38.626434
2020-12-16 02:43:00+00:00,-32.841351
2020-12-16 02:44:00+00:00,-27.864063
2020-12-16 02:45:00+00:00,-21.669178
2020-12-16 02:46:00+00:00,-16.782288
2020-12-16 02:47:00+00:00,-17.091637
2020-12-23 00:00:00+00:00,-67.370163
2020-12-23 00:01:00+00:00,-63.365906
2020-12-23 00:02:00+00:00,-61.317543
2020-12-23 00:03:00+00:00,-60.574921
2020-12-23 00:04:00+00:00,-56.793304
2020-12-23 00:05:00+00:00,-52.19241
2020-12-23 00:06:00+00:00,-47.476318
2020-12-23 00:07:00+00:00,-46.209469
2020-12-23 00:08:00+00:00,-46.054943
2020-12-23 00:09:00+00:00,-44.759789
2020-12-23 00:10:00+00:00,-43.035912
2020-12-23 00:11:00+00:00,-38.543457
2020-12-23 00:12:00+00:00,-33.107597
2020-12-23 00:13:00+00:00,-30.994932
2020-12-23 00:14:00+00:00,-32.494503
2020-12-23 00:15:00+00:00,-30.864115
2020-12-23 00:16:00+00:00,-25.121689
2020-12-23 00:17:00+00:00,-19.631603
2020-12-23 00:18:00+00:00,-18.750973
2020-12-23 00:19:00+00:00,-19.644979
2020-12-23 00:20:00+00:00,-20.368996
2020-12-23 00:21:00+00:00,-24.7145
2020-12-23 00:22:00+00:00,-35.681271
2020-12-23 00:23:00+00:00,-30.882366
2020-12-23 00:24:00+00:00,-31.989626
2020-12-23 00:25:00+00:00,-35.545876
2020-12-23 00:26:00+00:00,-45.496922
2020-12-23 00:27:00+00:00,-47.653198
2020-12-23 00:28:00+00:00,-44.945286
2020-12-23 00:29:00+00:00,-44.759712
2020-12-23 00:30:00+00:00,-56.540512
2020-12-23 00:31:00+00:00,-50.334812
2020-12-23 00:32:00+00:00,-41.448105
2020-12-23 00:33:00+00:00,-50.478226
2020-12-23 00:34:00+00:00,-45.77676
2020-12-23 00:35:00+00:00,-42.917812
2020-12-23 00:36:00+00:00,-42.158798
2020-12-23 00:37:00+00:00,-47.986206
2020-12-23 00:38:00+00:00,-64.508804
2020-12-23 00:39:00+00:00,-77.392403
2020-12-23 00:40:00+00:00,-105.160446
2020-12-23 00:41:00+00:00,-139.970154
2020-12-23 00:42:00+00:00,-145.058868
2020-12-23 00:43:00+00:00,-144.106262
2020-12-23 00:44:00+00:00,-138.223663
2020-12-23 00:45:00+00:00,-140.066833
2020-12-23 00:46:00+00:00,-188.534927
2020-12-23 00:47:00+00:00,-216.907379
2020-12-23 00:48:00+00:00,-239.591232
2020-12-23 00:49:00+00:00,-248.728104
2020-12-23 00:50:00+00:00,-266.207611
2020-12-23 00:51:00+00:00,-244.97699
2020-12-23 00:52:00+00:00,-231.659302
2020-12-23 00:53:00+00:00,-186.238907
2020-12-23 00:54:00+00:00,-154.345734
2020-12-23 00:55:00+00:00,-171.451416
2020-12-23 00:56:00+00:00,-181.816833
2020-12-23 00:57:00+00:00,-184.888275
2020-12-23 00:58:00+00:00,-210.120224
2020-12-23 00:59:00+00:00,-155.186859
2020-12-23 01:00:00+00:00,-157.320755
2020-12-23 01:01:00+00:00,-149.763382
2020-12-23 01:02:00+00:00,-140.281967
2020-12-23 01:03:00+00:00,-152.369827
2020-12-23 01:04:00+00:00,-145.519165
2020-12-23 01:05:00+00:00,-153.903809
2020-12-23 01:06:00+00:00,-145.246399
2020-12-23 01:07:00+00:00,-138.919983
2020-12-23 01:08:00+00:00,-136.706802
2020-12-23 01:09:00+00:00,-147.010162
2020-12-23 01:10:00+00:00,-154.646469
2020-12-23 01:11:00+00:00,-128.463379
2020-12-23 01:12:00+00:00,-116.350548
2020-12-23 01:13:00+00:00,-110.878281
2020-12-23 01:14:00+00:00,-105.541245
2020-12-23 01:15:00+00:00,-114.674385
2020-12-23 01:16:00+00:00,-116.35466
2020-12-23 01:17:00+00:00,-121.361572
2020-12-23 01:18:00+00:00,-126.59967
2020-12-23 01:19:00+00:00,-135.081406
2020-12-23 01:20:00+00:00,-140.094879
2020-12-23 01:21:00+00:00,-134.368622
2020-12-23 01:22:00+00:00,-126.555733
2020-12-23 01:23:00+00:00,-123.279251
2020-12-23 01:24:00+00:00,-123.495422
2020-12-23 01:25:00+00:00,-122.828369
2020-12-23 01:26:00+00:00,-117.492081
2020-12-23 01:27:00+00:00,-116.12532
2020-12-23 01:28:00+00:00,-121.544624
2020-12-23 01:29:00+00:00,-130.071396
2020-12-23 01:30:00+00:00,-136.922516
2020-12-23 01:31:00+00:00,-131.846313
2020-12-23 01:32:00+00:00,-131.265259
2020-12-23 01:33:00+00:00,-136.437531
2020-12-23 01:34:00+00:00,-137.211853
2020-12-23 01:35:00+00:00,-132.791443
2020-12-23 01:36:00+00:00,-128.53183
2020-12-23 01:37:00+00:00,-126.947769
2020-12-23 01:38:00+00:00,-133.490524
2020-12-23 01:39:00+00:00,-133.001968
2020-12-23 01:40:00+00:00,-136.866974
2020-12-23 01:41:00+00:00,-130.227203
2020-12-23 01:42:00+00:00,-126.510498
2020-12-23 01:43:00+00:00,-119.84584
2020-12-23 01:44:00+00:00,-113.326111
2020-12-23 01:45:00+00:00,-106.092972
2020-12-23 01:46:00+00:00,-103.346024
2020-12-23 01:47:00+00:00,-100.056458
2020-12-23 01:48:00+00:00,-95.029358
2020-12-23 01:49:00+00:00,-90.596832
2020-12-23 01:50:00+00:00,-80.169128
2020-12-23 01:51:00+00:00,-69.31958
2020-12-23 01:52:00+00:00,-64.381279
2020-12-23 01:53:00+00:00,-58.68927
2020-12-23 01:54:00+00:00,-122.596115
2020-12-23 01:55:00+00:00,-136.576492
2020-12-23 01:56:00+00:00,-66.47245
2020-12-23 01:57:00+00:00,-71.311928
2020-12-23 01:58:00+00:00,-63.95332
2020-12-23 01:59:00+00:00,-71.430168
2020-12-23 02:00:00+00:00,-67.370636
2020-12-23 02:01:00+00:00,-65.392693
2020-12-23 02:02:00+00:00,-72.64444
2020-12-23 02:03:00+00:00,-82.69368
2020-12-23 02:04:00+00:00,-76.901619
2020-12-23 02:05:00+00:00,-70.830429
2020-12-23 02:06:00+00:00,-68.019409
2020-12-23 02:07:00+00:00,-91.962151
2020-12-23 02:08:00+00:00,-109.905159
2020-12-23 02:09:00+00:00,-109.849464
2020-12-23 02:10:00+00:00,-120.796082
2020-12-23 02:11:00+00:00,-126.74408
2020-12-23 02:12:00+00:00,-127.693504
2020-12-23 02:13:00+00:00,-132.640488
2020-12-23 02:14:00+00:00,-137.584106
2020-12-23 02:15:00+00:00,-144.533188
2020-12-23 02:16:00+00:00,-156.475876
2020-12-23 02:17:00+00:00,-150.489609
2020-12-23 02:18:00+00:00,-148.369598
2020-12-23 02:19:00+00:00,-146.319519
2020-12-23 02:20:00+00:00,-132.493973
2020-12-23 02:21:00+00:00,-127.111359
2020-12-23 02:22:00+00:00,-136.165512
2020-12-23 02:23:00+00:00,-149.12381
2020-12-23 02:24:00+00:00,-156.076233
2020-12-23 02:25:00+00:00,-164.022842
2020-12-23 02:26:00+00:00,-159.977356
2020-12-23 02:27:00+00:00,-234.589188
2020-12-23 02:28:00+00:00,-222.572601
2020-12-23 02:29:00+00:00,-237.150986
2020-12-23 02:30:00+00:00,-234.95668
2020-12-23 02:31:00+00:00,-267.378601
2020-12-23 02:32:00+00:00,-246.26593
2020-12-23 02:33:00+00:00,-236.991653
2020-12-23 02:34:00+00:00,-222.329971
2020-12-23 02:35:00+00:00,-242.903259
2020-12-23 02:36:00+00:00,-236.265564
2020-12-23 02:37:00+00:00,-212.503098
2020-12-23 02:38:00+00:00,-212.904892
2020-12-23 02:39:00+00:00,-184.111572
2020-12-23 02:40:00+00:00,-140.293076
2020-12-23 02:41:00+00:00,-144.85759
2020-12-23 02:42:00+00:00,-134.316803
2020-12-23 02:43:00+00:00,-150.367096
2020-12-23 02:44:00+00:00,-190.355682
2020-12-23 02:45:00+00:00,-218.372574
2020-12-23 02:46:00+00:00,-186.362518
2020-12-23 02:47:00+00:00,-152.341431
2020-12-30 00:00:00+00:00,-22.066917
2020-12-30 00:01:00+00:00,-19.837936
2020-12-30 00:02:00+00:00,-21.996313
2020-12-30 00:03:00+00:00,-23.403606
2020-12-30 00:04:00+00:00,-27.207771
2020-12-30 00:05:00+00:00,-30.817995
2020-12-30 00:06:00+00:00,-29.397371
2020-12-30 00:07:00+00:00,-24.296003
2020-12-30 00:08:00+00:00,-21.654036
2020-12-30 00:09:00+00:00,-22.170204
2020-12-30 00:10:00+00:00,-25.521275
2020-12-30 00:11:00+00:00,-21.212624
2020-12-30 00:12:00+00:00,-18.827269
2020-12-30 00:13:00+00:00,-16.986795
2020-12-30 00:14:00+00:00,-20.820606
2020-12-30 00:15:00+00:00,-21.728123
2020-12-30 00:16:00+00:00,-26.717869
2020-12-30 00:17:00+00:00,-31.825981
2020-12-30 00:18:00+00:00,-35.661629
2020-12-30 00:19:00+00:00,-37.851284
2020-12-30 00:20:00+00:00,-35.595146
2020-12-30 00:21:00+00:00,-28.737951
2020-12-30 00:22:00+00:00,-24.209883
2020-12-30 00:23:00+00:00,-30.099812
2020-12-30 00:24:00+00:00,-33.433624
2020-12-30 00:25:00+00:00,-34.707909
2020-12-30 00:26:00+00:00,-36.387032
2020-12-30 00:27:00+00:00,-41.647266
2020-12-30 00:28:00+00:00,-46.734226
2020-12-30 00:29:00+00:00,-45.69479
2020-12-30 00:30:00+00:00,-38.586098
2020-12-30 00:31:00+00:00,-33.377056
2020-12-30 00:32:00+00:00,-31.764999
2020-12-30 00:33:00+00:00,-32.233768
2020-12-30 00:34:00+00:00,-36.828022
2020-12-30 00:35:00+00:00,-39.451408
2020-12-30 00:36:00+00:00,-37.51107
2020-12-30 00:37:00+00:00,-39.557842
2020-12-30 00:38:00+00:00,-41.079147
2020-12-30 00:39:00+00:00,-40.746891
2020-12-30 00:40:00+00:00,-41.3321
2020-12-30 00:41:00+00:00,-40.267914
2020-12-30 00:42:00+00:00,-39.498695
2020-12-30 00:43:00+00:00,-41.002014
2020-12-30 00:44:00+00:00,-41.205151
2020-12-30 00:45:00+00:00,-44.581768
2020-12-30 00:46:00+00:00,-45.683102
2020-12-30 00:47:00+00:00,-41.723621
2020-12-30 00:48:00+00:00,-38.666718
2020-12-30 00:49:00+00:00,-34.701874
2020-12-30 00:50:00+00:00,-32.828636
2020-12-30 00:51:00+00:00,-32.942345
2020-12-30 00:52:00+00:00,-32.760902
2020-12-30 00:53:00+00:00,-34.79303
2020-12-30 00:54:00+00:00,-34.628315
2020-12-30 00:55:00+00:00,-33.653988
2020-12-30 00:56:00+00:00,-32.735279
2020-12-30 00:57:00+00:00,-33.770485
2020-12-30 00:58:00+00:00,-32.969948
2020-12-30 00:59:00+00:00,-33.968449
2020-12-30 01:00:00+00:00,-32.322353
2020-12-30 01:01:00+00:00,-43.508263
2020-12-30 01:02:00+00:00,-55.2962
2020-12-30 01:03:00+00:00,-58.793816
2020-12-30 01:04:00+00:00,-52.984531
2020-12-30 01:05:00+00:00,-48.674026
2020-12-30 01:06:00+00:00,-49.408215
2020-12-30 01:07:00+00:00,-44.648056
2020-12-30 01:08:00+00:00,-40.912125
2020-12-30 01:09:00+00:00,-43.138908
2020-12-30 01:10:00+00:00,-52.17804
2020-12-30 01:11:00+00:00,-53.512932
2020-12-30 01:12:00+00:00,-47.050663
2020-12-30 01:13:00+00:00,-45.714287
2020-12-30 01:14:00+00:00,-46.498917
2020-12-30 01:15:00+00:00,-47.120522
2020-12-30 01:16:00+00:00,-45.699192
2020-12-30 01:17:00+00:00,-38.937702
2020-12-30 01:18:00+00:00,-31.337843
2020-12-30 01:19:00+00:00,-26.588238
2020-12-30 01:20:00+00:00,-23.244694
2020-12-30 01:21:00+00:00,-21.946022
2020-12-30 01:22:00+00:00,-24.191395
2020-12-30 01:23:00+00:00,-25.980953
2020-12-30 01:24:00+00:00,-26.702538
2020-12-30 01:25:00+00:00,-35.108242
2020-12-30 01:26:00+00:00,-44.245087
2020-12-30 01:27:00+00:00,-54.226494
2020-12-30 01:28:00+00:00,-58.569214
2020-12-30 01:29:00+00:00,-46.906197
2020-12-30 01:30:00+00:00,-44.264931
2020-12-30 01:31:00+00:00,-50.961533
2020-12-30 01:32:00+00:00,-59.264751
2020-12-30 01:33:00+00:00,-60.835602
2020-12-30 01:34:00+00:00,-68.024101
2020-12-30 01:35:00+00:00,-68.919373
2020-12-30 01:36:00+00:00,-76.48455
2020-12-30 01:37:00+00:00,-82.758049
2020-12-30 01:38:00+00:00,-76.50248
2020-12-30 01:39:00+00:00,-75.06443
2020-12-30 01:40:00+00:00,-75.537544
2020-12-30 01:41:00+00:00,-68.934441
2020-12-30 01:42:00+00:00,-56.324348
2020-12-30 01:43:00+00:00,-48.05093
2020-12-30 01:44:00+00:00,-51.432457
2020-12-30 01:45:00+00:00,-51.700275
2020-12-30 01:46:00+00:00,-48.597054
2020-12-30 01:47:00+00:00,-44.195911
2020-12-30 01:48:00+00:00,-41.077259
2020-12-30 01:49:00+00:00,-41.562302
2020-12-30 01:50:00+00:00,-40.734924
2020-12-30 01:51:00+00:00,-41.536438
2020-12-30 01:52:00+00:00,-40.622032
2020-12-30 01:53:00+00:00,-40.84063
2020-12-30 01:54:00+00:00,-40.742882
2020-12-30 01:55:00+00:00,-42.93383
2020-12-30 01:56:00+00:00,-45.720314
2020-12-30 01:57:00+00:00,-53.00425
2020-12-30 01:58:00+00:00,-58.59473
2020-12-30 01:59:00+00:00,-55.6441
2020-12-30 02:00:00+00:00,-55.191349
2020-12-30 02:01:00+00:00,-56.066959
2020-12-30 02:02:00+00:00,-55.129066
2020-12-30 02:03:00+00:00,-55.421513
2020-12-30 02:04:00+00:00,-57.929543
2020-12-30 02:05:00+00:00,-62.250706
2020-12-30 02:06:00+00:00,-61.800159
2020-12-30 02:07:00+00:00,-57.173756
2020-12-30 02:08:00+00:00,-53.42981
2020-12-30 02:09:00+00:00,-57.168564
2020-12-30 02:10:00+00:00,-65.257683
2020-12-30 02:11:00+00:00,-72.546906
2020-12-30 02:12:00+00:00,-76.104729
2020-12-30 02:13:00+00:00,-80.185127
2020-12-30 02:14:00+00:00,-80.040916
2020-12-30 02:15:00+00:00,-84.808777
2020-12-30 02:16:00+00:00,-101.452721
2020-12-30 02:17:00+00:00,-107.866837
2020-12-30 02:18:00+00:00,-110.20356
2020-12-30 02:19:00+00:00,-113.811455
2020-12-30 02:20:00+00:00,-174.783173
2020-12-30 02:21:00+00:00,-151.917175
2020-12-30 02:22:00+00:00,-160.740662
2020-12-30 02:23:00+00:00,-196.784897
2020-12-30 02:24:00+00:00,-201.613403
2020-12-30 02:25:00+00:00,-239.878555
2020-12-30 02:26:00+00:00,-287.225891
2020-12-30 02:27:00+00:00,-317.761871
2020-12-30 02:28:00+00:00,-306.825439
2020-12-30 02:29:00+00:00,-299.507385
2020-12-30 02:30:00+00:00,-311.451355
2020-12-30 02:31:00+00:00,-318.949066
2020-12-30 02:32:00+00:00,-322.008514
2020-12-30 02:33:00+00:00,-321.577728
2020-12-30 02:34:00+00:00,-329.018066
2020-12-30 02:35:00+00:00,-339.03653
2020-12-30 02:36:00+00:00,-342.753235
2020-12-30 02:37:00+00:00,-341.37619
2020-12-30 02:38:00+00:00,-314.380981
2020-12-30 02:39:00+00:00,-301.908203
2020-12-30 02:40:00+00:00,-344.723541
2020-12-30 02:41:00+00:00,-366.606201
2020-12-30 02:42:00+00:00,-361.930298
2020-12-30 02:43:00+00:00,-353.927185
2020-12-30 02:44:00+00:00,-343.874268
2020-12-30 02:45:00+00:00,-293.483429
2020-12-30 02:46:00+00:00,-255.377441
2020-12-30 02:47:00+00:00,-260.812103
