time,SML
2023-01-01 00:00:00+00:00,-67.533829
2023-01-01 00:01:00+00:00,-65.283379
2023-01-01 00:02:00+00:00,-64.754066
2023-01-01 00:03:00+00:00,-66.289894
2023-01-01 00:04:00+00:00,-68.226471
2023-01-01 00:05:00+00:00,-70.598427
2023-01-01 00:06:00+00:00,-70.140968
2023-01-01 00:07:00+00:00,-73.425873
2023-01-01 00:08:00+00:00,-74.485786
2023-01-01 00:09:00+00:00,-76.378181
2023-01-01 00:10:00+00:00,-74.122757
2023-01-01 00:11:00+00:00,-70.717339
2023-01-01 00:12:00+00:00,-66.58844
2023-01-01 00:13:00+00:00,-65.101074
2023-01-01 00:14:00+00:00,-64.408325
2023-01-01 00:15:00+00:00,-65.446472
2023-01-01 00:16:00+00:00,-67.070221
2023-01-01 00:17:00+00:00,-71.715981
2023-01-01 00:18:00+00:00,-75.607567
2023-01-01 00:19:00+00:00,-82.528908
2023-01-01 00:20:00+00:00,-87.180603
2023-01-01 00:21:00+00:00,-88.500702
2023-01-01 00:22:00+00:00,-87.725266
2023-01-01 00:23:00+00:00,-89.494331
2023-01-01 00:24:00+00:00,-87.616783
2023-01-01 00:25:00+00:00,-85.033249
2023-01-01 00:26:00+00:00,-81.013031
2023-01-01 00:27:00+00:00,-78.922318
2023-01-01 00:28:00+00:00,-88.908318
2023-01-01 00:29:00+00:00,-95.894447
2023-01-01 00:30:00+00:00,-101.877754
2023-01-01 00:31:00+00:00,-94.861412
2023-01-01 00:32:00+00:00,-93.844765
2023-01-01 00:33:00+00:00,-89.828758
2023-01-01 00:34:00+00:00,-82.813347
2023-01-01 00:35:00+00:00,-95.79364
2023-01-01 00:36:00+00:00,-88.774483
2023-01-01 00:37:00+00:00,-70.627617
2023-01-01 00:38:00+00:00,-80.781914
2023-01-01 00:39:00+00:00,-88.72007
2023-01-01 00:40:00+00:00,-81.701912
2023-01-01 00:41:00+00:00,-81.683212
2023-01-01 00:42:00+00:00,-98.457176
2023-01-01 00:43:00+00:00,-118.951607
2023-01-01 00:44:00+00:00,-101.910912
2023-01-01 00:45:00+00:00,-88.129967
2023-01-01 00:46:00+00:00,-125.80513
2023-01-01 00:47:00+00:00,-157.784729
2023-01-01 00:48:00+00:00,-128.249496
2023-01-01 00:49:00+00:00,-113.359543
2023-01-01 00:50:00+00:00,-120.103065
2023-01-01 00:51:00+00:00,-109.940956
2023-01-01 00:52:00+00:00,-99.699333
2023-01-01 00:53:00+00:00,-105.426453
2023-01-01 00:54:00+00:00,-123.554222
2023-01-01 00:55:00+00:00,-109.957504
2023-01-01 00:56:00+00:00,-100.608887
2023-01-01 00:57:00+00:00,-89.489754
2023-01-01 00:58:00+00:00,-81.554123
2023-01-01 00:59:00+00:00,-97.052101
2023-01-01 01:00:00+00:00,-86.451538
2023-01-01 01:01:00+00:00,-90.115608
2023-01-01 01:02:00+00:00,-83.275185
2023-01-01 01:03:00+00:00,-70.417778
2023-01-01 01:04:00+00:00,-66.873093
2023-01-01 01:05:00+00:00,-74.570602
2023-01-01 01:06:00+00:00,-90.789925
2023-01-01 01:07:00+00:00,-78.659668
2023-01-01 01:08:00+00:00,-78.653748
2023-01-01 01:09:00+00:00,-82.422653
2023-01-01 01:10:00+00:00,-79.167511
2023-01-01 01:11:00+00:00,-71.802368
2023-01-01 01:12:00+00:00,-64.99128
2023-01-01 01:13:00+00:00,-63.62973
2023-01-01 01:14:00+00:00,-59.723137
2023-01-01 01:15:00+00:00,-72.036972
2023-01-01 01:16:00+00:00,-80.732124
2023-01-01 01:17:00+00:00,-83.085121
2023-01-01 01:18:00+00:00,-75.684753
2023-01-01 01:19:00+00:00,-69.251717
2023-01-01 01:20:00+00:00,-60.949089
2023-01-01 01:21:00+00:00,-49.078632
2023-01-01 01:22:00+00:00,-43.964191
2023-01-01 01:23:00+00:00,-41.466587
2023-01-01 01:24:00+00:00,-48.149254
2023-01-01 01:25:00+00:00,-43.890991
2023-01-01 01:26:00+00:00,-40.664104
2023-01-01 01:27:00+00:00,-36.384892
2023-01-01 01:28:00+00:00,-33.743572
2023-01-01 01:29:00+00:00,-31.242966
2023-01-01 01:30:00+00:00,-32.440926
2023-01-01 01:31:00+00:00,-27.658226
2023-01-01 01:32:00+00:00,-27.599695
2023-01-01 01:33:00+00:00,-29.54228
2023-01-01 01:34:00+00:00,-31.48679
2023-01-01 01:35:00+00:00,-41.447163
2023-01-01 01:36:00+00:00,-52.466133
2023-01-01 01:37:00+00:00,-58.689732
2023-01-01 01:38:00+00:00,-61.934597
2023-01-01 01:39:00+00:00,-65.431953
2023-01-01 01:40:00+00:00,-66.012123
2023-01-01 01:41:00+00:00,-74.263084
2023-01-01 01:42:00+00:00,-78.630226
2023-01-01 01:43:00+00:00,-79.771851
2023-01-01 01:44:00+00:00,-73.044479
2023-01-01 01:45:00+00:00,-62.149372
2023-01-01 01:46:00+00:00,-48.32795
2023-01-01 01:47:00+00:00,-51.972675
2023-01-01 01:48:00+00:00,-55.622063
2023-01-01 01:49:00+00:00,-64.289589
2023-01-01 01:50:00+00:00,-71.869804
2023-01-01 01:51:00+00:00,-86.242599
2023-01-01 01:52:00+00:00,-92.922638
2023-01-01 01:53:00+00:00,-93.753487
2023-01-01 01:54:00+00:00,-106.673592
2023-01-01 01:55:00+00:00,-97.395004
2023-01-01 01:56:00+00:00,-94.215271
2023-01-01 01:57:00+00:00,-94.739319
2023-01-01 01:58:00+00:00,-104.926163
2023-01-01 01:59:00+00:00,-125.461609
2023-01-01 02:00:00+00:00,-177.750534
2023-01-01 02:01:00+00:00,-275.050262
2023-01-01 02:02:00+00:00,-120.958939
2023-01-01 02:03:00+00:00,-148.551208
2023-01-01 02:04:00+00:00,-165.976776
2023-01-01 02:05:00+00:00,-113.26973
2023-01-01 02:06:00+00:00,-128.622391
2023-01-01 02:07:00+00:00,-115.258797
2023-01-01 02:08:00+00:00,-112.4216
2023-01-01 02:09:00+00:00,-122.570999
2023-01-01 02:10:00+00:00,-123.051643
2023-01-01 02:11:00+00:00,-160.439484
2023-01-01 02:12:00+00:00,-150.970001
2023-01-01 02:13:00+00:00,-139.758331
2023-01-01 02:14:00+00:00,-136.075607
2023-01-01 02:15:00+00:00,-142.2612
2023-01-01 02:16:00+00:00,-147.125565
2023-01-01 02:17:00+00:00,-140.953033
2023-01-01 02:18:00+00:00,-126.253265
2023-01-01 02:19:00+00:00,-105.751854
2023-01-01 02:20:00+00:00,-85.853088
2023-01-01 02:21:00+00:00,-66.802071
2023-01-01 02:22:00+00:00,-57.698658
2023-01-01 02:23:00+00:00,-56.326614
2023-01-01 02:24:00+00:00,-49.68602
2023-01-01 02:25:00+00:00,-46.963253
2023-01-01 02:26:00+00:00,-70.572639
2023-01-01 02:27:00+00:00,-70.119186
2023-01-01 02:28:00+00:00,-73.771278
2023-01-01 02:29:00+00:00,-86.384361
2023-01-01 02:30:00+00:00,-113.613724
2023-01-01 02:31:00+00:00,-168.52153
2023-01-01 02:32:00+00:00,-146.046967
2023-01-01 02:33:00+00:00,-191.004196
2023-01-01 02:34:00+00:00,-196.810638
2023-01-01 02:35:00+00:00,-189.989243
2023-01-01 02:36:00+00:00,-219.32132
2023-01-01 02:37:00+00:00,-282.352631
2023-01-01 02:38:00+00:00,-368.152313
2023-01-01 02:39:00+00:00,-346.486145
2023-01-01 02:40:00+00:00,-322.730042
2023-01-01 02:41:00+00:00,-223.285431
2023-01-01 02:42:00+00:00,-181.676788
2023-01-01 02:43:00+00:00,-158.77034
2023-01-01 02:44:00+00:00,-150.62178
2023-01-01 02:45:00+00:00,-171.831757
2023-01-01 02:46:00+00:00,-144.646515
2023-01-01 02:47:00+00:00,-170.162598
2023-01-08 00:00:00+00:00,-50.235416
2023-01-08 00:01:00+00:00,-50.1087
2023-01-08 00:02:00+00:00,-49.785545
2023-01-08 00:03:00+00:00,-49.256374
2023-01-08 00:04:00+00:00,-49.22839
2023-01-08 00:05:00+00:00,-48.897083
2023-01-08 00:06:00+00:00,-49.410652
2023-01-08 00:07:00+00:00,-50.734959
2023-01-08 00:08:00+00:00,-48.506477
2023-01-08 00:09:00+00:00,-49.887493
2023-01-08 00:10:00+00:00,-48.55397
2023-01-08 00:11:00+00:00,-49.822491
2023-01-08 00:12:00+00:00,-50.495968
2023-01-08 00:13:00+00:00,-50.566765
2023-01-08 00:14:00+00:00,-50.093246
2023-01-08 00:15:00+00:00,-50.215084
2023-01-08 00:16:00+00:00,-50.094151
2023-01-08 00:17:00+00:00,-50.175941
2023-01-08 00:18:00+00:00,-50.056335
2023-01-08 00:19:00+00:00,-49.938629
2023-01-08 00:20:00+00:00,-50.123795
2023-01-08 00:21:00+00:00,-50.209267
2023-01-08 00:22:00+00:00,-50.049522
2023-01-08 00:23:00+00:00,-51.089664
2023-01-08 00:24:00+00:00,-51.187286
2023-01-08 00:25:00+00:00,-50.192184
2023-01-08 00:26:00+00:00,-49.143589
2023-01-08 00:27:00+00:00,-48.600277
2023-01-08 00:28:00+00:00,-48.712818
2023-01-08 00:29:00+00:00,-49.27206
2023-01-08 00:30:00+00:00,-50.040592
2023-01-08 00:31:00+00:00,-49.057961
2023-01-08 00:32:00+00:00,-50.473377
2023-01-08 00:33:00+00:00,-50.042778
2023-01-08 00:34:00+00:00,-50.914673
2023-01-08 00:35:00+00:00,-48.241493
2023-01-08 00:36:00+00:00,-49.165573
2023-01-08 00:37:00+00:00,-49.195435
2023-01-08 00:38:00+00:00,-51.074982
2023-01-08 00:39:00+00:00,-48.759373
2023-01-08 00:40:00+00:00,-49.289696
2023-01-08 00:41:00+00:00,-48.929699
2023-01-08 00:42:00+00:00,-48.365013
2023-01-08 00:43:00+00:00,-48.957039
2023-01-08 00:44:00+00:00,-49.250496
2023-01-08 00:45:00+00:00,-49.398376
2023-01-08 00:46:00+00:00,-49.24617
2023-01-08 00:47:00+00:00,-50.094742
2023-01-08 00:48:00+00:00,-50.344551
2023-01-08 00:49:00+00:00,-50.603107
2023-01-08 00:50:00+00:00,-51.163452
2023-01-08 00:51:00+00:00,-51.02932
2023-01-08 00:52:00+00:00,-50.597778
2023-01-08 00:53:00+00:00,-50.866692
2023-01-08 00:54:00+00:00,-51.037315
2023-01-08 00:55:00+00:00,-51.367542
2023-01-08 00:56:00+00:00,-51.496113
2023-01-08 00:57:00+00:00,-51.581314
2023-01-08 00:58:00+00:00,-51.570492
2023-01-08 00:59:00+00:00,-51.758442
2023-01-08 01:00:00+00:00,-51.85463
2023-01-08 01:01:00+00:00,-51.853214
2023-01-08 01:02:00+00:00,-51.45351
2023-01-08 01:03:00+00:00,-51.360481
2023-01-08 01:04:00+00:00,-51.173622
2023-01-08 01:05:00+00:00,-50.490479
2023-01-08 01:06:00+00:00,-50.1604
2023-01-08 01:07:00+00:00,-49.73045
2023-01-08 01:08:00+00:00,-49.856609
2023-01-08 01:09:00+00:00,-49.187206
2023-01-08 01:10:00+00:00,-49.421341
2023-01-08 01:11:00+00:00,-49.65461
2023-01-08 01:12:00+00:00,-49.545101
2023-01-08 01:13:00+00:00,-49.934498
2023-01-08 01:14:00+00:00,-50.277664
2023-01-08 01:15:00+00:00,-50.424305
2023-01-08 01:16:00+00:00,-49.973812
2023-01-08 01:17:00+00:00,-51.273724
2023-01-08 01:18:00+00:00,-51.480183
2023-01-08 01:19:00+00:00,-50.833309
2023-01-08 01:20:00+00:00,-51.186504
2023-01-08 01:21:00+00:00,-51.248569
2023-01-08 01:22:00+00:00,-51.210945
2023-01-08 01:23:00+00:00,-50.774612
2023-01-08 01:24:00+00:00,-50.837898
2023-01-08 01:25:00+00:00,-50.303036
2023-01-08 01:26:00+00:00,-50.466782
2023-01-08 01:27:00+00:00,-50.836842
2023-01-08 01:28:00+00:00,-50.956066
2023-01-08 01:29:00+00:00,-51.279373
2023-01-08 01:30:00+00:00,-51.054798
2023-01-08 01:31:00+00:00,-51.027649
2023-01-08 01:32:00+00:00,-51.402233
2023-01-08 01:33:00+00:00,-52.483082
2023-01-08 01:34:00+00:00,-52.965355
2023-01-08 01:35:00+00:00,-53.149677
2023-01-08 01:36:00+00:00,-53.539787
2023-01-08 01:37:00+00:00,-53.028149
2023-01-08 01:38:00+00:00,-53.120441
2023-01-08 01:39:00+00:00,-53.816517
2023-01-08 01:40:00+00:00,-53.91114
2023-01-08 01:41:00+00:00,-54.208843
2023-01-08 01:42:00+00:00,-54.512211
2023-01-08 01:43:00+00:00,-55.614056
2023-01-08 01:44:00+00:00,-55.617744
2023-01-08 01:45:00+00:00,-55.821945
2023-01-08 01:46:00+00:00,-56.331974
2023-01-08 01:47:00+00:00,-56.839081
2023-01-08 01:48:00+00:00,-57.34507
2023-01-08 01:49:00+00:00,-58.152519
2023-01-08 01:50:00+00:00,-58.460495
2023-01-08 01:51:00+00:00,-58.868469
2023-01-08 01:52:00+00:00,-59.374344
2023-01-08 01:53:00+00:00,-64.366371
2023-01-08 01:54:00+00:00,-62.310368
2023-01-08 01:55:00+00:00,-62.012951
2023-01-08 01:56:00+00:00,-68.095184
2023-01-08 01:57:00+00:00,-68.075584
2023-01-08 01:58:00+00:00,-68.19046
2023-01-08 01:59:00+00:00,-67.286537
2023-01-08 02:00:00+00:00,-68.719101
2023-01-08 02:01:00+00:00,-69.669342
2023-01-08 02:02:00+00:00,-77.450188
2023-01-08 02:03:00+00:00,-77.198296
2023-01-08 02:04:00+00:00,-77.896011
2023-01-08 02:05:00+00:00,-78.001274
2023-01-08 02:06:00+00:00,-79.182083
2023-01-08 02:07:00+00:00,-82.636429
2023-01-08 02:08:00+00:00,-83.611801
2023-01-08 02:09:00+00:00,-81.577629
2023-01-08 02:10:00+00:00,-90.908096
2023-01-08 02:11:00+00:00,-96.977745
2023-01-08 02:12:00+00:00,-100.587273
2023-01-08 02:13:00+00:00,-96.191696
2023-01-08 02:14:00+00:00,-97.798866
2023-01-08 02:15:00+00:00,-104.747368
2023-01-08 02:16:00+00:00,-105.580208
2023-01-08 02:17:00+00:00,-112.334435
2023-01-08 02:18:00+00:00,-170.458862
2023-01-08 02:19:00+00:00,-132.898941
2023-01-08 02:20:00+00:00,-118.568764
2023-01-08 02:21:00+00:00,-144.808136
2023-01-08 02:22:00+00:00,-134.787491
2023-01-08 02:23:00+00:00,-131.275009
2023-01-08 02:24:00+00:00,-123.85997
2023-01-08 02:25:00+00:00,-180.373688
2023-01-08 02:26:00+00:00,-191.793259
2023-01-08 02:27:00+00:00,-203.230072
2023-01-08 02:28:00+00:00,-226.302353
2023-01-08 02:29:00+00:00,-217.277649
2023-01-08 02:30:00+00:00,-209.451111
2023-01-08 02:31:00+00:00,-237.54776
2023-01-08 02:32:00+00:00,-225.082733
2023-01-08 02:33:00+00:00,-219.297424
2023-01-08 02:34:00+00:00,-246.248474
2023-01-08 02:35:00+00:00,-212.521347
2023-01-08 02:36:00+00:00,-219.191925
2023-01-08 02:37:00+00:00,-216.156647
2023-01-08 02:38:00+00:00,-228.667419
2023-01-08 02:39:00+00:00,-236.361023
2023-01-08 02:40:00+00:00,-236.138855
2023-01-08 02:41:00+00:00,-233.791031
2023-01-08 02:42:00+00:00,-227.833191
2023-01-08 02:43:00+00:00,-222.183395
2023-01-08 02:44:00+00:00,-217.94313
2023-01-08 02:45:00+00:00,-216.177094
2023-01-08 02:46:00+00:00,-215.121567
2023-01-08 02:47:00+00:00,-208.906494
2023-01-15 00:00:00+00:00,-163.983521
2023-01-15 00:01:00+00:00,-171.048767
2023-01-15 00:02:00+00:00,-176.586121
2023-01-15 00:03:00+00:00,-179.869873
2023-01-15 00:04:00+00:00,-179.351105
2023-01-15 00:05:00+00:00,-173.17244
2023-01-15 00:06:00+00:00,-166.719254
2023-01-15 00:07:00+00:00,-159.055313
2023-01-15 00:08:00+00:00,-149.261566
2023-01-15 00:09:00+00:00,-145.164093
2023-01-15 00:10:00+00:00,-147.65538
2023-01-15 00:11:00+00:00,-148.738266
2023-01-15 00:12:00+00:00,-147.309113
2023-01-15 00:13:00+00:00,-145.357101
2023-01-15 00:14:00+00:00,-141.371399
2023-01-15 00:15:00+00:00,-136.872772
2023-01-15 00:16:00+00:00,-141.559845
2023-01-15 00:17:00+00:00,-152.489685
2023-01-15 00:18:00+00:00,-160.227127
2023-01-15 00:19:00+00:00,-158.897598
2023-01-15 00:20:00+00:00,-160.263199
2023-01-15 00:21:00+00:00,-156.692505
2023-01-15 00:22:00+00:00,-155.263046
2023-01-15 00:23:00+00:00,-148.470367
2023-01-15 00:24:00+00:00,-148.30304
2023-01-15 00:25:00+00:00,-149.444
2023-01-15 00:26:00+00:00,-146.892227
2023-01-15 00:27:00+00:00,-138.63884
2023-01-15 00:28:00+00:00,-134.980591
2023-01-15 00:29:00+00:00,-130.76796
2023-01-15 00:30:00+00:00,-123.570595
2023-01-15 00:31:00+00:00,-118.931595
2023-01-15 00:32:00+00:00,-104.63427
2023-01-15 00:33:00+00:00,-98.965675
2023-01-15 00:34:00+00:00,-98.04734
2023-01-15 00:35:00+00:00,-94.026665
2023-01-15 00:36:00+00:00,-88.886978
2023-01-15 00:37:00+00:00,-83.711639
2023-01-15 00:38:00+00:00,-82.940742
2023-01-15 00:39:00+00:00,-85.266869
2023-01-15 00:40:00+00:00,-80.76474
2023-01-15 00:41:00+00:00,-79.001732
2023-01-15 00:42:00+00:00,-82.019554
2023-01-15 00:43:00+00:00,-81.721893
2023-01-15 00:44:00+00:00,-80.254303
2023-01-15 00:45:00+00:00,-82.512695
2023-01-15 00:46:00+00:00,-100.696503
2023-01-15 00:47:00+00:00,-115.21228
2023-01-15 00:48:00+00:00,-120.603378
2023-01-15 00:49:00+00:00,-124.986359
2023-01-15 00:50:00+00:00,-132.200348
2023-01-15 00:51:00+00:00,-217.903458
2023-01-15 00:52:00+00:00,-337.989594
2023-01-15 00:53:00+00:00,-235.818008
2023-01-15 00:54:00+00:00,-160.320297
2023-01-15 00:55:00+00:00,-210.90657
2023-01-15 00:56:00+00:00,-266.734985
2023-01-15 00:57:00+00:00,-248.763504
2023-01-15 00:58:00+00:00,-209.603394
2023-01-15 00:59:00+00:00,-235.705963
2023-01-15 01:00:00+00:00,-211.275497
2023-01-15 01:01:00+00:00,-234.8909
2023-01-15 01:02:00+00:00,-349.710846
2023-01-15 01:03:00+00:00,-325.217987
2023-01-15 01:04:00+00:00,-326.852051
2023-01-15 01:05:00+00:00,-349.572632
2023-01-15 01:06:00+00:00,-325.717773
2023-01-15 01:07:00+00:00,-311.580475
2023-01-15 01:08:00+00:00,-281.44986
2023-01-15 01:09:00+00:00,-277.363037
2023-01-15 01:10:00+00:00,-274.285828
2023-01-15 01:11:00+00:00,-259.272034
2023-01-15 01:12:00+00:00,-254.270874
2023-01-15 01:13:00+00:00,-237.223755
2023-01-15 01:14:00+00:00,-221.191299
2023-01-15 01:15:00+00:00,-204.46875
2023-01-15 01:16:00+00:00,-213.206726
2023-01-15 01:17:00+00:00,-200.038544
2023-01-15 01:18:00+00:00,-196.437134
2023-01-15 01:19:00+00:00,-202.947891
2023-01-15 01:20:00+00:00,-195.39679
2023-01-15 01:21:00+00:00,-177.952682
2023-01-15 01:22:00+00:00,-171.036407
2023-01-15 01:23:00+00:00,-164.770523
2023-01-15 01:24:00+00:00,-155.41861
2023-01-15 01:25:00+00:00,-160.050644
2023-01-15 01:26:00+00:00,-163.364044
2023-01-15 01:27:00+00:00,-176.975922
2023-01-15 01:28:00+00:00,-179.539459
2023-01-15 01:29:00+00:00,-158.652237
2023-01-15 01:30:00+00:00,-158.328918
2023-01-15 01:31:00+00:00,-158.763901
2023-01-15 01:32:00+00:00,-153.634094
2023-01-15 01:33:00+00:00,-147.942505
2023-01-15 01:34:00+00:00,-145.969498
2023-01-15 01:35:00+00:00,-134.636017
2023-01-15 01:36:00+00:00,-126.403946
2023-01-15 01:37:00+00:00,-114.637283
2023-01-15 01:38:00+00:00,-101.119911
2023-01-15 01:39:00+00:00,-93.195648
2023-01-15 01:40:00+00:00,-109.451805
2023-01-15 01:41:00+00:00,-119.715759
2023-01-15 01:42:00+00:00,-119.49968
2023-01-15 01:43:00+00:00,-127.97226
2023-01-15 01:44:00+00:00,-146.040482
2023-01-15 01:45:00+00:00,-161.684311
2023-01-15 01:46:00+00:00,-165.614334
2023-01-15 01:47:00+00:00,-165.718826
2023-01-15 01:48:00+00:00,-179.012726
2023-01-15 01:49:00+00:00,-202.421875
2023-01-15 01:50:00+00:00,-192.539062
2023-01-15 01:51:00+00:00,-197.118179
2023-01-15 01:52:00+00:00,-208.609131
2023-01-15 01:53:00+00:00,-211.072571
2023-01-15 01:54:00+00:00,-205.607574
2023-01-15 01:55:00+00:00,-201.247375
2023-01-15 01:56:00+00:00,-211.476028
2023-01-15 01:57:00+00:00,-222.562149
2023-01-15 01:58:00+00:00,-230.811981
2023-01-15 01:59:00+00:00,-242.100922
2023-01-15 02:00:00+00:00,-237.052658
2023-01-15 02:01:00+00:00,-229.244553
2023-01-15 02:02:00+00:00,-223.04509
2023-01-15 02:03:00+00:00,-243.420273
2023-01-15 02:04:00+00:00,-245.497787
2023-01-15 02:05:00+00:00,-233.195602
2023-01-15 02:06:00+00:00,-233.111389
2023-01-15 02:07:00+00:00,-239.388275
2023-01-15 02:08:00+00:00,-240.761169
2023-01-15 02:09:00+00:00,-230.114746
2023-01-15 02:10:00+00:00,-232.369431
2023-01-15 02:11:00+00:00,-229.834915
2023-01-15 02:12:00+00:00,-221.635727
2023-01-15 02:13:00+00:00,-197.679016
2023-01-15 02:14:00+00:00,-192.531464
2023-01-15 02:15:00+00:00,-180.531952
2023-01-15 02:16:00+00:00,-167.85582
2023-01-15 02:17:00+00:00,-149.919449
2023-01-15 02:18:00+00:00,-129.030304
2023-01-15 02:19:00+00:00,-192.819473
2023-01-15 02:20:00+00:00,-224.931931
2023-01-15 02:21:00+00:00,-251.719406
2023-01-15 02:22:00+00:00,-308.370331
2023-01-15 02:23:00+00:00,-308.658142
2023-01-15 02:24:00+00:00,-321.826965
2023-01-15 02:25:00+00:00,-339.752777
2023-01-15 02:26:00+00:00,-364.651825
2023-01-15 02:27:00+00:00,-311.625488
2023-01-15 02:28:00+00:00,-328.098053
2023-01-15 02:29:00+00:00,-368.110321
2023-01-15 02:30:00+00:00,-370.388885
2023-01-15 02:31:00+00:00,-368.615082
2023-01-15 02:32:00+00:00,-437.513153
2023-01-15 02:33:00+00:00,-487.080261
2023-01-15 02:34:00+00:00,-512.449219
2023-01-15 02:35:00+00:00,-511.803497
2023-01-15 02:36:00+00:00,-480.870667
2023-01-15 02:37:00+00:00,-477.845978
2023-01-15 02:38:00+00:00,-500.343628
2023-01-15 02:39:00+00:00,-480.587189
2023-01-15 02:40:00+00:00,-472.412628
2023-01-15 02:41:00+00:00,-493.17627
2023-01-15 02:42:00+00:00,-491.383972
2023-01-15 02:43:00+00:00,-468.421417
2023-01-15 02:44:00+00:00,-456.816864
2023-01-15 02:45:00+00:00,-493.111389
2023-01-15 02:46:00+00:00,-520.146545
2023-01-15 02:47:00+00:00,-507.698853
2023-01-22 00:00:00+00:00,-155.873108
2023-01-22 00:01:00+00:00,-174.57196
2023-01-22 00:02:00+00:00,-186.595016
2023-01-22 00:03:00+00:00,-187.683441
2023-01-22 00:04:00+00:00,-187.182907
2023-01-22 00:05:00+00:00,-190.18219
2023-01-22 00:06:00+00:00,-192.27504
2023-01-22 00:07:00+00:00,-220.801178
2023-01-22 00:08:00+00:00,-247.013947
2023-01-22 00:09:00+00:00,-208.928192
2023-01-22 00:10:00+00:00,-203.855453
2023-01-22 00:11:00+00:00,-206.471802
2023-01-22 00:12:00+00:00,-202.36319
2023-01-22 00:13:00+00:00,-199.02272
2023-01-22 00:14:00+00:00,-206.639664
2023-01-22 00:15:00+00:00,-203.080139
2023-01-22 00:16:00+00:00,-210.025604
2023-01-22 00:17:00+00:00,-214.622116
2023-01-22 00:18:00+00:00,-212.953079
2023-01-22 00:19:00+00:00,-209.105423
2023-01-22 00:20:00+00:00,-204.402405
2023-01-22 00:21:00+00:00,-195.886032
2023-01-22 00:22:00+00:00,-189.005554
2023-01-22 00:23:00+00:00,-179.27951
2023-01-22 00:24:00+00:00,-166.339783
2023-01-22 00:25:00+00:00,-160.01059
2023-01-22 00:26:00+00:00,-160.757767
2023-01-22 00:27:00+00:00,-156.690704
2023-01-22 00:28:00+00:00,-150.190445
2023-01-22 00:29:00+00:00,-142.731277
2023-01-22 00:30:00+00:00,-137.722565
2023-01-22 00:31:00+00:00,-130.990784
2023-01-22 00:32:00+00:00,-123.710976
2023-01-22 00:33:00+00:00,-118.201424
2023-01-22 00:34:00+00:00,-114.178848
2023-01-22 00:35:00+00:00,-117.191017
2023-01-22 00:36:00+00:00,-124.283775
2023-01-22 00:37:00+00:00,-128.015625
2023-01-22 00:38:00+00:00,-125.689224
2023-01-22 00:39:00+00:00,-118.214661
2023-01-22 00:40:00+00:00,-108.862373
2023-01-22 00:41:00+00:00,-99.412552
2023-01-22 00:42:00+00:00,-95.403824
2023-01-22 00:43:00+00:00,-94.433838
2023-01-22 00:44:00+00:00,-92.063126
2023-01-22 00:45:00+00:00,-85.155563
2023-01-22 00:46:00+00:00,-103.299431
2023-01-22 00:47:00+00:00,-120.989311
2023-01-22 00:48:00+00:00,-109.902924
2023-01-22 00:49:00+00:00,-98.18383
2023-01-22 00:50:00+00:00,-113.288086
2023-01-22 00:51:00+00:00,-112.034042
2023-01-22 00:52:00+00:00,-92.720528
2023-01-22 00:53:00+00:00,-71.301643
2023-01-22 00:54:00+00:00,-62.679741
2023-01-22 00:55:00+00:00,-66.092117
2023-01-22 00:56:00+00:00,-53.977249
2023-01-22 00:57:00+00:00,-44.091404
2023-01-22 00:58:00+00:00,-44.638046
2023-01-22 00:59:00+00:00,-64.699394
2023-01-22 01:00:00+00:00,-77.195511
2023-01-22 01:01:00+00:00,-87.753975
2023-01-22 01:02:00+00:00,-90.689491
2023-01-22 01:03:00+00:00,-69.935654
2023-01-22 01:04:00+00:00,-53.017849
2023-01-22 01:05:00+00:00,-44.959465
2023-01-22 01:06:00+00:00,-44.596558
2023-01-22 01:07:00+00:00,-47.905739
2023-01-22 01:08:00+00:00,-61.354671
2023-01-22 01:09:00+00:00,-62.780079
2023-01-22 01:10:00+00:00,-74.365555
2023-01-22 01:11:00+00:00,-83.466576
2023-01-22 01:12:00+00:00,-86.644669
2023-01-22 01:13:00+00:00,-95.88224
2023-01-22 01:14:00+00:00,-105.49279
2023-01-22 01:15:00+00:00,-106.573181
2023-01-22 01:16:00+00:00,-103.198593
2023-01-22 01:17:00+00:00,-88.518456
2023-01-22 01:18:00+00:00,-77.365768
2023-01-22 01:19:00+00:00,-90.719048
2023-01-22 01:20:00+00:00,-98.41423
2023-01-22 01:21:00+00:00,-97.427887
2023-01-22 01:22:00+00:00,-115.927002
2023-01-22 01:23:00+00:00,-117.020966
2023-01-22 01:24:00+00:00,-108.996864
2023-01-22 01:25:00+00:00,-111.890854
2023-01-22 01:26:00+00:00,-106.854294
2023-01-22 01:27:00+00:00,-101.268044
2023-01-22 01:28:00+00:00,-111.861603
2023-01-22 01:29:00+00:00,-107.240433
2023-01-22 01:30:00+00:00,-88.365463
2023-01-22 01:31:00+00:00,-81.857803
2023-01-22 01:32:00+00:00,-73.421539
2023-01-22 01:33:00+00:00,-68.211952
2023-01-22 01:34:00+00:00,-71.434113
2023-01-22 01:35:00+00:00,-71.460091
2023-01-22 01:36:00+00:00,-66.711769
2023-01-22 01:37:00+00:00,-61.429379
2023-01-22 01:38:00+00:00,-60.099464
2023-01-22 01:39:00+00:00,-75.966354
2023-01-22 01:40:00+00:00,-70.631073
2023-01-22 01:41:00+00:00,-73.558456
2023-01-22 01:42:00+00:00,-70.4907
2023-01-22 01:43:00+00:00,-62.752026
2023-01-22 01:44:00+00:00,-50.739891
2023-01-22 01:45:00+00:00,-44.446484
2023-01-22 01:46:00+00:00,-47.697002
2023-01-22 01:47:00+00:00,-47.548088
2023-01-22 01:48:00+00:00,-45.986073
2023-01-22 01:49:00+00:00,-47.080292
2023-01-22 01:50:00+00:00,-44.7575
2023-01-22 01:51:00+00:00,-40.149624
2023-01-22 01:52:00+00:00,-41.597404
2023-01-22 01:53:00+00:00,-44.002327
2023-01-22 01:54:00+00:00,-41.830212
2023-01-22 01:55:00+00:00,-39.450199
2023-01-22 01:56:00+00:00,-36.34959
2023-01-22 01:57:00+00:00,-35.322338
2023-01-22 01:58:00+00:00,-39.166313
2023-01-22 01:59:00+00:00,-46.831665
2023-01-22 02:00:00+00:00,-46.119194
2023-01-22 02:01:00+00:00,-34.225208
2023-01-22 02:02:00+00:00,-26.100447
2023-01-22 02:03:00+00:00,-21.005762
2023-01-22 02:04:00+00:00,-17.951818
2023-01-22 02:05:00+00:00,-17.460125
2023-01-22 02:06:00+00:00,-19.04731
2023-01-22 02:07:00+00:00,-19.941919
2023-01-22 02:08:00+00:00,-20.29339
2023-01-22 02:09:00+00:00,-19.588081
2023-01-22 02:10:00+00:00,-22.326216
2023-01-22 02:11:00+00:00,-28.397717
2023-01-22 02:12:00+00:00,-32.487198
2023-01-22 02:13:00+00:00,-32.209148
2023-01-22 02:14:00+00:00,-31.398956
2023-01-22 02:15:00+00:00,-30.440639
2023-01-22 02:16:00+00:00,-31.25506
2023-01-22 02:17:00+00:00,-32.935944
2023-01-22 02:18:00+00:00,-31.701023
2023-01-22 02:19:00+00:00,-27.722153
2023-01-22 02:20:00+00:00,-21.468044
2023-01-22 02:21:00+00:00,-20.365885
2023-01-22 02:22:00+00:00,-18.38048
2023-01-22 02:23:00+00:00,-15.380237
2023-01-22 02:24:00+00:00,-13.579761
2023-01-22 02:25:00+00:00,-13.289453
2023-01-22 02:26:00+00:00,-13.782228
2023-01-22 02:27:00+00:00,-14.071761
2023-01-22 02:28:00+00:00,-14.245886
2023-01-22 02:29:00+00:00,-14.097687
2023-01-22 02:30:00+00:00,-14.279451
2023-01-22 02:31:00+00:00,-14.019676
2023-01-22 02:32:00+00:00,-13.900374
2023-01-22 02:33:00+00:00,-13.728189
2023-01-22 02:34:00+00:00,-13.573434
2023-01-22 02:35:00+00:00,-12.981035
2023-01-22 02:36:00+00:00,-12.757636
2023-01-22 02:37:00+00:00,-12.61027
2023-01-22 02:38:00+00:00,-12.472533
2023-01-22 02:39:00+00:00,-12.379585
2023-01-22 02:40:00+00:00,-12.809944
2023-01-22 02:41:00+00:00,-12.48041
2023-01-22 02:42:00+00:00,-12.183953
2023-01-22 02:43:00+00:00,-12.428326
2023-01-22 02:44:00+00:00,-12.936314
2023-01-22 02:45:00+00:00,-13.131684
2023-01-22 02:46:00+00:00,-19.400595
2023-01-22 02:47:00+00:00,-24.49807
2023-01-29 00:00:00+00:00,-26.712751
2023-01-29 00:01:00+00:00,-26.613148
2023-01-29 00:02:00+00:00,-26.910202
2023-01-29 00:03:00+00:00,-27.508204
2023-01-29 00:04:00+00:00,-27.702061
2023-01-29 00:05:00+00:00,-28.200745
2023-01-29 00:06:00+00:00,-28.502295
2023-01-29 00:07:00+00:00,-28.7024
2023-01-29 00:08:00+00:00,-28.701441
2023-01-29 00:09:00+00:00,-28.903702
2023-01-29 00:10:00+00:00,-28.404875
2023-01-29 00:11:00+00:00,-28.257687
2023-01-29 00:12:00+00:00,-27.905478
2023-01-29 00:13:00+00:00,-28.305271
2023-01-29 00:14:00+00:00,-27.906273
2023-01-29 00:15:00+00:00,-27.853006
2023-01-29 00:16:00+00:00,-28.301706
2023-01-29 00:17:00+00:00,-28.900801
2023-01-29 00:18:00+00:00,-28.503794
2023-01-29 00:19:00+00:00,-28.304031
2023-01-29 00:20:00+00:00,-28.903069
2023-01-29 00:21:00+00:00,-29.004013
2023-01-29 00:22:00+00:00,-28.106859
2023-01-29 00:23:00+00:00,-28.508467
2023-01-29 00:24:00+00:00,-28.404139
2023-01-29 00:25:00+00:00,-28.407145
2023-01-29 00:26:00+00:00,-28.1581
2023-01-29 00:27:00+00:00,-29.406986
2023-01-29 00:28:00+00:00,-27.110828
2023-01-29 00:29:00+00:00,-26.011803
2023-01-29 00:30:00+00:00,-25.910677
2023-01-29 00:31:00+00:00,-26.961842
2023-01-29 00:32:00+00:00,-26.464222
2023-01-29 00:33:00+00:00,-27.710777
2023-01-29 00:34:00+00:00,-27.709307
2023-01-29 00:35:00+00:00,-27.559414
2023-01-29 00:36:00+00:00,-27.011087
2023-01-29 00:37:00+00:00,-26.904161
2023-01-29 00:38:00+00:00,-27.404644
2023-01-29 00:39:00+00:00,-27.205883
2023-01-29 00:40:00+00:00,-27.153576
2023-01-29 00:41:00+00:00,-26.607084
2023-01-29 00:42:00+00:00,-27.005854
2023-01-29 00:43:00+00:00,-26.90456
2023-01-29 00:44:00+00:00,-26.70554
2023-01-29 00:45:00+00:00,-27.10605
2023-01-29 00:46:00+00:00,-26.803345
2023-01-29 00:47:00+00:00,-26.902885
2023-01-29 00:48:00+00:00,-27.201534
2023-01-29 00:49:00+00:00,-27.847723
2023-01-29 00:50:00+00:00,-28.396128
2023-01-29 00:51:00+00:00,-28.700256
2023-01-29 00:52:00+00:00,-28.699551
2023-01-29 00:53:00+00:00,-28.39986
2023-01-29 00:54:00+00:00,-28.098053
2023-01-29 00:55:00+00:00,-28.096853
2023-01-29 00:56:00+00:00,-28.691168
2023-01-29 00:57:00+00:00,-29.685684
2023-01-29 00:58:00+00:00,-28.336246
2023-01-29 00:59:00+00:00,-26.885036
2023-01-29 01:00:00+00:00,-27.083996
2023-01-29 01:01:00+00:00,-27.482014
2023-01-29 01:02:00+00:00,-27.877985
2023-01-29 01:03:00+00:00,-27.627373
2023-01-29 01:04:00+00:00,-26.775095
2023-01-29 01:05:00+00:00,-26.174662
2023-01-29 01:06:00+00:00,-26.769426
2023-01-29 01:07:00+00:00,-27.065247
2023-01-29 01:08:00+00:00,-26.46446
2023-01-29 01:09:00+00:00,-27.058859
2023-01-29 01:10:00+00:00,-27.399218
2023-01-29 01:11:00+00:00,-26.948414
2023-01-29 01:12:00+00:00,-27.339275
2023-01-29 01:13:00+00:00,-27.638197
2023-01-29 01:14:00+00:00,-27.233841
2023-01-29 01:15:00+00:00,-27.430893
2023-01-29 01:16:00+00:00,-27.327003
2023-01-29 01:17:00+00:00,-27.42412
2023-01-29 01:18:00+00:00,-27.417553
2023-01-29 01:19:00+00:00,-26.914717
2023-01-29 01:20:00+00:00,-26.511312
2023-01-29 01:21:00+00:00,-26.701473
2023-01-29 01:22:00+00:00,-26.496914
2023-01-29 01:23:00+00:00,-26.090992
2023-01-29 01:24:00+00:00,-25.88409
2023-01-29 01:25:00+00:00,-25.87425
2023-01-29 01:26:00+00:00,-26.166916
2023-01-29 01:27:00+00:00,-26.258221
2023-01-29 01:28:00+00:00,-25.152042
2023-01-29 01:29:00+00:00,-24.547598
2023-01-29 01:30:00+00:00,-24.538628
2023-01-29 01:31:00+00:00,-24.529474
2023-01-29 01:32:00+00:00,-24.621737
2023-01-29 01:33:00+00:00,-24.516582
2023-01-29 01:34:00+00:00,-24.610491
2023-01-29 01:35:00+00:00,-24.005024
2023-01-29 01:36:00+00:00,-24.891581
2023-01-29 01:37:00+00:00,-25.531878
2023-01-29 01:38:00+00:00,-25.775518
2023-01-29 01:39:00+00:00,-25.368593
2023-01-29 01:40:00+00:00,-25.260317
2023-01-29 01:41:00+00:00,-25.351044
2023-01-29 01:42:00+00:00,-25.636925
2023-01-29 01:43:00+00:00,-26.225351
2023-01-29 01:44:00+00:00,-26.417095
2023-01-29 01:45:00+00:00,-26.509031
2023-01-29 01:46:00+00:00,-26.499201
2023-01-29 01:47:00+00:00,-26.985254
2023-01-29 01:48:00+00:00,-26.68008
2023-01-29 01:49:00+00:00,-26.466486
2023-01-29 01:50:00+00:00,-26.75267
2023-01-29 01:51:00+00:00,-26.544491
2023-01-29 01:52:00+00:00,-26.736471
2023-01-29 01:53:00+00:00,-25.623531
2023-01-29 01:54:00+00:00,-26.408791
2023-01-29 01:55:00+00:00,-26.549278
2023-01-29 01:56:00+00:00,-26.09182
2023-01-29 01:57:00+00:00,-26.673216
2023-01-29 01:58:00+00:00,-25.36764
2023-01-29 01:59:00+00:00,-25.251259
2023-01-29 02:00:00+00:00,-25.937349
2023-01-29 02:01:00+00:00,-25.922003
2023-01-29 02:02:00+00:00,-26.107561
2023-01-29 02:03:00+00:00,-26.638563
2023-01-29 02:04:00+00:00,-26.479856
2023-01-29 02:05:00+00:00,-26.465429
2023-01-29 02:06:00+00:00,-26.151928
2023-01-29 02:07:00+00:00,-27.033495
2023-01-29 02:08:00+00:00,-27.018339
2023-01-29 02:09:00+00:00,-27.100607
2023-01-29 02:10:00+00:00,-27.284206
2023-01-29 02:11:00+00:00,-27.668695
2023-01-29 02:12:00+00:00,-28.252239
2023-01-29 02:13:00+00:00,-27.933224
2023-01-29 02:14:00+00:00,-28.012434
2023-01-29 02:15:00+00:00,-28.894173
2023-01-29 02:16:00+00:00,-29.375317
2023-01-29 02:17:00+00:00,-28.551573
2023-01-29 02:18:00+00:00,-28.631935
2023-01-29 02:19:00+00:00,-28.212105
2023-01-29 02:20:00+00:00,-28.442482
2023-01-29 02:21:00+00:00,-27.582834
2023-01-29 02:22:00+00:00,-27.469103
2023-01-29 02:23:00+00:00,-26.902077
2023-01-29 02:24:00+00:00,-26.233318
2023-01-29 02:25:00+00:00,-25.718695
2023-01-29 02:26:00+00:00,-26.004625
2023-01-29 02:27:00+00:00,-26.58539
2023-01-29 02:28:00+00:00,-27.259758
2023-01-29 02:29:00+00:00,-27.133198
2023-01-29 02:30:00+00:00,-27.360012
2023-01-29 02:31:00+00:00,-27.393259
2023-01-29 02:32:00+00:00,-27.074675
2023-01-29 02:33:00+00:00,-26.546846
2023-01-29 02:34:00+00:00,-26.624239
2023-01-29 02:35:00+00:00,-26.607639
2023-01-29 02:36:00+00:00,-26.588858
2023-01-29 02:37:00+00:00,-26.218294
2023-01-29 02:38:00+00:00,-25.80455
2023-01-29 02:39:00+00:00,-26.232405
2023-01-29 02:40:00+00:00,-26.710848
2023-01-29 02:41:00+00:00,-26.788641
2023-01-29 02:42:00+00:00,-27.063608
2023-01-29 02:43:00+00:00,-27.244663
2023-01-29 02:44:00+00:00,-27.521271
2023-01-29 02:45:00+00:00,-27.598518
2023-01-29 02:46:00+00:00,-28.173681
2023-01-29 02:47:00+00:00,-28.549503
2023-02-05 00:00:00+00:00,-39.579399
2023-02-05 00:01:00+00:00,-39.406219
2023-02-05 00:02:00+00:00,-39.453991
2023-02-05 00:03:00+00:00,-39.548923
2023-02-05 00:04:00+00:00,-39.671379
2023-02-05 00:05:00+00:00,-39.864407
2023-02-05 00:06:00+00:00,-39.932598
2023-02-05 00:07:00+00:00,-40.02837
2023-02-05 00:08:00+00:00,-40.264908
2023-02-05 00:09:00+00:00,-40.130569
2023-02-05 00:10:00+00:00,-40.113541
2023-02-05 00:11:00+00:00,-40.206081
2023-02-05 00:12:00+00:00,-40.269428
2023-02-05 00:13:00+00:00,-40.190365
2023-02-05 00:14:00+00:00,-40.140682
2023-02-05 00:15:00+00:00,-40.233727
2023-02-05 00:16:00+00:00,-40.154961
2023-02-05 00:17:00+00:00,-39.931759
2023-02-05 00:18:00+00:00,-40.048508
2023-02-05 00:19:00+00:00,-40.044201
2023-02-05 00:20:00+00:00,-39.952095
2023-02-05 00:21:00+00:00,-39.959614
2023-02-05 00:22:00+00:00,-39.892982
2023-02-05 00:23:00+00:00,-39.793148
2023-02-05 00:24:00+00:00,-39.873043
2023-02-05 00:25:00+00:00,-40.021278
2023-02-05 00:26:00+00:00,-39.993755
2023-02-05 00:27:00+00:00,-40.075562
2023-02-05 00:28:00+00:00,-39.989403
2023-02-05 00:29:00+00:00,-40.078964
2023-02-05 00:30:00+00:00,-39.957569
2023-02-05 00:31:00+00:00,-39.781487
2023-02-05 00:32:00+00:00,-39.513721
2023-02-05 00:33:00+00:00,-39.435547
2023-02-05 00:34:00+00:00,-39.35939
2023-02-05 00:35:00+00:00,-39.328278
2023-02-05 00:36:00+00:00,-39.344093
2023-02-05 00:37:00+00:00,-39.29361
2023-02-05 00:38:00+00:00,-39.311523
2023-02-05 00:39:00+00:00,-39.354919
2023-02-05 00:40:00+00:00,-39.23233
2023-02-05 00:41:00+00:00,-39.156689
2023-02-05 00:42:00+00:00,-38.91114
2023-02-05 00:43:00+00:00,-38.882446
2023-02-05 00:44:00+00:00,-38.949463
2023-02-05 00:45:00+00:00,-38.620033
2023-02-05 00:46:00+00:00,-38.581612
2023-02-05 00:47:00+00:00,-38.482647
2023-02-05 00:48:00+00:00,-38.356358
2023-02-05 00:49:00+00:00,-38.526917
2023-02-05 00:50:00+00:00,-38.666229
2023-02-05 00:51:00+00:00,-38.709793
2023-02-05 00:52:00+00:00,-38.946709
2023-02-05 00:53:00+00:00,-39.162079
2023-02-05 00:54:00+00:00,-39.182121
2023-02-05 00:55:00+00:00,-39.13372
2023-02-05 00:56:00+00:00,-39.106777
2023-02-05 00:57:00+00:00,-39.105129
2023-02-05 00:58:00+00:00,-39.054607
2023-02-05 00:59:00+00:00,-39.125072
2023-02-05 01:00:00+00:00,-39.050945
2023-02-05 01:01:00+00:00,-38.830303
2023-02-05 01:02:00+00:00,-39.14098
2023-02-05 01:03:00+00:00,-39.186123
2023-02-05 01:04:00+00:00,-39.377773
2023-02-05 01:05:00+00:00,-39.52066
2023-02-05 01:06:00+00:00,-39.753395
2023-02-05 01:07:00+00:00,-39.597504
2023-02-05 01:08:00+00:00,-39.562687
2023-02-05 01:09:00+00:00,-39.615788
2023-02-05 01:10:00+00:00,-39.678616
2023-02-05 01:11:00+00:00,-39.657459
2023-02-05 01:12:00+00:00,-39.396011
2023-02-05 01:13:00+00:00,-39.087669
2023-02-05 01:14:00+00:00,-38.90229
2023-02-05 01:15:00+00:00,-38.78133
2023-02-05 01:16:00+00:00,-38.730579
2023-02-05 01:17:00+00:00,-38.777393
2023-02-05 01:18:00+00:00,-38.738209
2023-02-05 01:19:00+00:00,-38.796539
2023-02-05 01:20:00+00:00,-38.913376
2023-02-05 01:21:00+00:00,-38.981224
2023-02-05 01:22:00+00:00,-38.892715
2023-02-05 01:23:00+00:00,-38.852856
2023-02-05 01:24:00+00:00,-38.945679
2023-02-05 01:25:00+00:00,-38.940643
2023-02-05 01:26:00+00:00,-39.009678
2023-02-05 01:27:00+00:00,-38.974972
2023-02-05 01:28:00+00:00,-39.069008
2023-02-05 01:29:00+00:00,-39.110054
2023-02-05 01:30:00+00:00,-39.223186
2023-02-05 01:31:00+00:00,-39.097778
2023-02-05 01:32:00+00:00,-39.187023
2023-02-05 01:33:00+00:00,-39.037849
2023-02-05 01:34:00+00:00,-38.886497
2023-02-05 01:35:00+00:00,-38.881512
2023-02-05 01:36:00+00:00,-38.850918
2023-02-05 01:37:00+00:00,-38.843658
2023-02-05 01:38:00+00:00,-38.761978
2023-02-05 01:39:00+00:00,-38.682163
2023-02-05 01:40:00+00:00,-38.57872
2023-02-05 01:41:00+00:00,-38.580673
2023-02-05 01:42:00+00:00,-38.658619
2023-02-05 01:43:00+00:00,-38.769711
2023-02-05 01:44:00+00:00,-38.616966
2023-02-05 01:45:00+00:00,-38.608711
2023-02-05 01:46:00+00:00,-38.600304
2023-02-05 01:47:00+00:00,-38.617195
2023-02-05 01:48:00+00:00,-38.751263
2023-02-05 01:49:00+00:00,-38.814877
2023-02-05 01:50:00+00:00,-38.829666
2023-02-05 01:51:00+00:00,-38.746674
2023-02-05 01:52:00+00:00,-38.607052
2023-02-05 01:53:00+00:00,-38.563026
2023-02-05 01:54:00+00:00,-38.532696
2023-02-05 01:55:00+00:00,-38.806961
2023-02-05 01:56:00+00:00,-38.884003
2023-02-05 01:57:00+00:00,-38.970726
2023-02-05 01:58:00+00:00,-39.082893
2023-02-05 01:59:00+00:00,-39.073902
2023-02-05 02:00:00+00:00,-39.236855
2023-02-05 02:01:00+00:00,-39.274681
2023-02-05 02:02:00+00:00,-39.265518
2023-02-05 02:03:00+00:00,-39.254353
2023-02-05 02:04:00+00:00,-39.246922
2023-02-05 02:05:00+00:00,-39.11446
2023-02-05 02:06:00+00:00,-39.128319
2023-02-05 02:07:00+00:00,-38.999588
2023-02-05 02:08:00+00:00,-38.890236
2023-02-05 02:09:00+00:00,-38.954716
2023-02-05 02:10:00+00:00,-38.774914
2023-02-05 02:11:00+00:00,-38.645908
2023-02-05 02:12:00+00:00,-38.635918
2023-02-05 02:13:00+00:00,-38.72361
2023-02-05 02:14:00+00:00,-38.692055
2023-02-05 02:15:00+00:00,-38.779678
2023-02-05 02:16:00+00:00,-38.841812
2023-02-05 02:17:00+00:00,-38.90588
2023-02-05 02:18:00+00:00,-39.016888
2023-02-05 02:19:00+00:00,-39.344608
2023-02-05 02:20:00+00:00,-39.555222
2023-02-05 02:21:00+00:00,-39.687645
2023-02-05 02:22:00+00:00,-39.409996
2023-02-05 02:23:00+00:00,-38.966282
2023-02-05 02:24:00+00:00,-38.895718
2023-02-05 02:25:00+00:00,-38.946209
2023-02-05 02:26:00+00:00,-38.957752
2023-02-05 02:27:00+00:00,-38.926304
2023-02-05 02:28:00+00:00,-38.893028
2023-02-05 02:29:00+00:00,-38.762085
2023-02-05 02:30:00+00:00,-38.631287
2023-02-05 02:31:00+00:00,-38.644962
2023-02-05 02:32:00+00:00,-38.785564
2023-02-05 02:33:00+00:00,-38.728943
2023-02-05 02:34:00+00:00,-38.525742
2023-02-05 02:35:00+00:00,-38.346035
2023-02-05 02:36:00+00:00,-38.263897
2023-02-05 02:37:00+00:00,-38.058773
2023-02-05 02:38:00+00:00,-38.070374
2023-02-05 02:39:00+00:00,-37.992199
2023-02-05 02:40:00+00:00,-37.540909
2023-02-05 02:41:00+00:00,-37.644386
2023-02-05 02:42:00+00:00,-38.120853
2023-02-05 02:43:00+00:00,-38.290771
2023-02-05 02:44:00+00:00,-38.247742
2023-02-05 02:45:00+00:00,-38.380596
2023-02-05 02:46:00+00:00,-38.405987
2023-02-05 02:47:00+00:00,-38.41188
2023-02-12 00:00:00+00:00,-39.552601
2023-02-12 00:01:00+00:00,-42.493397
2023-02-12 00:02:00+00:00,-43.87085
2023-02-12 00:03:00+00:00,-47.62291
2023-02-12 00:04:00+00:00,-48.06554
2023-02-12 00:05:00+00:00,-47.146458
2023-02-12 00:06:00+00:00,-50.719265
2023-02-12 00:07:00+00:00,-43.928318
2023-02-12 00:08:00+00:00,-75.428329
2023-02-12 00:09:00+00:00,-56.158588
2023-02-12 00:10:00+00:00,-62.183834
2023-02-12 00:11:00+00:00,-80.174706
2023-02-12 00:12:00+00:00,-59.101917
2023-02-12 00:13:00+00:00,-67.180557
2023-02-12 00:14:00+00:00,-65.031792
2023-02-12 00:15:00+00:00,-60.40654
2023-02-12 00:16:00+00:00,-56.457047
2023-02-12 00:17:00+00:00,-64.415855
2023-02-12 00:18:00+00:00,-89.25145
2023-02-12 00:19:00+00:00,-129.018265
2023-02-12 00:20:00+00:00,-181.256073
2023-02-12 00:21:00+00:00,-171.675156
2023-02-12 00:22:00+00:00,-137.893387
2023-02-12 00:23:00+00:00,-115.069321
2023-02-12 00:24:00+00:00,-103.092278
2023-02-12 00:25:00+00:00,-123.150131
2023-02-12 00:26:00+00:00,-137.680023
2023-02-12 00:27:00+00:00,-152.660904
2023-02-12 00:28:00+00:00,-108.485916
2023-02-12 00:29:00+00:00,-107.852776
2023-02-12 00:30:00+00:00,-109.059631
2023-02-12 00:31:00+00:00,-101.194626
2023-02-12 00:32:00+00:00,-98.24353
2023-02-12 00:33:00+00:00,-95.947723
2023-02-12 00:34:00+00:00,-112.358429
2023-02-12 00:35:00+00:00,-99.706604
2023-02-12 00:36:00+00:00,-97.413506
2023-02-12 00:37:00+00:00,-97.321518
2023-02-12 00:38:00+00:00,-98.255272
2023-02-12 00:39:00+00:00,-94.889191
2023-02-12 00:40:00+00:00,-94.71476
2023-02-12 00:41:00+00:00,-92.101227
2023-02-12 00:42:00+00:00,-90.5868
2023-02-12 00:43:00+00:00,-89.308426
2023-02-12 00:44:00+00:00,-87.535172
2023-02-12 00:45:00+00:00,-87.399597
2023-02-12 00:46:00+00:00,-89.234482
2023-02-12 00:47:00+00:00,-86.75518
2023-02-12 00:48:00+00:00,-81.149658
2023-02-12 00:49:00+00:00,-79.565933
2023-02-12 00:50:00+00:00,-77.541534
2023-02-12 00:51:00+00:00,-72.991119
2023-02-12 00:52:00+00:00,-72.501991
2023-02-12 00:53:00+00:00,-67.037201
2023-02-12 00:54:00+00:00,-65.706886
2023-02-12 00:55:00+00:00,-62.804012
2023-02-12 00:56:00+00:00,-73.644135
2023-02-12 00:57:00+00:00,-70.908707
2023-02-12 00:58:00+00:00,-59.258053
2023-02-12 00:59:00+00:00,-58.483986
2023-02-12 01:00:00+00:00,-67.424461
2023-02-12 01:01:00+00:00,-81.967522
2023-02-12 01:02:00+00:00,-86.33593
2023-02-12 01:03:00+00:00,-99.352036
2023-02-12 01:04:00+00:00,-111.0821
2023-02-12 01:05:00+00:00,-72.260529
2023-02-12 01:06:00+00:00,-49.381691
2023-02-12 01:07:00+00:00,-47.091484
2023-02-12 01:08:00+00:00,-51.668144
2023-02-12 01:09:00+00:00,-49.011311
2023-02-12 01:10:00+00:00,-40.874645
2023-02-12 01:11:00+00:00,-48.493526
2023-02-12 01:12:00+00:00,-59.93502
2023-02-12 01:13:00+00:00,-69.461197
2023-02-12 01:14:00+00:00,-66.227325
2023-02-12 01:15:00+00:00,-63.047791
2023-02-12 01:16:00+00:00,-71.230347
2023-02-12 01:17:00+00:00,-71.661217
2023-02-12 01:18:00+00:00,-72.127678
2023-02-12 01:19:00+00:00,-82.203728
2023-02-12 01:20:00+00:00,-89.893555
2023-02-12 01:21:00+00:00,-95.520279
2023-02-12 01:22:00+00:00,-106.273544
2023-02-12 01:23:00+00:00,-119.434372
2023-02-12 01:24:00+00:00,-111.546539
2023-02-12 01:25:00+00:00,-101.086693
2023-02-12 01:26:00+00:00,-105.758759
2023-02-12 01:27:00+00:00,-93.507584
2023-02-12 01:28:00+00:00,-96.042412
2023-02-12 01:29:00+00:00,-99.978218
2023-02-12 01:30:00+00:00,-102.24366
2023-02-12 01:31:00+00:00,-92.028625
2023-02-12 01:32:00+00:00,-100.242355
2023-02-12 01:33:00+00:00,-102.982857
2023-02-12 01:34:00+00:00,-117.934555
2023-02-12 01:35:00+00:00,-112.254845
2023-02-12 01:36:00+00:00,-115.238495
2023-02-12 01:37:00+00:00,-111.265556
2023-02-12 01:38:00+00:00,-117.186485
2023-02-12 01:39:00+00:00,-120.341255
2023-02-12 01:40:00+00:00,-117.099884
2023-02-12 01:41:00+00:00,-116.415611
2023-02-12 01:42:00+00:00,-101.567642
2023-02-12 01:43:00+00:00,-130.891846
2023-02-12 01:44:00+00:00,-145.433426
2023-02-12 01:45:00+00:00,-135.886353
2023-02-12 01:46:00+00:00,-124.341003
2023-02-12 01:47:00+00:00,-126.095131
2023-02-12 01:48:00+00:00,-138.358276
2023-02-12 01:49:00+00:00,-139.368134
2023-02-12 01:50:00+00:00,-126.512978
2023-02-12 01:51:00+00:00,-123.267883
2023-02-12 01:52:00+00:00,-135.200638
2023-02-12 01:53:00+00:00,-137.400513
2023-02-12 01:54:00+00:00,-136.032883
2023-02-12 01:55:00+00:00,-115.049736
2023-02-12 01:56:00+00:00,-125.037163
2023-02-12 01:57:00+00:00,-131.751175
2023-02-12 01:58:00+00:00,-127.403824
2023-02-12 01:59:00+00:00,-123.297676
2023-02-12 02:00:00+00:00,-125.008476
2023-02-12 02:01:00+00:00,-120.21949
2023-02-12 02:02:00+00:00,-112.238739
2023-02-12 02:03:00+00:00,-105.497528
2023-02-12 02:04:00+00:00,-110.80957
2023-02-12 02:05:00+00:00,-117.747864
2023-02-12 02:06:00+00:00,-126.260582
2023-02-12 02:07:00+00:00,-140.98465
2023-02-12 02:08:00+00:00,-147.632202
2023-02-12 02:09:00+00:00,-154.008621
2023-02-12 02:10:00+00:00,-150.404678
2023-02-12 02:11:00+00:00,-134.332748
2023-02-12 02:12:00+00:00,-128.380005
2023-02-12 02:13:00+00:00,-134.350357
2023-02-12 02:14:00+00:00,-141.051147
2023-02-12 02:15:00+00:00,-135.623108
2023-02-12 02:16:00+00:00,-129.268936
2023-02-12 02:17:00+00:00,-117.995239
2023-02-12 02:18:00+00:00,-105.71138
2023-02-12 02:19:00+00:00,-93.607544
2023-02-12 02:20:00+00:00,-98.556351
2023-02-12 02:21:00+00:00,-110.649727
2023-02-12 02:22:00+00:00,-114.62487
2023-02-12 02:23:00+00:00,-115.038315
2023-02-12 02:24:00+00:00,-116.239761
2023-02-12 02:25:00+00:00,-121.969299
2023-02-12 02:26:00+00:00,-122.631371
2023-02-12 02:27:00+00:00,-139.311508
2023-02-12 02:28:00+00:00,-157.749832
2023-02-12 02:29:00+00:00,-166.808594
2023-02-12 02:30:00+00:00,-160.500748
2023-02-12 02:31:00+00:00,-148.134323
2023-02-12 02:32:00+00:00,-147.568649
2023-02-12 02:33:00+00:00,-144.939728
2023-02-12 02:34:00+00:00,-123.932487
2023-02-12 02:35:00+00:00,-105.352402
2023-02-12 02:36:00+00:00,-95.807709
2023-02-12 02:37:00+00:00,-84.257248
2023-02-12 02:38:00+00:00,-74.147575
2023-02-12 02:39:00+00:00,-75.147057
2023-02-12 02:40:00+00:00,-80.116745
2023-02-12 02:41:00+00:00,-83.857399
2023-02-12 02:42:00+00:00,-93.006378
2023-02-12 02:43:00+00:00,-98.485565
2023-02-12 02:44:00+00:00,-100.590508
2023-02-12 02:45:00+00:00,-96.963333
2023-02-12 02:46:00+00:00,-93.995728
2023-02-12 02:47:00+00:00,-91.345482
2023-02-19 00:00:00+00:00,-174.775742
2023-02-19 00:01:00+00:00,-151.754974
2023-02-19 00:02:00+00:00,-150.325073
2023-02-19 00:03:00+00:00,-151.620758
2023-02-19 00:04:00+00:00,-182.946732
2023-02-19 00:05:00+00:00,-180.455948
2023-02-19 00:06:00+00:00,-168.600616
2023-02-19 00:07:00+00:00,-159.760696
2023-02-19 00:08:00+00:00,-141.889908
2023-02-19 00:09:00+00:00,-155.753021
2023-02-19 00:10:00+00:00,-146.171753
2023-02-19 00:11:00+00:00,-132.02063
2023-02-19 00:12:00+00:00,-151.090088
2023-02-19 00:13:00+00:00,-166.583679
2023-02-19 00:14:00+00:00,-182.256409
2023-02-19 00:15:00+00:00,-188.855148
2023-02-19 00:16:00+00:00,-179.7883
2023-02-19 00:17:00+00:00,-173.582062
2023-02-19 00:18:00+00:00,-173.391907
2023-02-19 00:19:00+00:00,-173.089722
2023-02-19 00:20:00+00:00,-171.906174
2023-02-19 00:21:00+00:00,-167.94754
2023-02-19 00:22:00+00:00,-162.879044
2023-02-19 00:23:00+00:00,-158.013016
2023-02-19 00:24:00+00:00,-152.088913
2023-02-19 00:25:00+00:00,-146.46431
2023-02-19 00:26:00+00:00,-141.436493
2023-02-19 00:27:00+00:00,-137.499405
2023-02-19 00:28:00+00:00,-132.984146
2023-02-19 00:29:00+00:00,-125.443436
2023-02-19 00:30:00+00:00,-120.701561
2023-02-19 00:31:00+00:00,-122.858971
2023-02-19 00:32:00+00:00,-131.34584
2023-02-19 00:33:00+00:00,-143.648026
2023-02-19 00:34:00+00:00,-181.219742
2023-02-19 00:35:00+00:00,-259.945679
2023-02-19 00:36:00+00:00,-339.167664
2023-02-19 00:37:00+00:00,-377.848236
2023-02-19 00:38:00+00:00,-367.59967
2023-02-19 00:39:00+00:00,-348.210175
2023-02-19 00:40:00+00:00,-392.378571
2023-02-19 00:41:00+00:00,-352.776154
2023-02-19 00:42:00+00:00,-377.857025
2023-02-19 00:43:00+00:00,-319.533722
2023-02-19 00:44:00+00:00,-339.610352
2023-02-19 00:45:00+00:00,-366.057373
2023-02-19 00:46:00+00:00,-384.311615
2023-02-19 00:47:00+00:00,-408.88501
2023-02-19 00:48:00+00:00,-427.935547
2023-02-19 00:49:00+00:00,-427.007294
2023-02-19 00:50:00+00:00,-414.949677
2023-02-19 00:51:00+00:00,-409.469177
2023-02-19 00:52:00+00:00,-392.946869
2023-02-19 00:53:00+00:00,-402.94223
2023-02-19 00:54:00+00:00,-372.554688
2023-02-19 00:55:00+00:00,-368.316681
2023-02-19 00:56:00+00:00,-356.992218
2023-02-19 00:57:00+00:00,-349.850189
2023-02-19 00:58:00+00:00,-345.716583
2023-02-19 00:59:00+00:00,-347.842255
2023-02-19 01:00:00+00:00,-353.711853
2023-02-19 01:01:00+00:00,-361.345764
2023-02-19 01:02:00+00:00,-362.195709
2023-02-19 01:03:00+00:00,-369.308167
2023-02-19 01:04:00+00:00,-353.01059
2023-02-19 01:05:00+00:00,-328.740051
2023-02-19 01:06:00+00:00,-315.364136
2023-02-19 01:07:00+00:00,-309.190002
2023-02-19 01:08:00+00:00,-301.215088
2023-02-19 01:09:00+00:00,-291.116669
2023-02-19 01:10:00+00:00,-292.462494
2023-02-19 01:11:00+00:00,-285.471863
2023-02-19 01:12:00+00:00,-283.827454
2023-02-19 01:13:00+00:00,-279.844604
2023-02-19 01:14:00+00:00,-274.340881
2023-02-19 01:15:00+00:00,-280.370728
2023-02-19 01:16:00+00:00,-274.154022
2023-02-19 01:17:00+00:00,-271.067505
2023-02-19 01:18:00+00:00,-273.037079
2023-02-19 01:19:00+00:00,-269.837921
2023-02-19 01:20:00+00:00,-259.342224
2023-02-19 01:21:00+00:00,-239.811539
2023-02-19 01:22:00+00:00,-224.471527
2023-02-19 01:23:00+00:00,-207.524139
2023-02-19 01:24:00+00:00,-191.647232
2023-02-19 01:25:00+00:00,-180.060364
2023-02-19 01:26:00+00:00,-169.849518
2023-02-19 01:27:00+00:00,-159.835861
2023-02-19 01:28:00+00:00,-153.641449
2023-02-19 01:29:00+00:00,-144.454803
2023-02-19 01:30:00+00:00,-134.702499
2023-02-19 01:31:00+00:00,-128.888016
2023-02-19 01:32:00+00:00,-119.907143
2023-02-19 01:33:00+00:00,-116.031425
2023-02-19 01:34:00+00:00,-115.260719
2023-02-19 01:35:00+00:00,-109.937836
2023-02-19 01:36:00+00:00,-102.793106
2023-02-19 01:37:00+00:00,-95.983803
2023-02-19 01:38:00+00:00,-92.466812
2023-02-19 01:39:00+00:00,-93.121071
2023-02-19 01:40:00+00:00,-95.478699
2023-02-19 01:41:00+00:00,-101.548485
2023-02-19 01:42:00+00:00,-109.554932
2023-02-19 01:43:00+00:00,-119.429665
2023-02-19 01:44:00+00:00,-123.352348
2023-02-19 01:45:00+00:00,-122.487923
2023-02-19 01:46:00+00:00,-114.983841
2023-02-19 01:47:00+00:00,-101.151535
2023-02-19 01:48:00+00:00,-92.984169
2023-02-19 01:49:00+00:00,-94.591988
2023-02-19 01:50:00+00:00,-96.517975
2023-02-19 01:51:00+00:00,-92.634079
2023-02-19 01:52:00+00:00,-85.752831
2023-02-19 01:53:00+00:00,-84.798904
2023-02-19 01:54:00+00:00,-85.732292
2023-02-19 01:55:00+00:00,-87.005989
2023-02-19 01:56:00+00:00,-86.49894
2023-02-19 01:57:00+00:00,-83.749077
2023-02-19 01:58:00+00:00,-80.071838
2023-02-19 01:59:00+00:00,-79.852005
2023-02-19 02:00:00+00:00,-79.533722
2023-02-19 02:01:00+00:00,-85.904556
2023-02-19 02:02:00+00:00,-94.372879
2023-02-19 02:03:00+00:00,-93.546234
2023-02-19 02:04:00+00:00,-87.941055
2023-02-19 02:05:00+00:00,-84.323105
2023-02-19 02:06:00+00:00,-81.511536
2023-02-19 02:07:00+00:00,-81.933258
2023-02-19 02:08:00+00:00,-81.666206
2023-02-19 02:09:00+00:00,-79.465408
2023-02-19 02:10:00+00:00,-81.034775
2023-02-19 02:11:00+00:00,-82.604935
2023-02-19 02:12:00+00:00,-85.14444
2023-02-19 02:13:00+00:00,-83.677773
2023-02-19 02:14:00+00:00,-78.356369
2023-02-19 02:15:00+00:00,-75.233742
2023-02-19 02:16:00+00:00,-76.376465
2023-02-19 02:17:00+00:00,-77.53627
2023-02-19 02:18:00+00:00,-84.181122
2023-02-19 02:19:00+00:00,-88.556877
2023-02-19 02:20:00+00:00,-89.825851
2023-02-19 02:21:00+00:00,-89.55616
2023-02-19 02:22:00+00:00,-90.569298
2023-02-19 02:23:00+00:00,-88.188248
2023-02-19 02:24:00+00:00,-84.842926
2023-02-19 02:25:00+00:00,-86.06041
2023-02-19 02:26:00+00:00,-90.94249
2023-02-19 02:27:00+00:00,-94.027954
2023-02-19 02:28:00+00:00,-94.410652
2023-02-19 02:29:00+00:00,-99.723534
2023-02-19 02:30:00+00:00,-103.897926
2023-02-19 02:31:00+00:00,-111.587975
2023-02-19 02:32:00+00:00,-134.501205
2023-02-19 02:33:00+00:00,-145.745071
2023-02-19 02:34:00+00:00,-142.22876
2023-02-19 02:35:00+00:00,-131.391403
2023-02-19 02:36:00+00:00,-111.330246
2023-02-19 02:37:00+00:00,-111.322334
2023-02-19 02:38:00+00:00,-106.036339
2023-02-19 02:39:00+00:00,-98.982414
2023-02-19 02:40:00+00:00,-92.83503
2023-02-19 02:41:00+00:00,-90.376823
2023-02-19 02:42:00+00:00,-84.26368
2023-02-19 02:43:00+00:00,-79.664772
2023-02-19 02:44:00+00:00,-78.090111
2023-02-19 02:45:00+00:00,-75.481689
2023-02-19 02:46:00+00:00,-73.695435
2023-02-19 02:47:00+00:00,-74.299301
2023-02-26 00:00:00+00:00,-218.471283
2023-02-26 00:01:00+00:00,-230.581741
2023-02-26 00:02:00+00:00,-225.386734
2023-02-26 00:03:00+00:00,-218.290588
2023-02-26 00:04:00+00:00,-229.548798
2023-02-26 00:05:00+00:00,-222.049927
2023-02-26 00:06:00+00:00,-212.210831
2023-02-26 00:07:00+00:00,-186.204071
2023-02-26 00:08:00+00:00,-186.866211
2023-02-26 00:09:00+00:00,-195.42363
2023-02-26 00:10:00+00:00,-174.206024
2023-02-26 00:11:00+00:00,-170.213043
2023-02-26 00:12:00+00:00,-160.568298
2023-02-26 00:13:00+00:00,-167.440842
2023-02-26 00:14:00+00:00,-174.386398
2023-02-26 00:15:00+00:00,-173.12291
2023-02-26 00:16:00+00:00,-163.249954
2023-02-26 00:17:00+00:00,-167.509979
2023-02-26 00:18:00+00:00,-167.905823
2023-02-26 00:19:00+00:00,-165.548203
2023-02-26 00:20:00+00:00,-159.145248
2023-02-26 00:21:00+00:00,-155.630386
2023-02-26 00:22:00+00:00,-152.872498
2023-02-26 00:23:00+00:00,-148.342133
2023-02-26 00:24:00+00:00,-143.518417
2023-02-26 00:25:00+00:00,-128.704987
2023-02-26 00:26:00+00:00,-114.440887
2023-02-26 00:27:00+00:00,-108.588211
2023-02-26 00:28:00+00:00,-120.466202
2023-02-26 00:29:00+00:00,-133.400833
2023-02-26 00:30:00+00:00,-140.594971
2023-02-26 00:31:00+00:00,-135.119232
2023-02-26 00:32:00+00:00,-134.216675
2023-02-26 00:33:00+00:00,-116.762268
2023-02-26 00:34:00+00:00,-123.693359
2023-02-26 00:35:00+00:00,-145.159225
2023-02-26 00:36:00+00:00,-148.76239
2023-02-26 00:37:00+00:00,-134.004562
2023-02-26 00:38:00+00:00,-117.506889
2023-02-26 00:39:00+00:00,-112.734863
2023-02-26 00:40:00+00:00,-121.013855
2023-02-26 00:41:00+00:00,-130.0233
2023-02-26 00:42:00+00:00,-125.554871
2023-02-26 00:43:00+00:00,-118.252411
2023-02-26 00:44:00+00:00,-120.000145
2023-02-26 00:45:00+00:00,-119.933197
2023-02-26 00:46:00+00:00,-118.124191
2023-02-26 00:47:00+00:00,-107.206383
2023-02-26 00:48:00+00:00,-106.895538
2023-02-26 00:49:00+00:00,-119.699806
2023-02-26 00:50:00+00:00,-131.654694
2023-02-26 00:51:00+00:00,-138.613129
2023-02-26 00:52:00+00:00,-153.577698
2023-02-26 00:53:00+00:00,-181.543976
2023-02-26 00:54:00+00:00,-195.516434
2023-02-26 00:55:00+00:00,-195.487793
2023-02-26 00:56:00+00:00,-190.467148
2023-02-26 00:57:00+00:00,-186.427353
2023-02-26 00:58:00+00:00,-188.405197
2023-02-26 00:59:00+00:00,-207.391266
2023-02-26 01:00:00+00:00,-192.376541
2023-02-26 01:01:00+00:00,-167.417206
2023-02-26 01:02:00+00:00,-172.43515
2023-02-26 01:03:00+00:00,-183.428421
2023-02-26 01:04:00+00:00,-199.453537
2023-02-26 01:05:00+00:00,-217.442032
2023-02-26 01:06:00+00:00,-213.436844
2023-02-26 01:07:00+00:00,-212.400665
2023-02-26 01:08:00+00:00,-208.398972
2023-02-26 01:09:00+00:00,-200.423676
2023-02-26 01:10:00+00:00,-213.461243
2023-02-26 01:11:00+00:00,-225.490005
2023-02-26 01:12:00+00:00,-239.495972
2023-02-26 01:13:00+00:00,-250.527313
2023-02-26 01:14:00+00:00,-250.554184
2023-02-26 01:15:00+00:00,-251.582825
2023-02-26 01:16:00+00:00,-249.610687
2023-02-26 01:17:00+00:00,-241.647995
2023-02-26 01:18:00+00:00,-231.691147
2023-02-26 01:19:00+00:00,-238.732834
2023-02-26 01:20:00+00:00,-231.771362
2023-02-26 01:21:00+00:00,-227.816071
2023-02-26 01:22:00+00:00,-228.862305
2023-02-26 01:23:00+00:00,-181.913605
2023-02-26 01:24:00+00:00,-175.980835
2023-02-26 01:25:00+00:00,-176.031494
2023-02-26 01:26:00+00:00,-162.079727
2023-02-26 01:27:00+00:00,-164.141647
2023-02-26 01:28:00+00:00,-155.199432
2023-02-26 01:29:00+00:00,-146.247269
2023-02-26 01:30:00+00:00,-141.307388
2023-02-26 01:31:00+00:00,-137.372025
2023-02-26 01:32:00+00:00,-123.436111
2023-02-26 01:33:00+00:00,-124.500565
2023-02-26 01:34:00+00:00,-129.571152
2023-02-26 01:35:00+00:00,-129.366898
2023-02-26 01:36:00+00:00,-114.721413
2023-02-26 01:37:00+00:00,-114.80378
2023-02-26 01:38:00+00:00,-110.886063
2023-02-26 01:39:00+00:00,-114.966003
2023-02-26 01:40:00+00:00,-125.050575
2023-02-26 01:41:00+00:00,-129.14003
2023-02-26 01:42:00+00:00,-129.230713
2023-02-26 01:43:00+00:00,-129.323761
2023-02-26 01:44:00+00:00,-130.414871
2023-02-26 01:45:00+00:00,-132.515015
2023-02-26 01:46:00+00:00,-132.609055
2023-02-26 01:47:00+00:00,-142.701202
2023-02-26 01:48:00+00:00,-151.79483
2023-02-26 01:49:00+00:00,-156.89418
2023-02-26 01:50:00+00:00,-156.992844
2023-02-26 01:51:00+00:00,-144.098007
2023-02-26 01:52:00+00:00,-135.20517
2023-02-26 01:53:00+00:00,-134.318634
2023-02-26 01:54:00+00:00,-133.434875
2023-02-26 01:55:00+00:00,-132.539627
2023-02-26 01:56:00+00:00,-130.651581
2023-02-26 01:57:00+00:00,-131.753281
2023-02-26 01:58:00+00:00,-127.845139
2023-02-26 01:59:00+00:00,-129.933365
2023-02-26 02:00:00+00:00,-127.027168
2023-02-26 02:01:00+00:00,-125.138634
2023-02-26 02:02:00+00:00,-132.247726
2023-02-26 02:03:00+00:00,-143.358673
2023-02-26 02:04:00+00:00,-139.467072
2023-02-26 02:05:00+00:00,-131.570267
2023-02-26 02:06:00+00:00,-132.67662
2023-02-26 02:07:00+00:00,-118.787331
2023-02-26 02:08:00+00:00,-102.899063
2023-02-26 02:09:00+00:00,-94.012024
2023-02-26 02:10:00+00:00,-95.126816
2023-02-26 02:11:00+00:00,-95.242508
2023-02-26 02:12:00+00:00,-98.363014
2023-02-26 02:13:00+00:00,-94.487053
2023-02-26 02:14:00+00:00,-90.612778
2023-02-26 02:15:00+00:00,-90.729156
2023-02-26 02:16:00+00:00,-100.848984
2023-02-26 02:17:00+00:00,-101.97393
2023-02-26 02:18:00+00:00,-92.094315
2023-02-26 02:19:00+00:00,-94.212799
2023-02-26 02:20:00+00:00,-99.37381
2023-02-26 02:21:00+00:00,-89.329323
2023-02-26 02:22:00+00:00,-78.710304
2023-02-26 02:23:00+00:00,-79.766846
2023-02-26 02:24:00+00:00,-121.141403
2023-02-26 02:25:00+00:00,-179.867264
2023-02-26 02:26:00+00:00,-164.427734
2023-02-26 02:27:00+00:00,-155.102051
2023-02-26 02:28:00+00:00,-154.792633
2023-02-26 02:29:00+00:00,-158.515976
2023-02-26 02:30:00+00:00,-179.540665
2023-02-26 02:31:00+00:00,-218.549347
2023-02-26 02:32:00+00:00,-241.152481
2023-02-26 02:33:00+00:00,-240.894958
2023-02-26 02:34:00+00:00,-210.300293
2023-02-26 02:35:00+00:00,-205.727783
2023-02-26 02:36:00+00:00,-217.640381
2023-02-26 02:37:00+00:00,-214.475555
2023-02-26 02:38:00+00:00,-207.583954
2023-02-26 02:39:00+00:00,-192.846375
2023-02-26 02:40:00+00:00,-195.234558
2023-02-26 02:41:00+00:00,-193.555145
2023-02-26 02:42:00+00:00,-192.134277
2023-02-26 02:43:00+00:00,-180.11261
2023-02-26 02:44:00+00:00,-179.791916
2023-02-26 02:45:00+00:00,-188.090164
2023-02-26 02:46:00+00:00,-199.290543
2023-02-26 02:47:00+00:00,-195.019073
2023-03-05 00:00:00+00:00,-175.400955
2023-03-05 00:01:00+00:00,-184.911316
2023-03-05 00:02:00+00:00,-189.140381
2023-03-05 00:03:00+00:00,-183.240387
2023-03-05 00:04:00+00:00,-171.00502
2023-03-05 00:05:00+00:00,-167.561996
2023-03-05 00:06:00+00:00,-170.359375
2023-03-05 00:07:00+00:00,-156.829498
2023-03-05 00:08:00+00:00,-150.967377
2023-03-05 00:09:00+00:00,-146.965134
2023-03-05 00:10:00+00:00,-142.416214
2023-03-05 00:11:00+00:00,-139.578369
2023-03-05 00:12:00+00:00,-141.597717
2023-03-05 00:13:00+00:00,-148.511749
2023-03-05 00:14:00+00:00,-150.881897
2023-03-05 00:15:00+00:00,-156.438156
2023-03-05 00:16:00+00:00,-146.846313
2023-03-05 00:17:00+00:00,-140.184662
2023-03-05 00:18:00+00:00,-146.579987
2023-03-05 00:19:00+00:00,-152.940109
2023-03-05 00:20:00+00:00,-157.986786
2023-03-05 00:21:00+00:00,-157.4319
2023-03-05 00:22:00+00:00,-154.483963
2023-03-05 00:23:00+00:00,-153.549179
2023-03-05 00:24:00+00:00,-144.034683
2023-03-05 00:25:00+00:00,-137.791763
2023-03-05 00:26:00+00:00,-135.94809
2023-03-05 00:27:00+00:00,-133.40506
2023-03-05 00:28:00+00:00,-121.590714
2023-03-05 00:29:00+00:00,-113.575432
2023-03-05 00:30:00+00:00,-107.614227
2023-03-05 00:31:00+00:00,-110.229752
2023-03-05 00:32:00+00:00,-110.782394
2023-03-05 00:33:00+00:00,-108.973068
2023-03-05 00:34:00+00:00,-104.642784
2023-03-05 00:35:00+00:00,-104.048203
2023-03-05 00:36:00+00:00,-106.657181
2023-03-05 00:37:00+00:00,-107.508713
2023-03-05 00:38:00+00:00,-105.03344
2023-03-05 00:39:00+00:00,-96.756729
2023-03-05 00:40:00+00:00,-90.58783
2023-03-05 00:41:00+00:00,-94.950394
2023-03-05 00:42:00+00:00,-87.413948
2023-03-05 00:43:00+00:00,-84.297546
2023-03-05 00:44:00+00:00,-80.559509
2023-03-05 00:45:00+00:00,-83.491417
2023-03-05 00:46:00+00:00,-84.093689
2023-03-05 00:47:00+00:00,-90.794991
2023-03-05 00:48:00+00:00,-92.257034
2023-03-05 00:49:00+00:00,-99.922455
2023-03-05 00:50:00+00:00,-100.259247
2023-03-05 00:51:00+00:00,-103.514824
2023-03-05 00:52:00+00:00,-101.078186
2023-03-05 00:53:00+00:00,-123.937881
2023-03-05 00:54:00+00:00,-132.054916
2023-03-05 00:55:00+00:00,-126.04567
2023-03-05 00:56:00+00:00,-107.881958
2023-03-05 00:57:00+00:00,-111.075073
2023-03-05 00:58:00+00:00,-136.820328
2023-03-05 00:59:00+00:00,-172.930237
2023-03-05 01:00:00+00:00,-191.741608
2023-03-05 01:01:00+00:00,-202.826096
2023-03-05 01:02:00+00:00,-204.414307
2023-03-05 01:03:00+00:00,-161.337189
2023-03-05 01:04:00+00:00,-133.998611
2023-03-05 01:05:00+00:00,-132.202972
2023-03-05 01:06:00+00:00,-131.818497
2023-03-05 01:07:00+00:00,-137.31015
2023-03-05 01:08:00+00:00,-132.308655
2023-03-05 01:09:00+00:00,-127.044846
2023-03-05 01:10:00+00:00,-135.085602
2023-03-05 01:11:00+00:00,-191.025513
2023-03-05 01:12:00+00:00,-211.962311
2023-03-05 01:13:00+00:00,-240.948013
2023-03-05 01:14:00+00:00,-277.944214
2023-03-05 01:15:00+00:00,-291.904266
2023-03-05 01:16:00+00:00,-297.882568
2023-03-05 01:17:00+00:00,-287.768005
2023-03-05 01:18:00+00:00,-275.68338
2023-03-05 01:19:00+00:00,-260.598511
2023-03-05 01:20:00+00:00,-243.521118
2023-03-05 01:21:00+00:00,-213.443375
2023-03-05 01:22:00+00:00,-197.376953
2023-03-05 01:23:00+00:00,-212.30719
2023-03-05 01:24:00+00:00,-228.233505
2023-03-05 01:25:00+00:00,-287.461731
2023-03-05 01:26:00+00:00,-171.751892
2023-03-05 01:27:00+00:00,-184.059082
2023-03-05 01:28:00+00:00,-210.531036
2023-03-05 01:29:00+00:00,-198.978058
2023-03-05 01:30:00+00:00,-205.694275
2023-03-05 01:31:00+00:00,-233.958679
2023-03-05 01:32:00+00:00,-250.542053
2023-03-05 01:33:00+00:00,-276.925598
2023-03-05 01:34:00+00:00,-207.612549
2023-03-05 01:35:00+00:00,-137.001419
2023-03-05 01:36:00+00:00,-166.734146
2023-03-05 01:37:00+00:00,-288.630798
2023-03-05 01:38:00+00:00,-290.042847
2023-03-05 01:39:00+00:00,-258.104523
2023-03-05 01:40:00+00:00,-222.712738
2023-03-05 01:41:00+00:00,-169.734406
2023-03-05 01:42:00+00:00,-129.124771
2023-03-05 01:43:00+00:00,-113.560211
2023-03-05 01:44:00+00:00,-145.528214
2023-03-05 01:45:00+00:00,-167.853821
2023-03-05 01:46:00+00:00,-176.815567
2023-03-05 01:47:00+00:00,-150.686249
2023-03-05 01:48:00+00:00,-98.953377
2023-03-05 01:49:00+00:00,-91.904518
2023-03-05 01:50:00+00:00,-98.090256
2023-03-05 01:51:00+00:00,-99.607704
2023-03-05 01:52:00+00:00,-92.677094
2023-03-05 01:53:00+00:00,-76.327156
2023-03-05 01:54:00+00:00,-66.88678
2023-03-05 01:55:00+00:00,-71.109329
2023-03-05 01:56:00+00:00,-69.161255
2023-03-05 01:57:00+00:00,-70.632622
2023-03-05 01:58:00+00:00,-79.282127
2023-03-05 01:59:00+00:00,-76.771957
2023-03-05 02:00:00+00:00,-73.597145
2023-03-05 02:01:00+00:00,-67.534027
2023-03-05 02:02:00+00:00,-61.13435
2023-03-05 02:03:00+00:00,-66.98555
2023-03-05 02:04:00+00:00,-68.832932
2023-03-05 02:05:00+00:00,-61.678814
2023-03-05 02:06:00+00:00,-60.525906
2023-03-05 02:07:00+00:00,-58.371719
2023-03-05 02:08:00+00:00,-57.213036
2023-03-05 02:09:00+00:00,-66.04818
2023-03-05 02:10:00+00:00,-80.880417
2023-03-05 02:11:00+00:00,-111.704041
2023-03-05 02:12:00+00:00,-199.282547
2023-03-05 02:13:00+00:00,-241.935959
2023-03-05 02:14:00+00:00,-224.281036
2023-03-05 02:15:00+00:00,-156.650772
2023-03-05 02:16:00+00:00,-141.756561
2023-03-05 02:17:00+00:00,-234.416443
2023-03-05 02:18:00+00:00,-265.345154
2023-03-05 02:19:00+00:00,-224.318146
2023-03-05 02:20:00+00:00,-212.025818
2023-03-05 02:21:00+00:00,-197.15477
2023-03-05 02:22:00+00:00,-213.306534
2023-03-05 02:23:00+00:00,-168.632797
2023-03-05 02:24:00+00:00,-142.162247
2023-03-05 02:25:00+00:00,-146.896454
2023-03-05 02:26:00+00:00,-163.136398
2023-03-05 02:27:00+00:00,-183.297287
2023-03-05 02:28:00+00:00,-198.062241
2023-03-05 02:29:00+00:00,-216.232391
2023-03-05 02:30:00+00:00,-216.940857
2023-03-05 02:31:00+00:00,-219.85817
2023-03-05 02:32:00+00:00,-222.348495
2023-03-05 02:33:00+00:00,-222.68338
2023-03-05 02:34:00+00:00,-216.452621
2023-03-05 02:35:00+00:00,-222.263153
2023-03-05 02:36:00+00:00,-209.064819
2023-03-05 02:37:00+00:00,-194.870422
2023-03-05 02:38:00+00:00,-202.679016
2023-03-05 02:39:00+00:00,-188.466782
2023-03-05 02:40:00+00:00,-201.449448
2023-03-05 02:41:00+00:00,-279.095001
2023-03-05 02:42:00+00:00,-317.088165
2023-03-05 02:43:00+00:00,-337.873596
2023-03-05 02:44:00+00:00,-144.448212
2023-03-05 02:45:00+00:00,-132.333374
2023-03-05 02:46:00+00:00,-109.516891
2023-03-05 02:47:00+00:00,-171.929703
2023-03-12 00:00:00+00:00,-351.686829
2023-03-12 00:01:00+00:00,-358.083466
2023-03-12 00:02:00+00:00,-352.398499
2023-03-12 00:03:00+00:00,-355.428741
2023-03-12 00:04:00+00:00,-349.620331
2023-03-12 00:05:00+00:00,-346.464386
2023-03-12 00:06:00+00:00,-352.973572
2023-03-12 00:07:00+00:00,-350.308441
2023-03-12 00:08:00+00:00,-334.868225
2023-03-12 00:09:00+00:00,-344.105774
2023-03-12 00:10:00+00:00,-354.175507
2023-03-12 00:11:00+00:00,-360.1297
2023-03-12 00:12:00+00:00,-351.703918
2023-03-12 00:13:00+00:00,-354.197845
2023-03-12 00:14:00+00:00,-335.974243
2023-03-12 00:15:00+00:00,-339.677643
2023-03-12 00:16:00+00:00,-338.113037
2023-03-12 00:17:00+00:00,-329.78302
2023-03-12 00:18:00+00:00,-321.333252
2023-03-12 00:19:00+00:00,-304.890594
2023-03-12 00:20:00+00:00,-294.790436
2023-03-12 00:21:00+00:00,-288.403351
2023-03-12 00:22:00+00:00,-281.497467
2023-03-12 00:23:00+00:00,-269.27063
2023-03-12 00:24:00+00:00,-270.627594
2023-03-12 00:25:00+00:00,-285.303223
2023-03-12 00:26:00+00:00,-283.989868
2023-03-12 00:27:00+00:00,-273.640717
2023-03-12 00:28:00+00:00,-265.933044
2023-03-12 00:29:00+00:00,-275.110443
2023-03-12 00:30:00+00:00,-287.516937
2023-03-12 00:31:00+00:00,-273.94986
2023-03-12 00:32:00+00:00,-267.412781
2023-03-12 00:33:00+00:00,-275.093384
2023-03-12 00:34:00+00:00,-287.095062
2023-03-12 00:35:00+00:00,-283.35498
2023-03-12 00:36:00+00:00,-288.330658
2023-03-12 00:37:00+00:00,-281.205322
2023-03-12 00:38:00+00:00,-290.23642
2023-03-12 00:39:00+00:00,-278.941864
2023-03-12 00:40:00+00:00,-266.425446
2023-03-12 00:41:00+00:00,-254.024551
2023-03-12 00:42:00+00:00,-257.874146
2023-03-12 00:43:00+00:00,-260.100708
2023-03-12 00:44:00+00:00,-255.474899
2023-03-12 00:45:00+00:00,-259.022675
2023-03-12 00:46:00+00:00,-255.210938
2023-03-12 00:47:00+00:00,-244.140869
2023-03-12 00:48:00+00:00,-238.479523
2023-03-12 00:49:00+00:00,-238.050797
2023-03-12 00:50:00+00:00,-232.998276
2023-03-12 00:51:00+00:00,-234.147919
2023-03-12 00:52:00+00:00,-236.238403
2023-03-12 00:53:00+00:00,-240.020172
2023-03-12 00:54:00+00:00,-236.520584
2023-03-12 00:55:00+00:00,-233.148514
2023-03-12 00:56:00+00:00,-236.994781
2023-03-12 00:57:00+00:00,-242.381378
2023-03-12 00:58:00+00:00,-234.7966
2023-03-12 00:59:00+00:00,-229.933395
2023-03-12 01:00:00+00:00,-225.008362
2023-03-12 01:01:00+00:00,-227.763214
2023-03-12 01:02:00+00:00,-223.726288
2023-03-12 01:03:00+00:00,-216.807526
2023-03-12 01:04:00+00:00,-208.979874
2023-03-12 01:05:00+00:00,-215.331711
2023-03-12 01:06:00+00:00,-207.407089
2023-03-12 01:07:00+00:00,-202.497894
2023-03-12 01:08:00+00:00,-195.287567
2023-03-12 01:09:00+00:00,-188.074951
2023-03-12 01:10:00+00:00,-176.643784
2023-03-12 01:11:00+00:00,-175.389328
2023-03-12 01:12:00+00:00,-171.212189
2023-03-12 01:13:00+00:00,-166.615372
2023-03-12 01:14:00+00:00,-172.597565
2023-03-12 01:15:00+00:00,-162.351639
2023-03-12 01:16:00+00:00,-159.159912
2023-03-12 01:17:00+00:00,-151.900986
2023-03-12 01:18:00+00:00,-142.794144
2023-03-12 01:19:00+00:00,-132.267395
2023-03-12 01:20:00+00:00,-120.4814
2023-03-12 01:21:00+00:00,-117.862244
2023-03-12 01:22:00+00:00,-115.576462
2023-03-12 01:23:00+00:00,-102.180367
2023-03-12 01:24:00+00:00,-95.589905
2023-03-12 01:25:00+00:00,-88.963196
2023-03-12 01:26:00+00:00,-77.824951
2023-03-12 01:27:00+00:00,-72.562698
2023-03-12 01:28:00+00:00,-76.108994
2023-03-12 01:29:00+00:00,-75.651833
2023-03-12 01:30:00+00:00,-75.100876
2023-03-12 01:31:00+00:00,-71.242157
2023-03-12 01:32:00+00:00,-64.459534
2023-03-12 01:33:00+00:00,-69.108635
2023-03-12 01:34:00+00:00,-69.17807
2023-03-12 01:35:00+00:00,-73.697563
2023-03-12 01:36:00+00:00,-72.852898
2023-03-12 01:37:00+00:00,-72.262955
2023-03-12 01:38:00+00:00,-74.956306
2023-03-12 01:39:00+00:00,-78.46138
2023-03-12 01:40:00+00:00,-83.848282
2023-03-12 01:41:00+00:00,-82.905212
2023-03-12 01:42:00+00:00,-83.548965
2023-03-12 01:43:00+00:00,-81.615585
2023-03-12 01:44:00+00:00,-82.888077
2023-03-12 01:45:00+00:00,-88.368492
2023-03-12 01:46:00+00:00,-91.07325
2023-03-12 01:47:00+00:00,-85.325684
2023-03-12 01:48:00+00:00,-81.226196
2023-03-12 01:49:00+00:00,-83.068817
2023-03-12 01:50:00+00:00,-87.702988
2023-03-12 01:51:00+00:00,-91.534058
2023-03-12 01:52:00+00:00,-92.43692
2023-03-12 01:53:00+00:00,-90.290375
2023-03-12 01:54:00+00:00,-94.213638
2023-03-12 01:55:00+00:00,-93.782722
2023-03-12 01:56:00+00:00,-99.971291
2023-03-12 01:57:00+00:00,-108.23465
2023-03-12 01:58:00+00:00,-112.310837
2023-03-12 01:59:00+00:00,-108.718933
2023-03-12 02:00:00+00:00,-109.126259
2023-03-12 02:01:00+00:00,-111.764374
2023-03-12 02:02:00+00:00,-112.142418
2023-03-12 02:03:00+00:00,-113.129555
2023-03-12 02:04:00+00:00,-116.613464
2023-03-12 02:05:00+00:00,-119.136131
2023-03-12 02:06:00+00:00,-120.633072
2023-03-12 02:07:00+00:00,-120.01442
2023-03-12 02:08:00+00:00,-121.635635
2023-03-12 02:09:00+00:00,-123.770126
2023-03-12 02:10:00+00:00,-124.768486
2023-03-12 02:11:00+00:00,-123.531044
2023-03-12 02:12:00+00:00,-121.098839
2023-03-12 02:13:00+00:00,-116.290009
2023-03-12 02:14:00+00:00,-113.545502
2023-03-12 02:15:00+00:00,-112.963379
2023-03-12 02:16:00+00:00,-114.095619
2023-03-12 02:17:00+00:00,-115.882553
2023-03-12 02:18:00+00:00,-115.596703
2023-03-12 02:19:00+00:00,-112.408859
2023-03-12 02:20:00+00:00,-112.966568
2023-03-12 02:21:00+00:00,-114.18766
2023-03-12 02:22:00+00:00,-110.312416
2023-03-12 02:23:00+00:00,-103.47467
2023-03-12 02:24:00+00:00,-95.17231
2023-03-12 02:25:00+00:00,-83.807465
2023-03-12 02:26:00+00:00,-78.107231
2023-03-12 02:27:00+00:00,-73.284187
2023-03-12 02:28:00+00:00,-70.591164
2023-03-12 02:29:00+00:00,-65.768425
2023-03-12 02:30:00+00:00,-58.292427
2023-03-12 02:31:00+00:00,-50.382542
2023-03-12 02:32:00+00:00,-43.869583
2023-03-12 02:33:00+00:00,-44.19659
2023-03-12 02:34:00+00:00,-48.82449
2023-03-12 02:35:00+00:00,-51.835232
2023-03-12 02:36:00+00:00,-54.878399
2023-03-12 02:37:00+00:00,-54.878696
2023-03-12 02:38:00+00:00,-46.930759
2023-03-12 02:39:00+00:00,-31.770111
2023-03-12 02:40:00+00:00,-24.927168
2023-03-12 02:41:00+00:00,-24.182428
2023-03-12 02:42:00+00:00,-21.265196
2023-03-12 02:43:00+00:00,-27.53248
2023-03-12 02:44:00+00:00,-24.514034
2023-03-12 02:45:00+00:00,-23.296352
2023-03-12 02:46:00+00:00,-22.519978
2023-03-12 02:47:00+00:00,-23.991785
2023-03-19 00:00:00+00:00,-43.430916
2023-03-19 00:01:00+00:00,-42.874001
2023-03-19 00:02:00+00:00,-43.019371
2023-03-19 00:03:00+00:00,-42.862236
2023-03-19 00:04:00+00:00,-43.505219
2023-03-19 00:05:00+00:00,-44.049416
2023-03-19 00:06:00+00:00,-44.493935
2023-03-19 00:07:00+00:00,-44.737129
2023-03-19 00:08:00+00:00,-45.881622
2023-03-19 00:09:00+00:00,-46.526558
2023-03-19 00:10:00+00:00,-47.270657
2023-03-19 00:11:00+00:00,-47.71344
2023-03-19 00:12:00+00:00,-47.557106
2023-03-19 00:13:00+00:00,-47.797348
2023-03-19 00:14:00+00:00,-47.943016
2023-03-19 00:15:00+00:00,-48.181519
2023-03-19 00:16:00+00:00,-48.121254
2023-03-19 00:17:00+00:00,-48.961136
2023-03-19 00:18:00+00:00,-48.799816
2023-03-19 00:19:00+00:00,-49.530792
2023-03-19 00:20:00+00:00,-49.769112
2023-03-19 00:21:00+00:00,-49.701248
2023-03-19 00:22:00+00:00,-49.831028
2023-03-19 00:23:00+00:00,-49.85849
2023-03-19 00:24:00+00:00,-50.187916
2023-03-19 00:25:00+00:00,-50.316257
2023-03-19 00:26:00+00:00,-50.241467
2023-03-19 00:27:00+00:00,-50.263081
2023-03-19 00:28:00+00:00,-50.48288
2023-03-19 00:29:00+00:00,-50.399647
2023-03-19 00:30:00+00:00,-50.312119
2023-03-19 00:31:00+00:00,-50.526413
2023-03-19 00:32:00+00:00,-50.137585
2023-03-19 00:33:00+00:00,-50.499783
2023-03-19 00:34:00+00:00,-50.654602
2023-03-19 00:35:00+00:00,-50.018627
2023-03-19 00:36:00+00:00,-50.281906
2023-03-19 00:37:00+00:00,-50.29007
2023-03-19 00:38:00+00:00,-50.242851
2023-03-19 00:39:00+00:00,-49.797203
2023-03-19 00:40:00+00:00,-49.402874
2023-03-19 00:41:00+00:00,-49.403542
2023-03-19 00:42:00+00:00,-49.256657
2023-03-19 00:43:00+00:00,-49.201382
2023-03-19 00:44:00+00:00,-49.499878
2023-03-19 00:45:00+00:00,-49.597389
2023-03-19 00:46:00+00:00,-49.791107
2023-03-19 00:47:00+00:00,-49.882889
2023-03-19 00:48:00+00:00,-50.472698
2023-03-19 00:49:00+00:00,-50.361542
2023-03-19 00:50:00+00:00,-50.650276
2023-03-19 00:51:00+00:00,-50.032528
2023-03-19 00:52:00+00:00,-50.113693
2023-03-19 00:53:00+00:00,-49.888008
2023-03-19 00:54:00+00:00,-49.761292
2023-03-19 00:55:00+00:00,-50.038353
2023-03-19 00:56:00+00:00,-50.211319
2023-03-19 00:57:00+00:00,-49.881683
2023-03-19 00:58:00+00:00,-50.096199
2023-03-19 00:59:00+00:00,-50.163429
2023-03-19 01:00:00+00:00,-49.772766
2023-03-19 01:01:00+00:00,-49.427643
2023-03-19 01:02:00+00:00,-48.979702
2023-03-19 01:03:00+00:00,-48.030529
2023-03-19 01:04:00+00:00,-47.376823
2023-03-19 01:05:00+00:00,-47.421604
2023-03-19 01:06:00+00:00,-47.46162
2023-03-19 01:07:00+00:00,-47.403244
2023-03-19 01:08:00+00:00,-46.933651
2023-03-19 01:09:00+00:00,-47.061646
2023-03-19 01:10:00+00:00,-47.593582
2023-03-19 01:11:00+00:00,-48.226849
2023-03-19 01:12:00+00:00,-47.955124
2023-03-19 01:13:00+00:00,-47.783577
2023-03-19 01:14:00+00:00,-48.012569
2023-03-19 01:15:00+00:00,-47.837528
2023-03-19 01:16:00+00:00,-47.957119
2023-03-19 01:17:00+00:00,-48.120857
2023-03-19 01:18:00+00:00,-47.492271
2023-03-19 01:19:00+00:00,-47.402779
2023-03-19 01:20:00+00:00,-46.512169
2023-03-19 01:21:00+00:00,-46.425308
2023-03-19 01:22:00+00:00,-46.140381
2023-03-19 01:23:00+00:00,-46.049286
2023-03-19 01:24:00+00:00,-45.864666
2023-03-19 01:25:00+00:00,-45.978439
2023-03-19 01:26:00+00:00,-45.892689
2023-03-19 01:27:00+00:00,-45.80204
2023-03-19 01:28:00+00:00,-45.11644
2023-03-19 01:29:00+00:00,-44.930901
2023-03-19 01:30:00+00:00,-44.235794
2023-03-19 01:31:00+00:00,-44.239838
2023-03-19 01:32:00+00:00,-43.544899
2023-03-19 01:33:00+00:00,-43.749958
2023-03-19 01:34:00+00:00,-44.246838
2023-03-19 01:35:00+00:00,-44.547321
2023-03-19 01:36:00+00:00,-44.25029
2023-03-19 01:37:00+00:00,-43.744587
2023-03-19 01:38:00+00:00,-43.236385
2023-03-19 01:39:00+00:00,-42.733776
2023-03-19 01:40:00+00:00,-43.024979
2023-03-19 01:41:00+00:00,-42.71954
2023-03-19 01:42:00+00:00,-42.60952
2023-03-19 01:43:00+00:00,-42.406254
2023-03-19 01:44:00+00:00,-44.196716
2023-03-19 01:45:00+00:00,-44.391251
2023-03-19 01:46:00+00:00,-45.180328
2023-03-19 01:47:00+00:00,-46.076103
2023-03-19 01:48:00+00:00,-45.921398
2023-03-19 01:49:00+00:00,-45.961391
2023-03-19 01:50:00+00:00,-45.757034
2023-03-19 01:51:00+00:00,-46.651169
2023-03-19 01:52:00+00:00,-46.847084
2023-03-19 01:53:00+00:00,-46.941586
2023-03-19 01:54:00+00:00,-46.843178
2023-03-19 01:55:00+00:00,-46.84201
2023-03-19 01:56:00+00:00,-47.440201
2023-03-19 01:57:00+00:00,-47.638962
2023-03-19 01:58:00+00:00,-47.543858
2023-03-19 01:59:00+00:00,-47.95295
2023-03-19 02:00:00+00:00,-48.212105
2023-03-19 02:01:00+00:00,-47.422455
2023-03-19 02:02:00+00:00,-46.982529
2023-03-19 02:03:00+00:00,-47.088943
2023-03-19 02:04:00+00:00,-47.393356
2023-03-19 02:05:00+00:00,-47.604675
2023-03-19 02:06:00+00:00,-48.017143
2023-03-19 02:07:00+00:00,-47.82819
2023-03-19 02:08:00+00:00,-47.740273
2023-03-19 02:09:00+00:00,-47.550179
2023-03-19 02:10:00+00:00,-47.161522
2023-03-19 02:11:00+00:00,-46.572521
2023-03-19 02:12:00+00:00,-46.483719
2023-03-19 02:13:00+00:00,-46.592213
2023-03-19 02:14:00+00:00,-47.606339
2023-03-19 02:15:00+00:00,-47.676666
2023-03-19 02:16:00+00:00,-47.744053
2023-03-19 02:17:00+00:00,-47.565975
2023-03-19 02:18:00+00:00,-47.087189
2023-03-19 02:19:00+00:00,-46.606064
2023-03-19 02:20:00+00:00,-46.831081
2023-03-19 02:21:00+00:00,-46.959015
2023-03-19 02:22:00+00:00,-47.394341
2023-03-19 02:23:00+00:00,-47.427784
2023-03-19 02:24:00+00:00,-47.564381
2023-03-19 02:25:00+00:00,-47.706142
2023-03-19 02:26:00+00:00,-47.550503
2023-03-19 02:27:00+00:00,-47.2966
2023-03-19 02:28:00+00:00,-47.251808
2023-03-19 02:29:00+00:00,-47.607395
2023-03-19 02:30:00+00:00,-47.668217
2023-03-19 02:31:00+00:00,-47.631199
2023-03-19 02:32:00+00:00,-47.99987
2023-03-19 02:33:00+00:00,-48.369778
2023-03-19 02:34:00+00:00,-63.418152
2023-03-19 02:35:00+00:00,-75.743279
2023-03-19 02:36:00+00:00,-76.487564
2023-03-19 02:37:00+00:00,-85.386391
2023-03-19 02:38:00+00:00,-100.635193
2023-03-19 02:39:00+00:00,-103.639084
2023-03-19 02:40:00+00:00,-100.690567
2023-03-19 02:41:00+00:00,-131.079559
2023-03-19 02:42:00+00:00,-145.443024
2023-03-19 02:43:00+00:00,-143.823456
2023-03-19 02:44:00+00:00,-161.690689
2023-03-19 02:45:00+00:00,-178.527908
2023-03-19 02:46:00+00:00,-147.916946
2023-03-19 02:47:00+00:00,-147.849258
2023-03-26 00:00:00+00:00,-61.947357
2023-03-26 00:01:00+00:00,-61.802399
2023-03-26 00:02:00+00:00,-62.441521
2023-03-26 00:03:00+00:00,-65.218315
2023-03-26 00:04:00+00:00,-67.296944
2023-03-26 00:05:00+00:00,-71.858757
2023-03-26 00:06:00+00:00,-71.470253
2023-03-26 00:07:00+00:00,-69.838432
2023-03-26 00:08:00+00:00,-71.871567
2023-03-26 00:09:00+00:00,-71.041084
2023-03-26 00:10:00+00:00,-64.185928
2023-03-26 00:11:00+00:00,-66.906639
2023-03-26 00:12:00+00:00,-69.505051
2023-03-26 00:13:00+00:00,-73.984833
2023-03-26 00:14:00+00:00,-86.34996
2023-03-26 00:15:00+00:00,-106.196098
2023-03-26 00:16:00+00:00,-123.922691
2023-03-26 00:17:00+00:00,-122.097931
2023-03-26 00:18:00+00:00,-126.224777
2023-03-26 00:19:00+00:00,-139.386246
2023-03-26 00:20:00+00:00,-156.663269
2023-03-26 00:21:00+00:00,-154.174988
2023-03-26 00:22:00+00:00,-154.612808
2023-03-26 00:23:00+00:00,-158.457108
2023-03-26 00:24:00+00:00,-155.204071
2023-03-26 00:25:00+00:00,-135.730392
2023-03-26 00:26:00+00:00,-141.960785
2023-03-26 00:27:00+00:00,-143.874023
2023-03-26 00:28:00+00:00,-145.335876
2023-03-26 00:29:00+00:00,-255.716415
2023-03-26 00:30:00+00:00,-276.946472
2023-03-26 00:31:00+00:00,-244.504669
2023-03-26 00:32:00+00:00,-218.729568
2023-03-26 00:33:00+00:00,-171.768906
2023-03-26 00:34:00+00:00,-180.513687
2023-03-26 00:35:00+00:00,-175.420425
2023-03-26 00:36:00+00:00,-185.240219
2023-03-26 00:37:00+00:00,-185.807159
2023-03-26 00:38:00+00:00,-184.081528
2023-03-26 00:39:00+00:00,-179.504517
2023-03-26 00:40:00+00:00,-183.469864
2023-03-26 00:41:00+00:00,-203.668549
2023-03-26 00:42:00+00:00,-236.279724
2023-03-26 00:43:00+00:00,-245.199631
2023-03-26 00:44:00+00:00,-226.169067
2023-03-26 00:45:00+00:00,-244.667511
2023-03-26 00:46:00+00:00,-249.444473
2023-03-26 00:47:00+00:00,-214.666885
2023-03-26 00:48:00+00:00,-209.737564
2023-03-26 00:49:00+00:00,-239.457809
2023-03-26 00:50:00+00:00,-230.558929
2023-03-26 00:51:00+00:00,-202.941727
2023-03-26 00:52:00+00:00,-205.343842
2023-03-26 00:53:00+00:00,-235.367996
2023-03-26 00:54:00+00:00,-225.733841
2023-03-26 00:55:00+00:00,-188.086441
2023-03-26 00:56:00+00:00,-171.423843
2023-03-26 00:57:00+00:00,-172.512238
2023-03-26 00:58:00+00:00,-172.12677
2023-03-26 00:59:00+00:00,-162.300247
2023-03-26 01:00:00+00:00,-165.16597
2023-03-26 01:01:00+00:00,-158.420334
2023-03-26 01:02:00+00:00,-186.209869
2023-03-26 01:03:00+00:00,-220.241028
2023-03-26 01:04:00+00:00,-182.765732
2023-03-26 01:05:00+00:00,-182.151825
2023-03-26 01:06:00+00:00,-184.403793
2023-03-26 01:07:00+00:00,-186.998184
2023-03-26 01:08:00+00:00,-182.269653
2023-03-26 01:09:00+00:00,-173.839828
2023-03-26 01:10:00+00:00,-170.703293
2023-03-26 01:11:00+00:00,-165.170349
2023-03-26 01:12:00+00:00,-171.855179
2023-03-26 01:13:00+00:00,-178.791748
2023-03-26 01:14:00+00:00,-177.521759
2023-03-26 01:15:00+00:00,-171.667267
2023-03-26 01:16:00+00:00,-168.992676
2023-03-26 01:17:00+00:00,-166.772827
2023-03-26 01:18:00+00:00,-169.651993
2023-03-26 01:19:00+00:00,-173.235443
2023-03-26 01:20:00+00:00,-177.312622
2023-03-26 01:21:00+00:00,-174.855942
2023-03-26 01:22:00+00:00,-169.908371
2023-03-26 01:23:00+00:00,-167.341751
2023-03-26 01:24:00+00:00,-164.495331
2023-03-26 01:25:00+00:00,-159.509491
2023-03-26 01:26:00+00:00,-150.533661
2023-03-26 01:27:00+00:00,-137.767822
2023-03-26 01:28:00+00:00,-125.171288
2023-03-26 01:29:00+00:00,-112.982147
2023-03-26 01:30:00+00:00,-104.122246
2023-03-26 01:31:00+00:00,-98.410049
2023-03-26 01:32:00+00:00,-91.330467
2023-03-26 01:33:00+00:00,-80.884293
2023-03-26 01:34:00+00:00,-75.504791
2023-03-26 01:35:00+00:00,-88.40686
2023-03-26 01:36:00+00:00,-90.10659
2023-03-26 01:37:00+00:00,-92.949097
2023-03-26 01:38:00+00:00,-91.125267
2023-03-26 01:39:00+00:00,-98.265182
2023-03-26 01:40:00+00:00,-103.283356
2023-03-26 01:41:00+00:00,-91.631989
2023-03-26 01:42:00+00:00,-95.880905
2023-03-26 01:43:00+00:00,-106.055649
2023-03-26 01:44:00+00:00,-103.656693
2023-03-26 01:45:00+00:00,-106.062996
2023-03-26 01:46:00+00:00,-96.545578
2023-03-26 01:47:00+00:00,-85.987358
2023-03-26 01:48:00+00:00,-74.043121
2023-03-26 01:49:00+00:00,-68.377502
2023-03-26 01:50:00+00:00,-61.567657
2023-03-26 01:51:00+00:00,-55.334843
2023-03-26 01:52:00+00:00,-58.161518
2023-03-26 01:53:00+00:00,-62.279747
2023-03-26 01:54:00+00:00,-59.317368
2023-03-26 01:55:00+00:00,-49.868725
2023-03-26 01:56:00+00:00,-46.711212
2023-03-26 01:57:00+00:00,-45.164837
2023-03-26 01:58:00+00:00,-50.465858
2023-03-26 01:59:00+00:00,-52.702145
2023-03-26 02:00:00+00:00,-48.590733
2023-03-26 02:01:00+00:00,-58.640541
2023-03-26 02:02:00+00:00,-56.96019
2023-03-26 02:03:00+00:00,-49.524376
2023-03-26 02:04:00+00:00,-52.770035
2023-03-26 02:05:00+00:00,-49.380974
2023-03-26 02:06:00+00:00,-45.693527
2023-03-26 02:07:00+00:00,-44.215527
2023-03-26 02:08:00+00:00,-47.333679
2023-03-26 02:09:00+00:00,-50.652016
2023-03-26 02:10:00+00:00,-55.459511
2023-03-26 02:11:00+00:00,-54.014927
2023-03-26 02:12:00+00:00,-47.911865
2023-03-26 02:13:00+00:00,-44.789246
2023-03-26 02:14:00+00:00,-44.636158
2023-03-26 02:15:00+00:00,-41.851997
2023-03-26 02:16:00+00:00,-39.480598
2023-03-26 02:17:00+00:00,-41.576805
2023-03-26 02:18:00+00:00,-48.031502
2023-03-26 02:19:00+00:00,-52.485477
2023-03-26 02:20:00+00:00,-48.262142
2023-03-26 02:21:00+00:00,-54.731602
2023-03-26 02:22:00+00:00,-60.911285
2023-03-26 02:23:00+00:00,-69.083138
2023-03-26 02:24:00+00:00,-74.437141
2023-03-26 02:25:00+00:00,-70.591179
2023-03-26 02:26:00+00:00,-64.020828
2023-03-26 02:27:00+00:00,-57.180893
2023-03-26 02:28:00+00:00,-42.246685
2023-03-26 02:29:00+00:00,-36.167831
2023-03-26 02:30:00+00:00,-36.472813
2023-03-26 02:31:00+00:00,-36.658241
2023-03-26 02:32:00+00:00,-36.760292
2023-03-26 02:33:00+00:00,-36.731655
2023-03-26 02:34:00+00:00,-36.726212
2023-03-26 02:35:00+00:00,-36.824787
2023-03-26 02:36:00+00:00,-36.849216
2023-03-26 02:37:00+00:00,-36.914703
2023-03-26 02:38:00+00:00,-36.690754
2023-03-26 02:39:00+00:00,-36.765991
2023-03-26 02:40:00+00:00,-36.792347
2023-03-26 02:41:00+00:00,-36.898689
2023-03-26 02:42:00+00:00,-36.641235
2023-03-26 02:43:00+00:00,-36.376205
2023-03-26 02:44:00+00:00,-35.698872
2023-03-26 02:45:00+00:00,-35.062332
2023-03-26 02:46:00+00:00,-34.649742
2023-03-26 02:47:00+00:00,-34.665001
2023-04-02 00:00:00+00:00,-355.859222
2023-04-02 00:01:00+00:00,-353.907776
2023-04-02 00:02:00+00:00,-349.018799
2023-04-02 00:03:00+00:00,-357.665558
2023-04-02 00:04:00+00:00,-367.820831
2023-04-02 00:05:00+00:00,-375.846893
2023-04-02 00:06:00+00:00,-356.562164
2023-04-02 00:07:00+00:00,-340.96756
2023-04-02 00:08:00+00:00,-331.365601
2023-04-02 00:09:00+00:00,-342.78656
2023-04-02 00:10:00+00:00,-346.481232
2023-04-02 00:11:00+00:00,-334.253479
2023-04-02 00:12:00+00:00,-324.322693
2023-04-02 00:13:00+00:00,-330.728363
2023-04-02 00:14:00+00:00,-334.670319
2023-04-02 00:15:00+00:00,-321.420715
2023-04-02 00:16:00+00:00,-322.984772
2023-04-02 00:17:00+00:00,-363.900269
2023-04-02 00:18:00+00:00,-408.078247
2023-04-02 00:19:00+00:00,-419.055542
2023-04-02 00:20:00+00:00,-378.256165
2023-04-02 00:21:00+00:00,-333.533936
2023-04-02 00:22:00+00:00,-350.926819
2023-04-02 00:23:00+00:00,-338.618286
2023-04-02 00:24:00+00:00,-330.29306
2023-04-02 00:25:00+00:00,-328.987762
2023-04-02 00:26:00+00:00,-298.057648
2023-04-02 00:27:00+00:00,-312.425171
2023-04-02 00:28:00+00:00,-314.479889
2023-04-02 00:29:00+00:00,-303.21109
2023-04-02 00:30:00+00:00,-311.965515
2023-04-02 00:31:00+00:00,-320.668213
2023-04-02 00:32:00+00:00,-337.165527
2023-04-02 00:33:00+00:00,-341.022858
2023-04-02 00:34:00+00:00,-339.462921
2023-04-02 00:35:00+00:00,-291.462891
2023-04-02 00:36:00+00:00,-251.190765
2023-04-02 00:37:00+00:00,-247.637589
2023-04-02 00:38:00+00:00,-252.876862
2023-04-02 00:39:00+00:00,-271.983765
2023-04-02 00:40:00+00:00,-311.686493
2023-04-02 00:41:00+00:00,-320.777588
2023-04-02 00:42:00+00:00,-298.142548
2023-04-02 00:43:00+00:00,-283.726715
2023-04-02 00:44:00+00:00,-277.864624
2023-04-02 00:45:00+00:00,-278.487518
2023-04-02 00:46:00+00:00,-271.493896
2023-04-02 00:47:00+00:00,-261.095276
2023-04-02 00:48:00+00:00,-238.322922
2023-04-02 00:49:00+00:00,-227.106064
2023-04-02 00:50:00+00:00,-212.040604
2023-04-02 00:51:00+00:00,-204.580139
2023-04-02 00:52:00+00:00,-222.900177
2023-04-02 00:53:00+00:00,-241.676208
2023-04-02 00:54:00+00:00,-254.460434
2023-04-02 00:55:00+00:00,-256.249634
2023-04-02 00:56:00+00:00,-255.057617
2023-04-02 00:57:00+00:00,-243.843369
2023-04-02 00:58:00+00:00,-238.619965
2023-04-02 00:59:00+00:00,-244.388306
2023-04-02 01:00:00+00:00,-251.163284
2023-04-02 01:01:00+00:00,-258.970978
2023-04-02 01:02:00+00:00,-270.78775
2023-04-02 01:03:00+00:00,-270.604736
2023-04-02 01:04:00+00:00,-267.974976
2023-04-02 01:05:00+00:00,-273.327667
2023-04-02 01:06:00+00:00,-283.392975
2023-04-02 01:07:00+00:00,-281.183777
2023-04-02 01:08:00+00:00,-267.79895
2023-04-02 01:09:00+00:00,-228.434769
2023-04-02 01:10:00+00:00,-203.739914
2023-04-02 01:11:00+00:00,-190.29953
2023-04-02 01:12:00+00:00,-200.174774
2023-04-02 01:13:00+00:00,-212.04097
2023-04-02 01:14:00+00:00,-205.903687
2023-04-02 01:15:00+00:00,-197.185638
2023-04-02 01:16:00+00:00,-191.878586
2023-04-02 01:17:00+00:00,-185.96582
2023-04-02 01:18:00+00:00,-182.589981
2023-04-02 01:19:00+00:00,-176.502701
2023-04-02 01:20:00+00:00,-174.270752
2023-04-02 01:21:00+00:00,-183.197998
2023-04-02 01:22:00+00:00,-196.161255
2023-04-02 01:23:00+00:00,-190.937088
2023-04-02 01:24:00+00:00,-374.06546
2023-04-02 01:25:00+00:00,-405.515167
2023-04-02 01:26:00+00:00,-450.207581
2023-04-02 01:27:00+00:00,-525.194458
2023-04-02 01:28:00+00:00,-536.415588
2023-04-02 01:29:00+00:00,-513.036194
2023-04-02 01:30:00+00:00,-477.445526
2023-04-02 01:31:00+00:00,-460.704437
2023-04-02 01:32:00+00:00,-479.156433
2023-04-02 01:33:00+00:00,-469.266296
2023-04-02 01:34:00+00:00,-444.177002
2023-04-02 01:35:00+00:00,-411.858398
2023-04-02 01:36:00+00:00,-434.917084
2023-04-02 01:37:00+00:00,-431.578369
2023-04-02 01:38:00+00:00,-402.086792
2023-04-02 01:39:00+00:00,-343.51358
2023-04-02 01:40:00+00:00,-379.042877
2023-04-02 01:41:00+00:00,-350.742096
2023-04-02 01:42:00+00:00,-332.144043
2023-04-02 01:43:00+00:00,-326.497498
2023-04-02 01:44:00+00:00,-343.666748
2023-04-02 01:45:00+00:00,-364.645966
2023-04-02 01:46:00+00:00,-400.18158
2023-04-02 01:47:00+00:00,-441.123749
2023-04-02 01:48:00+00:00,-395.953125
2023-04-02 01:49:00+00:00,-391.137543
2023-04-02 01:50:00+00:00,-476.250305
2023-04-02 01:51:00+00:00,-474.436127
2023-04-02 01:52:00+00:00,-417.78241
2023-04-02 01:53:00+00:00,-394.795502
2023-04-02 01:54:00+00:00,-379.612915
2023-04-02 01:55:00+00:00,-356.141205
2023-04-02 01:56:00+00:00,-366.505768
2023-04-02 01:57:00+00:00,-357.22287
2023-04-02 01:58:00+00:00,-344.315582
2023-04-02 01:59:00+00:00,-350.256714
2023-04-02 02:00:00+00:00,-347.83078
2023-04-02 02:01:00+00:00,-315.226349
2023-04-02 02:02:00+00:00,-297.488159
2023-04-02 02:03:00+00:00,-274.63446
2023-04-02 02:04:00+00:00,-240.78952
2023-04-02 02:05:00+00:00,-248.568604
2023-04-02 02:06:00+00:00,-256.00235
2023-04-02 02:07:00+00:00,-272.639221
2023-04-02 02:08:00+00:00,-280.744995
2023-04-02 02:09:00+00:00,-274.343567
2023-04-02 02:10:00+00:00,-260.296387
2023-04-02 02:11:00+00:00,-256.292938
2023-04-02 02:12:00+00:00,-258.284332
2023-04-02 02:13:00+00:00,-241.300858
2023-04-02 02:14:00+00:00,-250.818115
2023-04-02 02:15:00+00:00,-238.329514
2023-04-02 02:16:00+00:00,-225.672867
2023-04-02 02:17:00+00:00,-232.891357
2023-04-02 02:18:00+00:00,-207.143265
2023-04-02 02:19:00+00:00,-208.38739
2023-04-02 02:20:00+00:00,-217.449844
2023-04-02 02:21:00+00:00,-220.627258
2023-04-02 02:22:00+00:00,-219.661011
2023-04-02 02:23:00+00:00,-218.217209
2023-04-02 02:24:00+00:00,-220.917374
2023-04-02 02:25:00+00:00,-221.600372
2023-04-02 02:26:00+00:00,-216.956787
2023-04-02 02:27:00+00:00,-229.352219
2023-04-02 02:28:00+00:00,-249.324631
2023-04-02 02:29:00+00:00,-267.710266
2023-04-02 02:30:00+00:00,-273.517426
2023-04-02 02:31:00+00:00,-274.169617
2023-04-02 02:32:00+00:00,-275.047211
2023-04-02 02:33:00+00:00,-273.141418
2023-04-02 02:34:00+00:00,-263.811249
2023-04-02 02:35:00+00:00,-252.780136
2023-04-02 02:36:00+00:00,-247.700943
2023-04-02 02:37:00+00:00,-238.293411
2023-04-02 02:38:00+00:00,-236.803467
2023-04-02 02:39:00+00:00,-224.227539
2023-04-02 02:40:00+00:00,-214.908188
2023-04-02 02:41:00+00:00,-214.92746
2023-04-02 02:42:00+00:00,-212.088104
2023-04-02 02:43:00+00:00,-214.356842
2023-04-02 02:44:00+00:00,-219.447571
2023-04-02 02:45:00+00:00,-219.459106
2023-04-02 02:46:00+00:00,-211.171326
2023-04-02 02:47:00+00:00,-196.803146
2023-04-09 00:00:00+00:00,-271.962616
2023-04-09 00:01:00+00:00,-248.649826
2023-04-09 00:02:00+00:00,-259.15033
2023-04-09 00:03:00+00:00,-267.028595
2023-04-09 00:04:00+00:00,-260.872192
2023-04-09 00:05:00+00:00,-254.1436
2023-04-09 00:06:00+00:00,-264.341553
2023-04-09 00:07:00+00:00,-248.983612
2023-04-09 00:08:00+00:00,-245.996918
2023-04-09 00:09:00+00:00,-245.554214
2023-04-09 00:10:00+00:00,-253.457184
2023-04-09 00:11:00+00:00,-247.806061
2023-04-09 00:12:00+00:00,-246.079834
2023-04-09 00:13:00+00:00,-244.131378
2023-04-09 00:14:00+00:00,-242.266266
2023-04-09 00:15:00+00:00,-239.565536
2023-04-09 00:16:00+00:00,-243.613449
2023-04-09 00:17:00+00:00,-252.013565
2023-04-09 00:18:00+00:00,-246.274185
2023-04-09 00:19:00+00:00,-228.389145
2023-04-09 00:20:00+00:00,-228.93251
2023-04-09 00:21:00+00:00,-225.092026
2023-04-09 00:22:00+00:00,-235.46994
2023-04-09 00:23:00+00:00,-253.77417
2023-04-09 00:24:00+00:00,-244.110336
2023-04-09 00:25:00+00:00,-261.902191
2023-04-09 00:26:00+00:00,-301.26004
2023-04-09 00:27:00+00:00,-323.738556
2023-04-09 00:28:00+00:00,-310.458893
2023-04-09 00:29:00+00:00,-261.211731
2023-04-09 00:30:00+00:00,-241.487305
2023-04-09 00:31:00+00:00,-239.881836
2023-04-09 00:32:00+00:00,-238.852905
2023-04-09 00:33:00+00:00,-231.485413
2023-04-09 00:34:00+00:00,-229.371674
2023-04-09 00:35:00+00:00,-244.423096
2023-04-09 00:36:00+00:00,-241.557404
2023-04-09 00:37:00+00:00,-218.814606
2023-04-09 00:38:00+00:00,-217.660889
2023-04-09 00:39:00+00:00,-222.095779
2023-04-09 00:40:00+00:00,-221.372009
2023-04-09 00:41:00+00:00,-215.620438
2023-04-09 00:42:00+00:00,-207.081512
2023-04-09 00:43:00+00:00,-202.567902
2023-04-09 00:44:00+00:00,-208.428192
2023-04-09 00:45:00+00:00,-220.680115
2023-04-09 00:46:00+00:00,-227.263916
2023-04-09 00:47:00+00:00,-234.217407
2023-04-09 00:48:00+00:00,-233.74205
2023-04-09 00:49:00+00:00,-230.188995
2023-04-09 00:50:00+00:00,-227.268936
2023-04-09 00:51:00+00:00,-221.925507
2023-04-09 00:52:00+00:00,-215.23877
2023-04-09 00:53:00+00:00,-214.682632
2023-04-09 00:54:00+00:00,-211.397141
2023-04-09 00:55:00+00:00,-210.072037
2023-04-09 00:56:00+00:00,-209.502686
2023-04-09 00:57:00+00:00,-212.7854
2023-04-09 00:58:00+00:00,-207.848373
2023-04-09 00:59:00+00:00,-200.525116
2023-04-09 01:00:00+00:00,-203.133972
2023-04-09 01:01:00+00:00,-203.334625
2023-04-09 01:02:00+00:00,-210.57576
2023-04-09 01:03:00+00:00,-213.170792
2023-04-09 01:04:00+00:00,-208.173798
2023-04-09 01:05:00+00:00,-191.935654
2023-04-09 01:06:00+00:00,-178.09343
2023-04-09 01:07:00+00:00,-176.198883
2023-04-09 01:08:00+00:00,-171.602997
2023-04-09 01:09:00+00:00,-167.79248
2023-04-09 01:10:00+00:00,-167.750137
2023-04-09 01:11:00+00:00,-155.959503
2023-04-09 01:12:00+00:00,-147.429489
2023-04-09 01:13:00+00:00,-140.827286
2023-04-09 01:14:00+00:00,-143.751862
2023-04-09 01:15:00+00:00,-143.925903
2023-04-09 01:16:00+00:00,-142.73436
2023-04-09 01:17:00+00:00,-145.055405
2023-04-09 01:18:00+00:00,-151.194641
2023-04-09 01:19:00+00:00,-166.089386
2023-04-09 01:20:00+00:00,-174.726379
2023-04-09 01:21:00+00:00,-168.057266
2023-04-09 01:22:00+00:00,-153.647461
2023-04-09 01:23:00+00:00,-150.475998
2023-04-09 01:24:00+00:00,-147.517502
2023-04-09 01:25:00+00:00,-147.131805
2023-04-09 01:26:00+00:00,-151.776291
2023-04-09 01:27:00+00:00,-151.004471
2023-04-09 01:28:00+00:00,-153.641068
2023-04-09 01:29:00+00:00,-159.421509
2023-04-09 01:30:00+00:00,-164.948349
2023-04-09 01:31:00+00:00,-168.266113
2023-04-09 01:32:00+00:00,-177.898346
2023-04-09 01:33:00+00:00,-174.3909
2023-04-09 01:34:00+00:00,-169.119904
2023-04-09 01:35:00+00:00,-167.125854
2023-04-09 01:36:00+00:00,-166.123901
2023-04-09 01:37:00+00:00,-181.017853
2023-04-09 01:38:00+00:00,-173.357285
2023-04-09 01:39:00+00:00,-198.309067
2023-04-09 01:40:00+00:00,-195.496887
2023-04-09 01:41:00+00:00,-161.831085
2023-04-09 01:42:00+00:00,-154.044357
2023-04-09 01:43:00+00:00,-147.260544
2023-04-09 01:44:00+00:00,-140.113144
2023-04-09 01:45:00+00:00,-153.750687
2023-04-09 01:46:00+00:00,-176.737198
2023-04-09 01:47:00+00:00,-200.697495
2023-04-09 01:48:00+00:00,-217.646225
2023-04-09 01:49:00+00:00,-221.599518
2023-04-09 01:50:00+00:00,-220.567123
2023-04-09 01:51:00+00:00,-218.534882
2023-04-09 01:52:00+00:00,-211.501831
2023-04-09 01:53:00+00:00,-209.470428
2023-04-09 01:54:00+00:00,-204.438675
2023-04-09 01:55:00+00:00,-192.407089
2023-04-09 01:56:00+00:00,-184.377609
2023-04-09 01:57:00+00:00,-180.343948
2023-04-09 01:58:00+00:00,-177.313843
2023-04-09 01:59:00+00:00,-167.281952
2023-04-09 02:00:00+00:00,-152.257599
2023-04-09 02:01:00+00:00,-147.183105
2023-04-09 02:02:00+00:00,-159.572586
2023-04-09 02:03:00+00:00,-152.406372
2023-04-09 02:04:00+00:00,-144.558701
2023-04-09 02:05:00+00:00,-156.769516
2023-04-09 02:06:00+00:00,-152.605423
2023-04-09 02:07:00+00:00,-133.258865
2023-04-09 02:08:00+00:00,-139.064133
2023-04-09 02:09:00+00:00,-133.006195
2023-04-09 02:10:00+00:00,-126.204033
2023-04-09 02:11:00+00:00,-119.038574
2023-04-09 02:12:00+00:00,-114.281219
2023-04-09 02:13:00+00:00,-115.099373
2023-04-09 02:14:00+00:00,-118.493919
2023-04-09 02:15:00+00:00,-128.042969
2023-04-09 02:16:00+00:00,-139.738586
2023-04-09 02:17:00+00:00,-138.298523
2023-04-09 02:18:00+00:00,-130.976303
2023-04-09 02:19:00+00:00,-144.373062
2023-04-09 02:20:00+00:00,-146.648056
2023-04-09 02:21:00+00:00,-138.974625
2023-04-09 02:22:00+00:00,-124.632126
2023-04-09 02:23:00+00:00,-136.442932
2023-04-09 02:24:00+00:00,-145.689163
2023-04-09 02:25:00+00:00,-162.911743
2023-04-09 02:26:00+00:00,-184.538391
2023-04-09 02:27:00+00:00,-190.52446
2023-04-09 02:28:00+00:00,-185.425034
2023-04-09 02:29:00+00:00,-179.643692
2023-04-09 02:30:00+00:00,-172.702164
2023-04-09 02:31:00+00:00,-163.405411
2023-04-09 02:32:00+00:00,-153.359039
2023-04-09 02:33:00+00:00,-147.396072
2023-04-09 02:34:00+00:00,-137.20517
2023-04-09 02:35:00+00:00,-127.748032
2023-04-09 02:36:00+00:00,-127.881287
2023-04-09 02:37:00+00:00,-127.108887
2023-04-09 02:38:00+00:00,-118.552048
2023-04-09 02:39:00+00:00,-112.189194
2023-04-09 02:40:00+00:00,-103.393486
2023-04-09 02:41:00+00:00,-96.249954
2023-04-09 02:42:00+00:00,-91.86702
2023-04-09 02:43:00+00:00,-90.155876
2023-04-09 02:44:00+00:00,-86.829468
2023-04-09 02:45:00+00:00,-85.011818
2023-04-09 02:46:00+00:00,-87.736267
2023-04-09 02:47:00+00:00,-86.573135
2023-04-16 00:00:00+00:00,-57.349609
2023-04-16 00:01:00+00:00,-57.328094
2023-04-16 00:02:00+00:00,-55.00172
2023-04-16 00:03:00+00:00,-54.319351
2023-04-16 00:04:00+00:00,-53.751167
2023-04-16 00:05:00+00:00,-51.08366
2023-04-16 00:06:00+00:00,-48.890831
2023-04-16 00:07:00+00:00,-46.098778
2023-04-16 00:08:00+00:00,-44.271656
2023-04-16 00:09:00+00:00,-45.934994
2023-04-16 00:10:00+00:00,-52.842522
2023-04-16 00:11:00+00:00,-52.774399
2023-04-16 00:12:00+00:00,-44.972
2023-04-16 00:13:00+00:00,-39.964493
2023-04-16 00:14:00+00:00,-39.416893
2023-04-16 00:15:00+00:00,-33.76078
2023-04-16 00:16:00+00:00,-33.376881
2023-04-16 00:17:00+00:00,-34.335011
2023-04-16 00:18:00+00:00,-40.604317
2023-04-16 00:19:00+00:00,-38.910561
2023-04-16 00:20:00+00:00,-42.75174
2023-04-16 00:21:00+00:00,-45.587799
2023-04-16 00:22:00+00:00,-45.449955
2023-04-16 00:23:00+00:00,-37.414413
2023-04-16 00:24:00+00:00,-35.666588
2023-04-16 00:25:00+00:00,-36.448692
2023-04-16 00:26:00+00:00,-35.01273
2023-04-16 00:27:00+00:00,-32.312622
2023-04-16 00:28:00+00:00,-32.0303
2023-04-16 00:29:00+00:00,-34.780258
2023-04-16 00:30:00+00:00,-35.388214
2023-04-16 00:31:00+00:00,-34.488712
2023-04-16 00:32:00+00:00,-32.778034
2023-04-16 00:33:00+00:00,-33.930927
2023-04-16 00:34:00+00:00,-37.13195
2023-04-16 00:35:00+00:00,-30.42634
2023-04-16 00:36:00+00:00,-30.03112
2023-04-16 00:37:00+00:00,-33.12796
2023-04-16 00:38:00+00:00,-33.523781
2023-04-16 00:39:00+00:00,-33.119434
2023-04-16 00:40:00+00:00,-31.086964
2023-04-16 00:41:00+00:00,-27.750814
2023-04-16 00:42:00+00:00,-33.258465
2023-04-16 00:43:00+00:00,-36.922619
2023-04-16 00:44:00+00:00,-33.37635
2023-04-16 00:45:00+00:00,-34.538342
2023-04-16 00:46:00+00:00,-38.564182
2023-04-16 00:47:00+00:00,-38.45652
2023-04-16 00:48:00+00:00,-38.385201
2023-04-16 00:49:00+00:00,-39.167412
2023-04-16 00:50:00+00:00,-48.792583
2023-04-16 00:51:00+00:00,-52.583755
2023-04-16 00:52:00+00:00,-48.41975
2023-04-16 00:53:00+00:00,-36.843399
2023-04-16 00:54:00+00:00,-31.891314
2023-04-16 00:55:00+00:00,-31.472895
2023-04-16 00:56:00+00:00,-41.903751
2023-04-16 00:57:00+00:00,-49.048687
2023-04-16 00:58:00+00:00,-47.224319
2023-04-16 00:59:00+00:00,-41.434479
2023-04-16 01:00:00+00:00,-38.968128
2023-04-16 01:01:00+00:00,-44.740036
2023-04-16 01:02:00+00:00,-42.961742
2023-04-16 01:03:00+00:00,-39.488651
2023-04-16 01:04:00+00:00,-43.315876
2023-04-16 01:05:00+00:00,-45.404179
2023-04-16 01:06:00+00:00,-43.320915
2023-04-16 01:07:00+00:00,-38.051376
2023-04-16 01:08:00+00:00,-35.786545
2023-04-16 01:09:00+00:00,-35.672367
2023-04-16 01:10:00+00:00,-34.929565
2023-04-16 01:11:00+00:00,-34.381691
2023-04-16 01:12:00+00:00,-34.31675
2023-04-16 01:13:00+00:00,-36.042416
2023-04-16 01:14:00+00:00,-36.489685
2023-04-16 01:15:00+00:00,-40.756062
2023-04-16 01:16:00+00:00,-49.646919
2023-04-16 01:17:00+00:00,-49.540287
2023-04-16 01:18:00+00:00,-50.597229
2023-04-16 01:19:00+00:00,-52.232983
2023-04-16 01:20:00+00:00,-51.106148
2023-04-16 01:21:00+00:00,-52.619247
2023-04-16 01:22:00+00:00,-46.757576
2023-04-16 01:23:00+00:00,-38.142426
2023-04-16 01:24:00+00:00,-32.745121
2023-04-16 01:25:00+00:00,-31.909781
2023-04-16 01:26:00+00:00,-30.018335
2023-04-16 01:27:00+00:00,-27.978142
2023-04-16 01:28:00+00:00,-27.254902
2023-04-16 01:29:00+00:00,-27.732777
2023-04-16 01:30:00+00:00,-28.50843
2023-04-16 01:31:00+00:00,-28.983116
2023-04-16 01:32:00+00:00,-29.158657
2023-04-16 01:33:00+00:00,-28.833878
2023-04-16 01:34:00+00:00,-29.008417
2023-04-16 01:35:00+00:00,-29.782598
2023-04-16 01:36:00+00:00,-30.704889
2023-04-16 01:37:00+00:00,-31.692499
2023-04-16 01:38:00+00:00,-33.388344
2023-04-16 01:39:00+00:00,-35.366726
2023-04-16 01:40:00+00:00,-37.653263
2023-04-16 01:41:00+00:00,-36.281372
2023-04-16 01:42:00+00:00,-35.186157
2023-04-16 01:43:00+00:00,-34.518219
2023-04-16 01:44:00+00:00,-35.77853
2023-04-16 01:45:00+00:00,-37.369614
2023-04-16 01:46:00+00:00,-37.324287
2023-04-16 01:47:00+00:00,-36.865391
2023-04-16 01:48:00+00:00,-37.500736
2023-04-16 01:49:00+00:00,-36.89941
2023-04-16 01:50:00+00:00,-33.994686
2023-04-16 01:51:00+00:00,-31.139257
2023-04-16 01:52:00+00:00,-29.997066
2023-04-16 01:53:00+00:00,-29.866032
2023-04-16 01:54:00+00:00,-29.88821
2023-04-16 01:55:00+00:00,-30.943802
2023-04-16 01:56:00+00:00,-31.368036
2023-04-16 01:57:00+00:00,-31.43515
2023-04-16 01:58:00+00:00,-32.746017
2023-04-16 01:59:00+00:00,-33.86314
2023-04-16 02:00:00+00:00,-33.227417
2023-04-16 02:01:00+00:00,-33.642384
2023-04-16 02:02:00+00:00,-33.857391
2023-04-16 02:03:00+00:00,-33.52092
2023-04-16 02:04:00+00:00,-32.284813
2023-04-16 02:05:00+00:00,-31.548622
2023-04-16 02:06:00+00:00,-32.208344
2023-04-16 02:07:00+00:00,-32.670265
2023-04-16 02:08:00+00:00,-33.330341
2023-04-16 02:09:00+00:00,-32.791317
2023-04-16 02:10:00+00:00,-33.150318
2023-04-16 02:11:00+00:00,-31.662663
2023-04-16 02:12:00+00:00,-31.770969
2023-04-16 02:13:00+00:00,-32.836552
2023-04-16 02:14:00+00:00,-33.961384
2023-04-16 02:15:00+00:00,-37.188431
2023-04-16 02:16:00+00:00,-38.798172
2023-04-16 02:17:00+00:00,-46.286594
2023-04-16 02:18:00+00:00,-45.47168
2023-04-16 02:19:00+00:00,-61.261314
2023-04-16 02:20:00+00:00,-60.454361
2023-04-16 02:21:00+00:00,-57.811466
2023-04-16 02:22:00+00:00,-45.549393
2023-04-16 02:23:00+00:00,-56.021568
2023-04-16 02:24:00+00:00,-63.520988
2023-04-16 02:25:00+00:00,-66.645226
2023-04-16 02:26:00+00:00,-56.08559
2023-04-16 02:27:00+00:00,-49.913422
2023-04-16 02:28:00+00:00,-58.833706
2023-04-16 02:29:00+00:00,-60.57198
2023-04-16 02:30:00+00:00,-56.36446
2023-04-16 02:31:00+00:00,-49.160751
2023-04-16 02:32:00+00:00,-47.480598
2023-04-16 02:33:00+00:00,-45.140388
2023-04-16 02:34:00+00:00,-48.458408
2023-04-16 02:35:00+00:00,-50.044147
2023-04-16 02:36:00+00:00,-55.583076
2023-04-16 02:37:00+00:00,-57.809559
2023-04-16 02:38:00+00:00,-78.355865
2023-04-16 02:39:00+00:00,-81.339279
2023-04-16 02:40:00+00:00,-62.105217
2023-04-16 02:41:00+00:00,-53.152176
2023-04-16 02:42:00+00:00,-57.98616
2023-04-16 02:43:00+00:00,-56.650204
2023-04-16 02:44:00+00:00,-65.093506
2023-04-16 02:45:00+00:00,-76.007416
2023-04-16 02:46:00+00:00,-71.690857
2023-04-16 02:47:00+00:00,-52.225784
2023-04-23 00:00:00+00:00,-317.517212
2023-04-23 00:01:00+00:00,-333.325562
2023-04-23 00:02:00+00:00,-333.530823
2023-04-23 00:03:00+00:00,-331.618286
2023-04-23 00:04:00+00:00,-316.009583
2023-04-23 00:05:00+00:00,-304.916992
2023-04-23 00:06:00+00:00,-302.91153
2023-04-23 00:07:00+00:00,-311.256775
2023-04-23 00:08:00+00:00,-315.130005
2023-04-23 00:09:00+00:00,-308.269684
2023-04-23 00:10:00+00:00,-301.410675
2023-04-23 00:11:00+00:00,-290.914673
2023-04-23 00:12:00+00:00,-289.884186
2023-04-23 00:13:00+00:00,-283.292877
2023-04-23 00:14:00+00:00,-285.8703
2023-04-23 00:15:00+00:00,-291.300934
2023-04-23 00:16:00+00:00,-289.687378
2023-04-23 00:17:00+00:00,-286.770721
2023-04-23 00:18:00+00:00,-294.417145
2023-04-23 00:19:00+00:00,-288.703796
2023-04-23 00:20:00+00:00,-281.491547
2023-04-23 00:21:00+00:00,-280.473175
2023-04-23 00:22:00+00:00,-287.365448
2023-04-23 00:23:00+00:00,-284.908966
2023-04-23 00:24:00+00:00,-275.412323
2023-04-23 00:25:00+00:00,-268.29953
2023-04-23 00:26:00+00:00,-265.2211
2023-04-23 00:27:00+00:00,-254.66156
2023-04-23 00:28:00+00:00,-238.375107
2023-04-23 00:29:00+00:00,-224.515411
2023-04-23 00:30:00+00:00,-231.83371
2023-04-23 00:31:00+00:00,-237.024155
2023-04-23 00:32:00+00:00,-237.479996
2023-04-23 00:33:00+00:00,-226.974655
2023-04-23 00:34:00+00:00,-224.087234
2023-04-23 00:35:00+00:00,-223.664291
2023-04-23 00:36:00+00:00,-215.431396
2023-04-23 00:37:00+00:00,-213.336761
2023-04-23 00:38:00+00:00,-208.089401
2023-04-23 00:39:00+00:00,-196.04071
2023-04-23 00:40:00+00:00,-185.259033
2023-04-23 00:41:00+00:00,-179.259155
2023-04-23 00:42:00+00:00,-169.967529
2023-04-23 00:43:00+00:00,-168.241638
2023-04-23 00:44:00+00:00,-174.661682
2023-04-23 00:45:00+00:00,-179.165207
2023-04-23 00:46:00+00:00,-177.181168
2023-04-23 00:47:00+00:00,-172.647842
2023-04-23 00:48:00+00:00,-168.797607
2023-04-23 00:49:00+00:00,-166.293701
2023-04-23 00:50:00+00:00,-165.271149
2023-04-23 00:51:00+00:00,-157.83847
2023-04-23 00:52:00+00:00,-155.9702
2023-04-23 00:53:00+00:00,-159.451584
2023-04-23 00:54:00+00:00,-162.546021
2023-04-23 00:55:00+00:00,-164.613953
2023-04-23 00:56:00+00:00,-167.948639
2023-04-23 00:57:00+00:00,-166.565308
2023-04-23 00:58:00+00:00,-165.331131
2023-04-23 00:59:00+00:00,-161.264633
2023-04-23 01:00:00+00:00,-156.552567
2023-04-23 01:01:00+00:00,-154.881042
2023-04-23 01:02:00+00:00,-153.856644
2023-04-23 01:03:00+00:00,-151.078018
2023-04-23 01:04:00+00:00,-144.589294
2023-04-23 01:05:00+00:00,-137.118607
2023-04-23 01:06:00+00:00,-131.178833
2023-04-23 01:07:00+00:00,-127.778595
2023-04-23 01:08:00+00:00,-128.580765
2023-04-23 01:09:00+00:00,-123.862724
2023-04-23 01:10:00+00:00,-118.829361
2023-04-23 01:11:00+00:00,-115.305664
2023-04-23 01:12:00+00:00,-108.381836
2023-04-23 01:13:00+00:00,-100.111382
2023-04-23 01:14:00+00:00,-94.192528
2023-04-23 01:15:00+00:00,-88.508873
2023-04-23 01:16:00+00:00,-85.301979
2023-04-23 01:17:00+00:00,-85.00914
2023-04-23 01:18:00+00:00,-88.666199
2023-04-23 01:19:00+00:00,-90.972946
2023-04-23 01:20:00+00:00,-90.742569
2023-04-23 01:21:00+00:00,-86.973007
2023-04-23 01:22:00+00:00,-86.191643
2023-04-23 01:23:00+00:00,-83.238121
2023-04-23 01:24:00+00:00,-83.277847
2023-04-23 01:25:00+00:00,-86.034241
2023-04-23 01:26:00+00:00,-90.4944
2023-04-23 01:27:00+00:00,-96.711441
2023-04-23 01:28:00+00:00,-102.497643
2023-04-23 01:29:00+00:00,-110.072731
2023-04-23 01:30:00+00:00,-116.572212
2023-04-23 01:31:00+00:00,-123.20565
2023-04-23 01:32:00+00:00,-129.555023
2023-04-23 01:33:00+00:00,-129.058807
2023-04-23 01:34:00+00:00,-128.7099
2023-04-23 01:35:00+00:00,-126.186462
2023-04-23 01:36:00+00:00,-124.079079
2023-04-23 01:37:00+00:00,-122.13089
2023-04-23 01:38:00+00:00,-119.461784
2023-04-23 01:39:00+00:00,-116.546768
2023-04-23 01:40:00+00:00,-117.601433
2023-04-23 01:41:00+00:00,-118.319901
2023-04-23 01:42:00+00:00,-115.649803
2023-04-23 01:43:00+00:00,-115.928833
2023-04-23 01:44:00+00:00,-114.77121
2023-04-23 01:45:00+00:00,-111.075142
2023-04-23 01:46:00+00:00,-110.00119
2023-04-23 01:47:00+00:00,-112.05304
2023-04-23 01:48:00+00:00,-113.056824
2023-04-23 01:49:00+00:00,-111.739861
2023-04-23 01:50:00+00:00,-123.331985
2023-04-23 01:51:00+00:00,-141.808853
2023-04-23 01:52:00+00:00,-152.037201
2023-04-23 01:53:00+00:00,-152.044907
2023-04-23 01:54:00+00:00,-134.905716
2023-04-23 01:55:00+00:00,-136.55986
2023-04-23 01:56:00+00:00,-137.254822
2023-04-23 01:57:00+00:00,-139.731033
2023-04-23 01:58:00+00:00,-141.754135
2023-04-23 01:59:00+00:00,-148.843216
2023-04-23 02:00:00+00:00,-151.860291
2023-04-23 02:01:00+00:00,-156.560806
2023-04-23 02:02:00+00:00,-171.169983
2023-04-23 02:03:00+00:00,-180.830109
2023-04-23 02:04:00+00:00,-180.731232
2023-04-23 02:05:00+00:00,-178.033554
2023-04-23 02:06:00+00:00,-171.242493
2023-04-23 02:07:00+00:00,-163.857056
2023-04-23 02:08:00+00:00,-159.097443
2023-04-23 02:09:00+00:00,-161.963272
2023-04-23 02:10:00+00:00,-170.556885
2023-04-23 02:11:00+00:00,-183.63562
2023-04-23 02:12:00+00:00,-194.099106
2023-04-23 02:13:00+00:00,-199.006805
2023-04-23 02:14:00+00:00,-202.399719
2023-04-23 02:15:00+00:00,-202.081482
2023-04-23 02:16:00+00:00,-204.559128
2023-04-23 02:17:00+00:00,-210.379944
2023-04-23 02:18:00+00:00,-231.676926
2023-04-23 02:19:00+00:00,-250.935272
2023-04-23 02:20:00+00:00,-264.034637
2023-04-23 02:21:00+00:00,-271.059509
2023-04-23 02:22:00+00:00,-272.877167
2023-04-23 02:23:00+00:00,-274.903564
2023-04-23 02:24:00+00:00,-265.525635
2023-04-23 02:25:00+00:00,-266.430786
2023-04-23 02:26:00+00:00,-269.328827
2023-04-23 02:27:00+00:00,-265.690704
2023-04-23 02:28:00+00:00,-256.206909
2023-04-23 02:29:00+00:00,-255.7005
2023-04-23 02:30:00+00:00,-268.176392
2023-04-23 02:31:00+00:00,-279.726288
2023-04-23 02:32:00+00:00,-284.943665
2023-04-23 02:33:00+00:00,-305.136047
2023-04-23 02:34:00+00:00,-315.574677
2023-04-23 02:35:00+00:00,-332.161224
2023-04-23 02:36:00+00:00,-341.880798
2023-04-23 02:37:00+00:00,-341.684143
2023-04-23 02:38:00+00:00,-318.800659
2023-04-23 02:39:00+00:00,-298.986481
2023-04-23 02:40:00+00:00,-279.554993
2023-04-23 02:41:00+00:00,-278.001129
2023-04-23 02:42:00+00:00,-278.263245
2023-04-23 02:43:00+00:00,-277.478638
2023-04-23 02:44:00+00:00,-293.591431
2023-04-23 02:45:00+00:00,-303.572479
2023-04-23 02:46:00+00:00,-297.406525
2023-04-23 02:47:00+00:00,-290.11441
2023-04-30 00:00:00+00:00,-129.098053
2023-04-30 00:01:00+00:00,-165.339005
2023-04-30 00:02:00+00:00,-176.581497
2023-04-30 00:03:00+00:00,-185.799225
2023-04-30 00:04:00+00:00,-174.054077
2023-04-30 00:05:00+00:00,-192.7995
2023-04-30 00:06:00+00:00,-187.738983
2023-04-30 00:07:00+00:00,-208.772308
2023-04-30 00:08:00+00:00,-221.561951
2023-04-30 00:09:00+00:00,-200.574066
2023-04-30 00:10:00+00:00,-181.806763
2023-04-30 00:11:00+00:00,-216.294556
2023-04-30 00:12:00+00:00,-226.82785
2023-04-30 00:13:00+00:00,-178.197037
2023-04-30 00:14:00+00:00,-138.381653
2023-04-30 00:15:00+00:00,-119.801956
2023-04-30 00:16:00+00:00,-127.357742
2023-04-30 00:17:00+00:00,-134.579636
2023-04-30 00:18:00+00:00,-147.311417
2023-04-30 00:19:00+00:00,-158.000702
2023-04-30 00:20:00+00:00,-163.616623
2023-04-30 00:21:00+00:00,-167.313797
2023-04-30 00:22:00+00:00,-166.580902
2023-04-30 00:23:00+00:00,-162.110657
2023-04-30 00:24:00+00:00,-157.562592
2023-04-30 00:25:00+00:00,-161.415863
2023-04-30 00:26:00+00:00,-169.857666
2023-04-30 00:27:00+00:00,-176.721161
2023-04-30 00:28:00+00:00,-193.42009
2023-04-30 00:29:00+00:00,-218.867416
2023-04-30 00:30:00+00:00,-252.947647
2023-04-30 00:31:00+00:00,-287.02356
2023-04-30 00:32:00+00:00,-308.476074
2023-04-30 00:33:00+00:00,-319.859711
2023-04-30 00:34:00+00:00,-324.603088
2023-04-30 00:35:00+00:00,-323.697266
2023-04-30 00:36:00+00:00,-316.589417
2023-04-30 00:37:00+00:00,-308.857635
2023-04-30 00:38:00+00:00,-295.198853
2023-04-30 00:39:00+00:00,-275.731171
2023-04-30 00:40:00+00:00,-263.884216
2023-04-30 00:41:00+00:00,-262.665344
2023-04-30 00:42:00+00:00,-259.317719
2023-04-30 00:43:00+00:00,-266.670532
2023-04-30 00:44:00+00:00,-263.825287
2023-04-30 00:45:00+00:00,-260.751892
2023-04-30 00:46:00+00:00,-268.322021
2023-04-30 00:47:00+00:00,-257.973358
2023-04-30 00:48:00+00:00,-253.028107
2023-04-30 00:49:00+00:00,-241.401947
2023-04-30 00:50:00+00:00,-250.642975
2023-04-30 00:51:00+00:00,-251.807724
2023-04-30 00:52:00+00:00,-256.459137
2023-04-30 00:53:00+00:00,-262.180481
2023-04-30 00:54:00+00:00,-263.250275
2023-04-30 00:55:00+00:00,-261.379303
2023-04-30 00:56:00+00:00,-260.448547
2023-04-30 00:57:00+00:00,-263.954437
2023-04-30 00:58:00+00:00,-279.252594
2023-04-30 00:59:00+00:00,-299.729614
2023-04-30 01:00:00+00:00,-313.424652
2023-04-30 01:01:00+00:00,-318.369202
2023-04-30 01:02:00+00:00,-314.565247
2023-04-30 01:03:00+00:00,-303.660217
2023-04-30 01:04:00+00:00,-301.020538
2023-04-30 01:05:00+00:00,-305.558746
2023-04-30 01:06:00+00:00,-310.270142
2023-04-30 01:07:00+00:00,-316.501709
2023-04-30 01:08:00+00:00,-308.568207
2023-04-30 01:09:00+00:00,-298.308807
2023-04-30 01:10:00+00:00,-285.406067
2023-04-30 01:11:00+00:00,-274.958832
2023-04-30 01:12:00+00:00,-273.618896
2023-04-30 01:13:00+00:00,-273.151123
2023-04-30 01:14:00+00:00,-278.645294
2023-04-30 01:15:00+00:00,-286.852661
2023-04-30 01:16:00+00:00,-289.891785
2023-04-30 01:17:00+00:00,-279.80777
2023-04-30 01:18:00+00:00,-276.823242
2023-04-30 01:19:00+00:00,-282.638702
2023-04-30 01:20:00+00:00,-292.96344
2023-04-30 01:21:00+00:00,-304.448151
2023-04-30 01:22:00+00:00,-307.384003
2023-04-30 01:23:00+00:00,-316.273438
2023-04-30 01:24:00+00:00,-332.017975
2023-04-30 01:25:00+00:00,-334.855896
2023-04-30 01:26:00+00:00,-337.330383
2023-04-30 01:27:00+00:00,-340.585388
2023-04-30 01:28:00+00:00,-347.425873
2023-04-30 01:29:00+00:00,-339.460175
2023-04-30 01:30:00+00:00,-327.359344
2023-04-30 01:31:00+00:00,-324.843689
2023-04-30 01:32:00+00:00,-325.336426
2023-04-30 01:33:00+00:00,-330.941986
2023-04-30 01:34:00+00:00,-342.615723
2023-04-30 01:35:00+00:00,-354.75473
2023-04-30 01:36:00+00:00,-367.093567
2023-04-30 01:37:00+00:00,-372.12854
2023-04-30 01:38:00+00:00,-371.662231
2023-04-30 01:39:00+00:00,-376.377777
2023-04-30 01:40:00+00:00,-380.666718
2023-04-30 01:41:00+00:00,-358.970398
2023-04-30 01:42:00+00:00,-359.588959
2023-04-30 01:43:00+00:00,-371.347961
2023-04-30 01:44:00+00:00,-387.967194
2023-04-30 01:45:00+00:00,-385.010315
2023-04-30 01:46:00+00:00,-384.492615
2023-04-30 01:47:00+00:00,-396.188873
2023-04-30 01:48:00+00:00,-448.470978
2023-04-30 01:49:00+00:00,-455.612396
2023-04-30 01:50:00+00:00,-466.950195
2023-04-30 01:51:00+00:00,-485.58197
2023-04-30 01:52:00+00:00,-481.90033
2023-04-30 01:53:00+00:00,-476.873047
2023-04-30 01:54:00+00:00,-468.503052
2023-04-30 01:55:00+00:00,-450.931976
2023-04-30 01:56:00+00:00,-426.863037
2023-04-30 01:57:00+00:00,-420.286346
2023-04-30 01:58:00+00:00,-416.788849
2023-04-30 01:59:00+00:00,-430.521973
2023-04-30 02:00:00+00:00,-426.454712
2023-04-30 02:01:00+00:00,-414.070343
2023-04-30 02:02:00+00:00,-414.508942
2023-04-30 02:03:00+00:00,-411.605438
2023-04-30 02:04:00+00:00,-405.628754
2023-04-30 02:05:00+00:00,-406.675507
2023-04-30 02:06:00+00:00,-400.232391
2023-04-30 02:07:00+00:00,-387.115997
2023-04-30 02:08:00+00:00,-369.024658
2023-04-30 02:09:00+00:00,-372.991638
2023-04-30 02:10:00+00:00,-419.76239
2023-04-30 02:11:00+00:00,-427.067993
2023-04-30 02:12:00+00:00,-410.214752
2023-04-30 02:13:00+00:00,-413.634766
2023-04-30 02:14:00+00:00,-416.306549
2023-04-30 02:15:00+00:00,-429.068604
2023-04-30 02:16:00+00:00,-433.838776
2023-04-30 02:17:00+00:00,-443.390045
2023-04-30 02:18:00+00:00,-444.35675
2023-04-30 02:19:00+00:00,-409.328461
2023-04-30 02:20:00+00:00,-396.865082
2023-04-30 02:21:00+00:00,-373.499878
2023-04-30 02:22:00+00:00,-407.499878
2023-04-30 02:23:00+00:00,-427.584686
2023-04-30 02:24:00+00:00,-421.60849
2023-04-30 02:25:00+00:00,-429.65921
2023-04-30 02:26:00+00:00,-471.751617
2023-04-30 02:27:00+00:00,-479.697998
2023-04-30 02:28:00+00:00,-453.501404
2023-04-30 02:29:00+00:00,-457.45871
2023-04-30 02:30:00+00:00,-447.4823
2023-04-30 02:31:00+00:00,-429.484375
2023-04-30 02:32:00+00:00,-432.455902
2023-04-30 02:33:00+00:00,-443.435791
2023-04-30 02:34:00+00:00,-451.488831
2023-04-30 02:35:00+00:00,-469.382599
2023-04-30 02:36:00+00:00,-488.391754
2023-04-30 02:37:00+00:00,-475.46405
2023-04-30 02:38:00+00:00,-483.522064
2023-04-30 02:39:00+00:00,-466.528076
2023-04-30 02:40:00+00:00,-450.555237
2023-04-30 02:41:00+00:00,-460.222412
2023-04-30 02:42:00+00:00,-465.471832
2023-04-30 02:43:00+00:00,-455.703003
2023-04-30 02:44:00+00:00,-424.955963
2023-04-30 02:45:00+00:00,-408.018097
2023-04-30 02:46:00+00:00,-406.244415
2023-04-30 02:47:00+00:00,-396.971985
2023-05-07 00:00:00+00:00,-84.004883
2023-05-07 00:01:00+00:00,-95.211899
2023-05-07 00:02:00+00:00,-92.067001
2023-05-07 00:03:00+00:00,-93.925606
2023-05-07 00:04:00+00:00,-94.783096
2023-05-07 00:05:00+00:00,-96.641159
2023-05-07 00:06:00+00:00,-92.506554
2023-05-07 00:07:00+00:00,-92.376343
2023-05-07 00:08:00+00:00,-88.248436
2023-05-07 00:09:00+00:00,-89.12471
2023-05-07 00:10:00+00:00,-85.740807
2023-05-07 00:11:00+00:00,-90.016106
2023-05-07 00:12:00+00:00,-93.986015
2023-05-07 00:13:00+00:00,-94.514374
2023-05-07 00:14:00+00:00,-91.763809
2023-05-07 00:15:00+00:00,-85.853539
2023-05-07 00:16:00+00:00,-80.701752
2023-05-07 00:17:00+00:00,-79.902397
2023-05-07 00:18:00+00:00,-80.94838
2023-05-07 00:19:00+00:00,-80.887474
2023-05-07 00:20:00+00:00,-81.120918
2023-05-07 00:21:00+00:00,-79.109169
2023-05-07 00:22:00+00:00,-79.02327
2023-05-07 00:23:00+00:00,-79.071289
2023-05-07 00:24:00+00:00,-79.784798
2023-05-07 00:25:00+00:00,-79.031456
2023-05-07 00:26:00+00:00,-81.555832
2023-05-07 00:27:00+00:00,-83.65625
2023-05-07 00:28:00+00:00,-82.762993
2023-05-07 00:29:00+00:00,-78.69101
2023-05-07 00:30:00+00:00,-74.558075
2023-05-07 00:31:00+00:00,-70.561913
2023-05-07 00:32:00+00:00,-72.468552
2023-05-07 00:33:00+00:00,-75.283539
2023-05-07 00:34:00+00:00,-73.777023
2023-05-07 00:35:00+00:00,-68.544556
2023-05-07 00:36:00+00:00,-66.3479
2023-05-07 00:37:00+00:00,-68.36779
2023-05-07 00:38:00+00:00,-71.106041
2023-05-07 00:39:00+00:00,-74.645889
2023-05-07 00:40:00+00:00,-79.297913
2023-05-07 00:41:00+00:00,-78.371178
2023-05-07 00:42:00+00:00,-73.459496
2023-05-07 00:43:00+00:00,-69.533195
2023-05-07 00:44:00+00:00,-67.06987
2023-05-07 00:45:00+00:00,-66.776428
2023-05-07 00:46:00+00:00,-67.449013
2023-05-07 00:47:00+00:00,-71.440186
2023-05-07 00:48:00+00:00,-78.266014
2023-05-07 00:49:00+00:00,-87.105324
2023-05-07 00:50:00+00:00,-89.079773
2023-05-07 00:51:00+00:00,-83.73336
2023-05-07 00:52:00+00:00,-75.370682
2023-05-07 00:53:00+00:00,-64.85675
2023-05-07 00:54:00+00:00,-57.793259
2023-05-07 00:55:00+00:00,-51.804634
2023-05-07 00:56:00+00:00,-56.403656
2023-05-07 00:57:00+00:00,-66.675858
2023-05-07 00:58:00+00:00,-74.934189
2023-05-07 00:59:00+00:00,-76.105469
2023-05-07 01:00:00+00:00,-72.325218
2023-05-07 01:01:00+00:00,-67.971245
2023-05-07 01:02:00+00:00,-68.15641
2023-05-07 01:03:00+00:00,-71.67318
2023-05-07 01:04:00+00:00,-79.153046
2023-05-07 01:05:00+00:00,-81.324188
2023-05-07 01:06:00+00:00,-82.526711
2023-05-07 01:07:00+00:00,-81.119827
2023-05-07 01:08:00+00:00,-74.686501
2023-05-07 01:09:00+00:00,-67.830246
2023-05-07 01:10:00+00:00,-61.403854
2023-05-07 01:11:00+00:00,-60.60778
2023-05-07 01:12:00+00:00,-61.511475
2023-05-07 01:13:00+00:00,-64.588974
2023-05-07 01:14:00+00:00,-67.705757
2023-05-07 01:15:00+00:00,-70.300064
2023-05-07 01:16:00+00:00,-71.944321
2023-05-07 01:17:00+00:00,-73.095428
2023-05-07 01:18:00+00:00,-73.229378
2023-05-07 01:19:00+00:00,-72.339203
2023-05-07 01:20:00+00:00,-68.957626
2023-05-07 01:21:00+00:00,-68.864212
2023-05-07 01:22:00+00:00,-68.144882
2023-05-07 01:23:00+00:00,-68.069862
2023-05-07 01:24:00+00:00,-68.98983
2023-05-07 01:25:00+00:00,-68.639404
2023-05-07 01:26:00+00:00,-67.886414
2023-05-07 01:27:00+00:00,-66.005669
2023-05-07 01:28:00+00:00,-64.725433
2023-05-07 01:29:00+00:00,-65.521538
2023-05-07 01:30:00+00:00,-68.005661
2023-05-07 01:31:00+00:00,-67.210281
2023-05-07 01:32:00+00:00,-66.807289
2023-05-07 01:33:00+00:00,-63.022362
2023-05-07 01:34:00+00:00,-59.3302
2023-05-07 01:35:00+00:00,-56.862885
2023-05-07 01:36:00+00:00,-56.855232
2023-05-07 01:37:00+00:00,-58.157387
2023-05-07 01:38:00+00:00,-58.91703
2023-05-07 01:39:00+00:00,-54.001999
2023-05-07 01:40:00+00:00,-48.262352
2023-05-07 01:41:00+00:00,-43.74604
2023-05-07 01:42:00+00:00,-43.49617
2023-05-07 01:43:00+00:00,-47.036354
2023-05-07 01:44:00+00:00,-47.019409
2023-05-07 01:45:00+00:00,-47.863075
2023-05-07 01:46:00+00:00,-47.537739
2023-05-07 01:47:00+00:00,-49.663158
2023-05-07 01:48:00+00:00,-54.505966
2023-05-07 01:49:00+00:00,-63.485573
2023-05-07 01:50:00+00:00,-67.115906
2023-05-07 01:51:00+00:00,-61.593712
2023-05-07 01:52:00+00:00,-47.346207
2023-05-07 01:53:00+00:00,-36.03302
2023-05-07 01:54:00+00:00,-31.611118
2023-05-07 01:55:00+00:00,-35.221283
2023-05-07 01:56:00+00:00,-44.602539
2023-05-07 01:57:00+00:00,-50.536217
2023-05-07 01:58:00+00:00,-50.903618
2023-05-07 01:59:00+00:00,-47.524536
2023-05-07 02:00:00+00:00,-45.242287
2023-05-07 02:01:00+00:00,-47.403152
2023-05-07 02:02:00+00:00,-53.943481
2023-05-07 02:03:00+00:00,-58.792114
2023-05-07 02:04:00+00:00,-61.963135
2023-05-07 02:05:00+00:00,-58.774124
2023-05-07 02:06:00+00:00,-54.244843
2023-05-07 02:07:00+00:00,-50.615456
2023-05-07 02:08:00+00:00,-47.094803
2023-05-07 02:09:00+00:00,-45.695549
2023-05-07 02:10:00+00:00,-49.443329
2023-05-07 02:11:00+00:00,-57.093788
2023-05-07 02:12:00+00:00,-56.186142
2023-05-07 02:13:00+00:00,-52.022934
2023-05-07 02:14:00+00:00,-44.846596
2023-05-07 02:15:00+00:00,-48.387394
2023-05-07 02:16:00+00:00,-49.070992
2023-05-07 02:17:00+00:00,-57.576218
2023-05-07 02:18:00+00:00,-59.513069
2023-05-07 02:19:00+00:00,-70.557915
2023-05-07 02:20:00+00:00,-85.01799
2023-05-07 02:21:00+00:00,-82.220398
2023-05-07 02:22:00+00:00,-71.461868
2023-05-07 02:23:00+00:00,-70.164246
2023-05-07 02:24:00+00:00,-77.49707
2023-05-07 02:25:00+00:00,-65.313019
2023-05-07 02:26:00+00:00,-58.452759
2023-05-07 02:27:00+00:00,-59.653336
2023-05-07 02:28:00+00:00,-57.215332
2023-05-07 02:29:00+00:00,-51.111519
2023-05-07 02:30:00+00:00,-47.264854
2023-05-07 02:31:00+00:00,-47.204529
2023-05-07 02:32:00+00:00,-46.117634
2023-05-07 02:33:00+00:00,-43.481789
2023-05-07 02:34:00+00:00,-40.932037
2023-05-07 02:35:00+00:00,-41.549362
2023-05-07 02:36:00+00:00,-40.685009
2023-05-07 02:37:00+00:00,-40.393764
2023-05-07 02:38:00+00:00,-39.501492
2023-05-07 02:39:00+00:00,-37.887207
2023-05-07 02:40:00+00:00,-37.450287
2023-05-07 02:41:00+00:00,-38.097069
2023-05-07 02:42:00+00:00,-38.88295
2023-05-07 02:43:00+00:00,-38.491604
2023-05-07 02:44:00+00:00,-36.623199
2023-05-07 02:45:00+00:00,-36.640091
2023-05-07 02:46:00+00:00,-33.908279
2023-05-07 02:47:00+00:00,-34.166107
2023-05-14 00:00:00+00:00,-31.654123
2023-05-14 00:01:00+00:00,-31.395433
2023-05-14 00:02:00+00:00,-30.542006
2023-05-14 00:03:00+00:00,-33.332329
2023-05-14 00:04:00+00:00,-37.543762
2023-05-14 00:05:00+00:00,-40.889309
2023-05-14 00:06:00+00:00,-39.326077
2023-05-14 00:07:00+00:00,-37.797653
2023-05-14 00:08:00+00:00,-38.707561
2023-05-14 00:09:00+00:00,-39.390907
2023-05-14 00:10:00+00:00,-38.995007
2023-05-14 00:11:00+00:00,-38.884739
2023-05-14 00:12:00+00:00,-38.879749
2023-05-14 00:13:00+00:00,-39.805832
2023-05-14 00:14:00+00:00,-40.7439
2023-05-14 00:15:00+00:00,-41.375519
2023-05-14 00:16:00+00:00,-42.455109
2023-05-14 00:17:00+00:00,-43.899002
2023-05-14 00:18:00+00:00,-46.057331
2023-05-14 00:19:00+00:00,-46.287601
2023-05-14 00:20:00+00:00,-45.15205
2023-05-14 00:21:00+00:00,-42.89566
2023-05-14 00:22:00+00:00,-42.528217
2023-05-14 00:23:00+00:00,-52.506985
2023-05-14 00:24:00+00:00,-51.485855
2023-05-14 00:25:00+00:00,-48.46381
2023-05-14 00:26:00+00:00,-48.44146
2023-05-14 00:27:00+00:00,-46.838749
2023-05-14 00:28:00+00:00,-47.588177
2023-05-14 00:29:00+00:00,-47.377037
2023-05-14 00:30:00+00:00,-45.651001
2023-05-14 00:31:00+00:00,-42.985741
2023-05-14 00:32:00+00:00,-39.779491
2023-05-14 00:33:00+00:00,-39.731106
2023-05-14 00:34:00+00:00,-39.226082
2023-05-14 00:35:00+00:00,-39.441902
2023-05-14 00:36:00+00:00,-40.53857
2023-05-14 00:37:00+00:00,-40.584267
2023-05-14 00:38:00+00:00,-40.699055
2023-05-14 00:39:00+00:00,-40.414967
2023-05-14 00:40:00+00:00,-39.829517
2023-05-14 00:41:00+00:00,-38.727703
2023-05-14 00:42:00+00:00,-36.505898
2023-05-14 00:43:00+00:00,-33.843628
2023-05-14 00:44:00+00:00,-32.626492
2023-05-14 00:45:00+00:00,-33.254711
2023-05-14 00:46:00+00:00,-34.040688
2023-05-14 00:47:00+00:00,-35.55555
2023-05-14 00:48:00+00:00,-35.094017
2023-05-14 00:49:00+00:00,-34.491982
2023-05-14 00:50:00+00:00,-32.441643
2023-05-14 00:51:00+00:00,-30.599106
2023-05-14 00:52:00+00:00,-29.798084
2023-05-14 00:53:00+00:00,-30.741795
2023-05-14 00:54:00+00:00,-31.217094
2023-05-14 00:55:00+00:00,-29.508018
2023-05-14 00:56:00+00:00,-28.461855
2023-05-14 00:57:00+00:00,-29.762482
2023-05-14 00:58:00+00:00,-32.683968
2023-05-14 00:59:00+00:00,-34.491795
2023-05-14 01:00:00+00:00,-35.400299
2023-05-14 01:01:00+00:00,-35.724606
2023-05-14 01:02:00+00:00,-33.288567
2023-05-14 01:03:00+00:00,-31.046799
2023-05-14 01:04:00+00:00,-28.869156
2023-05-14 01:05:00+00:00,-28.085266
2023-05-14 01:06:00+00:00,-27.419668
2023-05-14 01:07:00+00:00,-27.46393
2023-05-14 01:08:00+00:00,-27.393799
2023-05-14 01:09:00+00:00,-28.160791
2023-05-14 01:10:00+00:00,-28.29874
2023-05-14 01:11:00+00:00,-27.643003
2023-05-14 01:12:00+00:00,-27.965899
2023-05-14 01:13:00+00:00,-27.748167
2023-05-14 01:14:00+00:00,-27.796474
2023-05-14 01:15:00+00:00,-28.563156
2023-05-14 01:16:00+00:00,-29.524
2023-05-14 01:17:00+00:00,-32.163368
2023-05-14 01:18:00+00:00,-32.942104
2023-05-14 01:19:00+00:00,-32.353836
2023-05-14 01:20:00+00:00,-32.280327
2023-05-14 01:21:00+00:00,-33.257812
2023-05-14 01:22:00+00:00,-35.782249
2023-05-14 01:23:00+00:00,-38.008492
2023-05-14 01:24:00+00:00,-37.772358
2023-05-14 01:25:00+00:00,-35.254604
2023-05-14 01:26:00+00:00,-35.747036
2023-05-14 01:27:00+00:00,-38.999771
2023-05-14 01:28:00+00:00,-44.991478
2023-05-14 01:29:00+00:00,-47.935982
2023-05-14 01:30:00+00:00,-53.171234
2023-05-14 01:31:00+00:00,-58.852356
2023-05-14 01:32:00+00:00,-67.076233
2023-05-14 01:33:00+00:00,-74.458229
2023-05-14 01:34:00+00:00,-81.785278
2023-05-14 01:35:00+00:00,-81.199097
2023-05-14 01:36:00+00:00,-70.952637
2023-05-14 01:37:00+00:00,-62.52845
2023-05-14 01:38:00+00:00,-57.079681
2023-05-14 01:39:00+00:00,-53.915047
2023-05-14 01:40:00+00:00,-50.874413
2023-05-14 01:41:00+00:00,-46.343636
2023-05-14 01:42:00+00:00,-42.711231
2023-05-14 01:43:00+00:00,-41.713707
2023-05-14 01:44:00+00:00,-44.583542
2023-05-14 01:45:00+00:00,-47.343369
2023-05-14 01:46:00+00:00,-46.880112
2023-05-14 01:47:00+00:00,-43.688534
2023-05-14 01:48:00+00:00,-44.201031
2023-05-14 01:49:00+00:00,-46.750114
2023-05-14 01:50:00+00:00,-47.89706
2023-05-14 01:51:00+00:00,-45.179985
2023-05-14 01:52:00+00:00,-38.961334
2023-05-14 01:53:00+00:00,-33.92239
2023-05-14 01:54:00+00:00,-33.737217
2023-05-14 01:55:00+00:00,-34.971375
2023-05-14 01:56:00+00:00,-35.728954
2023-05-14 01:57:00+00:00,-37.377319
2023-05-14 01:58:00+00:00,-37.738583
2023-05-14 01:59:00+00:00,-35.063881
2023-05-14 02:00:00+00:00,-32.028923
2023-05-14 02:01:00+00:00,-31.91291
2023-05-14 02:02:00+00:00,-30.484615
2023-05-14 02:03:00+00:00,-29.002743
2023-05-14 02:04:00+00:00,-28.760288
2023-05-14 02:05:00+00:00,-29.523834
2023-05-14 02:06:00+00:00,-29.175331
2023-05-14 02:07:00+00:00,-31.938995
2023-05-14 02:08:00+00:00,-30.717886
2023-05-14 02:09:00+00:00,-30.332222
2023-05-14 02:10:00+00:00,-31.036087
2023-05-14 02:11:00+00:00,-31.615562
2023-05-14 02:12:00+00:00,-31.372074
2023-05-14 02:13:00+00:00,-32.040916
2023-05-14 02:14:00+00:00,-32.658394
2023-05-14 02:15:00+00:00,-31.542894
2023-05-14 02:16:00+00:00,-29.229099
2023-05-14 02:17:00+00:00,-27.00705
2023-05-14 02:18:00+00:00,-27.068607
2023-05-14 02:19:00+00:00,-29.964111
2023-05-14 02:20:00+00:00,-31.463646
2023-05-14 02:21:00+00:00,-32.845932
2023-05-14 02:22:00+00:00,-33.928543
2023-05-14 02:23:00+00:00,-31.946718
2023-05-14 02:24:00+00:00,-33.930889
2023-05-14 02:25:00+00:00,-35.194942
2023-05-14 02:26:00+00:00,-36.370495
2023-05-14 02:27:00+00:00,-35.366436
2023-05-14 02:28:00+00:00,-35.186436
2023-05-14 02:29:00+00:00,-34.342129
2023-05-14 02:30:00+00:00,-33.928104
2023-05-14 02:31:00+00:00,-34.001408
2023-05-14 02:32:00+00:00,-35.752628
2023-05-14 02:33:00+00:00,-36.936138
2023-05-14 02:34:00+00:00,-36.482441
2023-05-14 02:35:00+00:00,-36.428585
2023-05-14 02:36:00+00:00,-38.255444
2023-05-14 02:37:00+00:00,-40.528687
2023-05-14 02:38:00+00:00,-41.398392
2023-05-14 02:39:00+00:00,-41.682384
2023-05-14 02:40:00+00:00,-37.503208
2023-05-14 02:41:00+00:00,-39.982578
2023-05-14 02:42:00+00:00,-42.564301
2023-05-14 02:43:00+00:00,-41.535435
2023-05-14 02:44:00+00:00,-39.954613
2023-05-14 02:45:00+00:00,-38.146206
2023-05-14 02:46:00+00:00,-35.683319
2023-05-14 02:47:00+00:00,-33.934223
2023-05-21 00:00:00+00:00,-214.098236
2023-05-21 00:01:00+00:00,-213.356354
2023-05-21 00:02:00+00:00,-215.726425
2023-05-21 00:03:00+00:00,-215.327896
2023-05-21 00:04:00+00:00,-208.519104
2023-05-21 00:05:00+00:00,-203.719345
2023-05-21 00:06:00+00:00,-206.19838
2023-05-21 00:07:00+00:00,-203.107605
2023-05-21 00:08:00+00:00,-203.530167
2023-05-21 00:09:00+00:00,-207.08873
2023-05-21 00:10:00+00:00,-222.797241
2023-05-21 00:11:00+00:00,-230.747955
2023-05-21 00:12:00+00:00,-229.929901
2023-05-21 00:13:00+00:00,-229.214218
2023-05-21 00:14:00+00:00,-220.541382
2023-05-21 00:15:00+00:00,-196.797653
2023-05-21 00:16:00+00:00,-171.358749
2023-05-21 00:17:00+00:00,-167.697556
2023-05-21 00:18:00+00:00,-182.397766
2023-05-21 00:19:00+00:00,-175.538422
2023-05-21 00:20:00+00:00,-165.821716
2023-05-21 00:21:00+00:00,-175.930222
2023-05-21 00:22:00+00:00,-184.000107
2023-05-21 00:23:00+00:00,-179.819061
2023-05-21 00:24:00+00:00,-184.425186
2023-05-21 00:25:00+00:00,-207.132278
2023-05-21 00:26:00+00:00,-204.242645
2023-05-21 00:27:00+00:00,-298.325104
2023-05-21 00:28:00+00:00,-186.832443
2023-05-21 00:29:00+00:00,-198.876282
2023-05-21 00:30:00+00:00,-194.609863
2023-05-21 00:31:00+00:00,-231.180771
2023-05-21 00:32:00+00:00,-235.945251
2023-05-21 00:33:00+00:00,-231.252151
2023-05-21 00:34:00+00:00,-260.916443
2023-05-21 00:35:00+00:00,-254.3367
2023-05-21 00:36:00+00:00,-254.776642
2023-05-21 00:37:00+00:00,-257.024414
2023-05-21 00:38:00+00:00,-237.722626
2023-05-21 00:39:00+00:00,-228.73465
2023-05-21 00:40:00+00:00,-290.466187
2023-05-21 00:41:00+00:00,-339.103119
2023-05-21 00:42:00+00:00,-325.772278
2023-05-21 00:43:00+00:00,-304.508484
2023-05-21 00:44:00+00:00,-276.20874
2023-05-21 00:45:00+00:00,-271.018219
2023-05-21 00:46:00+00:00,-257.878845
2023-05-21 00:47:00+00:00,-244.761597
2023-05-21 00:48:00+00:00,-232.538147
2023-05-21 00:49:00+00:00,-223.359589
2023-05-21 00:50:00+00:00,-229.893524
2023-05-21 00:51:00+00:00,-233.736115
2023-05-21 00:52:00+00:00,-230.804108
2023-05-21 00:53:00+00:00,-228.919693
2023-05-21 00:54:00+00:00,-219.500381
2023-05-21 00:55:00+00:00,-208.10144
2023-05-21 00:56:00+00:00,-197.130341
2023-05-21 00:57:00+00:00,-190.345169
2023-05-21 00:58:00+00:00,-181.469437
2023-05-21 00:59:00+00:00,-192.998779
2023-05-21 01:00:00+00:00,-201.559448
2023-05-21 01:01:00+00:00,-203.222229
2023-05-21 01:02:00+00:00,-200.705658
2023-05-21 01:03:00+00:00,-195.805099
2023-05-21 01:04:00+00:00,-193.867371
2023-05-21 01:05:00+00:00,-190.159515
2023-05-21 01:06:00+00:00,-190.336014
2023-05-21 01:07:00+00:00,-187.673294
2023-05-21 01:08:00+00:00,-187.857819
2023-05-21 01:09:00+00:00,-191.365295
2023-05-21 01:10:00+00:00,-195.395309
2023-05-21 01:11:00+00:00,-200.089859
2023-05-21 01:12:00+00:00,-199.094696
2023-05-21 01:13:00+00:00,-187.700806
2023-05-21 01:14:00+00:00,-176.375
2023-05-21 01:15:00+00:00,-165.558075
2023-05-21 01:16:00+00:00,-164.57135
2023-05-21 01:17:00+00:00,-161.221573
2023-05-21 01:18:00+00:00,-158.408356
2023-05-21 01:19:00+00:00,-153.36911
2023-05-21 01:20:00+00:00,-143.71138
2023-05-21 01:21:00+00:00,-139.39624
2023-05-21 01:22:00+00:00,-136.459869
2023-05-21 01:23:00+00:00,-140.834717
2023-05-21 01:24:00+00:00,-142.324127
2023-05-21 01:25:00+00:00,-147.208542
2023-05-21 01:26:00+00:00,-152.460785
2023-05-21 01:27:00+00:00,-150.587753
2023-05-21 01:28:00+00:00,-143.165222
2023-05-21 01:29:00+00:00,-130.983765
2023-05-21 01:30:00+00:00,-124.640244
2023-05-21 01:31:00+00:00,-121.359833
2023-05-21 01:32:00+00:00,-119.869011
2023-05-21 01:33:00+00:00,-119.804825
2023-05-21 01:34:00+00:00,-117.391464
2023-05-21 01:35:00+00:00,-114.783028
2023-05-21 01:36:00+00:00,-109.559326
2023-05-21 01:37:00+00:00,-108.300819
2023-05-21 01:38:00+00:00,-111.047516
2023-05-21 01:39:00+00:00,-110.797935
2023-05-21 01:40:00+00:00,-116.825912
2023-05-21 01:41:00+00:00,-120.369537
2023-05-21 01:42:00+00:00,-122.587006
2023-05-21 01:43:00+00:00,-128.821198
2023-05-21 01:44:00+00:00,-126.796715
2023-05-21 01:45:00+00:00,-125.8284
2023-05-21 01:46:00+00:00,-136.20607
2023-05-21 01:47:00+00:00,-150.49324
2023-05-21 01:48:00+00:00,-160.467621
2023-05-21 01:49:00+00:00,-163.864899
2023-05-21 01:50:00+00:00,-153.370499
2023-05-21 01:51:00+00:00,-143.638763
2023-05-21 01:52:00+00:00,-145.576721
2023-05-21 01:53:00+00:00,-157.431854
2023-05-21 01:54:00+00:00,-161.98436
2023-05-21 01:55:00+00:00,-158.039886
2023-05-21 01:56:00+00:00,-150.292404
2023-05-21 01:57:00+00:00,-143.724152
2023-05-21 01:58:00+00:00,-147.838867
2023-05-21 01:59:00+00:00,-158.917175
2023-05-21 02:00:00+00:00,-161.490356
2023-05-21 02:01:00+00:00,-158.024765
2023-05-21 02:02:00+00:00,-164.720612
2023-05-21 02:03:00+00:00,-170.470779
2023-05-21 02:04:00+00:00,-173.261337
2023-05-21 02:05:00+00:00,-173.480759
2023-05-21 02:06:00+00:00,-169.514404
2023-05-21 02:07:00+00:00,-169.734924
2023-05-21 02:08:00+00:00,-161.764313
2023-05-21 02:09:00+00:00,-155.508545
2023-05-21 02:10:00+00:00,-152.8414
2023-05-21 02:11:00+00:00,-149.960754
2023-05-21 02:12:00+00:00,-140.152969
2023-05-21 02:13:00+00:00,-138.776825
2023-05-21 02:14:00+00:00,-150.179779
2023-05-21 02:15:00+00:00,-159.837753
2023-05-21 02:16:00+00:00,-157.45108
2023-05-21 02:17:00+00:00,-170.639725
2023-05-21 02:18:00+00:00,-178.59491
2023-05-21 02:19:00+00:00,-176.572205
2023-05-21 02:20:00+00:00,-168.567505
2023-05-21 02:21:00+00:00,-172.590454
2023-05-21 02:22:00+00:00,-172.600891
2023-05-21 02:23:00+00:00,-181.620117
2023-05-21 02:24:00+00:00,-192.618698
2023-05-21 02:25:00+00:00,-204.644348
2023-05-21 02:26:00+00:00,-212.655014
2023-05-21 02:27:00+00:00,-216.637726
2023-05-21 02:28:00+00:00,-211.678329
2023-05-21 02:29:00+00:00,-195.629303
2023-05-21 02:30:00+00:00,-181.599747
2023-05-21 02:31:00+00:00,-177.605942
2023-05-21 02:32:00+00:00,-176.59288
2023-05-21 02:33:00+00:00,-169.60173
2023-05-21 02:34:00+00:00,-168.607803
2023-05-21 02:35:00+00:00,-175.611237
2023-05-21 02:36:00+00:00,-180.61496
2023-05-21 02:37:00+00:00,-181.624054
2023-05-21 02:38:00+00:00,-192.646927
2023-05-21 02:39:00+00:00,-191.654449
2023-05-21 02:40:00+00:00,-185.66716
2023-05-21 02:41:00+00:00,-170.688263
2023-05-21 02:42:00+00:00,-156.714264
2023-05-21 02:43:00+00:00,-146.738632
2023-05-21 02:44:00+00:00,-135.760696
2023-05-21 02:45:00+00:00,-133.777863
2023-05-21 02:46:00+00:00,-128.800201
2023-05-21 02:47:00+00:00,-120.828712
2023-05-28 00:00:00+00:00,-263.088867
2023-05-28 00:01:00+00:00,-261.557373
2023-05-28 00:02:00+00:00,-255.66156
2023-05-28 00:03:00+00:00,-244.958206
2023-05-28 00:04:00+00:00,-245.947571
2023-05-28 00:05:00+00:00,-243.057526
2023-05-28 00:06:00+00:00,-244.374878
2023-05-28 00:07:00+00:00,-248.781616
2023-05-28 00:08:00+00:00,-243.652008
2023-05-28 00:09:00+00:00,-235.324097
2023-05-28 00:10:00+00:00,-230.444244
2023-05-28 00:11:00+00:00,-235.741135
2023-05-28 00:12:00+00:00,-237.110504
2023-05-28 00:13:00+00:00,-232.499542
2023-05-28 00:14:00+00:00,-224.420868
2023-05-28 00:15:00+00:00,-224.306625
2023-05-28 00:16:00+00:00,-220.776352
2023-05-28 00:17:00+00:00,-222.326065
2023-05-28 00:18:00+00:00,-224.449036
2023-05-28 00:19:00+00:00,-233.917053
2023-05-28 00:20:00+00:00,-238.40213
2023-05-28 00:21:00+00:00,-237.22435
2023-05-28 00:22:00+00:00,-247.217636
2023-05-28 00:23:00+00:00,-252.969299
2023-05-28 00:24:00+00:00,-258.667786
2023-05-28 00:25:00+00:00,-261.995544
2023-05-28 00:26:00+00:00,-260.550842
2023-05-28 00:27:00+00:00,-262.186127
2023-05-28 00:28:00+00:00,-256.323669
2023-05-28 00:29:00+00:00,-254.389114
2023-05-28 00:30:00+00:00,-239.279129
2023-05-28 00:31:00+00:00,-238.292511
2023-05-28 00:32:00+00:00,-236.718765
2023-05-28 00:33:00+00:00,-229.717545
2023-05-28 00:34:00+00:00,-208.158539
2023-05-28 00:35:00+00:00,-198.421036
2023-05-28 00:36:00+00:00,-184.092957
2023-05-28 00:37:00+00:00,-189.405121
2023-05-28 00:38:00+00:00,-182.712219
2023-05-28 00:39:00+00:00,-178.745148
2023-05-28 00:40:00+00:00,-169.211899
2023-05-28 00:41:00+00:00,-176.641022
2023-05-28 00:42:00+00:00,-177.34845
2023-05-28 00:43:00+00:00,-185.137161
2023-05-28 00:44:00+00:00,-186.805115
2023-05-28 00:45:00+00:00,-190.763199
2023-05-28 00:46:00+00:00,-199.795761
2023-05-28 00:47:00+00:00,-201.079529
2023-05-28 00:48:00+00:00,-195.472839
2023-05-28 00:49:00+00:00,-191.356659
2023-05-28 00:50:00+00:00,-184.714355
2023-05-28 00:51:00+00:00,-186.402374
2023-05-28 00:52:00+00:00,-187.151917
2023-05-28 00:53:00+00:00,-194.892136
2023-05-28 00:54:00+00:00,-200.773224
2023-05-28 00:55:00+00:00,-195.911392
2023-05-28 00:56:00+00:00,-185.015259
2023-05-28 00:57:00+00:00,-165.300354
2023-05-28 00:58:00+00:00,-156.278122
2023-05-28 00:59:00+00:00,-159.93692
2023-05-28 01:00:00+00:00,-152.77681
2023-05-28 01:01:00+00:00,-147.380737
2023-05-28 01:02:00+00:00,-153.287933
2023-05-28 01:03:00+00:00,-156.432297
2023-05-28 01:04:00+00:00,-154.192184
2023-05-28 01:05:00+00:00,-150.503922
2023-05-28 01:06:00+00:00,-150.257187
2023-05-28 01:07:00+00:00,-141.822327
2023-05-28 01:08:00+00:00,-132.262299
2023-05-28 01:09:00+00:00,-127.052948
2023-05-28 01:10:00+00:00,-123.942383
2023-05-28 01:11:00+00:00,-127.484344
2023-05-28 01:12:00+00:00,-130.952438
2023-05-28 01:13:00+00:00,-133.678177
2023-05-28 01:14:00+00:00,-144.762497
2023-05-28 01:15:00+00:00,-149.020447
2023-05-28 01:16:00+00:00,-143.994553
2023-05-28 01:17:00+00:00,-144.795578
2023-05-28 01:18:00+00:00,-142.751434
2023-05-28 01:19:00+00:00,-126.284637
2023-05-28 01:20:00+00:00,-126.988762
2023-05-28 01:21:00+00:00,-135.069946
2023-05-28 01:22:00+00:00,-125.665489
2023-05-28 01:23:00+00:00,-131.652802
2023-05-28 01:24:00+00:00,-130.099213
2023-05-28 01:25:00+00:00,-130.333832
2023-05-28 01:26:00+00:00,-134.901062
2023-05-28 01:27:00+00:00,-147.961517
2023-05-28 01:28:00+00:00,-149.223953
2023-05-28 01:29:00+00:00,-152.230331
2023-05-28 01:30:00+00:00,-145.770828
2023-05-28 01:31:00+00:00,-149.610992
2023-05-28 01:32:00+00:00,-153.532593
2023-05-28 01:33:00+00:00,-150.869019
2023-05-28 01:34:00+00:00,-150.723251
2023-05-28 01:35:00+00:00,-151.07132
2023-05-28 01:36:00+00:00,-159.632034
2023-05-28 01:37:00+00:00,-172.423569
2023-05-28 01:38:00+00:00,-179.417755
2023-05-28 01:39:00+00:00,-183.185913
2023-05-28 01:40:00+00:00,-188.886398
2023-05-28 01:41:00+00:00,-184.972244
2023-05-28 01:42:00+00:00,-182.802475
2023-05-28 01:43:00+00:00,-189.719696
2023-05-28 01:44:00+00:00,-197.906219
2023-05-28 01:45:00+00:00,-199.451782
2023-05-28 01:46:00+00:00,-203.032288
2023-05-28 01:47:00+00:00,-202.442215
2023-05-28 01:48:00+00:00,-197.530304
2023-05-28 01:49:00+00:00,-194.234009
2023-05-28 01:50:00+00:00,-190.223114
2023-05-28 01:51:00+00:00,-185.287842
2023-05-28 01:52:00+00:00,-179.394836
2023-05-28 01:53:00+00:00,-175.30835
2023-05-28 01:54:00+00:00,-171.235107
2023-05-28 01:55:00+00:00,-171.166779
2023-05-28 01:56:00+00:00,-175.553604
2023-05-28 01:57:00+00:00,-171.570297
2023-05-28 01:58:00+00:00,-175.651245
2023-05-28 01:59:00+00:00,-180.732773
2023-05-28 02:00:00+00:00,-191.303864
2023-05-28 02:01:00+00:00,-194.756927
2023-05-28 02:02:00+00:00,-209.798462
2023-05-28 02:03:00+00:00,-225.990555
2023-05-28 02:04:00+00:00,-228.451096
2023-05-28 02:05:00+00:00,-230.587967
2023-05-28 02:06:00+00:00,-236.993973
2023-05-28 02:07:00+00:00,-233.000824
2023-05-28 02:08:00+00:00,-229.07222
2023-05-28 02:09:00+00:00,-232.550339
2023-05-28 02:10:00+00:00,-241.329102
2023-05-28 02:11:00+00:00,-244.854294
2023-05-28 02:12:00+00:00,-240.543671
2023-05-28 02:13:00+00:00,-239.660599
2023-05-28 02:14:00+00:00,-240.480103
2023-05-28 02:15:00+00:00,-239.592819
2023-05-28 02:16:00+00:00,-251.438812
2023-05-28 02:17:00+00:00,-258.295471
2023-05-28 02:18:00+00:00,-253.727859
2023-05-28 02:19:00+00:00,-253.594223
2023-05-28 02:20:00+00:00,-226.843628
2023-05-28 02:21:00+00:00,-232.357193
2023-05-28 02:22:00+00:00,-252.45079
2023-05-28 02:23:00+00:00,-260.826111
2023-05-28 02:24:00+00:00,-250.619537
2023-05-28 02:25:00+00:00,-238.95842
2023-05-28 02:26:00+00:00,-261.891235
2023-05-28 02:27:00+00:00,-294.302063
2023-05-28 02:28:00+00:00,-289.640686
2023-05-28 02:29:00+00:00,-272.122772
2023-05-28 02:30:00+00:00,-274.136627
2023-05-28 02:31:00+00:00,-310.504303
2023-05-28 02:32:00+00:00,-332.863617
2023-05-28 02:33:00+00:00,-336.86972
2023-05-28 02:34:00+00:00,-328.748688
2023-05-28 02:35:00+00:00,-343.452698
2023-05-28 02:36:00+00:00,-342.173523
2023-05-28 02:37:00+00:00,-327.238129
2023-05-28 02:38:00+00:00,-324.435303
2023-05-28 02:39:00+00:00,-337.488708
2023-05-28 02:40:00+00:00,-323.678009
2023-05-28 02:41:00+00:00,-322.475159
2023-05-28 02:42:00+00:00,-328.41452
2023-05-28 02:43:00+00:00,-336.40036
2023-05-28 02:44:00+00:00,-332.343567
2023-05-28 02:45:00+00:00,-331.330505
2023-05-28 02:46:00+00:00,-335.296509
2023-05-28 02:47:00+00:00,-351.293396
2023-06-04 00:00:00+00:00,-39.611542
2023-06-04 00:01:00+00:00,-39.862831
2023-06-04 00:02:00+00:00,-40.966522
2023-06-04 00:03:00+00:00,-42.330139
2023-06-04 00:04:00+00:00,-43.438095
2023-06-04 00:05:00+00:00,-44.422478
2023-06-04 00:06:00+00:00,-45.521255
2023-06-04 00:07:00+00:00,-50.031998
2023-06-04 00:08:00+00:00,-48.263969
2023-06-04 00:09:00+00:00,-47.574459
2023-06-04 00:10:00+00:00,-48.512943
2023-06-04 00:11:00+00:00,-52.68486
2023-06-04 00:12:00+00:00,-56.485226
2023-06-04 00:13:00+00:00,-60.091644
2023-06-04 00:14:00+00:00,-62.940243
2023-06-04 00:15:00+00:00,-63.388859
2023-06-04 00:16:00+00:00,-62.821846
2023-06-04 00:17:00+00:00,-62.504398
2023-06-04 00:18:00+00:00,-65.602829
2023-06-04 00:19:00+00:00,-66.575768
2023-06-04 00:20:00+00:00,-70.575157
2023-06-04 00:21:00+00:00,-73.444847
2023-06-04 00:22:00+00:00,-77.223427
2023-06-04 00:23:00+00:00,-77.83744
2023-06-04 00:24:00+00:00,-79.505173
2023-06-04 00:25:00+00:00,-79.788155
2023-06-04 00:26:00+00:00,-78.255539
2023-06-04 00:27:00+00:00,-78.068947
2023-06-04 00:28:00+00:00,-77.988258
2023-06-04 00:29:00+00:00,-76.405548
2023-06-04 00:30:00+00:00,-76.368515
2023-06-04 00:31:00+00:00,-77.024689
2023-06-04 00:32:00+00:00,-77.220078
2023-06-04 00:33:00+00:00,-76.902397
2023-06-04 00:34:00+00:00,-75.63958
2023-06-04 00:35:00+00:00,-74.426735
2023-06-04 00:36:00+00:00,-72.136581
2023-06-04 00:37:00+00:00,-71.615181
2023-06-04 00:38:00+00:00,-70.815422
2023-06-04 00:39:00+00:00,-70.078506
2023-06-04 00:40:00+00:00,-68.790977
2023-06-04 00:41:00+00:00,-67.589897
2023-06-04 00:42:00+00:00,-65.350105
2023-06-04 00:43:00+00:00,-65.010254
2023-06-04 00:44:00+00:00,-64.234184
2023-06-04 00:45:00+00:00,-63.161968
2023-06-04 00:46:00+00:00,-64.688911
2023-06-04 00:47:00+00:00,-63.644775
2023-06-04 00:48:00+00:00,-61.297428
2023-06-04 00:49:00+00:00,-59.43438
2023-06-04 00:50:00+00:00,-59.05788
2023-06-04 00:51:00+00:00,-57.356071
2023-06-04 00:52:00+00:00,-139.774872
2023-06-04 00:53:00+00:00,-137.24086
2023-06-04 00:54:00+00:00,-133.668518
2023-06-04 00:55:00+00:00,-119.611862
2023-06-04 00:56:00+00:00,-119.62159
2023-06-04 00:57:00+00:00,-112.300575
2023-06-04 00:58:00+00:00,-110.068909
2023-06-04 00:59:00+00:00,-105.294975
2023-06-04 01:00:00+00:00,-95.581413
2023-06-04 01:01:00+00:00,-93.900803
2023-06-04 01:02:00+00:00,-91.915291
2023-06-04 01:03:00+00:00,-91.593689
2023-06-04 01:04:00+00:00,-87.31649
2023-06-04 01:05:00+00:00,-81.402168
2023-06-04 01:06:00+00:00,-77.633217
2023-06-04 01:07:00+00:00,-71.235031
2023-06-04 01:08:00+00:00,-69.496796
2023-06-04 01:09:00+00:00,-67.652763
2023-06-04 01:10:00+00:00,-65.515099
2023-06-04 01:11:00+00:00,-63.071526
2023-06-04 01:12:00+00:00,-59.777821
2023-06-04 01:13:00+00:00,-58.104939
2023-06-04 01:14:00+00:00,-52.778992
2023-06-04 01:15:00+00:00,-54.707897
2023-06-04 01:16:00+00:00,-56.764271
2023-06-04 01:17:00+00:00,-55.985489
2023-06-04 01:18:00+00:00,-55.063396
2023-06-04 01:19:00+00:00,-53.368969
2023-06-04 01:20:00+00:00,-48.185867
2023-06-04 01:21:00+00:00,-47.847359
2023-06-04 01:22:00+00:00,-47.538456
2023-06-04 01:23:00+00:00,-43.73172
2023-06-04 01:24:00+00:00,-42.323093
2023-06-04 01:25:00+00:00,-41.763252
2023-06-04 01:26:00+00:00,-39.05302
2023-06-04 01:27:00+00:00,-41.600079
2023-06-04 01:28:00+00:00,-40.31094
2023-06-04 01:29:00+00:00,-37.641262
2023-06-04 01:30:00+00:00,-38.573124
2023-06-04 01:31:00+00:00,-35.212151
2023-06-04 01:32:00+00:00,-34.219425
2023-06-04 01:33:00+00:00,-33.847649
2023-06-04 01:34:00+00:00,-34.930561
2023-06-04 01:35:00+00:00,-35.301945
2023-06-04 01:36:00+00:00,-35.908722
2023-06-04 01:37:00+00:00,-36.469261
2023-06-04 01:38:00+00:00,-37.378185
2023-06-04 01:39:00+00:00,-37.65593
2023-06-04 01:40:00+00:00,-35.888313
2023-06-04 01:41:00+00:00,-36.551579
2023-06-04 01:42:00+00:00,-38.546494
2023-06-04 01:43:00+00:00,-40.402824
2023-06-04 01:44:00+00:00,-41.354774
2023-06-04 01:45:00+00:00,-41.741486
2023-06-04 01:46:00+00:00,-40.629196
2023-06-04 01:47:00+00:00,-40.564281
2023-06-04 01:48:00+00:00,-39.767212
2023-06-04 01:49:00+00:00,-37.904381
2023-06-04 01:50:00+00:00,-34.871094
2023-06-04 01:51:00+00:00,-34.864586
2023-06-04 01:52:00+00:00,-35.115528
2023-06-04 01:53:00+00:00,-35.488197
2023-06-04 01:54:00+00:00,-35.153698
2023-06-04 01:55:00+00:00,-35.767456
2023-06-04 01:56:00+00:00,-37.049805
2023-06-04 01:57:00+00:00,-36.528244
2023-06-04 01:58:00+00:00,-36.280399
2023-06-04 01:59:00+00:00,-38.066109
2023-06-04 02:00:00+00:00,-37.470592
2023-06-04 02:01:00+00:00,-36.366211
2023-06-04 02:02:00+00:00,-35.059784
2023-06-04 02:03:00+00:00,-36.035702
2023-06-04 02:04:00+00:00,-34.998444
2023-06-04 02:05:00+00:00,-34.549118
2023-06-04 02:06:00+00:00,-34.533413
2023-06-04 02:07:00+00:00,-34.13781
2023-06-04 02:08:00+00:00,-34.997566
2023-06-04 02:09:00+00:00,-35.514999
2023-06-04 02:10:00+00:00,-34.677338
2023-06-04 02:11:00+00:00,-31.91436
2023-06-04 02:12:00+00:00,-29.569256
2023-06-04 02:13:00+00:00,-29.487713
2023-06-04 02:14:00+00:00,-31.178867
2023-06-04 02:15:00+00:00,-32.264023
2023-06-04 02:16:00+00:00,-32.92762
2023-06-04 02:17:00+00:00,-35.708221
2023-06-04 02:18:00+00:00,-36.326801
2023-06-04 02:19:00+00:00,-36.753925
2023-06-04 02:20:00+00:00,-37.794571
2023-06-04 02:21:00+00:00,-39.682613
2023-06-04 02:22:00+00:00,-40.500282
2023-06-04 02:23:00+00:00,-39.367699
2023-06-04 02:24:00+00:00,-40.355404
2023-06-04 02:25:00+00:00,-39.381992
2023-06-04 02:26:00+00:00,-35.763992
2023-06-04 02:27:00+00:00,-33.280384
2023-06-04 02:28:00+00:00,-28.408684
2023-06-04 02:29:00+00:00,-24.779799
2023-06-04 02:30:00+00:00,-26.410503
2023-06-04 02:31:00+00:00,-29.345936
2023-06-04 02:32:00+00:00,-32.006638
2023-06-04 02:33:00+00:00,-34.418083
2023-06-04 02:34:00+00:00,-36.494328
2023-06-04 02:35:00+00:00,-36.781826
2023-06-04 02:36:00+00:00,-36.890743
2023-06-04 02:37:00+00:00,-34.864388
2023-06-04 02:38:00+00:00,-34.421196
2023-06-04 02:39:00+00:00,-33.613605
2023-06-04 02:40:00+00:00,-32.133846
2023-06-04 02:41:00+00:00,-29.238501
2023-06-04 02:42:00+00:00,-25.69595
2023-06-04 02:43:00+00:00,-22.470194
2023-06-04 02:44:00+00:00,-19.399593
2023-06-04 02:45:00+00:00,-18.695778
2023-06-04 02:46:00+00:00,-21.971497
2023-06-04 02:47:00+00:00,-22.662506
2023-06-11 00:00:00+00:00,-41.91732
2023-06-11 00:01:00+00:00,-42.359665
2023-06-11 00:02:00+00:00,-43.454613
2023-06-11 00:03:00+00:00,-43.547867
2023-06-11 00:04:00+00:00,-43.133614
2023-06-11 00:05:00+00:00,-43.120102
2023-06-11 00:06:00+00:00,-43.198761
2023-06-11 00:07:00+00:00,-40.979012
2023-06-11 00:08:00+00:00,-40.042061
2023-06-11 00:09:00+00:00,-39.110283
2023-06-11 00:10:00+00:00,-39.677086
2023-06-11 00:11:00+00:00,-40.437828
2023-06-11 00:12:00+00:00,-38.695282
2023-06-11 00:13:00+00:00,-41.650658
2023-06-11 00:14:00+00:00,-43.70047
2023-06-11 00:15:00+00:00,-44.54985
2023-06-11 00:16:00+00:00,-44.49015
2023-06-11 00:17:00+00:00,-44.932816
2023-06-11 00:18:00+00:00,-44.874374
2023-06-11 00:19:00+00:00,-45.809006
2023-06-11 00:20:00+00:00,-45.943787
2023-06-11 00:21:00+00:00,-44.774849
2023-06-11 00:22:00+00:00,-44.253395
2023-06-11 00:23:00+00:00,-43.719017
2023-06-11 00:24:00+00:00,-42.642967
2023-06-11 00:25:00+00:00,-45.109055
2023-06-11 00:26:00+00:00,-40.4767
2023-06-11 00:27:00+00:00,-42.07991
2023-06-11 00:28:00+00:00,-51.190224
2023-06-11 00:29:00+00:00,-56.651428
2023-06-11 00:30:00+00:00,-55.668625
2023-06-11 00:31:00+00:00,-47.5709
2023-06-11 00:32:00+00:00,-42.807922
2023-06-11 00:33:00+00:00,-44.518032
2023-06-11 00:34:00+00:00,-44.410072
2023-06-11 00:35:00+00:00,-45.00708
2023-06-11 00:36:00+00:00,-42.193119
2023-06-11 00:37:00+00:00,-43.079105
2023-06-11 00:38:00+00:00,-45.777191
2023-06-11 00:39:00+00:00,-46.927734
2023-06-11 00:40:00+00:00,-46.970524
2023-06-11 00:41:00+00:00,-49.591347
2023-06-11 00:42:00+00:00,-49.363258
2023-06-11 00:43:00+00:00,-51.833359
2023-06-11 00:44:00+00:00,-53.702812
2023-06-11 00:45:00+00:00,-54.166901
2023-06-11 00:46:00+00:00,-54.819092
2023-06-11 00:47:00+00:00,-56.075829
2023-06-11 00:48:00+00:00,-55.331451
2023-06-11 00:49:00+00:00,-56.982422
2023-06-11 00:50:00+00:00,-58.931061
2023-06-11 00:51:00+00:00,-57.132431
2023-06-11 00:52:00+00:00,-56.424408
2023-06-11 00:53:00+00:00,-55.403702
2023-06-11 00:54:00+00:00,-52.788849
2023-06-11 00:55:00+00:00,-52.719612
2023-06-11 00:56:00+00:00,-52.45575
2023-06-11 00:57:00+00:00,-51.299351
2023-06-11 00:58:00+00:00,-50.4688
2023-06-11 00:59:00+00:00,-47.541874
2023-06-11 01:00:00+00:00,-46.553356
2023-06-11 01:01:00+00:00,-46.563614
2023-06-11 01:02:00+00:00,-44.660496
2023-06-11 01:03:00+00:00,-43.081131
2023-06-11 01:04:00+00:00,-47.827286
2023-06-11 01:05:00+00:00,-51.418045
2023-06-11 01:06:00+00:00,-51.308792
2023-06-11 01:07:00+00:00,-46.542809
2023-06-11 01:08:00+00:00,-48.225433
2023-06-11 01:09:00+00:00,-55.008022
2023-06-11 01:10:00+00:00,-56.710735
2023-06-11 01:11:00+00:00,-56.281036
2023-06-11 01:12:00+00:00,-59.447643
2023-06-11 01:13:00+00:00,-60.745903
2023-06-11 01:14:00+00:00,-64.919182
2023-06-11 01:15:00+00:00,-72.557526
2023-06-11 01:16:00+00:00,-77.719879
2023-06-11 01:17:00+00:00,-81.267952
2023-06-11 01:18:00+00:00,-80.593704
2023-06-11 01:19:00+00:00,-80.471733
2023-06-11 01:20:00+00:00,-76.389565
2023-06-11 01:21:00+00:00,-72.253143
2023-06-11 01:22:00+00:00,-71.149094
2023-06-11 01:23:00+00:00,-71.007645
2023-06-11 01:24:00+00:00,-70.995361
2023-06-11 01:25:00+00:00,-69.129341
2023-06-11 01:26:00+00:00,-65.122177
2023-06-11 01:27:00+00:00,-59.064404
2023-06-11 01:28:00+00:00,-54.014816
2023-06-11 01:29:00+00:00,-52.069801
2023-06-11 01:30:00+00:00,-48.580631
2023-06-11 01:31:00+00:00,-44.064362
2023-06-11 01:32:00+00:00,-39.640587
2023-06-11 01:33:00+00:00,-35.601219
2023-06-11 01:34:00+00:00,-35.255924
2023-06-11 01:35:00+00:00,-34.311836
2023-06-11 01:36:00+00:00,-34.136242
2023-06-11 01:37:00+00:00,-32.41576
2023-06-11 01:38:00+00:00,-31.764317
2023-06-11 01:39:00+00:00,-32.725338
2023-06-11 01:40:00+00:00,-28.93816
2023-06-11 01:41:00+00:00,-26.994751
2023-06-11 01:42:00+00:00,-29.149189
2023-06-11 01:43:00+00:00,-31.259075
2023-06-11 01:44:00+00:00,-30.86755
2023-06-11 01:45:00+00:00,-30.826347
2023-06-11 01:46:00+00:00,-31.927441
2023-06-11 01:47:00+00:00,-32.042522
2023-06-11 01:48:00+00:00,-31.305332
2023-06-11 01:49:00+00:00,-31.163307
2023-06-11 01:50:00+00:00,-37.7299
2023-06-11 01:51:00+00:00,-42.956467
2023-06-11 01:52:00+00:00,-45.43692
2023-06-11 01:53:00+00:00,-43.897182
2023-06-11 01:54:00+00:00,-45.874294
2023-06-11 01:55:00+00:00,-49.270088
2023-06-11 01:56:00+00:00,-50.555893
2023-06-11 01:57:00+00:00,-42.730637
2023-06-11 01:58:00+00:00,-35.041565
2023-06-11 01:59:00+00:00,-35.476109
2023-06-11 02:00:00+00:00,-37.167892
2023-06-11 02:01:00+00:00,-39.148201
2023-06-11 02:02:00+00:00,-39.945114
2023-06-11 02:03:00+00:00,-40.74025
2023-06-11 02:04:00+00:00,-42.692974
2023-06-11 02:05:00+00:00,-41.493828
2023-06-11 02:06:00+00:00,-34.909317
2023-06-11 02:07:00+00:00,-35.145473
2023-06-11 02:08:00+00:00,-35.164829
2023-06-11 02:09:00+00:00,-34.52766
2023-06-11 02:10:00+00:00,-32.89996
2023-06-11 02:11:00+00:00,-31.102116
2023-06-11 02:12:00+00:00,-36.273056
2023-06-11 02:13:00+00:00,-37.143608
2023-06-11 02:14:00+00:00,-35.470818
2023-06-11 02:15:00+00:00,-30.304909
2023-06-11 02:16:00+00:00,-29.755373
2023-06-11 02:17:00+00:00,-28.449564
2023-06-11 02:18:00+00:00,-27.741665
2023-06-11 02:19:00+00:00,-26.792259
2023-06-11 02:20:00+00:00,-26.947481
2023-06-11 02:21:00+00:00,-27.754629
2023-06-11 02:22:00+00:00,-33.282646
2023-06-11 02:23:00+00:00,-28.169958
2023-06-11 02:24:00+00:00,-27.968172
2023-06-11 02:25:00+00:00,-28.96983
2023-06-11 02:26:00+00:00,-29.888739
2023-06-11 02:27:00+00:00,-30.20775
2023-06-11 02:28:00+00:00,-30.411177
2023-06-11 02:29:00+00:00,-29.843687
2023-06-11 02:30:00+00:00,-30.732269
2023-06-11 02:31:00+00:00,-31.838779
2023-06-11 02:32:00+00:00,-31.464979
2023-06-11 02:33:00+00:00,-30.074417
2023-06-11 02:34:00+00:00,-29.136303
2023-06-11 02:35:00+00:00,-29.609589
2023-06-11 02:36:00+00:00,-32.616798
2023-06-11 02:37:00+00:00,-35.452335
2023-06-11 02:38:00+00:00,-36.386456
2023-06-11 02:39:00+00:00,-36.494278
2023-06-11 02:40:00+00:00,-36.159821
2023-06-11 02:41:00+00:00,-35.451904
2023-06-11 02:42:00+00:00,-35.093147
2023-06-11 02:43:00+00:00,-34.532738
2023-06-11 02:44:00+00:00,-34.612934
2023-06-11 02:45:00+00:00,-32.86068
2023-06-11 02:46:00+00:00,-24.648188
2023-06-11 02:47:00+00:00,-26.218681
2023-06-18 00:00:00+00:00,-75.332184
2023-06-18 00:01:00+00:00,-74.319519
2023-06-18 00:02:00+00:00,-73.165726
2023-06-18 00:03:00+00:00,-68.878838
2023-06-18 00:04:00+00:00,-60.946907
2023-06-18 00:05:00+00:00,-66.442947
2023-06-18 00:06:00+00:00,-62.786674
2023-06-18 00:07:00+00:00,-65.221016
2023-06-18 00:08:00+00:00,-59.699608
2023-06-18 00:09:00+00:00,-58.157295
2023-06-18 00:10:00+00:00,-56.200039
2023-06-18 00:11:00+00:00,-54.948715
2023-06-18 00:12:00+00:00,-67.91481
2023-06-18 00:13:00+00:00,-65.613739
2023-06-18 00:14:00+00:00,-78.115585
2023-06-18 00:15:00+00:00,-86.408401
2023-06-18 00:16:00+00:00,-90.165421
2023-06-18 00:17:00+00:00,-92.946701
2023-06-18 00:18:00+00:00,-85.654015
2023-06-18 00:19:00+00:00,-79.931679
2023-06-18 00:20:00+00:00,-102.334541
2023-06-18 00:21:00+00:00,-102.432014
2023-06-18 00:22:00+00:00,-108.766579
2023-06-18 00:23:00+00:00,-128.301315
2023-06-18 00:24:00+00:00,-107.848328
2023-06-18 00:25:00+00:00,-107.96376
2023-06-18 00:26:00+00:00,-124.551765
2023-06-18 00:27:00+00:00,-136.346344
2023-06-18 00:28:00+00:00,-143.628998
2023-06-18 00:29:00+00:00,-144.190445
2023-06-18 00:30:00+00:00,-147.96199
2023-06-18 00:31:00+00:00,-149.903442
2023-06-18 00:32:00+00:00,-148.081085
2023-06-18 00:33:00+00:00,-144.062576
2023-06-18 00:34:00+00:00,-134.629623
2023-06-18 00:35:00+00:00,-132.534683
2023-06-18 00:36:00+00:00,-133.231369
2023-06-18 00:37:00+00:00,-134.400818
2023-06-18 00:38:00+00:00,-129.561752
2023-06-18 00:39:00+00:00,-127.610992
2023-06-18 00:40:00+00:00,-123.706253
2023-06-18 00:41:00+00:00,-114.781242
2023-06-18 00:42:00+00:00,-109.649765
2023-06-18 00:43:00+00:00,-109.782516
2023-06-18 00:44:00+00:00,-110.344543
2023-06-18 00:45:00+00:00,-109.66983
2023-06-18 00:46:00+00:00,-110.567146
2023-06-18 00:47:00+00:00,-110.113205
2023-06-18 00:48:00+00:00,-107.338516
2023-06-18 00:49:00+00:00,-111.324554
2023-06-18 00:50:00+00:00,-112.927155
2023-06-18 00:51:00+00:00,-122.957108
2023-06-18 00:52:00+00:00,-133.005096
2023-06-18 00:53:00+00:00,-157.28627
2023-06-18 00:54:00+00:00,-160.859253
2023-06-18 00:55:00+00:00,-165.19696
2023-06-18 00:56:00+00:00,-169.629929
2023-06-18 00:57:00+00:00,-186.333466
2023-06-18 00:58:00+00:00,-196.97699
2023-06-18 00:59:00+00:00,-190.731903
2023-06-18 01:00:00+00:00,-194.296936
2023-06-18 01:01:00+00:00,-193.79483
2023-06-18 01:02:00+00:00,-202.18605
2023-06-18 01:03:00+00:00,-205.347321
2023-06-18 01:04:00+00:00,-221.753906
2023-06-18 01:05:00+00:00,-229.330322
2023-06-18 01:06:00+00:00,-232.376068
2023-06-18 01:07:00+00:00,-246.546143
2023-06-18 01:08:00+00:00,-238.036987
2023-06-18 01:09:00+00:00,-242.53978
2023-06-18 01:10:00+00:00,-255.674774
2023-06-18 01:11:00+00:00,-252.261017
2023-06-18 01:12:00+00:00,-254.830444
2023-06-18 01:13:00+00:00,-270.440338
2023-06-18 01:14:00+00:00,-295.157837
2023-06-18 01:15:00+00:00,-291.853729
2023-06-18 01:16:00+00:00,-307.712616
2023-06-18 01:17:00+00:00,-315.576202
2023-06-18 01:18:00+00:00,-322.210266
2023-06-18 01:19:00+00:00,-312.580353
2023-06-18 01:20:00+00:00,-310.927795
2023-06-18 01:21:00+00:00,-309.747406
2023-06-18 01:22:00+00:00,-305.26593
2023-06-18 01:23:00+00:00,-306.948029
2023-06-18 01:24:00+00:00,-299.391663
2023-06-18 01:25:00+00:00,-264.60202
2023-06-18 01:26:00+00:00,-245.458191
2023-06-18 01:27:00+00:00,-251.930023
2023-06-18 01:28:00+00:00,-259.673157
2023-06-18 01:29:00+00:00,-261.520355
2023-06-18 01:30:00+00:00,-276.065979
2023-06-18 01:31:00+00:00,-262.905701
2023-06-18 01:32:00+00:00,-247.33812
2023-06-18 01:33:00+00:00,-241.442932
2023-06-18 01:34:00+00:00,-232.804245
2023-06-18 01:35:00+00:00,-219.680023
2023-06-18 01:36:00+00:00,-218.711029
2023-06-18 01:37:00+00:00,-217.248947
2023-06-18 01:38:00+00:00,-207.520645
2023-06-18 01:39:00+00:00,-205.373642
2023-06-18 01:40:00+00:00,-194.407761
2023-06-18 01:41:00+00:00,-191.245758
2023-06-18 01:42:00+00:00,-195.169128
2023-06-18 01:43:00+00:00,-201.771484
2023-06-18 01:44:00+00:00,-213.343918
2023-06-18 01:45:00+00:00,-218.176544
2023-06-18 01:46:00+00:00,-219.574417
2023-06-18 01:47:00+00:00,-205.74408
2023-06-18 01:48:00+00:00,-205.316727
2023-06-18 01:49:00+00:00,-217.664505
2023-06-18 01:50:00+00:00,-220.419312
2023-06-18 01:51:00+00:00,-199.177917
2023-06-18 01:52:00+00:00,-169.05661
2023-06-18 01:53:00+00:00,-163.545364
2023-06-18 01:54:00+00:00,-162.332443
2023-06-18 01:55:00+00:00,-150.998596
2023-06-18 01:56:00+00:00,-139.45993
2023-06-18 01:57:00+00:00,-137.757507
2023-06-18 01:58:00+00:00,-139.67659
2023-06-18 01:59:00+00:00,-139.312927
2023-06-18 02:00:00+00:00,-148.024033
2023-06-18 02:01:00+00:00,-152.164246
2023-06-18 02:02:00+00:00,-144.859665
2023-06-18 02:03:00+00:00,-128.631989
2023-06-18 02:04:00+00:00,-114.624771
2023-06-18 02:05:00+00:00,-101.824387
2023-06-18 02:06:00+00:00,-95.098007
2023-06-18 02:07:00+00:00,-96.898796
2023-06-18 02:08:00+00:00,-103.087708
2023-06-18 02:09:00+00:00,-113.796432
2023-06-18 02:10:00+00:00,-129.58609
2023-06-18 02:11:00+00:00,-143.359985
2023-06-18 02:12:00+00:00,-143.45314
2023-06-18 02:13:00+00:00,-132.317688
2023-06-18 02:14:00+00:00,-116.594269
2023-06-18 02:15:00+00:00,-109.916832
2023-06-18 02:16:00+00:00,-110.727158
2023-06-18 02:17:00+00:00,-103.861847
2023-06-18 02:18:00+00:00,-104.830994
2023-06-18 02:19:00+00:00,-110.79393
2023-06-18 02:20:00+00:00,-112.796745
2023-06-18 02:21:00+00:00,-115.340721
2023-06-18 02:22:00+00:00,-119.273804
2023-06-18 02:23:00+00:00,-124.019875
2023-06-18 02:24:00+00:00,-127.283997
2023-06-18 02:25:00+00:00,-125.503571
2023-06-18 02:26:00+00:00,-122.3918
2023-06-18 02:27:00+00:00,-130.275131
2023-06-18 02:28:00+00:00,-135.716385
2023-06-18 02:29:00+00:00,-136.07132
2023-06-18 02:30:00+00:00,-134.530457
2023-06-18 02:31:00+00:00,-140.091736
2023-06-18 02:32:00+00:00,-144.94043
2023-06-18 02:33:00+00:00,-147.131134
2023-06-18 02:34:00+00:00,-150.95192
2023-06-18 02:35:00+00:00,-156.254318
2023-06-18 02:36:00+00:00,-163.802963
2023-06-18 02:37:00+00:00,-169.681824
2023-06-18 02:38:00+00:00,-170.886414
2023-06-18 02:39:00+00:00,-162.065338
2023-06-18 02:40:00+00:00,-153.786316
2023-06-18 02:41:00+00:00,-150.331573
2023-06-18 02:42:00+00:00,-146.52919
2023-06-18 02:43:00+00:00,-143.147705
2023-06-18 02:44:00+00:00,-139.896088
2023-06-18 02:45:00+00:00,-134.936478
2023-06-18 02:46:00+00:00,-134.102127
2023-06-18 02:47:00+00:00,-133.914703
2023-06-25 00:00:00+00:00,-444.572449
2023-06-25 00:01:00+00:00,-428.473785
2023-06-25 00:02:00+00:00,-411.058746
2023-06-25 00:03:00+00:00,-408.9953
2023-06-25 00:04:00+00:00,-398.689758
2023-06-25 00:05:00+00:00,-409.904846
2023-06-25 00:06:00+00:00,-420.174713
2023-06-25 00:07:00+00:00,-440.549683
2023-06-25 00:08:00+00:00,-441.914703
2023-06-25 00:09:00+00:00,-438.846863
2023-06-25 00:10:00+00:00,-443.111176
2023-06-25 00:11:00+00:00,-459.689117
2023-06-25 00:12:00+00:00,-472.004517
2023-06-25 00:13:00+00:00,-484.011505
2023-06-25 00:14:00+00:00,-495.163177
2023-06-25 00:15:00+00:00,-549.902222
2023-06-25 00:16:00+00:00,-601.9151
2023-06-25 00:17:00+00:00,-646.21344
2023-06-25 00:18:00+00:00,-641.166504
2023-06-25 00:19:00+00:00,-726.486755
2023-06-25 00:20:00+00:00,-710.500122
2023-06-25 00:21:00+00:00,-607.918945
2023-06-25 00:22:00+00:00,-549.310242
2023-06-25 00:23:00+00:00,-525.060242
2023-06-25 00:24:00+00:00,-548.289307
2023-06-25 00:25:00+00:00,-619.38324
2023-06-25 00:26:00+00:00,-624.279968
2023-06-25 00:27:00+00:00,-636.526733
2023-06-25 00:28:00+00:00,-640.862671
2023-06-25 00:29:00+00:00,-633.783936
2023-06-25 00:30:00+00:00,-639.112793
2023-06-25 00:31:00+00:00,-631.777954
2023-06-25 00:32:00+00:00,-646.502319
2023-06-25 00:33:00+00:00,-694.705627
2023-06-25 00:34:00+00:00,-718.945801
2023-06-25 00:35:00+00:00,-681.895386
2023-06-25 00:36:00+00:00,-700.036743
2023-06-25 00:37:00+00:00,-715.920288
2023-06-25 00:38:00+00:00,-697.285828
2023-06-25 00:39:00+00:00,-680.921387
2023-06-25 00:40:00+00:00,-688.694397
2023-06-25 00:41:00+00:00,-744.468018
2023-06-25 00:42:00+00:00,-760.766602
2023-06-25 00:43:00+00:00,-762.938904
2023-06-25 00:44:00+00:00,-758.81781
2023-06-25 00:45:00+00:00,-729.840881
2023-06-25 00:46:00+00:00,-699.587341
2023-06-25 00:47:00+00:00,-723.702515
2023-06-25 00:48:00+00:00,-693.969788
2023-06-25 00:49:00+00:00,-658.461731
2023-06-25 00:50:00+00:00,-641.975647
2023-06-25 00:51:00+00:00,-632.329041
2023-06-25 00:52:00+00:00,-628.391113
2023-06-25 00:53:00+00:00,-620.413757
2023-06-25 00:54:00+00:00,-590.65564
2023-06-25 00:55:00+00:00,-623.605286
2023-06-25 00:56:00+00:00,-674.772888
2023-06-25 00:57:00+00:00,-740.059021
2023-06-25 00:58:00+00:00,-799.717957
2023-06-25 00:59:00+00:00,-824.910706
2023-06-25 01:00:00+00:00,-830.287659
2023-06-25 01:01:00+00:00,-825.408813
2023-06-25 01:02:00+00:00,-798.549133
2023-06-25 01:03:00+00:00,-743.427429
2023-06-25 01:04:00+00:00,-755.166809
2023-06-25 01:05:00+00:00,-797.447144
2023-06-25 01:06:00+00:00,-798.17981
2023-06-25 01:07:00+00:00,-771.653564
2023-06-25 01:08:00+00:00,-747.454773
2023-06-25 01:09:00+00:00,-698.090759
2023-06-25 01:10:00+00:00,-781.582397
2023-06-25 01:11:00+00:00,-1063.663818
2023-06-25 01:12:00+00:00,-1086.002197
2023-06-25 01:13:00+00:00,-830.045105
2023-06-25 01:14:00+00:00,-798.272034
2023-06-25 01:15:00+00:00,-787.72876
2023-06-25 01:16:00+00:00,-779.081543
2023-06-25 01:17:00+00:00,-760.50885
2023-06-25 01:18:00+00:00,-754.244934
2023-06-25 01:19:00+00:00,-800.669556
2023-06-25 01:20:00+00:00,-782.154785
2023-06-25 01:21:00+00:00,-638.110718
2023-06-25 01:22:00+00:00,-686.270203
2023-06-25 01:23:00+00:00,-789.413025
2023-06-25 01:24:00+00:00,-819.78064
2023-06-25 01:25:00+00:00,-863.755737
2023-06-25 01:26:00+00:00,-903.477722
2023-06-25 01:27:00+00:00,-968.440308
2023-06-25 01:28:00+00:00,-989.575195
2023-06-25 01:29:00+00:00,-1002.16748
2023-06-25 01:30:00+00:00,-956.371521
2023-06-25 01:31:00+00:00,-956.312988
2023-06-25 01:32:00+00:00,-968.824463
2023-06-25 01:33:00+00:00,-934.908691
2023-06-25 01:34:00+00:00,-920.915405
2023-06-25 01:35:00+00:00,-934.377686
2023-06-25 01:36:00+00:00,-969.921448
2023-06-25 01:37:00+00:00,-944.090576
2023-06-25 01:38:00+00:00,-1017.769897
2023-06-25 01:39:00+00:00,-930.878113
2023-06-25 01:40:00+00:00,-857.219666
2023-06-25 01:41:00+00:00,-805.822937
2023-06-25 01:42:00+00:00,-803.516846
2023-06-25 01:43:00+00:00,-869.712585
2023-06-25 01:44:00+00:00,-935.063721
2023-06-25 01:45:00+00:00,-958.317383
2023-06-25 01:46:00+00:00,-949.318848
2023-06-25 01:47:00+00:00,-972.95166
2023-06-25 01:48:00+00:00,-949.771057
2023-06-25 01:49:00+00:00,-940.815063
2023-06-25 01:50:00+00:00,-888.485962
2023-06-25 01:51:00+00:00,-759.273071
2023-06-25 01:52:00+00:00,-725.391052
2023-06-25 01:53:00+00:00,-694.244385
2023-06-25 01:54:00+00:00,-640.092346
2023-06-25 01:55:00+00:00,-669.914978
2023-06-25 01:56:00+00:00,-629.215942
2023-06-25 01:57:00+00:00,-609.107117
2023-06-25 01:58:00+00:00,-617.146423
2023-06-25 01:59:00+00:00,-631.870667
2023-06-25 02:00:00+00:00,-602.026062
2023-06-25 02:01:00+00:00,-611.625671
2023-06-25 02:02:00+00:00,-612.913757
2023-06-25 02:03:00+00:00,-541.682556
2023-06-25 02:04:00+00:00,-560.486389
2023-06-25 02:05:00+00:00,-546.994812
2023-06-25 02:06:00+00:00,-521.886108
2023-06-25 02:07:00+00:00,-548.357422
2023-06-25 02:08:00+00:00,-514.805359
2023-06-25 02:09:00+00:00,-505.937439
2023-06-25 02:10:00+00:00,-464.931152
2023-06-25 02:11:00+00:00,-444.874176
2023-06-25 02:12:00+00:00,-406.451935
2023-06-25 02:13:00+00:00,-394.937714
2023-06-25 02:14:00+00:00,-382.475922
2023-06-25 02:15:00+00:00,-349.085999
2023-06-25 02:16:00+00:00,-344.986725
2023-06-25 02:17:00+00:00,-338.900848
2023-06-25 02:18:00+00:00,-327.504517
2023-06-25 02:19:00+00:00,-347.975555
2023-06-25 02:20:00+00:00,-332.952637
2023-06-25 02:21:00+00:00,-308.096954
2023-06-25 02:22:00+00:00,-297.930634
2023-06-25 02:23:00+00:00,-286.464691
2023-06-25 02:24:00+00:00,-275.741333
2023-06-25 02:25:00+00:00,-272.122772
2023-06-25 02:26:00+00:00,-261.918457
2023-06-25 02:27:00+00:00,-255.942719
2023-06-25 02:28:00+00:00,-247.225647
2023-06-25 02:29:00+00:00,-235.579651
2023-06-25 02:30:00+00:00,-237.992844
2023-06-25 02:31:00+00:00,-229.176697
2023-06-25 02:32:00+00:00,-205.511292
2023-06-25 02:33:00+00:00,-205.343079
2023-06-25 02:34:00+00:00,-202.364014
2023-06-25 02:35:00+00:00,-197.185669
2023-06-25 02:36:00+00:00,-200.410431
2023-06-25 02:37:00+00:00,-212.760056
2023-06-25 02:38:00+00:00,-213.960449
2023-06-25 02:39:00+00:00,-215.966324
2023-06-25 02:40:00+00:00,-200.913773
2023-06-25 02:41:00+00:00,-177.228653
2023-06-25 02:42:00+00:00,-165.030197
2023-06-25 02:43:00+00:00,-138.298996
2023-06-25 02:44:00+00:00,-119.57222
2023-06-25 02:45:00+00:00,-113.560928
2023-06-25 02:46:00+00:00,-104.673752
2023-06-25 02:47:00+00:00,-105.708748
2023-07-02 00:00:00+00:00,-23.954857
2023-07-02 00:01:00+00:00,-26.693542
2023-07-02 00:02:00+00:00,-33.472065
2023-07-02 00:03:00+00:00,-38.196693
2023-07-02 00:04:00+00:00,-42.727379
2023-07-02 00:05:00+00:00,-45.40699
2023-07-02 00:06:00+00:00,-46.587666
2023-07-02 00:07:00+00:00,-47.758751
2023-07-02 00:08:00+00:00,-49.332634
2023-07-02 00:09:00+00:00,-50.901272
2023-07-02 00:10:00+00:00,-50.963032
2023-07-02 00:11:00+00:00,-50.646912
2023-07-02 00:12:00+00:00,-50.335815
2023-07-02 00:13:00+00:00,-50.35405
2023-07-02 00:14:00+00:00,-49.782272
2023-07-02 00:15:00+00:00,-48.987762
2023-07-02 00:16:00+00:00,-48.008591
2023-07-02 00:17:00+00:00,-47.611626
2023-07-02 00:18:00+00:00,-46.715832
2023-07-02 00:19:00+00:00,-44.842293
2023-07-02 00:20:00+00:00,-42.887093
2023-07-02 00:21:00+00:00,-42.329819
2023-07-02 00:22:00+00:00,-43.001125
2023-07-02 00:23:00+00:00,-43.714363
2023-07-02 00:24:00+00:00,-44.560863
2023-07-02 00:25:00+00:00,-44.852524
2023-07-02 00:26:00+00:00,-43.823326
2023-07-02 00:27:00+00:00,-42.348351
2023-07-02 00:28:00+00:00,-40.908649
2023-07-02 00:29:00+00:00,-39.818275
2023-07-02 00:30:00+00:00,-38.018726
2023-07-02 00:31:00+00:00,-36.133812
2023-07-02 00:32:00+00:00,-33.930641
2023-07-02 00:33:00+00:00,-31.387648
2023-07-02 00:34:00+00:00,-28.546938
2023-07-02 00:35:00+00:00,-25.026302
2023-07-02 00:36:00+00:00,-22.023615
2023-07-02 00:37:00+00:00,-24.900316
2023-07-02 00:38:00+00:00,-25.15115
2023-07-02 00:39:00+00:00,-27.690281
2023-07-02 00:40:00+00:00,-27.459251
2023-07-02 00:41:00+00:00,-27.918139
2023-07-02 00:42:00+00:00,-30.749187
2023-07-02 00:43:00+00:00,-31.888063
2023-07-02 00:44:00+00:00,-25.930582
2023-07-02 00:45:00+00:00,-20.521881
2023-07-02 00:46:00+00:00,-19.254295
2023-07-02 00:47:00+00:00,-21.547516
2023-07-02 00:48:00+00:00,-19.956762
2023-07-02 00:49:00+00:00,-19.227758
2023-07-02 00:50:00+00:00,-19.748802
2023-07-02 00:51:00+00:00,-18.458258
2023-07-02 00:52:00+00:00,-18.404823
2023-07-02 00:53:00+00:00,-18.928923
2023-07-02 00:54:00+00:00,-19.301346
2023-07-02 00:55:00+00:00,-18.73534
2023-07-02 00:56:00+00:00,-17.572714
2023-07-02 00:57:00+00:00,-17.903328
2023-07-02 00:58:00+00:00,-18.322899
2023-07-02 00:59:00+00:00,-18.282612
2023-07-02 01:00:00+00:00,-17.813734
2023-07-02 01:01:00+00:00,-18.168806
2023-07-02 01:02:00+00:00,-17.895411
2023-07-02 01:03:00+00:00,-17.77733
2023-07-02 01:04:00+00:00,-17.828457
2023-07-02 01:05:00+00:00,-20.717167
2023-07-02 01:06:00+00:00,-16.849052
2023-07-02 01:07:00+00:00,-20.723677
2023-07-02 01:08:00+00:00,-21.228237
2023-07-02 01:09:00+00:00,-54.615158
2023-07-02 01:10:00+00:00,-54.858063
2023-07-02 01:11:00+00:00,-32.353619
2023-07-02 01:12:00+00:00,-33.460411
2023-07-02 01:13:00+00:00,-33.26944
2023-07-02 01:14:00+00:00,-47.35511
2023-07-02 01:15:00+00:00,-47.461739
2023-07-02 01:16:00+00:00,-35.31535
2023-07-02 01:17:00+00:00,-41.384785
2023-07-02 01:18:00+00:00,-48.065575
2023-07-02 01:19:00+00:00,-54.632622
2023-07-02 01:20:00+00:00,-52.071205
2023-07-02 01:21:00+00:00,-40.886887
2023-07-02 01:22:00+00:00,-42.339058
2023-07-02 01:23:00+00:00,-43.66124
2023-07-02 01:24:00+00:00,-42.960922
2023-07-02 01:25:00+00:00,-43.201477
2023-07-02 01:26:00+00:00,-42.120602
2023-07-02 01:27:00+00:00,-43.653248
2023-07-02 01:28:00+00:00,-44.975594
2023-07-02 01:29:00+00:00,-47.500717
2023-07-02 01:30:00+00:00,-41.345406
2023-07-02 01:31:00+00:00,-39.243477
2023-07-02 01:32:00+00:00,-38.012474
2023-07-02 01:33:00+00:00,-38.476456
2023-07-02 01:34:00+00:00,-39.759586
2023-07-02 01:35:00+00:00,-41.198456
2023-07-02 01:36:00+00:00,-42.156223
2023-07-02 01:37:00+00:00,-42.792465
2023-07-02 01:38:00+00:00,-42.283855
2023-07-02 01:39:00+00:00,-42.309967
2023-07-02 01:40:00+00:00,-41.653091
2023-07-02 01:41:00+00:00,-41.135563
2023-07-02 01:42:00+00:00,-39.415646
2023-07-02 01:43:00+00:00,-38.40942
2023-07-02 01:44:00+00:00,-38.638424
2023-07-02 01:45:00+00:00,-37.794136
2023-07-02 01:46:00+00:00,-36.953259
2023-07-02 01:47:00+00:00,-36.132549
2023-07-02 01:48:00+00:00,-34.524864
2023-07-02 01:49:00+00:00,-34.024799
2023-07-02 01:50:00+00:00,-32.008392
2023-07-02 01:51:00+00:00,-31.058714
2023-07-02 01:52:00+00:00,-31.161179
2023-07-02 01:53:00+00:00,-31.188858
2023-07-02 01:54:00+00:00,-31.255243
2023-07-02 01:55:00+00:00,-33.858334
2023-07-02 01:56:00+00:00,-34.886868
2023-07-02 01:57:00+00:00,-35.25985
2023-07-02 01:58:00+00:00,-35.030079
2023-07-02 01:59:00+00:00,-36.610699
2023-07-02 02:00:00+00:00,-39.361149
2023-07-02 02:01:00+00:00,-40.660831
2023-07-02 02:02:00+00:00,-44.67952
2023-07-02 02:03:00+00:00,-44.6959
2023-07-02 02:04:00+00:00,-39.879902
2023-07-02 02:05:00+00:00,-37.221283
2023-07-02 02:06:00+00:00,-37.4729
2023-07-02 02:07:00+00:00,-37.428337
2023-07-02 02:08:00+00:00,-37.236149
2023-07-02 02:09:00+00:00,-38.457417
2023-07-02 02:10:00+00:00,-40.436909
2023-07-02 02:11:00+00:00,-41.523167
2023-07-02 02:12:00+00:00,-40.153599
2023-07-02 02:13:00+00:00,-40.411232
2023-07-02 02:14:00+00:00,-39.965202
2023-07-02 02:15:00+00:00,-39.370674
2023-07-02 02:16:00+00:00,-40.507484
2023-07-02 02:17:00+00:00,-42.393562
2023-07-02 02:18:00+00:00,-42.162113
2023-07-02 02:19:00+00:00,-40.113636
2023-07-02 02:20:00+00:00,-40.229412
2023-07-02 02:21:00+00:00,-42.206459
2023-07-02 02:22:00+00:00,-42.870796
2023-07-02 02:23:00+00:00,-44.882908
2023-07-02 02:24:00+00:00,-42.082596
2023-07-02 02:25:00+00:00,-35.345058
2023-07-02 02:26:00+00:00,-33.710194
2023-07-02 02:27:00+00:00,-31.920811
2023-07-02 02:28:00+00:00,-36.310787
2023-07-02 02:29:00+00:00,-38.050961
2023-07-02 02:30:00+00:00,-39.544563
2023-07-02 02:31:00+00:00,-41.567902
2023-07-02 02:32:00+00:00,-42.111721
2023-07-02 02:33:00+00:00,-42.254025
2023-07-02 02:34:00+00:00,-43.228718
2023-07-02 02:35:00+00:00,-40.519695
2023-07-02 02:36:00+00:00,-39.399765
2023-07-02 02:37:00+00:00,-43.809273
2023-07-02 02:38:00+00:00,-45.129425
2023-07-02 02:39:00+00:00,-45.983994
2023-07-02 02:40:00+00:00,-46.750324
2023-07-02 02:41:00+00:00,-46.651939
2023-07-02 02:42:00+00:00,-46.76099
2023-07-02 02:43:00+00:00,-48.220924
2023-07-02 02:44:00+00:00,-48.979874
2023-07-02 02:45:00+00:00,-50.442028
2023-07-02 02:46:00+00:00,-51.267822
2023-07-02 02:47:00+00:00,-51.019917
2023-07-09 00:00:00+00:00,-44.904942
2023-07-09 00:01:00+00:00,-44.715687
2023-07-09 00:02:00+00:00,-46.564663
2023-07-09 00:03:00+00:00,-47.387917
2023-07-09 00:04:00+00:00,-49.305069
2023-07-09 00:05:00+00:00,-52.202354
2023-07-09 00:06:00+00:00,-54.83271
2023-07-09 00:07:00+00:00,-56.627769
2023-07-09 00:08:00+00:00,-57.142673
2023-07-09 00:09:00+00:00,-55.503006
2023-07-09 00:10:00+00:00,-54.246803
2023-07-09 00:11:00+00:00,-52.793983
2023-07-09 00:12:00+00:00,-53.481464
2023-07-09 00:13:00+00:00,-54.258949
2023-07-09 00:14:00+00:00,-56.333477
2023-07-09 00:15:00+00:00,-56.766174
2023-07-09 00:16:00+00:00,-55.560291
2023-07-09 00:17:00+00:00,-52.443932
2023-07-09 00:18:00+00:00,-50.286728
2023-07-09 00:19:00+00:00,-48.454399
2023-07-09 00:20:00+00:00,-47.470879
2023-07-09 00:21:00+00:00,-45.734112
2023-07-09 00:22:00+00:00,-43.726524
2023-07-09 00:23:00+00:00,-43.836063
2023-07-09 00:24:00+00:00,-44.472404
2023-07-09 00:25:00+00:00,-44.392612
2023-07-09 00:26:00+00:00,-43.376968
2023-07-09 00:27:00+00:00,-42.026054
2023-07-09 00:28:00+00:00,-40.300808
2023-07-09 00:29:00+00:00,-38.42194
2023-07-09 00:30:00+00:00,-36.329288
2023-07-09 00:31:00+00:00,-36.027237
2023-07-09 00:32:00+00:00,-36.295635
2023-07-09 00:33:00+00:00,-36.048988
2023-07-09 00:34:00+00:00,-34.272106
2023-07-09 00:35:00+00:00,-35.186798
2023-07-09 00:36:00+00:00,-37.014629
2023-07-09 00:37:00+00:00,-37.387463
2023-07-09 00:38:00+00:00,-36.407467
2023-07-09 00:39:00+00:00,-34.611729
2023-07-09 00:40:00+00:00,-33.248947
2023-07-09 00:41:00+00:00,-32.750851
2023-07-09 00:42:00+00:00,-32.316742
2023-07-09 00:43:00+00:00,-31.502659
2023-07-09 00:44:00+00:00,-32.04781
2023-07-09 00:45:00+00:00,-32.236797
2023-07-09 00:46:00+00:00,-33.230167
2023-07-09 00:47:00+00:00,-34.303223
2023-07-09 00:48:00+00:00,-36.889767
2023-07-09 00:49:00+00:00,-38.852543
2023-07-09 00:50:00+00:00,-38.85117
2023-07-09 00:51:00+00:00,-38.887054
2023-07-09 00:52:00+00:00,-39.60078
2023-07-09 00:53:00+00:00,-40.425205
2023-07-09 00:54:00+00:00,-41.4715
2023-07-09 00:55:00+00:00,-43.644211
2023-07-09 00:56:00+00:00,-45.989674
2023-07-09 00:57:00+00:00,-46.998554
2023-07-09 00:58:00+00:00,-45.413975
2023-07-09 00:59:00+00:00,-45.518593
2023-07-09 01:00:00+00:00,-47.347778
2023-07-09 01:01:00+00:00,-47.964851
2023-07-09 01:02:00+00:00,-48.053051
2023-07-09 01:03:00+00:00,-47.586952
2023-07-09 01:04:00+00:00,-45.779415
2023-07-09 01:05:00+00:00,-44.252972
2023-07-09 01:06:00+00:00,-43.823997
2023-07-09 01:07:00+00:00,-43.167759
2023-07-09 01:08:00+00:00,-42.49501
2023-07-09 01:09:00+00:00,-43.546753
2023-07-09 01:10:00+00:00,-45.035686
2023-07-09 01:11:00+00:00,-44.828972
2023-07-09 01:12:00+00:00,-45.105293
2023-07-09 01:13:00+00:00,-45.633663
2023-07-09 01:14:00+00:00,-45.073227
2023-07-09 01:15:00+00:00,-44.431648
2023-07-09 01:16:00+00:00,-42.788734
2023-07-09 01:17:00+00:00,-41.696091
2023-07-09 01:18:00+00:00,-40.494015
2023-07-09 01:19:00+00:00,-40.355331
2023-07-09 01:20:00+00:00,-40.073956
2023-07-09 01:21:00+00:00,-40.656696
2023-07-09 01:22:00+00:00,-39.80616
2023-07-09 01:23:00+00:00,-38.582218
2023-07-09 01:24:00+00:00,-37.879677
2023-07-09 01:25:00+00:00,-37.840446
2023-07-09 01:26:00+00:00,-38.485008
2023-07-09 01:27:00+00:00,-39.92173
2023-07-09 01:28:00+00:00,-41.514347
2023-07-09 01:29:00+00:00,-41.818012
2023-07-09 01:30:00+00:00,-42.312454
2023-07-09 01:31:00+00:00,-43.26136
2023-07-09 01:32:00+00:00,-43.660717
2023-07-09 01:33:00+00:00,-43.118927
2023-07-09 01:34:00+00:00,-43.448505
2023-07-09 01:35:00+00:00,-45.402878
2023-07-09 01:36:00+00:00,-46.813599
2023-07-09 01:37:00+00:00,-47.621109
2023-07-09 01:38:00+00:00,-48.200146
2023-07-09 01:39:00+00:00,-48.787098
2023-07-09 01:40:00+00:00,-49.706417
2023-07-09 01:41:00+00:00,-51.042583
2023-07-09 01:42:00+00:00,-51.377155
2023-07-09 01:43:00+00:00,-51.947445
2023-07-09 01:44:00+00:00,-52.651409
2023-07-09 01:45:00+00:00,-52.833984
2023-07-09 01:46:00+00:00,-53.244789
2023-07-09 01:47:00+00:00,-53.460686
2023-07-09 01:48:00+00:00,-53.439701
2023-07-09 01:49:00+00:00,-54.425976
2023-07-09 01:50:00+00:00,-55.783298
2023-07-09 01:51:00+00:00,-57.268513
2023-07-09 01:52:00+00:00,-57.58231
2023-07-09 01:53:00+00:00,-57.386993
2023-07-09 01:54:00+00:00,-57.489342
2023-07-09 01:55:00+00:00,-58.378803
2023-07-09 01:56:00+00:00,-59.500698
2023-07-09 01:57:00+00:00,-59.614315
2023-07-09 01:58:00+00:00,-59.759705
2023-07-09 01:59:00+00:00,-60.145374
2023-07-09 02:00:00+00:00,-60.566929
2023-07-09 02:01:00+00:00,-61.256729
2023-07-09 02:02:00+00:00,-60.729454
2023-07-09 02:03:00+00:00,-60.284451
2023-07-09 02:04:00+00:00,-59.817249
2023-07-09 02:05:00+00:00,-59.625244
2023-07-09 02:06:00+00:00,-58.432091
2023-07-09 02:07:00+00:00,-56.364769
2023-07-09 02:08:00+00:00,-55.571884
2023-07-09 02:09:00+00:00,-54.627399
2023-07-09 02:10:00+00:00,-53.656479
2023-07-09 02:11:00+00:00,-53.603981
2023-07-09 02:12:00+00:00,-54.344925
2023-07-09 02:13:00+00:00,-53.698193
2023-07-09 02:14:00+00:00,-51.750229
2023-07-09 02:15:00+00:00,-50.645733
2023-07-09 02:16:00+00:00,-50.295101
2023-07-09 02:17:00+00:00,-50.170174
2023-07-09 02:18:00+00:00,-49.895493
2023-07-09 02:19:00+00:00,-49.682995
2023-07-09 02:20:00+00:00,-49.129879
2023-07-09 02:21:00+00:00,-48.883141
2023-07-09 02:22:00+00:00,-49.215267
2023-07-09 02:23:00+00:00,-48.74659
2023-07-09 02:24:00+00:00,-48.072472
2023-07-09 02:25:00+00:00,-47.307377
2023-07-09 02:26:00+00:00,-47.969887
2023-07-09 02:27:00+00:00,-48.945282
2023-07-09 02:28:00+00:00,-50.157413
2023-07-09 02:29:00+00:00,-52.04723
2023-07-09 02:30:00+00:00,-51.490517
2023-07-09 02:31:00+00:00,-49.453835
2023-07-09 02:32:00+00:00,-48.010998
2023-07-09 02:33:00+00:00,-47.220612
2023-07-09 02:34:00+00:00,-46.566582
2023-07-09 02:35:00+00:00,-46.489349
2023-07-09 02:36:00+00:00,-46.76128
2023-07-09 02:37:00+00:00,-47.784512
2023-07-09 02:38:00+00:00,-48.441666
2023-07-09 02:39:00+00:00,-49.065197
2023-07-09 02:40:00+00:00,-48.836288
2023-07-09 02:41:00+00:00,-49.291706
2023-07-09 02:42:00+00:00,-49.29007
2023-07-09 02:43:00+00:00,-48.977169
2023-07-09 02:44:00+00:00,-49.0327
2023-07-09 02:45:00+00:00,-49.285648
2023-07-09 02:46:00+00:00,-49.145481
2023-07-09 02:47:00+00:00,-48.341568
2023-07-16 00:00:00+00:00,-63.402679
2023-07-16 00:01:00+00:00,-64.913155
2023-07-16 00:02:00+00:00,-70.380341
2023-07-16 00:03:00+00:00,-69.833733
2023-07-16 00:04:00+00:00,-65.653412
2023-07-16 00:05:00+00:00,-62.091541
2023-07-16 00:06:00+00:00,-61.94812
2023-07-16 00:07:00+00:00,-63.15889
2023-07-16 00:08:00+00:00,-65.132706
2023-07-16 00:09:00+00:00,-66.118172
2023-07-16 00:10:00+00:00,-66.144638
2023-07-16 00:11:00+00:00,-63.753651
2023-07-16 00:12:00+00:00,-65.001152
2023-07-16 00:13:00+00:00,-63.099979
2023-07-16 00:14:00+00:00,-64.499809
2023-07-16 00:15:00+00:00,-67.438026
2023-07-16 00:16:00+00:00,-67.073257
2023-07-16 00:17:00+00:00,-66.575012
2023-07-16 00:18:00+00:00,-66.791855
2023-07-16 00:19:00+00:00,-68.085541
2023-07-16 00:20:00+00:00,-67.791939
2023-07-16 00:21:00+00:00,-66.607765
2023-07-16 00:22:00+00:00,-65.705811
2023-07-16 00:23:00+00:00,-67.022377
2023-07-16 00:24:00+00:00,-67.005928
2023-07-16 00:25:00+00:00,-63.184212
2023-07-16 00:26:00+00:00,-65.137764
2023-07-16 00:27:00+00:00,-64.545341
2023-07-16 00:28:00+00:00,-64.812889
2023-07-16 00:29:00+00:00,-65.583885
2023-07-16 00:30:00+00:00,-68.10672
2023-07-16 00:31:00+00:00,-70.684189
2023-07-16 00:32:00+00:00,-71.143768
2023-07-16 00:33:00+00:00,-71.62606
2023-07-16 00:34:00+00:00,-69.751648
2023-07-16 00:35:00+00:00,-69.531738
2023-07-16 00:36:00+00:00,-71.809074
2023-07-16 00:37:00+00:00,-72.058739
2023-07-16 00:38:00+00:00,-68.792137
2023-07-16 00:39:00+00:00,-67.605377
2023-07-16 00:40:00+00:00,-72.02272
2023-07-16 00:41:00+00:00,-74.993355
2023-07-16 00:42:00+00:00,-74.936531
2023-07-16 00:43:00+00:00,-74.026649
2023-07-16 00:44:00+00:00,-77.000076
2023-07-16 00:45:00+00:00,-80.309639
2023-07-16 00:46:00+00:00,-85.900833
2023-07-16 00:47:00+00:00,-87.57299
2023-07-16 00:48:00+00:00,-87.11026
2023-07-16 00:49:00+00:00,-82.418388
2023-07-16 00:50:00+00:00,-78.732697
2023-07-16 00:51:00+00:00,-78.055603
2023-07-16 00:52:00+00:00,-80.922729
2023-07-16 00:53:00+00:00,-83.057915
2023-07-16 00:54:00+00:00,-84.587585
2023-07-16 00:55:00+00:00,-86.586693
2023-07-16 00:56:00+00:00,-85.100136
2023-07-16 00:57:00+00:00,-81.695267
2023-07-16 00:58:00+00:00,-81.375977
2023-07-16 00:59:00+00:00,-80.216942
2023-07-16 01:00:00+00:00,-76.852379
2023-07-16 01:01:00+00:00,-73.330032
2023-07-16 01:02:00+00:00,-73.885193
2023-07-16 01:03:00+00:00,-75.196602
2023-07-16 01:04:00+00:00,-73.890297
2023-07-16 01:05:00+00:00,-73.743668
2023-07-16 01:06:00+00:00,-77.054611
2023-07-16 01:07:00+00:00,-80.852959
2023-07-16 01:08:00+00:00,-81.20723
2023-07-16 01:09:00+00:00,-78.565956
2023-07-16 01:10:00+00:00,-73.216431
2023-07-16 01:11:00+00:00,-71.828148
2023-07-16 01:12:00+00:00,-71.185333
2023-07-16 01:13:00+00:00,-66.97113
2023-07-16 01:14:00+00:00,-63.092339
2023-07-16 01:15:00+00:00,-62.414104
2023-07-16 01:16:00+00:00,-61.597843
2023-07-16 01:17:00+00:00,-62.619572
2023-07-16 01:18:00+00:00,-59.960789
2023-07-16 01:19:00+00:00,-60.678185
2023-07-16 01:20:00+00:00,-59.123363
2023-07-16 01:21:00+00:00,-56.453609
2023-07-16 01:22:00+00:00,-55.833023
2023-07-16 01:23:00+00:00,-55.623672
2023-07-16 01:24:00+00:00,-51.456059
2023-07-16 01:25:00+00:00,-47.461788
2023-07-16 01:26:00+00:00,-47.726612
2023-07-16 01:27:00+00:00,-48.84457
2023-07-16 01:28:00+00:00,-50.529629
2023-07-16 01:29:00+00:00,-53.476185
2023-07-16 01:30:00+00:00,-55.317871
2023-07-16 01:31:00+00:00,-59.109913
2023-07-16 01:32:00+00:00,-62.729874
2023-07-16 01:33:00+00:00,-64.743454
2023-07-16 01:34:00+00:00,-64.736862
2023-07-16 01:35:00+00:00,-58.771908
2023-07-16 01:36:00+00:00,-51.499249
2023-07-16 01:37:00+00:00,-53.323906
2023-07-16 01:38:00+00:00,-53.56427
2023-07-16 01:39:00+00:00,-53.662926
2023-07-16 01:40:00+00:00,-56.094814
2023-07-16 01:41:00+00:00,-59.548626
2023-07-16 01:42:00+00:00,-58.85318
2023-07-16 01:43:00+00:00,-59.784489
2023-07-16 01:44:00+00:00,-63.102039
2023-07-16 01:45:00+00:00,-65.136818
2023-07-16 01:46:00+00:00,-67.505608
2023-07-16 01:47:00+00:00,-68.722351
2023-07-16 01:48:00+00:00,-68.055267
2023-07-16 01:49:00+00:00,-66.87748
2023-07-16 01:50:00+00:00,-68.880264
2023-07-16 01:51:00+00:00,-72.266273
2023-07-16 01:52:00+00:00,-75.849091
2023-07-16 01:53:00+00:00,-78.239914
2023-07-16 01:54:00+00:00,-80.616112
2023-07-16 01:55:00+00:00,-82.805161
2023-07-16 01:56:00+00:00,-84.840385
2023-07-16 01:57:00+00:00,-88.09494
2023-07-16 01:58:00+00:00,-89.826736
2023-07-16 01:59:00+00:00,-90.869873
2023-07-16 02:00:00+00:00,-91.971527
2023-07-16 02:01:00+00:00,-93.186104
2023-07-16 02:02:00+00:00,-96.54261
2023-07-16 02:03:00+00:00,-100.145096
2023-07-16 02:04:00+00:00,-102.208969
2023-07-16 02:05:00+00:00,-104.936447
2023-07-16 02:06:00+00:00,-107.671326
2023-07-16 02:07:00+00:00,-110.025017
2023-07-16 02:08:00+00:00,-112.147964
2023-07-16 02:09:00+00:00,-113.787315
2023-07-16 02:10:00+00:00,-115.964127
2023-07-16 02:11:00+00:00,-118.483139
2023-07-16 02:12:00+00:00,-120.482117
2023-07-16 02:13:00+00:00,-122.216988
2023-07-16 02:14:00+00:00,-122.96711
2023-07-16 02:15:00+00:00,-123.654526
2023-07-16 02:16:00+00:00,-123.920715
2023-07-16 02:17:00+00:00,-124.241417
2023-07-16 02:18:00+00:00,-122.784653
2023-07-16 02:19:00+00:00,-117.796593
2023-07-16 02:20:00+00:00,-109.940872
2023-07-16 02:21:00+00:00,-106.374283
2023-07-16 02:22:00+00:00,-107.114967
2023-07-16 02:23:00+00:00,-108.580811
2023-07-16 02:24:00+00:00,-110.664291
2023-07-16 02:25:00+00:00,-112.760323
2023-07-16 02:26:00+00:00,-115.64679
2023-07-16 02:27:00+00:00,-117.589378
2023-07-16 02:28:00+00:00,-115.430939
2023-07-16 02:29:00+00:00,-109.898087
2023-07-16 02:30:00+00:00,-102.448082
2023-07-16 02:31:00+00:00,-101.729553
2023-07-16 02:32:00+00:00,-101.476883
2023-07-16 02:33:00+00:00,-97.293037
2023-07-16 02:34:00+00:00,-89.329834
2023-07-16 02:35:00+00:00,-77.904114
2023-07-16 02:36:00+00:00,-77.270706
2023-07-16 02:37:00+00:00,-78.638557
2023-07-16 02:38:00+00:00,-75.004181
2023-07-16 02:39:00+00:00,-71.530235
2023-07-16 02:40:00+00:00,-76.122871
2023-07-16 02:41:00+00:00,-74.663368
2023-07-16 02:42:00+00:00,-76.737633
2023-07-16 02:43:00+00:00,-82.006996
2023-07-16 02:44:00+00:00,-86.937424
2023-07-16 02:45:00+00:00,-90.090569
2023-07-16 02:46:00+00:00,-92.653046
2023-07-16 02:47:00+00:00,-90.328094
2023-07-23 00:00:00+00:00,-27.575989
2023-07-23 00:01:00+00:00,-27.892023
2023-07-23 00:02:00+00:00,-28.166752
2023-07-23 00:03:00+00:00,-30.954231
2023-07-23 00:04:00+00:00,-31.941093
2023-07-23 00:05:00+00:00,-33.653698
2023-07-23 00:06:00+00:00,-36.323479
2023-07-23 00:07:00+00:00,-37.278557
2023-07-23 00:08:00+00:00,-36.558998
2023-07-23 00:09:00+00:00,-34.753654
2023-07-23 00:10:00+00:00,-32.735535
2023-07-23 00:11:00+00:00,-30.815182
2023-07-23 00:12:00+00:00,-31.198299
2023-07-23 00:13:00+00:00,-32.69648
2023-07-23 00:14:00+00:00,-34.493172
2023-07-23 00:15:00+00:00,-35.650543
2023-07-23 00:16:00+00:00,-36.78352
2023-07-23 00:17:00+00:00,-35.984062
2023-07-23 00:18:00+00:00,-36.775612
2023-07-23 00:19:00+00:00,-36.063454
2023-07-23 00:20:00+00:00,-37.486092
2023-07-23 00:21:00+00:00,-37.482979
2023-07-23 00:22:00+00:00,-38.069263
2023-07-23 00:23:00+00:00,-39.114212
2023-07-23 00:24:00+00:00,-42.619766
2023-07-23 00:25:00+00:00,-44.316467
2023-07-23 00:26:00+00:00,-43.264137
2023-07-23 00:27:00+00:00,-41.703979
2023-07-23 00:28:00+00:00,-39.437748
2023-07-23 00:29:00+00:00,-33.980713
2023-07-23 00:30:00+00:00,-33.837044
2023-07-23 00:31:00+00:00,-34.14991
2023-07-23 00:32:00+00:00,-34.751705
2023-07-23 00:33:00+00:00,-34.119953
2023-07-23 00:34:00+00:00,-33.809322
2023-07-23 00:35:00+00:00,-31.978001
2023-07-23 00:36:00+00:00,-33.323509
2023-07-23 00:37:00+00:00,-34.957546
2023-07-23 00:38:00+00:00,-34.119591
2023-07-23 00:39:00+00:00,-32.13147
2023-07-23 00:40:00+00:00,-29.753494
2023-07-23 00:41:00+00:00,-26.806509
2023-07-23 00:42:00+00:00,-23.556183
2023-07-23 00:43:00+00:00,-23.193838
2023-07-23 00:44:00+00:00,-22.519398
2023-07-23 00:45:00+00:00,-22.159046
2023-07-23 00:46:00+00:00,-21.852312
2023-07-23 00:47:00+00:00,-21.699827
2023-07-23 00:48:00+00:00,-21.645506
2023-07-23 00:49:00+00:00,-21.498985
2023-07-23 00:50:00+00:00,-21.529373
2023-07-23 00:51:00+00:00,-21.83
2023-07-23 00:52:00+00:00,-21.661184
2023-07-23 00:53:00+00:00,-21.351841
2023-07-23 00:54:00+00:00,-23.193935
2023-07-23 00:55:00+00:00,-22.843758
2023-07-23 00:56:00+00:00,-21.771736
2023-07-23 00:57:00+00:00,-22.611286
2023-07-23 00:58:00+00:00,-22.598082
2023-07-23 00:59:00+00:00,-23.400877
2023-07-23 01:00:00+00:00,-24.691961
2023-07-23 01:01:00+00:00,-25.524321
2023-07-23 01:02:00+00:00,-25.734671
2023-07-23 01:03:00+00:00,-25.437775
2023-07-23 01:04:00+00:00,-24.697128
2023-07-23 01:05:00+00:00,-24.709524
2023-07-23 01:06:00+00:00,-24.617558
2023-07-23 01:07:00+00:00,-23.975447
2023-07-23 01:08:00+00:00,-23.291471
2023-07-23 01:09:00+00:00,-22.677029
2023-07-23 01:10:00+00:00,-22.123823
2023-07-23 01:11:00+00:00,-21.206575
2023-07-23 01:12:00+00:00,-20.802746
2023-07-23 01:13:00+00:00,-21.379148
2023-07-23 01:14:00+00:00,-22.684338
2023-07-23 01:15:00+00:00,-23.953493
2023-07-23 01:16:00+00:00,-25.106909
2023-07-23 01:17:00+00:00,-25.848537
2023-07-23 01:18:00+00:00,-26.164724
2023-07-23 01:19:00+00:00,-26.536932
2023-07-23 01:20:00+00:00,-26.94174
2023-07-23 01:21:00+00:00,-27.299576
2023-07-23 01:22:00+00:00,-27.100691
2023-07-23 01:23:00+00:00,-26.540085
2023-07-23 01:24:00+00:00,-26.264904
2023-07-23 01:25:00+00:00,-25.291454
2023-07-23 01:26:00+00:00,-24.517702
2023-07-23 01:27:00+00:00,-23.210266
2023-07-23 01:28:00+00:00,-22.165478
2023-07-23 01:29:00+00:00,-21.821413
2023-07-23 01:30:00+00:00,-21.152859
2023-07-23 01:31:00+00:00,-21.209675
2023-07-23 01:32:00+00:00,-22.105015
2023-07-23 01:33:00+00:00,-24.542377
2023-07-23 01:34:00+00:00,-26.203773
2023-07-23 01:35:00+00:00,-25.758032
2023-07-23 01:36:00+00:00,-24.835896
2023-07-23 01:37:00+00:00,-24.308338
2023-07-23 01:38:00+00:00,-24.216347
2023-07-23 01:39:00+00:00,-23.849222
2023-07-23 01:40:00+00:00,-23.030132
2023-07-23 01:41:00+00:00,-22.718906
2023-07-23 01:42:00+00:00,-23.321657
2023-07-23 01:43:00+00:00,-24.084814
2023-07-23 01:44:00+00:00,-24.678226
2023-07-23 01:45:00+00:00,-25.05727
2023-07-23 01:46:00+00:00,-25.063396
2023-07-23 01:47:00+00:00,-25.189116
2023-07-23 01:48:00+00:00,-25.210239
2023-07-23 01:49:00+00:00,-25.648666
2023-07-23 01:50:00+00:00,-25.744074
2023-07-23 01:51:00+00:00,-25.827444
2023-07-23 01:52:00+00:00,-25.984648
2023-07-23 01:53:00+00:00,-25.958364
2023-07-23 01:54:00+00:00,-25.348423
2023-07-23 01:55:00+00:00,-24.720791
2023-07-23 01:56:00+00:00,-24.189167
2023-07-23 01:57:00+00:00,-24.533754
2023-07-23 01:58:00+00:00,-25.958584
2023-07-23 01:59:00+00:00,-27.864466
2023-07-23 02:00:00+00:00,-30.483465
2023-07-23 02:01:00+00:00,-33.083885
2023-07-23 02:02:00+00:00,-35.896103
2023-07-23 02:03:00+00:00,-38.383415
2023-07-23 02:04:00+00:00,-39.840668
2023-07-23 02:05:00+00:00,-39.938683
2023-07-23 02:06:00+00:00,-40.033348
2023-07-23 02:07:00+00:00,-40.105537
2023-07-23 02:08:00+00:00,-39.428135
2023-07-23 02:09:00+00:00,-39.447792
2023-07-23 02:10:00+00:00,-39.078049
2023-07-23 02:11:00+00:00,-39.249977
2023-07-23 02:12:00+00:00,-40.390751
2023-07-23 02:13:00+00:00,-41.384571
2023-07-23 02:14:00+00:00,-41.165936
2023-07-23 02:15:00+00:00,-40.900005
2023-07-23 02:16:00+00:00,-41.565739
2023-07-23 02:17:00+00:00,-43.365467
2023-07-23 02:18:00+00:00,-45.31229
2023-07-23 02:19:00+00:00,-47.151741
2023-07-23 02:20:00+00:00,-49.018513
2023-07-23 02:21:00+00:00,-50.659107
2023-07-23 02:22:00+00:00,-51.426968
2023-07-23 02:23:00+00:00,-52.095676
2023-07-23 02:24:00+00:00,-52.550873
2023-07-23 02:25:00+00:00,-52.945602
2023-07-23 02:26:00+00:00,-53.170902
2023-07-23 02:27:00+00:00,-54.153946
2023-07-23 02:28:00+00:00,-55.313114
2023-07-23 02:29:00+00:00,-56.869518
2023-07-23 02:30:00+00:00,-57.962433
2023-07-23 02:31:00+00:00,-57.830177
2023-07-23 02:32:00+00:00,-57.747898
2023-07-23 02:33:00+00:00,-57.820549
2023-07-23 02:34:00+00:00,-56.375729
2023-07-23 02:35:00+00:00,-55.273277
2023-07-23 02:36:00+00:00,-55.172832
2023-07-23 02:37:00+00:00,-54.675434
2023-07-23 02:38:00+00:00,-52.86771
2023-07-23 02:39:00+00:00,-51.440025
2023-07-23 02:40:00+00:00,-50.487858
2023-07-23 02:41:00+00:00,-51.247498
2023-07-23 02:42:00+00:00,-52.392265
2023-07-23 02:43:00+00:00,-54.302006
2023-07-23 02:44:00+00:00,-56.113407
2023-07-23 02:45:00+00:00,-56.695869
2023-07-23 02:46:00+00:00,-55.667377
2023-07-23 02:47:00+00:00,-54.189865
2023-07-30 00:00:00+00:00,-47.742809
2023-07-30 00:01:00+00:00,-48.44241
2023-07-30 00:02:00+00:00,-49.679039
2023-07-30 00:03:00+00:00,-50.025997
2023-07-30 00:04:00+00:00,-50.446701
2023-07-30 00:05:00+00:00,-50.729294
2023-07-30 00:06:00+00:00,-52.221962
2023-07-30 00:07:00+00:00,-53.105907
2023-07-30 00:08:00+00:00,-55.034367
2023-07-30 00:09:00+00:00,-56.952911
2023-07-30 00:10:00+00:00,-54.063171
2023-07-30 00:11:00+00:00,-51.10054
2023-07-30 00:12:00+00:00,-52.230114
2023-07-30 00:13:00+00:00,-52.849396
2023-07-30 00:14:00+00:00,-54.105408
2023-07-30 00:15:00+00:00,-54.94355
2023-07-30 00:16:00+00:00,-56.034161
2023-07-30 00:17:00+00:00,-57.824142
2023-07-30 00:18:00+00:00,-60.916084
2023-07-30 00:19:00+00:00,-62.070293
2023-07-30 00:20:00+00:00,-60.608585
2023-07-30 00:21:00+00:00,-58.747322
2023-07-30 00:22:00+00:00,-55.870338
2023-07-30 00:23:00+00:00,-52.470127
2023-07-30 00:24:00+00:00,-48.483208
2023-07-30 00:25:00+00:00,-46.052002
2023-07-30 00:26:00+00:00,-44.367962
2023-07-30 00:27:00+00:00,-43.955555
2023-07-30 00:28:00+00:00,-41.648811
2023-07-30 00:29:00+00:00,-42.354023
2023-07-30 00:30:00+00:00,-43.896038
2023-07-30 00:31:00+00:00,-44.486107
2023-07-30 00:32:00+00:00,-43.61758
2023-07-30 00:33:00+00:00,-41.89695
2023-07-30 00:34:00+00:00,-41.08794
2023-07-30 00:35:00+00:00,-41.142746
2023-07-30 00:36:00+00:00,-40.837788
2023-07-30 00:37:00+00:00,-40.765396
2023-07-30 00:38:00+00:00,-41.543541
2023-07-30 00:39:00+00:00,-41.761597
2023-07-30 00:40:00+00:00,-41.54245
2023-07-30 00:41:00+00:00,-39.434978
2023-07-30 00:42:00+00:00,-38.216576
2023-07-30 00:43:00+00:00,-37.466389
2023-07-30 00:44:00+00:00,-37.458397
2023-07-30 00:45:00+00:00,-40.81377
2023-07-30 00:46:00+00:00,-42.036385
2023-07-30 00:47:00+00:00,-38.904175
2023-07-30 00:48:00+00:00,-35.030964
2023-07-30 00:49:00+00:00,-33.177052
2023-07-30 00:50:00+00:00,-31.210161
2023-07-30 00:51:00+00:00,-31.177221
2023-07-30 00:52:00+00:00,-30.173494
2023-07-30 00:53:00+00:00,-28.920578
2023-07-30 00:54:00+00:00,-26.944653
2023-07-30 00:55:00+00:00,-26.072309
2023-07-30 00:56:00+00:00,-27.015024
2023-07-30 00:57:00+00:00,-26.324116
2023-07-30 00:58:00+00:00,-24.32971
2023-07-30 00:59:00+00:00,-21.599243
2023-07-30 01:00:00+00:00,-21.150194
2023-07-30 01:01:00+00:00,-20.667412
2023-07-30 01:02:00+00:00,-19.374096
2023-07-30 01:03:00+00:00,-20.993818
2023-07-30 01:04:00+00:00,-20.791166
2023-07-30 01:05:00+00:00,-20.545372
2023-07-30 01:06:00+00:00,-21.256374
2023-07-30 01:07:00+00:00,-20.237185
2023-07-30 01:08:00+00:00,-18.770924
2023-07-30 01:09:00+00:00,-19.490601
2023-07-30 01:10:00+00:00,-14.989088
2023-07-30 01:11:00+00:00,-19.78488
2023-07-30 01:12:00+00:00,-16.646469
2023-07-30 01:13:00+00:00,-17.820862
2023-07-30 01:14:00+00:00,-18.88026
2023-07-30 01:15:00+00:00,-17.36133
2023-07-30 01:16:00+00:00,-17.752056
2023-07-30 01:17:00+00:00,-19.380138
2023-07-30 01:18:00+00:00,-16.325739
2023-07-30 01:19:00+00:00,-15.49333
2023-07-30 01:20:00+00:00,-14.956223
2023-07-30 01:21:00+00:00,-14.196898
2023-07-30 01:22:00+00:00,-14.951665
2023-07-30 01:23:00+00:00,-14.730496
2023-07-30 01:24:00+00:00,-12.925953
2023-07-30 01:25:00+00:00,-12.186609
2023-07-30 01:26:00+00:00,-13.275217
2023-07-30 01:27:00+00:00,-16.145481
2023-07-30 01:28:00+00:00,-17.689915
2023-07-30 01:29:00+00:00,-17.52467
2023-07-30 01:30:00+00:00,-17.75906
2023-07-30 01:31:00+00:00,-17.071333
2023-07-30 01:32:00+00:00,-16.741344
2023-07-30 01:33:00+00:00,-17.00732
2023-07-30 01:34:00+00:00,-15.285218
2023-07-30 01:35:00+00:00,-14.764435
2023-07-30 01:36:00+00:00,-13.896084
2023-07-30 01:37:00+00:00,-13.056901
2023-07-30 01:38:00+00:00,-14.658257
2023-07-30 01:39:00+00:00,-12.964458
2023-07-30 01:40:00+00:00,-12.596991
2023-07-30 01:41:00+00:00,-13.103201
2023-07-30 01:42:00+00:00,-10.637479
2023-07-30 01:43:00+00:00,-9.550353
2023-07-30 01:44:00+00:00,-8.296844
2023-07-30 01:45:00+00:00,-10.264817
2023-07-30 01:46:00+00:00,-15.05858
2023-07-30 01:47:00+00:00,-18.721239
2023-07-30 01:48:00+00:00,-21.926666
2023-07-30 01:49:00+00:00,-24.489853
2023-07-30 01:50:00+00:00,-25.955772
2023-07-30 01:51:00+00:00,-28.596834
2023-07-30 01:52:00+00:00,-32.910183
2023-07-30 01:53:00+00:00,-34.539017
2023-07-30 01:54:00+00:00,-32.638195
2023-07-30 01:55:00+00:00,-32.298874
2023-07-30 01:56:00+00:00,-29.755562
2023-07-30 01:57:00+00:00,-26.778721
2023-07-30 01:58:00+00:00,-25.405109
2023-07-30 01:59:00+00:00,-24.295658
2023-07-30 02:00:00+00:00,-21.896227
2023-07-30 02:01:00+00:00,-20.349625
2023-07-30 02:02:00+00:00,-18.641924
2023-07-30 02:03:00+00:00,-18.937231
2023-07-30 02:04:00+00:00,-19.050533
2023-07-30 02:05:00+00:00,-17.795841
2023-07-30 02:06:00+00:00,-17.300314
2023-07-30 02:07:00+00:00,-18.20965
2023-07-30 02:08:00+00:00,-18.878086
2023-07-30 02:09:00+00:00,-18.213718
2023-07-30 02:10:00+00:00,-18.005188
2023-07-30 02:11:00+00:00,-17.804693
2023-07-30 02:12:00+00:00,-17.451845
2023-07-30 02:13:00+00:00,-17.051184
2023-07-30 02:14:00+00:00,-16.330631
2023-07-30 02:15:00+00:00,-16.004433
2023-07-30 02:16:00+00:00,-16.454891
2023-07-30 02:17:00+00:00,-16.535469
2023-07-30 02:18:00+00:00,-15.049879
2023-07-30 02:19:00+00:00,-12.699297
2023-07-30 02:20:00+00:00,-11.729822
2023-07-30 02:21:00+00:00,-12.164893
2023-07-30 02:22:00+00:00,-14.7509
2023-07-30 02:23:00+00:00,-18.127167
2023-07-30 02:24:00+00:00,-17.498003
2023-07-30 02:25:00+00:00,-17.901512
2023-07-30 02:26:00+00:00,-20.730289
2023-07-30 02:27:00+00:00,-20.652719
2023-07-30 02:28:00+00:00,-16.037106
2023-07-30 02:29:00+00:00,-14.07589
2023-07-30 02:30:00+00:00,-11.166777
2023-07-30 02:31:00+00:00,-11.318547
2023-07-30 02:32:00+00:00,-9.521176
2023-07-30 02:33:00+00:00,-7.246206
2023-07-30 02:34:00+00:00,-7.744607
2023-07-30 02:35:00+00:00,-8.068133
2023-07-30 02:36:00+00:00,-7.967269
2023-07-30 02:37:00+00:00,-7.135818
2023-07-30 02:38:00+00:00,-5.572416
2023-07-30 02:39:00+00:00,-5.861273
2023-07-30 02:40:00+00:00,-8.92713
2023-07-30 02:41:00+00:00,-11.00432
2023-07-30 02:42:00+00:00,-11.837788
2023-07-30 02:43:00+00:00,-12.190615
2023-07-30 02:44:00+00:00,-12.672099
2023-07-30 02:45:00+00:00,-12.941849
2023-07-30 02:46:00+00:00,-12.669802
2023-07-30 02:47:00+00:00,-12.49818
2023-08-06 00:00:00+00:00,-41.488472
2023-08-06 00:01:00+00:00,-42.083183
2023-08-06 00:02:00+00:00,-42.497864
2023-08-06 00:03:00+00:00,-42.603745
2023-08-06 00:04:00+00:00,-42.457611
2023-08-06 00:05:00+00:00,-42.106476
2023-08-06 00:06:00+00:00,-41.550488
2023-08-06 00:07:00+00:00,-41.229416
2023-08-06 00:08:00+00:00,-40.910583
2023-08-06 00:09:00+00:00,-40.59045
2023-08-06 00:10:00+00:00,-40.148178
2023-08-06 00:11:00+00:00,-39.814034
2023-08-06 00:12:00+00:00,-40.024963
2023-08-06 00:13:00+00:00,-39.579704
2023-08-06 00:14:00+00:00,-39.636528
2023-08-06 00:15:00+00:00,-39.893471
2023-08-06 00:16:00+00:00,-40.366737
2023-08-06 00:17:00+00:00,-40.543362
2023-08-06 00:18:00+00:00,-40.589386
2023-08-06 00:19:00+00:00,-40.48922
2023-08-06 00:20:00+00:00,-40.979221
2023-08-06 00:21:00+00:00,-40.807472
2023-08-06 00:22:00+00:00,-40.660744
2023-08-06 00:23:00+00:00,-40.989872
2023-08-06 00:24:00+00:00,-41.206169
2023-08-06 00:25:00+00:00,-40.989361
2023-08-06 00:26:00+00:00,-41.052361
2023-08-06 00:27:00+00:00,-41.389351
2023-08-06 00:28:00+00:00,-41.433945
2023-08-06 00:29:00+00:00,-41.326813
2023-08-06 00:30:00+00:00,-41.376404
2023-08-06 00:31:00+00:00,-42.085403
2023-08-06 00:32:00+00:00,-41.746742
2023-08-06 00:33:00+00:00,-42.118149
2023-08-06 00:34:00+00:00,-42.19561
2023-08-06 00:35:00+00:00,-42.410698
2023-08-06 00:36:00+00:00,-42.677368
2023-08-06 00:37:00+00:00,-42.673706
2023-08-06 00:38:00+00:00,-43.000389
2023-08-06 00:39:00+00:00,-42.882294
2023-08-06 00:40:00+00:00,-43.03027
2023-08-06 00:41:00+00:00,-42.4286
2023-08-06 00:42:00+00:00,-42.012741
2023-08-06 00:43:00+00:00,-42.624397
2023-08-06 00:44:00+00:00,-42.618954
2023-08-06 00:45:00+00:00,-42.475792
2023-08-06 00:46:00+00:00,-42.884361
2023-08-06 00:47:00+00:00,-42.794697
2023-08-06 00:48:00+00:00,-43.364906
2023-08-06 00:49:00+00:00,-43.924988
2023-08-06 00:50:00+00:00,-43.412338
2023-08-06 00:51:00+00:00,-43.545631
2023-08-06 00:52:00+00:00,-43.22448
2023-08-06 00:53:00+00:00,-43.346672
2023-08-06 00:54:00+00:00,-43.475853
2023-08-06 00:55:00+00:00,-43.471313
2023-08-06 00:56:00+00:00,-43.620068
2023-08-06 00:57:00+00:00,-43.701324
2023-08-06 00:58:00+00:00,-44.062649
2023-08-06 00:59:00+00:00,-43.877781
2023-08-06 01:00:00+00:00,-44.202797
2023-08-06 01:01:00+00:00,-44.07859
2023-08-06 01:02:00+00:00,-44.534733
2023-08-06 01:03:00+00:00,-44.545742
2023-08-06 01:04:00+00:00,-44.631058
2023-08-06 01:05:00+00:00,-44.583557
2023-08-06 01:06:00+00:00,-44.369949
2023-08-06 01:07:00+00:00,-44.794773
2023-08-06 01:08:00+00:00,-44.778023
2023-08-06 01:09:00+00:00,-44.880043
2023-08-06 01:10:00+00:00,-44.813637
2023-08-06 01:11:00+00:00,-45.225197
2023-08-06 01:12:00+00:00,-45.145882
2023-08-06 01:13:00+00:00,-45.8881
2023-08-06 01:14:00+00:00,-45.846294
2023-08-06 01:15:00+00:00,-45.628044
2023-08-06 01:16:00+00:00,-45.894897
2023-08-06 01:17:00+00:00,-45.570808
2023-08-06 01:18:00+00:00,-45.589283
2023-08-06 01:19:00+00:00,-45.82132
2023-08-06 01:20:00+00:00,-45.977776
2023-08-06 01:21:00+00:00,-46.052685
2023-08-06 01:22:00+00:00,-45.946743
2023-08-06 01:23:00+00:00,-45.727455
2023-08-06 01:24:00+00:00,-46.346275
2023-08-06 01:25:00+00:00,-46.363663
2023-08-06 01:26:00+00:00,-46.052959
2023-08-06 01:27:00+00:00,-46.195328
2023-08-06 01:28:00+00:00,-46.642239
2023-08-06 01:29:00+00:00,-46.815475
2023-08-06 01:30:00+00:00,-46.895004
2023-08-06 01:31:00+00:00,-46.41597
2023-08-06 01:32:00+00:00,-46.213387
2023-08-06 01:33:00+00:00,-46.033295
2023-08-06 01:34:00+00:00,-45.953751
2023-08-06 01:35:00+00:00,-47.771126
2023-08-06 01:36:00+00:00,-48.891449
2023-08-06 01:37:00+00:00,-49.169655
2023-08-06 01:38:00+00:00,-49.330227
2023-08-06 01:39:00+00:00,-48.399296
2023-08-06 01:40:00+00:00,-47.203148
2023-08-06 01:41:00+00:00,-46.447853
2023-08-06 01:42:00+00:00,-46.051285
2023-08-06 01:43:00+00:00,-46.067192
2023-08-06 01:44:00+00:00,-46.220123
2023-08-06 01:45:00+00:00,-45.846603
2023-08-06 01:46:00+00:00,-46.050732
2023-08-06 01:47:00+00:00,-46.13192
2023-08-06 01:48:00+00:00,-45.756126
2023-08-06 01:49:00+00:00,-45.686951
2023-08-06 01:50:00+00:00,-45.727066
2023-08-06 01:51:00+00:00,-45.770947
2023-08-06 01:52:00+00:00,-45.500813
2023-08-06 01:53:00+00:00,-45.667244
2023-08-06 01:54:00+00:00,-45.198578
2023-08-06 01:55:00+00:00,-45.340836
2023-08-06 01:56:00+00:00,-45.451374
2023-08-06 01:57:00+00:00,-45.30162
2023-08-06 01:58:00+00:00,-45.037994
2023-08-06 01:59:00+00:00,-45.709255
2023-08-06 02:00:00+00:00,-44.851025
2023-08-06 02:01:00+00:00,-45.419716
2023-08-06 02:02:00+00:00,-45.111618
2023-08-06 02:03:00+00:00,-45.516533
2023-08-06 02:04:00+00:00,-45.68716
2023-08-06 02:05:00+00:00,-45.840267
2023-08-06 02:06:00+00:00,-46.031815
2023-08-06 02:07:00+00:00,-47.341461
2023-08-06 02:08:00+00:00,-48.173096
2023-08-06 02:09:00+00:00,-48.131943
2023-08-06 02:10:00+00:00,-49.071239
2023-08-06 02:11:00+00:00,-50.150852
2023-08-06 02:12:00+00:00,-50.842674
2023-08-06 02:13:00+00:00,-52.253349
2023-08-06 02:14:00+00:00,-53.303013
2023-08-06 02:15:00+00:00,-54.528538
2023-08-06 02:16:00+00:00,-57.093525
2023-08-06 02:17:00+00:00,-58.529564
2023-08-06 02:18:00+00:00,-58.739204
2023-08-06 02:19:00+00:00,-59.855461
2023-08-06 02:20:00+00:00,-60.71302
2023-08-06 02:21:00+00:00,-60.948311
2023-08-06 02:22:00+00:00,-62.10709
2023-08-06 02:23:00+00:00,-63.546188
2023-08-06 02:24:00+00:00,-63.867062
2023-08-06 02:25:00+00:00,-63.551846
2023-08-06 02:26:00+00:00,-64.30925
2023-08-06 02:27:00+00:00,-65.719063
2023-08-06 02:28:00+00:00,-65.638428
2023-08-06 02:29:00+00:00,-65.910324
2023-08-06 02:30:00+00:00,-66.231277
2023-08-06 02:31:00+00:00,-66.381744
2023-08-06 02:32:00+00:00,-67.173218
2023-08-06 02:33:00+00:00,-66.988159
2023-08-06 02:34:00+00:00,-66.550858
2023-08-06 02:35:00+00:00,-66.624634
2023-08-06 02:36:00+00:00,-66.48407
2023-08-06 02:37:00+00:00,-65.62001
2023-08-06 02:38:00+00:00,-65.069214
2023-08-06 02:39:00+00:00,-64.60289
2023-08-06 02:40:00+00:00,-64.586891
2023-08-06 02:41:00+00:00,-65.361717
2023-08-06 02:42:00+00:00,-65.249298
2023-08-06 02:43:00+00:00,-64.599876
2023-08-06 02:44:00+00:00,-64.098679
2023-08-06 02:45:00+00:00,-64.224457
2023-08-06 02:46:00+00:00,-64.971786
2023-08-06 02:47:00+00:00,-64.834579
2023-08-13 00:00:00+00:00,-106.633789
2023-08-13 00:01:00+00:00,-108.772858
2023-08-13 00:02:00+00:00,-110.289398
2023-08-13 00:03:00+00:00,-112.285812
2023-08-13 00:04:00+00:00,-113.709572
2023-08-13 00:05:00+00:00,-114.832382
2023-08-13 00:06:00+00:00,-118.073395
2023-08-13 00:07:00+00:00,-120.16169
2023-08-13 00:08:00+00:00,-121.278442
2023-08-13 00:09:00+00:00,-119.73278
2023-08-13 00:10:00+00:00,-118.951668
2023-08-13 00:11:00+00:00,-119.202896
2023-08-13 00:12:00+00:00,-124.918304
2023-08-13 00:13:00+00:00,-128.337372
2023-08-13 00:14:00+00:00,-137.836273
2023-08-13 00:15:00+00:00,-140.217896
2023-08-13 00:16:00+00:00,-148.568604
2023-08-13 00:17:00+00:00,-156.816193
2023-08-13 00:18:00+00:00,-159.429626
2023-08-13 00:19:00+00:00,-157.358307
2023-08-13 00:20:00+00:00,-158.664337
2023-08-13 00:21:00+00:00,-161.51799
2023-08-13 00:22:00+00:00,-161.69339
2023-08-13 00:23:00+00:00,-156.711487
2023-08-13 00:24:00+00:00,-158.657684
2023-08-13 00:25:00+00:00,-156.37587
2023-08-13 00:26:00+00:00,-156.809006
2023-08-13 00:27:00+00:00,-160.506775
2023-08-13 00:28:00+00:00,-167.151337
2023-08-13 00:29:00+00:00,-172.313538
2023-08-13 00:30:00+00:00,-202.812149
2023-08-13 00:31:00+00:00,-198.636581
2023-08-13 00:32:00+00:00,-215.034897
2023-08-13 00:33:00+00:00,-216.492477
2023-08-13 00:34:00+00:00,-224.156769
2023-08-13 00:35:00+00:00,-233.619598
2023-08-13 00:36:00+00:00,-232.009888
2023-08-13 00:37:00+00:00,-244.692307
2023-08-13 00:38:00+00:00,-249.404495
2023-08-13 00:39:00+00:00,-251.537338
2023-08-13 00:40:00+00:00,-249.244186
2023-08-13 00:41:00+00:00,-246.117813
2023-08-13 00:42:00+00:00,-245.550827
2023-08-13 00:43:00+00:00,-244.433853
2023-08-13 00:44:00+00:00,-242.038391
2023-08-13 00:45:00+00:00,-238.824951
2023-08-13 00:46:00+00:00,-243.125641
2023-08-13 00:47:00+00:00,-242.980896
2023-08-13 00:48:00+00:00,-246.487411
2023-08-13 00:49:00+00:00,-245.439148
2023-08-13 00:50:00+00:00,-243.856613
2023-08-13 00:51:00+00:00,-245.663666
2023-08-13 00:52:00+00:00,-241.98587
2023-08-13 00:53:00+00:00,-237.560562
2023-08-13 00:54:00+00:00,-227.853973
2023-08-13 00:55:00+00:00,-228.296799
2023-08-13 00:56:00+00:00,-223.92128
2023-08-13 00:57:00+00:00,-223.402206
2023-08-13 00:58:00+00:00,-221.418335
2023-08-13 00:59:00+00:00,-215.702087
2023-08-13 01:00:00+00:00,-210.899719
2023-08-13 01:01:00+00:00,-213.022766
2023-08-13 01:02:00+00:00,-214.524796
2023-08-13 01:03:00+00:00,-218.027634
2023-08-13 01:04:00+00:00,-216.080872
2023-08-13 01:05:00+00:00,-209.629593
2023-08-13 01:06:00+00:00,-209.874725
2023-08-13 01:07:00+00:00,-208.51239
2023-08-13 01:08:00+00:00,-207.269928
2023-08-13 01:09:00+00:00,-203.369644
2023-08-13 01:10:00+00:00,-200.352356
2023-08-13 01:11:00+00:00,-196.774429
2023-08-13 01:12:00+00:00,-187.305588
2023-08-13 01:13:00+00:00,-184.198502
2023-08-13 01:14:00+00:00,-183.940277
2023-08-13 01:15:00+00:00,-177.871796
2023-08-13 01:16:00+00:00,-173.398407
2023-08-13 01:17:00+00:00,-171.577347
2023-08-13 01:18:00+00:00,-182.428406
2023-08-13 01:19:00+00:00,-182.293701
2023-08-13 01:20:00+00:00,-186.254364
2023-08-13 01:21:00+00:00,-201.968231
2023-08-13 01:22:00+00:00,-225.266769
2023-08-13 01:23:00+00:00,-233.276611
2023-08-13 01:24:00+00:00,-233.170609
2023-08-13 01:25:00+00:00,-222.660706
2023-08-13 01:26:00+00:00,-212.964722
2023-08-13 01:27:00+00:00,-208.133469
2023-08-13 01:28:00+00:00,-201.717789
2023-08-13 01:29:00+00:00,-187.436462
2023-08-13 01:30:00+00:00,-178.642136
2023-08-13 01:31:00+00:00,-170.003296
2023-08-13 01:32:00+00:00,-154.937637
2023-08-13 01:33:00+00:00,-140.312378
2023-08-13 01:34:00+00:00,-140.202744
2023-08-13 01:35:00+00:00,-139.026733
2023-08-13 01:36:00+00:00,-132.631073
2023-08-13 01:37:00+00:00,-138.647675
2023-08-13 01:38:00+00:00,-147.757126
2023-08-13 01:39:00+00:00,-141.674362
2023-08-13 01:40:00+00:00,-126.971672
2023-08-13 01:41:00+00:00,-118.386818
2023-08-13 01:42:00+00:00,-117.882751
2023-08-13 01:43:00+00:00,-115.47979
2023-08-13 01:44:00+00:00,-116.976761
2023-08-13 01:45:00+00:00,-122.078094
2023-08-13 01:46:00+00:00,-123.084892
2023-08-13 01:47:00+00:00,-120.359779
2023-08-13 01:48:00+00:00,-114.441811
2023-08-13 01:49:00+00:00,-106.378845
2023-08-13 01:50:00+00:00,-98.246056
2023-08-13 01:51:00+00:00,-90.062988
2023-08-13 01:52:00+00:00,-81.740227
2023-08-13 01:53:00+00:00,-76.057182
2023-08-13 01:54:00+00:00,-74.518181
2023-08-13 01:55:00+00:00,-73.903488
2023-08-13 01:56:00+00:00,-74.967995
2023-08-13 01:57:00+00:00,-76.203873
2023-08-13 01:58:00+00:00,-79.083786
2023-08-13 01:59:00+00:00,-80.545219
2023-08-13 02:00:00+00:00,-79.307487
2023-08-13 02:01:00+00:00,-74.520935
2023-08-13 02:02:00+00:00,-67.113876
2023-08-13 02:03:00+00:00,-58.505264
2023-08-13 02:04:00+00:00,-53.7859
2023-08-13 02:05:00+00:00,-55.240932
2023-08-13 02:06:00+00:00,-62.625225
2023-08-13 02:07:00+00:00,-69.381828
2023-08-13 02:08:00+00:00,-72.187134
2023-08-13 02:09:00+00:00,-70.446083
2023-08-13 02:10:00+00:00,-63.32663
2023-08-13 02:11:00+00:00,-53.479164
2023-08-13 02:12:00+00:00,-49.333687
2023-08-13 02:13:00+00:00,-48.961082
2023-08-13 02:14:00+00:00,-47.532654
2023-08-13 02:15:00+00:00,-45.752674
2023-08-13 02:16:00+00:00,-42.309017
2023-08-13 02:17:00+00:00,-41.148125
2023-08-13 02:18:00+00:00,-44.154415
2023-08-13 02:19:00+00:00,-47.144508
2023-08-13 02:20:00+00:00,-46.166245
2023-08-13 02:21:00+00:00,-46.022198
2023-08-13 02:22:00+00:00,-47.85041
2023-08-13 02:23:00+00:00,-46.247002
2023-08-13 02:24:00+00:00,-46.518997
2023-08-13 02:25:00+00:00,-44.365128
2023-08-13 02:26:00+00:00,-54.290863
2023-08-13 02:27:00+00:00,-69.816292
2023-08-13 02:28:00+00:00,-59.235519
2023-08-13 02:29:00+00:00,-48.858913
2023-08-13 02:30:00+00:00,-36.661682
2023-08-13 02:31:00+00:00,-26.495682
2023-08-13 02:32:00+00:00,-21.404528
2023-08-13 02:33:00+00:00,-21.920181
2023-08-13 02:34:00+00:00,-20.749247
2023-08-13 02:35:00+00:00,-20.350681
2023-08-13 02:36:00+00:00,-21.134642
2023-08-13 02:37:00+00:00,-29.590714
2023-08-13 02:38:00+00:00,-31.266544
2023-08-13 02:39:00+00:00,-35.308617
2023-08-13 02:40:00+00:00,-36.470444
2023-08-13 02:41:00+00:00,-33.277699
2023-08-13 02:42:00+00:00,-29.779339
2023-08-13 02:43:00+00:00,-31.486769
2023-08-13 02:44:00+00:00,-31.862967
2023-08-13 02:45:00+00:00,-31.095919
2023-08-13 02:46:00+00:00,-30.996626
2023-08-13 02:47:00+00:00,-34.071312
2023-08-20 00:00:00+00:00,-26.874588
2023-08-20 00:01:00+00:00,-28.816113
2023-08-20 00:02:00+00:00,-26.900345
2023-08-20 00:03:00+00:00,-33.365242
2023-08-20 00:04:00+00:00,-33.10334
2023-08-20 00:05:00+00:00,-27.123867
2023-08-20 00:06:00+00:00,-34.45496
2023-08-20 00:07:00+00:00,-41.455208
2023-08-20 00:08:00+00:00,-44.900742
2023-08-20 00:09:00+00:00,-46.398907
2023-08-20 00:10:00+00:00,-47.329525
2023-08-20 00:11:00+00:00,-41.796062
2023-08-20 00:12:00+00:00,-35.544556
2023-08-20 00:13:00+00:00,-37.397213
2023-08-20 00:14:00+00:00,-35.948711
2023-08-20 00:15:00+00:00,-33.386406
2023-08-20 00:16:00+00:00,-31.514111
2023-08-20 00:17:00+00:00,-34.715485
2023-08-20 00:18:00+00:00,-39.621334
2023-08-20 00:19:00+00:00,-38.971836
2023-08-20 00:20:00+00:00,-37.224945
2023-08-20 00:21:00+00:00,-33.470146
2023-08-20 00:22:00+00:00,-33.190639
2023-08-20 00:23:00+00:00,-32.381607
2023-08-20 00:24:00+00:00,-30.857025
2023-08-20 00:25:00+00:00,-28.437742
2023-08-20 00:26:00+00:00,-29.236027
2023-08-20 00:27:00+00:00,-30.344782
2023-08-20 00:28:00+00:00,-30.280266
2023-08-20 00:29:00+00:00,-30.306812
2023-08-20 00:30:00+00:00,-30.832043
2023-08-20 00:31:00+00:00,-32.758011
2023-08-20 00:32:00+00:00,-38.587833
2023-08-20 00:33:00+00:00,-44.191231
2023-08-20 00:34:00+00:00,-44.954933
2023-08-20 00:35:00+00:00,-44.257851
2023-08-20 00:36:00+00:00,-46.27578
2023-08-20 00:37:00+00:00,-53.49049
2023-08-20 00:38:00+00:00,-56.618126
2023-08-20 00:39:00+00:00,-58.910992
2023-08-20 00:40:00+00:00,-58.123978
2023-08-20 00:41:00+00:00,-56.360611
2023-08-20 00:42:00+00:00,-57.159966
2023-08-20 00:43:00+00:00,-57.19001
2023-08-20 00:44:00+00:00,-55.631424
2023-08-20 00:45:00+00:00,-52.831036
2023-08-20 00:46:00+00:00,-50.277809
2023-08-20 00:47:00+00:00,-47.783436
2023-08-20 00:48:00+00:00,-49.456326
2023-08-20 00:49:00+00:00,-50.776958
2023-08-20 00:50:00+00:00,-54.359596
2023-08-20 00:51:00+00:00,-65.23159
2023-08-20 00:52:00+00:00,-74.091194
2023-08-20 00:53:00+00:00,-79.519455
2023-08-20 00:54:00+00:00,-88.509567
2023-08-20 00:55:00+00:00,-92.151367
2023-08-20 00:56:00+00:00,-104.493713
2023-08-20 00:57:00+00:00,-109.635239
2023-08-20 00:58:00+00:00,-113.398003
2023-08-20 00:59:00+00:00,-117.353737
2023-08-20 01:00:00+00:00,-117.926445
2023-08-20 01:01:00+00:00,-122.65509
2023-08-20 01:02:00+00:00,-121.535011
2023-08-20 01:03:00+00:00,-133.751221
2023-08-20 01:04:00+00:00,-142.169678
2023-08-20 01:05:00+00:00,-140.548248
2023-08-20 01:06:00+00:00,-133.354721
2023-08-20 01:07:00+00:00,-123.895844
2023-08-20 01:08:00+00:00,-117.957672
2023-08-20 01:09:00+00:00,-119.577881
2023-08-20 01:10:00+00:00,-130.195114
2023-08-20 01:11:00+00:00,-128.633224
2023-08-20 01:12:00+00:00,-125.638481
2023-08-20 01:13:00+00:00,-125.833763
2023-08-20 01:14:00+00:00,-128.127441
2023-08-20 01:15:00+00:00,-137.870193
2023-08-20 01:16:00+00:00,-146.605133
2023-08-20 01:17:00+00:00,-149.845734
2023-08-20 01:18:00+00:00,-154.794189
2023-08-20 01:19:00+00:00,-168.823563
2023-08-20 01:20:00+00:00,-172.120453
2023-08-20 01:21:00+00:00,-174.742508
2023-08-20 01:22:00+00:00,-186.981491
2023-08-20 01:23:00+00:00,-194.522568
2023-08-20 01:24:00+00:00,-200.844025
2023-08-20 01:25:00+00:00,-204.94104
2023-08-20 01:26:00+00:00,-210.524567
2023-08-20 01:27:00+00:00,-223.345062
2023-08-20 01:28:00+00:00,-231.905914
2023-08-20 01:29:00+00:00,-230.074677
2023-08-20 01:30:00+00:00,-229.162781
2023-08-20 01:31:00+00:00,-238.654388
2023-08-20 01:32:00+00:00,-258.307373
2023-08-20 01:33:00+00:00,-272.198273
2023-08-20 01:34:00+00:00,-288.837189
2023-08-20 01:35:00+00:00,-307.642456
2023-08-20 01:36:00+00:00,-320.22403
2023-08-20 01:37:00+00:00,-350.596161
2023-08-20 01:38:00+00:00,-388.249756
2023-08-20 01:39:00+00:00,-388.809448
2023-08-20 01:40:00+00:00,-372.232239
2023-08-20 01:41:00+00:00,-350.147064
2023-08-20 01:42:00+00:00,-324.809723
2023-08-20 01:43:00+00:00,-304.533325
2023-08-20 01:44:00+00:00,-313.214691
2023-08-20 01:45:00+00:00,-321.424652
2023-08-20 01:46:00+00:00,-328.512329
2023-08-20 01:47:00+00:00,-349.624847
2023-08-20 01:48:00+00:00,-339.767426
2023-08-20 01:49:00+00:00,-341.694458
2023-08-20 01:50:00+00:00,-338.901428
2023-08-20 01:51:00+00:00,-332.300018
2023-08-20 01:52:00+00:00,-324.653229
2023-08-20 01:53:00+00:00,-315.713013
2023-08-20 01:54:00+00:00,-311.576569
2023-08-20 01:55:00+00:00,-315.474579
2023-08-20 01:56:00+00:00,-324.400208
2023-08-20 01:57:00+00:00,-345.211212
2023-08-20 01:58:00+00:00,-370.397247
2023-08-20 01:59:00+00:00,-375.838409
2023-08-20 02:00:00+00:00,-379.499695
2023-08-20 02:01:00+00:00,-380.020752
2023-08-20 02:02:00+00:00,-394.59137
2023-08-20 02:03:00+00:00,-379.252502
2023-08-20 02:04:00+00:00,-349.175629
2023-08-20 02:05:00+00:00,-336.486847
2023-08-20 02:06:00+00:00,-330.123444
2023-08-20 02:07:00+00:00,-343.950592
2023-08-20 02:08:00+00:00,-352.686279
2023-08-20 02:09:00+00:00,-359.221008
2023-08-20 02:10:00+00:00,-366.968811
2023-08-20 02:11:00+00:00,-358.055695
2023-08-20 02:12:00+00:00,-351.050934
2023-08-20 02:13:00+00:00,-370.576996
2023-08-20 02:14:00+00:00,-394.407257
2023-08-20 02:15:00+00:00,-394.995667
2023-08-20 02:16:00+00:00,-388.487793
2023-08-20 02:17:00+00:00,-347.564697
2023-08-20 02:18:00+00:00,-343.613983
2023-08-20 02:19:00+00:00,-342.711517
2023-08-20 02:20:00+00:00,-344.019958
2023-08-20 02:21:00+00:00,-363.265778
2023-08-20 02:22:00+00:00,-373.230682
2023-08-20 02:23:00+00:00,-417.931335
2023-08-20 02:24:00+00:00,-442.407166
2023-08-20 02:25:00+00:00,-433.548553
2023-08-20 02:26:00+00:00,-425.040985
2023-08-20 02:27:00+00:00,-416.947144
2023-08-20 02:28:00+00:00,-420.572327
2023-08-20 02:29:00+00:00,-435.752228
2023-08-20 02:30:00+00:00,-465.668518
2023-08-20 02:31:00+00:00,-483.545105
2023-08-20 02:32:00+00:00,-473.951508
2023-08-20 02:33:00+00:00,-442.500977
2023-08-20 02:34:00+00:00,-402.465912
2023-08-20 02:35:00+00:00,-387.765198
2023-08-20 02:36:00+00:00,-384.069794
2023-08-20 02:37:00+00:00,-391.281494
2023-08-20 02:38:00+00:00,-422.71463
2023-08-20 02:39:00+00:00,-430.931885
2023-08-20 02:40:00+00:00,-448.383331
2023-08-20 02:41:00+00:00,-450.16922
2023-08-20 02:42:00+00:00,-460.923126
2023-08-20 02:43:00+00:00,-432.455353
2023-08-20 02:44:00+00:00,-378.900665
2023-08-20 02:45:00+00:00,-385.061768
2023-08-20 02:46:00+00:00,-392.325989
2023-08-20 02:47:00+00:00,-368.30188
2023-08-27 00:00:00+00:00,-177.650162
2023-08-27 00:01:00+00:00,-176.612473
2023-08-27 00:02:00+00:00,-163.820618
2023-08-27 00:03:00+00:00,-156.250198
2023-08-27 00:04:00+00:00,-160.866119
2023-08-27 00:05:00+00:00,-164.639099
2023-08-27 00:06:00+00:00,-164.558441
2023-08-27 00:07:00+00:00,-160.976349
2023-08-27 00:08:00+00:00,-153.133804
2023-08-27 00:09:00+00:00,-148.527573
2023-08-27 00:10:00+00:00,-153.531723
2023-08-27 00:11:00+00:00,-159.882599
2023-08-27 00:12:00+00:00,-170.327316
2023-08-27 00:13:00+00:00,-179.41864
2023-08-27 00:14:00+00:00,-178.020309
2023-08-27 00:15:00+00:00,-189.283951
2023-08-27 00:16:00+00:00,-194.404068
2023-08-27 00:17:00+00:00,-202.276505
2023-08-27 00:18:00+00:00,-199.015457
2023-08-27 00:19:00+00:00,-211.107529
2023-08-27 00:20:00+00:00,-216.590591
2023-08-27 00:21:00+00:00,-219.043015
2023-08-27 00:22:00+00:00,-226.971832
2023-08-27 00:23:00+00:00,-226.904922
2023-08-27 00:24:00+00:00,-226.298569
2023-08-27 00:25:00+00:00,-216.245529
2023-08-27 00:26:00+00:00,-218.447968
2023-08-27 00:27:00+00:00,-226.974258
2023-08-27 00:28:00+00:00,-236.695633
2023-08-27 00:29:00+00:00,-244.962982
2023-08-27 00:30:00+00:00,-251.974884
2023-08-27 00:31:00+00:00,-263.414398
2023-08-27 00:32:00+00:00,-277.353851
2023-08-27 00:33:00+00:00,-285.562775
2023-08-27 00:34:00+00:00,-294.853699
2023-08-27 00:35:00+00:00,-298.957031
2023-08-27 00:36:00+00:00,-287.919067
2023-08-27 00:37:00+00:00,-291.83786
2023-08-27 00:38:00+00:00,-294.516571
2023-08-27 00:39:00+00:00,-294.353271
2023-08-27 00:40:00+00:00,-289.476868
2023-08-27 00:41:00+00:00,-274.292633
2023-08-27 00:42:00+00:00,-278.376526
2023-08-27 00:43:00+00:00,-285.75058
2023-08-27 00:44:00+00:00,-289.525238
2023-08-27 00:45:00+00:00,-287.781097
2023-08-27 00:46:00+00:00,-292.834229
2023-08-27 00:47:00+00:00,-295.484131
2023-08-27 00:48:00+00:00,-307.653809
2023-08-27 00:49:00+00:00,-315.952942
2023-08-27 00:50:00+00:00,-317.811279
2023-08-27 00:51:00+00:00,-316.850464
2023-08-27 00:52:00+00:00,-312.490234
2023-08-27 00:53:00+00:00,-318.930054
2023-08-27 00:54:00+00:00,-310.69046
2023-08-27 00:55:00+00:00,-293.84668
2023-08-27 00:56:00+00:00,-300.463806
2023-08-27 00:57:00+00:00,-299.691925
2023-08-27 00:58:00+00:00,-291.445374
2023-08-27 00:59:00+00:00,-306.78653
2023-08-27 01:00:00+00:00,-313.542816
2023-08-27 01:01:00+00:00,-314.616241
2023-08-27 01:02:00+00:00,-323.376282
2023-08-27 01:03:00+00:00,-327.046692
2023-08-27 01:04:00+00:00,-322.08316
2023-08-27 01:05:00+00:00,-307.847992
2023-08-27 01:06:00+00:00,-296.47403
2023-08-27 01:07:00+00:00,-282.080475
2023-08-27 01:08:00+00:00,-275.434723
2023-08-27 01:09:00+00:00,-264.247742
2023-08-27 01:10:00+00:00,-262.835327
2023-08-27 01:11:00+00:00,-265.375793
2023-08-27 01:12:00+00:00,-271.232391
2023-08-27 01:13:00+00:00,-270.541077
2023-08-27 01:14:00+00:00,-271.07309
2023-08-27 01:15:00+00:00,-273.513428
2023-08-27 01:16:00+00:00,-258.382507
2023-08-27 01:17:00+00:00,-261.35791
2023-08-27 01:18:00+00:00,-271.348877
2023-08-27 01:19:00+00:00,-280.343689
2023-08-27 01:20:00+00:00,-281.339417
2023-08-27 01:21:00+00:00,-283.161285
2023-08-27 01:22:00+00:00,-285.617981
2023-08-27 01:23:00+00:00,-281.826965
2023-08-27 01:24:00+00:00,-273.010773
2023-08-27 01:25:00+00:00,-269.949585
2023-08-27 01:26:00+00:00,-276.600708
2023-08-27 01:27:00+00:00,-281.239227
2023-08-27 01:28:00+00:00,-268.089691
2023-08-27 01:29:00+00:00,-259.617676
2023-08-27 01:30:00+00:00,-279.064941
2023-08-27 01:31:00+00:00,-315.56842
2023-08-27 01:32:00+00:00,-349.616058
2023-08-27 01:33:00+00:00,-335.544434
2023-08-27 01:34:00+00:00,-325.487335
2023-08-27 01:35:00+00:00,-321.457458
2023-08-27 01:36:00+00:00,-305.36792
2023-08-27 01:37:00+00:00,-286.2966
2023-08-27 01:38:00+00:00,-272.602661
2023-08-27 01:39:00+00:00,-255.21962
2023-08-27 01:40:00+00:00,-255.203979
2023-08-27 01:41:00+00:00,-260.192169
2023-08-27 01:42:00+00:00,-264.183258
2023-08-27 01:43:00+00:00,-264.175293
2023-08-27 01:44:00+00:00,-257.169952
2023-08-27 01:45:00+00:00,-245.16095
2023-08-27 01:46:00+00:00,-238.525345
2023-08-27 01:47:00+00:00,-237.693329
2023-08-27 01:48:00+00:00,-240.15239
2023-08-27 01:49:00+00:00,-245.155472
2023-08-27 01:50:00+00:00,-247.149979
2023-08-27 01:51:00+00:00,-247.15564
2023-08-27 01:52:00+00:00,-240.183578
2023-08-27 01:53:00+00:00,-231.22937
2023-08-27 01:54:00+00:00,-217.28009
2023-08-27 01:55:00+00:00,-241.471237
2023-08-27 01:56:00+00:00,-248.915253
2023-08-27 01:57:00+00:00,-250.355637
2023-08-27 01:58:00+00:00,-259.151672
2023-08-27 01:59:00+00:00,-277.16449
2023-08-27 02:00:00+00:00,-272.108276
2023-08-27 02:01:00+00:00,-264.256378
2023-08-27 02:02:00+00:00,-262.520905
2023-08-27 02:03:00+00:00,-264.62912
2023-08-27 02:04:00+00:00,-276.527313
2023-08-27 02:05:00+00:00,-252.264359
2023-08-27 02:06:00+00:00,-236.955093
2023-08-27 02:07:00+00:00,-248.984589
2023-08-27 02:08:00+00:00,-256.977783
2023-08-27 02:09:00+00:00,-257.992493
2023-08-27 02:10:00+00:00,-278.99353
2023-08-27 02:11:00+00:00,-294.975067
2023-08-27 02:12:00+00:00,-300.976166
2023-08-27 02:13:00+00:00,-306.966614
2023-08-27 02:14:00+00:00,-308.958832
2023-08-27 02:15:00+00:00,-313.96698
2023-08-27 02:16:00+00:00,-312.970337
2023-08-27 02:17:00+00:00,-310.963074
2023-08-27 02:18:00+00:00,-313.91983
2023-08-27 02:19:00+00:00,-311.899139
2023-08-27 02:20:00+00:00,-313.89035
2023-08-27 02:21:00+00:00,-318.910034
2023-08-27 02:22:00+00:00,-366.927765
2023-08-27 02:23:00+00:00,-423.027924
2023-08-27 02:24:00+00:00,-462.147797
2023-08-27 02:25:00+00:00,-521.076477
2023-08-27 02:26:00+00:00,-536.08551
2023-08-27 02:27:00+00:00,-536.290466
2023-08-27 02:28:00+00:00,-517.516541
2023-08-27 02:29:00+00:00,-552.197815
2023-08-27 02:30:00+00:00,-689.281311
2023-08-27 02:31:00+00:00,-524.294556
2023-08-27 02:32:00+00:00,-550.267883
2023-08-27 02:33:00+00:00,-567.273621
2023-08-27 02:34:00+00:00,-687.767639
2023-08-27 02:35:00+00:00,-718.247864
2023-08-27 02:36:00+00:00,-652.816956
2023-08-27 02:37:00+00:00,-683.906433
2023-08-27 02:38:00+00:00,-472.073608
2023-08-27 02:39:00+00:00,-424.124115
2023-08-27 02:40:00+00:00,-383.086914
2023-08-27 02:41:00+00:00,-429.820312
2023-08-27 02:42:00+00:00,-405.887024
2023-08-27 02:43:00+00:00,-435.831757
2023-08-27 02:44:00+00:00,-434.876221
2023-08-27 02:45:00+00:00,-407.842834
2023-08-27 02:46:00+00:00,-398.727905
2023-08-27 02:47:00+00:00,-404.144226
2023-09-03 00:00:00+00:00,-561.343811
2023-09-03 00:01:00+00:00,-552.851318
2023-09-03 00:02:00+00:00,-513.596436
2023-09-03 00:03:00+00:00,-514.56958
2023-09-03 00:04:00+00:00,-518.244324
2023-09-03 00:05:00+00:00,-522.341431
2023-09-03 00:06:00+00:00,-529.216431
2023-09-03 00:07:00+00:00,-554.003723
2023-09-03 00:08:00+00:00,-553.241272
2023-09-03 00:09:00+00:00,-543.274414
2023-09-03 00:10:00+00:00,-576.885376
2023-09-03 00:11:00+00:00,-638.876953
2023-09-03 00:12:00+00:00,-706.160339
2023-09-03 00:13:00+00:00,-639.12616
2023-09-03 00:14:00+00:00,-642.376709
2023-09-03 00:15:00+00:00,-623.713196
2023-09-03 00:16:00+00:00,-621.30188
2023-09-03 00:17:00+00:00,-624.56189
2023-09-03 00:18:00+00:00,-661.407288
2023-09-03 00:19:00+00:00,-762.551086
2023-09-03 00:20:00+00:00,-692.228149
2023-09-03 00:21:00+00:00,-705.414307
2023-09-03 00:22:00+00:00,-636.397644
2023-09-03 00:23:00+00:00,-687.396057
2023-09-03 00:24:00+00:00,-668.509155
2023-09-03 00:25:00+00:00,-691.024475
2023-09-03 00:26:00+00:00,-709.18158
2023-09-03 00:27:00+00:00,-722.345093
2023-09-03 00:28:00+00:00,-657.899719
2023-09-03 00:29:00+00:00,-616.82196
2023-09-03 00:30:00+00:00,-582.356506
2023-09-03 00:31:00+00:00,-616.15564
2023-09-03 00:32:00+00:00,-650.282043
2023-09-03 00:33:00+00:00,-660.085388
2023-09-03 00:34:00+00:00,-646.582275
2023-09-03 00:35:00+00:00,-648.128296
2023-09-03 00:36:00+00:00,-643.347778
2023-09-03 00:37:00+00:00,-631.49939
2023-09-03 00:38:00+00:00,-618.021179
2023-09-03 00:39:00+00:00,-618.196838
2023-09-03 00:40:00+00:00,-631.4552
2023-09-03 00:41:00+00:00,-642.59613
2023-09-03 00:42:00+00:00,-580.528748
2023-09-03 00:43:00+00:00,-555.875183
2023-09-03 00:44:00+00:00,-515.58252
2023-09-03 00:45:00+00:00,-472.528351
2023-09-03 00:46:00+00:00,-467.202637
2023-09-03 00:47:00+00:00,-469.151276
2023-09-03 00:48:00+00:00,-418.67807
2023-09-03 00:49:00+00:00,-373.920776
2023-09-03 00:50:00+00:00,-433.321564
2023-09-03 00:51:00+00:00,-397.233429
2023-09-03 00:52:00+00:00,-381.362457
2023-09-03 00:53:00+00:00,-441.268951
2023-09-03 00:54:00+00:00,-469.249969
2023-09-03 00:55:00+00:00,-436.995941
2023-09-03 00:56:00+00:00,-454.834106
2023-09-03 00:57:00+00:00,-471.116058
2023-09-03 00:58:00+00:00,-424.174835
2023-09-03 00:59:00+00:00,-402.646576
2023-09-03 01:00:00+00:00,-422.304077
2023-09-03 01:01:00+00:00,-409.22171
2023-09-03 01:02:00+00:00,-371.910034
2023-09-03 01:03:00+00:00,-384.234283
2023-09-03 01:04:00+00:00,-380.387756
2023-09-03 01:05:00+00:00,-375.823639
2023-09-03 01:06:00+00:00,-367.622955
2023-09-03 01:07:00+00:00,-336.959106
2023-09-03 01:08:00+00:00,-338.560059
2023-09-03 01:09:00+00:00,-331.292999
2023-09-03 01:10:00+00:00,-322.483154
2023-09-03 01:11:00+00:00,-300.790619
2023-09-03 01:12:00+00:00,-295.004578
2023-09-03 01:13:00+00:00,-302.724915
2023-09-03 01:14:00+00:00,-327.751923
2023-09-03 01:15:00+00:00,-334.654877
2023-09-03 01:16:00+00:00,-324.724915
2023-09-03 01:17:00+00:00,-312.664001
2023-09-03 01:18:00+00:00,-306.606689
2023-09-03 01:19:00+00:00,-296.227295
2023-09-03 01:20:00+00:00,-291.041412
2023-09-03 01:21:00+00:00,-298.083191
2023-09-03 01:22:00+00:00,-298.441986
2023-09-03 01:23:00+00:00,-296.236969
2023-09-03 01:24:00+00:00,-296.897247
2023-09-03 01:25:00+00:00,-292.411804
2023-09-03 01:26:00+00:00,-283.881409
2023-09-03 01:27:00+00:00,-270.997162
2023-09-03 01:28:00+00:00,-272.969574
2023-09-03 01:29:00+00:00,-272.383514
2023-09-03 01:30:00+00:00,-292.171265
2023-09-03 01:31:00+00:00,-301.149719
2023-09-03 01:32:00+00:00,-313.469269
2023-09-03 01:33:00+00:00,-332.770111
2023-09-03 01:34:00+00:00,-319.150757
2023-09-03 01:35:00+00:00,-318.440796
2023-09-03 01:36:00+00:00,-321.187164
2023-09-03 01:37:00+00:00,-321.866943
2023-09-03 01:38:00+00:00,-334.03775
2023-09-03 01:39:00+00:00,-339.155853
2023-09-03 01:40:00+00:00,-332.007202
2023-09-03 01:41:00+00:00,-335.950165
2023-09-03 01:42:00+00:00,-345.571655
2023-09-03 01:43:00+00:00,-288.637238
2023-09-03 01:44:00+00:00,-292.232849
2023-09-03 01:45:00+00:00,-355.01651
2023-09-03 01:46:00+00:00,-393.710876
2023-09-03 01:47:00+00:00,-476.234314
2023-09-03 01:48:00+00:00,-448.633575
2023-09-03 01:49:00+00:00,-430.090668
2023-09-03 01:50:00+00:00,-348.580963
2023-09-03 01:51:00+00:00,-331.418732
2023-09-03 01:52:00+00:00,-312.680573
2023-09-03 01:53:00+00:00,-318.099976
2023-09-03 01:54:00+00:00,-327.79599
2023-09-03 01:55:00+00:00,-318.781403
2023-09-03 01:56:00+00:00,-278.137512
2023-09-03 01:57:00+00:00,-298.277405
2023-09-03 01:58:00+00:00,-271.576843
2023-09-03 01:59:00+00:00,-297.765808
2023-09-03 02:00:00+00:00,-317.879517
2023-09-03 02:01:00+00:00,-332.410767
2023-09-03 02:02:00+00:00,-290.622284
2023-09-03 02:03:00+00:00,-287.835358
2023-09-03 02:04:00+00:00,-259.334076
2023-09-03 02:05:00+00:00,-220.434845
2023-09-03 02:06:00+00:00,-217.33989
2023-09-03 02:07:00+00:00,-238.229019
2023-09-03 02:08:00+00:00,-218.306503
2023-09-03 02:09:00+00:00,-220.989349
2023-09-03 02:10:00+00:00,-238.01181
2023-09-03 02:11:00+00:00,-241.881668
2023-09-03 02:12:00+00:00,-274.910461
2023-09-03 02:13:00+00:00,-265.987946
2023-09-03 02:14:00+00:00,-364.066864
2023-09-03 02:15:00+00:00,-214.616547
2023-09-03 02:16:00+00:00,-247.495758
2023-09-03 02:17:00+00:00,-274.714722
2023-09-03 02:18:00+00:00,-249.279266
2023-09-03 02:19:00+00:00,-251.321167
2023-09-03 02:20:00+00:00,-237.161255
2023-09-03 02:21:00+00:00,-237.626816
2023-09-03 02:22:00+00:00,-253.12915
2023-09-03 02:23:00+00:00,-216.308151
2023-09-03 02:24:00+00:00,-214.595291
2023-09-03 02:25:00+00:00,-190.616913
2023-09-03 02:26:00+00:00,-182.50119
2023-09-03 02:27:00+00:00,-172.754807
2023-09-03 02:28:00+00:00,-183.845734
2023-09-03 02:29:00+00:00,-197.382431
2023-09-03 02:30:00+00:00,-134.228424
2023-09-03 02:31:00+00:00,-134.772827
2023-09-03 02:32:00+00:00,-164.55162
2023-09-03 02:33:00+00:00,-172.820129
2023-09-03 02:34:00+00:00,-147.587173
2023-09-03 02:35:00+00:00,-170.648804
2023-09-03 02:36:00+00:00,-166.69313
2023-09-03 02:37:00+00:00,-173.87886
2023-09-03 02:38:00+00:00,-169.653671
2023-09-03 02:39:00+00:00,-196.986984
2023-09-03 02:40:00+00:00,-193.199203
2023-09-03 02:41:00+00:00,-188.782593
2023-09-03 02:42:00+00:00,-173.429611
2023-09-03 02:43:00+00:00,-191.750671
2023-09-03 02:44:00+00:00,-226.390198
2023-09-03 02:45:00+00:00,-237.723724
2023-09-03 02:46:00+00:00,-239.562592
2023-09-03 02:47:00+00:00,-245.483047
2023-09-10 00:00:00+00:00,-46.523705
2023-09-10 00:01:00+00:00,-46.253277
2023-09-10 00:02:00+00:00,-46.072285
2023-09-10 00:03:00+00:00,-46.279533
2023-09-10 00:04:00+00:00,-46.036144
2023-09-10 00:05:00+00:00,-46.201466
2023-09-10 00:06:00+00:00,-45.526943
2023-09-10 00:07:00+00:00,-44.412556
2023-09-10 00:08:00+00:00,-43.68573
2023-09-10 00:09:00+00:00,-43.448589
2023-09-10 00:10:00+00:00,-43.839787
2023-09-10 00:11:00+00:00,-44.32317
2023-09-10 00:12:00+00:00,-45.036415
2023-09-10 00:13:00+00:00,-45.693859
2023-09-10 00:14:00+00:00,-46.430801
2023-09-10 00:15:00+00:00,-45.743176
2023-09-10 00:16:00+00:00,-44.480152
2023-09-10 00:17:00+00:00,-42.570911
2023-09-10 00:18:00+00:00,-40.90118
2023-09-10 00:19:00+00:00,-40.132069
2023-09-10 00:20:00+00:00,-39.422733
2023-09-10 00:21:00+00:00,-39.734589
2023-09-10 00:22:00+00:00,-40.282455
2023-09-10 00:23:00+00:00,-39.882702
2023-09-10 00:24:00+00:00,-39.898117
2023-09-10 00:25:00+00:00,-40.57526
2023-09-10 00:26:00+00:00,-40.112843
2023-09-10 00:27:00+00:00,-39.954697
2023-09-10 00:28:00+00:00,-39.725796
2023-09-10 00:29:00+00:00,-38.776146
2023-09-10 00:30:00+00:00,-38.992096
2023-09-10 00:31:00+00:00,-39.559204
2023-09-10 00:32:00+00:00,-40.010273
2023-09-10 00:33:00+00:00,-39.150967
2023-09-10 00:34:00+00:00,-38.209316
2023-09-10 00:35:00+00:00,-36.986099
2023-09-10 00:36:00+00:00,-36.143436
2023-09-10 00:37:00+00:00,-34.708515
2023-09-10 00:38:00+00:00,-33.55175
2023-09-10 00:39:00+00:00,-32.900543
2023-09-10 00:40:00+00:00,-32.403824
2023-09-10 00:41:00+00:00,-32.322327
2023-09-10 00:42:00+00:00,-31.959776
2023-09-10 00:43:00+00:00,-32.146732
2023-09-10 00:44:00+00:00,-32.040215
2023-09-10 00:45:00+00:00,-31.946304
2023-09-10 00:46:00+00:00,-31.794491
2023-09-10 00:47:00+00:00,-32.419247
2023-09-10 00:48:00+00:00,-32.329853
2023-09-10 00:49:00+00:00,-32.456974
2023-09-10 00:50:00+00:00,-32.594067
2023-09-10 00:51:00+00:00,-32.621021
2023-09-10 00:52:00+00:00,-32.789997
2023-09-10 00:53:00+00:00,-32.505356
2023-09-10 00:54:00+00:00,-31.795155
2023-09-10 00:55:00+00:00,-31.692106
2023-09-10 00:56:00+00:00,-31.937912
2023-09-10 00:57:00+00:00,-32.159039
2023-09-10 00:58:00+00:00,-33.360859
2023-09-10 00:59:00+00:00,-35.536205
2023-09-10 01:00:00+00:00,-37.055859
2023-09-10 01:01:00+00:00,-39.036224
2023-09-10 01:02:00+00:00,-40.390408
2023-09-10 01:03:00+00:00,-41.45092
2023-09-10 01:04:00+00:00,-42.410137
2023-09-10 01:05:00+00:00,-42.78709
2023-09-10 01:06:00+00:00,-42.256092
2023-09-10 01:07:00+00:00,-42.012547
2023-09-10 01:08:00+00:00,-41.783775
2023-09-10 01:09:00+00:00,-41.854549
2023-09-10 01:10:00+00:00,-41.52515
2023-09-10 01:11:00+00:00,-41.922035
2023-09-10 01:12:00+00:00,-43.600861
2023-09-10 01:13:00+00:00,-45.041603
2023-09-10 01:14:00+00:00,-45.335594
2023-09-10 01:15:00+00:00,-45.424641
2023-09-10 01:16:00+00:00,-45.17841
2023-09-10 01:17:00+00:00,-44.5256
2023-09-10 01:18:00+00:00,-44.464256
2023-09-10 01:19:00+00:00,-45.127666
2023-09-10 01:20:00+00:00,-45.944046
2023-09-10 01:21:00+00:00,-47.045227
2023-09-10 01:22:00+00:00,-48.626957
2023-09-10 01:23:00+00:00,-50.329926
2023-09-10 01:24:00+00:00,-50.554001
2023-09-10 01:25:00+00:00,-50.381687
2023-09-10 01:26:00+00:00,-50.840813
2023-09-10 01:27:00+00:00,-51.415253
2023-09-10 01:28:00+00:00,-52.72073
2023-09-10 01:29:00+00:00,-54.390404
2023-09-10 01:30:00+00:00,-56.611031
2023-09-10 01:31:00+00:00,-58.037411
2023-09-10 01:32:00+00:00,-57.849339
2023-09-10 01:33:00+00:00,-57.259693
2023-09-10 01:34:00+00:00,-56.90126
2023-09-10 01:35:00+00:00,-57.410255
2023-09-10 01:36:00+00:00,-57.410194
2023-09-10 01:37:00+00:00,-56.868156
2023-09-10 01:38:00+00:00,-56.83625
2023-09-10 01:39:00+00:00,-57.14045
2023-09-10 01:40:00+00:00,-57.537571
2023-09-10 01:41:00+00:00,-57.929939
2023-09-10 01:42:00+00:00,-58.750153
2023-09-10 01:43:00+00:00,-58.910305
2023-09-10 01:44:00+00:00,-58.520954
2023-09-10 01:45:00+00:00,-58.173416
2023-09-10 01:46:00+00:00,-57.327869
2023-09-10 01:47:00+00:00,-55.991619
2023-09-10 01:48:00+00:00,-53.606056
2023-09-10 01:49:00+00:00,-50.93581
2023-09-10 01:50:00+00:00,-48.329494
2023-09-10 01:51:00+00:00,-46.296856
2023-09-10 01:52:00+00:00,-43.993259
2023-09-10 01:53:00+00:00,-42.789055
2023-09-10 01:54:00+00:00,-42.411407
2023-09-10 01:55:00+00:00,-42.303165
2023-09-10 01:56:00+00:00,-42.66011
2023-09-10 01:57:00+00:00,-42.745411
2023-09-10 01:58:00+00:00,-43.152306
2023-09-10 01:59:00+00:00,-43.515518
2023-09-10 02:00:00+00:00,-44.121197
2023-09-10 02:01:00+00:00,-44.321159
2023-09-10 02:02:00+00:00,-44.374905
2023-09-10 02:03:00+00:00,-44.580734
2023-09-10 02:04:00+00:00,-44.683731
2023-09-10 02:05:00+00:00,-44.254177
2023-09-10 02:06:00+00:00,-43.818398
2023-09-10 02:07:00+00:00,-42.919216
2023-09-10 02:08:00+00:00,-41.721359
2023-09-10 02:09:00+00:00,-40.467857
2023-09-10 02:10:00+00:00,-39.416973
2023-09-10 02:11:00+00:00,-38.29377
2023-09-10 02:12:00+00:00,-37.069408
2023-09-10 02:13:00+00:00,-37.488476
2023-09-10 02:14:00+00:00,-38.411064
2023-09-10 02:15:00+00:00,-38.966476
2023-09-10 02:16:00+00:00,-39.230644
2023-09-10 02:17:00+00:00,-39.142494
2023-09-10 02:18:00+00:00,-38.731289
2023-09-10 02:19:00+00:00,-38.388596
2023-09-10 02:20:00+00:00,-38.248169
2023-09-10 02:21:00+00:00,-38.912998
2023-09-10 02:22:00+00:00,-39.09259
2023-09-10 02:23:00+00:00,-39.625614
2023-09-10 02:24:00+00:00,-40.667885
2023-09-10 02:25:00+00:00,-41.343399
2023-09-10 02:26:00+00:00,-41.818623
2023-09-10 02:27:00+00:00,-41.860611
2023-09-10 02:28:00+00:00,-42.257408
2023-09-10 02:29:00+00:00,-42.488811
2023-09-10 02:30:00+00:00,-43.492558
2023-09-10 02:31:00+00:00,-44.15744
2023-09-10 02:32:00+00:00,-44.176071
2023-09-10 02:33:00+00:00,-43.455658
2023-09-10 02:34:00+00:00,-42.738373
2023-09-10 02:35:00+00:00,-42.640411
2023-09-10 02:36:00+00:00,-42.859505
2023-09-10 02:37:00+00:00,-42.017357
2023-09-10 02:38:00+00:00,-41.777233
2023-09-10 02:39:00+00:00,-41.556267
2023-09-10 02:40:00+00:00,-40.558056
2023-09-10 02:41:00+00:00,-39.720085
2023-09-10 02:42:00+00:00,-38.709324
2023-09-10 02:43:00+00:00,-37.906132
2023-09-10 02:44:00+00:00,-37.49403
2023-09-10 02:45:00+00:00,-36.764587
2023-09-10 02:46:00+00:00,-35.601551
2023-09-10 02:47:00+00:00,-34.901875
2023-09-17 00:00:00+00:00,-53.571411
2023-09-17 00:01:00+00:00,-51.84185
2023-09-17 00:02:00+00:00,-50.647854
2023-09-17 00:03:00+00:00,-50.279068
2023-09-17 00:04:00+00:00,-49.806709
2023-09-17 00:05:00+00:00,-51.751862
2023-09-17 00:06:00+00:00,-52.046551
2023-09-17 00:07:00+00:00,-52.586685
2023-09-17 00:08:00+00:00,-54.83762
2023-09-17 00:09:00+00:00,-55.80307
2023-09-17 00:10:00+00:00,-54.836586
2023-09-17 00:11:00+00:00,-53.344955
2023-09-17 00:12:00+00:00,-58.243263
2023-09-17 00:13:00+00:00,-96.178513
2023-09-17 00:14:00+00:00,-108.015442
2023-09-17 00:15:00+00:00,-109.849388
2023-09-17 00:16:00+00:00,-112.681381
2023-09-17 00:17:00+00:00,-111.517265
2023-09-17 00:18:00+00:00,-102.355072
2023-09-17 00:19:00+00:00,-121.169395
2023-09-17 00:20:00+00:00,-134.011993
2023-09-17 00:21:00+00:00,-167.866241
2023-09-17 00:22:00+00:00,-192.697037
2023-09-17 00:23:00+00:00,-213.516937
2023-09-17 00:24:00+00:00,-205.359222
2023-09-17 00:25:00+00:00,-212.202347
2023-09-17 00:26:00+00:00,-213.031693
2023-09-17 00:27:00+00:00,-206.858963
2023-09-17 00:28:00+00:00,-192.685104
2023-09-17 00:29:00+00:00,-180.510132
2023-09-17 00:30:00+00:00,-185.347656
2023-09-17 00:31:00+00:00,-191.178818
2023-09-17 00:32:00+00:00,-200.012131
2023-09-17 00:33:00+00:00,-202.853561
2023-09-17 00:34:00+00:00,-211.690475
2023-09-17 00:35:00+00:00,-215.521973
2023-09-17 00:36:00+00:00,-213.353012
2023-09-17 00:37:00+00:00,-212.178711
2023-09-17 00:38:00+00:00,-212.018829
2023-09-17 00:39:00+00:00,-210.843124
2023-09-17 00:40:00+00:00,-213.670212
2023-09-17 00:41:00+00:00,-220.505035
2023-09-17 00:42:00+00:00,-226.33989
2023-09-17 00:43:00+00:00,-217.176788
2023-09-17 00:44:00+00:00,-200.008865
2023-09-17 00:45:00+00:00,-197.818848
2023-09-17 00:46:00+00:00,-202.664307
2023-09-17 00:47:00+00:00,-208.484787
2023-09-17 00:48:00+00:00,-203.302826
2023-09-17 00:49:00+00:00,-182.136078
2023-09-17 00:50:00+00:00,-179.974854
2023-09-17 00:51:00+00:00,-181.804565
2023-09-17 00:52:00+00:00,-179.628281
2023-09-17 00:53:00+00:00,-172.463608
2023-09-17 00:54:00+00:00,-151.298904
2023-09-17 00:55:00+00:00,-147.133286
2023-09-17 00:56:00+00:00,-150.970734
2023-09-17 00:57:00+00:00,-150.810333
2023-09-17 00:58:00+00:00,-147.649246
2023-09-17 00:59:00+00:00,-146.487808
2023-09-17 01:00:00+00:00,-134.331482
2023-09-17 01:01:00+00:00,-123.174988
2023-09-17 01:02:00+00:00,-115.019737
2023-09-17 01:03:00+00:00,-109.865784
2023-09-17 01:04:00+00:00,-108.71122
2023-09-17 01:05:00+00:00,-107.556091
2023-09-17 01:06:00+00:00,-102.402405
2023-09-17 01:07:00+00:00,-105.245712
2023-09-17 01:08:00+00:00,-112.094109
2023-09-17 01:09:00+00:00,-110.944092
2023-09-17 01:10:00+00:00,-107.79084
2023-09-17 01:11:00+00:00,-102.639282
2023-09-17 01:12:00+00:00,-94.489471
2023-09-17 01:13:00+00:00,-95.340469
2023-09-17 01:14:00+00:00,-100.187027
2023-09-17 01:15:00+00:00,-97.039841
2023-09-17 01:16:00+00:00,-81.893631
2023-09-17 01:17:00+00:00,-82.748444
2023-09-17 01:18:00+00:00,-79.604317
2023-09-17 01:19:00+00:00,-76.461319
2023-09-17 01:20:00+00:00,-74.321442
2023-09-17 01:21:00+00:00,-80.180832
2023-09-17 01:22:00+00:00,-94.527992
2023-09-17 01:23:00+00:00,-111.672089
2023-09-17 01:24:00+00:00,-104.440193
2023-09-17 01:25:00+00:00,-121.467438
2023-09-17 01:26:00+00:00,-141.005432
2023-09-17 01:27:00+00:00,-140.475067
2023-09-17 01:28:00+00:00,-133.911545
2023-09-17 01:29:00+00:00,-119.569687
2023-09-17 01:30:00+00:00,-100.763153
2023-09-17 01:31:00+00:00,-87.800491
2023-09-17 01:32:00+00:00,-111.406937
2023-09-17 01:33:00+00:00,-113.409821
2023-09-17 01:34:00+00:00,-144.513519
2023-09-17 01:35:00+00:00,-165.150543
2023-09-17 01:36:00+00:00,-160.242508
2023-09-17 01:37:00+00:00,-155.285599
2023-09-17 01:38:00+00:00,-145.70134
2023-09-17 01:39:00+00:00,-132.997635
2023-09-17 01:40:00+00:00,-124.873672
2023-09-17 01:41:00+00:00,-119.438766
2023-09-17 01:42:00+00:00,-93.530754
2023-09-17 01:43:00+00:00,-76.453484
2023-09-17 01:44:00+00:00,-76.299553
2023-09-17 01:45:00+00:00,-86.664864
2023-09-17 01:46:00+00:00,-83.330688
2023-09-17 01:47:00+00:00,-87.543655
2023-09-17 01:48:00+00:00,-100.240234
2023-09-17 01:49:00+00:00,-97.026161
2023-09-17 01:50:00+00:00,-102.113319
2023-09-17 01:51:00+00:00,-106.875961
2023-09-17 01:52:00+00:00,-111.571129
2023-09-17 01:53:00+00:00,-108.941528
2023-09-17 01:54:00+00:00,-100.242218
2023-09-17 01:55:00+00:00,-110.883316
2023-09-17 01:56:00+00:00,-143.990784
2023-09-17 01:57:00+00:00,-169.599762
2023-09-17 01:58:00+00:00,-120.052979
2023-09-17 01:59:00+00:00,-157.709381
2023-09-17 02:00:00+00:00,-195.01416
2023-09-17 02:01:00+00:00,-179.682144
2023-09-17 02:02:00+00:00,-141.025238
2023-09-17 02:03:00+00:00,-135.506271
2023-09-17 02:04:00+00:00,-111.60173
2023-09-17 02:05:00+00:00,-94.372101
2023-09-17 02:06:00+00:00,-65.455986
2023-09-17 02:07:00+00:00,-44.0145
2023-09-17 02:08:00+00:00,-44.752106
2023-09-17 02:09:00+00:00,-46.163429
2023-09-17 02:10:00+00:00,-47.046143
2023-09-17 02:11:00+00:00,-47.442741
2023-09-17 02:12:00+00:00,-46.418167
2023-09-17 02:13:00+00:00,-45.628197
2023-09-17 02:14:00+00:00,-43.712765
2023-09-17 02:15:00+00:00,-40.794823
2023-09-17 02:16:00+00:00,-38.382011
2023-09-17 02:17:00+00:00,-37.1716
2023-09-17 02:18:00+00:00,-35.988304
2023-09-17 02:19:00+00:00,-34.491802
2023-09-17 02:20:00+00:00,-33.379364
2023-09-17 02:21:00+00:00,-32.322872
2023-09-17 02:22:00+00:00,-32.043568
2023-09-17 02:23:00+00:00,-31.984943
2023-09-17 02:24:00+00:00,-30.825647
2023-09-17 02:25:00+00:00,-30.477856
2023-09-17 02:26:00+00:00,-29.193373
2023-09-17 02:27:00+00:00,-27.793491
2023-09-17 02:28:00+00:00,-26.516344
2023-09-17 02:29:00+00:00,-33.053303
2023-09-17 02:30:00+00:00,-43.871468
2023-09-17 02:31:00+00:00,-39.147652
2023-09-17 02:32:00+00:00,-36.773438
2023-09-17 02:33:00+00:00,-19.829769
2023-09-17 02:34:00+00:00,-29.022282
2023-09-17 02:35:00+00:00,-40.116417
2023-09-17 02:36:00+00:00,-74.039856
2023-09-17 02:37:00+00:00,-81.397057
2023-09-17 02:38:00+00:00,-72.110802
2023-09-17 02:39:00+00:00,-55.14278
2023-09-17 02:40:00+00:00,-59.45076
2023-09-17 02:41:00+00:00,-76.80835
2023-09-17 02:42:00+00:00,-91.742447
2023-09-17 02:43:00+00:00,-83.105553
2023-09-17 02:44:00+00:00,-85.611908
2023-09-17 02:45:00+00:00,-88.685211
2023-09-17 02:46:00+00:00,-82.636314
2023-09-17 02:47:00+00:00,-112.553375
2023-09-24 00:00:00+00:00,-171.995819
2023-09-24 00:01:00+00:00,-183.031921
2023-09-24 00:02:00+00:00,-171.543747
2023-09-24 00:03:00+00:00,-192.074463
2023-09-24 00:04:00+00:00,-199.950638
2023-09-24 00:05:00+00:00,-216.619339
2023-09-24 00:06:00+00:00,-233.281815
2023-09-24 00:07:00+00:00,-242.70993
2023-09-24 00:08:00+00:00,-232.069763
2023-09-24 00:09:00+00:00,-232.663879
2023-09-24 00:10:00+00:00,-221.638596
2023-09-24 00:11:00+00:00,-212.939072
2023-09-24 00:12:00+00:00,-210.50264
2023-09-24 00:13:00+00:00,-217.352585
2023-09-24 00:14:00+00:00,-210.551498
2023-09-24 00:15:00+00:00,-203.091141
2023-09-24 00:16:00+00:00,-194.892487
2023-09-24 00:17:00+00:00,-207.890198
2023-09-24 00:18:00+00:00,-230.103897
2023-09-24 00:19:00+00:00,-228.680176
2023-09-24 00:20:00+00:00,-217.911102
2023-09-24 00:21:00+00:00,-222.312698
2023-09-24 00:22:00+00:00,-217.516708
2023-09-24 00:23:00+00:00,-217.112335
2023-09-24 00:24:00+00:00,-209.566284
2023-09-24 00:25:00+00:00,-212.587082
2023-09-24 00:26:00+00:00,-220.717804
2023-09-24 00:27:00+00:00,-218.358932
2023-09-24 00:28:00+00:00,-207.0466
2023-09-24 00:29:00+00:00,-189.846771
2023-09-24 00:30:00+00:00,-172.412674
2023-09-24 00:31:00+00:00,-169.052322
2023-09-24 00:32:00+00:00,-167.003555
2023-09-24 00:33:00+00:00,-164.086929
2023-09-24 00:34:00+00:00,-167.964874
2023-09-24 00:35:00+00:00,-167.886353
2023-09-24 00:36:00+00:00,-170.672516
2023-09-24 00:37:00+00:00,-173.231384
2023-09-24 00:38:00+00:00,-172.032593
2023-09-24 00:39:00+00:00,-167.94841
2023-09-24 00:40:00+00:00,-169.990723
2023-09-24 00:41:00+00:00,-173.71347
2023-09-24 00:42:00+00:00,-174.355103
2023-09-24 00:43:00+00:00,-171.043747
2023-09-24 00:44:00+00:00,-163.131775
2023-09-24 00:45:00+00:00,-155.763657
2023-09-24 00:46:00+00:00,-154.57988
2023-09-24 00:47:00+00:00,-154.322708
2023-09-24 00:48:00+00:00,-154.407501
2023-09-24 00:49:00+00:00,-154.417389
2023-09-24 00:50:00+00:00,-153.983459
2023-09-24 00:51:00+00:00,-149.944641
2023-09-24 00:52:00+00:00,-152.376144
2023-09-24 00:53:00+00:00,-150.480728
2023-09-24 00:54:00+00:00,-155.809692
2023-09-24 00:55:00+00:00,-158.070999
2023-09-24 00:56:00+00:00,-153.987305
2023-09-24 00:57:00+00:00,-150.763687
2023-09-24 00:58:00+00:00,-155.975327
2023-09-24 00:59:00+00:00,-164.764908
2023-09-24 01:00:00+00:00,-176.121338
2023-09-24 01:01:00+00:00,-182.982605
2023-09-24 01:02:00+00:00,-188.278885
2023-09-24 01:03:00+00:00,-185.52594
2023-09-24 01:04:00+00:00,-183.706329
2023-09-24 01:05:00+00:00,-184.11319
2023-09-24 01:06:00+00:00,-181.53717
2023-09-24 01:07:00+00:00,-181.963699
2023-09-24 01:08:00+00:00,-182.700134
2023-09-24 01:09:00+00:00,-177.605026
2023-09-24 01:10:00+00:00,-167.594528
2023-09-24 01:11:00+00:00,-166.205994
2023-09-24 01:12:00+00:00,-163.207138
2023-09-24 01:13:00+00:00,-149.798401
2023-09-24 01:14:00+00:00,-138.262466
2023-09-24 01:15:00+00:00,-133.895752
2023-09-24 01:16:00+00:00,-126.833176
2023-09-24 01:17:00+00:00,-137.495117
2023-09-24 01:18:00+00:00,-155.830811
2023-09-24 01:19:00+00:00,-162.007324
2023-09-24 01:20:00+00:00,-162.874405
2023-09-24 01:21:00+00:00,-156.905594
2023-09-24 01:22:00+00:00,-148.574158
2023-09-24 01:23:00+00:00,-141.59787
2023-09-24 01:24:00+00:00,-137.344849
2023-09-24 01:25:00+00:00,-136.943146
2023-09-24 01:26:00+00:00,-136.351013
2023-09-24 01:27:00+00:00,-133.626266
2023-09-24 01:28:00+00:00,-139.03064
2023-09-24 01:29:00+00:00,-147.111389
2023-09-24 01:30:00+00:00,-146.625641
2023-09-24 01:31:00+00:00,-147.155746
2023-09-24 01:32:00+00:00,-147.632126
2023-09-24 01:33:00+00:00,-145.696518
2023-09-24 01:34:00+00:00,-143.696732
2023-09-24 01:35:00+00:00,-137.036224
2023-09-24 01:36:00+00:00,-132.434753
2023-09-24 01:37:00+00:00,-127.997726
2023-09-24 01:38:00+00:00,-127.015717
2023-09-24 01:39:00+00:00,-128.472549
2023-09-24 01:40:00+00:00,-130.903732
2023-09-24 01:41:00+00:00,-129.435333
2023-09-24 01:42:00+00:00,-124.757889
2023-09-24 01:43:00+00:00,-122.061966
2023-09-24 01:44:00+00:00,-118.98864
2023-09-24 01:45:00+00:00,-119.656433
2023-09-24 01:46:00+00:00,-118.217796
2023-09-24 01:47:00+00:00,-121.247101
2023-09-24 01:48:00+00:00,-123.947601
2023-09-24 01:49:00+00:00,-117.960419
2023-09-24 01:50:00+00:00,-117.638168
2023-09-24 01:51:00+00:00,-116.002457
2023-09-24 01:52:00+00:00,-114.619736
2023-09-24 01:53:00+00:00,-111.322189
2023-09-24 01:54:00+00:00,-109.13044
2023-09-24 01:55:00+00:00,-104.700836
2023-09-24 01:56:00+00:00,-103.675095
2023-09-24 01:57:00+00:00,-98.503525
2023-09-24 01:58:00+00:00,-100.022415
2023-09-24 01:59:00+00:00,-91.286362
2023-09-24 02:00:00+00:00,-91.681114
2023-09-24 02:01:00+00:00,-86.530136
2023-09-24 02:02:00+00:00,-84.698456
2023-09-24 02:03:00+00:00,-85.606949
2023-09-24 02:04:00+00:00,-76.343491
2023-09-24 02:05:00+00:00,-75.306297
2023-09-24 02:06:00+00:00,-77.813812
2023-09-24 02:07:00+00:00,-83.79274
2023-09-24 02:08:00+00:00,-103.769196
2023-09-24 02:09:00+00:00,-127.42894
2023-09-24 02:10:00+00:00,-129.326813
2023-09-24 02:11:00+00:00,-143.941483
2023-09-24 02:12:00+00:00,-157.916626
2023-09-24 02:13:00+00:00,-154.897919
2023-09-24 02:14:00+00:00,-148.447281
2023-09-24 02:15:00+00:00,-124.783035
2023-09-24 02:16:00+00:00,-110.301392
2023-09-24 02:17:00+00:00,-106.229813
2023-09-24 02:18:00+00:00,-103.252098
2023-09-24 02:19:00+00:00,-102.030991
2023-09-24 02:20:00+00:00,-106.815605
2023-09-24 02:21:00+00:00,-107.411743
2023-09-24 02:22:00+00:00,-150.652451
2023-09-24 02:23:00+00:00,-172.600403
2023-09-24 02:24:00+00:00,-146.80484
2023-09-24 02:25:00+00:00,-106.222923
2023-09-24 02:26:00+00:00,-93.908745
2023-09-24 02:27:00+00:00,-93.623627
2023-09-24 02:28:00+00:00,-95.295013
2023-09-24 02:29:00+00:00,-95.91626
2023-09-24 02:30:00+00:00,-99.502914
2023-09-24 02:31:00+00:00,-93.493095
2023-09-24 02:32:00+00:00,-87.774246
2023-09-24 02:33:00+00:00,-80.034683
2023-09-24 02:34:00+00:00,-81.309845
2023-09-24 02:35:00+00:00,-77.882736
2023-09-24 02:36:00+00:00,-78.764832
2023-09-24 02:37:00+00:00,-78.735855
2023-09-24 02:38:00+00:00,-76.585388
2023-09-24 02:39:00+00:00,-80.085434
2023-09-24 02:40:00+00:00,-74.058868
2023-09-24 02:41:00+00:00,-75.063538
2023-09-24 02:42:00+00:00,-75.658501
2023-09-24 02:43:00+00:00,-80.374245
2023-09-24 02:44:00+00:00,-88.640915
2023-09-24 02:45:00+00:00,-90.084976
2023-09-24 02:46:00+00:00,-83.921997
2023-09-24 02:47:00+00:00,-78.476379
2023-10-01 00:00:00+00:00,-248.836349
2023-10-01 00:01:00+00:00,-245.184982
2023-10-01 00:02:00+00:00,-237.866806
2023-10-01 00:03:00+00:00,-232.340347
2023-10-01 00:04:00+00:00,-230.480652
2023-10-01 00:05:00+00:00,-228.319122
2023-10-01 00:06:00+00:00,-232.473221
2023-10-01 00:07:00+00:00,-238.247406
2023-10-01 00:08:00+00:00,-237.439056
2023-10-01 00:09:00+00:00,-237.373123
2023-10-01 00:10:00+00:00,-239.296829
2023-10-01 00:11:00+00:00,-242.183258
2023-10-01 00:12:00+00:00,-254.559006
2023-10-01 00:13:00+00:00,-267.027557
2023-10-01 00:14:00+00:00,-263.964111
2023-10-01 00:15:00+00:00,-282.760834
2023-10-01 00:16:00+00:00,-311.646118
2023-10-01 00:17:00+00:00,-320.266083
2023-10-01 00:18:00+00:00,-325.542084
2023-10-01 00:19:00+00:00,-333.118988
2023-10-01 00:20:00+00:00,-334.126709
2023-10-01 00:21:00+00:00,-349.359528
2023-10-01 00:22:00+00:00,-356.358978
2023-10-01 00:23:00+00:00,-339.464081
2023-10-01 00:24:00+00:00,-319.813507
2023-10-01 00:25:00+00:00,-306.341095
2023-10-01 00:26:00+00:00,-289.380096
2023-10-01 00:27:00+00:00,-276.992493
2023-10-01 00:28:00+00:00,-272.069305
2023-10-01 00:29:00+00:00,-274.159576
2023-10-01 00:30:00+00:00,-268.412201
2023-10-01 00:31:00+00:00,-264.541168
2023-10-01 00:32:00+00:00,-270.914581
2023-10-01 00:33:00+00:00,-254.643753
2023-10-01 00:34:00+00:00,-241.798004
2023-10-01 00:35:00+00:00,-233.641968
2023-10-01 00:36:00+00:00,-212.607712
2023-10-01 00:37:00+00:00,-200.366501
2023-10-01 00:38:00+00:00,-203.427872
2023-10-01 00:39:00+00:00,-196.722137
2023-10-01 00:40:00+00:00,-395.511383
2023-10-01 00:41:00+00:00,-398.764038
2023-10-01 00:42:00+00:00,-305.294098
2023-10-01 00:43:00+00:00,-251.303604
2023-10-01 00:44:00+00:00,-223.587921
2023-10-01 00:45:00+00:00,-263.682159
2023-10-01 00:46:00+00:00,-320.687317
2023-10-01 00:47:00+00:00,-335.249878
2023-10-01 00:48:00+00:00,-337.355072
2023-10-01 00:49:00+00:00,-342.128845
2023-10-01 00:50:00+00:00,-358.364075
2023-10-01 00:51:00+00:00,-346.304138
2023-10-01 00:52:00+00:00,-344.94458
2023-10-01 00:53:00+00:00,-342.960358
2023-10-01 00:54:00+00:00,-348.183533
2023-10-01 00:55:00+00:00,-322.567108
2023-10-01 00:56:00+00:00,-278.100281
2023-10-01 00:57:00+00:00,-246.909973
2023-10-01 00:58:00+00:00,-208.644974
2023-10-01 00:59:00+00:00,-207.493469
2023-10-01 01:00:00+00:00,-211.342972
2023-10-01 01:01:00+00:00,-203.204895
2023-10-01 01:02:00+00:00,-189.074066
2023-10-01 01:03:00+00:00,-187.932953
2023-10-01 01:04:00+00:00,-183.786484
2023-10-01 01:05:00+00:00,-175.640564
2023-10-01 01:06:00+00:00,-164.518707
2023-10-01 01:07:00+00:00,-154.392609
2023-10-01 01:08:00+00:00,-153.263321
2023-10-01 01:09:00+00:00,-148.129929
2023-10-01 01:10:00+00:00,-155.980759
2023-10-01 01:11:00+00:00,-161.838318
2023-10-01 01:12:00+00:00,-155.709503
2023-10-01 01:13:00+00:00,-151.570923
2023-10-01 01:14:00+00:00,-151.441177
2023-10-01 01:15:00+00:00,-153.322296
2023-10-01 01:16:00+00:00,-162.1987
2023-10-01 01:17:00+00:00,-165.080215
2023-10-01 01:18:00+00:00,-155.952225
2023-10-01 01:19:00+00:00,-146.847015
2023-10-01 01:20:00+00:00,-146.701157
2023-10-01 01:21:00+00:00,-149.527466
2023-10-01 01:22:00+00:00,-147.386444
2023-10-01 01:23:00+00:00,-149.251801
2023-10-01 01:24:00+00:00,-158.123627
2023-10-01 01:25:00+00:00,-155.977524
2023-10-01 01:26:00+00:00,-152.848724
2023-10-01 01:27:00+00:00,-144.726517
2023-10-01 01:28:00+00:00,-127.594368
2023-10-01 01:29:00+00:00,-112.461319
2023-10-01 01:30:00+00:00,-100.332901
2023-10-01 01:31:00+00:00,-95.20961
2023-10-01 01:32:00+00:00,-100.089905
2023-10-01 01:33:00+00:00,-99.964104
2023-10-01 01:34:00+00:00,-93.833267
2023-10-01 01:35:00+00:00,-90.705284
2023-10-01 01:36:00+00:00,-97.574585
2023-10-01 01:37:00+00:00,-95.450615
2023-10-01 01:38:00+00:00,-87.324875
2023-10-01 01:39:00+00:00,-82.201355
2023-10-01 01:40:00+00:00,-75.075241
2023-10-01 01:41:00+00:00,-69.951515
2023-10-01 01:42:00+00:00,-63.826347
2023-10-01 01:43:00+00:00,-58.70079
2023-10-01 01:44:00+00:00,-53.574265
2023-10-01 01:45:00+00:00,-50.452126
2023-10-01 01:46:00+00:00,-52.33083
2023-10-01 01:47:00+00:00,-52.206554
2023-10-01 01:48:00+00:00,-48.088173
2023-10-01 01:49:00+00:00,-42.96991
2023-10-01 01:50:00+00:00,-35.851845
2023-10-01 01:51:00+00:00,-31.734585
2023-10-01 01:52:00+00:00,-28.618187
2023-10-01 01:53:00+00:00,-26.743334
2023-10-01 01:54:00+00:00,-26.318729
2023-10-01 01:55:00+00:00,-38.796265
2023-10-01 01:56:00+00:00,-37.404919
2023-10-01 01:57:00+00:00,-31.879059
2023-10-01 01:58:00+00:00,-29.900944
2023-10-01 01:59:00+00:00,-32.884083
2023-10-01 02:00:00+00:00,-30.255415
2023-10-01 02:01:00+00:00,-32.039238
2023-10-01 02:02:00+00:00,-37.878757
2023-10-01 02:03:00+00:00,-43.551289
2023-10-01 02:04:00+00:00,-45.411964
2023-10-01 02:05:00+00:00,-45.329437
2023-10-01 02:06:00+00:00,-44.226158
2023-10-01 02:07:00+00:00,-39.129478
2023-10-01 02:08:00+00:00,-35.037605
2023-10-01 02:09:00+00:00,-34.947731
2023-10-01 02:10:00+00:00,-36.849236
2023-10-01 02:11:00+00:00,-33.020527
2023-10-01 02:12:00+00:00,-35.440506
2023-10-01 02:13:00+00:00,-36.829876
2023-10-01 02:14:00+00:00,-37.89608
2023-10-01 02:15:00+00:00,-40.756676
2023-10-01 02:16:00+00:00,-42.458244
2023-10-01 02:17:00+00:00,-41.434433
2023-10-01 02:18:00+00:00,-40.366928
2023-10-01 02:19:00+00:00,-39.297768
2023-10-01 02:20:00+00:00,-36.634224
2023-10-01 02:21:00+00:00,-33.295647
2023-10-01 02:22:00+00:00,-29.267715
2023-10-01 02:23:00+00:00,-25.966606
2023-10-01 02:24:00+00:00,-26.071699
2023-10-01 02:25:00+00:00,-26.223988
2023-10-01 02:26:00+00:00,-25.72621
2023-10-01 02:27:00+00:00,-25.750237
2023-10-01 02:28:00+00:00,-25.721851
2023-10-01 02:29:00+00:00,-24.603439
2023-10-01 02:30:00+00:00,-24.309103
2023-10-01 02:31:00+00:00,-25.209457
2023-10-01 02:32:00+00:00,-25.848467
2023-10-01 02:33:00+00:00,-25.550348
2023-10-01 02:34:00+00:00,-24.22818
2023-10-01 02:35:00+00:00,-23.294065
2023-10-01 02:36:00+00:00,-22.88917
2023-10-01 02:37:00+00:00,-23.140335
2023-10-01 02:38:00+00:00,-26.072744
2023-10-01 02:39:00+00:00,-32.050179
2023-10-01 02:40:00+00:00,-34.030987
2023-10-01 02:41:00+00:00,-36.007412
2023-10-01 02:42:00+00:00,-35.781761
2023-10-01 02:43:00+00:00,-41.439896
2023-10-01 02:44:00+00:00,-42.60878
2023-10-01 02:45:00+00:00,-36.598698
2023-10-01 02:46:00+00:00,-37.933907
2023-10-01 02:47:00+00:00,-35.929199
2023-10-08 00:00:00+00:00,-189.951523
2023-10-08 00:01:00+00:00,-205.254456
2023-10-08 00:02:00+00:00,-204.611801
2023-10-08 00:03:00+00:00,-194.30928
2023-10-08 00:04:00+00:00,-181.647903
2023-10-08 00:05:00+00:00,-185.985001
2023-10-08 00:06:00+00:00,-174.699051
2023-10-08 00:07:00+00:00,-165.774002
2023-10-08 00:08:00+00:00,-163.916
2023-10-08 00:09:00+00:00,-165.671326
2023-10-08 00:10:00+00:00,-164.119034
2023-10-08 00:11:00+00:00,-170.3927
2023-10-08 00:12:00+00:00,-179.368973
2023-10-08 00:13:00+00:00,-161.798431
2023-10-08 00:14:00+00:00,-141.250916
2023-10-08 00:15:00+00:00,-132.394073
2023-10-08 00:16:00+00:00,-128.069153
2023-10-08 00:17:00+00:00,-135.123276
2023-10-08 00:18:00+00:00,-141.079956
2023-10-08 00:19:00+00:00,-138.590622
2023-10-08 00:20:00+00:00,-138.801895
2023-10-08 00:21:00+00:00,-159.884567
2023-10-08 00:22:00+00:00,-155.708023
2023-10-08 00:23:00+00:00,-148.453842
2023-10-08 00:24:00+00:00,-147.620987
2023-10-08 00:25:00+00:00,-130.603882
2023-10-08 00:26:00+00:00,-125.126198
2023-10-08 00:27:00+00:00,-140.785645
2023-10-08 00:28:00+00:00,-141.771713
2023-10-08 00:29:00+00:00,-132.865173
2023-10-08 00:30:00+00:00,-145.980896
2023-10-08 00:31:00+00:00,-164.760239
2023-10-08 00:32:00+00:00,-175.314133
2023-10-08 00:33:00+00:00,-173.700531
2023-10-08 00:34:00+00:00,-173.31604
2023-10-08 00:35:00+00:00,-168.21051
2023-10-08 00:36:00+00:00,-161.572906
2023-10-08 00:37:00+00:00,-159.459167
2023-10-08 00:38:00+00:00,-160.221313
2023-10-08 00:39:00+00:00,-168.194397
2023-10-08 00:40:00+00:00,-174.016174
2023-10-08 00:41:00+00:00,-174.140854
2023-10-08 00:42:00+00:00,-174.574341
2023-10-08 00:43:00+00:00,-174.508163
2023-10-08 00:44:00+00:00,-180.393951
2023-10-08 00:45:00+00:00,-180.72316
2023-10-08 00:46:00+00:00,-186.501175
2023-10-08 00:47:00+00:00,-194.180191
2023-10-08 00:48:00+00:00,-197.745667
2023-10-08 00:49:00+00:00,-203.49942
2023-10-08 00:50:00+00:00,-202.920059
2023-10-08 00:51:00+00:00,-197.216248
2023-10-08 00:52:00+00:00,-198.546097
2023-10-08 00:53:00+00:00,-206.755966
2023-10-08 00:54:00+00:00,-217.46019
2023-10-08 00:55:00+00:00,-219.05365
2023-10-08 00:56:00+00:00,-218.117554
2023-10-08 00:57:00+00:00,-235.295807
2023-10-08 00:58:00+00:00,-235.757416
2023-10-08 00:59:00+00:00,-226.335876
2023-10-08 01:00:00+00:00,-229.850769
2023-10-08 01:01:00+00:00,-240.580338
2023-10-08 01:02:00+00:00,-255.060242
2023-10-08 01:03:00+00:00,-255.799225
2023-10-08 01:04:00+00:00,-240.284943
2023-10-08 01:05:00+00:00,-230.912842
2023-10-08 01:06:00+00:00,-226.705872
2023-10-08 01:07:00+00:00,-226.470444
2023-10-08 01:08:00+00:00,-220.429047
2023-10-08 01:09:00+00:00,-219.424072
2023-10-08 01:10:00+00:00,-228.765594
2023-10-08 01:11:00+00:00,-232.136902
2023-10-08 01:12:00+00:00,-234.187729
2023-10-08 01:13:00+00:00,-227.196716
2023-10-08 01:14:00+00:00,-207.897446
2023-10-08 01:15:00+00:00,-206.602814
2023-10-08 01:16:00+00:00,-208.880768
2023-10-08 01:17:00+00:00,-210.568237
2023-10-08 01:18:00+00:00,-213.671661
2023-10-08 01:19:00+00:00,-219.249619
2023-10-08 01:20:00+00:00,-228.22406
2023-10-08 01:21:00+00:00,-218.374191
2023-10-08 01:22:00+00:00,-214.96051
2023-10-08 01:23:00+00:00,-216.22644
2023-10-08 01:24:00+00:00,-207.045303
2023-10-08 01:25:00+00:00,-200.697906
2023-10-08 01:26:00+00:00,-193.152313
2023-10-08 01:27:00+00:00,-188.702484
2023-10-08 01:28:00+00:00,-187.194046
2023-10-08 01:29:00+00:00,-206.119293
2023-10-08 01:30:00+00:00,-215.278122
2023-10-08 01:31:00+00:00,-217.577621
2023-10-08 01:32:00+00:00,-218.383789
2023-10-08 01:33:00+00:00,-196.118484
2023-10-08 01:34:00+00:00,-176.323761
2023-10-08 01:35:00+00:00,-175.279877
2023-10-08 01:36:00+00:00,-175.909119
2023-10-08 01:37:00+00:00,-166.545761
2023-10-08 01:38:00+00:00,-159.845428
2023-10-08 01:39:00+00:00,-156.559143
2023-10-08 01:40:00+00:00,-156.045319
2023-10-08 01:41:00+00:00,-157.74147
2023-10-08 01:42:00+00:00,-165.8992
2023-10-08 01:43:00+00:00,-166.698822
2023-10-08 01:44:00+00:00,-160.009064
2023-10-08 01:45:00+00:00,-159.489105
2023-10-08 01:46:00+00:00,-159.827927
2023-10-08 01:47:00+00:00,-163.5793
2023-10-08 01:48:00+00:00,-165.748123
2023-10-08 01:49:00+00:00,-166.952576
2023-10-08 01:50:00+00:00,-172.754242
2023-10-08 01:51:00+00:00,-174.012787
2023-10-08 01:52:00+00:00,-173.919281
2023-10-08 01:53:00+00:00,-173.385147
2023-10-08 01:54:00+00:00,-171.530487
2023-10-08 01:55:00+00:00,-170.135544
2023-10-08 01:56:00+00:00,-172.428589
2023-10-08 01:57:00+00:00,-175.801239
2023-10-08 01:58:00+00:00,-180.590683
2023-10-08 01:59:00+00:00,-190.152283
2023-10-08 02:00:00+00:00,-196.42276
2023-10-08 02:01:00+00:00,-199.554657
2023-10-08 02:02:00+00:00,-203.033691
2023-10-08 02:03:00+00:00,-205.602982
2023-10-08 02:04:00+00:00,-205.236069
2023-10-08 02:05:00+00:00,-211.226852
2023-10-08 02:06:00+00:00,-219.109482
2023-10-08 02:07:00+00:00,-222.36821
2023-10-08 02:08:00+00:00,-215.319397
2023-10-08 02:09:00+00:00,-203.432709
2023-10-08 02:10:00+00:00,-204.843094
2023-10-08 02:11:00+00:00,-209.442261
2023-10-08 02:12:00+00:00,-213.612747
2023-10-08 02:13:00+00:00,-221.50415
2023-10-08 02:14:00+00:00,-231.322723
2023-10-08 02:15:00+00:00,-239.92688
2023-10-08 02:16:00+00:00,-248.920029
2023-10-08 02:17:00+00:00,-254.5961
2023-10-08 02:18:00+00:00,-254.675369
2023-10-08 02:19:00+00:00,-246.014572
2023-10-08 02:20:00+00:00,-240.812042
2023-10-08 02:21:00+00:00,-228.058243
2023-10-08 02:22:00+00:00,-216.346725
2023-10-08 02:23:00+00:00,-203.310287
2023-10-08 02:24:00+00:00,-192.205002
2023-10-08 02:25:00+00:00,-191.744507
2023-10-08 02:26:00+00:00,-203.571396
2023-10-08 02:27:00+00:00,-207.279907
2023-10-08 02:28:00+00:00,-204.27037
2023-10-08 02:29:00+00:00,-207.879288
2023-10-08 02:30:00+00:00,-205.128387
2023-10-08 02:31:00+00:00,-196.659134
2023-10-08 02:32:00+00:00,-189.014084
2023-10-08 02:33:00+00:00,-187.59288
2023-10-08 02:34:00+00:00,-197.993622
2023-10-08 02:35:00+00:00,-211.721649
2023-10-08 02:36:00+00:00,-204.26358
2023-10-08 02:37:00+00:00,-189.589401
2023-10-08 02:38:00+00:00,-170.620468
2023-10-08 02:39:00+00:00,-158.139709
2023-10-08 02:40:00+00:00,-155.421844
2023-10-08 02:41:00+00:00,-154.830063
2023-10-08 02:42:00+00:00,-156.464859
2023-10-08 02:43:00+00:00,-154.203094
2023-10-08 02:44:00+00:00,-153.072083
2023-10-08 02:45:00+00:00,-160.349579
2023-10-08 02:46:00+00:00,-157.687332
2023-10-08 02:47:00+00:00,-154.729691
2023-10-15 00:00:00+00:00,-9.351438
2023-10-15 00:01:00+00:00,-11.061396
2023-10-15 00:02:00+00:00,-12.786165
2023-10-15 00:03:00+00:00,-14.049159
2023-10-15 00:04:00+00:00,-14.430435
2023-10-15 00:05:00+00:00,-15.715907
2023-10-15 00:06:00+00:00,-18.357225
2023-10-15 00:07:00+00:00,-20.292059
2023-10-15 00:08:00+00:00,-18.013443
2023-10-15 00:09:00+00:00,-14.251848
2023-10-15 00:10:00+00:00,-12.666891
2023-10-15 00:11:00+00:00,-13.050463
2023-10-15 00:12:00+00:00,-12.777622
2023-10-15 00:13:00+00:00,-12.712113
2023-10-15 00:14:00+00:00,-13.244434
2023-10-15 00:15:00+00:00,-15.09731
2023-10-15 00:16:00+00:00,-18.03299
2023-10-15 00:17:00+00:00,-21.64682
2023-10-15 00:18:00+00:00,-21.170248
2023-10-15 00:19:00+00:00,-19.895264
2023-10-15 00:20:00+00:00,-17.753508
2023-10-15 00:21:00+00:00,-15.209113
2023-10-15 00:22:00+00:00,-16.263796
2023-10-15 00:23:00+00:00,-16.695635
2023-10-15 00:24:00+00:00,-16.876698
2023-10-15 00:25:00+00:00,-17.256195
2023-10-15 00:26:00+00:00,-17.312634
2023-10-15 00:27:00+00:00,-16.975698
2023-10-15 00:28:00+00:00,-16.037373
2023-10-15 00:29:00+00:00,-15.726463
2023-10-15 00:30:00+00:00,-15.407606
2023-10-15 00:31:00+00:00,-15.402491
2023-10-15 00:32:00+00:00,-15.475854
2023-10-15 00:33:00+00:00,-15.10815
2023-10-15 00:34:00+00:00,-14.851122
2023-10-15 00:35:00+00:00,-15.385419
2023-10-15 00:36:00+00:00,-16.288534
2023-10-15 00:37:00+00:00,-17.123217
2023-10-15 00:38:00+00:00,-17.397615
2023-10-15 00:39:00+00:00,-17.435934
2023-10-15 00:40:00+00:00,-17.487183
2023-10-15 00:41:00+00:00,-17.516188
2023-10-15 00:42:00+00:00,-16.648914
2023-10-15 00:43:00+00:00,-16.054289
2023-10-15 00:44:00+00:00,-16.158493
2023-10-15 00:45:00+00:00,-16.719479
2023-10-15 00:46:00+00:00,-17.916349
2023-10-15 00:47:00+00:00,-18.668037
2023-10-15 00:48:00+00:00,-18.459877
2023-10-15 00:49:00+00:00,-17.722519
2023-10-15 00:50:00+00:00,-17.885635
2023-10-15 00:51:00+00:00,-18.122496
2023-10-15 00:52:00+00:00,-17.658783
2023-10-15 00:53:00+00:00,-16.582804
2023-10-15 00:54:00+00:00,-15.767589
2023-10-15 00:55:00+00:00,-13.654531
2023-10-15 00:56:00+00:00,-12.267053
2023-10-15 00:57:00+00:00,-12.120039
2023-10-15 00:58:00+00:00,-13.127759
2023-10-15 00:59:00+00:00,-14.133183
2023-10-15 01:00:00+00:00,-14.703534
2023-10-15 01:01:00+00:00,-13.926339
2023-10-15 01:02:00+00:00,-12.650384
2023-10-15 01:03:00+00:00,-11.594395
2023-10-15 01:04:00+00:00,-10.773001
2023-10-15 01:05:00+00:00,-11.233053
2023-10-15 01:06:00+00:00,-13.565823
2023-10-15 01:07:00+00:00,-15.403164
2023-10-15 01:08:00+00:00,-15.107825
2023-10-15 01:09:00+00:00,-14.04502
2023-10-15 01:10:00+00:00,-13.744023
2023-10-15 01:11:00+00:00,-13.326884
2023-10-15 01:12:00+00:00,-12.973269
2023-10-15 01:13:00+00:00,-12.378468
2023-10-15 01:14:00+00:00,-11.999977
2023-10-15 01:15:00+00:00,-11.787973
2023-10-15 01:16:00+00:00,-11.710697
2023-10-15 01:17:00+00:00,-11.146055
2023-10-15 01:18:00+00:00,-10.276643
2023-10-15 01:19:00+00:00,-9.439354
2023-10-15 01:20:00+00:00,-8.87147
2023-10-15 01:21:00+00:00,-8.62715
2023-10-15 01:22:00+00:00,-8.73961
2023-10-15 01:23:00+00:00,-9.060865
2023-10-15 01:24:00+00:00,-8.855541
2023-10-15 01:25:00+00:00,-8.152914
2023-10-15 01:26:00+00:00,-7.831133
2023-10-15 01:27:00+00:00,-7.682468
2023-10-15 01:28:00+00:00,-7.434376
2023-10-15 01:29:00+00:00,-7.396255
2023-10-15 01:30:00+00:00,-7.654731
2023-10-15 01:31:00+00:00,-7.345985
2023-10-15 01:32:00+00:00,-8.017791
2023-10-15 01:33:00+00:00,-8.859329
2023-10-15 01:34:00+00:00,-9.635248
2023-10-15 01:35:00+00:00,-11.897761
2023-10-15 01:36:00+00:00,-10.630218
2023-10-15 01:37:00+00:00,-10.787879
2023-10-15 01:38:00+00:00,-9.851597
2023-10-15 01:39:00+00:00,-9.759845
2023-10-15 01:40:00+00:00,-9.647878
2023-10-15 01:41:00+00:00,-9.8321
2023-10-15 01:42:00+00:00,-9.916513
2023-10-15 01:43:00+00:00,-9.722897
2023-10-15 01:44:00+00:00,-10.509357
2023-10-15 01:45:00+00:00,-10.407129
2023-10-15 01:46:00+00:00,-13.479699
2023-10-15 01:47:00+00:00,-13.040613
2023-10-15 01:48:00+00:00,-13.555453
2023-10-15 01:49:00+00:00,-12.081842
2023-10-15 01:50:00+00:00,-11.55143
2023-10-15 01:51:00+00:00,-19.804718
2023-10-15 01:52:00+00:00,-18.303301
2023-10-15 01:53:00+00:00,-20.159168
2023-10-15 01:54:00+00:00,-31.187756
2023-10-15 01:55:00+00:00,-34.786537
2023-10-15 01:56:00+00:00,-33.51997
2023-10-15 01:57:00+00:00,-33.068726
2023-10-15 01:58:00+00:00,-36.676952
2023-10-15 01:59:00+00:00,-33.242744
2023-10-15 02:00:00+00:00,-21.939667
2023-10-15 02:01:00+00:00,-9.675862
2023-10-15 02:02:00+00:00,-9.505147
2023-10-15 02:03:00+00:00,-9.673167
2023-10-15 02:04:00+00:00,-9.631596
2023-10-15 02:05:00+00:00,-9.625561
2023-10-15 02:06:00+00:00,-8.984632
2023-10-15 02:07:00+00:00,-8.459353
2023-10-15 02:08:00+00:00,-8.629313
2023-10-15 02:09:00+00:00,-9.576552
2023-10-15 02:10:00+00:00,-9.512998
2023-10-15 02:11:00+00:00,-32.366291
2023-10-15 02:12:00+00:00,-74.039314
2023-10-15 02:13:00+00:00,-93.803032
2023-10-15 02:14:00+00:00,-106.395302
2023-10-15 02:15:00+00:00,-105.929306
2023-10-15 02:16:00+00:00,-110.623375
2023-10-15 02:17:00+00:00,-76.367165
2023-10-15 02:18:00+00:00,-35.169487
2023-10-15 02:19:00+00:00,-23.74226
2023-10-15 02:20:00+00:00,-18.058157
2023-10-15 02:21:00+00:00,-22.239786
2023-10-15 02:22:00+00:00,-12.600874
2023-10-15 02:23:00+00:00,-11.38724
2023-10-15 02:24:00+00:00,-10.502813
2023-10-15 02:25:00+00:00,-10.569674
2023-10-15 02:26:00+00:00,-11.502383
2023-10-15 02:27:00+00:00,-11.601735
2023-10-15 02:28:00+00:00,-11.301822
2023-10-15 02:29:00+00:00,-10.552029
2023-10-15 02:30:00+00:00,-10.221676
2023-10-15 02:31:00+00:00,-10.455688
2023-10-15 02:32:00+00:00,-10.589795
2023-10-15 02:33:00+00:00,-10.2422
2023-10-15 02:34:00+00:00,-9.860209
2023-10-15 02:35:00+00:00,-9.520524
2023-10-15 02:36:00+00:00,-9.129944
2023-10-15 02:37:00+00:00,-9.13816
2023-10-15 02:38:00+00:00,-9.291344
2023-10-15 02:39:00+00:00,-9.408385
2023-10-15 02:40:00+00:00,-9.778875
2023-10-15 02:41:00+00:00,-9.553245
2023-10-15 02:42:00+00:00,-11.733319
2023-10-15 02:43:00+00:00,-12.224922
2023-10-15 02:44:00+00:00,-15.779399
2023-10-15 02:45:00+00:00,-12.05567
2023-10-15 02:46:00+00:00,-10.95622
2023-10-15 02:47:00+00:00,-9.242218
2023-10-22 00:00:00+00:00,-30.266254
2023-10-22 00:01:00+00:00,-28.226946
2023-10-22 00:02:00+00:00,-33.761562
2023-10-22 00:03:00+00:00,-35.208324
2023-10-22 00:04:00+00:00,-35.369602
2023-10-22 00:05:00+00:00,-38.564354
2023-10-22 00:06:00+00:00,-43.198586
2023-10-22 00:07:00+00:00,-45.66711
2023-10-22 00:08:00+00:00,-47.757839
2023-10-22 00:09:00+00:00,-51.29887
2023-10-22 00:10:00+00:00,-53.918041
2023-10-22 00:11:00+00:00,-56.16634
2023-10-22 00:12:00+00:00,-57.778866
2023-10-22 00:13:00+00:00,-58.890308
2023-10-22 00:14:00+00:00,-58.13958
2023-10-22 00:15:00+00:00,-58.706223
2023-10-22 00:16:00+00:00,-58.427773
2023-10-22 00:17:00+00:00,-60.32531
2023-10-22 00:18:00+00:00,-61.835419
2023-10-22 00:19:00+00:00,-65.629967
2023-10-22 00:20:00+00:00,-68.081009
2023-10-22 00:21:00+00:00,-70.616104
2023-10-22 00:22:00+00:00,-72.930855
2023-10-22 00:23:00+00:00,-72.917671
2023-10-22 00:24:00+00:00,-72.01992
2023-10-22 00:25:00+00:00,-76.459251
2023-10-22 00:26:00+00:00,-76.317696
2023-10-22 00:27:00+00:00,-72.851089
2023-10-22 00:28:00+00:00,-70.691925
2023-10-22 00:29:00+00:00,-70.219688
2023-10-22 00:30:00+00:00,-70.717293
2023-10-22 00:31:00+00:00,-70.131767
2023-10-22 00:32:00+00:00,-70.43074
2023-10-22 00:33:00+00:00,-69.938072
2023-10-22 00:34:00+00:00,-68.343613
2023-10-22 00:35:00+00:00,-65.178619
2023-10-22 00:36:00+00:00,-62.909634
2023-10-22 00:37:00+00:00,-61.871571
2023-10-22 00:38:00+00:00,-60.56472
2023-10-22 00:39:00+00:00,-60.600399
2023-10-22 00:40:00+00:00,-60.900311
2023-10-22 00:41:00+00:00,-62.758671
2023-10-22 00:42:00+00:00,-63.171585
2023-10-22 00:43:00+00:00,-62.747169
2023-10-22 00:44:00+00:00,-63.936222
2023-10-22 00:45:00+00:00,-64.897285
2023-10-22 00:46:00+00:00,-64.663658
2023-10-22 00:47:00+00:00,-62.899334
2023-10-22 00:48:00+00:00,-60.689636
2023-10-22 00:49:00+00:00,-58.917397
2023-10-22 00:50:00+00:00,-56.785744
2023-10-22 00:51:00+00:00,-53.699657
2023-10-22 00:52:00+00:00,-54.91856
2023-10-22 00:53:00+00:00,-56.44899
2023-10-22 00:54:00+00:00,-56.944279
2023-10-22 00:55:00+00:00,-55.951298
2023-10-22 00:56:00+00:00,-59.337162
2023-10-22 00:57:00+00:00,-62.427101
2023-10-22 00:58:00+00:00,-64.160172
2023-10-22 00:59:00+00:00,-65.127098
2023-10-22 01:00:00+00:00,-65.802086
2023-10-22 01:01:00+00:00,-69.195694
2023-10-22 01:02:00+00:00,-75.696426
2023-10-22 01:03:00+00:00,-79.246582
2023-10-22 01:04:00+00:00,-81.774246
2023-10-22 01:05:00+00:00,-90.680443
2023-10-22 01:06:00+00:00,-90.850586
2023-10-22 01:07:00+00:00,-103.256058
2023-10-22 01:08:00+00:00,-106.200539
2023-10-22 01:09:00+00:00,-100.147034
2023-10-22 01:10:00+00:00,-100.094612
2023-10-22 01:11:00+00:00,-101.042351
2023-10-22 01:12:00+00:00,-104.99324
2023-10-22 01:13:00+00:00,-103.944016
2023-10-22 01:14:00+00:00,-102.899384
2023-10-22 01:15:00+00:00,-107.854149
2023-10-22 01:16:00+00:00,-105.809319
2023-10-22 01:17:00+00:00,-106.769836
2023-10-22 01:18:00+00:00,-127.880035
2023-10-22 01:19:00+00:00,-141.597794
2023-10-22 01:20:00+00:00,-130.540009
2023-10-22 01:21:00+00:00,-123.335945
2023-10-22 01:22:00+00:00,-141.069458
2023-10-22 01:23:00+00:00,-152.605988
2023-10-22 01:24:00+00:00,-147.586716
2023-10-22 01:25:00+00:00,-130.857391
2023-10-22 01:26:00+00:00,-132.041779
2023-10-22 01:27:00+00:00,-136.827759
2023-10-22 01:28:00+00:00,-145.961685
2023-10-22 01:29:00+00:00,-164.337463
2023-10-22 01:30:00+00:00,-161.553909
2023-10-22 01:31:00+00:00,-158.958649
2023-10-22 01:32:00+00:00,-158.965927
2023-10-22 01:33:00+00:00,-161.845322
2023-10-22 01:34:00+00:00,-165.07045
2023-10-22 01:35:00+00:00,-252.686478
2023-10-22 01:36:00+00:00,-256.759613
2023-10-22 01:37:00+00:00,-218.468552
2023-10-22 01:38:00+00:00,-236.644806
2023-10-22 01:39:00+00:00,-211.134048
2023-10-22 01:40:00+00:00,-217.408142
2023-10-22 01:41:00+00:00,-220.410675
2023-10-22 01:42:00+00:00,-218.529739
2023-10-22 01:43:00+00:00,-219.313583
2023-10-22 01:44:00+00:00,-195.019379
2023-10-22 01:45:00+00:00,-178.678223
2023-10-22 01:46:00+00:00,-190.670013
2023-10-22 01:47:00+00:00,-186.512665
2023-10-22 01:48:00+00:00,-191.018997
2023-10-22 01:49:00+00:00,-190.76886
2023-10-22 01:50:00+00:00,-186.151901
2023-10-22 01:51:00+00:00,-189.640182
2023-10-22 01:52:00+00:00,-191.005524
2023-10-22 01:53:00+00:00,-192.126175
2023-10-22 01:54:00+00:00,-185.488495
2023-10-22 01:55:00+00:00,-181.09935
2023-10-22 01:56:00+00:00,-182.9617
2023-10-22 01:57:00+00:00,-185.556976
2023-10-22 01:58:00+00:00,-182.819275
2023-10-22 01:59:00+00:00,-183.018234
2023-10-22 02:00:00+00:00,-181.724609
2023-10-22 02:01:00+00:00,-181.521439
2023-10-22 02:02:00+00:00,-179.802246
2023-10-22 02:03:00+00:00,-175.897095
2023-10-22 02:04:00+00:00,-170.096985
2023-10-22 02:05:00+00:00,-169.420456
2023-10-22 02:06:00+00:00,-171.205933
2023-10-22 02:07:00+00:00,-167.663605
2023-10-22 02:08:00+00:00,-168.664322
2023-10-22 02:09:00+00:00,-163.660248
2023-10-22 02:10:00+00:00,-163.125626
2023-10-22 02:11:00+00:00,-165.899078
2023-10-22 02:12:00+00:00,-162.768234
2023-10-22 02:13:00+00:00,-161.985855
2023-10-22 02:14:00+00:00,-164.617828
2023-10-22 02:15:00+00:00,-182.254318
2023-10-22 02:16:00+00:00,-184.865021
2023-10-22 02:17:00+00:00,-170.233307
2023-10-22 02:18:00+00:00,-169.26387
2023-10-22 02:19:00+00:00,-169.197998
2023-10-22 02:20:00+00:00,-166.807129
2023-10-22 02:21:00+00:00,-171.539261
2023-10-22 02:22:00+00:00,-175.143875
2023-10-22 02:23:00+00:00,-174.132446
2023-10-22 02:24:00+00:00,-167.935593
2023-10-22 02:25:00+00:00,-165.474533
2023-10-22 02:26:00+00:00,-153.867081
2023-10-22 02:27:00+00:00,-147.259567
2023-10-22 02:28:00+00:00,-160.264114
2023-10-22 02:29:00+00:00,-154.364349
2023-10-22 02:30:00+00:00,-155.171036
2023-10-22 02:31:00+00:00,-161.663651
2023-10-22 02:32:00+00:00,-165.95694
2023-10-22 02:33:00+00:00,-179.151749
2023-10-22 02:34:00+00:00,-168.883789
2023-10-22 02:35:00+00:00,-157.464584
2023-10-22 02:36:00+00:00,-166.972687
2023-10-22 02:37:00+00:00,-183.312622
2023-10-22 02:38:00+00:00,-183.897873
2023-10-22 02:39:00+00:00,-182.338852
2023-10-22 02:40:00+00:00,-182.294724
2023-10-22 02:41:00+00:00,-186.475479
2023-10-22 02:42:00+00:00,-194.560852
2023-10-22 02:43:00+00:00,-192.143082
2023-10-22 02:44:00+00:00,-179.719406
2023-10-22 02:45:00+00:00,-163.520706
2023-10-22 02:46:00+00:00,-157.644699
2023-10-22 02:47:00+00:00,-150.105728
2023-10-29 00:00:00+00:00,-523.629578
2023-10-29 00:01:00+00:00,-532.616943
2023-10-29 00:02:00+00:00,-542.542603
2023-10-29 00:03:00+00:00,-504.710388
2023-10-29 00:04:00+00:00,-459.171051
2023-10-29 00:05:00+00:00,-439.225555
2023-10-29 00:06:00+00:00,-451.786133
2023-10-29 00:07:00+00:00,-469.419495
2023-10-29 00:08:00+00:00,-477.55896
2023-10-29 00:09:00+00:00,-506.511322
2023-10-29 00:10:00+00:00,-561.316772
2023-10-29 00:11:00+00:00,-581.583801
2023-10-29 00:12:00+00:00,-582.31073
2023-10-29 00:13:00+00:00,-565.727844
2023-10-29 00:14:00+00:00,-545.778198
2023-10-29 00:15:00+00:00,-537.444946
2023-10-29 00:16:00+00:00,-552.038513
2023-10-29 00:17:00+00:00,-541.121033
2023-10-29 00:18:00+00:00,-526.928955
2023-10-29 00:19:00+00:00,-520.08551
2023-10-29 00:20:00+00:00,-515.941284
2023-10-29 00:21:00+00:00,-499.077606
2023-10-29 00:22:00+00:00,-513.570251
2023-10-29 00:23:00+00:00,-508.976532
2023-10-29 00:24:00+00:00,-484.968475
2023-10-29 00:25:00+00:00,-457.30011
2023-10-29 00:26:00+00:00,-446.192322
2023-10-29 00:27:00+00:00,-460.325043
2023-10-29 00:28:00+00:00,-512.566162
2023-10-29 00:29:00+00:00,-548.770447
2023-10-29 00:30:00+00:00,-552.74707
2023-10-29 00:31:00+00:00,-516.305664
2023-10-29 00:32:00+00:00,-471.608459
2023-10-29 00:33:00+00:00,-446.470947
2023-10-29 00:34:00+00:00,-424.612213
2023-10-29 00:35:00+00:00,-405.071869
2023-10-29 00:36:00+00:00,-385.572876
2023-10-29 00:37:00+00:00,-361.143066
2023-10-29 00:38:00+00:00,-336.280579
2023-10-29 00:39:00+00:00,-303.506409
2023-10-29 00:40:00+00:00,-298.58075
2023-10-29 00:41:00+00:00,-288.968872
2023-10-29 00:42:00+00:00,-267.571655
2023-10-29 00:43:00+00:00,-236.828934
2023-10-29 00:44:00+00:00,-234.738098
2023-10-29 00:45:00+00:00,-238.555435
2023-10-29 00:46:00+00:00,-227.39592
2023-10-29 00:47:00+00:00,-217.503281
2023-10-29 00:48:00+00:00,-217.069656
2023-10-29 00:49:00+00:00,-220.941849
2023-10-29 00:50:00+00:00,-215.146301
2023-10-29 00:51:00+00:00,-233.092926
2023-10-29 00:52:00+00:00,-238.782455
2023-10-29 00:53:00+00:00,-249.430389
2023-10-29 00:54:00+00:00,-245.419815
2023-10-29 00:55:00+00:00,-246.56076
2023-10-29 00:56:00+00:00,-331.220215
2023-10-29 00:57:00+00:00,-383.918457
2023-10-29 00:58:00+00:00,-333.949921
2023-10-29 00:59:00+00:00,-343.537292
2023-10-29 01:00:00+00:00,-364.369141
2023-10-29 01:01:00+00:00,-412.90918
2023-10-29 01:02:00+00:00,-416.566132
2023-10-29 01:03:00+00:00,-418.335999
2023-10-29 01:04:00+00:00,-417.218689
2023-10-29 01:05:00+00:00,-427.164368
2023-10-29 01:06:00+00:00,-458.095917
2023-10-29 01:07:00+00:00,-427.035553
2023-10-29 01:08:00+00:00,-412.110138
2023-10-29 01:09:00+00:00,-419.14386
2023-10-29 01:10:00+00:00,-416.949127
2023-10-29 01:11:00+00:00,-399.884216
2023-10-29 01:12:00+00:00,-379.935394
2023-10-29 01:13:00+00:00,-370.046143
2023-10-29 01:14:00+00:00,-389.613525
2023-10-29 01:15:00+00:00,-417.741974
2023-10-29 01:16:00+00:00,-421.096924
2023-10-29 01:17:00+00:00,-440.16925
2023-10-29 01:18:00+00:00,-389.979553
2023-10-29 01:19:00+00:00,-388.444702
2023-10-29 01:20:00+00:00,-397.268372
2023-10-29 01:21:00+00:00,-369.329651
2023-10-29 01:22:00+00:00,-378.851166
2023-10-29 01:23:00+00:00,-367.818848
2023-10-29 01:24:00+00:00,-383.584778
2023-10-29 01:25:00+00:00,-414.710449
2023-10-29 01:26:00+00:00,-435.104797
2023-10-29 01:27:00+00:00,-463.872284
2023-10-29 01:28:00+00:00,-514.926208
2023-10-29 01:29:00+00:00,-515.224121
2023-10-29 01:30:00+00:00,-501.411743
2023-10-29 01:31:00+00:00,-456.873749
2023-10-29 01:32:00+00:00,-412.818024
2023-10-29 01:33:00+00:00,-378.096375
2023-10-29 01:34:00+00:00,-353.255737
2023-10-29 01:35:00+00:00,-327.236816
2023-10-29 01:36:00+00:00,-315.937378
2023-10-29 01:37:00+00:00,-308.968262
2023-10-29 01:38:00+00:00,-303.757629
2023-10-29 01:39:00+00:00,-290.692139
2023-10-29 01:40:00+00:00,-277.272308
2023-10-29 01:41:00+00:00,-278.210236
2023-10-29 01:42:00+00:00,-293.838348
2023-10-29 01:43:00+00:00,-285.72641
2023-10-29 01:44:00+00:00,-277.67511
2023-10-29 01:45:00+00:00,-258.570526
2023-10-29 01:46:00+00:00,-342.915222
2023-10-29 01:47:00+00:00,-423.105347
2023-10-29 01:48:00+00:00,-346.130646
2023-10-29 01:49:00+00:00,-329.185669
2023-10-29 01:50:00+00:00,-296.75293
2023-10-29 01:51:00+00:00,-300.651337
2023-10-29 01:52:00+00:00,-276.22406
2023-10-29 01:53:00+00:00,-260.745056
2023-10-29 01:54:00+00:00,-282.857056
2023-10-29 01:55:00+00:00,-285.109009
2023-10-29 01:56:00+00:00,-276.425903
2023-10-29 01:57:00+00:00,-311.295166
2023-10-29 01:58:00+00:00,-324.868927
2023-10-29 01:59:00+00:00,-336.151093
2023-10-29 02:00:00+00:00,-318.471405
2023-10-29 02:01:00+00:00,-303.578125
2023-10-29 02:02:00+00:00,-267.785828
2023-10-29 02:03:00+00:00,-219.049362
2023-10-29 02:04:00+00:00,-203.446457
2023-10-29 02:05:00+00:00,-190.148148
2023-10-29 02:06:00+00:00,-183.783005
2023-10-29 02:07:00+00:00,-183.642822
2023-10-29 02:08:00+00:00,-187.75415
2023-10-29 02:09:00+00:00,-180.531998
2023-10-29 02:10:00+00:00,-172.754684
2023-10-29 02:11:00+00:00,-156.346008
2023-10-29 02:12:00+00:00,-135.529572
2023-10-29 02:13:00+00:00,-113.790497
2023-10-29 02:14:00+00:00,-110.610641
2023-10-29 02:15:00+00:00,-148.259445
2023-10-29 02:16:00+00:00,-140.013794
2023-10-29 02:17:00+00:00,-141.855698
2023-10-29 02:18:00+00:00,-142.183548
2023-10-29 02:19:00+00:00,-150.941635
2023-10-29 02:20:00+00:00,-163.378983
2023-10-29 02:21:00+00:00,-155.223801
2023-10-29 02:22:00+00:00,-129.316437
2023-10-29 02:23:00+00:00,-114.460274
2023-10-29 02:24:00+00:00,-106.271225
2023-10-29 02:25:00+00:00,-95.902687
2023-10-29 02:26:00+00:00,-88.481491
2023-10-29 02:27:00+00:00,-82.529297
2023-10-29 02:28:00+00:00,-76.805916
2023-10-29 02:29:00+00:00,-74.979927
2023-10-29 02:30:00+00:00,-74.099991
2023-10-29 02:31:00+00:00,-70.2229
2023-10-29 02:32:00+00:00,-64.357552
2023-10-29 02:33:00+00:00,-73.754425
2023-10-29 02:34:00+00:00,-94.676292
2023-10-29 02:35:00+00:00,-115.735527
2023-10-29 02:36:00+00:00,-144.458832
2023-10-29 02:37:00+00:00,-164.486404
2023-10-29 02:38:00+00:00,-168.518723
2023-10-29 02:39:00+00:00,-183.737488
2023-10-29 02:40:00+00:00,-201.677917
2023-10-29 02:41:00+00:00,-208.048111
2023-10-29 02:42:00+00:00,-200.937943
2023-10-29 02:43:00+00:00,-211.950714
2023-10-29 02:44:00+00:00,-185.983612
2023-10-29 02:45:00+00:00,-173.930893
2023-10-29 02:46:00+00:00,-189.755508
2023-10-29 02:47:00+00:00,-198.686035
2023-11-05 00:00:00+00:00,-122.151886
2023-11-05 00:01:00+00:00,-121.602898
2023-11-05 00:02:00+00:00,-118.866547
2023-11-05 00:03:00+00:00,-110.897896
2023-11-05 00:04:00+00:00,-110.529465
2023-11-05 00:05:00+00:00,-109.994652
2023-11-05 00:06:00+00:00,-107.796989
2023-11-05 00:07:00+00:00,-104.048042
2023-11-05 00:08:00+00:00,-102.627808
2023-11-05 00:09:00+00:00,-100.066559
2023-11-05 00:10:00+00:00,-113.962532
2023-11-05 00:11:00+00:00,-108.200317
2023-11-05 00:12:00+00:00,-108.459908
2023-11-05 00:13:00+00:00,-115.25222
2023-11-05 00:14:00+00:00,-129.353882
2023-11-05 00:15:00+00:00,-136.464005
2023-11-05 00:16:00+00:00,-138.846481
2023-11-05 00:17:00+00:00,-127.287384
2023-11-05 00:18:00+00:00,-136.221832
2023-11-05 00:19:00+00:00,-121.98011
2023-11-05 00:20:00+00:00,-121.757965
2023-11-05 00:21:00+00:00,-112.661369
2023-11-05 00:22:00+00:00,-95.192619
2023-11-05 00:23:00+00:00,-92.530159
2023-11-05 00:24:00+00:00,-87.010124
2023-11-05 00:25:00+00:00,-91.582237
2023-11-05 00:26:00+00:00,-88.517555
2023-11-05 00:27:00+00:00,-84.998756
2023-11-05 00:28:00+00:00,-84.351921
2023-11-05 00:29:00+00:00,-80.779602
2023-11-05 00:30:00+00:00,-78.073982
2023-11-05 00:31:00+00:00,-75.819199
2023-11-05 00:32:00+00:00,-74.47113
2023-11-05 00:33:00+00:00,-83.836304
2023-11-05 00:34:00+00:00,-66.213707
2023-11-05 00:35:00+00:00,-61.156799
2023-11-05 00:36:00+00:00,-60.483212
2023-11-05 00:37:00+00:00,-65.359924
2023-11-05 00:38:00+00:00,-69.043457
2023-11-05 00:39:00+00:00,-71.043533
2023-11-05 00:40:00+00:00,-72.642822
2023-11-05 00:41:00+00:00,-75.013145
2023-11-05 00:42:00+00:00,-75.646652
2023-11-05 00:43:00+00:00,-74.927818
2023-11-05 00:44:00+00:00,-75.083153
2023-11-05 00:45:00+00:00,-74.620171
2023-11-05 00:46:00+00:00,-73.5989
2023-11-05 00:47:00+00:00,-73.307365
2023-11-05 00:48:00+00:00,-71.21476
2023-11-05 00:49:00+00:00,-68.56617
2023-11-05 00:50:00+00:00,-67.359085
2023-11-05 00:51:00+00:00,-68.239166
2023-11-05 00:52:00+00:00,-70.470627
2023-11-05 00:53:00+00:00,-71.31778
2023-11-05 00:54:00+00:00,-71.080376
2023-11-05 00:55:00+00:00,-69.373619
2023-11-05 00:56:00+00:00,-68.505547
2023-11-05 00:57:00+00:00,-68.848694
2023-11-05 00:58:00+00:00,-70.775597
2023-11-05 00:59:00+00:00,-73.221161
2023-11-05 01:00:00+00:00,-74.783554
2023-11-05 01:01:00+00:00,-76.06395
2023-11-05 01:02:00+00:00,-78.105431
2023-11-05 01:03:00+00:00,-79.057922
2023-11-05 01:04:00+00:00,-78.90876
2023-11-05 01:05:00+00:00,-79.37867
2023-11-05 01:06:00+00:00,-77.485634
2023-11-05 01:07:00+00:00,-75.031624
2023-11-05 01:08:00+00:00,-72.53952
2023-11-05 01:09:00+00:00,-68.990799
2023-11-05 01:10:00+00:00,-67.606178
2023-11-05 01:11:00+00:00,-67.692329
2023-11-05 01:12:00+00:00,-66.921143
2023-11-05 01:13:00+00:00,-63.732876
2023-11-05 01:14:00+00:00,-63.28516
2023-11-05 01:15:00+00:00,-63.353226
2023-11-05 01:16:00+00:00,-63.110435
2023-11-05 01:17:00+00:00,-66.004562
2023-11-05 01:18:00+00:00,-64.932114
2023-11-05 01:19:00+00:00,-65.329636
2023-11-05 01:20:00+00:00,-64.640022
2023-11-05 01:21:00+00:00,-64.172127
2023-11-05 01:22:00+00:00,-64.273148
2023-11-05 01:23:00+00:00,-64.845703
2023-11-05 01:24:00+00:00,-65.523109
2023-11-05 01:25:00+00:00,-65.498253
2023-11-05 01:26:00+00:00,-65.519699
2023-11-05 01:27:00+00:00,-67.31501
2023-11-05 01:28:00+00:00,-67.818504
2023-11-05 01:29:00+00:00,-65.920891
2023-11-05 01:30:00+00:00,-64.613121
2023-11-05 01:31:00+00:00,-64.166061
2023-11-05 01:32:00+00:00,-62.901859
2023-11-05 01:33:00+00:00,-62.562695
2023-11-05 01:34:00+00:00,-62.488911
2023-11-05 01:35:00+00:00,-62.074074
2023-11-05 01:36:00+00:00,-60.748528
2023-11-05 01:37:00+00:00,-58.823948
2023-11-05 01:38:00+00:00,-59.251202
2023-11-05 01:39:00+00:00,-59.212425
2023-11-05 01:40:00+00:00,-61.47813
2023-11-05 01:41:00+00:00,-63.882801
2023-11-05 01:42:00+00:00,-65.640305
2023-11-05 01:43:00+00:00,-65.113075
2023-11-05 01:44:00+00:00,-64.631439
2023-11-05 01:45:00+00:00,-63.471413
2023-11-05 01:46:00+00:00,-62.745296
2023-11-05 01:47:00+00:00,-60.897926
2023-11-05 01:48:00+00:00,-60.226673
2023-11-05 01:49:00+00:00,-59.748634
2023-11-05 01:50:00+00:00,-58.997017
2023-11-05 01:51:00+00:00,-58.461174
2023-11-05 01:52:00+00:00,-58.281555
2023-11-05 01:53:00+00:00,-59.109631
2023-11-05 01:54:00+00:00,-59.471279
2023-11-05 01:55:00+00:00,-59.679989
2023-11-05 01:56:00+00:00,-58.687428
2023-11-05 01:57:00+00:00,-58.56049
2023-11-05 01:58:00+00:00,-58.259705
2023-11-05 01:59:00+00:00,-60.137966
2023-11-05 02:00:00+00:00,-60.82621
2023-11-05 02:01:00+00:00,-65.082642
2023-11-05 02:02:00+00:00,-64.350044
2023-11-05 02:03:00+00:00,-62.845722
2023-11-05 02:04:00+00:00,-60.138535
2023-11-05 02:05:00+00:00,-59.807594
2023-11-05 02:06:00+00:00,-62.503822
2023-11-05 02:07:00+00:00,-66.538704
2023-11-05 02:08:00+00:00,-68.970863
2023-11-05 02:09:00+00:00,-70.34037
2023-11-05 02:10:00+00:00,-70.262459
2023-11-05 02:11:00+00:00,-68.360687
2023-11-05 02:12:00+00:00,-68.467583
2023-11-05 02:13:00+00:00,-69.991844
2023-11-05 02:14:00+00:00,-69.816795
2023-11-05 02:15:00+00:00,-68.836983
2023-11-05 02:16:00+00:00,-66.951828
2023-11-05 02:17:00+00:00,-64.164772
2023-11-05 02:18:00+00:00,-60.58226
2023-11-05 02:19:00+00:00,-59.369354
2023-11-05 02:20:00+00:00,-58.976257
2023-11-05 02:21:00+00:00,-58.813133
2023-11-05 02:22:00+00:00,-58.742809
2023-11-05 02:23:00+00:00,-57.952789
2023-11-05 02:24:00+00:00,-57.636444
2023-11-05 02:25:00+00:00,-59.622887
2023-11-05 02:26:00+00:00,-60.45071
2023-11-05 02:27:00+00:00,-60.153126
2023-11-05 02:28:00+00:00,-60.083176
2023-11-05 02:29:00+00:00,-59.317543
2023-11-05 02:30:00+00:00,-58.161896
2023-11-05 02:31:00+00:00,-60.103443
2023-11-05 02:32:00+00:00,-60.285172
2023-11-05 02:33:00+00:00,-60.504936
2023-11-05 02:34:00+00:00,-61.646534
2023-11-05 02:35:00+00:00,-64.405769
2023-11-05 02:36:00+00:00,-64.703545
2023-11-05 02:37:00+00:00,-64.630203
2023-11-05 02:38:00+00:00,-64.576378
2023-11-05 02:39:00+00:00,-64.735428
2023-11-05 02:40:00+00:00,-64.446236
2023-11-05 02:41:00+00:00,-64.491028
2023-11-05 02:42:00+00:00,-65.497246
2023-11-05 02:43:00+00:00,-65.317451
2023-11-05 02:44:00+00:00,-65.454567
2023-11-05 02:45:00+00:00,-66.094643
2023-11-05 02:46:00+00:00,-67.324112
2023-11-05 02:47:00+00:00,-67.18399
2023-11-12 00:00:00+00:00,-37.176308
2023-11-12 00:01:00+00:00,-45.646572
2023-11-12 00:02:00+00:00,-47.769127
2023-11-12 00:03:00+00:00,-44.72319
2023-11-12 00:04:00+00:00,-59.037479
2023-11-12 00:05:00+00:00,-52.75597
2023-11-12 00:06:00+00:00,-43.947571
2023-11-12 00:07:00+00:00,-43.616631
2023-11-12 00:08:00+00:00,-41.269489
2023-11-12 00:09:00+00:00,-55.657406
2023-11-12 00:10:00+00:00,-51.793121
2023-11-12 00:11:00+00:00,-45.332912
2023-11-12 00:12:00+00:00,-40.043407
2023-11-12 00:13:00+00:00,-34.402721
2023-11-12 00:14:00+00:00,-34.852226
2023-11-12 00:15:00+00:00,-33.736202
2023-11-12 00:16:00+00:00,-28.129597
2023-11-12 00:17:00+00:00,-28.229443
2023-11-12 00:18:00+00:00,-28.112946
2023-11-12 00:19:00+00:00,-28.294741
2023-11-12 00:20:00+00:00,-33.704067
2023-11-12 00:21:00+00:00,-28.054054
2023-11-12 00:22:00+00:00,-27.434372
2023-11-12 00:23:00+00:00,-27.510393
2023-11-12 00:24:00+00:00,-27.744993
2023-11-12 00:25:00+00:00,-27.625465
2023-11-12 00:26:00+00:00,-27.459412
2023-11-12 00:27:00+00:00,-28.112055
2023-11-12 00:28:00+00:00,-28.265995
2023-11-12 00:29:00+00:00,-28.630224
2023-11-12 00:30:00+00:00,-26.620728
2023-11-12 00:31:00+00:00,-26.611628
2023-11-12 00:32:00+00:00,-27.069805
2023-11-12 00:33:00+00:00,-27.422991
2023-11-12 00:34:00+00:00,-28.003204
2023-11-12 00:35:00+00:00,-27.120094
2023-11-12 00:36:00+00:00,-27.436588
2023-11-12 00:37:00+00:00,-27.64415
2023-11-12 00:38:00+00:00,-27.989845
2023-11-12 00:39:00+00:00,-26.545933
2023-11-12 00:40:00+00:00,-26.45303
2023-11-12 00:41:00+00:00,-26.757999
2023-11-12 00:42:00+00:00,-27.075098
2023-11-12 00:43:00+00:00,-27.708208
2023-11-12 00:44:00+00:00,-28.313221
2023-11-12 00:45:00+00:00,-28.429359
2023-11-12 00:46:00+00:00,-28.563454
2023-11-12 00:47:00+00:00,-28.727217
2023-11-12 00:48:00+00:00,-27.843491
2023-11-12 00:49:00+00:00,-28.206213
2023-11-12 00:50:00+00:00,-26.725792
2023-11-12 00:51:00+00:00,-25.302101
2023-11-12 00:52:00+00:00,-25.926598
2023-11-12 00:53:00+00:00,-26.156889
2023-11-12 00:54:00+00:00,-26.592575
2023-11-12 00:55:00+00:00,-26.552984
2023-11-12 00:56:00+00:00,-31.651533
2023-11-12 00:57:00+00:00,-38.532745
2023-11-12 00:58:00+00:00,-54.489315
2023-11-12 00:59:00+00:00,-39.800125
2023-11-12 01:00:00+00:00,-32.348209
2023-11-12 01:01:00+00:00,-25.836716
2023-11-12 01:02:00+00:00,-30.377268
2023-11-12 01:03:00+00:00,-34.25853
2023-11-12 01:04:00+00:00,-51.157104
2023-11-12 01:05:00+00:00,-43.592709
2023-11-12 01:06:00+00:00,-37.274017
2023-11-12 01:07:00+00:00,-26.665089
2023-11-12 01:08:00+00:00,-26.677624
2023-11-12 01:09:00+00:00,-26.950998
2023-11-12 01:10:00+00:00,-27.371548
2023-11-12 01:11:00+00:00,-27.599079
2023-11-12 01:12:00+00:00,-27.564232
2023-11-12 01:13:00+00:00,-27.397373
2023-11-12 01:14:00+00:00,-27.331841
2023-11-12 01:15:00+00:00,-27.240185
2023-11-12 01:16:00+00:00,-26.246405
2023-11-12 01:17:00+00:00,-26.611217
2023-11-12 01:18:00+00:00,-26.063116
2023-11-12 01:19:00+00:00,-25.649925
2023-11-12 01:20:00+00:00,-25.859478
2023-11-12 01:21:00+00:00,-25.980692
2023-11-12 01:22:00+00:00,-25.852957
2023-11-12 01:23:00+00:00,-25.712576
2023-11-12 01:24:00+00:00,-25.589798
2023-11-12 01:25:00+00:00,-26.624249
2023-11-12 01:26:00+00:00,-27.741686
2023-11-12 01:27:00+00:00,-28.044624
2023-11-12 01:28:00+00:00,-28.066788
2023-11-12 01:29:00+00:00,-27.204517
2023-11-12 01:30:00+00:00,-25.731777
2023-11-12 01:31:00+00:00,-24.543407
2023-11-12 01:32:00+00:00,-23.825214
2023-11-12 01:33:00+00:00,-29.543526
2023-11-12 01:34:00+00:00,-64.301117
2023-11-12 01:35:00+00:00,-97.694664
2023-11-12 01:36:00+00:00,-77.487427
2023-11-12 01:37:00+00:00,-67.521042
2023-11-12 01:38:00+00:00,-105.664963
2023-11-12 01:39:00+00:00,-104.668663
2023-11-12 01:40:00+00:00,-124.465706
2023-11-12 01:41:00+00:00,-133.976959
2023-11-12 01:42:00+00:00,-124.606682
2023-11-12 01:43:00+00:00,-137.415802
2023-11-12 01:44:00+00:00,-104.561684
2023-11-12 01:45:00+00:00,-83.945084
2023-11-12 01:46:00+00:00,-79.276909
2023-11-12 01:47:00+00:00,-75.487793
2023-11-12 01:48:00+00:00,-57.657776
2023-11-12 01:49:00+00:00,-53.564003
2023-11-12 01:50:00+00:00,-53.118881
2023-11-12 01:51:00+00:00,-53.37796
2023-11-12 01:52:00+00:00,-39.745876
2023-11-12 01:53:00+00:00,-34.245029
2023-11-12 01:54:00+00:00,-36.965385
2023-11-12 01:55:00+00:00,-38.261589
2023-11-12 01:56:00+00:00,-37.816254
2023-11-12 01:57:00+00:00,-35.219223
2023-11-12 01:58:00+00:00,-34.157814
2023-11-12 01:59:00+00:00,-30.643152
2023-11-12 02:00:00+00:00,-29.838118
2023-11-12 02:01:00+00:00,-27.693058
2023-11-12 02:02:00+00:00,-24.4161
2023-11-12 02:03:00+00:00,-23.108616
2023-11-12 02:04:00+00:00,-23.438377
2023-11-12 02:05:00+00:00,-23.469646
2023-11-12 02:06:00+00:00,-24.785576
2023-11-12 02:07:00+00:00,-26.65633
2023-11-12 02:08:00+00:00,-23.926264
2023-11-12 02:09:00+00:00,-23.508205
2023-11-12 02:10:00+00:00,-23.460863
2023-11-12 02:11:00+00:00,-22.172016
2023-11-12 02:12:00+00:00,-20.2178
2023-11-12 02:13:00+00:00,-18.896557
2023-11-12 02:14:00+00:00,-25.308577
2023-11-12 02:15:00+00:00,-28.271225
2023-11-12 02:16:00+00:00,-24.264584
2023-11-12 02:17:00+00:00,-27.015285
2023-11-12 02:18:00+00:00,-26.256683
2023-11-12 02:19:00+00:00,-27.487772
2023-11-12 02:20:00+00:00,-21.949032
2023-11-12 02:21:00+00:00,-19.277554
2023-11-12 02:22:00+00:00,-16.260708
2023-11-12 02:23:00+00:00,-18.809599
2023-11-12 02:24:00+00:00,-20.419313
2023-11-12 02:25:00+00:00,-25.525366
2023-11-12 02:26:00+00:00,-28.889444
2023-11-12 02:27:00+00:00,-29.279097
2023-11-12 02:28:00+00:00,-25.84967
2023-11-12 02:29:00+00:00,-22.683907
2023-11-12 02:30:00+00:00,-24.975178
2023-11-12 02:31:00+00:00,-36.165237
2023-11-12 02:32:00+00:00,-36.628532
2023-11-12 02:33:00+00:00,-29.138458
2023-11-12 02:34:00+00:00,-29.510405
2023-11-12 02:35:00+00:00,-24.079227
2023-11-12 02:36:00+00:00,-31.209318
2023-11-12 02:37:00+00:00,-39.191509
2023-11-12 02:38:00+00:00,-43.297276
2023-11-12 02:39:00+00:00,-40.792469
2023-11-12 02:40:00+00:00,-44.293427
2023-11-12 02:41:00+00:00,-45.147598
2023-11-12 02:42:00+00:00,-36.551941
2023-11-12 02:43:00+00:00,-40.2057
2023-11-12 02:44:00+00:00,-41.869442
2023-11-12 02:45:00+00:00,-38.114483
2023-11-12 02:46:00+00:00,-39.003273
2023-11-12 02:47:00+00:00,-34.460583
2023-11-19 00:00:00+00:00,-18.992378
2023-11-19 00:01:00+00:00,-16.128178
2023-11-19 00:02:00+00:00,-16.652805
2023-11-19 00:03:00+00:00,-13.98659
2023-11-19 00:04:00+00:00,-9.576033
2023-11-19 00:05:00+00:00,-10.708614
2023-11-19 00:06:00+00:00,-10.547466
2023-11-19 00:07:00+00:00,-12.501871
2023-11-19 00:08:00+00:00,-14.184396
2023-11-19 00:09:00+00:00,-15.074607
2023-11-19 00:10:00+00:00,-13.108068
2023-11-19 00:11:00+00:00,-11.243925
2023-11-19 00:12:00+00:00,-12.401706
2023-11-19 00:13:00+00:00,-13.399774
2023-11-19 00:14:00+00:00,-12.976604
2023-11-19 00:15:00+00:00,-15.056429
2023-11-19 00:16:00+00:00,-13.085286
2023-11-19 00:17:00+00:00,-11.659497
2023-11-19 00:18:00+00:00,-11.658213
2023-11-19 00:19:00+00:00,-12.208938
2023-11-19 00:20:00+00:00,-11.487219
2023-11-19 00:21:00+00:00,-10.202475
2023-11-19 00:22:00+00:00,-9.648411
2023-11-19 00:23:00+00:00,-9.016419
2023-11-19 00:24:00+00:00,-8.278167
2023-11-19 00:25:00+00:00,-7.392623
2023-11-19 00:26:00+00:00,-6.137121
2023-11-19 00:27:00+00:00,-8.527241
2023-11-19 00:28:00+00:00,-10.389729
2023-11-19 00:29:00+00:00,-11.949653
2023-11-19 00:30:00+00:00,-11.956343
2023-11-19 00:31:00+00:00,-11.372048
2023-11-19 00:32:00+00:00,-13.249822
2023-11-19 00:33:00+00:00,-15.239122
2023-11-19 00:34:00+00:00,-16.83485
2023-11-19 00:35:00+00:00,-17.588964
2023-11-19 00:36:00+00:00,-17.793816
2023-11-19 00:37:00+00:00,-17.653664
2023-11-19 00:38:00+00:00,-16.095144
2023-11-19 00:39:00+00:00,-14.02177
2023-11-19 00:40:00+00:00,-13.759788
2023-11-19 00:41:00+00:00,-16.306189
2023-11-19 00:42:00+00:00,-14.224922
2023-11-19 00:43:00+00:00,-22.90354
2023-11-19 00:44:00+00:00,-39.05405
2023-11-19 00:45:00+00:00,-39.743755
2023-11-19 00:46:00+00:00,-41.966763
2023-11-19 00:47:00+00:00,-41.115635
2023-11-19 00:48:00+00:00,-39.424721
2023-11-19 00:49:00+00:00,-39.61665
2023-11-19 00:50:00+00:00,-41.62886
2023-11-19 00:51:00+00:00,-38.393051
2023-11-19 00:52:00+00:00,-40.075169
2023-11-19 00:53:00+00:00,-44.230858
2023-11-19 00:54:00+00:00,-47.59642
2023-11-19 00:55:00+00:00,-48.448204
2023-11-19 00:56:00+00:00,-50.230515
2023-11-19 00:57:00+00:00,-55.543915
2023-11-19 00:58:00+00:00,-58.930309
2023-11-19 00:59:00+00:00,-56.132965
2023-11-19 01:00:00+00:00,-49.117619
2023-11-19 01:01:00+00:00,-47.00457
2023-11-19 01:02:00+00:00,-41.776405
2023-11-19 01:03:00+00:00,-33.808113
2023-11-19 01:04:00+00:00,-28.105537
2023-11-19 01:05:00+00:00,-26.509417
2023-11-19 01:06:00+00:00,-25.931004
2023-11-19 01:07:00+00:00,-21.124119
2023-11-19 01:08:00+00:00,-18.827032
2023-11-19 01:09:00+00:00,-19.291679
2023-11-19 01:10:00+00:00,-22.224098
2023-11-19 01:11:00+00:00,-19.227793
2023-11-19 01:12:00+00:00,-17.821302
2023-11-19 01:13:00+00:00,-19.584621
2023-11-19 01:14:00+00:00,-18.021774
2023-11-19 01:15:00+00:00,-18.49889
2023-11-19 01:16:00+00:00,-18.139
2023-11-19 01:17:00+00:00,-15.284866
2023-11-19 01:18:00+00:00,-18.063423
2023-11-19 01:19:00+00:00,-17.096729
2023-11-19 01:20:00+00:00,-15.891512
2023-11-19 01:21:00+00:00,-14.75848
2023-11-19 01:22:00+00:00,-16.538864
2023-11-19 01:23:00+00:00,-22.55917
2023-11-19 01:24:00+00:00,-26.592096
2023-11-19 01:25:00+00:00,-34.97847
2023-11-19 01:26:00+00:00,-36.834503
2023-11-19 01:27:00+00:00,-37.257862
2023-11-19 01:28:00+00:00,-39.141769
2023-11-19 01:29:00+00:00,-44.334553
2023-11-19 01:30:00+00:00,-46.067329
2023-11-19 01:31:00+00:00,-50.081249
2023-11-19 01:32:00+00:00,-52.854782
2023-11-19 01:33:00+00:00,-48.967033
2023-11-19 01:34:00+00:00,-44.047894
2023-11-19 01:35:00+00:00,-45.370457
2023-11-19 01:36:00+00:00,-43.598518
2023-11-19 01:37:00+00:00,-42.339161
2023-11-19 01:38:00+00:00,-45.594337
2023-11-19 01:39:00+00:00,-46.80254
2023-11-19 01:40:00+00:00,-41.187401
2023-11-19 01:41:00+00:00,-37.195225
2023-11-19 01:42:00+00:00,-37.40316
2023-11-19 01:43:00+00:00,-33.624317
2023-11-19 01:44:00+00:00,-32.151447
2023-11-19 01:45:00+00:00,-27.0877
2023-11-19 01:46:00+00:00,-24.130346
2023-11-19 01:47:00+00:00,-23.295996
2023-11-19 01:48:00+00:00,-20.695007
2023-11-19 01:49:00+00:00,-18.00024
2023-11-19 01:50:00+00:00,-11.50233
2023-11-19 01:51:00+00:00,-7.317332
2023-11-19 01:52:00+00:00,-7.380589
2023-11-19 01:53:00+00:00,-7.080346
2023-11-19 01:54:00+00:00,-6.918079
2023-11-19 01:55:00+00:00,-6.438472
2023-11-19 01:56:00+00:00,-6.743464
2023-11-19 01:57:00+00:00,-6.677177
2023-11-19 01:58:00+00:00,-6.734601
2023-11-19 01:59:00+00:00,-7.13092
2023-11-19 02:00:00+00:00,-10.564251
2023-11-19 02:01:00+00:00,-7.230926
2023-11-19 02:02:00+00:00,-7.006525
2023-11-19 02:03:00+00:00,-7.192545
2023-11-19 02:04:00+00:00,-7.040449
2023-11-19 02:05:00+00:00,-6.711829
2023-11-19 02:06:00+00:00,-6.255468
2023-11-19 02:07:00+00:00,-5.67732
2023-11-19 02:08:00+00:00,-5.255744
2023-11-19 02:09:00+00:00,-5.166934
2023-11-19 02:10:00+00:00,-5.260499
2023-11-19 02:11:00+00:00,-5.857237
2023-11-19 02:12:00+00:00,-6.154408
2023-11-19 02:13:00+00:00,-8.118102
2023-11-19 02:14:00+00:00,-11.294191
2023-11-19 02:15:00+00:00,-18.386303
2023-11-19 02:16:00+00:00,-19.58585
2023-11-19 02:17:00+00:00,-14.242446
2023-11-19 02:18:00+00:00,-12.737932
2023-11-19 02:19:00+00:00,-14.293993
2023-11-19 02:20:00+00:00,-11.0372
2023-11-19 02:21:00+00:00,-10.635328
2023-11-19 02:22:00+00:00,-9.183697
2023-11-19 02:23:00+00:00,-7.613575
2023-11-19 02:24:00+00:00,-7.401799
2023-11-19 02:25:00+00:00,-12.942405
2023-11-19 02:26:00+00:00,-13.194131
2023-11-19 02:27:00+00:00,-9.408818
2023-11-19 02:28:00+00:00,-8.910284
2023-11-19 02:29:00+00:00,-9.751385
2023-11-19 02:30:00+00:00,-10.178267
2023-11-19 02:31:00+00:00,-9.994688
2023-11-19 02:32:00+00:00,-9.343253
2023-11-19 02:33:00+00:00,-9.284391
2023-11-19 02:34:00+00:00,-8.929921
2023-11-19 02:35:00+00:00,-8.319904
2023-11-19 02:36:00+00:00,-8.331259
2023-11-19 02:37:00+00:00,-7.808215
2023-11-19 02:38:00+00:00,-7.310818
2023-11-19 02:39:00+00:00,-7.270693
2023-11-19 02:40:00+00:00,-7.34359
2023-11-19 02:41:00+00:00,-7.622755
2023-11-19 02:42:00+00:00,-7.504658
2023-11-19 02:43:00+00:00,-8.658569
2023-11-19 02:44:00+00:00,-10.684782
2023-11-19 02:45:00+00:00,-10.164514
2023-11-19 02:46:00+00:00,-8.459189
2023-11-19 02:47:00+00:00,-9.911068
2023-11-26 00:00:00+00:00,-186.86618
2023-11-26 00:01:00+00:00,-184.288071
2023-11-26 00:02:00+00:00,-178.777649
2023-11-26 00:03:00+00:00,-173.66304
2023-11-26 00:04:00+00:00,-169.798721
2023-11-26 00:05:00+00:00,-169.430954
2023-11-26 00:06:00+00:00,-170.55455
2023-11-26 00:07:00+00:00,-168.444031
2023-11-26 00:08:00+00:00,-164.865051
2023-11-26 00:09:00+00:00,-160.382004
2023-11-26 00:10:00+00:00,-163.106262
2023-11-26 00:11:00+00:00,-168.488953
2023-11-26 00:12:00+00:00,-170.465622
2023-11-26 00:13:00+00:00,-168.458603
2023-11-26 00:14:00+00:00,-168.323456
2023-11-26 00:15:00+00:00,-164.892609
2023-11-26 00:16:00+00:00,-165.938538
2023-11-26 00:17:00+00:00,-164.844025
2023-11-26 00:18:00+00:00,-161.006546
2023-11-26 00:19:00+00:00,-156.807907
2023-11-26 00:20:00+00:00,-154.418747
2023-11-26 00:21:00+00:00,-155.353302
2023-11-26 00:22:00+00:00,-156.682526
2023-11-26 00:23:00+00:00,-161.664261
2023-11-26 00:24:00+00:00,-167.80043
2023-11-26 00:25:00+00:00,-169.069321
2023-11-26 00:26:00+00:00,-169.837646
2023-11-26 00:27:00+00:00,-177.380844
2023-11-26 00:28:00+00:00,-184.228683
2023-11-26 00:29:00+00:00,-190.125473
2023-11-26 00:30:00+00:00,-197.225433
2023-11-26 00:31:00+00:00,-201.772964
2023-11-26 00:32:00+00:00,-201.831711
2023-11-26 00:33:00+00:00,-198.739456
2023-11-26 00:34:00+00:00,-196.583069
2023-11-26 00:35:00+00:00,-208.197617
2023-11-26 00:36:00+00:00,-219.705734
2023-11-26 00:37:00+00:00,-229.191467
2023-11-26 00:38:00+00:00,-230.726059
2023-11-26 00:39:00+00:00,-241.383148
2023-11-26 00:40:00+00:00,-250.532318
2023-11-26 00:41:00+00:00,-250.759888
2023-11-26 00:42:00+00:00,-254.977417
2023-11-26 00:43:00+00:00,-252.566086
2023-11-26 00:44:00+00:00,-248.949875
2023-11-26 00:45:00+00:00,-247.61734
2023-11-26 00:46:00+00:00,-252.468811
2023-11-26 00:47:00+00:00,-249.643875
2023-11-26 00:48:00+00:00,-234.357285
2023-11-26 00:49:00+00:00,-218.286713
2023-11-26 00:50:00+00:00,-208.595627
2023-11-26 00:51:00+00:00,-197.440262
2023-11-26 00:52:00+00:00,-186.520233
2023-11-26 00:53:00+00:00,-270.790344
2023-11-26 00:54:00+00:00,-308.794006
2023-11-26 00:55:00+00:00,-244.027069
2023-11-26 00:56:00+00:00,-239.352509
2023-11-26 00:57:00+00:00,-233.733063
2023-11-26 00:58:00+00:00,-239.795273
2023-11-26 00:59:00+00:00,-297.388184
2023-11-26 01:00:00+00:00,-346.033081
2023-11-26 01:01:00+00:00,-356.977234
2023-11-26 01:02:00+00:00,-384.962097
2023-11-26 01:03:00+00:00,-402.891052
2023-11-26 01:04:00+00:00,-419.846222
2023-11-26 01:05:00+00:00,-456.783356
2023-11-26 01:06:00+00:00,-472.666046
2023-11-26 01:07:00+00:00,-469.55069
2023-11-26 01:08:00+00:00,-467.484222
2023-11-26 01:09:00+00:00,-466.342651
2023-11-26 01:10:00+00:00,-459.249115
2023-11-26 01:11:00+00:00,-438.172424
2023-11-26 01:12:00+00:00,-446.69104
2023-11-26 01:13:00+00:00,-439.097778
2023-11-26 01:14:00+00:00,-440.06897
2023-11-26 01:15:00+00:00,-449.936127
2023-11-26 01:16:00+00:00,-470.327484
2023-11-26 01:17:00+00:00,-500.380005
2023-11-26 01:18:00+00:00,-519.735352
2023-11-26 01:19:00+00:00,-549.120117
2023-11-26 01:20:00+00:00,-547.550842
2023-11-26 01:21:00+00:00,-509.273926
2023-11-26 01:22:00+00:00,-525.690613
2023-11-26 01:23:00+00:00,-444.037659
2023-11-26 01:24:00+00:00,-450.182587
2023-11-26 01:25:00+00:00,-449.497528
2023-11-26 01:26:00+00:00,-451.953613
2023-11-26 01:27:00+00:00,-450.438324
2023-11-26 01:28:00+00:00,-466.187103
2023-11-26 01:29:00+00:00,-472.951233
2023-11-26 01:30:00+00:00,-459.32077
2023-11-26 01:31:00+00:00,-458.795654
2023-11-26 01:32:00+00:00,-509.7612
2023-11-26 01:33:00+00:00,-539.658997
2023-11-26 01:34:00+00:00,-542.596436
2023-11-26 01:35:00+00:00,-529.595337
2023-11-26 01:36:00+00:00,-496.600494
2023-11-26 01:37:00+00:00,-488.665894
2023-11-26 01:38:00+00:00,-468.775024
2023-11-26 01:39:00+00:00,-645.974548
2023-11-26 01:40:00+00:00,-714.025452
2023-11-26 01:41:00+00:00,-679.47644
2023-11-26 01:42:00+00:00,-572.358948
2023-11-26 01:43:00+00:00,-505.952759
2023-11-26 01:44:00+00:00,-485.459839
2023-11-26 01:45:00+00:00,-478.573547
2023-11-26 01:46:00+00:00,-419.177856
2023-11-26 01:47:00+00:00,-390.187347
2023-11-26 01:48:00+00:00,-419.928558
2023-11-26 01:49:00+00:00,-448.711945
2023-11-26 01:50:00+00:00,-497.749542
2023-11-26 01:51:00+00:00,-525.47467
2023-11-26 01:52:00+00:00,-511.138489
2023-11-26 01:53:00+00:00,-474.721405
2023-11-26 01:54:00+00:00,-403.199982
2023-11-26 01:55:00+00:00,-383.708984
2023-11-26 01:56:00+00:00,-355.34903
2023-11-26 01:57:00+00:00,-318.004822
2023-11-26 01:58:00+00:00,-282.18631
2023-11-26 01:59:00+00:00,-282.476196
2023-11-26 02:00:00+00:00,-267.157837
2023-11-26 02:01:00+00:00,-239.66954
2023-11-26 02:02:00+00:00,-235.782043
2023-11-26 02:03:00+00:00,-248.88208
2023-11-26 02:04:00+00:00,-249.817291
2023-11-26 02:05:00+00:00,-261.904297
2023-11-26 02:06:00+00:00,-272.905365
2023-11-26 02:07:00+00:00,-284.765015
2023-11-26 02:08:00+00:00,-282.899231
2023-11-26 02:09:00+00:00,-282.87735
2023-11-26 02:10:00+00:00,-291.828278
2023-11-26 02:11:00+00:00,-283.850586
2023-11-26 02:12:00+00:00,-284.888641
2023-11-26 02:13:00+00:00,-292.855988
2023-11-26 02:14:00+00:00,-290.509491
2023-11-26 02:15:00+00:00,-253.214828
2023-11-26 02:16:00+00:00,-219.246384
2023-11-26 02:17:00+00:00,-191.287125
2023-11-26 02:18:00+00:00,-193.418335
2023-11-26 02:19:00+00:00,-191.262558
2023-11-26 02:20:00+00:00,-196.664886
2023-11-26 02:21:00+00:00,-199.596191
2023-11-26 02:22:00+00:00,-196.809769
2023-11-26 02:23:00+00:00,-188.233063
2023-11-26 02:24:00+00:00,-195.759399
2023-11-26 02:25:00+00:00,-180.212067
2023-11-26 02:26:00+00:00,-176.573593
2023-11-26 02:27:00+00:00,-174.133728
2023-11-26 02:28:00+00:00,-172.184906
2023-11-26 02:29:00+00:00,-171.412445
2023-11-26 02:30:00+00:00,-145.186859
2023-11-26 02:31:00+00:00,-130.457809
2023-11-26 02:32:00+00:00,-110.036316
2023-11-26 02:33:00+00:00,-110.617844
2023-11-26 02:34:00+00:00,-107.472771
2023-11-26 02:35:00+00:00,-97.661171
2023-11-26 02:36:00+00:00,-100.74337
2023-11-26 02:37:00+00:00,-84.168617
2023-11-26 02:38:00+00:00,-78.151497
2023-11-26 02:39:00+00:00,-75.270378
2023-11-26 02:40:00+00:00,-77.397049
2023-11-26 02:41:00+00:00,-79.871719
2023-11-26 02:42:00+00:00,-83.824654
2023-11-26 02:43:00+00:00,-84.443214
2023-11-26 02:44:00+00:00,-93.040611
2023-11-26 02:45:00+00:00,-91.614525
2023-11-26 02:46:00+00:00,-88.268547
2023-11-26 02:47:00+00:00,-86.247871
2023-12-03 00:00:00+00:00,-35.529049
2023-12-03 00:01:00+00:00,-32.729416
2023-12-03 00:02:00+00:00,-34.925991
2023-12-03 00:03:00+00:00,-35.991611
2023-12-03 00:04:00+00:00,-36.912567
2023-12-03 00:05:00+00:00,-39.180038
2023-12-03 00:06:00+00:00,-38.391655
2023-12-03 00:07:00+00:00,-36.014179
2023-12-03 00:08:00+00:00,-37.983124
2023-12-03 00:09:00+00:00,-41.203735
2023-12-03 00:10:00+00:00,-41.314651
2023-12-03 00:11:00+00:00,-38.956463
2023-12-03 00:12:00+00:00,-38.37426
2023-12-03 00:13:00+00:00,-35.033833
2023-12-03 00:14:00+00:00,-34.412399
2023-12-03 00:15:00+00:00,-33.959496
2023-12-03 00:16:00+00:00,-36.176224
2023-12-03 00:17:00+00:00,-37.260601
2023-12-03 00:18:00+00:00,-35.270184
2023-12-03 00:19:00+00:00,-32.707493
2023-12-03 00:20:00+00:00,-32.778488
2023-12-03 00:21:00+00:00,-34.352791
2023-12-03 00:22:00+00:00,-38.383198
2023-12-03 00:23:00+00:00,-39.547638
2023-12-03 00:24:00+00:00,-39.552135
2023-12-03 00:25:00+00:00,-36.959156
2023-12-03 00:26:00+00:00,-36.699333
2023-12-03 00:27:00+00:00,-37.73745
2023-12-03 00:28:00+00:00,-38.796223
2023-12-03 00:29:00+00:00,-39.827675
2023-12-03 00:30:00+00:00,-36.821064
2023-12-03 00:31:00+00:00,-34.320343
2023-12-03 00:32:00+00:00,-33.98267
2023-12-03 00:33:00+00:00,-33.339916
2023-12-03 00:34:00+00:00,-32.810986
2023-12-03 00:35:00+00:00,-31.378273
2023-12-03 00:36:00+00:00,-34.680412
2023-12-03 00:37:00+00:00,-38.599205
2023-12-03 00:38:00+00:00,-37.654152
2023-12-03 00:39:00+00:00,-37.033691
2023-12-03 00:40:00+00:00,-40.95068
2023-12-03 00:41:00+00:00,-43.696106
2023-12-03 00:42:00+00:00,-42.006256
2023-12-03 00:43:00+00:00,-40.126217
2023-12-03 00:44:00+00:00,-40.804977
2023-12-03 00:45:00+00:00,-43.036644
2023-12-03 00:46:00+00:00,-43.960857
2023-12-03 00:47:00+00:00,-43.946674
2023-12-03 00:48:00+00:00,-42.749947
2023-12-03 00:49:00+00:00,-39.88821
2023-12-03 00:50:00+00:00,-39.045033
2023-12-03 00:51:00+00:00,-40.223301
2023-12-03 00:52:00+00:00,-40.498184
2023-12-03 00:53:00+00:00,-41.053238
2023-12-03 00:54:00+00:00,-43.971436
2023-12-03 00:55:00+00:00,-45.378723
2023-12-03 00:56:00+00:00,-42.894203
2023-12-03 00:57:00+00:00,-38.495384
2023-12-03 00:58:00+00:00,-37.851173
2023-12-03 00:59:00+00:00,-40.050411
2023-12-03 01:00:00+00:00,-42.328407
2023-12-03 01:01:00+00:00,-42.018322
2023-12-03 01:02:00+00:00,-40.892036
2023-12-03 01:03:00+00:00,-41.892811
2023-12-03 01:04:00+00:00,-42.906368
2023-12-03 01:05:00+00:00,-41.632889
2023-12-03 01:06:00+00:00,-40.329185
2023-12-03 01:07:00+00:00,-38.740364
2023-12-03 01:08:00+00:00,-38.872261
2023-12-03 01:09:00+00:00,-40.021744
2023-12-03 01:10:00+00:00,-41.337219
2023-12-03 01:11:00+00:00,-40.996418
2023-12-03 01:12:00+00:00,-38.431931
2023-12-03 01:13:00+00:00,-38.993351
2023-12-03 01:14:00+00:00,-41.995117
2023-12-03 01:15:00+00:00,-40.942093
2023-12-03 01:16:00+00:00,-39.615429
2023-12-03 01:17:00+00:00,-40.443977
2023-12-03 01:18:00+00:00,-48.253819
2023-12-03 01:19:00+00:00,-51.124031
2023-12-03 01:20:00+00:00,-41.670815
2023-12-03 01:21:00+00:00,-42.713783
2023-12-03 01:22:00+00:00,-90.98822
2023-12-03 01:23:00+00:00,-84.685776
2023-12-03 01:24:00+00:00,-38.264446
2023-12-03 01:25:00+00:00,-26.017378
2023-12-03 01:26:00+00:00,-26.1397
2023-12-03 01:27:00+00:00,-26.233938
2023-12-03 01:28:00+00:00,-28.186581
2023-12-03 01:29:00+00:00,-36.012142
2023-12-03 01:30:00+00:00,-42.883232
2023-12-03 01:31:00+00:00,-41.971531
2023-12-03 01:32:00+00:00,-55.363575
2023-12-03 01:33:00+00:00,-64.372452
2023-12-03 01:34:00+00:00,-63.209217
2023-12-03 01:35:00+00:00,-45.46479
2023-12-03 01:36:00+00:00,-37.331989
2023-12-03 01:37:00+00:00,-34.117897
2023-12-03 01:38:00+00:00,-43.882072
2023-12-03 01:39:00+00:00,-44.931206
2023-12-03 01:40:00+00:00,-45.581284
2023-12-03 01:41:00+00:00,-60.47934
2023-12-03 01:42:00+00:00,-56.387142
2023-12-03 01:43:00+00:00,-48.06002
2023-12-03 01:44:00+00:00,-32.604424
2023-12-03 01:45:00+00:00,-36.085861
2023-12-03 01:46:00+00:00,-42.998222
2023-12-03 01:47:00+00:00,-84.147926
2023-12-03 01:48:00+00:00,-89.606667
2023-12-03 01:49:00+00:00,-54.097374
2023-12-03 01:50:00+00:00,-41.852413
2023-12-03 01:51:00+00:00,-38.703117
2023-12-03 01:52:00+00:00,-29.005993
2023-12-03 01:53:00+00:00,-22.650579
2023-12-03 01:54:00+00:00,-23.435425
2023-12-03 01:55:00+00:00,-84.300095
2023-12-03 01:56:00+00:00,-65.936554
2023-12-03 01:57:00+00:00,-48.329769
2023-12-03 01:58:00+00:00,-43.987465
2023-12-03 01:59:00+00:00,-32.946259
2023-12-03 02:00:00+00:00,-17.712337
2023-12-03 02:01:00+00:00,-17.345062
2023-12-03 02:02:00+00:00,-18.992214
2023-12-03 02:03:00+00:00,-24.669121
2023-12-03 02:04:00+00:00,-30.252815
2023-12-03 02:05:00+00:00,-29.168308
2023-12-03 02:06:00+00:00,-32.647556
2023-12-03 02:07:00+00:00,-32.517113
2023-12-03 02:08:00+00:00,-29.875242
2023-12-03 02:09:00+00:00,-31.868847
2023-12-03 02:10:00+00:00,-35.343632
2023-12-03 02:11:00+00:00,-33.124794
2023-12-03 02:12:00+00:00,-35.113686
2023-12-03 02:13:00+00:00,-42.724865
2023-12-03 02:14:00+00:00,-37.883598
2023-12-03 02:15:00+00:00,-38.413643
2023-12-03 02:16:00+00:00,-36.974628
2023-12-03 02:17:00+00:00,-44.504044
2023-12-03 02:18:00+00:00,-52.593712
2023-12-03 02:19:00+00:00,-57.880486
2023-12-03 02:20:00+00:00,-59.254601
2023-12-03 02:21:00+00:00,-60.157364
2023-12-03 02:22:00+00:00,-52.528152
2023-12-03 02:23:00+00:00,-41.168633
2023-12-03 02:24:00+00:00,-33.90506
2023-12-03 02:25:00+00:00,-32.886917
2023-12-03 02:26:00+00:00,-29.359629
2023-12-03 02:27:00+00:00,-29.443308
2023-12-03 02:28:00+00:00,-35.36158
2023-12-03 02:29:00+00:00,-39.627136
2023-12-03 02:30:00+00:00,-40.72435
2023-12-03 02:31:00+00:00,-43.895203
2023-12-03 02:32:00+00:00,-48.294628
2023-12-03 02:33:00+00:00,-54.306152
2023-12-03 02:34:00+00:00,-51.158569
2023-12-03 02:35:00+00:00,-50.174911
2023-12-03 02:36:00+00:00,-39.580681
2023-12-03 02:37:00+00:00,-41.155098
2023-12-03 02:38:00+00:00,-49.913517
2023-12-03 02:39:00+00:00,-75.444283
2023-12-03 02:40:00+00:00,-119.609085
2023-12-03 02:41:00+00:00,-124.633591
2023-12-03 02:42:00+00:00,-83.753326
2023-12-03 02:43:00+00:00,-45.792221
2023-12-03 02:44:00+00:00,-33.11377
2023-12-03 02:45:00+00:00,-49.902416
2023-12-03 02:46:00+00:00,-53.617294
2023-12-03 02:47:00+00:00,-40.424095
2023-12-10 00:00:00+00:00,-7.681427
2023-12-10 00:01:00+00:00,-7.610147
2023-12-10 00:02:00+00:00,-7.007261
2023-12-10 00:03:00+00:00,-6.63342
2023-12-10 00:04:00+00:00,-6.423179
2023-12-10 00:05:00+00:00,-6.636284
2023-12-10 00:06:00+00:00,-7.139906
2023-12-10 00:07:00+00:00,-7.31684
2023-12-10 00:08:00+00:00,-7.191481
2023-12-10 00:09:00+00:00,-7.505023
2023-12-10 00:10:00+00:00,-8.175416
2023-12-10 00:11:00+00:00,-8.393072
2023-12-10 00:12:00+00:00,-8.055436
2023-12-10 00:13:00+00:00,-7.621473
2023-12-10 00:14:00+00:00,-6.925149
2023-12-10 00:15:00+00:00,-6.56801
2023-12-10 00:16:00+00:00,-6.383376
2023-12-10 00:17:00+00:00,-7.050272
2023-12-10 00:18:00+00:00,-7.258446
2023-12-10 00:19:00+00:00,-7.571028
2023-12-10 00:20:00+00:00,-7.799978
2023-12-10 00:21:00+00:00,-7.907195
2023-12-10 00:22:00+00:00,-7.805729
2023-12-10 00:23:00+00:00,-7.626857
2023-12-10 00:24:00+00:00,-8.139945
2023-12-10 00:25:00+00:00,-7.693211
2023-12-10 00:26:00+00:00,-7.236832
2023-12-10 00:27:00+00:00,-7.189735
2023-12-10 00:28:00+00:00,-7.726708
2023-12-10 00:29:00+00:00,-8.822341
2023-12-10 00:30:00+00:00,-9.39068
2023-12-10 00:31:00+00:00,-9.187181
2023-12-10 00:32:00+00:00,-8.207111
2023-12-10 00:33:00+00:00,-7.718502
2023-12-10 00:34:00+00:00,-7.578772
2023-12-10 00:35:00+00:00,-7.272289
2023-12-10 00:36:00+00:00,-6.952371
2023-12-10 00:37:00+00:00,-6.756705
2023-12-10 00:38:00+00:00,-6.814195
2023-12-10 00:39:00+00:00,-7.582843
2023-12-10 00:40:00+00:00,-7.942526
2023-12-10 00:41:00+00:00,-6.864923
2023-12-10 00:42:00+00:00,-7.594684
2023-12-10 00:43:00+00:00,-8.960525
2023-12-10 00:44:00+00:00,-11.257318
2023-12-10 00:45:00+00:00,-11.201026
2023-12-10 00:46:00+00:00,-12.778025
2023-12-10 00:47:00+00:00,-14.699856
2023-12-10 00:48:00+00:00,-16.604445
2023-12-10 00:49:00+00:00,-14.317959
2023-12-10 00:50:00+00:00,-17.332827
2023-12-10 00:51:00+00:00,-17.85948
2023-12-10 00:52:00+00:00,-13.671159
2023-12-10 00:53:00+00:00,-26.695255
2023-12-10 00:54:00+00:00,-54.207008
2023-12-10 00:55:00+00:00,-72.453964
2023-12-10 00:56:00+00:00,-58.878723
2023-12-10 00:57:00+00:00,-41.513966
2023-12-10 00:58:00+00:00,-27.456726
2023-12-10 00:59:00+00:00,-26.096626
2023-12-10 01:00:00+00:00,-32.606495
2023-12-10 01:01:00+00:00,-32.20755
2023-12-10 01:02:00+00:00,-25.9396
2023-12-10 01:03:00+00:00,-24.320421
2023-12-10 01:04:00+00:00,-21.482504
2023-12-10 01:05:00+00:00,-24.325686
2023-12-10 01:06:00+00:00,-19.519701
2023-12-10 01:07:00+00:00,-16.483515
2023-12-10 01:08:00+00:00,-13.142165
2023-12-10 01:09:00+00:00,-12.594625
2023-12-10 01:10:00+00:00,-15.378673
2023-12-10 01:11:00+00:00,-13.903288
2023-12-10 01:12:00+00:00,-13.847198
2023-12-10 01:13:00+00:00,-14.191864
2023-12-10 01:14:00+00:00,-13.413865
2023-12-10 01:15:00+00:00,-17.247593
2023-12-10 01:16:00+00:00,-16.945011
2023-12-10 01:17:00+00:00,-17.815689
2023-12-10 01:18:00+00:00,-16.671192
2023-12-10 01:19:00+00:00,-16.957823
2023-12-10 01:20:00+00:00,-16.895329
2023-12-10 01:21:00+00:00,-18.876303
2023-12-10 01:22:00+00:00,-18.823614
2023-12-10 01:23:00+00:00,-18.947237
2023-12-10 01:24:00+00:00,-19.005043
2023-12-10 01:25:00+00:00,-16.948959
2023-12-10 01:26:00+00:00,-15.874205
2023-12-10 01:27:00+00:00,-28.587345
2023-12-10 01:28:00+00:00,-41.18409
2023-12-10 01:29:00+00:00,-72.887955
2023-12-10 01:30:00+00:00,-105.227196
2023-12-10 01:31:00+00:00,-124.246765
2023-12-10 01:32:00+00:00,-142.480591
2023-12-10 01:33:00+00:00,-171.778992
2023-12-10 01:34:00+00:00,-108.060905
2023-12-10 01:35:00+00:00,-115.804794
2023-12-10 01:36:00+00:00,-146.493057
2023-12-10 01:37:00+00:00,-155.321945
2023-12-10 01:38:00+00:00,-112.217209
2023-12-10 01:39:00+00:00,-108.49897
2023-12-10 01:40:00+00:00,-131.065643
2023-12-10 01:41:00+00:00,-116.311211
2023-12-10 01:42:00+00:00,-102.55764
2023-12-10 01:43:00+00:00,-96.277802
2023-12-10 01:44:00+00:00,-96.342285
2023-12-10 01:45:00+00:00,-91.770638
2023-12-10 01:46:00+00:00,-86.485863
2023-12-10 01:47:00+00:00,-82.64592
2023-12-10 01:48:00+00:00,-79.777351
2023-12-10 01:49:00+00:00,-81.980759
2023-12-10 01:50:00+00:00,-79.084282
2023-12-10 01:51:00+00:00,-74.019608
2023-12-10 01:52:00+00:00,-72.098259
2023-12-10 01:53:00+00:00,-77.908165
2023-12-10 01:54:00+00:00,-77.275513
2023-12-10 01:55:00+00:00,-70.13002
2023-12-10 01:56:00+00:00,-63.523468
2023-12-10 01:57:00+00:00,-70.465637
2023-12-10 01:58:00+00:00,-75.778824
2023-12-10 01:59:00+00:00,-76.358559
2023-12-10 02:00:00+00:00,-78.216583
2023-12-10 02:01:00+00:00,-85.416199
2023-12-10 02:02:00+00:00,-82.898743
2023-12-10 02:03:00+00:00,-76.562645
2023-12-10 02:04:00+00:00,-68.825859
2023-12-10 02:05:00+00:00,-67.630798
2023-12-10 02:06:00+00:00,-68.380768
2023-12-10 02:07:00+00:00,-69.095314
2023-12-10 02:08:00+00:00,-65.604523
2023-12-10 02:09:00+00:00,-62.096874
2023-12-10 02:10:00+00:00,-58.004017
2023-12-10 02:11:00+00:00,-53.490997
2023-12-10 02:12:00+00:00,-48.588089
2023-12-10 02:13:00+00:00,-43.843151
2023-12-10 02:14:00+00:00,-42.880219
2023-12-10 02:15:00+00:00,-43.954178
2023-12-10 02:16:00+00:00,-44.975903
2023-12-10 02:17:00+00:00,-44.179314
2023-12-10 02:18:00+00:00,-41.984085
2023-12-10 02:19:00+00:00,-39.502533
2023-12-10 02:20:00+00:00,-37.432903
2023-12-10 02:21:00+00:00,-41.226532
2023-12-10 02:22:00+00:00,-41.329155
2023-12-10 02:23:00+00:00,-42.979927
2023-12-10 02:24:00+00:00,-38.346798
2023-12-10 02:25:00+00:00,-37.202785
2023-12-10 02:26:00+00:00,-41.202415
2023-12-10 02:27:00+00:00,-49.110527
2023-12-10 02:28:00+00:00,-45.370464
2023-12-10 02:29:00+00:00,-41.896278
2023-12-10 02:30:00+00:00,-38.75827
2023-12-10 02:31:00+00:00,-41.742783
2023-12-10 02:32:00+00:00,-44.407024
2023-12-10 02:33:00+00:00,-46.993427
2023-12-10 02:34:00+00:00,-53.311581
2023-12-10 02:35:00+00:00,-58.829258
2023-12-10 02:36:00+00:00,-56.078705
2023-12-10 02:37:00+00:00,-60.831406
2023-12-10 02:38:00+00:00,-68.403786
2023-12-10 02:39:00+00:00,-71.125923
2023-12-10 02:40:00+00:00,-68.459747
2023-12-10 02:41:00+00:00,-62.534168
2023-12-10 02:42:00+00:00,-59.496071
2023-12-10 02:43:00+00:00,-48.887104
2023-12-10 02:44:00+00:00,-39.072227
2023-12-10 02:45:00+00:00,-33.074966
2023-12-10 02:46:00+00:00,-34.561169
2023-12-10 02:47:00+00:00,-36.110607
2023-12-17 00:00:00+00:00,-191.98175
2023-12-17 00:01:00+00:00,-193.692245
2023-12-17 00:02:00+00:00,-193.723969
2023-12-17 00:03:00+00:00,-190.390961
2023-12-17 00:04:00+00:00,-186.235809
2023-12-17 00:05:00+00:00,-183.527725
2023-12-17 00:06:00+00:00,-185.953857
2023-12-17 00:07:00+00:00,-183.634949
2023-12-17 00:08:00+00:00,-178.718124
2023-12-17 00:09:00+00:00,-177.034103
2023-12-17 00:10:00+00:00,-174.464355
2023-12-17 00:11:00+00:00,-185.648529
2023-12-17 00:12:00+00:00,-202.987106
2023-12-17 00:13:00+00:00,-236.895279
2023-12-17 00:14:00+00:00,-281.790009
2023-12-17 00:15:00+00:00,-300.535553
2023-12-17 00:16:00+00:00,-295.402557
2023-12-17 00:17:00+00:00,-313.234741
2023-12-17 00:18:00+00:00,-298.018494
2023-12-17 00:19:00+00:00,-287.87204
2023-12-17 00:20:00+00:00,-307.720215
2023-12-17 00:21:00+00:00,-298.575775
2023-12-17 00:22:00+00:00,-310.429016
2023-12-17 00:23:00+00:00,-338.283875
2023-12-17 00:24:00+00:00,-348.139435
2023-12-17 00:25:00+00:00,-373.996704
2023-12-17 00:26:00+00:00,-374.852844
2023-12-17 00:27:00+00:00,-368.720551
2023-12-17 00:28:00+00:00,-368.589142
2023-12-17 00:29:00+00:00,-360.45575
2023-12-17 00:30:00+00:00,-362.297943
2023-12-17 00:31:00+00:00,-352.144287
2023-12-17 00:32:00+00:00,-340.003784
2023-12-17 00:33:00+00:00,-318.865417
2023-12-17 00:34:00+00:00,-315.728241
2023-12-17 00:35:00+00:00,-313.591339
2023-12-17 00:36:00+00:00,-312.454742
2023-12-17 00:37:00+00:00,-306.317535
2023-12-17 00:38:00+00:00,-296.180725
2023-12-17 00:39:00+00:00,-294.049286
2023-12-17 00:40:00+00:00,-293.305695
2023-12-17 00:41:00+00:00,-339.863464
2023-12-17 00:42:00+00:00,-296.706024
2023-12-17 00:43:00+00:00,-284.557678
2023-12-17 00:44:00+00:00,-252.300064
2023-12-17 00:45:00+00:00,-236.250275
2023-12-17 00:46:00+00:00,-238.117538
2023-12-17 00:47:00+00:00,-245.974869
2023-12-17 00:48:00+00:00,-246.841858
2023-12-17 00:49:00+00:00,-253.709778
2023-12-17 00:50:00+00:00,-248.581604
2023-12-17 00:51:00+00:00,-246.455414
2023-12-17 00:52:00+00:00,-239.330292
2023-12-17 00:53:00+00:00,-240.217041
2023-12-17 00:54:00+00:00,-234.096146
2023-12-17 00:55:00+00:00,-232.96669
2023-12-17 00:56:00+00:00,-230.841431
2023-12-17 00:57:00+00:00,-221.720398
2023-12-17 00:58:00+00:00,-217.605591
2023-12-17 00:59:00+00:00,-210.487289
2023-12-17 01:00:00+00:00,-202.366531
2023-12-17 01:01:00+00:00,-195.247467
2023-12-17 01:02:00+00:00,-192.811005
2023-12-17 01:03:00+00:00,-195.786911
2023-12-17 01:04:00+00:00,-188.283279
2023-12-17 01:05:00+00:00,-176.936554
2023-12-17 01:06:00+00:00,-169.492584
2023-12-17 01:07:00+00:00,-161.104446
2023-12-17 01:08:00+00:00,-149.222076
2023-12-17 01:09:00+00:00,-176.776932
2023-12-17 01:10:00+00:00,-174.401093
2023-12-17 01:11:00+00:00,-178.806046
2023-12-17 01:12:00+00:00,-196.665253
2023-12-17 01:13:00+00:00,-202.215332
2023-12-17 01:14:00+00:00,-197.146805
2023-12-17 01:15:00+00:00,-191.548645
2023-12-17 01:16:00+00:00,-183.776474
2023-12-17 01:17:00+00:00,-164.318649
2023-12-17 01:18:00+00:00,-153.215942
2023-12-17 01:19:00+00:00,-152.265564
2023-12-17 01:20:00+00:00,-149.17157
2023-12-17 01:21:00+00:00,-145.729904
2023-12-17 01:22:00+00:00,-134.569229
2023-12-17 01:23:00+00:00,-133.28685
2023-12-17 01:24:00+00:00,-138.592911
2023-12-17 01:25:00+00:00,-137.954819
2023-12-17 01:26:00+00:00,-138.822815
2023-12-17 01:27:00+00:00,-147.195068
2023-12-17 01:28:00+00:00,-157.372391
2023-12-17 01:29:00+00:00,-163.75235
2023-12-17 01:30:00+00:00,-165.218781
2023-12-17 01:31:00+00:00,-160.036179
2023-12-17 01:32:00+00:00,-151.772781
2023-12-17 01:33:00+00:00,-150.199814
2023-12-17 01:34:00+00:00,-149.725739
2023-12-17 01:35:00+00:00,-145.939606
2023-12-17 01:36:00+00:00,-142.008682
2023-12-17 01:37:00+00:00,-138.396057
2023-12-17 01:38:00+00:00,-142.554626
2023-12-17 01:39:00+00:00,-150.701355
2023-12-17 01:40:00+00:00,-159.709732
2023-12-17 01:41:00+00:00,-168.990692
2023-12-17 01:42:00+00:00,-172.567719
2023-12-17 01:43:00+00:00,-174.43602
2023-12-17 01:44:00+00:00,-173.36618
2023-12-17 01:45:00+00:00,-174.685303
2023-12-17 01:46:00+00:00,-178.102966
2023-12-17 01:47:00+00:00,-184.806931
2023-12-17 01:48:00+00:00,-184.613922
2023-12-17 01:49:00+00:00,-183.128677
2023-12-17 01:50:00+00:00,-185.463516
2023-12-17 01:51:00+00:00,-188.750443
2023-12-17 01:52:00+00:00,-187.102936
2023-12-17 01:53:00+00:00,-187.42099
2023-12-17 01:54:00+00:00,-186.659973
2023-12-17 01:55:00+00:00,-187.594421
2023-12-17 01:56:00+00:00,-186.62088
2023-12-17 01:57:00+00:00,-185.818527
2023-12-17 01:58:00+00:00,-189.919266
2023-12-17 01:59:00+00:00,-193.561859
2023-12-17 02:00:00+00:00,-190.481339
2023-12-17 02:01:00+00:00,-188.604401
2023-12-17 02:02:00+00:00,-189.883987
2023-12-17 02:03:00+00:00,-199.300323
2023-12-17 02:04:00+00:00,-215.158295
2023-12-17 02:05:00+00:00,-220.735474
2023-12-17 02:06:00+00:00,-230.167847
2023-12-17 02:07:00+00:00,-245.064026
2023-12-17 02:08:00+00:00,-258.673248
2023-12-17 02:09:00+00:00,-268.342438
2023-12-17 02:10:00+00:00,-275.449982
2023-12-17 02:11:00+00:00,-269.465393
2023-12-17 02:12:00+00:00,-266.534271
2023-12-17 02:13:00+00:00,-260.853729
2023-12-17 02:14:00+00:00,-258.129669
2023-12-17 02:15:00+00:00,-268.866577
2023-12-17 02:16:00+00:00,-267.857361
2023-12-17 02:17:00+00:00,-273.318909
2023-12-17 02:18:00+00:00,-267.297516
2023-12-17 02:19:00+00:00,-248.93602
2023-12-17 02:20:00+00:00,-230.684814
2023-12-17 02:21:00+00:00,-217.623215
2023-12-17 02:22:00+00:00,-198.073746
2023-12-17 02:23:00+00:00,-193.612778
2023-12-17 02:24:00+00:00,-195.350906
2023-12-17 02:25:00+00:00,-196.096466
2023-12-17 02:26:00+00:00,-191.560379
2023-12-17 02:27:00+00:00,-182.21373
2023-12-17 02:28:00+00:00,-169.529449
2023-12-17 02:29:00+00:00,-157.193359
2023-12-17 02:30:00+00:00,-147.455765
2023-12-17 02:31:00+00:00,-148.547607
2023-12-17 02:32:00+00:00,-155.419312
2023-12-17 02:33:00+00:00,-161.588684
2023-12-17 02:34:00+00:00,-173.66568
2023-12-17 02:35:00+00:00,-177.229446
2023-12-17 02:36:00+00:00,-179.36647
2023-12-17 02:37:00+00:00,-188.40715
2023-12-17 02:38:00+00:00,-202.48761
2023-12-17 02:39:00+00:00,-208.548141
2023-12-17 02:40:00+00:00,-214.607132
2023-12-17 02:41:00+00:00,-214.667374
2023-12-17 02:42:00+00:00,-213.731628
2023-12-17 02:43:00+00:00,-215.824173
2023-12-17 02:44:00+00:00,-205.914581
2023-12-17 02:45:00+00:00,-202.000748
2023-12-17 02:46:00+00:00,-219.104767
2023-12-17 02:47:00+00:00,-228.210388
2023-12-24 00:00:00+00:00,-53.429333
2023-12-24 00:01:00+00:00,-51.364498
2023-12-24 00:02:00+00:00,-49.605091
2023-12-24 00:03:00+00:00,-46.745743
2023-12-24 00:04:00+00:00,-44.828377
2023-12-24 00:05:00+00:00,-43.902718
2023-12-24 00:06:00+00:00,-42.764595
2023-12-24 00:07:00+00:00,-42.266472
2023-12-24 00:08:00+00:00,-41.774487
2023-12-24 00:09:00+00:00,-41.618641
2023-12-24 00:10:00+00:00,-40.670937
2023-12-24 00:11:00+00:00,-39.014301
2023-12-24 00:12:00+00:00,-38.014874
2023-12-24 00:13:00+00:00,-35.836647
2023-12-24 00:14:00+00:00,-34.102978
2023-12-24 00:15:00+00:00,-33.017849
2023-12-24 00:16:00+00:00,-31.552608
2023-12-24 00:17:00+00:00,-29.58952
2023-12-24 00:18:00+00:00,-27.996933
2023-12-24 00:19:00+00:00,-27.381254
2023-12-24 00:20:00+00:00,-29.156496
2023-12-24 00:21:00+00:00,-29.800154
2023-12-24 00:22:00+00:00,-29.833668
2023-12-24 00:23:00+00:00,-32.150127
2023-12-24 00:24:00+00:00,-32.496834
2023-12-24 00:25:00+00:00,-30.702568
2023-12-24 00:26:00+00:00,-30.470448
2023-12-24 00:27:00+00:00,-30.607063
2023-12-24 00:28:00+00:00,-34.384193
2023-12-24 00:29:00+00:00,-36.710987
2023-12-24 00:30:00+00:00,-41.376472
2023-12-24 00:31:00+00:00,-45.700542
2023-12-24 00:32:00+00:00,-44.290066
2023-12-24 00:33:00+00:00,-47.703999
2023-12-24 00:34:00+00:00,-46.697212
2023-12-24 00:35:00+00:00,-47.727711
2023-12-24 00:36:00+00:00,-48.432201
2023-12-24 00:37:00+00:00,-44.786263
2023-12-24 00:38:00+00:00,-43.843601
2023-12-24 00:39:00+00:00,-39.126667
2023-12-24 00:40:00+00:00,-34.696976
2023-12-24 00:41:00+00:00,-38.403152
2023-12-24 00:42:00+00:00,-42.941479
2023-12-24 00:43:00+00:00,-45.452572
2023-12-24 00:44:00+00:00,-43.459862
2023-12-24 00:45:00+00:00,-44.390099
2023-12-24 00:46:00+00:00,-43.759396
2023-12-24 00:47:00+00:00,-41.593124
2023-12-24 00:48:00+00:00,-39.939617
2023-12-24 00:49:00+00:00,-39.789101
2023-12-24 00:50:00+00:00,-40.989227
2023-12-24 00:51:00+00:00,-47.543892
2023-12-24 00:52:00+00:00,-61.95504
2023-12-24 00:53:00+00:00,-76.916199
2023-12-24 00:54:00+00:00,-123.636642
2023-12-24 00:55:00+00:00,-143.953461
2023-12-24 00:56:00+00:00,-149.776825
2023-12-24 00:57:00+00:00,-165.673126
2023-12-24 00:58:00+00:00,-150.898239
2023-12-24 00:59:00+00:00,-146.985336
2023-12-24 01:00:00+00:00,-143.090683
2023-12-24 01:01:00+00:00,-163.235321
2023-12-24 01:02:00+00:00,-182.836395
2023-12-24 01:03:00+00:00,-178.755646
2023-12-24 01:04:00+00:00,-158.034073
2023-12-24 01:05:00+00:00,-141.995895
2023-12-24 01:06:00+00:00,-136.47702
2023-12-24 01:07:00+00:00,-139.882706
2023-12-24 01:08:00+00:00,-149.426834
2023-12-24 01:09:00+00:00,-150.487305
2023-12-24 01:10:00+00:00,-142.551422
2023-12-24 01:11:00+00:00,-131.444351
2023-12-24 01:12:00+00:00,-128.801834
2023-12-24 01:13:00+00:00,-122.891563
2023-12-24 01:14:00+00:00,-124.624474
2023-12-24 01:15:00+00:00,-128.855316
2023-12-24 01:16:00+00:00,-134.576447
2023-12-24 01:17:00+00:00,-140.125336
2023-12-24 01:18:00+00:00,-147.204498
2023-12-24 01:19:00+00:00,-148.488708
2023-12-24 01:20:00+00:00,-142.756302
2023-12-24 01:21:00+00:00,-141.090271
2023-12-24 01:22:00+00:00,-138.654678
2023-12-24 01:23:00+00:00,-133.710236
2023-12-24 01:24:00+00:00,-130.893677
2023-12-24 01:25:00+00:00,-129.118073
2023-12-24 01:26:00+00:00,-128.819931
2023-12-24 01:27:00+00:00,-127.360588
2023-12-24 01:28:00+00:00,-128.910919
2023-12-24 01:29:00+00:00,-128.130096
2023-12-24 01:30:00+00:00,-123.436096
2023-12-24 01:31:00+00:00,-115.638
2023-12-24 01:32:00+00:00,-111.336319
2023-12-24 01:33:00+00:00,-109.239601
2023-12-24 01:34:00+00:00,-107.097862
2023-12-24 01:35:00+00:00,-105.470673
2023-12-24 01:36:00+00:00,-104.052383
2023-12-24 01:37:00+00:00,-100.228752
2023-12-24 01:38:00+00:00,-95.807404
2023-12-24 01:39:00+00:00,-93.172134
2023-12-24 01:40:00+00:00,-89.183304
2023-12-24 01:41:00+00:00,-86.099716
2023-12-24 01:42:00+00:00,-81.742676
2023-12-24 01:43:00+00:00,-76.411018
2023-12-24 01:44:00+00:00,-73.910408
2023-12-24 01:45:00+00:00,-72.700829
2023-12-24 01:46:00+00:00,-68.656799
2023-12-24 01:47:00+00:00,-67.475616
2023-12-24 01:48:00+00:00,-64.192719
2023-12-24 01:49:00+00:00,-61.394066
2023-12-24 01:50:00+00:00,-60.915619
2023-12-24 01:51:00+00:00,-59.93512
2023-12-24 01:52:00+00:00,-60.102001
2023-12-24 01:53:00+00:00,-57.408463
2023-12-24 01:54:00+00:00,-55.226589
2023-12-24 01:55:00+00:00,-55.769283
2023-12-24 01:56:00+00:00,-56.757153
2023-12-24 01:57:00+00:00,-58.959667
2023-12-24 01:58:00+00:00,-60.752174
2023-12-24 01:59:00+00:00,-61.196209
2023-12-24 02:00:00+00:00,-61.133575
2023-12-24 02:01:00+00:00,-59.949509
2023-12-24 02:02:00+00:00,-63.216011
2023-12-24 02:03:00+00:00,-75.603424
2023-12-24 02:04:00+00:00,-99.19352
2023-12-24 02:05:00+00:00,-133.850754
2023-12-24 02:06:00+00:00,-236.436447
2023-12-24 02:07:00+00:00,-307.240845
2023-12-24 02:08:00+00:00,-246.412415
2023-12-24 02:09:00+00:00,-251.973557
2023-12-24 02:10:00+00:00,-250.7612
2023-12-24 02:11:00+00:00,-352.873932
2023-12-24 02:12:00+00:00,-378.26297
2023-12-24 02:13:00+00:00,-389.95459
2023-12-24 02:14:00+00:00,-356.682251
2023-12-24 02:15:00+00:00,-374.367767
2023-12-24 02:16:00+00:00,-375.372681
2023-12-24 02:17:00+00:00,-398.012939
2023-12-24 02:18:00+00:00,-373.029999
2023-12-24 02:19:00+00:00,-319.351532
2023-12-24 02:20:00+00:00,-273.395508
2023-12-24 02:21:00+00:00,-249.987106
2023-12-24 02:22:00+00:00,-218.956406
2023-12-24 02:23:00+00:00,-178.730148
2023-12-24 02:24:00+00:00,-179.857483
2023-12-24 02:25:00+00:00,-181.875381
2023-12-24 02:26:00+00:00,-190.905914
2023-12-24 02:27:00+00:00,-210.131729
2023-12-24 02:28:00+00:00,-229.743988
2023-12-24 02:29:00+00:00,-195.864624
2023-12-24 02:30:00+00:00,-238.187988
2023-12-24 02:31:00+00:00,-262.717438
2023-12-24 02:32:00+00:00,-342.786133
2023-12-24 02:33:00+00:00,-423.205536
2023-12-24 02:34:00+00:00,-412.623779
2023-12-24 02:35:00+00:00,-460.556488
2023-12-24 02:36:00+00:00,-397.476288
2023-12-24 02:37:00+00:00,-320.549225
2023-12-24 02:38:00+00:00,-295.529785
2023-12-24 02:39:00+00:00,-298.808594
2023-12-24 02:40:00+00:00,-320.500397
2023-12-24 02:41:00+00:00,-339.263336
2023-12-24 02:42:00+00:00,-343.648224
2023-12-24 02:43:00+00:00,-336.680389
2023-12-24 02:44:00+00:00,-317.519073
2023-12-24 02:45:00+00:00,-317.723816
2023-12-24 02:46:00+00:00,-312.130188
2023-12-24 02:47:00+00:00,-318.168579
2023-12-31 00:00:00+00:00,-2.902502
2023-12-31 00:01:00+00:00,-2.980586
2023-12-31 00:02:00+00:00,-3.150292
2023-12-31 00:03:00+00:00,-3.308558
2023-12-31 00:04:00+00:00,-3.356273
2023-12-31 00:05:00+00:00,-3.614738
2023-12-31 00:06:00+00:00,-3.764141
2023-12-31 00:07:00+00:00,-3.762014
2023-12-31 00:08:00+00:00,-3.834931
2023-12-31 00:09:00+00:00,-3.712885
2023-12-31 00:10:00+00:00,-3.444227
2023-12-31 00:11:00+00:00,-3.374183
2023-12-31 00:12:00+00:00,-3.454916
2023-12-31 00:13:00+00:00,-3.674717
2023-12-31 00:14:00+00:00,-3.320219
2023-12-31 00:15:00+00:00,-3.035967
2023-12-31 00:16:00+00:00,-2.793958
2023-12-31 00:17:00+00:00,-2.912482
2023-12-31 00:18:00+00:00,-2.98889
2023-12-31 00:19:00+00:00,-3.101459
2023-12-31 00:20:00+00:00,-3.219879
2023-12-31 00:21:00+00:00,-3.279223
2023-12-31 00:22:00+00:00,-3.087118
2023-12-31 00:23:00+00:00,-2.948643
2023-12-31 00:24:00+00:00,-2.845097
2023-12-31 00:25:00+00:00,-2.73097
2023-12-31 00:26:00+00:00,-2.79972
2023-12-31 00:27:00+00:00,-2.605337
2023-12-31 00:28:00+00:00,-2.68785
2023-12-31 00:29:00+00:00,-2.636118
2023-12-31 00:30:00+00:00,-2.551693
2023-12-31 00:31:00+00:00,-2.515815
2023-12-31 00:32:00+00:00,-2.615521
2023-12-31 00:33:00+00:00,-2.701136
2023-12-31 00:34:00+00:00,-3.179029
2023-12-31 00:35:00+00:00,-3.348046
2023-12-31 00:36:00+00:00,-3.417195
2023-12-31 00:37:00+00:00,-3.474386
2023-12-31 00:38:00+00:00,-3.644641
2023-12-31 00:39:00+00:00,-3.797122
2023-12-31 00:40:00+00:00,-3.258019
2023-12-31 00:41:00+00:00,-3.105481
2023-12-31 00:42:00+00:00,-2.862966
2023-12-31 00:43:00+00:00,-2.829267
2023-12-31 00:44:00+00:00,-2.752311
2023-12-31 00:45:00+00:00,-2.64853
2023-12-31 00:46:00+00:00,-2.822593
2023-12-31 00:47:00+00:00,-3.044019
2023-12-31 00:48:00+00:00,-3.134643
2023-12-31 00:49:00+00:00,-3.303509
2023-12-31 00:50:00+00:00,-3.448999
2023-12-31 00:51:00+00:00,-3.674636
2023-12-31 00:52:00+00:00,-3.881304
2023-12-31 00:53:00+00:00,-3.967448
2023-12-31 00:54:00+00:00,-3.886686
2023-12-31 00:55:00+00:00,-3.790393
2023-12-31 00:56:00+00:00,-3.613633
2023-12-31 00:57:00+00:00,-3.664519
2023-12-31 00:58:00+00:00,-3.905947
2023-12-31 00:59:00+00:00,-4.282747
2023-12-31 01:00:00+00:00,-4.605962
2023-12-31 01:01:00+00:00,-4.651381
2023-12-31 01:02:00+00:00,-4.637897
2023-12-31 01:03:00+00:00,-4.636714
2023-12-31 01:04:00+00:00,-4.635621
2023-12-31 01:05:00+00:00,-5.0477
2023-12-31 01:06:00+00:00,-5.319238
2023-12-31 01:07:00+00:00,-5.130896
2023-12-31 01:08:00+00:00,-5.011951
2023-12-31 01:09:00+00:00,-4.690197
2023-12-31 01:10:00+00:00,-4.41007
2023-12-31 01:11:00+00:00,-4.364596
2023-12-31 01:12:00+00:00,-4.719089
2023-12-31 01:13:00+00:00,-5.000402
2023-12-31 01:14:00+00:00,-5.332554
2023-12-31 01:15:00+00:00,-5.581753
2023-12-31 01:16:00+00:00,-5.734312
2023-12-31 01:17:00+00:00,-5.707248
2023-12-31 01:18:00+00:00,-5.740288
2023-12-31 01:19:00+00:00,-5.624445
2023-12-31 01:20:00+00:00,-5.292333
2023-12-31 01:21:00+00:00,-5.215627
2023-12-31 01:22:00+00:00,-4.81083
2023-12-31 01:23:00+00:00,-4.575008
2023-12-31 01:24:00+00:00,-4.741556
2023-12-31 01:25:00+00:00,-4.900804
2023-12-31 01:26:00+00:00,-4.902845
2023-12-31 01:27:00+00:00,-4.806271
2023-12-31 01:28:00+00:00,-4.907953
2023-12-31 01:29:00+00:00,-4.967653
2023-12-31 01:30:00+00:00,-4.880389
2023-12-31 01:31:00+00:00,-4.834725
2023-12-31 01:32:00+00:00,-4.868787
2023-12-31 01:33:00+00:00,-4.715481
2023-12-31 01:34:00+00:00,-4.872091
2023-12-31 01:35:00+00:00,-4.861606
2023-12-31 01:36:00+00:00,-4.460101
2023-12-31 01:37:00+00:00,-3.687143
2023-12-31 01:38:00+00:00,-4.204989
2023-12-31 01:39:00+00:00,-5.161707
2023-12-31 01:40:00+00:00,-5.203941
2023-12-31 01:41:00+00:00,-5.175459
2023-12-31 01:42:00+00:00,-5.235456
2023-12-31 01:43:00+00:00,-4.379917
2023-12-31 01:44:00+00:00,-4.981666
2023-12-31 01:45:00+00:00,-5.170805
2023-12-31 01:46:00+00:00,-5.476685
2023-12-31 01:47:00+00:00,-5.670156
2023-12-31 01:48:00+00:00,-5.859671
2023-12-31 01:49:00+00:00,-5.733208
2023-12-31 01:50:00+00:00,-5.358625
2023-12-31 01:51:00+00:00,-4.968332
2023-12-31 01:52:00+00:00,-4.449525
2023-12-31 01:53:00+00:00,-3.966093
2023-12-31 01:54:00+00:00,-3.957442
2023-12-31 01:55:00+00:00,-4.149631
2023-12-31 01:56:00+00:00,-4.3415
2023-12-31 01:57:00+00:00,-4.333848
2023-12-31 01:58:00+00:00,-4.866881
2023-12-31 01:59:00+00:00,-4.879832
2023-12-31 02:00:00+00:00,-3.703739
2023-12-31 02:01:00+00:00,-3.59263
2023-12-31 02:02:00+00:00,-3.680804
2023-12-31 02:03:00+00:00,-3.766486
2023-12-31 02:04:00+00:00,-4.152428
2023-12-31 02:05:00+00:00,-4.039821
2023-12-31 02:06:00+00:00,-3.92673
2023-12-31 02:07:00+00:00,-3.953507
2023-12-31 02:08:00+00:00,-3.952908
2023-12-31 02:09:00+00:00,-4.285915
2023-12-31 02:10:00+00:00,-4.069515
2023-12-31 02:11:00+00:00,-4.055849
2023-12-31 02:12:00+00:00,-3.84064
2023-12-31 02:13:00+00:00,-3.724688
2023-12-31 02:14:00+00:00,-4.004885
2023-12-31 02:15:00+00:00,-4.189064
2023-12-31 02:16:00+00:00,-4.373874
2023-12-31 02:17:00+00:00,-4.557462
2023-12-31 02:18:00+00:00,-4.438057
2023-12-31 02:19:00+00:00,-4.419975
2023-12-31 02:20:00+00:00,-4.302063
2023-12-31 02:21:00+00:00,-4.183948
2023-12-31 02:22:00+00:00,-4.167212
2023-12-31 02:23:00+00:00,-4.247967
2023-12-31 02:24:00+00:00,-4.328575
2023-12-31 02:25:00+00:00,-4.110228
2023-12-31 02:26:00+00:00,-3.690599
2023-12-31 02:27:00+00:00,-4.071661
2023-12-31 02:28:00+00:00,-4.353043
2023-12-31 02:29:00+00:00,-4.634371
2023-12-31 02:30:00+00:00,-4.614883
2023-12-31 02:31:00+00:00,-4.394837
2023-12-31 02:32:00+00:00,-4.574061
2023-12-31 02:33:00+00:00,-4.45806
2023-12-31 02:34:00+00:00,-4.437472
2023-12-31 02:35:00+00:00,-4.516217
2023-12-31 02:36:00+00:00,-4.793914
2023-12-31 02:37:00+00:00,-4.97175
2023-12-31 02:38:00+00:00,-4.852469
2023-12-31 02:39:00+00:00,-4.631399
2023-12-31 02:40:00+00:00,-4.908161
2023-12-31 02:41:00+00:00,-4.885891
2023-12-31 02:42:00+00:00,-5.464993
2023-12-31 02:43:00+00:00,-5.54587
2023-12-31 02:44:00+00:00,-5.321895
2023-12-31 02:45:00+00:00,-4.599719
2023-12-31 02:46:00+00:00,-6.195789
2023-12-31 02:47:00+00:00,-7.997728
