time,SML
2015-01-01 00:00:00+00:00,-37.671413
2015-01-01 00:01:00+00:00,-41.605286
2015-01-01 00:02:00+00:00,-50.040379
2015-01-01 00:03:00+00:00,-46.269867
2015-01-01 00:04:00+00:00,-39.475479
2015-01-01 00:05:00+00:00,-39.05759
2015-01-01 00:06:00+00:00,-38.154804
2015-01-01 00:07:00+00:00,-39.022156
2015-01-01 00:08:00+00:00,-48.833397
2015-01-01 00:09:00+00:00,-47.692326
2015-01-01 00:10:00+00:00,-36.068398
2015-01-01 00:11:00+00:00,-35.76231
2015-01-01 00:12:00+00:00,-34.067886
2015-01-01 00:13:00+00:00,-32.321045
2015-01-01 00:14:00+00:00,-31.819616
2015-01-01 00:15:00+00:00,-32.195415
2015-01-01 00:16:00+00:00,-31.928009
2015-01-01 00:17:00+00:00,-31.96055
2015-01-01 00:18:00+00:00,-31.201317
2015-01-01 00:19:00+00:00,-31.573139
2015-01-01 00:20:00+00:00,-32.086739
2015-01-01 00:21:00+00:00,-33.740147
2015-01-01 00:22:00+00:00,-33.588028
2015-01-01 00:23:00+00:00,-32.972252
2015-01-01 00:24:00+00:00,-33.616249
2015-01-01 00:25:00+00:00,-33.459541
2015-01-01 00:26:00+00:00,-33.769688
2015-01-01 00:27:00+00:00,-34.583778
2015-01-01 00:28:00+00:00,-35.885193
2015-01-01 00:29:00+00:00,-35.372154
2015-01-01 00:30:00+00:00,-35.117886
2015-01-01 00:31:00+00:00,-34.305454
2015-01-01 00:32:00+00:00,-34.196716
2015-01-01 00:33:00+00:00,-34.939175
2015-01-01 00:34:00+00:00,-35.255424
2015-01-01 00:35:00+00:00,-35.198147
2015-01-01 00:36:00+00:00,-34.055374
2015-01-01 00:37:00+00:00,-33.618057
2015-01-01 00:38:00+00:00,-34.496605
2015-01-01 00:39:00+00:00,-35.370434
2015-01-01 00:40:00+00:00,-35.346043
2015-01-01 00:41:00+00:00,-34.304226
2015-01-01 00:42:00+00:00,-33.644348
2015-01-01 00:43:00+00:00,-32.57729
2015-01-01 00:44:00+00:00,-31.550257
2015-01-01 00:45:00+00:00,-32.404015
2015-01-01 00:46:00+00:00,-32.396423
2015-01-01 00:47:00+00:00,-31.27722
2015-01-01 00:48:00+00:00,-30.857973
2015-01-01 00:49:00+00:00,-31.236282
2015-01-01 00:50:00+00:00,-32.666977
2015-01-01 00:51:00+00:00,-36.274738
2015-01-01 00:52:00+00:00,-35.169983
2015-01-01 00:53:00+00:00,-32.373524
2015-01-01 00:54:00+00:00,-31.823917
2015-01-01 00:55:00+00:00,-31.993
2015-01-01 00:56:00+00:00,-30.379389
2015-01-01 00:57:00+00:00,-28.207417
2015-01-01 00:58:00+00:00,-27.894016
2015-01-01 00:59:00+00:00,-27.80925
2015-01-01 01:00:00+00:00,-28.313412
2015-01-01 01:01:00+00:00,-28.132698
2015-01-01 01:02:00+00:00,-26.807487
2015-01-01 01:03:00+00:00,-26.380779
2015-01-01 01:04:00+00:00,-26.73435
2015-01-01 01:05:00+00:00,-26.523415
2015-01-01 01:06:00+00:00,-31.651175
2015-01-01 01:07:00+00:00,-26.300934
2015-01-01 01:08:00+00:00,-25.953262
2015-01-01 01:09:00+00:00,-27.852852
2015-01-01 01:10:00+00:00,-28.197405
2015-01-01 01:11:00+00:00,-28.24663
2015-01-01 01:12:00+00:00,-27.636208
2015-01-01 01:13:00+00:00,-28.254755
2015-01-01 01:14:00+00:00,-47.414585
2015-01-01 01:15:00+00:00,-41.959427
2015-01-01 01:16:00+00:00,-28.333298
2015-01-01 01:17:00+00:00,-27.031185
2015-01-01 01:18:00+00:00,-27.902081
2015-01-01 01:19:00+00:00,-28.679325
2015-01-01 01:20:00+00:00,-29.563053
2015-01-01 01:21:00+00:00,-29.0327
2015-01-01 01:22:00+00:00,-28.461252
2015-01-01 01:23:00+00:00,-30.595789
2015-01-01 01:24:00+00:00,-30.065996
2015-01-01 01:25:00+00:00,-31.884583
2015-01-01 01:26:00+00:00,-34.043671
2015-01-01 01:27:00+00:00,-34.582272
2015-01-01 01:28:00+00:00,-34.226887
2015-01-01 01:29:00+00:00,-34.965733
2015-01-01 01:30:00+00:00,-36.3554
2015-01-01 01:31:00+00:00,-36.088627
2015-01-01 01:32:00+00:00,-34.979134
2015-01-01 01:33:00+00:00,-34.923447
2015-01-01 01:34:00+00:00,-36.558266
2015-01-01 01:35:00+00:00,-37.930458
2015-01-01 01:36:00+00:00,-37.936485
2015-01-01 01:37:00+00:00,-36.863445
2015-01-01 01:38:00+00:00,-34.523869
2015-01-01 01:39:00+00:00,-35.821953
2015-01-01 01:40:00+00:00,-37.68351
2015-01-01 01:41:00+00:00,-37.650513
2015-01-01 01:42:00+00:00,-36.347954
2015-01-01 01:43:00+00:00,-36.204525
2015-01-01 01:44:00+00:00,-36.484863
2015-01-01 01:45:00+00:00,-37.56786
2015-01-01 01:46:00+00:00,-36.965244
2015-01-01 01:47:00+00:00,-37.342964
2015-01-01 01:48:00+00:00,-37.251823
2015-01-01 01:49:00+00:00,-37.760155
2015-01-01 01:50:00+00:00,-35.24979
2015-01-01 01:51:00+00:00,-36.334965
2015-01-01 01:52:00+00:00,-36.58403
2015-01-01 01:53:00+00:00,-38.854401
2015-01-01 01:54:00+00:00,-40.591068
2015-01-01 01:55:00+00:00,-37.806614
2015-01-01 01:56:00+00:00,-36.81461
2015-01-01 01:57:00+00:00,-36.028416
2015-01-01 01:58:00+00:00,-36.691185
2015-01-01 01:59:00+00:00,-36.585125
2015-01-01 02:00:00+00:00,-36.412376
2015-01-01 02:01:00+00:00,-35.850437
2015-01-01 02:02:00+00:00,-35.780991
2015-01-01 02:03:00+00:00,-34.588856
2015-01-01 02:04:00+00:00,-33.428383
2015-01-01 02:05:00+00:00,-33.826973
2015-01-01 02:06:00+00:00,-35.624535
2015-01-01 02:07:00+00:00,-34.745346
2015-01-01 02:08:00+00:00,-40.699356
2015-01-01 02:09:00+00:00,-56.782333
2015-01-01 02:10:00+00:00,-49.757942
2015-01-01 02:11:00+00:00,-51.287361
2015-01-01 02:12:00+00:00,-73.706573
2015-01-01 02:13:00+00:00,-57.834961
2015-01-01 02:14:00+00:00,-99.987999
2015-01-01 02:15:00+00:00,-123.095428
2015-01-01 02:16:00+00:00,-114.222687
2015-01-01 02:17:00+00:00,-131.550552
2015-01-01 02:18:00+00:00,-144.280212
2015-01-01 02:19:00+00:00,-120.389252
2015-01-01 02:20:00+00:00,-115.215614
2015-01-01 02:21:00+00:00,-96.000549
2015-01-01 02:22:00+00:00,-89.805626
2015-01-01 02:23:00+00:00,-111.347672
2015-01-01 02:24:00+00:00,-121.270332
2015-01-01 02:25:00+00:00,-104.033585
2015-01-01 02:26:00+00:00,-119.5662
2015-01-01 02:27:00+00:00,-138.062546
2015-01-01 02:28:00+00:00,-127.94651
2015-01-01 02:29:00+00:00,-117.113647
2015-01-01 02:30:00+00:00,-142.435089
2015-01-01 02:31:00+00:00,-128.136398
2015-01-01 02:32:00+00:00,-120.944595
2015-01-01 02:33:00+00:00,-127.06382
2015-01-01 02:34:00+00:00,-123.047661
2015-01-01 02:35:00+00:00,-139.022537
2015-01-01 02:36:00+00:00,-142.81723
2015-01-01 02:37:00+00:00,-163.690857
2015-01-01 02:38:00+00:00,-247.918365
2015-01-01 02:39:00+00:00,-236.362106
2015-01-01 02:40:00+00:00,-336.008789
2015-01-01 02:41:00+00:00,-271.279877
2015-01-01 02:42:00+00:00,-262.578522
2015-01-01 02:43:00+00:00,-313.276825
2015-01-01 02:44:00+00:00,-267.429535
2015-01-01 02:45:00+00:00,-224.149719
2015-01-01 02:46:00+00:00,-177.187088
2015-01-01 02:47:00+00:00,-192.292847
2015-01-08 00:00:00+00:00,-176.125839
2015-01-08 00:01:00+00:00,-174.173401
2015-01-08 00:02:00+00:00,-170.217041
2015-01-08 00:03:00+00:00,-162.265976
2015-01-08 00:04:00+00:00,-160.315826
2015-01-08 00:05:00+00:00,-152.368027
2015-01-08 00:06:00+00:00,-152.41777
2015-01-08 00:07:00+00:00,-156.466812
2015-01-08 00:08:00+00:00,-159.506912
2015-01-08 00:09:00+00:00,-154.546875
2015-01-08 00:10:00+00:00,-153.603745
2015-01-08 00:11:00+00:00,-150.667252
2015-01-08 00:12:00+00:00,-143.71933
2015-01-08 00:13:00+00:00,-141.767746
2015-01-08 00:14:00+00:00,-149.80722
2015-01-08 00:15:00+00:00,-154.844406
2015-01-08 00:16:00+00:00,-152.891556
2015-01-08 00:17:00+00:00,-153.937927
2015-01-08 00:18:00+00:00,-152.976166
2015-01-08 00:19:00+00:00,-148.021393
2015-01-08 00:20:00+00:00,-149.063354
2015-01-08 00:21:00+00:00,-152.103058
2015-01-08 00:22:00+00:00,-174.629761
2015-01-08 00:23:00+00:00,-197.260208
2015-01-08 00:24:00+00:00,-201.259796
2015-01-08 00:25:00+00:00,-196.418167
2015-01-08 00:26:00+00:00,-206.430481
2015-01-08 00:27:00+00:00,-207.727448
2015-01-08 00:28:00+00:00,-205.579193
2015-01-08 00:29:00+00:00,-202.169037
2015-01-08 00:30:00+00:00,-225.445557
2015-01-08 00:31:00+00:00,-228.312286
2015-01-08 00:32:00+00:00,-228.687073
2015-01-08 00:33:00+00:00,-213.834396
2015-01-08 00:34:00+00:00,-207.555893
2015-01-08 00:35:00+00:00,-223.86882
2015-01-08 00:36:00+00:00,-221.919449
2015-01-08 00:37:00+00:00,-227.95105
2015-01-08 00:38:00+00:00,-218.461319
2015-01-08 00:39:00+00:00,-217.172424
2015-01-08 00:40:00+00:00,-220.542847
2015-01-08 00:41:00+00:00,-221.625809
2015-01-08 00:42:00+00:00,-228.60051
2015-01-08 00:43:00+00:00,-240.811661
2015-01-08 00:44:00+00:00,-245.192871
2015-01-08 00:45:00+00:00,-249.998047
2015-01-08 00:46:00+00:00,-250.28067
2015-01-08 00:47:00+00:00,-264.425903
2015-01-08 00:48:00+00:00,-296.782928
2015-01-08 00:49:00+00:00,-326.720703
2015-01-08 00:50:00+00:00,-337.696472
2015-01-08 00:51:00+00:00,-337.706879
2015-01-08 00:52:00+00:00,-330.712799
2015-01-08 00:53:00+00:00,-333.734344
2015-01-08 00:54:00+00:00,-330.795898
2015-01-08 00:55:00+00:00,-315.839966
2015-01-08 00:56:00+00:00,-302.855255
2015-01-08 00:57:00+00:00,-297.89212
2015-01-08 00:58:00+00:00,-315.904236
2015-01-08 00:59:00+00:00,-320.92926
2015-01-08 01:00:00+00:00,-340.027649
2015-01-08 01:01:00+00:00,-356.11264
2015-01-08 01:02:00+00:00,-356.174042
2015-01-08 01:03:00+00:00,-337.240295
2015-01-08 01:04:00+00:00,-310.292877
2015-01-08 01:05:00+00:00,-282.334259
2015-01-08 01:06:00+00:00,-265.382172
2015-01-08 01:07:00+00:00,-261.4263
2015-01-08 01:08:00+00:00,-248.497528
2015-01-08 01:09:00+00:00,-238.564163
2015-01-08 01:10:00+00:00,-237.635529
2015-01-08 01:11:00+00:00,-226.666794
2015-01-08 01:12:00+00:00,-216.720505
2015-01-08 01:13:00+00:00,-207.761078
2015-01-08 01:14:00+00:00,-185.805222
2015-01-08 01:15:00+00:00,-175.851913
2015-01-08 01:16:00+00:00,-174.899307
2015-01-08 01:17:00+00:00,-174.942108
2015-01-08 01:18:00+00:00,-179.977921
2015-01-08 01:19:00+00:00,-183.01413
2015-01-08 01:20:00+00:00,-177.04982
2015-01-08 01:21:00+00:00,-169.087067
2015-01-08 01:22:00+00:00,-167.137527
2015-01-08 01:23:00+00:00,-168.180817
2015-01-08 01:24:00+00:00,-160.21991
2015-01-08 01:25:00+00:00,-160.256348
2015-01-08 01:26:00+00:00,-162.287735
2015-01-08 01:27:00+00:00,-170.319504
2015-01-08 01:28:00+00:00,-175.352219
2015-01-08 01:29:00+00:00,-171.389404
2015-01-08 01:30:00+00:00,-170.431473
2015-01-08 01:31:00+00:00,-168.474991
2015-01-08 01:32:00+00:00,-171.512543
2015-01-08 01:33:00+00:00,-171.54422
2015-01-08 01:34:00+00:00,-169.576889
2015-01-08 01:35:00+00:00,-167.619919
2015-01-08 01:36:00+00:00,-168.671997
2015-01-08 01:37:00+00:00,-163.724716
2015-01-08 01:38:00+00:00,-155.778244
2015-01-08 01:39:00+00:00,-144.822876
2015-01-08 01:40:00+00:00,-142.871857
2015-01-08 01:41:00+00:00,-142.926239
2015-01-08 01:42:00+00:00,-143.980225
2015-01-08 01:43:00+00:00,-140.031952
2015-01-08 01:44:00+00:00,-134.07959
2015-01-08 01:45:00+00:00,-132.133804
2015-01-08 01:46:00+00:00,-131.180573
2015-01-08 01:47:00+00:00,-134.221939
2015-01-08 01:48:00+00:00,-133.271606
2015-01-08 01:49:00+00:00,-131.322845
2015-01-08 01:50:00+00:00,-128.372299
2015-01-08 01:51:00+00:00,-130.426453
2015-01-08 01:52:00+00:00,-126.472527
2015-01-08 01:53:00+00:00,-124.516525
2015-01-08 01:54:00+00:00,-126.559006
2015-01-08 01:55:00+00:00,-125.618591
2015-01-08 01:56:00+00:00,-123.669472
2015-01-08 01:57:00+00:00,-125.718559
2015-01-08 01:58:00+00:00,-129.769821
2015-01-08 01:59:00+00:00,-132.820023
2015-01-08 02:00:00+00:00,-137.88855
2015-01-08 02:01:00+00:00,-138.968216
2015-01-08 02:02:00+00:00,-138.045868
2015-01-08 02:03:00+00:00,-132.119583
2015-01-08 02:04:00+00:00,-131.185974
2015-01-08 02:05:00+00:00,-139.245071
2015-01-08 02:06:00+00:00,-151.303391
2015-01-08 02:07:00+00:00,-157.366074
2015-01-08 02:08:00+00:00,-154.442078
2015-01-08 02:09:00+00:00,-144.529968
2015-01-08 02:10:00+00:00,-135.61171
2015-01-08 02:11:00+00:00,-134.682938
2015-01-08 02:12:00+00:00,-141.742706
2015-01-08 02:13:00+00:00,-148.811554
2015-01-08 02:14:00+00:00,-152.891617
2015-01-08 02:15:00+00:00,-152.973373
2015-01-08 02:16:00+00:00,-150.052094
2015-01-08 02:17:00+00:00,-143.144913
2015-01-08 02:18:00+00:00,-133.242584
2015-01-08 02:19:00+00:00,-120.333908
2015-01-08 02:20:00+00:00,-105.429657
2015-01-08 02:21:00+00:00,-91.550545
2015-01-08 02:22:00+00:00,-80.659653
2015-01-08 02:23:00+00:00,-70.891548
2015-01-08 02:24:00+00:00,-70.177238
2015-01-08 02:25:00+00:00,-74.089317
2015-01-08 02:26:00+00:00,-107.044197
2015-01-08 02:27:00+00:00,-115.863724
2015-01-08 02:28:00+00:00,-85.426247
2015-01-08 02:29:00+00:00,-89.389038
2015-01-08 02:30:00+00:00,-132.47081
2015-01-08 02:31:00+00:00,-123.557846
2015-01-08 02:32:00+00:00,-76.739479
2015-01-08 02:33:00+00:00,-76.897507
2015-01-08 02:34:00+00:00,-107.975746
2015-01-08 02:35:00+00:00,-124.045944
2015-01-08 02:36:00+00:00,-112.152718
2015-01-08 02:37:00+00:00,-105.260452
2015-01-08 02:38:00+00:00,-115.358093
2015-01-08 02:39:00+00:00,-144.446594
2015-01-08 02:40:00+00:00,-158.526886
2015-01-08 02:41:00+00:00,-174.615051
2015-01-08 02:42:00+00:00,-203.744766
2015-01-08 02:43:00+00:00,-221.921844
2015-01-08 02:44:00+00:00,-170.032715
2015-01-08 02:45:00+00:00,-135.120834
2015-01-08 02:46:00+00:00,-191.193237
2015-01-08 02:47:00+00:00,-257.27478
2015-01-15 00:00:00+00:00,-23.692028
2015-01-15 00:01:00+00:00,-23.220205
2015-01-15 00:02:00+00:00,-21.571602
2015-01-15 00:03:00+00:00,-19.924911
2015-01-15 00:04:00+00:00,-19.8309
2015-01-15 00:05:00+00:00,-20.30517
2015-01-15 00:06:00+00:00,-21.957083
2015-01-15 00:07:00+00:00,-24.345211
2015-01-15 00:08:00+00:00,-26.43438
2015-01-15 00:09:00+00:00,-26.546839
2015-01-15 00:10:00+00:00,-25.723587
2015-01-15 00:11:00+00:00,-25.378666
2015-01-15 00:12:00+00:00,-25.37241
2015-01-15 00:13:00+00:00,-25.607143
2015-01-15 00:14:00+00:00,-25.134609
2015-01-15 00:15:00+00:00,-25.059462
2015-01-15 00:16:00+00:00,-26.963348
2015-01-15 00:17:00+00:00,-29.406982
2015-01-15 00:18:00+00:00,-30.616909
2015-01-15 00:19:00+00:00,-29.825529
2015-01-15 00:20:00+00:00,-28.23107
2015-01-15 00:21:00+00:00,-27.271011
2015-01-15 00:22:00+00:00,-26.771509
2015-01-15 00:23:00+00:00,-27.119261
2015-01-15 00:24:00+00:00,-25.8123
2015-01-15 00:25:00+00:00,-25.906267
2015-01-15 00:26:00+00:00,-25.912867
2015-01-15 00:27:00+00:00,-27.052784
2015-01-15 00:28:00+00:00,-27.431467
2015-01-15 00:29:00+00:00,-26.000071
2015-01-15 00:30:00+00:00,-25.843699
2015-01-15 00:31:00+00:00,-26.011971
2015-01-15 00:32:00+00:00,-23.753233
2015-01-15 00:33:00+00:00,-22.212004
2015-01-15 00:34:00+00:00,-23.297449
2015-01-15 00:35:00+00:00,-23.185341
2015-01-15 00:36:00+00:00,-25.280937
2015-01-15 00:37:00+00:00,-27.823486
2015-01-15 00:38:00+00:00,-27.275864
2015-01-15 00:39:00+00:00,-26.265987
2015-01-15 00:40:00+00:00,-24.725842
2015-01-15 00:41:00+00:00,-22.325161
2015-01-15 00:42:00+00:00,-21.382637
2015-01-15 00:43:00+00:00,-20.73163
2015-01-15 00:44:00+00:00,-21.142723
2015-01-15 00:45:00+00:00,-22.148268
2015-01-15 00:46:00+00:00,-22.794846
2015-01-15 00:47:00+00:00,-23.64118
2015-01-15 00:48:00+00:00,-22.997805
2015-01-15 00:49:00+00:00,-22.723106
2015-01-15 00:50:00+00:00,-21.848324
2015-01-15 00:51:00+00:00,-19.717192
2015-01-15 00:52:00+00:00,-19.00548
2015-01-15 00:53:00+00:00,-20.550091
2015-01-15 00:54:00+00:00,-20.981871
2015-01-15 00:55:00+00:00,-20.735378
2015-01-15 00:56:00+00:00,-21.769585
2015-01-15 00:57:00+00:00,-21.699711
2015-01-15 00:58:00+00:00,-19.986685
2015-01-15 00:59:00+00:00,-20.239866
2015-01-15 01:00:00+00:00,-21.266973
2015-01-15 01:01:00+00:00,-22.416479
2015-01-15 01:02:00+00:00,-24.570408
2015-01-15 01:03:00+00:00,-24.358639
2015-01-15 01:04:00+00:00,-23.392496
2015-01-15 01:05:00+00:00,-24.004007
2015-01-15 01:06:00+00:00,-24.003719
2015-01-15 01:07:00+00:00,-24.201195
2015-01-15 01:08:00+00:00,-25.033934
2015-01-15 01:09:00+00:00,-25.35545
2015-01-15 01:10:00+00:00,-24.993862
2015-01-15 01:11:00+00:00,-25.380808
2015-01-15 01:12:00+00:00,-25.08074
2015-01-15 01:13:00+00:00,-23.758692
2015-01-15 01:14:00+00:00,-23.026966
2015-01-15 01:15:00+00:00,-22.743067
2015-01-15 01:16:00+00:00,-22.851154
2015-01-15 01:17:00+00:00,-22.631584
2015-01-15 01:18:00+00:00,-21.9867
2015-01-15 01:19:00+00:00,-22.755365
2015-01-15 01:20:00+00:00,-23.334061
2015-01-15 01:21:00+00:00,-23.989384
2015-01-15 01:22:00+00:00,-25.256489
2015-01-15 01:23:00+00:00,-25.334591
2015-01-15 01:24:00+00:00,-23.66021
2015-01-15 01:25:00+00:00,-22.922796
2015-01-15 01:26:00+00:00,-21.792271
2015-01-15 01:27:00+00:00,-20.542065
2015-01-15 01:28:00+00:00,-19.924129
2015-01-15 01:29:00+00:00,-18.490219
2015-01-15 01:30:00+00:00,-16.838045
2015-01-15 01:31:00+00:00,-16.518209
2015-01-15 01:32:00+00:00,-17.594198
2015-01-15 01:33:00+00:00,-19.279896
2015-01-15 01:34:00+00:00,-21.824337
2015-01-15 01:35:00+00:00,-23.484377
2015-01-15 01:36:00+00:00,-25.315695
2015-01-15 01:37:00+00:00,-26.829048
2015-01-15 01:38:00+00:00,-27.553749
2015-01-15 01:39:00+00:00,-27.936102
2015-01-15 01:40:00+00:00,-28.040575
2015-01-15 01:41:00+00:00,-27.663082
2015-01-15 01:42:00+00:00,-27.409111
2015-01-15 01:43:00+00:00,-26.874374
2015-01-15 01:44:00+00:00,-25.662409
2015-01-15 01:45:00+00:00,-22.607237
2015-01-15 01:46:00+00:00,-19.037924
2015-01-15 01:47:00+00:00,-17.152754
2015-01-15 01:48:00+00:00,-15.217842
2015-01-15 01:49:00+00:00,-14.407564
2015-01-15 01:50:00+00:00,-15.079802
2015-01-15 01:51:00+00:00,-14.54269
2015-01-15 01:52:00+00:00,-14.038433
2015-01-15 01:53:00+00:00,-13.903959
2015-01-15 01:54:00+00:00,-15.93541
2015-01-15 01:55:00+00:00,-17.016886
2015-01-15 01:56:00+00:00,-18.935217
2015-01-15 01:57:00+00:00,-21.440189
2015-01-15 01:58:00+00:00,-22.066977
2015-01-15 01:59:00+00:00,-18.174969
2015-01-15 02:00:00+00:00,-14.396972
2015-01-15 02:01:00+00:00,-14.401609
2015-01-15 02:02:00+00:00,-13.277071
2015-01-15 02:03:00+00:00,-20.746128
2015-01-15 02:04:00+00:00,-18.423321
2015-01-15 02:05:00+00:00,-21.365257
2015-01-15 02:06:00+00:00,-22.707077
2015-01-15 02:07:00+00:00,-20.690996
2015-01-15 02:08:00+00:00,-17.881495
2015-01-15 02:09:00+00:00,-17.571573
2015-01-15 02:10:00+00:00,-18.791531
2015-01-15 02:11:00+00:00,-18.819719
2015-01-15 02:12:00+00:00,-19.551548
2015-01-15 02:13:00+00:00,-19.451651
2015-01-15 02:14:00+00:00,-16.502649
2015-01-15 02:15:00+00:00,-16.981136
2015-01-15 02:16:00+00:00,-17.807734
2015-01-15 02:17:00+00:00,-20.064802
2015-01-15 02:18:00+00:00,-23.022877
2015-01-15 02:19:00+00:00,-25.919294
2015-01-15 02:20:00+00:00,-27.0324
2015-01-15 02:21:00+00:00,-26.274334
2015-01-15 02:22:00+00:00,-24.271101
2015-01-15 02:23:00+00:00,-22.15554
2015-01-15 02:24:00+00:00,-21.1562
2015-01-15 02:25:00+00:00,-22.572908
2015-01-15 02:26:00+00:00,-22.885191
2015-01-15 02:27:00+00:00,-23.099199
2015-01-15 02:28:00+00:00,-22.069632
2015-01-15 02:29:00+00:00,-22.10298
2015-01-15 02:30:00+00:00,-22.360125
2015-01-15 02:31:00+00:00,-21.996883
2015-01-15 02:32:00+00:00,-24.552652
2015-01-15 02:33:00+00:00,-25.968544
2015-01-15 02:34:00+00:00,-24.906826
2015-01-15 02:35:00+00:00,-24.576641
2015-01-15 02:36:00+00:00,-28.484989
2015-01-15 02:37:00+00:00,-31.929876
2015-01-15 02:38:00+00:00,-37.052094
2015-01-15 02:39:00+00:00,-36.330307
2015-01-15 02:40:00+00:00,-35.738319
2015-01-15 02:41:00+00:00,-38.053627
2015-01-15 02:42:00+00:00,-38.477566
2015-01-15 02:43:00+00:00,-39.52494
2015-01-15 02:44:00+00:00,-41.847279
2015-01-15 02:45:00+00:00,-40.997913
2015-01-15 02:46:00+00:00,-37.441948
2015-01-15 02:47:00+00:00,-32.480766
2015-01-22 00:00:00+00:00,-249.41687
2015-01-22 00:01:00+00:00,-252.853455
2015-01-22 00:02:00+00:00,-258.463287
2015-01-22 00:03:00+00:00,-253.924683
2015-01-22 00:04:00+00:00,-257.399719
2015-01-22 00:05:00+00:00,-252.491898
2015-01-22 00:06:00+00:00,-234.929764
2015-01-22 00:07:00+00:00,-218.790436
2015-01-22 00:08:00+00:00,-215.299484
2015-01-22 00:09:00+00:00,-209.89444
2015-01-22 00:10:00+00:00,-201.552811
2015-01-22 00:11:00+00:00,-202.148605
2015-01-22 00:12:00+00:00,-195.736526
2015-01-22 00:13:00+00:00,-185.392349
2015-01-22 00:14:00+00:00,-179.407425
2015-01-22 00:15:00+00:00,-172.091537
2015-01-22 00:16:00+00:00,-165.544052
2015-01-22 00:17:00+00:00,-156.599014
2015-01-22 00:18:00+00:00,-143.847229
2015-01-22 00:19:00+00:00,-152.8004
2015-01-22 00:20:00+00:00,-162.553864
2015-01-22 00:21:00+00:00,-156.124298
2015-01-22 00:22:00+00:00,-145.026627
2015-01-22 00:23:00+00:00,-131.712601
2015-01-22 00:24:00+00:00,-150.477615
2015-01-22 00:25:00+00:00,-146.337234
2015-01-22 00:26:00+00:00,-142.859253
2015-01-22 00:27:00+00:00,-146.965179
2015-01-22 00:28:00+00:00,-150.000565
2015-01-22 00:29:00+00:00,-155.515045
2015-01-22 00:30:00+00:00,-165.268341
2015-01-22 00:31:00+00:00,-187.882614
2015-01-22 00:32:00+00:00,-180.763062
2015-01-22 00:33:00+00:00,-195.68103
2015-01-22 00:34:00+00:00,-171.504623
2015-01-22 00:35:00+00:00,-144.498306
2015-01-22 00:36:00+00:00,-140.309219
2015-01-22 00:37:00+00:00,-132.065231
2015-01-22 00:38:00+00:00,-136.864288
2015-01-22 00:39:00+00:00,-152.213196
2015-01-22 00:40:00+00:00,-181.890198
2015-01-22 00:41:00+00:00,-204.404694
2015-01-22 00:42:00+00:00,-218.400208
2015-01-22 00:43:00+00:00,-223.787003
2015-01-22 00:44:00+00:00,-232.904556
2015-01-22 00:45:00+00:00,-247.513748
2015-01-22 00:46:00+00:00,-251.940674
2015-01-22 00:47:00+00:00,-247.097412
2015-01-22 00:48:00+00:00,-251.755402
2015-01-22 00:49:00+00:00,-264.700745
2015-01-22 00:50:00+00:00,-271.662842
2015-01-22 00:51:00+00:00,-285.990326
2015-01-22 00:52:00+00:00,-306.882355
2015-01-22 00:53:00+00:00,-323.049835
2015-01-22 00:54:00+00:00,-329.112823
2015-01-22 00:55:00+00:00,-325.785126
2015-01-22 00:56:00+00:00,-321.492523
2015-01-22 00:57:00+00:00,-321.11676
2015-01-22 00:58:00+00:00,-315.04071
2015-01-22 00:59:00+00:00,-294.813965
2015-01-22 01:00:00+00:00,-275.235413
2015-01-22 01:01:00+00:00,-302.187592
2015-01-22 01:02:00+00:00,-315.376648
2015-01-22 01:03:00+00:00,-309.294342
2015-01-22 01:04:00+00:00,-298.867188
2015-01-22 01:05:00+00:00,-339.315369
2015-01-22 01:06:00+00:00,-300.341583
2015-01-22 01:07:00+00:00,-269.007416
2015-01-22 01:08:00+00:00,-283.694183
2015-01-22 01:09:00+00:00,-259.114838
2015-01-22 01:10:00+00:00,-265.757202
2015-01-22 01:11:00+00:00,-272.227814
2015-01-22 01:12:00+00:00,-280.063843
2015-01-22 01:13:00+00:00,-279.775024
2015-01-22 01:14:00+00:00,-274.683563
2015-01-22 01:15:00+00:00,-268.812927
2015-01-22 01:16:00+00:00,-265.194397
2015-01-22 01:17:00+00:00,-258.352356
2015-01-22 01:18:00+00:00,-277.178436
2015-01-22 01:19:00+00:00,-254.347397
2015-01-22 01:20:00+00:00,-266.833618
2015-01-22 01:21:00+00:00,-280.373077
2015-01-22 01:22:00+00:00,-288.353516
2015-01-22 01:23:00+00:00,-292.018066
2015-01-22 01:24:00+00:00,-267.047394
2015-01-22 01:25:00+00:00,-237.111374
2015-01-22 01:26:00+00:00,-225.88385
2015-01-22 01:27:00+00:00,-220.925537
2015-01-22 01:28:00+00:00,-218.280884
2015-01-22 01:29:00+00:00,-209.204666
2015-01-22 01:30:00+00:00,-197.359985
2015-01-22 01:31:00+00:00,-185.322067
2015-01-22 01:32:00+00:00,-173.415115
2015-01-22 01:33:00+00:00,-159.264893
2015-01-22 01:34:00+00:00,-149.795288
2015-01-22 01:35:00+00:00,-141.119583
2015-01-22 01:36:00+00:00,-130.431168
2015-01-22 01:37:00+00:00,-136.550201
2015-01-22 01:38:00+00:00,-135.258179
2015-01-22 01:39:00+00:00,-122.073441
2015-01-22 01:40:00+00:00,-111.751884
2015-01-22 01:41:00+00:00,-100.590416
2015-01-22 01:42:00+00:00,-86.822456
2015-01-22 01:43:00+00:00,-75.217598
2015-01-22 01:44:00+00:00,-70.841057
2015-01-22 01:45:00+00:00,-75.006226
2015-01-22 01:46:00+00:00,-55.241756
2015-01-22 01:47:00+00:00,-45.218483
2015-01-22 01:48:00+00:00,-52.469471
2015-01-22 01:49:00+00:00,-48.523361
2015-01-22 01:50:00+00:00,-54.030727
2015-01-22 01:51:00+00:00,-62.818237
2015-01-22 01:52:00+00:00,-64.914963
2015-01-22 01:53:00+00:00,-59.41077
2015-01-22 01:54:00+00:00,-46.629913
2015-01-22 01:55:00+00:00,-63.276501
2015-01-22 01:56:00+00:00,-74.05349
2015-01-22 01:57:00+00:00,-79.704582
2015-01-22 01:58:00+00:00,-75.620819
2015-01-22 01:59:00+00:00,-80.423225
2015-01-22 02:00:00+00:00,-87.75544
2015-01-22 02:01:00+00:00,-94.272507
2015-01-22 02:02:00+00:00,-105.014236
2015-01-22 02:03:00+00:00,-108.504089
2015-01-22 02:04:00+00:00,-118.349503
2015-01-22 02:05:00+00:00,-131.797577
2015-01-22 02:06:00+00:00,-136.081711
2015-01-22 02:07:00+00:00,-122.115028
2015-01-22 02:08:00+00:00,-117.203209
2015-01-22 02:09:00+00:00,-119.432205
2015-01-22 02:10:00+00:00,-128.810822
2015-01-22 02:11:00+00:00,-135.878159
2015-01-22 02:12:00+00:00,-139.935974
2015-01-22 02:13:00+00:00,-134.220688
2015-01-22 02:14:00+00:00,-130.157013
2015-01-22 02:15:00+00:00,-129.540894
2015-01-22 02:16:00+00:00,-128.093094
2015-01-22 02:17:00+00:00,-130.861465
2015-01-22 02:18:00+00:00,-130.934875
2015-01-22 02:19:00+00:00,-129.708893
2015-01-22 02:20:00+00:00,-129.241135
2015-01-22 02:21:00+00:00,-125.890976
2015-01-22 02:22:00+00:00,-124.007103
2015-01-22 02:23:00+00:00,-124.053383
2015-01-22 02:24:00+00:00,-120.594292
2015-01-22 02:25:00+00:00,-118.344696
2015-01-22 02:26:00+00:00,-117.820244
2015-01-22 02:27:00+00:00,-120.139114
2015-01-22 02:28:00+00:00,-122.693977
2015-01-22 02:29:00+00:00,-124.181976
2015-01-22 02:30:00+00:00,-123.507492
2015-01-22 02:31:00+00:00,-117.880409
2015-01-22 02:32:00+00:00,-111.813309
2015-01-22 02:33:00+00:00,-104.078674
2015-01-22 02:34:00+00:00,-99.945045
2015-01-22 02:35:00+00:00,-97.453445
2015-01-22 02:36:00+00:00,-99.125351
2015-01-22 02:37:00+00:00,-98.856277
2015-01-22 02:38:00+00:00,-98.47924
2015-01-22 02:39:00+00:00,-102.107513
2015-01-22 02:40:00+00:00,-106.182503
2015-01-22 02:41:00+00:00,-106.315536
2015-01-22 02:42:00+00:00,-107.396271
2015-01-22 02:43:00+00:00,-104.618172
2015-01-22 02:44:00+00:00,-100.172424
2015-01-22 02:45:00+00:00,-101.136299
2015-01-22 02:46:00+00:00,-105.125999
2015-01-22 02:47:00+00:00,-109.042892
2015-01-29 00:00:00+00:00,-210.673187
2015-01-29 00:01:00+00:00,-196.892502
2015-01-29 00:02:00+00:00,-190.111694
2015-01-29 00:03:00+00:00,-194.34343
2015-01-29 00:04:00+00:00,-191.577393
2015-01-29 00:05:00+00:00,-192.818909
2015-01-29 00:06:00+00:00,-189.05719
2015-01-29 00:07:00+00:00,-175.278503
2015-01-29 00:08:00+00:00,-171.473541
2015-01-29 00:09:00+00:00,-175.671051
2015-01-29 00:10:00+00:00,-170.858307
2015-01-29 00:11:00+00:00,-167.05896
2015-01-29 00:12:00+00:00,-163.25824
2015-01-29 00:13:00+00:00,-158.453934
2015-01-29 00:14:00+00:00,-161.659683
2015-01-29 00:15:00+00:00,-144.859329
2015-01-29 00:16:00+00:00,-132.030838
2015-01-29 00:17:00+00:00,-134.205902
2015-01-29 00:18:00+00:00,-136.392273
2015-01-29 00:19:00+00:00,-116.573814
2015-01-29 00:20:00+00:00,-126.78611
2015-01-29 00:21:00+00:00,-153.381454
2015-01-29 00:22:00+00:00,-137.499313
2015-01-29 00:23:00+00:00,-183.363297
2015-01-29 00:24:00+00:00,-244.996643
2015-01-29 00:25:00+00:00,-289.946869
2015-01-29 00:26:00+00:00,-283.535492
2015-01-29 00:27:00+00:00,-260.946381
2015-01-29 00:28:00+00:00,-236.57132
2015-01-29 00:29:00+00:00,-223.355759
2015-01-29 00:30:00+00:00,-238.386581
2015-01-29 00:31:00+00:00,-250.776062
2015-01-29 00:32:00+00:00,-206.930222
2015-01-29 00:33:00+00:00,-198.136246
2015-01-29 00:34:00+00:00,-246.485016
2015-01-29 00:35:00+00:00,-270.355499
2015-01-29 00:36:00+00:00,-250.8703
2015-01-29 00:37:00+00:00,-248.879242
2015-01-29 00:38:00+00:00,-255.549896
2015-01-29 00:39:00+00:00,-248.505203
2015-01-29 00:40:00+00:00,-251.488922
2015-01-29 00:41:00+00:00,-245.399536
2015-01-29 00:42:00+00:00,-241.536972
2015-01-29 00:43:00+00:00,-240.65976
2015-01-29 00:44:00+00:00,-246.777222
2015-01-29 00:45:00+00:00,-252.900589
2015-01-29 00:46:00+00:00,-268.013306
2015-01-29 00:47:00+00:00,-258.127594
2015-01-29 00:48:00+00:00,-256.220062
2015-01-29 00:49:00+00:00,-267.315643
2015-01-29 00:50:00+00:00,-258.429962
2015-01-29 00:51:00+00:00,-255.538666
2015-01-29 00:52:00+00:00,-262.643219
2015-01-29 00:53:00+00:00,-268.743683
2015-01-29 00:54:00+00:00,-264.854218
2015-01-29 00:55:00+00:00,-258.940216
2015-01-29 00:56:00+00:00,-251.023026
2015-01-29 00:57:00+00:00,-242.10733
2015-01-29 00:58:00+00:00,-238.216492
2015-01-29 00:59:00+00:00,-234.303146
2015-01-29 01:00:00+00:00,-236.383469
2015-01-29 01:01:00+00:00,-224.46701
2015-01-29 01:02:00+00:00,-231.543396
2015-01-29 01:03:00+00:00,-245.624466
2015-01-29 01:04:00+00:00,-245.679581
2015-01-29 01:05:00+00:00,-230.746429
2015-01-29 01:06:00+00:00,-222.810501
2015-01-29 01:07:00+00:00,-220.863113
2015-01-29 01:08:00+00:00,-214.923904
2015-01-29 01:09:00+00:00,-212.97348
2015-01-29 01:10:00+00:00,-230.024139
2015-01-29 01:11:00+00:00,-234.084045
2015-01-29 01:12:00+00:00,-236.14064
2015-01-29 01:13:00+00:00,-242.192322
2015-01-29 01:14:00+00:00,-224.24411
2015-01-29 01:15:00+00:00,-216.281921
2015-01-29 01:16:00+00:00,-198.318604
2015-01-29 01:17:00+00:00,-186.372314
2015-01-29 01:18:00+00:00,-191.411911
2015-01-29 01:19:00+00:00,-196.446808
2015-01-29 01:20:00+00:00,-185.493713
2015-01-29 01:21:00+00:00,-173.546402
2015-01-29 01:22:00+00:00,-176.588852
2015-01-29 01:23:00+00:00,-178.618286
2015-01-29 01:24:00+00:00,-171.6548
2015-01-29 01:25:00+00:00,-172.692169
2015-01-29 01:26:00+00:00,-181.738495
2015-01-29 01:27:00+00:00,-175.789185
2015-01-29 01:28:00+00:00,-176.82399
2015-01-29 01:29:00+00:00,-174.856689
2015-01-29 01:30:00+00:00,-166.889862
2015-01-29 01:31:00+00:00,-167.929916
2015-01-29 01:32:00+00:00,-166.961349
2015-01-29 01:33:00+00:00,-160.996582
2015-01-29 01:34:00+00:00,-164.03772
2015-01-29 01:35:00+00:00,-158.058624
2015-01-29 01:36:00+00:00,-147.07312
2015-01-29 01:37:00+00:00,-147.096054
2015-01-29 01:38:00+00:00,-142.116882
2015-01-29 01:39:00+00:00,-140.138702
2015-01-29 01:40:00+00:00,-141.155884
2015-01-29 01:41:00+00:00,-139.174011
2015-01-29 01:42:00+00:00,-134.199005
2015-01-29 01:43:00+00:00,-138.22966
2015-01-29 01:44:00+00:00,-144.254929
2015-01-29 01:45:00+00:00,-145.263306
2015-01-29 01:46:00+00:00,-142.258362
2015-01-29 01:47:00+00:00,-145.271072
2015-01-29 01:48:00+00:00,-142.294296
2015-01-29 01:49:00+00:00,-138.305756
2015-01-29 01:50:00+00:00,-138.324677
2015-01-29 01:51:00+00:00,-145.341476
2015-01-29 01:52:00+00:00,-148.366135
2015-01-29 01:53:00+00:00,-132.382706
2015-01-29 01:54:00+00:00,-130.411407
2015-01-29 01:55:00+00:00,-141.445572
2015-01-29 01:56:00+00:00,-133.463043
2015-01-29 01:57:00+00:00,-130.487259
2015-01-29 01:58:00+00:00,-133.524841
2015-01-29 01:59:00+00:00,-140.570099
2015-01-29 02:00:00+00:00,-142.599335
2015-01-29 02:01:00+00:00,-130.610596
2015-01-29 02:02:00+00:00,-129.652756
2015-01-29 02:03:00+00:00,-136.717621
2015-01-29 02:04:00+00:00,-129.760422
2015-01-29 02:05:00+00:00,-122.771523
2015-01-29 02:06:00+00:00,-130.80719
2015-01-29 02:07:00+00:00,-130.846085
2015-01-29 02:08:00+00:00,-124.879066
2015-01-29 02:09:00+00:00,-119.912109
2015-01-29 02:10:00+00:00,-125.951202
2015-01-29 02:11:00+00:00,-129.989319
2015-01-29 02:12:00+00:00,-131.019928
2015-01-29 02:13:00+00:00,-124.063354
2015-01-29 02:14:00+00:00,-125.101639
2015-01-29 02:15:00+00:00,-125.143211
2015-01-29 02:16:00+00:00,-114.194077
2015-01-29 02:17:00+00:00,-112.236298
2015-01-29 02:18:00+00:00,-115.282692
2015-01-29 02:19:00+00:00,-123.336815
2015-01-29 02:20:00+00:00,-122.383659
2015-01-29 02:21:00+00:00,-110.426773
2015-01-29 02:22:00+00:00,-110.483383
2015-01-29 02:23:00+00:00,-114.550194
2015-01-29 02:24:00+00:00,-113.612206
2015-01-29 02:25:00+00:00,-107.678818
2015-01-29 02:26:00+00:00,-109.762146
2015-01-29 02:27:00+00:00,-111.836914
2015-01-29 02:28:00+00:00,-112.912781
2015-01-29 02:29:00+00:00,-117.991829
2015-01-29 02:30:00+00:00,-118.065887
2015-01-29 02:31:00+00:00,-115.151474
2015-01-29 02:32:00+00:00,-123.234283
2015-01-29 02:33:00+00:00,-126.313339
2015-01-29 02:34:00+00:00,-122.388641
2015-01-29 02:35:00+00:00,-117.477295
2015-01-29 02:36:00+00:00,-119.57196
2015-01-29 02:37:00+00:00,-116.665817
2015-01-29 02:38:00+00:00,-109.764725
2015-01-29 02:39:00+00:00,-104.861855
2015-01-29 02:40:00+00:00,-108.967453
2015-01-29 02:41:00+00:00,-110.069214
2015-01-29 02:42:00+00:00,-112.173721
2015-01-29 02:43:00+00:00,-114.283279
2015-01-29 02:44:00+00:00,-110.388145
2015-01-29 02:45:00+00:00,-107.497597
2015-01-29 02:46:00+00:00,-109.617981
2015-01-29 02:47:00+00:00,-111.735626
2015-02-05 00:00:00+00:00,-100.292892
2015-02-05 00:01:00+00:00,-103.369362
2015-02-05 00:02:00+00:00,-106.451355
2015-02-05 00:03:00+00:00,-108.539223
2015-02-05 00:04:00+00:00,-110.627197
2015-02-05 00:05:00+00:00,-114.70137
2015-02-05 00:06:00+00:00,-108.770134
2015-02-05 00:07:00+00:00,-109.848892
2015-02-05 00:08:00+00:00,-108.927002
2015-02-05 00:09:00+00:00,-103.00325
2015-02-05 00:10:00+00:00,-102.08065
2015-02-05 00:11:00+00:00,-109.159485
2015-02-05 00:12:00+00:00,-112.231041
2015-02-05 00:13:00+00:00,-111.305847
2015-02-05 00:14:00+00:00,-110.382507
2015-02-05 00:15:00+00:00,-113.466698
2015-02-05 00:16:00+00:00,-112.539406
2015-02-05 00:17:00+00:00,-109.610764
2015-02-05 00:18:00+00:00,-110.680679
2015-02-05 00:19:00+00:00,-114.75647
2015-02-05 00:20:00+00:00,-117.828743
2015-02-05 00:21:00+00:00,-119.900391
2015-02-05 00:22:00+00:00,-112.964989
2015-02-05 00:23:00+00:00,-108.032722
2015-02-05 00:24:00+00:00,-112.096695
2015-02-05 00:25:00+00:00,-115.156815
2015-02-05 00:26:00+00:00,-120.462425
2015-02-05 00:27:00+00:00,-152.113235
2015-02-05 00:28:00+00:00,-169.519485
2015-02-05 00:29:00+00:00,-163.366119
2015-02-05 00:30:00+00:00,-137.244568
2015-02-05 00:31:00+00:00,-144.489105
2015-02-05 00:32:00+00:00,-112.548653
2015-02-05 00:33:00+00:00,-111.590843
2015-02-05 00:34:00+00:00,-105.634232
2015-02-05 00:35:00+00:00,-103.686401
2015-02-05 00:36:00+00:00,-111.72998
2015-02-05 00:37:00+00:00,-112.774544
2015-02-05 00:38:00+00:00,-108.822227
2015-02-05 00:39:00+00:00,-106.86895
2015-02-05 00:40:00+00:00,-107.915848
2015-02-05 00:41:00+00:00,-106.955444
2015-02-05 00:42:00+00:00,-104.995697
2015-02-05 00:43:00+00:00,-107.037453
2015-02-05 00:44:00+00:00,-114.075439
2015-02-05 00:45:00+00:00,-114.113983
2015-02-05 00:46:00+00:00,-119.16095
2015-02-05 00:47:00+00:00,-132.215561
2015-02-05 00:48:00+00:00,-133.250244
2015-02-05 00:49:00+00:00,-131.290405
2015-02-05 00:50:00+00:00,-134.329178
2015-02-05 00:51:00+00:00,-135.357788
2015-02-05 00:52:00+00:00,-136.390915
2015-02-05 00:53:00+00:00,-137.431427
2015-02-05 00:54:00+00:00,-143.472549
2015-02-05 00:55:00+00:00,-148.50589
2015-02-05 00:56:00+00:00,-144.532562
2015-02-05 00:57:00+00:00,-186.010818
2015-02-05 00:58:00+00:00,-183.27562
2015-02-05 00:59:00+00:00,-196.139954
2015-02-05 01:00:00+00:00,-214.459335
2015-02-05 01:01:00+00:00,-213.308487
2015-02-05 01:02:00+00:00,-184.917831
2015-02-05 01:03:00+00:00,-208.532028
2015-02-05 01:04:00+00:00,-154.155029
2015-02-05 01:05:00+00:00,-175.719803
2015-02-05 01:06:00+00:00,-177.640686
2015-02-05 01:07:00+00:00,-182.482986
2015-02-05 01:08:00+00:00,-169.536224
2015-02-05 01:09:00+00:00,-151.413757
2015-02-05 01:10:00+00:00,-158.52655
2015-02-05 01:11:00+00:00,-155.634125
2015-02-05 01:12:00+00:00,-152.11055
2015-02-05 01:13:00+00:00,-157.283661
2015-02-05 01:14:00+00:00,-154.370499
2015-02-05 01:15:00+00:00,-155.727936
2015-02-05 01:16:00+00:00,-146.672409
2015-02-05 01:17:00+00:00,-153.160431
2015-02-05 01:18:00+00:00,-158.509918
2015-02-05 01:19:00+00:00,-149.218536
2015-02-05 01:20:00+00:00,-145.339951
2015-02-05 01:21:00+00:00,-148.385345
2015-02-05 01:22:00+00:00,-145.292328
2015-02-05 01:23:00+00:00,-140.879639
2015-02-05 01:24:00+00:00,-134.878448
2015-02-05 01:25:00+00:00,-134.284378
2015-02-05 01:26:00+00:00,-142.402557
2015-02-05 01:27:00+00:00,-154.141144
2015-02-05 01:28:00+00:00,-158.590759
2015-02-05 01:29:00+00:00,-164.327332
2015-02-05 01:30:00+00:00,-167.968109
2015-02-05 01:31:00+00:00,-162.938828
2015-02-05 01:32:00+00:00,-156.673859
2015-02-05 01:33:00+00:00,-154.683502
2015-02-05 01:34:00+00:00,-152.409348
2015-02-05 01:35:00+00:00,-158.711578
2015-02-05 01:36:00+00:00,-153.224579
2015-02-05 01:37:00+00:00,-151.322952
2015-02-05 01:38:00+00:00,-148.687241
2015-02-05 01:39:00+00:00,-140.891296
2015-02-05 01:40:00+00:00,-136.007828
2015-02-05 01:41:00+00:00,-132.812073
2015-02-05 01:42:00+00:00,-131.655701
2015-02-05 01:43:00+00:00,-127.763214
2015-02-05 01:44:00+00:00,-128.298859
2015-02-05 01:45:00+00:00,-134.65126
2015-02-05 01:46:00+00:00,-137.634384
2015-02-05 01:47:00+00:00,-132.613953
2015-02-05 01:48:00+00:00,-118.606659
2015-02-05 01:49:00+00:00,-119.611557
2015-02-05 01:50:00+00:00,-126.612152
2015-02-05 01:51:00+00:00,-126.61338
2015-02-05 01:52:00+00:00,-126.622177
2015-02-05 01:53:00+00:00,-127.61956
2015-02-05 01:54:00+00:00,-121.615379
2015-02-05 01:55:00+00:00,-118.614601
2015-02-05 01:56:00+00:00,-122.628021
2015-02-05 01:57:00+00:00,-119.630859
2015-02-05 01:58:00+00:00,-115.625565
2015-02-05 01:59:00+00:00,-109.622559
2015-02-05 02:00:00+00:00,-103.620827
2015-02-05 02:01:00+00:00,-96.634239
2015-02-05 02:02:00+00:00,-101.652504
2015-02-05 02:03:00+00:00,-105.652122
2015-02-05 02:04:00+00:00,-97.644997
2015-02-05 02:05:00+00:00,-85.643181
2015-02-05 02:06:00+00:00,-85.657135
2015-02-05 02:07:00+00:00,-83.659836
2015-02-05 02:08:00+00:00,-81.674934
2015-02-05 02:09:00+00:00,-86.693954
2015-02-05 02:10:00+00:00,-85.69857
2015-02-05 02:11:00+00:00,-80.716904
2015-02-05 02:12:00+00:00,-79.748222
2015-02-05 02:13:00+00:00,-87.781578
2015-02-05 02:14:00+00:00,-89.793793
2015-02-05 02:15:00+00:00,-87.799286
2015-02-05 02:16:00+00:00,-95.80127
2015-02-05 02:17:00+00:00,-81.799149
2015-02-05 02:18:00+00:00,-54.81575
2015-02-05 02:19:00+00:00,-72.889954
2015-02-05 02:20:00+00:00,-100.92627
2015-02-05 02:21:00+00:00,-82.93821
2015-02-05 02:22:00+00:00,-79.966492
2015-02-05 02:23:00+00:00,-96.993408
2015-02-05 02:24:00+00:00,-86.969307
2015-02-05 02:25:00+00:00,-54.9688
2015-02-05 02:26:00+00:00,-53.028145
2015-02-05 02:27:00+00:00,-86.076469
2015-02-05 02:28:00+00:00,-77.079208
2015-02-05 02:29:00+00:00,-55.10321
2015-02-05 02:30:00+00:00,-77.176384
2015-02-05 02:31:00+00:00,-88.18895
2015-02-05 02:32:00+00:00,-63.201801
2015-02-05 02:33:00+00:00,-60.265903
2015-02-05 02:34:00+00:00,-83.305557
2015-02-05 02:35:00+00:00,-73.314316
2015-02-05 02:36:00+00:00,-57.347878
2015-02-05 02:37:00+00:00,-68.397324
2015-02-05 02:38:00+00:00,-72.439743
2015-02-05 02:39:00+00:00,-64.483307
2015-02-05 02:40:00+00:00,-64.525635
2015-02-05 02:41:00+00:00,-67.579742
2015-02-05 02:42:00+00:00,-69.630585
2015-02-05 02:43:00+00:00,-66.675529
2015-02-05 02:44:00+00:00,-66.724457
2015-02-05 02:45:00+00:00,-75.786919
2015-02-05 02:46:00+00:00,-83.844498
2015-02-05 02:47:00+00:00,-77.884125
2015-02-12 00:00:00+00:00,-26.981836
2015-02-12 00:01:00+00:00,-26.373541
2015-02-12 00:02:00+00:00,-26.975187
2015-02-12 00:03:00+00:00,-28.437067
2015-02-12 00:04:00+00:00,-29.180019
2015-02-12 00:05:00+00:00,-30.213675
2015-02-12 00:06:00+00:00,-30.224529
2015-02-12 00:07:00+00:00,-30.001478
2015-02-12 00:08:00+00:00,-29.073822
2015-02-12 00:09:00+00:00,-30.043015
2015-02-12 00:10:00+00:00,-31.176535
2015-02-12 00:11:00+00:00,-32.22496
2015-02-12 00:12:00+00:00,-32.679317
2015-02-12 00:13:00+00:00,-35.620731
2015-02-12 00:14:00+00:00,-37.605663
2015-02-12 00:15:00+00:00,-38.757069
2015-02-12 00:16:00+00:00,-38.838898
2015-02-12 00:17:00+00:00,-39.553097
2015-02-12 00:18:00+00:00,-43.497944
2015-02-12 00:19:00+00:00,-46.533916
2015-02-12 00:20:00+00:00,-40.572968
2015-02-12 00:21:00+00:00,-40.127144
2015-02-12 00:22:00+00:00,-39.960926
2015-02-12 00:23:00+00:00,-40.102837
2015-02-12 00:24:00+00:00,-39.742592
2015-02-12 00:25:00+00:00,-39.309517
2015-02-12 00:26:00+00:00,-38.365421
2015-02-12 00:27:00+00:00,-37.424568
2015-02-12 00:28:00+00:00,-36.691372
2015-02-12 00:29:00+00:00,-35.791393
2015-02-12 00:30:00+00:00,-37.276592
2015-02-12 00:31:00+00:00,-58.926376
2015-02-12 00:32:00+00:00,-67.571449
2015-02-12 00:33:00+00:00,-63.607033
2015-02-12 00:34:00+00:00,-84.269043
2015-02-12 00:35:00+00:00,-106.535233
2015-02-12 00:36:00+00:00,-87.135399
2015-02-12 00:37:00+00:00,-84.891556
2015-02-12 00:38:00+00:00,-92.102043
2015-02-12 00:39:00+00:00,-87.780319
2015-02-12 00:40:00+00:00,-91.127487
2015-02-12 00:41:00+00:00,-96.287704
2015-02-12 00:42:00+00:00,-96.723175
2015-02-12 00:43:00+00:00,-95.883728
2015-02-12 00:44:00+00:00,-106.1427
2015-02-12 00:45:00+00:00,-98.869514
2015-02-12 00:46:00+00:00,-98.438522
2015-02-12 00:47:00+00:00,-107.19175
2015-02-12 00:48:00+00:00,-102.124016
2015-02-12 00:49:00+00:00,-108.733574
2015-02-12 00:50:00+00:00,-99.633453
2015-02-12 00:51:00+00:00,-87.790619
2015-02-12 00:52:00+00:00,-67.18335
2015-02-12 00:53:00+00:00,-67.707306
2015-02-12 00:54:00+00:00,-80.796852
2015-02-12 00:55:00+00:00,-84.278267
2015-02-12 00:56:00+00:00,-85.034203
2015-02-12 00:57:00+00:00,-78.935822
2015-02-12 00:58:00+00:00,-73.525002
2015-02-12 00:59:00+00:00,-72.326057
2015-02-12 01:00:00+00:00,-70.094704
2015-02-12 01:01:00+00:00,-67.982971
2015-02-12 01:02:00+00:00,-65.391449
2015-02-12 01:03:00+00:00,-62.526413
2015-02-12 01:04:00+00:00,-58.923595
2015-02-12 01:05:00+00:00,-54.56834
2015-02-12 01:06:00+00:00,-53.59631
2015-02-12 01:07:00+00:00,-51.791733
2015-02-12 01:08:00+00:00,-49.859589
2015-02-12 01:09:00+00:00,-47.426907
2015-02-12 01:10:00+00:00,-44.997463
2015-02-12 01:11:00+00:00,-43.164139
2015-02-12 01:12:00+00:00,-41.399426
2015-02-12 01:13:00+00:00,-39.917336
2015-02-12 01:14:00+00:00,-38.280945
2015-02-12 01:15:00+00:00,-39.421532
2015-02-12 01:16:00+00:00,-38.406506
2015-02-12 01:17:00+00:00,-35.876083
2015-02-12 01:18:00+00:00,-34.491772
2015-02-12 01:19:00+00:00,-32.036339
2015-02-12 01:20:00+00:00,-29.975029
2015-02-12 01:21:00+00:00,-28.914799
2015-02-12 01:22:00+00:00,-27.387333
2015-02-12 01:23:00+00:00,-25.637249
2015-02-12 01:24:00+00:00,-30.63261
2015-02-12 01:25:00+00:00,-28.961582
2015-02-12 01:26:00+00:00,-21.971947
2015-02-12 01:27:00+00:00,-25.4009
2015-02-12 01:28:00+00:00,-20.937166
2015-02-12 01:29:00+00:00,-19.857824
2015-02-12 01:30:00+00:00,-19.476379
2015-02-12 01:31:00+00:00,-17.373667
2015-02-12 01:32:00+00:00,-17.05941
2015-02-12 01:33:00+00:00,-15.923548
2015-02-12 01:34:00+00:00,-13.367465
2015-02-12 01:35:00+00:00,-13.844564
2015-02-12 01:36:00+00:00,-14.51799
2015-02-12 01:37:00+00:00,-14.736855
2015-02-12 01:38:00+00:00,-15.458537
2015-02-12 01:39:00+00:00,-16.072613
2015-02-12 01:40:00+00:00,-15.839509
2015-02-12 01:41:00+00:00,-15.043444
2015-02-12 01:42:00+00:00,-14.448984
2015-02-12 01:43:00+00:00,-13.805194
2015-02-12 01:44:00+00:00,-14.191092
2015-02-12 01:45:00+00:00,-14.60815
2015-02-12 01:46:00+00:00,-14.849837
2015-02-12 01:47:00+00:00,-15.118217
2015-02-12 01:48:00+00:00,-15.80689
2015-02-12 01:49:00+00:00,-15.645255
2015-02-12 01:50:00+00:00,-15.511295
2015-02-12 01:51:00+00:00,-15.602179
2015-02-12 01:52:00+00:00,-15.88769
2015-02-12 01:53:00+00:00,-16.331593
2015-02-12 01:54:00+00:00,-16.805042
2015-02-12 01:55:00+00:00,-16.524729
2015-02-12 01:56:00+00:00,-16.567902
2015-02-12 01:57:00+00:00,-16.018335
2015-02-12 01:58:00+00:00,-15.82542
2015-02-12 01:59:00+00:00,-14.848372
2015-02-12 02:00:00+00:00,-14.950993
2015-02-12 02:01:00+00:00,-15.918131
2015-02-12 02:02:00+00:00,-39.703419
2015-02-12 02:03:00+00:00,-48.922489
2015-02-12 02:04:00+00:00,-112.171104
2015-02-12 02:05:00+00:00,-90.167976
2015-02-12 02:06:00+00:00,-92.547958
2015-02-12 02:07:00+00:00,-78.056107
2015-02-12 02:08:00+00:00,-60.757847
2015-02-12 02:09:00+00:00,-77.584595
2015-02-12 02:10:00+00:00,-61.929901
2015-02-12 02:11:00+00:00,-71.233444
2015-02-12 02:12:00+00:00,-79.476631
2015-02-12 02:13:00+00:00,-74.573532
2015-02-12 02:14:00+00:00,-56.069828
2015-02-12 02:15:00+00:00,-37.141441
2015-02-12 02:16:00+00:00,-34.10273
2015-02-12 02:17:00+00:00,-39.942242
2015-02-12 02:18:00+00:00,-33.982292
2015-02-12 02:19:00+00:00,-20.58836
2015-02-12 02:20:00+00:00,-15.740692
2015-02-12 02:21:00+00:00,-14.61719
2015-02-12 02:22:00+00:00,-15.407813
2015-02-12 02:23:00+00:00,-14.763535
2015-02-12 02:24:00+00:00,-14.296522
2015-02-12 02:25:00+00:00,-22.270403
2015-02-12 02:26:00+00:00,-19.564655
2015-02-12 02:27:00+00:00,-22.206367
2015-02-12 02:28:00+00:00,-37.714722
2015-02-12 02:29:00+00:00,-47.685936
2015-02-12 02:30:00+00:00,-65.048676
2015-02-12 02:31:00+00:00,-82.854752
2015-02-12 02:32:00+00:00,-91.416695
2015-02-12 02:33:00+00:00,-94.981621
2015-02-12 02:34:00+00:00,-126.440086
2015-02-12 02:35:00+00:00,-157.906403
2015-02-12 02:36:00+00:00,-178.869766
2015-02-12 02:37:00+00:00,-192.996231
2015-02-12 02:38:00+00:00,-181.028885
2015-02-12 02:39:00+00:00,-164.657257
2015-02-12 02:40:00+00:00,-131.835373
2015-02-12 02:41:00+00:00,-107.445114
2015-02-12 02:42:00+00:00,-116.370201
2015-02-12 02:43:00+00:00,-102.117516
2015-02-12 02:44:00+00:00,-96.623528
2015-02-12 02:45:00+00:00,-93.344307
2015-02-12 02:46:00+00:00,-80.329674
2015-02-12 02:47:00+00:00,-70.971169
2015-02-19 00:00:00+00:00,-177.057724
2015-02-19 00:01:00+00:00,-186.179214
2015-02-19 00:02:00+00:00,-174.28978
2015-02-19 00:03:00+00:00,-171.423492
2015-02-19 00:04:00+00:00,-185.557739
2015-02-19 00:05:00+00:00,-186.706558
2015-02-19 00:06:00+00:00,-171.834686
2015-02-19 00:07:00+00:00,-168.965424
2015-02-19 00:08:00+00:00,-169.113297
2015-02-19 00:09:00+00:00,-183.24057
2015-02-19 00:10:00+00:00,-175.373978
2015-02-19 00:11:00+00:00,-174.499237
2015-02-19 00:12:00+00:00,-178.628922
2015-02-19 00:13:00+00:00,-180.769241
2015-02-19 00:14:00+00:00,-175.91861
2015-02-19 00:15:00+00:00,-180.058838
2015-02-19 00:16:00+00:00,-180.181503
2015-02-19 00:17:00+00:00,-175.321106
2015-02-19 00:18:00+00:00,-195.453674
2015-02-19 00:19:00+00:00,-193.584839
2015-02-19 00:20:00+00:00,-174.707748
2015-02-19 00:21:00+00:00,-187.852936
2015-02-19 00:22:00+00:00,-220.979355
2015-02-19 00:23:00+00:00,-214.087738
2015-02-19 00:24:00+00:00,-204.187897
2015-02-19 00:25:00+00:00,-201.324387
2015-02-19 00:26:00+00:00,-205.427063
2015-02-19 00:27:00+00:00,-197.498413
2015-02-19 00:28:00+00:00,-184.597519
2015-02-19 00:29:00+00:00,-176.723999
2015-02-19 00:30:00+00:00,-203.835327
2015-02-19 00:31:00+00:00,-210.928772
2015-02-19 00:32:00+00:00,-176.00029
2015-02-19 00:33:00+00:00,-170.109375
2015-02-19 00:34:00+00:00,-190.240372
2015-02-19 00:35:00+00:00,-196.336594
2015-02-19 00:36:00+00:00,-193.434601
2015-02-19 00:37:00+00:00,-192.52803
2015-02-19 00:38:00+00:00,-200.620209
2015-02-19 00:39:00+00:00,-218.726303
2015-02-19 00:40:00+00:00,-227.817841
2015-02-19 00:41:00+00:00,-236.932526
2015-02-19 00:42:00+00:00,-257.007111
2015-02-19 00:43:00+00:00,-223.093704
2015-02-19 00:44:00+00:00,-221.181335
2015-02-19 00:45:00+00:00,-246.297592
2015-02-19 00:46:00+00:00,-259.384094
2015-02-19 00:47:00+00:00,-224.434128
2015-02-19 00:48:00+00:00,-223.506592
2015-02-19 00:49:00+00:00,-244.602539
2015-02-19 00:50:00+00:00,-263.678375
2015-02-19 00:51:00+00:00,-253.713623
2015-02-19 00:52:00+00:00,-237.759949
2015-02-19 00:53:00+00:00,-241.815842
2015-02-19 00:54:00+00:00,-233.893494
2015-02-19 00:55:00+00:00,-233.966934
2015-02-19 00:56:00+00:00,-244.000061
2015-02-19 00:57:00+00:00,-220.051788
2015-02-19 00:58:00+00:00,-207.08551
2015-02-19 00:59:00+00:00,-220.119873
2015-02-19 01:00:00+00:00,-227.145294
2015-02-19 01:01:00+00:00,-184.174759
2015-02-19 01:02:00+00:00,-166.206573
2015-02-19 01:03:00+00:00,-200.240616
2015-02-19 01:04:00+00:00,-232.274597
2015-02-19 01:05:00+00:00,-200.307007
2015-02-19 01:06:00+00:00,-165.337448
2015-02-19 01:07:00+00:00,-182.377167
2015-02-19 01:08:00+00:00,-213.450592
2015-02-19 01:09:00+00:00,-196.480667
2015-02-19 01:10:00+00:00,-166.497147
2015-02-19 01:11:00+00:00,-172.521149
2015-02-19 01:12:00+00:00,-179.565765
2015-02-19 01:13:00+00:00,-186.590805
2015-02-19 01:14:00+00:00,-201.617203
2015-02-19 01:15:00+00:00,-201.620819
2015-02-19 01:16:00+00:00,-188.632217
2015-02-19 01:17:00+00:00,-189.650681
2015-02-19 01:18:00+00:00,-202.669205
2015-02-19 01:19:00+00:00,-202.689972
2015-02-19 01:20:00+00:00,-192.688919
2015-02-19 01:21:00+00:00,-188.663788
2015-02-19 01:22:00+00:00,-180.657959
2015-02-19 01:23:00+00:00,-177.987747
2015-02-19 01:24:00+00:00,-178.176178
2015-02-19 01:25:00+00:00,-165.672913
2015-02-19 01:26:00+00:00,-156.601257
2015-02-19 01:27:00+00:00,-169.359085
2015-02-19 01:28:00+00:00,-178.433838
2015-02-19 01:29:00+00:00,-189.182083
2015-02-19 01:30:00+00:00,-202.772827
2015-02-19 01:31:00+00:00,-240.358307
2015-02-19 01:32:00+00:00,-236.47319
2015-02-19 01:33:00+00:00,-235.811859
2015-02-19 01:34:00+00:00,-258.776459
2015-02-19 01:35:00+00:00,-325.784027
2015-02-19 01:36:00+00:00,-325.62146
2015-02-19 01:37:00+00:00,-323.010437
2015-02-19 01:38:00+00:00,-345.368805
2015-02-19 01:39:00+00:00,-330.336182
2015-02-19 01:40:00+00:00,-295.6185
2015-02-19 01:41:00+00:00,-278.130737
2015-02-19 01:42:00+00:00,-276.360046
2015-02-19 01:43:00+00:00,-299.465118
2015-02-19 01:44:00+00:00,-294.972748
2015-02-19 01:45:00+00:00,-262.131775
2015-02-19 01:46:00+00:00,-273.817078
2015-02-19 01:47:00+00:00,-298.04071
2015-02-19 01:48:00+00:00,-276.219635
2015-02-19 01:49:00+00:00,-293.319305
2015-02-19 01:50:00+00:00,-370.44754
2015-02-19 01:51:00+00:00,-443.22876
2015-02-19 01:52:00+00:00,-422.252502
2015-02-19 01:53:00+00:00,-394.87851
2015-02-19 01:54:00+00:00,-421.339844
2015-02-19 01:55:00+00:00,-384.607361
2015-02-19 01:56:00+00:00,-353.842102
2015-02-19 01:57:00+00:00,-295.770142
2015-02-19 01:58:00+00:00,-264.187042
2015-02-19 01:59:00+00:00,-269.307831
2015-02-19 02:00:00+00:00,-288.891144
2015-02-19 02:01:00+00:00,-292.135132
2015-02-19 02:02:00+00:00,-297.098145
2015-02-19 02:03:00+00:00,-276.061523
2015-02-19 02:04:00+00:00,-263.910858
2015-02-19 02:05:00+00:00,-265.156555
2015-02-19 02:06:00+00:00,-266.89505
2015-02-19 02:07:00+00:00,-271.430176
2015-02-19 02:08:00+00:00,-307.571838
2015-02-19 02:09:00+00:00,-270.292908
2015-02-19 02:10:00+00:00,-269.916809
2015-02-19 02:11:00+00:00,-267.174103
2015-02-19 02:12:00+00:00,-277.739868
2015-02-19 02:13:00+00:00,-273.370544
2015-02-19 02:14:00+00:00,-256.438995
2015-02-19 02:15:00+00:00,-248.460281
2015-02-19 02:16:00+00:00,-260.715149
2015-02-19 02:17:00+00:00,-270.818451
2015-02-19 02:18:00+00:00,-277.470947
2015-02-19 02:19:00+00:00,-269.142639
2015-02-19 02:20:00+00:00,-253.041367
2015-02-19 02:21:00+00:00,-234.0961
2015-02-19 02:22:00+00:00,-225.977844
2015-02-19 02:23:00+00:00,-219.755814
2015-02-19 02:24:00+00:00,-276.305389
2015-02-19 02:25:00+00:00,-259.44455
2015-02-19 02:26:00+00:00,-222.984177
2015-02-19 02:27:00+00:00,-222.521805
2015-02-19 02:28:00+00:00,-223.072968
2015-02-19 02:29:00+00:00,-224.379745
2015-02-19 02:30:00+00:00,-223.17395
2015-02-19 02:31:00+00:00,-251.757339
2015-02-19 02:32:00+00:00,-290.095276
2015-02-19 02:33:00+00:00,-285.887024
2015-02-19 02:34:00+00:00,-264.443176
2015-02-19 02:35:00+00:00,-241.911255
2015-02-19 02:36:00+00:00,-244.714111
2015-02-19 02:37:00+00:00,-236.126694
2015-02-19 02:38:00+00:00,-229.168884
2015-02-19 02:39:00+00:00,-224.421555
2015-02-19 02:40:00+00:00,-218.915207
2015-02-19 02:41:00+00:00,-224.596863
2015-02-19 02:42:00+00:00,-223.426788
2015-02-19 02:43:00+00:00,-226.008316
2015-02-19 02:44:00+00:00,-226.728516
2015-02-19 02:45:00+00:00,-210.466583
2015-02-19 02:46:00+00:00,-199.414612
2015-02-19 02:47:00+00:00,-201.564697
2015-02-26 00:00:00+00:00,-40.564503
2015-02-26 00:01:00+00:00,-39.632877
2015-02-26 00:02:00+00:00,-39.568913
2015-02-26 00:03:00+00:00,-40.807449
2015-02-26 00:04:00+00:00,-42.577698
2015-02-26 00:05:00+00:00,-42.653286
2015-02-26 00:06:00+00:00,-41.016438
2015-02-26 00:07:00+00:00,-39.525669
2015-02-26 00:08:00+00:00,-38.292175
2015-02-26 00:09:00+00:00,-40.848003
2015-02-26 00:10:00+00:00,-42.301128
2015-02-26 00:11:00+00:00,-44.539165
2015-02-26 00:12:00+00:00,-45.408352
2015-02-26 00:13:00+00:00,-46.655418
2015-02-26 00:14:00+00:00,-48.948494
2015-02-26 00:15:00+00:00,-50.578308
2015-02-26 00:16:00+00:00,-51.453175
2015-02-26 00:17:00+00:00,-49.512295
2015-02-26 00:18:00+00:00,-45.934464
2015-02-26 00:19:00+00:00,-44.403442
2015-02-26 00:20:00+00:00,-44.893551
2015-02-26 00:21:00+00:00,-45.41037
2015-02-26 00:22:00+00:00,-45.909573
2015-02-26 00:23:00+00:00,-46.789963
2015-02-26 00:24:00+00:00,-48.047184
2015-02-26 00:25:00+00:00,-49.426781
2015-02-26 00:26:00+00:00,-50.866016
2015-02-26 00:27:00+00:00,-52.160484
2015-02-26 00:28:00+00:00,-53.326328
2015-02-26 00:29:00+00:00,-54.618809
2015-02-26 00:30:00+00:00,-55.723076
2015-02-26 00:31:00+00:00,-56.527824
2015-02-26 00:32:00+00:00,-57.170055
2015-02-26 00:33:00+00:00,-56.947765
2015-02-26 00:34:00+00:00,-55.385036
2015-02-26 00:35:00+00:00,-53.870605
2015-02-26 00:36:00+00:00,-52.837811
2015-02-26 00:37:00+00:00,-52.173363
2015-02-26 00:38:00+00:00,-53.221806
2015-02-26 00:39:00+00:00,-53.18618
2015-02-26 00:40:00+00:00,-52.561493
2015-02-26 00:41:00+00:00,-51.518051
2015-02-26 00:42:00+00:00,-51.633308
2015-02-26 00:43:00+00:00,-52.640663
2015-02-26 00:44:00+00:00,-54.668766
2015-02-26 00:45:00+00:00,-56.77626
2015-02-26 00:46:00+00:00,-58.206013
2015-02-26 00:47:00+00:00,-57.634869
2015-02-26 00:48:00+00:00,-56.859367
2015-02-26 00:49:00+00:00,-55.888428
2015-02-26 00:50:00+00:00,-54.593746
2015-02-26 00:51:00+00:00,-52.912006
2015-02-26 00:52:00+00:00,-52.345734
2015-02-26 00:53:00+00:00,-52.593361
2015-02-26 00:54:00+00:00,-52.306801
2015-02-26 00:55:00+00:00,-53.039001
2015-02-26 00:56:00+00:00,-54.743298
2015-02-26 00:57:00+00:00,-55.481415
2015-02-26 00:58:00+00:00,-55.669594
2015-02-26 00:59:00+00:00,-56.467541
2015-02-26 01:00:00+00:00,-57.874504
2015-02-26 01:01:00+00:00,-58.405998
2015-02-26 01:02:00+00:00,-55.614346
2015-02-26 01:03:00+00:00,-56.412983
2015-02-26 01:04:00+00:00,-54.403351
2015-02-26 01:05:00+00:00,-52.58744
2015-02-26 01:06:00+00:00,-57.467731
2015-02-26 01:07:00+00:00,-61.091045
2015-02-26 01:08:00+00:00,-62.246834
2015-02-26 01:09:00+00:00,-64.543762
2015-02-26 01:10:00+00:00,-68.218048
2015-02-26 01:11:00+00:00,-73.754295
2015-02-26 01:12:00+00:00,-77.583176
2015-02-26 01:13:00+00:00,-127.400246
2015-02-26 01:14:00+00:00,-155.952911
2015-02-26 01:15:00+00:00,-176.348358
2015-02-26 01:16:00+00:00,-179.446152
2015-02-26 01:17:00+00:00,-153.286133
2015-02-26 01:18:00+00:00,-168.217102
2015-02-26 01:19:00+00:00,-177.02301
2015-02-26 01:20:00+00:00,-156.099594
2015-02-26 01:21:00+00:00,-144.638
2015-02-26 01:22:00+00:00,-142.021255
2015-02-26 01:23:00+00:00,-140.880005
2015-02-26 01:24:00+00:00,-121.395073
2015-02-26 01:25:00+00:00,-98.901886
2015-02-26 01:26:00+00:00,-97.712982
2015-02-26 01:27:00+00:00,-98.535141
2015-02-26 01:28:00+00:00,-97.804405
2015-02-26 01:29:00+00:00,-92.728439
2015-02-26 01:30:00+00:00,-91.33107
2015-02-26 01:31:00+00:00,-86.720856
2015-02-26 01:32:00+00:00,-85.806068
2015-02-26 01:33:00+00:00,-86.404037
2015-02-26 01:34:00+00:00,-91.177658
2015-02-26 01:35:00+00:00,-91.008102
2015-02-26 01:36:00+00:00,-98.516243
2015-02-26 01:37:00+00:00,-107.669083
2015-02-26 01:38:00+00:00,-118.117767
2015-02-26 01:39:00+00:00,-108.645706
2015-02-26 01:40:00+00:00,-108.572983
2015-02-26 01:41:00+00:00,-99.888969
2015-02-26 01:42:00+00:00,-95.566147
2015-02-26 01:43:00+00:00,-88.546318
2015-02-26 01:44:00+00:00,-86.784561
2015-02-26 01:45:00+00:00,-89.304169
2015-02-26 01:46:00+00:00,-108.605049
2015-02-26 01:47:00+00:00,-102.955208
2015-02-26 01:48:00+00:00,-94.591728
2015-02-26 01:49:00+00:00,-95.457275
2015-02-26 01:50:00+00:00,-100.347458
2015-02-26 01:51:00+00:00,-100.273186
2015-02-26 01:52:00+00:00,-94.839249
2015-02-26 01:53:00+00:00,-90.923538
2015-02-26 01:54:00+00:00,-90.387413
2015-02-26 01:55:00+00:00,-83.120949
2015-02-26 01:56:00+00:00,-81.116905
2015-02-26 01:57:00+00:00,-76.960602
2015-02-26 01:58:00+00:00,-75.172165
2015-02-26 01:59:00+00:00,-73.948975
2015-02-26 02:00:00+00:00,-73.72451
2015-02-26 02:01:00+00:00,-71.582367
2015-02-26 02:02:00+00:00,-70.063164
2015-02-26 02:03:00+00:00,-72.84761
2015-02-26 02:04:00+00:00,-70.373108
2015-02-26 02:05:00+00:00,-69.812599
2015-02-26 02:06:00+00:00,-68.951096
2015-02-26 02:07:00+00:00,-68.777992
2015-02-26 02:08:00+00:00,-67.126099
2015-02-26 02:09:00+00:00,-65.636238
2015-02-26 02:10:00+00:00,-65.015182
2015-02-26 02:11:00+00:00,-66.689308
2015-02-26 02:12:00+00:00,-69.253975
2015-02-26 02:13:00+00:00,-68.150253
2015-02-26 02:14:00+00:00,-70.630432
2015-02-26 02:15:00+00:00,-71.509544
2015-02-26 02:16:00+00:00,-68.132706
2015-02-26 02:17:00+00:00,-64.871552
2015-02-26 02:18:00+00:00,-66.606384
2015-02-26 02:19:00+00:00,-64.926575
2015-02-26 02:20:00+00:00,-65.839432
2015-02-26 02:21:00+00:00,-67.622742
2015-02-26 02:22:00+00:00,-71.001648
2015-02-26 02:23:00+00:00,-72.855431
2015-02-26 02:24:00+00:00,-72.100708
2015-02-26 02:25:00+00:00,-70.500504
2015-02-26 02:26:00+00:00,-77.083908
2015-02-26 02:27:00+00:00,-85.153526
2015-02-26 02:28:00+00:00,-81.740852
2015-02-26 02:29:00+00:00,-72.775322
2015-02-26 02:30:00+00:00,-67.806931
2015-02-26 02:31:00+00:00,-67.970032
2015-02-26 02:32:00+00:00,-74.627853
2015-02-26 02:33:00+00:00,-77.587975
2015-02-26 02:34:00+00:00,-86.08979
2015-02-26 02:35:00+00:00,-93.381363
2015-02-26 02:36:00+00:00,-93.270386
2015-02-26 02:37:00+00:00,-87.883904
2015-02-26 02:38:00+00:00,-81.691643
2015-02-26 02:39:00+00:00,-78.478912
2015-02-26 02:40:00+00:00,-77.457573
2015-02-26 02:41:00+00:00,-75.051567
2015-02-26 02:42:00+00:00,-72.521812
2015-02-26 02:43:00+00:00,-71.428711
2015-02-26 02:44:00+00:00,-72.148529
2015-02-26 02:45:00+00:00,-69.057068
2015-02-26 02:46:00+00:00,-71.990585
2015-02-26 02:47:00+00:00,-74.512337
2015-03-05 00:00:00+00:00,-155.955276
2015-03-05 00:01:00+00:00,-155.963028
2015-03-05 00:02:00+00:00,-159.777313
2015-03-05 00:03:00+00:00,-159.634766
2015-03-05 00:04:00+00:00,-161.483185
2015-03-05 00:05:00+00:00,-163.445847
2015-03-05 00:06:00+00:00,-156.124939
2015-03-05 00:07:00+00:00,-145.969788
2015-03-05 00:08:00+00:00,-135.093445
2015-03-05 00:09:00+00:00,-129.054474
2015-03-05 00:10:00+00:00,-126.68586
2015-03-05 00:11:00+00:00,-130.188599
2015-03-05 00:12:00+00:00,-128.619278
2015-03-05 00:13:00+00:00,-120.768822
2015-03-05 00:14:00+00:00,-122.383217
2015-03-05 00:15:00+00:00,-122.305199
2015-03-05 00:16:00+00:00,-123.223083
2015-03-05 00:17:00+00:00,-123.287262
2015-03-05 00:18:00+00:00,-123.055153
2015-03-05 00:19:00+00:00,-116.076614
2015-03-05 00:20:00+00:00,-110.946121
2015-03-05 00:21:00+00:00,-105.258629
2015-03-05 00:22:00+00:00,-101.780037
2015-03-05 00:23:00+00:00,-98.545181
2015-03-05 00:24:00+00:00,-101.149773
2015-03-05 00:25:00+00:00,-96.546936
2015-03-05 00:26:00+00:00,-97.639091
2015-03-05 00:27:00+00:00,-106.604637
2015-03-05 00:28:00+00:00,-110.754646
2015-03-05 00:29:00+00:00,-109.444878
2015-03-05 00:30:00+00:00,-108.646744
2015-03-05 00:31:00+00:00,-107.582901
2015-03-05 00:32:00+00:00,-104.014473
2015-03-05 00:33:00+00:00,-98.495544
2015-03-05 00:34:00+00:00,-89.400818
2015-03-05 00:35:00+00:00,-82.748276
2015-03-05 00:36:00+00:00,-77.977036
2015-03-05 00:37:00+00:00,-68.465477
2015-03-05 00:38:00+00:00,-66.075775
2015-03-05 00:39:00+00:00,-65.814651
2015-03-05 00:40:00+00:00,-67.272583
2015-03-05 00:41:00+00:00,-64.560806
2015-03-05 00:42:00+00:00,-61.499676
2015-03-05 00:43:00+00:00,-62.753178
2015-03-05 00:44:00+00:00,-64.427788
2015-03-05 00:45:00+00:00,-62.853516
2015-03-05 00:46:00+00:00,-61.972767
2015-03-05 00:47:00+00:00,-65.327469
2015-03-05 00:48:00+00:00,-68.119797
2015-03-05 00:49:00+00:00,-65.420006
2015-03-05 00:50:00+00:00,-57.38044
2015-03-05 00:51:00+00:00,-47.900471
2015-03-05 00:52:00+00:00,-42.869759
2015-03-05 00:53:00+00:00,-42.833164
2015-03-05 00:54:00+00:00,-38.442055
2015-03-05 00:55:00+00:00,-38.235931
2015-03-05 00:56:00+00:00,-38.303524
2015-03-05 00:57:00+00:00,-37.541325
2015-03-05 00:58:00+00:00,-36.051159
2015-03-05 00:59:00+00:00,-35.523163
2015-03-05 01:00:00+00:00,-36.289654
2015-03-05 01:01:00+00:00,-38.120033
2015-03-05 01:02:00+00:00,-38.969849
2015-03-05 01:03:00+00:00,-38.70105
2015-03-05 01:04:00+00:00,-37.876446
2015-03-05 01:05:00+00:00,-36.451725
2015-03-05 01:06:00+00:00,-36.639114
2015-03-05 01:07:00+00:00,-36.177498
2015-03-05 01:08:00+00:00,-35.711735
2015-03-05 01:09:00+00:00,-36.942799
2015-03-05 01:10:00+00:00,-38.56284
2015-03-05 01:11:00+00:00,-40.120071
2015-03-05 01:12:00+00:00,-38.809391
2015-03-05 01:13:00+00:00,-38.04425
2015-03-05 01:14:00+00:00,-36.9375
2015-03-05 01:15:00+00:00,-36.56472
2015-03-05 01:16:00+00:00,-37.400074
2015-03-05 01:17:00+00:00,-37.567005
2015-03-05 01:18:00+00:00,-36.656853
2015-03-05 01:19:00+00:00,-36.754009
2015-03-05 01:20:00+00:00,-38.6334
2015-03-05 01:21:00+00:00,-40.002464
2015-03-05 01:22:00+00:00,-36.763084
2015-03-05 01:23:00+00:00,-32.698872
2015-03-05 01:24:00+00:00,-32.694351
2015-03-05 01:25:00+00:00,-35.369381
2015-03-05 01:26:00+00:00,-38.682392
2015-03-05 01:27:00+00:00,-41.632908
2015-03-05 01:28:00+00:00,-45.990879
2015-03-05 01:29:00+00:00,-48.373024
2015-03-05 01:30:00+00:00,-54.063934
2015-03-05 01:31:00+00:00,-60.188431
2015-03-05 01:32:00+00:00,-65.101715
2015-03-05 01:33:00+00:00,-64.114815
2015-03-05 01:34:00+00:00,-64.536758
2015-03-05 01:35:00+00:00,-64.451035
2015-03-05 01:36:00+00:00,-63.033875
2015-03-05 01:37:00+00:00,-58.595303
2015-03-05 01:38:00+00:00,-49.912148
2015-03-05 01:39:00+00:00,-47.209724
2015-03-05 01:40:00+00:00,-49.315872
2015-03-05 01:41:00+00:00,-45.605091
2015-03-05 01:42:00+00:00,-39.536804
2015-03-05 01:43:00+00:00,-33.68668
2015-03-05 01:44:00+00:00,-35.019028
2015-03-05 01:45:00+00:00,-45.423
2015-03-05 01:46:00+00:00,-67.877541
2015-03-05 01:47:00+00:00,-87.234703
2015-03-05 01:48:00+00:00,-91.029099
2015-03-05 01:49:00+00:00,-82.198708
2015-03-05 01:50:00+00:00,-72.604317
2015-03-05 01:51:00+00:00,-64.846008
2015-03-05 01:52:00+00:00,-61.366619
2015-03-05 01:53:00+00:00,-59.108017
2015-03-05 01:54:00+00:00,-58.57481
2015-03-05 01:55:00+00:00,-56.44347
2015-03-05 01:56:00+00:00,-58.816032
2015-03-05 01:57:00+00:00,-63.91951
2015-03-05 01:58:00+00:00,-67.648895
2015-03-05 01:59:00+00:00,-68.901131
2015-03-05 02:00:00+00:00,-66.39151
2015-03-05 02:01:00+00:00,-60.930393
2015-03-05 02:02:00+00:00,-56.710911
2015-03-05 02:03:00+00:00,-54.065563
2015-03-05 02:04:00+00:00,-51.772141
2015-03-05 02:05:00+00:00,-48.480518
2015-03-05 02:06:00+00:00,-44.946033
2015-03-05 02:07:00+00:00,-42.35762
2015-03-05 02:08:00+00:00,-40.815342
2015-03-05 02:09:00+00:00,-39.892166
2015-03-05 02:10:00+00:00,-39.63567
2015-03-05 02:11:00+00:00,-39.816811
2015-03-05 02:12:00+00:00,-38.793476
2015-03-05 02:13:00+00:00,-37.513378
2015-03-05 02:14:00+00:00,-36.867607
2015-03-05 02:15:00+00:00,-36.350746
2015-03-05 02:16:00+00:00,-36.335342
2015-03-05 02:17:00+00:00,-35.516167
2015-03-05 02:18:00+00:00,-34.747211
2015-03-05 02:19:00+00:00,-33.824802
2015-03-05 02:20:00+00:00,-32.540451
2015-03-05 02:21:00+00:00,-31.858433
2015-03-05 02:22:00+00:00,-31.775351
2015-03-05 02:23:00+00:00,-31.548439
2015-03-05 02:24:00+00:00,-31.025105
2015-03-05 02:25:00+00:00,-30.818394
2015-03-05 02:26:00+00:00,-30.356417
2015-03-05 02:27:00+00:00,-30.441479
2015-03-05 02:28:00+00:00,-30.279987
2015-03-05 02:29:00+00:00,-30.345165
2015-03-05 02:30:00+00:00,-30.224268
2015-03-05 02:31:00+00:00,-30.25802
2015-03-05 02:32:00+00:00,-29.88357
2015-03-05 02:33:00+00:00,-29.956007
2015-03-05 02:34:00+00:00,-30.184635
2015-03-05 02:35:00+00:00,-30.252678
2015-03-05 02:36:00+00:00,-30.211227
2015-03-05 02:37:00+00:00,-30.167345
2015-03-05 02:38:00+00:00,-30.015862
2015-03-05 02:39:00+00:00,-29.519279
2015-03-05 02:40:00+00:00,-29.335619
2015-03-05 02:41:00+00:00,-30.119465
2015-03-05 02:42:00+00:00,-30.700556
2015-03-05 02:43:00+00:00,-30.81159
2015-03-05 02:44:00+00:00,-30.946386
2015-03-05 02:45:00+00:00,-31.445045
2015-03-05 02:46:00+00:00,-31.31703
2015-03-05 02:47:00+00:00,-30.999105
2015-03-12 00:00:00+00:00,-42.349834
2015-03-12 00:01:00+00:00,-41.132366
2015-03-12 00:02:00+00:00,-41.220566
2015-03-12 00:03:00+00:00,-40.278545
2015-03-12 00:04:00+00:00,-40.087559
2015-03-12 00:05:00+00:00,-40.06955
2015-03-12 00:06:00+00:00,-41.250874
2015-03-12 00:07:00+00:00,-41.479244
2015-03-12 00:08:00+00:00,-41.316257
2015-03-12 00:09:00+00:00,-40.998192
2015-03-12 00:10:00+00:00,-41.720486
2015-03-12 00:11:00+00:00,-42.207684
2015-03-12 00:12:00+00:00,-41.909149
2015-03-12 00:13:00+00:00,-42.320881
2015-03-12 00:14:00+00:00,-42.214535
2015-03-12 00:15:00+00:00,-35.504063
2015-03-12 00:16:00+00:00,-40.75605
2015-03-12 00:17:00+00:00,-40.881516
2015-03-12 00:18:00+00:00,-41.716583
2015-03-12 00:19:00+00:00,-42.164444
2015-03-12 00:20:00+00:00,-42.000694
2015-03-12 00:21:00+00:00,-42.39315
2015-03-12 00:22:00+00:00,-42.511868
2015-03-12 00:23:00+00:00,-42.036655
2015-03-12 00:24:00+00:00,-41.875565
2015-03-12 00:25:00+00:00,-41.413582
2015-03-12 00:26:00+00:00,-41.646641
2015-03-12 00:27:00+00:00,-42.498802
2015-03-12 00:28:00+00:00,-42.421066
2015-03-12 00:29:00+00:00,-41.803326
2015-03-12 00:30:00+00:00,-40.987198
2015-03-12 00:31:00+00:00,-41.332767
2015-03-12 00:32:00+00:00,-41.046406
2015-03-12 00:33:00+00:00,-40.606934
2015-03-12 00:34:00+00:00,-40.971199
2015-03-12 00:35:00+00:00,-41.098515
2015-03-12 00:36:00+00:00,-40.914467
2015-03-12 00:37:00+00:00,-40.977844
2015-03-12 00:38:00+00:00,-41.144337
2015-03-12 00:39:00+00:00,-41.835598
2015-03-12 00:40:00+00:00,-41.99633
2015-03-12 00:41:00+00:00,-43.765808
2015-03-12 00:42:00+00:00,-43.087841
2015-03-12 00:43:00+00:00,-44.123962
2015-03-12 00:44:00+00:00,-42.255405
2015-03-12 00:45:00+00:00,-44.378227
2015-03-12 00:46:00+00:00,-45.296539
2015-03-12 00:47:00+00:00,-45.087093
2015-03-12 00:48:00+00:00,-47.650143
2015-03-12 00:49:00+00:00,-51.673306
2015-03-12 00:50:00+00:00,-54.125187
2015-03-12 00:51:00+00:00,-58.150436
2015-03-12 00:52:00+00:00,-59.214794
2015-03-12 00:53:00+00:00,-65.318184
2015-03-12 00:54:00+00:00,-64.197052
2015-03-12 00:55:00+00:00,-66.026062
2015-03-12 00:56:00+00:00,-69.034821
2015-03-12 00:57:00+00:00,-65.763229
2015-03-12 00:58:00+00:00,-63.356899
2015-03-12 00:59:00+00:00,-55.286404
2015-03-12 01:00:00+00:00,-50.221775
2015-03-12 01:01:00+00:00,-47.555477
2015-03-12 01:02:00+00:00,-47.896496
2015-03-12 01:03:00+00:00,-48.276764
2015-03-12 01:04:00+00:00,-48.243401
2015-03-12 01:05:00+00:00,-47.807838
2015-03-12 01:06:00+00:00,-46.667603
2015-03-12 01:07:00+00:00,-45.347923
2015-03-12 01:08:00+00:00,-45.12989
2015-03-12 01:09:00+00:00,-43.900494
2015-03-12 01:10:00+00:00,-44.408451
2015-03-12 01:11:00+00:00,-46.286846
2015-03-12 01:12:00+00:00,-47.045132
2015-03-12 01:13:00+00:00,-47.953117
2015-03-12 01:14:00+00:00,-49.154049
2015-03-12 01:15:00+00:00,-50.074955
2015-03-12 01:16:00+00:00,-50.165722
2015-03-12 01:17:00+00:00,-50.297722
2015-03-12 01:18:00+00:00,-50.389584
2015-03-12 01:19:00+00:00,-49.833191
2015-03-12 01:20:00+00:00,-49.197559
2015-03-12 01:21:00+00:00,-48.106026
2015-03-12 01:22:00+00:00,-46.180481
2015-03-12 01:23:00+00:00,-46.011589
2015-03-12 01:24:00+00:00,-46.868179
2015-03-12 01:25:00+00:00,-47.139584
2015-03-12 01:26:00+00:00,-46.507729
2015-03-12 01:27:00+00:00,-44.75061
2015-03-12 01:28:00+00:00,-42.817738
2015-03-12 01:29:00+00:00,-41.141407
2015-03-12 01:30:00+00:00,-40.438694
2015-03-12 01:31:00+00:00,-41.474129
2015-03-12 01:32:00+00:00,-41.777466
2015-03-12 01:33:00+00:00,-42.028084
2015-03-12 01:34:00+00:00,-39.85614
2015-03-12 01:35:00+00:00,-42.801357
2015-03-12 01:36:00+00:00,-44.954826
2015-03-12 01:37:00+00:00,-41.861309
2015-03-12 01:38:00+00:00,-39.849728
2015-03-12 01:39:00+00:00,-38.913532
2015-03-12 01:40:00+00:00,-36.698883
2015-03-12 01:41:00+00:00,-38.634773
2015-03-12 01:42:00+00:00,-43.616386
2015-03-12 01:43:00+00:00,-44.911583
2015-03-12 01:44:00+00:00,-47.382347
2015-03-12 01:45:00+00:00,-47.864895
2015-03-12 01:46:00+00:00,-51.529804
2015-03-12 01:47:00+00:00,-51.716225
2015-03-12 01:48:00+00:00,-52.06641
2015-03-12 01:49:00+00:00,-52.116776
2015-03-12 01:50:00+00:00,-52.467587
2015-03-12 01:51:00+00:00,-52.522438
2015-03-12 01:52:00+00:00,-49.742096
2015-03-12 01:53:00+00:00,-47.019962
2015-03-12 01:54:00+00:00,-45.56625
2015-03-12 01:55:00+00:00,-46.069145
2015-03-12 01:56:00+00:00,-47.103115
2015-03-12 01:57:00+00:00,-47.558498
2015-03-12 01:58:00+00:00,-47.398426
2015-03-12 01:59:00+00:00,-47.864807
2015-03-12 02:00:00+00:00,-47.752796
2015-03-12 02:01:00+00:00,-49.017387
2015-03-12 02:02:00+00:00,-49.825974
2015-03-12 02:03:00+00:00,-51.213455
2015-03-12 02:04:00+00:00,-53.004272
2015-03-12 02:05:00+00:00,-53.875912
2015-03-12 02:06:00+00:00,-54.058083
2015-03-12 02:07:00+00:00,-54.217648
2015-03-12 02:08:00+00:00,-54.25584
2015-03-12 02:09:00+00:00,-54.56057
2015-03-12 02:10:00+00:00,-54.112064
2015-03-12 02:11:00+00:00,-53.634171
2015-03-12 02:12:00+00:00,-53.452816
2015-03-12 02:13:00+00:00,-52.672699
2015-03-12 02:14:00+00:00,-51.472301
2015-03-12 02:15:00+00:00,-49.682877
2015-03-12 02:16:00+00:00,-48.020992
2015-03-12 02:17:00+00:00,-46.555199
2015-03-12 02:18:00+00:00,-46.388802
2015-03-12 02:19:00+00:00,-45.960449
2015-03-12 02:20:00+00:00,-45.271896
2015-03-12 02:21:00+00:00,-45.038155
2015-03-12 02:22:00+00:00,-44.550133
2015-03-12 02:23:00+00:00,-43.536243
2015-03-12 02:24:00+00:00,-43.141174
2015-03-12 02:25:00+00:00,-42.553219
2015-03-12 02:26:00+00:00,-43.304756
2015-03-12 02:27:00+00:00,-44.714943
2015-03-12 02:28:00+00:00,-45.925522
2015-03-12 02:29:00+00:00,-46.767391
2015-03-12 02:30:00+00:00,-47.419373
2015-03-12 02:31:00+00:00,-47.367779
2015-03-12 02:32:00+00:00,-47.380413
2015-03-12 02:33:00+00:00,-47.595825
2015-03-12 02:34:00+00:00,-48.543411
2015-03-12 02:35:00+00:00,-50.471104
2015-03-12 02:36:00+00:00,-54.099735
2015-03-12 02:37:00+00:00,-54.300236
2015-03-12 02:38:00+00:00,-54.506252
2015-03-12 02:39:00+00:00,-52.06646
2015-03-12 02:40:00+00:00,-49.622375
2015-03-12 02:41:00+00:00,-46.327377
2015-03-12 02:42:00+00:00,-42.747803
2015-03-12 02:43:00+00:00,-40.415932
2015-03-12 02:44:00+00:00,-39.167629
2015-03-12 02:45:00+00:00,-39.046894
2015-03-12 02:46:00+00:00,-38.608353
2015-03-12 02:47:00+00:00,-37.035633
2015-03-19 00:00:00+00:00,-697.44342
2015-03-19 00:01:00+00:00,-672.878784
2015-03-19 00:02:00+00:00,-674.30011
2015-03-19 00:03:00+00:00,-676.372559
2015-03-19 00:04:00+00:00,-649.64386
2015-03-19 00:05:00+00:00,-634.351074
2015-03-19 00:06:00+00:00,-623.301086
2015-03-19 00:07:00+00:00,-602.680237
2015-03-19 00:08:00+00:00,-591.995789
2015-03-19 00:09:00+00:00,-596.065674
2015-03-19 00:10:00+00:00,-624.136353
2015-03-19 00:11:00+00:00,-618.306213
2015-03-19 00:12:00+00:00,-589.265198
2015-03-19 00:13:00+00:00,-563.078186
2015-03-19 00:14:00+00:00,-561.307007
2015-03-19 00:15:00+00:00,-556.389648
2015-03-19 00:16:00+00:00,-543.441223
2015-03-19 00:17:00+00:00,-536.29071
2015-03-19 00:18:00+00:00,-543.489807
2015-03-19 00:19:00+00:00,-509.142822
2015-03-19 00:20:00+00:00,-494.616821
2015-03-19 00:21:00+00:00,-486.196686
2015-03-19 00:22:00+00:00,-520.282654
2015-03-19 00:23:00+00:00,-533.348694
2015-03-19 00:24:00+00:00,-524.430176
2015-03-19 00:25:00+00:00,-540.430908
2015-03-19 00:26:00+00:00,-579.596863
2015-03-19 00:27:00+00:00,-703.879395
2015-03-19 00:28:00+00:00,-685.039673
2015-03-19 00:29:00+00:00,-699.989319
2015-03-19 00:30:00+00:00,-719.71991
2015-03-19 00:31:00+00:00,-617.10376
2015-03-19 00:32:00+00:00,-632.487244
2015-03-19 00:33:00+00:00,-708.487122
2015-03-19 00:34:00+00:00,-600.909241
2015-03-19 00:35:00+00:00,-556.98645
2015-03-19 00:36:00+00:00,-565.476562
2015-03-19 00:37:00+00:00,-582.949951
2015-03-19 00:38:00+00:00,-598.966736
2015-03-19 00:39:00+00:00,-603.671387
2015-03-19 00:40:00+00:00,-610.923767
2015-03-19 00:41:00+00:00,-587.436829
2015-03-19 00:42:00+00:00,-559.133179
2015-03-19 00:43:00+00:00,-562.675537
2015-03-19 00:44:00+00:00,-541.588013
2015-03-19 00:45:00+00:00,-536.104248
2015-03-19 00:46:00+00:00,-532.718689
2015-03-19 00:47:00+00:00,-493.928741
2015-03-19 00:48:00+00:00,-481.699219
2015-03-19 00:49:00+00:00,-489.434174
2015-03-19 00:50:00+00:00,-516.188843
2015-03-19 00:51:00+00:00,-514.122803
2015-03-19 00:52:00+00:00,-485.442596
2015-03-19 00:53:00+00:00,-454.05838
2015-03-19 00:54:00+00:00,-441.661957
2015-03-19 00:55:00+00:00,-448.366547
2015-03-19 00:56:00+00:00,-452.673218
2015-03-19 00:57:00+00:00,-442.898529
2015-03-19 00:58:00+00:00,-441.407135
2015-03-19 00:59:00+00:00,-442.94519
2015-03-19 01:00:00+00:00,-435.675262
2015-03-19 01:01:00+00:00,-419.122864
2015-03-19 01:02:00+00:00,-380.53949
2015-03-19 01:03:00+00:00,-385.000122
2015-03-19 01:04:00+00:00,-354.196289
2015-03-19 01:05:00+00:00,-345.574829
2015-03-19 01:06:00+00:00,-324.357056
2015-03-19 01:07:00+00:00,-313.122131
2015-03-19 01:08:00+00:00,-319.4198
2015-03-19 01:09:00+00:00,-334.753296
2015-03-19 01:10:00+00:00,-350.580261
2015-03-19 01:11:00+00:00,-356.072998
2015-03-19 01:12:00+00:00,-359.79422
2015-03-19 01:13:00+00:00,-367.716858
2015-03-19 01:14:00+00:00,-371.182953
2015-03-19 01:15:00+00:00,-361.297913
2015-03-19 01:16:00+00:00,-348.953583
2015-03-19 01:17:00+00:00,-333.085785
2015-03-19 01:18:00+00:00,-335.033112
2015-03-19 01:19:00+00:00,-320.747742
2015-03-19 01:20:00+00:00,-307.800018
2015-03-19 01:21:00+00:00,-304.890259
2015-03-19 01:22:00+00:00,-314.795349
2015-03-19 01:23:00+00:00,-310.599976
2015-03-19 01:24:00+00:00,-307.682068
2015-03-19 01:25:00+00:00,-307.513092
2015-03-19 01:26:00+00:00,-301.431763
2015-03-19 01:27:00+00:00,-287.85672
2015-03-19 01:28:00+00:00,-271.887665
2015-03-19 01:29:00+00:00,-250.343628
2015-03-19 01:30:00+00:00,-229.321167
2015-03-19 01:31:00+00:00,-222.947632
2015-03-19 01:32:00+00:00,-221.168915
2015-03-19 01:33:00+00:00,-229.818893
2015-03-19 01:34:00+00:00,-242.669708
2015-03-19 01:35:00+00:00,-246.416351
2015-03-19 01:36:00+00:00,-244.853485
2015-03-19 01:37:00+00:00,-253.665741
2015-03-19 01:38:00+00:00,-252.588898
2015-03-19 01:39:00+00:00,-245.468018
2015-03-19 01:40:00+00:00,-241.195831
2015-03-19 01:41:00+00:00,-244.784637
2015-03-19 01:42:00+00:00,-252.407196
2015-03-19 01:43:00+00:00,-263.214905
2015-03-19 01:44:00+00:00,-275.230072
2015-03-19 01:45:00+00:00,-268.694031
2015-03-19 01:46:00+00:00,-266.670135
2015-03-19 01:47:00+00:00,-234.386108
2015-03-19 01:48:00+00:00,-253.508377
2015-03-19 01:49:00+00:00,-275.690887
2015-03-19 01:50:00+00:00,-323.721924
2015-03-19 01:51:00+00:00,-245.298111
2015-03-19 01:52:00+00:00,-259.623505
2015-03-19 01:53:00+00:00,-262.665558
2015-03-19 01:54:00+00:00,-235.829651
2015-03-19 01:55:00+00:00,-230.870026
2015-03-19 01:56:00+00:00,-200.11377
2015-03-19 01:57:00+00:00,-214.027969
2015-03-19 01:58:00+00:00,-241.666504
2015-03-19 01:59:00+00:00,-265.881256
2015-03-19 02:00:00+00:00,-294.693634
2015-03-19 02:01:00+00:00,-288.278992
2015-03-19 02:02:00+00:00,-285.519745
2015-03-19 02:03:00+00:00,-273.323456
2015-03-19 02:04:00+00:00,-259.403229
2015-03-19 02:05:00+00:00,-586.48999
2015-03-19 02:06:00+00:00,-485.618835
2015-03-19 02:07:00+00:00,-534.098572
2015-03-19 02:08:00+00:00,-630.099243
2015-03-19 02:09:00+00:00,-674.595886
2015-03-19 02:10:00+00:00,-702.853088
2015-03-19 02:11:00+00:00,-694.043335
2015-03-19 02:12:00+00:00,-637.748047
2015-03-19 02:13:00+00:00,-564.089355
2015-03-19 02:14:00+00:00,-658.823303
2015-03-19 02:15:00+00:00,-579.13446
2015-03-19 02:16:00+00:00,-590.990845
2015-03-19 02:17:00+00:00,-575.130554
2015-03-19 02:18:00+00:00,-670.797974
2015-03-19 02:19:00+00:00,-608.478699
2015-03-19 02:20:00+00:00,-582.706116
2015-03-19 02:21:00+00:00,-518.511963
2015-03-19 02:22:00+00:00,-482.10437
2015-03-19 02:23:00+00:00,-446.876038
2015-03-19 02:24:00+00:00,-413.108215
2015-03-19 02:25:00+00:00,-385.869446
2015-03-19 02:26:00+00:00,-354.910767
2015-03-19 02:27:00+00:00,-347.860352
2015-03-19 02:28:00+00:00,-295.609436
2015-03-19 02:29:00+00:00,-348.842468
2015-03-19 02:30:00+00:00,-385.169464
2015-03-19 02:31:00+00:00,-474.080261
2015-03-19 02:32:00+00:00,-605.447815
2015-03-19 02:33:00+00:00,-644.261841
2015-03-19 02:34:00+00:00,-475.210571
2015-03-19 02:35:00+00:00,-436.536407
2015-03-19 02:36:00+00:00,-387.188904
2015-03-19 02:37:00+00:00,-394.888611
2015-03-19 02:38:00+00:00,-386.818451
2015-03-19 02:39:00+00:00,-354.852539
2015-03-19 02:40:00+00:00,-345.263184
2015-03-19 02:41:00+00:00,-340.852051
2015-03-19 02:42:00+00:00,-331.756592
2015-03-19 02:43:00+00:00,-342.379364
2015-03-19 02:44:00+00:00,-349.736725
2015-03-19 02:45:00+00:00,-345.373505
2015-03-19 02:46:00+00:00,-337.218018
2015-03-19 02:47:00+00:00,-328.677185
2015-03-26 00:00:00+00:00,-151.5457
2015-03-26 00:01:00+00:00,-151.626923
2015-03-26 00:02:00+00:00,-151.360123
2015-03-26 00:03:00+00:00,-150.928482
2015-03-26 00:04:00+00:00,-151.380432
2015-03-26 00:05:00+00:00,-151.079895
2015-03-26 00:06:00+00:00,-149.451263
2015-03-26 00:07:00+00:00,-147.642944
2015-03-26 00:08:00+00:00,-142.73558
2015-03-26 00:09:00+00:00,-139.870422
2015-03-26 00:10:00+00:00,-140.860565
2015-03-26 00:11:00+00:00,-138.738174
2015-03-26 00:12:00+00:00,-134.935471
2015-03-26 00:13:00+00:00,-135.023407
2015-03-26 00:14:00+00:00,-136.317978
2015-03-26 00:15:00+00:00,-134.865051
2015-03-26 00:16:00+00:00,-132.50499
2015-03-26 00:17:00+00:00,-135.214096
2015-03-26 00:18:00+00:00,-138.413803
2015-03-26 00:19:00+00:00,-136.813629
2015-03-26 00:20:00+00:00,-140.731689
2015-03-26 00:21:00+00:00,-141.368729
2015-03-26 00:22:00+00:00,-140.521561
2015-03-26 00:23:00+00:00,-143.937698
2015-03-26 00:24:00+00:00,-147.765488
2015-03-26 00:25:00+00:00,-148.964355
2015-03-26 00:26:00+00:00,-159.85556
2015-03-26 00:27:00+00:00,-163.802795
2015-03-26 00:28:00+00:00,-168.265991
2015-03-26 00:29:00+00:00,-172.082489
2015-03-26 00:30:00+00:00,-177.072556
2015-03-26 00:31:00+00:00,-172.273911
2015-03-26 00:32:00+00:00,-169.164566
2015-03-26 00:33:00+00:00,-176.3367
2015-03-26 00:34:00+00:00,-173.467438
2015-03-26 00:35:00+00:00,-166.514038
2015-03-26 00:36:00+00:00,-175.75032
2015-03-26 00:37:00+00:00,-180.316925
2015-03-26 00:38:00+00:00,-175.808853
2015-03-26 00:39:00+00:00,-170.798737
2015-03-26 00:40:00+00:00,-176.003677
2015-03-26 00:41:00+00:00,-183.327972
2015-03-26 00:42:00+00:00,-183.235764
2015-03-26 00:43:00+00:00,-191.060471
2015-03-26 00:44:00+00:00,-185.289688
2015-03-26 00:45:00+00:00,-173.056213
2015-03-26 00:46:00+00:00,-175.359314
2015-03-26 00:47:00+00:00,-172.310822
2015-03-26 00:48:00+00:00,-172.740067
2015-03-26 00:49:00+00:00,-173.137466
2015-03-26 00:50:00+00:00,-177.744827
2015-03-26 00:51:00+00:00,-177.072098
2015-03-26 00:52:00+00:00,-178.631012
2015-03-26 00:53:00+00:00,-201.365067
2015-03-26 00:54:00+00:00,-213.313995
2015-03-26 00:55:00+00:00,-218.156662
2015-03-26 00:56:00+00:00,-209.412598
2015-03-26 00:57:00+00:00,-219.755722
2015-03-26 00:58:00+00:00,-215.611618
2015-03-26 00:59:00+00:00,-200.078033
2015-03-26 01:00:00+00:00,-191.380569
2015-03-26 01:01:00+00:00,-184.892151
2015-03-26 01:02:00+00:00,-194.296173
2015-03-26 01:03:00+00:00,-204.437424
2015-03-26 01:04:00+00:00,-201.508331
2015-03-26 01:05:00+00:00,-199.106567
2015-03-26 01:06:00+00:00,-198.123795
2015-03-26 01:07:00+00:00,-195.003387
2015-03-26 01:08:00+00:00,-188.10762
2015-03-26 01:09:00+00:00,-195.922974
2015-03-26 01:10:00+00:00,-213.16037
2015-03-26 01:11:00+00:00,-207.976074
2015-03-26 01:12:00+00:00,-210.201096
2015-03-26 01:13:00+00:00,-205.872742
2015-03-26 01:14:00+00:00,-194.681396
2015-03-26 01:15:00+00:00,-187.559723
2015-03-26 01:16:00+00:00,-186.740982
2015-03-26 01:17:00+00:00,-183.927643
2015-03-26 01:18:00+00:00,-180.21434
2015-03-26 01:19:00+00:00,-179.264999
2015-03-26 01:20:00+00:00,-179.961792
2015-03-26 01:21:00+00:00,-180.219666
2015-03-26 01:22:00+00:00,-179.602097
2015-03-26 01:23:00+00:00,-177.747604
2015-03-26 01:24:00+00:00,-175.940796
2015-03-26 01:25:00+00:00,-172.071152
2015-03-26 01:26:00+00:00,-168.449234
2015-03-26 01:27:00+00:00,-166.994827
2015-03-26 01:28:00+00:00,-163.369492
2015-03-26 01:29:00+00:00,-161.200974
2015-03-26 01:30:00+00:00,-159.888718
2015-03-26 01:31:00+00:00,-157.694
2015-03-26 01:32:00+00:00,-156.700974
2015-03-26 01:33:00+00:00,-157.248322
2015-03-26 01:34:00+00:00,-157.693237
2015-03-26 01:35:00+00:00,-155.007919
2015-03-26 01:36:00+00:00,-151.966553
2015-03-26 01:37:00+00:00,-150.700027
2015-03-26 01:38:00+00:00,-149.422913
2015-03-26 01:39:00+00:00,-148.792068
2015-03-26 01:40:00+00:00,-148.13533
2015-03-26 01:41:00+00:00,-149.581665
2015-03-26 01:42:00+00:00,-154.668839
2015-03-26 01:43:00+00:00,-159.286179
2015-03-26 01:44:00+00:00,-162.112106
2015-03-26 01:45:00+00:00,-162.085114
2015-03-26 01:46:00+00:00,-160.096512
2015-03-26 01:47:00+00:00,-157.227051
2015-03-26 01:48:00+00:00,-155.300644
2015-03-26 01:49:00+00:00,-153.733963
2015-03-26 01:50:00+00:00,-150.736694
2015-03-26 01:51:00+00:00,-156.247986
2015-03-26 01:52:00+00:00,-157.011993
2015-03-26 01:53:00+00:00,-156.499084
2015-03-26 01:54:00+00:00,-155.109406
2015-03-26 01:55:00+00:00,-153.136566
2015-03-26 01:56:00+00:00,-151.878464
2015-03-26 01:57:00+00:00,-151.575943
2015-03-26 01:58:00+00:00,-150.110611
2015-03-26 01:59:00+00:00,-147.656952
2015-03-26 02:00:00+00:00,-146.786255
2015-03-26 02:01:00+00:00,-147.876007
2015-03-26 02:02:00+00:00,-149.092819
2015-03-26 02:03:00+00:00,-150.575012
2015-03-26 02:04:00+00:00,-151.411072
2015-03-26 02:05:00+00:00,-151.739456
2015-03-26 02:06:00+00:00,-151.678925
2015-03-26 02:07:00+00:00,-150.999008
2015-03-26 02:08:00+00:00,-151.060638
2015-03-26 02:09:00+00:00,-151.280624
2015-03-26 02:10:00+00:00,-150.729874
2015-03-26 02:11:00+00:00,-151.162277
2015-03-26 02:12:00+00:00,-151.610641
2015-03-26 02:13:00+00:00,-151.448822
2015-03-26 02:14:00+00:00,-152.251617
2015-03-26 02:15:00+00:00,-153.283676
2015-03-26 02:16:00+00:00,-153.176407
2015-03-26 02:17:00+00:00,-152.235336
2015-03-26 02:18:00+00:00,-150.673935
2015-03-26 02:19:00+00:00,-148.776901
2015-03-26 02:20:00+00:00,-148.542191
2015-03-26 02:21:00+00:00,-149.312134
2015-03-26 02:22:00+00:00,-150.541809
2015-03-26 02:23:00+00:00,-151.176102
2015-03-26 02:24:00+00:00,-152.314529
2015-03-26 02:25:00+00:00,-152.572845
2015-03-26 02:26:00+00:00,-153.886612
2015-03-26 02:27:00+00:00,-152.758286
2015-03-26 02:28:00+00:00,-150.286469
2015-03-26 02:29:00+00:00,-149.451141
2015-03-26 02:30:00+00:00,-151.506241
2015-03-26 02:31:00+00:00,-153.870331
2015-03-26 02:32:00+00:00,-154.607941
2015-03-26 02:33:00+00:00,-154.854324
2015-03-26 02:34:00+00:00,-154.068924
2015-03-26 02:35:00+00:00,-153.829834
2015-03-26 02:36:00+00:00,-155.284958
2015-03-26 02:37:00+00:00,-155.839584
2015-03-26 02:38:00+00:00,-155.000015
2015-03-26 02:39:00+00:00,-154.198853
2015-03-26 02:40:00+00:00,-155.218765
2015-03-26 02:41:00+00:00,-156.861496
2015-03-26 02:42:00+00:00,-157.007401
2015-03-26 02:43:00+00:00,-157.446487
2015-03-26 02:44:00+00:00,-155.104034
2015-03-26 02:45:00+00:00,-154.368668
2015-03-26 02:46:00+00:00,-155.516235
2015-03-26 02:47:00+00:00,-157.367065
2015-04-02 00:00:00+00:00,-20.024986
2015-04-02 00:01:00+00:00,-18.766287
2015-04-02 00:02:00+00:00,-19.715019
2015-04-02 00:03:00+00:00,-25.927034
2015-04-02 00:04:00+00:00,-41.246048
2015-04-02 00:05:00+00:00,-43.666195
2015-04-02 00:06:00+00:00,-36.672363
2015-04-02 00:07:00+00:00,-38.259357
2015-04-02 00:08:00+00:00,-38.072144
2015-04-02 00:09:00+00:00,-36.590103
2015-04-02 00:10:00+00:00,-34.358177
2015-04-02 00:11:00+00:00,-34.921246
2015-04-02 00:12:00+00:00,-36.280445
2015-04-02 00:13:00+00:00,-38.068192
2015-04-02 00:14:00+00:00,-39.896915
2015-04-02 00:15:00+00:00,-41.129169
2015-04-02 00:16:00+00:00,-40.386452
2015-04-02 00:17:00+00:00,-40.269569
2015-04-02 00:18:00+00:00,-39.692543
2015-04-02 00:19:00+00:00,-37.384239
2015-04-02 00:20:00+00:00,-38.273567
2015-04-02 00:21:00+00:00,-41.208504
2015-04-02 00:22:00+00:00,-38.214405
2015-04-02 00:23:00+00:00,-33.919643
2015-04-02 00:24:00+00:00,-34.528111
2015-04-02 00:25:00+00:00,-32.261074
2015-04-02 00:26:00+00:00,-24.293169
2015-04-02 00:27:00+00:00,-25.808231
2015-04-02 00:28:00+00:00,-28.57025
2015-04-02 00:29:00+00:00,-27.152002
2015-04-02 00:30:00+00:00,-24.556034
2015-04-02 00:31:00+00:00,-22.7621
2015-04-02 00:32:00+00:00,-22.942183
2015-04-02 00:33:00+00:00,-21.038586
2015-04-02 00:34:00+00:00,-18.984617
2015-04-02 00:35:00+00:00,-19.051168
2015-04-02 00:36:00+00:00,-20.270147
2015-04-02 00:37:00+00:00,-21.003784
2015-04-02 00:38:00+00:00,-22.6562
2015-04-02 00:39:00+00:00,-23.175791
2015-04-02 00:40:00+00:00,-21.647314
2015-04-02 00:41:00+00:00,-21.19179
2015-04-02 00:42:00+00:00,-21.660706
2015-04-02 00:43:00+00:00,-23.611629
2015-04-02 00:44:00+00:00,-27.101101
2015-04-02 00:45:00+00:00,-30.402548
2015-04-02 00:46:00+00:00,-35.890789
2015-04-02 00:47:00+00:00,-41.260132
2015-04-02 00:48:00+00:00,-46.970455
2015-04-02 00:49:00+00:00,-54.223969
2015-04-02 00:50:00+00:00,-62.439301
2015-04-02 00:51:00+00:00,-70.156525
2015-04-02 00:52:00+00:00,-81.266197
2015-04-02 00:53:00+00:00,-91.156113
2015-04-02 00:54:00+00:00,-96.27507
2015-04-02 00:55:00+00:00,-87.423943
2015-04-02 00:56:00+00:00,-75.14856
2015-04-02 00:57:00+00:00,-65.091629
2015-04-02 00:58:00+00:00,-56.905006
2015-04-02 00:59:00+00:00,-50.971638
2015-04-02 01:00:00+00:00,-44.544601
2015-04-02 01:01:00+00:00,-39.714005
2015-04-02 01:02:00+00:00,-40.289337
2015-04-02 01:03:00+00:00,-42.356453
2015-04-02 01:04:00+00:00,-43.576721
2015-04-02 01:05:00+00:00,-44.942619
2015-04-02 01:06:00+00:00,-45.004162
2015-04-02 01:07:00+00:00,-43.024948
2015-04-02 01:08:00+00:00,-40.188881
2015-04-02 01:09:00+00:00,-37.295902
2015-04-02 01:10:00+00:00,-31.968372
2015-04-02 01:11:00+00:00,-28.997229
2015-04-02 01:12:00+00:00,-30.403345
2015-04-02 01:13:00+00:00,-30.327368
2015-04-02 01:14:00+00:00,-27.001095
2015-04-02 01:15:00+00:00,-23.860466
2015-04-02 01:16:00+00:00,-21.999052
2015-04-02 01:17:00+00:00,-20.950989
2015-04-02 01:18:00+00:00,-20.903702
2015-04-02 01:19:00+00:00,-22.449469
2015-04-02 01:20:00+00:00,-22.629543
2015-04-02 01:21:00+00:00,-23.148611
2015-04-02 01:22:00+00:00,-23.29859
2015-04-02 01:23:00+00:00,-22.776182
2015-04-02 01:24:00+00:00,-23.39477
2015-04-02 01:25:00+00:00,-23.152113
2015-04-02 01:26:00+00:00,-20.99361
2015-04-02 01:27:00+00:00,-21.934965
2015-04-02 01:28:00+00:00,-20.534952
2015-04-02 01:29:00+00:00,-19.133205
2015-04-02 01:30:00+00:00,-20.09984
2015-04-02 01:31:00+00:00,-24.316509
2015-04-02 01:32:00+00:00,-33.412472
2015-04-02 01:33:00+00:00,-43.001984
2015-04-02 01:34:00+00:00,-40.779499
2015-04-02 01:35:00+00:00,-41.072937
2015-04-02 01:36:00+00:00,-40.20467
2015-04-02 01:37:00+00:00,-40.835835
2015-04-02 01:38:00+00:00,-39.701916
2015-04-02 01:39:00+00:00,-41.883728
2015-04-02 01:40:00+00:00,-45.582561
2015-04-02 01:41:00+00:00,-46.976162
2015-04-02 01:42:00+00:00,-46.093983
2015-04-02 01:43:00+00:00,-45.378109
2015-04-02 01:44:00+00:00,-45.514244
2015-04-02 01:45:00+00:00,-44.44397
2015-04-02 01:46:00+00:00,-42.235313
2015-04-02 01:47:00+00:00,-39.63942
2015-04-02 01:48:00+00:00,-37.823284
2015-04-02 01:49:00+00:00,-37.648449
2015-04-02 01:50:00+00:00,-39.819592
2015-04-02 01:51:00+00:00,-41.34473
2015-04-02 01:52:00+00:00,-41.6311
2015-04-02 01:53:00+00:00,-42.109589
2015-04-02 01:54:00+00:00,-43.034641
2015-04-02 01:55:00+00:00,-34.911366
2015-04-02 01:56:00+00:00,-32.625412
2015-04-02 01:57:00+00:00,-30.037689
2015-04-02 01:58:00+00:00,-29.339737
2015-04-02 01:59:00+00:00,-34.283783
2015-04-02 02:00:00+00:00,-40.55658
2015-04-02 02:01:00+00:00,-41.822269
2015-04-02 02:02:00+00:00,-45.991673
2015-04-02 02:03:00+00:00,-52.143681
2015-04-02 02:04:00+00:00,-53.364105
2015-04-02 02:05:00+00:00,-46.319271
2015-04-02 02:06:00+00:00,-42.353203
2015-04-02 02:07:00+00:00,-43.867577
2015-04-02 02:08:00+00:00,-42.344521
2015-04-02 02:09:00+00:00,-36.667793
2015-04-02 02:10:00+00:00,-33.69627
2015-04-02 02:11:00+00:00,-32.457546
2015-04-02 02:12:00+00:00,-29.361263
2015-04-02 02:13:00+00:00,-29.730827
2015-04-02 02:14:00+00:00,-29.746279
2015-04-02 02:15:00+00:00,-28.99881
2015-04-02 02:16:00+00:00,-29.455574
2015-04-02 02:17:00+00:00,-34.278915
2015-04-02 02:18:00+00:00,-35.724533
2015-04-02 02:19:00+00:00,-36.623932
2015-04-02 02:20:00+00:00,-37.543884
2015-04-02 02:21:00+00:00,-38.449692
2015-04-02 02:22:00+00:00,-35.986641
2015-04-02 02:23:00+00:00,-33.624802
2015-04-02 02:24:00+00:00,-33.006325
2015-04-02 02:25:00+00:00,-32.976318
2015-04-02 02:26:00+00:00,-31.56287
2015-04-02 02:27:00+00:00,-29.222235
2015-04-02 02:28:00+00:00,-28.076344
2015-04-02 02:29:00+00:00,-27.435984
2015-04-02 02:30:00+00:00,-26.110767
2015-04-02 02:31:00+00:00,-27.112438
2015-04-02 02:32:00+00:00,-26.327641
2015-04-02 02:33:00+00:00,-24.35684
2015-04-02 02:34:00+00:00,-21.870079
2015-04-02 02:35:00+00:00,-19.69779
2015-04-02 02:36:00+00:00,-20.607985
2015-04-02 02:37:00+00:00,-20.72687
2015-04-02 02:38:00+00:00,-23.168724
2015-04-02 02:39:00+00:00,-24.854471
2015-04-02 02:40:00+00:00,-24.23864
2015-04-02 02:41:00+00:00,-23.634672
2015-04-02 02:42:00+00:00,-23.543987
2015-04-02 02:43:00+00:00,-24.11698
2015-04-02 02:44:00+00:00,-24.563072
2015-04-02 02:45:00+00:00,-23.37587
2015-04-02 02:46:00+00:00,-20.896191
2015-04-02 02:47:00+00:00,-19.267057
2015-04-09 00:00:00+00:00,-66.497894
2015-04-09 00:01:00+00:00,-62.867111
2015-04-09 00:02:00+00:00,-72.629608
2015-04-09 00:03:00+00:00,-67.665367
2015-04-09 00:04:00+00:00,-55.961666
2015-04-09 00:05:00+00:00,-57.866482
2015-04-09 00:06:00+00:00,-52.147388
2015-04-09 00:07:00+00:00,-50.245892
2015-04-09 00:08:00+00:00,-52.53986
2015-04-09 00:09:00+00:00,-52.352943
2015-04-09 00:10:00+00:00,-49.127472
2015-04-09 00:11:00+00:00,-44.843033
2015-04-09 00:12:00+00:00,-47.247597
2015-04-09 00:13:00+00:00,-50.97834
2015-04-09 00:14:00+00:00,-52.731464
2015-04-09 00:15:00+00:00,-48.857479
2015-04-09 00:16:00+00:00,-48.755283
2015-04-09 00:17:00+00:00,-52.476547
2015-04-09 00:18:00+00:00,-59.801521
2015-04-09 00:19:00+00:00,-59.491714
2015-04-09 00:20:00+00:00,-61.325253
2015-04-09 00:21:00+00:00,-57.337593
2015-04-09 00:22:00+00:00,-50.675407
2015-04-09 00:23:00+00:00,-49.026897
2015-04-09 00:24:00+00:00,-48.110405
2015-04-09 00:25:00+00:00,-48.804245
2015-04-09 00:26:00+00:00,-50.166424
2015-04-09 00:27:00+00:00,-49.004028
2015-04-09 00:28:00+00:00,-46.765945
2015-04-09 00:29:00+00:00,-46.31176
2015-04-09 00:30:00+00:00,-47.762924
2015-04-09 00:31:00+00:00,-49.738976
2015-04-09 00:32:00+00:00,-49.280712
2015-04-09 00:33:00+00:00,-49.809132
2015-04-09 00:34:00+00:00,-50.137165
2015-04-09 00:35:00+00:00,-51.454662
2015-04-09 00:36:00+00:00,-53.562855
2015-04-09 00:37:00+00:00,-55.830006
2015-04-09 00:38:00+00:00,-58.03772
2015-04-09 00:39:00+00:00,-59.77932
2015-04-09 00:40:00+00:00,-57.771973
2015-04-09 00:41:00+00:00,-53.883942
2015-04-09 00:42:00+00:00,-53.695671
2015-04-09 00:43:00+00:00,-54.9207
2015-04-09 00:44:00+00:00,-54.53801
2015-04-09 00:45:00+00:00,-52.57795
2015-04-09 00:46:00+00:00,-50.895981
2015-04-09 00:47:00+00:00,-50.062447
2015-04-09 00:48:00+00:00,-48.988506
2015-04-09 00:49:00+00:00,-49.396065
2015-04-09 00:50:00+00:00,-50.033829
2015-04-09 00:51:00+00:00,-50.28186
2015-04-09 00:52:00+00:00,-50.368702
2015-04-09 00:53:00+00:00,-49.597488
2015-04-09 00:54:00+00:00,-50.91288
2015-04-09 00:55:00+00:00,-51.915802
2015-04-09 00:56:00+00:00,-50.630703
2015-04-09 00:57:00+00:00,-48.135307
2015-04-09 00:58:00+00:00,-45.860237
2015-04-09 00:59:00+00:00,-44.539425
2015-04-09 01:00:00+00:00,-43.649162
2015-04-09 01:01:00+00:00,-43.209145
2015-04-09 01:02:00+00:00,-42.211571
2015-04-09 01:03:00+00:00,-40.749832
2015-04-09 01:04:00+00:00,-45.6507
2015-04-09 01:05:00+00:00,-53.099014
2015-04-09 01:06:00+00:00,-58.616802
2015-04-09 01:07:00+00:00,-69.107384
2015-04-09 01:08:00+00:00,-75.953224
2015-04-09 01:09:00+00:00,-77.046616
2015-04-09 01:10:00+00:00,-81.818863
2015-04-09 01:11:00+00:00,-74.916443
2015-04-09 01:12:00+00:00,-64.651505
2015-04-09 01:13:00+00:00,-49.877277
2015-04-09 01:14:00+00:00,-43.551788
2015-04-09 01:15:00+00:00,-56.469521
2015-04-09 01:16:00+00:00,-72.067772
2015-04-09 01:17:00+00:00,-90.50502
2015-04-09 01:18:00+00:00,-79.406265
2015-04-09 01:19:00+00:00,-62.609074
2015-04-09 01:20:00+00:00,-69.397301
2015-04-09 01:21:00+00:00,-64.332993
2015-04-09 01:22:00+00:00,-77.10508
2015-04-09 01:23:00+00:00,-80.402939
2015-04-09 01:24:00+00:00,-65.610153
2015-04-09 01:25:00+00:00,-59.06712
2015-04-09 01:26:00+00:00,-57.30994
2015-04-09 01:27:00+00:00,-55.873398
2015-04-09 01:28:00+00:00,-109.368797
2015-04-09 01:29:00+00:00,-140.644119
2015-04-09 01:30:00+00:00,-156.36441
2015-04-09 01:31:00+00:00,-129.06897
2015-04-09 01:32:00+00:00,-161.682343
2015-04-09 01:33:00+00:00,-176.899033
2015-04-09 01:34:00+00:00,-196.935608
2015-04-09 01:35:00+00:00,-199.119659
2015-04-09 01:36:00+00:00,-184.949005
2015-04-09 01:37:00+00:00,-170.958786
2015-04-09 01:38:00+00:00,-161.82753
2015-04-09 01:39:00+00:00,-160.216995
2015-04-09 01:40:00+00:00,-183.782166
2015-04-09 01:41:00+00:00,-189.273132
2015-04-09 01:42:00+00:00,-164.045395
2015-04-09 01:43:00+00:00,-166.557983
2015-04-09 01:44:00+00:00,-153.273041
2015-04-09 01:45:00+00:00,-135.602951
2015-04-09 01:46:00+00:00,-133.769608
2015-04-09 01:47:00+00:00,-139.631271
2015-04-09 01:48:00+00:00,-101.771942
2015-04-09 01:49:00+00:00,-106.630997
2015-04-09 01:50:00+00:00,-112.876518
2015-04-09 01:51:00+00:00,-134.102188
2015-04-09 01:52:00+00:00,-136.171295
2015-04-09 01:53:00+00:00,-146.888489
2015-04-09 01:54:00+00:00,-181.048721
2015-04-09 01:55:00+00:00,-200.334579
2015-04-09 01:56:00+00:00,-193.552704
2015-04-09 01:57:00+00:00,-173.914047
2015-04-09 01:58:00+00:00,-165.079712
2015-04-09 01:59:00+00:00,-145.304565
2015-04-09 02:00:00+00:00,-114.613068
2015-04-09 02:01:00+00:00,-106.237938
2015-04-09 02:02:00+00:00,-114.978973
2015-04-09 02:03:00+00:00,-113.693916
2015-04-09 02:04:00+00:00,-173.229584
2015-04-09 02:05:00+00:00,-180.509628
2015-04-09 02:06:00+00:00,-196.403717
2015-04-09 02:07:00+00:00,-181.322922
2015-04-09 02:08:00+00:00,-142.265427
2015-04-09 02:09:00+00:00,-125.070808
2015-04-09 02:10:00+00:00,-123.19619
2015-04-09 02:11:00+00:00,-96.239143
2015-04-09 02:12:00+00:00,-65.717842
2015-04-09 02:13:00+00:00,-61.85585
2015-04-09 02:14:00+00:00,-46.661175
2015-04-09 02:15:00+00:00,-45.159824
2015-04-09 02:16:00+00:00,-60.507
2015-04-09 02:17:00+00:00,-62.828308
2015-04-09 02:18:00+00:00,-60.570339
2015-04-09 02:19:00+00:00,-68.814522
2015-04-09 02:20:00+00:00,-66.865036
2015-04-09 02:21:00+00:00,-56.335918
2015-04-09 02:22:00+00:00,-44.975113
2015-04-09 02:23:00+00:00,-47.105278
2015-04-09 02:24:00+00:00,-47.029205
2015-04-09 02:25:00+00:00,-51.687733
2015-04-09 02:26:00+00:00,-60.797283
2015-04-09 02:27:00+00:00,-61.757656
2015-04-09 02:28:00+00:00,-74.37178
2015-04-09 02:29:00+00:00,-69.631699
2015-04-09 02:30:00+00:00,-113.919281
2015-04-09 02:31:00+00:00,-107.783775
2015-04-09 02:32:00+00:00,-120.716324
2015-04-09 02:33:00+00:00,-125.339935
2015-04-09 02:34:00+00:00,-107.193527
2015-04-09 02:35:00+00:00,-141.910858
2015-04-09 02:36:00+00:00,-160.686264
2015-04-09 02:37:00+00:00,-141.484985
2015-04-09 02:38:00+00:00,-130.247787
2015-04-09 02:39:00+00:00,-127.657219
2015-04-09 02:40:00+00:00,-116.466896
2015-04-09 02:41:00+00:00,-112.904861
2015-04-09 02:42:00+00:00,-103.483711
2015-04-09 02:43:00+00:00,-98.416649
2015-04-09 02:44:00+00:00,-104.497795
2015-04-09 02:45:00+00:00,-101.354736
2015-04-09 02:46:00+00:00,-105.718735
2015-04-09 02:47:00+00:00,-118.890991
2015-04-16 00:00:00+00:00,-189.100479
2015-04-16 00:01:00+00:00,-188.597641
2015-04-16 00:02:00+00:00,-216.73175
2015-04-16 00:03:00+00:00,-189.146912
2015-04-16 00:04:00+00:00,-190.445282
2015-04-16 00:05:00+00:00,-275.917908
2015-04-16 00:06:00+00:00,-212.112839
2015-04-16 00:07:00+00:00,-194.862091
2015-04-16 00:08:00+00:00,-262.312958
2015-04-16 00:09:00+00:00,-288.513885
2015-04-16 00:10:00+00:00,-238.371338
2015-04-16 00:11:00+00:00,-212.112076
2015-04-16 00:12:00+00:00,-207.170868
2015-04-16 00:13:00+00:00,-267.173859
2015-04-16 00:14:00+00:00,-269.34964
2015-04-16 00:15:00+00:00,-254.41864
2015-04-16 00:16:00+00:00,-193.841751
2015-04-16 00:17:00+00:00,-228.046371
2015-04-16 00:18:00+00:00,-246.469604
2015-04-16 00:19:00+00:00,-243.883118
2015-04-16 00:20:00+00:00,-293.000275
2015-04-16 00:21:00+00:00,-275.572571
2015-04-16 00:22:00+00:00,-285.911224
2015-04-16 00:23:00+00:00,-318.534149
2015-04-16 00:24:00+00:00,-320.970337
2015-04-16 00:25:00+00:00,-381.513031
2015-04-16 00:26:00+00:00,-414.95459
2015-04-16 00:27:00+00:00,-422.067169
2015-04-16 00:28:00+00:00,-461.498505
2015-04-16 00:29:00+00:00,-438.648163
2015-04-16 00:30:00+00:00,-428.527191
2015-04-16 00:31:00+00:00,-418.607758
2015-04-16 00:32:00+00:00,-422.095215
2015-04-16 00:33:00+00:00,-403.138092
2015-04-16 00:34:00+00:00,-365.678101
2015-04-16 00:35:00+00:00,-394.713959
2015-04-16 00:36:00+00:00,-442.250641
2015-04-16 00:37:00+00:00,-469.22113
2015-04-16 00:38:00+00:00,-473.169647
2015-04-16 00:39:00+00:00,-486.177338
2015-04-16 00:40:00+00:00,-514.102844
2015-04-16 00:41:00+00:00,-525.102966
2015-04-16 00:42:00+00:00,-520.084717
2015-04-16 00:43:00+00:00,-530.100342
2015-04-16 00:44:00+00:00,-543.070557
2015-04-16 00:45:00+00:00,-517.017639
2015-04-16 00:46:00+00:00,-490.259247
2015-04-16 00:47:00+00:00,-439.404419
2015-04-16 00:48:00+00:00,-451.127014
2015-04-16 00:49:00+00:00,-481.038483
2015-04-16 00:50:00+00:00,-564.101257
2015-04-16 00:51:00+00:00,-583.285156
2015-04-16 00:52:00+00:00,-555.235596
2015-04-16 00:53:00+00:00,-540.279785
2015-04-16 00:54:00+00:00,-533.507202
2015-04-16 00:55:00+00:00,-576.398376
2015-04-16 00:56:00+00:00,-605.369568
2015-04-16 00:57:00+00:00,-624.338989
2015-04-16 00:58:00+00:00,-614.273743
2015-04-16 00:59:00+00:00,-618.139526
2015-04-16 01:00:00+00:00,-610.152527
2015-04-16 01:01:00+00:00,-639.273987
2015-04-16 01:02:00+00:00,-667.300354
2015-04-16 01:03:00+00:00,-697.364258
2015-04-16 01:04:00+00:00,-712.545349
2015-04-16 01:05:00+00:00,-707.976807
2015-04-16 01:06:00+00:00,-670.042969
2015-04-16 01:07:00+00:00,-707.881287
2015-04-16 01:08:00+00:00,-717.826111
2015-04-16 01:09:00+00:00,-696.747803
2015-04-16 01:10:00+00:00,-694.766907
2015-04-16 01:11:00+00:00,-674.877869
2015-04-16 01:12:00+00:00,-713.892212
2015-04-16 01:13:00+00:00,-789.942383
2015-04-16 01:14:00+00:00,-783.112061
2015-04-16 01:15:00+00:00,-713.151489
2015-04-16 01:16:00+00:00,-717.112366
2015-04-16 01:17:00+00:00,-684.189453
2015-04-16 01:18:00+00:00,-648.305359
2015-04-16 01:19:00+00:00,-639.539307
2015-04-16 01:20:00+00:00,-628.802673
2015-04-16 01:21:00+00:00,-630.56427
2015-04-16 01:22:00+00:00,-652.628662
2015-04-16 01:23:00+00:00,-656.821167
2015-04-16 01:24:00+00:00,-675.021851
2015-04-16 01:25:00+00:00,-690.994507
2015-04-16 01:26:00+00:00,-689.138733
2015-04-16 01:27:00+00:00,-691.828674
2015-04-16 01:28:00+00:00,-693.973572
2015-04-16 01:29:00+00:00,-671.589172
2015-04-16 01:30:00+00:00,-672.1297
2015-04-16 01:31:00+00:00,-671.446594
2015-04-16 01:32:00+00:00,-677.310364
2015-04-16 01:33:00+00:00,-706.286377
2015-04-16 01:34:00+00:00,-672.867737
2015-04-16 01:35:00+00:00,-658.563293
2015-04-16 01:36:00+00:00,-638.247986
2015-04-16 01:37:00+00:00,-616.158081
2015-04-16 01:38:00+00:00,-620.195923
2015-04-16 01:39:00+00:00,-577.600647
2015-04-16 01:40:00+00:00,-542.129028
2015-04-16 01:41:00+00:00,-559.484131
2015-04-16 01:42:00+00:00,-580.59259
2015-04-16 01:43:00+00:00,-629.411682
2015-04-16 01:44:00+00:00,-686.182434
2015-04-16 01:45:00+00:00,-722.085754
2015-04-16 01:46:00+00:00,-727.888489
2015-04-16 01:47:00+00:00,-727.84082
2015-04-16 01:48:00+00:00,-681.174133
2015-04-16 01:49:00+00:00,-655.916687
2015-04-16 01:50:00+00:00,-705.227783
2015-04-16 01:51:00+00:00,-732.864441
2015-04-16 01:52:00+00:00,-757.396851
2015-04-16 01:53:00+00:00,-778.488403
2015-04-16 01:54:00+00:00,-813.713379
2015-04-16 01:55:00+00:00,-798.082825
2015-04-16 01:56:00+00:00,-771.924133
2015-04-16 01:57:00+00:00,-716.962097
2015-04-16 01:58:00+00:00,-713.926575
2015-04-16 01:59:00+00:00,-734.129822
2015-04-16 02:00:00+00:00,-684.863159
2015-04-16 02:01:00+00:00,-749.932861
2015-04-16 02:02:00+00:00,-713.465698
2015-04-16 02:03:00+00:00,-729.173462
2015-04-16 02:04:00+00:00,-775.384583
2015-04-16 02:05:00+00:00,-818.811035
2015-04-16 02:06:00+00:00,-822.192261
2015-04-16 02:07:00+00:00,-809.293823
2015-04-16 02:08:00+00:00,-838.28894
2015-04-16 02:09:00+00:00,-814.861145
2015-04-16 02:10:00+00:00,-824.354492
2015-04-16 02:11:00+00:00,-826.027161
2015-04-16 02:12:00+00:00,-772.110535
2015-04-16 02:13:00+00:00,-754.01416
2015-04-16 02:14:00+00:00,-755.090393
2015-04-16 02:15:00+00:00,-799.264282
2015-04-16 02:16:00+00:00,-822.446228
2015-04-16 02:17:00+00:00,-788.352173
2015-04-16 02:18:00+00:00,-770.22229
2015-04-16 02:19:00+00:00,-767.166992
2015-04-16 02:20:00+00:00,-756.793213
2015-04-16 02:21:00+00:00,-750.354858
2015-04-16 02:22:00+00:00,-701.34314
2015-04-16 02:23:00+00:00,-702.522583
2015-04-16 02:24:00+00:00,-713.638
2015-04-16 02:25:00+00:00,-731.429626
2015-04-16 02:26:00+00:00,-748.930603
2015-04-16 02:27:00+00:00,-785.382874
2015-04-16 02:28:00+00:00,-812.438782
2015-04-16 02:29:00+00:00,-752.739746
2015-04-16 02:30:00+00:00,-708.182007
2015-04-16 02:31:00+00:00,-674.745728
2015-04-16 02:32:00+00:00,-630.323914
2015-04-16 02:33:00+00:00,-545.377441
2015-04-16 02:34:00+00:00,-480.429474
2015-04-16 02:35:00+00:00,-472.449402
2015-04-16 02:36:00+00:00,-494.524841
2015-04-16 02:37:00+00:00,-503.64505
2015-04-16 02:38:00+00:00,-525.891663
2015-04-16 02:39:00+00:00,-524.145447
2015-04-16 02:40:00+00:00,-492.102234
2015-04-16 02:41:00+00:00,-438.946167
2015-04-16 02:42:00+00:00,-433.664185
2015-04-16 02:43:00+00:00,-429.966614
2015-04-16 02:44:00+00:00,-446.258881
2015-04-16 02:45:00+00:00,-446.495911
2015-04-16 02:46:00+00:00,-442.010132
2015-04-16 02:47:00+00:00,-426.711212
2015-04-23 00:00:00+00:00,-75.941933
2015-04-23 00:01:00+00:00,-71.209114
2015-04-23 00:02:00+00:00,-68.339119
2015-04-23 00:03:00+00:00,-70.428574
2015-04-23 00:04:00+00:00,-68.246544
2015-04-23 00:05:00+00:00,-62.348545
2015-04-23 00:06:00+00:00,-55.18623
2015-04-23 00:07:00+00:00,-56.039108
2015-04-23 00:08:00+00:00,-68.30249
2015-04-23 00:09:00+00:00,-64.210091
2015-04-23 00:10:00+00:00,-47.80109
2015-04-23 00:11:00+00:00,-42.057121
2015-04-23 00:12:00+00:00,-42.851234
2015-04-23 00:13:00+00:00,-42.430172
2015-04-23 00:14:00+00:00,-40.617657
2015-04-23 00:15:00+00:00,-43.421467
2015-04-23 00:16:00+00:00,-44.052979
2015-04-23 00:17:00+00:00,-44.013233
2015-04-23 00:18:00+00:00,-41.886189
2015-04-23 00:19:00+00:00,-41.100895
2015-04-23 00:20:00+00:00,-37.65218
2015-04-23 00:21:00+00:00,-32.935505
2015-04-23 00:22:00+00:00,-32.509075
2015-04-23 00:23:00+00:00,-32.073032
2015-04-23 00:24:00+00:00,-32.161545
2015-04-23 00:25:00+00:00,-33.22699
2015-04-23 00:26:00+00:00,-34.709705
2015-04-23 00:27:00+00:00,-31.378548
2015-04-23 00:28:00+00:00,-24.822216
2015-04-23 00:29:00+00:00,-25.651701
2015-04-23 00:30:00+00:00,-28.693178
2015-04-23 00:31:00+00:00,-27.631927
2015-04-23 00:32:00+00:00,-26.422146
2015-04-23 00:33:00+00:00,-27.496468
2015-04-23 00:34:00+00:00,-26.867718
2015-04-23 00:35:00+00:00,-25.015177
2015-04-23 00:36:00+00:00,-24.114731
2015-04-23 00:37:00+00:00,-22.92206
2015-04-23 00:38:00+00:00,-21.685101
2015-04-23 00:39:00+00:00,-22.662622
2015-04-23 00:40:00+00:00,-22.236858
2015-04-23 00:41:00+00:00,-23.734524
2015-04-23 00:42:00+00:00,-24.961205
2015-04-23 00:43:00+00:00,-27.147324
2015-04-23 00:44:00+00:00,-30.176239
2015-04-23 00:45:00+00:00,-29.770596
2015-04-23 00:46:00+00:00,-27.180132
2015-04-23 00:47:00+00:00,-27.172401
2015-04-23 00:48:00+00:00,-28.645418
2015-04-23 00:49:00+00:00,-32.547451
2015-04-23 00:50:00+00:00,-35.167221
2015-04-23 00:51:00+00:00,-34.16441
2015-04-23 00:52:00+00:00,-34.556763
2015-04-23 00:53:00+00:00,-29.581339
2015-04-23 00:54:00+00:00,-24.945086
2015-04-23 00:55:00+00:00,-24.784626
2015-04-23 00:56:00+00:00,-27.123075
2015-04-23 00:57:00+00:00,-26.476955
2015-04-23 00:58:00+00:00,-27.904985
2015-04-23 00:59:00+00:00,-26.44043
2015-04-23 01:00:00+00:00,-26.617432
2015-04-23 01:01:00+00:00,-27.50358
2015-04-23 01:02:00+00:00,-28.938519
2015-04-23 01:03:00+00:00,-29.718174
2015-04-23 01:04:00+00:00,-30.517557
2015-04-23 01:05:00+00:00,-29.168373
2015-04-23 01:06:00+00:00,-27.749928
2015-04-23 01:07:00+00:00,-27.230022
2015-04-23 01:08:00+00:00,-28.635237
2015-04-23 01:09:00+00:00,-29.590231
2015-04-23 01:10:00+00:00,-29.402834
2015-04-23 01:11:00+00:00,-28.724634
2015-04-23 01:12:00+00:00,-28.312111
2015-04-23 01:13:00+00:00,-27.688921
2015-04-23 01:14:00+00:00,-24.358021
2015-04-23 01:15:00+00:00,-22.429125
2015-04-23 01:16:00+00:00,-22.275017
2015-04-23 01:17:00+00:00,-22.593739
2015-04-23 01:18:00+00:00,-21.322823
2015-04-23 01:19:00+00:00,-24.535606
2015-04-23 01:20:00+00:00,-28.545959
2015-04-23 01:21:00+00:00,-31.762861
2015-04-23 01:22:00+00:00,-34.449036
2015-04-23 01:23:00+00:00,-32.762978
2015-04-23 01:24:00+00:00,-29.163174
2015-04-23 01:25:00+00:00,-27.072767
2015-04-23 01:26:00+00:00,-29.136606
2015-04-23 01:27:00+00:00,-30.439104
2015-04-23 01:28:00+00:00,-30.251081
2015-04-23 01:29:00+00:00,-29.787407
2015-04-23 01:30:00+00:00,-29.93614
2015-04-23 01:31:00+00:00,-29.908413
2015-04-23 01:32:00+00:00,-29.694653
2015-04-23 01:33:00+00:00,-28.042904
2015-04-23 01:34:00+00:00,-27.949627
2015-04-23 01:35:00+00:00,-29.597692
2015-04-23 01:36:00+00:00,-29.798008
2015-04-23 01:37:00+00:00,-28.563267
2015-04-23 01:38:00+00:00,-26.514957
2015-04-23 01:39:00+00:00,-25.416443
2015-04-23 01:40:00+00:00,-24.67065
2015-04-23 01:41:00+00:00,-24.811695
2015-04-23 01:42:00+00:00,-26.17123
2015-04-23 01:43:00+00:00,-25.681648
2015-04-23 01:44:00+00:00,-26.484554
2015-04-23 01:45:00+00:00,-26.908518
2015-04-23 01:46:00+00:00,-23.858908
2015-04-23 01:47:00+00:00,-24.297096
2015-04-23 01:48:00+00:00,-26.422308
2015-04-23 01:49:00+00:00,-27.684231
2015-04-23 01:50:00+00:00,-27.653217
2015-04-23 01:51:00+00:00,-28.371725
2015-04-23 01:52:00+00:00,-29.343662
2015-04-23 01:53:00+00:00,-29.19453
2015-04-23 01:54:00+00:00,-28.423334
2015-04-23 01:55:00+00:00,-28.073536
2015-04-23 01:56:00+00:00,-29.113436
2015-04-23 01:57:00+00:00,-29.427734
2015-04-23 01:58:00+00:00,-29.855814
2015-04-23 01:59:00+00:00,-29.430883
2015-04-23 02:00:00+00:00,-28.128103
2015-04-23 02:01:00+00:00,-27.199453
2015-04-23 02:02:00+00:00,-26.621191
2015-04-23 02:03:00+00:00,-25.42551
2015-04-23 02:04:00+00:00,-24.740911
2015-04-23 02:05:00+00:00,-26.923594
2015-04-23 02:06:00+00:00,-27.72607
2015-04-23 02:07:00+00:00,-27.070185
2015-04-23 02:08:00+00:00,-26.708496
2015-04-23 02:09:00+00:00,-27.821348
2015-04-23 02:10:00+00:00,-30.929848
2015-04-23 02:11:00+00:00,-33.24556
2015-04-23 02:12:00+00:00,-33.44878
2015-04-23 02:13:00+00:00,-31.639742
2015-04-23 02:14:00+00:00,-29.704157
2015-04-23 02:15:00+00:00,-29.566502
2015-04-23 02:16:00+00:00,-34.487106
2015-04-23 02:17:00+00:00,-34.887516
2015-04-23 02:18:00+00:00,-33.131958
2015-04-23 02:19:00+00:00,-33.21426
2015-04-23 02:20:00+00:00,-34.182808
2015-04-23 02:21:00+00:00,-35.565601
2015-04-23 02:22:00+00:00,-34.700508
2015-04-23 02:23:00+00:00,-34.025703
2015-04-23 02:24:00+00:00,-31.817081
2015-04-23 02:25:00+00:00,-25.516727
2015-04-23 02:26:00+00:00,-21.155319
2015-04-23 02:27:00+00:00,-21.370766
2015-04-23 02:28:00+00:00,-23.772984
2015-04-23 02:29:00+00:00,-29.779755
2015-04-23 02:30:00+00:00,-32.095097
2015-04-23 02:31:00+00:00,-32.01989
2015-04-23 02:32:00+00:00,-30.690628
2015-04-23 02:33:00+00:00,-31.818747
2015-04-23 02:34:00+00:00,-33.369728
2015-04-23 02:35:00+00:00,-34.442707
2015-04-23 02:36:00+00:00,-38.454769
2015-04-23 02:37:00+00:00,-44.153477
2015-04-23 02:38:00+00:00,-47.400368
2015-04-23 02:39:00+00:00,-51.12854
2015-04-23 02:40:00+00:00,-56.053139
2015-04-23 02:41:00+00:00,-65.594185
2015-04-23 02:42:00+00:00,-72.237206
2015-04-23 02:43:00+00:00,-75.827049
2015-04-23 02:44:00+00:00,-78.549438
2015-04-23 02:45:00+00:00,-79.631462
2015-04-23 02:46:00+00:00,-77.447159
2015-04-23 02:47:00+00:00,-66.914772
2015-04-30 00:00:00+00:00,-54.493515
2015-04-30 00:01:00+00:00,-56.213753
2015-04-30 00:02:00+00:00,-61.065155
2015-04-30 00:03:00+00:00,-61.937469
2015-04-30 00:04:00+00:00,-63.853916
2015-04-30 00:05:00+00:00,-68.76339
2015-04-30 00:06:00+00:00,-71.625137
2015-04-30 00:07:00+00:00,-68.533188
2015-04-30 00:08:00+00:00,-57.443264
2015-04-30 00:09:00+00:00,-56.282665
2015-04-30 00:10:00+00:00,-55.392101
2015-04-30 00:11:00+00:00,-54.178143
2015-04-30 00:12:00+00:00,-53.800064
2015-04-30 00:13:00+00:00,-54.045391
2015-04-30 00:14:00+00:00,-53.330757
2015-04-30 00:15:00+00:00,-53.696545
2015-04-30 00:16:00+00:00,-53.827534
2015-04-30 00:17:00+00:00,-53.954544
2015-04-30 00:18:00+00:00,-53.356033
2015-04-30 00:19:00+00:00,-54.941978
2015-04-30 00:20:00+00:00,-54.071537
2015-04-30 00:21:00+00:00,-52.932041
2015-04-30 00:22:00+00:00,-52.615601
2015-04-30 00:23:00+00:00,-55.552177
2015-04-30 00:24:00+00:00,-57.522354
2015-04-30 00:25:00+00:00,-56.146873
2015-04-30 00:26:00+00:00,-53.908501
2015-04-30 00:27:00+00:00,-53.209316
2015-04-30 00:28:00+00:00,-53.961758
2015-04-30 00:29:00+00:00,-56.903275
2015-04-30 00:30:00+00:00,-57.133389
2015-04-30 00:31:00+00:00,-57.004829
2015-04-30 00:32:00+00:00,-54.968349
2015-04-30 00:33:00+00:00,-52.833649
2015-04-30 00:34:00+00:00,-49.875477
2015-04-30 00:35:00+00:00,-63.550262
2015-04-30 00:36:00+00:00,-77.107033
2015-04-30 00:37:00+00:00,-73.193359
2015-04-30 00:38:00+00:00,-63.822643
2015-04-30 00:39:00+00:00,-98.812225
2015-04-30 00:40:00+00:00,-106.461029
2015-04-30 00:41:00+00:00,-100.165703
2015-04-30 00:42:00+00:00,-114.141945
2015-04-30 00:43:00+00:00,-123.375473
2015-04-30 00:44:00+00:00,-137.356064
2015-04-30 00:45:00+00:00,-137.340256
2015-04-30 00:46:00+00:00,-134.299606
2015-04-30 00:47:00+00:00,-122.263992
2015-04-30 00:48:00+00:00,-122.228546
2015-04-30 00:49:00+00:00,-123.196777
2015-04-30 00:50:00+00:00,-120.159752
2015-04-30 00:51:00+00:00,-133.146378
2015-04-30 00:52:00+00:00,-135.118195
2015-04-30 00:53:00+00:00,-139.092606
2015-04-30 00:54:00+00:00,-148.069244
2015-04-30 00:55:00+00:00,-147.033463
2015-04-30 00:56:00+00:00,-140.998566
2015-04-30 00:57:00+00:00,-142.974136
2015-04-30 00:58:00+00:00,-178.975433
2015-04-30 00:59:00+00:00,-179.057144
2015-04-30 01:00:00+00:00,-162.98848
2015-04-30 01:01:00+00:00,-173.924408
2015-04-30 01:02:00+00:00,-182.914383
2015-04-30 01:03:00+00:00,-187.867538
2015-04-30 01:04:00+00:00,-188.825531
2015-04-30 01:05:00+00:00,-213.836884
2015-04-30 01:06:00+00:00,-216.829941
2015-04-30 01:07:00+00:00,-225.781906
2015-04-30 01:08:00+00:00,-230.751068
2015-04-30 01:09:00+00:00,-214.757568
2015-04-30 01:10:00+00:00,-213.780899
2015-04-30 01:11:00+00:00,-224.776779
2015-04-30 01:12:00+00:00,-214.708725
2015-04-30 01:13:00+00:00,-215.748291
2015-04-30 01:14:00+00:00,-226.790955
2015-04-30 01:15:00+00:00,-232.786621
2015-04-30 01:16:00+00:00,-236.808151
2015-04-30 01:17:00+00:00,-233.769272
2015-04-30 01:18:00+00:00,-211.700256
2015-04-30 01:19:00+00:00,-208.679901
2015-04-30 01:20:00+00:00,-217.653122
2015-04-30 01:21:00+00:00,-210.672348
2015-04-30 01:22:00+00:00,-200.636688
2015-04-30 01:23:00+00:00,-206.57016
2015-04-30 01:24:00+00:00,-211.613068
2015-04-30 01:25:00+00:00,-216.627716
2015-04-30 01:26:00+00:00,-203.607956
2015-04-30 01:27:00+00:00,-207.661758
2015-04-30 01:28:00+00:00,-196.623795
2015-04-30 01:29:00+00:00,-201.654221
2015-04-30 01:30:00+00:00,-221.741974
2015-04-30 01:31:00+00:00,-202.656387
2015-04-30 01:32:00+00:00,-191.870026
2015-04-30 01:33:00+00:00,-199.584991
2015-04-30 01:34:00+00:00,-214.834
2015-04-30 01:35:00+00:00,-212.303497
2015-04-30 01:36:00+00:00,-216.497971
2015-04-30 01:37:00+00:00,-211.792084
2015-04-30 01:38:00+00:00,-213.101227
2015-04-30 01:39:00+00:00,-208.238312
2015-04-30 01:40:00+00:00,-207.796173
2015-04-30 01:41:00+00:00,-209.116043
2015-04-30 01:42:00+00:00,-212.603561
2015-04-30 01:43:00+00:00,-214.248383
2015-04-30 01:44:00+00:00,-206.587662
2015-04-30 01:45:00+00:00,-206.72731
2015-04-30 01:46:00+00:00,-214.987976
2015-04-30 01:47:00+00:00,-218.970642
2015-04-30 01:48:00+00:00,-226.930283
2015-04-30 01:49:00+00:00,-227.695419
2015-04-30 01:50:00+00:00,-222.424606
2015-04-30 01:51:00+00:00,-220.394608
2015-04-30 01:52:00+00:00,-217.941833
2015-04-30 01:53:00+00:00,-217.150528
2015-04-30 01:54:00+00:00,-221.456161
2015-04-30 01:55:00+00:00,-226.717056
2015-04-30 01:56:00+00:00,-230.998306
2015-04-30 01:57:00+00:00,-226.778336
2015-04-30 01:58:00+00:00,-222.38707
2015-04-30 01:59:00+00:00,-220.145447
2015-04-30 02:00:00+00:00,-216.451324
2015-04-30 02:01:00+00:00,-213.639038
2015-04-30 02:02:00+00:00,-210.330521
2015-04-30 02:03:00+00:00,-210.902802
2015-04-30 02:04:00+00:00,-213.770554
2015-04-30 02:05:00+00:00,-212.57637
2015-04-30 02:06:00+00:00,-208.46051
2015-04-30 02:07:00+00:00,-204.747879
2015-04-30 02:08:00+00:00,-203.142776
2015-04-30 02:09:00+00:00,-197.05658
2015-04-30 02:10:00+00:00,-194.742249
2015-04-30 02:11:00+00:00,-191.484558
2015-04-30 02:12:00+00:00,-186.858459
2015-04-30 02:13:00+00:00,-181.344055
2015-04-30 02:14:00+00:00,-180.927063
2015-04-30 02:15:00+00:00,-172.210663
2015-04-30 02:16:00+00:00,-166.244675
2015-04-30 02:17:00+00:00,-167.4487
2015-04-30 02:18:00+00:00,-166.70369
2015-04-30 02:19:00+00:00,-164.345322
2015-04-30 02:20:00+00:00,-160.918304
2015-04-30 02:21:00+00:00,-154.625488
2015-04-30 02:22:00+00:00,-144.968658
2015-04-30 02:23:00+00:00,-136.821106
2015-04-30 02:24:00+00:00,-133.014648
2015-04-30 02:25:00+00:00,-131.502701
2015-04-30 02:26:00+00:00,-128.311508
2015-04-30 02:27:00+00:00,-123.203751
2015-04-30 02:28:00+00:00,-119.395851
2015-04-30 02:29:00+00:00,-117.442795
2015-04-30 02:30:00+00:00,-115.052902
2015-04-30 02:31:00+00:00,-109.98983
2015-04-30 02:32:00+00:00,-108.679085
2015-04-30 02:33:00+00:00,-111.330643
2015-04-30 02:34:00+00:00,-106.903244
2015-04-30 02:35:00+00:00,-99.719627
2015-04-30 02:36:00+00:00,-94.319595
2015-04-30 02:37:00+00:00,-90.413872
2015-04-30 02:38:00+00:00,-89.391563
2015-04-30 02:39:00+00:00,-87.139175
2015-04-30 02:40:00+00:00,-85.328575
2015-04-30 02:41:00+00:00,-82.816994
2015-04-30 02:42:00+00:00,-81.722015
2015-04-30 02:43:00+00:00,-80.373512
2015-04-30 02:44:00+00:00,-75.825203
2015-04-30 02:45:00+00:00,-70.312263
2015-04-30 02:46:00+00:00,-69.680748
2015-04-30 02:47:00+00:00,-68.332817
2015-05-07 00:00:00+00:00,-60.511345
2015-05-07 00:01:00+00:00,-58.511314
2015-05-07 00:02:00+00:00,-58.38863
2015-05-07 00:03:00+00:00,-56.740749
2015-05-07 00:04:00+00:00,-60.097195
2015-05-07 00:05:00+00:00,-60.320049
2015-05-07 00:06:00+00:00,-58.271896
2015-05-07 00:07:00+00:00,-57.353138
2015-05-07 00:08:00+00:00,-54.827312
2015-05-07 00:09:00+00:00,-55.237503
2015-05-07 00:10:00+00:00,-57.675232
2015-05-07 00:11:00+00:00,-62.822704
2015-05-07 00:12:00+00:00,-70.215073
2015-05-07 00:13:00+00:00,-69.15789
2015-05-07 00:14:00+00:00,-65.662827
2015-05-07 00:15:00+00:00,-64.119469
2015-05-07 00:16:00+00:00,-61.770893
2015-05-07 00:17:00+00:00,-58.779156
2015-05-07 00:18:00+00:00,-54.559258
2015-05-07 00:19:00+00:00,-44.81905
2015-05-07 00:20:00+00:00,-42.344986
2015-05-07 00:21:00+00:00,-39.885899
2015-05-07 00:22:00+00:00,-39.220402
2015-05-07 00:23:00+00:00,-40.504925
2015-05-07 00:24:00+00:00,-43.553223
2015-05-07 00:25:00+00:00,-45.022453
2015-05-07 00:26:00+00:00,-46.754002
2015-05-07 00:27:00+00:00,-47.415897
2015-05-07 00:28:00+00:00,-43.899731
2015-05-07 00:29:00+00:00,-38.057976
2015-05-07 00:30:00+00:00,-32.830021
2015-05-07 00:31:00+00:00,-29.942974
2015-05-07 00:32:00+00:00,-30.797762
2015-05-07 00:33:00+00:00,-32.202957
2015-05-07 00:34:00+00:00,-33.558838
2015-05-07 00:35:00+00:00,-35.38002
2015-05-07 00:36:00+00:00,-36.144966
2015-05-07 00:37:00+00:00,-36.149578
2015-05-07 00:38:00+00:00,-36.836071
2015-05-07 00:39:00+00:00,-37.90464
2015-05-07 00:40:00+00:00,-39.542732
2015-05-07 00:41:00+00:00,-42.330433
2015-05-07 00:42:00+00:00,-43.421852
2015-05-07 00:43:00+00:00,-41.76622
2015-05-07 00:44:00+00:00,-40.572468
2015-05-07 00:45:00+00:00,-40.381618
2015-05-07 00:46:00+00:00,-39.229622
2015-05-07 00:47:00+00:00,-37.781525
2015-05-07 00:48:00+00:00,-35.782444
2015-05-07 00:49:00+00:00,-35.655064
2015-05-07 00:50:00+00:00,-33.803684
2015-05-07 00:51:00+00:00,-34.056377
2015-05-07 00:52:00+00:00,-35.390656
2015-05-07 00:53:00+00:00,-36.792725
2015-05-07 00:54:00+00:00,-35.637566
2015-05-07 00:55:00+00:00,-34.445637
2015-05-07 00:56:00+00:00,-35.29792
2015-05-07 00:57:00+00:00,-35.92289
2015-05-07 00:58:00+00:00,-34.546078
2015-05-07 00:59:00+00:00,-34.316841
2015-05-07 01:00:00+00:00,-34.322956
2015-05-07 01:01:00+00:00,-35.100021
2015-05-07 01:02:00+00:00,-36.940323
2015-05-07 01:03:00+00:00,-38.459976
2015-05-07 01:04:00+00:00,-37.180588
2015-05-07 01:05:00+00:00,-35.016132
2015-05-07 01:06:00+00:00,-33.580849
2015-05-07 01:07:00+00:00,-31.539665
2015-05-07 01:08:00+00:00,-31.169102
2015-05-07 01:09:00+00:00,-31.625307
2015-05-07 01:10:00+00:00,-31.89361
2015-05-07 01:11:00+00:00,-33.382084
2015-05-07 01:12:00+00:00,-33.746201
2015-05-07 01:13:00+00:00,-32.902824
2015-05-07 01:14:00+00:00,-32.537487
2015-05-07 01:15:00+00:00,-31.662716
2015-05-07 01:16:00+00:00,-32.848106
2015-05-07 01:17:00+00:00,-33.255615
2015-05-07 01:18:00+00:00,-29.93388
2015-05-07 01:19:00+00:00,-26.167389
2015-05-07 01:20:00+00:00,-23.909088
2015-05-07 01:21:00+00:00,-22.45388
2015-05-07 01:22:00+00:00,-23.48904
2015-05-07 01:23:00+00:00,-23.476862
2015-05-07 01:24:00+00:00,-23.594864
2015-05-07 01:25:00+00:00,-24.370369
2015-05-07 01:26:00+00:00,-22.893938
2015-05-07 01:27:00+00:00,-23.379892
2015-05-07 01:28:00+00:00,-25.651222
2015-05-07 01:29:00+00:00,-27.404194
2015-05-07 01:30:00+00:00,-27.478348
2015-05-07 01:31:00+00:00,-27.053951
2015-05-07 01:32:00+00:00,-26.101473
2015-05-07 01:33:00+00:00,-27.491695
2015-05-07 01:34:00+00:00,-29.418625
2015-05-07 01:35:00+00:00,-30.092903
2015-05-07 01:36:00+00:00,-30.987198
2015-05-07 01:37:00+00:00,-31.201746
2015-05-07 01:38:00+00:00,-31.9072
2015-05-07 01:39:00+00:00,-33.829781
2015-05-07 01:40:00+00:00,-34.728294
2015-05-07 01:41:00+00:00,-34.252739
2015-05-07 01:42:00+00:00,-32.521111
2015-05-07 01:43:00+00:00,-31.269363
2015-05-07 01:44:00+00:00,-31.710394
2015-05-07 01:45:00+00:00,-33.964882
2015-05-07 01:46:00+00:00,-35.757328
2015-05-07 01:47:00+00:00,-35.000408
2015-05-07 01:48:00+00:00,-34.241531
2015-05-07 01:49:00+00:00,-34.314625
2015-05-07 01:50:00+00:00,-33.573746
2015-05-07 01:51:00+00:00,-32.390976
2015-05-07 01:52:00+00:00,-32.927956
2015-05-07 01:53:00+00:00,-35.480579
2015-05-07 01:54:00+00:00,-36.053268
2015-05-07 01:55:00+00:00,-32.718304
2015-05-07 01:56:00+00:00,-29.201746
2015-05-07 01:57:00+00:00,-27.985096
2015-05-07 01:58:00+00:00,-53.434448
2015-05-07 01:59:00+00:00,-40.496807
2015-05-07 02:00:00+00:00,-29.769833
2015-05-07 02:01:00+00:00,-30.807346
2015-05-07 02:02:00+00:00,-30.880253
2015-05-07 02:03:00+00:00,-30.384499
2015-05-07 02:04:00+00:00,-31.542913
2015-05-07 02:05:00+00:00,-33.619617
2015-05-07 02:06:00+00:00,-33.942768
2015-05-07 02:07:00+00:00,-34.256905
2015-05-07 02:08:00+00:00,-35.122822
2015-05-07 02:09:00+00:00,-35.475506
2015-05-07 02:10:00+00:00,-37.150917
2015-05-07 02:11:00+00:00,-39.24416
2015-05-07 02:12:00+00:00,-41.05632
2015-05-07 02:13:00+00:00,-41.903214
2015-05-07 02:14:00+00:00,-41.827835
2015-05-07 02:15:00+00:00,-41.454556
2015-05-07 02:16:00+00:00,-41.517136
2015-05-07 02:17:00+00:00,-42.003227
2015-05-07 02:18:00+00:00,-42.444424
2015-05-07 02:19:00+00:00,-42.073532
2015-05-07 02:20:00+00:00,-41.801048
2015-05-07 02:21:00+00:00,-41.42485
2015-05-07 02:22:00+00:00,-41.229443
2015-05-07 02:23:00+00:00,-40.550201
2015-05-07 02:24:00+00:00,-40.384518
2015-05-07 02:25:00+00:00,-40.266605
2015-05-07 02:26:00+00:00,-40.640141
2015-05-07 02:27:00+00:00,-40.370781
2015-05-07 02:28:00+00:00,-41.39732
2015-05-07 02:29:00+00:00,-40.445377
2015-05-07 02:30:00+00:00,-39.437145
2015-05-07 02:31:00+00:00,-40.318184
2015-05-07 02:32:00+00:00,-43.781986
2015-05-07 02:33:00+00:00,-45.351299
2015-05-07 02:34:00+00:00,-44.620289
2015-05-07 02:35:00+00:00,-43.428112
2015-05-07 02:36:00+00:00,-43.409538
2015-05-07 02:37:00+00:00,-44.14883
2015-05-07 02:38:00+00:00,-45.332947
2015-05-07 02:39:00+00:00,-45.583267
2015-05-07 02:40:00+00:00,-44.969124
2015-05-07 02:41:00+00:00,-43.151913
2015-05-07 02:42:00+00:00,-42.055931
2015-05-07 02:43:00+00:00,-39.933399
2015-05-07 02:44:00+00:00,-39.016735
2015-05-07 02:45:00+00:00,-40.064987
2015-05-07 02:46:00+00:00,-41.674339
2015-05-07 02:47:00+00:00,-42.651691
2015-05-14 00:00:00+00:00,-66.640724
2015-05-14 00:01:00+00:00,-56.206158
2015-05-14 00:02:00+00:00,-58.866554
2015-05-14 00:03:00+00:00,-68.806465
2015-05-14 00:04:00+00:00,-61.924427
2015-05-14 00:05:00+00:00,-57.045639
2015-05-14 00:06:00+00:00,-44.017788
2015-05-14 00:07:00+00:00,-48.761719
2015-05-14 00:08:00+00:00,-58.256126
2015-05-14 00:09:00+00:00,-54.068356
2015-05-14 00:10:00+00:00,-51.575382
2015-05-14 00:11:00+00:00,-56.916782
2015-05-14 00:12:00+00:00,-59.848652
2015-05-14 00:13:00+00:00,-61.754707
2015-05-14 00:14:00+00:00,-58.781464
2015-05-14 00:15:00+00:00,-80.041122
2015-05-14 00:16:00+00:00,-83.129669
2015-05-14 00:17:00+00:00,-75.294098
2015-05-14 00:18:00+00:00,-60.878006
2015-05-14 00:19:00+00:00,-72.457909
2015-05-14 00:20:00+00:00,-80.452637
2015-05-14 00:21:00+00:00,-67.436432
2015-05-14 00:22:00+00:00,-79.308586
2015-05-14 00:23:00+00:00,-104.229591
2015-05-14 00:24:00+00:00,-94.682716
2015-05-14 00:25:00+00:00,-68.505898
2015-05-14 00:26:00+00:00,-74.401138
2015-05-14 00:27:00+00:00,-77.290665
2015-05-14 00:28:00+00:00,-79.1558
2015-05-14 00:29:00+00:00,-77.869606
2015-05-14 00:30:00+00:00,-81.255211
2015-05-14 00:31:00+00:00,-87.895241
2015-05-14 00:32:00+00:00,-96.660889
2015-05-14 00:33:00+00:00,-95.699547
2015-05-14 00:34:00+00:00,-115.916138
2015-05-14 00:35:00+00:00,-87.819763
2015-05-14 00:36:00+00:00,-78.380043
2015-05-14 00:37:00+00:00,-81.282883
2015-05-14 00:38:00+00:00,-79.09848
2015-05-14 00:39:00+00:00,-84.675339
2015-05-14 00:40:00+00:00,-87.919838
2015-05-14 00:41:00+00:00,-85.481255
2015-05-14 00:42:00+00:00,-85.875908
2015-05-14 00:43:00+00:00,-90.815567
2015-05-14 00:44:00+00:00,-91.099182
2015-05-14 00:45:00+00:00,-103.750198
2015-05-14 00:46:00+00:00,-120.843216
2015-05-14 00:47:00+00:00,-103.37336
2015-05-14 00:48:00+00:00,-97.531921
2015-05-14 00:49:00+00:00,-93.550072
2015-05-14 00:50:00+00:00,-92.816315
2015-05-14 00:51:00+00:00,-93.11496
2015-05-14 00:52:00+00:00,-94.856117
2015-05-14 00:53:00+00:00,-92.598885
2015-05-14 00:54:00+00:00,-94.760193
2015-05-14 00:55:00+00:00,-98.488617
2015-05-14 00:56:00+00:00,-99.304726
2015-05-14 00:57:00+00:00,-96.851395
2015-05-14 00:58:00+00:00,-98.678474
2015-05-14 00:59:00+00:00,-97.73336
2015-05-14 01:00:00+00:00,-95.73011
2015-05-14 01:01:00+00:00,-101.043121
2015-05-14 01:02:00+00:00,-107.825165
2015-05-14 01:03:00+00:00,-104.168137
2015-05-14 01:04:00+00:00,-102.482941
2015-05-14 01:05:00+00:00,-102.929832
2015-05-14 01:06:00+00:00,-103.583984
2015-05-14 01:07:00+00:00,-104.756119
2015-05-14 01:08:00+00:00,-105.376534
2015-05-14 01:09:00+00:00,-112.720779
2015-05-14 01:10:00+00:00,-112.777122
2015-05-14 01:11:00+00:00,-109.220604
2015-05-14 01:12:00+00:00,-113.138626
2015-05-14 01:13:00+00:00,-112.421051
2015-05-14 01:14:00+00:00,-109.349113
2015-05-14 01:15:00+00:00,-110.529572
2015-05-14 01:16:00+00:00,-112.856331
2015-05-14 01:17:00+00:00,-112.186111
2015-05-14 01:18:00+00:00,-111.720451
2015-05-14 01:19:00+00:00,-110.053337
2015-05-14 01:20:00+00:00,-116.442932
2015-05-14 01:21:00+00:00,-115.368713
2015-05-14 01:22:00+00:00,-114.971718
2015-05-14 01:23:00+00:00,-114.455193
2015-05-14 01:24:00+00:00,-115.255089
2015-05-14 01:25:00+00:00,-107.921204
2015-05-14 01:26:00+00:00,-109.161034
2015-05-14 01:27:00+00:00,-116.016586
2015-05-14 01:28:00+00:00,-110.592804
2015-05-14 01:29:00+00:00,-107.026398
2015-05-14 01:30:00+00:00,-105.383331
2015-05-14 01:31:00+00:00,-104.115761
2015-05-14 01:32:00+00:00,-105.369812
2015-05-14 01:33:00+00:00,-104.493721
2015-05-14 01:34:00+00:00,-106.338867
2015-05-14 01:35:00+00:00,-105.538612
2015-05-14 01:36:00+00:00,-107.406425
2015-05-14 01:37:00+00:00,-107.273033
2015-05-14 01:38:00+00:00,-105.571701
2015-05-14 01:39:00+00:00,-107.305008
2015-05-14 01:40:00+00:00,-109.096001
2015-05-14 01:41:00+00:00,-105.372124
2015-05-14 01:42:00+00:00,-100.715958
2015-05-14 01:43:00+00:00,-102.951416
2015-05-14 01:44:00+00:00,-104.437881
2015-05-14 01:45:00+00:00,-104.83918
2015-05-14 01:46:00+00:00,-108.15184
2015-05-14 01:47:00+00:00,-111.151016
2015-05-14 01:48:00+00:00,-107.095322
2015-05-14 01:49:00+00:00,-102.777077
2015-05-14 01:50:00+00:00,-98.099419
2015-05-14 01:51:00+00:00,-102.891441
2015-05-14 01:52:00+00:00,-107.892273
2015-05-14 01:53:00+00:00,-100.800392
2015-05-14 01:54:00+00:00,-101.714294
2015-05-14 01:55:00+00:00,-107.328293
2015-05-14 01:56:00+00:00,-114.010498
2015-05-14 01:57:00+00:00,-108.098923
2015-05-14 01:58:00+00:00,-97.167686
2015-05-14 01:59:00+00:00,-96.353516
2015-05-14 02:00:00+00:00,-109.255989
2015-05-14 02:01:00+00:00,-110.801422
2015-05-14 02:02:00+00:00,-107.933578
2015-05-14 02:03:00+00:00,-107.169022
2015-05-14 02:04:00+00:00,-112.868225
2015-05-14 02:05:00+00:00,-144.793335
2015-05-14 02:06:00+00:00,-137.027145
2015-05-14 02:07:00+00:00,-161.935181
2015-05-14 02:08:00+00:00,-150.760696
2015-05-14 02:09:00+00:00,-158.36647
2015-05-14 02:10:00+00:00,-145.798782
2015-05-14 02:11:00+00:00,-135.562164
2015-05-14 02:12:00+00:00,-106.124046
2015-05-14 02:13:00+00:00,-135.996307
2015-05-14 02:14:00+00:00,-177.237305
2015-05-14 02:15:00+00:00,-176.163025
2015-05-14 02:16:00+00:00,-151.621552
2015-05-14 02:17:00+00:00,-176.133591
2015-05-14 02:18:00+00:00,-165.099533
2015-05-14 02:19:00+00:00,-260.507294
2015-05-14 02:20:00+00:00,-269.105133
2015-05-14 02:21:00+00:00,-256.365479
2015-05-14 02:22:00+00:00,-236.655457
2015-05-14 02:23:00+00:00,-243.488586
2015-05-14 02:24:00+00:00,-213.099701
2015-05-14 02:25:00+00:00,-207.275024
2015-05-14 02:26:00+00:00,-181.343948
2015-05-14 02:27:00+00:00,-142.722412
2015-05-14 02:28:00+00:00,-144.54599
2015-05-14 02:29:00+00:00,-149.442261
2015-05-14 02:30:00+00:00,-143.436111
2015-05-14 02:31:00+00:00,-157.916794
2015-05-14 02:32:00+00:00,-156.191696
2015-05-14 02:33:00+00:00,-142.184601
2015-05-14 02:34:00+00:00,-162.450073
2015-05-14 02:35:00+00:00,-198.852295
2015-05-14 02:36:00+00:00,-155.115814
2015-05-14 02:37:00+00:00,-167.048294
2015-05-14 02:38:00+00:00,-171.086884
2015-05-14 02:39:00+00:00,-186.595978
2015-05-14 02:40:00+00:00,-199.436707
2015-05-14 02:41:00+00:00,-189.618256
2015-05-14 02:42:00+00:00,-183.27121
2015-05-14 02:43:00+00:00,-157.438416
2015-05-14 02:44:00+00:00,-169.867752
2015-05-14 02:45:00+00:00,-177.783905
2015-05-14 02:46:00+00:00,-175.462677
2015-05-14 02:47:00+00:00,-194.267365
2015-05-21 00:00:00+00:00,-86.558891
2015-05-21 00:01:00+00:00,-83.712555
2015-05-21 00:02:00+00:00,-81.478836
2015-05-21 00:03:00+00:00,-78.436844
2015-05-21 00:04:00+00:00,-75.750694
2015-05-21 00:05:00+00:00,-74.006317
2015-05-21 00:06:00+00:00,-72.026978
2015-05-21 00:07:00+00:00,-70.902542
2015-05-21 00:08:00+00:00,-69.127159
2015-05-21 00:09:00+00:00,-67.867844
2015-05-21 00:10:00+00:00,-68.360222
2015-05-21 00:11:00+00:00,-67.182289
2015-05-21 00:12:00+00:00,-64.663048
2015-05-21 00:13:00+00:00,-63.163506
2015-05-21 00:14:00+00:00,-63.486801
2015-05-21 00:15:00+00:00,-63.921917
2015-05-21 00:16:00+00:00,-62.872246
2015-05-21 00:17:00+00:00,-61.172489
2015-05-21 00:18:00+00:00,-60.102886
2015-05-21 00:19:00+00:00,-59.492519
2015-05-21 00:20:00+00:00,-59.139626
2015-05-21 00:21:00+00:00,-58.630161
2015-05-21 00:22:00+00:00,-58.145912
2015-05-21 00:23:00+00:00,-57.81945
2015-05-21 00:24:00+00:00,-57.696823
2015-05-21 00:25:00+00:00,-57.722378
2015-05-21 00:26:00+00:00,-58.006592
2015-05-21 00:27:00+00:00,-58.640881
2015-05-21 00:28:00+00:00,-58.555397
2015-05-21 00:29:00+00:00,-58.699482
2015-05-21 00:30:00+00:00,-59.154068
2015-05-21 00:31:00+00:00,-59.100784
2015-05-21 00:32:00+00:00,-59.543434
2015-05-21 00:33:00+00:00,-59.356163
2015-05-21 00:34:00+00:00,-59.645138
2015-05-21 00:35:00+00:00,-59.175125
2015-05-21 00:36:00+00:00,-58.231079
2015-05-21 00:37:00+00:00,-57.454502
2015-05-21 00:38:00+00:00,-57.160797
2015-05-21 00:39:00+00:00,-57.638321
2015-05-21 00:40:00+00:00,-57.913406
2015-05-21 00:41:00+00:00,-58.02055
2015-05-21 00:42:00+00:00,-57.694374
2015-05-21 00:43:00+00:00,-57.337532
2015-05-21 00:44:00+00:00,-56.539238
2015-05-21 00:45:00+00:00,-55.860229
2015-05-21 00:46:00+00:00,-54.85685
2015-05-21 00:47:00+00:00,-54.404896
2015-05-21 00:48:00+00:00,-53.409374
2015-05-21 00:49:00+00:00,-52.819008
2015-05-21 00:50:00+00:00,-52.426258
2015-05-21 00:51:00+00:00,-52.438118
2015-05-21 00:52:00+00:00,-51.98291
2015-05-21 00:53:00+00:00,-50.551723
2015-05-21 00:54:00+00:00,-51.208218
2015-05-21 00:55:00+00:00,-50.718735
2015-05-21 00:56:00+00:00,-51.03989
2015-05-21 00:57:00+00:00,-50.711124
2015-05-21 00:58:00+00:00,-49.477165
2015-05-21 00:59:00+00:00,-47.573761
2015-05-21 01:00:00+00:00,-46.703133
2015-05-21 01:01:00+00:00,-46.420692
2015-05-21 01:02:00+00:00,-47.145096
2015-05-21 01:03:00+00:00,-47.762287
2015-05-21 01:04:00+00:00,-47.31638
2015-05-21 01:05:00+00:00,-46.436657
2015-05-21 01:06:00+00:00,-46.329144
2015-05-21 01:07:00+00:00,-46.011841
2015-05-21 01:08:00+00:00,-44.373459
2015-05-21 01:09:00+00:00,-42.148788
2015-05-21 01:10:00+00:00,-40.993069
2015-05-21 01:11:00+00:00,-41.794464
2015-05-21 01:12:00+00:00,-42.569534
2015-05-21 01:13:00+00:00,-43.013077
2015-05-21 01:14:00+00:00,-42.535721
2015-05-21 01:15:00+00:00,-42.007511
2015-05-21 01:16:00+00:00,-40.977016
2015-05-21 01:17:00+00:00,-41.414833
2015-05-21 01:18:00+00:00,-41.399193
2015-05-21 01:19:00+00:00,-41.750839
2015-05-21 01:20:00+00:00,-41.936954
2015-05-21 01:21:00+00:00,-42.075783
2015-05-21 01:22:00+00:00,-42.304459
2015-05-21 01:23:00+00:00,-42.407539
2015-05-21 01:24:00+00:00,-42.487
2015-05-21 01:25:00+00:00,-41.999939
2015-05-21 01:26:00+00:00,-41.574772
2015-05-21 01:27:00+00:00,-41.064304
2015-05-21 01:28:00+00:00,-40.803959
2015-05-21 01:29:00+00:00,-40.755196
2015-05-21 01:30:00+00:00,-41.075417
2015-05-21 01:31:00+00:00,-41.221306
2015-05-21 01:32:00+00:00,-40.897224
2015-05-21 01:33:00+00:00,-40.508007
2015-05-21 01:34:00+00:00,-40.618263
2015-05-21 01:35:00+00:00,-40.546906
2015-05-21 01:36:00+00:00,-41.400459
2015-05-21 01:37:00+00:00,-41.69511
2015-05-21 01:38:00+00:00,-41.848969
2015-05-21 01:39:00+00:00,-41.344025
2015-05-21 01:40:00+00:00,-40.550491
2015-05-21 01:41:00+00:00,-40.198444
2015-05-21 01:42:00+00:00,-39.578011
2015-05-21 01:43:00+00:00,-39.556946
2015-05-21 01:44:00+00:00,-39.873184
2015-05-21 01:45:00+00:00,-39.996468
2015-05-21 01:46:00+00:00,-39.098305
2015-05-21 01:47:00+00:00,-38.200264
2015-05-21 01:48:00+00:00,-38.522758
2015-05-21 01:49:00+00:00,-38.77858
2015-05-21 01:50:00+00:00,-38.383423
2015-05-21 01:51:00+00:00,-38.737778
2015-05-21 01:52:00+00:00,-38.827766
2015-05-21 01:53:00+00:00,-38.780064
2015-05-21 01:54:00+00:00,-38.743858
2015-05-21 01:55:00+00:00,-38.756351
2015-05-21 01:56:00+00:00,-38.932678
2015-05-21 01:57:00+00:00,-39.175674
2015-05-21 01:58:00+00:00,-39.271347
2015-05-21 01:59:00+00:00,-39.605438
2015-05-21 02:00:00+00:00,-39.763214
2015-05-21 02:01:00+00:00,-39.477512
2015-05-21 02:02:00+00:00,-39.416809
2015-05-21 02:03:00+00:00,-39.42487
2015-05-21 02:04:00+00:00,-39.259529
2015-05-21 02:05:00+00:00,-39.591686
2015-05-21 02:06:00+00:00,-40.075638
2015-05-21 02:07:00+00:00,-40.492737
2015-05-21 02:08:00+00:00,-40.497139
2015-05-21 02:09:00+00:00,-40.617237
2015-05-21 02:10:00+00:00,-40.806171
2015-05-21 02:11:00+00:00,-40.736969
2015-05-21 02:12:00+00:00,-41.149559
2015-05-21 02:13:00+00:00,-41.413239
2015-05-21 02:14:00+00:00,-41.226494
2015-05-21 02:15:00+00:00,-41.424835
2015-05-21 02:16:00+00:00,-41.942066
2015-05-21 02:17:00+00:00,-42.081917
2015-05-21 02:18:00+00:00,-42.123035
2015-05-21 02:19:00+00:00,-42.044304
2015-05-21 02:20:00+00:00,-41.957363
2015-05-21 02:21:00+00:00,-42.40226
2015-05-21 02:22:00+00:00,-42.627468
2015-05-21 02:23:00+00:00,-42.958359
2015-05-21 02:24:00+00:00,-43.488113
2015-05-21 02:25:00+00:00,-43.628845
2015-05-21 02:26:00+00:00,-43.862526
2015-05-21 02:27:00+00:00,-45.123642
2015-05-21 02:28:00+00:00,-47.749168
2015-05-21 02:29:00+00:00,-50.182507
2015-05-21 02:30:00+00:00,-51.928734
2015-05-21 02:31:00+00:00,-52.28878
2015-05-21 02:32:00+00:00,-52.485092
2015-05-21 02:33:00+00:00,-54.861828
2015-05-21 02:34:00+00:00,-58.402672
2015-05-21 02:35:00+00:00,-60.367809
2015-05-21 02:36:00+00:00,-60.791462
2015-05-21 02:37:00+00:00,-61.926941
2015-05-21 02:38:00+00:00,-61.655449
2015-05-21 02:39:00+00:00,-60.759598
2015-05-21 02:40:00+00:00,-62.316586
2015-05-21 02:41:00+00:00,-62.108017
2015-05-21 02:42:00+00:00,-61.089363
2015-05-21 02:43:00+00:00,-59.755123
2015-05-21 02:44:00+00:00,-60.135925
2015-05-21 02:45:00+00:00,-61.750725
2015-05-21 02:46:00+00:00,-61.836212
2015-05-21 02:47:00+00:00,-60.363129
2015-05-28 00:00:00+00:00,-225.840195
2015-05-28 00:01:00+00:00,-231.320633
2015-05-28 00:02:00+00:00,-231.29277
2015-05-28 00:03:00+00:00,-233.377151
2015-05-28 00:04:00+00:00,-230.786087
2015-05-28 00:05:00+00:00,-224.297867
2015-05-28 00:06:00+00:00,-219.10405
2015-05-28 00:07:00+00:00,-208.950455
2015-05-28 00:08:00+00:00,-212.829102
2015-05-28 00:09:00+00:00,-195.041824
2015-05-28 00:10:00+00:00,-185.394333
2015-05-28 00:11:00+00:00,-192.976395
2015-05-28 00:12:00+00:00,-200.384735
2015-05-28 00:13:00+00:00,-199.450699
2015-05-28 00:14:00+00:00,-194.946106
2015-05-28 00:15:00+00:00,-205.407425
2015-05-28 00:16:00+00:00,-190.265839
2015-05-28 00:17:00+00:00,-187.391586
2015-05-28 00:18:00+00:00,-178.459274
2015-05-28 00:19:00+00:00,-168.425674
2015-05-28 00:20:00+00:00,-163.753998
2015-05-28 00:21:00+00:00,-157.630661
2015-05-28 00:22:00+00:00,-151.80983
2015-05-28 00:23:00+00:00,-153.564178
2015-05-28 00:24:00+00:00,-151.878967
2015-05-28 00:25:00+00:00,-149.755417
2015-05-28 00:26:00+00:00,-143.727844
2015-05-28 00:27:00+00:00,-140.724136
2015-05-28 00:28:00+00:00,-140.266006
2015-05-28 00:29:00+00:00,-138.089981
2015-05-28 00:30:00+00:00,-135.301788
2015-05-28 00:31:00+00:00,-130.409454
2015-05-28 00:32:00+00:00,-127.991997
2015-05-28 00:33:00+00:00,-128.01239
2015-05-28 00:34:00+00:00,-131.208405
2015-05-28 00:35:00+00:00,-136.465942
2015-05-28 00:36:00+00:00,-140.871811
2015-05-28 00:37:00+00:00,-137.635193
2015-05-28 00:38:00+00:00,-132.353134
2015-05-28 00:39:00+00:00,-133.605911
2015-05-28 00:40:00+00:00,-131.150238
2015-05-28 00:41:00+00:00,-128.970703
2015-05-28 00:42:00+00:00,-131.94754
2015-05-28 00:43:00+00:00,-133.022369
2015-05-28 00:44:00+00:00,-133.142563
2015-05-28 00:45:00+00:00,-130.520508
2015-05-28 00:46:00+00:00,-131.212967
2015-05-28 00:47:00+00:00,-129.935699
2015-05-28 00:48:00+00:00,-129.99736
2015-05-28 00:49:00+00:00,-132.658295
2015-05-28 00:50:00+00:00,-135.205704
2015-05-28 00:51:00+00:00,-133.221527
2015-05-28 00:52:00+00:00,-126.951851
2015-05-28 00:53:00+00:00,-121.075142
2015-05-28 00:54:00+00:00,-114.816025
2015-05-28 00:55:00+00:00,-107.19883
2015-05-28 00:56:00+00:00,-98.488106
2015-05-28 00:57:00+00:00,-101.318031
2015-05-28 00:58:00+00:00,-109.896149
2015-05-28 00:59:00+00:00,-118.837898
2015-05-28 01:00:00+00:00,-122.073418
2015-05-28 01:01:00+00:00,-120.921959
2015-05-28 01:02:00+00:00,-109.977448
2015-05-28 01:03:00+00:00,-97.040405
2015-05-28 01:04:00+00:00,-92.855446
2015-05-28 01:05:00+00:00,-90.661575
2015-05-28 01:06:00+00:00,-89.07988
2015-05-28 01:07:00+00:00,-88.550674
2015-05-28 01:08:00+00:00,-87.791275
2015-05-28 01:09:00+00:00,-85.377571
2015-05-28 01:10:00+00:00,-86.264969
2015-05-28 01:11:00+00:00,-84.41378
2015-05-28 01:12:00+00:00,-86.519981
2015-05-28 01:13:00+00:00,-88.842651
2015-05-28 01:14:00+00:00,-91.165558
2015-05-28 01:15:00+00:00,-92.151627
2015-05-28 01:16:00+00:00,-90.034828
2015-05-28 01:17:00+00:00,-88.884506
2015-05-28 01:18:00+00:00,-89.772438
2015-05-28 01:19:00+00:00,-91.489075
2015-05-28 01:20:00+00:00,-94.87999
2015-05-28 01:21:00+00:00,-98.549911
2015-05-28 01:22:00+00:00,-100.838364
2015-05-28 01:23:00+00:00,-101.074074
2015-05-28 01:24:00+00:00,-102.333878
2015-05-28 01:25:00+00:00,-104.527916
2015-05-28 01:26:00+00:00,-105.993744
2015-05-28 01:27:00+00:00,-106.33844
2015-05-28 01:28:00+00:00,-108.210121
2015-05-28 01:29:00+00:00,-108.086945
2015-05-28 01:30:00+00:00,-108.75766
2015-05-28 01:31:00+00:00,-108.200485
2015-05-28 01:32:00+00:00,-106.279724
2015-05-28 01:33:00+00:00,-105.709846
2015-05-28 01:34:00+00:00,-105.66835
2015-05-28 01:35:00+00:00,-106.398033
2015-05-28 01:36:00+00:00,-108.164528
2015-05-28 01:37:00+00:00,-108.857094
2015-05-28 01:38:00+00:00,-111.059509
2015-05-28 01:39:00+00:00,-110.98526
2015-05-28 01:40:00+00:00,-111.451736
2015-05-28 01:41:00+00:00,-109.924362
2015-05-28 01:42:00+00:00,-111.453728
2015-05-28 01:43:00+00:00,-109.216209
2015-05-28 01:44:00+00:00,-102.895958
2015-05-28 01:45:00+00:00,-100.942047
2015-05-28 01:46:00+00:00,-99.791565
2015-05-28 01:47:00+00:00,-94.800964
2015-05-28 01:48:00+00:00,-90.710045
2015-05-28 01:49:00+00:00,-87.13295
2015-05-28 01:50:00+00:00,-80.625893
2015-05-28 01:51:00+00:00,-77.735992
2015-05-28 01:52:00+00:00,-77.529167
2015-05-28 01:53:00+00:00,-79.965874
2015-05-28 01:54:00+00:00,-83.3302
2015-05-28 01:55:00+00:00,-84.918045
2015-05-28 01:56:00+00:00,-86.425514
2015-05-28 01:57:00+00:00,-87.904633
2015-05-28 01:58:00+00:00,-88.130638
2015-05-28 01:59:00+00:00,-87.748825
2015-05-28 02:00:00+00:00,-85.815216
2015-05-28 02:01:00+00:00,-83.633347
2015-05-28 02:02:00+00:00,-81.449348
2015-05-28 02:03:00+00:00,-80.04911
2015-05-28 02:04:00+00:00,-81.680222
2015-05-28 02:05:00+00:00,-83.991859
2015-05-28 02:06:00+00:00,-84.658852
2015-05-28 02:07:00+00:00,-82.293182
2015-05-28 02:08:00+00:00,-78.351555
2015-05-28 02:09:00+00:00,-73.999695
2015-05-28 02:10:00+00:00,-72.097969
2015-05-28 02:11:00+00:00,-69.395027
2015-05-28 02:12:00+00:00,-66.013702
2015-05-28 02:13:00+00:00,-64.853058
2015-05-28 02:14:00+00:00,-64.206627
2015-05-28 02:15:00+00:00,-62.89753
2015-05-28 02:16:00+00:00,-60.268135
2015-05-28 02:17:00+00:00,-54.695415
2015-05-28 02:18:00+00:00,-50.241398
2015-05-28 02:19:00+00:00,-43.844868
2015-05-28 02:20:00+00:00,-44.6745
2015-05-28 02:21:00+00:00,-44.853477
2015-05-28 02:22:00+00:00,-47.426167
2015-05-28 02:23:00+00:00,-48.06361
2015-05-28 02:24:00+00:00,-49.380486
2015-05-28 02:25:00+00:00,-50.793785
2015-05-28 02:26:00+00:00,-54.580276
2015-05-28 02:27:00+00:00,-55.137592
2015-05-28 02:28:00+00:00,-52.378254
2015-05-28 02:29:00+00:00,-50.008698
2015-05-28 02:30:00+00:00,-49.450024
2015-05-28 02:31:00+00:00,-49.357807
2015-05-28 02:32:00+00:00,-48.776901
2015-05-28 02:33:00+00:00,-48.954758
2015-05-28 02:34:00+00:00,-49.57132
2015-05-28 02:35:00+00:00,-47.693378
2015-05-28 02:36:00+00:00,-47.985447
2015-05-28 02:37:00+00:00,-51.161079
2015-05-28 02:38:00+00:00,-51.742447
2015-05-28 02:39:00+00:00,-52.635483
2015-05-28 02:40:00+00:00,-53.274502
2015-05-28 02:41:00+00:00,-54.290703
2015-05-28 02:42:00+00:00,-50.559109
2015-05-28 02:43:00+00:00,-49.211391
2015-05-28 02:44:00+00:00,-61.459442
2015-05-28 02:45:00+00:00,-316.404907
2015-05-28 02:46:00+00:00,-376.134094
2015-05-28 02:47:00+00:00,-374.849091
2015-06-04 00:00:00+00:00,-28.557919
2015-06-04 00:01:00+00:00,-28.716253
2015-06-04 00:02:00+00:00,-28.949667
2015-06-04 00:03:00+00:00,-29.311314
2015-06-04 00:04:00+00:00,-29.286608
2015-06-04 00:05:00+00:00,-28.885723
2015-06-04 00:06:00+00:00,-28.116446
2015-06-04 00:07:00+00:00,-27.800529
2015-06-04 00:08:00+00:00,-27.454552
2015-06-04 00:09:00+00:00,-27.299665
2015-06-04 00:10:00+00:00,-27.300238
2015-06-04 00:11:00+00:00,-27.438599
2015-06-04 00:12:00+00:00,-27.22891
2015-06-04 00:13:00+00:00,-27.131104
2015-06-04 00:14:00+00:00,-27.201372
2015-06-04 00:15:00+00:00,-27.272566
2015-06-04 00:16:00+00:00,-27.231928
2015-06-04 00:17:00+00:00,-27.315754
2015-06-04 00:18:00+00:00,-27.763363
2015-06-04 00:19:00+00:00,-28.808186
2015-06-04 00:20:00+00:00,-29.56414
2015-06-04 00:21:00+00:00,-29.79299
2015-06-04 00:22:00+00:00,-30.146713
2015-06-04 00:23:00+00:00,-30.142775
2015-06-04 00:24:00+00:00,-29.42436
2015-06-04 00:25:00+00:00,-28.991127
2015-06-04 00:26:00+00:00,-28.861477
2015-06-04 00:27:00+00:00,-28.376858
2015-06-04 00:28:00+00:00,-27.019882
2015-06-04 00:29:00+00:00,-27.138754
2015-06-04 00:30:00+00:00,-27.113537
2015-06-04 00:31:00+00:00,-27.196085
2015-06-04 00:32:00+00:00,-27.098555
2015-06-04 00:33:00+00:00,-26.918247
2015-06-04 00:34:00+00:00,-26.692907
2015-06-04 00:35:00+00:00,-26.477837
2015-06-04 00:36:00+00:00,-27.709
2015-06-04 00:37:00+00:00,-28.478466
2015-06-04 00:38:00+00:00,-28.152573
2015-06-04 00:39:00+00:00,-28.705641
2015-06-04 00:40:00+00:00,-30.604179
2015-06-04 00:41:00+00:00,-32.138103
2015-06-04 00:42:00+00:00,-33.121578
2015-06-04 00:43:00+00:00,-34.801762
2015-06-04 00:44:00+00:00,-36.166679
2015-06-04 00:45:00+00:00,-37.982758
2015-06-04 00:46:00+00:00,-39.030983
2015-06-04 00:47:00+00:00,-39.764565
2015-06-04 00:48:00+00:00,-40.315132
2015-06-04 00:49:00+00:00,-41.252735
2015-06-04 00:50:00+00:00,-41.972656
2015-06-04 00:51:00+00:00,-41.63905
2015-06-04 00:52:00+00:00,-41.112118
2015-06-04 00:53:00+00:00,-39.742058
2015-06-04 00:54:00+00:00,-37.407616
2015-06-04 00:55:00+00:00,-36.141907
2015-06-04 00:56:00+00:00,-35.47958
2015-06-04 00:57:00+00:00,-35.097282
2015-06-04 00:58:00+00:00,-34.681633
2015-06-04 00:59:00+00:00,-33.817616
2015-06-04 01:00:00+00:00,-32.997673
2015-06-04 01:01:00+00:00,-32.530548
2015-06-04 01:02:00+00:00,-31.074713
2015-06-04 01:03:00+00:00,-29.421242
2015-06-04 01:04:00+00:00,-27.418867
2015-06-04 01:05:00+00:00,-26.375254
2015-06-04 01:06:00+00:00,-26.213066
2015-06-04 01:07:00+00:00,-26.319143
2015-06-04 01:08:00+00:00,-26.474388
2015-06-04 01:09:00+00:00,-26.709782
2015-06-04 01:10:00+00:00,-27.070953
2015-06-04 01:11:00+00:00,-27.546692
2015-06-04 01:12:00+00:00,-27.708019
2015-06-04 01:13:00+00:00,-27.925039
2015-06-04 01:14:00+00:00,-28.063704
2015-06-04 01:15:00+00:00,-27.956541
2015-06-04 01:16:00+00:00,-27.703873
2015-06-04 01:17:00+00:00,-27.394558
2015-06-04 01:18:00+00:00,-27.006847
2015-06-04 01:19:00+00:00,-26.653545
2015-06-04 01:20:00+00:00,-26.377356
2015-06-04 01:21:00+00:00,-26.37163
2015-06-04 01:22:00+00:00,-26.196648
2015-06-04 01:23:00+00:00,-26.099983
2015-06-04 01:24:00+00:00,-25.913403
2015-06-04 01:25:00+00:00,-25.699135
2015-06-04 01:26:00+00:00,-25.372728
2015-06-04 01:27:00+00:00,-25.287432
2015-06-04 01:28:00+00:00,-25.190308
2015-06-04 01:29:00+00:00,-25.059589
2015-06-04 01:30:00+00:00,-24.940727
2015-06-04 01:31:00+00:00,-24.849161
2015-06-04 01:32:00+00:00,-25.183367
2015-06-04 01:33:00+00:00,-26.014151
2015-06-04 01:34:00+00:00,-26.561314
2015-06-04 01:35:00+00:00,-27.187492
2015-06-04 01:36:00+00:00,-27.255482
2015-06-04 01:37:00+00:00,-26.960745
2015-06-04 01:38:00+00:00,-26.521698
2015-06-04 01:39:00+00:00,-26.884327
2015-06-04 01:40:00+00:00,-27.327967
2015-06-04 01:41:00+00:00,-27.766573
2015-06-04 01:42:00+00:00,-28.297874
2015-06-04 01:43:00+00:00,-28.432613
2015-06-04 01:44:00+00:00,-28.527124
2015-06-04 01:45:00+00:00,-28.237358
2015-06-04 01:46:00+00:00,-27.746346
2015-06-04 01:47:00+00:00,-27.052135
2015-06-04 01:48:00+00:00,-26.989426
2015-06-04 01:49:00+00:00,-27.170033
2015-06-04 01:50:00+00:00,-26.626936
2015-06-04 01:51:00+00:00,-25.726837
2015-06-04 01:52:00+00:00,-24.722631
2015-06-04 01:53:00+00:00,-25.042082
2015-06-04 01:54:00+00:00,-25.911514
2015-06-04 01:55:00+00:00,-26.328381
2015-06-04 01:56:00+00:00,-26.296158
2015-06-04 01:57:00+00:00,-26.233171
2015-06-04 01:58:00+00:00,-26.480658
2015-06-04 01:59:00+00:00,-26.495863
2015-06-04 02:00:00+00:00,-26.257591
2015-06-04 02:01:00+00:00,-25.812654
2015-06-04 02:02:00+00:00,-25.197264
2015-06-04 02:03:00+00:00,-24.674757
2015-06-04 02:04:00+00:00,-24.130388
2015-06-04 02:05:00+00:00,-23.732267
2015-06-04 02:06:00+00:00,-23.732162
2015-06-04 02:07:00+00:00,-23.720873
2015-06-04 02:08:00+00:00,-24.228283
2015-06-04 02:09:00+00:00,-24.911341
2015-06-04 02:10:00+00:00,-25.332283
2015-06-04 02:11:00+00:00,-25.280209
2015-06-04 02:12:00+00:00,-27.714132
2015-06-04 02:13:00+00:00,-27.979261
2015-06-04 02:14:00+00:00,-27.271627
2015-06-04 02:15:00+00:00,-26.539541
2015-06-04 02:16:00+00:00,-26.594414
2015-06-04 02:17:00+00:00,-26.520596
2015-06-04 02:18:00+00:00,-26.007723
2015-06-04 02:19:00+00:00,-25.422977
2015-06-04 02:20:00+00:00,-24.278284
2015-06-04 02:21:00+00:00,-23.867752
2015-06-04 02:22:00+00:00,-24.089695
2015-06-04 02:23:00+00:00,-24.362612
2015-06-04 02:24:00+00:00,-24.584589
2015-06-04 02:25:00+00:00,-24.751358
2015-06-04 02:26:00+00:00,-25.007187
2015-06-04 02:27:00+00:00,-25.117344
2015-06-04 02:28:00+00:00,-25.125769
2015-06-04 02:29:00+00:00,-25.312365
2015-06-04 02:30:00+00:00,-25.444468
2015-06-04 02:31:00+00:00,-25.68869
2015-06-04 02:32:00+00:00,-25.762798
2015-06-04 02:33:00+00:00,-25.569738
2015-06-04 02:34:00+00:00,-24.970623
2015-06-04 02:35:00+00:00,-24.37133
2015-06-04 02:36:00+00:00,-24.064829
2015-06-04 02:37:00+00:00,-24.060505
2015-06-04 02:38:00+00:00,-24.393316
2015-06-04 02:39:00+00:00,-24.9496
2015-06-04 02:40:00+00:00,-25.555134
2015-06-04 02:41:00+00:00,-26.027122
2015-06-04 02:42:00+00:00,-26.403259
2015-06-04 02:43:00+00:00,-26.578079
2015-06-04 02:44:00+00:00,-26.797279
2015-06-04 02:45:00+00:00,-26.814598
2015-06-04 02:46:00+00:00,-26.578857
2015-06-04 02:47:00+00:00,-26.074436
2015-06-11 00:00:00+00:00,-272.635284
2015-06-11 00:01:00+00:00,-273.060455
2015-06-11 00:02:00+00:00,-263.319092
2015-06-11 00:03:00+00:00,-261.773102
2015-06-11 00:04:00+00:00,-270.661163
2015-06-11 00:05:00+00:00,-267.18634
2015-06-11 00:06:00+00:00,-254.739853
2015-06-11 00:07:00+00:00,-242.578766
2015-06-11 00:08:00+00:00,-242.954453
2015-06-11 00:09:00+00:00,-243.700592
2015-06-11 00:10:00+00:00,-244.832932
2015-06-11 00:11:00+00:00,-248.083328
2015-06-11 00:12:00+00:00,-242.634216
2015-06-11 00:13:00+00:00,-234.148514
2015-06-11 00:14:00+00:00,-224.418808
2015-06-11 00:15:00+00:00,-225.090622
2015-06-11 00:16:00+00:00,-230.148529
2015-06-11 00:17:00+00:00,-233.794968
2015-06-11 00:18:00+00:00,-237.427246
2015-06-11 00:19:00+00:00,-236.389328
2015-06-11 00:20:00+00:00,-239.318161
2015-06-11 00:21:00+00:00,-239.873123
2015-06-11 00:22:00+00:00,-242.548584
2015-06-11 00:23:00+00:00,-241.640167
2015-06-11 00:24:00+00:00,-235.529984
2015-06-11 00:25:00+00:00,-239.345657
2015-06-11 00:26:00+00:00,-240.240723
2015-06-11 00:27:00+00:00,-236.634323
2015-06-11 00:28:00+00:00,-232.501312
2015-06-11 00:29:00+00:00,-223.07724
2015-06-11 00:30:00+00:00,-208.066422
2015-06-11 00:31:00+00:00,-207.125687
2015-06-11 00:32:00+00:00,-215.691086
2015-06-11 00:33:00+00:00,-225.875702
2015-06-11 00:34:00+00:00,-224.923462
2015-06-11 00:35:00+00:00,-221.238022
2015-06-11 00:36:00+00:00,-218.916687
2015-06-11 00:37:00+00:00,-224.27269
2015-06-11 00:38:00+00:00,-233.482864
2015-06-11 00:39:00+00:00,-236.015717
2015-06-11 00:40:00+00:00,-238.575577
2015-06-11 00:41:00+00:00,-237.246811
2015-06-11 00:42:00+00:00,-230.016159
2015-06-11 00:43:00+00:00,-226.965057
2015-06-11 00:44:00+00:00,-224.35228
2015-06-11 00:45:00+00:00,-225.309326
2015-06-11 00:46:00+00:00,-221.833908
2015-06-11 00:47:00+00:00,-210.978058
2015-06-11 00:48:00+00:00,-198.365356
2015-06-11 00:49:00+00:00,-192.402161
2015-06-11 00:50:00+00:00,-192.238495
2015-06-11 00:51:00+00:00,-186.353516
2015-06-11 00:52:00+00:00,-182.39679
2015-06-11 00:53:00+00:00,-176.902405
2015-06-11 00:54:00+00:00,-176.711212
2015-06-11 00:55:00+00:00,-182.336304
2015-06-11 00:56:00+00:00,-182.620483
2015-06-11 00:57:00+00:00,-182.669189
2015-06-11 00:58:00+00:00,-186.976288
2015-06-11 00:59:00+00:00,-185.108475
2015-06-11 01:00:00+00:00,-185.324417
2015-06-11 01:01:00+00:00,-182.368362
2015-06-11 01:02:00+00:00,-175.647079
2015-06-11 01:03:00+00:00,-171.911316
2015-06-11 01:04:00+00:00,-165.108475
2015-06-11 01:05:00+00:00,-163.280853
2015-06-11 01:06:00+00:00,-163.198044
2015-06-11 01:07:00+00:00,-160.041794
2015-06-11 01:08:00+00:00,-158.363556
2015-06-11 01:09:00+00:00,-158.270309
2015-06-11 01:10:00+00:00,-154.743011
2015-06-11 01:11:00+00:00,-147.170532
2015-06-11 01:12:00+00:00,-136.179077
2015-06-11 01:13:00+00:00,-137.632416
2015-06-11 01:14:00+00:00,-146.428406
2015-06-11 01:15:00+00:00,-140.685104
2015-06-11 01:16:00+00:00,-127.84272
2015-06-11 01:17:00+00:00,-126.209213
2015-06-11 01:18:00+00:00,-126.654816
2015-06-11 01:19:00+00:00,-127.24408
2015-06-11 01:20:00+00:00,-127.295288
2015-06-11 01:21:00+00:00,-123.057373
2015-06-11 01:22:00+00:00,-117.869385
2015-06-11 01:23:00+00:00,-103.032379
2015-06-11 01:24:00+00:00,-102.107483
2015-06-11 01:25:00+00:00,-107.369606
2015-06-11 01:26:00+00:00,-110.032936
2015-06-11 01:27:00+00:00,-105.847084
2015-06-11 01:28:00+00:00,-93.643112
2015-06-11 01:29:00+00:00,-86.014008
2015-06-11 01:30:00+00:00,-81.889786
2015-06-11 01:31:00+00:00,-79.598747
2015-06-11 01:32:00+00:00,-80.470787
2015-06-11 01:33:00+00:00,-82.582245
2015-06-11 01:34:00+00:00,-92.176819
2015-06-11 01:35:00+00:00,-97.515442
2015-06-11 01:36:00+00:00,-102.713776
2015-06-11 01:37:00+00:00,-101.858681
2015-06-11 01:38:00+00:00,-93.12101
2015-06-11 01:39:00+00:00,-83.456734
2015-06-11 01:40:00+00:00,-84.065002
2015-06-11 01:41:00+00:00,-116.144516
2015-06-11 01:42:00+00:00,-77.097763
2015-06-11 01:43:00+00:00,-75.637444
2015-06-11 01:44:00+00:00,-73.707916
2015-06-11 01:45:00+00:00,-72.274002
2015-06-11 01:46:00+00:00,-70.279663
2015-06-11 01:47:00+00:00,-68.013565
2015-06-11 01:48:00+00:00,-65.492043
2015-06-11 01:49:00+00:00,-62.492409
2015-06-11 01:50:00+00:00,-61.375969
2015-06-11 01:51:00+00:00,-62.816528
2015-06-11 01:52:00+00:00,-65.234962
2015-06-11 01:53:00+00:00,-65.602814
2015-06-11 01:54:00+00:00,-64.533463
2015-06-11 01:55:00+00:00,-63.54641
2015-06-11 01:56:00+00:00,-62.686554
2015-06-11 01:57:00+00:00,-64.421539
2015-06-11 01:58:00+00:00,-65.669365
2015-06-11 01:59:00+00:00,-60.530075
2015-06-11 02:00:00+00:00,-61.058647
2015-06-11 02:01:00+00:00,-62.275032
2015-06-11 02:02:00+00:00,-62.602402
2015-06-11 02:03:00+00:00,-62.338886
2015-06-11 02:04:00+00:00,-62.121372
2015-06-11 02:05:00+00:00,-61.58773
2015-06-11 02:06:00+00:00,-61.416851
2015-06-11 02:07:00+00:00,-61.259296
2015-06-11 02:08:00+00:00,-64.793404
2015-06-11 02:09:00+00:00,-63.783508
2015-06-11 02:10:00+00:00,-58.775726
2015-06-11 02:11:00+00:00,-53.770042
2015-06-11 02:12:00+00:00,-50.935173
2015-06-11 02:13:00+00:00,-51.623627
2015-06-11 02:14:00+00:00,-59.787312
2015-06-11 02:15:00+00:00,-51.360214
2015-06-11 02:16:00+00:00,-46.609371
2015-06-11 02:17:00+00:00,-51.061321
2015-06-11 02:18:00+00:00,-50.370472
2015-06-11 02:19:00+00:00,-52.168377
2015-06-11 02:20:00+00:00,-56.424553
2015-06-11 02:21:00+00:00,-57.996326
2015-06-11 02:22:00+00:00,-57.756882
2015-06-11 02:23:00+00:00,-63.32032
2015-06-11 02:24:00+00:00,-68.953827
2015-06-11 02:25:00+00:00,-65.64389
2015-06-11 02:26:00+00:00,-61.545738
2015-06-11 02:27:00+00:00,-61.412285
2015-06-11 02:28:00+00:00,-60.599937
2015-06-11 02:29:00+00:00,-59.562767
2015-06-11 02:30:00+00:00,-58.620079
2015-06-11 02:31:00+00:00,-64.05986
2015-06-11 02:32:00+00:00,-72.044525
2015-06-11 02:33:00+00:00,-72.250916
2015-06-11 02:34:00+00:00,-61.642647
2015-06-11 02:35:00+00:00,-50.603268
2015-06-11 02:36:00+00:00,-52.676476
2015-06-11 02:37:00+00:00,-46.927452
2015-06-11 02:38:00+00:00,-49.759109
2015-06-11 02:39:00+00:00,-68.839157
2015-06-11 02:40:00+00:00,-77.923195
2015-06-11 02:41:00+00:00,-84.00824
2015-06-11 02:42:00+00:00,-91.098122
2015-06-11 02:43:00+00:00,-94.830612
2015-06-11 02:44:00+00:00,-91.382301
2015-06-11 02:45:00+00:00,-89.786011
2015-06-11 02:46:00+00:00,-91.492424
2015-06-11 02:47:00+00:00,-96.596046
2015-06-18 00:00:00+00:00,-46.56078
2015-06-18 00:01:00+00:00,-44.69355
2015-06-18 00:02:00+00:00,-41.703655
2015-06-18 00:03:00+00:00,-39.950874
2015-06-18 00:04:00+00:00,-40.598633
2015-06-18 00:05:00+00:00,-39.005463
2015-06-18 00:06:00+00:00,-36.586372
2015-06-18 00:07:00+00:00,-34.81007
2015-06-18 00:08:00+00:00,-37.142437
2015-06-18 00:09:00+00:00,-40.80978
2015-06-18 00:10:00+00:00,-43.487953
2015-06-18 00:11:00+00:00,-43.981594
2015-06-18 00:12:00+00:00,-43.515259
2015-06-18 00:13:00+00:00,-43.223766
2015-06-18 00:14:00+00:00,-43.387447
2015-06-18 00:15:00+00:00,-44.088161
2015-06-18 00:16:00+00:00,-44.351154
2015-06-18 00:17:00+00:00,-43.12001
2015-06-18 00:18:00+00:00,-40.537613
2015-06-18 00:19:00+00:00,-41.478413
2015-06-18 00:20:00+00:00,-41.204605
2015-06-18 00:21:00+00:00,-41.827957
2015-06-18 00:22:00+00:00,-39.441704
2015-06-18 00:23:00+00:00,-40.553009
2015-06-18 00:24:00+00:00,-39.409512
2015-06-18 00:25:00+00:00,-37.485065
2015-06-18 00:26:00+00:00,-35.121979
2015-06-18 00:27:00+00:00,-34.813614
2015-06-18 00:28:00+00:00,-35.272045
2015-06-18 00:29:00+00:00,-36.371418
2015-06-18 00:30:00+00:00,-38.100471
2015-06-18 00:31:00+00:00,-39.742867
2015-06-18 00:32:00+00:00,-41.205418
2015-06-18 00:33:00+00:00,-42.00555
2015-06-18 00:34:00+00:00,-41.325302
2015-06-18 00:35:00+00:00,-40.419941
2015-06-18 00:36:00+00:00,-41.390438
2015-06-18 00:37:00+00:00,-43.642773
2015-06-18 00:38:00+00:00,-49.650585
2015-06-18 00:39:00+00:00,-48.704002
2015-06-18 00:40:00+00:00,-49.748554
2015-06-18 00:41:00+00:00,-45.667309
2015-06-18 00:42:00+00:00,-43.738888
2015-06-18 00:43:00+00:00,-51.667023
2015-06-18 00:44:00+00:00,-59.661705
2015-06-18 00:45:00+00:00,-63.599018
2015-06-18 00:46:00+00:00,-59.52747
2015-06-18 00:47:00+00:00,-89.900497
2015-06-18 00:48:00+00:00,-93.607491
2015-06-18 00:49:00+00:00,-72.017914
2015-06-18 00:50:00+00:00,-50.946301
2015-06-18 00:51:00+00:00,-53.374138
2015-06-18 00:52:00+00:00,-52.549137
2015-06-18 00:53:00+00:00,-50.805401
2015-06-18 00:54:00+00:00,-63.747894
2015-06-18 00:55:00+00:00,-86.672943
2015-06-18 00:56:00+00:00,-80.514328
2015-06-18 00:57:00+00:00,-64.625648
2015-06-18 00:58:00+00:00,-70.529015
2015-06-18 00:59:00+00:00,-81.77359
2015-06-18 01:00:00+00:00,-89.760559
2015-06-18 01:01:00+00:00,-93.694885
2015-06-18 01:02:00+00:00,-99.595802
2015-06-18 01:03:00+00:00,-109.442467
2015-06-18 01:04:00+00:00,-100.486588
2015-06-18 01:05:00+00:00,-104.774193
2015-06-18 01:06:00+00:00,-106.635521
2015-06-18 01:07:00+00:00,-107.487495
2015-06-18 01:08:00+00:00,-123.31163
2015-06-18 01:09:00+00:00,-119.18177
2015-06-18 01:10:00+00:00,-118.944313
2015-06-18 01:11:00+00:00,-122.089188
2015-06-18 01:12:00+00:00,-123.889366
2015-06-18 01:13:00+00:00,-126.334038
2015-06-18 01:14:00+00:00,-127.183853
2015-06-18 01:15:00+00:00,-125.865509
2015-06-18 01:16:00+00:00,-123.995087
2015-06-18 01:17:00+00:00,-123.994499
2015-06-18 01:18:00+00:00,-124.409508
2015-06-18 01:19:00+00:00,-124.100388
2015-06-18 01:20:00+00:00,-124.906906
2015-06-18 01:21:00+00:00,-124.92762
2015-06-18 01:22:00+00:00,-123.429054
2015-06-18 01:23:00+00:00,-122.988304
2015-06-18 01:24:00+00:00,-122.232208
2015-06-18 01:25:00+00:00,-121.568909
2015-06-18 01:26:00+00:00,-121.41478
2015-06-18 01:27:00+00:00,-120.200104
2015-06-18 01:28:00+00:00,-119.326469
2015-06-18 01:29:00+00:00,-120.997482
2015-06-18 01:30:00+00:00,-124.666199
2015-06-18 01:31:00+00:00,-126.668549
2015-06-18 01:32:00+00:00,-128.0103
2015-06-18 01:33:00+00:00,-128.508698
2015-06-18 01:34:00+00:00,-128.812057
2015-06-18 01:35:00+00:00,-132.296204
2015-06-18 01:36:00+00:00,-138.588959
2015-06-18 01:37:00+00:00,-143.701889
2015-06-18 01:38:00+00:00,-146.157608
2015-06-18 01:39:00+00:00,-147.474991
2015-06-18 01:40:00+00:00,-149.969589
2015-06-18 01:41:00+00:00,-149.02507
2015-06-18 01:42:00+00:00,-149.1745
2015-06-18 01:43:00+00:00,-149.585709
2015-06-18 01:44:00+00:00,-148.732208
2015-06-18 01:45:00+00:00,-148.325775
2015-06-18 01:46:00+00:00,-146.267914
2015-06-18 01:47:00+00:00,-144.933289
2015-06-18 01:48:00+00:00,-145.816147
2015-06-18 01:49:00+00:00,-148.795395
2015-06-18 01:50:00+00:00,-156.71759
2015-06-18 01:51:00+00:00,-166.295486
2015-06-18 01:52:00+00:00,-173.255508
2015-06-18 01:53:00+00:00,-174.688416
2015-06-18 01:54:00+00:00,-171.380035
2015-06-18 01:55:00+00:00,-169.996323
2015-06-18 01:56:00+00:00,-168.021545
2015-06-18 01:57:00+00:00,-169.122025
2015-06-18 01:58:00+00:00,-174.553757
2015-06-18 01:59:00+00:00,-173.600159
2015-06-18 02:00:00+00:00,-169.872528
2015-06-18 02:01:00+00:00,-166.548462
2015-06-18 02:02:00+00:00,-159.606247
2015-06-18 02:03:00+00:00,-152.413177
2015-06-18 02:04:00+00:00,-151.38829
2015-06-18 02:05:00+00:00,-146.386078
2015-06-18 02:06:00+00:00,-139.53418
2015-06-18 02:07:00+00:00,-139.204498
2015-06-18 02:08:00+00:00,-140.038956
2015-06-18 02:09:00+00:00,-141.862854
2015-06-18 02:10:00+00:00,-140.685043
2015-06-18 02:11:00+00:00,-135.516342
2015-06-18 02:12:00+00:00,-141.343201
2015-06-18 02:13:00+00:00,-152.160858
2015-06-18 02:14:00+00:00,-153.939499
2015-06-18 02:15:00+00:00,-173.106705
2015-06-18 02:16:00+00:00,-187.335098
2015-06-18 02:17:00+00:00,-191.228622
2015-06-18 02:18:00+00:00,-197.622101
2015-06-18 02:19:00+00:00,-205.197235
2015-06-18 02:20:00+00:00,-267.251892
2015-06-18 02:21:00+00:00,-331.832642
2015-06-18 02:22:00+00:00,-270.676819
2015-06-18 02:23:00+00:00,-335.123962
2015-06-18 02:24:00+00:00,-336.320343
2015-06-18 02:25:00+00:00,-337.101471
2015-06-18 02:26:00+00:00,-331.926544
2015-06-18 02:27:00+00:00,-319.051025
2015-06-18 02:28:00+00:00,-353.338654
2015-06-18 02:29:00+00:00,-297.695282
2015-06-18 02:30:00+00:00,-322.453369
2015-06-18 02:31:00+00:00,-311.894745
2015-06-18 02:32:00+00:00,-316.693024
2015-06-18 02:33:00+00:00,-318.341217
2015-06-18 02:34:00+00:00,-319.134216
2015-06-18 02:35:00+00:00,-315.694214
2015-06-18 02:36:00+00:00,-305.824097
2015-06-18 02:37:00+00:00,-302.434113
2015-06-18 02:38:00+00:00,-298.142303
2015-06-18 02:39:00+00:00,-292.492218
2015-06-18 02:40:00+00:00,-280.507172
2015-06-18 02:41:00+00:00,-279.262451
2015-06-18 02:42:00+00:00,-278.592224
2015-06-18 02:43:00+00:00,-268.417419
2015-06-18 02:44:00+00:00,-262.541412
2015-06-18 02:45:00+00:00,-258.054474
2015-06-18 02:46:00+00:00,-257.90094
2015-06-18 02:47:00+00:00,-259.988708
2015-06-25 00:00:00+00:00,-52.734337
2015-06-25 00:01:00+00:00,-53.100811
2015-06-25 00:02:00+00:00,-54.137604
2015-06-25 00:03:00+00:00,-55.070641
2015-06-25 00:04:00+00:00,-55.865704
2015-06-25 00:05:00+00:00,-55.958328
2015-06-25 00:06:00+00:00,-57.970268
2015-06-25 00:07:00+00:00,-60.06863
2015-06-25 00:08:00+00:00,-62.173576
2015-06-25 00:09:00+00:00,-64.306
2015-06-25 00:10:00+00:00,-65.455009
2015-06-25 00:11:00+00:00,-65.606842
2015-06-25 00:12:00+00:00,-65.759918
2015-06-25 00:13:00+00:00,-65.95858
2015-06-25 00:14:00+00:00,-66.130447
2015-06-25 00:15:00+00:00,-66.275902
2015-06-25 00:16:00+00:00,-63.412479
2015-06-25 00:17:00+00:00,-63.393757
2015-06-25 00:18:00+00:00,-65.791985
2015-06-25 00:19:00+00:00,-67.896492
2015-06-25 00:20:00+00:00,-67.963196
2015-06-25 00:21:00+00:00,-67.508759
2015-06-25 00:22:00+00:00,-66.491257
2015-06-25 00:23:00+00:00,-65.139771
2015-06-25 00:24:00+00:00,-64.674828
2015-06-25 00:25:00+00:00,-67.645271
2015-06-25 00:26:00+00:00,-70.205246
2015-06-25 00:27:00+00:00,-72.111092
2015-06-25 00:28:00+00:00,-68.305939
2015-06-25 00:29:00+00:00,-70.393959
2015-06-25 00:30:00+00:00,-66.851074
2015-06-25 00:31:00+00:00,-76.210556
2015-06-25 00:32:00+00:00,-83.63868
2015-06-25 00:33:00+00:00,-60.771034
2015-06-25 00:34:00+00:00,-62.157059
2015-06-25 00:35:00+00:00,-75.785461
2015-06-25 00:36:00+00:00,-96.056343
2015-06-25 00:37:00+00:00,-100.913834
2015-06-25 00:38:00+00:00,-76.01088
2015-06-25 00:39:00+00:00,-102.279961
2015-06-25 00:40:00+00:00,-76.205276
2015-06-25 00:41:00+00:00,-106.581299
2015-06-25 00:42:00+00:00,-64.125465
2015-06-25 00:43:00+00:00,-62.241268
2015-06-25 00:44:00+00:00,-73.316147
2015-06-25 00:45:00+00:00,-63.62999
2015-06-25 00:46:00+00:00,-58.683762
2015-06-25 00:47:00+00:00,-59.711323
2015-06-25 00:48:00+00:00,-62.442444
2015-06-25 00:49:00+00:00,-65.702988
2015-06-25 00:50:00+00:00,-67.778992
2015-06-25 00:51:00+00:00,-67.812958
2015-06-25 00:52:00+00:00,-74.500198
2015-06-25 00:53:00+00:00,-77.896156
2015-06-25 00:54:00+00:00,-68.19133
2015-06-25 00:55:00+00:00,-66.736557
2015-06-25 00:56:00+00:00,-69.153778
2015-06-25 00:57:00+00:00,-77.641762
2015-06-25 00:58:00+00:00,-83.761925
2015-06-25 00:59:00+00:00,-81.955353
2015-06-25 01:00:00+00:00,-71.016945
2015-06-25 01:01:00+00:00,-68.526215
2015-06-25 01:02:00+00:00,-71.0606
2015-06-25 01:03:00+00:00,-65.063416
2015-06-25 01:04:00+00:00,-60.326073
2015-06-25 01:05:00+00:00,-60.330742
2015-06-25 01:06:00+00:00,-58.418644
2015-06-25 01:07:00+00:00,-62.504547
2015-06-25 01:08:00+00:00,-58.197918
2015-06-25 01:09:00+00:00,-59.890366
2015-06-25 01:10:00+00:00,-61.764885
2015-06-25 01:11:00+00:00,-63.822899
2015-06-25 01:12:00+00:00,-63.685989
2015-06-25 01:13:00+00:00,-63.00045
2015-06-25 01:14:00+00:00,-64.996719
2015-06-25 01:15:00+00:00,-66.132797
2015-06-25 01:16:00+00:00,-64.527901
2015-06-25 01:17:00+00:00,-63.833332
2015-06-25 01:18:00+00:00,-92.920525
2015-06-25 01:19:00+00:00,-89.902466
2015-06-25 01:20:00+00:00,-61.578403
2015-06-25 01:21:00+00:00,-92.947495
2015-06-25 01:22:00+00:00,-78.473885
2015-06-25 01:23:00+00:00,-79.640984
2015-06-25 01:24:00+00:00,-74.907707
2015-06-25 01:25:00+00:00,-77.8899
2015-06-25 01:26:00+00:00,-85.628723
2015-06-25 01:27:00+00:00,-84.185791
2015-06-25 01:28:00+00:00,-78.10025
2015-06-25 01:29:00+00:00,-90.089996
2015-06-25 01:30:00+00:00,-98.334801
2015-06-25 01:31:00+00:00,-87.9879
2015-06-25 01:32:00+00:00,-88.876686
2015-06-25 01:33:00+00:00,-88.069969
2015-06-25 01:34:00+00:00,-84.287651
2015-06-25 01:35:00+00:00,-80.035774
2015-06-25 01:36:00+00:00,-74.87603
2015-06-25 01:37:00+00:00,-76.866219
2015-06-25 01:38:00+00:00,-79.54348
2015-06-25 01:39:00+00:00,-74.817421
2015-06-25 01:40:00+00:00,-78.521118
2015-06-25 01:41:00+00:00,-79.630348
2015-06-25 01:42:00+00:00,-79.649353
2015-06-25 01:43:00+00:00,-84.655807
2015-06-25 01:44:00+00:00,-87.130844
2015-06-25 01:45:00+00:00,-90.351921
2015-06-25 01:46:00+00:00,-95.545975
2015-06-25 01:47:00+00:00,-92.939667
2015-06-25 01:48:00+00:00,-93.012848
2015-06-25 01:49:00+00:00,-94.265633
2015-06-25 01:50:00+00:00,-94.079468
2015-06-25 01:51:00+00:00,-86.769913
2015-06-25 01:52:00+00:00,-77.69352
2015-06-25 01:53:00+00:00,-76.331833
2015-06-25 01:54:00+00:00,-77.847145
2015-06-25 01:55:00+00:00,-78.412849
2015-06-25 01:56:00+00:00,-76.950447
2015-06-25 01:57:00+00:00,-72.478119
2015-06-25 01:58:00+00:00,-65.55751
2015-06-25 01:59:00+00:00,-61.664303
2015-06-25 02:00:00+00:00,-61.457314
2015-06-25 02:01:00+00:00,-63.730663
2015-06-25 02:02:00+00:00,-62.891602
2015-06-25 02:03:00+00:00,-64.01355
2015-06-25 02:04:00+00:00,-62.299591
2015-06-25 02:05:00+00:00,-56.567242
2015-06-25 02:06:00+00:00,-53.682625
2015-06-25 02:07:00+00:00,-55.27832
2015-06-25 02:08:00+00:00,-60.180706
2015-06-25 02:09:00+00:00,-57.750294
2015-06-25 02:10:00+00:00,-52.056992
2015-06-25 02:11:00+00:00,-61.889366
2015-06-25 02:12:00+00:00,-59.824944
2015-06-25 02:13:00+00:00,-58.127754
2015-06-25 02:14:00+00:00,-61.0998
2015-06-25 02:15:00+00:00,-62.505936
2015-06-25 02:16:00+00:00,-50.347847
2015-06-25 02:17:00+00:00,-54.52319
2015-06-25 02:18:00+00:00,-51.095505
2015-06-25 02:19:00+00:00,-53.780693
2015-06-25 02:20:00+00:00,-57.991138
2015-06-25 02:21:00+00:00,-57.975716
2015-06-25 02:22:00+00:00,-62.79845
2015-06-25 02:23:00+00:00,-71.409317
2015-06-25 02:24:00+00:00,-73.433731
2015-06-25 02:25:00+00:00,-67.618423
2015-06-25 02:26:00+00:00,-68.223045
2015-06-25 02:27:00+00:00,-68.343193
2015-06-25 02:28:00+00:00,-67.664291
2015-06-25 02:29:00+00:00,-63.659275
2015-06-25 02:30:00+00:00,-66.300507
2015-06-25 02:31:00+00:00,-69.591431
2015-06-25 02:32:00+00:00,-69.455933
2015-06-25 02:33:00+00:00,-76.047417
2015-06-25 02:34:00+00:00,-83.119797
2015-06-25 02:35:00+00:00,-87.151604
2015-06-25 02:36:00+00:00,-89.486618
2015-06-25 02:37:00+00:00,-92.202011
2015-06-25 02:38:00+00:00,-96.575562
2015-06-25 02:39:00+00:00,-98.349548
2015-06-25 02:40:00+00:00,-97.806717
2015-06-25 02:41:00+00:00,-102.695114
2015-06-25 02:42:00+00:00,-109.65834
2015-06-25 02:43:00+00:00,-114.701286
2015-06-25 02:44:00+00:00,-117.932381
2015-06-25 02:45:00+00:00,-113.443428
2015-06-25 02:46:00+00:00,-104.548798
2015-06-25 02:47:00+00:00,-97.699852
2015-07-02 00:00:00+00:00,-80.810341
2015-07-02 00:01:00+00:00,-82.413406
2015-07-02 00:02:00+00:00,-84.942879
2015-07-02 00:03:00+00:00,-86.156326
2015-07-02 00:04:00+00:00,-88.51474
2015-07-02 00:05:00+00:00,-90.459557
2015-07-02 00:06:00+00:00,-90.7789
2015-07-02 00:07:00+00:00,-90.878082
2015-07-02 00:08:00+00:00,-90.234528
2015-07-02 00:09:00+00:00,-90.496063
2015-07-02 00:10:00+00:00,-90.818817
2015-07-02 00:11:00+00:00,-90.899101
2015-07-02 00:12:00+00:00,-89.894196
2015-07-02 00:13:00+00:00,-89.215256
2015-07-02 00:14:00+00:00,-89.416046
2015-07-02 00:15:00+00:00,-89.285652
2015-07-02 00:16:00+00:00,-89.29583
2015-07-02 00:17:00+00:00,-88.654602
2015-07-02 00:18:00+00:00,-88.686226
2015-07-02 00:19:00+00:00,-88.968857
2015-07-02 00:20:00+00:00,-89.268166
2015-07-02 00:21:00+00:00,-87.964073
2015-07-02 00:22:00+00:00,-86.777321
2015-07-02 00:23:00+00:00,-86.667175
2015-07-02 00:24:00+00:00,-88.200607
2015-07-02 00:25:00+00:00,-88.972588
2015-07-02 00:26:00+00:00,-90.235115
2015-07-02 00:27:00+00:00,-90.091736
2015-07-02 00:28:00+00:00,-89.596207
2015-07-02 00:29:00+00:00,-88.6968
2015-07-02 00:30:00+00:00,-87.335953
2015-07-02 00:31:00+00:00,-86.304146
2015-07-02 00:32:00+00:00,-83.432205
2015-07-02 00:33:00+00:00,-82.357361
2015-07-02 00:34:00+00:00,-81.356941
2015-07-02 00:35:00+00:00,-81.164322
2015-07-02 00:36:00+00:00,-79.343964
2015-07-02 00:37:00+00:00,-78.903641
2015-07-02 00:38:00+00:00,-79.043381
2015-07-02 00:39:00+00:00,-79.735229
2015-07-02 00:40:00+00:00,-79.603958
2015-07-02 00:41:00+00:00,-79.305801
2015-07-02 00:42:00+00:00,-78.595642
2015-07-02 00:43:00+00:00,-78.422676
2015-07-02 00:44:00+00:00,-77.963654
2015-07-02 00:45:00+00:00,-77.384575
2015-07-02 00:46:00+00:00,-76.767532
2015-07-02 00:47:00+00:00,-76.908287
2015-07-02 00:48:00+00:00,-78.357658
2015-07-02 00:49:00+00:00,-79.50528
2015-07-02 00:50:00+00:00,-81.603088
2015-07-02 00:51:00+00:00,-82.753616
2015-07-02 00:52:00+00:00,-83.654106
2015-07-02 00:53:00+00:00,-82.807762
2015-07-02 00:54:00+00:00,-82.501152
2015-07-02 00:55:00+00:00,-82.102669
2015-07-02 00:56:00+00:00,-82.574219
2015-07-02 00:57:00+00:00,-82.070084
2015-07-02 00:58:00+00:00,-81.909592
2015-07-02 00:59:00+00:00,-81.243118
2015-07-02 01:00:00+00:00,-80.26889
2015-07-02 01:01:00+00:00,-79.038383
2015-07-02 01:02:00+00:00,-78.591881
2015-07-02 01:03:00+00:00,-77.581161
2015-07-02 01:04:00+00:00,-76.981789
2015-07-02 01:05:00+00:00,-76.459732
2015-07-02 01:06:00+00:00,-76.37825
2015-07-02 01:07:00+00:00,-76.924812
2015-07-02 01:08:00+00:00,-77.929207
2015-07-02 01:09:00+00:00,-78.602867
2015-07-02 01:10:00+00:00,-78.261902
2015-07-02 01:11:00+00:00,-77.928726
2015-07-02 01:12:00+00:00,-77.935341
2015-07-02 01:13:00+00:00,-77.632301
2015-07-02 01:14:00+00:00,-77.376999
2015-07-02 01:15:00+00:00,-75.780731
2015-07-02 01:16:00+00:00,-74.960609
2015-07-02 01:17:00+00:00,-75.654984
2015-07-02 01:18:00+00:00,-76.957512
2015-07-02 01:19:00+00:00,-76.692375
2015-07-02 01:20:00+00:00,-75.199394
2015-07-02 01:21:00+00:00,-74.899429
2015-07-02 01:22:00+00:00,-74.388153
2015-07-02 01:23:00+00:00,-74.430275
2015-07-02 01:24:00+00:00,-74.710159
2015-07-02 01:25:00+00:00,-75.733719
2015-07-02 01:26:00+00:00,-78.599541
2015-07-02 01:27:00+00:00,-80.811508
2015-07-02 01:28:00+00:00,-80.257278
2015-07-02 01:29:00+00:00,-81.176086
2015-07-02 01:30:00+00:00,-81.239769
2015-07-02 01:31:00+00:00,-82.010345
2015-07-02 01:32:00+00:00,-82.116623
2015-07-02 01:33:00+00:00,-81.255051
2015-07-02 01:34:00+00:00,-79.960732
2015-07-02 01:35:00+00:00,-77.881111
2015-07-02 01:36:00+00:00,-78.09819
2015-07-02 01:37:00+00:00,-79.303329
2015-07-02 01:38:00+00:00,-80.878723
2015-07-02 01:39:00+00:00,-83.533554
2015-07-02 01:40:00+00:00,-85.092377
2015-07-02 01:41:00+00:00,-83.712372
2015-07-02 01:42:00+00:00,-83.221649
2015-07-02 01:43:00+00:00,-85.417046
2015-07-02 01:44:00+00:00,-85.613953
2015-07-02 01:45:00+00:00,-83.630699
2015-07-02 01:46:00+00:00,-84.074219
2015-07-02 01:47:00+00:00,-85.809669
2015-07-02 01:48:00+00:00,-85.281853
2015-07-02 01:49:00+00:00,-83.518097
2015-07-02 01:50:00+00:00,-81.395302
2015-07-02 01:51:00+00:00,-81.387085
2015-07-02 01:52:00+00:00,-80.984612
2015-07-02 01:53:00+00:00,-82.557579
2015-07-02 01:54:00+00:00,-81.971992
2015-07-02 01:55:00+00:00,-82.014351
2015-07-02 01:56:00+00:00,-81.328201
2015-07-02 01:57:00+00:00,-78.307014
2015-07-02 01:58:00+00:00,-77.853806
2015-07-02 01:59:00+00:00,-78.724869
2015-07-02 02:00:00+00:00,-79.832291
2015-07-02 02:01:00+00:00,-79.909546
2015-07-02 02:02:00+00:00,-79.687828
2015-07-02 02:03:00+00:00,-78.729027
2015-07-02 02:04:00+00:00,-77.996094
2015-07-02 02:05:00+00:00,-78.345505
2015-07-02 02:06:00+00:00,-80.416962
2015-07-02 02:07:00+00:00,-82.840393
2015-07-02 02:08:00+00:00,-82.626091
2015-07-02 02:09:00+00:00,-79.562195
2015-07-02 02:10:00+00:00,-76.561348
2015-07-02 02:11:00+00:00,-75.862862
2015-07-02 02:12:00+00:00,-76.410141
2015-07-02 02:13:00+00:00,-77.235458
2015-07-02 02:14:00+00:00,-77.54393
2015-07-02 02:15:00+00:00,-76.80925
2015-07-02 02:16:00+00:00,-75.971329
2015-07-02 02:17:00+00:00,-75.500549
2015-07-02 02:18:00+00:00,-76.175102
2015-07-02 02:19:00+00:00,-75.932938
2015-07-02 02:20:00+00:00,-74.830704
2015-07-02 02:21:00+00:00,-76.698463
2015-07-02 02:22:00+00:00,-75.198334
2015-07-02 02:23:00+00:00,-72.669701
2015-07-02 02:24:00+00:00,-74.048706
2015-07-02 02:25:00+00:00,-74.396744
2015-07-02 02:26:00+00:00,-73.155258
2015-07-02 02:27:00+00:00,-71.465912
2015-07-02 02:28:00+00:00,-71.190063
2015-07-02 02:29:00+00:00,-72.708626
2015-07-02 02:30:00+00:00,-73.28141
2015-07-02 02:31:00+00:00,-72.774857
2015-07-02 02:32:00+00:00,-71.275528
2015-07-02 02:33:00+00:00,-69.252701
2015-07-02 02:34:00+00:00,-69.033539
2015-07-02 02:35:00+00:00,-70.89444
2015-07-02 02:36:00+00:00,-73.880341
2015-07-02 02:37:00+00:00,-73.842819
2015-07-02 02:38:00+00:00,-71.430832
2015-07-02 02:39:00+00:00,-70.565376
2015-07-02 02:40:00+00:00,-71.938766
2015-07-02 02:41:00+00:00,-71.720139
2015-07-02 02:42:00+00:00,-73.036491
2015-07-02 02:43:00+00:00,-73.330521
2015-07-02 02:44:00+00:00,-73.2575
2015-07-02 02:45:00+00:00,-73.858482
2015-07-02 02:46:00+00:00,-74.771706
2015-07-02 02:47:00+00:00,-74.563507
2015-07-09 00:00:00+00:00,-82.27005
2015-07-09 00:01:00+00:00,-81.099319
2015-07-09 00:02:00+00:00,-84.712509
2015-07-09 00:03:00+00:00,-83.948586
2015-07-09 00:04:00+00:00,-84.619202
2015-07-09 00:05:00+00:00,-86.360222
2015-07-09 00:06:00+00:00,-89.278198
2015-07-09 00:07:00+00:00,-88.103714
2015-07-09 00:08:00+00:00,-87.034988
2015-07-09 00:09:00+00:00,-85.214088
2015-07-09 00:10:00+00:00,-84.770821
2015-07-09 00:11:00+00:00,-85.217995
2015-07-09 00:12:00+00:00,-84.909248
2015-07-09 00:13:00+00:00,-84.993134
2015-07-09 00:14:00+00:00,-86.023483
2015-07-09 00:15:00+00:00,-86.290695
2015-07-09 00:16:00+00:00,-87.577667
2015-07-09 00:17:00+00:00,-87.377869
2015-07-09 00:18:00+00:00,-88.94043
2015-07-09 00:19:00+00:00,-88.603371
2015-07-09 00:20:00+00:00,-87.437119
2015-07-09 00:21:00+00:00,-88.034554
2015-07-09 00:22:00+00:00,-87.060844
2015-07-09 00:23:00+00:00,-88.298279
2015-07-09 00:24:00+00:00,-87.871201
2015-07-09 00:25:00+00:00,-87.771774
2015-07-09 00:26:00+00:00,-86.423943
2015-07-09 00:27:00+00:00,-87.024109
2015-07-09 00:28:00+00:00,-87.710091
2015-07-09 00:29:00+00:00,-88.293526
2015-07-09 00:30:00+00:00,-90.563332
2015-07-09 00:31:00+00:00,-90.336967
2015-07-09 00:32:00+00:00,-88.728699
2015-07-09 00:33:00+00:00,-87.884041
2015-07-09 00:34:00+00:00,-90.785439
2015-07-09 00:35:00+00:00,-91.452423
2015-07-09 00:36:00+00:00,-90.568604
2015-07-09 00:37:00+00:00,-91.975784
2015-07-09 00:38:00+00:00,-91.775948
2015-07-09 00:39:00+00:00,-94.472275
2015-07-09 00:40:00+00:00,-99.3815
2015-07-09 00:41:00+00:00,-104.461647
2015-07-09 00:42:00+00:00,-105.685387
2015-07-09 00:43:00+00:00,-102.381821
2015-07-09 00:44:00+00:00,-97.204285
2015-07-09 00:45:00+00:00,-94.651863
2015-07-09 00:46:00+00:00,-93.266541
2015-07-09 00:47:00+00:00,-91.231888
2015-07-09 00:48:00+00:00,-90.471741
2015-07-09 00:49:00+00:00,-87.890404
2015-07-09 00:50:00+00:00,-88.873634
2015-07-09 00:51:00+00:00,-87.797409
2015-07-09 00:52:00+00:00,-86.176392
2015-07-09 00:53:00+00:00,-83.784805
2015-07-09 00:54:00+00:00,-80.459099
2015-07-09 00:55:00+00:00,-75.455811
2015-07-09 00:56:00+00:00,-70.247612
2015-07-09 00:57:00+00:00,-64.282761
2015-07-09 00:58:00+00:00,-59.956772
2015-07-09 00:59:00+00:00,-55.677856
2015-07-09 01:00:00+00:00,-54.384933
2015-07-09 01:01:00+00:00,-49.434101
2015-07-09 01:02:00+00:00,-50.408043
2015-07-09 01:03:00+00:00,-49.856464
2015-07-09 01:04:00+00:00,-48.840809
2015-07-09 01:05:00+00:00,-47.086563
2015-07-09 01:06:00+00:00,-42.649303
2015-07-09 01:07:00+00:00,-41.156868
2015-07-09 01:08:00+00:00,-40.389748
2015-07-09 01:09:00+00:00,-40.874664
2015-07-09 01:10:00+00:00,-41.93792
2015-07-09 01:11:00+00:00,-44.772778
2015-07-09 01:12:00+00:00,-48.717037
2015-07-09 01:13:00+00:00,-53.401466
2015-07-09 01:14:00+00:00,-55.773243
2015-07-09 01:15:00+00:00,-58.228691
2015-07-09 01:16:00+00:00,-60.925148
2015-07-09 01:17:00+00:00,-59.076252
2015-07-09 01:18:00+00:00,-58.88113
2015-07-09 01:19:00+00:00,-56.557461
2015-07-09 01:20:00+00:00,-55.951836
2015-07-09 01:21:00+00:00,-55.276073
2015-07-09 01:22:00+00:00,-54.252743
2015-07-09 01:23:00+00:00,-57.870491
2015-07-09 01:24:00+00:00,-60.074654
2015-07-09 01:25:00+00:00,-62.865536
2015-07-09 01:26:00+00:00,-62.731331
2015-07-09 01:27:00+00:00,-61.861404
2015-07-09 01:28:00+00:00,-65.955856
2015-07-09 01:29:00+00:00,-67.037048
2015-07-09 01:30:00+00:00,-64.545135
2015-07-09 01:31:00+00:00,-65.849823
2015-07-09 01:32:00+00:00,-66.213531
2015-07-09 01:33:00+00:00,-65.117584
2015-07-09 01:34:00+00:00,-71.397774
2015-07-09 01:35:00+00:00,-68.807869
2015-07-09 01:36:00+00:00,-69.948318
2015-07-09 01:37:00+00:00,-70.785789
2015-07-09 01:38:00+00:00,-71.416344
2015-07-09 01:39:00+00:00,-71.966843
2015-07-09 01:40:00+00:00,-72.044991
2015-07-09 01:41:00+00:00,-70.588165
2015-07-09 01:42:00+00:00,-70.563995
2015-07-09 01:43:00+00:00,-71.060234
2015-07-09 01:44:00+00:00,-71.28183
2015-07-09 01:45:00+00:00,-72.353554
2015-07-09 01:46:00+00:00,-69.337982
2015-07-09 01:47:00+00:00,-71.583473
2015-07-09 01:48:00+00:00,-70.238335
2015-07-09 01:49:00+00:00,-69.838562
2015-07-09 01:50:00+00:00,-74.736557
2015-07-09 01:51:00+00:00,-71.664612
2015-07-09 01:52:00+00:00,-70.468277
2015-07-09 01:53:00+00:00,-74.073349
2015-07-09 01:54:00+00:00,-71.53508
2015-07-09 01:55:00+00:00,-74.182564
2015-07-09 01:56:00+00:00,-72.06546
2015-07-09 01:57:00+00:00,-71.955132
2015-07-09 01:58:00+00:00,-71.533073
2015-07-09 01:59:00+00:00,-67.972
2015-07-09 02:00:00+00:00,-68.284576
2015-07-09 02:01:00+00:00,-70.513725
2015-07-09 02:02:00+00:00,-70.991676
2015-07-09 02:03:00+00:00,-71.121635
2015-07-09 02:04:00+00:00,-68.066589
2015-07-09 02:05:00+00:00,-74.489502
2015-07-09 02:06:00+00:00,-71.937157
2015-07-09 02:07:00+00:00,-73.280525
2015-07-09 02:08:00+00:00,-75.962334
2015-07-09 02:09:00+00:00,-77.187668
2015-07-09 02:10:00+00:00,-77.751762
2015-07-09 02:11:00+00:00,-80.685745
2015-07-09 02:12:00+00:00,-81.129173
2015-07-09 02:13:00+00:00,-82.030167
2015-07-09 02:14:00+00:00,-84.151321
2015-07-09 02:15:00+00:00,-82.705978
2015-07-09 02:16:00+00:00,-81.968307
2015-07-09 02:17:00+00:00,-87.316673
2015-07-09 02:18:00+00:00,-84.926758
2015-07-09 02:19:00+00:00,-83.330681
2015-07-09 02:20:00+00:00,-83.791031
2015-07-09 02:21:00+00:00,-80.613358
2015-07-09 02:22:00+00:00,-80.558296
2015-07-09 02:23:00+00:00,-78.845001
2015-07-09 02:24:00+00:00,-77.976234
2015-07-09 02:25:00+00:00,-77.81765
2015-07-09 02:26:00+00:00,-79.40136
2015-07-09 02:27:00+00:00,-79.425499
2015-07-09 02:28:00+00:00,-78.801102
2015-07-09 02:29:00+00:00,-79.397194
2015-07-09 02:30:00+00:00,-78.188576
2015-07-09 02:31:00+00:00,-76.824722
2015-07-09 02:32:00+00:00,-78.875961
2015-07-09 02:33:00+00:00,-78.51609
2015-07-09 02:34:00+00:00,-79.63958
2015-07-09 02:35:00+00:00,-79.177071
2015-07-09 02:36:00+00:00,-80.546478
2015-07-09 02:37:00+00:00,-79.579788
2015-07-09 02:38:00+00:00,-79.006744
2015-07-09 02:39:00+00:00,-80.714424
2015-07-09 02:40:00+00:00,-80.747017
2015-07-09 02:41:00+00:00,-80.76268
2015-07-09 02:42:00+00:00,-79.4645
2015-07-09 02:43:00+00:00,-78.853409
2015-07-09 02:44:00+00:00,-76.731133
2015-07-09 02:45:00+00:00,-77.817543
2015-07-09 02:46:00+00:00,-78.619019
2015-07-09 02:47:00+00:00,-77.206055
2015-07-16 00:00:00+00:00,-334.447601
2015-07-16 00:01:00+00:00,-326.578644
2015-07-16 00:02:00+00:00,-319.480286
2015-07-16 00:03:00+00:00,-323.944366
2015-07-16 00:04:00+00:00,-337.864288
2015-07-16 00:05:00+00:00,-323.769104
2015-07-16 00:06:00+00:00,-316.006958
2015-07-16 00:07:00+00:00,-306.193756
2015-07-16 00:08:00+00:00,-324.407959
2015-07-16 00:09:00+00:00,-314.320465
2015-07-16 00:10:00+00:00,-315.645874
2015-07-16 00:11:00+00:00,-314.942657
2015-07-16 00:12:00+00:00,-314.995056
2015-07-16 00:13:00+00:00,-317.882233
2015-07-16 00:14:00+00:00,-328.793091
2015-07-16 00:15:00+00:00,-335.697357
2015-07-16 00:16:00+00:00,-343.619476
2015-07-16 00:17:00+00:00,-357.501831
2015-07-16 00:18:00+00:00,-335.439117
2015-07-16 00:19:00+00:00,-316.18811
2015-07-16 00:20:00+00:00,-341.313477
2015-07-16 00:21:00+00:00,-348.380402
2015-07-16 00:22:00+00:00,-344.943573
2015-07-16 00:23:00+00:00,-353.40979
2015-07-16 00:24:00+00:00,-349.032745
2015-07-16 00:25:00+00:00,-346.729462
2015-07-16 00:26:00+00:00,-349.53067
2015-07-16 00:27:00+00:00,-363.681976
2015-07-16 00:28:00+00:00,-378.33606
2015-07-16 00:29:00+00:00,-384.320312
2015-07-16 00:30:00+00:00,-385.563385
2015-07-16 00:31:00+00:00,-371.237396
2015-07-16 00:32:00+00:00,-358.831268
2015-07-16 00:33:00+00:00,-339.42218
2015-07-16 00:34:00+00:00,-332.525726
2015-07-16 00:35:00+00:00,-334.588928
2015-07-16 00:36:00+00:00,-347.036407
2015-07-16 00:37:00+00:00,-341.919342
2015-07-16 00:38:00+00:00,-328.186066
2015-07-16 00:39:00+00:00,-305.560944
2015-07-16 00:40:00+00:00,-289.743256
2015-07-16 00:41:00+00:00,-281.080109
2015-07-16 00:42:00+00:00,-268.803925
2015-07-16 00:43:00+00:00,-253.889877
2015-07-16 00:44:00+00:00,-256.833771
2015-07-16 00:45:00+00:00,-261.750183
2015-07-16 00:46:00+00:00,-266.406067
2015-07-16 00:47:00+00:00,-263.142548
2015-07-16 00:48:00+00:00,-262.075867
2015-07-16 00:49:00+00:00,-265.480408
2015-07-16 00:50:00+00:00,-268.82785
2015-07-16 00:51:00+00:00,-270.908081
2015-07-16 00:52:00+00:00,-276.546783
2015-07-16 00:53:00+00:00,-279.725372
2015-07-16 00:54:00+00:00,-279.534882
2015-07-16 00:55:00+00:00,-286.621307
2015-07-16 00:56:00+00:00,-288.19751
2015-07-16 00:57:00+00:00,-290.708527
2015-07-16 00:58:00+00:00,-288.212524
2015-07-16 00:59:00+00:00,-289.702972
2015-07-16 01:00:00+00:00,-289.307861
2015-07-16 01:01:00+00:00,-294.874786
2015-07-16 01:02:00+00:00,-290.11319
2015-07-16 01:03:00+00:00,-303.680603
2015-07-16 01:04:00+00:00,-305.864899
2015-07-16 01:05:00+00:00,-308.216675
2015-07-16 01:06:00+00:00,-296.835907
2015-07-16 01:07:00+00:00,-290.709747
2015-07-16 01:08:00+00:00,-302.794495
2015-07-16 01:09:00+00:00,-312.771362
2015-07-16 01:10:00+00:00,-316.712708
2015-07-16 01:11:00+00:00,-317.630219
2015-07-16 01:12:00+00:00,-316.536591
2015-07-16 01:13:00+00:00,-316.434723
2015-07-16 01:14:00+00:00,-314.328491
2015-07-16 01:15:00+00:00,-321.252808
2015-07-16 01:16:00+00:00,-333.181732
2015-07-16 01:17:00+00:00,-368.085724
2015-07-16 01:18:00+00:00,-391.988159
2015-07-16 01:19:00+00:00,-393.899811
2015-07-16 01:20:00+00:00,-423.826477
2015-07-16 01:21:00+00:00,-432.754456
2015-07-16 01:22:00+00:00,-444.685699
2015-07-16 01:23:00+00:00,-456.609314
2015-07-16 01:24:00+00:00,-462.540161
2015-07-16 01:25:00+00:00,-470.488861
2015-07-16 01:26:00+00:00,-468.469025
2015-07-16 01:27:00+00:00,-438.354645
2015-07-16 01:28:00+00:00,-444.001556
2015-07-16 01:29:00+00:00,-448.083771
2015-07-16 01:30:00+00:00,-499.493896
2015-07-16 01:31:00+00:00,-529.669434
2015-07-16 01:32:00+00:00,-565.585693
2015-07-16 01:33:00+00:00,-567.542603
2015-07-16 01:34:00+00:00,-587.435486
2015-07-16 01:35:00+00:00,-601.249817
2015-07-16 01:36:00+00:00,-572.098755
2015-07-16 01:37:00+00:00,-548.896362
2015-07-16 01:38:00+00:00,-534.713928
2015-07-16 01:39:00+00:00,-524.598328
2015-07-16 01:40:00+00:00,-499.518219
2015-07-16 01:41:00+00:00,-503.574402
2015-07-16 01:42:00+00:00,-480.065674
2015-07-16 01:43:00+00:00,-448.123383
2015-07-16 01:44:00+00:00,-431.591187
2015-07-16 01:45:00+00:00,-410.369385
2015-07-16 01:46:00+00:00,-375.737061
2015-07-16 01:47:00+00:00,-339.553101
2015-07-16 01:48:00+00:00,-325.953705
2015-07-16 01:49:00+00:00,-314.523376
2015-07-16 01:50:00+00:00,-310.723572
2015-07-16 01:51:00+00:00,-320.86554
2015-07-16 01:52:00+00:00,-332.304657
2015-07-16 01:53:00+00:00,-354.253143
2015-07-16 01:54:00+00:00,-362.421265
2015-07-16 01:55:00+00:00,-365.422852
2015-07-16 01:56:00+00:00,-384.810547
2015-07-16 01:57:00+00:00,-391.819611
2015-07-16 01:58:00+00:00,-340.529022
2015-07-16 01:59:00+00:00,-309.691681
2015-07-16 02:00:00+00:00,-319.390717
2015-07-16 02:01:00+00:00,-320.367523
2015-07-16 02:02:00+00:00,-304.61142
2015-07-16 02:03:00+00:00,-270.82843
2015-07-16 02:04:00+00:00,-267.900482
2015-07-16 02:05:00+00:00,-269.881775
2015-07-16 02:06:00+00:00,-265.629456
2015-07-16 02:07:00+00:00,-256.794891
2015-07-16 02:08:00+00:00,-238.153625
2015-07-16 02:09:00+00:00,-241.711502
2015-07-16 02:10:00+00:00,-255.282471
2015-07-16 02:11:00+00:00,-250.240509
2015-07-16 02:12:00+00:00,-254.070801
2015-07-16 02:13:00+00:00,-255.876358
2015-07-16 02:14:00+00:00,-255.206604
2015-07-16 02:15:00+00:00,-256.604889
2015-07-16 02:16:00+00:00,-248.888077
2015-07-16 02:17:00+00:00,-262.903503
2015-07-16 02:18:00+00:00,-275.525269
2015-07-16 02:19:00+00:00,-290.134644
2015-07-16 02:20:00+00:00,-302.564697
2015-07-16 02:21:00+00:00,-320.186493
2015-07-16 02:22:00+00:00,-331.829132
2015-07-16 02:23:00+00:00,-324.569336
2015-07-16 02:24:00+00:00,-305.182098
2015-07-16 02:25:00+00:00,-302.976746
2015-07-16 02:26:00+00:00,-294.14505
2015-07-16 02:27:00+00:00,-290.372711
2015-07-16 02:28:00+00:00,-282.925507
2015-07-16 02:29:00+00:00,-281.989563
2015-07-16 02:30:00+00:00,-278.993317
2015-07-16 02:31:00+00:00,-275.439056
2015-07-16 02:32:00+00:00,-266.726624
2015-07-16 02:33:00+00:00,-250.770203
2015-07-16 02:34:00+00:00,-247.418274
2015-07-16 02:35:00+00:00,-249.809357
2015-07-16 02:36:00+00:00,-244.457855
2015-07-16 02:37:00+00:00,-247.088394
2015-07-16 02:38:00+00:00,-239.290268
2015-07-16 02:39:00+00:00,-230.445847
2015-07-16 02:40:00+00:00,-227.082108
2015-07-16 02:41:00+00:00,-225.058578
2015-07-16 02:42:00+00:00,-218.647781
2015-07-16 02:43:00+00:00,-241.961563
2015-07-16 02:44:00+00:00,-242.420685
2015-07-16 02:45:00+00:00,-237.985367
2015-07-16 02:46:00+00:00,-249.651779
2015-07-16 02:47:00+00:00,-255.446625
2015-07-23 00:00:00+00:00,-149.621628
2015-07-23 00:01:00+00:00,-162.188339
2015-07-23 00:02:00+00:00,-204.477386
2015-07-23 00:03:00+00:00,-223.992249
2015-07-23 00:04:00+00:00,-211.003296
2015-07-23 00:05:00+00:00,-228.990967
2015-07-23 00:06:00+00:00,-255.976761
2015-07-23 00:07:00+00:00,-290.413025
2015-07-23 00:08:00+00:00,-295.989746
2015-07-23 00:09:00+00:00,-332.50824
2015-07-23 00:10:00+00:00,-398.140991
2015-07-23 00:11:00+00:00,-482.452148
2015-07-23 00:12:00+00:00,-514.051086
2015-07-23 00:13:00+00:00,-488.554047
2015-07-23 00:14:00+00:00,-487.624084
2015-07-23 00:15:00+00:00,-503.813416
2015-07-23 00:16:00+00:00,-526.676758
2015-07-23 00:17:00+00:00,-535.520325
2015-07-23 00:18:00+00:00,-534.503174
2015-07-23 00:19:00+00:00,-538.512146
2015-07-23 00:20:00+00:00,-513.665344
2015-07-23 00:21:00+00:00,-514.541077
2015-07-23 00:22:00+00:00,-496.682831
2015-07-23 00:23:00+00:00,-509.061462
2015-07-23 00:24:00+00:00,-549.039917
2015-07-23 00:25:00+00:00,-560.143738
2015-07-23 00:26:00+00:00,-588.179932
2015-07-23 00:27:00+00:00,-604.27533
2015-07-23 00:28:00+00:00,-563.477905
2015-07-23 00:29:00+00:00,-512.452637
2015-07-23 00:30:00+00:00,-490.473816
2015-07-23 00:31:00+00:00,-467.473022
2015-07-23 00:32:00+00:00,-475.471466
2015-07-23 00:33:00+00:00,-474.546356
2015-07-23 00:34:00+00:00,-468.60202
2015-07-23 00:35:00+00:00,-475.101868
2015-07-23 00:36:00+00:00,-480.294037
2015-07-23 00:37:00+00:00,-460.496094
2015-07-23 00:38:00+00:00,-411.640228
2015-07-23 00:39:00+00:00,-407.632385
2015-07-23 00:40:00+00:00,-410.670776
2015-07-23 00:41:00+00:00,-402.119995
2015-07-23 00:42:00+00:00,-398.289642
2015-07-23 00:43:00+00:00,-406.302582
2015-07-23 00:44:00+00:00,-413.301727
2015-07-23 00:45:00+00:00,-402.507019
2015-07-23 00:46:00+00:00,-383.705902
2015-07-23 00:47:00+00:00,-359.723907
2015-07-23 00:48:00+00:00,-371.725128
2015-07-23 00:49:00+00:00,-377.763306
2015-07-23 00:50:00+00:00,-368.651001
2015-07-23 00:51:00+00:00,-353.665558
2015-07-23 00:52:00+00:00,-335.302155
2015-07-23 00:53:00+00:00,-308.715454
2015-07-23 00:54:00+00:00,-304.192017
2015-07-23 00:55:00+00:00,-300.095398
2015-07-23 00:56:00+00:00,-298.932495
2015-07-23 00:57:00+00:00,-290.022644
2015-07-23 00:58:00+00:00,-286.311279
2015-07-23 00:59:00+00:00,-270.379425
2015-07-23 01:00:00+00:00,-257.864563
2015-07-23 01:01:00+00:00,-265.121674
2015-07-23 01:02:00+00:00,-261.438385
2015-07-23 01:03:00+00:00,-255.961212
2015-07-23 01:04:00+00:00,-246.808838
2015-07-23 01:05:00+00:00,-249.244385
2015-07-23 01:06:00+00:00,-253.744278
2015-07-23 01:07:00+00:00,-244.276352
2015-07-23 01:08:00+00:00,-235.454575
2015-07-23 01:09:00+00:00,-229.362823
2015-07-23 01:10:00+00:00,-233.118912
2015-07-23 01:11:00+00:00,-229.80397
2015-07-23 01:12:00+00:00,-224.574326
2015-07-23 01:13:00+00:00,-221.50914
2015-07-23 01:14:00+00:00,-222.794037
2015-07-23 01:15:00+00:00,-216.585236
2015-07-23 01:16:00+00:00,-212.454346
2015-07-23 01:17:00+00:00,-217.853821
2015-07-23 01:18:00+00:00,-223.649811
2015-07-23 01:19:00+00:00,-223.324936
2015-07-23 01:20:00+00:00,-219.900299
2015-07-23 01:21:00+00:00,-213.553406
2015-07-23 01:22:00+00:00,-211.511948
2015-07-23 01:23:00+00:00,-211.805283
2015-07-23 01:24:00+00:00,-213.636429
2015-07-23 01:25:00+00:00,-205.746613
2015-07-23 01:26:00+00:00,-195.267349
2015-07-23 01:27:00+00:00,-175.911438
2015-07-23 01:28:00+00:00,-170.033371
2015-07-23 01:29:00+00:00,-166.910004
2015-07-23 01:30:00+00:00,-169.123535
2015-07-23 01:31:00+00:00,-166.575363
2015-07-23 01:32:00+00:00,-173.231232
2015-07-23 01:33:00+00:00,-186.833191
2015-07-23 01:34:00+00:00,-179.355743
2015-07-23 01:35:00+00:00,-176.781174
2015-07-23 01:36:00+00:00,-188.727524
2015-07-23 01:37:00+00:00,-188.569672
2015-07-23 01:38:00+00:00,-182.943619
2015-07-23 01:39:00+00:00,-171.971832
2015-07-23 01:40:00+00:00,-172.008148
2015-07-23 01:41:00+00:00,-150.315323
2015-07-23 01:42:00+00:00,-151.4599
2015-07-23 01:43:00+00:00,-157.724396
2015-07-23 01:44:00+00:00,-150.117691
2015-07-23 01:45:00+00:00,-135.436768
2015-07-23 01:46:00+00:00,-141.228561
2015-07-23 01:47:00+00:00,-145.179657
2015-07-23 01:48:00+00:00,-152.836136
2015-07-23 01:49:00+00:00,-159.703339
2015-07-23 01:50:00+00:00,-162.907074
2015-07-23 01:51:00+00:00,-168.750961
2015-07-23 01:52:00+00:00,-180.132324
2015-07-23 01:53:00+00:00,-183.094498
2015-07-23 01:54:00+00:00,-176.714508
2015-07-23 01:55:00+00:00,-168.57962
2015-07-23 01:56:00+00:00,-155.05397
2015-07-23 01:57:00+00:00,-142.707748
2015-07-23 01:58:00+00:00,-143.551575
2015-07-23 01:59:00+00:00,-140.74353
2015-07-23 02:00:00+00:00,-134.170624
2015-07-23 02:01:00+00:00,-119.136627
2015-07-23 02:02:00+00:00,-114.791245
2015-07-23 02:03:00+00:00,-105.579727
2015-07-23 02:04:00+00:00,-104.266655
2015-07-23 02:05:00+00:00,-99.782623
2015-07-23 02:06:00+00:00,-87.011337
2015-07-23 02:07:00+00:00,-93.299835
2015-07-23 02:08:00+00:00,-91.449013
2015-07-23 02:09:00+00:00,-83.701584
2015-07-23 02:10:00+00:00,-82.551514
2015-07-23 02:11:00+00:00,-84.119942
2015-07-23 02:12:00+00:00,-92.743958
2015-07-23 02:13:00+00:00,-84.488647
2015-07-23 02:14:00+00:00,-81.461479
2015-07-23 02:15:00+00:00,-81.10524
2015-07-23 02:16:00+00:00,-91.732574
2015-07-23 02:17:00+00:00,-97.103111
2015-07-23 02:18:00+00:00,-94.958885
2015-07-23 02:19:00+00:00,-98.968918
2015-07-23 02:20:00+00:00,-105.098114
2015-07-23 02:21:00+00:00,-107.066261
2015-07-23 02:22:00+00:00,-107.126358
2015-07-23 02:23:00+00:00,-109.187546
2015-07-23 02:24:00+00:00,-97.763733
2015-07-23 02:25:00+00:00,-90.531677
2015-07-23 02:26:00+00:00,-85.197487
2015-07-23 02:27:00+00:00,-82.630875
2015-07-23 02:28:00+00:00,-83.459076
2015-07-23 02:29:00+00:00,-85.341232
2015-07-23 02:30:00+00:00,-85.449875
2015-07-23 02:31:00+00:00,-97.430481
2015-07-23 02:32:00+00:00,-101.72403
2015-07-23 02:33:00+00:00,-94.33548
2015-07-23 02:34:00+00:00,-87.573486
2015-07-23 02:35:00+00:00,-87.193985
2015-07-23 02:36:00+00:00,-89.58474
2015-07-23 02:37:00+00:00,-94.239944
2015-07-23 02:38:00+00:00,-95.857422
2015-07-23 02:39:00+00:00,-89.954811
2015-07-23 02:40:00+00:00,-86.571754
2015-07-23 02:41:00+00:00,-90.590149
2015-07-23 02:42:00+00:00,-92.975891
2015-07-23 02:43:00+00:00,-89.743683
2015-07-23 02:44:00+00:00,-86.695366
2015-07-23 02:45:00+00:00,-81.340096
2015-07-23 02:46:00+00:00,-74.756416
2015-07-23 02:47:00+00:00,-63.317764
2015-07-30 00:00:00+00:00,-81.066452
2015-07-30 00:01:00+00:00,-80.757065
2015-07-30 00:02:00+00:00,-79.74794
2015-07-30 00:03:00+00:00,-79.203079
2015-07-30 00:04:00+00:00,-80.853882
2015-07-30 00:05:00+00:00,-82.195412
2015-07-30 00:06:00+00:00,-82.821358
2015-07-30 00:07:00+00:00,-82.152565
2015-07-30 00:08:00+00:00,-81.810966
2015-07-30 00:09:00+00:00,-82.584694
2015-07-30 00:10:00+00:00,-83.267616
2015-07-30 00:11:00+00:00,-83.824524
2015-07-30 00:12:00+00:00,-84.951645
2015-07-30 00:13:00+00:00,-85.494629
2015-07-30 00:14:00+00:00,-85.847946
2015-07-30 00:15:00+00:00,-86.596985
2015-07-30 00:16:00+00:00,-87.070755
2015-07-30 00:17:00+00:00,-87.138878
2015-07-30 00:18:00+00:00,-86.145042
2015-07-30 00:19:00+00:00,-86.088226
2015-07-30 00:20:00+00:00,-86.650978
2015-07-30 00:21:00+00:00,-88.19458
2015-07-30 00:22:00+00:00,-88.596909
2015-07-30 00:23:00+00:00,-88.021851
2015-07-30 00:24:00+00:00,-87.784935
2015-07-30 00:25:00+00:00,-88.067703
2015-07-30 00:26:00+00:00,-88.23436
2015-07-30 00:27:00+00:00,-88.422554
2015-07-30 00:28:00+00:00,-88.534561
2015-07-30 00:29:00+00:00,-87.211937
2015-07-30 00:30:00+00:00,-84.86113
2015-07-30 00:31:00+00:00,-83.167038
2015-07-30 00:32:00+00:00,-82.79509
2015-07-30 00:33:00+00:00,-82.379135
2015-07-30 00:34:00+00:00,-83.248322
2015-07-30 00:35:00+00:00,-85.258179
2015-07-30 00:36:00+00:00,-87.259354
2015-07-30 00:37:00+00:00,-87.895447
2015-07-30 00:38:00+00:00,-88.259834
2015-07-30 00:39:00+00:00,-87.75766
2015-07-30 00:40:00+00:00,-87.607368
2015-07-30 00:41:00+00:00,-88.530701
2015-07-30 00:42:00+00:00,-88.97303
2015-07-30 00:43:00+00:00,-88.955887
2015-07-30 00:44:00+00:00,-88.599457
2015-07-30 00:45:00+00:00,-87.556168
2015-07-30 00:46:00+00:00,-86.812256
2015-07-30 00:47:00+00:00,-86.095436
2015-07-30 00:48:00+00:00,-85.461418
2015-07-30 00:49:00+00:00,-84.276474
2015-07-30 00:50:00+00:00,-83.686165
2015-07-30 00:51:00+00:00,-83.41906
2015-07-30 00:52:00+00:00,-83.880493
2015-07-30 00:53:00+00:00,-85.611099
2015-07-30 00:54:00+00:00,-88.440849
2015-07-30 00:55:00+00:00,-88.947556
2015-07-30 00:56:00+00:00,-87.579498
2015-07-30 00:57:00+00:00,-85.281082
2015-07-30 00:58:00+00:00,-84.196892
2015-07-30 00:59:00+00:00,-83.683426
2015-07-30 01:00:00+00:00,-81.659889
2015-07-30 01:01:00+00:00,-78.517868
2015-07-30 01:02:00+00:00,-75.531532
2015-07-30 01:03:00+00:00,-72.836693
2015-07-30 01:04:00+00:00,-71.407036
2015-07-30 01:05:00+00:00,-71.544373
2015-07-30 01:06:00+00:00,-73.064201
2015-07-30 01:07:00+00:00,-74.599388
2015-07-30 01:08:00+00:00,-75.437714
2015-07-30 01:09:00+00:00,-74.729309
2015-07-30 01:10:00+00:00,-73.500305
2015-07-30 01:11:00+00:00,-72.960724
2015-07-30 01:12:00+00:00,-73.332291
2015-07-30 01:13:00+00:00,-74.844566
2015-07-30 01:14:00+00:00,-74.298386
2015-07-30 01:15:00+00:00,-71.491898
2015-07-30 01:16:00+00:00,-69.193192
2015-07-30 01:17:00+00:00,-67.483673
2015-07-30 01:18:00+00:00,-66.79113
2015-07-30 01:19:00+00:00,-66.172256
2015-07-30 01:20:00+00:00,-65.622238
2015-07-30 01:21:00+00:00,-65.096199
2015-07-30 01:22:00+00:00,-66.335342
2015-07-30 01:23:00+00:00,-68.650375
2015-07-30 01:24:00+00:00,-70.758133
2015-07-30 01:25:00+00:00,-73.680145
2015-07-30 01:26:00+00:00,-75.631325
2015-07-30 01:27:00+00:00,-76.441795
2015-07-30 01:28:00+00:00,-77.418259
2015-07-30 01:29:00+00:00,-79.296127
2015-07-30 01:30:00+00:00,-81.197205
2015-07-30 01:31:00+00:00,-82.812149
2015-07-30 01:32:00+00:00,-84.311195
2015-07-30 01:33:00+00:00,-85.212929
2015-07-30 01:34:00+00:00,-85.949005
2015-07-30 01:35:00+00:00,-85.152275
2015-07-30 01:36:00+00:00,-83.11377
2015-07-30 01:37:00+00:00,-80.229355
2015-07-30 01:38:00+00:00,-77.780579
2015-07-30 01:39:00+00:00,-75.495392
2015-07-30 01:40:00+00:00,-73.724396
2015-07-30 01:41:00+00:00,-72.675629
2015-07-30 01:42:00+00:00,-72.114746
2015-07-30 01:43:00+00:00,-70.91481
2015-07-30 01:44:00+00:00,-69.388351
2015-07-30 01:45:00+00:00,-68.992424
2015-07-30 01:46:00+00:00,-69.600067
2015-07-30 01:47:00+00:00,-71.225021
2015-07-30 01:48:00+00:00,-72.265747
2015-07-30 01:49:00+00:00,-72.970306
2015-07-30 01:50:00+00:00,-74.296753
2015-07-30 01:51:00+00:00,-76.769516
2015-07-30 01:52:00+00:00,-76.927429
2015-07-30 01:53:00+00:00,-80.403809
2015-07-30 01:54:00+00:00,-83.031464
2015-07-30 01:55:00+00:00,-84.400269
2015-07-30 01:56:00+00:00,-88.733887
2015-07-30 01:57:00+00:00,-90.09288
2015-07-30 01:58:00+00:00,-90.635483
2015-07-30 01:59:00+00:00,-91.660553
2015-07-30 02:00:00+00:00,-93.476219
2015-07-30 02:01:00+00:00,-97.044418
2015-07-30 02:02:00+00:00,-97.319756
2015-07-30 02:03:00+00:00,-92.356903
2015-07-30 02:04:00+00:00,-90.483948
2015-07-30 02:05:00+00:00,-91.678391
2015-07-30 02:06:00+00:00,-89.119904
2015-07-30 02:07:00+00:00,-88.021637
2015-07-30 02:08:00+00:00,-87.529404
2015-07-30 02:09:00+00:00,-87.546837
2015-07-30 02:10:00+00:00,-86.918625
2015-07-30 02:11:00+00:00,-88.650597
2015-07-30 02:12:00+00:00,-91.501511
2015-07-30 02:13:00+00:00,-96.343399
2015-07-30 02:14:00+00:00,-103.444794
2015-07-30 02:15:00+00:00,-105.134789
2015-07-30 02:16:00+00:00,-106.658371
2015-07-30 02:17:00+00:00,-108.803673
2015-07-30 02:18:00+00:00,-109.667328
2015-07-30 02:19:00+00:00,-110.015915
2015-07-30 02:20:00+00:00,-111.243935
2015-07-30 02:21:00+00:00,-111.489044
2015-07-30 02:22:00+00:00,-110.632782
2015-07-30 02:23:00+00:00,-113.151192
2015-07-30 02:24:00+00:00,-114.168045
2015-07-30 02:25:00+00:00,-113.625694
2015-07-30 02:26:00+00:00,-110.156914
2015-07-30 02:27:00+00:00,-106.419884
2015-07-30 02:28:00+00:00,-103.366714
2015-07-30 02:29:00+00:00,-101.677063
2015-07-30 02:30:00+00:00,-112.668602
2015-07-30 02:31:00+00:00,-114.338799
2015-07-30 02:32:00+00:00,-114.759422
2015-07-30 02:33:00+00:00,-108.959793
2015-07-30 02:34:00+00:00,-108.162567
2015-07-30 02:35:00+00:00,-118.258369
2015-07-30 02:36:00+00:00,-119.016739
2015-07-30 02:37:00+00:00,-128.92598
2015-07-30 02:38:00+00:00,-170.537781
2015-07-30 02:39:00+00:00,-156.407883
2015-07-30 02:40:00+00:00,-164.732574
2015-07-30 02:41:00+00:00,-172.883926
2015-07-30 02:42:00+00:00,-189.793579
2015-07-30 02:43:00+00:00,-199.511368
2015-07-30 02:44:00+00:00,-193.506027
2015-07-30 02:45:00+00:00,-185.158096
2015-07-30 02:46:00+00:00,-199.670349
2015-07-30 02:47:00+00:00,-210.180206
2015-08-06 00:00:00+00:00,-128.962128
2015-08-06 00:01:00+00:00,-144.092834
2015-08-06 00:02:00+00:00,-162.209167
2015-08-06 00:03:00+00:00,-169.296906
2015-08-06 00:04:00+00:00,-169.289124
2015-08-06 00:05:00+00:00,-154.367889
2015-08-06 00:06:00+00:00,-135.500458
2015-08-06 00:07:00+00:00,-113.762314
2015-08-06 00:08:00+00:00,-109.702026
2015-08-06 00:09:00+00:00,-115.142487
2015-08-06 00:10:00+00:00,-129.731873
2015-08-06 00:11:00+00:00,-160.616806
2015-08-06 00:12:00+00:00,-180.510864
2015-08-06 00:13:00+00:00,-181.395523
2015-08-06 00:14:00+00:00,-189.279648
2015-08-06 00:15:00+00:00,-188.162964
2015-08-06 00:16:00+00:00,-166.053009
2015-08-06 00:17:00+00:00,-149.946564
2015-08-06 00:18:00+00:00,-139.841736
2015-08-06 00:19:00+00:00,-142.149139
2015-08-06 00:20:00+00:00,-149.767975
2015-08-06 00:21:00+00:00,-144.045059
2015-08-06 00:22:00+00:00,-178.093857
2015-08-06 00:23:00+00:00,-180.084671
2015-08-06 00:24:00+00:00,-172.372696
2015-08-06 00:25:00+00:00,-175.015839
2015-08-06 00:26:00+00:00,-178.427246
2015-08-06 00:27:00+00:00,-181.947433
2015-08-06 00:28:00+00:00,-177.378128
2015-08-06 00:29:00+00:00,-179.609512
2015-08-06 00:30:00+00:00,-170.263901
2015-08-06 00:31:00+00:00,-165.116913
2015-08-06 00:32:00+00:00,-160.082825
2015-08-06 00:33:00+00:00,-155.805771
2015-08-06 00:34:00+00:00,-154.886215
2015-08-06 00:35:00+00:00,-150.924438
2015-08-06 00:36:00+00:00,-154.106186
2015-08-06 00:37:00+00:00,-161.605621
2015-08-06 00:38:00+00:00,-153.968872
2015-08-06 00:39:00+00:00,-158.648178
2015-08-06 00:40:00+00:00,-158.226013
2015-08-06 00:41:00+00:00,-157.757721
2015-08-06 00:42:00+00:00,-165.577621
2015-08-06 00:43:00+00:00,-169.287262
2015-08-06 00:44:00+00:00,-172.532623
2015-08-06 00:45:00+00:00,-167.710068
2015-08-06 00:46:00+00:00,-164.316467
2015-08-06 00:47:00+00:00,-162.124939
2015-08-06 00:48:00+00:00,-162.965027
2015-08-06 00:49:00+00:00,-157.56958
2015-08-06 00:50:00+00:00,-156.559158
2015-08-06 00:51:00+00:00,-151.876602
2015-08-06 00:52:00+00:00,-143.334198
2015-08-06 00:53:00+00:00,-136.921997
2015-08-06 00:54:00+00:00,-131.304779
2015-08-06 00:55:00+00:00,-143.121674
2015-08-06 00:56:00+00:00,-144.78421
2015-08-06 00:57:00+00:00,-147.861206
2015-08-06 00:58:00+00:00,-153.975189
2015-08-06 00:59:00+00:00,-155.826782
2015-08-06 01:00:00+00:00,-151.744965
2015-08-06 01:01:00+00:00,-150.363266
2015-08-06 01:02:00+00:00,-140.042786
2015-08-06 01:03:00+00:00,-136.400208
2015-08-06 01:04:00+00:00,-130.252319
2015-08-06 01:05:00+00:00,-128.651718
2015-08-06 01:06:00+00:00,-125.04248
2015-08-06 01:07:00+00:00,-128.639114
2015-08-06 01:08:00+00:00,-134.270096
2015-08-06 01:09:00+00:00,-138.45723
2015-08-06 01:10:00+00:00,-148.104736
2015-08-06 01:11:00+00:00,-145.462921
2015-08-06 01:12:00+00:00,-143.173859
2015-08-06 01:13:00+00:00,-143.800552
2015-08-06 01:14:00+00:00,-145.40799
2015-08-06 01:15:00+00:00,-145.707108
2015-08-06 01:16:00+00:00,-152.218384
2015-08-06 01:17:00+00:00,-140.001129
2015-08-06 01:18:00+00:00,-139.997635
2015-08-06 01:19:00+00:00,-146.349503
2015-08-06 01:20:00+00:00,-129.024338
2015-08-06 01:21:00+00:00,-124.857872
2015-08-06 01:22:00+00:00,-135.932999
2015-08-06 01:23:00+00:00,-155.355347
2015-08-06 01:24:00+00:00,-143.577713
2015-08-06 01:25:00+00:00,-127.661667
2015-08-06 01:26:00+00:00,-135.289886
2015-08-06 01:27:00+00:00,-133.133331
2015-08-06 01:28:00+00:00,-133.037766
2015-08-06 01:29:00+00:00,-136.014954
2015-08-06 01:30:00+00:00,-150.3564
2015-08-06 01:31:00+00:00,-161.156326
2015-08-06 01:32:00+00:00,-179.127457
2015-08-06 01:33:00+00:00,-162.610687
2015-08-06 01:34:00+00:00,-129.728165
2015-08-06 01:35:00+00:00,-97.45752
2015-08-06 01:36:00+00:00,-92.772858
2015-08-06 01:37:00+00:00,-96.788353
2015-08-06 01:38:00+00:00,-102.757042
2015-08-06 01:39:00+00:00,-101.606461
2015-08-06 01:40:00+00:00,-96.648209
2015-08-06 01:41:00+00:00,-95.581573
2015-08-06 01:42:00+00:00,-102.393944
2015-08-06 01:43:00+00:00,-107.077576
2015-08-06 01:44:00+00:00,-100.392319
2015-08-06 01:45:00+00:00,-94.618408
2015-08-06 01:46:00+00:00,-102.568626
2015-08-06 01:47:00+00:00,-119.468544
2015-08-06 01:48:00+00:00,-109.247917
2015-08-06 01:49:00+00:00,-99.998627
2015-08-06 01:50:00+00:00,-103.92485
2015-08-06 01:51:00+00:00,-102.568649
2015-08-06 01:52:00+00:00,-91.13208
2015-08-06 01:53:00+00:00,-81.079437
2015-08-06 01:54:00+00:00,-76.940887
2015-08-06 01:55:00+00:00,-77.280968
2015-08-06 01:56:00+00:00,-75.972794
2015-08-06 01:57:00+00:00,-76.317238
2015-08-06 01:58:00+00:00,-74.782135
2015-08-06 01:59:00+00:00,-74.009033
2015-08-06 02:00:00+00:00,-74.856346
2015-08-06 02:01:00+00:00,-75.824799
2015-08-06 02:02:00+00:00,-79.564125
2015-08-06 02:03:00+00:00,-81.985939
2015-08-06 02:04:00+00:00,-77.828201
2015-08-06 02:05:00+00:00,-79.767029
2015-08-06 02:06:00+00:00,-78.107574
2015-08-06 02:07:00+00:00,-75.243408
2015-08-06 02:08:00+00:00,-74.953041
2015-08-06 02:09:00+00:00,-74.655128
2015-08-06 02:10:00+00:00,-75.398407
2015-08-06 02:11:00+00:00,-80.096832
2015-08-06 02:12:00+00:00,-84.843079
2015-08-06 02:13:00+00:00,-89.722977
2015-08-06 02:14:00+00:00,-93.388771
2015-08-06 02:15:00+00:00,-95.485245
2015-08-06 02:16:00+00:00,-96.041916
2015-08-06 02:17:00+00:00,-97.328506
2015-08-06 02:18:00+00:00,-99.275574
2015-08-06 02:19:00+00:00,-101.507065
2015-08-06 02:20:00+00:00,-102.049225
2015-08-06 02:21:00+00:00,-100.562103
2015-08-06 02:22:00+00:00,-98.218094
2015-08-06 02:23:00+00:00,-97.128204
2015-08-06 02:24:00+00:00,-97.642532
2015-08-06 02:25:00+00:00,-99.457253
2015-08-06 02:26:00+00:00,-101.288086
2015-08-06 02:27:00+00:00,-102.090012
2015-08-06 02:28:00+00:00,-102.58754
2015-08-06 02:29:00+00:00,-103.171188
2015-08-06 02:30:00+00:00,-104.447983
2015-08-06 02:31:00+00:00,-106.096046
2015-08-06 02:32:00+00:00,-106.829407
2015-08-06 02:33:00+00:00,-107.101921
2015-08-06 02:34:00+00:00,-107.207275
2015-08-06 02:35:00+00:00,-107.930374
2015-08-06 02:36:00+00:00,-108.284653
2015-08-06 02:37:00+00:00,-108.428299
2015-08-06 02:38:00+00:00,-106.86647
2015-08-06 02:39:00+00:00,-106.483871
2015-08-06 02:40:00+00:00,-106.878899
2015-08-06 02:41:00+00:00,-107.049332
2015-08-06 02:42:00+00:00,-107.62188
2015-08-06 02:43:00+00:00,-109.030861
2015-08-06 02:44:00+00:00,-110.812157
2015-08-06 02:45:00+00:00,-113.185669
2015-08-06 02:46:00+00:00,-114.429573
2015-08-06 02:47:00+00:00,-114.745224
2015-08-13 00:00:00+00:00,-430.053284
2015-08-13 00:01:00+00:00,-413.425903
2015-08-13 00:02:00+00:00,-422.846527
2015-08-13 00:03:00+00:00,-441.365723
2015-08-13 00:04:00+00:00,-450.35849
2015-08-13 00:05:00+00:00,-432.648224
2015-08-13 00:06:00+00:00,-560.463379
2015-08-13 00:07:00+00:00,-499.865051
2015-08-13 00:08:00+00:00,-418.870789
2015-08-13 00:09:00+00:00,-420.921173
2015-08-13 00:10:00+00:00,-399.436768
2015-08-13 00:11:00+00:00,-381.240051
2015-08-13 00:12:00+00:00,-439.511719
2015-08-13 00:13:00+00:00,-474.62207
2015-08-13 00:14:00+00:00,-434.512207
2015-08-13 00:15:00+00:00,-325.580719
2015-08-13 00:16:00+00:00,-352.864777
2015-08-13 00:17:00+00:00,-376.551971
2015-08-13 00:18:00+00:00,-377.820068
2015-08-13 00:19:00+00:00,-379.404083
2015-08-13 00:20:00+00:00,-384.508331
2015-08-13 00:21:00+00:00,-402.571686
2015-08-13 00:22:00+00:00,-415.648254
2015-08-13 00:23:00+00:00,-503.163635
2015-08-13 00:24:00+00:00,-432.385773
2015-08-13 00:25:00+00:00,-406.836395
2015-08-13 00:26:00+00:00,-394.91217
2015-08-13 00:27:00+00:00,-378.994232
2015-08-13 00:28:00+00:00,-365.079742
2015-08-13 00:29:00+00:00,-342.162994
2015-08-13 00:30:00+00:00,-331.768982
2015-08-13 00:31:00+00:00,-302.327118
2015-08-13 00:32:00+00:00,-303.022766
2015-08-13 00:33:00+00:00,-337.450348
2015-08-13 00:34:00+00:00,-341.376984
2015-08-13 00:35:00+00:00,-348.512085
2015-08-13 00:36:00+00:00,-353.041534
2015-08-13 00:37:00+00:00,-359.689575
2015-08-13 00:38:00+00:00,-358.545532
2015-08-13 00:39:00+00:00,-371.827026
2015-08-13 00:40:00+00:00,-413.327484
2015-08-13 00:41:00+00:00,-421.623047
2015-08-13 00:42:00+00:00,-434.976776
2015-08-13 00:43:00+00:00,-445.425842
2015-08-13 00:44:00+00:00,-450.832489
2015-08-13 00:45:00+00:00,-425.236267
2015-08-13 00:46:00+00:00,-384.791565
2015-08-13 00:47:00+00:00,-412.651733
2015-08-13 00:48:00+00:00,-516.047058
2015-08-13 00:49:00+00:00,-489.897522
2015-08-13 00:50:00+00:00,-353.318298
2015-08-13 00:51:00+00:00,-369.204712
2015-08-13 00:52:00+00:00,-378.29657
2015-08-13 00:53:00+00:00,-381.359436
2015-08-13 00:54:00+00:00,-363.944763
2015-08-13 00:55:00+00:00,-379.031036
2015-08-13 00:56:00+00:00,-384.466614
2015-08-13 00:57:00+00:00,-391.62674
2015-08-13 00:58:00+00:00,-385.149841
2015-08-13 00:59:00+00:00,-398.576996
2015-08-13 01:00:00+00:00,-398.382172
2015-08-13 01:01:00+00:00,-383.565918
2015-08-13 01:02:00+00:00,-368.825256
2015-08-13 01:03:00+00:00,-378.902008
2015-08-13 01:04:00+00:00,-370.814697
2015-08-13 01:05:00+00:00,-379.80127
2015-08-13 01:06:00+00:00,-385.402954
2015-08-13 01:07:00+00:00,-381.745697
2015-08-13 01:08:00+00:00,-377.177124
2015-08-13 01:09:00+00:00,-369.514038
2015-08-13 01:10:00+00:00,-359.478455
2015-08-13 01:11:00+00:00,-365.555115
2015-08-13 01:12:00+00:00,-378.94101
2015-08-13 01:13:00+00:00,-377.50235
2015-08-13 01:14:00+00:00,-369.628784
2015-08-13 01:15:00+00:00,-322.989746
2015-08-13 01:16:00+00:00,-329.90509
2015-08-13 01:17:00+00:00,-333.200653
2015-08-13 01:18:00+00:00,-346.232483
2015-08-13 01:19:00+00:00,-344.557129
2015-08-13 01:20:00+00:00,-332.863068
2015-08-13 01:21:00+00:00,-314.085236
2015-08-13 01:22:00+00:00,-310.179443
2015-08-13 01:23:00+00:00,-307.867706
2015-08-13 01:24:00+00:00,-312.276093
2015-08-13 01:25:00+00:00,-308.213135
2015-08-13 01:26:00+00:00,-308.891998
2015-08-13 01:27:00+00:00,-318.683777
2015-08-13 01:28:00+00:00,-324.974823
2015-08-13 01:29:00+00:00,-328.265991
2015-08-13 01:30:00+00:00,-410.009125
2015-08-13 01:31:00+00:00,-410.906677
2015-08-13 01:32:00+00:00,-354.918549
2015-08-13 01:33:00+00:00,-351.72345
2015-08-13 01:34:00+00:00,-353.634827
2015-08-13 01:35:00+00:00,-344.95163
2015-08-13 01:36:00+00:00,-337.47171
2015-08-13 01:37:00+00:00,-326.569
2015-08-13 01:38:00+00:00,-294.632324
2015-08-13 01:39:00+00:00,-287.456818
2015-08-13 01:40:00+00:00,-276.865295
2015-08-13 01:41:00+00:00,-270.677704
2015-08-13 01:42:00+00:00,-266.61087
2015-08-13 01:43:00+00:00,-264.363586
2015-08-13 01:44:00+00:00,-269.030518
2015-08-13 01:45:00+00:00,-281.132721
2015-08-13 01:46:00+00:00,-278.174286
2015-08-13 01:47:00+00:00,-268.355591
2015-08-13 01:48:00+00:00,-264.273712
2015-08-13 01:49:00+00:00,-276.847321
2015-08-13 01:50:00+00:00,-279.505524
2015-08-13 01:51:00+00:00,-266.817566
2015-08-13 01:52:00+00:00,-249.020111
2015-08-13 01:53:00+00:00,-250.919174
2015-08-13 01:54:00+00:00,-257.804749
2015-08-13 01:55:00+00:00,-265.13858
2015-08-13 01:56:00+00:00,-270.975311
2015-08-13 01:57:00+00:00,-288.443146
2015-08-13 01:58:00+00:00,-325.768433
2015-08-13 01:59:00+00:00,-333.662872
2015-08-13 02:00:00+00:00,-274.853241
2015-08-13 02:01:00+00:00,-254.689697
2015-08-13 02:02:00+00:00,-259.744202
2015-08-13 02:03:00+00:00,-264.160034
2015-08-13 02:04:00+00:00,-264.186829
2015-08-13 02:05:00+00:00,-259.845825
2015-08-13 02:06:00+00:00,-260.866547
2015-08-13 02:07:00+00:00,-254.537552
2015-08-13 02:08:00+00:00,-261.391235
2015-08-13 02:09:00+00:00,-275.034973
2015-08-13 02:10:00+00:00,-283.028412
2015-08-13 02:11:00+00:00,-280.597046
2015-08-13 02:12:00+00:00,-272.395142
2015-08-13 02:13:00+00:00,-252.210724
2015-08-13 02:14:00+00:00,-251.962646
2015-08-13 02:15:00+00:00,-236.576675
2015-08-13 02:16:00+00:00,-240.008698
2015-08-13 02:17:00+00:00,-246.614059
2015-08-13 02:18:00+00:00,-251.551224
2015-08-13 02:19:00+00:00,-254.490067
2015-08-13 02:20:00+00:00,-251.427826
2015-08-13 02:21:00+00:00,-240.3871
2015-08-13 02:22:00+00:00,-234.32933
2015-08-13 02:23:00+00:00,-233.262833
2015-08-13 02:24:00+00:00,-228.209534
2015-08-13 02:25:00+00:00,-226.15979
2015-08-13 02:26:00+00:00,-220.11084
2015-08-13 02:27:00+00:00,-220.921982
2015-08-13 02:28:00+00:00,-227.607864
2015-08-13 02:29:00+00:00,-237.116196
2015-08-13 02:30:00+00:00,-249.499725
2015-08-13 02:31:00+00:00,-261.950134
2015-08-13 02:32:00+00:00,-237.842072
2015-08-13 02:33:00+00:00,-216.94902
2015-08-13 02:34:00+00:00,-205.803436
2015-08-13 02:35:00+00:00,-213.197052
2015-08-13 02:36:00+00:00,-208.960052
2015-08-13 02:37:00+00:00,-197.341751
2015-08-13 02:38:00+00:00,-201.615692
2015-08-13 02:39:00+00:00,-195.727478
2015-08-13 02:40:00+00:00,-183.197617
2015-08-13 02:41:00+00:00,-184.622604
2015-08-13 02:42:00+00:00,-210.003098
2015-08-13 02:43:00+00:00,-222.839905
2015-08-13 02:44:00+00:00,-234.030426
2015-08-13 02:45:00+00:00,-236.163086
2015-08-13 02:46:00+00:00,-229.473572
2015-08-13 02:47:00+00:00,-232.858704
2015-08-20 00:00:00+00:00,-155.73291
2015-08-20 00:01:00+00:00,-147.61763
2015-08-20 00:02:00+00:00,-170.50827
2015-08-20 00:03:00+00:00,-161.402679
2015-08-20 00:04:00+00:00,-155.313446
2015-08-20 00:05:00+00:00,-159.219849
2015-08-20 00:06:00+00:00,-165.136414
2015-08-20 00:07:00+00:00,-170.049835
2015-08-20 00:08:00+00:00,-158.956085
2015-08-20 00:09:00+00:00,-157.691498
2015-08-20 00:10:00+00:00,-173.214386
2015-08-20 00:11:00+00:00,-195.035461
2015-08-20 00:12:00+00:00,-210.200424
2015-08-20 00:13:00+00:00,-224.028442
2015-08-20 00:14:00+00:00,-256.849396
2015-08-20 00:15:00+00:00,-280.389435
2015-08-20 00:16:00+00:00,-283.165527
2015-08-20 00:17:00+00:00,-284.037567
2015-08-20 00:18:00+00:00,-273.529572
2015-08-20 00:19:00+00:00,-271.942963
2015-08-20 00:20:00+00:00,-268.91098
2015-08-20 00:21:00+00:00,-274.326996
2015-08-20 00:22:00+00:00,-277.871338
2015-08-20 00:23:00+00:00,-279.320038
2015-08-20 00:24:00+00:00,-275.57724
2015-08-20 00:25:00+00:00,-265.378174
2015-08-20 00:26:00+00:00,-260.158081
2015-08-20 00:27:00+00:00,-254.807281
2015-08-20 00:28:00+00:00,-238.931992
2015-08-20 00:29:00+00:00,-228.209259
2015-08-20 00:30:00+00:00,-226.193085
2015-08-20 00:31:00+00:00,-249.169479
2015-08-20 00:32:00+00:00,-255.251831
2015-08-20 00:33:00+00:00,-276.355988
2015-08-20 00:34:00+00:00,-308.212219
2015-08-20 00:35:00+00:00,-301.170959
2015-08-20 00:36:00+00:00,-307.361908
2015-08-20 00:37:00+00:00,-296.400696
2015-08-20 00:38:00+00:00,-292.459015
2015-08-20 00:39:00+00:00,-301.490234
2015-08-20 00:40:00+00:00,-310.56842
2015-08-20 00:41:00+00:00,-316.514679
2015-08-20 00:42:00+00:00,-322.457733
2015-08-20 00:43:00+00:00,-326.449219
2015-08-20 00:44:00+00:00,-330.532806
2015-08-20 00:45:00+00:00,-327.667938
2015-08-20 00:46:00+00:00,-331.537933
2015-08-20 00:47:00+00:00,-350.077515
2015-08-20 00:48:00+00:00,-329.274689
2015-08-20 00:49:00+00:00,-304.366272
2015-08-20 00:50:00+00:00,-314.327301
2015-08-20 00:51:00+00:00,-308.786682
2015-08-20 00:52:00+00:00,-294.603455
2015-08-20 00:53:00+00:00,-290.366608
2015-08-20 00:54:00+00:00,-272.675171
2015-08-20 00:55:00+00:00,-270.37973
2015-08-20 00:56:00+00:00,-268.456909
2015-08-20 00:57:00+00:00,-270.91684
2015-08-20 00:58:00+00:00,-267.317841
2015-08-20 00:59:00+00:00,-268.751434
2015-08-20 01:00:00+00:00,-272.713989
2015-08-20 01:01:00+00:00,-270.636261
2015-08-20 01:02:00+00:00,-244.695953
2015-08-20 01:03:00+00:00,-242.256378
2015-08-20 01:04:00+00:00,-229.060928
2015-08-20 01:05:00+00:00,-230.006424
2015-08-20 01:06:00+00:00,-229.234192
2015-08-20 01:07:00+00:00,-222.064499
2015-08-20 01:08:00+00:00,-216.439224
2015-08-20 01:09:00+00:00,-216.966843
2015-08-20 01:10:00+00:00,-216.293015
2015-08-20 01:11:00+00:00,-224.953705
2015-08-20 01:12:00+00:00,-239.101074
2015-08-20 01:13:00+00:00,-260.215057
2015-08-20 01:14:00+00:00,-291.43512
2015-08-20 01:15:00+00:00,-297.64801
2015-08-20 01:16:00+00:00,-363.011353
2015-08-20 01:17:00+00:00,-371.446045
2015-08-20 01:18:00+00:00,-388.050598
2015-08-20 01:19:00+00:00,-429.697845
2015-08-20 01:20:00+00:00,-440.590729
2015-08-20 01:21:00+00:00,-444.62561
2015-08-20 01:22:00+00:00,-441.709656
2015-08-20 01:23:00+00:00,-423.804291
2015-08-20 01:24:00+00:00,-411.934875
2015-08-20 01:25:00+00:00,-391.966522
2015-08-20 01:26:00+00:00,-377.033783
2015-08-20 01:27:00+00:00,-368.063263
2015-08-20 01:28:00+00:00,-358.152435
2015-08-20 01:29:00+00:00,-344.234711
2015-08-20 01:30:00+00:00,-329.330231
2015-08-20 01:31:00+00:00,-335.420166
2015-08-20 01:32:00+00:00,-310.459686
2015-08-20 01:33:00+00:00,-300.502411
2015-08-20 01:34:00+00:00,-280.549194
2015-08-20 01:35:00+00:00,-264.563751
2015-08-20 01:36:00+00:00,-231.590973
2015-08-20 01:37:00+00:00,-218.465012
2015-08-20 01:38:00+00:00,-216.157883
2015-08-20 01:39:00+00:00,-208.328461
2015-08-20 01:40:00+00:00,-204.984634
2015-08-20 01:41:00+00:00,-197.677292
2015-08-20 01:42:00+00:00,-196.921387
2015-08-20 01:43:00+00:00,-197.823425
2015-08-20 01:44:00+00:00,-190.422363
2015-08-20 01:45:00+00:00,-181.24556
2015-08-20 01:46:00+00:00,-181.811203
2015-08-20 01:47:00+00:00,-172.936661
2015-08-20 01:48:00+00:00,-167.340576
2015-08-20 01:49:00+00:00,-162.680038
2015-08-20 01:50:00+00:00,-156.684448
2015-08-20 01:51:00+00:00,-150.821457
2015-08-20 01:52:00+00:00,-153.304169
2015-08-20 01:53:00+00:00,-148.568344
2015-08-20 01:54:00+00:00,-143.59169
2015-08-20 01:55:00+00:00,-142.603622
2015-08-20 01:56:00+00:00,-147.827637
2015-08-20 01:57:00+00:00,-139.214798
2015-08-20 01:58:00+00:00,-130.308929
2015-08-20 01:59:00+00:00,-116.94976
2015-08-20 02:00:00+00:00,-112.71566
2015-08-20 02:01:00+00:00,-113.139771
2015-08-20 02:02:00+00:00,-114.783653
2015-08-20 02:03:00+00:00,-117.273254
2015-08-20 02:04:00+00:00,-113.714996
2015-08-20 02:05:00+00:00,-110.816856
2015-08-20 02:06:00+00:00,-107.753609
2015-08-20 02:07:00+00:00,-107.572655
2015-08-20 02:08:00+00:00,-114.091232
2015-08-20 02:09:00+00:00,-117.498329
2015-08-20 02:10:00+00:00,-113.032181
2015-08-20 02:11:00+00:00,-110.765045
2015-08-20 02:12:00+00:00,-102.947853
2015-08-20 02:13:00+00:00,-99.308121
2015-08-20 02:14:00+00:00,-94.968857
2015-08-20 02:15:00+00:00,-93.36145
2015-08-20 02:16:00+00:00,-90.722679
2015-08-20 02:17:00+00:00,-87.340347
2015-08-20 02:18:00+00:00,-78.749596
2015-08-20 02:19:00+00:00,-70.06366
2015-08-20 02:20:00+00:00,-69.694618
2015-08-20 02:21:00+00:00,-72.680542
2015-08-20 02:22:00+00:00,-70.964615
2015-08-20 02:23:00+00:00,-63.511932
2015-08-20 02:24:00+00:00,-60.775269
2015-08-20 02:25:00+00:00,-68.984619
2015-08-20 02:26:00+00:00,-73.721458
2015-08-20 02:27:00+00:00,-69.627525
2015-08-20 02:28:00+00:00,-72.886391
2015-08-20 02:29:00+00:00,-74.526344
2015-08-20 02:30:00+00:00,-80.744553
2015-08-20 02:31:00+00:00,-85.206551
2015-08-20 02:32:00+00:00,-84.135445
2015-08-20 02:33:00+00:00,-78.531395
2015-08-20 02:34:00+00:00,-68.724617
2015-08-20 02:35:00+00:00,-62.113705
2015-08-20 02:36:00+00:00,-58.279858
2015-08-20 02:37:00+00:00,-57.18399
2015-08-20 02:38:00+00:00,-60.407654
2015-08-20 02:39:00+00:00,-59.882462
2015-08-20 02:40:00+00:00,-61.813644
2015-08-20 02:41:00+00:00,-62.892704
2015-08-20 02:42:00+00:00,-66.909012
2015-08-20 02:43:00+00:00,-57.616459
2015-08-20 02:44:00+00:00,-62.228142
2015-08-20 02:45:00+00:00,-61.048862
2015-08-20 02:46:00+00:00,-60.010506
2015-08-20 02:47:00+00:00,-64.800659
2015-08-27 00:00:00+00:00,-388.417419
2015-08-27 00:01:00+00:00,-407.800842
2015-08-27 00:02:00+00:00,-412.827393
2015-08-27 00:03:00+00:00,-410.852325
2015-08-27 00:04:00+00:00,-415.873627
2015-08-27 00:05:00+00:00,-430.889374
2015-08-27 00:06:00+00:00,-428.90921
2015-08-27 00:07:00+00:00,-420.927032
2015-08-27 00:08:00+00:00,-417.490112
2015-08-27 00:09:00+00:00,-415.360748
2015-08-27 00:10:00+00:00,-423.054199
2015-08-27 00:11:00+00:00,-418.099915
2015-08-27 00:12:00+00:00,-403.146545
2015-08-27 00:13:00+00:00,-397.189178
2015-08-27 00:14:00+00:00,-393.237457
2015-08-27 00:15:00+00:00,-390.278839
2015-08-27 00:16:00+00:00,-385.809753
2015-08-27 00:17:00+00:00,-374.202484
2015-08-27 00:18:00+00:00,-364.552338
2015-08-27 00:19:00+00:00,-360.791107
2015-08-27 00:20:00+00:00,-343.893707
2015-08-27 00:21:00+00:00,-346.347412
2015-08-27 00:22:00+00:00,-348.151276
2015-08-27 00:23:00+00:00,-346.138245
2015-08-27 00:24:00+00:00,-336.763947
2015-08-27 00:25:00+00:00,-348.970398
2015-08-27 00:26:00+00:00,-373.758484
2015-08-27 00:27:00+00:00,-405.657288
2015-08-27 00:28:00+00:00,-405.711609
2015-08-27 00:29:00+00:00,-378.649261
2015-08-27 00:30:00+00:00,-364.481293
2015-08-27 00:31:00+00:00,-387.867035
2015-08-27 00:32:00+00:00,-394.589874
2015-08-27 00:33:00+00:00,-405.439423
2015-08-27 00:34:00+00:00,-416.252838
2015-08-27 00:35:00+00:00,-402.133972
2015-08-27 00:36:00+00:00,-377.775024
2015-08-27 00:37:00+00:00,-341.377869
2015-08-27 00:38:00+00:00,-372.464935
2015-08-27 00:39:00+00:00,-326.494995
2015-08-27 00:40:00+00:00,-309.829163
2015-08-27 00:41:00+00:00,-330.237976
2015-08-27 00:42:00+00:00,-328.471497
2015-08-27 00:43:00+00:00,-373.283295
2015-08-27 00:44:00+00:00,-327.035522
2015-08-27 00:45:00+00:00,-328.818939
2015-08-27 00:46:00+00:00,-324.333984
2015-08-27 00:47:00+00:00,-330.523071
2015-08-27 00:48:00+00:00,-331.566803
2015-08-27 00:49:00+00:00,-336.627625
2015-08-27 00:50:00+00:00,-318.675171
2015-08-27 00:51:00+00:00,-311.707336
2015-08-27 00:52:00+00:00,-312.415192
2015-08-27 00:53:00+00:00,-309.837769
2015-08-27 00:54:00+00:00,-310.982574
2015-08-27 00:55:00+00:00,-310.038269
2015-08-27 00:56:00+00:00,-321.831512
2015-08-27 00:57:00+00:00,-338.688202
2015-08-27 00:58:00+00:00,-359.874847
2015-08-27 00:59:00+00:00,-373.061188
2015-08-27 01:00:00+00:00,-373.246277
2015-08-27 01:01:00+00:00,-372.450256
2015-08-27 01:02:00+00:00,-352.69812
2015-08-27 01:03:00+00:00,-333.779816
2015-08-27 01:04:00+00:00,-369.032135
2015-08-27 01:05:00+00:00,-322.406494
2015-08-27 01:06:00+00:00,-347.029175
2015-08-27 01:07:00+00:00,-378.561066
2015-08-27 01:08:00+00:00,-385.839661
2015-08-27 01:09:00+00:00,-384.202118
2015-08-27 01:10:00+00:00,-370.558594
2015-08-27 01:11:00+00:00,-378.301025
2015-08-27 01:12:00+00:00,-379.306
2015-08-27 01:13:00+00:00,-365.58252
2015-08-27 01:14:00+00:00,-362.926849
2015-08-27 01:15:00+00:00,-402.03067
2015-08-27 01:16:00+00:00,-402.478485
2015-08-27 01:17:00+00:00,-385.976318
2015-08-27 01:18:00+00:00,-362.926392
2015-08-27 01:19:00+00:00,-369.40979
2015-08-27 01:20:00+00:00,-375.213562
2015-08-27 01:21:00+00:00,-391.821075
2015-08-27 01:22:00+00:00,-398.095886
2015-08-27 01:23:00+00:00,-393.917542
2015-08-27 01:24:00+00:00,-374.478241
2015-08-27 01:25:00+00:00,-354.324646
2015-08-27 01:26:00+00:00,-359.031891
2015-08-27 01:27:00+00:00,-377.279938
2015-08-27 01:28:00+00:00,-369.187805
2015-08-27 01:29:00+00:00,-348.944977
2015-08-27 01:30:00+00:00,-355.606201
2015-08-27 01:31:00+00:00,-398.308746
2015-08-27 01:32:00+00:00,-426.099213
2015-08-27 01:33:00+00:00,-414.456024
2015-08-27 01:34:00+00:00,-409.874512
2015-08-27 01:35:00+00:00,-400.995148
2015-08-27 01:36:00+00:00,-412.820068
2015-08-27 01:37:00+00:00,-417.806519
2015-08-27 01:38:00+00:00,-423.845398
2015-08-27 01:39:00+00:00,-401.866302
2015-08-27 01:40:00+00:00,-421.714813
2015-08-27 01:41:00+00:00,-436.868317
2015-08-27 01:42:00+00:00,-441.311096
2015-08-27 01:43:00+00:00,-429.739075
2015-08-27 01:44:00+00:00,-439.974121
2015-08-27 01:45:00+00:00,-478.937195
2015-08-27 01:46:00+00:00,-465.845856
2015-08-27 01:47:00+00:00,-457.656006
2015-08-27 01:48:00+00:00,-442.934479
2015-08-27 01:49:00+00:00,-459.884399
2015-08-27 01:50:00+00:00,-457.613647
2015-08-27 01:51:00+00:00,-436.469116
2015-08-27 01:52:00+00:00,-451.686584
2015-08-27 01:53:00+00:00,-476.315765
2015-08-27 01:54:00+00:00,-456.329742
2015-08-27 01:55:00+00:00,-453.612061
2015-08-27 01:56:00+00:00,-465.117981
2015-08-27 01:57:00+00:00,-487.940948
2015-08-27 01:58:00+00:00,-502.657532
2015-08-27 01:59:00+00:00,-520.619263
2015-08-27 02:00:00+00:00,-516.618286
2015-08-27 02:01:00+00:00,-550.546509
2015-08-27 02:02:00+00:00,-618.146484
2015-08-27 02:03:00+00:00,-645.645264
2015-08-27 02:04:00+00:00,-609.276245
2015-08-27 02:05:00+00:00,-603.991089
2015-08-27 02:06:00+00:00,-557.286926
2015-08-27 02:07:00+00:00,-573.730713
2015-08-27 02:08:00+00:00,-523.576843
2015-08-27 02:09:00+00:00,-523.729431
2015-08-27 02:10:00+00:00,-543.577148
2015-08-27 02:11:00+00:00,-614.650879
2015-08-27 02:12:00+00:00,-774.69519
2015-08-27 02:13:00+00:00,-766.094299
2015-08-27 02:14:00+00:00,-745.04541
2015-08-27 02:15:00+00:00,-753.284119
2015-08-27 02:16:00+00:00,-782.225342
2015-08-27 02:17:00+00:00,-754.326538
2015-08-27 02:18:00+00:00,-751.316406
2015-08-27 02:19:00+00:00,-749.394897
2015-08-27 02:20:00+00:00,-729.899353
2015-08-27 02:21:00+00:00,-627.921631
2015-08-27 02:22:00+00:00,-625.063782
2015-08-27 02:23:00+00:00,-732.831665
2015-08-27 02:24:00+00:00,-787.580139
2015-08-27 02:25:00+00:00,-750.435303
2015-08-27 02:26:00+00:00,-599.090027
2015-08-27 02:27:00+00:00,-635.805481
2015-08-27 02:28:00+00:00,-582.626343
2015-08-27 02:29:00+00:00,-564.821106
2015-08-27 02:30:00+00:00,-529.362671
2015-08-27 02:31:00+00:00,-574.734558
2015-08-27 02:32:00+00:00,-625.725403
2015-08-27 02:33:00+00:00,-846.592224
2015-08-27 02:34:00+00:00,-764.802307
2015-08-27 02:35:00+00:00,-784.27417
2015-08-27 02:36:00+00:00,-593.503235
2015-08-27 02:37:00+00:00,-625.141724
2015-08-27 02:38:00+00:00,-667.153442
2015-08-27 02:39:00+00:00,-568.725342
2015-08-27 02:40:00+00:00,-605.286438
2015-08-27 02:41:00+00:00,-651.391113
2015-08-27 02:42:00+00:00,-657.780029
2015-08-27 02:43:00+00:00,-646.043945
2015-08-27 02:44:00+00:00,-682.679626
2015-08-27 02:45:00+00:00,-622.743835
2015-08-27 02:46:00+00:00,-630.808411
2015-08-27 02:47:00+00:00,-627.60437
2015-09-03 00:00:00+00:00,-184.861008
2015-09-03 00:01:00+00:00,-173.89798
2015-09-03 00:02:00+00:00,-178.050095
2015-09-03 00:03:00+00:00,-178.86882
2015-09-03 00:04:00+00:00,-182.927368
2015-09-03 00:05:00+00:00,-191.531342
2015-09-03 00:06:00+00:00,-203.515656
2015-09-03 00:07:00+00:00,-215.39502
2015-09-03 00:08:00+00:00,-229.861298
2015-09-03 00:09:00+00:00,-230.677795
2015-09-03 00:10:00+00:00,-242.239563
2015-09-03 00:11:00+00:00,-256.297607
2015-09-03 00:12:00+00:00,-241.773865
2015-09-03 00:13:00+00:00,-239.935959
2015-09-03 00:14:00+00:00,-237.912842
2015-09-03 00:15:00+00:00,-238.059174
2015-09-03 00:16:00+00:00,-243.4814
2015-09-03 00:17:00+00:00,-255.992004
2015-09-03 00:18:00+00:00,-266.324463
2015-09-03 00:19:00+00:00,-272.483704
2015-09-03 00:20:00+00:00,-271.016663
2015-09-03 00:21:00+00:00,-268.100159
2015-09-03 00:22:00+00:00,-278.597412
2015-09-03 00:23:00+00:00,-281.094025
2015-09-03 00:24:00+00:00,-292.790894
2015-09-03 00:25:00+00:00,-309.040649
2015-09-03 00:26:00+00:00,-312.824677
2015-09-03 00:27:00+00:00,-315.602966
2015-09-03 00:28:00+00:00,-319.56012
2015-09-03 00:29:00+00:00,-323.52713
2015-09-03 00:30:00+00:00,-329.920258
2015-09-03 00:31:00+00:00,-327.520447
2015-09-03 00:32:00+00:00,-323.29422
2015-09-03 00:33:00+00:00,-319.140778
2015-09-03 00:34:00+00:00,-316.430054
2015-09-03 00:35:00+00:00,-316.725342
2015-09-03 00:36:00+00:00,-323.230621
2015-09-03 00:37:00+00:00,-319.153076
2015-09-03 00:38:00+00:00,-312.240967
2015-09-03 00:39:00+00:00,-309.55191
2015-09-03 00:40:00+00:00,-308.923676
2015-09-03 00:41:00+00:00,-306.908783
2015-09-03 00:42:00+00:00,-305.902588
2015-09-03 00:43:00+00:00,-310.484009
2015-09-03 00:44:00+00:00,-318.361298
2015-09-03 00:45:00+00:00,-320.040375
2015-09-03 00:46:00+00:00,-317.846558
2015-09-03 00:47:00+00:00,-314.663483
2015-09-03 00:48:00+00:00,-303.266327
2015-09-03 00:49:00+00:00,-283.995758
2015-09-03 00:50:00+00:00,-277.293762
2015-09-03 00:51:00+00:00,-269.897766
2015-09-03 00:52:00+00:00,-273.175049
2015-09-03 00:53:00+00:00,-257.891754
2015-09-03 00:54:00+00:00,-250.26474
2015-09-03 00:55:00+00:00,-245.499664
2015-09-03 00:56:00+00:00,-239.660828
2015-09-03 00:57:00+00:00,-234.540146
2015-09-03 00:58:00+00:00,-236.005524
2015-09-03 00:59:00+00:00,-241.599213
2015-09-03 01:00:00+00:00,-239.782639
2015-09-03 01:01:00+00:00,-241.54216
2015-09-03 01:02:00+00:00,-252.414856
2015-09-03 01:03:00+00:00,-256.511719
2015-09-03 01:04:00+00:00,-255.403824
2015-09-03 01:05:00+00:00,-257.581085
2015-09-03 01:06:00+00:00,-259.205322
2015-09-03 01:07:00+00:00,-263.835724
2015-09-03 01:08:00+00:00,-260.875641
2015-09-03 01:09:00+00:00,-257.472046
2015-09-03 01:10:00+00:00,-254.703964
2015-09-03 01:11:00+00:00,-252.218246
2015-09-03 01:12:00+00:00,-249.428467
2015-09-03 01:13:00+00:00,-246.127365
2015-09-03 01:14:00+00:00,-243.851486
2015-09-03 01:15:00+00:00,-240.069397
2015-09-03 01:16:00+00:00,-235.643524
2015-09-03 01:17:00+00:00,-236.585861
2015-09-03 01:18:00+00:00,-239.957108
2015-09-03 01:19:00+00:00,-240.311676
2015-09-03 01:20:00+00:00,-234.534058
2015-09-03 01:21:00+00:00,-234.230377
2015-09-03 01:22:00+00:00,-239.793686
2015-09-03 01:23:00+00:00,-243.634338
2015-09-03 01:24:00+00:00,-245.853363
2015-09-03 01:25:00+00:00,-237.624298
2015-09-03 01:26:00+00:00,-217.518173
2015-09-03 01:27:00+00:00,-199.752655
2015-09-03 01:28:00+00:00,-197.67482
2015-09-03 01:29:00+00:00,-187.459335
2015-09-03 01:30:00+00:00,-179.42688
2015-09-03 01:31:00+00:00,-169.916855
2015-09-03 01:32:00+00:00,-166.764618
2015-09-03 01:33:00+00:00,-166.485962
2015-09-03 01:34:00+00:00,-162.471619
2015-09-03 01:35:00+00:00,-154.536758
2015-09-03 01:36:00+00:00,-144.96698
2015-09-03 01:37:00+00:00,-144.605316
2015-09-03 01:38:00+00:00,-144.584091
2015-09-03 01:39:00+00:00,-142.01712
2015-09-03 01:40:00+00:00,-146.075043
2015-09-03 01:41:00+00:00,-139.18045
2015-09-03 01:42:00+00:00,-137.147552
2015-09-03 01:43:00+00:00,-140.643097
2015-09-03 01:44:00+00:00,-135.889633
2015-09-03 01:45:00+00:00,-135.680542
2015-09-03 01:46:00+00:00,-133.220398
2015-09-03 01:47:00+00:00,-131.503036
2015-09-03 01:48:00+00:00,-126.654205
2015-09-03 01:49:00+00:00,-122.899246
2015-09-03 01:50:00+00:00,-120.602203
2015-09-03 01:51:00+00:00,-116.752106
2015-09-03 01:52:00+00:00,-113.492546
2015-09-03 01:53:00+00:00,-110.619583
2015-09-03 01:54:00+00:00,-113.358788
2015-09-03 01:55:00+00:00,-119.923416
2015-09-03 01:56:00+00:00,-125.382263
2015-09-03 01:57:00+00:00,-129.38353
2015-09-03 01:58:00+00:00,-132.649597
2015-09-03 01:59:00+00:00,-130.744263
2015-09-03 02:00:00+00:00,-127.25589
2015-09-03 02:01:00+00:00,-126.52095
2015-09-03 02:02:00+00:00,-125.140778
2015-09-03 02:03:00+00:00,-121.471436
2015-09-03 02:04:00+00:00,-123.631012
2015-09-03 02:05:00+00:00,-124.243195
2015-09-03 02:06:00+00:00,-120.33522
2015-09-03 02:07:00+00:00,-122.280502
2015-09-03 02:08:00+00:00,-121.07785
2015-09-03 02:09:00+00:00,-118.488892
2015-09-03 02:10:00+00:00,-115.410522
2015-09-03 02:11:00+00:00,-116.254021
2015-09-03 02:12:00+00:00,-115.197792
2015-09-03 02:13:00+00:00,-113.238823
2015-09-03 02:14:00+00:00,-114.126862
2015-09-03 02:15:00+00:00,-112.86631
2015-09-03 02:16:00+00:00,-118.80938
2015-09-03 02:17:00+00:00,-118.674744
2015-09-03 02:18:00+00:00,-101.351677
2015-09-03 02:19:00+00:00,-106.091789
2015-09-03 02:20:00+00:00,-104.77533
2015-09-03 02:21:00+00:00,-98.267281
2015-09-03 02:22:00+00:00,-100.288116
2015-09-03 02:23:00+00:00,-100.027199
2015-09-03 02:24:00+00:00,-104.532547
2015-09-03 02:25:00+00:00,-103.844749
2015-09-03 02:26:00+00:00,-99.007797
2015-09-03 02:27:00+00:00,-94.385902
2015-09-03 02:28:00+00:00,-91.900803
2015-09-03 02:29:00+00:00,-81.115814
2015-09-03 02:30:00+00:00,-81.051773
2015-09-03 02:31:00+00:00,-81.150848
2015-09-03 02:32:00+00:00,-97.128998
2015-09-03 02:33:00+00:00,-93.084755
2015-09-03 02:34:00+00:00,-89.803268
2015-09-03 02:35:00+00:00,-92.657074
2015-09-03 02:36:00+00:00,-95.05307
2015-09-03 02:37:00+00:00,-92.105125
2015-09-03 02:38:00+00:00,-89.470665
2015-09-03 02:39:00+00:00,-82.443977
2015-09-03 02:40:00+00:00,-83.327728
2015-09-03 02:41:00+00:00,-74.469299
2015-09-03 02:42:00+00:00,-72.446106
2015-09-03 02:43:00+00:00,-74.206764
2015-09-03 02:44:00+00:00,-75.06842
2015-09-03 02:45:00+00:00,-76.233368
2015-09-03 02:46:00+00:00,-66.005707
2015-09-03 02:47:00+00:00,-65.23671
2015-09-10 00:00:00+00:00,-216.637009
2015-09-10 00:01:00+00:00,-206.878326
2015-09-10 00:02:00+00:00,-196.26355
2015-09-10 00:03:00+00:00,-192.884323
2015-09-10 00:04:00+00:00,-182.051102
2015-09-10 00:05:00+00:00,-172.524536
2015-09-10 00:06:00+00:00,-167.815247
2015-09-10 00:07:00+00:00,-163.935928
2015-09-10 00:08:00+00:00,-154.714386
2015-09-10 00:09:00+00:00,-151.687729
2015-09-10 00:10:00+00:00,-149.102921
2015-09-10 00:11:00+00:00,-138.395416
2015-09-10 00:12:00+00:00,-138.364899
2015-09-10 00:13:00+00:00,-142.581665
2015-09-10 00:14:00+00:00,-155.34021
2015-09-10 00:15:00+00:00,-156.400482
2015-09-10 00:16:00+00:00,-153.06485
2015-09-10 00:17:00+00:00,-187.419937
2015-09-10 00:18:00+00:00,-203.594955
2015-09-10 00:19:00+00:00,-206.251129
2015-09-10 00:20:00+00:00,-190.601974
2015-09-10 00:21:00+00:00,-166.231796
2015-09-10 00:22:00+00:00,-168.021667
2015-09-10 00:23:00+00:00,-159.862457
2015-09-10 00:24:00+00:00,-159.983032
2015-09-10 00:25:00+00:00,-172.81308
2015-09-10 00:26:00+00:00,-181.660934
2015-09-10 00:27:00+00:00,-167.247955
2015-09-10 00:28:00+00:00,-153.147781
2015-09-10 00:29:00+00:00,-140.935699
2015-09-10 00:30:00+00:00,-132.844055
2015-09-10 00:31:00+00:00,-117.009445
2015-09-10 00:32:00+00:00,-118.161827
2015-09-10 00:33:00+00:00,-116.512321
2015-09-10 00:34:00+00:00,-117.8638
2015-09-10 00:35:00+00:00,-120.866806
2015-09-10 00:36:00+00:00,-125.110321
2015-09-10 00:37:00+00:00,-129.988251
2015-09-10 00:38:00+00:00,-127.630188
2015-09-10 00:39:00+00:00,-116.273788
2015-09-10 00:40:00+00:00,-107.507111
2015-09-10 00:41:00+00:00,-99.561714
2015-09-10 00:42:00+00:00,-91.843025
2015-09-10 00:43:00+00:00,-89.244728
2015-09-10 00:44:00+00:00,-86.758194
2015-09-10 00:45:00+00:00,-88.319061
2015-09-10 00:46:00+00:00,-87.474365
2015-09-10 00:47:00+00:00,-88.194962
2015-09-10 00:48:00+00:00,-88.66555
2015-09-10 00:49:00+00:00,-85.9058
2015-09-10 00:50:00+00:00,-84.425613
2015-09-10 00:51:00+00:00,-85.915565
2015-09-10 00:52:00+00:00,-81.480324
2015-09-10 00:53:00+00:00,-75.398277
2015-09-10 00:54:00+00:00,-70.99382
2015-09-10 00:55:00+00:00,-68.669418
2015-09-10 00:56:00+00:00,-67.685959
2015-09-10 00:57:00+00:00,-68.673462
2015-09-10 00:58:00+00:00,-61.053944
2015-09-10 00:59:00+00:00,-61.459663
2015-09-10 01:00:00+00:00,-65.029877
2015-09-10 01:01:00+00:00,-64.820801
2015-09-10 01:02:00+00:00,-66.431602
2015-09-10 01:03:00+00:00,-63.030457
2015-09-10 01:04:00+00:00,-59.566788
2015-09-10 01:05:00+00:00,-48.463783
2015-09-10 01:06:00+00:00,-48.65947
2015-09-10 01:07:00+00:00,-49.655457
2015-09-10 01:08:00+00:00,-50.756538
2015-09-10 01:09:00+00:00,-75.106117
2015-09-10 01:10:00+00:00,-95.898796
2015-09-10 01:11:00+00:00,-94.381813
2015-09-10 01:12:00+00:00,-94.489731
2015-09-10 01:13:00+00:00,-106.709808
2015-09-10 01:14:00+00:00,-108.647049
2015-09-10 01:15:00+00:00,-116.562172
2015-09-10 01:16:00+00:00,-83.074692
2015-09-10 01:17:00+00:00,-83.916931
2015-09-10 01:18:00+00:00,-65.77494
2015-09-10 01:19:00+00:00,-56.402527
2015-09-10 01:20:00+00:00,-51.199272
2015-09-10 01:21:00+00:00,-50.22298
2015-09-10 01:22:00+00:00,-60.814709
2015-09-10 01:23:00+00:00,-60.066792
2015-09-10 01:24:00+00:00,-51.4576
2015-09-10 01:25:00+00:00,-50.911644
2015-09-10 01:26:00+00:00,-50.497276
2015-09-10 01:27:00+00:00,-62.329403
2015-09-10 01:28:00+00:00,-80.842575
2015-09-10 01:29:00+00:00,-85.932716
2015-09-10 01:30:00+00:00,-83.158455
2015-09-10 01:31:00+00:00,-96.91658
2015-09-10 01:32:00+00:00,-105.671173
2015-09-10 01:33:00+00:00,-106.075577
2015-09-10 01:34:00+00:00,-113.967697
2015-09-10 01:35:00+00:00,-80.815331
2015-09-10 01:36:00+00:00,-64.286453
2015-09-10 01:37:00+00:00,-68.478424
2015-09-10 01:38:00+00:00,-69.101814
2015-09-10 01:39:00+00:00,-60.042107
2015-09-10 01:40:00+00:00,-55.839233
2015-09-10 01:41:00+00:00,-59.544353
2015-09-10 01:42:00+00:00,-68.399017
2015-09-10 01:43:00+00:00,-72.975525
2015-09-10 01:44:00+00:00,-68.023453
2015-09-10 01:45:00+00:00,-74.273209
2015-09-10 01:46:00+00:00,-95.78791
2015-09-10 01:47:00+00:00,-123.896683
2015-09-10 01:48:00+00:00,-184.731262
2015-09-10 01:49:00+00:00,-155.255539
2015-09-10 01:50:00+00:00,-114.257599
2015-09-10 01:51:00+00:00,-104.003822
2015-09-10 01:52:00+00:00,-99.277908
2015-09-10 01:53:00+00:00,-110.103806
2015-09-10 01:54:00+00:00,-101.092567
2015-09-10 01:55:00+00:00,-100.172913
2015-09-10 01:56:00+00:00,-99.56752
2015-09-10 01:57:00+00:00,-72.819382
2015-09-10 01:58:00+00:00,-52.357208
2015-09-10 01:59:00+00:00,-56.932076
2015-09-10 02:00:00+00:00,-53.990746
2015-09-10 02:01:00+00:00,-62.806095
2015-09-10 02:02:00+00:00,-65.397873
2015-09-10 02:03:00+00:00,-67.532761
2015-09-10 02:04:00+00:00,-64.353897
2015-09-10 02:05:00+00:00,-48.480537
2015-09-10 02:06:00+00:00,-52.259418
2015-09-10 02:07:00+00:00,-57.4394
2015-09-10 02:08:00+00:00,-60.71476
2015-09-10 02:09:00+00:00,-58.216969
2015-09-10 02:10:00+00:00,-53.61058
2015-09-10 02:11:00+00:00,-50.209667
2015-09-10 02:12:00+00:00,-58.900414
2015-09-10 02:13:00+00:00,-50.362133
2015-09-10 02:14:00+00:00,-50.240078
2015-09-10 02:15:00+00:00,-56.603924
2015-09-10 02:16:00+00:00,-60.305557
2015-09-10 02:17:00+00:00,-61.375065
2015-09-10 02:18:00+00:00,-74.301117
2015-09-10 02:19:00+00:00,-78.795921
2015-09-10 02:20:00+00:00,-79.764908
2015-09-10 02:21:00+00:00,-77.50853
2015-09-10 02:22:00+00:00,-66.027733
2015-09-10 02:23:00+00:00,-54.522743
2015-09-10 02:24:00+00:00,-51.566341
2015-09-10 02:25:00+00:00,-51.648598
2015-09-10 02:26:00+00:00,-51.338772
2015-09-10 02:27:00+00:00,-51.222748
2015-09-10 02:28:00+00:00,-51.21455
2015-09-10 02:29:00+00:00,-51.202461
2015-09-10 02:30:00+00:00,-50.989868
2015-09-10 02:31:00+00:00,-50.879551
2015-09-10 02:32:00+00:00,-50.871872
2015-09-10 02:33:00+00:00,-50.560539
2015-09-10 02:34:00+00:00,-50.15255
2015-09-10 02:35:00+00:00,-49.845123
2015-09-10 02:36:00+00:00,-49.538612
2015-09-10 02:37:00+00:00,-49.334404
2015-09-10 02:38:00+00:00,-48.627281
2015-09-10 02:39:00+00:00,-48.225639
2015-09-10 02:40:00+00:00,-48.424362
2015-09-10 02:41:00+00:00,-49.022232
2015-09-10 02:42:00+00:00,-49.222336
2015-09-10 02:43:00+00:00,-49.620338
2015-09-10 02:44:00+00:00,-49.722076
2015-09-10 02:45:00+00:00,-49.619286
2015-09-10 02:46:00+00:00,-49.120522
2015-09-10 02:47:00+00:00,-49.624176
2015-09-17 00:00:00+00:00,-815.99408
2015-09-17 00:01:00+00:00,-839.560364
2015-09-17 00:02:00+00:00,-861.295593
2015-09-17 00:03:00+00:00,-849.629333
2015-09-17 00:04:00+00:00,-812.172791
2015-09-17 00:05:00+00:00,-805.538818
2015-09-17 00:06:00+00:00,-801.564697
2015-09-17 00:07:00+00:00,-776.119019
2015-09-17 00:08:00+00:00,-763.911255
2015-09-17 00:09:00+00:00,-708.62854
2015-09-17 00:10:00+00:00,-671.765259
2015-09-17 00:11:00+00:00,-616.726624
2015-09-17 00:12:00+00:00,-577.418701
2015-09-17 00:13:00+00:00,-622.191284
2015-09-17 00:14:00+00:00,-663.099243
2015-09-17 00:15:00+00:00,-675.21698
2015-09-17 00:16:00+00:00,-665.509399
2015-09-17 00:17:00+00:00,-652.492493
2015-09-17 00:18:00+00:00,-672.03363
2015-09-17 00:19:00+00:00,-681.276611
2015-09-17 00:20:00+00:00,-675.289185
2015-09-17 00:21:00+00:00,-705.853821
2015-09-17 00:22:00+00:00,-705.14801
2015-09-17 00:23:00+00:00,-670.60083
2015-09-17 00:24:00+00:00,-625.154358
2015-09-17 00:25:00+00:00,-571.440735
2015-09-17 00:26:00+00:00,-538.174072
2015-09-17 00:27:00+00:00,-509.515411
2015-09-17 00:28:00+00:00,-514.503601
2015-09-17 00:29:00+00:00,-507.93576
2015-09-17 00:30:00+00:00,-522.937134
2015-09-17 00:31:00+00:00,-515.433655
2015-09-17 00:32:00+00:00,-476.587494
2015-09-17 00:33:00+00:00,-487.019836
2015-09-17 00:34:00+00:00,-504.690369
2015-09-17 00:35:00+00:00,-514.405945
2015-09-17 00:36:00+00:00,-523.625488
2015-09-17 00:37:00+00:00,-538.812866
2015-09-17 00:38:00+00:00,-509.364471
2015-09-17 00:39:00+00:00,-474.876801
2015-09-17 00:40:00+00:00,-451.207367
2015-09-17 00:41:00+00:00,-435.766327
2015-09-17 00:42:00+00:00,-426.955963
2015-09-17 00:43:00+00:00,-414.937683
2015-09-17 00:44:00+00:00,-401.921478
2015-09-17 00:45:00+00:00,-410.741028
2015-09-17 00:46:00+00:00,-395.618408
2015-09-17 00:47:00+00:00,-375.406311
2015-09-17 00:48:00+00:00,-341.302185
2015-09-17 00:49:00+00:00,-320.706604
2015-09-17 00:50:00+00:00,-298.990356
2015-09-17 00:51:00+00:00,-271.914642
2015-09-17 00:52:00+00:00,-278.788147
2015-09-17 00:53:00+00:00,-260.940094
2015-09-17 00:54:00+00:00,-260.174042
2015-09-17 00:55:00+00:00,-259.50473
2015-09-17 00:56:00+00:00,-259.217224
2015-09-17 00:57:00+00:00,-243.703278
2015-09-17 00:58:00+00:00,-210.243484
2015-09-17 00:59:00+00:00,-198.731506
2015-09-17 01:00:00+00:00,-194.165283
2015-09-17 01:01:00+00:00,-184.823151
2015-09-17 01:02:00+00:00,-180.925751
2015-09-17 01:03:00+00:00,-182.439301
2015-09-17 01:04:00+00:00,-170.275742
2015-09-17 01:05:00+00:00,-159.402603
2015-09-17 01:06:00+00:00,-153.888565
2015-09-17 01:07:00+00:00,-147.907959
2015-09-17 01:08:00+00:00,-136.119934
2015-09-17 01:09:00+00:00,-126.53006
2015-09-17 01:10:00+00:00,-123.352417
2015-09-17 01:11:00+00:00,-117.769661
2015-09-17 01:12:00+00:00,-112.32869
2015-09-17 01:13:00+00:00,-106.026764
2015-09-17 01:14:00+00:00,-94.068596
2015-09-17 01:15:00+00:00,-94.769737
2015-09-17 01:16:00+00:00,-89.124725
2015-09-17 01:17:00+00:00,-86.611885
2015-09-17 01:18:00+00:00,-93.107117
2015-09-17 01:19:00+00:00,-90.975761
2015-09-17 01:20:00+00:00,-90.455002
2015-09-17 01:21:00+00:00,-92.959724
2015-09-17 01:22:00+00:00,-105.792725
2015-09-17 01:23:00+00:00,-82.47303
2015-09-17 01:24:00+00:00,-76.118813
2015-09-17 01:25:00+00:00,-79.136024
2015-09-17 01:26:00+00:00,-88.09864
2015-09-17 01:27:00+00:00,-92.502518
2015-09-17 01:28:00+00:00,-98.612053
2015-09-17 01:29:00+00:00,-103.045113
2015-09-17 01:30:00+00:00,-99.846306
2015-09-17 01:31:00+00:00,-94.293549
2015-09-17 01:32:00+00:00,-92.620636
2015-09-17 01:33:00+00:00,-99.416382
2015-09-17 01:34:00+00:00,-99.536179
2015-09-17 01:35:00+00:00,-92.312981
2015-09-17 01:36:00+00:00,-79.190819
2015-09-17 01:37:00+00:00,-82.626266
2015-09-17 01:38:00+00:00,-103.672195
2015-09-17 01:39:00+00:00,-164.253693
2015-09-17 01:40:00+00:00,-191.913467
2015-09-17 01:41:00+00:00,-133.04982
2015-09-17 01:42:00+00:00,-92.597237
2015-09-17 01:43:00+00:00,-73.204964
2015-09-17 01:44:00+00:00,-77.413963
2015-09-17 01:45:00+00:00,-71.110252
2015-09-17 01:46:00+00:00,-65.13401
2015-09-17 01:47:00+00:00,-64.206337
2015-09-17 01:48:00+00:00,-64.962212
2015-09-17 01:49:00+00:00,-67.072128
2015-09-17 01:50:00+00:00,-75.348076
2015-09-17 01:51:00+00:00,-95.397049
2015-09-17 01:52:00+00:00,-81.940643
2015-09-17 01:53:00+00:00,-95.062881
2015-09-17 01:54:00+00:00,-142.157318
2015-09-17 01:55:00+00:00,-134.781433
2015-09-17 01:56:00+00:00,-186.452347
2015-09-17 01:57:00+00:00,-180.963913
2015-09-17 01:58:00+00:00,-144.589493
2015-09-17 01:59:00+00:00,-113.818672
2015-09-17 02:00:00+00:00,-102.584244
2015-09-17 02:01:00+00:00,-99.190018
2015-09-17 02:02:00+00:00,-92.16713
2015-09-17 02:03:00+00:00,-82.74939
2015-09-17 02:04:00+00:00,-74.162033
2015-09-17 02:05:00+00:00,-81.239166
2015-09-17 02:06:00+00:00,-77.277573
2015-09-17 02:07:00+00:00,-73.497337
2015-09-17 02:08:00+00:00,-74.435921
2015-09-17 02:09:00+00:00,-81.912155
2015-09-17 02:10:00+00:00,-93.371429
2015-09-17 02:11:00+00:00,-107.561836
2015-09-17 02:12:00+00:00,-118.916077
2015-09-17 02:13:00+00:00,-119.368774
2015-09-17 02:14:00+00:00,-119.740692
2015-09-17 02:15:00+00:00,-121.491959
2015-09-17 02:16:00+00:00,-121.073334
2015-09-17 02:17:00+00:00,-127.169441
2015-09-17 02:18:00+00:00,-140.053802
2015-09-17 02:19:00+00:00,-141.315323
2015-09-17 02:20:00+00:00,-142.000977
2015-09-17 02:21:00+00:00,-152.72995
2015-09-17 02:22:00+00:00,-148.663925
2015-09-17 02:23:00+00:00,-142.80777
2015-09-17 02:24:00+00:00,-140.579102
2015-09-17 02:25:00+00:00,-144.717285
2015-09-17 02:26:00+00:00,-146.820984
2015-09-17 02:27:00+00:00,-144.360962
2015-09-17 02:28:00+00:00,-142.463303
2015-09-17 02:29:00+00:00,-143.627289
2015-09-17 02:30:00+00:00,-145.98494
2015-09-17 02:31:00+00:00,-139.410553
2015-09-17 02:32:00+00:00,-140.551331
2015-09-17 02:33:00+00:00,-144.563019
2015-09-17 02:34:00+00:00,-146.463577
2015-09-17 02:35:00+00:00,-149.605148
2015-09-17 02:36:00+00:00,-148.328583
2015-09-17 02:37:00+00:00,-150.499008
2015-09-17 02:38:00+00:00,-148.557632
2015-09-17 02:39:00+00:00,-150.05687
2015-09-17 02:40:00+00:00,-146.141144
2015-09-17 02:41:00+00:00,-149.931351
2015-09-17 02:42:00+00:00,-171.888611
2015-09-17 02:43:00+00:00,-152.941681
2015-09-17 02:44:00+00:00,-148.511765
2015-09-17 02:45:00+00:00,-141.95282
2015-09-17 02:46:00+00:00,-145.961304
2015-09-17 02:47:00+00:00,-155.150925
2015-09-24 00:00:00+00:00,-39.774567
2015-09-24 00:01:00+00:00,-38.785118
2015-09-24 00:02:00+00:00,-43.969051
2015-09-24 00:03:00+00:00,-43.524319
2015-09-24 00:04:00+00:00,-28.976322
2015-09-24 00:05:00+00:00,-18.405396
2015-09-24 00:06:00+00:00,-15.087194
2015-09-24 00:07:00+00:00,-17.262173
2015-09-24 00:08:00+00:00,-20.477003
2015-09-24 00:09:00+00:00,-24.41637
2015-09-24 00:10:00+00:00,-25.38109
2015-09-24 00:11:00+00:00,-26.169731
2015-09-24 00:12:00+00:00,-24.993155
2015-09-24 00:13:00+00:00,-23.345949
2015-09-24 00:14:00+00:00,-25.307322
2015-09-24 00:15:00+00:00,-26.31864
2015-09-24 00:16:00+00:00,-28.316999
2015-09-24 00:17:00+00:00,-31.252073
2015-09-24 00:18:00+00:00,-37.260052
2015-09-24 00:19:00+00:00,-37.361076
2015-09-24 00:20:00+00:00,-34.35004
2015-09-24 00:21:00+00:00,-34.35524
2015-09-24 00:22:00+00:00,-34.322403
2015-09-24 00:23:00+00:00,-32.251438
2015-09-24 00:24:00+00:00,-26.342024
2015-09-24 00:25:00+00:00,-44.172531
2015-09-24 00:26:00+00:00,-29.037794
2015-09-24 00:27:00+00:00,-36.194893
2015-09-24 00:28:00+00:00,-37.034649
2015-09-24 00:29:00+00:00,-41.97905
2015-09-24 00:30:00+00:00,-46.280186
2015-09-24 00:31:00+00:00,-49.101028
2015-09-24 00:32:00+00:00,-54.639015
2015-09-24 00:33:00+00:00,-44.566673
2015-09-24 00:34:00+00:00,-40.714375
2015-09-24 00:35:00+00:00,-42.242584
2015-09-24 00:36:00+00:00,-46.176094
2015-09-24 00:37:00+00:00,-51.619251
2015-09-24 00:38:00+00:00,-48.094521
2015-09-24 00:39:00+00:00,-44.244602
2015-09-24 00:40:00+00:00,-55.092541
2015-09-24 00:41:00+00:00,-62.147346
2015-09-24 00:42:00+00:00,-50.52425
2015-09-24 00:43:00+00:00,-28.645109
2015-09-24 00:44:00+00:00,-28.276129
2015-09-24 00:45:00+00:00,-34.327854
2015-09-24 00:46:00+00:00,-46.698784
2015-09-24 00:47:00+00:00,-59.979107
2015-09-24 00:48:00+00:00,-64.164444
2015-09-24 00:49:00+00:00,-55.695263
2015-09-24 00:50:00+00:00,-51.600391
2015-09-24 00:51:00+00:00,-49.503994
2015-09-24 00:52:00+00:00,-52.188084
2015-09-24 00:53:00+00:00,-56.466293
2015-09-24 00:54:00+00:00,-59.762974
2015-09-24 00:55:00+00:00,-63.486343
2015-09-24 00:56:00+00:00,-63.124722
2015-09-24 00:57:00+00:00,-67.508209
2015-09-24 00:58:00+00:00,-71.997673
2015-09-24 00:59:00+00:00,-72.289413
2015-09-24 01:00:00+00:00,-74.134453
2015-09-24 01:01:00+00:00,-76.709091
2015-09-24 01:02:00+00:00,-79.202888
2015-09-24 01:03:00+00:00,-73.374702
2015-09-24 01:04:00+00:00,-67.405251
2015-09-24 01:05:00+00:00,-66.965515
2015-09-24 01:06:00+00:00,-68.550438
2015-09-24 01:07:00+00:00,-68.109245
2015-09-24 01:08:00+00:00,-63.520718
2015-09-24 01:09:00+00:00,-58.86499
2015-09-24 01:10:00+00:00,-54.395061
2015-09-24 01:11:00+00:00,-54.692055
2015-09-24 01:12:00+00:00,-56.146652
2015-09-24 01:13:00+00:00,-55.643204
2015-09-24 01:14:00+00:00,-52.856201
2015-09-24 01:15:00+00:00,-49.458324
2015-09-24 01:16:00+00:00,-47.369694
2015-09-24 01:17:00+00:00,-47.263706
2015-09-24 01:18:00+00:00,-43.574516
2015-09-24 01:19:00+00:00,-38.799252
2015-09-24 01:20:00+00:00,-36.714027
2015-09-24 01:21:00+00:00,-36.93465
2015-09-24 01:22:00+00:00,-38.985905
2015-09-24 01:23:00+00:00,-40.598656
2015-09-24 01:24:00+00:00,-50.895004
2015-09-24 01:25:00+00:00,-46.987518
2015-09-24 01:26:00+00:00,-38.434361
2015-09-24 01:27:00+00:00,-40.972031
2015-09-24 01:28:00+00:00,-43.875061
2015-09-24 01:29:00+00:00,-50.628914
2015-09-24 01:30:00+00:00,-63.612686
2015-09-24 01:31:00+00:00,-51.504181
2015-09-24 01:32:00+00:00,-30.493513
2015-09-24 01:33:00+00:00,-30.595039
2015-09-24 01:34:00+00:00,-38.573208
2015-09-24 01:35:00+00:00,-40.555031
2015-09-24 01:36:00+00:00,-38.537029
2015-09-24 01:37:00+00:00,-34.523296
2015-09-24 01:38:00+00:00,-36.815205
2015-09-24 01:39:00+00:00,-29.986429
2015-09-24 01:40:00+00:00,-29.915251
2015-09-24 01:41:00+00:00,-30.952654
2015-09-24 01:42:00+00:00,-72.701256
2015-09-24 01:43:00+00:00,-73.526054
2015-09-24 01:44:00+00:00,-70.486198
2015-09-24 01:45:00+00:00,-62.204197
2015-09-24 01:46:00+00:00,-64.255135
2015-09-24 01:47:00+00:00,-59.799553
2015-09-24 01:48:00+00:00,-33.787003
2015-09-24 01:49:00+00:00,-33.428886
2015-09-24 01:50:00+00:00,-44.857666
2015-09-24 01:51:00+00:00,-47.617409
2015-09-24 01:52:00+00:00,-37.138672
2015-09-24 01:53:00+00:00,-39.994015
2015-09-24 01:54:00+00:00,-43.195839
2015-09-24 01:55:00+00:00,-40.239445
2015-09-24 01:56:00+00:00,-41.462376
2015-09-24 01:57:00+00:00,-51.690449
2015-09-24 01:58:00+00:00,-51.63205
2015-09-24 01:59:00+00:00,-49.573616
2015-09-24 02:00:00+00:00,-46.805244
2015-09-24 02:01:00+00:00,-50.469727
2015-09-24 02:02:00+00:00,-51.753799
2015-09-24 02:03:00+00:00,-49.448761
2015-09-24 02:04:00+00:00,-49.227604
2015-09-24 02:05:00+00:00,-46.502289
2015-09-24 02:06:00+00:00,-45.015549
2015-09-24 02:07:00+00:00,-47.004982
2015-09-24 02:08:00+00:00,-44.964588
2015-09-24 02:09:00+00:00,-40.450031
2015-09-24 02:10:00+00:00,-40.024788
2015-09-24 02:11:00+00:00,-42.520882
2015-09-24 02:12:00+00:00,-42.891438
2015-09-24 02:13:00+00:00,-43.873753
2015-09-24 02:14:00+00:00,-45.855782
2015-09-24 02:15:00+00:00,-45.835651
2015-09-24 02:16:00+00:00,-45.818741
2015-09-24 02:17:00+00:00,-50.801178
2015-09-24 02:18:00+00:00,-146.72081
2015-09-24 02:19:00+00:00,-176.60817
2015-09-24 02:20:00+00:00,-204.213303
2015-09-24 02:21:00+00:00,-226.452881
2015-09-24 02:22:00+00:00,-221.660553
2015-09-24 02:23:00+00:00,-192.824326
2015-09-24 02:24:00+00:00,-164.826996
2015-09-24 02:25:00+00:00,-168.477158
2015-09-24 02:26:00+00:00,-157.713333
2015-09-24 02:27:00+00:00,-204.347946
2015-09-24 02:28:00+00:00,-272.33728
2015-09-24 02:29:00+00:00,-363.13681
2015-09-24 02:30:00+00:00,-334.2258
2015-09-24 02:31:00+00:00,-323.03949
2015-09-24 02:32:00+00:00,-292.010071
2015-09-24 02:33:00+00:00,-421.212677
2015-09-24 02:34:00+00:00,-498.131317
2015-09-24 02:35:00+00:00,-451.008209
2015-09-24 02:36:00+00:00,-466.30542
2015-09-24 02:37:00+00:00,-315.96051
2015-09-24 02:38:00+00:00,-303.547455
2015-09-24 02:39:00+00:00,-273.003296
2015-09-24 02:40:00+00:00,-290.435913
2015-09-24 02:41:00+00:00,-277.018158
2015-09-24 02:42:00+00:00,-289.734375
2015-09-24 02:43:00+00:00,-262.302795
2015-09-24 02:44:00+00:00,-286.581055
2015-09-24 02:45:00+00:00,-307.574158
2015-09-24 02:46:00+00:00,-305.796448
2015-09-24 02:47:00+00:00,-324.241211
2015-10-01 00:00:00+00:00,-77.409073
2015-10-01 00:01:00+00:00,-78.610382
2015-10-01 00:02:00+00:00,-76.10405
2015-10-01 00:03:00+00:00,-87.110649
2015-10-01 00:04:00+00:00,-85.184738
2015-10-01 00:05:00+00:00,-91.906265
2015-10-01 00:06:00+00:00,-90.169762
2015-10-01 00:07:00+00:00,-92.151642
2015-10-01 00:08:00+00:00,-89.727829
2015-10-01 00:09:00+00:00,-87.453865
2015-10-01 00:10:00+00:00,-90.727074
2015-10-01 00:11:00+00:00,-87.64418
2015-10-01 00:12:00+00:00,-96.931877
2015-10-01 00:13:00+00:00,-101.260033
2015-10-01 00:14:00+00:00,-108.325516
2015-10-01 00:15:00+00:00,-116.501793
2015-10-01 00:16:00+00:00,-112.918282
2015-10-01 00:17:00+00:00,-111.253708
2015-10-01 00:18:00+00:00,-119.55883
2015-10-01 00:19:00+00:00,-121.944145
2015-10-01 00:20:00+00:00,-123.356773
2015-10-01 00:21:00+00:00,-123.519684
2015-10-01 00:22:00+00:00,-122.300034
2015-10-01 00:23:00+00:00,-121.995003
2015-10-01 00:24:00+00:00,-120.627899
2015-10-01 00:25:00+00:00,-121.898788
2015-10-01 00:26:00+00:00,-119.992119
2015-10-01 00:27:00+00:00,-123.029816
2015-10-01 00:28:00+00:00,-118.49028
2015-10-01 00:29:00+00:00,-119.144135
2015-10-01 00:30:00+00:00,-141.890884
2015-10-01 00:31:00+00:00,-131.970764
2015-10-01 00:32:00+00:00,-158.505127
2015-10-01 00:33:00+00:00,-193.130737
2015-10-01 00:34:00+00:00,-168.662048
2015-10-01 00:35:00+00:00,-183.453583
2015-10-01 00:36:00+00:00,-197.399979
2015-10-01 00:37:00+00:00,-205.426849
2015-10-01 00:38:00+00:00,-199.856598
2015-10-01 00:39:00+00:00,-186.994888
2015-10-01 00:40:00+00:00,-180.878876
2015-10-01 00:41:00+00:00,-184.590591
2015-10-01 00:42:00+00:00,-153.674988
2015-10-01 00:43:00+00:00,-142.469986
2015-10-01 00:44:00+00:00,-150.175781
2015-10-01 00:45:00+00:00,-147.889084
2015-10-01 00:46:00+00:00,-152.230057
2015-10-01 00:47:00+00:00,-172.175262
2015-10-01 00:48:00+00:00,-170.724716
2015-10-01 00:49:00+00:00,-165.965378
2015-10-01 00:50:00+00:00,-155.106232
2015-10-01 00:51:00+00:00,-153.817184
2015-10-01 00:52:00+00:00,-178.279022
2015-10-01 00:53:00+00:00,-187.163574
2015-10-01 00:54:00+00:00,-159.958191
2015-10-01 00:55:00+00:00,-173.259583
2015-10-01 00:56:00+00:00,-142.48082
2015-10-01 00:57:00+00:00,-148.145386
2015-10-01 00:58:00+00:00,-134.947586
2015-10-01 00:59:00+00:00,-135.108505
2015-10-01 01:00:00+00:00,-130.320694
2015-10-01 01:01:00+00:00,-126.953926
2015-10-01 01:02:00+00:00,-123.830688
2015-10-01 01:03:00+00:00,-121.843521
2015-10-01 01:04:00+00:00,-123.321457
2015-10-01 01:05:00+00:00,-125.568184
2015-10-01 01:06:00+00:00,-128.803497
2015-10-01 01:07:00+00:00,-128.510483
2015-10-01 01:08:00+00:00,-128.679245
2015-10-01 01:09:00+00:00,-118.443237
2015-10-01 01:10:00+00:00,-114.837868
2015-10-01 01:11:00+00:00,-112.60453
2015-10-01 01:12:00+00:00,-111.308609
2015-10-01 01:13:00+00:00,-133.920593
2015-10-01 01:14:00+00:00,-154.08107
2015-10-01 01:15:00+00:00,-164.722061
2015-10-01 01:16:00+00:00,-132.779922
2015-10-01 01:17:00+00:00,-95.624756
2015-10-01 01:18:00+00:00,-93.944534
2015-10-01 01:19:00+00:00,-88.203369
2015-10-01 01:20:00+00:00,-87.415863
2015-10-01 01:21:00+00:00,-88.396027
2015-10-01 01:22:00+00:00,-82.215858
2015-10-01 01:23:00+00:00,-76.352493
2015-10-01 01:24:00+00:00,-75.203354
2015-10-01 01:25:00+00:00,-75.444168
2015-10-01 01:26:00+00:00,-76.230171
2015-10-01 01:27:00+00:00,-76.53495
2015-10-01 01:28:00+00:00,-73.701233
2015-10-01 01:29:00+00:00,-73.799667
2015-10-01 01:30:00+00:00,-70.295021
2015-10-01 01:31:00+00:00,-69.92347
2015-10-01 01:32:00+00:00,-69.563782
2015-10-01 01:33:00+00:00,-67.892754
2015-10-01 01:34:00+00:00,-66.490494
2015-10-01 01:35:00+00:00,-64.186157
2015-10-01 01:36:00+00:00,-63.913185
2015-10-01 01:37:00+00:00,-61.232475
2015-10-01 01:38:00+00:00,-59.14101
2015-10-01 01:39:00+00:00,-56.629059
2015-10-01 01:40:00+00:00,-56.250374
2015-10-01 01:41:00+00:00,-55.59959
2015-10-01 01:42:00+00:00,-70.252281
2015-10-01 01:43:00+00:00,-72.030869
2015-10-01 01:44:00+00:00,-69.861237
2015-10-01 01:45:00+00:00,-62.55806
2015-10-01 01:46:00+00:00,-65.219879
2015-10-01 01:47:00+00:00,-64.018593
2015-10-01 01:48:00+00:00,-63.85461
2015-10-01 01:49:00+00:00,-70.940826
2015-10-01 01:50:00+00:00,-67.629807
2015-10-01 01:51:00+00:00,-65.689087
2015-10-01 01:52:00+00:00,-73.924469
2015-10-01 01:53:00+00:00,-82.811485
2015-10-01 01:54:00+00:00,-85.171455
2015-10-01 01:55:00+00:00,-63.15477
2015-10-01 01:56:00+00:00,-66.90284
2015-10-01 01:57:00+00:00,-69.153519
2015-10-01 01:58:00+00:00,-66.776985
2015-10-01 01:59:00+00:00,-65.174507
2015-10-01 02:00:00+00:00,-63.38533
2015-10-01 02:01:00+00:00,-66.537231
2015-10-01 02:02:00+00:00,-66.330429
2015-10-01 02:03:00+00:00,-66.476852
2015-10-01 02:04:00+00:00,-107.0326
2015-10-01 02:05:00+00:00,-125.368706
2015-10-01 02:06:00+00:00,-140.300827
2015-10-01 02:07:00+00:00,-147.082138
2015-10-01 02:08:00+00:00,-154.68512
2015-10-01 02:09:00+00:00,-138.249435
2015-10-01 02:10:00+00:00,-117.989899
2015-10-01 02:11:00+00:00,-97.235588
2015-10-01 02:12:00+00:00,-78.266098
2015-10-01 02:13:00+00:00,-96.288673
2015-10-01 02:14:00+00:00,-75.383881
2015-10-01 02:15:00+00:00,-79.402046
2015-10-01 02:16:00+00:00,-90.172394
2015-10-01 02:17:00+00:00,-105.96347
2015-10-01 02:18:00+00:00,-90.847542
2015-10-01 02:19:00+00:00,-61.74453
2015-10-01 02:20:00+00:00,-49.589905
2015-10-01 02:21:00+00:00,-53.930336
2015-10-01 02:22:00+00:00,-57.33828
2015-10-01 02:23:00+00:00,-60.683681
2015-10-01 02:24:00+00:00,-59.175537
2015-10-01 02:25:00+00:00,-54.865623
2015-10-01 02:26:00+00:00,-72.632179
2015-10-01 02:27:00+00:00,-108.915619
2015-10-01 02:28:00+00:00,-112.337936
2015-10-01 02:29:00+00:00,-118.299736
2015-10-01 02:30:00+00:00,-98.463654
2015-10-01 02:31:00+00:00,-87.516502
2015-10-01 02:32:00+00:00,-88.923157
2015-10-01 02:33:00+00:00,-98.019554
2015-10-01 02:34:00+00:00,-77.812508
2015-10-01 02:35:00+00:00,-70.93972
2015-10-01 02:36:00+00:00,-82.91317
2015-10-01 02:37:00+00:00,-72.903206
2015-10-01 02:38:00+00:00,-67.436554
2015-10-01 02:39:00+00:00,-66.31456
2015-10-01 02:40:00+00:00,-66.40731
2015-10-01 02:41:00+00:00,-67.015633
2015-10-01 02:42:00+00:00,-68.338745
2015-10-01 02:43:00+00:00,-69.801491
2015-10-01 02:44:00+00:00,-70.278656
2015-10-01 02:45:00+00:00,-72.131081
2015-10-01 02:46:00+00:00,-75.470856
2015-10-01 02:47:00+00:00,-79.119293
2015-10-08 00:00:00+00:00,-199.628769
2015-10-08 00:01:00+00:00,-281.123779
2015-10-08 00:02:00+00:00,-332.691284
2015-10-08 00:03:00+00:00,-334.801453
2015-10-08 00:04:00+00:00,-318.050201
2015-10-08 00:05:00+00:00,-276.241669
2015-10-08 00:06:00+00:00,-513.164551
2015-10-08 00:07:00+00:00,-411.003662
2015-10-08 00:08:00+00:00,-404.88797
2015-10-08 00:09:00+00:00,-417.962616
2015-10-08 00:10:00+00:00,-464.496063
2015-10-08 00:11:00+00:00,-507.938721
2015-10-08 00:12:00+00:00,-514.426453
2015-10-08 00:13:00+00:00,-515.846985
2015-10-08 00:14:00+00:00,-633.845337
2015-10-08 00:15:00+00:00,-645.135193
2015-10-08 00:16:00+00:00,-601.449585
2015-10-08 00:17:00+00:00,-591.124634
2015-10-08 00:18:00+00:00,-542.018311
2015-10-08 00:19:00+00:00,-509.823242
2015-10-08 00:20:00+00:00,-393.188812
2015-10-08 00:21:00+00:00,-417.060944
2015-10-08 00:22:00+00:00,-394.344086
2015-10-08 00:23:00+00:00,-376.580566
2015-10-08 00:24:00+00:00,-366.724731
2015-10-08 00:25:00+00:00,-378.164795
2015-10-08 00:26:00+00:00,-466.332245
2015-10-08 00:27:00+00:00,-482.043304
2015-10-08 00:28:00+00:00,-409.578888
2015-10-08 00:29:00+00:00,-410.4245
2015-10-08 00:30:00+00:00,-416.927429
2015-10-08 00:31:00+00:00,-415.812012
2015-10-08 00:32:00+00:00,-454.090454
2015-10-08 00:33:00+00:00,-412.694153
2015-10-08 00:34:00+00:00,-422.718079
2015-10-08 00:35:00+00:00,-450.276093
2015-10-08 00:36:00+00:00,-436.229401
2015-10-08 00:37:00+00:00,-463.396942
2015-10-08 00:38:00+00:00,-505.641449
2015-10-08 00:39:00+00:00,-517.018616
2015-10-08 00:40:00+00:00,-492.196625
2015-10-08 00:41:00+00:00,-482.476257
2015-10-08 00:42:00+00:00,-481.71698
2015-10-08 00:43:00+00:00,-473.489258
2015-10-08 00:44:00+00:00,-468.424011
2015-10-08 00:45:00+00:00,-440.883484
2015-10-08 00:46:00+00:00,-403.760529
2015-10-08 00:47:00+00:00,-361.492676
2015-10-08 00:48:00+00:00,-289.02832
2015-10-08 00:49:00+00:00,-277.358032
2015-10-08 00:50:00+00:00,-320.29834
2015-10-08 00:51:00+00:00,-348.592102
2015-10-08 00:52:00+00:00,-365.881592
2015-10-08 00:53:00+00:00,-349.906708
2015-10-08 00:54:00+00:00,-336.54248
2015-10-08 00:55:00+00:00,-328.702911
2015-10-08 00:56:00+00:00,-316.195618
2015-10-08 00:57:00+00:00,-273.021606
2015-10-08 00:58:00+00:00,-232.778366
2015-10-08 00:59:00+00:00,-237.715652
2015-10-08 01:00:00+00:00,-252.45813
2015-10-08 01:01:00+00:00,-212.446671
2015-10-08 01:02:00+00:00,-153.599777
2015-10-08 01:03:00+00:00,-129.054169
2015-10-08 01:04:00+00:00,-122.145836
2015-10-08 01:05:00+00:00,-97.541718
2015-10-08 01:06:00+00:00,-82.585335
2015-10-08 01:07:00+00:00,-78.891403
2015-10-08 01:08:00+00:00,-122.405289
2015-10-08 01:09:00+00:00,-74.433731
2015-10-08 01:10:00+00:00,-74.886482
2015-10-08 01:11:00+00:00,-74.472168
2015-10-08 01:12:00+00:00,-76.483398
2015-10-08 01:13:00+00:00,-78.316666
2015-10-08 01:14:00+00:00,-87.185356
2015-10-08 01:15:00+00:00,-97.865753
2015-10-08 01:16:00+00:00,-109.377182
2015-10-08 01:17:00+00:00,-104.709702
2015-10-08 01:18:00+00:00,-88.063385
2015-10-08 01:19:00+00:00,-79.896408
2015-10-08 01:20:00+00:00,-74.490746
2015-10-08 01:21:00+00:00,-76.577682
2015-10-08 01:22:00+00:00,-79.26619
2015-10-08 01:23:00+00:00,-82.855774
2015-10-08 01:24:00+00:00,-147.915573
2015-10-08 01:25:00+00:00,-92.907303
2015-10-08 01:26:00+00:00,-137.767365
2015-10-08 01:27:00+00:00,-222.137741
2015-10-08 01:28:00+00:00,-302.717346
2015-10-08 01:29:00+00:00,-178.380127
2015-10-08 01:30:00+00:00,-174.468399
2015-10-08 01:31:00+00:00,-220.60849
2015-10-08 01:32:00+00:00,-254.280701
2015-10-08 01:33:00+00:00,-315.022552
2015-10-08 01:34:00+00:00,-291.391052
2015-10-08 01:35:00+00:00,-289.716705
2015-10-08 01:36:00+00:00,-297.33844
2015-10-08 01:37:00+00:00,-272.111725
2015-10-08 01:38:00+00:00,-256.064026
2015-10-08 01:39:00+00:00,-226.522263
2015-10-08 01:40:00+00:00,-238.80365
2015-10-08 01:41:00+00:00,-233.352295
2015-10-08 01:42:00+00:00,-228.410233
2015-10-08 01:43:00+00:00,-219.596466
2015-10-08 01:44:00+00:00,-190.860031
2015-10-08 01:45:00+00:00,-169.739746
2015-10-08 01:46:00+00:00,-162.276657
2015-10-08 01:47:00+00:00,-158.918762
2015-10-08 01:48:00+00:00,-175.975998
2015-10-08 01:49:00+00:00,-241.748047
2015-10-08 01:50:00+00:00,-155.835907
2015-10-08 01:51:00+00:00,-153.809235
2015-10-08 01:52:00+00:00,-147.344421
2015-10-08 01:53:00+00:00,-133.031677
2015-10-08 01:54:00+00:00,-123.875595
2015-10-08 01:55:00+00:00,-138.848129
2015-10-08 01:56:00+00:00,-150.498016
2015-10-08 01:57:00+00:00,-157.774017
2015-10-08 01:58:00+00:00,-158.232559
2015-10-08 01:59:00+00:00,-197.334076
2015-10-08 02:00:00+00:00,-181.009064
2015-10-08 02:01:00+00:00,-178.796402
2015-10-08 02:02:00+00:00,-192.899109
2015-10-08 02:03:00+00:00,-216.354538
2015-10-08 02:04:00+00:00,-258.406311
2015-10-08 02:05:00+00:00,-190.857086
2015-10-08 02:06:00+00:00,-158.289062
2015-10-08 02:07:00+00:00,-203.688599
2015-10-08 02:08:00+00:00,-266.782745
2015-10-08 02:09:00+00:00,-314.820374
2015-10-08 02:10:00+00:00,-216.616302
2015-10-08 02:11:00+00:00,-195.542603
2015-10-08 02:12:00+00:00,-205.20546
2015-10-08 02:13:00+00:00,-223.316971
2015-10-08 02:14:00+00:00,-223.62175
2015-10-08 02:15:00+00:00,-248.299438
2015-10-08 02:16:00+00:00,-269.195099
2015-10-08 02:17:00+00:00,-284.85907
2015-10-08 02:18:00+00:00,-282.981323
2015-10-08 02:19:00+00:00,-351.769592
2015-10-08 02:20:00+00:00,-357.094574
2015-10-08 02:21:00+00:00,-383.278656
2015-10-08 02:22:00+00:00,-362.049316
2015-10-08 02:23:00+00:00,-338.701447
2015-10-08 02:24:00+00:00,-382.25351
2015-10-08 02:25:00+00:00,-320.718079
2015-10-08 02:26:00+00:00,-267.397858
2015-10-08 02:27:00+00:00,-260.794678
2015-10-08 02:28:00+00:00,-215.263535
2015-10-08 02:29:00+00:00,-219.330948
2015-10-08 02:30:00+00:00,-284.441711
2015-10-08 02:31:00+00:00,-256.770752
2015-10-08 02:32:00+00:00,-230.531418
2015-10-08 02:33:00+00:00,-252.792877
2015-10-08 02:34:00+00:00,-244.529907
2015-10-08 02:35:00+00:00,-294.010376
2015-10-08 02:36:00+00:00,-283.96402
2015-10-08 02:37:00+00:00,-419.491547
2015-10-08 02:38:00+00:00,-489.928619
2015-10-08 02:39:00+00:00,-468.614624
2015-10-08 02:40:00+00:00,-417.061371
2015-10-08 02:41:00+00:00,-481.363556
2015-10-08 02:42:00+00:00,-482.031128
2015-10-08 02:43:00+00:00,-525.565002
2015-10-08 02:44:00+00:00,-482.151215
2015-10-08 02:45:00+00:00,-444.767578
2015-10-08 02:46:00+00:00,-479.835571
2015-10-08 02:47:00+00:00,-542.994751
2015-10-15 00:00:00+00:00,-331.721649
2015-10-15 00:01:00+00:00,-316.683411
2015-10-15 00:02:00+00:00,-292.628174
2015-10-15 00:03:00+00:00,-295.580109
2015-10-15 00:04:00+00:00,-288.532227
2015-10-15 00:05:00+00:00,-268.415009
2015-10-15 00:06:00+00:00,-334.566589
2015-10-15 00:07:00+00:00,-286.346222
2015-10-15 00:08:00+00:00,-269.898071
2015-10-15 00:09:00+00:00,-282.776978
2015-10-15 00:10:00+00:00,-337.13504
2015-10-15 00:11:00+00:00,-328.583588
2015-10-15 00:12:00+00:00,-282.527283
2015-10-15 00:13:00+00:00,-371.142578
2015-10-15 00:14:00+00:00,-461.314423
2015-10-15 00:15:00+00:00,-321.924225
2015-10-15 00:16:00+00:00,-334.867615
2015-10-15 00:17:00+00:00,-273.2901
2015-10-15 00:18:00+00:00,-132.11882
2015-10-15 00:19:00+00:00,-131.137863
2015-10-15 00:20:00+00:00,-137.283447
2015-10-15 00:21:00+00:00,-193.851379
2015-10-15 00:22:00+00:00,-282.902557
2015-10-15 00:23:00+00:00,-134.413513
2015-10-15 00:24:00+00:00,-139.519577
2015-10-15 00:25:00+00:00,-131.414825
2015-10-15 00:26:00+00:00,-129.77092
2015-10-15 00:27:00+00:00,-138.431763
2015-10-15 00:28:00+00:00,-136.29158
2015-10-15 00:29:00+00:00,-136.670456
2015-10-15 00:30:00+00:00,-132.362259
2015-10-15 00:31:00+00:00,-137.01207
2015-10-15 00:32:00+00:00,-152.389954
2015-10-15 00:33:00+00:00,-158.059525
2015-10-15 00:34:00+00:00,-148.275711
2015-10-15 00:35:00+00:00,-145.020905
2015-10-15 00:36:00+00:00,-139.76712
2015-10-15 00:37:00+00:00,-119.260948
2015-10-15 00:38:00+00:00,-103.619904
2015-10-15 00:39:00+00:00,-99.30069
2015-10-15 00:40:00+00:00,-92.78801
2015-10-15 00:41:00+00:00,-100.318481
2015-10-15 00:42:00+00:00,-119.985786
2015-10-15 00:43:00+00:00,-122.49791
2015-10-15 00:44:00+00:00,-121.08548
2015-10-15 00:45:00+00:00,-101.727615
2015-10-15 00:46:00+00:00,-81.889297
2015-10-15 00:47:00+00:00,-78.885925
2015-10-15 00:48:00+00:00,-78.18573
2015-10-15 00:49:00+00:00,-71.184196
2015-10-15 00:50:00+00:00,-65.754349
2015-10-15 00:51:00+00:00,-62.220337
2015-10-15 00:52:00+00:00,-73.473915
2015-10-15 00:53:00+00:00,-64.341927
2015-10-15 00:54:00+00:00,-61.592541
2015-10-15 00:55:00+00:00,-60.722088
2015-10-15 00:56:00+00:00,-77.36187
2015-10-15 00:57:00+00:00,-79.715233
2015-10-15 00:58:00+00:00,-75.94278
2015-10-15 00:59:00+00:00,-73.871475
2015-10-15 01:00:00+00:00,-73.575844
2015-10-15 01:01:00+00:00,-70.700783
2015-10-15 01:02:00+00:00,-66.71463
2015-10-15 01:03:00+00:00,-60.653046
2015-10-15 01:04:00+00:00,-58.062424
2015-10-15 01:05:00+00:00,-56.413979
2015-10-15 01:06:00+00:00,-61.686363
2015-10-15 01:07:00+00:00,-58.999626
2015-10-15 01:08:00+00:00,-51.806778
2015-10-15 01:09:00+00:00,-49.644947
2015-10-15 01:10:00+00:00,-48.535225
2015-10-15 01:11:00+00:00,-49.487385
2015-10-15 01:12:00+00:00,-47.658676
2015-10-15 01:13:00+00:00,-46.191196
2015-10-15 01:14:00+00:00,-43.948704
2015-10-15 01:15:00+00:00,-42.347786
2015-10-15 01:16:00+00:00,-45.86742
2015-10-15 01:17:00+00:00,-48.085255
2015-10-15 01:18:00+00:00,-51.052578
2015-10-15 01:19:00+00:00,-58.50071
2015-10-15 01:20:00+00:00,-63.61924
2015-10-15 01:21:00+00:00,-77.988518
2015-10-15 01:22:00+00:00,-123.957382
2015-10-15 01:23:00+00:00,-103.228485
2015-10-15 01:24:00+00:00,-91.208862
2015-10-15 01:25:00+00:00,-79.532219
2015-10-15 01:26:00+00:00,-88.425095
2015-10-15 01:27:00+00:00,-90.258507
2015-10-15 01:28:00+00:00,-92.39859
2015-10-15 01:29:00+00:00,-67.887482
2015-10-15 01:30:00+00:00,-61.301258
2015-10-15 01:31:00+00:00,-58.321186
2015-10-15 01:32:00+00:00,-56.862011
2015-10-15 01:33:00+00:00,-57.183994
2015-10-15 01:34:00+00:00,-56.65678
2015-10-15 01:35:00+00:00,-56.476673
2015-10-15 01:36:00+00:00,-56.787045
2015-10-15 01:37:00+00:00,-57.769463
2015-10-15 01:38:00+00:00,-64.258179
2015-10-15 01:39:00+00:00,-86.721916
2015-10-15 01:40:00+00:00,-84.299309
2015-10-15 01:41:00+00:00,-82.62043
2015-10-15 01:42:00+00:00,-88.360016
2015-10-15 01:43:00+00:00,-103.29715
2015-10-15 01:44:00+00:00,-133.658936
2015-10-15 01:45:00+00:00,-149.047714
2015-10-15 01:46:00+00:00,-157.342514
2015-10-15 01:47:00+00:00,-154.577454
2015-10-15 01:48:00+00:00,-140.118698
2015-10-15 01:49:00+00:00,-143.420837
2015-10-15 01:50:00+00:00,-184.307831
2015-10-15 01:51:00+00:00,-168.35376
2015-10-15 01:52:00+00:00,-110.780182
2015-10-15 01:53:00+00:00,-123.785049
2015-10-15 01:54:00+00:00,-94.254982
2015-10-15 01:55:00+00:00,-70.388748
2015-10-15 01:56:00+00:00,-70.698425
2015-10-15 01:57:00+00:00,-74.525078
2015-10-15 01:58:00+00:00,-75.321327
2015-10-15 01:59:00+00:00,-93.280342
2015-10-15 02:00:00+00:00,-119.197182
2015-10-15 02:01:00+00:00,-93.65049
2015-10-15 02:02:00+00:00,-81.261116
2015-10-15 02:03:00+00:00,-78.090759
2015-10-15 02:04:00+00:00,-89.55619
2015-10-15 02:05:00+00:00,-86.583618
2015-10-15 02:06:00+00:00,-78.78933
2015-10-15 02:07:00+00:00,-86.471046
2015-10-15 02:08:00+00:00,-89.496201
2015-10-15 02:09:00+00:00,-94.09819
2015-10-15 02:10:00+00:00,-104.86879
2015-10-15 02:11:00+00:00,-107.27919
2015-10-15 02:12:00+00:00,-115.176056
2015-10-15 02:13:00+00:00,-120.802544
2015-10-15 02:14:00+00:00,-119.934547
2015-10-15 02:15:00+00:00,-119.241943
2015-10-15 02:16:00+00:00,-111.805779
2015-10-15 02:17:00+00:00,-107.043045
2015-10-15 02:18:00+00:00,-98.911247
2015-10-15 02:19:00+00:00,-90.912323
2015-10-15 02:20:00+00:00,-87.509651
2015-10-15 02:21:00+00:00,-90.500237
2015-10-15 02:22:00+00:00,-117.254745
2015-10-15 02:23:00+00:00,-145.021042
2015-10-15 02:24:00+00:00,-154.824219
2015-10-15 02:25:00+00:00,-144.132706
2015-10-15 02:26:00+00:00,-140.119324
2015-10-15 02:27:00+00:00,-112.791466
2015-10-15 02:28:00+00:00,-101.207123
2015-10-15 02:29:00+00:00,-121.457718
2015-10-15 02:30:00+00:00,-113.579285
2015-10-15 02:31:00+00:00,-99.519028
2015-10-15 02:32:00+00:00,-99.207329
2015-10-15 02:33:00+00:00,-112.502541
2015-10-15 02:34:00+00:00,-108.72596
2015-10-15 02:35:00+00:00,-113.343605
2015-10-15 02:36:00+00:00,-118.558594
2015-10-15 02:37:00+00:00,-112.432922
2015-10-15 02:38:00+00:00,-129.938736
2015-10-15 02:39:00+00:00,-150.81781
2015-10-15 02:40:00+00:00,-205.486969
2015-10-15 02:41:00+00:00,-261.372559
2015-10-15 02:42:00+00:00,-309.712494
2015-10-15 02:43:00+00:00,-313.114532
2015-10-15 02:44:00+00:00,-331.818451
2015-10-15 02:45:00+00:00,-292.225128
2015-10-15 02:46:00+00:00,-242.282074
2015-10-15 02:47:00+00:00,-236.71431
2015-10-22 00:00:00+00:00,-124.340233
2015-10-22 00:01:00+00:00,-67.276123
2015-10-22 00:02:00+00:00,-70.359543
2015-10-22 00:03:00+00:00,-72.610443
2015-10-22 00:04:00+00:00,-71.108734
2015-10-22 00:05:00+00:00,-63.080826
2015-10-22 00:06:00+00:00,-55.994255
2015-10-22 00:07:00+00:00,-53.852646
2015-10-22 00:08:00+00:00,-51.688789
2015-10-22 00:09:00+00:00,-49.168636
2015-10-22 00:10:00+00:00,-48.761395
2015-10-22 00:11:00+00:00,-49.148678
2015-10-22 00:12:00+00:00,-50.010166
2015-10-22 00:13:00+00:00,-49.572247
2015-10-22 00:14:00+00:00,-50.890938
2015-10-22 00:15:00+00:00,-50.830322
2015-10-22 00:16:00+00:00,-50.936306
2015-10-22 00:17:00+00:00,-49.764553
2015-10-22 00:18:00+00:00,-48.230099
2015-10-22 00:19:00+00:00,-47.330997
2015-10-22 00:20:00+00:00,-46.252792
2015-10-22 00:21:00+00:00,-46.353603
2015-10-22 00:22:00+00:00,-49.286327
2015-10-22 00:23:00+00:00,-49.618076
2015-10-22 00:24:00+00:00,-51.086155
2015-10-22 00:25:00+00:00,-50.466938
2015-10-22 00:26:00+00:00,-49.070965
2015-10-22 00:27:00+00:00,-48.409962
2015-10-22 00:28:00+00:00,-49.10857
2015-10-22 00:29:00+00:00,-50.486832
2015-10-22 00:30:00+00:00,-51.128384
2015-10-22 00:31:00+00:00,-50.302773
2015-10-22 00:32:00+00:00,-48.484623
2015-10-22 00:33:00+00:00,-48.37608
2015-10-22 00:34:00+00:00,-48.824787
2015-10-22 00:35:00+00:00,-47.198914
2015-10-22 00:36:00+00:00,-45.546833
2015-10-22 00:37:00+00:00,-46.164345
2015-10-22 00:38:00+00:00,-47.376205
2015-10-22 00:39:00+00:00,-47.298622
2015-10-22 00:40:00+00:00,-47.148384
2015-10-22 00:41:00+00:00,-47.737991
2015-10-22 00:42:00+00:00,-47.125057
2015-10-22 00:43:00+00:00,-47.342255
2015-10-22 00:44:00+00:00,-47.708973
2015-10-22 00:45:00+00:00,-48.601654
2015-10-22 00:46:00+00:00,-48.219513
2015-10-22 00:47:00+00:00,-48.749062
2015-10-22 00:48:00+00:00,-49.568233
2015-10-22 00:49:00+00:00,-50.018814
2015-10-22 00:50:00+00:00,-50.468971
2015-10-22 00:51:00+00:00,-50.352642
2015-10-22 00:52:00+00:00,-50.489418
2015-10-22 00:53:00+00:00,-49.520283
2015-10-22 00:54:00+00:00,-49.204029
2015-10-22 00:55:00+00:00,-48.868771
2015-10-22 00:56:00+00:00,-49.117043
2015-10-22 00:57:00+00:00,-48.926384
2015-10-22 00:58:00+00:00,-48.564625
2015-10-22 00:59:00+00:00,-48.299786
2015-10-22 01:00:00+00:00,-48.637993
2015-10-22 01:01:00+00:00,-48.553047
2015-10-22 01:02:00+00:00,-48.987461
2015-10-22 01:03:00+00:00,-48.296673
2015-10-22 01:04:00+00:00,-47.359566
2015-10-22 01:05:00+00:00,-47.753254
2015-10-22 01:06:00+00:00,-47.439816
2015-10-22 01:07:00+00:00,-47.325077
2015-10-22 01:08:00+00:00,-47.078159
2015-10-22 01:09:00+00:00,-47.117001
2015-10-22 01:10:00+00:00,-46.965988
2015-10-22 01:11:00+00:00,-46.867275
2015-10-22 01:12:00+00:00,-46.606968
2015-10-22 01:13:00+00:00,-46.335533
2015-10-22 01:14:00+00:00,-46.088852
2015-10-22 01:15:00+00:00,-46.200996
2015-10-22 01:16:00+00:00,-46.793034
2015-10-22 01:17:00+00:00,-47.477234
2015-10-22 01:18:00+00:00,-46.879555
2015-10-22 01:19:00+00:00,-47.660114
2015-10-22 01:20:00+00:00,-47.233929
2015-10-22 01:21:00+00:00,-46.790375
2015-10-22 01:22:00+00:00,-46.431053
2015-10-22 01:23:00+00:00,-46.641262
2015-10-22 01:24:00+00:00,-47.233475
2015-10-22 01:25:00+00:00,-47.239891
2015-10-22 01:26:00+00:00,-47.333328
2015-10-22 01:27:00+00:00,-47.634857
2015-10-22 01:28:00+00:00,-48.228207
2015-10-22 01:29:00+00:00,-47.861813
2015-10-22 01:30:00+00:00,-48.312794
2015-10-22 01:31:00+00:00,-48.918312
2015-10-22 01:32:00+00:00,-47.813351
2015-10-22 01:33:00+00:00,-47.276211
2015-10-22 01:34:00+00:00,-47.753155
2015-10-22 01:35:00+00:00,-47.991234
2015-10-22 01:36:00+00:00,-48.384575
2015-10-22 01:37:00+00:00,-47.768856
2015-10-22 01:38:00+00:00,-47.741352
2015-10-22 01:39:00+00:00,-48.989536
2015-10-22 01:40:00+00:00,-47.769249
2015-10-22 01:41:00+00:00,-47.604881
2015-10-22 01:42:00+00:00,-47.622387
2015-10-22 01:43:00+00:00,-47.914967
2015-10-22 01:44:00+00:00,-48.637924
2015-10-22 01:45:00+00:00,-49.926472
2015-10-22 01:46:00+00:00,-49.50325
2015-10-22 01:47:00+00:00,-48.926823
2015-10-22 01:48:00+00:00,-48.413967
2015-10-22 01:49:00+00:00,-47.875797
2015-10-22 01:50:00+00:00,-47.351349
2015-10-22 01:51:00+00:00,-46.930687
2015-10-22 01:52:00+00:00,-47.427723
2015-10-22 01:53:00+00:00,-47.384705
2015-10-22 01:54:00+00:00,-47.340672
2015-10-22 01:55:00+00:00,-47.44696
2015-10-22 01:56:00+00:00,-47.873478
2015-10-22 01:57:00+00:00,-48.196373
2015-10-22 01:58:00+00:00,-47.668575
2015-10-22 01:59:00+00:00,-47.65033
2015-10-22 02:00:00+00:00,-47.790108
2015-10-22 02:01:00+00:00,-47.789143
2015-10-22 02:02:00+00:00,-47.456093
2015-10-22 02:03:00+00:00,-46.767529
2015-10-22 02:04:00+00:00,-46.875805
2015-10-22 02:05:00+00:00,-46.533863
2015-10-22 02:06:00+00:00,-46.928986
2015-10-22 02:07:00+00:00,-47.004959
2015-10-22 02:08:00+00:00,-47.421753
2015-10-22 02:09:00+00:00,-48.118832
2015-10-22 02:10:00+00:00,-48.166515
2015-10-22 02:11:00+00:00,-47.944695
2015-10-22 02:12:00+00:00,-49.204357
2015-10-22 02:13:00+00:00,-50.119896
2015-10-22 02:14:00+00:00,-49.428459
2015-10-22 02:15:00+00:00,-49.032986
2015-10-22 02:16:00+00:00,-48.841686
2015-10-22 02:17:00+00:00,-48.993244
2015-10-22 02:18:00+00:00,-48.614616
2015-10-22 02:19:00+00:00,-48.114021
2015-10-22 02:20:00+00:00,-47.575447
2015-10-22 02:21:00+00:00,-47.608955
2015-10-22 02:22:00+00:00,-50.867146
2015-10-22 02:23:00+00:00,-55.610825
2015-10-22 02:24:00+00:00,-61.376392
2015-10-22 02:25:00+00:00,-67.554726
2015-10-22 02:26:00+00:00,-67.051643
2015-10-22 02:27:00+00:00,-67.748001
2015-10-22 02:28:00+00:00,-74.929153
2015-10-22 02:29:00+00:00,-70.623512
2015-10-22 02:30:00+00:00,-68.047562
2015-10-22 02:31:00+00:00,-74.726379
2015-10-22 02:32:00+00:00,-72.951126
2015-10-22 02:33:00+00:00,-72.394615
2015-10-22 02:34:00+00:00,-74.592468
2015-10-22 02:35:00+00:00,-90.268143
2015-10-22 02:36:00+00:00,-90.259674
2015-10-22 02:37:00+00:00,-94.605209
2015-10-22 02:38:00+00:00,-86.983208
2015-10-22 02:39:00+00:00,-69.719467
2015-10-22 02:40:00+00:00,-80.469269
2015-10-22 02:41:00+00:00,-114.860466
2015-10-22 02:42:00+00:00,-152.121887
2015-10-22 02:43:00+00:00,-138.441788
2015-10-22 02:44:00+00:00,-124.380081
2015-10-22 02:45:00+00:00,-89.019539
2015-10-22 02:46:00+00:00,-70.739044
2015-10-22 02:47:00+00:00,-62.453239
2015-10-29 00:00:00+00:00,-42.601997
2015-10-29 00:01:00+00:00,-43.078091
2015-10-29 00:02:00+00:00,-42.708832
2015-10-29 00:03:00+00:00,-41.418991
2015-10-29 00:04:00+00:00,-40.230026
2015-10-29 00:05:00+00:00,-40.932907
2015-10-29 00:06:00+00:00,-43.246769
2015-10-29 00:07:00+00:00,-44.82214
2015-10-29 00:08:00+00:00,-44.789253
2015-10-29 00:09:00+00:00,-44.206669
2015-10-29 00:10:00+00:00,-43.96497
2015-10-29 00:11:00+00:00,-44.087563
2015-10-29 00:12:00+00:00,-44.760933
2015-10-29 00:13:00+00:00,-44.713215
2015-10-29 00:14:00+00:00,-44.540794
2015-10-29 00:15:00+00:00,-44.516701
2015-10-29 00:16:00+00:00,-45.433868
2015-10-29 00:17:00+00:00,-46.019794
2015-10-29 00:18:00+00:00,-46.402382
2015-10-29 00:19:00+00:00,-46.008347
2015-10-29 00:20:00+00:00,-45.976326
2015-10-29 00:21:00+00:00,-45.918427
2015-10-29 00:22:00+00:00,-45.996086
2015-10-29 00:23:00+00:00,-45.968861
2015-10-29 00:24:00+00:00,-46.104286
2015-10-29 00:25:00+00:00,-46.592762
2015-10-29 00:26:00+00:00,-46.80534
2015-10-29 00:27:00+00:00,-46.558395
2015-10-29 00:28:00+00:00,-46.164322
2015-10-29 00:29:00+00:00,-46.218933
2015-10-29 00:30:00+00:00,-46.261181
2015-10-29 00:31:00+00:00,-46.152821
2015-10-29 00:32:00+00:00,-45.879578
2015-10-29 00:33:00+00:00,-45.864254
2015-10-29 00:34:00+00:00,-45.634136
2015-10-29 00:35:00+00:00,-45.997765
2015-10-29 00:36:00+00:00,-46.235493
2015-10-29 00:37:00+00:00,-46.553078
2015-10-29 00:38:00+00:00,-46.566788
2015-10-29 00:39:00+00:00,-46.132038
2015-10-29 00:40:00+00:00,-45.770256
2015-10-29 00:41:00+00:00,-45.682564
2015-10-29 00:42:00+00:00,-45.794685
2015-10-29 00:43:00+00:00,-46.109779
2015-10-29 00:44:00+00:00,-46.192677
2015-10-29 00:45:00+00:00,-45.898079
2015-10-29 00:46:00+00:00,-45.334335
2015-10-29 00:47:00+00:00,-45.263107
2015-10-29 00:48:00+00:00,-45.711681
2015-10-29 00:49:00+00:00,-46.740559
2015-10-29 00:50:00+00:00,-47.36433
2015-10-29 00:51:00+00:00,-47.102814
2015-10-29 00:52:00+00:00,-47.17598
2015-10-29 00:53:00+00:00,-47.134895
2015-10-29 00:54:00+00:00,-47.227554
2015-10-29 00:55:00+00:00,-46.961712
2015-10-29 00:56:00+00:00,-47.112705
2015-10-29 00:57:00+00:00,-46.26545
2015-10-29 00:58:00+00:00,-44.962189
2015-10-29 00:59:00+00:00,-45.07333
2015-10-29 01:00:00+00:00,-46.364765
2015-10-29 01:01:00+00:00,-47.957047
2015-10-29 01:02:00+00:00,-48.10643
2015-10-29 01:03:00+00:00,-47.510143
2015-10-29 01:04:00+00:00,-47.559746
2015-10-29 01:05:00+00:00,-48.170242
2015-10-29 01:06:00+00:00,-48.590977
2015-10-29 01:07:00+00:00,-49.210842
2015-10-29 01:08:00+00:00,-48.9618
2015-10-29 01:09:00+00:00,-47.926811
2015-10-29 01:10:00+00:00,-47.456432
2015-10-29 01:11:00+00:00,-47.181477
2015-10-29 01:12:00+00:00,-47.425156
2015-10-29 01:13:00+00:00,-47.612621
2015-10-29 01:14:00+00:00,-47.473522
2015-10-29 01:15:00+00:00,-46.713291
2015-10-29 01:16:00+00:00,-46.071144
2015-10-29 01:17:00+00:00,-45.749195
2015-10-29 01:18:00+00:00,-46.250336
2015-10-29 01:19:00+00:00,-47.054993
2015-10-29 01:20:00+00:00,-46.956097
2015-10-29 01:21:00+00:00,-46.552601
2015-10-29 01:22:00+00:00,-46.328121
2015-10-29 01:23:00+00:00,-46.698021
2015-10-29 01:24:00+00:00,-46.934719
2015-10-29 01:25:00+00:00,-46.878029
2015-10-29 01:26:00+00:00,-46.783768
2015-10-29 01:27:00+00:00,-46.580608
2015-10-29 01:28:00+00:00,-46.704323
2015-10-29 01:29:00+00:00,-46.797882
2015-10-29 01:30:00+00:00,-46.912308
2015-10-29 01:31:00+00:00,-47.007793
2015-10-29 01:32:00+00:00,-46.994705
2015-10-29 01:33:00+00:00,-46.918934
2015-10-29 01:34:00+00:00,-46.805862
2015-10-29 01:35:00+00:00,-46.746292
2015-10-29 01:36:00+00:00,-46.80389
2015-10-29 01:37:00+00:00,-46.162819
2015-10-29 01:38:00+00:00,-45.907253
2015-10-29 01:39:00+00:00,-46.257885
2015-10-29 01:40:00+00:00,-46.284039
2015-10-29 01:41:00+00:00,-46.737659
2015-10-29 01:42:00+00:00,-46.637291
2015-10-29 01:43:00+00:00,-46.569969
2015-10-29 01:44:00+00:00,-46.496342
2015-10-29 01:45:00+00:00,-46.475136
2015-10-29 01:46:00+00:00,-46.41357
2015-10-29 01:47:00+00:00,-46.105576
2015-10-29 01:48:00+00:00,-46.224972
2015-10-29 01:49:00+00:00,-46.277607
2015-10-29 01:50:00+00:00,-46.034958
2015-10-29 01:51:00+00:00,-46.067375
2015-10-29 01:52:00+00:00,-45.985085
2015-10-29 01:53:00+00:00,-46.040089
2015-10-29 01:54:00+00:00,-46.1982
2015-10-29 01:55:00+00:00,-46.343197
2015-10-29 01:56:00+00:00,-46.447727
2015-10-29 01:57:00+00:00,-46.455135
2015-10-29 01:58:00+00:00,-46.474758
2015-10-29 01:59:00+00:00,-46.519325
2015-10-29 02:00:00+00:00,-46.849556
2015-10-29 02:01:00+00:00,-46.709591
2015-10-29 02:02:00+00:00,-46.793781
2015-10-29 02:03:00+00:00,-46.745689
2015-10-29 02:04:00+00:00,-46.749901
2015-10-29 02:05:00+00:00,-46.652119
2015-10-29 02:06:00+00:00,-46.92683
2015-10-29 02:07:00+00:00,-47.425869
2015-10-29 02:08:00+00:00,-49.045403
2015-10-29 02:09:00+00:00,-54.280842
2015-10-29 02:10:00+00:00,-47.261421
2015-10-29 02:11:00+00:00,-46.578239
2015-10-29 02:12:00+00:00,-46.477695
2015-10-29 02:13:00+00:00,-48.5354
2015-10-29 02:14:00+00:00,-47.0429
2015-10-29 02:15:00+00:00,-47.782116
2015-10-29 02:16:00+00:00,-47.77784
2015-10-29 02:17:00+00:00,-47.770306
2015-10-29 02:18:00+00:00,-47.575932
2015-10-29 02:19:00+00:00,-47.415432
2015-10-29 02:20:00+00:00,-47.687252
2015-10-29 02:21:00+00:00,-47.740715
2015-10-29 02:22:00+00:00,-47.770744
2015-10-29 02:23:00+00:00,-47.811241
2015-10-29 02:24:00+00:00,-47.341705
2015-10-29 02:25:00+00:00,-46.863129
2015-10-29 02:26:00+00:00,-46.563011
2015-10-29 02:27:00+00:00,-46.531212
2015-10-29 02:28:00+00:00,-46.578918
2015-10-29 02:29:00+00:00,-46.56131
2015-10-29 02:30:00+00:00,-46.473171
2015-10-29 02:31:00+00:00,-46.220703
2015-10-29 02:32:00+00:00,-46.15834
2015-10-29 02:33:00+00:00,-45.976513
2015-10-29 02:34:00+00:00,-46.045349
2015-10-29 02:35:00+00:00,-45.991798
2015-10-29 02:36:00+00:00,-46.114285
2015-10-29 02:37:00+00:00,-46.235893
2015-10-29 02:38:00+00:00,-46.432396
2015-10-29 02:39:00+00:00,-46.668636
2015-10-29 02:40:00+00:00,-46.459274
2015-10-29 02:41:00+00:00,-46.083603
2015-10-29 02:42:00+00:00,-45.755497
2015-10-29 02:43:00+00:00,-45.502808
2015-10-29 02:44:00+00:00,-45.30304
2015-10-29 02:45:00+00:00,-45.413544
2015-10-29 02:46:00+00:00,-45.674168
2015-10-29 02:47:00+00:00,-45.710888
2015-11-05 00:00:00+00:00,-22.429451
2015-11-05 00:01:00+00:00,-20.340065
2015-11-05 00:02:00+00:00,-21.426428
2015-11-05 00:03:00+00:00,-21.327864
2015-11-05 00:04:00+00:00,-20.146259
2015-11-05 00:05:00+00:00,-21.241083
2015-11-05 00:06:00+00:00,-25.155689
2015-11-05 00:07:00+00:00,-25.1028
2015-11-05 00:08:00+00:00,-24.081381
2015-11-05 00:09:00+00:00,-23.07489
2015-11-05 00:10:00+00:00,-22.974989
2015-11-05 00:11:00+00:00,-25.889647
2015-11-05 00:12:00+00:00,-32.678787
2015-11-05 00:13:00+00:00,-42.528839
2015-11-05 00:14:00+00:00,-44.600822
2015-11-05 00:15:00+00:00,-44.594345
2015-11-05 00:16:00+00:00,-41.511906
2015-11-05 00:17:00+00:00,-37.459522
2015-11-05 00:18:00+00:00,-44.359623
2015-11-05 00:19:00+00:00,-53.211773
2015-11-05 00:20:00+00:00,-54.176193
2015-11-05 00:21:00+00:00,-47.155701
2015-11-05 00:22:00+00:00,-42.106571
2015-11-05 00:23:00+00:00,-41.622444
2015-11-05 00:24:00+00:00,-47.944363
2015-11-05 00:25:00+00:00,-59.925636
2015-11-05 00:26:00+00:00,-55.957039
2015-11-05 00:27:00+00:00,-53.910698
2015-11-05 00:28:00+00:00,-61.817043
2015-11-05 00:29:00+00:00,-64.756546
2015-11-05 00:30:00+00:00,-63.759605
2015-11-05 00:31:00+00:00,-54.826744
2015-11-05 00:32:00+00:00,-47.86282
2015-11-05 00:33:00+00:00,-44.867382
2015-11-05 00:34:00+00:00,-44.26989
2015-11-05 00:35:00+00:00,-53.516972
2015-11-05 00:36:00+00:00,-67.347328
2015-11-05 00:37:00+00:00,-70.321907
2015-11-05 00:38:00+00:00,-72.342789
2015-11-05 00:39:00+00:00,-69.411964
2015-11-05 00:40:00+00:00,-58.530441
2015-11-05 00:41:00+00:00,-52.663593
2015-11-05 00:42:00+00:00,-54.655689
2015-11-05 00:43:00+00:00,-61.600327
2015-11-05 00:44:00+00:00,-61.656147
2015-11-05 00:45:00+00:00,-49.7136
2015-11-05 00:46:00+00:00,-45.725845
2015-11-05 00:47:00+00:00,-46.721241
2015-11-05 00:48:00+00:00,-44.734001
2015-11-05 00:49:00+00:00,-38.747562
2015-11-05 00:50:00+00:00,-34.730221
2015-11-05 00:51:00+00:00,-36.680046
2015-11-05 00:52:00+00:00,-40.649372
2015-11-05 00:53:00+00:00,-41.649918
2015-11-05 00:54:00+00:00,-35.66853
2015-11-05 00:55:00+00:00,-35.624195
2015-11-05 00:56:00+00:00,-41.56382
2015-11-05 00:57:00+00:00,-48.520645
2015-11-05 00:58:00+00:00,-47.543247
2015-11-05 00:59:00+00:00,-43.598579
2015-11-05 01:00:00+00:00,-39.638508
2015-11-05 01:01:00+00:00,-39.04916
2015-11-05 01:02:00+00:00,-41.391323
2015-11-05 01:03:00+00:00,-41.900822
2015-11-05 01:04:00+00:00,-39.165989
2015-11-05 01:05:00+00:00,-37.542732
2015-11-05 01:06:00+00:00,-37.290527
2015-11-05 01:07:00+00:00,-39.298729
2015-11-05 01:08:00+00:00,-38.945549
2015-11-05 01:09:00+00:00,-32.822521
2015-11-05 01:10:00+00:00,-29.361492
2015-11-05 01:11:00+00:00,-33.480778
2015-11-05 01:12:00+00:00,-42.868546
2015-11-05 01:13:00+00:00,-48.264297
2015-11-05 01:14:00+00:00,-49.500137
2015-11-05 01:15:00+00:00,-44.973911
2015-11-05 01:16:00+00:00,-40.946838
2015-11-05 01:17:00+00:00,-40.530987
2015-11-05 01:18:00+00:00,-42.367916
2015-11-05 01:19:00+00:00,-43.182205
2015-11-05 01:20:00+00:00,-46.142578
2015-11-05 01:21:00+00:00,-50.666245
2015-11-05 01:22:00+00:00,-57.789177
2015-11-05 01:23:00+00:00,-60.793293
2015-11-05 01:24:00+00:00,-69.485184
2015-11-05 01:25:00+00:00,-72.749573
2015-11-05 01:26:00+00:00,-69.318817
2015-11-05 01:27:00+00:00,-71.187012
2015-11-05 01:28:00+00:00,-79.209396
2015-11-05 01:29:00+00:00,-90.705078
2015-11-05 01:30:00+00:00,-92.539093
2015-11-05 01:31:00+00:00,-92.006561
2015-11-05 01:32:00+00:00,-90.580933
2015-11-05 01:33:00+00:00,-94.418571
2015-11-05 01:34:00+00:00,-98.106491
2015-11-05 01:35:00+00:00,-101.720001
2015-11-05 01:36:00+00:00,-104.381065
2015-11-05 01:37:00+00:00,-101.361626
2015-11-05 01:38:00+00:00,-89.311058
2015-11-05 01:39:00+00:00,-87.687469
2015-11-05 01:40:00+00:00,-81.739014
2015-11-05 01:41:00+00:00,-69.681625
2015-11-05 01:42:00+00:00,-65.092545
2015-11-05 01:43:00+00:00,-62.310226
2015-11-05 01:44:00+00:00,-60.488136
2015-11-05 01:45:00+00:00,-59.271393
2015-11-05 01:46:00+00:00,-56.625923
2015-11-05 01:47:00+00:00,-50.197342
2015-11-05 01:48:00+00:00,-53.274818
2015-11-05 01:49:00+00:00,-54.499077
2015-11-05 01:50:00+00:00,-61.594833
2015-11-05 01:51:00+00:00,-68.411102
2015-11-05 01:52:00+00:00,-83.992355
2015-11-05 01:53:00+00:00,-88.337021
2015-11-05 01:54:00+00:00,-85.448547
2015-11-05 01:55:00+00:00,-100.257523
2015-11-05 01:56:00+00:00,-136.838806
2015-11-05 01:57:00+00:00,-210.483734
2015-11-05 01:58:00+00:00,-249.308319
2015-11-05 01:59:00+00:00,-266.601257
2015-11-05 02:00:00+00:00,-255.541031
2015-11-05 02:01:00+00:00,-313.923584
2015-11-05 02:02:00+00:00,-295.355011
2015-11-05 02:03:00+00:00,-244.803238
2015-11-05 02:04:00+00:00,-236.823471
2015-11-05 02:05:00+00:00,-208.370529
2015-11-05 02:06:00+00:00,-188.979111
2015-11-05 02:07:00+00:00,-228.601929
2015-11-05 02:08:00+00:00,-215.023193
2015-11-05 02:09:00+00:00,-196.742722
2015-11-05 02:10:00+00:00,-217.80014
2015-11-05 02:11:00+00:00,-249.591049
2015-11-05 02:12:00+00:00,-260.325073
2015-11-05 02:13:00+00:00,-262.793488
2015-11-05 02:14:00+00:00,-263.34845
2015-11-05 02:15:00+00:00,-251.327118
2015-11-05 02:16:00+00:00,-234.044861
2015-11-05 02:17:00+00:00,-219.237396
2015-11-05 02:18:00+00:00,-246.091232
2015-11-05 02:19:00+00:00,-276.508545
2015-11-05 02:20:00+00:00,-324.916199
2015-11-05 02:21:00+00:00,-268.269989
2015-11-05 02:22:00+00:00,-248.805283
2015-11-05 02:23:00+00:00,-257.834961
2015-11-05 02:24:00+00:00,-250.038696
2015-11-05 02:25:00+00:00,-309.914093
2015-11-05 02:26:00+00:00,-389.070557
2015-11-05 02:27:00+00:00,-352.739624
2015-11-05 02:28:00+00:00,-379.009918
2015-11-05 02:29:00+00:00,-408.445374
2015-11-05 02:30:00+00:00,-379.81662
2015-11-05 02:31:00+00:00,-340.307037
2015-11-05 02:32:00+00:00,-258.623505
2015-11-05 02:33:00+00:00,-237.352966
2015-11-05 02:34:00+00:00,-259.289368
2015-11-05 02:35:00+00:00,-181.849762
2015-11-05 02:36:00+00:00,-140.535095
2015-11-05 02:37:00+00:00,-153.929062
2015-11-05 02:38:00+00:00,-298.886047
2015-11-05 02:39:00+00:00,-308.69754
2015-11-05 02:40:00+00:00,-375.040741
2015-11-05 02:41:00+00:00,-280.688202
2015-11-05 02:42:00+00:00,-206.732712
2015-11-05 02:43:00+00:00,-151.651642
2015-11-05 02:44:00+00:00,-164.79216
2015-11-05 02:45:00+00:00,-164.808868
2015-11-05 02:46:00+00:00,-147.710083
2015-11-05 02:47:00+00:00,-160.580811
2015-11-12 00:00:00+00:00,-184.178925
2015-11-12 00:01:00+00:00,-175.257263
2015-11-12 00:02:00+00:00,-175.332855
2015-11-12 00:03:00+00:00,-176.240601
2015-11-12 00:04:00+00:00,-197.475601
2015-11-12 00:05:00+00:00,-225.700729
2015-11-12 00:06:00+00:00,-255.316315
2015-11-12 00:07:00+00:00,-214.403351
2015-11-12 00:08:00+00:00,-193.102921
2015-11-12 00:09:00+00:00,-188.044876
2015-11-12 00:10:00+00:00,-175.603165
2015-11-12 00:11:00+00:00,-163.253342
2015-11-12 00:12:00+00:00,-145.182831
2015-11-12 00:13:00+00:00,-140.267532
2015-11-12 00:14:00+00:00,-140.285782
2015-11-12 00:15:00+00:00,-154.323425
2015-11-12 00:16:00+00:00,-155.980011
2015-11-12 00:17:00+00:00,-168.843399
2015-11-12 00:18:00+00:00,-186.279724
2015-11-12 00:19:00+00:00,-173.984253
2015-11-12 00:20:00+00:00,-188.275208
2015-11-12 00:21:00+00:00,-182.205414
2015-11-12 00:22:00+00:00,-185.316757
2015-11-12 00:23:00+00:00,-171.896286
2015-11-12 00:24:00+00:00,-160.126556
2015-11-12 00:25:00+00:00,-162.538773
2015-11-12 00:26:00+00:00,-164.275467
2015-11-12 00:27:00+00:00,-136.684219
2015-11-12 00:28:00+00:00,-134.846771
2015-11-12 00:29:00+00:00,-140.894394
2015-11-12 00:30:00+00:00,-130.920578
2015-11-12 00:31:00+00:00,-124.043427
2015-11-12 00:32:00+00:00,-126.219025
2015-11-12 00:33:00+00:00,-119.492363
2015-11-12 00:34:00+00:00,-103.11837
2015-11-12 00:35:00+00:00,-99.685524
2015-11-12 00:36:00+00:00,-102.497482
2015-11-12 00:37:00+00:00,-118.406418
2015-11-12 00:38:00+00:00,-120.525673
2015-11-12 00:39:00+00:00,-101.849434
2015-11-12 00:40:00+00:00,-92.789871
2015-11-12 00:41:00+00:00,-97.890007
2015-11-12 00:42:00+00:00,-91.225098
2015-11-12 00:43:00+00:00,-89.493851
2015-11-12 00:44:00+00:00,-80.556816
2015-11-12 00:45:00+00:00,-71.894936
2015-11-12 00:46:00+00:00,-62.221153
2015-11-12 00:47:00+00:00,-70.745499
2015-11-12 00:48:00+00:00,-76.612541
2015-11-12 00:49:00+00:00,-76.023529
2015-11-12 00:50:00+00:00,-83.098038
2015-11-12 00:51:00+00:00,-86.135147
2015-11-12 00:52:00+00:00,-85.586472
2015-11-12 00:53:00+00:00,-80.725807
2015-11-12 00:54:00+00:00,-73.636299
2015-11-12 00:55:00+00:00,-76.839401
2015-11-12 00:56:00+00:00,-78.441322
2015-11-12 00:57:00+00:00,-75.463593
2015-11-12 00:58:00+00:00,-74.305191
2015-11-12 00:59:00+00:00,-70.607819
2015-11-12 01:00:00+00:00,-68.617096
2015-11-12 01:01:00+00:00,-65.852936
2015-11-12 01:02:00+00:00,-79.285179
2015-11-12 01:03:00+00:00,-126.109795
2015-11-12 01:04:00+00:00,-159.253159
2015-11-12 01:05:00+00:00,-154.07222
2015-11-12 01:06:00+00:00,-119.293419
2015-11-12 01:07:00+00:00,-75.252228
2015-11-12 01:08:00+00:00,-72.778038
2015-11-12 01:09:00+00:00,-45.463036
2015-11-12 01:10:00+00:00,-33.840401
2015-11-12 01:11:00+00:00,-30.742111
2015-11-12 01:12:00+00:00,-38.379829
2015-11-12 01:13:00+00:00,-56.920116
2015-11-12 01:14:00+00:00,-55.261044
2015-11-12 01:15:00+00:00,-44.948051
2015-11-12 01:16:00+00:00,-37.031006
2015-11-12 01:17:00+00:00,-39.175999
2015-11-12 01:18:00+00:00,-39.619419
2015-11-12 01:19:00+00:00,-24.518166
2015-11-12 01:20:00+00:00,-24.214018
2015-11-12 01:21:00+00:00,-24.25215
2015-11-12 01:22:00+00:00,-25.821302
2015-11-12 01:23:00+00:00,-27.624357
2015-11-12 01:24:00+00:00,-29.461033
2015-11-12 01:25:00+00:00,-28.388857
2015-11-12 01:26:00+00:00,-27.410677
2015-11-12 01:27:00+00:00,-27.570351
2015-11-12 01:28:00+00:00,-29.354912
2015-11-12 01:29:00+00:00,-29.998959
2015-11-12 01:30:00+00:00,-30.189777
2015-11-12 01:31:00+00:00,-28.798031
2015-11-12 01:32:00+00:00,-26.986341
2015-11-12 01:33:00+00:00,-25.978313
2015-11-12 01:34:00+00:00,-26.738756
2015-11-12 01:35:00+00:00,-33.29673
2015-11-12 01:36:00+00:00,-42.788578
2015-11-12 01:37:00+00:00,-47.522434
2015-11-12 01:38:00+00:00,-43.341095
2015-11-12 01:39:00+00:00,-28.835411
2015-11-12 01:40:00+00:00,-25.353609
2015-11-12 01:41:00+00:00,-27.466457
2015-11-12 01:42:00+00:00,-33.37257
2015-11-12 01:43:00+00:00,-47.64547
2015-11-12 01:44:00+00:00,-66.713791
2015-11-12 01:45:00+00:00,-78.747002
2015-11-12 01:46:00+00:00,-85.776382
2015-11-12 01:47:00+00:00,-81.237495
2015-11-12 01:48:00+00:00,-81.121582
2015-11-12 01:49:00+00:00,-73.902321
2015-11-12 01:50:00+00:00,-68.168114
2015-11-12 01:51:00+00:00,-67.19632
2015-11-12 01:52:00+00:00,-72.480331
2015-11-12 01:53:00+00:00,-72.252975
2015-11-12 01:54:00+00:00,-64.468018
2015-11-12 01:55:00+00:00,-54.453403
2015-11-12 01:56:00+00:00,-50.111015
2015-11-12 01:57:00+00:00,-50.607872
2015-11-12 01:58:00+00:00,-57.045177
2015-11-12 01:59:00+00:00,-55.548748
2015-11-12 02:00:00+00:00,-49.389702
2015-11-12 02:01:00+00:00,-53.009254
2015-11-12 02:02:00+00:00,-55.792988
2015-11-12 02:03:00+00:00,-59.656921
2015-11-12 02:04:00+00:00,-62.10302
2015-11-12 02:05:00+00:00,-56.399509
2015-11-12 02:06:00+00:00,-53.086151
2015-11-12 02:07:00+00:00,-55.148933
2015-11-12 02:08:00+00:00,-52.130844
2015-11-12 02:09:00+00:00,-53.91177
2015-11-12 02:10:00+00:00,-55.666527
2015-11-12 02:11:00+00:00,-49.732044
2015-11-12 02:12:00+00:00,-46.565361
2015-11-12 02:13:00+00:00,-51.30291
2015-11-12 02:14:00+00:00,-64.596664
2015-11-12 02:15:00+00:00,-68.822319
2015-11-12 02:16:00+00:00,-67.321678
2015-11-12 02:17:00+00:00,-66.884789
2015-11-12 02:18:00+00:00,-68.639587
2015-11-12 02:19:00+00:00,-74.721832
2015-11-12 02:20:00+00:00,-78.514114
2015-11-12 02:21:00+00:00,-85.722977
2015-11-12 02:22:00+00:00,-93.457558
2015-11-12 02:23:00+00:00,-103.061615
2015-11-12 02:24:00+00:00,-95.795914
2015-11-12 02:25:00+00:00,-90.120415
2015-11-12 02:26:00+00:00,-96.419899
2015-11-12 02:27:00+00:00,-104.207077
2015-11-12 02:28:00+00:00,-106.128281
2015-11-12 02:29:00+00:00,-103.306885
2015-11-12 02:30:00+00:00,-97.370682
2015-11-12 02:31:00+00:00,-90.173149
2015-11-12 02:32:00+00:00,-84.341217
2015-11-12 02:33:00+00:00,-82.908081
2015-11-12 02:34:00+00:00,-87.670616
2015-11-12 02:35:00+00:00,-105.055496
2015-11-12 02:36:00+00:00,-121.342171
2015-11-12 02:37:00+00:00,-122.575478
2015-11-12 02:38:00+00:00,-124.658722
2015-11-12 02:39:00+00:00,-124.763786
2015-11-12 02:40:00+00:00,-119.462921
2015-11-12 02:41:00+00:00,-110.746353
2015-11-12 02:42:00+00:00,-98.280106
2015-11-12 02:43:00+00:00,-81.588585
2015-11-12 02:44:00+00:00,-64.590729
2015-11-12 02:45:00+00:00,-48.22403
2015-11-12 02:46:00+00:00,-40.64653
2015-11-12 02:47:00+00:00,-60.765411
2015-11-19 00:00:00+00:00,-537.458435
2015-11-19 00:01:00+00:00,-528.622253
2015-11-19 00:02:00+00:00,-525.932251
2015-11-19 00:03:00+00:00,-575.808228
2015-11-19 00:04:00+00:00,-487.564178
2015-11-19 00:05:00+00:00,-395.595337
2015-11-19 00:06:00+00:00,-401.628296
2015-11-19 00:07:00+00:00,-388.497833
2015-11-19 00:08:00+00:00,-419.681305
2015-11-19 00:09:00+00:00,-377.689423
2015-11-19 00:10:00+00:00,-404.909485
2015-11-19 00:11:00+00:00,-392.96283
2015-11-19 00:12:00+00:00,-352.216644
2015-11-19 00:13:00+00:00,-339.693542
2015-11-19 00:14:00+00:00,-332.063232
2015-11-19 00:15:00+00:00,-334.916656
2015-11-19 00:16:00+00:00,-345.161743
2015-11-19 00:17:00+00:00,-332.658783
2015-11-19 00:18:00+00:00,-304.310638
2015-11-19 00:19:00+00:00,-281.968719
2015-11-19 00:20:00+00:00,-287.779755
2015-11-19 00:21:00+00:00,-308.121643
2015-11-19 00:22:00+00:00,-308.07489
2015-11-19 00:23:00+00:00,-315.256592
2015-11-19 00:24:00+00:00,-300.540619
2015-11-19 00:25:00+00:00,-290.995728
2015-11-19 00:26:00+00:00,-371.297638
2015-11-19 00:27:00+00:00,-275.486206
2015-11-19 00:28:00+00:00,-242.555649
2015-11-19 00:29:00+00:00,-236.249191
2015-11-19 00:30:00+00:00,-346.991394
2015-11-19 00:31:00+00:00,-277.840027
2015-11-19 00:32:00+00:00,-316.085144
2015-11-19 00:33:00+00:00,-298.456299
2015-11-19 00:34:00+00:00,-239.140976
2015-11-19 00:35:00+00:00,-337.914459
2015-11-19 00:36:00+00:00,-387.903564
2015-11-19 00:37:00+00:00,-321.235077
2015-11-19 00:38:00+00:00,-288.588745
2015-11-19 00:39:00+00:00,-251.503143
2015-11-19 00:40:00+00:00,-260.469513
2015-11-19 00:41:00+00:00,-231.277008
2015-11-19 00:42:00+00:00,-217.777863
2015-11-19 00:43:00+00:00,-445.171722
2015-11-19 00:44:00+00:00,-221.53656
2015-11-19 00:45:00+00:00,-227.449356
2015-11-19 00:46:00+00:00,-190.38205
2015-11-19 00:47:00+00:00,-210.271332
2015-11-19 00:48:00+00:00,-173.542313
2015-11-19 00:49:00+00:00,-193.710052
2015-11-19 00:50:00+00:00,-185.469986
2015-11-19 00:51:00+00:00,-149.813156
2015-11-19 00:52:00+00:00,-133.91774
2015-11-19 00:53:00+00:00,-119.073097
2015-11-19 00:54:00+00:00,-125.539864
2015-11-19 00:55:00+00:00,-121.594719
2015-11-19 00:56:00+00:00,-105.003006
2015-11-19 00:57:00+00:00,-82.870308
2015-11-19 00:58:00+00:00,-81.606102
2015-11-19 00:59:00+00:00,-87.946617
2015-11-19 01:00:00+00:00,-111.469658
2015-11-19 01:01:00+00:00,-124.004456
2015-11-19 01:02:00+00:00,-85.465477
2015-11-19 01:03:00+00:00,-69.87439
2015-11-19 01:04:00+00:00,-52.731449
2015-11-19 01:05:00+00:00,-52.237408
2015-11-19 01:06:00+00:00,-54.527443
2015-11-19 01:07:00+00:00,-56.00766
2015-11-19 01:08:00+00:00,-60.372467
2015-11-19 01:09:00+00:00,-54.543613
2015-11-19 01:10:00+00:00,-88.182564
2015-11-19 01:11:00+00:00,-56.203403
2015-11-19 01:12:00+00:00,-137.835327
2015-11-19 01:13:00+00:00,-157.744736
2015-11-19 01:14:00+00:00,-88.378204
2015-11-19 01:15:00+00:00,-110.009827
2015-11-19 01:16:00+00:00,-116.580826
2015-11-19 01:17:00+00:00,-92.00383
2015-11-19 01:18:00+00:00,-62.16909
2015-11-19 01:19:00+00:00,-62.408836
2015-11-19 01:20:00+00:00,-68.591438
2015-11-19 01:21:00+00:00,-68.576241
2015-11-19 01:22:00+00:00,-75.610794
2015-11-19 01:23:00+00:00,-71.421654
2015-11-19 01:24:00+00:00,-63.162323
2015-11-19 01:25:00+00:00,-83.427017
2015-11-19 01:26:00+00:00,-99.06366
2015-11-19 01:27:00+00:00,-106.765762
2015-11-19 01:28:00+00:00,-128.038925
2015-11-19 01:29:00+00:00,-161.396576
2015-11-19 01:30:00+00:00,-187.933502
2015-11-19 01:31:00+00:00,-215.729889
2015-11-19 01:32:00+00:00,-219.941711
2015-11-19 01:33:00+00:00,-210.863297
2015-11-19 01:34:00+00:00,-182.443802
2015-11-19 01:35:00+00:00,-153.348862
2015-11-19 01:36:00+00:00,-288.150787
2015-11-19 01:37:00+00:00,-361.898132
2015-11-19 01:38:00+00:00,-203.898193
2015-11-19 01:39:00+00:00,-180.086304
2015-11-19 01:40:00+00:00,-194.389572
2015-11-19 01:41:00+00:00,-221.503586
2015-11-19 01:42:00+00:00,-268.568207
2015-11-19 01:43:00+00:00,-225.579315
2015-11-19 01:44:00+00:00,-216.486465
2015-11-19 01:45:00+00:00,-218.897903
2015-11-19 01:46:00+00:00,-208.943115
2015-11-19 01:47:00+00:00,-212.540619
2015-11-19 01:48:00+00:00,-193.41571
2015-11-19 01:49:00+00:00,-168.533981
2015-11-19 01:50:00+00:00,-148.654099
2015-11-19 01:51:00+00:00,-150.690979
2015-11-19 01:52:00+00:00,-178.936188
2015-11-19 01:53:00+00:00,-186.791061
2015-11-19 01:54:00+00:00,-160.997849
2015-11-19 01:55:00+00:00,-142.618042
2015-11-19 01:56:00+00:00,-139.930023
2015-11-19 01:57:00+00:00,-211.135162
2015-11-19 01:58:00+00:00,-203.612244
2015-11-19 01:59:00+00:00,-218.065063
2015-11-19 02:00:00+00:00,-221.985107
2015-11-19 02:01:00+00:00,-223.121338
2015-11-19 02:02:00+00:00,-231.525436
2015-11-19 02:03:00+00:00,-236.130997
2015-11-19 02:04:00+00:00,-240.866745
2015-11-19 02:05:00+00:00,-239.421677
2015-11-19 02:06:00+00:00,-225.36795
2015-11-19 02:07:00+00:00,-210.377029
2015-11-19 02:08:00+00:00,-210.643219
2015-11-19 02:09:00+00:00,-214.753433
2015-11-19 02:10:00+00:00,-212.231125
2015-11-19 02:11:00+00:00,-192.522568
2015-11-19 02:12:00+00:00,-172.195129
2015-11-19 02:13:00+00:00,-162.103943
2015-11-19 02:14:00+00:00,-156.903046
2015-11-19 02:15:00+00:00,-157.391876
2015-11-19 02:16:00+00:00,-148.541138
2015-11-19 02:17:00+00:00,-132.361557
2015-11-19 02:18:00+00:00,-122.449814
2015-11-19 02:19:00+00:00,-108.904556
2015-11-19 02:20:00+00:00,-108.344727
2015-11-19 02:21:00+00:00,-106.282272
2015-11-19 02:22:00+00:00,-106.501465
2015-11-19 02:23:00+00:00,-123.559654
2015-11-19 02:24:00+00:00,-124.249725
2015-11-19 02:25:00+00:00,-111.109795
2015-11-19 02:26:00+00:00,-97.916908
2015-11-19 02:27:00+00:00,-84.214516
2015-11-19 02:28:00+00:00,-81.045296
2015-11-19 02:29:00+00:00,-73.979149
2015-11-19 02:30:00+00:00,-79.438217
2015-11-19 02:31:00+00:00,-83.641602
2015-11-19 02:32:00+00:00,-86.224861
2015-11-19 02:33:00+00:00,-84.155304
2015-11-19 02:34:00+00:00,-83.365189
2015-11-19 02:35:00+00:00,-78.786301
2015-11-19 02:36:00+00:00,-73.848564
2015-11-19 02:37:00+00:00,-70.395096
2015-11-19 02:38:00+00:00,-69.412567
2015-11-19 02:39:00+00:00,-62.426552
2015-11-19 02:40:00+00:00,-62.442905
2015-11-19 02:41:00+00:00,-55.45871
2015-11-19 02:42:00+00:00,-53.574833
2015-11-19 02:43:00+00:00,-66.576736
2015-11-19 02:44:00+00:00,-74.006622
2015-11-19 02:45:00+00:00,-69.93116
2015-11-19 02:46:00+00:00,-65.274216
2015-11-19 02:47:00+00:00,-65.027046
2015-11-26 00:00:00+00:00,-11.482141
2015-11-26 00:01:00+00:00,-11.601348
2015-11-26 00:02:00+00:00,-11.758765
2015-11-26 00:03:00+00:00,-11.821598
2015-11-26 00:04:00+00:00,-11.617987
2015-11-26 00:05:00+00:00,-11.704597
2015-11-26 00:06:00+00:00,-11.702499
2015-11-26 00:07:00+00:00,-11.631275
2015-11-26 00:08:00+00:00,-11.594452
2015-11-26 00:09:00+00:00,-12.033456
2015-11-26 00:10:00+00:00,-12.02252
2015-11-26 00:11:00+00:00,-11.79213
2015-11-26 00:12:00+00:00,-11.773943
2015-11-26 00:13:00+00:00,-11.819374
2015-11-26 00:14:00+00:00,-11.434607
2015-11-26 00:15:00+00:00,-11.203497
2015-11-26 00:16:00+00:00,-11.202232
2015-11-26 00:17:00+00:00,-11.065598
2015-11-26 00:18:00+00:00,-11.172512
2015-11-26 00:19:00+00:00,-11.323774
2015-11-26 00:20:00+00:00,-11.331615
2015-11-26 00:21:00+00:00,-11.378248
2015-11-26 00:22:00+00:00,-11.334513
2015-11-26 00:23:00+00:00,-11.387924
2015-11-26 00:24:00+00:00,-11.298265
2015-11-26 00:25:00+00:00,-11.276491
2015-11-26 00:26:00+00:00,-11.342148
2015-11-26 00:27:00+00:00,-11.555798
2015-11-26 00:28:00+00:00,-11.547918
2015-11-26 00:29:00+00:00,-11.364235
2015-11-26 00:30:00+00:00,-11.342265
2015-11-26 00:31:00+00:00,-11.302223
2015-11-26 00:32:00+00:00,-11.437374
2015-11-26 00:33:00+00:00,-11.581705
2015-11-26 00:34:00+00:00,-11.381707
2015-11-26 00:35:00+00:00,-11.311487
2015-11-26 00:36:00+00:00,-11.495097
2015-11-26 00:37:00+00:00,-11.012129
2015-11-26 00:38:00+00:00,-11.100868
2015-11-26 00:39:00+00:00,-11.278899
2015-11-26 00:40:00+00:00,-11.145837
2015-11-26 00:41:00+00:00,-10.906764
2015-11-26 00:42:00+00:00,-10.944499
2015-11-26 00:43:00+00:00,-11.074816
2015-11-26 00:44:00+00:00,-11.002105
2015-11-26 00:45:00+00:00,-11.311686
2015-11-26 00:46:00+00:00,-11.337549
2015-11-26 00:47:00+00:00,-11.224231
2015-11-26 00:48:00+00:00,-11.010799
2015-11-26 00:49:00+00:00,-11.175776
2015-11-26 00:50:00+00:00,-11.196939
2015-11-26 00:51:00+00:00,-10.843342
2015-11-26 00:52:00+00:00,-11.055669
2015-11-26 00:53:00+00:00,-11.41205
2015-11-26 00:54:00+00:00,-11.369521
2015-11-26 00:55:00+00:00,-11.199574
2015-11-26 00:56:00+00:00,-11.37682
2015-11-26 00:57:00+00:00,-11.454001
2015-11-26 00:58:00+00:00,-11.318943
2015-11-26 00:59:00+00:00,-11.195998
2015-11-26 01:00:00+00:00,-11.008159
2015-11-26 01:01:00+00:00,-11.052272
2015-11-26 01:02:00+00:00,-10.832213
2015-11-26 01:03:00+00:00,-10.842125
2015-11-26 01:04:00+00:00,-11.175758
2015-11-26 01:05:00+00:00,-11.273569
2015-11-26 01:06:00+00:00,-11.147213
2015-11-26 01:07:00+00:00,-11.114114
2015-11-26 01:08:00+00:00,-10.732866
2015-11-26 01:09:00+00:00,-10.505425
2015-11-26 01:10:00+00:00,-10.718902
2015-11-26 01:11:00+00:00,-10.972905
2015-11-26 01:12:00+00:00,-10.960796
2015-11-26 01:13:00+00:00,-11.013542
2015-11-26 01:14:00+00:00,-10.926231
2015-11-26 01:15:00+00:00,-10.775938
2015-11-26 01:16:00+00:00,-10.490398
2015-11-26 01:17:00+00:00,-10.78055
2015-11-26 01:18:00+00:00,-11.267488
2015-11-26 01:19:00+00:00,-11.371137
2015-11-26 01:20:00+00:00,-11.377439
2015-11-26 01:21:00+00:00,-11.204732
2015-11-26 01:22:00+00:00,-11.123348
2015-11-26 01:23:00+00:00,-10.984851
2015-11-26 01:24:00+00:00,-10.810727
2015-11-26 01:25:00+00:00,-10.757227
2015-11-26 01:26:00+00:00,-11.045056
2015-11-26 01:27:00+00:00,-11.223043
2015-11-26 01:28:00+00:00,-11.102412
2015-11-26 01:29:00+00:00,-11.129065
2015-11-26 01:30:00+00:00,-11.168926
2015-11-26 01:31:00+00:00,-11.016908
2015-11-26 01:32:00+00:00,-10.962065
2015-11-26 01:33:00+00:00,-11.205569
2015-11-26 01:34:00+00:00,-11.102891
2015-11-26 01:35:00+00:00,-10.990544
2015-11-26 01:36:00+00:00,-11.156425
2015-11-26 01:37:00+00:00,-11.056203
2015-11-26 01:38:00+00:00,-10.83441
2015-11-26 01:39:00+00:00,-11.121905
2015-11-26 01:40:00+00:00,-11.574942
2015-11-26 01:41:00+00:00,-11.716956
2015-11-26 01:42:00+00:00,-11.440527
2015-11-26 01:43:00+00:00,-11.3887
2015-11-26 01:44:00+00:00,-11.550765
2015-11-26 01:45:00+00:00,-11.528764
2015-11-26 01:46:00+00:00,-11.391057
2015-11-26 01:47:00+00:00,-11.651318
2015-11-26 01:48:00+00:00,-12.032203
2015-11-26 01:49:00+00:00,-11.6509
2015-11-26 01:50:00+00:00,-11.437466
2015-11-26 01:51:00+00:00,-11.523963
2015-11-26 01:52:00+00:00,-11.475228
2015-11-26 01:53:00+00:00,-11.484622
2015-11-26 01:54:00+00:00,-11.419331
2015-11-26 01:55:00+00:00,-11.033263
2015-11-26 01:56:00+00:00,-11.310795
2015-11-26 01:57:00+00:00,-12.537082
2015-11-26 01:58:00+00:00,-12.940899
2015-11-26 01:59:00+00:00,-12.552967
2015-11-26 02:00:00+00:00,-12.215357
2015-11-26 02:01:00+00:00,-12.047153
2015-11-26 02:02:00+00:00,-11.958474
2015-11-26 02:03:00+00:00,-12.158312
2015-11-26 02:04:00+00:00,-12.619333
2015-11-26 02:05:00+00:00,-12.943262
2015-11-26 02:06:00+00:00,-13.127836
2015-11-26 02:07:00+00:00,-13.122452
2015-11-26 02:08:00+00:00,-12.93493
2015-11-26 02:09:00+00:00,-12.766453
2015-11-26 02:10:00+00:00,-12.728358
2015-11-26 02:11:00+00:00,-12.881202
2015-11-26 02:12:00+00:00,-12.978901
2015-11-26 02:13:00+00:00,-13.023458
2015-11-26 02:14:00+00:00,-13.108539
2015-11-26 02:15:00+00:00,-13.197099
2015-11-26 02:16:00+00:00,-13.21688
2015-11-26 02:17:00+00:00,-13.173753
2015-11-26 02:18:00+00:00,-13.07554
2015-11-26 02:19:00+00:00,-13.123421
2015-11-26 02:20:00+00:00,-13.403299
2015-11-26 02:21:00+00:00,-13.585185
2015-11-26 02:22:00+00:00,-13.737414
2015-11-26 02:23:00+00:00,-13.736949
2015-11-26 02:24:00+00:00,-13.618956
2015-11-26 02:25:00+00:00,-13.633444
2015-11-26 02:26:00+00:00,-13.567533
2015-11-26 02:27:00+00:00,-13.49545
2015-11-26 02:28:00+00:00,-13.538177
2015-11-26 02:29:00+00:00,-13.582679
2015-11-26 02:30:00+00:00,-13.679632
2015-11-26 02:31:00+00:00,-13.754722
2015-11-26 02:32:00+00:00,-13.725827
2015-11-26 02:33:00+00:00,-13.694524
2015-11-26 02:34:00+00:00,-13.729181
2015-11-26 02:35:00+00:00,-13.80812
2015-11-26 02:36:00+00:00,-13.888781
2015-11-26 02:37:00+00:00,-14.047154
2015-11-26 02:38:00+00:00,-14.218798
2015-11-26 02:39:00+00:00,-14.339268
2015-11-26 02:40:00+00:00,-14.277717
2015-11-26 02:41:00+00:00,-14.221655
2015-11-26 02:42:00+00:00,-14.143749
2015-11-26 02:43:00+00:00,-14.086683
2015-11-26 02:44:00+00:00,-14.072536
2015-11-26 02:45:00+00:00,-14.140092
2015-11-26 02:46:00+00:00,-14.133113
2015-11-26 02:47:00+00:00,-14.21372
2015-12-03 00:00:00+00:00,-77.786201
2015-12-03 00:01:00+00:00,-76.738708
2015-12-03 00:02:00+00:00,-76.873848
2015-12-03 00:03:00+00:00,-80.992851
2015-12-03 00:04:00+00:00,-78.057655
2015-12-03 00:05:00+00:00,-72.340736
2015-12-03 00:06:00+00:00,-71.289383
2015-12-03 00:07:00+00:00,-70.387016
2015-12-03 00:08:00+00:00,-75.059418
2015-12-03 00:09:00+00:00,-73.467758
2015-12-03 00:10:00+00:00,-76.172585
2015-12-03 00:11:00+00:00,-84.087997
2015-12-03 00:12:00+00:00,-83.899544
2015-12-03 00:13:00+00:00,-81.309402
2015-12-03 00:14:00+00:00,-81.605675
2015-12-03 00:15:00+00:00,-80.968063
2015-12-03 00:16:00+00:00,-77.470818
2015-12-03 00:17:00+00:00,-76.778038
2015-12-03 00:18:00+00:00,-77.801826
2015-12-03 00:19:00+00:00,-77.003136
2015-12-03 00:20:00+00:00,-75.406395
2015-12-03 00:21:00+00:00,-72.676666
2015-12-03 00:22:00+00:00,-71.883301
2015-12-03 00:23:00+00:00,-70.303658
2015-12-03 00:24:00+00:00,-68.532494
2015-12-03 00:25:00+00:00,-67.562973
2015-12-03 00:26:00+00:00,-68.022087
2015-12-03 00:27:00+00:00,-67.422531
2015-12-03 00:28:00+00:00,-66.105156
2015-12-03 00:29:00+00:00,-62.923492
2015-12-03 00:30:00+00:00,-64.396111
2015-12-03 00:31:00+00:00,-65.460342
2015-12-03 00:32:00+00:00,-64.333443
2015-12-03 00:33:00+00:00,-64.309082
2015-12-03 00:34:00+00:00,-64.911652
2015-12-03 00:35:00+00:00,-67.456551
2015-12-03 00:36:00+00:00,-68.7631
2015-12-03 00:37:00+00:00,-68.466042
2015-12-03 00:38:00+00:00,-68.622002
2015-12-03 00:39:00+00:00,-67.398911
2015-12-03 00:40:00+00:00,-69.019424
2015-12-03 00:41:00+00:00,-71.680763
2015-12-03 00:42:00+00:00,-69.424919
2015-12-03 00:43:00+00:00,-70.544823
2015-12-03 00:44:00+00:00,-71.685966
2015-12-03 00:45:00+00:00,-75.177437
2015-12-03 00:46:00+00:00,-77.387901
2015-12-03 00:47:00+00:00,-75.515526
2015-12-03 00:48:00+00:00,-74.942619
2015-12-03 00:49:00+00:00,-74.542213
2015-12-03 00:50:00+00:00,-72.490067
2015-12-03 00:51:00+00:00,-71.83107
2015-12-03 00:52:00+00:00,-71.847435
2015-12-03 00:53:00+00:00,-68.037186
2015-12-03 00:54:00+00:00,-64.991119
2015-12-03 00:55:00+00:00,-66.068588
2015-12-03 00:56:00+00:00,-67.541061
2015-12-03 00:57:00+00:00,-69.949532
2015-12-03 00:58:00+00:00,-70.400414
2015-12-03 00:59:00+00:00,-70.253067
2015-12-03 01:00:00+00:00,-70.767227
2015-12-03 01:01:00+00:00,-71.594559
2015-12-03 01:02:00+00:00,-72.998932
2015-12-03 01:03:00+00:00,-73.171715
2015-12-03 01:04:00+00:00,-74.615799
2015-12-03 01:05:00+00:00,-75.309677
2015-12-03 01:06:00+00:00,-76.332413
2015-12-03 01:07:00+00:00,-75.500381
2015-12-03 01:08:00+00:00,-74.912186
2015-12-03 01:09:00+00:00,-74.516045
2015-12-03 01:10:00+00:00,-74.938866
2015-12-03 01:11:00+00:00,-75.542931
2015-12-03 01:12:00+00:00,-75.454185
2015-12-03 01:13:00+00:00,-75.22142
2015-12-03 01:14:00+00:00,-76.747932
2015-12-03 01:15:00+00:00,-77.29052
2015-12-03 01:16:00+00:00,-76.106575
2015-12-03 01:17:00+00:00,-74.704681
2015-12-03 01:18:00+00:00,-74.709396
2015-12-03 01:19:00+00:00,-74.309166
2015-12-03 01:20:00+00:00,-74.738327
2015-12-03 01:21:00+00:00,-75.034935
2015-12-03 01:22:00+00:00,-76.761467
2015-12-03 01:23:00+00:00,-77.84269
2015-12-03 01:24:00+00:00,-77.160408
2015-12-03 01:25:00+00:00,-76.394279
2015-12-03 01:26:00+00:00,-75.650719
2015-12-03 01:27:00+00:00,-77.011726
2015-12-03 01:28:00+00:00,-75.971405
2015-12-03 01:29:00+00:00,-76.087349
2015-12-03 01:30:00+00:00,-76.305809
2015-12-03 01:31:00+00:00,-75.460831
2015-12-03 01:32:00+00:00,-74.479897
2015-12-03 01:33:00+00:00,-74.680115
2015-12-03 01:34:00+00:00,-75.388603
2015-12-03 01:35:00+00:00,-74.374878
2015-12-03 01:36:00+00:00,-73.157448
2015-12-03 01:37:00+00:00,-73.862274
2015-12-03 01:38:00+00:00,-75.997139
2015-12-03 01:39:00+00:00,-78.814934
2015-12-03 01:40:00+00:00,-80.128143
2015-12-03 01:41:00+00:00,-81.329308
2015-12-03 01:42:00+00:00,-81.392036
2015-12-03 01:43:00+00:00,-78.098526
2015-12-03 01:44:00+00:00,-76.830582
2015-12-03 01:45:00+00:00,-74.233688
2015-12-03 01:46:00+00:00,-71.840103
2015-12-03 01:47:00+00:00,-72.34108
2015-12-03 01:48:00+00:00,-70.562836
2015-12-03 01:49:00+00:00,-70.739693
2015-12-03 01:50:00+00:00,-71.084534
2015-12-03 01:51:00+00:00,-72.075829
2015-12-03 01:52:00+00:00,-72.951851
2015-12-03 01:53:00+00:00,-73.011375
2015-12-03 01:54:00+00:00,-74.737793
2015-12-03 01:55:00+00:00,-76.394737
2015-12-03 01:56:00+00:00,-76.053474
2015-12-03 01:57:00+00:00,-75.40538
2015-12-03 01:58:00+00:00,-74.888893
2015-12-03 01:59:00+00:00,-74.240334
2015-12-03 02:00:00+00:00,-73.517265
2015-12-03 02:01:00+00:00,-74.576324
2015-12-03 02:02:00+00:00,-75.387474
2015-12-03 02:03:00+00:00,-76.014153
2015-12-03 02:04:00+00:00,-75.905563
2015-12-03 02:05:00+00:00,-76.248207
2015-12-03 02:06:00+00:00,-77.496185
2015-12-03 02:07:00+00:00,-77.297913
2015-12-03 02:08:00+00:00,-76.785202
2015-12-03 02:09:00+00:00,-75.781296
2015-12-03 02:10:00+00:00,-74.564491
2015-12-03 02:11:00+00:00,-74.706062
2015-12-03 02:12:00+00:00,-75.867134
2015-12-03 02:13:00+00:00,-76.818192
2015-12-03 02:14:00+00:00,-78.111954
2015-12-03 02:15:00+00:00,-78.585327
2015-12-03 02:16:00+00:00,-77.095688
2015-12-03 02:17:00+00:00,-73.359871
2015-12-03 02:18:00+00:00,-70.231339
2015-12-03 02:19:00+00:00,-70.466934
2015-12-03 02:20:00+00:00,-70.289284
2015-12-03 02:21:00+00:00,-70.655411
2015-12-03 02:22:00+00:00,-71.383652
2015-12-03 02:23:00+00:00,-72.089241
2015-12-03 02:24:00+00:00,-72.44696
2015-12-03 02:25:00+00:00,-72.52124
2015-12-03 02:26:00+00:00,-73.467354
2015-12-03 02:27:00+00:00,-73.546021
2015-12-03 02:28:00+00:00,-73.405663
2015-12-03 02:29:00+00:00,-74.407593
2015-12-03 02:30:00+00:00,-75.144577
2015-12-03 02:31:00+00:00,-75.051102
2015-12-03 02:32:00+00:00,-75.743919
2015-12-03 02:33:00+00:00,-75.921059
2015-12-03 02:34:00+00:00,-75.559067
2015-12-03 02:35:00+00:00,-74.795624
2015-12-03 02:36:00+00:00,-74.641457
2015-12-03 02:37:00+00:00,-75.311394
2015-12-03 02:38:00+00:00,-75.62085
2015-12-03 02:39:00+00:00,-73.507317
2015-12-03 02:40:00+00:00,-72.813553
2015-12-03 02:41:00+00:00,-70.473129
2015-12-03 02:42:00+00:00,-69.527061
2015-12-03 02:43:00+00:00,-68.207741
2015-12-03 02:44:00+00:00,-66.64798
2015-12-03 02:45:00+00:00,-64.376076
2015-12-03 02:46:00+00:00,-64.966881
2015-12-03 02:47:00+00:00,-65.61927
2015-12-10 00:00:00+00:00,-60.26189
2015-12-10 00:01:00+00:00,-60.078987
2015-12-10 00:02:00+00:00,-59.621613
2015-12-10 00:03:00+00:00,-60.324219
2015-12-10 00:04:00+00:00,-59.589157
2015-12-10 00:05:00+00:00,-60.012127
2015-12-10 00:06:00+00:00,-59.746456
2015-12-10 00:07:00+00:00,-59.730625
2015-12-10 00:08:00+00:00,-59.820103
2015-12-10 00:09:00+00:00,-62.315269
2015-12-10 00:10:00+00:00,-77.490356
2015-12-10 00:11:00+00:00,-99.150681
2015-12-10 00:12:00+00:00,-122.38475
2015-12-10 00:13:00+00:00,-113.03923
2015-12-10 00:14:00+00:00,-104.374512
2015-12-10 00:15:00+00:00,-115.817657
2015-12-10 00:16:00+00:00,-113.306656
2015-12-10 00:17:00+00:00,-128.302948
2015-12-10 00:18:00+00:00,-140.004166
2015-12-10 00:19:00+00:00,-141.562469
2015-12-10 00:20:00+00:00,-141.842621
2015-12-10 00:21:00+00:00,-149.254913
2015-12-10 00:22:00+00:00,-148.65065
2015-12-10 00:23:00+00:00,-144.052643
2015-12-10 00:24:00+00:00,-146.469513
2015-12-10 00:25:00+00:00,-152.906006
2015-12-10 00:26:00+00:00,-124.326797
2015-12-10 00:27:00+00:00,-125.632294
2015-12-10 00:28:00+00:00,-129.380722
2015-12-10 00:29:00+00:00,-127.204796
2015-12-10 00:30:00+00:00,-121.1418
2015-12-10 00:31:00+00:00,-120.9515
2015-12-10 00:32:00+00:00,-118.763947
2015-12-10 00:33:00+00:00,-132.213852
2015-12-10 00:34:00+00:00,-142.826263
2015-12-10 00:35:00+00:00,-142.229706
2015-12-10 00:36:00+00:00,-138.783875
2015-12-10 00:37:00+00:00,-150.440475
2015-12-10 00:38:00+00:00,-162.80632
2015-12-10 00:39:00+00:00,-191.087402
2015-12-10 00:40:00+00:00,-169.950684
2015-12-10 00:41:00+00:00,-164.208618
2015-12-10 00:42:00+00:00,-156.054291
2015-12-10 00:43:00+00:00,-141.533066
2015-12-10 00:44:00+00:00,-144.746902
2015-12-10 00:45:00+00:00,-158.828278
2015-12-10 00:46:00+00:00,-155.345093
2015-12-10 00:47:00+00:00,-164.280212
2015-12-10 00:48:00+00:00,-177.093842
2015-12-10 00:49:00+00:00,-185.131638
2015-12-10 00:50:00+00:00,-190.489655
2015-12-10 00:51:00+00:00,-184.662643
2015-12-10 00:52:00+00:00,-182.506317
2015-12-10 00:53:00+00:00,-180.026993
2015-12-10 00:54:00+00:00,-172.420929
2015-12-10 00:55:00+00:00,-162.611877
2015-12-10 00:56:00+00:00,-166.341949
2015-12-10 00:57:00+00:00,-181.444107
2015-12-10 00:58:00+00:00,-185.296204
2015-12-10 00:59:00+00:00,-220.552307
2015-12-10 01:00:00+00:00,-316.816528
2015-12-10 01:01:00+00:00,-432.611267
2015-12-10 01:02:00+00:00,-447.973358
2015-12-10 01:03:00+00:00,-483.870514
2015-12-10 01:04:00+00:00,-444.277039
2015-12-10 01:05:00+00:00,-393.754486
2015-12-10 01:06:00+00:00,-406.291718
2015-12-10 01:07:00+00:00,-383.69696
2015-12-10 01:08:00+00:00,-412.024384
2015-12-10 01:09:00+00:00,-391.492706
2015-12-10 01:10:00+00:00,-447.787598
2015-12-10 01:11:00+00:00,-485.189453
2015-12-10 01:12:00+00:00,-379.621552
2015-12-10 01:13:00+00:00,-401.771729
2015-12-10 01:14:00+00:00,-388.346191
2015-12-10 01:15:00+00:00,-359.69986
2015-12-10 01:16:00+00:00,-352.214874
2015-12-10 01:17:00+00:00,-358.07309
2015-12-10 01:18:00+00:00,-376.330688
2015-12-10 01:19:00+00:00,-374.974121
2015-12-10 01:20:00+00:00,-359.627411
2015-12-10 01:21:00+00:00,-334.795532
2015-12-10 01:22:00+00:00,-340.959839
2015-12-10 01:23:00+00:00,-351.677307
2015-12-10 01:24:00+00:00,-350.676819
2015-12-10 01:25:00+00:00,-360.006897
2015-12-10 01:26:00+00:00,-362.360168
2015-12-10 01:27:00+00:00,-369.116394
2015-12-10 01:28:00+00:00,-355.700562
2015-12-10 01:29:00+00:00,-356.223694
2015-12-10 01:30:00+00:00,-358.597595
2015-12-10 01:31:00+00:00,-335.813721
2015-12-10 01:32:00+00:00,-332.804779
2015-12-10 01:33:00+00:00,-348.343872
2015-12-10 01:34:00+00:00,-352.691498
2015-12-10 01:35:00+00:00,-411.312775
2015-12-10 01:36:00+00:00,-422.403046
2015-12-10 01:37:00+00:00,-340.413483
2015-12-10 01:38:00+00:00,-366.159119
2015-12-10 01:39:00+00:00,-346.789856
2015-12-10 01:40:00+00:00,-320.778595
2015-12-10 01:41:00+00:00,-324.340637
2015-12-10 01:42:00+00:00,-304.022644
2015-12-10 01:43:00+00:00,-291.161591
2015-12-10 01:44:00+00:00,-275.411591
2015-12-10 01:45:00+00:00,-259.050446
2015-12-10 01:46:00+00:00,-253.781372
2015-12-10 01:47:00+00:00,-248.791367
2015-12-10 01:48:00+00:00,-242.581528
2015-12-10 01:49:00+00:00,-236.897903
2015-12-10 01:50:00+00:00,-229.220932
2015-12-10 01:51:00+00:00,-223.908966
2015-12-10 01:52:00+00:00,-220.619232
2015-12-10 01:53:00+00:00,-218.642685
2015-12-10 01:54:00+00:00,-214.071106
2015-12-10 01:55:00+00:00,-201.789215
2015-12-10 01:56:00+00:00,-190.424927
2015-12-10 01:57:00+00:00,-186.094406
2015-12-10 01:58:00+00:00,-176.846466
2015-12-10 01:59:00+00:00,-171.563873
2015-12-10 02:00:00+00:00,-165.893082
2015-12-10 02:01:00+00:00,-155.922089
2015-12-10 02:02:00+00:00,-146.419312
2015-12-10 02:03:00+00:00,-141.756943
2015-12-10 02:04:00+00:00,-140.285599
2015-12-10 02:05:00+00:00,-132.891052
2015-12-10 02:06:00+00:00,-127.521576
2015-12-10 02:07:00+00:00,-119.105881
2015-12-10 02:08:00+00:00,-107.318817
2015-12-10 02:09:00+00:00,-97.986557
2015-12-10 02:10:00+00:00,-109.946144
2015-12-10 02:11:00+00:00,-114.827774
2015-12-10 02:12:00+00:00,-141.020432
2015-12-10 02:13:00+00:00,-166.223389
2015-12-10 02:14:00+00:00,-121.758011
2015-12-10 02:15:00+00:00,-126.278923
2015-12-10 02:16:00+00:00,-121.117241
2015-12-10 02:17:00+00:00,-120.433289
2015-12-10 02:18:00+00:00,-153.358566
2015-12-10 02:19:00+00:00,-172.403702
2015-12-10 02:20:00+00:00,-180.111526
2015-12-10 02:21:00+00:00,-168.819824
2015-12-10 02:22:00+00:00,-141.330185
2015-12-10 02:23:00+00:00,-122.121521
2015-12-10 02:24:00+00:00,-96.695625
2015-12-10 02:25:00+00:00,-93.625893
2015-12-10 02:26:00+00:00,-98.580917
2015-12-10 02:27:00+00:00,-99.608383
2015-12-10 02:28:00+00:00,-104.557907
2015-12-10 02:29:00+00:00,-113.896317
2015-12-10 02:30:00+00:00,-121.282822
2015-12-10 02:31:00+00:00,-125.789856
2015-12-10 02:32:00+00:00,-124.569374
2015-12-10 02:33:00+00:00,-122.015961
2015-12-10 02:34:00+00:00,-111.325386
2015-12-10 02:35:00+00:00,-113.47226
2015-12-10 02:36:00+00:00,-128.843567
2015-12-10 02:37:00+00:00,-132.336502
2015-12-10 02:38:00+00:00,-130.792969
2015-12-10 02:39:00+00:00,-134.141815
2015-12-10 02:40:00+00:00,-133.724945
2015-12-10 02:41:00+00:00,-130.324707
2015-12-10 02:42:00+00:00,-125.815231
2015-12-10 02:43:00+00:00,-133.431015
2015-12-10 02:44:00+00:00,-130.632141
2015-12-10 02:45:00+00:00,-128.335709
2015-12-10 02:46:00+00:00,-139.781815
2015-12-10 02:47:00+00:00,-154.345169
2015-12-17 00:00:00+00:00,-61.132793
2015-12-17 00:01:00+00:00,-64.870323
2015-12-17 00:02:00+00:00,-62.670979
2015-12-17 00:03:00+00:00,-65.536255
2015-12-17 00:04:00+00:00,-69.071136
2015-12-17 00:05:00+00:00,-71.321518
2015-12-17 00:06:00+00:00,-69.127731
2015-12-17 00:07:00+00:00,-67.788612
2015-12-17 00:08:00+00:00,-64.721207
2015-12-17 00:09:00+00:00,-54.685612
2015-12-17 00:10:00+00:00,-53.510605
2015-12-17 00:11:00+00:00,-54.549156
2015-12-17 00:12:00+00:00,-48.715332
2015-12-17 00:13:00+00:00,-44.63707
2015-12-17 00:14:00+00:00,-44.620518
2015-12-17 00:15:00+00:00,-47.509918
2015-12-17 00:16:00+00:00,-45.131664
2015-12-17 00:17:00+00:00,-38.719189
2015-12-17 00:18:00+00:00,-35.959255
2015-12-17 00:19:00+00:00,-37.54718
2015-12-17 00:20:00+00:00,-42.647999
2015-12-17 00:21:00+00:00,-47.526855
2015-12-17 00:22:00+00:00,-53.104645
2015-12-17 00:23:00+00:00,-59.745636
2015-12-17 00:24:00+00:00,-62.865349
2015-12-17 00:25:00+00:00,-66.797775
2015-12-17 00:26:00+00:00,-67.32856
2015-12-17 00:27:00+00:00,-60.525581
2015-12-17 00:28:00+00:00,-56.984535
2015-12-17 00:29:00+00:00,-52.679554
2015-12-17 00:30:00+00:00,-46.163364
2015-12-17 00:31:00+00:00,-39.922222
2015-12-17 00:32:00+00:00,-36.491276
2015-12-17 00:33:00+00:00,-33.293381
2015-12-17 00:34:00+00:00,-26.57268
2015-12-17 00:35:00+00:00,-25.805748
2015-12-17 00:36:00+00:00,-25.454016
2015-12-17 00:37:00+00:00,-23.961342
2015-12-17 00:38:00+00:00,-24.81992
2015-12-17 00:39:00+00:00,-21.903296
2015-12-17 00:40:00+00:00,-20.537155
2015-12-17 00:41:00+00:00,-21.537582
2015-12-17 00:42:00+00:00,-22.680754
2015-12-17 00:43:00+00:00,-22.160912
2015-12-17 00:44:00+00:00,-20.3638
2015-12-17 00:45:00+00:00,-20.763905
2015-12-17 00:46:00+00:00,-20.191788
2015-12-17 00:47:00+00:00,-19.916958
2015-12-17 00:48:00+00:00,-23.690502
2015-12-17 00:49:00+00:00,-22.029457
2015-12-17 00:50:00+00:00,-19.153452
2015-12-17 00:51:00+00:00,-19.484266
2015-12-17 00:52:00+00:00,-19.941727
2015-12-17 00:53:00+00:00,-18.451521
2015-12-17 00:54:00+00:00,-18.140503
2015-12-17 00:55:00+00:00,-20.183384
2015-12-17 00:56:00+00:00,-23.012686
2015-12-17 00:57:00+00:00,-22.000872
2015-12-17 00:58:00+00:00,-20.384659
2015-12-17 00:59:00+00:00,-21.384434
2015-12-17 01:00:00+00:00,-21.21384
2015-12-17 01:01:00+00:00,-21.45636
2015-12-17 01:02:00+00:00,-20.782734
2015-12-17 01:03:00+00:00,-19.224072
2015-12-17 01:04:00+00:00,-19.128893
2015-12-17 01:05:00+00:00,-21.820324
2015-12-17 01:06:00+00:00,-23.599033
2015-12-17 01:07:00+00:00,-22.979553
2015-12-17 01:08:00+00:00,-20.841652
2015-12-17 01:09:00+00:00,-22.136387
2015-12-17 01:10:00+00:00,-25.549191
2015-12-17 01:11:00+00:00,-27.251823
2015-12-17 01:12:00+00:00,-27.689486
2015-12-17 01:13:00+00:00,-25.618408
2015-12-17 01:14:00+00:00,-23.032127
2015-12-17 01:15:00+00:00,-25.766468
2015-12-17 01:16:00+00:00,-27.889818
2015-12-17 01:17:00+00:00,-29.295305
2015-12-17 01:18:00+00:00,-26.104559
2015-12-17 01:19:00+00:00,-24.873131
2015-12-17 01:20:00+00:00,-26.231762
2015-12-17 01:21:00+00:00,-26.549484
2015-12-17 01:22:00+00:00,-25.329105
2015-12-17 01:23:00+00:00,-22.418175
2015-12-17 01:24:00+00:00,-19.246748
2015-12-17 01:25:00+00:00,-20.221941
2015-12-17 01:26:00+00:00,-20.50428
2015-12-17 01:27:00+00:00,-20.57803
2015-12-17 01:28:00+00:00,-18.796099
2015-12-17 01:29:00+00:00,-18.374195
2015-12-17 01:30:00+00:00,-19.003124
2015-12-17 01:31:00+00:00,-20.644253
2015-12-17 01:32:00+00:00,-21.03112
2015-12-17 01:33:00+00:00,-21.039747
2015-12-17 01:34:00+00:00,-22.250143
2015-12-17 01:35:00+00:00,-24.777958
2015-12-17 01:36:00+00:00,-24.336016
2015-12-17 01:37:00+00:00,-22.576099
2015-12-17 01:38:00+00:00,-21.977634
2015-12-17 01:39:00+00:00,-20.671406
2015-12-17 01:40:00+00:00,-18.881956
2015-12-17 01:41:00+00:00,-20.783531
2015-12-17 01:42:00+00:00,-19.854576
2015-12-17 01:43:00+00:00,-22.78545
2015-12-17 01:44:00+00:00,-24.565342
2015-12-17 01:45:00+00:00,-25.096527
2015-12-17 01:46:00+00:00,-25.883728
2015-12-17 01:47:00+00:00,-24.69504
2015-12-17 01:48:00+00:00,-26.787701
2015-12-17 01:49:00+00:00,-24.885767
2015-12-17 01:50:00+00:00,-23.955959
2015-12-17 01:51:00+00:00,-24.328291
2015-12-17 01:52:00+00:00,-24.414799
2015-12-17 01:53:00+00:00,-24.834555
2015-12-17 01:54:00+00:00,-24.616295
2015-12-17 01:55:00+00:00,-24.217472
2015-12-17 01:56:00+00:00,-22.786453
2015-12-17 01:57:00+00:00,-21.232346
2015-12-17 01:58:00+00:00,-22.589262
2015-12-17 01:59:00+00:00,-21.583206
2015-12-17 02:00:00+00:00,-20.936762
2015-12-17 02:01:00+00:00,-23.333555
2015-12-17 02:02:00+00:00,-25.963615
2015-12-17 02:03:00+00:00,-26.878128
2015-12-17 02:04:00+00:00,-26.175741
2015-12-17 02:05:00+00:00,-28.539574
2015-12-17 02:06:00+00:00,-26.05118
2015-12-17 02:07:00+00:00,-26.66663
2015-12-17 02:08:00+00:00,-29.15498
2015-12-17 02:09:00+00:00,-29.728647
2015-12-17 02:10:00+00:00,-29.447702
2015-12-17 02:11:00+00:00,-26.569485
2015-12-17 02:12:00+00:00,-27.525646
2015-12-17 02:13:00+00:00,-28.457315
2015-12-17 02:14:00+00:00,-30.38306
2015-12-17 02:15:00+00:00,-29.189127
2015-12-17 02:16:00+00:00,-28.129292
2015-12-17 02:17:00+00:00,-28.353664
2015-12-17 02:18:00+00:00,-30.132227
2015-12-17 02:19:00+00:00,-29.772123
2015-12-17 02:20:00+00:00,-27.630787
2015-12-17 02:21:00+00:00,-26.383524
2015-12-17 02:22:00+00:00,-26.123123
2015-12-17 02:23:00+00:00,-24.608873
2015-12-17 02:24:00+00:00,-23.405731
2015-12-17 02:25:00+00:00,-23.244181
2015-12-17 02:26:00+00:00,-23.882532
2015-12-17 02:27:00+00:00,-28.749025
2015-12-17 02:28:00+00:00,-30.969162
2015-12-17 02:29:00+00:00,-33.560043
2015-12-17 02:30:00+00:00,-33.504593
2015-12-17 02:31:00+00:00,-32.183414
2015-12-17 02:32:00+00:00,-32.985153
2015-12-17 02:33:00+00:00,-35.275753
2015-12-17 02:34:00+00:00,-33.323338
2015-12-17 02:35:00+00:00,-29.239288
2015-12-17 02:36:00+00:00,-27.703342
2015-12-17 02:37:00+00:00,-29.990458
2015-12-17 02:38:00+00:00,-32.16563
2015-12-17 02:39:00+00:00,-31.662016
2015-12-17 02:40:00+00:00,-31.354179
2015-12-17 02:41:00+00:00,-30.294912
2015-12-17 02:42:00+00:00,-27.730846
2015-12-17 02:43:00+00:00,-25.21526
2015-12-17 02:44:00+00:00,-24.645176
2015-12-17 02:45:00+00:00,-24.894186
2015-12-17 02:46:00+00:00,-24.441038
2015-12-17 02:47:00+00:00,-25.188681
2015-12-24 00:00:00+00:00,-104.864052
2015-12-24 00:01:00+00:00,-145.998932
2015-12-24 00:02:00+00:00,-142.12619
2015-12-24 00:03:00+00:00,-127.251709
2015-12-24 00:04:00+00:00,-110.378464
2015-12-24 00:05:00+00:00,-115.510864
2015-12-24 00:06:00+00:00,-130.636719
2015-12-24 00:07:00+00:00,-126.764359
2015-12-24 00:08:00+00:00,-144.893311
2015-12-24 00:09:00+00:00,-119.018707
2015-12-24 00:10:00+00:00,-101.140579
2015-12-24 00:11:00+00:00,-81.272621
2015-12-24 00:12:00+00:00,-122.420708
2015-12-24 00:13:00+00:00,-165.563385
2015-12-24 00:14:00+00:00,-144.689911
2015-12-24 00:15:00+00:00,-98.816437
2015-12-24 00:16:00+00:00,-111.973114
2015-12-24 00:17:00+00:00,-178.124664
2015-12-24 00:18:00+00:00,-206.266495
2015-12-24 00:19:00+00:00,-146.399139
2015-12-24 00:20:00+00:00,-109.531395
2015-12-24 00:21:00+00:00,-121.680374
2015-12-24 00:22:00+00:00,-161.8461
2015-12-24 00:23:00+00:00,-220.015411
2015-12-24 00:24:00+00:00,-242.168793
2015-12-24 00:25:00+00:00,-201.291138
2015-12-24 00:26:00+00:00,-133.431778
2015-12-24 00:27:00+00:00,-131.581451
2015-12-24 00:28:00+00:00,-198.745575
2015-12-24 00:29:00+00:00,-257.92511
2015-12-24 00:30:00+00:00,-249.075165
2015-12-24 00:31:00+00:00,-203.213882
2015-12-24 00:32:00+00:00,-164.35907
2015-12-24 00:33:00+00:00,-190.520844
2015-12-24 00:34:00+00:00,-197.674225
2015-12-24 00:35:00+00:00,-180.814774
2015-12-24 00:36:00+00:00,-151.960541
2015-12-24 00:37:00+00:00,-141.134918
2015-12-24 00:38:00+00:00,-151.31636
2015-12-24 00:39:00+00:00,-156.48288
2015-12-24 00:40:00+00:00,-124.643211
2015-12-24 00:41:00+00:00,-99.813919
2015-12-24 00:42:00+00:00,-120.99057
2015-12-24 00:43:00+00:00,-165.165787
2015-12-24 00:44:00+00:00,-172.333206
2015-12-24 00:45:00+00:00,-159.490814
2015-12-24 00:46:00+00:00,-115.664436
2015-12-24 00:47:00+00:00,-91.843376
2015-12-24 00:48:00+00:00,-96.025574
2015-12-24 00:49:00+00:00,-141.197784
2015-12-24 00:50:00+00:00,-166.366837
2015-12-24 00:51:00+00:00,-116.542435
2015-12-24 00:52:00+00:00,-89.725525
2015-12-24 00:53:00+00:00,-123.908241
2015-12-24 00:54:00+00:00,-140.085175
2015-12-24 00:55:00+00:00,-119.263138
2015-12-24 00:56:00+00:00,-118.441582
2015-12-24 00:57:00+00:00,-130.622437
2015-12-24 00:58:00+00:00,-127.802704
2015-12-24 00:59:00+00:00,-122.980911
2015-12-24 01:00:00+00:00,-127.156021
2015-12-24 01:01:00+00:00,-125.349205
2015-12-24 01:02:00+00:00,-129.531677
2015-12-24 01:03:00+00:00,-117.710182
2015-12-24 01:04:00+00:00,-84.887054
2015-12-24 01:05:00+00:00,-58.073441
2015-12-24 01:06:00+00:00,-54.26437
2015-12-24 01:07:00+00:00,-60.452435
2015-12-24 01:08:00+00:00,-32.636078
2015-12-24 01:09:00+00:00,-32.492519
2015-12-24 01:10:00+00:00,-35.025902
2015-12-24 01:11:00+00:00,-45.222137
2015-12-24 01:12:00+00:00,-78.418488
2015-12-24 01:13:00+00:00,-102.604614
2015-12-24 01:14:00+00:00,-57.787746
2015-12-24 01:15:00+00:00,-48.391747
2015-12-24 01:16:00+00:00,-49.999233
2015-12-24 01:17:00+00:00,-62.390434
2015-12-24 01:18:00+00:00,-61.587112
2015-12-24 01:19:00+00:00,-48.778404
2015-12-24 01:20:00+00:00,-52.459072
2015-12-24 01:21:00+00:00,-56.173302
2015-12-24 01:22:00+00:00,-59.763329
2015-12-24 01:23:00+00:00,-71.289536
2015-12-24 01:24:00+00:00,-73.486313
2015-12-24 01:25:00+00:00,-77.961739
2015-12-24 01:26:00+00:00,-77.607025
2015-12-24 01:27:00+00:00,-81.424065
2015-12-24 01:28:00+00:00,-87.846359
2015-12-24 01:29:00+00:00,-105.054611
2015-12-24 01:30:00+00:00,-151.364761
2015-12-24 01:31:00+00:00,-185.184204
2015-12-24 01:32:00+00:00,-186.089706
2015-12-24 01:33:00+00:00,-160.394073
2015-12-24 01:34:00+00:00,-153.46048
2015-12-24 01:35:00+00:00,-144.066208
2015-12-24 01:36:00+00:00,-120.724854
2015-12-24 01:37:00+00:00,-121.308403
2015-12-24 01:38:00+00:00,-132.728882
2015-12-24 01:39:00+00:00,-122.975464
2015-12-24 01:40:00+00:00,-128.273666
2015-12-24 01:41:00+00:00,-120.334343
2015-12-24 01:42:00+00:00,-120.965034
2015-12-24 01:43:00+00:00,-118.459206
2015-12-24 01:44:00+00:00,-109.649536
2015-12-24 01:45:00+00:00,-86.195328
2015-12-24 01:46:00+00:00,-96.977097
2015-12-24 01:47:00+00:00,-141.252869
2015-12-24 01:48:00+00:00,-158.44722
2015-12-24 01:49:00+00:00,-106.611366
2015-12-24 01:50:00+00:00,-55.492775
2015-12-24 01:51:00+00:00,-74.396576
2015-12-24 01:52:00+00:00,-124.187218
2015-12-24 01:53:00+00:00,-134.374603
2015-12-24 01:54:00+00:00,-95.523499
2015-12-24 01:55:00+00:00,-68.678253
2015-12-24 01:56:00+00:00,-77.867584
2015-12-24 01:57:00+00:00,-96.077728
2015-12-24 01:58:00+00:00,-107.261711
2015-12-24 01:59:00+00:00,-118.411644
2015-12-24 02:00:00+00:00,-107.565994
2015-12-24 02:01:00+00:00,-76.737358
2015-12-24 02:02:00+00:00,-70.910301
2015-12-24 02:03:00+00:00,-92.098206
2015-12-24 02:04:00+00:00,-104.268784
2015-12-24 02:05:00+00:00,-102.422966
2015-12-24 02:06:00+00:00,-90.580719
2015-12-24 02:07:00+00:00,-94.234726
2015-12-24 02:08:00+00:00,-86.187447
2015-12-24 02:09:00+00:00,-83.072876
2015-12-24 02:10:00+00:00,-79.229698
2015-12-24 02:11:00+00:00,-75.073257
2015-12-24 02:12:00+00:00,-90.966339
2015-12-24 02:13:00+00:00,-101.444153
2015-12-24 02:14:00+00:00,-101.279282
2015-12-24 02:15:00+00:00,-96.15641
2015-12-24 02:16:00+00:00,-86.075745
2015-12-24 02:17:00+00:00,-84.322426
2015-12-24 02:18:00+00:00,-86.172958
2015-12-24 02:19:00+00:00,-87.404816
2015-12-24 02:20:00+00:00,-83.36673
2015-12-24 02:21:00+00:00,-78.869362
2015-12-24 02:22:00+00:00,-74.601303
2015-12-24 02:23:00+00:00,-73.190598
2015-12-24 02:24:00+00:00,-66.586571
2015-12-24 02:25:00+00:00,-66.868446
2015-12-24 02:26:00+00:00,-64.235542
2015-12-24 02:27:00+00:00,-57.386223
2015-12-24 02:28:00+00:00,-51.945599
2015-12-24 02:29:00+00:00,-47.563194
2015-12-24 02:30:00+00:00,-42.794785
2015-12-24 02:31:00+00:00,-50.945683
2015-12-24 02:32:00+00:00,-55.713882
2015-12-24 02:33:00+00:00,-66.533829
2015-12-24 02:34:00+00:00,-53.483017
2015-12-24 02:35:00+00:00,-54.818504
2015-12-24 02:36:00+00:00,-62.902592
2015-12-24 02:37:00+00:00,-65.388084
2015-12-24 02:38:00+00:00,-66.551033
2015-12-24 02:39:00+00:00,-69.730331
2015-12-24 02:40:00+00:00,-75.600365
2015-12-24 02:41:00+00:00,-87.497482
2015-12-24 02:42:00+00:00,-78.041344
2015-12-24 02:43:00+00:00,-71.584106
2015-12-24 02:44:00+00:00,-69.768066
2015-12-24 02:45:00+00:00,-72.766647
2015-12-24 02:46:00+00:00,-86.044418
2015-12-24 02:47:00+00:00,-83.141914
