time,SML
2019-01-01 00:00:00+00:00,-123.048569
2019-01-01 00:01:00+00:00,-100.365059
2019-01-01 00:02:00+00:00,-59.241589
2019-01-01 00:03:00+00:00,-79.738663
2019-01-01 00:04:00+00:00,-69.079811
2019-01-01 00:05:00+00:00,-61.221973
2019-01-01 00:06:00+00:00,-64.275414
2019-01-01 00:07:00+00:00,-54.732212
2019-01-01 00:08:00+00:00,-56.628494
2019-01-01 00:09:00+00:00,-61.69252
2019-01-01 00:10:00+00:00,-51.900837
2019-01-01 00:11:00+00:00,-35.639091
2019-01-01 00:12:00+00:00,-26.821249
2019-01-01 00:13:00+00:00,-23.03706
2019-01-01 00:14:00+00:00,-19.483433
2019-01-01 00:15:00+00:00,-19.236931
2019-01-01 00:16:00+00:00,-17.625326
2019-01-01 00:17:00+00:00,-15.105618
2019-01-01 00:18:00+00:00,-13.918049
2019-01-01 00:19:00+00:00,-13.353284
2019-01-01 00:20:00+00:00,-13.668881
2019-01-01 00:21:00+00:00,-14.488756
2019-01-01 00:22:00+00:00,-14.899229
2019-01-01 00:23:00+00:00,-15.085192
2019-01-01 00:24:00+00:00,-14.514288
2019-01-01 00:25:00+00:00,-14.648222
2019-01-01 00:26:00+00:00,-17.485292
2019-01-01 00:27:00+00:00,-16.106102
2019-01-01 00:28:00+00:00,-15.114477
2019-01-01 00:29:00+00:00,-14.807631
2019-01-01 00:30:00+00:00,-15.175905
2019-01-01 00:31:00+00:00,-15.790208
2019-01-01 00:32:00+00:00,-15.181266
2019-01-01 00:33:00+00:00,-16.098568
2019-01-01 00:34:00+00:00,-15.294536
2019-01-01 00:35:00+00:00,-15.62212
2019-01-01 00:36:00+00:00,-15.963652
2019-01-01 00:37:00+00:00,-15.152124
2019-01-01 00:38:00+00:00,-15.679639
2019-01-01 00:39:00+00:00,-17.643194
2019-01-01 00:40:00+00:00,-14.732722
2019-01-01 00:41:00+00:00,-16.655287
2019-01-01 00:42:00+00:00,-16.283007
2019-01-01 00:43:00+00:00,-18.523039
2019-01-01 00:44:00+00:00,-19.49283
2019-01-01 00:45:00+00:00,-21.46793
2019-01-01 00:46:00+00:00,-20.442486
2019-01-01 00:47:00+00:00,-18.607813
2019-01-01 00:48:00+00:00,-18.825525
2019-01-01 00:49:00+00:00,-21.375549
2019-01-01 00:50:00+00:00,-18.789164
2019-01-01 00:51:00+00:00,-18.780176
2019-01-01 00:52:00+00:00,-23.361662
2019-01-01 00:53:00+00:00,-33.911377
2019-01-01 00:54:00+00:00,-28.721378
2019-01-01 00:55:00+00:00,-36.287739
2019-01-01 00:56:00+00:00,-33.645462
2019-01-01 00:57:00+00:00,-28.873495
2019-01-01 00:58:00+00:00,-38.23341
2019-01-01 00:59:00+00:00,-33.71431
2019-01-01 01:00:00+00:00,-39.992805
2019-01-01 01:01:00+00:00,-40.393265
2019-01-01 01:02:00+00:00,-39.181198
2019-01-01 01:03:00+00:00,-31.281206
2019-01-01 01:04:00+00:00,-29.28878
2019-01-01 01:05:00+00:00,-30.296124
2019-01-01 01:06:00+00:00,-38.309093
2019-01-01 01:07:00+00:00,-29.325737
2019-01-01 01:08:00+00:00,-22.290817
2019-01-01 01:09:00+00:00,-25.358345
2019-01-01 01:10:00+00:00,-29.376232
2019-01-01 01:11:00+00:00,-30.397789
2019-01-01 01:12:00+00:00,-33.452297
2019-01-01 01:13:00+00:00,-41.48748
2019-01-01 01:14:00+00:00,-43.325287
2019-01-01 01:15:00+00:00,-38.491379
2019-01-01 01:16:00+00:00,-33.523499
2019-01-01 01:17:00+00:00,-32.555321
2019-01-01 01:18:00+00:00,-31.584949
2019-01-01 01:19:00+00:00,-34.888702
2019-01-01 01:20:00+00:00,-48.875469
2019-01-01 01:21:00+00:00,-46.162331
2019-01-01 01:22:00+00:00,-49.660343
2019-01-01 01:23:00+00:00,-44.91441
2019-01-01 01:24:00+00:00,-37.063965
2019-01-01 01:25:00+00:00,-41.471169
2019-01-01 01:26:00+00:00,-43.639156
2019-01-01 01:27:00+00:00,-39.288845
2019-01-01 01:28:00+00:00,-43.998402
2019-01-01 01:29:00+00:00,-49.052601
2019-01-01 01:30:00+00:00,-41.104584
2019-01-01 01:31:00+00:00,-35.516632
2019-01-01 01:32:00+00:00,-34.389717
2019-01-01 01:33:00+00:00,-39.277557
2019-01-01 01:34:00+00:00,-40.126629
2019-01-01 01:35:00+00:00,-39.3993
2019-01-01 01:36:00+00:00,-42.464252
2019-01-01 01:37:00+00:00,-39.531185
2019-01-01 01:38:00+00:00,-34.602112
2019-01-01 01:39:00+00:00,-30.975527
2019-01-01 01:40:00+00:00,-33.751122
2019-01-01 01:41:00+00:00,-31.827242
2019-01-01 01:42:00+00:00,-33.29343
2019-01-01 01:43:00+00:00,-32.022564
2019-01-01 01:44:00+00:00,-38.0434
2019-01-01 01:45:00+00:00,-33.770592
2019-01-01 01:46:00+00:00,-29.53336
2019-01-01 01:47:00+00:00,-30.915737
2019-01-01 01:48:00+00:00,-36.732193
2019-01-01 01:49:00+00:00,-42.616543
2019-01-01 01:50:00+00:00,-57.903778
2019-01-01 01:51:00+00:00,-77.117363
2019-01-01 01:52:00+00:00,-77.29248
2019-01-01 01:53:00+00:00,-64.032646
2019-01-01 01:54:00+00:00,-65.728569
2019-01-01 01:55:00+00:00,-84.412476
2019-01-01 01:56:00+00:00,-79.313881
2019-01-01 01:57:00+00:00,-86.562706
2019-01-01 01:58:00+00:00,-153.221863
2019-01-01 01:59:00+00:00,-160.425949
2019-01-01 02:00:00+00:00,-138.535767
2019-01-01 02:01:00+00:00,-132.421219
2019-01-01 02:02:00+00:00,-67.274742
2019-01-01 02:03:00+00:00,-57.742298
2019-01-01 02:04:00+00:00,-73.117142
2019-01-01 02:05:00+00:00,-98.307198
2019-01-01 02:06:00+00:00,-134.624115
2019-01-01 02:07:00+00:00,-164.50293
2019-01-01 02:08:00+00:00,-184.434113
2019-01-01 02:09:00+00:00,-196.047729
2019-01-01 02:10:00+00:00,-115.673553
2019-01-01 02:11:00+00:00,-101.348251
2019-01-01 02:12:00+00:00,-106.687218
2019-01-01 02:13:00+00:00,-77.856483
2019-01-01 02:14:00+00:00,-71.088051
2019-01-01 02:15:00+00:00,-82.333252
2019-01-01 02:16:00+00:00,-85.667099
2019-01-01 02:17:00+00:00,-113.610268
2019-01-01 02:18:00+00:00,-84.776443
2019-01-01 02:19:00+00:00,-86.198273
2019-01-01 02:20:00+00:00,-85.025124
2019-01-01 02:21:00+00:00,-78.646622
2019-01-01 02:22:00+00:00,-73.879959
2019-01-01 02:23:00+00:00,-74.835274
2019-01-01 02:24:00+00:00,-72.904663
2019-01-01 02:25:00+00:00,-70.017906
2019-01-01 02:26:00+00:00,-68.303566
2019-01-01 02:27:00+00:00,-62.920788
2019-01-01 02:28:00+00:00,-66.69606
2019-01-01 02:29:00+00:00,-63.12656
2019-01-01 02:30:00+00:00,-63.802242
2019-01-01 02:31:00+00:00,-72.498665
2019-01-01 02:32:00+00:00,-72.017952
2019-01-01 02:33:00+00:00,-91.617897
2019-01-01 02:34:00+00:00,-135.056519
2019-01-01 02:35:00+00:00,-125.767372
2019-01-01 02:36:00+00:00,-151.152802
2019-01-01 02:37:00+00:00,-172.510468
2019-01-01 02:38:00+00:00,-166.201721
2019-01-01 02:39:00+00:00,-148.831848
2019-01-01 02:40:00+00:00,-130.521484
2019-01-01 02:41:00+00:00,-127.218437
2019-01-01 02:42:00+00:00,-143.209167
2019-01-01 02:43:00+00:00,-123.20459
2019-01-01 02:44:00+00:00,-120.296143
2019-01-01 02:45:00+00:00,-120.946701
2019-01-01 02:46:00+00:00,-113.797722
2019-01-01 02:47:00+00:00,-124.646301
2019-01-08 00:00:00+00:00,-33.137196
2019-01-08 00:01:00+00:00,-35.196774
2019-01-08 00:02:00+00:00,-41.045803
2019-01-08 00:03:00+00:00,-51.652996
2019-01-08 00:04:00+00:00,-60.604752
2019-01-08 00:05:00+00:00,-65.178375
2019-01-08 00:06:00+00:00,-67.269432
2019-01-08 00:07:00+00:00,-65.688736
2019-01-08 00:08:00+00:00,-65.241539
2019-01-08 00:09:00+00:00,-64.032768
2019-01-08 00:10:00+00:00,-75.291405
2019-01-08 00:11:00+00:00,-87.525711
2019-01-08 00:12:00+00:00,-85.639465
2019-01-08 00:13:00+00:00,-82.389954
2019-01-08 00:14:00+00:00,-81.075073
2019-01-08 00:15:00+00:00,-82.221497
2019-01-08 00:16:00+00:00,-79.175941
2019-01-08 00:17:00+00:00,-70.952042
2019-01-08 00:18:00+00:00,-63.918915
2019-01-08 00:19:00+00:00,-62.907574
2019-01-08 00:20:00+00:00,-63.065937
2019-01-08 00:21:00+00:00,-63.179203
2019-01-08 00:22:00+00:00,-61.140739
2019-01-08 00:23:00+00:00,-60.464268
2019-01-08 00:24:00+00:00,-60.329433
2019-01-08 00:25:00+00:00,-54.68689
2019-01-08 00:26:00+00:00,-48.868145
2019-01-08 00:27:00+00:00,-43.556763
2019-01-08 00:28:00+00:00,-39.993423
2019-01-08 00:29:00+00:00,-35.260685
2019-01-08 00:30:00+00:00,-29.647934
2019-01-08 00:31:00+00:00,-25.442575
2019-01-08 00:32:00+00:00,-30.093891
2019-01-08 00:33:00+00:00,-29.987
2019-01-08 00:34:00+00:00,-28.884798
2019-01-08 00:35:00+00:00,-30.777607
2019-01-08 00:36:00+00:00,-16.678993
2019-01-08 00:37:00+00:00,-11.415631
2019-01-08 00:38:00+00:00,-11.756288
2019-01-08 00:39:00+00:00,-17.993692
2019-01-08 00:40:00+00:00,-20.883171
2019-01-08 00:41:00+00:00,-19.743656
2019-01-08 00:42:00+00:00,-27.081936
2019-01-08 00:43:00+00:00,-29.988634
2019-01-08 00:44:00+00:00,-23.900698
2019-01-08 00:45:00+00:00,-17.537067
2019-01-08 00:46:00+00:00,-11.636562
2019-01-08 00:47:00+00:00,-13.328231
2019-01-08 00:48:00+00:00,-14.397554
2019-01-08 00:49:00+00:00,-15.497015
2019-01-08 00:50:00+00:00,-18.315094
2019-01-08 00:51:00+00:00,-20.319965
2019-01-08 00:52:00+00:00,-21.251976
2019-01-08 00:53:00+00:00,-17.812616
2019-01-08 00:54:00+00:00,-21.078161
2019-01-08 00:55:00+00:00,-16.009941
2019-01-08 00:56:00+00:00,-12.942404
2019-01-08 00:57:00+00:00,-14.875633
2019-01-08 00:58:00+00:00,-11.116248
2019-01-08 00:59:00+00:00,-16.756348
2019-01-08 01:00:00+00:00,-13.877306
2019-01-08 01:01:00+00:00,-14.714788
2019-01-08 01:02:00+00:00,-14.958304
2019-01-08 01:03:00+00:00,-19.544571
2019-01-08 01:04:00+00:00,-15.492573
2019-01-08 01:05:00+00:00,-13.45035
2019-01-08 01:06:00+00:00,-10.037453
2019-01-08 01:07:00+00:00,-10.728949
2019-01-08 01:08:00+00:00,-19.324093
2019-01-08 01:09:00+00:00,-14.395273
2019-01-08 01:10:00+00:00,-13.711877
2019-01-08 01:11:00+00:00,-14.977388
2019-01-08 01:12:00+00:00,-14.106838
2019-01-08 01:13:00+00:00,-12.272054
2019-01-08 01:14:00+00:00,-13.268461
2019-01-08 01:15:00+00:00,-13.083456
2019-01-08 01:16:00+00:00,-15.94087
2019-01-08 01:17:00+00:00,-18.483204
2019-01-08 01:18:00+00:00,-21.031881
2019-01-08 01:19:00+00:00,-22.163216
2019-01-08 01:20:00+00:00,-22.378319
2019-01-08 01:21:00+00:00,-21.554209
2019-01-08 01:22:00+00:00,-20.646255
2019-01-08 01:23:00+00:00,-19.759985
2019-01-08 01:24:00+00:00,-21.014568
2019-01-08 01:25:00+00:00,-18.903639
2019-01-08 01:26:00+00:00,-17.895752
2019-01-08 01:27:00+00:00,-20.03301
2019-01-08 01:28:00+00:00,-19.427574
2019-01-08 01:29:00+00:00,-17.286301
2019-01-08 01:30:00+00:00,-15.904315
2019-01-08 01:31:00+00:00,-15.639811
2019-01-08 01:32:00+00:00,-15.31118
2019-01-08 01:33:00+00:00,-22.774904
2019-01-08 01:34:00+00:00,-23.120548
2019-01-08 01:35:00+00:00,-22.206078
2019-01-08 01:36:00+00:00,-18.431633
2019-01-08 01:37:00+00:00,-17.832439
2019-01-08 01:38:00+00:00,-18.67458
2019-01-08 01:39:00+00:00,-22.549324
2019-01-08 01:40:00+00:00,-18.899237
2019-01-08 01:41:00+00:00,-20.940138
2019-01-08 01:42:00+00:00,-21.058754
2019-01-08 01:43:00+00:00,-22.613483
2019-01-08 01:44:00+00:00,-18.879726
2019-01-08 01:45:00+00:00,-26.416071
2019-01-08 01:46:00+00:00,-27.691275
2019-01-08 01:47:00+00:00,-34.22953
2019-01-08 01:48:00+00:00,-28.3946
2019-01-08 01:49:00+00:00,-33.288887
2019-01-08 01:50:00+00:00,-32.177971
2019-01-08 01:51:00+00:00,-28.063318
2019-01-08 01:52:00+00:00,-23.945789
2019-01-08 01:53:00+00:00,-25.634436
2019-01-08 01:54:00+00:00,-40.931847
2019-01-08 01:55:00+00:00,-59.332081
2019-01-08 01:56:00+00:00,-66.97197
2019-01-08 01:57:00+00:00,-67.178764
2019-01-08 01:58:00+00:00,-70.482841
2019-01-08 01:59:00+00:00,-71.74836
2019-01-08 02:00:00+00:00,-63.198505
2019-01-08 02:01:00+00:00,-66.105904
2019-01-08 02:02:00+00:00,-69.767769
2019-01-08 02:03:00+00:00,-75.187729
2019-01-08 02:04:00+00:00,-89.531906
2019-01-08 02:05:00+00:00,-98.454086
2019-01-08 02:06:00+00:00,-77.936874
2019-01-08 02:07:00+00:00,-81.000443
2019-01-08 02:08:00+00:00,-91.223534
2019-01-08 02:09:00+00:00,-87.87204
2019-01-08 02:10:00+00:00,-89.282669
2019-01-08 02:11:00+00:00,-103.304054
2019-01-08 02:12:00+00:00,-115.140106
2019-01-08 02:13:00+00:00,-99.296089
2019-01-08 02:14:00+00:00,-108.985474
2019-01-08 02:15:00+00:00,-104.368385
2019-01-08 02:16:00+00:00,-93.556007
2019-01-08 02:17:00+00:00,-80.725128
2019-01-08 02:18:00+00:00,-68.07695
2019-01-08 02:19:00+00:00,-59.990398
2019-01-08 02:20:00+00:00,-63.839542
2019-01-08 02:21:00+00:00,-75.948456
2019-01-08 02:22:00+00:00,-128.022842
2019-01-08 02:23:00+00:00,-134.287949
2019-01-08 02:24:00+00:00,-314.020355
2019-01-08 02:25:00+00:00,-285.848877
2019-01-08 02:26:00+00:00,-270.191864
2019-01-08 02:27:00+00:00,-231.037659
2019-01-08 02:28:00+00:00,-200.817276
2019-01-08 02:29:00+00:00,-308.467255
2019-01-08 02:30:00+00:00,-285.57135
2019-01-08 02:31:00+00:00,-207.378235
2019-01-08 02:32:00+00:00,-268.945129
2019-01-08 02:33:00+00:00,-410.185638
2019-01-08 02:34:00+00:00,-354.347748
2019-01-08 02:35:00+00:00,-406.93988
2019-01-08 02:36:00+00:00,-323.379059
2019-01-08 02:37:00+00:00,-281.975616
2019-01-08 02:38:00+00:00,-279.727661
2019-01-08 02:39:00+00:00,-299.86557
2019-01-08 02:40:00+00:00,-292.81604
2019-01-08 02:41:00+00:00,-285.097626
2019-01-08 02:42:00+00:00,-247.532532
2019-01-08 02:43:00+00:00,-230.906799
2019-01-08 02:44:00+00:00,-226.481247
2019-01-08 02:45:00+00:00,-215.187225
2019-01-08 02:46:00+00:00,-218.367676
2019-01-08 02:47:00+00:00,-215.497345
2019-01-15 00:00:00+00:00,-337.093353
2019-01-15 00:01:00+00:00,-306.426025
2019-01-15 00:02:00+00:00,-275.588776
2019-01-15 00:03:00+00:00,-249.553253
2019-01-15 00:04:00+00:00,-231.79895
2019-01-15 00:05:00+00:00,-211.44014
2019-01-15 00:06:00+00:00,-200.483643
2019-01-15 00:07:00+00:00,-199.633575
2019-01-15 00:08:00+00:00,-187.903595
2019-01-15 00:09:00+00:00,-184.61499
2019-01-15 00:10:00+00:00,-182.948425
2019-01-15 00:11:00+00:00,-175.488876
2019-01-15 00:12:00+00:00,-160.523438
2019-01-15 00:13:00+00:00,-157.408173
2019-01-15 00:14:00+00:00,-148.678665
2019-01-15 00:15:00+00:00,-142.197617
2019-01-15 00:16:00+00:00,-140.205994
2019-01-15 00:17:00+00:00,-134.99765
2019-01-15 00:18:00+00:00,-128.879257
2019-01-15 00:19:00+00:00,-132.406036
2019-01-15 00:20:00+00:00,-151.163452
2019-01-15 00:21:00+00:00,-142.805832
2019-01-15 00:22:00+00:00,-141.724808
2019-01-15 00:23:00+00:00,-140.140137
2019-01-15 00:24:00+00:00,-128.941971
2019-01-15 00:25:00+00:00,-116.334457
2019-01-15 00:26:00+00:00,-101.88549
2019-01-15 00:27:00+00:00,-101.821159
2019-01-15 00:28:00+00:00,-95.71817
2019-01-15 00:29:00+00:00,-91.994514
2019-01-15 00:30:00+00:00,-88.717514
2019-01-15 00:31:00+00:00,-86.949234
2019-01-15 00:32:00+00:00,-88.159676
2019-01-15 00:33:00+00:00,-82.758018
2019-01-15 00:34:00+00:00,-75.87999
2019-01-15 00:35:00+00:00,-69.302948
2019-01-15 00:36:00+00:00,-63.918484
2019-01-15 00:37:00+00:00,-58.769089
2019-01-15 00:38:00+00:00,-58.208893
2019-01-15 00:39:00+00:00,-53.540226
2019-01-15 00:40:00+00:00,-53.678596
2019-01-15 00:41:00+00:00,-52.316883
2019-01-15 00:42:00+00:00,-54.651863
2019-01-15 00:43:00+00:00,-44.975536
2019-01-15 00:44:00+00:00,-36.764515
2019-01-15 00:45:00+00:00,-31.051203
2019-01-15 00:46:00+00:00,-25.899197
2019-01-15 00:47:00+00:00,-23.984692
2019-01-15 00:48:00+00:00,-22.307222
2019-01-15 00:49:00+00:00,-23.623558
2019-01-15 00:50:00+00:00,-25.216967
2019-01-15 00:51:00+00:00,-22.918972
2019-01-15 00:52:00+00:00,-18.981596
2019-01-15 00:53:00+00:00,-18.291229
2019-01-15 00:54:00+00:00,-26.026955
2019-01-15 00:55:00+00:00,-33.009941
2019-01-15 00:56:00+00:00,-30.991129
2019-01-15 00:57:00+00:00,-33.364098
2019-01-15 00:58:00+00:00,-40.191002
2019-01-15 00:59:00+00:00,-44.113312
2019-01-15 01:00:00+00:00,-44.430775
2019-01-15 01:01:00+00:00,-53.544411
2019-01-15 01:02:00+00:00,-50.143131
2019-01-15 01:03:00+00:00,-36.233833
2019-01-15 01:04:00+00:00,-31.415699
2019-01-15 01:05:00+00:00,-31.232485
2019-01-15 01:06:00+00:00,-31.638926
2019-01-15 01:07:00+00:00,-29.592033
2019-01-15 01:08:00+00:00,-28.680653
2019-01-15 01:09:00+00:00,-25.914585
2019-01-15 01:10:00+00:00,-24.611872
2019-01-15 01:11:00+00:00,-26.063086
2019-01-15 01:12:00+00:00,-31.581146
2019-01-15 01:13:00+00:00,-36.016224
2019-01-15 01:14:00+00:00,-25.364132
2019-01-15 01:15:00+00:00,-19.522243
2019-01-15 01:16:00+00:00,-16.4198
2019-01-15 01:17:00+00:00,-14.719769
2019-01-15 01:18:00+00:00,-15.132584
2019-01-15 01:19:00+00:00,-13.732439
2019-01-15 01:20:00+00:00,-17.007879
2019-01-15 01:21:00+00:00,-20.037827
2019-01-15 01:22:00+00:00,-18.067276
2019-01-15 01:23:00+00:00,-16.096708
2019-01-15 01:24:00+00:00,-15.126611
2019-01-15 01:25:00+00:00,-12.156001
2019-01-15 01:26:00+00:00,-14.552663
2019-01-15 01:27:00+00:00,-14.601529
2019-01-15 01:28:00+00:00,-15.645442
2019-01-15 01:29:00+00:00,-15.417533
2019-01-15 01:30:00+00:00,-18.091307
2019-01-15 01:31:00+00:00,-18.800955
2019-01-15 01:32:00+00:00,-19.203476
2019-01-15 01:33:00+00:00,-20.262087
2019-01-15 01:34:00+00:00,-19.843126
2019-01-15 01:35:00+00:00,-13.235727
2019-01-15 01:36:00+00:00,-14.260481
2019-01-15 01:37:00+00:00,-18.47051
2019-01-15 01:38:00+00:00,-15.391711
2019-01-15 01:39:00+00:00,-15.413888
2019-01-15 01:40:00+00:00,-12.993799
2019-01-15 01:41:00+00:00,-15.928165
2019-01-15 01:42:00+00:00,-15.655639
2019-01-15 01:43:00+00:00,-16.684029
2019-01-15 01:44:00+00:00,-14.712946
2019-01-15 01:45:00+00:00,-13.741533
2019-01-15 01:46:00+00:00,-17.772034
2019-01-15 01:47:00+00:00,-20.801151
2019-01-15 01:48:00+00:00,-20.831833
2019-01-15 01:49:00+00:00,-27.977818
2019-01-15 01:50:00+00:00,-32.542976
2019-01-15 01:51:00+00:00,-38.674217
2019-01-15 01:52:00+00:00,-47.880333
2019-01-15 01:53:00+00:00,-41.375183
2019-01-15 01:54:00+00:00,-36.960518
2019-01-15 01:55:00+00:00,-25.490829
2019-01-15 01:56:00+00:00,-16.188768
2019-01-15 01:57:00+00:00,-12.102615
2019-01-15 01:58:00+00:00,-12.133144
2019-01-15 01:59:00+00:00,-15.253837
2019-01-15 02:00:00+00:00,-12.804186
2019-01-15 02:01:00+00:00,-13.620935
2019-01-15 02:02:00+00:00,-13.258242
2019-01-15 02:03:00+00:00,-15.289141
2019-01-15 02:04:00+00:00,-17.320942
2019-01-15 02:05:00+00:00,-18.352703
2019-01-15 02:06:00+00:00,-18.383476
2019-01-15 02:07:00+00:00,-18.415731
2019-01-15 02:08:00+00:00,-20.448038
2019-01-15 02:09:00+00:00,-21.479939
2019-01-15 02:10:00+00:00,-21.51195
2019-01-15 02:11:00+00:00,-21.544592
2019-01-15 02:12:00+00:00,-20.575943
2019-01-15 02:13:00+00:00,-19.608475
2019-01-15 02:14:00+00:00,-18.640753
2019-01-15 02:15:00+00:00,-17.673906
2019-01-15 02:16:00+00:00,-16.706259
2019-01-15 02:17:00+00:00,-16.739428
2019-01-15 02:18:00+00:00,-15.772955
2019-01-15 02:19:00+00:00,-15.807359
2019-01-15 02:20:00+00:00,-14.841206
2019-01-15 02:21:00+00:00,-13.87648
2019-01-15 02:22:00+00:00,-12.911259
2019-01-15 02:23:00+00:00,-10.947039
2019-01-15 02:24:00+00:00,-10.272362
2019-01-15 02:25:00+00:00,-12.164223
2019-01-15 02:26:00+00:00,-13.05512
2019-01-15 02:27:00+00:00,-13.944588
2019-01-15 02:28:00+00:00,-12.83289
2019-01-15 02:29:00+00:00,-11.719799
2019-01-15 02:30:00+00:00,-11.605896
2019-01-15 02:31:00+00:00,-12.489866
2019-01-15 02:32:00+00:00,-12.372122
2019-01-15 02:33:00+00:00,-12.253223
2019-01-15 02:34:00+00:00,-12.131292
2019-01-15 02:35:00+00:00,-14.007864
2019-01-15 02:36:00+00:00,-14.882526
2019-01-15 02:37:00+00:00,-16.755838
2019-01-15 02:38:00+00:00,-17.627628
2019-01-15 02:39:00+00:00,-17.596632
2019-01-15 02:40:00+00:00,-18.639973
2019-01-15 02:41:00+00:00,-19.685719
2019-01-15 02:42:00+00:00,-20.72998
2019-01-15 02:43:00+00:00,-19.775225
2019-01-15 02:44:00+00:00,-19.820984
2019-01-15 02:45:00+00:00,-17.867447
2019-01-15 02:46:00+00:00,-17.913809
2019-01-15 02:47:00+00:00,-16.961235
2019-01-22 00:00:00+00:00,-16.804518
2019-01-22 00:01:00+00:00,-17.682432
2019-01-22 00:02:00+00:00,-16.559057
2019-01-22 00:03:00+00:00,-15.434462
2019-01-22 00:04:00+00:00,-11.310667
2019-01-22 00:05:00+00:00,-10.817129
2019-01-22 00:06:00+00:00,-10.715967
2019-01-22 00:07:00+00:00,-10.762404
2019-01-22 00:08:00+00:00,-10.420335
2019-01-22 00:09:00+00:00,-10.327479
2019-01-22 00:10:00+00:00,-10.374491
2019-01-22 00:11:00+00:00,-13.142357
2019-01-22 00:12:00+00:00,-16.593611
2019-01-22 00:13:00+00:00,-17.011005
2019-01-22 00:14:00+00:00,-15.937445
2019-01-22 00:15:00+00:00,-11.872671
2019-01-22 00:16:00+00:00,-10.437778
2019-01-22 00:17:00+00:00,-10.309304
2019-01-22 00:18:00+00:00,-10.189069
2019-01-22 00:19:00+00:00,-7.193309
2019-01-22 00:20:00+00:00,-7.10037
2019-01-22 00:21:00+00:00,-7.321411
2019-01-22 00:22:00+00:00,-7.156263
2019-01-22 00:23:00+00:00,-8.470328
2019-01-22 00:24:00+00:00,-11.713875
2019-01-22 00:25:00+00:00,-15.9767
2019-01-22 00:26:00+00:00,-9.544697
2019-01-22 00:27:00+00:00,-9.740491
2019-01-22 00:28:00+00:00,-10.690662
2019-01-22 00:29:00+00:00,-10.618492
2019-01-22 00:30:00+00:00,-11.547077
2019-01-22 00:31:00+00:00,-10.477467
2019-01-22 00:32:00+00:00,-10.409685
2019-01-22 00:33:00+00:00,-10.342714
2019-01-22 00:34:00+00:00,-10.277006
2019-01-22 00:35:00+00:00,-10.212276
2019-01-22 00:36:00+00:00,-10.148975
2019-01-22 00:37:00+00:00,-10.08633
2019-01-22 00:38:00+00:00,-10.025278
2019-01-22 00:39:00+00:00,-9.965294
2019-01-22 00:40:00+00:00,-10.906336
2019-01-22 00:41:00+00:00,-9.848612
2019-01-22 00:42:00+00:00,-9.791838
2019-01-22 00:43:00+00:00,-9.898977
2019-01-22 00:44:00+00:00,-9.933767
2019-01-22 00:45:00+00:00,-9.749327
2019-01-22 00:46:00+00:00,-9.666943
2019-01-22 00:47:00+00:00,-9.765715
2019-01-22 00:48:00+00:00,-9.955796
2019-01-22 00:49:00+00:00,-10.026249
2019-01-22 00:50:00+00:00,-9.878438
2019-01-22 00:51:00+00:00,-9.718416
2019-01-22 00:52:00+00:00,-9.620399
2019-01-22 00:53:00+00:00,-9.558996
2019-01-22 00:54:00+00:00,-9.458032
2019-01-22 00:55:00+00:00,-9.396606
2019-01-22 00:56:00+00:00,-9.566124
2019-01-22 00:57:00+00:00,-9.890411
2019-01-22 00:58:00+00:00,-9.26487
2019-01-22 00:59:00+00:00,-8.875254
2019-01-22 01:00:00+00:00,-9.666769
2019-01-22 01:01:00+00:00,-9.965724
2019-01-22 01:02:00+00:00,-9.883567
2019-01-22 01:03:00+00:00,-9.806012
2019-01-22 01:04:00+00:00,-9.743776
2019-01-22 01:05:00+00:00,-10.161676
2019-01-22 01:06:00+00:00,-10.254999
2019-01-22 01:07:00+00:00,-11.804129
2019-01-22 01:08:00+00:00,-14.129154
2019-01-22 01:09:00+00:00,-17.354988
2019-01-22 01:10:00+00:00,-20.63195
2019-01-22 01:11:00+00:00,-18.476456
2019-01-22 01:12:00+00:00,-14.262527
2019-01-22 01:13:00+00:00,-14.58004
2019-01-22 01:14:00+00:00,-12.523674
2019-01-22 01:15:00+00:00,-12.493813
2019-01-22 01:16:00+00:00,-12.216234
2019-01-22 01:17:00+00:00,-12.096817
2019-01-22 01:18:00+00:00,-12.588061
2019-01-22 01:19:00+00:00,-20.40955
2019-01-22 01:20:00+00:00,-17.948027
2019-01-22 01:21:00+00:00,-15.001347
2019-01-22 01:22:00+00:00,-18.11639
2019-01-22 01:23:00+00:00,-18.869328
2019-01-22 01:24:00+00:00,-16.583412
2019-01-22 01:25:00+00:00,-16.964123
2019-01-22 01:26:00+00:00,-19.923035
2019-01-22 01:27:00+00:00,-20.882259
2019-01-22 01:28:00+00:00,-16.843002
2019-01-22 01:29:00+00:00,-9.884464
2019-01-22 01:30:00+00:00,-9.316651
2019-01-22 01:31:00+00:00,-14.827571
2019-01-22 01:32:00+00:00,-16.78529
2019-01-22 01:33:00+00:00,-22.183027
2019-01-22 01:34:00+00:00,-16.279612
2019-01-22 01:35:00+00:00,-25.647346
2019-01-22 01:36:00+00:00,-56.675919
2019-01-22 01:37:00+00:00,-77.943497
2019-01-22 01:38:00+00:00,-73.610268
2019-01-22 01:39:00+00:00,-52.122566
2019-01-22 01:40:00+00:00,-37.209923
2019-01-22 01:41:00+00:00,-40.514477
2019-01-22 01:42:00+00:00,-56.847984
2019-01-22 01:43:00+00:00,-53.736988
2019-01-22 01:44:00+00:00,-44.369267
2019-01-22 01:45:00+00:00,-33.804222
2019-01-22 01:46:00+00:00,-24.895164
2019-01-22 01:47:00+00:00,-18.331264
2019-01-22 01:48:00+00:00,-12.213236
2019-01-22 01:49:00+00:00,-9.915162
2019-01-22 01:50:00+00:00,-12.035413
2019-01-22 01:51:00+00:00,-11.000511
2019-01-22 01:52:00+00:00,-12.527548
2019-01-22 01:53:00+00:00,-11.565031
2019-01-22 01:54:00+00:00,-9.030959
2019-01-22 01:55:00+00:00,-7.955975
2019-01-22 01:56:00+00:00,-8.397145
2019-01-22 01:57:00+00:00,-9.406078
2019-01-22 01:58:00+00:00,-10.352349
2019-01-22 01:59:00+00:00,-11.092772
2019-01-22 02:00:00+00:00,-11.307714
2019-01-22 02:01:00+00:00,-14.814553
2019-01-22 02:02:00+00:00,-17.503326
2019-01-22 02:03:00+00:00,-18.27906
2019-01-22 02:04:00+00:00,-32.674988
2019-01-22 02:05:00+00:00,-42.154026
2019-01-22 02:06:00+00:00,-59.515041
2019-01-22 02:07:00+00:00,-53.912354
2019-01-22 02:08:00+00:00,-48.407516
2019-01-22 02:09:00+00:00,-63.804485
2019-01-22 02:10:00+00:00,-78.45356
2019-01-22 02:11:00+00:00,-69.145683
2019-01-22 02:12:00+00:00,-61.881847
2019-01-22 02:13:00+00:00,-42.359264
2019-01-22 02:14:00+00:00,-32.434689
2019-01-22 02:15:00+00:00,-25.363594
2019-01-22 02:16:00+00:00,-19.624372
2019-01-22 02:17:00+00:00,-11.594684
2019-01-22 02:18:00+00:00,-9.944891
2019-01-22 02:19:00+00:00,-8.757599
2019-01-22 02:20:00+00:00,-8.624384
2019-01-22 02:21:00+00:00,-8.634841
2019-01-22 02:22:00+00:00,-9.645629
2019-01-22 02:23:00+00:00,-9.657754
2019-01-22 02:24:00+00:00,-14.598231
2019-01-22 02:25:00+00:00,-19.392187
2019-01-22 02:26:00+00:00,-27.970932
2019-01-22 02:27:00+00:00,-32.19479
2019-01-22 02:28:00+00:00,-29.670225
2019-01-22 02:29:00+00:00,-30.20738
2019-01-22 02:30:00+00:00,-53.06971
2019-01-22 02:31:00+00:00,-66.677238
2019-01-22 02:32:00+00:00,-67.731804
2019-01-22 02:33:00+00:00,-53.436558
2019-01-22 02:34:00+00:00,-47.318878
2019-01-22 02:35:00+00:00,-32.678596
2019-01-22 02:36:00+00:00,-38.524925
2019-01-22 02:37:00+00:00,-61.69886
2019-01-22 02:38:00+00:00,-77.049805
2019-01-22 02:39:00+00:00,-69.624596
2019-01-22 02:40:00+00:00,-47.075531
2019-01-22 02:41:00+00:00,-34.715523
2019-01-22 02:42:00+00:00,-25.551664
2019-01-22 02:43:00+00:00,-13.193669
2019-01-22 02:44:00+00:00,-12.989877
2019-01-22 02:45:00+00:00,-13.009263
2019-01-22 02:46:00+00:00,-13.029411
2019-01-22 02:47:00+00:00,-11.048851
2019-01-29 00:00:00+00:00,-23.747297
2019-01-29 00:01:00+00:00,-25.209137
2019-01-29 00:02:00+00:00,-26.680754
2019-01-29 00:03:00+00:00,-26.190477
2019-01-29 00:04:00+00:00,-25.557661
2019-01-29 00:05:00+00:00,-25.170012
2019-01-29 00:06:00+00:00,-29.896006
2019-01-29 00:07:00+00:00,-36.2668
2019-01-29 00:08:00+00:00,-38.335121
2019-01-29 00:09:00+00:00,-31.921381
2019-01-29 00:10:00+00:00,-25.713432
2019-01-29 00:11:00+00:00,-25.196411
2019-01-29 00:12:00+00:00,-24.997953
2019-01-29 00:13:00+00:00,-25.046721
2019-01-29 00:14:00+00:00,-25.527813
2019-01-29 00:15:00+00:00,-27.837896
2019-01-29 00:16:00+00:00,-27.105043
2019-01-29 00:17:00+00:00,-26.39185
2019-01-29 00:18:00+00:00,-25.86735
2019-01-29 00:19:00+00:00,-24.261286
2019-01-29 00:20:00+00:00,-23.994123
2019-01-29 00:21:00+00:00,-24.431324
2019-01-29 00:22:00+00:00,-24.744774
2019-01-29 00:23:00+00:00,-24.342691
2019-01-29 00:24:00+00:00,-24.062002
2019-01-29 00:25:00+00:00,-24.604868
2019-01-29 00:26:00+00:00,-24.784729
2019-01-29 00:27:00+00:00,-24.818497
2019-01-29 00:28:00+00:00,-24.918045
2019-01-29 00:29:00+00:00,-25.035538
2019-01-29 00:30:00+00:00,-24.971769
2019-01-29 00:31:00+00:00,-25.062624
2019-01-29 00:32:00+00:00,-25.012142
2019-01-29 00:33:00+00:00,-25.167006
2019-01-29 00:34:00+00:00,-25.247911
2019-01-29 00:35:00+00:00,-25.285137
2019-01-29 00:36:00+00:00,-25.390009
2019-01-29 00:37:00+00:00,-25.267605
2019-01-29 00:38:00+00:00,-25.219681
2019-01-29 00:39:00+00:00,-24.700338
2019-01-29 00:40:00+00:00,-24.733992
2019-01-29 00:41:00+00:00,-24.850882
2019-01-29 00:42:00+00:00,-24.744431
2019-01-29 00:43:00+00:00,-24.703669
2019-01-29 00:44:00+00:00,-24.632893
2019-01-29 00:45:00+00:00,-24.651241
2019-01-29 00:46:00+00:00,-24.523361
2019-01-29 00:47:00+00:00,-24.594959
2019-01-29 00:48:00+00:00,-24.63068
2019-01-29 00:49:00+00:00,-24.508453
2019-01-29 00:50:00+00:00,-24.206793
2019-01-29 00:51:00+00:00,-24.197382
2019-01-29 00:52:00+00:00,-24.270254
2019-01-29 00:53:00+00:00,-24.404903
2019-01-29 00:54:00+00:00,-24.531994
2019-01-29 00:55:00+00:00,-24.625156
2019-01-29 00:56:00+00:00,-24.801559
2019-01-29 00:57:00+00:00,-24.831749
2019-01-29 00:58:00+00:00,-24.8368
2019-01-29 00:59:00+00:00,-24.691708
2019-01-29 01:00:00+00:00,-24.646475
2019-01-29 01:01:00+00:00,-24.51561
2019-01-29 01:02:00+00:00,-24.711267
2019-01-29 01:03:00+00:00,-24.864296
2019-01-29 01:04:00+00:00,-24.835039
2019-01-29 01:05:00+00:00,-24.869576
2019-01-29 01:06:00+00:00,-25.005009
2019-01-29 01:07:00+00:00,-24.83312
2019-01-29 01:08:00+00:00,-24.431051
2019-01-29 01:09:00+00:00,-24.27047
2019-01-29 01:10:00+00:00,-24.319136
2019-01-29 01:11:00+00:00,-24.375868
2019-01-29 01:12:00+00:00,-24.258041
2019-01-29 01:13:00+00:00,-23.942207
2019-01-29 01:14:00+00:00,-24.253548
2019-01-29 01:15:00+00:00,-24.420568
2019-01-29 01:16:00+00:00,-24.370016
2019-01-29 01:17:00+00:00,-24.541334
2019-01-29 01:18:00+00:00,-25.157166
2019-01-29 01:19:00+00:00,-27.72666
2019-01-29 01:20:00+00:00,-32.356159
2019-01-29 01:21:00+00:00,-31.948689
2019-01-29 01:22:00+00:00,-32.281227
2019-01-29 01:23:00+00:00,-30.245289
2019-01-29 01:24:00+00:00,-25.910986
2019-01-29 01:25:00+00:00,-24.454529
2019-01-29 01:26:00+00:00,-23.108522
2019-01-29 01:27:00+00:00,-23.284077
2019-01-29 01:28:00+00:00,-23.487045
2019-01-29 01:29:00+00:00,-22.764296
2019-01-29 01:30:00+00:00,-21.262299
2019-01-29 01:31:00+00:00,-20.850338
2019-01-29 01:32:00+00:00,-21.207262
2019-01-29 01:33:00+00:00,-21.240276
2019-01-29 01:34:00+00:00,-21.672016
2019-01-29 01:35:00+00:00,-21.880392
2019-01-29 01:36:00+00:00,-22.248196
2019-01-29 01:37:00+00:00,-22.770525
2019-01-29 01:38:00+00:00,-22.736422
2019-01-29 01:39:00+00:00,-22.682972
2019-01-29 01:40:00+00:00,-22.589653
2019-01-29 01:41:00+00:00,-22.713293
2019-01-29 01:42:00+00:00,-23.331184
2019-01-29 01:43:00+00:00,-25.702988
2019-01-29 01:44:00+00:00,-36.999222
2019-01-29 01:45:00+00:00,-37.035332
2019-01-29 01:46:00+00:00,-40.650169
2019-01-29 01:47:00+00:00,-44.761688
2019-01-29 01:48:00+00:00,-56.47924
2019-01-29 01:49:00+00:00,-160.896713
2019-01-29 01:50:00+00:00,-290.499146
2019-01-29 01:51:00+00:00,-256.283905
2019-01-29 01:52:00+00:00,-287.789337
2019-01-29 01:53:00+00:00,-330.329987
2019-01-29 01:54:00+00:00,-315.695587
2019-01-29 01:55:00+00:00,-249.556107
2019-01-29 01:56:00+00:00,-231.654633
2019-01-29 01:57:00+00:00,-283.743652
2019-01-29 01:58:00+00:00,-296.465607
2019-01-29 01:59:00+00:00,-221.933289
2019-01-29 02:00:00+00:00,-235.685547
2019-01-29 02:01:00+00:00,-229.390274
2019-01-29 02:02:00+00:00,-240.019196
2019-01-29 02:03:00+00:00,-196.386368
2019-01-29 02:04:00+00:00,-170.823669
2019-01-29 02:05:00+00:00,-194.584976
2019-01-29 02:06:00+00:00,-175.017136
2019-01-29 02:07:00+00:00,-153.964096
2019-01-29 02:08:00+00:00,-166.764282
2019-01-29 02:09:00+00:00,-172.690781
2019-01-29 02:10:00+00:00,-165.885117
2019-01-29 02:11:00+00:00,-131.20079
2019-01-29 02:12:00+00:00,-136.026077
2019-01-29 02:13:00+00:00,-132.862183
2019-01-29 02:14:00+00:00,-127.180984
2019-01-29 02:15:00+00:00,-124.88134
2019-01-29 02:16:00+00:00,-113.812759
2019-01-29 02:17:00+00:00,-108.361832
2019-01-29 02:18:00+00:00,-102.740387
2019-01-29 02:19:00+00:00,-98.816467
2019-01-29 02:20:00+00:00,-121.099495
2019-01-29 02:21:00+00:00,-102.835381
2019-01-29 02:22:00+00:00,-110.953934
2019-01-29 02:23:00+00:00,-116.627876
2019-01-29 02:24:00+00:00,-84.332802
2019-01-29 02:25:00+00:00,-119.093269
2019-01-29 02:26:00+00:00,-100.419685
2019-01-29 02:27:00+00:00,-78.200516
2019-01-29 02:28:00+00:00,-81.557144
2019-01-29 02:29:00+00:00,-86.297455
2019-01-29 02:30:00+00:00,-81.900131
2019-01-29 02:31:00+00:00,-70.759476
2019-01-29 02:32:00+00:00,-70.882843
2019-01-29 02:33:00+00:00,-65.159218
2019-01-29 02:34:00+00:00,-56.910549
2019-01-29 02:35:00+00:00,-53.966198
2019-01-29 02:36:00+00:00,-46.525944
2019-01-29 02:37:00+00:00,-50.569908
2019-01-29 02:38:00+00:00,-43.402252
2019-01-29 02:39:00+00:00,-45.74044
2019-01-29 02:40:00+00:00,-55.574528
2019-01-29 02:41:00+00:00,-65.236633
2019-01-29 02:42:00+00:00,-97.663559
2019-01-29 02:43:00+00:00,-104.273315
2019-01-29 02:44:00+00:00,-99.941238
2019-01-29 02:45:00+00:00,-94.961479
2019-01-29 02:46:00+00:00,-105.395493
2019-01-29 02:47:00+00:00,-144.503464
2019-02-05 00:00:00+00:00,-65.993927
2019-02-05 00:01:00+00:00,-61.870461
2019-02-05 00:02:00+00:00,-60.015625
2019-02-05 00:03:00+00:00,-51.097992
2019-02-05 00:04:00+00:00,-47.178425
2019-02-05 00:05:00+00:00,-58.436905
2019-02-05 00:06:00+00:00,-57.45076
2019-02-05 00:07:00+00:00,-72.462814
2019-02-05 00:08:00+00:00,-95.473297
2019-02-05 00:09:00+00:00,-122.012695
2019-02-05 00:10:00+00:00,-156.626648
2019-02-05 00:11:00+00:00,-174.834137
2019-02-05 00:12:00+00:00,-224.574417
2019-02-05 00:13:00+00:00,-246.516647
2019-02-05 00:14:00+00:00,-252.52684
2019-02-05 00:15:00+00:00,-235.540497
2019-02-05 00:16:00+00:00,-228.548996
2019-02-05 00:17:00+00:00,-242.555237
2019-02-05 00:18:00+00:00,-251.562149
2019-02-05 00:19:00+00:00,-245.568924
2019-02-05 00:20:00+00:00,-255.57547
2019-02-05 00:21:00+00:00,-255.582932
2019-02-05 00:22:00+00:00,-253.591263
2019-02-05 00:23:00+00:00,-250.598618
2019-02-05 00:24:00+00:00,-242.018875
2019-02-05 00:25:00+00:00,-241.697693
2019-02-05 00:26:00+00:00,-248.277313
2019-02-05 00:27:00+00:00,-242.031006
2019-02-05 00:28:00+00:00,-241.653397
2019-02-05 00:29:00+00:00,-237.616013
2019-02-05 00:30:00+00:00,-250.149948
2019-02-05 00:31:00+00:00,-275.199829
2019-02-05 00:32:00+00:00,-347.181396
2019-02-05 00:33:00+00:00,-315.148804
2019-02-05 00:34:00+00:00,-296.770447
2019-02-05 00:35:00+00:00,-326.427582
2019-02-05 00:36:00+00:00,-341.237
2019-02-05 00:37:00+00:00,-376.246979
2019-02-05 00:38:00+00:00,-401.473663
2019-02-05 00:39:00+00:00,-382.89505
2019-02-05 00:40:00+00:00,-362.323181
2019-02-05 00:41:00+00:00,-354.705078
2019-02-05 00:42:00+00:00,-341.357727
2019-02-05 00:43:00+00:00,-339.276642
2019-02-05 00:44:00+00:00,-335.753113
2019-02-05 00:45:00+00:00,-330.639038
2019-02-05 00:46:00+00:00,-351.54248
2019-02-05 00:47:00+00:00,-325.501678
2019-02-05 00:48:00+00:00,-320.850525
2019-02-05 00:49:00+00:00,-321.50473
2019-02-05 00:50:00+00:00,-311.280304
2019-02-05 00:51:00+00:00,-301.430328
2019-02-05 00:52:00+00:00,-292.778198
2019-02-05 00:53:00+00:00,-294.739838
2019-02-05 00:54:00+00:00,-403.01181
2019-02-05 00:55:00+00:00,-427.024109
2019-02-05 00:56:00+00:00,-379.354279
2019-02-05 00:57:00+00:00,-270.617523
2019-02-05 00:58:00+00:00,-270.989807
2019-02-05 00:59:00+00:00,-266.299835
2019-02-05 01:00:00+00:00,-270.713745
2019-02-05 01:01:00+00:00,-251.445801
2019-02-05 01:02:00+00:00,-232.132294
2019-02-05 01:03:00+00:00,-228.550858
2019-02-05 01:04:00+00:00,-219.871414
2019-02-05 01:05:00+00:00,-215.997162
2019-02-05 01:06:00+00:00,-212.328522
2019-02-05 01:07:00+00:00,-216.905502
2019-02-05 01:08:00+00:00,-215.943756
2019-02-05 01:09:00+00:00,-220.011581
2019-02-05 01:10:00+00:00,-220.126678
2019-02-05 01:11:00+00:00,-214.552612
2019-02-05 01:12:00+00:00,-197.575317
2019-02-05 01:13:00+00:00,-189.681335
2019-02-05 01:14:00+00:00,-203.186844
2019-02-05 01:15:00+00:00,-188.608505
2019-02-05 01:16:00+00:00,-197.076645
2019-02-05 01:17:00+00:00,-230.768341
2019-02-05 01:18:00+00:00,-221.228027
2019-02-05 01:19:00+00:00,-247.970535
2019-02-05 01:20:00+00:00,-248.186188
2019-02-05 01:21:00+00:00,-238.750305
2019-02-05 01:22:00+00:00,-220.241135
2019-02-05 01:23:00+00:00,-208.377335
2019-02-05 01:24:00+00:00,-175.623856
2019-02-05 01:25:00+00:00,-158.659348
2019-02-05 01:26:00+00:00,-154.247971
2019-02-05 01:27:00+00:00,-151.153152
2019-02-05 01:28:00+00:00,-147.873947
2019-02-05 01:29:00+00:00,-187.463394
2019-02-05 01:30:00+00:00,-172.457932
2019-02-05 01:31:00+00:00,-144.702682
2019-02-05 01:32:00+00:00,-137.423813
2019-02-05 01:33:00+00:00,-131.7341
2019-02-05 01:34:00+00:00,-119.141487
2019-02-05 01:35:00+00:00,-112.736633
2019-02-05 01:36:00+00:00,-105.837067
2019-02-05 01:37:00+00:00,-94.922104
2019-02-05 01:38:00+00:00,-87.242897
2019-02-05 01:39:00+00:00,-84.512123
2019-02-05 01:40:00+00:00,-82.902847
2019-02-05 01:41:00+00:00,-78.957794
2019-02-05 01:42:00+00:00,-75.371544
2019-02-05 01:43:00+00:00,-69.103767
2019-02-05 01:44:00+00:00,-62.459454
2019-02-05 01:45:00+00:00,-57.648228
2019-02-05 01:46:00+00:00,-53.204601
2019-02-05 01:47:00+00:00,-49.430958
2019-02-05 01:48:00+00:00,-45.705551
2019-02-05 01:49:00+00:00,-43.107254
2019-02-05 01:50:00+00:00,-40.348564
2019-02-05 01:51:00+00:00,-39.123398
2019-02-05 01:52:00+00:00,-39.739944
2019-02-05 01:53:00+00:00,-54.054184
2019-02-05 01:54:00+00:00,-43.351795
2019-02-05 01:55:00+00:00,-37.950623
2019-02-05 01:56:00+00:00,-39.144222
2019-02-05 01:57:00+00:00,-36.060749
2019-02-05 01:58:00+00:00,-25.422491
2019-02-05 01:59:00+00:00,-15.664217
2019-02-05 02:00:00+00:00,-13.070034
2019-02-05 02:01:00+00:00,-12.419155
2019-02-05 02:02:00+00:00,-11.566253
2019-02-05 02:03:00+00:00,-13.38225
2019-02-05 02:04:00+00:00,-18.229483
2019-02-05 02:05:00+00:00,-21.960791
2019-02-05 02:06:00+00:00,-24.17598
2019-02-05 02:07:00+00:00,-23.877394
2019-02-05 02:08:00+00:00,-25.127958
2019-02-05 02:09:00+00:00,-24.619465
2019-02-05 02:10:00+00:00,-20.69902
2019-02-05 02:11:00+00:00,-18.222481
2019-02-05 02:12:00+00:00,-19.741051
2019-02-05 02:13:00+00:00,-19.892817
2019-02-05 02:14:00+00:00,-19.653782
2019-02-05 02:15:00+00:00,-17.020443
2019-02-05 02:16:00+00:00,-18.52504
2019-02-05 02:17:00+00:00,-18.395023
2019-02-05 02:18:00+00:00,-26.444717
2019-02-05 02:19:00+00:00,-22.88847
2019-02-05 02:20:00+00:00,-17.992851
2019-02-05 02:21:00+00:00,-17.853191
2019-02-05 02:22:00+00:00,-18.712212
2019-02-05 02:23:00+00:00,-18.571518
2019-02-05 02:24:00+00:00,-16.431961
2019-02-05 02:25:00+00:00,-18.112324
2019-02-05 02:26:00+00:00,-20.127106
2019-02-05 02:27:00+00:00,-21.142101
2019-02-05 02:28:00+00:00,-23.15905
2019-02-05 02:29:00+00:00,-21.178192
2019-02-05 02:30:00+00:00,-19.199253
2019-02-05 02:31:00+00:00,-18.222698
2019-02-05 02:32:00+00:00,-16.248516
2019-02-05 02:33:00+00:00,-14.274506
2019-02-05 02:34:00+00:00,-23.306908
2019-02-05 02:35:00+00:00,-24.341339
2019-02-05 02:36:00+00:00,-27.376289
2019-02-05 02:37:00+00:00,-35.302307
2019-02-05 02:38:00+00:00,-32.516098
2019-02-05 02:39:00+00:00,-30.312368
2019-02-05 02:40:00+00:00,-38.537258
2019-02-05 02:41:00+00:00,-43.582584
2019-02-05 02:42:00+00:00,-33.630287
2019-02-05 02:43:00+00:00,-40.046169
2019-02-05 02:44:00+00:00,-52.580914
2019-02-05 02:45:00+00:00,-54.57375
2019-02-05 02:46:00+00:00,-59.241394
2019-02-05 02:47:00+00:00,-53.321186
2019-02-12 00:00:00+00:00,-194.960922
2019-02-12 00:01:00+00:00,-185.205734
2019-02-12 00:02:00+00:00,-160.702026
2019-02-12 00:03:00+00:00,-165.780121
2019-02-12 00:04:00+00:00,-175.606262
2019-02-12 00:05:00+00:00,-179.68428
2019-02-12 00:06:00+00:00,-180.39537
2019-02-12 00:07:00+00:00,-182.194641
2019-02-12 00:08:00+00:00,-197.962311
2019-02-12 00:09:00+00:00,-170.519714
2019-02-12 00:10:00+00:00,-162.337631
2019-02-12 00:11:00+00:00,-163.643951
2019-02-12 00:12:00+00:00,-162.130188
2019-02-12 00:13:00+00:00,-156.372498
2019-02-12 00:14:00+00:00,-161.724045
2019-02-12 00:15:00+00:00,-164.13385
2019-02-12 00:16:00+00:00,-170.733017
2019-02-12 00:17:00+00:00,-168.082214
2019-02-12 00:18:00+00:00,-159.79599
2019-02-12 00:19:00+00:00,-163.883163
2019-02-12 00:20:00+00:00,-173.180603
2019-02-12 00:21:00+00:00,-153.844009
2019-02-12 00:22:00+00:00,-147.865799
2019-02-12 00:23:00+00:00,-139.228195
2019-02-12 00:24:00+00:00,-136.150177
2019-02-12 00:25:00+00:00,-132.563171
2019-02-12 00:26:00+00:00,-126.643188
2019-02-12 00:27:00+00:00,-125.39003
2019-02-12 00:28:00+00:00,-130.189636
2019-02-12 00:29:00+00:00,-135.8358
2019-02-12 00:30:00+00:00,-136.836899
2019-02-12 00:31:00+00:00,-137.137711
2019-02-12 00:32:00+00:00,-141.189072
2019-02-12 00:33:00+00:00,-144.939423
2019-02-12 00:34:00+00:00,-139.383759
2019-02-12 00:35:00+00:00,-122.851326
2019-02-12 00:36:00+00:00,-113.079567
2019-02-12 00:37:00+00:00,-114.001343
2019-02-12 00:38:00+00:00,-113.07637
2019-02-12 00:39:00+00:00,-108.801193
2019-02-12 00:40:00+00:00,-107.882881
2019-02-12 00:41:00+00:00,-109.864655
2019-02-12 00:42:00+00:00,-114.571404
2019-02-12 00:43:00+00:00,-118.524933
2019-02-12 00:44:00+00:00,-119.276909
2019-02-12 00:45:00+00:00,-117.820221
2019-02-12 00:46:00+00:00,-115.117485
2019-02-12 00:47:00+00:00,-114.340218
2019-02-12 00:48:00+00:00,-115.018784
2019-02-12 00:49:00+00:00,-117.969482
2019-02-12 00:50:00+00:00,-122.706375
2019-02-12 00:51:00+00:00,-123.837006
2019-02-12 00:52:00+00:00,-122.364624
2019-02-12 00:53:00+00:00,-121.885139
2019-02-12 00:54:00+00:00,-123.409538
2019-02-12 00:55:00+00:00,-122.780861
2019-02-12 00:56:00+00:00,-122.936783
2019-02-12 00:57:00+00:00,-125.007538
2019-02-12 00:58:00+00:00,-125.570343
2019-02-12 00:59:00+00:00,-121.175484
2019-02-12 01:00:00+00:00,-118.941269
2019-02-12 01:01:00+00:00,-118.946953
2019-02-12 01:02:00+00:00,-117.804626
2019-02-12 01:03:00+00:00,-115.318665
2019-02-12 01:04:00+00:00,-110.39196
2019-02-12 01:05:00+00:00,-107.1931
2019-02-12 01:06:00+00:00,-105.093781
2019-02-12 01:07:00+00:00,-101.468605
2019-02-12 01:08:00+00:00,-92.566261
2019-02-12 01:09:00+00:00,-83.606026
2019-02-12 01:10:00+00:00,-78.127258
2019-02-12 01:11:00+00:00,-77.99501
2019-02-12 01:12:00+00:00,-80.141617
2019-02-12 01:13:00+00:00,-78.932755
2019-02-12 01:14:00+00:00,-78.777214
2019-02-12 01:15:00+00:00,-74.826576
2019-02-12 01:16:00+00:00,-70.011665
2019-02-12 01:17:00+00:00,-73.898582
2019-02-12 01:18:00+00:00,-76.909508
2019-02-12 01:19:00+00:00,-78.000237
2019-02-12 01:20:00+00:00,-79.031364
2019-02-12 01:21:00+00:00,-80.198982
2019-02-12 01:22:00+00:00,-75.714226
2019-02-12 01:23:00+00:00,-67.661896
2019-02-12 01:24:00+00:00,-66.860512
2019-02-12 01:25:00+00:00,-67.300194
2019-02-12 01:26:00+00:00,-68.639244
2019-02-12 01:27:00+00:00,-68.474297
2019-02-12 01:28:00+00:00,-65.887421
2019-02-12 01:29:00+00:00,-68.689171
2019-02-12 01:30:00+00:00,-65.790695
2019-02-12 01:31:00+00:00,-63.776054
2019-02-12 01:32:00+00:00,-61.474533
2019-02-12 01:33:00+00:00,-59.659409
2019-02-12 01:34:00+00:00,-55.317127
2019-02-12 01:35:00+00:00,-46.970306
2019-02-12 01:36:00+00:00,-40.447372
2019-02-12 01:37:00+00:00,-59.81881
2019-02-12 01:38:00+00:00,-91.862999
2019-02-12 01:39:00+00:00,-107.557312
2019-02-12 01:40:00+00:00,-106.976509
2019-02-12 01:41:00+00:00,-103.315208
2019-02-12 01:42:00+00:00,-107.843498
2019-02-12 01:43:00+00:00,-96.069443
2019-02-12 01:44:00+00:00,-80.980934
2019-02-12 01:45:00+00:00,-67.570236
2019-02-12 01:46:00+00:00,-62.870632
2019-02-12 01:47:00+00:00,-84.716461
2019-02-12 01:48:00+00:00,-110.986282
2019-02-12 01:49:00+00:00,-126.865234
2019-02-12 01:50:00+00:00,-129.884262
2019-02-12 01:51:00+00:00,-137.503616
2019-02-12 01:52:00+00:00,-151.450516
2019-02-12 01:53:00+00:00,-162.094406
2019-02-12 01:54:00+00:00,-163.577545
2019-02-12 01:55:00+00:00,-174.918777
2019-02-12 01:56:00+00:00,-213.397095
2019-02-12 01:57:00+00:00,-187.304779
2019-02-12 01:58:00+00:00,-178.811432
2019-02-12 01:59:00+00:00,-194.379288
2019-02-12 02:00:00+00:00,-168.782074
2019-02-12 02:01:00+00:00,-134.40094
2019-02-12 02:02:00+00:00,-150.063538
2019-02-12 02:03:00+00:00,-134.88327
2019-02-12 02:04:00+00:00,-99.920418
2019-02-12 02:05:00+00:00,-87.802254
2019-02-12 02:06:00+00:00,-76.735207
2019-02-12 02:07:00+00:00,-81.574043
2019-02-12 02:08:00+00:00,-85.55101
2019-02-12 02:09:00+00:00,-96.541885
2019-02-12 02:10:00+00:00,-103.599243
2019-02-12 02:11:00+00:00,-122.501717
2019-02-12 02:12:00+00:00,-145.483047
2019-02-12 02:13:00+00:00,-146.156876
2019-02-12 02:14:00+00:00,-164.571991
2019-02-12 02:15:00+00:00,-177.280975
2019-02-12 02:16:00+00:00,-211.189392
2019-02-12 02:17:00+00:00,-163.265335
2019-02-12 02:18:00+00:00,-126.572876
2019-02-12 02:19:00+00:00,-129.507996
2019-02-12 02:20:00+00:00,-149.28035
2019-02-12 02:21:00+00:00,-166.143433
2019-02-12 02:22:00+00:00,-209.294815
2019-02-12 02:23:00+00:00,-214.688309
2019-02-12 02:24:00+00:00,-178.604507
2019-02-12 02:25:00+00:00,-184.886887
2019-02-12 02:26:00+00:00,-164.14122
2019-02-12 02:27:00+00:00,-157.342804
2019-02-12 02:28:00+00:00,-159.732193
2019-02-12 02:29:00+00:00,-152.83345
2019-02-12 02:30:00+00:00,-144.77977
2019-02-12 02:31:00+00:00,-127.35128
2019-02-12 02:32:00+00:00,-118.431496
2019-02-12 02:33:00+00:00,-107.031448
2019-02-12 02:34:00+00:00,-103.384232
2019-02-12 02:35:00+00:00,-87.318268
2019-02-12 02:36:00+00:00,-78.975853
2019-02-12 02:37:00+00:00,-52.38459
2019-02-12 02:38:00+00:00,-46.63398
2019-02-12 02:39:00+00:00,-69.711891
2019-02-12 02:40:00+00:00,-74.578659
2019-02-12 02:41:00+00:00,-85.556953
2019-02-12 02:42:00+00:00,-89.220703
2019-02-12 02:43:00+00:00,-87.251358
2019-02-12 02:44:00+00:00,-81.632462
2019-02-12 02:45:00+00:00,-77.487816
2019-02-12 02:46:00+00:00,-89.105774
2019-02-12 02:47:00+00:00,-92.396698
2019-02-19 00:00:00+00:00,-13.387806
2019-02-19 00:01:00+00:00,-14.239131
2019-02-19 00:02:00+00:00,-14.949733
2019-02-19 00:03:00+00:00,-13.859365
2019-02-19 00:04:00+00:00,-14.779172
2019-02-19 00:05:00+00:00,-14.274496
2019-02-19 00:06:00+00:00,-15.485162
2019-02-19 00:07:00+00:00,-13.604189
2019-02-19 00:08:00+00:00,-15.815388
2019-02-19 00:09:00+00:00,-18.3342
2019-02-19 00:10:00+00:00,-20.458729
2019-02-19 00:11:00+00:00,-24.183683
2019-02-19 00:12:00+00:00,-23.517155
2019-02-19 00:13:00+00:00,-30.299717
2019-02-19 00:14:00+00:00,-30.550636
2019-02-19 00:15:00+00:00,-32.222374
2019-02-19 00:16:00+00:00,-34.69239
2019-02-19 00:17:00+00:00,-35.503906
2019-02-19 00:18:00+00:00,-36.289047
2019-02-19 00:19:00+00:00,-38.831825
2019-02-19 00:20:00+00:00,-42.511528
2019-02-19 00:21:00+00:00,-43.323746
2019-02-19 00:22:00+00:00,-44.974895
2019-02-19 00:23:00+00:00,-44.228165
2019-02-19 00:24:00+00:00,-41.415833
2019-02-19 00:25:00+00:00,-47.989277
2019-02-19 00:26:00+00:00,-50.041851
2019-02-19 00:27:00+00:00,-51.844673
2019-02-19 00:28:00+00:00,-49.205788
2019-02-19 00:29:00+00:00,-47.847099
2019-02-19 00:30:00+00:00,-48.320713
2019-02-19 00:31:00+00:00,-45.455151
2019-02-19 00:32:00+00:00,-46.660496
2019-02-19 00:33:00+00:00,-47.725792
2019-02-19 00:34:00+00:00,-43.064735
2019-02-19 00:35:00+00:00,-37.28249
2019-02-19 00:36:00+00:00,-36.747238
2019-02-19 00:37:00+00:00,-41.261578
2019-02-19 00:38:00+00:00,-43.283985
2019-02-19 00:39:00+00:00,-37.74139
2019-02-19 00:40:00+00:00,-33.609146
2019-02-19 00:41:00+00:00,-35.553436
2019-02-19 00:42:00+00:00,-32.06818
2019-02-19 00:43:00+00:00,-28.626179
2019-02-19 00:44:00+00:00,-31.968788
2019-02-19 00:45:00+00:00,-34.286743
2019-02-19 00:46:00+00:00,-36.117588
2019-02-19 00:47:00+00:00,-35.201721
2019-02-19 00:48:00+00:00,-32.779232
2019-02-19 00:49:00+00:00,-34.712711
2019-02-19 00:50:00+00:00,-36.95779
2019-02-19 00:51:00+00:00,-39.010353
2019-02-19 00:52:00+00:00,-40.702576
2019-02-19 00:53:00+00:00,-37.539139
2019-02-19 00:54:00+00:00,-34.398109
2019-02-19 00:55:00+00:00,-34.611382
2019-02-19 00:56:00+00:00,-33.162727
2019-02-19 00:57:00+00:00,-32.557205
2019-02-19 00:58:00+00:00,-32.65052
2019-02-19 00:59:00+00:00,-32.709553
2019-02-19 01:00:00+00:00,-33.52343
2019-02-19 01:01:00+00:00,-32.188377
2019-02-19 01:02:00+00:00,-30.53828
2019-02-19 01:03:00+00:00,-30.77413
2019-02-19 01:04:00+00:00,-30.676306
2019-02-19 01:05:00+00:00,-30.236826
2019-02-19 01:06:00+00:00,-30.331762
2019-02-19 01:07:00+00:00,-29.896502
2019-02-19 01:08:00+00:00,-28.642067
2019-02-19 01:09:00+00:00,-27.226511
2019-02-19 01:10:00+00:00,-25.827641
2019-02-19 01:11:00+00:00,-27.143566
2019-02-19 01:12:00+00:00,-27.379421
2019-02-19 01:13:00+00:00,-26.508266
2019-02-19 01:14:00+00:00,-24.740486
2019-02-19 01:15:00+00:00,-22.266541
2019-02-19 01:16:00+00:00,-21.215244
2019-02-19 01:17:00+00:00,-21.191929
2019-02-19 01:18:00+00:00,-21.625158
2019-02-19 01:19:00+00:00,-22.224377
2019-02-19 01:20:00+00:00,-20.909939
2019-02-19 01:21:00+00:00,-19.091547
2019-02-19 01:22:00+00:00,-17.317495
2019-02-19 01:23:00+00:00,-16.510174
2019-02-19 01:24:00+00:00,-15.767693
2019-02-19 01:25:00+00:00,-14.690163
2019-02-19 01:26:00+00:00,-14.570038
2019-02-19 01:27:00+00:00,-14.393904
2019-02-19 01:28:00+00:00,-14.13899
2019-02-19 01:29:00+00:00,-13.6196
2019-02-19 01:30:00+00:00,-11.899608
2019-02-19 01:31:00+00:00,-10.397612
2019-02-19 01:32:00+00:00,-10.131716
2019-02-19 01:33:00+00:00,-12.252889
2019-02-19 01:34:00+00:00,-13.884594
2019-02-19 01:35:00+00:00,-17.490314
2019-02-19 01:36:00+00:00,-20.152489
2019-02-19 01:37:00+00:00,-21.722301
2019-02-19 01:38:00+00:00,-22.013626
2019-02-19 01:39:00+00:00,-18.81809
2019-02-19 01:40:00+00:00,-31.132568
2019-02-19 01:41:00+00:00,-25.827461
2019-02-19 01:42:00+00:00,-19.393131
2019-02-19 01:43:00+00:00,-18.228621
2019-02-19 01:44:00+00:00,-18.666325
2019-02-19 01:45:00+00:00,-19.225029
2019-02-19 01:46:00+00:00,-18.949326
2019-02-19 01:47:00+00:00,-19.366785
2019-02-19 01:48:00+00:00,-19.905188
2019-02-19 01:49:00+00:00,-20.600513
2019-02-19 01:50:00+00:00,-20.947289
2019-02-19 01:51:00+00:00,-20.900394
2019-02-19 01:52:00+00:00,-20.715307
2019-02-19 01:53:00+00:00,-21.029127
2019-02-19 01:54:00+00:00,-20.612959
2019-02-19 01:55:00+00:00,-18.913469
2019-02-19 01:56:00+00:00,-17.538685
2019-02-19 01:57:00+00:00,-16.333698
2019-02-19 01:58:00+00:00,-15.927233
2019-02-19 01:59:00+00:00,-16.842552
2019-02-19 02:00:00+00:00,-15.866291
2019-02-19 02:01:00+00:00,-15.46519
2019-02-19 02:02:00+00:00,-14.682157
2019-02-19 02:03:00+00:00,-14.130177
2019-02-19 02:04:00+00:00,-13.913072
2019-02-19 02:05:00+00:00,-14.697489
2019-02-19 02:06:00+00:00,-13.596558
2019-02-19 02:07:00+00:00,-13.405625
2019-02-19 02:08:00+00:00,-13.875142
2019-02-19 02:09:00+00:00,-13.088457
2019-02-19 02:10:00+00:00,-12.724566
2019-02-19 02:11:00+00:00,-12.264645
2019-02-19 02:12:00+00:00,-11.489247
2019-02-19 02:13:00+00:00,-12.044726
2019-02-19 02:14:00+00:00,-11.679004
2019-02-19 02:15:00+00:00,-10.731219
2019-02-19 02:16:00+00:00,-11.409123
2019-02-19 02:17:00+00:00,-12.025806
2019-02-19 02:18:00+00:00,-12.171856
2019-02-19 02:19:00+00:00,-11.19292
2019-02-19 02:20:00+00:00,-10.072439
2019-02-19 02:21:00+00:00,-10.205098
2019-02-19 02:22:00+00:00,-11.22928
2019-02-19 02:23:00+00:00,-12.559706
2019-02-19 02:24:00+00:00,-13.036342
2019-02-19 02:25:00+00:00,-14.886881
2019-02-19 02:26:00+00:00,-14.176138
2019-02-19 02:27:00+00:00,-13.163832
2019-02-19 02:28:00+00:00,-12.535002
2019-02-19 02:29:00+00:00,-12.970251
2019-02-19 02:30:00+00:00,-13.741492
2019-02-19 02:31:00+00:00,-12.927526
2019-02-19 02:32:00+00:00,-26.321266
2019-02-19 02:33:00+00:00,-20.535246
2019-02-19 02:34:00+00:00,-26.021673
2019-02-19 02:35:00+00:00,-20.187943
2019-02-19 02:36:00+00:00,-19.585636
2019-02-19 02:37:00+00:00,-11.905387
2019-02-19 02:38:00+00:00,-12.757659
2019-02-19 02:39:00+00:00,-13.552459
2019-02-19 02:40:00+00:00,-13.469128
2019-02-19 02:41:00+00:00,-19.250826
2019-02-19 02:42:00+00:00,-14.807331
2019-02-19 02:43:00+00:00,-15.015096
2019-02-19 02:44:00+00:00,-15.993034
2019-02-19 02:45:00+00:00,-15.738175
2019-02-19 02:46:00+00:00,-15.411386
2019-02-19 02:47:00+00:00,-15.508424
2019-02-26 00:00:00+00:00,-94.150635
2019-02-26 00:01:00+00:00,-107.908951
2019-02-26 00:02:00+00:00,-115.473015
2019-02-26 00:03:00+00:00,-119.152374
2019-02-26 00:04:00+00:00,-124.356194
2019-02-26 00:05:00+00:00,-131.323654
2019-02-26 00:06:00+00:00,-113.574318
2019-02-26 00:07:00+00:00,-116.43914
2019-02-26 00:08:00+00:00,-142.416199
2019-02-26 00:09:00+00:00,-141.375519
2019-02-26 00:10:00+00:00,-132.452881
2019-02-26 00:11:00+00:00,-151.674576
2019-02-26 00:12:00+00:00,-146.339355
2019-02-26 00:13:00+00:00,-127.701195
2019-02-26 00:14:00+00:00,-120.352722
2019-02-26 00:15:00+00:00,-118.158295
2019-02-26 00:16:00+00:00,-127.960495
2019-02-26 00:17:00+00:00,-116.769234
2019-02-26 00:18:00+00:00,-93.830566
2019-02-26 00:19:00+00:00,-85.6035
2019-02-26 00:20:00+00:00,-76.332085
2019-02-26 00:21:00+00:00,-75.486427
2019-02-26 00:22:00+00:00,-83.105515
2019-02-26 00:23:00+00:00,-81.09388
2019-02-26 00:24:00+00:00,-86.746559
2019-02-26 00:25:00+00:00,-99.307884
2019-02-26 00:26:00+00:00,-111.950562
2019-02-26 00:27:00+00:00,-98.312149
2019-02-26 00:28:00+00:00,-95.930916
2019-02-26 00:29:00+00:00,-107.64743
2019-02-26 00:30:00+00:00,-117.201141
2019-02-26 00:31:00+00:00,-101.950592
2019-02-26 00:32:00+00:00,-121.567291
2019-02-26 00:33:00+00:00,-154.618301
2019-02-26 00:34:00+00:00,-149.094086
2019-02-26 00:35:00+00:00,-141.715973
2019-02-26 00:36:00+00:00,-147.058472
2019-02-26 00:37:00+00:00,-159.781326
2019-02-26 00:38:00+00:00,-155.803802
2019-02-26 00:39:00+00:00,-187.172363
2019-02-26 00:40:00+00:00,-217.380463
2019-02-26 00:41:00+00:00,-193.632004
2019-02-26 00:42:00+00:00,-165.432602
2019-02-26 00:43:00+00:00,-150.992523
2019-02-26 00:44:00+00:00,-136.71373
2019-02-26 00:45:00+00:00,-126.367004
2019-02-26 00:46:00+00:00,-118.573044
2019-02-26 00:47:00+00:00,-150.297485
2019-02-26 00:48:00+00:00,-208.480164
2019-02-26 00:49:00+00:00,-194.255127
2019-02-26 00:50:00+00:00,-196.598312
2019-02-26 00:51:00+00:00,-147.091415
2019-02-26 00:52:00+00:00,-90.098061
2019-02-26 00:53:00+00:00,-71.829834
2019-02-26 00:54:00+00:00,-54.636971
2019-02-26 00:55:00+00:00,-64.060677
2019-02-26 00:56:00+00:00,-65.793663
2019-02-26 00:57:00+00:00,-69.568138
2019-02-26 00:58:00+00:00,-76.882446
2019-02-26 00:59:00+00:00,-79.830925
2019-02-26 01:00:00+00:00,-73.452919
2019-02-26 01:01:00+00:00,-58.651424
2019-02-26 01:02:00+00:00,-50.90926
2019-02-26 01:03:00+00:00,-47.856022
2019-02-26 01:04:00+00:00,-43.181526
2019-02-26 01:05:00+00:00,-43.469482
2019-02-26 01:06:00+00:00,-42.199738
2019-02-26 01:07:00+00:00,-33.629833
2019-02-26 01:08:00+00:00,-27.240591
2019-02-26 01:09:00+00:00,-42.406746
2019-02-26 01:10:00+00:00,-49.532936
2019-02-26 01:11:00+00:00,-37.813389
2019-02-26 01:12:00+00:00,-23.469444
2019-02-26 01:13:00+00:00,-20.30916
2019-02-26 01:14:00+00:00,-18.862581
2019-02-26 01:15:00+00:00,-20.237732
2019-02-26 01:16:00+00:00,-21.133814
2019-02-26 01:17:00+00:00,-23.242289
2019-02-26 01:18:00+00:00,-39.523766
2019-02-26 01:19:00+00:00,-57.551826
2019-02-26 01:20:00+00:00,-64.619942
2019-02-26 01:21:00+00:00,-70.398529
2019-02-26 01:22:00+00:00,-66.659576
2019-02-26 01:23:00+00:00,-61.391838
2019-02-26 01:24:00+00:00,-68.749168
2019-02-26 01:25:00+00:00,-97.961525
2019-02-26 01:26:00+00:00,-61.430534
2019-02-26 01:27:00+00:00,-51.780994
2019-02-26 01:28:00+00:00,-78.302971
2019-02-26 01:29:00+00:00,-89.163879
2019-02-26 01:30:00+00:00,-96.341736
2019-02-26 01:31:00+00:00,-62.343765
2019-02-26 01:32:00+00:00,-92.842438
2019-02-26 01:33:00+00:00,-95.14698
2019-02-26 01:34:00+00:00,-96.548386
2019-02-26 01:35:00+00:00,-84.606804
2019-02-26 01:36:00+00:00,-74.896393
2019-02-26 01:37:00+00:00,-69.758095
2019-02-26 01:38:00+00:00,-66.771919
2019-02-26 01:39:00+00:00,-55.997555
2019-02-26 01:40:00+00:00,-43.841667
2019-02-26 01:41:00+00:00,-30.170788
2019-02-26 01:42:00+00:00,-38.741592
2019-02-26 01:43:00+00:00,-41.791782
2019-02-26 01:44:00+00:00,-42.752407
2019-02-26 01:45:00+00:00,-29.849609
2019-02-26 01:46:00+00:00,-32.152615
2019-02-26 01:47:00+00:00,-39.324387
2019-02-26 01:48:00+00:00,-26.139988
2019-02-26 01:49:00+00:00,-23.641018
2019-02-26 01:50:00+00:00,-23.596766
2019-02-26 01:51:00+00:00,-23.475206
2019-02-26 01:52:00+00:00,-22.621929
2019-02-26 01:53:00+00:00,-22.493126
2019-02-26 01:54:00+00:00,-23.288857
2019-02-26 01:55:00+00:00,-20.866697
2019-02-26 01:56:00+00:00,-25.867245
2019-02-26 01:57:00+00:00,-20.908175
2019-02-26 01:58:00+00:00,-27.12108
2019-02-26 01:59:00+00:00,-28.520935
2019-02-26 02:00:00+00:00,-52.604019
2019-02-26 02:01:00+00:00,-33.8036
2019-02-26 02:02:00+00:00,-35.130669
2019-02-26 02:03:00+00:00,-31.745682
2019-02-26 02:04:00+00:00,-51.004353
2019-02-26 02:05:00+00:00,-53.637577
2019-02-26 02:06:00+00:00,-43.879593
2019-02-26 02:07:00+00:00,-49.938816
2019-02-26 02:08:00+00:00,-43.967926
2019-02-26 02:09:00+00:00,-30.13583
2019-02-26 02:10:00+00:00,-19.060152
2019-02-26 02:11:00+00:00,-19.269415
2019-02-26 02:12:00+00:00,-20.123421
2019-02-26 02:13:00+00:00,-21.486174
2019-02-26 02:14:00+00:00,-21.75242
2019-02-26 02:15:00+00:00,-23.572315
2019-02-26 02:16:00+00:00,-28.967951
2019-02-26 02:17:00+00:00,-41.644917
2019-02-26 02:18:00+00:00,-64.207603
2019-02-26 02:19:00+00:00,-73.990891
2019-02-26 02:20:00+00:00,-84.371796
2019-02-26 02:21:00+00:00,-105.077904
2019-02-26 02:22:00+00:00,-116.692871
2019-02-26 02:23:00+00:00,-121.341026
2019-02-26 02:24:00+00:00,-113.391449
2019-02-26 02:25:00+00:00,-99.188774
2019-02-26 02:26:00+00:00,-88.490837
2019-02-26 02:27:00+00:00,-71.529121
2019-02-26 02:28:00+00:00,-55.750797
2019-02-26 02:29:00+00:00,-50.136024
2019-02-26 02:30:00+00:00,-39.562149
2019-02-26 02:31:00+00:00,-51.973541
2019-02-26 02:32:00+00:00,-61.238541
2019-02-26 02:33:00+00:00,-49.521973
2019-02-26 02:34:00+00:00,-35.298672
2019-02-26 02:35:00+00:00,-34.666546
2019-02-26 02:36:00+00:00,-41.699562
2019-02-26 02:37:00+00:00,-49.166523
2019-02-26 02:38:00+00:00,-57.131634
2019-02-26 02:39:00+00:00,-69.123451
2019-02-26 02:40:00+00:00,-80.506004
2019-02-26 02:41:00+00:00,-76.825294
2019-02-26 02:42:00+00:00,-58.90469
2019-02-26 02:43:00+00:00,-41.68536
2019-02-26 02:44:00+00:00,-31.586918
2019-02-26 02:45:00+00:00,-38.531837
2019-02-26 02:46:00+00:00,-43.430786
2019-02-26 02:47:00+00:00,-67.285988
2019-03-05 00:00:00+00:00,-144.25882
2019-03-05 00:01:00+00:00,-137.774338
2019-03-05 00:02:00+00:00,-140.91156
2019-03-05 00:03:00+00:00,-146.714767
2019-03-05 00:04:00+00:00,-145.218552
2019-03-05 00:05:00+00:00,-133.350174
2019-03-05 00:06:00+00:00,-121.282349
2019-03-05 00:07:00+00:00,-114.86055
2019-03-05 00:08:00+00:00,-116.345459
2019-03-05 00:09:00+00:00,-106.744644
2019-03-05 00:10:00+00:00,-100.243912
2019-03-05 00:11:00+00:00,-110.65728
2019-03-05 00:12:00+00:00,-93.826111
2019-03-05 00:13:00+00:00,-86.921448
2019-03-05 00:14:00+00:00,-87.012054
2019-03-05 00:15:00+00:00,-77.105011
2019-03-05 00:16:00+00:00,-77.194061
2019-03-05 00:17:00+00:00,-76.283333
2019-03-05 00:18:00+00:00,-79.367554
2019-03-05 00:19:00+00:00,-78.454765
2019-03-05 00:20:00+00:00,-100.967163
2019-03-05 00:21:00+00:00,-100.412216
2019-03-05 00:22:00+00:00,-80.704956
2019-03-05 00:23:00+00:00,-79.789001
2019-03-05 00:24:00+00:00,-87.867172
2019-03-05 00:25:00+00:00,-83.947563
2019-03-05 00:26:00+00:00,-76.031296
2019-03-05 00:27:00+00:00,-77.108322
2019-03-05 00:28:00+00:00,-78.18264
2019-03-05 00:29:00+00:00,-87.246208
2019-03-05 00:30:00+00:00,-83.325439
2019-03-05 00:31:00+00:00,-79.408798
2019-03-05 00:32:00+00:00,-79.487946
2019-03-05 00:33:00+00:00,-77.629395
2019-03-05 00:34:00+00:00,-68.152779
2019-03-05 00:35:00+00:00,-54.88509
2019-03-05 00:36:00+00:00,-56.790657
2019-03-05 00:37:00+00:00,-59.919834
2019-03-05 00:38:00+00:00,-61.789928
2019-03-05 00:39:00+00:00,-54.009117
2019-03-05 00:40:00+00:00,-57.288185
2019-03-05 00:41:00+00:00,-61.46656
2019-03-05 00:42:00+00:00,-73.147583
2019-03-05 00:43:00+00:00,-94.639191
2019-03-05 00:44:00+00:00,-107.541733
2019-03-05 00:45:00+00:00,-117.765739
2019-03-05 00:46:00+00:00,-118.988678
2019-03-05 00:47:00+00:00,-111.849602
2019-03-05 00:48:00+00:00,-107.992859
2019-03-05 00:49:00+00:00,-117.591049
2019-03-05 00:50:00+00:00,-118.551147
2019-03-05 00:51:00+00:00,-149.890244
2019-03-05 00:52:00+00:00,-173.244873
2019-03-05 00:53:00+00:00,-189.278915
2019-03-05 00:54:00+00:00,-191.342819
2019-03-05 00:55:00+00:00,-157.732651
2019-03-05 00:56:00+00:00,-162.401337
2019-03-05 00:57:00+00:00,-147.355042
2019-03-05 00:58:00+00:00,-189.966614
2019-03-05 00:59:00+00:00,-260.811554
2019-03-05 01:00:00+00:00,-257.983429
2019-03-05 01:01:00+00:00,-233.624512
2019-03-05 01:02:00+00:00,-215.689255
2019-03-05 01:03:00+00:00,-197.11731
2019-03-05 01:04:00+00:00,-179.879272
2019-03-05 01:05:00+00:00,-168.647263
2019-03-05 01:06:00+00:00,-149.2323
2019-03-05 01:07:00+00:00,-155.565353
2019-03-05 01:08:00+00:00,-151.339386
2019-03-05 01:09:00+00:00,-151.068008
2019-03-05 01:10:00+00:00,-143.717834
2019-03-05 01:11:00+00:00,-144.062363
2019-03-05 01:12:00+00:00,-173.327042
2019-03-05 01:13:00+00:00,-249.026138
2019-03-05 01:14:00+00:00,-299.067688
2019-03-05 01:15:00+00:00,-300.391022
2019-03-05 01:16:00+00:00,-320.060791
2019-03-05 01:17:00+00:00,-294.790771
2019-03-05 01:18:00+00:00,-305.630005
2019-03-05 01:19:00+00:00,-267.783508
2019-03-05 01:20:00+00:00,-214.665497
2019-03-05 01:21:00+00:00,-157.280716
2019-03-05 01:22:00+00:00,-167.383575
2019-03-05 01:23:00+00:00,-183.987061
2019-03-05 01:24:00+00:00,-204.461349
2019-03-05 01:25:00+00:00,-218.315353
2019-03-05 01:26:00+00:00,-214.778625
2019-03-05 01:27:00+00:00,-196.086746
2019-03-05 01:28:00+00:00,-175.728119
2019-03-05 01:29:00+00:00,-161.680817
2019-03-05 01:30:00+00:00,-161.508057
2019-03-05 01:31:00+00:00,-155.202545
2019-03-05 01:32:00+00:00,-140.37825
2019-03-05 01:33:00+00:00,-136.433685
2019-03-05 01:34:00+00:00,-134.44046
2019-03-05 01:35:00+00:00,-137.233154
2019-03-05 01:36:00+00:00,-139.810333
2019-03-05 01:37:00+00:00,-140.998871
2019-03-05 01:38:00+00:00,-143.433929
2019-03-05 01:39:00+00:00,-144.001205
2019-03-05 01:40:00+00:00,-140.484344
2019-03-05 01:41:00+00:00,-133.975067
2019-03-05 01:42:00+00:00,-129.463501
2019-03-05 01:43:00+00:00,-135.804443
2019-03-05 01:44:00+00:00,-145.527557
2019-03-05 01:45:00+00:00,-155.511353
2019-03-05 01:46:00+00:00,-155.462173
2019-03-05 01:47:00+00:00,-154.382797
2019-03-05 01:48:00+00:00,-140.927948
2019-03-05 01:49:00+00:00,-128.633453
2019-03-05 01:50:00+00:00,-122.125259
2019-03-05 01:51:00+00:00,-117.755836
2019-03-05 01:52:00+00:00,-99.003265
2019-03-05 01:53:00+00:00,-98.874039
2019-03-05 01:54:00+00:00,-108.444092
2019-03-05 01:55:00+00:00,-110.335075
2019-03-05 01:56:00+00:00,-114.356491
2019-03-05 01:57:00+00:00,-113.526054
2019-03-05 01:58:00+00:00,-105.951813
2019-03-05 01:59:00+00:00,-102.301811
2019-03-05 02:00:00+00:00,-101.52462
2019-03-05 02:01:00+00:00,-95.033478
2019-03-05 02:02:00+00:00,-80.459953
2019-03-05 02:03:00+00:00,-73.60894
2019-03-05 02:04:00+00:00,-68.535431
2019-03-05 02:05:00+00:00,-64.838295
2019-03-05 02:06:00+00:00,-62.802616
2019-03-05 02:07:00+00:00,-68.257072
2019-03-05 02:08:00+00:00,-74.280716
2019-03-05 02:09:00+00:00,-76.833145
2019-03-05 02:10:00+00:00,-68.490608
2019-03-05 02:11:00+00:00,-67.397804
2019-03-05 02:12:00+00:00,-66.781319
2019-03-05 02:13:00+00:00,-66.976456
2019-03-05 02:14:00+00:00,-65.402908
2019-03-05 02:15:00+00:00,-63.424404
2019-03-05 02:16:00+00:00,-61.466587
2019-03-05 02:17:00+00:00,-55.926044
2019-03-05 02:18:00+00:00,-49.350357
2019-03-05 02:19:00+00:00,-48.21553
2019-03-05 02:20:00+00:00,-46.227676
2019-03-05 02:21:00+00:00,-42.267113
2019-03-05 02:22:00+00:00,-43.415077
2019-03-05 02:23:00+00:00,-43.526917
2019-03-05 02:24:00+00:00,-43.67688
2019-03-05 02:25:00+00:00,-42.561111
2019-03-05 02:26:00+00:00,-50.482841
2019-03-05 02:27:00+00:00,-44.105412
2019-03-05 02:28:00+00:00,-42.802032
2019-03-05 02:29:00+00:00,-42.389187
2019-03-05 02:30:00+00:00,-42.412861
2019-03-05 02:31:00+00:00,-40.437675
2019-03-05 02:32:00+00:00,-43.46582
2019-03-05 02:33:00+00:00,-46.494934
2019-03-05 02:34:00+00:00,-50.525452
2019-03-05 02:35:00+00:00,-51.554977
2019-03-05 02:36:00+00:00,-52.587875
2019-03-05 02:37:00+00:00,-47.619774
2019-03-05 02:38:00+00:00,-42.655067
2019-03-05 02:39:00+00:00,-61.691563
2019-03-05 02:40:00+00:00,-49.732895
2019-03-05 02:41:00+00:00,-45.769848
2019-03-05 02:42:00+00:00,-45.809669
2019-03-05 02:43:00+00:00,-50.85099
2019-03-05 02:44:00+00:00,-47.893219
2019-03-05 02:45:00+00:00,-43.936966
2019-03-05 02:46:00+00:00,-41.979656
2019-03-05 02:47:00+00:00,-43.025845
2019-03-12 00:00:00+00:00,-64.468338
2019-03-12 00:01:00+00:00,-65.123688
2019-03-12 00:02:00+00:00,-61.767193
2019-03-12 00:03:00+00:00,-67.862083
2019-03-12 00:04:00+00:00,-47.12286
2019-03-12 00:05:00+00:00,-45.586361
2019-03-12 00:06:00+00:00,-47.847202
2019-03-12 00:07:00+00:00,-47.907169
2019-03-12 00:08:00+00:00,-46.770359
2019-03-12 00:09:00+00:00,-48.573662
2019-03-12 00:10:00+00:00,-59.817665
2019-03-12 00:11:00+00:00,-51.177586
2019-03-12 00:12:00+00:00,-38.62674
2019-03-12 00:13:00+00:00,-37.79615
2019-03-12 00:14:00+00:00,-43.558723
2019-03-12 00:15:00+00:00,-42.299545
2019-03-12 00:16:00+00:00,-42.279949
2019-03-12 00:17:00+00:00,-44.004246
2019-03-12 00:18:00+00:00,-44.102901
2019-03-12 00:19:00+00:00,-40.519688
2019-03-12 00:20:00+00:00,-45.792297
2019-03-12 00:21:00+00:00,-39.035393
2019-03-12 00:22:00+00:00,-42.091076
2019-03-12 00:23:00+00:00,-41.885418
2019-03-12 00:24:00+00:00,-46.193241
2019-03-12 00:25:00+00:00,-42.531734
2019-03-12 00:26:00+00:00,-39.551701
2019-03-12 00:27:00+00:00,-32.758595
2019-03-12 00:28:00+00:00,-29.950274
2019-03-12 00:29:00+00:00,-33.194969
2019-03-12 00:30:00+00:00,-34.835602
2019-03-12 00:31:00+00:00,-30.307587
2019-03-12 00:32:00+00:00,-32.786999
2019-03-12 00:33:00+00:00,-29.671883
2019-03-12 00:34:00+00:00,-26.266331
2019-03-12 00:35:00+00:00,-26.282555
2019-03-12 00:36:00+00:00,-25.725296
2019-03-12 00:37:00+00:00,-24.944794
2019-03-12 00:38:00+00:00,-24.682854
2019-03-12 00:39:00+00:00,-23.268139
2019-03-12 00:40:00+00:00,-23.810303
2019-03-12 00:41:00+00:00,-26.163433
2019-03-12 00:42:00+00:00,-27.560194
2019-03-12 00:43:00+00:00,-27.888889
2019-03-12 00:44:00+00:00,-27.557932
2019-03-12 00:45:00+00:00,-27.636316
2019-03-12 00:46:00+00:00,-29.216026
2019-03-12 00:47:00+00:00,-29.874868
2019-03-12 00:48:00+00:00,-28.435272
2019-03-12 00:49:00+00:00,-26.595181
2019-03-12 00:50:00+00:00,-27.903572
2019-03-12 00:51:00+00:00,-30.252735
2019-03-12 00:52:00+00:00,-28.359016
2019-03-12 00:53:00+00:00,-23.184847
2019-03-12 00:54:00+00:00,-20.869598
2019-03-12 00:55:00+00:00,-21.471022
2019-03-12 00:56:00+00:00,-20.72126
2019-03-12 00:57:00+00:00,-19.55209
2019-03-12 00:58:00+00:00,-19.048193
2019-03-12 00:59:00+00:00,-19.339588
2019-03-12 01:00:00+00:00,-19.694548
2019-03-12 01:01:00+00:00,-19.560122
2019-03-12 01:02:00+00:00,-20.857548
2019-03-12 01:03:00+00:00,-21.996153
2019-03-12 01:04:00+00:00,-23.273554
2019-03-12 01:05:00+00:00,-23.411556
2019-03-12 01:06:00+00:00,-22.289825
2019-03-12 01:07:00+00:00,-20.714548
2019-03-12 01:08:00+00:00,-22.96846
2019-03-12 01:09:00+00:00,-22.908791
2019-03-12 01:10:00+00:00,-23.266092
2019-03-12 01:11:00+00:00,-21.563623
2019-03-12 01:12:00+00:00,-21.050484
2019-03-12 01:13:00+00:00,-21.122007
2019-03-12 01:14:00+00:00,-21.271429
2019-03-12 01:15:00+00:00,-20.256395
2019-03-12 01:16:00+00:00,-20.426579
2019-03-12 01:17:00+00:00,-21.706621
2019-03-12 01:18:00+00:00,-24.29385
2019-03-12 01:19:00+00:00,-25.881466
2019-03-12 01:20:00+00:00,-25.777143
2019-03-12 01:21:00+00:00,-25.440681
2019-03-12 01:22:00+00:00,-25.929218
2019-03-12 01:23:00+00:00,-25.211021
2019-03-12 01:24:00+00:00,-21.521275
2019-03-12 01:25:00+00:00,-17.686224
2019-03-12 01:26:00+00:00,-16.557253
2019-03-12 01:27:00+00:00,-16.991867
2019-03-12 01:28:00+00:00,-16.573904
2019-03-12 01:29:00+00:00,-17.264269
2019-03-12 01:30:00+00:00,-17.311907
2019-03-12 01:31:00+00:00,-15.06188
2019-03-12 01:32:00+00:00,-16.146086
2019-03-12 01:33:00+00:00,-17.111576
2019-03-12 01:34:00+00:00,-16.016768
2019-03-12 01:35:00+00:00,-15.995629
2019-03-12 01:36:00+00:00,-15.497199
2019-03-12 01:37:00+00:00,-16.373617
2019-03-12 01:38:00+00:00,-15.715313
2019-03-12 01:39:00+00:00,-15.832644
2019-03-12 01:40:00+00:00,-15.048067
2019-03-12 01:41:00+00:00,-15.159243
2019-03-12 01:42:00+00:00,-14.759137
2019-03-12 01:43:00+00:00,-11.737833
2019-03-12 01:44:00+00:00,-11.856377
2019-03-12 01:45:00+00:00,-12.973244
2019-03-12 01:46:00+00:00,-14.088609
2019-03-12 01:47:00+00:00,-13.666771
2019-03-12 01:48:00+00:00,-14.654469
2019-03-12 01:49:00+00:00,-13.177562
2019-03-12 01:50:00+00:00,-15.574153
2019-03-12 01:51:00+00:00,-15.916295
2019-03-12 01:52:00+00:00,-17.817863
2019-03-12 01:53:00+00:00,-19.127115
2019-03-12 01:54:00+00:00,-18.958086
2019-03-12 01:55:00+00:00,-14.742643
2019-03-12 01:56:00+00:00,-15.182604
2019-03-12 01:57:00+00:00,-19.824268
2019-03-12 01:58:00+00:00,-15.923623
2019-03-12 01:59:00+00:00,-18.227322
2019-03-12 02:00:00+00:00,-15.762627
2019-03-12 02:01:00+00:00,-13.638709
2019-03-12 02:02:00+00:00,-16.66432
2019-03-12 02:03:00+00:00,-19.631918
2019-03-12 02:04:00+00:00,-18.596813
2019-03-12 02:05:00+00:00,-20.87184
2019-03-12 02:06:00+00:00,-23.289793
2019-03-12 02:07:00+00:00,-25.9137
2019-03-12 02:08:00+00:00,-29.609297
2019-03-12 02:09:00+00:00,-34.597797
2019-03-12 02:10:00+00:00,-38.78693
2019-03-12 02:11:00+00:00,-42.656685
2019-03-12 02:12:00+00:00,-45.223206
2019-03-12 02:13:00+00:00,-45.735302
2019-03-12 02:14:00+00:00,-49.629864
2019-03-12 02:15:00+00:00,-50.060909
2019-03-12 02:16:00+00:00,-49.421329
2019-03-12 02:17:00+00:00,-48.080021
2019-03-12 02:18:00+00:00,-48.66328
2019-03-12 02:19:00+00:00,-47.787067
2019-03-12 02:20:00+00:00,-47.208542
2019-03-12 02:21:00+00:00,-46.219444
2019-03-12 02:22:00+00:00,-43.309704
2019-03-12 02:23:00+00:00,-41.276852
2019-03-12 02:24:00+00:00,-40.559128
2019-03-12 02:25:00+00:00,-38.736916
2019-03-12 02:26:00+00:00,-37.519951
2019-03-12 02:27:00+00:00,-34.178055
2019-03-12 02:28:00+00:00,-33.198318
2019-03-12 02:29:00+00:00,-31.249964
2019-03-12 02:30:00+00:00,-29.517365
2019-03-12 02:31:00+00:00,-28.809246
2019-03-12 02:32:00+00:00,-27.766867
2019-03-12 02:33:00+00:00,-27.210741
2019-03-12 02:34:00+00:00,-26.215843
2019-03-12 02:35:00+00:00,-25.947405
2019-03-12 02:36:00+00:00,-26.373964
2019-03-12 02:37:00+00:00,-26.045906
2019-03-12 02:38:00+00:00,-25.936455
2019-03-12 02:39:00+00:00,-24.450745
2019-03-12 02:40:00+00:00,-26.879284
2019-03-12 02:41:00+00:00,-29.194138
2019-03-12 02:42:00+00:00,-31.654642
2019-03-12 02:43:00+00:00,-31.574711
2019-03-12 02:44:00+00:00,-28.838671
2019-03-12 02:45:00+00:00,-27.657909
2019-03-12 02:46:00+00:00,-25.898407
2019-03-12 02:47:00+00:00,-25.296415
2019-03-19 00:00:00+00:00,-21.769737
2019-03-19 00:01:00+00:00,-22.237148
2019-03-19 00:02:00+00:00,-39.867817
2019-03-19 00:03:00+00:00,-66.421417
2019-03-19 00:04:00+00:00,-79.552307
2019-03-19 00:05:00+00:00,-78.821747
2019-03-19 00:06:00+00:00,-73.780563
2019-03-19 00:07:00+00:00,-78.084976
2019-03-19 00:08:00+00:00,-59.630535
2019-03-19 00:09:00+00:00,-41.469719
2019-03-19 00:10:00+00:00,-48.860394
2019-03-19 00:11:00+00:00,-58.974392
2019-03-19 00:12:00+00:00,-52.624249
2019-03-19 00:13:00+00:00,-57.158367
2019-03-19 00:14:00+00:00,-48.734993
2019-03-19 00:15:00+00:00,-38.926346
2019-03-19 00:16:00+00:00,-40.725594
2019-03-19 00:17:00+00:00,-31.724365
2019-03-19 00:18:00+00:00,-28.597479
2019-03-19 00:19:00+00:00,-23.998236
2019-03-19 00:20:00+00:00,-20.367176
2019-03-19 00:21:00+00:00,-18.796726
2019-03-19 00:22:00+00:00,-18.532665
2019-03-19 00:23:00+00:00,-18.241344
2019-03-19 00:24:00+00:00,-18.445854
2019-03-19 00:25:00+00:00,-18.347477
2019-03-19 00:26:00+00:00,-17.867065
2019-03-19 00:27:00+00:00,-17.608166
2019-03-19 00:28:00+00:00,-17.147715
2019-03-19 00:29:00+00:00,-16.787514
2019-03-19 00:30:00+00:00,-16.357599
2019-03-19 00:31:00+00:00,-15.285742
2019-03-19 00:32:00+00:00,-14.955812
2019-03-19 00:33:00+00:00,-15.239196
2019-03-19 00:34:00+00:00,-15.757744
2019-03-19 00:35:00+00:00,-15.702145
2019-03-19 00:36:00+00:00,-16.24136
2019-03-19 00:37:00+00:00,-16.348408
2019-03-19 00:38:00+00:00,-17.174755
2019-03-19 00:39:00+00:00,-17.1418
2019-03-19 00:40:00+00:00,-17.143026
2019-03-19 00:41:00+00:00,-17.065186
2019-03-19 00:42:00+00:00,-17.187428
2019-03-19 00:43:00+00:00,-17.045275
2019-03-19 00:44:00+00:00,-16.38274
2019-03-19 00:45:00+00:00,-16.836571
2019-03-19 00:46:00+00:00,-16.082966
2019-03-19 00:47:00+00:00,-17.028769
2019-03-19 00:48:00+00:00,-16.974915
2019-03-19 00:49:00+00:00,-17.918705
2019-03-19 00:50:00+00:00,-17.86565
2019-03-19 00:51:00+00:00,-17.811094
2019-03-19 00:52:00+00:00,-17.757023
2019-03-19 00:53:00+00:00,-17.154297
2019-03-19 00:54:00+00:00,-17.217318
2019-03-19 00:55:00+00:00,-17.396034
2019-03-19 00:56:00+00:00,-18.209026
2019-03-19 00:57:00+00:00,-21.199774
2019-03-19 00:58:00+00:00,-17.045284
2019-03-19 00:59:00+00:00,-19.082111
2019-03-19 01:00:00+00:00,-27.20348
2019-03-19 01:01:00+00:00,-32.630066
2019-03-19 01:02:00+00:00,-26.529015
2019-03-19 01:03:00+00:00,-25.294952
2019-03-19 01:04:00+00:00,-24.895809
2019-03-19 01:05:00+00:00,-25.215887
2019-03-19 01:06:00+00:00,-24.781691
2019-03-19 01:07:00+00:00,-22.413477
2019-03-19 01:08:00+00:00,-18.54014
2019-03-19 01:09:00+00:00,-19.945549
2019-03-19 01:10:00+00:00,-22.954409
2019-03-19 01:11:00+00:00,-18.858013
2019-03-19 01:12:00+00:00,-20.813343
2019-03-19 01:13:00+00:00,-22.769775
2019-03-19 01:14:00+00:00,-22.728653
2019-03-19 01:15:00+00:00,-22.688042
2019-03-19 01:16:00+00:00,-20.647366
2019-03-19 01:17:00+00:00,-19.605869
2019-03-19 01:18:00+00:00,-19.568832
2019-03-19 01:19:00+00:00,-21.52985
2019-03-19 01:20:00+00:00,-20.49202
2019-03-19 01:21:00+00:00,-20.456741
2019-03-19 01:22:00+00:00,-20.416214
2019-03-19 01:23:00+00:00,-19.379696
2019-03-19 01:24:00+00:00,-18.669477
2019-03-19 01:25:00+00:00,-18.720114
2019-03-19 01:26:00+00:00,-19.273705
2019-03-19 01:27:00+00:00,-20.23794
2019-03-19 01:28:00+00:00,-19.363235
2019-03-19 01:29:00+00:00,-19.175379
2019-03-19 01:30:00+00:00,-20.874399
2019-03-19 01:31:00+00:00,-21.316664
2019-03-19 01:32:00+00:00,-20.827539
2019-03-19 01:33:00+00:00,-22.454794
2019-03-19 01:34:00+00:00,-24.525381
2019-03-19 01:35:00+00:00,-23.936445
2019-03-19 01:36:00+00:00,-24.865557
2019-03-19 01:37:00+00:00,-23.328434
2019-03-19 01:38:00+00:00,-23.495708
2019-03-19 01:39:00+00:00,-24.401407
2019-03-19 01:40:00+00:00,-25.592152
2019-03-19 01:41:00+00:00,-34.317619
2019-03-19 01:42:00+00:00,-34.190742
2019-03-19 01:43:00+00:00,-43.105244
2019-03-19 01:44:00+00:00,-49.996723
2019-03-19 01:45:00+00:00,-42.230446
2019-03-19 01:46:00+00:00,-43.813255
2019-03-19 01:47:00+00:00,-41.217873
2019-03-19 01:48:00+00:00,-44.676739
2019-03-19 01:49:00+00:00,-48.587303
2019-03-19 01:50:00+00:00,-44.34127
2019-03-19 01:51:00+00:00,-41.19841
2019-03-19 01:52:00+00:00,-42.374561
2019-03-19 01:53:00+00:00,-42.423412
2019-03-19 01:54:00+00:00,-52.887104
2019-03-19 01:55:00+00:00,-59.070396
2019-03-19 01:56:00+00:00,-58.087776
2019-03-19 01:57:00+00:00,-61.452187
2019-03-19 01:58:00+00:00,-61.649067
2019-03-19 01:59:00+00:00,-67.078308
2019-03-19 02:00:00+00:00,-80.79055
2019-03-19 02:01:00+00:00,-83.709496
2019-03-19 02:02:00+00:00,-90.867844
2019-03-19 02:03:00+00:00,-80.211807
2019-03-19 02:04:00+00:00,-79.181694
2019-03-19 02:05:00+00:00,-74.578522
2019-03-19 02:06:00+00:00,-72.880699
2019-03-19 02:07:00+00:00,-76.36068
2019-03-19 02:08:00+00:00,-70.577858
2019-03-19 02:09:00+00:00,-67.927124
2019-03-19 02:10:00+00:00,-60.379005
2019-03-19 02:11:00+00:00,-51.025303
2019-03-19 02:12:00+00:00,-56.709885
2019-03-19 02:13:00+00:00,-56.133209
2019-03-19 02:14:00+00:00,-54.485008
2019-03-19 02:15:00+00:00,-56.603222
2019-03-19 02:16:00+00:00,-54.06876
2019-03-19 02:17:00+00:00,-50.426933
2019-03-19 02:18:00+00:00,-43.38855
2019-03-19 02:19:00+00:00,-41.210781
2019-03-19 02:20:00+00:00,-41.48634
2019-03-19 02:21:00+00:00,-42.345428
2019-03-19 02:22:00+00:00,-39.811039
2019-03-19 02:23:00+00:00,-40.051991
2019-03-19 02:24:00+00:00,-42.846012
2019-03-19 02:25:00+00:00,-47.188084
2019-03-19 02:26:00+00:00,-42.302853
2019-03-19 02:27:00+00:00,-46.669693
2019-03-19 02:28:00+00:00,-46.818657
2019-03-19 02:29:00+00:00,-45.213993
2019-03-19 02:30:00+00:00,-51.163765
2019-03-19 02:31:00+00:00,-49.27211
2019-03-19 02:32:00+00:00,-64.120804
2019-03-19 02:33:00+00:00,-145.265182
2019-03-19 02:34:00+00:00,-219.296509
2019-03-19 02:35:00+00:00,-225.729568
2019-03-19 02:36:00+00:00,-184.212845
2019-03-19 02:37:00+00:00,-189.405396
2019-03-19 02:38:00+00:00,-200.167114
2019-03-19 02:39:00+00:00,-183.705246
2019-03-19 02:40:00+00:00,-182.571945
2019-03-19 02:41:00+00:00,-175.013824
2019-03-19 02:42:00+00:00,-164.362289
2019-03-19 02:43:00+00:00,-183.194
2019-03-19 02:44:00+00:00,-185.644089
2019-03-19 02:45:00+00:00,-124.018188
2019-03-19 02:46:00+00:00,-181.215866
2019-03-19 02:47:00+00:00,-175.764923
2019-03-26 00:00:00+00:00,-26.810398
2019-03-26 00:01:00+00:00,-27.766617
2019-03-26 00:02:00+00:00,-27.724716
2019-03-26 00:03:00+00:00,-29.625647
2019-03-26 00:04:00+00:00,-30.228411
2019-03-26 00:05:00+00:00,-28.268579
2019-03-26 00:06:00+00:00,-23.860693
2019-03-26 00:07:00+00:00,-19.289864
2019-03-26 00:08:00+00:00,-18.464954
2019-03-26 00:09:00+00:00,-19.418957
2019-03-26 00:10:00+00:00,-18.682953
2019-03-26 00:11:00+00:00,-19.719341
2019-03-26 00:12:00+00:00,-30.350088
2019-03-26 00:13:00+00:00,-44.725948
2019-03-26 00:14:00+00:00,-53.898575
2019-03-26 00:15:00+00:00,-87.25956
2019-03-26 00:16:00+00:00,-78.806656
2019-03-26 00:17:00+00:00,-51.672268
2019-03-26 00:18:00+00:00,-38.261379
2019-03-26 00:19:00+00:00,-38.857849
2019-03-26 00:20:00+00:00,-33.873363
2019-03-26 00:21:00+00:00,-35.999157
2019-03-26 00:22:00+00:00,-27.776999
2019-03-26 00:23:00+00:00,-25.063
2019-03-26 00:24:00+00:00,-47.000996
2019-03-26 00:25:00+00:00,-54.457058
2019-03-26 00:26:00+00:00,-52.056469
2019-03-26 00:27:00+00:00,-61.377026
2019-03-26 00:28:00+00:00,-62.372482
2019-03-26 00:29:00+00:00,-57.43119
2019-03-26 00:30:00+00:00,-47.933018
2019-03-26 00:31:00+00:00,-42.387627
2019-03-26 00:32:00+00:00,-35.439442
2019-03-26 00:33:00+00:00,-38.748241
2019-03-26 00:34:00+00:00,-45.31171
2019-03-26 00:35:00+00:00,-51.604095
2019-03-26 00:36:00+00:00,-54.197296
2019-03-26 00:37:00+00:00,-46.549278
2019-03-26 00:38:00+00:00,-43.479992
2019-03-26 00:39:00+00:00,-42.860649
2019-03-26 00:40:00+00:00,-47.601536
2019-03-26 00:41:00+00:00,-57.695793
2019-03-26 00:42:00+00:00,-62.096634
2019-03-26 00:43:00+00:00,-73.147415
2019-03-26 00:44:00+00:00,-79.794144
2019-03-26 00:45:00+00:00,-95.394646
2019-03-26 00:46:00+00:00,-115.742485
2019-03-26 00:47:00+00:00,-127.245544
2019-03-26 00:48:00+00:00,-119.686638
2019-03-26 00:49:00+00:00,-99.514572
2019-03-26 00:50:00+00:00,-82.702011
2019-03-26 00:51:00+00:00,-80.847893
2019-03-26 00:52:00+00:00,-95.534081
2019-03-26 00:53:00+00:00,-99.854706
2019-03-26 00:54:00+00:00,-87.539673
2019-03-26 00:55:00+00:00,-92.233398
2019-03-26 00:56:00+00:00,-92.20372
2019-03-26 00:57:00+00:00,-94.044853
2019-03-26 00:58:00+00:00,-90.12973
2019-03-26 00:59:00+00:00,-85.074455
2019-03-26 01:00:00+00:00,-86.83078
2019-03-26 01:01:00+00:00,-87.490486
2019-03-26 01:02:00+00:00,-88.550751
2019-03-26 01:03:00+00:00,-88.302521
2019-03-26 01:04:00+00:00,-83.707657
2019-03-26 01:05:00+00:00,-79.609055
2019-03-26 01:06:00+00:00,-78.20195
2019-03-26 01:07:00+00:00,-77.426781
2019-03-26 01:08:00+00:00,-77.345016
2019-03-26 01:09:00+00:00,-85.903831
2019-03-26 01:10:00+00:00,-91.817329
2019-03-26 01:11:00+00:00,-86.902145
2019-03-26 01:12:00+00:00,-88.573685
2019-03-26 01:13:00+00:00,-85.082375
2019-03-26 01:14:00+00:00,-88.608643
2019-03-26 01:15:00+00:00,-89.944572
2019-03-26 01:16:00+00:00,-90.683876
2019-03-26 01:17:00+00:00,-88.9692
2019-03-26 01:18:00+00:00,-85.095436
2019-03-26 01:19:00+00:00,-83.272491
2019-03-26 01:20:00+00:00,-86.779755
2019-03-26 01:21:00+00:00,-90.555649
2019-03-26 01:22:00+00:00,-94.395103
2019-03-26 01:23:00+00:00,-89.915276
2019-03-26 01:24:00+00:00,-80.290039
2019-03-26 01:25:00+00:00,-82.69223
2019-03-26 01:26:00+00:00,-88.09938
2019-03-26 01:27:00+00:00,-94.942131
2019-03-26 01:28:00+00:00,-95.954895
2019-03-26 01:29:00+00:00,-98.369102
2019-03-26 01:30:00+00:00,-102.241394
2019-03-26 01:31:00+00:00,-102.770012
2019-03-26 01:32:00+00:00,-102.347618
2019-03-26 01:33:00+00:00,-98.282776
2019-03-26 01:34:00+00:00,-87.989525
2019-03-26 01:35:00+00:00,-81.815552
2019-03-26 01:36:00+00:00,-79.75399
2019-03-26 01:37:00+00:00,-74.934723
2019-03-26 01:38:00+00:00,-67.612381
2019-03-26 01:39:00+00:00,-68.563622
2019-03-26 01:40:00+00:00,-67.050728
2019-03-26 01:41:00+00:00,-69.994522
2019-03-26 01:42:00+00:00,-73.273346
2019-03-26 01:43:00+00:00,-72.811035
2019-03-26 01:44:00+00:00,-72.059731
2019-03-26 01:45:00+00:00,-73.094612
2019-03-26 01:46:00+00:00,-69.049469
2019-03-26 01:47:00+00:00,-64.381332
2019-03-26 01:48:00+00:00,-64.218109
2019-03-26 01:49:00+00:00,-63.093899
2019-03-26 01:50:00+00:00,-61.050613
2019-03-26 01:51:00+00:00,-62.068497
2019-03-26 01:52:00+00:00,-62.587029
2019-03-26 01:53:00+00:00,-65.90892
2019-03-26 01:54:00+00:00,-70.861481
2019-03-26 01:55:00+00:00,-68.816452
2019-03-26 01:56:00+00:00,-64.773849
2019-03-26 01:57:00+00:00,-65.661194
2019-03-26 01:58:00+00:00,-65.845718
2019-03-26 01:59:00+00:00,-60.621052
2019-03-26 02:00:00+00:00,-55.609821
2019-03-26 02:01:00+00:00,-55.56913
2019-03-26 02:02:00+00:00,-52.693836
2019-03-26 02:03:00+00:00,-54.952801
2019-03-26 02:04:00+00:00,-47.523331
2019-03-26 02:05:00+00:00,-50.703152
2019-03-26 02:06:00+00:00,-52.951374
2019-03-26 02:07:00+00:00,-56.528736
2019-03-26 02:08:00+00:00,-52.983089
2019-03-26 02:09:00+00:00,-61.262974
2019-03-26 02:10:00+00:00,-62.232231
2019-03-26 02:11:00+00:00,-63.199944
2019-03-26 02:12:00+00:00,-63.165581
2019-03-26 02:13:00+00:00,-63.128254
2019-03-26 02:14:00+00:00,-59.089386
2019-03-26 02:15:00+00:00,-60.048981
2019-03-26 02:16:00+00:00,-55.014355
2019-03-26 02:17:00+00:00,-44.978699
2019-03-26 02:18:00+00:00,-47.943474
2019-03-26 02:19:00+00:00,-50.910149
2019-03-26 02:20:00+00:00,-58.87188
2019-03-26 02:21:00+00:00,-61.841858
2019-03-26 02:22:00+00:00,-60.49474
2019-03-26 02:23:00+00:00,-81.912369
2019-03-26 02:24:00+00:00,-77.971954
2019-03-26 02:25:00+00:00,-69.615829
2019-03-26 02:26:00+00:00,-66.797112
2019-03-26 02:27:00+00:00,-74.419022
2019-03-26 02:28:00+00:00,-94.689728
2019-03-26 02:29:00+00:00,-114.023209
2019-03-26 02:30:00+00:00,-103.729027
2019-03-26 02:31:00+00:00,-100.323502
2019-03-26 02:32:00+00:00,-139.643707
2019-03-26 02:33:00+00:00,-130.411224
2019-03-26 02:34:00+00:00,-112.242149
2019-03-26 02:35:00+00:00,-111.983513
2019-03-26 02:36:00+00:00,-150.768982
2019-03-26 02:37:00+00:00,-146.573212
2019-03-26 02:38:00+00:00,-123.65065
2019-03-26 02:39:00+00:00,-145.956238
2019-03-26 02:40:00+00:00,-138.841141
2019-03-26 02:41:00+00:00,-108.146126
2019-03-26 02:42:00+00:00,-100.400253
2019-03-26 02:43:00+00:00,-76.681114
2019-03-26 02:44:00+00:00,-70.24041
2019-03-26 02:45:00+00:00,-71.627922
2019-03-26 02:46:00+00:00,-84.965462
2019-03-26 02:47:00+00:00,-77.686096
2019-04-02 00:00:00+00:00,-34.311493
2019-04-02 00:01:00+00:00,-35.271328
2019-04-02 00:02:00+00:00,-35.4562
2019-04-02 00:03:00+00:00,-34.753654
2019-04-02 00:04:00+00:00,-34.321205
2019-04-02 00:05:00+00:00,-34.067081
2019-04-02 00:06:00+00:00,-34.62434
2019-04-02 00:07:00+00:00,-34.640289
2019-04-02 00:08:00+00:00,-32.926891
2019-04-02 00:09:00+00:00,-32.071754
2019-04-02 00:10:00+00:00,-31.137772
2019-04-02 00:11:00+00:00,-29.768356
2019-04-02 00:12:00+00:00,-29.276567
2019-04-02 00:13:00+00:00,-29.567141
2019-04-02 00:14:00+00:00,-31.115211
2019-04-02 00:15:00+00:00,-32.279804
2019-04-02 00:16:00+00:00,-33.63348
2019-04-02 00:17:00+00:00,-34.678795
2019-04-02 00:18:00+00:00,-35.520103
2019-04-02 00:19:00+00:00,-36.351444
2019-04-02 00:20:00+00:00,-36.886852
2019-04-02 00:21:00+00:00,-36.425831
2019-04-02 00:22:00+00:00,-35.450653
2019-04-02 00:23:00+00:00,-34.679817
2019-04-02 00:24:00+00:00,-34.517708
2019-04-02 00:25:00+00:00,-34.76387
2019-04-02 00:26:00+00:00,-35.282417
2019-04-02 00:27:00+00:00,-35.642422
2019-04-02 00:28:00+00:00,-35.949448
2019-04-02 00:29:00+00:00,-36.008896
2019-04-02 00:30:00+00:00,-35.672047
2019-04-02 00:31:00+00:00,-35.711311
2019-04-02 00:32:00+00:00,-35.778435
2019-04-02 00:33:00+00:00,-35.584152
2019-04-02 00:34:00+00:00,-35.580395
2019-04-02 00:35:00+00:00,-36.022869
2019-04-02 00:36:00+00:00,-36.163288
2019-04-02 00:37:00+00:00,-35.71434
2019-04-02 00:38:00+00:00,-35.227654
2019-04-02 00:39:00+00:00,-34.973396
2019-04-02 00:40:00+00:00,-34.828381
2019-04-02 00:41:00+00:00,-34.684978
2019-04-02 00:42:00+00:00,-34.233536
2019-04-02 00:43:00+00:00,-34.080063
2019-04-02 00:44:00+00:00,-34.345566
2019-04-02 00:45:00+00:00,-34.533859
2019-04-02 00:46:00+00:00,-34.852516
2019-04-02 00:47:00+00:00,-34.761414
2019-04-02 00:48:00+00:00,-34.113861
2019-04-02 00:49:00+00:00,-33.134331
2019-04-02 00:50:00+00:00,-32.720917
2019-04-02 00:51:00+00:00,-32.602978
2019-04-02 00:52:00+00:00,-32.594772
2019-04-02 00:53:00+00:00,-32.502705
2019-04-02 00:54:00+00:00,-31.932074
2019-04-02 00:55:00+00:00,-31.430523
2019-04-02 00:56:00+00:00,-31.137501
2019-04-02 00:57:00+00:00,-31.495991
2019-04-02 00:58:00+00:00,-32.159416
2019-04-02 00:59:00+00:00,-32.180168
2019-04-02 01:00:00+00:00,-31.592896
2019-04-02 01:01:00+00:00,-30.398611
2019-04-02 01:02:00+00:00,-29.059378
2019-04-02 01:03:00+00:00,-27.661026
2019-04-02 01:04:00+00:00,-28.068336
2019-04-02 01:05:00+00:00,-26.621721
2019-04-02 01:06:00+00:00,-26.177185
2019-04-02 01:07:00+00:00,-25.763916
2019-04-02 01:08:00+00:00,-25.375547
2019-04-02 01:09:00+00:00,-23.902401
2019-04-02 01:10:00+00:00,-22.381094
2019-04-02 01:11:00+00:00,-21.157223
2019-04-02 01:12:00+00:00,-20.599335
2019-04-02 01:13:00+00:00,-23.87533
2019-04-02 01:14:00+00:00,-25.816271
2019-04-02 01:15:00+00:00,-21.787495
2019-04-02 01:16:00+00:00,-22.536423
2019-04-02 01:17:00+00:00,-22.827255
2019-04-02 01:18:00+00:00,-22.65988
2019-04-02 01:19:00+00:00,-22.244438
2019-04-02 01:20:00+00:00,-22.268688
2019-04-02 01:21:00+00:00,-22.485771
2019-04-02 01:22:00+00:00,-24.246384
2019-04-02 01:23:00+00:00,-24.01442
2019-04-02 01:24:00+00:00,-25.040237
2019-04-02 01:25:00+00:00,-25.099766
2019-04-02 01:26:00+00:00,-24.34922
2019-04-02 01:27:00+00:00,-23.995007
2019-04-02 01:28:00+00:00,-24.76383
2019-04-02 01:29:00+00:00,-27.605297
2019-04-02 01:30:00+00:00,-30.320427
2019-04-02 01:31:00+00:00,-31.40168
2019-04-02 01:32:00+00:00,-32.465508
2019-04-02 01:33:00+00:00,-33.475834
2019-04-02 01:34:00+00:00,-34.288284
2019-04-02 01:35:00+00:00,-35.001293
2019-04-02 01:36:00+00:00,-36.701973
2019-04-02 01:37:00+00:00,-37.379635
2019-04-02 01:38:00+00:00,-37.279408
2019-04-02 01:39:00+00:00,-35.329124
2019-04-02 01:40:00+00:00,-34.479568
2019-04-02 01:41:00+00:00,-34.461479
2019-04-02 01:42:00+00:00,-34.216652
2019-04-02 01:43:00+00:00,-31.71508
2019-04-02 01:44:00+00:00,-31.405388
2019-04-02 01:45:00+00:00,-32.519257
2019-04-02 01:46:00+00:00,-32.314987
2019-04-02 01:47:00+00:00,-30.919804
2019-04-02 01:48:00+00:00,-29.171606
2019-04-02 01:49:00+00:00,-27.145683
2019-04-02 01:50:00+00:00,-25.863314
2019-04-02 01:51:00+00:00,-23.238693
2019-04-02 01:52:00+00:00,-22.728857
2019-04-02 01:53:00+00:00,-23.490986
2019-04-02 01:54:00+00:00,-23.744886
2019-04-02 01:55:00+00:00,-23.313786
2019-04-02 01:56:00+00:00,-25.379337
2019-04-02 01:57:00+00:00,-26.916933
2019-04-02 01:58:00+00:00,-26.62225
2019-04-02 01:59:00+00:00,-25.522476
2019-04-02 02:00:00+00:00,-24.793104
2019-04-02 02:01:00+00:00,-23.928267
2019-04-02 02:02:00+00:00,-23.007311
2019-04-02 02:03:00+00:00,-23.24128
2019-04-02 02:04:00+00:00,-22.979404
2019-04-02 02:05:00+00:00,-23.652412
2019-04-02 02:06:00+00:00,-23.806849
2019-04-02 02:07:00+00:00,-22.77973
2019-04-02 02:08:00+00:00,-23.008007
2019-04-02 02:09:00+00:00,-21.343655
2019-04-02 02:10:00+00:00,-21.413113
2019-04-02 02:11:00+00:00,-21.522156
2019-04-02 02:12:00+00:00,-21.836102
2019-04-02 02:13:00+00:00,-21.398628
2019-04-02 02:14:00+00:00,-23.144619
2019-04-02 02:15:00+00:00,-25.451221
2019-04-02 02:16:00+00:00,-26.506821
2019-04-02 02:17:00+00:00,-27.001093
2019-04-02 02:18:00+00:00,-27.011295
2019-04-02 02:19:00+00:00,-27.167404
2019-04-02 02:20:00+00:00,-27.512505
2019-04-02 02:21:00+00:00,-27.815266
2019-04-02 02:22:00+00:00,-27.920525
2019-04-02 02:23:00+00:00,-28.176935
2019-04-02 02:24:00+00:00,-28.662888
2019-04-02 02:25:00+00:00,-29.121582
2019-04-02 02:26:00+00:00,-29.043365
2019-04-02 02:27:00+00:00,-28.967274
2019-04-02 02:28:00+00:00,-29.756954
2019-04-02 02:29:00+00:00,-30.899693
2019-04-02 02:30:00+00:00,-31.854439
2019-04-02 02:31:00+00:00,-32.53746
2019-04-02 02:32:00+00:00,-32.78067
2019-04-02 02:33:00+00:00,-33.106644
2019-04-02 02:34:00+00:00,-32.587471
2019-04-02 02:35:00+00:00,-32.282387
2019-04-02 02:36:00+00:00,-32.387543
2019-04-02 02:37:00+00:00,-32.606171
2019-04-02 02:38:00+00:00,-32.593269
2019-04-02 02:39:00+00:00,-32.265713
2019-04-02 02:40:00+00:00,-32.199417
2019-04-02 02:41:00+00:00,-32.346642
2019-04-02 02:42:00+00:00,-32.59668
2019-04-02 02:43:00+00:00,-33.096066
2019-04-02 02:44:00+00:00,-33.4216
2019-04-02 02:45:00+00:00,-34.582664
2019-04-02 02:46:00+00:00,-36.933876
2019-04-02 02:47:00+00:00,-37.973877
2019-04-09 00:00:00+00:00,-166.165009
2019-04-09 00:01:00+00:00,-157.777283
2019-04-09 00:02:00+00:00,-151.089401
2019-04-09 00:03:00+00:00,-145.422867
2019-04-09 00:04:00+00:00,-143.791168
2019-04-09 00:05:00+00:00,-141.486435
2019-04-09 00:06:00+00:00,-148.853012
2019-04-09 00:07:00+00:00,-151.768036
2019-04-09 00:08:00+00:00,-146.859055
2019-04-09 00:09:00+00:00,-145.14711
2019-04-09 00:10:00+00:00,-148.803513
2019-04-09 00:11:00+00:00,-150.803085
2019-04-09 00:12:00+00:00,-151.611771
2019-04-09 00:13:00+00:00,-153.383286
2019-04-09 00:14:00+00:00,-151.367661
2019-04-09 00:15:00+00:00,-142.500198
2019-04-09 00:16:00+00:00,-140.846161
2019-04-09 00:17:00+00:00,-140.804306
2019-04-09 00:18:00+00:00,-139.446762
2019-04-09 00:19:00+00:00,-137.496826
2019-04-09 00:20:00+00:00,-137.023163
2019-04-09 00:21:00+00:00,-140.00293
2019-04-09 00:22:00+00:00,-137.365021
2019-04-09 00:23:00+00:00,-140.35524
2019-04-09 00:24:00+00:00,-140.617325
2019-04-09 00:25:00+00:00,-141.7164
2019-04-09 00:26:00+00:00,-142.417328
2019-04-09 00:27:00+00:00,-143.56337
2019-04-09 00:28:00+00:00,-142.8591
2019-04-09 00:29:00+00:00,-141.752335
2019-04-09 00:30:00+00:00,-152.385956
2019-04-09 00:31:00+00:00,-167.846008
2019-04-09 00:32:00+00:00,-169.678116
2019-04-09 00:33:00+00:00,-166.2491
2019-04-09 00:34:00+00:00,-168.746719
2019-04-09 00:35:00+00:00,-178.445496
2019-04-09 00:36:00+00:00,-174.51265
2019-04-09 00:37:00+00:00,-168.272858
2019-04-09 00:38:00+00:00,-176.962891
2019-04-09 00:39:00+00:00,-185.261444
2019-04-09 00:40:00+00:00,-182.223648
2019-04-09 00:41:00+00:00,-177.121857
2019-04-09 00:42:00+00:00,-180.352737
2019-04-09 00:43:00+00:00,-183.76329
2019-04-09 00:44:00+00:00,-187.769684
2019-04-09 00:45:00+00:00,-186.100586
2019-04-09 00:46:00+00:00,-175.99559
2019-04-09 00:47:00+00:00,-179.463654
2019-04-09 00:48:00+00:00,-184.905029
2019-04-09 00:49:00+00:00,-187.384338
2019-04-09 00:50:00+00:00,-183.174393
2019-04-09 00:51:00+00:00,-173.986267
2019-04-09 00:52:00+00:00,-172.627838
2019-04-09 00:53:00+00:00,-180.18129
2019-04-09 00:54:00+00:00,-173.193268
2019-04-09 00:55:00+00:00,-172.897339
2019-04-09 00:56:00+00:00,-177.76091
2019-04-09 00:57:00+00:00,-170.299927
2019-04-09 00:58:00+00:00,-159.897385
2019-04-09 00:59:00+00:00,-160.794632
2019-04-09 01:00:00+00:00,-161.505081
2019-04-09 01:01:00+00:00,-157.981476
2019-04-09 01:02:00+00:00,-166.149368
2019-04-09 01:03:00+00:00,-166.148773
2019-04-09 01:04:00+00:00,-166.370773
2019-04-09 01:05:00+00:00,-163.480103
2019-04-09 01:06:00+00:00,-166.216522
2019-04-09 01:07:00+00:00,-176.068161
2019-04-09 01:08:00+00:00,-182.933441
2019-04-09 01:09:00+00:00,-190.380569
2019-04-09 01:10:00+00:00,-198.425323
2019-04-09 01:11:00+00:00,-212.253937
2019-04-09 01:12:00+00:00,-222.219101
2019-04-09 01:13:00+00:00,-225.015015
2019-04-09 01:14:00+00:00,-216.292221
2019-04-09 01:15:00+00:00,-201.632828
2019-04-09 01:16:00+00:00,-182.945969
2019-04-09 01:17:00+00:00,-168.419266
2019-04-09 01:18:00+00:00,-153.700439
2019-04-09 01:19:00+00:00,-153.08847
2019-04-09 01:20:00+00:00,-156.364136
2019-04-09 01:21:00+00:00,-159.710953
2019-04-09 01:22:00+00:00,-164.904099
2019-04-09 01:23:00+00:00,-165.867004
2019-04-09 01:24:00+00:00,-151.694595
2019-04-09 01:25:00+00:00,-135.798248
2019-04-09 01:26:00+00:00,-122.285866
2019-04-09 01:27:00+00:00,-117.654099
2019-04-09 01:28:00+00:00,-122.171989
2019-04-09 01:29:00+00:00,-126.734383
2019-04-09 01:30:00+00:00,-134.089798
2019-04-09 01:31:00+00:00,-131.966782
2019-04-09 01:32:00+00:00,-125.68602
2019-04-09 01:33:00+00:00,-113.099739
2019-04-09 01:34:00+00:00,-102.138039
2019-04-09 01:35:00+00:00,-107.975365
2019-04-09 01:36:00+00:00,-113.909149
2019-04-09 01:37:00+00:00,-113.653023
2019-04-09 01:38:00+00:00,-112.254692
2019-04-09 01:39:00+00:00,-111.406998
2019-04-09 01:40:00+00:00,-112.815964
2019-04-09 01:41:00+00:00,-111.808517
2019-04-09 01:42:00+00:00,-112.081329
2019-04-09 01:43:00+00:00,-116.830101
2019-04-09 01:44:00+00:00,-112.781998
2019-04-09 01:45:00+00:00,-105.020317
2019-04-09 01:46:00+00:00,-106.240753
2019-04-09 01:47:00+00:00,-109.216843
2019-04-09 01:48:00+00:00,-99.189667
2019-04-09 01:49:00+00:00,-97.741638
2019-04-09 01:50:00+00:00,-98.6707
2019-04-09 01:51:00+00:00,-105.163155
2019-04-09 01:52:00+00:00,-110.052223
2019-04-09 01:53:00+00:00,-132.190811
2019-04-09 01:54:00+00:00,-155.139221
2019-04-09 01:55:00+00:00,-153.656708
2019-04-09 01:56:00+00:00,-152.737289
2019-04-09 01:57:00+00:00,-153.65535
2019-04-09 01:58:00+00:00,-142.233688
2019-04-09 01:59:00+00:00,-149.41391
2019-04-09 02:00:00+00:00,-149.922943
2019-04-09 02:01:00+00:00,-173.820923
2019-04-09 02:02:00+00:00,-264.763672
2019-04-09 02:03:00+00:00,-413.017365
2019-04-09 02:04:00+00:00,-361.819458
2019-04-09 02:05:00+00:00,-377.390289
2019-04-09 02:06:00+00:00,-448.234558
2019-04-09 02:07:00+00:00,-458.642303
2019-04-09 02:08:00+00:00,-388.314301
2019-04-09 02:09:00+00:00,-433.716522
2019-04-09 02:10:00+00:00,-456.409821
2019-04-09 02:11:00+00:00,-495.802612
2019-04-09 02:12:00+00:00,-455.591614
2019-04-09 02:13:00+00:00,-488.872711
2019-04-09 02:14:00+00:00,-526.753174
2019-04-09 02:15:00+00:00,-516.708313
2019-04-09 02:16:00+00:00,-546.701294
2019-04-09 02:17:00+00:00,-550.668518
2019-04-09 02:18:00+00:00,-522.252502
2019-04-09 02:19:00+00:00,-484.07782
2019-04-09 02:20:00+00:00,-547.959961
2019-04-09 02:21:00+00:00,-595.987
2019-04-09 02:22:00+00:00,-535.089722
2019-04-09 02:23:00+00:00,-604.685852
2019-04-09 02:24:00+00:00,-510.093719
2019-04-09 02:25:00+00:00,-513.016846
2019-04-09 02:26:00+00:00,-494.536133
2019-04-09 02:27:00+00:00,-489.186249
2019-04-09 02:28:00+00:00,-388.045776
2019-04-09 02:29:00+00:00,-418.61673
2019-04-09 02:30:00+00:00,-513.44342
2019-04-09 02:31:00+00:00,-461.718964
2019-04-09 02:32:00+00:00,-511.278442
2019-04-09 02:33:00+00:00,-360.938232
2019-04-09 02:34:00+00:00,-340.004669
2019-04-09 02:35:00+00:00,-331.69281
2019-04-09 02:36:00+00:00,-325.049744
2019-04-09 02:37:00+00:00,-337.910919
2019-04-09 02:38:00+00:00,-341.018158
2019-04-09 02:39:00+00:00,-346.744873
2019-04-09 02:40:00+00:00,-341.039276
2019-04-09 02:41:00+00:00,-339.513794
2019-04-09 02:42:00+00:00,-330.435181
2019-04-09 02:43:00+00:00,-318.550568
2019-04-09 02:44:00+00:00,-306.342499
2019-04-09 02:45:00+00:00,-306.754669
2019-04-09 02:46:00+00:00,-323.681213
2019-04-09 02:47:00+00:00,-323.615906
2019-04-16 00:00:00+00:00,-56.823452
2019-04-16 00:01:00+00:00,-63.435806
2019-04-16 00:02:00+00:00,-71.429459
2019-04-16 00:03:00+00:00,-75.409294
2019-04-16 00:04:00+00:00,-87.39563
2019-04-16 00:05:00+00:00,-79.382027
2019-04-16 00:06:00+00:00,-70.368294
2019-04-16 00:07:00+00:00,-65.354424
2019-04-16 00:08:00+00:00,-54.342182
2019-04-16 00:09:00+00:00,-48.326115
2019-04-16 00:10:00+00:00,-57.312855
2019-04-16 00:11:00+00:00,-58.29829
2019-04-16 00:12:00+00:00,-55.282845
2019-04-16 00:13:00+00:00,-48.268265
2019-04-16 00:14:00+00:00,-48.253571
2019-04-16 00:15:00+00:00,-52.240509
2019-04-16 00:16:00+00:00,-58.224632
2019-04-16 00:17:00+00:00,-69.211578
2019-04-16 00:18:00+00:00,-65.199409
2019-04-16 00:19:00+00:00,-56.181061
2019-04-16 00:20:00+00:00,-61.784355
2019-04-16 00:21:00+00:00,-61.4104
2019-04-16 00:22:00+00:00,-61.717079
2019-04-16 00:23:00+00:00,-64.561195
2019-04-16 00:24:00+00:00,-66.461105
2019-04-16 00:25:00+00:00,-65.523247
2019-04-16 00:26:00+00:00,-67.278923
2019-04-16 00:27:00+00:00,-70.638275
2019-04-16 00:28:00+00:00,-75.449005
2019-04-16 00:29:00+00:00,-73.895721
2019-04-16 00:30:00+00:00,-71.833961
2019-04-16 00:31:00+00:00,-76.931534
2019-04-16 00:32:00+00:00,-77.004768
2019-04-16 00:33:00+00:00,-74.688423
2019-04-16 00:34:00+00:00,-74.795029
2019-04-16 00:35:00+00:00,-73.986603
2019-04-16 00:36:00+00:00,-71.226059
2019-04-16 00:37:00+00:00,-69.561249
2019-04-16 00:38:00+00:00,-69.650414
2019-04-16 00:39:00+00:00,-65.835243
2019-04-16 00:40:00+00:00,-63.863815
2019-04-16 00:41:00+00:00,-63.589691
2019-04-16 00:42:00+00:00,-63.005928
2019-04-16 00:43:00+00:00,-62.517838
2019-04-16 00:44:00+00:00,-58.48576
2019-04-16 00:45:00+00:00,-54.648987
2019-04-16 00:46:00+00:00,-52.438087
2019-04-16 00:47:00+00:00,-52.349186
2019-04-16 00:48:00+00:00,-51.818798
2019-04-16 00:49:00+00:00,-49.896759
2019-04-16 00:50:00+00:00,-46.841793
2019-04-16 00:51:00+00:00,-45.239883
2019-04-16 00:52:00+00:00,-42.518551
2019-04-16 00:53:00+00:00,-41.032478
2019-04-16 00:54:00+00:00,-43.686703
2019-04-16 00:55:00+00:00,-43.866749
2019-04-16 00:56:00+00:00,-45.953556
2019-04-16 00:57:00+00:00,-50.138794
2019-04-16 00:58:00+00:00,-51.211555
2019-04-16 00:59:00+00:00,-49.749943
2019-04-16 01:00:00+00:00,-48.521549
2019-04-16 01:01:00+00:00,-48.877792
2019-04-16 01:02:00+00:00,-48.940685
2019-04-16 01:03:00+00:00,-48.096981
2019-04-16 01:04:00+00:00,-48.225605
2019-04-16 01:05:00+00:00,-49.051208
2019-04-16 01:06:00+00:00,-49.764244
2019-04-16 01:07:00+00:00,-50.02393
2019-04-16 01:08:00+00:00,-49.233585
2019-04-16 01:09:00+00:00,-47.83567
2019-04-16 01:10:00+00:00,-45.898556
2019-04-16 01:11:00+00:00,-44.487671
2019-04-16 01:12:00+00:00,-41.950752
2019-04-16 01:13:00+00:00,-38.444061
2019-04-16 01:14:00+00:00,-36.095554
2019-04-16 01:15:00+00:00,-36.407185
2019-04-16 01:16:00+00:00,-36.864395
2019-04-16 01:17:00+00:00,-40.312885
2019-04-16 01:18:00+00:00,-42.96558
2019-04-16 01:19:00+00:00,-44.084206
2019-04-16 01:20:00+00:00,-43.211803
2019-04-16 01:21:00+00:00,-42.447994
2019-04-16 01:22:00+00:00,-41.163887
2019-04-16 01:23:00+00:00,-39.909504
2019-04-16 01:24:00+00:00,-39.00539
2019-04-16 01:25:00+00:00,-37.956612
2019-04-16 01:26:00+00:00,-37.282875
2019-04-16 01:27:00+00:00,-36.853275
2019-04-16 01:28:00+00:00,-38.826035
2019-04-16 01:29:00+00:00,-41.823635
2019-04-16 01:30:00+00:00,-46.766071
2019-04-16 01:31:00+00:00,-51.359261
2019-04-16 01:32:00+00:00,-57.441032
2019-04-16 01:33:00+00:00,-58.828751
2019-04-16 01:34:00+00:00,-59.687592
2019-04-16 01:35:00+00:00,-90.814941
2019-04-16 01:36:00+00:00,-169.884735
2019-04-16 01:37:00+00:00,-143.862885
2019-04-16 01:38:00+00:00,-169.867752
2019-04-16 01:39:00+00:00,-199.397263
2019-04-16 01:40:00+00:00,-219.811966
2019-04-16 01:41:00+00:00,-241.11792
2019-04-16 01:42:00+00:00,-272.930267
2019-04-16 01:43:00+00:00,-287.312653
2019-04-16 01:44:00+00:00,-282.17926
2019-04-16 01:45:00+00:00,-253.203125
2019-04-16 01:46:00+00:00,-267.909546
2019-04-16 01:47:00+00:00,-241.880722
2019-04-16 01:48:00+00:00,-237.7164
2019-04-16 01:49:00+00:00,-236.040756
2019-04-16 01:50:00+00:00,-229.32637
2019-04-16 01:51:00+00:00,-211.680847
2019-04-16 01:52:00+00:00,-192.269318
2019-04-16 01:53:00+00:00,-163.586166
2019-04-16 01:54:00+00:00,-146.822601
2019-04-16 01:55:00+00:00,-132.476929
2019-04-16 01:56:00+00:00,-119.222588
2019-04-16 01:57:00+00:00,-127.284904
2019-04-16 01:58:00+00:00,-152.344818
2019-04-16 01:59:00+00:00,-163.356171
2019-04-16 02:00:00+00:00,-153.002945
2019-04-16 02:01:00+00:00,-163.588348
2019-04-16 02:02:00+00:00,-161.390091
2019-04-16 02:03:00+00:00,-161.953156
2019-04-16 02:04:00+00:00,-162.703705
2019-04-16 02:05:00+00:00,-154.421631
2019-04-16 02:06:00+00:00,-154.161987
2019-04-16 02:07:00+00:00,-136.580139
2019-04-16 02:08:00+00:00,-128.314133
2019-04-16 02:09:00+00:00,-128.87825
2019-04-16 02:10:00+00:00,-112.848038
2019-04-16 02:11:00+00:00,-100.840073
2019-04-16 02:12:00+00:00,-96.277786
2019-04-16 02:13:00+00:00,-86.344627
2019-04-16 02:14:00+00:00,-86.083405
2019-04-16 02:15:00+00:00,-82.296928
2019-04-16 02:16:00+00:00,-77.009422
2019-04-16 02:17:00+00:00,-79.487602
2019-04-16 02:18:00+00:00,-77.822289
2019-04-16 02:19:00+00:00,-66.306549
2019-04-16 02:20:00+00:00,-143.639114
2019-04-16 02:21:00+00:00,-127.101974
2019-04-16 02:22:00+00:00,-139.166931
2019-04-16 02:23:00+00:00,-115.204407
2019-04-16 02:24:00+00:00,-128.711136
2019-04-16 02:25:00+00:00,-126.136047
2019-04-16 02:26:00+00:00,-101.819939
2019-04-16 02:27:00+00:00,-86.751472
2019-04-16 02:28:00+00:00,-77.374199
2019-04-16 02:29:00+00:00,-134.570618
2019-04-16 02:30:00+00:00,-231.176605
2019-04-16 02:31:00+00:00,-222.729187
2019-04-16 02:32:00+00:00,-218.404251
2019-04-16 02:33:00+00:00,-156.308228
2019-04-16 02:34:00+00:00,-148.595947
2019-04-16 02:35:00+00:00,-180.661057
2019-04-16 02:36:00+00:00,-181.684174
2019-04-16 02:37:00+00:00,-195.676987
2019-04-16 02:38:00+00:00,-182.119476
2019-04-16 02:39:00+00:00,-153.432617
2019-04-16 02:40:00+00:00,-179.727982
2019-04-16 02:41:00+00:00,-155.375504
2019-04-16 02:42:00+00:00,-145.660431
2019-04-16 02:43:00+00:00,-181.71463
2019-04-16 02:44:00+00:00,-177.124405
2019-04-16 02:45:00+00:00,-188.193268
2019-04-16 02:46:00+00:00,-161.434235
2019-04-16 02:47:00+00:00,-142.510925
2019-04-23 00:00:00+00:00,-28.131891
2019-04-23 00:01:00+00:00,-27.155323
2019-04-23 00:02:00+00:00,-26.783722
2019-04-23 00:03:00+00:00,-25.463377
2019-04-23 00:04:00+00:00,-25.519466
2019-04-23 00:05:00+00:00,-26.01063
2019-04-23 00:06:00+00:00,-24.993481
2019-04-23 00:07:00+00:00,-24.992437
2019-04-23 00:08:00+00:00,-24.374695
2019-04-23 00:09:00+00:00,-24.743759
2019-04-23 00:10:00+00:00,-25.556665
2019-04-23 00:11:00+00:00,-26.723602
2019-04-23 00:12:00+00:00,-35.141403
2019-04-23 00:13:00+00:00,-58.026573
2019-04-23 00:14:00+00:00,-55.915398
2019-04-23 00:15:00+00:00,-60.420601
2019-04-23 00:16:00+00:00,-55.311947
2019-04-23 00:17:00+00:00,-68.001945
2019-04-23 00:18:00+00:00,-79.511131
2019-04-23 00:19:00+00:00,-84.453255
2019-04-23 00:20:00+00:00,-89.495438
2019-04-23 00:21:00+00:00,-90.107864
2019-04-23 00:22:00+00:00,-84.4468
2019-04-23 00:23:00+00:00,-78.13485
2019-04-23 00:24:00+00:00,-80.121246
2019-04-23 00:25:00+00:00,-73.163338
2019-04-23 00:26:00+00:00,-68.187469
2019-04-23 00:27:00+00:00,-68.146698
2019-04-23 00:28:00+00:00,-70.237869
2019-04-23 00:29:00+00:00,-71.120186
2019-04-23 00:30:00+00:00,-66.705414
2019-04-23 00:31:00+00:00,-57.200241
2019-04-23 00:32:00+00:00,-57.448883
2019-04-23 00:33:00+00:00,-54.962078
2019-04-23 00:34:00+00:00,-53.088154
2019-04-23 00:35:00+00:00,-48.366814
2019-04-23 00:36:00+00:00,-54.321171
2019-04-23 00:37:00+00:00,-51.735405
2019-04-23 00:38:00+00:00,-43.532112
2019-04-23 00:39:00+00:00,-46.316322
2019-04-23 00:40:00+00:00,-44.452999
2019-04-23 00:41:00+00:00,-46.045429
2019-04-23 00:42:00+00:00,-48.695648
2019-04-23 00:43:00+00:00,-43.348728
2019-04-23 00:44:00+00:00,-38.788853
2019-04-23 00:45:00+00:00,-35.349838
2019-04-23 00:46:00+00:00,-31.712706
2019-04-23 00:47:00+00:00,-29.687477
2019-04-23 00:48:00+00:00,-29.754482
2019-04-23 00:49:00+00:00,-28.415695
2019-04-23 00:50:00+00:00,-38.039764
2019-04-23 00:51:00+00:00,-33.382256
2019-04-23 00:52:00+00:00,-50.406212
2019-04-23 00:53:00+00:00,-41.231453
2019-04-23 00:54:00+00:00,-59.314548
2019-04-23 00:55:00+00:00,-54.966709
2019-04-23 00:56:00+00:00,-75.472839
2019-04-23 00:57:00+00:00,-91.223991
2019-04-23 00:58:00+00:00,-84.913269
2019-04-23 00:59:00+00:00,-70.090446
2019-04-23 01:00:00+00:00,-64.800209
2019-04-23 01:01:00+00:00,-56.088234
2019-04-23 01:02:00+00:00,-56.811092
2019-04-23 01:03:00+00:00,-62.186504
2019-04-23 01:04:00+00:00,-55.526802
2019-04-23 01:05:00+00:00,-51.679863
2019-04-23 01:06:00+00:00,-40.490231
2019-04-23 01:07:00+00:00,-35.292816
2019-04-23 01:08:00+00:00,-35.363876
2019-04-23 01:09:00+00:00,-32.569729
2019-04-23 01:10:00+00:00,-31.147079
2019-04-23 01:11:00+00:00,-31.715229
2019-04-23 01:12:00+00:00,-31.245977
2019-04-23 01:13:00+00:00,-30.570543
2019-04-23 01:14:00+00:00,-29.6674
2019-04-23 01:15:00+00:00,-28.683064
2019-04-23 01:16:00+00:00,-30.008587
2019-04-23 01:17:00+00:00,-30.142574
2019-04-23 01:18:00+00:00,-30.787148
2019-04-23 01:19:00+00:00,-33.46114
2019-04-23 01:20:00+00:00,-34.938309
2019-04-23 01:21:00+00:00,-33.023624
2019-04-23 01:22:00+00:00,-31.162373
2019-04-23 01:23:00+00:00,-31.513016
2019-04-23 01:24:00+00:00,-29.909891
2019-04-23 01:25:00+00:00,-29.256588
2019-04-23 01:26:00+00:00,-30.776985
2019-04-23 01:27:00+00:00,-30.744904
2019-04-23 01:28:00+00:00,-31.436962
2019-04-23 01:29:00+00:00,-32.086533
2019-04-23 01:30:00+00:00,-33.18602
2019-04-23 01:31:00+00:00,-33.020386
2019-04-23 01:32:00+00:00,-32.365582
2019-04-23 01:33:00+00:00,-32.454964
2019-04-23 01:34:00+00:00,-32.728195
2019-04-23 01:35:00+00:00,-33.412285
2019-04-23 01:36:00+00:00,-32.234001
2019-04-23 01:37:00+00:00,-31.222607
2019-04-23 01:38:00+00:00,-32.677139
2019-04-23 01:39:00+00:00,-33.18203
2019-04-23 01:40:00+00:00,-32.216003
2019-04-23 01:41:00+00:00,-31.265585
2019-04-23 01:42:00+00:00,-30.557804
2019-04-23 01:43:00+00:00,-31.232512
2019-04-23 01:44:00+00:00,-32.482052
2019-04-23 01:45:00+00:00,-32.339806
2019-04-23 01:46:00+00:00,-32.527962
2019-04-23 01:47:00+00:00,-30.996891
2019-04-23 01:48:00+00:00,-31.61668
2019-04-23 01:49:00+00:00,-30.556416
2019-04-23 01:50:00+00:00,-27.8694
2019-04-23 01:51:00+00:00,-27.753054
2019-04-23 01:52:00+00:00,-28.77179
2019-04-23 01:53:00+00:00,-29.33197
2019-04-23 01:54:00+00:00,-28.736965
2019-04-23 01:55:00+00:00,-27.173416
2019-04-23 01:56:00+00:00,-27.787884
2019-04-23 01:57:00+00:00,-27.756855
2019-04-23 01:58:00+00:00,-28.891935
2019-04-23 01:59:00+00:00,-28.92942
2019-04-23 02:00:00+00:00,-28.893742
2019-04-23 02:01:00+00:00,-29.051424
2019-04-23 02:02:00+00:00,-28.584263
2019-04-23 02:03:00+00:00,-29.100677
2019-04-23 02:04:00+00:00,-28.730583
2019-04-23 02:05:00+00:00,-28.056004
2019-04-23 02:06:00+00:00,-27.49593
2019-04-23 02:07:00+00:00,-26.497643
2019-04-23 02:08:00+00:00,-25.45274
2019-04-23 02:09:00+00:00,-25.152311
2019-04-23 02:10:00+00:00,-25.446943
2019-04-23 02:11:00+00:00,-25.165699
2019-04-23 02:12:00+00:00,-25.262814
2019-04-23 02:13:00+00:00,-25.485329
2019-04-23 02:14:00+00:00,-27.469009
2019-04-23 02:15:00+00:00,-26.168861
2019-04-23 02:16:00+00:00,-25.758915
2019-04-23 02:17:00+00:00,-26.700045
2019-04-23 02:18:00+00:00,-26.374107
2019-04-23 02:19:00+00:00,-24.434324
2019-04-23 02:20:00+00:00,-25.073338
2019-04-23 02:21:00+00:00,-26.32914
2019-04-23 02:22:00+00:00,-26.205658
2019-04-23 02:23:00+00:00,-26.05336
2019-04-23 02:24:00+00:00,-26.841297
2019-04-23 02:25:00+00:00,-25.501972
2019-04-23 02:26:00+00:00,-25.386812
2019-04-23 02:27:00+00:00,-25.080133
2019-04-23 02:28:00+00:00,-25.483749
2019-04-23 02:29:00+00:00,-25.541056
2019-04-23 02:30:00+00:00,-25.598442
2019-04-23 02:31:00+00:00,-27.65464
2019-04-23 02:32:00+00:00,-28.712189
2019-04-23 02:33:00+00:00,-29.769665
2019-04-23 02:34:00+00:00,-28.825523
2019-04-23 02:35:00+00:00,-25.882492
2019-04-23 02:36:00+00:00,-23.771872
2019-04-23 02:37:00+00:00,-22.492731
2019-04-23 02:38:00+00:00,-22.228487
2019-04-23 02:39:00+00:00,-23.635891
2019-04-23 02:40:00+00:00,-23.457905
2019-04-23 02:41:00+00:00,-23.384731
2019-04-23 02:42:00+00:00,-22.267498
2019-04-23 02:43:00+00:00,-22.237816
2019-04-23 02:44:00+00:00,-22.248842
2019-04-23 02:45:00+00:00,-22.65873
2019-04-23 02:46:00+00:00,-24.606865
2019-04-23 02:47:00+00:00,-25.678719
2019-04-30 00:00:00+00:00,-88.366936
2019-04-30 00:01:00+00:00,-87.451103
2019-04-30 00:02:00+00:00,-83.64344
2019-04-30 00:03:00+00:00,-77.693008
2019-04-30 00:04:00+00:00,-75.529366
2019-04-30 00:05:00+00:00,-93.385384
2019-04-30 00:06:00+00:00,-121.67379
2019-04-30 00:07:00+00:00,-123.582794
2019-04-30 00:08:00+00:00,-119.156326
2019-04-30 00:09:00+00:00,-82.29425
2019-04-30 00:10:00+00:00,-85.933769
2019-04-30 00:11:00+00:00,-89.623428
2019-04-30 00:12:00+00:00,-87.02948
2019-04-30 00:13:00+00:00,-84.824417
2019-04-30 00:14:00+00:00,-83.643051
2019-04-30 00:15:00+00:00,-83.175323
2019-04-30 00:16:00+00:00,-85.065857
2019-04-30 00:17:00+00:00,-86.556381
2019-04-30 00:18:00+00:00,-86.166458
2019-04-30 00:19:00+00:00,-85.611343
2019-04-30 00:20:00+00:00,-83.370796
2019-04-30 00:21:00+00:00,-83.38958
2019-04-30 00:22:00+00:00,-83.686592
2019-04-30 00:23:00+00:00,-80.937027
2019-04-30 00:24:00+00:00,-77.138313
2019-04-30 00:25:00+00:00,-73.373512
2019-04-30 00:26:00+00:00,-72.861633
2019-04-30 00:27:00+00:00,-70.942093
2019-04-30 00:28:00+00:00,-69.582939
2019-04-30 00:29:00+00:00,-71.017624
2019-04-30 00:30:00+00:00,-70.91626
2019-04-30 00:31:00+00:00,-72.036751
2019-04-30 00:32:00+00:00,-73.059433
2019-04-30 00:33:00+00:00,-71.579117
2019-04-30 00:34:00+00:00,-70.166222
2019-04-30 00:35:00+00:00,-71.603928
2019-04-30 00:36:00+00:00,-74.286896
2019-04-30 00:37:00+00:00,-76.294296
2019-04-30 00:38:00+00:00,-78.170174
2019-04-30 00:39:00+00:00,-81.157761
2019-04-30 00:40:00+00:00,-82.391914
2019-04-30 00:41:00+00:00,-81.685074
2019-04-30 00:42:00+00:00,-80.968216
2019-04-30 00:43:00+00:00,-80.73056
2019-04-30 00:44:00+00:00,-79.245636
2019-04-30 00:45:00+00:00,-79.402969
2019-04-30 00:46:00+00:00,-83.341675
2019-04-30 00:47:00+00:00,-84.896614
2019-04-30 00:48:00+00:00,-84.159668
2019-04-30 00:49:00+00:00,-81.689255
2019-04-30 00:50:00+00:00,-80.930267
2019-04-30 00:51:00+00:00,-82.879616
2019-04-30 00:52:00+00:00,-87.207039
2019-04-30 00:53:00+00:00,-88.368217
2019-04-30 00:54:00+00:00,-86.828781
2019-04-30 00:55:00+00:00,-84.707962
2019-04-30 00:56:00+00:00,-82.662758
2019-04-30 00:57:00+00:00,-79.254379
2019-04-30 00:58:00+00:00,-81.555855
2019-04-30 00:59:00+00:00,-90.491013
2019-04-30 01:00:00+00:00,-92.008621
2019-04-30 01:01:00+00:00,-85.976997
2019-04-30 01:02:00+00:00,-86.250877
2019-04-30 01:03:00+00:00,-102.391411
2019-04-30 01:04:00+00:00,-119.317398
2019-04-30 01:05:00+00:00,-129.670273
2019-04-30 01:06:00+00:00,-113.041176
2019-04-30 01:07:00+00:00,-99.204834
2019-04-30 01:08:00+00:00,-96.098083
2019-04-30 01:09:00+00:00,-87.529602
2019-04-30 01:10:00+00:00,-82.643677
2019-04-30 01:11:00+00:00,-84.199921
2019-04-30 01:12:00+00:00,-86.873871
2019-04-30 01:13:00+00:00,-86.557365
2019-04-30 01:14:00+00:00,-89.08049
2019-04-30 01:15:00+00:00,-96.560654
2019-04-30 01:16:00+00:00,-103.353912
2019-04-30 01:17:00+00:00,-104.658737
2019-04-30 01:18:00+00:00,-107.549362
2019-04-30 01:19:00+00:00,-105.941017
2019-04-30 01:20:00+00:00,-101.215195
2019-04-30 01:21:00+00:00,-97.095726
2019-04-30 01:22:00+00:00,-96.919724
2019-04-30 01:23:00+00:00,-116.312614
2019-04-30 01:24:00+00:00,-130.559204
2019-04-30 01:25:00+00:00,-128.737488
2019-04-30 01:26:00+00:00,-153.282959
2019-04-30 01:27:00+00:00,-146.308441
2019-04-30 01:28:00+00:00,-146.831467
2019-04-30 01:29:00+00:00,-150.95694
2019-04-30 01:30:00+00:00,-149.977112
2019-04-30 01:31:00+00:00,-156.332932
2019-04-30 01:32:00+00:00,-160.363434
2019-04-30 01:33:00+00:00,-159.542404
2019-04-30 01:34:00+00:00,-159.883728
2019-04-30 01:35:00+00:00,-149.473312
2019-04-30 01:36:00+00:00,-146.0858
2019-04-30 01:37:00+00:00,-142.353195
2019-04-30 01:38:00+00:00,-151.987488
2019-04-30 01:39:00+00:00,-184.693954
2019-04-30 01:40:00+00:00,-198.602585
2019-04-30 01:41:00+00:00,-185.239868
2019-04-30 01:42:00+00:00,-163.218323
2019-04-30 01:43:00+00:00,-151.604446
2019-04-30 01:44:00+00:00,-153.161087
2019-04-30 01:45:00+00:00,-151.976212
2019-04-30 01:46:00+00:00,-134.977814
2019-04-30 01:47:00+00:00,-180.259094
2019-04-30 01:48:00+00:00,-212.000412
2019-04-30 01:49:00+00:00,-287.846497
2019-04-30 01:50:00+00:00,-259.688843
2019-04-30 01:51:00+00:00,-266.235199
2019-04-30 01:52:00+00:00,-309.859833
2019-04-30 01:53:00+00:00,-258.020996
2019-04-30 01:54:00+00:00,-214.34996
2019-04-30 01:55:00+00:00,-240.265884
2019-04-30 01:56:00+00:00,-289.325317
2019-04-30 01:57:00+00:00,-268.173218
2019-04-30 01:58:00+00:00,-241.570786
2019-04-30 01:59:00+00:00,-230.206711
2019-04-30 02:00:00+00:00,-267.575989
2019-04-30 02:01:00+00:00,-275.20282
2019-04-30 02:02:00+00:00,-232.676987
2019-04-30 02:03:00+00:00,-232.54538
2019-04-30 02:04:00+00:00,-268.570618
2019-04-30 02:05:00+00:00,-308.521515
2019-04-30 02:06:00+00:00,-309.471222
2019-04-30 02:07:00+00:00,-309.465576
2019-04-30 02:08:00+00:00,-313.368988
2019-04-30 02:09:00+00:00,-302.633606
2019-04-30 02:10:00+00:00,-313.004974
2019-04-30 02:11:00+00:00,-296.978851
2019-04-30 02:12:00+00:00,-294.969666
2019-04-30 02:13:00+00:00,-288.217285
2019-04-30 02:14:00+00:00,-277.545868
2019-04-30 02:15:00+00:00,-273.468353
2019-04-30 02:16:00+00:00,-295.91806
2019-04-30 02:17:00+00:00,-336.183167
2019-04-30 02:18:00+00:00,-356.05481
2019-04-30 02:19:00+00:00,-347.251953
2019-04-30 02:20:00+00:00,-340.753632
2019-04-30 02:21:00+00:00,-320.169464
2019-04-30 02:22:00+00:00,-304.374878
2019-04-30 02:23:00+00:00,-292.72171
2019-04-30 02:24:00+00:00,-302.424164
2019-04-30 02:25:00+00:00,-300.194183
2019-04-30 02:26:00+00:00,-288.416138
2019-04-30 02:27:00+00:00,-284.341919
2019-04-30 02:28:00+00:00,-279.340271
2019-04-30 02:29:00+00:00,-266.106445
2019-04-30 02:30:00+00:00,-253.490784
2019-04-30 02:31:00+00:00,-284.519775
2019-04-30 02:32:00+00:00,-300.567413
2019-04-30 02:33:00+00:00,-286.573059
2019-04-30 02:34:00+00:00,-277.842072
2019-04-30 02:35:00+00:00,-269.048553
2019-04-30 02:36:00+00:00,-262.143372
2019-04-30 02:37:00+00:00,-258.141998
2019-04-30 02:38:00+00:00,-258.199738
2019-04-30 02:39:00+00:00,-261.940399
2019-04-30 02:40:00+00:00,-245.283798
2019-04-30 02:41:00+00:00,-247.483841
2019-04-30 02:42:00+00:00,-251.741455
2019-04-30 02:43:00+00:00,-244.220642
2019-04-30 02:44:00+00:00,-247.04335
2019-04-30 02:45:00+00:00,-247.920609
2019-04-30 02:46:00+00:00,-245.194748
2019-04-30 02:47:00+00:00,-235.651947
2019-05-07 00:00:00+00:00,-29.508883
2019-05-07 00:01:00+00:00,-28.064833
2019-05-07 00:02:00+00:00,-27.121161
2019-05-07 00:03:00+00:00,-26.525434
2019-05-07 00:04:00+00:00,-25.021835
2019-05-07 00:05:00+00:00,-22.810453
2019-05-07 00:06:00+00:00,-25.653114
2019-05-07 00:07:00+00:00,-29.816221
2019-05-07 00:08:00+00:00,-31.974909
2019-05-07 00:09:00+00:00,-32.129581
2019-05-07 00:10:00+00:00,-31.348812
2019-05-07 00:11:00+00:00,-32.4408
2019-05-07 00:12:00+00:00,-33.527004
2019-05-07 00:13:00+00:00,-35.610794
2019-05-07 00:14:00+00:00,-35.69426
2019-05-07 00:15:00+00:00,-43.367035
2019-05-07 00:16:00+00:00,-52.378757
2019-05-07 00:17:00+00:00,-47.461834
2019-05-07 00:18:00+00:00,-37.522209
2019-05-07 00:19:00+00:00,-34.067265
2019-05-07 00:20:00+00:00,-33.796799
2019-05-07 00:21:00+00:00,-48.77018
2019-05-07 00:22:00+00:00,-49.744682
2019-05-07 00:23:00+00:00,-50.728775
2019-05-07 00:24:00+00:00,-58.194588
2019-05-07 00:25:00+00:00,-76.312004
2019-05-07 00:26:00+00:00,-93.407249
2019-05-07 00:27:00+00:00,-102.950562
2019-05-07 00:28:00+00:00,-92.293732
2019-05-07 00:29:00+00:00,-97.478752
2019-05-07 00:30:00+00:00,-102.515244
2019-05-07 00:31:00+00:00,-104.67012
2019-05-07 00:32:00+00:00,-113.661461
2019-05-07 00:33:00+00:00,-120.647026
2019-05-07 00:34:00+00:00,-123.813126
2019-05-07 00:35:00+00:00,-121.986275
2019-05-07 00:36:00+00:00,-121.011124
2019-05-07 00:37:00+00:00,-116.809784
2019-05-07 00:38:00+00:00,-121.539703
2019-05-07 00:39:00+00:00,-124.428986
2019-05-07 00:40:00+00:00,-119.42511
2019-05-07 00:41:00+00:00,-123.563782
2019-05-07 00:42:00+00:00,-123.909042
2019-05-07 00:43:00+00:00,-127.53624
2019-05-07 00:44:00+00:00,-127.499031
2019-05-07 00:45:00+00:00,-126.553482
2019-05-07 00:46:00+00:00,-120.725357
2019-05-07 00:47:00+00:00,-120.79612
2019-05-07 00:48:00+00:00,-115.667358
2019-05-07 00:49:00+00:00,-116.711922
2019-05-07 00:50:00+00:00,-111.006775
2019-05-07 00:51:00+00:00,-101.746017
2019-05-07 00:52:00+00:00,-95.360558
2019-05-07 00:53:00+00:00,-89.890724
2019-05-07 00:54:00+00:00,-85.427574
2019-05-07 00:55:00+00:00,-79.649719
2019-05-07 00:56:00+00:00,-74.656677
2019-05-07 00:57:00+00:00,-70.927864
2019-05-07 00:58:00+00:00,-63.39093
2019-05-07 00:59:00+00:00,-64.748901
2019-05-07 01:00:00+00:00,-65.528984
2019-05-07 01:01:00+00:00,-64.296478
2019-05-07 01:02:00+00:00,-62.221008
2019-05-07 01:03:00+00:00,-60.357166
2019-05-07 01:04:00+00:00,-60.087734
2019-05-07 01:05:00+00:00,-59.78175
2019-05-07 01:06:00+00:00,-58.602222
2019-05-07 01:07:00+00:00,-56.487572
2019-05-07 01:08:00+00:00,-56.464066
2019-05-07 01:09:00+00:00,-55.977924
2019-05-07 01:10:00+00:00,-56.492943
2019-05-07 01:11:00+00:00,-56.597534
2019-05-07 01:12:00+00:00,-55.653137
2019-05-07 01:13:00+00:00,-53.612591
2019-05-07 01:14:00+00:00,-48.716461
2019-05-07 01:15:00+00:00,-47.124836
2019-05-07 01:16:00+00:00,-46.632538
2019-05-07 01:17:00+00:00,-48.640236
2019-05-07 01:18:00+00:00,-51.697144
2019-05-07 01:19:00+00:00,-44.69136
2019-05-07 01:20:00+00:00,-45.230434
2019-05-07 01:21:00+00:00,-46.831367
2019-05-07 01:22:00+00:00,-45.904198
2019-05-07 01:23:00+00:00,-43.097359
2019-05-07 01:24:00+00:00,-40.802345
2019-05-07 01:25:00+00:00,-35.505413
2019-05-07 01:26:00+00:00,-33.227875
2019-05-07 01:27:00+00:00,-32.081795
2019-05-07 01:28:00+00:00,-32.123474
2019-05-07 01:29:00+00:00,-28.164921
2019-05-07 01:30:00+00:00,-25.145767
2019-05-07 01:31:00+00:00,-25.567921
2019-05-07 01:32:00+00:00,-24.333061
2019-05-07 01:33:00+00:00,-27.382248
2019-05-07 01:34:00+00:00,-31.42551
2019-05-07 01:35:00+00:00,-33.467358
2019-05-07 01:36:00+00:00,-33.503838
2019-05-07 01:37:00+00:00,-31.541451
2019-05-07 01:38:00+00:00,-36.084972
2019-05-07 01:39:00+00:00,-42.319561
2019-05-07 01:40:00+00:00,-42.274071
2019-05-07 01:41:00+00:00,-39.060223
2019-05-07 01:42:00+00:00,-36.32766
2019-05-07 01:43:00+00:00,-33.150032
2019-05-07 01:44:00+00:00,-35.898975
2019-05-07 01:45:00+00:00,-30.950188
2019-05-07 01:46:00+00:00,-30.468719
2019-05-07 01:47:00+00:00,-26.434809
2019-05-07 01:48:00+00:00,-20.10759
2019-05-07 01:49:00+00:00,-19.870035
2019-05-07 01:50:00+00:00,-26.140011
2019-05-07 01:51:00+00:00,-24.599316
2019-05-07 01:52:00+00:00,-26.092991
2019-05-07 01:53:00+00:00,-31.346392
2019-05-07 01:54:00+00:00,-30.397293
2019-05-07 01:55:00+00:00,-30.441929
2019-05-07 01:56:00+00:00,-27.211716
2019-05-07 01:57:00+00:00,-30.536314
2019-05-07 01:58:00+00:00,-27.581387
2019-05-07 01:59:00+00:00,-28.625862
2019-05-07 02:00:00+00:00,-31.672283
2019-05-07 02:01:00+00:00,-30.717695
2019-05-07 02:02:00+00:00,-31.675282
2019-05-07 02:03:00+00:00,-35.951805
2019-05-07 02:04:00+00:00,-29.842316
2019-05-07 02:05:00+00:00,-29.883415
2019-05-07 02:06:00+00:00,-27.918516
2019-05-07 02:07:00+00:00,-26.956041
2019-05-07 02:08:00+00:00,-27.519772
2019-05-07 02:09:00+00:00,-31.972721
2019-05-07 02:10:00+00:00,-33.510998
2019-05-07 02:11:00+00:00,-32.082966
2019-05-07 02:12:00+00:00,-33.605412
2019-05-07 02:13:00+00:00,-33.951515
2019-05-07 02:14:00+00:00,-38.387985
2019-05-07 02:15:00+00:00,-63.410564
2019-05-07 02:16:00+00:00,-60.660828
2019-05-07 02:17:00+00:00,-86.471901
2019-05-07 02:18:00+00:00,-88.980698
2019-05-07 02:19:00+00:00,-79.308586
2019-05-07 02:20:00+00:00,-80.802414
2019-05-07 02:21:00+00:00,-83.033356
2019-05-07 02:22:00+00:00,-72.379593
2019-05-07 02:23:00+00:00,-72.556129
2019-05-07 02:24:00+00:00,-44.814178
2019-05-07 02:25:00+00:00,-37.610649
2019-05-07 02:26:00+00:00,-35.730896
2019-05-07 02:27:00+00:00,-46.873295
2019-05-07 02:28:00+00:00,-48.199543
2019-05-07 02:29:00+00:00,-37.626366
2019-05-07 02:30:00+00:00,-41.615295
2019-05-07 02:31:00+00:00,-42.035824
2019-05-07 02:32:00+00:00,-37.980049
2019-05-07 02:33:00+00:00,-33.451614
2019-05-07 02:34:00+00:00,-29.266613
2019-05-07 02:35:00+00:00,-31.720396
2019-05-07 02:36:00+00:00,-32.650307
2019-05-07 02:37:00+00:00,-31.462753
2019-05-07 02:38:00+00:00,-32.499893
2019-05-07 02:39:00+00:00,-35.053829
2019-05-07 02:40:00+00:00,-36.818787
2019-05-07 02:41:00+00:00,-33.049995
2019-05-07 02:42:00+00:00,-28.48435
2019-05-07 02:43:00+00:00,-24.29752
2019-05-07 02:44:00+00:00,-21.333708
2019-05-07 02:45:00+00:00,-21.365973
2019-05-07 02:46:00+00:00,-26.383648
2019-05-07 02:47:00+00:00,-26.406689
2019-05-14 00:00:00+00:00,-70.255287
2019-05-14 00:01:00+00:00,-71.273964
2019-05-14 00:02:00+00:00,-73.297478
2019-05-14 00:03:00+00:00,-74.315361
2019-05-14 00:04:00+00:00,-76.203217
2019-05-14 00:05:00+00:00,-74.340347
2019-05-14 00:06:00+00:00,-73.347366
2019-05-14 00:07:00+00:00,-71.35466
2019-05-14 00:08:00+00:00,-84.152962
2019-05-14 00:09:00+00:00,-71.386307
2019-05-14 00:10:00+00:00,-69.410103
2019-05-14 00:11:00+00:00,-66.437187
2019-05-14 00:12:00+00:00,-63.460381
2019-05-14 00:13:00+00:00,-62.481991
2019-05-14 00:14:00+00:00,-65.503601
2019-05-14 00:15:00+00:00,-67.524208
2019-05-14 00:16:00+00:00,-67.552094
2019-05-14 00:17:00+00:00,-67.581337
2019-05-14 00:18:00+00:00,-68.60955
2019-05-14 00:19:00+00:00,-70.639
2019-05-14 00:20:00+00:00,-76.67556
2019-05-14 00:21:00+00:00,-81.716423
2019-05-14 00:22:00+00:00,-84.75544
2019-05-14 00:23:00+00:00,-84.796059
2019-05-14 00:24:00+00:00,-85.839897
2019-05-14 00:25:00+00:00,-84.881714
2019-05-14 00:26:00+00:00,-84.919914
2019-05-14 00:27:00+00:00,-84.953224
2019-05-14 00:28:00+00:00,-83.99173
2019-05-14 00:29:00+00:00,-84.034576
2019-05-14 00:30:00+00:00,-85.084755
2019-05-14 00:31:00+00:00,-85.137115
2019-05-14 00:32:00+00:00,-90.193077
2019-05-14 00:33:00+00:00,-92.256645
2019-05-14 00:34:00+00:00,-92.322021
2019-05-14 00:35:00+00:00,-92.381966
2019-05-14 00:36:00+00:00,-96.445335
2019-05-14 00:37:00+00:00,-98.526985
2019-05-14 00:38:00+00:00,-96.619446
2019-05-14 00:39:00+00:00,-94.702385
2019-05-14 00:40:00+00:00,-98.781738
2019-05-14 00:41:00+00:00,-99.865173
2019-05-14 00:42:00+00:00,-98.950325
2019-05-14 00:43:00+00:00,-100.045799
2019-05-14 00:44:00+00:00,-101.140442
2019-05-14 00:45:00+00:00,-100.236702
2019-05-14 00:46:00+00:00,-100.33387
2019-05-14 00:47:00+00:00,-97.432884
2019-05-14 00:48:00+00:00,-94.533882
2019-05-14 00:49:00+00:00,-93.636871
2019-05-14 00:50:00+00:00,-92.741447
2019-05-14 00:51:00+00:00,-91.850632
2019-05-14 00:52:00+00:00,-90.969131
2019-05-14 00:53:00+00:00,-91.094147
2019-05-14 00:54:00+00:00,-93.225471
2019-05-14 00:55:00+00:00,-94.355843
2019-05-14 00:56:00+00:00,-98.061562
2019-05-14 00:57:00+00:00,-102.594078
2019-05-14 00:58:00+00:00,-106.719757
2019-05-14 00:59:00+00:00,-111.993111
2019-05-14 01:00:00+00:00,-113.823166
2019-05-14 01:01:00+00:00,-119.412209
2019-05-14 01:02:00+00:00,-119.700264
2019-05-14 01:03:00+00:00,-108.861427
2019-05-14 01:04:00+00:00,-124.030258
2019-05-14 01:05:00+00:00,-119.019455
2019-05-14 01:06:00+00:00,-141.074738
2019-05-14 01:07:00+00:00,-169.066132
2019-05-14 01:08:00+00:00,-185.001663
2019-05-14 01:09:00+00:00,-193.991577
2019-05-14 01:10:00+00:00,-203.988037
2019-05-14 01:11:00+00:00,-211.97728
2019-05-14 01:12:00+00:00,-227.974136
2019-05-14 01:13:00+00:00,-235.974594
2019-05-14 01:14:00+00:00,-244.971848
2019-05-14 01:15:00+00:00,-249.983444
2019-05-14 01:16:00+00:00,-259.995789
2019-05-14 01:17:00+00:00,-249.99025
2019-05-14 01:18:00+00:00,-240.987396
2019-05-14 01:19:00+00:00,-259.050293
2019-05-14 01:20:00+00:00,-293.859375
2019-05-14 01:21:00+00:00,-293.011688
2019-05-14 01:22:00+00:00,-306.018921
2019-05-14 01:23:00+00:00,-296.702728
2019-05-14 01:24:00+00:00,-286.447174
2019-05-14 01:25:00+00:00,-291.759216
2019-05-14 01:26:00+00:00,-310.097412
2019-05-14 01:27:00+00:00,-325.752197
2019-05-14 01:28:00+00:00,-328.819733
2019-05-14 01:29:00+00:00,-338.396881
2019-05-14 01:30:00+00:00,-335.286041
2019-05-14 01:31:00+00:00,-311.386932
2019-05-14 01:32:00+00:00,-319.247101
2019-05-14 01:33:00+00:00,-352.409363
2019-05-14 01:34:00+00:00,-339.352692
2019-05-14 01:35:00+00:00,-337.394226
2019-05-14 01:36:00+00:00,-347.137512
2019-05-14 01:37:00+00:00,-346.380585
2019-05-14 01:38:00+00:00,-350.367218
2019-05-14 01:39:00+00:00,-352.3349
2019-05-14 01:40:00+00:00,-341.278229
2019-05-14 01:41:00+00:00,-350.521301
2019-05-14 01:42:00+00:00,-359.93515
2019-05-14 01:43:00+00:00,-352.344727
2019-05-14 01:44:00+00:00,-357.835968
2019-05-14 01:45:00+00:00,-372.717865
2019-05-14 01:46:00+00:00,-371.157745
2019-05-14 01:47:00+00:00,-388.876312
2019-05-14 01:48:00+00:00,-382.180023
2019-05-14 01:49:00+00:00,-394.181061
2019-05-14 01:50:00+00:00,-421.746582
2019-05-14 01:51:00+00:00,-461.523499
2019-05-14 01:52:00+00:00,-469.489655
2019-05-14 01:53:00+00:00,-452.506653
2019-05-14 01:54:00+00:00,-470.516205
2019-05-14 01:55:00+00:00,-456.575928
2019-05-14 01:56:00+00:00,-465.561127
2019-05-14 01:57:00+00:00,-460.552124
2019-05-14 01:58:00+00:00,-448.585388
2019-05-14 01:59:00+00:00,-447.664764
2019-05-14 02:00:00+00:00,-449.741852
2019-05-14 02:01:00+00:00,-438.863953
2019-05-14 02:02:00+00:00,-468.978973
2019-05-14 02:03:00+00:00,-466.04245
2019-05-14 02:04:00+00:00,-460.191162
2019-05-14 02:05:00+00:00,-477.394226
2019-05-14 02:06:00+00:00,-465.543213
2019-05-14 02:07:00+00:00,-447.562408
2019-05-14 02:08:00+00:00,-448.706696
2019-05-14 02:09:00+00:00,-441.743835
2019-05-14 02:10:00+00:00,-444.645142
2019-05-14 02:11:00+00:00,-449.682404
2019-05-14 02:12:00+00:00,-455.773529
2019-05-14 02:13:00+00:00,-469.348907
2019-05-14 02:14:00+00:00,-483.30835
2019-05-14 02:15:00+00:00,-510.382843
2019-05-14 02:16:00+00:00,-512.385864
2019-05-14 02:17:00+00:00,-478.303162
2019-05-14 02:18:00+00:00,-462.273956
2019-05-14 02:19:00+00:00,-465.278595
2019-05-14 02:20:00+00:00,-457.294128
2019-05-14 02:21:00+00:00,-442.328308
2019-05-14 02:22:00+00:00,-437.370941
2019-05-14 02:23:00+00:00,-428.439453
2019-05-14 02:24:00+00:00,-424.522614
2019-05-14 02:25:00+00:00,-416.573547
2019-05-14 02:26:00+00:00,-409.654236
2019-05-14 02:27:00+00:00,-402.684509
2019-05-14 02:28:00+00:00,-387.68634
2019-05-14 02:29:00+00:00,-376.718292
2019-05-14 02:30:00+00:00,-373.705688
2019-05-14 02:31:00+00:00,-367.72583
2019-05-14 02:32:00+00:00,-367.766846
2019-05-14 02:33:00+00:00,-353.771667
2019-05-14 02:34:00+00:00,-358.798706
2019-05-14 02:35:00+00:00,-358.838745
2019-05-14 02:36:00+00:00,-357.913208
2019-05-14 02:37:00+00:00,-352.017761
2019-05-14 02:38:00+00:00,-336.095612
2019-05-14 02:39:00+00:00,-327.115997
2019-05-14 02:40:00+00:00,-337.154114
2019-05-14 02:41:00+00:00,-358.147034
2019-05-14 02:42:00+00:00,-357.190216
2019-05-14 02:43:00+00:00,-332.187592
2019-05-14 02:44:00+00:00,-322.184021
2019-05-14 02:45:00+00:00,-297.221039
2019-05-14 02:46:00+00:00,-300.263336
2019-05-14 02:47:00+00:00,-287.305573
2019-05-21 00:00:00+00:00,-22.712774
2019-05-21 00:01:00+00:00,-22.243132
2019-05-21 00:02:00+00:00,-20.391083
2019-05-21 00:03:00+00:00,-18.214684
2019-05-21 00:04:00+00:00,-17.026073
2019-05-21 00:05:00+00:00,-15.959434
2019-05-21 00:06:00+00:00,-15.657974
2019-05-21 00:07:00+00:00,-16.412317
2019-05-21 00:08:00+00:00,-16.468401
2019-05-21 00:09:00+00:00,-16.373693
2019-05-21 00:10:00+00:00,-15.969028
2019-05-21 00:11:00+00:00,-15.850668
2019-05-21 00:12:00+00:00,-15.634096
2019-05-21 00:13:00+00:00,-15.605619
2019-05-21 00:14:00+00:00,-15.435743
2019-05-21 00:15:00+00:00,-18.163111
2019-05-21 00:16:00+00:00,-18.215389
2019-05-21 00:17:00+00:00,-16.458788
2019-05-21 00:18:00+00:00,-15.30786
2019-05-21 00:19:00+00:00,-15.217227
2019-05-21 00:20:00+00:00,-17.309216
2019-05-21 00:21:00+00:00,-19.382999
2019-05-21 00:22:00+00:00,-20.430309
2019-05-21 00:23:00+00:00,-19.5289
2019-05-21 00:24:00+00:00,-17.116529
2019-05-21 00:25:00+00:00,-17.294777
2019-05-21 00:26:00+00:00,-20.195797
2019-05-21 00:27:00+00:00,-21.591455
2019-05-21 00:28:00+00:00,-20.452778
2019-05-21 00:29:00+00:00,-17.973888
2019-05-21 00:30:00+00:00,-17.520752
2019-05-21 00:31:00+00:00,-18.480742
2019-05-21 00:32:00+00:00,-20.434509
2019-05-21 00:33:00+00:00,-21.389244
2019-05-21 00:34:00+00:00,-22.336454
2019-05-21 00:35:00+00:00,-22.283337
2019-05-21 00:36:00+00:00,-22.229904
2019-05-21 00:37:00+00:00,-19.175518
2019-05-21 00:38:00+00:00,-17.865522
2019-05-21 00:39:00+00:00,-18.291363
2019-05-21 00:40:00+00:00,-18.544128
2019-05-21 00:41:00+00:00,-19.027584
2019-05-21 00:42:00+00:00,-18.647062
2019-05-21 00:43:00+00:00,-17.791681
2019-05-21 00:44:00+00:00,-16.967735
2019-05-21 00:45:00+00:00,-16.825697
2019-05-21 00:46:00+00:00,-17.310337
2019-05-21 00:47:00+00:00,-17.721453
2019-05-21 00:48:00+00:00,-18.217663
2019-05-21 00:49:00+00:00,-19.767834
2019-05-21 00:50:00+00:00,-20.141914
2019-05-21 00:51:00+00:00,-19.905329
2019-05-21 00:52:00+00:00,-19.497927
2019-05-21 00:53:00+00:00,-19.244078
2019-05-21 00:54:00+00:00,-20.799482
2019-05-21 00:55:00+00:00,-23.993202
2019-05-21 00:56:00+00:00,-26.044594
2019-05-21 00:57:00+00:00,-27.307425
2019-05-21 00:58:00+00:00,-28.418297
2019-05-21 00:59:00+00:00,-29.243338
2019-05-21 01:00:00+00:00,-27.752485
2019-05-21 01:01:00+00:00,-27.00909
2019-05-21 01:02:00+00:00,-25.334419
2019-05-21 01:03:00+00:00,-21.771353
2019-05-21 01:04:00+00:00,-17.543682
2019-05-21 01:05:00+00:00,-15.222647
2019-05-21 01:06:00+00:00,-14.633271
2019-05-21 01:07:00+00:00,-14.659735
2019-05-21 01:08:00+00:00,-14.764172
2019-05-21 01:09:00+00:00,-14.871022
2019-05-21 01:10:00+00:00,-14.297788
2019-05-21 01:11:00+00:00,-14.862544
2019-05-21 01:12:00+00:00,-15.176773
2019-05-21 01:13:00+00:00,-14.921503
2019-05-21 01:14:00+00:00,-15.176186
2019-05-21 01:15:00+00:00,-14.72231
2019-05-21 01:16:00+00:00,-14.540699
2019-05-21 01:17:00+00:00,-14.21435
2019-05-21 01:18:00+00:00,-15.839456
2019-05-21 01:19:00+00:00,-15.940152
2019-05-21 01:20:00+00:00,-16.039164
2019-05-21 01:21:00+00:00,-16.136297
2019-05-21 01:22:00+00:00,-16.233715
2019-05-21 01:23:00+00:00,-17.326475
2019-05-21 01:24:00+00:00,-16.416771
2019-05-21 01:25:00+00:00,-18.895554
2019-05-21 01:26:00+00:00,-18.836708
2019-05-21 01:27:00+00:00,-18.863895
2019-05-21 01:28:00+00:00,-18.732233
2019-05-21 01:29:00+00:00,-19.200163
2019-05-21 01:30:00+00:00,-19.18224
2019-05-21 01:31:00+00:00,-19.823946
2019-05-21 01:32:00+00:00,-19.532578
2019-05-21 01:33:00+00:00,-20.477758
2019-05-21 01:34:00+00:00,-20.425632
2019-05-21 01:35:00+00:00,-23.373501
2019-05-21 01:36:00+00:00,-24.317451
2019-05-21 01:37:00+00:00,-24.2626
2019-05-21 01:38:00+00:00,-26.214317
2019-05-21 01:39:00+00:00,-22.164051
2019-05-21 01:40:00+00:00,-18.11179
2019-05-21 01:41:00+00:00,-19.060696
2019-05-21 01:42:00+00:00,-19.006382
2019-05-21 01:43:00+00:00,-18.950054
2019-05-21 01:44:00+00:00,-18.898775
2019-05-21 01:45:00+00:00,-17.331944
2019-05-21 01:46:00+00:00,-16.39975
2019-05-21 01:47:00+00:00,-17.46785
2019-05-21 01:48:00+00:00,-18.541252
2019-05-21 01:49:00+00:00,-20.611679
2019-05-21 01:50:00+00:00,-21.685091
2019-05-21 01:51:00+00:00,-29.555462
2019-05-21 01:52:00+00:00,-33.49752
2019-05-21 01:53:00+00:00,-32.440201
2019-05-21 01:54:00+00:00,-31.386648
2019-05-21 01:55:00+00:00,-30.340767
2019-05-21 01:56:00+00:00,-28.286156
2019-05-21 01:57:00+00:00,-31.26635
2019-05-21 01:58:00+00:00,-32.360874
2019-05-21 01:59:00+00:00,-35.459568
2019-05-21 02:00:00+00:00,-35.56316
2019-05-21 02:01:00+00:00,-34.666836
2019-05-21 02:02:00+00:00,-37.077827
2019-05-21 02:03:00+00:00,-40.417007
2019-05-21 02:04:00+00:00,-44.376213
2019-05-21 02:05:00+00:00,-46.761196
2019-05-21 02:06:00+00:00,-47.814144
2019-05-21 02:07:00+00:00,-46.529278
2019-05-21 02:08:00+00:00,-44.882977
2019-05-21 02:09:00+00:00,-44.692719
2019-05-21 02:10:00+00:00,-45.691887
2019-05-21 02:11:00+00:00,-44.823933
2019-05-21 02:12:00+00:00,-42.488091
2019-05-21 02:13:00+00:00,-41.014519
2019-05-21 02:14:00+00:00,-40.558578
2019-05-21 02:15:00+00:00,-39.156219
2019-05-21 02:16:00+00:00,-38.367058
2019-05-21 02:17:00+00:00,-39.496296
2019-05-21 02:18:00+00:00,-40.63073
2019-05-21 02:19:00+00:00,-40.765549
2019-05-21 02:20:00+00:00,-41.904736
2019-05-21 02:21:00+00:00,-41.046921
2019-05-21 02:22:00+00:00,-41.194351
2019-05-21 02:23:00+00:00,-41.343819
2019-05-21 02:24:00+00:00,-41.496063
2019-05-21 02:25:00+00:00,-41.654598
2019-05-21 02:26:00+00:00,-40.8204
2019-05-21 02:27:00+00:00,-41.986458
2019-05-21 02:28:00+00:00,-43.153702
2019-05-21 02:29:00+00:00,-44.328159
2019-05-21 02:30:00+00:00,-44.502987
2019-05-21 02:31:00+00:00,-47.679028
2019-05-21 02:32:00+00:00,-47.860931
2019-05-21 02:33:00+00:00,-49.045036
2019-05-21 02:34:00+00:00,-50.231255
2019-05-21 02:35:00+00:00,-50.424656
2019-05-21 02:36:00+00:00,-50.618851
2019-05-21 02:37:00+00:00,-50.818169
2019-05-21 02:38:00+00:00,-51.021172
2019-05-21 02:39:00+00:00,-50.22287
2019-05-21 02:40:00+00:00,-49.428101
2019-05-21 02:41:00+00:00,-49.641861
2019-05-21 02:42:00+00:00,-58.170956
2019-05-21 02:43:00+00:00,-66.204887
2019-05-21 02:44:00+00:00,-59.217552
2019-05-21 02:45:00+00:00,-60.51841
2019-05-21 02:46:00+00:00,-60.744392
2019-05-21 02:47:00+00:00,-59.971611
2019-05-28 00:00:00+00:00,-49.705555
2019-05-28 00:01:00+00:00,-51.464642
2019-05-28 00:02:00+00:00,-51.796738
2019-05-28 00:03:00+00:00,-51.797619
2019-05-28 00:04:00+00:00,-52.189087
2019-05-28 00:05:00+00:00,-53.481464
2019-05-28 00:06:00+00:00,-54.870968
2019-05-28 00:07:00+00:00,-56.334717
2019-05-28 00:08:00+00:00,-57.117954
2019-05-28 00:09:00+00:00,-56.950241
2019-05-28 00:10:00+00:00,-55.505333
2019-05-28 00:11:00+00:00,-55.001053
2019-05-28 00:12:00+00:00,-53.398495
2019-05-28 00:13:00+00:00,-50.370571
2019-05-28 00:14:00+00:00,-49.233223
2019-05-28 00:15:00+00:00,-48.327473
2019-05-28 00:16:00+00:00,-46.317909
2019-05-28 00:17:00+00:00,-44.275749
2019-05-28 00:18:00+00:00,-43.969517
2019-05-28 00:19:00+00:00,-47.01828
2019-05-28 00:20:00+00:00,-48.625095
2019-05-28 00:21:00+00:00,-46.697914
2019-05-28 00:22:00+00:00,-47.948395
2019-05-28 00:23:00+00:00,-47.238449
2019-05-28 00:24:00+00:00,-44.704048
2019-05-28 00:25:00+00:00,-42.915047
2019-05-28 00:26:00+00:00,-42.892189
2019-05-28 00:27:00+00:00,-40.79353
2019-05-28 00:28:00+00:00,-38.289181
2019-05-28 00:29:00+00:00,-36.223328
2019-05-28 00:30:00+00:00,-35.055706
2019-05-28 00:31:00+00:00,-33.874859
2019-05-28 00:32:00+00:00,-36.423424
2019-05-28 00:33:00+00:00,-37.500786
2019-05-28 00:34:00+00:00,-39.11805
2019-05-28 00:35:00+00:00,-36.381382
2019-05-28 00:36:00+00:00,-29.141302
2019-05-28 00:37:00+00:00,-28.392056
2019-05-28 00:38:00+00:00,-28.490009
2019-05-28 00:39:00+00:00,-30.940086
2019-05-28 00:40:00+00:00,-32.091854
2019-05-28 00:41:00+00:00,-31.975285
2019-05-28 00:42:00+00:00,-32.119453
2019-05-28 00:43:00+00:00,-32.237312
2019-05-28 00:44:00+00:00,-32.750069
2019-05-28 00:45:00+00:00,-35.943714
2019-05-28 00:46:00+00:00,-37.927628
2019-05-28 00:47:00+00:00,-40.838478
2019-05-28 00:48:00+00:00,-41.785583
2019-05-28 00:49:00+00:00,-39.79723
2019-05-28 00:50:00+00:00,-39.881828
2019-05-28 00:51:00+00:00,-39.601322
2019-05-28 00:52:00+00:00,-38.90007
2019-05-28 00:53:00+00:00,-39.364162
2019-05-28 00:54:00+00:00,-40.39304
2019-05-28 00:55:00+00:00,-40.862183
2019-05-28 00:56:00+00:00,-38.407116
2019-05-28 00:57:00+00:00,-41.199989
2019-05-28 00:58:00+00:00,-44.163921
2019-05-28 00:59:00+00:00,-42.699249
2019-05-28 01:00:00+00:00,-42.515007
2019-05-28 01:01:00+00:00,-42.360615
2019-05-28 01:02:00+00:00,-41.81929
2019-05-28 01:03:00+00:00,-41.451653
2019-05-28 01:04:00+00:00,-41.746311
2019-05-28 01:05:00+00:00,-41.754143
2019-05-28 01:06:00+00:00,-42.642151
2019-05-28 01:07:00+00:00,-42.162266
2019-05-28 01:08:00+00:00,-38.491764
2019-05-28 01:09:00+00:00,-38.265358
2019-05-28 01:10:00+00:00,-38.060337
2019-05-28 01:11:00+00:00,-33.019409
2019-05-28 01:12:00+00:00,-30.275967
2019-05-28 01:13:00+00:00,-29.675961
2019-05-28 01:14:00+00:00,-29.542778
2019-05-28 01:15:00+00:00,-30.481874
2019-05-28 01:16:00+00:00,-31.190277
2019-05-28 01:17:00+00:00,-32.717743
2019-05-28 01:18:00+00:00,-45.257172
2019-05-28 01:19:00+00:00,-45.491398
2019-05-28 01:20:00+00:00,-43.731976
2019-05-28 01:21:00+00:00,-46.714287
2019-05-28 01:22:00+00:00,-48.764862
2019-05-28 01:23:00+00:00,-43.69458
2019-05-28 01:24:00+00:00,-31.230026
2019-05-28 01:25:00+00:00,-30.885374
2019-05-28 01:26:00+00:00,-32.100952
2019-05-28 01:27:00+00:00,-33.211761
2019-05-28 01:28:00+00:00,-31.59059
2019-05-28 01:29:00+00:00,-29.741289
2019-05-28 01:30:00+00:00,-27.976099
2019-05-28 01:31:00+00:00,-27.709106
2019-05-28 01:32:00+00:00,-30.334526
2019-05-28 01:33:00+00:00,-33.979477
2019-05-28 01:34:00+00:00,-32.307919
2019-05-28 01:35:00+00:00,-30.531071
2019-05-28 01:36:00+00:00,-30.14753
2019-05-28 01:37:00+00:00,-29.11417
2019-05-28 01:38:00+00:00,-28.298658
2019-05-28 01:39:00+00:00,-31.643105
2019-05-28 01:40:00+00:00,-34.711014
2019-05-28 01:41:00+00:00,-36.643944
2019-05-28 01:42:00+00:00,-37.936951
2019-05-28 01:43:00+00:00,-37.151508
2019-05-28 01:44:00+00:00,-36.477051
2019-05-28 01:45:00+00:00,-35.109756
2019-05-28 01:46:00+00:00,-32.10038
2019-05-28 01:47:00+00:00,-28.819962
2019-05-28 01:48:00+00:00,-27.578087
2019-05-28 01:49:00+00:00,-28.544504
2019-05-28 01:50:00+00:00,-28.853983
2019-05-28 01:51:00+00:00,-27.289677
2019-05-28 01:52:00+00:00,-25.526417
2019-05-28 01:53:00+00:00,-26.450985
2019-05-28 01:54:00+00:00,-26.479002
2019-05-28 01:55:00+00:00,-24.510281
2019-05-28 01:56:00+00:00,-22.865913
2019-05-28 01:57:00+00:00,-24.000683
2019-05-28 01:58:00+00:00,-26.026321
2019-05-28 01:59:00+00:00,-24.380289
2019-05-28 02:00:00+00:00,-23.219578
2019-05-28 02:01:00+00:00,-22.988426
2019-05-28 02:02:00+00:00,-24.55978
2019-05-28 02:03:00+00:00,-26.425447
2019-05-28 02:04:00+00:00,-28.189732
2019-05-28 02:05:00+00:00,-28.571003
2019-05-28 02:06:00+00:00,-28.067322
2019-05-28 02:07:00+00:00,-27.777905
2019-05-28 02:08:00+00:00,-27.56489
2019-05-28 02:09:00+00:00,-26.751486
2019-05-28 02:10:00+00:00,-26.919647
2019-05-28 02:11:00+00:00,-28.532925
2019-05-28 02:12:00+00:00,-29.680664
2019-05-28 02:13:00+00:00,-29.547035
2019-05-28 02:14:00+00:00,-29.074013
2019-05-28 02:15:00+00:00,-28.753654
2019-05-28 02:16:00+00:00,-27.445904
2019-05-28 02:17:00+00:00,-26.267956
2019-05-28 02:18:00+00:00,-24.83073
2019-05-28 02:19:00+00:00,-25.462231
2019-05-28 02:20:00+00:00,-25.568289
2019-05-28 02:21:00+00:00,-24.973139
2019-05-28 02:22:00+00:00,-24.529882
2019-05-28 02:23:00+00:00,-25.370602
2019-05-28 02:24:00+00:00,-26.246067
2019-05-28 02:25:00+00:00,-26.662792
2019-05-28 02:26:00+00:00,-25.667709
2019-05-28 02:27:00+00:00,-24.665903
2019-05-28 02:28:00+00:00,-24.117079
2019-05-28 02:29:00+00:00,-24.323006
2019-05-28 02:30:00+00:00,-26.204514
2019-05-28 02:31:00+00:00,-29.887196
2019-05-28 02:32:00+00:00,-32.828297
2019-05-28 02:33:00+00:00,-34.656597
2019-05-28 02:34:00+00:00,-36.082188
2019-05-28 02:35:00+00:00,-37.697739
2019-05-28 02:36:00+00:00,-37.223923
2019-05-28 02:37:00+00:00,-36.853889
2019-05-28 02:38:00+00:00,-40.191452
2019-05-28 02:39:00+00:00,-41.979591
2019-05-28 02:40:00+00:00,-41.74464
2019-05-28 02:41:00+00:00,-42.385708
2019-05-28 02:42:00+00:00,-42.85836
2019-05-28 02:43:00+00:00,-37.978729
2019-05-28 02:44:00+00:00,-40.57943
2019-05-28 02:45:00+00:00,-45.612289
2019-05-28 02:46:00+00:00,-47.288853
2019-05-28 02:47:00+00:00,-48.157921
2019-06-04 00:00:00+00:00,-82.682655
2019-06-04 00:01:00+00:00,-83.809814
2019-06-04 00:02:00+00:00,-83.933342
2019-06-04 00:03:00+00:00,-114.736877
2019-06-04 00:04:00+00:00,-87.200195
2019-06-04 00:05:00+00:00,-91.357613
2019-06-04 00:06:00+00:00,-96.907524
2019-06-04 00:07:00+00:00,-96.191383
2019-06-04 00:08:00+00:00,-100.51796
2019-06-04 00:09:00+00:00,-107.011795
2019-06-04 00:10:00+00:00,-110.412758
2019-06-04 00:11:00+00:00,-106.09124
2019-06-04 00:12:00+00:00,-104.284149
2019-06-04 00:13:00+00:00,-104.793404
2019-06-04 00:14:00+00:00,-101.522064
2019-06-04 00:15:00+00:00,-97.941872
2019-06-04 00:16:00+00:00,-94.6287
2019-06-04 00:17:00+00:00,-90.252632
2019-06-04 00:18:00+00:00,-85.983482
2019-06-04 00:19:00+00:00,-82.423553
2019-06-04 00:20:00+00:00,-79.549271
2019-06-04 00:21:00+00:00,-75.268974
2019-06-04 00:22:00+00:00,-70.841545
2019-06-04 00:23:00+00:00,-66.675568
2019-06-04 00:24:00+00:00,-63.197815
2019-06-04 00:25:00+00:00,-59.414394
2019-06-04 00:26:00+00:00,-55.438644
2019-06-04 00:27:00+00:00,-54.369385
2019-06-04 00:28:00+00:00,-53.101295
2019-06-04 00:29:00+00:00,-57.463013
2019-06-04 00:30:00+00:00,-51.336891
2019-06-04 00:31:00+00:00,-51.745842
2019-06-04 00:32:00+00:00,-55.965378
2019-06-04 00:33:00+00:00,-68.634857
2019-06-04 00:34:00+00:00,-93.218025
2019-06-04 00:35:00+00:00,-113.433998
2019-06-04 00:36:00+00:00,-122.731079
2019-06-04 00:37:00+00:00,-97.443756
2019-06-04 00:38:00+00:00,-132.144836
2019-06-04 00:39:00+00:00,-143.246216
2019-06-04 00:40:00+00:00,-141.913757
2019-06-04 00:41:00+00:00,-150.42543
2019-06-04 00:42:00+00:00,-171.426086
2019-06-04 00:43:00+00:00,-192.549957
2019-06-04 00:44:00+00:00,-188.026703
2019-06-04 00:45:00+00:00,-178.402115
2019-06-04 00:46:00+00:00,-172.810196
2019-06-04 00:47:00+00:00,-158.980835
2019-06-04 00:48:00+00:00,-146.564636
2019-06-04 00:49:00+00:00,-139.402298
2019-06-04 00:50:00+00:00,-128.879776
2019-06-04 00:51:00+00:00,-124.325592
2019-06-04 00:52:00+00:00,-126.638466
2019-06-04 00:53:00+00:00,-127.031044
2019-06-04 00:54:00+00:00,-110.569977
2019-06-04 00:55:00+00:00,-111.202942
2019-06-04 00:56:00+00:00,-107.926514
2019-06-04 00:57:00+00:00,-88.594574
2019-06-04 00:58:00+00:00,-83.787621
2019-06-04 00:59:00+00:00,-78.728973
2019-06-04 01:00:00+00:00,-77.813148
2019-06-04 01:01:00+00:00,-78.20089
2019-06-04 01:02:00+00:00,-65.197632
2019-06-04 01:03:00+00:00,-67.507263
2019-06-04 01:04:00+00:00,-55.653465
2019-06-04 01:05:00+00:00,-54.200836
2019-06-04 01:06:00+00:00,-52.910587
2019-06-04 01:07:00+00:00,-49.791496
2019-06-04 01:08:00+00:00,-45.835186
2019-06-04 01:09:00+00:00,-43.627678
2019-06-04 01:10:00+00:00,-42.539459
2019-06-04 01:11:00+00:00,-40.533283
2019-06-04 01:12:00+00:00,-39.002052
2019-06-04 01:13:00+00:00,-35.11261
2019-06-04 01:14:00+00:00,-32.552055
2019-06-04 01:15:00+00:00,-30.695831
2019-06-04 01:16:00+00:00,-29.698755
2019-06-04 01:17:00+00:00,-28.747398
2019-06-04 01:18:00+00:00,-29.757578
2019-06-04 01:19:00+00:00,-29.770622
2019-06-04 01:20:00+00:00,-28.786789
2019-06-04 01:21:00+00:00,-28.806719
2019-06-04 01:22:00+00:00,-28.830421
2019-06-04 01:23:00+00:00,-27.857906
2019-06-04 01:24:00+00:00,-26.88913
2019-06-04 01:25:00+00:00,-25.923777
2019-06-04 01:26:00+00:00,-25.962021
2019-06-04 01:27:00+00:00,-26.004463
2019-06-04 01:28:00+00:00,-27.052237
2019-06-04 01:29:00+00:00,-26.105286
2019-06-04 01:30:00+00:00,-25.161318
2019-06-04 01:31:00+00:00,-24.222149
2019-06-04 01:32:00+00:00,-24.284073
2019-06-04 01:33:00+00:00,-24.349621
2019-06-04 01:34:00+00:00,-24.417099
2019-06-04 01:35:00+00:00,-23.487053
2019-06-04 01:36:00+00:00,-22.55961
2019-06-04 01:37:00+00:00,-21.634529
2019-06-04 01:38:00+00:00,-20.711767
2019-06-04 01:39:00+00:00,-18.790548
2019-06-04 01:40:00+00:00,-19.87467
2019-06-04 01:41:00+00:00,-19.958454
2019-06-04 01:42:00+00:00,-19.0476
2019-06-04 01:43:00+00:00,-16.138824
2019-06-04 01:44:00+00:00,-16.215515
2019-06-04 01:45:00+00:00,-16.24317
2019-06-04 01:46:00+00:00,-15.272706
2019-06-04 01:47:00+00:00,-16.30228
2019-06-04 01:48:00+00:00,-16.333384
2019-06-04 01:49:00+00:00,-16.360428
2019-06-04 01:50:00+00:00,-61.630104
2019-06-04 01:51:00+00:00,-117.950485
2019-06-04 01:52:00+00:00,-146.37738
2019-06-04 01:53:00+00:00,-120.799934
2019-06-04 01:54:00+00:00,-121.437164
2019-06-04 01:55:00+00:00,-113.688942
2019-06-04 01:56:00+00:00,-91.737129
2019-06-04 01:57:00+00:00,-89.323341
2019-06-04 01:58:00+00:00,-69.192734
2019-06-04 01:59:00+00:00,-65.460052
2019-06-04 02:00:00+00:00,-77.680229
2019-06-04 02:01:00+00:00,-74.1437
2019-06-04 02:02:00+00:00,-94.298958
2019-06-04 02:03:00+00:00,-95.091034
2019-06-04 02:04:00+00:00,-87.741028
2019-06-04 02:05:00+00:00,-60.802319
2019-06-04 02:06:00+00:00,-54.551708
2019-06-04 02:07:00+00:00,-55.410988
2019-06-04 02:08:00+00:00,-46.710674
2019-06-04 02:09:00+00:00,-43.531265
2019-06-04 02:10:00+00:00,-40.16423
2019-06-04 02:11:00+00:00,-40.023518
2019-06-04 02:12:00+00:00,-38.683788
2019-06-04 02:13:00+00:00,-36.807091
2019-06-04 02:14:00+00:00,-44.743484
2019-06-04 02:15:00+00:00,-47.561195
2019-06-04 02:16:00+00:00,-33.508736
2019-06-04 02:17:00+00:00,-47.464268
2019-06-04 02:18:00+00:00,-90.441414
2019-06-04 02:19:00+00:00,-93.363503
2019-06-04 02:20:00+00:00,-95.979851
2019-06-04 02:21:00+00:00,-116.088135
2019-06-04 02:22:00+00:00,-111.18103
2019-06-04 02:23:00+00:00,-73.875183
2019-06-04 02:24:00+00:00,-63.876129
2019-06-04 02:25:00+00:00,-64.196419
2019-06-04 02:26:00+00:00,-61.410252
2019-06-04 02:27:00+00:00,-52.327404
2019-06-04 02:28:00+00:00,-58.785702
2019-06-04 02:29:00+00:00,-60.321632
2019-06-04 02:30:00+00:00,-61.585648
2019-06-04 02:31:00+00:00,-58.941971
2019-06-04 02:32:00+00:00,-64.344223
2019-06-04 02:33:00+00:00,-67.157997
2019-06-04 02:34:00+00:00,-64.991814
2019-06-04 02:35:00+00:00,-64.782555
2019-06-04 02:36:00+00:00,-62.756737
2019-06-04 02:37:00+00:00,-61.527985
2019-06-04 02:38:00+00:00,-61.640385
2019-06-04 02:39:00+00:00,-59.023975
2019-06-04 02:40:00+00:00,-55.547253
2019-06-04 02:41:00+00:00,-53.812519
2019-06-04 02:42:00+00:00,-54.491898
2019-06-04 02:43:00+00:00,-52.915634
2019-06-04 02:44:00+00:00,-52.85849
2019-06-04 02:45:00+00:00,-54.675461
2019-06-04 02:46:00+00:00,-57.671532
2019-06-04 02:47:00+00:00,-57.581776
2019-06-11 00:00:00+00:00,-97.64817
2019-06-11 00:01:00+00:00,-90.767555
2019-06-11 00:02:00+00:00,-81.858131
2019-06-11 00:03:00+00:00,-110.758286
2019-06-11 00:04:00+00:00,-130.084305
2019-06-11 00:05:00+00:00,-131.457855
2019-06-11 00:06:00+00:00,-151.38678
2019-06-11 00:07:00+00:00,-139.171478
2019-06-11 00:08:00+00:00,-136.835434
2019-06-11 00:09:00+00:00,-117.456879
2019-06-11 00:10:00+00:00,-106.067612
2019-06-11 00:11:00+00:00,-101.367882
2019-06-11 00:12:00+00:00,-99.52964
2019-06-11 00:13:00+00:00,-99.886948
2019-06-11 00:14:00+00:00,-98.274826
2019-06-11 00:15:00+00:00,-89.286133
2019-06-11 00:16:00+00:00,-80.952316
2019-06-11 00:17:00+00:00,-74.526131
2019-06-11 00:18:00+00:00,-70.670845
2019-06-11 00:19:00+00:00,-67.294739
2019-06-11 00:20:00+00:00,-61.429115
2019-06-11 00:21:00+00:00,-56.841152
2019-06-11 00:22:00+00:00,-52.244293
2019-06-11 00:23:00+00:00,-48.860695
2019-06-11 00:24:00+00:00,-47.001183
2019-06-11 00:25:00+00:00,-44.736015
2019-06-11 00:26:00+00:00,-40.836754
2019-06-11 00:27:00+00:00,-36.162346
2019-06-11 00:28:00+00:00,-31.909159
2019-06-11 00:29:00+00:00,-29.380482
2019-06-11 00:30:00+00:00,-29.536348
2019-06-11 00:31:00+00:00,-33.491673
2019-06-11 00:32:00+00:00,-39.09964
2019-06-11 00:33:00+00:00,-37.69643
2019-06-11 00:34:00+00:00,-42.196079
2019-06-11 00:35:00+00:00,-29.709423
2019-06-11 00:36:00+00:00,-29.85779
2019-06-11 00:37:00+00:00,-26.399204
2019-06-11 00:38:00+00:00,-25.418066
2019-06-11 00:39:00+00:00,-25.437452
2019-06-11 00:40:00+00:00,-25.456953
2019-06-11 00:41:00+00:00,-24.473114
2019-06-11 00:42:00+00:00,-24.489807
2019-06-11 00:43:00+00:00,-24.50993
2019-06-11 00:44:00+00:00,-24.525631
2019-06-11 00:45:00+00:00,-24.802715
2019-06-11 00:46:00+00:00,-50.906372
2019-06-11 00:47:00+00:00,-28.806124
2019-06-11 00:48:00+00:00,-29.319286
2019-06-11 00:49:00+00:00,-27.214634
2019-06-11 00:50:00+00:00,-24.87492
2019-06-11 00:51:00+00:00,-25.139725
2019-06-11 00:52:00+00:00,-34.292656
2019-06-11 00:53:00+00:00,-32.109238
2019-06-11 00:54:00+00:00,-39.31723
2019-06-11 00:55:00+00:00,-33.490456
2019-06-11 00:56:00+00:00,-28.750023
2019-06-11 00:57:00+00:00,-28.891651
2019-06-11 00:58:00+00:00,-26.450134
2019-06-11 00:59:00+00:00,-37.621193
2019-06-11 01:00:00+00:00,-34.081551
2019-06-11 01:01:00+00:00,-32.201515
2019-06-11 01:02:00+00:00,-35.149837
2019-06-11 01:03:00+00:00,-48.124748
2019-06-11 01:04:00+00:00,-57.403831
2019-06-11 01:05:00+00:00,-47.580967
2019-06-11 01:06:00+00:00,-40.502823
2019-06-11 01:07:00+00:00,-49.250839
2019-06-11 01:08:00+00:00,-59.914223
2019-06-11 01:09:00+00:00,-71.161545
2019-06-11 01:10:00+00:00,-76.198868
2019-06-11 01:11:00+00:00,-73.940315
2019-06-11 01:12:00+00:00,-71.087593
2019-06-11 01:13:00+00:00,-53.848766
2019-06-11 01:14:00+00:00,-58.860115
2019-06-11 01:15:00+00:00,-61.991814
2019-06-11 01:16:00+00:00,-71.428726
2019-06-11 01:17:00+00:00,-80.796936
2019-06-11 01:18:00+00:00,-82.343758
2019-06-11 01:19:00+00:00,-75.033615
2019-06-11 01:20:00+00:00,-75.899261
2019-06-11 01:21:00+00:00,-71.979706
2019-06-11 01:22:00+00:00,-70.860794
2019-06-11 01:23:00+00:00,-81.573631
2019-06-11 01:24:00+00:00,-79.079575
2019-06-11 01:25:00+00:00,-72.610641
2019-06-11 01:26:00+00:00,-65.546562
2019-06-11 01:27:00+00:00,-69.62645
2019-06-11 01:28:00+00:00,-56.260483
2019-06-11 01:29:00+00:00,-52.389488
2019-06-11 01:30:00+00:00,-50.020512
2019-06-11 01:31:00+00:00,-49.60762
2019-06-11 01:32:00+00:00,-55.39299
2019-06-11 01:33:00+00:00,-57.921658
2019-06-11 01:34:00+00:00,-55.414108
2019-06-11 01:35:00+00:00,-54.467506
2019-06-11 01:36:00+00:00,-59.963242
2019-06-11 01:37:00+00:00,-64.819473
2019-06-11 01:38:00+00:00,-63.005417
2019-06-11 01:39:00+00:00,-68.378532
2019-06-11 01:40:00+00:00,-66.998207
2019-06-11 01:41:00+00:00,-77.660225
2019-06-11 01:42:00+00:00,-80.711166
2019-06-11 01:43:00+00:00,-65.435478
2019-06-11 01:44:00+00:00,-67.467644
2019-06-11 01:45:00+00:00,-66.854019
2019-06-11 01:46:00+00:00,-63.644821
2019-06-11 01:47:00+00:00,-60.599522
2019-06-11 01:48:00+00:00,-57.197903
2019-06-11 01:49:00+00:00,-55.198898
2019-06-11 01:50:00+00:00,-55.462009
2019-06-11 01:51:00+00:00,-57.697338
2019-06-11 01:52:00+00:00,-60.228264
2019-06-11 01:53:00+00:00,-68.001495
2019-06-11 01:54:00+00:00,-70.551651
2019-06-11 01:55:00+00:00,-65.161888
2019-06-11 01:56:00+00:00,-60.044674
2019-06-11 01:57:00+00:00,-56.413185
2019-06-11 01:58:00+00:00,-53.003899
2019-06-11 01:59:00+00:00,-48.207561
2019-06-11 02:00:00+00:00,-41.797752
2019-06-11 02:01:00+00:00,-33.627121
2019-06-11 02:02:00+00:00,-25.876375
2019-06-11 02:03:00+00:00,-25.937172
2019-06-11 02:04:00+00:00,-23.407394
2019-06-11 02:05:00+00:00,-22.764088
2019-06-11 02:06:00+00:00,-26.124918
2019-06-11 02:07:00+00:00,-31.450203
2019-06-11 02:08:00+00:00,-28.239037
2019-06-11 02:09:00+00:00,-24.746502
2019-06-11 02:10:00+00:00,-29.183887
2019-06-11 02:11:00+00:00,-36.581482
2019-06-11 02:12:00+00:00,-45.728371
2019-06-11 02:13:00+00:00,-40.555222
2019-06-11 02:14:00+00:00,-41.616642
2019-06-11 02:15:00+00:00,-45.340546
2019-06-11 02:16:00+00:00,-47.671734
2019-06-11 02:17:00+00:00,-49.607304
2019-06-11 02:18:00+00:00,-49.858536
2019-06-11 02:19:00+00:00,-45.566021
2019-06-11 02:20:00+00:00,-42.872288
2019-06-11 02:21:00+00:00,-43.798782
2019-06-11 02:22:00+00:00,-46.126709
2019-06-11 02:23:00+00:00,-76.203094
2019-06-11 02:24:00+00:00,-103.253769
2019-06-11 02:25:00+00:00,-100.904526
2019-06-11 02:26:00+00:00,-91.681747
2019-06-11 02:27:00+00:00,-93.794418
2019-06-11 02:28:00+00:00,-119.565819
2019-06-11 02:29:00+00:00,-107.73716
2019-06-11 02:30:00+00:00,-87.415886
2019-06-11 02:31:00+00:00,-70.527397
2019-06-11 02:32:00+00:00,-68.560959
2019-06-11 02:33:00+00:00,-76.246674
2019-06-11 02:34:00+00:00,-79.17868
2019-06-11 02:35:00+00:00,-78.791428
2019-06-11 02:36:00+00:00,-77.113197
2019-06-11 02:37:00+00:00,-74.403633
2019-06-11 02:38:00+00:00,-83.814789
2019-06-11 02:39:00+00:00,-78.816544
2019-06-11 02:40:00+00:00,-76.92923
2019-06-11 02:41:00+00:00,-62.349094
2019-06-11 02:42:00+00:00,-53.322227
2019-06-11 02:43:00+00:00,-52.882572
2019-06-11 02:44:00+00:00,-48.75103
2019-06-11 02:45:00+00:00,-44.974281
2019-06-11 02:46:00+00:00,-46.886406
2019-06-11 02:47:00+00:00,-56.443737
2019-06-18 00:00:00+00:00,-20.680752
2019-06-18 00:01:00+00:00,-19.612877
2019-06-18 00:02:00+00:00,-18.966007
2019-06-18 00:03:00+00:00,-17.891396
2019-06-18 00:04:00+00:00,-16.822334
2019-06-18 00:05:00+00:00,-15.470779
2019-06-18 00:06:00+00:00,-14.439304
2019-06-18 00:07:00+00:00,-13.933037
2019-06-18 00:08:00+00:00,-13.599182
2019-06-18 00:09:00+00:00,-12.539841
2019-06-18 00:10:00+00:00,-11.710543
2019-06-18 00:11:00+00:00,-11.404951
2019-06-18 00:12:00+00:00,-16.30732
2019-06-18 00:13:00+00:00,-17.277044
2019-06-18 00:14:00+00:00,-19.256763
2019-06-18 00:15:00+00:00,-22.240593
2019-06-18 00:16:00+00:00,-20.214138
2019-06-18 00:17:00+00:00,-18.190496
2019-06-18 00:18:00+00:00,-16.166986
2019-06-18 00:19:00+00:00,-16.143583
2019-06-18 00:20:00+00:00,-17.11636
2019-06-18 00:21:00+00:00,-18.087244
2019-06-18 00:22:00+00:00,-18.060118
2019-06-18 00:23:00+00:00,-18.036228
2019-06-18 00:24:00+00:00,-19.016914
2019-06-18 00:25:00+00:00,-16.995613
2019-06-18 00:26:00+00:00,-12.972301
2019-06-18 00:27:00+00:00,-12.950858
2019-06-18 00:28:00+00:00,-12.203561
2019-06-18 00:29:00+00:00,-13.010988
2019-06-18 00:30:00+00:00,-13.679248
2019-06-18 00:31:00+00:00,-13.762253
2019-06-18 00:32:00+00:00,-13.871376
2019-06-18 00:33:00+00:00,-12.493958
2019-06-18 00:34:00+00:00,-12.858204
2019-06-18 00:35:00+00:00,-13.968722
2019-06-18 00:36:00+00:00,-14.266884
2019-06-18 00:37:00+00:00,-15.233871
2019-06-18 00:38:00+00:00,-15.633884
2019-06-18 00:39:00+00:00,-13.874744
2019-06-18 00:40:00+00:00,-12.664131
2019-06-18 00:41:00+00:00,-13.622585
2019-06-18 00:42:00+00:00,-14.05744
2019-06-18 00:43:00+00:00,-13.421033
2019-06-18 00:44:00+00:00,-13.441612
2019-06-18 00:45:00+00:00,-18.602974
2019-06-18 00:46:00+00:00,-27.597069
2019-06-18 00:47:00+00:00,-32.779034
2019-06-18 00:48:00+00:00,-22.54166
2019-06-18 00:49:00+00:00,-16.732822
2019-06-18 00:50:00+00:00,-23.220892
2019-06-18 00:51:00+00:00,-28.178928
2019-06-18 00:52:00+00:00,-32.336639
2019-06-18 00:53:00+00:00,-31.696665
2019-06-18 00:54:00+00:00,-28.463425
2019-06-18 00:55:00+00:00,-25.083815
2019-06-18 00:56:00+00:00,-22.528751
2019-06-18 00:57:00+00:00,-19.40196
2019-06-18 00:58:00+00:00,-16.189003
2019-06-18 00:59:00+00:00,-15.716263
2019-06-18 01:00:00+00:00,-18.964418
2019-06-18 01:01:00+00:00,-19.702908
2019-06-18 01:02:00+00:00,-21.002056
2019-06-18 01:03:00+00:00,-21.924698
2019-06-18 01:04:00+00:00,-20.653551
2019-06-18 01:05:00+00:00,-17.406481
2019-06-18 01:06:00+00:00,-16.35737
2019-06-18 01:07:00+00:00,-16.493679
2019-06-18 01:08:00+00:00,-17.359169
2019-06-18 01:09:00+00:00,-16.53397
2019-06-18 01:10:00+00:00,-16.834967
2019-06-18 01:11:00+00:00,-18.106779
2019-06-18 01:12:00+00:00,-21.04273
2019-06-18 01:13:00+00:00,-24.273062
2019-06-18 01:14:00+00:00,-24.775408
2019-06-18 01:15:00+00:00,-28.984436
2019-06-18 01:16:00+00:00,-29.172913
2019-06-18 01:17:00+00:00,-28.223412
2019-06-18 01:18:00+00:00,-26.625412
2019-06-18 01:19:00+00:00,-25.121202
2019-06-18 01:20:00+00:00,-21.210876
2019-06-18 01:21:00+00:00,-16.093746
2019-06-18 01:22:00+00:00,-12.807552
2019-06-18 01:23:00+00:00,-12.860413
2019-06-18 01:24:00+00:00,-13.323748
2019-06-18 01:25:00+00:00,-14.055269
2019-06-18 01:26:00+00:00,-14.854789
2019-06-18 01:27:00+00:00,-15.492817
2019-06-18 01:28:00+00:00,-15.108032
2019-06-18 01:29:00+00:00,-14.055904
2019-06-18 01:30:00+00:00,-13.010269
2019-06-18 01:31:00+00:00,-13.030798
2019-06-18 01:32:00+00:00,-13.069166
2019-06-18 01:33:00+00:00,-13.877547
2019-06-18 01:34:00+00:00,-14.094625
2019-06-18 01:35:00+00:00,-14.292681
2019-06-18 01:36:00+00:00,-14.575241
2019-06-18 01:37:00+00:00,-14.548769
2019-06-18 01:38:00+00:00,-14.842274
2019-06-18 01:39:00+00:00,-15.162605
2019-06-18 01:40:00+00:00,-15.708124
2019-06-18 01:41:00+00:00,-15.822595
2019-06-18 01:42:00+00:00,-15.940601
2019-06-18 01:43:00+00:00,-16.148094
2019-06-18 01:44:00+00:00,-15.940205
2019-06-18 01:45:00+00:00,-15.737845
2019-06-18 01:46:00+00:00,-15.653344
2019-06-18 01:47:00+00:00,-15.739423
2019-06-18 01:48:00+00:00,-15.808613
2019-06-18 01:49:00+00:00,-15.351164
2019-06-18 01:50:00+00:00,-14.810131
2019-06-18 01:51:00+00:00,-14.394331
2019-06-18 01:52:00+00:00,-14.276184
2019-06-18 01:53:00+00:00,-14.291597
2019-06-18 01:54:00+00:00,-14.22777
2019-06-18 01:55:00+00:00,-13.460831
2019-06-18 01:56:00+00:00,-13.235252
2019-06-18 01:57:00+00:00,-14.87963
2019-06-18 01:58:00+00:00,-14.607073
2019-06-18 01:59:00+00:00,-15.737028
2019-06-18 02:00:00+00:00,-16.368465
2019-06-18 02:01:00+00:00,-16.543056
2019-06-18 02:02:00+00:00,-16.729521
2019-06-18 02:03:00+00:00,-15.688435
2019-06-18 02:04:00+00:00,-15.271572
2019-06-18 02:05:00+00:00,-15.772125
2019-06-18 02:06:00+00:00,-15.870403
2019-06-18 02:07:00+00:00,-15.324913
2019-06-18 02:08:00+00:00,-15.711296
2019-06-18 02:09:00+00:00,-16.213478
2019-06-18 02:10:00+00:00,-17.692808
2019-06-18 02:11:00+00:00,-19.639584
2019-06-18 02:12:00+00:00,-21.278294
2019-06-18 02:13:00+00:00,-21.803131
2019-06-18 02:14:00+00:00,-21.495199
2019-06-18 02:15:00+00:00,-20.620958
2019-06-18 02:16:00+00:00,-21.054432
2019-06-18 02:17:00+00:00,-21.543083
2019-06-18 02:18:00+00:00,-22.160275
2019-06-18 02:19:00+00:00,-22.781933
2019-06-18 02:20:00+00:00,-23.026655
2019-06-18 02:21:00+00:00,-22.907572
2019-06-18 02:22:00+00:00,-22.314278
2019-06-18 02:23:00+00:00,-21.850168
2019-06-18 02:24:00+00:00,-22.0748
2019-06-18 02:25:00+00:00,-22.082874
2019-06-18 02:26:00+00:00,-21.351875
2019-06-18 02:27:00+00:00,-20.765537
2019-06-18 02:28:00+00:00,-20.989334
2019-06-18 02:29:00+00:00,-21.663353
2019-06-18 02:30:00+00:00,-22.276793
2019-06-18 02:31:00+00:00,-22.821135
2019-06-18 02:32:00+00:00,-22.686335
2019-06-18 02:33:00+00:00,-23.446371
2019-06-18 02:34:00+00:00,-24.041203
2019-06-18 02:35:00+00:00,-24.047506
2019-06-18 02:36:00+00:00,-23.796358
2019-06-18 02:37:00+00:00,-22.912285
2019-06-18 02:38:00+00:00,-22.548128
2019-06-18 02:39:00+00:00,-23.547104
2019-06-18 02:40:00+00:00,-30.244373
2019-06-18 02:41:00+00:00,-33.487179
2019-06-18 02:42:00+00:00,-33.651752
2019-06-18 02:43:00+00:00,-29.977495
2019-06-18 02:44:00+00:00,-30.18367
2019-06-18 02:45:00+00:00,-28.506813
2019-06-18 02:46:00+00:00,-28.155466
2019-06-18 02:47:00+00:00,-28.400543
2019-06-25 00:00:00+00:00,-36.417114
2019-06-25 00:01:00+00:00,-36.5159
2019-06-25 00:02:00+00:00,-36.289604
2019-06-25 00:03:00+00:00,-36.956604
2019-06-25 00:04:00+00:00,-38.974892
2019-06-25 00:05:00+00:00,-39.040741
2019-06-25 00:06:00+00:00,-38.261551
2019-06-25 00:07:00+00:00,-38.98008
2019-06-25 00:08:00+00:00,-38.331627
2019-06-25 00:09:00+00:00,-37.933228
2019-06-25 00:10:00+00:00,-37.943619
2019-06-25 00:11:00+00:00,-36.963375
2019-06-25 00:12:00+00:00,-35.770798
2019-06-25 00:13:00+00:00,-34.143219
2019-06-25 00:14:00+00:00,-32.851448
2019-06-25 00:15:00+00:00,-32.146507
2019-06-25 00:16:00+00:00,-29.87196
2019-06-25 00:17:00+00:00,-29.331999
2019-06-25 00:18:00+00:00,-29.219793
2019-06-25 00:19:00+00:00,-27.810759
2019-06-25 00:20:00+00:00,-27.28265
2019-06-25 00:21:00+00:00,-28.238031
2019-06-25 00:22:00+00:00,-26.417162
2019-06-25 00:23:00+00:00,-27.618464
2019-06-25 00:24:00+00:00,-27.985367
2019-06-25 00:25:00+00:00,-27.427652
2019-06-25 00:26:00+00:00,-25.450226
2019-06-25 00:27:00+00:00,-23.218147
2019-06-25 00:28:00+00:00,-23.638062
2019-06-25 00:29:00+00:00,-25.601526
2019-06-25 00:30:00+00:00,-26.560591
2019-06-25 00:31:00+00:00,-27.516701
2019-06-25 00:32:00+00:00,-26.479649
2019-06-25 00:33:00+00:00,-27.437607
2019-06-25 00:34:00+00:00,-27.392578
2019-06-25 00:35:00+00:00,-28.346558
2019-06-25 00:36:00+00:00,-27.30057
2019-06-25 00:37:00+00:00,-28.24782
2019-06-25 00:38:00+00:00,-30.896704
2019-06-25 00:39:00+00:00,-31.513121
2019-06-25 00:40:00+00:00,-33.191647
2019-06-25 00:41:00+00:00,-30.58893
2019-06-25 00:42:00+00:00,-30.729059
2019-06-25 00:43:00+00:00,-31.094944
2019-06-25 00:44:00+00:00,-31.806736
2019-06-25 00:45:00+00:00,-33.059277
2019-06-25 00:46:00+00:00,-34.90876
2019-06-25 00:47:00+00:00,-33.77372
2019-06-25 00:48:00+00:00,-35.310905
2019-06-25 00:49:00+00:00,-35.016457
2019-06-25 00:50:00+00:00,-33.293728
2019-06-25 00:51:00+00:00,-32.593929
2019-06-25 00:52:00+00:00,-32.548935
2019-06-25 00:53:00+00:00,-31.342209
2019-06-25 00:54:00+00:00,-29.500477
2019-06-25 00:55:00+00:00,-29.350773
2019-06-25 00:56:00+00:00,-27.835518
2019-06-25 00:57:00+00:00,-27.056309
2019-06-25 00:58:00+00:00,-25.70166
2019-06-25 00:59:00+00:00,-25.098806
2019-06-25 01:00:00+00:00,-25.041639
2019-06-25 01:01:00+00:00,-24.983547
2019-06-25 01:02:00+00:00,-24.928221
2019-06-25 01:03:00+00:00,-26.202808
2019-06-25 01:04:00+00:00,-26.377144
2019-06-25 01:05:00+00:00,-23.862288
2019-06-25 01:06:00+00:00,-23.947369
2019-06-25 01:07:00+00:00,-26.130068
2019-06-25 01:08:00+00:00,-25.342461
2019-06-25 01:09:00+00:00,-25.679823
2019-06-25 01:10:00+00:00,-26.446602
2019-06-25 01:11:00+00:00,-26.680902
2019-06-25 01:12:00+00:00,-26.343584
2019-06-25 01:13:00+00:00,-26.059959
2019-06-25 01:14:00+00:00,-26.47917
2019-06-25 01:15:00+00:00,-25.169909
2019-06-25 01:16:00+00:00,-24.106943
2019-06-25 01:17:00+00:00,-24.041868
2019-06-25 01:18:00+00:00,-23.983736
2019-06-25 01:19:00+00:00,-22.923813
2019-06-25 01:20:00+00:00,-23.864101
2019-06-25 01:21:00+00:00,-22.808565
2019-06-25 01:22:00+00:00,-23.74749
2019-06-25 01:23:00+00:00,-23.682167
2019-06-25 01:24:00+00:00,-23.623859
2019-06-25 01:25:00+00:00,-23.568966
2019-06-25 01:26:00+00:00,-23.513634
2019-06-25 01:27:00+00:00,-23.460844
2019-06-25 01:28:00+00:00,-24.401861
2019-06-25 01:29:00+00:00,-23.344553
2019-06-25 01:30:00+00:00,-23.28702
2019-06-25 01:31:00+00:00,-23.231302
2019-06-25 01:32:00+00:00,-21.179226
2019-06-25 01:33:00+00:00,-22.20499
2019-06-25 01:34:00+00:00,-22.105125
2019-06-25 01:35:00+00:00,-23.370514
2019-06-25 01:36:00+00:00,-24.327023
2019-06-25 01:37:00+00:00,-28.124432
2019-06-25 01:38:00+00:00,-34.301201
2019-06-25 01:39:00+00:00,-43.586185
2019-06-25 01:40:00+00:00,-42.263931
2019-06-25 01:41:00+00:00,-30.251469
2019-06-25 01:42:00+00:00,-32.099613
2019-06-25 01:43:00+00:00,-38.7957
2019-06-25 01:44:00+00:00,-32.042892
2019-06-25 01:45:00+00:00,-29.684971
2019-06-25 01:46:00+00:00,-30.880581
2019-06-25 01:47:00+00:00,-23.512749
2019-06-25 01:48:00+00:00,-22.344513
2019-06-25 01:49:00+00:00,-23.293087
2019-06-25 01:50:00+00:00,-24.245981
2019-06-25 01:51:00+00:00,-24.198328
2019-06-25 01:52:00+00:00,-25.146236
2019-06-25 01:53:00+00:00,-23.103004
2019-06-25 01:54:00+00:00,-25.053818
2019-06-25 01:55:00+00:00,-25.010986
2019-06-25 01:56:00+00:00,-24.962803
2019-06-25 01:57:00+00:00,-24.913193
2019-06-25 01:58:00+00:00,-24.871939
2019-06-25 01:59:00+00:00,-23.827335
2019-06-25 02:00:00+00:00,-24.784283
2019-06-25 02:01:00+00:00,-24.737629
2019-06-25 02:02:00+00:00,-24.694735
2019-06-25 02:03:00+00:00,-24.656277
2019-06-25 02:04:00+00:00,-25.611506
2019-06-25 02:05:00+00:00,-26.570171
2019-06-25 02:06:00+00:00,-26.527378
2019-06-25 02:07:00+00:00,-27.485065
2019-06-25 02:08:00+00:00,-29.441107
2019-06-25 02:09:00+00:00,-28.40559
2019-06-25 02:10:00+00:00,-28.364655
2019-06-25 02:11:00+00:00,-26.328054
2019-06-25 02:12:00+00:00,-26.289917
2019-06-25 02:13:00+00:00,-26.25218
2019-06-25 02:14:00+00:00,-27.215811
2019-06-25 02:15:00+00:00,-27.182747
2019-06-25 02:16:00+00:00,-29.143143
2019-06-25 02:17:00+00:00,-29.106894
2019-06-25 02:18:00+00:00,-29.070984
2019-06-25 02:19:00+00:00,-30.031488
2019-06-25 02:20:00+00:00,-30.99621
2019-06-25 02:21:00+00:00,-30.9583
2019-06-25 02:22:00+00:00,-30.92165
2019-06-25 02:23:00+00:00,-30.888197
2019-06-25 02:24:00+00:00,-31.85013
2019-06-25 02:25:00+00:00,-31.81426
2019-06-25 02:26:00+00:00,-31.778622
2019-06-25 02:27:00+00:00,-30.743202
2019-06-25 02:28:00+00:00,-30.70701
2019-06-25 02:29:00+00:00,-30.670033
2019-06-25 02:30:00+00:00,-42.621746
2019-06-25 02:31:00+00:00,-41.579128
2019-06-25 02:32:00+00:00,-79.307358
2019-06-25 02:33:00+00:00,-159.898422
2019-06-25 02:34:00+00:00,-106.141403
2019-06-25 02:35:00+00:00,-85.934723
2019-06-25 02:36:00+00:00,-64.046936
2019-06-25 02:37:00+00:00,-60.611851
2019-06-25 02:38:00+00:00,-57.835835
2019-06-25 02:39:00+00:00,-46.254391
2019-06-25 02:40:00+00:00,-35.681805
2019-06-25 02:41:00+00:00,-31.860294
2019-06-25 02:42:00+00:00,-30.391903
2019-06-25 02:43:00+00:00,-28.452166
2019-06-25 02:44:00+00:00,-26.345591
2019-06-25 02:45:00+00:00,-26.11838
2019-06-25 02:46:00+00:00,-26.113947
2019-06-25 02:47:00+00:00,-30.249889
2019-07-02 00:00:00+00:00,-174.755692
2019-07-02 00:01:00+00:00,-176.928192
2019-07-02 00:02:00+00:00,-180.297745
2019-07-02 00:03:00+00:00,-183.96666
2019-07-02 00:04:00+00:00,-184.953522
2019-07-02 00:05:00+00:00,-195.117691
2019-07-02 00:06:00+00:00,-202.906479
2019-07-02 00:07:00+00:00,-200.309158
2019-07-02 00:08:00+00:00,-200.000427
2019-07-02 00:09:00+00:00,-195.250076
2019-07-02 00:10:00+00:00,-193.295288
2019-07-02 00:11:00+00:00,-189.48082
2019-07-02 00:12:00+00:00,-191.070358
2019-07-02 00:13:00+00:00,-188.690872
2019-07-02 00:14:00+00:00,-187.700104
2019-07-02 00:15:00+00:00,-195.396774
2019-07-02 00:16:00+00:00,-203.16507
2019-07-02 00:17:00+00:00,-207.238159
2019-07-02 00:18:00+00:00,-200.505875
2019-07-02 00:19:00+00:00,-200.690002
2019-07-02 00:20:00+00:00,-194.639221
2019-07-02 00:21:00+00:00,-220.867294
2019-07-02 00:22:00+00:00,-232.907471
2019-07-02 00:23:00+00:00,-226.280624
2019-07-02 00:24:00+00:00,-226.250946
2019-07-02 00:25:00+00:00,-234.651749
2019-07-02 00:26:00+00:00,-235.183319
2019-07-02 00:27:00+00:00,-234.147491
2019-07-02 00:28:00+00:00,-224.506332
2019-07-02 00:29:00+00:00,-217.005676
2019-07-02 00:30:00+00:00,-251.048447
2019-07-02 00:31:00+00:00,-232.143982
2019-07-02 00:32:00+00:00,-232.936081
2019-07-02 00:33:00+00:00,-239.18808
2019-07-02 00:34:00+00:00,-239.97226
2019-07-02 00:35:00+00:00,-237.58783
2019-07-02 00:36:00+00:00,-234.892944
2019-07-02 00:37:00+00:00,-233.236313
2019-07-02 00:38:00+00:00,-236.121964
2019-07-02 00:39:00+00:00,-243.065613
2019-07-02 00:40:00+00:00,-239.496017
2019-07-02 00:41:00+00:00,-245.714783
2019-07-02 00:42:00+00:00,-250.480576
2019-07-02 00:43:00+00:00,-250.538361
2019-07-02 00:44:00+00:00,-246.257156
2019-07-02 00:45:00+00:00,-235.248154
2019-07-02 00:46:00+00:00,-237.807892
2019-07-02 00:47:00+00:00,-230.903214
2019-07-02 00:48:00+00:00,-217.641174
2019-07-02 00:49:00+00:00,-207.451019
2019-07-02 00:50:00+00:00,-200.021637
2019-07-02 00:51:00+00:00,-191.170273
2019-07-02 00:52:00+00:00,-189.763
2019-07-02 00:53:00+00:00,-184.670746
2019-07-02 00:54:00+00:00,-178.165649
2019-07-02 00:55:00+00:00,-169.392029
2019-07-02 00:56:00+00:00,-175.634033
2019-07-02 00:57:00+00:00,-176.419174
2019-07-02 00:58:00+00:00,-177.318634
2019-07-02 00:59:00+00:00,-169.094925
2019-07-02 01:00:00+00:00,-169.894043
2019-07-02 01:01:00+00:00,-162.503525
2019-07-02 01:02:00+00:00,-168.071365
2019-07-02 01:03:00+00:00,-165.978622
2019-07-02 01:04:00+00:00,-170.08638
2019-07-02 01:05:00+00:00,-160.017426
2019-07-02 01:06:00+00:00,-164.910767
2019-07-02 01:07:00+00:00,-184.646423
2019-07-02 01:08:00+00:00,-190.396927
2019-07-02 01:09:00+00:00,-183.567169
2019-07-02 01:10:00+00:00,-175.011719
2019-07-02 01:11:00+00:00,-169.313461
2019-07-02 01:12:00+00:00,-163.205704
2019-07-02 01:13:00+00:00,-161.295792
2019-07-02 01:14:00+00:00,-160.423462
2019-07-02 01:15:00+00:00,-160.122787
2019-07-02 01:16:00+00:00,-155.9814
2019-07-02 01:17:00+00:00,-160.160049
2019-07-02 01:18:00+00:00,-159.43837
2019-07-02 01:19:00+00:00,-165.41127
2019-07-02 01:20:00+00:00,-167.327881
2019-07-02 01:21:00+00:00,-164.159973
2019-07-02 01:22:00+00:00,-164.795547
2019-07-02 01:23:00+00:00,-167.973282
2019-07-02 01:24:00+00:00,-170.885437
2019-07-02 01:25:00+00:00,-168.774567
2019-07-02 01:26:00+00:00,-162.592682
2019-07-02 01:27:00+00:00,-156.626846
2019-07-02 01:28:00+00:00,-155.752899
2019-07-02 01:29:00+00:00,-155.300842
2019-07-02 01:30:00+00:00,-150.18074
2019-07-02 01:31:00+00:00,-147.243271
2019-07-02 01:32:00+00:00,-148.521179
2019-07-02 01:33:00+00:00,-161.263123
2019-07-02 01:34:00+00:00,-172.588058
2019-07-02 01:35:00+00:00,-176.234329
2019-07-02 01:36:00+00:00,-175.139496
2019-07-02 01:37:00+00:00,-169.718674
2019-07-02 01:38:00+00:00,-170.778229
2019-07-02 01:39:00+00:00,-164.66658
2019-07-02 01:40:00+00:00,-160.546906
2019-07-02 01:41:00+00:00,-164.626678
2019-07-02 01:42:00+00:00,-170.784866
2019-07-02 01:43:00+00:00,-171.901627
2019-07-02 01:44:00+00:00,-176.409653
2019-07-02 01:45:00+00:00,-173.134186
2019-07-02 01:46:00+00:00,-164.420502
2019-07-02 01:47:00+00:00,-155.015793
2019-07-02 01:48:00+00:00,-156.584488
2019-07-02 01:49:00+00:00,-154.983551
2019-07-02 01:50:00+00:00,-153.064133
2019-07-02 01:51:00+00:00,-149.638016
2019-07-02 01:52:00+00:00,-148.518692
2019-07-02 01:53:00+00:00,-151.107346
2019-07-02 01:54:00+00:00,-157.604462
2019-07-02 01:55:00+00:00,-161.874557
2019-07-02 01:56:00+00:00,-163.595398
2019-07-02 01:57:00+00:00,-165.267929
2019-07-02 01:58:00+00:00,-168.231003
2019-07-02 01:59:00+00:00,-168.231705
2019-07-02 02:00:00+00:00,-163.598114
2019-07-02 02:01:00+00:00,-155.418716
2019-07-02 02:02:00+00:00,-151.998535
2019-07-02 02:03:00+00:00,-148.28183
2019-07-02 02:04:00+00:00,-145.006805
2019-07-02 02:05:00+00:00,-148.021011
2019-07-02 02:06:00+00:00,-154.945236
2019-07-02 02:07:00+00:00,-160.840591
2019-07-02 02:08:00+00:00,-164.338669
2019-07-02 02:09:00+00:00,-162.634949
2019-07-02 02:10:00+00:00,-156.347946
2019-07-02 02:11:00+00:00,-148.781281
2019-07-02 02:12:00+00:00,-139.110626
2019-07-02 02:13:00+00:00,-136.111557
2019-07-02 02:14:00+00:00,-138.606812
2019-07-02 02:15:00+00:00,-140.331192
2019-07-02 02:16:00+00:00,-132.263885
2019-07-02 02:17:00+00:00,-122.803581
2019-07-02 02:18:00+00:00,-120.998268
2019-07-02 02:19:00+00:00,-124.061806
2019-07-02 02:20:00+00:00,-134.196808
2019-07-02 02:21:00+00:00,-142.835434
2019-07-02 02:22:00+00:00,-141.82135
2019-07-02 02:23:00+00:00,-139.014801
2019-07-02 02:24:00+00:00,-135.239166
2019-07-02 02:25:00+00:00,-136.273514
2019-07-02 02:26:00+00:00,-134.682037
2019-07-02 02:27:00+00:00,-129.774292
2019-07-02 02:28:00+00:00,-131.803223
2019-07-02 02:29:00+00:00,-136.864532
2019-07-02 02:30:00+00:00,-137.003143
2019-07-02 02:31:00+00:00,-135.266235
2019-07-02 02:32:00+00:00,-135.509399
2019-07-02 02:33:00+00:00,-134.861511
2019-07-02 02:34:00+00:00,-130.094009
2019-07-02 02:35:00+00:00,-123.751747
2019-07-02 02:36:00+00:00,-115.157845
2019-07-02 02:37:00+00:00,-112.056763
2019-07-02 02:38:00+00:00,-113.204002
2019-07-02 02:39:00+00:00,-125.616974
2019-07-02 02:40:00+00:00,-138.154694
2019-07-02 02:41:00+00:00,-144.832291
2019-07-02 02:42:00+00:00,-143.841675
2019-07-02 02:43:00+00:00,-133.281967
2019-07-02 02:44:00+00:00,-134.983582
2019-07-02 02:45:00+00:00,-132.609375
2019-07-02 02:46:00+00:00,-127.144081
2019-07-02 02:47:00+00:00,-121.649239
2019-07-09 00:00:00+00:00,-28.30442
2019-07-09 00:01:00+00:00,-26.183344
2019-07-09 00:02:00+00:00,-25.718348
2019-07-09 00:03:00+00:00,-25.721518
2019-07-09 00:04:00+00:00,-25.723917
2019-07-09 00:05:00+00:00,-25.723654
2019-07-09 00:06:00+00:00,-25.718344
2019-07-09 00:07:00+00:00,-27.713415
2019-07-09 00:08:00+00:00,-29.70929
2019-07-09 00:09:00+00:00,-27.705286
2019-07-09 00:10:00+00:00,-28.881207
2019-07-09 00:11:00+00:00,-23.706301
2019-07-09 00:12:00+00:00,-22.506269
2019-07-09 00:13:00+00:00,-33.465946
2019-07-09 00:14:00+00:00,-44.248436
2019-07-09 00:15:00+00:00,-45.890057
2019-07-09 00:16:00+00:00,-42.76445
2019-07-09 00:17:00+00:00,-34.658566
2019-07-09 00:18:00+00:00,-27.904572
2019-07-09 00:19:00+00:00,-25.312073
2019-07-09 00:20:00+00:00,-23.864498
2019-07-09 00:21:00+00:00,-25.63168
2019-07-09 00:22:00+00:00,-32.62529
2019-07-09 00:23:00+00:00,-36.61763
2019-07-09 00:24:00+00:00,-41.614914
2019-07-09 00:25:00+00:00,-46.618511
2019-07-09 00:26:00+00:00,-51.626041
2019-07-09 00:27:00+00:00,-56.631207
2019-07-09 00:28:00+00:00,-59.637978
2019-07-09 00:29:00+00:00,-61.641529
2019-07-09 00:30:00+00:00,-60.64629
2019-07-09 00:31:00+00:00,-59.652462
2019-07-09 00:32:00+00:00,-58.658195
2019-07-09 00:33:00+00:00,-57.663025
2019-07-09 00:34:00+00:00,-54.669899
2019-07-09 00:35:00+00:00,-52.678341
2019-07-09 00:36:00+00:00,-49.686913
2019-07-09 00:37:00+00:00,-48.694653
2019-07-09 00:38:00+00:00,-47.700607
2019-07-09 00:39:00+00:00,-45.704304
2019-07-09 00:40:00+00:00,-42.708691
2019-07-09 00:41:00+00:00,-39.712807
2019-07-09 00:42:00+00:00,-37.715698
2019-07-09 00:43:00+00:00,-36.718361
2019-07-09 00:44:00+00:00,-37.727642
2019-07-09 00:45:00+00:00,-36.734837
2019-07-09 00:46:00+00:00,-33.740829
2019-07-09 00:47:00+00:00,-33.747646
2019-07-09 00:48:00+00:00,-32.756275
2019-07-09 00:49:00+00:00,-31.764784
2019-07-09 00:50:00+00:00,-31.775146
2019-07-09 00:51:00+00:00,-32.784939
2019-07-09 00:52:00+00:00,-35.794182
2019-07-09 00:53:00+00:00,-39.803524
2019-07-09 00:54:00+00:00,-44.184895
2019-07-09 00:55:00+00:00,-54.093491
2019-07-09 00:56:00+00:00,-55.003384
2019-07-09 00:57:00+00:00,-58.835407
2019-07-09 00:58:00+00:00,-66.841255
2019-07-09 00:59:00+00:00,-73.846191
2019-07-09 01:00:00+00:00,-80.852936
2019-07-09 01:01:00+00:00,-84.860725
2019-07-09 01:02:00+00:00,-89.870056
2019-07-09 01:03:00+00:00,-94.874123
2019-07-09 01:04:00+00:00,-99.87883
2019-07-09 01:05:00+00:00,-103.887634
2019-07-09 01:06:00+00:00,-107.898613
2019-07-09 01:07:00+00:00,-109.914246
2019-07-09 01:08:00+00:00,-111.933403
2019-07-09 01:09:00+00:00,-116.953583
2019-07-09 01:10:00+00:00,-121.965828
2019-07-09 01:11:00+00:00,-126.97702
2019-07-09 01:12:00+00:00,-129.989136
2019-07-09 01:13:00+00:00,-131.002716
2019-07-09 01:14:00+00:00,-132.012421
2019-07-09 01:15:00+00:00,-132.026001
2019-07-09 01:16:00+00:00,-131.043198
2019-07-09 01:17:00+00:00,-128.056641
2019-07-09 01:18:00+00:00,-125.065376
2019-07-09 01:19:00+00:00,-125.076759
2019-07-09 01:20:00+00:00,-125.094742
2019-07-09 01:21:00+00:00,-120.113495
2019-07-09 01:22:00+00:00,-118.12915
2019-07-09 01:23:00+00:00,-120.149147
2019-07-09 01:24:00+00:00,-117.17437
2019-07-09 01:25:00+00:00,-113.198074
2019-07-09 01:26:00+00:00,-110.221268
2019-07-09 01:27:00+00:00,-109.244965
2019-07-09 01:28:00+00:00,-107.271164
2019-07-09 01:29:00+00:00,-104.298904
2019-07-09 01:30:00+00:00,-102.327072
2019-07-09 01:31:00+00:00,-102.361061
2019-07-09 01:32:00+00:00,-105.39151
2019-07-09 01:33:00+00:00,-107.419449
2019-07-09 01:34:00+00:00,-111.446388
2019-07-09 01:35:00+00:00,-113.475777
2019-07-09 01:36:00+00:00,-114.505234
2019-07-09 01:37:00+00:00,-112.538216
2019-07-09 01:38:00+00:00,-110.572235
2019-07-09 01:39:00+00:00,-109.60363
2019-07-09 01:40:00+00:00,-110.63575
2019-07-09 01:41:00+00:00,-110.671082
2019-07-09 01:42:00+00:00,-110.710167
2019-07-09 01:43:00+00:00,-110.74865
2019-07-09 01:44:00+00:00,-111.788033
2019-07-09 01:45:00+00:00,-112.827003
2019-07-09 01:46:00+00:00,-110.86348
2019-07-09 01:47:00+00:00,-110.902473
2019-07-09 01:48:00+00:00,-110.942055
2019-07-09 01:49:00+00:00,-112.984238
2019-07-09 01:50:00+00:00,-115.032478
2019-07-09 01:51:00+00:00,-114.088776
2019-07-09 01:52:00+00:00,-110.144379
2019-07-09 01:53:00+00:00,-106.200203
2019-07-09 01:54:00+00:00,-104.252655
2019-07-09 01:55:00+00:00,-100.303574
2019-07-09 01:56:00+00:00,-94.347641
2019-07-09 01:57:00+00:00,-93.396606
2019-07-09 01:58:00+00:00,-90.450523
2019-07-09 01:59:00+00:00,-90.822227
2019-07-09 02:00:00+00:00,-96.438477
2019-07-09 02:01:00+00:00,-96.951668
2019-07-09 02:02:00+00:00,-97.956177
2019-07-09 02:03:00+00:00,-99.901154
2019-07-09 02:04:00+00:00,-96.306053
2019-07-09 02:05:00+00:00,-93.511627
2019-07-09 02:06:00+00:00,-92.195526
2019-07-09 02:07:00+00:00,-88.515739
2019-07-09 02:08:00+00:00,-88.102783
2019-07-09 02:09:00+00:00,-127.104393
2019-07-09 02:10:00+00:00,-161.117416
2019-07-09 02:11:00+00:00,-123.120697
2019-07-09 02:12:00+00:00,-105.997055
2019-07-09 02:13:00+00:00,-151.014099
2019-07-09 02:14:00+00:00,-155.982391
2019-07-09 02:15:00+00:00,-134.934235
2019-07-09 02:16:00+00:00,-120.915451
2019-07-09 02:17:00+00:00,-144.898758
2019-07-09 02:18:00+00:00,-137.824493
2019-07-09 02:19:00+00:00,-145.715118
2019-07-09 02:20:00+00:00,-152.094101
2019-07-09 02:21:00+00:00,-154.908676
2019-07-09 02:22:00+00:00,-159.636261
2019-07-09 02:23:00+00:00,-173.436234
2019-07-09 02:24:00+00:00,-163.629761
2019-07-09 02:25:00+00:00,-213.658768
2019-07-09 02:26:00+00:00,-213.483673
2019-07-09 02:27:00+00:00,-208.495499
2019-07-09 02:28:00+00:00,-205.934219
2019-07-09 02:29:00+00:00,-225.064438
2019-07-09 02:30:00+00:00,-251.795746
2019-07-09 02:31:00+00:00,-248.669861
2019-07-09 02:32:00+00:00,-289.562958
2019-07-09 02:33:00+00:00,-229.109955
2019-07-09 02:34:00+00:00,-274.716919
2019-07-09 02:35:00+00:00,-274.394623
2019-07-09 02:36:00+00:00,-296.583038
2019-07-09 02:37:00+00:00,-305.087189
2019-07-09 02:38:00+00:00,-296.095673
2019-07-09 02:39:00+00:00,-294.666656
2019-07-09 02:40:00+00:00,-284.595642
2019-07-09 02:41:00+00:00,-301.99057
2019-07-09 02:42:00+00:00,-311.287537
2019-07-09 02:43:00+00:00,-299.533478
2019-07-09 02:44:00+00:00,-292.678467
2019-07-09 02:45:00+00:00,-309.360657
2019-07-09 02:46:00+00:00,-304.724518
2019-07-09 02:47:00+00:00,-297.183258
2019-07-16 00:00:00+00:00,-47.940933
2019-07-16 00:01:00+00:00,-48.003296
2019-07-16 00:02:00+00:00,-48.399845
2019-07-16 00:03:00+00:00,-48.193081
2019-07-16 00:04:00+00:00,-47.958183
2019-07-16 00:05:00+00:00,-47.299644
2019-07-16 00:06:00+00:00,-48.445969
2019-07-16 00:07:00+00:00,-49.075867
2019-07-16 00:08:00+00:00,-50.637886
2019-07-16 00:09:00+00:00,-51.053261
2019-07-16 00:10:00+00:00,-52.273472
2019-07-16 00:11:00+00:00,-52.056328
2019-07-16 00:12:00+00:00,-51.856895
2019-07-16 00:13:00+00:00,-52.592159
2019-07-16 00:14:00+00:00,-53.523834
2019-07-16 00:15:00+00:00,-53.270432
2019-07-16 00:16:00+00:00,-52.249207
2019-07-16 00:17:00+00:00,-51.400932
2019-07-16 00:18:00+00:00,-51.961933
2019-07-16 00:19:00+00:00,-52.281807
2019-07-16 00:20:00+00:00,-52.42403
2019-07-16 00:21:00+00:00,-52.871986
2019-07-16 00:22:00+00:00,-53.102234
2019-07-16 00:23:00+00:00,-53.427639
2019-07-16 00:24:00+00:00,-53.296669
2019-07-16 00:25:00+00:00,-52.895237
2019-07-16 00:26:00+00:00,-52.40107
2019-07-16 00:27:00+00:00,-52.158886
2019-07-16 00:28:00+00:00,-52.234108
2019-07-16 00:29:00+00:00,-50.800556
2019-07-16 00:30:00+00:00,-50.598835
2019-07-16 00:31:00+00:00,-49.977097
2019-07-16 00:32:00+00:00,-49.26601
2019-07-16 00:33:00+00:00,-48.629593
2019-07-16 00:34:00+00:00,-48.928146
2019-07-16 00:35:00+00:00,-48.907722
2019-07-16 00:36:00+00:00,-48.418854
2019-07-16 00:37:00+00:00,-48.232002
2019-07-16 00:38:00+00:00,-48.514576
2019-07-16 00:39:00+00:00,-47.836899
2019-07-16 00:40:00+00:00,-45.865395
2019-07-16 00:41:00+00:00,-44.150799
2019-07-16 00:42:00+00:00,-42.981148
2019-07-16 00:43:00+00:00,-42.236282
2019-07-16 00:44:00+00:00,-42.077282
2019-07-16 00:45:00+00:00,-42.886398
2019-07-16 00:46:00+00:00,-43.169495
2019-07-16 00:47:00+00:00,-42.99535
2019-07-16 00:48:00+00:00,-42.284813
2019-07-16 00:49:00+00:00,-42.178459
2019-07-16 00:50:00+00:00,-41.939922
2019-07-16 00:51:00+00:00,-41.905083
2019-07-16 00:52:00+00:00,-41.313156
2019-07-16 00:53:00+00:00,-40.732834
2019-07-16 00:54:00+00:00,-40.422081
2019-07-16 00:55:00+00:00,-39.863674
2019-07-16 00:56:00+00:00,-38.5224
2019-07-16 00:57:00+00:00,-38.73806
2019-07-16 00:58:00+00:00,-38.982288
2019-07-16 00:59:00+00:00,-39.363434
2019-07-16 01:00:00+00:00,-39.670746
2019-07-16 01:01:00+00:00,-40.060566
2019-07-16 01:02:00+00:00,-40.685989
2019-07-16 01:03:00+00:00,-42.297916
2019-07-16 01:04:00+00:00,-43.13554
2019-07-16 01:05:00+00:00,-43.800346
2019-07-16 01:06:00+00:00,-44.067654
2019-07-16 01:07:00+00:00,-44.198132
2019-07-16 01:08:00+00:00,-43.843315
2019-07-16 01:09:00+00:00,-43.889366
2019-07-16 01:10:00+00:00,-43.840359
2019-07-16 01:11:00+00:00,-43.715759
2019-07-16 01:12:00+00:00,-44.081894
2019-07-16 01:13:00+00:00,-44.487526
2019-07-16 01:14:00+00:00,-45.105427
2019-07-16 01:15:00+00:00,-45.629025
2019-07-16 01:16:00+00:00,-45.953461
2019-07-16 01:17:00+00:00,-46.742878
2019-07-16 01:18:00+00:00,-46.709126
2019-07-16 01:19:00+00:00,-45.979076
2019-07-16 01:20:00+00:00,-45.522388
2019-07-16 01:21:00+00:00,-45.053837
2019-07-16 01:22:00+00:00,-44.170998
2019-07-16 01:23:00+00:00,-42.75943
2019-07-16 01:24:00+00:00,-41.637611
2019-07-16 01:25:00+00:00,-40.261448
2019-07-16 01:26:00+00:00,-38.860355
2019-07-16 01:27:00+00:00,-38.42255
2019-07-16 01:28:00+00:00,-37.987015
2019-07-16 01:29:00+00:00,-37.274384
2019-07-16 01:30:00+00:00,-36.439415
2019-07-16 01:31:00+00:00,-35.266624
2019-07-16 01:32:00+00:00,-34.463112
2019-07-16 01:33:00+00:00,-33.720249
2019-07-16 01:34:00+00:00,-32.437416
2019-07-16 01:35:00+00:00,-31.709312
2019-07-16 01:36:00+00:00,-29.843523
2019-07-16 01:37:00+00:00,-27.37517
2019-07-16 01:38:00+00:00,-25.395355
2019-07-16 01:39:00+00:00,-24.351635
2019-07-16 01:40:00+00:00,-24.186705
2019-07-16 01:41:00+00:00,-25.291157
2019-07-16 01:42:00+00:00,-25.664961
2019-07-16 01:43:00+00:00,-25.674295
2019-07-16 01:44:00+00:00,-24.902138
2019-07-16 01:45:00+00:00,-24.367741
2019-07-16 01:46:00+00:00,-22.291571
2019-07-16 01:47:00+00:00,-21.260647
2019-07-16 01:48:00+00:00,-20.474472
2019-07-16 01:49:00+00:00,-20.023834
2019-07-16 01:50:00+00:00,-20.40089
2019-07-16 01:51:00+00:00,-20.611469
2019-07-16 01:52:00+00:00,-22.673103
2019-07-16 01:53:00+00:00,-23.545906
2019-07-16 01:54:00+00:00,-22.437675
2019-07-16 01:55:00+00:00,-26.320148
2019-07-16 01:56:00+00:00,-20.218906
2019-07-16 01:57:00+00:00,-18.130718
2019-07-16 01:58:00+00:00,-19.037706
2019-07-16 01:59:00+00:00,-17.594839
2019-07-16 02:00:00+00:00,-18.849859
2019-07-16 02:01:00+00:00,-19.756344
2019-07-16 02:02:00+00:00,-18.547054
2019-07-16 02:03:00+00:00,-19.548141
2019-07-16 02:04:00+00:00,-16.857574
2019-07-16 02:05:00+00:00,-17.155319
2019-07-16 02:06:00+00:00,-17.452469
2019-07-16 02:07:00+00:00,-18.427784
2019-07-16 02:08:00+00:00,-19.403467
2019-07-16 02:09:00+00:00,-20.380259
2019-07-16 02:10:00+00:00,-19.354698
2019-07-16 02:11:00+00:00,-20.43848
2019-07-16 02:12:00+00:00,-21.703638
2019-07-16 02:13:00+00:00,-23.084448
2019-07-16 02:14:00+00:00,-26.474192
2019-07-16 02:15:00+00:00,-27.618729
2019-07-16 02:16:00+00:00,-28.122587
2019-07-16 02:17:00+00:00,-29.177704
2019-07-16 02:18:00+00:00,-30.155586
2019-07-16 02:19:00+00:00,-34.222301
2019-07-16 02:20:00+00:00,-35.745514
2019-07-16 02:21:00+00:00,-36.167355
2019-07-16 02:22:00+00:00,-38.578541
2019-07-16 02:23:00+00:00,-39.290359
2019-07-16 02:24:00+00:00,-41.828388
2019-07-16 02:25:00+00:00,-43.926739
2019-07-16 02:26:00+00:00,-41.139023
2019-07-16 02:27:00+00:00,-38.370407
2019-07-16 02:28:00+00:00,-37.499702
2019-07-16 02:29:00+00:00,-35.951607
2019-07-16 02:30:00+00:00,-34.45153
2019-07-16 02:31:00+00:00,-37.578777
2019-07-16 02:32:00+00:00,-42.436584
2019-07-16 02:33:00+00:00,-39.87949
2019-07-16 02:34:00+00:00,-51.993484
2019-07-16 02:35:00+00:00,-47.148438
2019-07-16 02:36:00+00:00,-46.326752
2019-07-16 02:37:00+00:00,-47.721519
2019-07-16 02:38:00+00:00,-44.991119
2019-07-16 02:39:00+00:00,-46.255035
2019-07-16 02:40:00+00:00,-42.38884
2019-07-16 02:41:00+00:00,-40.053471
2019-07-16 02:42:00+00:00,-41.706013
2019-07-16 02:43:00+00:00,-39.989101
2019-07-16 02:44:00+00:00,-36.452065
2019-07-16 02:45:00+00:00,-41.114403
2019-07-16 02:46:00+00:00,-37.880077
2019-07-16 02:47:00+00:00,-37.864731
2019-07-23 00:00:00+00:00,-27.377686
2019-07-23 00:01:00+00:00,-27.445856
2019-07-23 00:02:00+00:00,-27.49688
2019-07-23 00:03:00+00:00,-26.688042
2019-07-23 00:04:00+00:00,-25.553585
2019-07-23 00:05:00+00:00,-25.858215
2019-07-23 00:06:00+00:00,-26.070747
2019-07-23 00:07:00+00:00,-26.90999
2019-07-23 00:08:00+00:00,-26.075617
2019-07-23 00:09:00+00:00,-25.713356
2019-07-23 00:10:00+00:00,-25.741035
2019-07-23 00:11:00+00:00,-26.321611
2019-07-23 00:12:00+00:00,-25.984879
2019-07-23 00:13:00+00:00,-27.822952
2019-07-23 00:14:00+00:00,-26.591879
2019-07-23 00:15:00+00:00,-27.564388
2019-07-23 00:16:00+00:00,-27.750845
2019-07-23 00:17:00+00:00,-26.95916
2019-07-23 00:18:00+00:00,-26.038025
2019-07-23 00:19:00+00:00,-28.394728
2019-07-23 00:20:00+00:00,-26.85648
2019-07-23 00:21:00+00:00,-29.154785
2019-07-23 00:22:00+00:00,-27.502596
2019-07-23 00:23:00+00:00,-28.804379
2019-07-23 00:24:00+00:00,-27.914467
2019-07-23 00:25:00+00:00,-25.444363
2019-07-23 00:26:00+00:00,-26.582602
2019-07-23 00:27:00+00:00,-28.356594
2019-07-23 00:28:00+00:00,-27.837685
2019-07-23 00:29:00+00:00,-29.829647
2019-07-23 00:30:00+00:00,-27.88442
2019-07-23 00:31:00+00:00,-27.829588
2019-07-23 00:32:00+00:00,-29.485268
2019-07-23 00:33:00+00:00,-28.815332
2019-07-23 00:34:00+00:00,-29.780729
2019-07-23 00:35:00+00:00,-32.456661
2019-07-23 00:36:00+00:00,-33.10778
2019-07-23 00:37:00+00:00,-33.461632
2019-07-23 00:38:00+00:00,-32.935246
2019-07-23 00:39:00+00:00,-31.084229
2019-07-23 00:40:00+00:00,-31.849058
2019-07-23 00:41:00+00:00,-33.182861
2019-07-23 00:42:00+00:00,-33.850296
2019-07-23 00:43:00+00:00,-34.191212
2019-07-23 00:44:00+00:00,-32.284721
2019-07-23 00:45:00+00:00,-32.754799
2019-07-23 00:46:00+00:00,-33.597641
2019-07-23 00:47:00+00:00,-34.883526
2019-07-23 00:48:00+00:00,-31.614414
2019-07-23 00:49:00+00:00,-29.282501
2019-07-23 00:50:00+00:00,-30.943455
2019-07-23 00:51:00+00:00,-29.886349
2019-07-23 00:52:00+00:00,-27.240093
2019-07-23 00:53:00+00:00,-27.979187
2019-07-23 00:54:00+00:00,-24.976917
2019-07-23 00:55:00+00:00,-24.715597
2019-07-23 00:56:00+00:00,-24.862162
2019-07-23 00:57:00+00:00,-25.271875
2019-07-23 00:58:00+00:00,-24.500174
2019-07-23 00:59:00+00:00,-24.516785
2019-07-23 01:00:00+00:00,-22.910297
2019-07-23 01:01:00+00:00,-21.41221
2019-07-23 01:02:00+00:00,-19.345354
2019-07-23 01:03:00+00:00,-20.190435
2019-07-23 01:04:00+00:00,-20.131607
2019-07-23 01:05:00+00:00,-22.676725
2019-07-23 01:06:00+00:00,-23.141262
2019-07-23 01:07:00+00:00,-24.675652
2019-07-23 01:08:00+00:00,-25.473972
2019-07-23 01:09:00+00:00,-27.477285
2019-07-23 01:10:00+00:00,-28.489058
2019-07-23 01:11:00+00:00,-29.563042
2019-07-23 01:12:00+00:00,-31.95319
2019-07-23 01:13:00+00:00,-32.2738
2019-07-23 01:14:00+00:00,-33.068863
2019-07-23 01:15:00+00:00,-31.707211
2019-07-23 01:16:00+00:00,-31.342903
2019-07-23 01:17:00+00:00,-31.554741
2019-07-23 01:18:00+00:00,-31.681631
2019-07-23 01:19:00+00:00,-32.213852
2019-07-23 01:20:00+00:00,-32.138752
2019-07-23 01:21:00+00:00,-31.083328
2019-07-23 01:22:00+00:00,-31.106216
2019-07-23 01:23:00+00:00,-31.329206
2019-07-23 01:24:00+00:00,-29.312567
2019-07-23 01:25:00+00:00,-30.537455
2019-07-23 01:26:00+00:00,-26.872076
2019-07-23 01:27:00+00:00,-25.914133
2019-07-23 01:28:00+00:00,-22.956635
2019-07-23 01:29:00+00:00,-22.023064
2019-07-23 01:30:00+00:00,-24.595736
2019-07-23 01:31:00+00:00,-23.035017
2019-07-23 01:32:00+00:00,-25.488304
2019-07-23 01:33:00+00:00,-24.482851
2019-07-23 01:34:00+00:00,-24.553974
2019-07-23 01:35:00+00:00,-22.560204
2019-07-23 01:36:00+00:00,-22.483545
2019-07-23 01:37:00+00:00,-21.478306
2019-07-23 01:38:00+00:00,-20.515844
2019-07-23 01:39:00+00:00,-20.059608
2019-07-23 01:40:00+00:00,-20.343597
2019-07-23 01:41:00+00:00,-20.735069
2019-07-23 01:42:00+00:00,-20.505585
2019-07-23 01:43:00+00:00,-20.080994
2019-07-23 01:44:00+00:00,-22.054943
2019-07-23 01:45:00+00:00,-25.074959
2019-07-23 01:46:00+00:00,-29.069412
2019-07-23 01:47:00+00:00,-20.034241
2019-07-23 01:48:00+00:00,-20.449694
2019-07-23 01:49:00+00:00,-20.602083
2019-07-23 01:50:00+00:00,-21.124413
2019-07-23 01:51:00+00:00,-25.213266
2019-07-23 01:52:00+00:00,-37.848255
2019-07-23 01:53:00+00:00,-45.828838
2019-07-23 01:54:00+00:00,-42.821728
2019-07-23 01:55:00+00:00,-31.836878
2019-07-23 01:56:00+00:00,-29.17013
2019-07-23 01:57:00+00:00,-28.535221
2019-07-23 01:58:00+00:00,-27.801891
2019-07-23 01:59:00+00:00,-28.718447
2019-07-23 02:00:00+00:00,-29.291382
2019-07-23 02:01:00+00:00,-30.800079
2019-07-23 02:02:00+00:00,-27.783421
2019-07-23 02:03:00+00:00,-28.623262
2019-07-23 02:04:00+00:00,-29.910439
2019-07-23 02:05:00+00:00,-30.037546
2019-07-23 02:06:00+00:00,-29.759481
2019-07-23 02:07:00+00:00,-30.754972
2019-07-23 02:08:00+00:00,-28.710489
2019-07-23 02:09:00+00:00,-28.620333
2019-07-23 02:10:00+00:00,-29.758858
2019-07-23 02:11:00+00:00,-28.552841
2019-07-23 02:12:00+00:00,-28.022806
2019-07-23 02:13:00+00:00,-28.823084
2019-07-23 02:14:00+00:00,-46.412346
2019-07-23 02:15:00+00:00,-46.14827
2019-07-23 02:16:00+00:00,-53.646576
2019-07-23 02:17:00+00:00,-71.650803
2019-07-23 02:18:00+00:00,-73.409973
2019-07-23 02:19:00+00:00,-79.970955
2019-07-23 02:20:00+00:00,-82.21167
2019-07-23 02:21:00+00:00,-83.626251
2019-07-23 02:22:00+00:00,-82.571144
2019-07-23 02:23:00+00:00,-78.195175
2019-07-23 02:24:00+00:00,-79.241684
2019-07-23 02:25:00+00:00,-75.492317
2019-07-23 02:26:00+00:00,-76.26152
2019-07-23 02:27:00+00:00,-69.44577
2019-07-23 02:28:00+00:00,-68.006973
2019-07-23 02:29:00+00:00,-62.887512
2019-07-23 02:30:00+00:00,-61.671429
2019-07-23 02:31:00+00:00,-60.751495
2019-07-23 02:32:00+00:00,-58.282864
2019-07-23 02:33:00+00:00,-55.149258
2019-07-23 02:34:00+00:00,-52.001503
2019-07-23 02:35:00+00:00,-48.820007
2019-07-23 02:36:00+00:00,-45.894276
2019-07-23 02:37:00+00:00,-44.502563
2019-07-23 02:38:00+00:00,-46.658291
2019-07-23 02:39:00+00:00,-46.282211
2019-07-23 02:40:00+00:00,-44.129433
2019-07-23 02:41:00+00:00,-39.122265
2019-07-23 02:42:00+00:00,-35.617584
2019-07-23 02:43:00+00:00,-35.378559
2019-07-23 02:44:00+00:00,-34.055649
2019-07-23 02:45:00+00:00,-35.908054
2019-07-23 02:46:00+00:00,-31.793417
2019-07-23 02:47:00+00:00,-30.553942
2019-07-30 00:00:00+00:00,-25.881996
2019-07-30 00:01:00+00:00,-26.723539
2019-07-30 00:02:00+00:00,-26.568314
2019-07-30 00:03:00+00:00,-28.412548
2019-07-30 00:04:00+00:00,-28.260288
2019-07-30 00:05:00+00:00,-28.109715
2019-07-30 00:06:00+00:00,-27.968777
2019-07-30 00:07:00+00:00,-28.347738
2019-07-30 00:08:00+00:00,-27.615242
2019-07-30 00:09:00+00:00,-29.519022
2019-07-30 00:10:00+00:00,-30.373146
2019-07-30 00:11:00+00:00,-31.659481
2019-07-30 00:12:00+00:00,-32.45649
2019-07-30 00:13:00+00:00,-38.797947
2019-07-30 00:14:00+00:00,-34.608852
2019-07-30 00:15:00+00:00,-35.089836
2019-07-30 00:16:00+00:00,-35.872669
2019-07-30 00:17:00+00:00,-36.336121
2019-07-30 00:18:00+00:00,-36.396793
2019-07-30 00:19:00+00:00,-36.422813
2019-07-30 00:20:00+00:00,-35.726631
2019-07-30 00:21:00+00:00,-35.608013
2019-07-30 00:22:00+00:00,-36.451683
2019-07-30 00:23:00+00:00,-36.821236
2019-07-30 00:24:00+00:00,-37.161594
2019-07-30 00:25:00+00:00,-36.34594
2019-07-30 00:26:00+00:00,-36.554901
2019-07-30 00:27:00+00:00,-36.795265
2019-07-30 00:28:00+00:00,-36.529884
2019-07-30 00:29:00+00:00,-37.052547
2019-07-30 00:30:00+00:00,-60.599884
2019-07-30 00:31:00+00:00,-37.238285
2019-07-30 00:32:00+00:00,-57.599155
2019-07-30 00:33:00+00:00,-94.573601
2019-07-30 00:34:00+00:00,-57.217873
2019-07-30 00:35:00+00:00,-66.979317
2019-07-30 00:36:00+00:00,-125.372253
2019-07-30 00:37:00+00:00,-146.306839
2019-07-30 00:38:00+00:00,-197.916672
2019-07-30 00:39:00+00:00,-176.757401
2019-07-30 00:40:00+00:00,-217.093018
2019-07-30 00:41:00+00:00,-243.979279
2019-07-30 00:42:00+00:00,-126.114769
2019-07-30 00:43:00+00:00,-189.942474
2019-07-30 00:44:00+00:00,-208.980026
2019-07-30 00:45:00+00:00,-171.414291
2019-07-30 00:46:00+00:00,-217.851166
2019-07-30 00:47:00+00:00,-197.973648
2019-07-30 00:48:00+00:00,-215.328842
2019-07-30 00:49:00+00:00,-212.966202
2019-07-30 00:50:00+00:00,-189.147644
2019-07-30 00:51:00+00:00,-208.417053
2019-07-30 00:52:00+00:00,-221.110794
2019-07-30 00:53:00+00:00,-161.983688
2019-07-30 00:54:00+00:00,-158.180954
2019-07-30 00:55:00+00:00,-205.947067
2019-07-30 00:56:00+00:00,-206.522247
2019-07-30 00:57:00+00:00,-181.554016
2019-07-30 00:58:00+00:00,-152.124802
2019-07-30 00:59:00+00:00,-144.341797
2019-07-30 01:00:00+00:00,-138.252533
2019-07-30 01:01:00+00:00,-138.413605
2019-07-30 01:02:00+00:00,-136.704681
2019-07-30 01:03:00+00:00,-147.593597
2019-07-30 01:04:00+00:00,-128.26561
2019-07-30 01:05:00+00:00,-123.080963
2019-07-30 01:06:00+00:00,-119.638672
2019-07-30 01:07:00+00:00,-117.003357
2019-07-30 01:08:00+00:00,-116.569542
2019-07-30 01:09:00+00:00,-117.74015
2019-07-30 01:10:00+00:00,-112.885216
2019-07-30 01:11:00+00:00,-107.621117
2019-07-30 01:12:00+00:00,-105.041763
2019-07-30 01:13:00+00:00,-101.390495
2019-07-30 01:14:00+00:00,-95.331528
2019-07-30 01:15:00+00:00,-90.75518
2019-07-30 01:16:00+00:00,-86.624603
2019-07-30 01:17:00+00:00,-96.425392
2019-07-30 01:18:00+00:00,-136.308075
2019-07-30 01:19:00+00:00,-108.40818
2019-07-30 01:20:00+00:00,-104.752113
2019-07-30 01:21:00+00:00,-124.179886
2019-07-30 01:22:00+00:00,-127.626381
2019-07-30 01:23:00+00:00,-130.67836
2019-07-30 01:24:00+00:00,-130.731232
2019-07-30 01:25:00+00:00,-137.024445
2019-07-30 01:26:00+00:00,-129.921509
2019-07-30 01:27:00+00:00,-134.53981
2019-07-30 01:28:00+00:00,-131.304337
2019-07-30 01:29:00+00:00,-129.929169
2019-07-30 01:30:00+00:00,-125.553993
2019-07-30 01:31:00+00:00,-116.09919
2019-07-30 01:32:00+00:00,-106.327156
2019-07-30 01:33:00+00:00,-98.206024
2019-07-30 01:34:00+00:00,-90.227997
2019-07-30 01:35:00+00:00,-81.362396
2019-07-30 01:36:00+00:00,-69.322304
2019-07-30 01:37:00+00:00,-54.340717
2019-07-30 01:38:00+00:00,-80.35582
2019-07-30 01:39:00+00:00,-117.014229
2019-07-30 01:40:00+00:00,-121.167473
2019-07-30 01:41:00+00:00,-70.561676
2019-07-30 01:42:00+00:00,-55.331505
2019-07-30 01:43:00+00:00,-49.015163
2019-07-30 01:44:00+00:00,-48.382282
2019-07-30 01:45:00+00:00,-72.161636
2019-07-30 01:46:00+00:00,-53.886471
2019-07-30 01:47:00+00:00,-58.471085
2019-07-30 01:48:00+00:00,-62.835266
2019-07-30 01:49:00+00:00,-71.182953
2019-07-30 01:50:00+00:00,-86.252296
2019-07-30 01:51:00+00:00,-114.613457
2019-07-30 01:52:00+00:00,-94.371201
2019-07-30 01:53:00+00:00,-95.921997
2019-07-30 01:54:00+00:00,-85.144066
2019-07-30 01:55:00+00:00,-91.113426
2019-07-30 01:56:00+00:00,-91.941261
2019-07-30 01:57:00+00:00,-83.671371
2019-07-30 01:58:00+00:00,-75.803619
2019-07-30 01:59:00+00:00,-71.260223
2019-07-30 02:00:00+00:00,-75.651047
2019-07-30 02:01:00+00:00,-72.563194
2019-07-30 02:02:00+00:00,-76.435303
2019-07-30 02:03:00+00:00,-76.728798
2019-07-30 02:04:00+00:00,-85.181519
2019-07-30 02:05:00+00:00,-110.680046
2019-07-30 02:06:00+00:00,-118.770386
2019-07-30 02:07:00+00:00,-98.356323
2019-07-30 02:08:00+00:00,-86.240143
2019-07-30 02:09:00+00:00,-86.261909
2019-07-30 02:10:00+00:00,-73.575432
2019-07-30 02:11:00+00:00,-64.037193
2019-07-30 02:12:00+00:00,-58.207092
2019-07-30 02:13:00+00:00,-64.243729
2019-07-30 02:14:00+00:00,-70.125458
2019-07-30 02:15:00+00:00,-71.288765
2019-07-30 02:16:00+00:00,-63.575569
2019-07-30 02:17:00+00:00,-69.991585
2019-07-30 02:18:00+00:00,-63.588676
2019-07-30 02:19:00+00:00,-70.469948
2019-07-30 02:20:00+00:00,-69.864464
2019-07-30 02:21:00+00:00,-89.15551
2019-07-30 02:22:00+00:00,-85.303505
2019-07-30 02:23:00+00:00,-77.271393
2019-07-30 02:24:00+00:00,-69.982201
2019-07-30 02:25:00+00:00,-63.073914
2019-07-30 02:26:00+00:00,-64.739197
2019-07-30 02:27:00+00:00,-60.836258
2019-07-30 02:28:00+00:00,-58.259804
2019-07-30 02:29:00+00:00,-58.855171
2019-07-30 02:30:00+00:00,-58.718613
2019-07-30 02:31:00+00:00,-58.004745
2019-07-30 02:32:00+00:00,-76.533096
2019-07-30 02:33:00+00:00,-100.090858
2019-07-30 02:34:00+00:00,-131.423248
2019-07-30 02:35:00+00:00,-135.3629
2019-07-30 02:36:00+00:00,-107.118782
2019-07-30 02:37:00+00:00,-73.446815
2019-07-30 02:38:00+00:00,-75.011276
2019-07-30 02:39:00+00:00,-66.708328
2019-07-30 02:40:00+00:00,-73.09008
2019-07-30 02:41:00+00:00,-86.555061
2019-07-30 02:42:00+00:00,-100.497787
2019-07-30 02:43:00+00:00,-100.068344
2019-07-30 02:44:00+00:00,-90.801941
2019-07-30 02:45:00+00:00,-75.414185
2019-07-30 02:46:00+00:00,-75.146767
2019-07-30 02:47:00+00:00,-92.067871
2019-08-06 00:00:00+00:00,-158.804718
2019-08-06 00:01:00+00:00,-155.505219
2019-08-06 00:02:00+00:00,-153.410461
2019-08-06 00:03:00+00:00,-152.378693
2019-08-06 00:04:00+00:00,-147.475449
2019-08-06 00:05:00+00:00,-142.330688
2019-08-06 00:06:00+00:00,-150.321014
2019-08-06 00:07:00+00:00,-154.792114
2019-08-06 00:08:00+00:00,-230.848236
2019-08-06 00:09:00+00:00,-237.524612
2019-08-06 00:10:00+00:00,-180.559082
2019-08-06 00:11:00+00:00,-150.585678
2019-08-06 00:12:00+00:00,-151.956284
2019-08-06 00:13:00+00:00,-161.226562
2019-08-06 00:14:00+00:00,-171.471954
2019-08-06 00:15:00+00:00,-184.828308
2019-08-06 00:16:00+00:00,-186.886795
2019-08-06 00:17:00+00:00,-185.701599
2019-08-06 00:18:00+00:00,-197.253052
2019-08-06 00:19:00+00:00,-198.907227
2019-08-06 00:20:00+00:00,-208.474533
2019-08-06 00:21:00+00:00,-207.69603
2019-08-06 00:22:00+00:00,-209.485352
2019-08-06 00:23:00+00:00,-219.132004
2019-08-06 00:24:00+00:00,-223.481262
2019-08-06 00:25:00+00:00,-227.17067
2019-08-06 00:26:00+00:00,-228.331924
2019-08-06 00:27:00+00:00,-219.509827
2019-08-06 00:28:00+00:00,-209.356552
2019-08-06 00:29:00+00:00,-199.159073
2019-08-06 00:30:00+00:00,-185.631592
2019-08-06 00:31:00+00:00,-178.84787
2019-08-06 00:32:00+00:00,-180.841202
2019-08-06 00:33:00+00:00,-186.226822
2019-08-06 00:34:00+00:00,-192.188385
2019-08-06 00:35:00+00:00,-193.138947
2019-08-06 00:36:00+00:00,-192.236786
2019-08-06 00:37:00+00:00,-200.729355
2019-08-06 00:38:00+00:00,-212.273117
2019-08-06 00:39:00+00:00,-213.106781
2019-08-06 00:40:00+00:00,-208.941299
2019-08-06 00:41:00+00:00,-204.062836
2019-08-06 00:42:00+00:00,-204.776077
2019-08-06 00:43:00+00:00,-207.948273
2019-08-06 00:44:00+00:00,-209.649719
2019-08-06 00:45:00+00:00,-219.626938
2019-08-06 00:46:00+00:00,-237.459259
2019-08-06 00:47:00+00:00,-234.989868
2019-08-06 00:48:00+00:00,-224.885757
2019-08-06 00:49:00+00:00,-235.070801
2019-08-06 00:50:00+00:00,-251.322342
2019-08-06 00:51:00+00:00,-250.632614
2019-08-06 00:52:00+00:00,-218.831863
2019-08-06 00:53:00+00:00,-218.745255
2019-08-06 00:54:00+00:00,-236.076553
2019-08-06 00:55:00+00:00,-249.634628
2019-08-06 00:56:00+00:00,-260.004456
2019-08-06 00:57:00+00:00,-258.045471
2019-08-06 00:58:00+00:00,-261.857269
2019-08-06 00:59:00+00:00,-266.851013
2019-08-06 01:00:00+00:00,-274.722473
2019-08-06 01:01:00+00:00,-274.519897
2019-08-06 01:02:00+00:00,-288.309357
2019-08-06 01:03:00+00:00,-295.119049
2019-08-06 01:04:00+00:00,-295.658752
2019-08-06 01:05:00+00:00,-315.649139
2019-08-06 01:06:00+00:00,-299.624054
2019-08-06 01:07:00+00:00,-275.090729
2019-08-06 01:08:00+00:00,-272.298431
2019-08-06 01:09:00+00:00,-266.211517
2019-08-06 01:10:00+00:00,-253.94313
2019-08-06 01:11:00+00:00,-246.844803
2019-08-06 01:12:00+00:00,-242.307083
2019-08-06 01:13:00+00:00,-228.450989
2019-08-06 01:14:00+00:00,-224.486359
2019-08-06 01:15:00+00:00,-235.931366
2019-08-06 01:16:00+00:00,-255.978043
2019-08-06 01:17:00+00:00,-262.605438
2019-08-06 01:18:00+00:00,-248.764679
2019-08-06 01:19:00+00:00,-233.567978
2019-08-06 01:20:00+00:00,-228.866806
2019-08-06 01:21:00+00:00,-233.861298
2019-08-06 01:22:00+00:00,-236.29895
2019-08-06 01:23:00+00:00,-225.214813
2019-08-06 01:24:00+00:00,-229.257751
2019-08-06 01:25:00+00:00,-251.842545
2019-08-06 01:26:00+00:00,-234.953461
2019-08-06 01:27:00+00:00,-229.853027
2019-08-06 01:28:00+00:00,-221.818909
2019-08-06 01:29:00+00:00,-212.983902
2019-08-06 01:30:00+00:00,-203.707993
2019-08-06 01:31:00+00:00,-194.077942
2019-08-06 01:32:00+00:00,-184.478195
2019-08-06 01:33:00+00:00,-176.903854
2019-08-06 01:34:00+00:00,-172.208389
2019-08-06 01:35:00+00:00,-164.049042
2019-08-06 01:36:00+00:00,-158.567352
2019-08-06 01:37:00+00:00,-167.095963
2019-08-06 01:38:00+00:00,-179.745956
2019-08-06 01:39:00+00:00,-189.566727
2019-08-06 01:40:00+00:00,-189.102203
2019-08-06 01:41:00+00:00,-199.819153
2019-08-06 01:42:00+00:00,-229.367203
2019-08-06 01:43:00+00:00,-244.706711
2019-08-06 01:44:00+00:00,-255.269333
2019-08-06 01:45:00+00:00,-266.833344
2019-08-06 01:46:00+00:00,-280.729034
2019-08-06 01:47:00+00:00,-299.308868
2019-08-06 01:48:00+00:00,-318.560211
2019-08-06 01:49:00+00:00,-323.008331
2019-08-06 01:50:00+00:00,-334.938965
2019-08-06 01:51:00+00:00,-335.884247
2019-08-06 01:52:00+00:00,-323.843811
2019-08-06 01:53:00+00:00,-291.801788
2019-08-06 01:54:00+00:00,-283.750977
2019-08-06 01:55:00+00:00,-301.707092
2019-08-06 01:56:00+00:00,-301.66333
2019-08-06 01:57:00+00:00,-275.620636
2019-08-06 01:58:00+00:00,-237.580078
2019-08-06 01:59:00+00:00,-245.540665
2019-08-06 02:00:00+00:00,-277.503113
2019-08-06 02:01:00+00:00,-295.459778
2019-08-06 02:02:00+00:00,-302.418762
2019-08-06 02:03:00+00:00,-305.377197
2019-08-06 02:04:00+00:00,-305.326385
2019-08-06 02:05:00+00:00,-304.27124
2019-08-06 02:06:00+00:00,-298.225494
2019-08-06 02:07:00+00:00,-309.175171
2019-08-06 02:08:00+00:00,-304.133789
2019-08-06 02:09:00+00:00,-283.134247
2019-08-06 02:10:00+00:00,-309.176575
2019-08-06 02:11:00+00:00,-335.266724
2019-08-06 02:12:00+00:00,-343.381317
2019-08-06 02:13:00+00:00,-365.368073
2019-08-06 02:14:00+00:00,-367.321747
2019-08-06 02:15:00+00:00,-354.039917
2019-08-06 02:16:00+00:00,-357.879852
2019-08-06 02:17:00+00:00,-350.823639
2019-08-06 02:18:00+00:00,-353.731659
2019-08-06 02:19:00+00:00,-364.671417
2019-08-06 02:20:00+00:00,-356.645874
2019-08-06 02:21:00+00:00,-362.586731
2019-08-06 02:22:00+00:00,-367.514313
2019-08-06 02:23:00+00:00,-368.463409
2019-08-06 02:24:00+00:00,-355.405457
2019-08-06 02:25:00+00:00,-358.364929
2019-08-06 02:26:00+00:00,-360.326294
2019-08-06 02:27:00+00:00,-367.288635
2019-08-06 02:28:00+00:00,-375.251007
2019-08-06 02:29:00+00:00,-380.214478
2019-08-06 02:30:00+00:00,-389.17807
2019-08-06 02:31:00+00:00,-402.142639
2019-08-06 02:32:00+00:00,-389.112671
2019-08-06 02:33:00+00:00,-369.093048
2019-08-06 02:34:00+00:00,-382.076965
2019-08-06 02:35:00+00:00,-375.155273
2019-08-06 02:36:00+00:00,-371.424805
2019-08-06 02:37:00+00:00,-386.902405
2019-08-06 02:38:00+00:00,-398.030365
2019-08-06 02:39:00+00:00,-396.66214
2019-08-06 02:40:00+00:00,-417.053558
2019-08-06 02:41:00+00:00,-418.077759
2019-08-06 02:42:00+00:00,-422.025391
2019-08-06 02:43:00+00:00,-403.967743
2019-08-06 02:44:00+00:00,-418.912659
2019-08-06 02:45:00+00:00,-447.951721
2019-08-06 02:46:00+00:00,-467.041656
2019-08-06 02:47:00+00:00,-638.080627
2019-08-13 00:00:00+00:00,-178.301895
2019-08-13 00:01:00+00:00,-178.402161
2019-08-13 00:02:00+00:00,-180.271149
2019-08-13 00:03:00+00:00,-183.711746
2019-08-13 00:04:00+00:00,-179.33519
2019-08-13 00:05:00+00:00,-176.888489
2019-08-13 00:06:00+00:00,-167.782654
2019-08-13 00:07:00+00:00,-157.120636
2019-08-13 00:08:00+00:00,-141.713989
2019-08-13 00:09:00+00:00,-132.448761
2019-08-13 00:10:00+00:00,-132.853195
2019-08-13 00:11:00+00:00,-127.113312
2019-08-13 00:12:00+00:00,-125.346222
2019-08-13 00:13:00+00:00,-116.503143
2019-08-13 00:14:00+00:00,-109.727562
2019-08-13 00:15:00+00:00,-100.747391
2019-08-13 00:16:00+00:00,-94.251167
2019-08-13 00:17:00+00:00,-94.42379
2019-08-13 00:18:00+00:00,-86.899963
2019-08-13 00:19:00+00:00,-77.265564
2019-08-13 00:20:00+00:00,-71.000984
2019-08-13 00:21:00+00:00,-67.063187
2019-08-13 00:22:00+00:00,-65.580627
2019-08-13 00:23:00+00:00,-62.968082
2019-08-13 00:24:00+00:00,-59.781727
2019-08-13 00:25:00+00:00,-57.212898
2019-08-13 00:26:00+00:00,-52.941212
2019-08-13 00:27:00+00:00,-52.089649
2019-08-13 00:28:00+00:00,-52.590759
2019-08-13 00:29:00+00:00,-52.068501
2019-08-13 00:30:00+00:00,-48.464844
2019-08-13 00:31:00+00:00,-49.568291
2019-08-13 00:32:00+00:00,-47.136944
2019-08-13 00:33:00+00:00,-46.0965
2019-08-13 00:34:00+00:00,-46.205673
2019-08-13 00:35:00+00:00,-43.456566
2019-08-13 00:36:00+00:00,-38.353004
2019-08-13 00:37:00+00:00,-33.396759
2019-08-13 00:38:00+00:00,-33.352135
2019-08-13 00:39:00+00:00,-31.402485
2019-08-13 00:40:00+00:00,-32.451744
2019-08-13 00:41:00+00:00,-34.503338
2019-08-13 00:42:00+00:00,-33.554352
2019-08-13 00:43:00+00:00,-31.606251
2019-08-13 00:44:00+00:00,-29.65856
2019-08-13 00:45:00+00:00,-27.713848
2019-08-13 00:46:00+00:00,-26.767014
2019-08-13 00:47:00+00:00,-29.8211
2019-08-13 00:48:00+00:00,-34.876118
2019-08-13 00:49:00+00:00,-40.302345
2019-08-13 00:50:00+00:00,-36.985565
2019-08-13 00:51:00+00:00,-33.041473
2019-08-13 00:52:00+00:00,-33.099537
2019-08-13 00:53:00+00:00,-35.156422
2019-08-13 00:54:00+00:00,-37.212822
2019-08-13 00:55:00+00:00,-33.270702
2019-08-13 00:56:00+00:00,-30.328602
2019-08-13 00:57:00+00:00,-29.38751
2019-08-13 00:58:00+00:00,-27.446945
2019-08-13 00:59:00+00:00,-23.506916
2019-08-13 01:00:00+00:00,-34.21735
2019-08-13 01:01:00+00:00,-32.959095
2019-08-13 01:02:00+00:00,-42.231533
2019-08-13 01:03:00+00:00,-35.006546
2019-08-13 01:04:00+00:00,-24.815481
2019-08-13 01:05:00+00:00,-29.878771
2019-08-13 01:06:00+00:00,-37.942513
2019-08-13 01:07:00+00:00,-46.009583
2019-08-13 01:08:00+00:00,-53.073277
2019-08-13 01:09:00+00:00,-58.138897
2019-08-13 01:10:00+00:00,-65.204979
2019-08-13 01:11:00+00:00,-71.271049
2019-08-13 01:12:00+00:00,-71.336121
2019-08-13 01:13:00+00:00,-72.402641
2019-08-13 01:14:00+00:00,-71.469635
2019-08-13 01:15:00+00:00,-66.539612
2019-08-13 01:16:00+00:00,-63.607586
2019-08-13 01:17:00+00:00,-63.676537
2019-08-13 01:18:00+00:00,-62.745975
2019-08-13 01:19:00+00:00,-61.815418
2019-08-13 01:20:00+00:00,-61.884869
2019-08-13 01:21:00+00:00,-60.39566
2019-08-13 01:22:00+00:00,-66.989365
2019-08-13 01:23:00+00:00,-59.734737
2019-08-13 01:24:00+00:00,-58.169331
2019-08-13 01:25:00+00:00,-59.737251
2019-08-13 01:26:00+00:00,-67.169342
2019-08-13 01:27:00+00:00,-79.666389
2019-08-13 01:28:00+00:00,-88.706909
2019-08-13 01:29:00+00:00,-104.71769
2019-08-13 01:30:00+00:00,-117.631691
2019-08-13 01:31:00+00:00,-114.031212
2019-08-13 01:32:00+00:00,-153.652847
2019-08-13 01:33:00+00:00,-163.802261
2019-08-13 01:34:00+00:00,-118.156189
2019-08-13 01:35:00+00:00,-116.527153
2019-08-13 01:36:00+00:00,-90.914154
2019-08-13 01:37:00+00:00,-94.967033
2019-08-13 01:38:00+00:00,-101.210739
2019-08-13 01:39:00+00:00,-93.80632
2019-08-13 01:40:00+00:00,-85.112015
2019-08-13 01:41:00+00:00,-73.911026
2019-08-13 01:42:00+00:00,-69.095955
2019-08-13 01:43:00+00:00,-66.081833
2019-08-13 01:44:00+00:00,-59.338398
2019-08-13 01:45:00+00:00,-56.497086
2019-08-13 01:46:00+00:00,-55.127079
2019-08-13 01:47:00+00:00,-52.448669
2019-08-13 01:48:00+00:00,-58.348591
2019-08-13 01:49:00+00:00,-63.188171
2019-08-13 01:50:00+00:00,-57.570934
2019-08-13 01:51:00+00:00,-64.924622
2019-08-13 01:52:00+00:00,-78.519386
2019-08-13 01:53:00+00:00,-89.062988
2019-08-13 01:54:00+00:00,-93.791405
2019-08-13 01:55:00+00:00,-85.205612
2019-08-13 01:56:00+00:00,-70.977486
2019-08-13 01:57:00+00:00,-63.063095
2019-08-13 01:58:00+00:00,-66.142754
2019-08-13 01:59:00+00:00,-62.183891
2019-08-13 02:00:00+00:00,-58.330635
2019-08-13 02:01:00+00:00,-59.305271
2019-08-13 02:02:00+00:00,-62.787025
2019-08-13 02:03:00+00:00,-63.722187
2019-08-13 02:04:00+00:00,-63.537518
2019-08-13 02:05:00+00:00,-52.782822
2019-08-13 02:06:00+00:00,-60.640022
2019-08-13 02:07:00+00:00,-70.607132
2019-08-13 02:08:00+00:00,-74.164627
2019-08-13 02:09:00+00:00,-72.694679
2019-08-13 02:10:00+00:00,-71.728539
2019-08-13 02:11:00+00:00,-68.712502
2019-08-13 02:12:00+00:00,-66.384834
2019-08-13 02:13:00+00:00,-68.03949
2019-08-13 02:14:00+00:00,-61.763374
2019-08-13 02:15:00+00:00,-56.968914
2019-08-13 02:16:00+00:00,-57.795116
2019-08-13 02:17:00+00:00,-54.873161
2019-08-13 02:18:00+00:00,-49.953041
2019-08-13 02:19:00+00:00,-41.736908
2019-08-13 02:20:00+00:00,-33.751129
2019-08-13 02:21:00+00:00,-26.928314
2019-08-13 02:22:00+00:00,-23.146719
2019-08-13 02:23:00+00:00,-22.242706
2019-08-13 02:24:00+00:00,-22.338982
2019-08-13 02:25:00+00:00,-22.435543
2019-08-13 02:26:00+00:00,-24.36924
2019-08-13 02:27:00+00:00,-21.630959
2019-08-13 02:28:00+00:00,-22.729801
2019-08-13 02:29:00+00:00,-26.828419
2019-08-13 02:30:00+00:00,-30.930689
2019-08-13 02:31:00+00:00,-34.029232
2019-08-13 02:32:00+00:00,-36.128838
2019-08-13 02:33:00+00:00,-38.227085
2019-08-13 02:34:00+00:00,-41.326447
2019-08-13 02:35:00+00:00,-44.425964
2019-08-13 02:36:00+00:00,-44.525177
2019-08-13 02:37:00+00:00,-44.627048
2019-08-13 02:38:00+00:00,-43.7272
2019-08-13 02:39:00+00:00,-42.826141
2019-08-13 02:40:00+00:00,-41.925858
2019-08-13 02:41:00+00:00,-39.680069
2019-08-13 02:42:00+00:00,-37.964096
2019-08-13 02:43:00+00:00,-36.22744
2019-08-13 02:44:00+00:00,-32.328049
2019-08-13 02:45:00+00:00,-27.432575
2019-08-13 02:46:00+00:00,-28.535013
2019-08-13 02:47:00+00:00,-42.00555
2019-08-20 00:00:00+00:00,-53.129047
2019-08-20 00:01:00+00:00,-53.132038
2019-08-20 00:02:00+00:00,-57.545197
2019-08-20 00:03:00+00:00,-62.359703
2019-08-20 00:04:00+00:00,-69.766922
2019-08-20 00:05:00+00:00,-75.101776
2019-08-20 00:06:00+00:00,-69.635719
2019-08-20 00:07:00+00:00,-70.913345
2019-08-20 00:08:00+00:00,-83.933266
2019-08-20 00:09:00+00:00,-84.450981
2019-08-20 00:10:00+00:00,-79.977211
2019-08-20 00:11:00+00:00,-84.482605
2019-08-20 00:12:00+00:00,-91.721046
2019-08-20 00:13:00+00:00,-89.379997
2019-08-20 00:14:00+00:00,-117.74585
2019-08-20 00:15:00+00:00,-166.005081
2019-08-20 00:16:00+00:00,-186.124344
2019-08-20 00:17:00+00:00,-131.161316
2019-08-20 00:18:00+00:00,-118.614075
2019-08-20 00:19:00+00:00,-144.965103
2019-08-20 00:20:00+00:00,-135.80722
2019-08-20 00:21:00+00:00,-169.122894
2019-08-20 00:22:00+00:00,-168.506851
2019-08-20 00:23:00+00:00,-187.270767
2019-08-20 00:24:00+00:00,-133.810593
2019-08-20 00:25:00+00:00,-143.983444
2019-08-20 00:26:00+00:00,-152.606598
2019-08-20 00:27:00+00:00,-154.051086
2019-08-20 00:28:00+00:00,-158.2798
2019-08-20 00:29:00+00:00,-150.151077
2019-08-20 00:30:00+00:00,-168.404266
2019-08-20 00:31:00+00:00,-157.794235
2019-08-20 00:32:00+00:00,-154.377441
2019-08-20 00:33:00+00:00,-151.300171
2019-08-20 00:34:00+00:00,-152.119995
2019-08-20 00:35:00+00:00,-146.932556
2019-08-20 00:36:00+00:00,-143.540558
2019-08-20 00:37:00+00:00,-151.634445
2019-08-20 00:38:00+00:00,-145.06366
2019-08-20 00:39:00+00:00,-140.134857
2019-08-20 00:40:00+00:00,-137.859695
2019-08-20 00:41:00+00:00,-129.123886
2019-08-20 00:42:00+00:00,-124.56411
2019-08-20 00:43:00+00:00,-125.005508
2019-08-20 00:44:00+00:00,-122.892365
2019-08-20 00:45:00+00:00,-125.08609
2019-08-20 00:46:00+00:00,-121.539528
2019-08-20 00:47:00+00:00,-118.891411
2019-08-20 00:48:00+00:00,-117.044052
2019-08-20 00:49:00+00:00,-116.148766
2019-08-20 00:50:00+00:00,-110.759216
2019-08-20 00:51:00+00:00,-104.960327
2019-08-20 00:52:00+00:00,-98.708206
2019-08-20 00:53:00+00:00,-93.032867
2019-08-20 00:54:00+00:00,-91.964645
2019-08-20 00:55:00+00:00,-90.65097
2019-08-20 00:56:00+00:00,-86.750954
2019-08-20 00:57:00+00:00,-83.656174
2019-08-20 00:58:00+00:00,-79.171265
2019-08-20 00:59:00+00:00,-75.89579
2019-08-20 01:00:00+00:00,-69.417595
2019-08-20 01:01:00+00:00,-67.268005
2019-08-20 01:02:00+00:00,-65.745987
2019-08-20 01:03:00+00:00,-58.803711
2019-08-20 01:04:00+00:00,-55.647255
2019-08-20 01:05:00+00:00,-54.272732
2019-08-20 01:06:00+00:00,-60.230663
2019-08-20 01:07:00+00:00,-63.20752
2019-08-20 01:08:00+00:00,-64.415916
2019-08-20 01:09:00+00:00,-61.729141
2019-08-20 01:10:00+00:00,-62.349396
2019-08-20 01:11:00+00:00,-52.924202
2019-08-20 01:12:00+00:00,-48.202652
2019-08-20 01:13:00+00:00,-47.149651
2019-08-20 01:14:00+00:00,-54.525993
2019-08-20 01:15:00+00:00,-53.67873
2019-08-20 01:16:00+00:00,-59.913101
2019-08-20 01:17:00+00:00,-58.791656
2019-08-20 01:18:00+00:00,-74.391899
2019-08-20 01:19:00+00:00,-84.011642
2019-08-20 01:20:00+00:00,-78.59919
2019-08-20 01:21:00+00:00,-88.341125
2019-08-20 01:22:00+00:00,-80.192123
2019-08-20 01:23:00+00:00,-73.869034
2019-08-20 01:24:00+00:00,-77.203461
2019-08-20 01:25:00+00:00,-74.791153
2019-08-20 01:26:00+00:00,-71.037453
2019-08-20 01:27:00+00:00,-69.527374
2019-08-20 01:28:00+00:00,-63.370365
2019-08-20 01:29:00+00:00,-61.870193
2019-08-20 01:30:00+00:00,-64.434013
2019-08-20 01:31:00+00:00,-65.18985
2019-08-20 01:32:00+00:00,-64.351173
2019-08-20 01:33:00+00:00,-59.413078
2019-08-20 01:34:00+00:00,-70.769104
2019-08-20 01:35:00+00:00,-62.366508
2019-08-20 01:36:00+00:00,-45.887897
2019-08-20 01:37:00+00:00,-52.859726
2019-08-20 01:38:00+00:00,-52.576729
2019-08-20 01:39:00+00:00,-41.537018
2019-08-20 01:40:00+00:00,-53.684608
2019-08-20 01:41:00+00:00,-38.248905
2019-08-20 01:42:00+00:00,-37.571774
2019-08-20 01:43:00+00:00,-45.443535
2019-08-20 01:44:00+00:00,-29.904224
2019-08-20 01:45:00+00:00,-26.099682
2019-08-20 01:46:00+00:00,-27.225512
2019-08-20 01:47:00+00:00,-22.677322
2019-08-20 01:48:00+00:00,-27.749672
2019-08-20 01:49:00+00:00,-38.958698
2019-08-20 01:50:00+00:00,-36.791737
2019-08-20 01:51:00+00:00,-36.325279
2019-08-20 01:52:00+00:00,-41.664227
2019-08-20 01:53:00+00:00,-35.322365
2019-08-20 01:54:00+00:00,-30.836222
2019-08-20 01:55:00+00:00,-26.417517
2019-08-20 01:56:00+00:00,-22.844757
2019-08-20 01:57:00+00:00,-17.021893
2019-08-20 01:58:00+00:00,-15.034349
2019-08-20 01:59:00+00:00,-14.853273
2019-08-20 02:00:00+00:00,-14.952914
2019-08-20 02:01:00+00:00,-15.487636
2019-08-20 02:02:00+00:00,-15.517162
2019-08-20 02:03:00+00:00,-15.581552
2019-08-20 02:04:00+00:00,-17.224766
2019-08-20 02:05:00+00:00,-16.97612
2019-08-20 02:06:00+00:00,-20.030752
2019-08-20 02:07:00+00:00,-22.91571
2019-08-20 02:08:00+00:00,-18.168226
2019-08-20 02:09:00+00:00,-21.634235
2019-08-20 02:10:00+00:00,-31.550095
2019-08-20 02:11:00+00:00,-39.129692
2019-08-20 02:12:00+00:00,-40.576187
2019-08-20 02:13:00+00:00,-43.706982
2019-08-20 02:14:00+00:00,-41.223274
2019-08-20 02:15:00+00:00,-43.13694
2019-08-20 02:16:00+00:00,-41.887196
2019-08-20 02:17:00+00:00,-38.933189
2019-08-20 02:18:00+00:00,-42.292519
2019-08-20 02:19:00+00:00,-44.911507
2019-08-20 02:20:00+00:00,-45.760876
2019-08-20 02:21:00+00:00,-52.030079
2019-08-20 02:22:00+00:00,-53.217499
2019-08-20 02:23:00+00:00,-53.090206
2019-08-20 02:24:00+00:00,-51.931442
2019-08-20 02:25:00+00:00,-42.491257
2019-08-20 02:26:00+00:00,-41.022896
2019-08-20 02:27:00+00:00,-39.922211
2019-08-20 02:28:00+00:00,-41.721619
2019-08-20 02:29:00+00:00,-40.471748
2019-08-20 02:30:00+00:00,-39.125206
2019-08-20 02:31:00+00:00,-42.485394
2019-08-20 02:32:00+00:00,-48.914852
2019-08-20 02:33:00+00:00,-56.069904
2019-08-20 02:34:00+00:00,-56.750439
2019-08-20 02:35:00+00:00,-48.759262
2019-08-20 02:36:00+00:00,-40.986111
2019-08-20 02:37:00+00:00,-39.952084
2019-08-20 02:38:00+00:00,-36.91584
2019-08-20 02:39:00+00:00,-34.281853
2019-08-20 02:40:00+00:00,-29.615213
2019-08-20 02:41:00+00:00,-24.369551
2019-08-20 02:42:00+00:00,-27.604397
2019-08-20 02:43:00+00:00,-28.973831
2019-08-20 02:44:00+00:00,-26.741119
2019-08-20 02:45:00+00:00,-26.793055
2019-08-20 02:46:00+00:00,-26.616526
2019-08-20 02:47:00+00:00,-25.68672
2019-08-27 00:00:00+00:00,-144.796783
2019-08-27 00:01:00+00:00,-141.663284
2019-08-27 00:02:00+00:00,-131.606018
2019-08-27 00:03:00+00:00,-126.030502
2019-08-27 00:04:00+00:00,-125.152748
2019-08-27 00:05:00+00:00,-115.80867
2019-08-27 00:06:00+00:00,-108.281456
2019-08-27 00:07:00+00:00,-106.257866
2019-08-27 00:08:00+00:00,-111.656609
2019-08-27 00:09:00+00:00,-124.574768
2019-08-27 00:10:00+00:00,-140.280304
2019-08-27 00:11:00+00:00,-145.135468
2019-08-27 00:12:00+00:00,-143.407822
2019-08-27 00:13:00+00:00,-134.784805
2019-08-27 00:14:00+00:00,-117.089706
2019-08-27 00:15:00+00:00,-93.180885
2019-08-27 00:16:00+00:00,-92.570717
2019-08-27 00:17:00+00:00,-87.930489
2019-08-27 00:18:00+00:00,-90.685509
2019-08-27 00:19:00+00:00,-84.897133
2019-08-27 00:20:00+00:00,-75.322487
2019-08-27 00:21:00+00:00,-78.301949
2019-08-27 00:22:00+00:00,-89.28524
2019-08-27 00:23:00+00:00,-92.266083
2019-08-27 00:24:00+00:00,-95.227043
2019-08-27 00:25:00+00:00,-84.794136
2019-08-27 00:26:00+00:00,-87.390358
2019-08-27 00:27:00+00:00,-90.675545
2019-08-27 00:28:00+00:00,-91.930984
2019-08-27 00:29:00+00:00,-93.583847
2019-08-27 00:30:00+00:00,-97.704811
2019-08-27 00:31:00+00:00,-101.788002
2019-08-27 00:32:00+00:00,-102.68663
2019-08-27 00:33:00+00:00,-106.788406
2019-08-27 00:34:00+00:00,-112.718575
2019-08-27 00:35:00+00:00,-124.649841
2019-08-27 00:36:00+00:00,-128.567413
2019-08-27 00:37:00+00:00,-121.519119
2019-08-27 00:38:00+00:00,-115.798073
2019-08-27 00:39:00+00:00,-116.576241
2019-08-27 00:40:00+00:00,-119.669029
2019-08-27 00:41:00+00:00,-120.657516
2019-08-27 00:42:00+00:00,-121.501671
2019-08-27 00:43:00+00:00,-121.888039
2019-08-27 00:44:00+00:00,-122.253044
2019-08-27 00:45:00+00:00,-124.071136
2019-08-27 00:46:00+00:00,-126.07373
2019-08-27 00:47:00+00:00,-125.040604
2019-08-27 00:48:00+00:00,-124.034195
2019-08-27 00:49:00+00:00,-123.959198
2019-08-27 00:50:00+00:00,-132.062286
2019-08-27 00:51:00+00:00,-140.075211
2019-08-27 00:52:00+00:00,-134.128006
2019-08-27 00:53:00+00:00,-127.195892
2019-08-27 00:54:00+00:00,-138.171082
2019-08-27 00:55:00+00:00,-136.156998
2019-08-27 00:56:00+00:00,-138.171204
2019-08-27 00:57:00+00:00,-131.160904
2019-08-27 00:58:00+00:00,-130.120178
2019-08-27 00:59:00+00:00,-127.062531
2019-08-27 01:00:00+00:00,-123.04483
2019-08-27 01:01:00+00:00,-137.028229
2019-08-27 01:02:00+00:00,-134.218353
2019-08-27 01:03:00+00:00,-140.867111
2019-08-27 01:04:00+00:00,-141.709717
2019-08-27 01:05:00+00:00,-147.161224
2019-08-27 01:06:00+00:00,-138.198318
2019-08-27 01:07:00+00:00,-133.025314
2019-08-27 01:08:00+00:00,-128.510376
2019-08-27 01:09:00+00:00,-123.364983
2019-08-27 01:10:00+00:00,-119.751991
2019-08-27 01:11:00+00:00,-121.152161
2019-08-27 01:12:00+00:00,-121.690857
2019-08-27 01:13:00+00:00,-119.16494
2019-08-27 01:14:00+00:00,-116.449013
2019-08-27 01:15:00+00:00,-114.134445
2019-08-27 01:16:00+00:00,-109.641266
2019-08-27 01:17:00+00:00,-108.510742
2019-08-27 01:18:00+00:00,-112.534271
2019-08-27 01:19:00+00:00,-113.449409
2019-08-27 01:20:00+00:00,-130.394791
2019-08-27 01:21:00+00:00,-117.384064
2019-08-27 01:22:00+00:00,-103.41198
2019-08-27 01:23:00+00:00,-108.471405
2019-08-27 01:24:00+00:00,-112.492615
2019-08-27 01:25:00+00:00,-121.522446
2019-08-27 01:26:00+00:00,-118.586281
2019-08-27 01:27:00+00:00,-112.902718
2019-08-27 01:28:00+00:00,-112.128464
2019-08-27 01:29:00+00:00,-110.939468
2019-08-27 01:30:00+00:00,-108.559639
2019-08-27 01:31:00+00:00,-105.260323
2019-08-27 01:32:00+00:00,-106.773964
2019-08-27 01:33:00+00:00,-104.764282
2019-08-27 01:34:00+00:00,-97.737411
2019-08-27 01:35:00+00:00,-100.112938
2019-08-27 01:36:00+00:00,-103.225945
2019-08-27 01:37:00+00:00,-88.052933
2019-08-27 01:38:00+00:00,-85.097389
2019-08-27 01:39:00+00:00,-85.136894
2019-08-27 01:40:00+00:00,-85.196854
2019-08-27 01:41:00+00:00,-89.247963
2019-08-27 01:42:00+00:00,-78.303909
2019-08-27 01:43:00+00:00,-63.317772
2019-08-27 01:44:00+00:00,-74.382713
2019-08-27 01:45:00+00:00,-78.425896
2019-08-27 01:46:00+00:00,-81.45636
2019-08-27 01:47:00+00:00,-88.505356
2019-08-27 01:48:00+00:00,-85.578766
2019-08-27 01:49:00+00:00,-78.670731
2019-08-27 01:50:00+00:00,-68.751953
2019-08-27 01:51:00+00:00,-67.836121
2019-08-27 01:52:00+00:00,-61.909031
2019-08-27 01:53:00+00:00,-63.956154
2019-08-27 01:54:00+00:00,-65.006241
2019-08-27 01:55:00+00:00,-68.257095
2019-08-27 01:56:00+00:00,-70.740364
2019-08-27 01:57:00+00:00,-65.475922
2019-08-27 01:58:00+00:00,-57.101543
2019-08-27 01:59:00+00:00,-70.460609
2019-08-27 02:00:00+00:00,-87.42662
2019-08-27 02:01:00+00:00,-103.246078
2019-08-27 02:02:00+00:00,-114.447578
2019-08-27 02:03:00+00:00,-118.117027
2019-08-27 02:04:00+00:00,-118.237778
2019-08-27 02:05:00+00:00,-121.168182
2019-08-27 02:06:00+00:00,-126.007797
2019-08-27 02:07:00+00:00,-130.638702
2019-08-27 02:08:00+00:00,-121.75856
2019-08-27 02:09:00+00:00,-108.081459
2019-08-27 02:10:00+00:00,-105.551186
2019-08-27 02:11:00+00:00,-106.618721
2019-08-27 02:12:00+00:00,-96.661842
2019-08-27 02:13:00+00:00,-105.397583
2019-08-27 02:14:00+00:00,-112.729538
2019-08-27 02:15:00+00:00,-122.976746
2019-08-27 02:16:00+00:00,-133.139557
2019-08-27 02:17:00+00:00,-146.34166
2019-08-27 02:18:00+00:00,-146.657516
2019-08-27 02:19:00+00:00,-141.775909
2019-08-27 02:20:00+00:00,-139.289993
2019-08-27 02:21:00+00:00,-130.742676
2019-08-27 02:22:00+00:00,-129.55687
2019-08-27 02:23:00+00:00,-138.287903
2019-08-27 02:24:00+00:00,-170.824875
2019-08-27 02:25:00+00:00,-191.052368
2019-08-27 02:26:00+00:00,-194.897507
2019-08-27 02:27:00+00:00,-188.528748
2019-08-27 02:28:00+00:00,-169.214661
2019-08-27 02:29:00+00:00,-169.981796
2019-08-27 02:30:00+00:00,-152.084518
2019-08-27 02:31:00+00:00,-128.213654
2019-08-27 02:32:00+00:00,-102.334167
2019-08-27 02:33:00+00:00,-92.050003
2019-08-27 02:34:00+00:00,-82.768707
2019-08-27 02:35:00+00:00,-75.694527
2019-08-27 02:36:00+00:00,-71.856491
2019-08-27 02:37:00+00:00,-55.989014
2019-08-27 02:38:00+00:00,-58.125683
2019-08-27 02:39:00+00:00,-53.267231
2019-08-27 02:40:00+00:00,-58.396049
2019-08-27 02:41:00+00:00,-64.508217
2019-08-27 02:42:00+00:00,-64.615417
2019-08-27 02:43:00+00:00,-55.705917
2019-08-27 02:44:00+00:00,-52.809959
2019-08-27 02:45:00+00:00,-47.913872
2019-08-27 02:46:00+00:00,-49.024437
2019-08-27 02:47:00+00:00,-41.14164
2019-09-03 00:00:00+00:00,-53.326786
2019-09-03 00:01:00+00:00,-38.013824
2019-09-03 00:02:00+00:00,-43.00642
2019-09-03 00:03:00+00:00,-42.545471
2019-09-03 00:04:00+00:00,-46.993034
2019-09-03 00:05:00+00:00,-52.020103
2019-09-03 00:06:00+00:00,-59.000557
2019-09-03 00:07:00+00:00,-51.020378
2019-09-03 00:08:00+00:00,-43.047997
2019-09-03 00:09:00+00:00,-51.060017
2019-09-03 00:10:00+00:00,-47.073933
2019-09-03 00:11:00+00:00,-35.146305
2019-09-03 00:12:00+00:00,-45.152061
2019-09-03 00:13:00+00:00,-52.10088
2019-09-03 00:14:00+00:00,-52.080662
2019-09-03 00:15:00+00:00,-50.110672
2019-09-03 00:16:00+00:00,-42.083508
2019-09-03 00:17:00+00:00,-34.129951
2019-09-03 00:18:00+00:00,-35.119061
2019-09-03 00:19:00+00:00,-32.103489
2019-09-03 00:20:00+00:00,-43.042149
2019-09-03 00:21:00+00:00,-37.999405
2019-09-03 00:22:00+00:00,-34.025871
2019-09-03 00:23:00+00:00,-28.926229
2019-09-03 00:24:00+00:00,-28.064976
2019-09-03 00:25:00+00:00,-30.224318
2019-09-03 00:26:00+00:00,-37.121674
2019-09-03 00:27:00+00:00,-72.115974
2019-09-03 00:28:00+00:00,-91.574371
2019-09-03 00:29:00+00:00,-89.34491
2019-09-03 00:30:00+00:00,-91.939377
2019-09-03 00:31:00+00:00,-62.780422
2019-09-03 00:32:00+00:00,-54.179874
2019-09-03 00:33:00+00:00,-134.803711
2019-09-03 00:34:00+00:00,-153.512268
2019-09-03 00:35:00+00:00,-149.654938
2019-09-03 00:36:00+00:00,-147.899002
2019-09-03 00:37:00+00:00,-157.225006
2019-09-03 00:38:00+00:00,-147.981003
2019-09-03 00:39:00+00:00,-160.174286
2019-09-03 00:40:00+00:00,-189.048248
2019-09-03 00:41:00+00:00,-214.306686
2019-09-03 00:42:00+00:00,-235.869232
2019-09-03 00:43:00+00:00,-255.152863
2019-09-03 00:44:00+00:00,-193.543625
2019-09-03 00:45:00+00:00,-193.607178
2019-09-03 00:46:00+00:00,-187.598877
2019-09-03 00:47:00+00:00,-174.439575
2019-09-03 00:48:00+00:00,-161.956299
2019-09-03 00:49:00+00:00,-134.126541
2019-09-03 00:50:00+00:00,-106.385811
2019-09-03 00:51:00+00:00,-91.087593
2019-09-03 00:52:00+00:00,-100.375488
2019-09-03 00:53:00+00:00,-98.55397
2019-09-03 00:54:00+00:00,-95.842834
2019-09-03 00:55:00+00:00,-71.186371
2019-09-03 00:56:00+00:00,-63.894264
2019-09-03 00:57:00+00:00,-74.728714
2019-09-03 00:58:00+00:00,-63.623161
2019-09-03 00:59:00+00:00,-58.470787
2019-09-03 01:00:00+00:00,-60.267109
2019-09-03 01:01:00+00:00,-59.879189
2019-09-03 01:02:00+00:00,-58.33416
2019-09-03 01:03:00+00:00,-53.063133
2019-09-03 01:04:00+00:00,-50.647964
2019-09-03 01:05:00+00:00,-53.006474
2019-09-03 01:06:00+00:00,-44.92918
2019-09-03 01:07:00+00:00,-36.88031
2019-09-03 01:08:00+00:00,-100.903961
2019-09-03 01:09:00+00:00,-119.205475
2019-09-03 01:10:00+00:00,-108.742462
2019-09-03 01:11:00+00:00,-117.23172
2019-09-03 01:12:00+00:00,-136.107849
2019-09-03 01:13:00+00:00,-92.126656
2019-09-03 01:14:00+00:00,-82.256287
2019-09-03 01:15:00+00:00,-98.495056
2019-09-03 01:16:00+00:00,-104.779884
2019-09-03 01:17:00+00:00,-125.514778
2019-09-03 01:18:00+00:00,-117.021492
2019-09-03 01:19:00+00:00,-142.017075
2019-09-03 01:20:00+00:00,-182.501541
2019-09-03 01:21:00+00:00,-132.24736
2019-09-03 01:22:00+00:00,-73.346054
2019-09-03 01:23:00+00:00,-100.807297
2019-09-03 01:24:00+00:00,-93.414345
2019-09-03 01:25:00+00:00,-163.248047
2019-09-03 01:26:00+00:00,-229.41304
2019-09-03 01:27:00+00:00,-222.65976
2019-09-03 01:28:00+00:00,-206.14444
2019-09-03 01:29:00+00:00,-214.68486
2019-09-03 01:30:00+00:00,-209.99437
2019-09-03 01:31:00+00:00,-172.45517
2019-09-03 01:32:00+00:00,-149.814499
2019-09-03 01:33:00+00:00,-152.63504
2019-09-03 01:34:00+00:00,-137.700333
2019-09-03 01:35:00+00:00,-135.328842
2019-09-03 01:36:00+00:00,-135.988434
2019-09-03 01:37:00+00:00,-122.438736
2019-09-03 01:38:00+00:00,-99.165558
2019-09-03 01:39:00+00:00,-67.215675
2019-09-03 01:40:00+00:00,-63.731888
2019-09-03 01:41:00+00:00,-62.86211
2019-09-03 01:42:00+00:00,-68.400093
2019-09-03 01:43:00+00:00,-80.994064
2019-09-03 01:44:00+00:00,-83.455795
2019-09-03 01:45:00+00:00,-89.711967
2019-09-03 01:46:00+00:00,-92.769638
2019-09-03 01:47:00+00:00,-89.190117
2019-09-03 01:48:00+00:00,-87.456612
2019-09-03 01:49:00+00:00,-94.339432
2019-09-03 01:50:00+00:00,-91.719238
2019-09-03 01:51:00+00:00,-91.602661
2019-09-03 01:52:00+00:00,-113.634499
2019-09-03 01:53:00+00:00,-146.253067
2019-09-03 01:54:00+00:00,-189.521713
2019-09-03 01:55:00+00:00,-231.020111
2019-09-03 01:56:00+00:00,-198.454529
2019-09-03 01:57:00+00:00,-187.051544
2019-09-03 01:58:00+00:00,-238.414612
2019-09-03 01:59:00+00:00,-288.421539
2019-09-03 02:00:00+00:00,-360.473328
2019-09-03 02:01:00+00:00,-294.055328
2019-09-03 02:02:00+00:00,-316.762543
2019-09-03 02:03:00+00:00,-338.537964
2019-09-03 02:04:00+00:00,-335.764221
2019-09-03 02:05:00+00:00,-323.510559
2019-09-03 02:06:00+00:00,-338.53949
2019-09-03 02:07:00+00:00,-350.364838
2019-09-03 02:08:00+00:00,-379.703735
2019-09-03 02:09:00+00:00,-389.532867
2019-09-03 02:10:00+00:00,-363.164581
2019-09-03 02:11:00+00:00,-343.198364
2019-09-03 02:12:00+00:00,-323.910431
2019-09-03 02:13:00+00:00,-300.689331
2019-09-03 02:14:00+00:00,-313.996979
2019-09-03 02:15:00+00:00,-314.752838
2019-09-03 02:16:00+00:00,-354.585876
2019-09-03 02:17:00+00:00,-398.410889
2019-09-03 02:18:00+00:00,-376.306091
2019-09-03 02:19:00+00:00,-548.224854
2019-09-03 02:20:00+00:00,-471.057983
2019-09-03 02:21:00+00:00,-440.221741
2019-09-03 02:22:00+00:00,-495.082886
2019-09-03 02:23:00+00:00,-398.886566
2019-09-03 02:24:00+00:00,-364.717346
2019-09-03 02:25:00+00:00,-362.803741
2019-09-03 02:26:00+00:00,-373.511047
2019-09-03 02:27:00+00:00,-384.638885
2019-09-03 02:28:00+00:00,-463.938324
2019-09-03 02:29:00+00:00,-356.077637
2019-09-03 02:30:00+00:00,-335.368561
2019-09-03 02:31:00+00:00,-350.805573
2019-09-03 02:32:00+00:00,-371.916321
2019-09-03 02:33:00+00:00,-403.56012
2019-09-03 02:34:00+00:00,-434.71933
2019-09-03 02:35:00+00:00,-492.390594
2019-09-03 02:36:00+00:00,-488.409882
2019-09-03 02:37:00+00:00,-518.15033
2019-09-03 02:38:00+00:00,-546.869995
2019-09-03 02:39:00+00:00,-561.52124
2019-09-03 02:40:00+00:00,-591.595398
2019-09-03 02:41:00+00:00,-607.841248
2019-09-03 02:42:00+00:00,-545.604004
2019-09-03 02:43:00+00:00,-499.032196
2019-09-03 02:44:00+00:00,-438.485168
2019-09-03 02:45:00+00:00,-405.553101
2019-09-03 02:46:00+00:00,-412.173615
2019-09-03 02:47:00+00:00,-436.014832
2019-09-10 00:00:00+00:00,-207.25824
2019-09-10 00:01:00+00:00,-212.093002
2019-09-10 00:02:00+00:00,-209.190598
2019-09-10 00:03:00+00:00,-208.108749
2019-09-10 00:04:00+00:00,-210.877853
2019-09-10 00:05:00+00:00,-207.943939
2019-09-10 00:06:00+00:00,-197.435181
2019-09-10 00:07:00+00:00,-191.967804
2019-09-10 00:08:00+00:00,-189.019852
2019-09-10 00:09:00+00:00,-191.833572
2019-09-10 00:10:00+00:00,-190.834869
2019-09-10 00:11:00+00:00,-183.673279
2019-09-10 00:12:00+00:00,-176.080338
2019-09-10 00:13:00+00:00,-168.634293
2019-09-10 00:14:00+00:00,-163.861328
2019-09-10 00:15:00+00:00,-159.932175
2019-09-10 00:16:00+00:00,-150.117065
2019-09-10 00:17:00+00:00,-146.700287
2019-09-10 00:18:00+00:00,-145.199539
2019-09-10 00:19:00+00:00,-139.376648
2019-09-10 00:20:00+00:00,-133.04129
2019-09-10 00:21:00+00:00,-127.486557
2019-09-10 00:22:00+00:00,-119.41732
2019-09-10 00:23:00+00:00,-110.494621
2019-09-10 00:24:00+00:00,-104.467148
2019-09-10 00:25:00+00:00,-101.222618
2019-09-10 00:26:00+00:00,-103.086121
2019-09-10 00:27:00+00:00,-95.258743
2019-09-10 00:28:00+00:00,-88.608597
2019-09-10 00:29:00+00:00,-89.097885
2019-09-10 00:30:00+00:00,-101.0355
2019-09-10 00:31:00+00:00,-106.332016
2019-09-10 00:32:00+00:00,-95.304756
2019-09-10 00:33:00+00:00,-80.207436
2019-09-10 00:34:00+00:00,-72.409462
2019-09-10 00:35:00+00:00,-73.441147
2019-09-10 00:36:00+00:00,-72.970596
2019-09-10 00:37:00+00:00,-86.590103
2019-09-10 00:38:00+00:00,-105.08638
2019-09-10 00:39:00+00:00,-119.785988
2019-09-10 00:40:00+00:00,-121.412407
2019-09-10 00:41:00+00:00,-119.731079
2019-09-10 00:42:00+00:00,-110.027
2019-09-10 00:43:00+00:00,-108.605835
2019-09-10 00:44:00+00:00,-117.106728
2019-09-10 00:45:00+00:00,-132.732895
2019-09-10 00:46:00+00:00,-167.482132
2019-09-10 00:47:00+00:00,-177.089752
2019-09-10 00:48:00+00:00,-131.299561
2019-09-10 00:49:00+00:00,-130.899658
2019-09-10 00:50:00+00:00,-129.435303
2019-09-10 00:51:00+00:00,-116.583481
2019-09-10 00:52:00+00:00,-135.352875
2019-09-10 00:53:00+00:00,-148.623718
2019-09-10 00:54:00+00:00,-138.236099
2019-09-10 00:55:00+00:00,-149.303268
2019-09-10 00:56:00+00:00,-164.414047
2019-09-10 00:57:00+00:00,-154.763702
2019-09-10 00:58:00+00:00,-148.85907
2019-09-10 00:59:00+00:00,-156.513687
2019-09-10 01:00:00+00:00,-138.884521
2019-09-10 01:01:00+00:00,-113.011353
2019-09-10 01:02:00+00:00,-93.833168
2019-09-10 01:03:00+00:00,-95.05983
2019-09-10 01:04:00+00:00,-103.276215
2019-09-10 01:05:00+00:00,-139.159973
2019-09-10 01:06:00+00:00,-110.09214
2019-09-10 01:07:00+00:00,-183.210587
2019-09-10 01:08:00+00:00,-234.660965
2019-09-10 01:09:00+00:00,-175.030792
2019-09-10 01:10:00+00:00,-163.565201
2019-09-10 01:11:00+00:00,-132.793472
2019-09-10 01:12:00+00:00,-101.153069
2019-09-10 01:13:00+00:00,-79.215721
2019-09-10 01:14:00+00:00,-104.803055
2019-09-10 01:15:00+00:00,-102.613739
2019-09-10 01:16:00+00:00,-65.453651
2019-09-10 01:17:00+00:00,-52.556156
2019-09-10 01:18:00+00:00,-75.557953
2019-09-10 01:19:00+00:00,-134.491257
2019-09-10 01:20:00+00:00,-174.669495
2019-09-10 01:21:00+00:00,-221.047745
2019-09-10 01:22:00+00:00,-237.911331
2019-09-10 01:23:00+00:00,-207.208054
2019-09-10 01:24:00+00:00,-165.422485
2019-09-10 01:25:00+00:00,-177.122971
2019-09-10 01:26:00+00:00,-151.887589
2019-09-10 01:27:00+00:00,-159.724136
2019-09-10 01:28:00+00:00,-174.133865
2019-09-10 01:29:00+00:00,-197.965439
2019-09-10 01:30:00+00:00,-184.609497
2019-09-10 01:31:00+00:00,-169.420319
2019-09-10 01:32:00+00:00,-182.659851
2019-09-10 01:33:00+00:00,-201.161072
2019-09-10 01:34:00+00:00,-214.585129
2019-09-10 01:35:00+00:00,-206.379242
2019-09-10 01:36:00+00:00,-192.834427
2019-09-10 01:37:00+00:00,-159.418884
2019-09-10 01:38:00+00:00,-139.49791
2019-09-10 01:39:00+00:00,-104.046265
2019-09-10 01:40:00+00:00,-115.504219
2019-09-10 01:41:00+00:00,-134.569168
2019-09-10 01:42:00+00:00,-108.841217
2019-09-10 01:43:00+00:00,-99.910805
2019-09-10 01:44:00+00:00,-88.732185
2019-09-10 01:45:00+00:00,-69.738686
2019-09-10 01:46:00+00:00,-53.389721
2019-09-10 01:47:00+00:00,-50.843117
2019-09-10 01:48:00+00:00,-50.880234
2019-09-10 01:49:00+00:00,-55.645596
2019-09-10 01:50:00+00:00,-62.788601
2019-09-10 01:51:00+00:00,-59.17643
2019-09-10 01:52:00+00:00,-50.872536
2019-09-10 01:53:00+00:00,-48.820286
2019-09-10 01:54:00+00:00,-41.808472
2019-09-10 01:55:00+00:00,-38.635712
2019-09-10 01:56:00+00:00,-36.7659
2019-09-10 01:57:00+00:00,-36.077839
2019-09-10 01:58:00+00:00,-35.42691
2019-09-10 01:59:00+00:00,-40.597794
2019-09-10 02:00:00+00:00,-47.759823
2019-09-10 02:01:00+00:00,-51.97855
2019-09-10 02:02:00+00:00,-50.461262
2019-09-10 02:03:00+00:00,-40.066353
2019-09-10 02:04:00+00:00,-33.419052
2019-09-10 02:05:00+00:00,-31.01338
2019-09-10 02:06:00+00:00,-27.026276
2019-09-10 02:07:00+00:00,-22.425076
2019-09-10 02:08:00+00:00,-19.35284
2019-09-10 02:09:00+00:00,-19.484356
2019-09-10 02:10:00+00:00,-18.890102
2019-09-10 02:11:00+00:00,-25.698345
2019-09-10 02:12:00+00:00,-23.692047
2019-09-10 02:13:00+00:00,-22.762276
2019-09-10 02:14:00+00:00,-28.564724
2019-09-10 02:15:00+00:00,-30.374893
2019-09-10 02:16:00+00:00,-21.946644
2019-09-10 02:17:00+00:00,-27.975113
2019-09-10 02:18:00+00:00,-31.078985
2019-09-10 02:19:00+00:00,-28.636951
2019-09-10 02:20:00+00:00,-29.329439
2019-09-10 02:21:00+00:00,-29.276497
2019-09-10 02:22:00+00:00,-27.215839
2019-09-10 02:23:00+00:00,-31.707552
2019-09-10 02:24:00+00:00,-34.454514
2019-09-10 02:25:00+00:00,-32.206734
2019-09-10 02:26:00+00:00,-31.475924
2019-09-10 02:27:00+00:00,-32.25721
2019-09-10 02:28:00+00:00,-36.15802
2019-09-10 02:29:00+00:00,-35.478741
2019-09-10 02:30:00+00:00,-36.013107
2019-09-10 02:31:00+00:00,-46.171631
2019-09-10 02:32:00+00:00,-54.347664
2019-09-10 02:33:00+00:00,-49.562744
2019-09-10 02:34:00+00:00,-40.345234
2019-09-10 02:35:00+00:00,-26.987175
2019-09-10 02:36:00+00:00,-21.726715
2019-09-10 02:37:00+00:00,-23.158573
2019-09-10 02:38:00+00:00,-25.184793
2019-09-10 02:39:00+00:00,-21.459328
2019-09-10 02:40:00+00:00,-20.527719
2019-09-10 02:41:00+00:00,-20.873779
2019-09-10 02:42:00+00:00,-20.795839
2019-09-10 02:43:00+00:00,-21.982693
2019-09-10 02:44:00+00:00,-23.988623
2019-09-10 02:45:00+00:00,-20.357269
2019-09-10 02:46:00+00:00,-21.967449
2019-09-10 02:47:00+00:00,-22.062618
2019-09-17 00:00:00+00:00,-66.611343
2019-09-17 00:01:00+00:00,-66.57795
2019-09-17 00:02:00+00:00,-67.974663
2019-09-17 00:03:00+00:00,-70.387146
2019-09-17 00:04:00+00:00,-74.187172
2019-09-17 00:05:00+00:00,-77.155701
2019-09-17 00:06:00+00:00,-77.91745
2019-09-17 00:07:00+00:00,-79.14019
2019-09-17 00:08:00+00:00,-80.697525
2019-09-17 00:09:00+00:00,-80.046227
2019-09-17 00:10:00+00:00,-78.965294
2019-09-17 00:11:00+00:00,-75.595848
2019-09-17 00:12:00+00:00,-71.197876
2019-09-17 00:13:00+00:00,-69.215088
2019-09-17 00:14:00+00:00,-65.408104
2019-09-17 00:15:00+00:00,-70.051163
2019-09-17 00:16:00+00:00,-87.480064
2019-09-17 00:17:00+00:00,-116.055237
2019-09-17 00:18:00+00:00,-116.884987
2019-09-17 00:19:00+00:00,-127.503365
2019-09-17 00:20:00+00:00,-124.266724
2019-09-17 00:21:00+00:00,-131.860489
2019-09-17 00:22:00+00:00,-132.243362
2019-09-17 00:23:00+00:00,-138.907745
2019-09-17 00:24:00+00:00,-160.281113
2019-09-17 00:25:00+00:00,-158.171982
2019-09-17 00:26:00+00:00,-155.577271
2019-09-17 00:27:00+00:00,-157.033035
2019-09-17 00:28:00+00:00,-159.704208
2019-09-17 00:29:00+00:00,-160.738464
2019-09-17 00:30:00+00:00,-122.016884
2019-09-17 00:31:00+00:00,-148.227142
2019-09-17 00:32:00+00:00,-211.804199
2019-09-17 00:33:00+00:00,-260.502747
2019-09-17 00:34:00+00:00,-272.816742
2019-09-17 00:35:00+00:00,-277.124908
2019-09-17 00:36:00+00:00,-258.256836
2019-09-17 00:37:00+00:00,-329.525269
2019-09-17 00:38:00+00:00,-454.457825
2019-09-17 00:39:00+00:00,-578.732666
2019-09-17 00:40:00+00:00,-321.677429
2019-09-17 00:41:00+00:00,-345.528534
2019-09-17 00:42:00+00:00,-314.05484
2019-09-17 00:43:00+00:00,-261.033752
2019-09-17 00:44:00+00:00,-234.374283
2019-09-17 00:45:00+00:00,-554.203003
2019-09-17 00:46:00+00:00,-616.808655
2019-09-17 00:47:00+00:00,-459.640442
2019-09-17 00:48:00+00:00,-312.124664
2019-09-17 00:49:00+00:00,-352.46933
2019-09-17 00:50:00+00:00,-515.101501
2019-09-17 00:51:00+00:00,-412.465698
2019-09-17 00:52:00+00:00,-282.268646
2019-09-17 00:53:00+00:00,-317.149109
2019-09-17 00:54:00+00:00,-329.0159
2019-09-17 00:55:00+00:00,-379.944733
2019-09-17 00:56:00+00:00,-359.738068
2019-09-17 00:57:00+00:00,-353.620392
2019-09-17 00:58:00+00:00,-344.047974
2019-09-17 00:59:00+00:00,-297.680115
2019-09-17 01:00:00+00:00,-281.017242
2019-09-17 01:01:00+00:00,-283.185699
2019-09-17 01:02:00+00:00,-290.200958
2019-09-17 01:03:00+00:00,-283.760437
2019-09-17 01:04:00+00:00,-298.618561
2019-09-17 01:05:00+00:00,-310.05014
2019-09-17 01:06:00+00:00,-321.507477
2019-09-17 01:07:00+00:00,-332.344299
2019-09-17 01:08:00+00:00,-341.307587
2019-09-17 01:09:00+00:00,-342.092926
2019-09-17 01:10:00+00:00,-342.553955
2019-09-17 01:11:00+00:00,-342.637085
2019-09-17 01:12:00+00:00,-335.833679
2019-09-17 01:13:00+00:00,-326.304993
2019-09-17 01:14:00+00:00,-326.986359
2019-09-17 01:15:00+00:00,-336.815063
2019-09-17 01:16:00+00:00,-336.503815
2019-09-17 01:17:00+00:00,-342.291046
2019-09-17 01:18:00+00:00,-345.20813
2019-09-17 01:19:00+00:00,-325.501312
2019-09-17 01:20:00+00:00,-311.77713
2019-09-17 01:21:00+00:00,-329.680267
2019-09-17 01:22:00+00:00,-341.573608
2019-09-17 01:23:00+00:00,-490.157867
2019-09-17 01:24:00+00:00,-447.601593
2019-09-17 01:25:00+00:00,-320.604553
2019-09-17 01:26:00+00:00,-318.147644
2019-09-17 01:27:00+00:00,-306.546844
2019-09-17 01:28:00+00:00,-284.218811
2019-09-17 01:29:00+00:00,-270.884827
2019-09-17 01:30:00+00:00,-274.863434
2019-09-17 01:31:00+00:00,-277.057892
2019-09-17 01:32:00+00:00,-290.373199
2019-09-17 01:33:00+00:00,-299.543915
2019-09-17 01:34:00+00:00,-293.461792
2019-09-17 01:35:00+00:00,-284.995178
2019-09-17 01:36:00+00:00,-273.597382
2019-09-17 01:37:00+00:00,-276.235535
2019-09-17 01:38:00+00:00,-275.414337
2019-09-17 01:39:00+00:00,-273.542358
2019-09-17 01:40:00+00:00,-260.563141
2019-09-17 01:41:00+00:00,-252.648758
2019-09-17 01:42:00+00:00,-248.456589
2019-09-17 01:43:00+00:00,-248.087387
2019-09-17 01:44:00+00:00,-251.21814
2019-09-17 01:45:00+00:00,-252.723938
2019-09-17 01:46:00+00:00,-253.58255
2019-09-17 01:47:00+00:00,-254.321487
2019-09-17 01:48:00+00:00,-249.596191
2019-09-17 01:49:00+00:00,-242.552368
2019-09-17 01:50:00+00:00,-226.06517
2019-09-17 01:51:00+00:00,-218.947281
2019-09-17 01:52:00+00:00,-218.149292
2019-09-17 01:53:00+00:00,-226.90535
2019-09-17 01:54:00+00:00,-234.528336
2019-09-17 01:55:00+00:00,-229.615082
2019-09-17 01:56:00+00:00,-212.682373
2019-09-17 01:57:00+00:00,-193.056549
2019-09-17 01:58:00+00:00,-187.078629
2019-09-17 01:59:00+00:00,-179.675186
2019-09-17 02:00:00+00:00,-172.098129
2019-09-17 02:01:00+00:00,-167.805405
2019-09-17 02:02:00+00:00,-158.712555
2019-09-17 02:03:00+00:00,-152.772888
2019-09-17 02:04:00+00:00,-154.750229
2019-09-17 02:05:00+00:00,-154.3918
2019-09-17 02:06:00+00:00,-155.264175
2019-09-17 02:07:00+00:00,-146.752075
2019-09-17 02:08:00+00:00,-135.274063
2019-09-17 02:09:00+00:00,-133.199234
2019-09-17 02:10:00+00:00,-140.214249
2019-09-17 02:11:00+00:00,-143.014587
2019-09-17 02:12:00+00:00,-143.043777
2019-09-17 02:13:00+00:00,-137.733612
2019-09-17 02:14:00+00:00,-130.717102
2019-09-17 02:15:00+00:00,-123.863548
2019-09-17 02:16:00+00:00,-119.785378
2019-09-17 02:17:00+00:00,-117.087257
2019-09-17 02:18:00+00:00,-116.820129
2019-09-17 02:19:00+00:00,-116.243912
2019-09-17 02:20:00+00:00,-116.662483
2019-09-17 02:21:00+00:00,-120.668777
2019-09-17 02:22:00+00:00,-114.045784
2019-09-17 02:23:00+00:00,-113.984932
2019-09-17 02:24:00+00:00,-115.89315
2019-09-17 02:25:00+00:00,-119.212006
2019-09-17 02:26:00+00:00,-118.593025
2019-09-17 02:27:00+00:00,-116.620354
2019-09-17 02:28:00+00:00,-112.936737
2019-09-17 02:29:00+00:00,-105.028053
2019-09-17 02:30:00+00:00,-84.698532
2019-09-17 02:31:00+00:00,-61.229893
2019-09-17 02:32:00+00:00,-54.128216
2019-09-17 02:33:00+00:00,-54.854443
2019-09-17 02:34:00+00:00,-61.470108
2019-09-17 02:35:00+00:00,-70.60997
2019-09-17 02:36:00+00:00,-69.359016
2019-09-17 02:37:00+00:00,-57.105026
2019-09-17 02:38:00+00:00,-51.724861
2019-09-17 02:39:00+00:00,-53.042747
2019-09-17 02:40:00+00:00,-52.766716
2019-09-17 02:41:00+00:00,-50.003204
2019-09-17 02:42:00+00:00,-53.160534
2019-09-17 02:43:00+00:00,-33.949154
2019-09-17 02:44:00+00:00,-28.464338
2019-09-17 02:45:00+00:00,-24.766701
2019-09-17 02:46:00+00:00,-34.304344
2019-09-17 02:47:00+00:00,-35.152069
2019-09-24 00:00:00+00:00,-25.078659
2019-09-24 00:01:00+00:00,-21.451311
2019-09-24 00:02:00+00:00,-19.057308
2019-09-24 00:03:00+00:00,-15.251072
2019-09-24 00:04:00+00:00,-12.327453
2019-09-24 00:05:00+00:00,-13.582951
2019-09-24 00:06:00+00:00,-17.049383
2019-09-24 00:07:00+00:00,-15.84843
2019-09-24 00:08:00+00:00,-18.54348
2019-09-24 00:09:00+00:00,-36.434704
2019-09-24 00:10:00+00:00,-69.104034
2019-09-24 00:11:00+00:00,-87.058144
2019-09-24 00:12:00+00:00,-70.920067
2019-09-24 00:13:00+00:00,-88.855804
2019-09-24 00:14:00+00:00,-112.047264
2019-09-24 00:15:00+00:00,-100.619858
2019-09-24 00:16:00+00:00,-86.647072
2019-09-24 00:17:00+00:00,-100.613281
2019-09-24 00:18:00+00:00,-95.903229
2019-09-24 00:19:00+00:00,-81.833176
2019-09-24 00:20:00+00:00,-90.427582
2019-09-24 00:21:00+00:00,-92.535591
2019-09-24 00:22:00+00:00,-97.135559
2019-09-24 00:23:00+00:00,-105.184563
2019-09-24 00:24:00+00:00,-128.731415
2019-09-24 00:25:00+00:00,-131.626694
2019-09-24 00:26:00+00:00,-146.730743
2019-09-24 00:27:00+00:00,-153.784744
2019-09-24 00:28:00+00:00,-157.121704
2019-09-24 00:29:00+00:00,-167.479141
2019-09-24 00:30:00+00:00,-173.863068
2019-09-24 00:31:00+00:00,-171.433182
2019-09-24 00:32:00+00:00,-176.984619
2019-09-24 00:33:00+00:00,-186.866013
2019-09-24 00:34:00+00:00,-201.432816
2019-09-24 00:35:00+00:00,-209.644989
2019-09-24 00:36:00+00:00,-210.579529
2019-09-24 00:37:00+00:00,-211.085403
2019-09-24 00:38:00+00:00,-210.31752
2019-09-24 00:39:00+00:00,-222.585144
2019-09-24 00:40:00+00:00,-220.303574
2019-09-24 00:41:00+00:00,-225.164154
2019-09-24 00:42:00+00:00,-226.946106
2019-09-24 00:43:00+00:00,-230.147461
2019-09-24 00:44:00+00:00,-232.8741
2019-09-24 00:45:00+00:00,-232.154282
2019-09-24 00:46:00+00:00,-226.882004
2019-09-24 00:47:00+00:00,-227.731018
2019-09-24 00:48:00+00:00,-229.407806
2019-09-24 00:49:00+00:00,-230.937698
2019-09-24 00:50:00+00:00,-239.587479
2019-09-24 00:51:00+00:00,-241.422379
2019-09-24 00:52:00+00:00,-237.130295
2019-09-24 00:53:00+00:00,-239.649948
2019-09-24 00:54:00+00:00,-233.981033
2019-09-24 00:55:00+00:00,-234.589264
2019-09-24 00:56:00+00:00,-229.863297
2019-09-24 00:57:00+00:00,-227.27092
2019-09-24 00:58:00+00:00,-225.180573
2019-09-24 00:59:00+00:00,-227.561447
2019-09-24 01:00:00+00:00,-227.108063
2019-09-24 01:01:00+00:00,-225.189011
2019-09-24 01:02:00+00:00,-221.200424
2019-09-24 01:03:00+00:00,-223.89093
2019-09-24 01:04:00+00:00,-220.277832
2019-09-24 01:05:00+00:00,-215.88356
2019-09-24 01:06:00+00:00,-209.674423
2019-09-24 01:07:00+00:00,-205.854507
2019-09-24 01:08:00+00:00,-203.512161
2019-09-24 01:09:00+00:00,-200.041916
2019-09-24 01:10:00+00:00,-200.124161
2019-09-24 01:11:00+00:00,-209.751068
2019-09-24 01:12:00+00:00,-216.673569
2019-09-24 01:13:00+00:00,-217.207047
2019-09-24 01:14:00+00:00,-217.946396
2019-09-24 01:15:00+00:00,-210.784027
2019-09-24 01:16:00+00:00,-199.732422
2019-09-24 01:17:00+00:00,-193.859894
2019-09-24 01:18:00+00:00,-189.937836
2019-09-24 01:19:00+00:00,-194.063843
2019-09-24 01:20:00+00:00,-189.77594
2019-09-24 01:21:00+00:00,-184.895218
2019-09-24 01:22:00+00:00,-184.94136
2019-09-24 01:23:00+00:00,-186.044083
2019-09-24 01:24:00+00:00,-183.403458
2019-09-24 01:25:00+00:00,-180.781921
2019-09-24 01:26:00+00:00,-181.82222
2019-09-24 01:27:00+00:00,-183.855133
2019-09-24 01:28:00+00:00,-184.342438
2019-09-24 01:29:00+00:00,-191.860992
2019-09-24 01:30:00+00:00,-194.424759
2019-09-24 01:31:00+00:00,-194.502167
2019-09-24 01:32:00+00:00,-196.267365
2019-09-24 01:33:00+00:00,-195.998672
2019-09-24 01:34:00+00:00,-191.486099
2019-09-24 01:35:00+00:00,-183.982574
2019-09-24 01:36:00+00:00,-180.633011
2019-09-24 01:37:00+00:00,-187.614288
2019-09-24 01:38:00+00:00,-182.367233
2019-09-24 01:39:00+00:00,-176.637924
2019-09-24 01:40:00+00:00,-169.298401
2019-09-24 01:41:00+00:00,-173.17189
2019-09-24 01:42:00+00:00,-162.426346
2019-09-24 01:43:00+00:00,-159.461151
2019-09-24 01:44:00+00:00,-155.9328
2019-09-24 01:45:00+00:00,-196.129532
2019-09-24 01:46:00+00:00,-341.638733
2019-09-24 01:47:00+00:00,-400.631561
2019-09-24 01:48:00+00:00,-472.521149
2019-09-24 01:49:00+00:00,-440.139496
2019-09-24 01:50:00+00:00,-416.467743
2019-09-24 01:51:00+00:00,-285.81076
2019-09-24 01:52:00+00:00,-282.751984
2019-09-24 01:53:00+00:00,-297.631409
2019-09-24 01:54:00+00:00,-270.365601
2019-09-24 01:55:00+00:00,-259.071747
2019-09-24 01:56:00+00:00,-229.00473
2019-09-24 01:57:00+00:00,-254.295349
2019-09-24 01:58:00+00:00,-255.044189
2019-09-24 01:59:00+00:00,-254.060745
2019-09-24 02:00:00+00:00,-234.139175
2019-09-24 02:01:00+00:00,-278.396423
2019-09-24 02:02:00+00:00,-273.52594
2019-09-24 02:03:00+00:00,-266.799164
2019-09-24 02:04:00+00:00,-245.3255
2019-09-24 02:05:00+00:00,-281.117096
2019-09-24 02:06:00+00:00,-213.593948
2019-09-24 02:07:00+00:00,-223.402603
2019-09-24 02:08:00+00:00,-233.476273
2019-09-24 02:09:00+00:00,-261.721649
2019-09-24 02:10:00+00:00,-268.406769
2019-09-24 02:11:00+00:00,-269.198395
2019-09-24 02:12:00+00:00,-285.528107
2019-09-24 02:13:00+00:00,-306.469147
2019-09-24 02:14:00+00:00,-307.343872
2019-09-24 02:15:00+00:00,-321.240936
2019-09-24 02:16:00+00:00,-346.585236
2019-09-24 02:17:00+00:00,-382.875366
2019-09-24 02:18:00+00:00,-473.438202
2019-09-24 02:19:00+00:00,-446.801147
2019-09-24 02:20:00+00:00,-401.336273
2019-09-24 02:21:00+00:00,-299.005737
2019-09-24 02:22:00+00:00,-290.231262
2019-09-24 02:23:00+00:00,-299.740814
2019-09-24 02:24:00+00:00,-312.705261
2019-09-24 02:25:00+00:00,-281.361877
2019-09-24 02:26:00+00:00,-267.621826
2019-09-24 02:27:00+00:00,-236.705521
2019-09-24 02:28:00+00:00,-252.544922
2019-09-24 02:29:00+00:00,-255.543472
2019-09-24 02:30:00+00:00,-252.024918
2019-09-24 02:31:00+00:00,-248.227097
2019-09-24 02:32:00+00:00,-242.976456
2019-09-24 02:33:00+00:00,-235.462387
2019-09-24 02:34:00+00:00,-230.361588
2019-09-24 02:35:00+00:00,-228.271683
2019-09-24 02:36:00+00:00,-219.970444
2019-09-24 02:37:00+00:00,-268.521576
2019-09-24 02:38:00+00:00,-247.996887
2019-09-24 02:39:00+00:00,-244.633698
2019-09-24 02:40:00+00:00,-449.433929
2019-09-24 02:41:00+00:00,-413.48056
2019-09-24 02:42:00+00:00,-315.855652
2019-09-24 02:43:00+00:00,-307.820862
2019-09-24 02:44:00+00:00,-235.523346
2019-09-24 02:45:00+00:00,-238.740234
2019-09-24 02:46:00+00:00,-265.612305
2019-09-24 02:47:00+00:00,-278.812927
2019-10-01 00:00:00+00:00,-17.719786
2019-10-01 00:01:00+00:00,-15.772583
2019-10-01 00:02:00+00:00,-12.827279
2019-10-01 00:03:00+00:00,-9.889753
2019-10-01 00:04:00+00:00,-14.386624
2019-10-01 00:05:00+00:00,-12.165848
2019-10-01 00:06:00+00:00,-20.342869
2019-10-01 00:07:00+00:00,-29.073254
2019-10-01 00:08:00+00:00,-24.436649
2019-10-01 00:09:00+00:00,-19.838234
2019-10-01 00:10:00+00:00,-20.135124
2019-10-01 00:11:00+00:00,-14.857741
2019-10-01 00:12:00+00:00,-14.411272
2019-10-01 00:13:00+00:00,-17.479588
2019-10-01 00:14:00+00:00,-18.548534
2019-10-01 00:15:00+00:00,-19.613741
2019-10-01 00:16:00+00:00,-21.899914
2019-10-01 00:17:00+00:00,-27.55949
2019-10-01 00:18:00+00:00,-25.894733
2019-10-01 00:19:00+00:00,-25.6285
2019-10-01 00:20:00+00:00,-24.264894
2019-10-01 00:21:00+00:00,-21.766266
2019-10-01 00:22:00+00:00,-18.780416
2019-10-01 00:23:00+00:00,-20.719854
2019-10-01 00:24:00+00:00,-15.603083
2019-10-01 00:25:00+00:00,-15.24681
2019-10-01 00:26:00+00:00,-16.318853
2019-10-01 00:27:00+00:00,-20.026138
2019-10-01 00:28:00+00:00,-30.583172
2019-10-01 00:29:00+00:00,-25.683371
2019-10-01 00:30:00+00:00,-24.699345
2019-10-01 00:31:00+00:00,-17.509918
2019-10-01 00:32:00+00:00,-16.481808
2019-10-01 00:33:00+00:00,-16.516817
2019-10-01 00:34:00+00:00,-17.644878
2019-10-01 00:35:00+00:00,-19.926926
2019-10-01 00:36:00+00:00,-26.537727
2019-10-01 00:37:00+00:00,-32.493908
2019-10-01 00:38:00+00:00,-48.740768
2019-10-01 00:39:00+00:00,-57.570244
2019-10-01 00:40:00+00:00,-57.551628
2019-10-01 00:41:00+00:00,-54.408493
2019-10-01 00:42:00+00:00,-50.642746
2019-10-01 00:43:00+00:00,-51.284599
2019-10-01 00:44:00+00:00,-45.716801
2019-10-01 00:45:00+00:00,-40.326145
2019-10-01 00:46:00+00:00,-34.750164
2019-10-01 00:47:00+00:00,-33.186066
2019-10-01 00:48:00+00:00,-28.992201
2019-10-01 00:49:00+00:00,-22.52203
2019-10-01 00:50:00+00:00,-18.152454
2019-10-01 00:51:00+00:00,-20.096069
2019-10-01 00:52:00+00:00,-35.796997
2019-10-01 00:53:00+00:00,-29.164177
2019-10-01 00:54:00+00:00,-20.787838
2019-10-01 00:55:00+00:00,-21.12612
2019-10-01 00:56:00+00:00,-24.743137
2019-10-01 00:57:00+00:00,-24.468189
2019-10-01 00:58:00+00:00,-24.985722
2019-10-01 00:59:00+00:00,-23.764429
2019-10-01 01:00:00+00:00,-21.989582
2019-10-01 01:01:00+00:00,-19.474377
2019-10-01 01:02:00+00:00,-19.846415
2019-10-01 01:03:00+00:00,-20.448847
2019-10-01 01:04:00+00:00,-24.041199
2019-10-01 01:05:00+00:00,-25.093933
2019-10-01 01:06:00+00:00,-22.568874
2019-10-01 01:07:00+00:00,-20.745865
2019-10-01 01:08:00+00:00,-20.573917
2019-10-01 01:09:00+00:00,-17.027405
2019-10-01 01:10:00+00:00,-15.89612
2019-10-01 01:11:00+00:00,-15.665179
2019-10-01 01:12:00+00:00,-12.930312
2019-10-01 01:13:00+00:00,-19.083925
2019-10-01 01:14:00+00:00,-38.093914
2019-10-01 01:15:00+00:00,-10.242509
2019-10-01 01:16:00+00:00,-10.653662
2019-10-01 01:17:00+00:00,-14.017944
2019-10-01 01:18:00+00:00,-14.125774
2019-10-01 01:19:00+00:00,-15.60899
2019-10-01 01:20:00+00:00,-18.197847
2019-10-01 01:21:00+00:00,-23.816837
2019-10-01 01:22:00+00:00,-43.841629
2019-10-01 01:23:00+00:00,-62.68367
2019-10-01 01:24:00+00:00,-75.959152
2019-10-01 01:25:00+00:00,-68.628014
2019-10-01 01:26:00+00:00,-97.587708
2019-10-01 01:27:00+00:00,-59.110668
2019-10-01 01:28:00+00:00,-68.984756
2019-10-01 01:29:00+00:00,-67.480408
2019-10-01 01:30:00+00:00,-76.311241
2019-10-01 01:31:00+00:00,-76.324646
2019-10-01 01:32:00+00:00,-75.019852
2019-10-01 01:33:00+00:00,-70.939781
2019-10-01 01:34:00+00:00,-77.229935
2019-10-01 01:35:00+00:00,-84.725227
2019-10-01 01:36:00+00:00,-113.019684
2019-10-01 01:37:00+00:00,-108.464249
2019-10-01 01:38:00+00:00,-106.069931
2019-10-01 01:39:00+00:00,-98.005547
2019-10-01 01:40:00+00:00,-100.971458
2019-10-01 01:41:00+00:00,-91.937347
2019-10-01 01:42:00+00:00,-103.664795
2019-10-01 01:43:00+00:00,-115.878998
2019-10-01 01:44:00+00:00,-140.84816
2019-10-01 01:45:00+00:00,-150.820358
2019-10-01 01:46:00+00:00,-155.798645
2019-10-01 01:47:00+00:00,-152.774323
2019-10-01 01:48:00+00:00,-141.747406
2019-10-01 01:49:00+00:00,-140.967773
2019-10-01 01:50:00+00:00,-140.482208
2019-10-01 01:51:00+00:00,-147.876343
2019-10-01 01:52:00+00:00,-152.140961
2019-10-01 01:53:00+00:00,-174.483261
2019-10-01 01:54:00+00:00,-194.143463
2019-10-01 01:55:00+00:00,-237.653748
2019-10-01 01:56:00+00:00,-178.68988
2019-10-01 01:57:00+00:00,-253.738358
2019-10-01 01:58:00+00:00,-252.283203
2019-10-01 01:59:00+00:00,-197.963043
2019-10-01 02:00:00+00:00,-191.451447
2019-10-01 02:01:00+00:00,-183.867523
2019-10-01 02:02:00+00:00,-184.128876
2019-10-01 02:03:00+00:00,-189.808121
2019-10-01 02:04:00+00:00,-199.790771
2019-10-01 02:05:00+00:00,-211.994385
2019-10-01 02:06:00+00:00,-217.139206
2019-10-01 02:07:00+00:00,-219.988083
2019-10-01 02:08:00+00:00,-223.902863
2019-10-01 02:09:00+00:00,-222.694122
2019-10-01 02:10:00+00:00,-225.955719
2019-10-01 02:11:00+00:00,-231.612
2019-10-01 02:12:00+00:00,-232.1138
2019-10-01 02:13:00+00:00,-232.82782
2019-10-01 02:14:00+00:00,-246.151001
2019-10-01 02:15:00+00:00,-264.764374
2019-10-01 02:16:00+00:00,-261.182465
2019-10-01 02:17:00+00:00,-275.42688
2019-10-01 02:18:00+00:00,-345.148285
2019-10-01 02:19:00+00:00,-283.819763
2019-10-01 02:20:00+00:00,-278.845978
2019-10-01 02:21:00+00:00,-267.843872
2019-10-01 02:22:00+00:00,-286.974152
2019-10-01 02:23:00+00:00,-319.086151
2019-10-01 02:24:00+00:00,-330.104828
2019-10-01 02:25:00+00:00,-328.119049
2019-10-01 02:26:00+00:00,-319.212921
2019-10-01 02:27:00+00:00,-322.538483
2019-10-01 02:28:00+00:00,-318.552948
2019-10-01 02:29:00+00:00,-325.27121
2019-10-01 02:30:00+00:00,-338.293671
2019-10-01 02:31:00+00:00,-347.529602
2019-10-01 02:32:00+00:00,-351.582458
2019-10-01 02:33:00+00:00,-366.710693
2019-10-01 02:34:00+00:00,-375.027527
2019-10-01 02:35:00+00:00,-369.780853
2019-10-01 02:36:00+00:00,-366.83551
2019-10-01 02:37:00+00:00,-369.847412
2019-10-01 02:38:00+00:00,-372.154938
2019-10-01 02:39:00+00:00,-375.421082
2019-10-01 02:40:00+00:00,-377.071472
2019-10-01 02:41:00+00:00,-368.446899
2019-10-01 02:42:00+00:00,-361.082855
2019-10-01 02:43:00+00:00,-347.923889
2019-10-01 02:44:00+00:00,-347.616455
2019-10-01 02:45:00+00:00,-459.690247
2019-10-01 02:46:00+00:00,-521.747681
2019-10-01 02:47:00+00:00,-507.112793
2019-10-08 00:00:00+00:00,-226.391876
2019-10-08 00:01:00+00:00,-221.917938
2019-10-08 00:02:00+00:00,-221.022858
2019-10-08 00:03:00+00:00,-218.356812
2019-10-08 00:04:00+00:00,-208.183456
2019-10-08 00:05:00+00:00,-202.54483
2019-10-08 00:06:00+00:00,-201.802872
2019-10-08 00:07:00+00:00,-198.657257
2019-10-08 00:08:00+00:00,-189.612335
2019-10-08 00:09:00+00:00,-183.906784
2019-10-08 00:10:00+00:00,-182.831497
2019-10-08 00:11:00+00:00,-179.221619
2019-10-08 00:12:00+00:00,-174.542023
2019-10-08 00:13:00+00:00,-171.675278
2019-10-08 00:14:00+00:00,-167.701096
2019-10-08 00:15:00+00:00,-168.684097
2019-10-08 00:16:00+00:00,-179.363953
2019-10-08 00:17:00+00:00,-176.888611
2019-10-08 00:18:00+00:00,-161.051605
2019-10-08 00:19:00+00:00,-161.22496
2019-10-08 00:20:00+00:00,-164.474152
2019-10-08 00:21:00+00:00,-159.961807
2019-10-08 00:22:00+00:00,-154.448669
2019-10-08 00:23:00+00:00,-146.07489
2019-10-08 00:24:00+00:00,-139.648056
2019-10-08 00:25:00+00:00,-130.675034
2019-10-08 00:26:00+00:00,-125.620667
2019-10-08 00:27:00+00:00,-121.282249
2019-10-08 00:28:00+00:00,-119.642433
2019-10-08 00:29:00+00:00,-115.089951
2019-10-08 00:30:00+00:00,-114.736679
2019-10-08 00:31:00+00:00,-115.359673
2019-10-08 00:32:00+00:00,-121.047684
2019-10-08 00:33:00+00:00,-131.887512
2019-10-08 00:34:00+00:00,-129.975708
2019-10-08 00:35:00+00:00,-133.621735
2019-10-08 00:36:00+00:00,-172.975708
2019-10-08 00:37:00+00:00,-194.616028
2019-10-08 00:38:00+00:00,-213.524094
2019-10-08 00:39:00+00:00,-197.157837
2019-10-08 00:40:00+00:00,-162.623322
2019-10-08 00:41:00+00:00,-157.290604
2019-10-08 00:42:00+00:00,-147.816666
2019-10-08 00:43:00+00:00,-143.713074
2019-10-08 00:44:00+00:00,-140.521729
2019-10-08 00:45:00+00:00,-140.105774
2019-10-08 00:46:00+00:00,-136.198502
2019-10-08 00:47:00+00:00,-125.093727
2019-10-08 00:48:00+00:00,-110.804047
2019-10-08 00:49:00+00:00,-98.789284
2019-10-08 00:50:00+00:00,-93.271996
2019-10-08 00:51:00+00:00,-117.851151
2019-10-08 00:52:00+00:00,-111.114067
2019-10-08 00:53:00+00:00,-136.582687
2019-10-08 00:54:00+00:00,-147.877075
2019-10-08 00:55:00+00:00,-146.421051
2019-10-08 00:56:00+00:00,-147.99678
2019-10-08 00:57:00+00:00,-128.407745
2019-10-08 00:58:00+00:00,-140.781921
2019-10-08 00:59:00+00:00,-146.994659
2019-10-08 01:00:00+00:00,-183.16481
2019-10-08 01:01:00+00:00,-205.501572
2019-10-08 01:02:00+00:00,-192.194611
2019-10-08 01:03:00+00:00,-149.94606
2019-10-08 01:04:00+00:00,-128.499207
2019-10-08 01:05:00+00:00,-122.687988
2019-10-08 01:06:00+00:00,-120.181305
2019-10-08 01:07:00+00:00,-125.144478
2019-10-08 01:08:00+00:00,-122.093674
2019-10-08 01:09:00+00:00,-106.984276
2019-10-08 01:10:00+00:00,-105.619102
2019-10-08 01:11:00+00:00,-99.637993
2019-10-08 01:12:00+00:00,-90.096596
2019-10-08 01:13:00+00:00,-83.435318
2019-10-08 01:14:00+00:00,-77.092888
2019-10-08 01:15:00+00:00,-73.416367
2019-10-08 01:16:00+00:00,-71.404068
2019-10-08 01:17:00+00:00,-72.100906
2019-10-08 01:18:00+00:00,-70.008804
2019-10-08 01:19:00+00:00,-64.548637
2019-10-08 01:20:00+00:00,-56.56609
2019-10-08 01:21:00+00:00,-51.257526
2019-10-08 01:22:00+00:00,-47.243793
2019-10-08 01:23:00+00:00,-46.098236
2019-10-08 01:24:00+00:00,-42.33939
2019-10-08 01:25:00+00:00,-38.604923
2019-10-08 01:26:00+00:00,-37.917278
2019-10-08 01:27:00+00:00,-39.296936
2019-10-08 01:28:00+00:00,-39.483139
2019-10-08 01:29:00+00:00,-39.561657
2019-10-08 01:30:00+00:00,-39.690922
2019-10-08 01:31:00+00:00,-39.686302
2019-10-08 01:32:00+00:00,-39.388672
2019-10-08 01:33:00+00:00,-39.861526
2019-10-08 01:34:00+00:00,-39.088264
2019-10-08 01:35:00+00:00,-35.647789
2019-10-08 01:36:00+00:00,-31.493004
2019-10-08 01:37:00+00:00,-28.085478
2019-10-08 01:38:00+00:00,-23.01712
2019-10-08 01:39:00+00:00,-15.57596
2019-10-08 01:40:00+00:00,-16.835945
2019-10-08 01:41:00+00:00,-24.523113
2019-10-08 01:42:00+00:00,-26.836658
2019-10-08 01:43:00+00:00,-30.957079
2019-10-08 01:44:00+00:00,-29.315252
2019-10-08 01:45:00+00:00,-30.512943
2019-10-08 01:46:00+00:00,-31.56049
2019-10-08 01:47:00+00:00,-25.309481
2019-10-08 01:48:00+00:00,-25.63496
2019-10-08 01:49:00+00:00,-33.270035
2019-10-08 01:50:00+00:00,-38.37344
2019-10-08 01:51:00+00:00,-36.632912
2019-10-08 01:52:00+00:00,-35.176212
2019-10-08 01:53:00+00:00,-31.88862
2019-10-08 01:54:00+00:00,-37.643024
2019-10-08 01:55:00+00:00,-42.71405
2019-10-08 01:56:00+00:00,-44.608902
2019-10-08 01:57:00+00:00,-42.019783
2019-10-08 01:58:00+00:00,-42.276772
2019-10-08 01:59:00+00:00,-45.728062
2019-10-08 02:00:00+00:00,-47.208061
2019-10-08 02:01:00+00:00,-48.5467
2019-10-08 02:02:00+00:00,-39.208809
2019-10-08 02:03:00+00:00,-29.727789
2019-10-08 02:04:00+00:00,-23.997681
2019-10-08 02:05:00+00:00,-24.551929
2019-10-08 02:06:00+00:00,-25.632835
2019-10-08 02:07:00+00:00,-24.924417
2019-10-08 02:08:00+00:00,-26.605247
2019-10-08 02:09:00+00:00,-29.016119
2019-10-08 02:10:00+00:00,-31.01882
2019-10-08 02:11:00+00:00,-29.871178
2019-10-08 02:12:00+00:00,-28.954979
2019-10-08 02:13:00+00:00,-23.996769
2019-10-08 02:14:00+00:00,-18.881187
2019-10-08 02:15:00+00:00,-20.180485
2019-10-08 02:16:00+00:00,-22.169584
2019-10-08 02:17:00+00:00,-22.561352
2019-10-08 02:18:00+00:00,-22.314741
2019-10-08 02:19:00+00:00,-22.915077
2019-10-08 02:20:00+00:00,-24.473976
2019-10-08 02:21:00+00:00,-29.468203
2019-10-08 02:22:00+00:00,-41.748352
2019-10-08 02:23:00+00:00,-36.147137
2019-10-08 02:24:00+00:00,-33.083618
2019-10-08 02:25:00+00:00,-29.716843
2019-10-08 02:26:00+00:00,-19.414938
2019-10-08 02:27:00+00:00,-20.195177
2019-10-08 02:28:00+00:00,-23.143309
2019-10-08 02:29:00+00:00,-24.056114
2019-10-08 02:30:00+00:00,-23.028004
2019-10-08 02:31:00+00:00,-20.495129
2019-10-08 02:32:00+00:00,-19.222376
2019-10-08 02:33:00+00:00,-19.707682
2019-10-08 02:34:00+00:00,-22.873909
2019-10-08 02:35:00+00:00,-23.678511
2019-10-08 02:36:00+00:00,-25.19367
2019-10-08 02:37:00+00:00,-25.622238
2019-10-08 02:38:00+00:00,-36.666492
2019-10-08 02:39:00+00:00,-34.777309
2019-10-08 02:40:00+00:00,-31.232521
2019-10-08 02:41:00+00:00,-36.918987
2019-10-08 02:42:00+00:00,-55.625553
2019-10-08 02:43:00+00:00,-60.253273
2019-10-08 02:44:00+00:00,-65.901596
2019-10-08 02:45:00+00:00,-83.754738
2019-10-08 02:46:00+00:00,-94.689262
2019-10-08 02:47:00+00:00,-106.333038
2019-10-15 00:00:00+00:00,-13.15142
2019-10-15 00:01:00+00:00,-12.150843
2019-10-15 00:02:00+00:00,-12.145878
2019-10-15 00:03:00+00:00,-12.138561
2019-10-15 00:04:00+00:00,-14.128485
2019-10-15 00:05:00+00:00,-17.572969
2019-10-15 00:06:00+00:00,-24.718237
2019-10-15 00:07:00+00:00,-16.237591
2019-10-15 00:08:00+00:00,-12.052258
2019-10-15 00:09:00+00:00,-14.76583
2019-10-15 00:10:00+00:00,-16.444355
2019-10-15 00:11:00+00:00,-31.658939
2019-10-15 00:12:00+00:00,-26.459244
2019-10-15 00:13:00+00:00,-21.748608
2019-10-15 00:14:00+00:00,-14.140326
2019-10-15 00:15:00+00:00,-11.601832
2019-10-15 00:16:00+00:00,-11.430512
2019-10-15 00:17:00+00:00,-11.419194
2019-10-15 00:18:00+00:00,-12.792811
2019-10-15 00:19:00+00:00,-14.044392
2019-10-15 00:20:00+00:00,-22.974503
2019-10-15 00:21:00+00:00,-17.191742
2019-10-15 00:22:00+00:00,-21.494865
2019-10-15 00:23:00+00:00,-25.523205
2019-10-15 00:24:00+00:00,-27.551754
2019-10-15 00:25:00+00:00,-25.580521
2019-10-15 00:26:00+00:00,-24.607067
2019-10-15 00:27:00+00:00,-25.63677
2019-10-15 00:28:00+00:00,-26.663776
2019-10-15 00:29:00+00:00,-26.689873
2019-10-15 00:30:00+00:00,-25.712975
2019-10-15 00:31:00+00:00,-25.742195
2019-10-15 00:32:00+00:00,-26.772167
2019-10-15 00:33:00+00:00,-28.801907
2019-10-15 00:34:00+00:00,-31.834335
2019-10-15 00:35:00+00:00,-30.867981
2019-10-15 00:36:00+00:00,-29.900274
2019-10-15 00:37:00+00:00,-29.936825
2019-10-15 00:38:00+00:00,-28.967733
2019-10-15 00:39:00+00:00,-28.000315
2019-10-15 00:40:00+00:00,-27.033588
2019-10-15 00:41:00+00:00,-25.068031
2019-10-15 00:42:00+00:00,-24.100218
2019-10-15 00:43:00+00:00,-23.139908
2019-10-15 00:44:00+00:00,-24.177252
2019-10-15 00:45:00+00:00,-22.204096
2019-10-15 00:46:00+00:00,-20.230606
2019-10-15 00:47:00+00:00,-18.259218
2019-10-15 00:48:00+00:00,-19.286991
2019-10-15 00:49:00+00:00,-21.311478
2019-10-15 00:50:00+00:00,-23.33609
2019-10-15 00:51:00+00:00,-21.365166
2019-10-15 00:52:00+00:00,-17.396841
2019-10-15 00:53:00+00:00,-18.876411
2019-10-15 00:54:00+00:00,-21.975502
2019-10-15 00:55:00+00:00,-27.644989
2019-10-15 00:56:00+00:00,-35.968552
2019-10-15 00:57:00+00:00,-39.070309
2019-10-15 00:58:00+00:00,-34.695499
2019-10-15 00:59:00+00:00,-27.38953
2019-10-15 01:00:00+00:00,-14.200643
2019-10-15 01:01:00+00:00,-29.183613
2019-10-15 01:02:00+00:00,-33.682034
2019-10-15 01:03:00+00:00,-24.242544
2019-10-15 01:04:00+00:00,-25.198832
2019-10-15 01:05:00+00:00,-26.027185
2019-10-15 01:06:00+00:00,-30.347433
2019-10-15 01:07:00+00:00,-34.950722
2019-10-15 01:08:00+00:00,-35.285446
2019-10-15 01:09:00+00:00,-35.093849
2019-10-15 01:10:00+00:00,-32.240242
2019-10-15 01:11:00+00:00,-26.517649
2019-10-15 01:12:00+00:00,-26.785294
2019-10-15 01:13:00+00:00,-30.997942
2019-10-15 01:14:00+00:00,-24.326342
2019-10-15 01:15:00+00:00,-16.986822
2019-10-15 01:16:00+00:00,-15.363623
2019-10-15 01:17:00+00:00,-13.71224
2019-10-15 01:18:00+00:00,-20.822304
2019-10-15 01:19:00+00:00,-36.05212
2019-10-15 01:20:00+00:00,-46.273788
2019-10-15 01:21:00+00:00,-50.329788
2019-10-15 01:22:00+00:00,-58.750614
2019-10-15 01:23:00+00:00,-67.092628
2019-10-15 01:24:00+00:00,-65.696556
2019-10-15 01:25:00+00:00,-57.615105
2019-10-15 01:26:00+00:00,-44.662689
2019-10-15 01:27:00+00:00,-38.170872
2019-10-15 01:28:00+00:00,-38.329433
2019-10-15 01:29:00+00:00,-36.408566
2019-10-15 01:30:00+00:00,-31.844452
2019-10-15 01:31:00+00:00,-27.107302
2019-10-15 01:32:00+00:00,-20.469866
2019-10-15 01:33:00+00:00,-19.247824
2019-10-15 01:34:00+00:00,-17.287285
2019-10-15 01:35:00+00:00,-15.864145
2019-10-15 01:36:00+00:00,-14.338794
2019-10-15 01:37:00+00:00,-12.888954
2019-10-15 01:38:00+00:00,-11.21193
2019-10-15 01:39:00+00:00,-10.648485
2019-10-15 01:40:00+00:00,-11.664777
2019-10-15 01:41:00+00:00,-11.680923
2019-10-15 01:42:00+00:00,-11.636724
2019-10-15 01:43:00+00:00,-11.950745
2019-10-15 01:44:00+00:00,-12.122014
2019-10-15 01:45:00+00:00,-11.725072
2019-10-15 01:46:00+00:00,-9.037115
2019-10-15 01:47:00+00:00,-6.839455
2019-10-15 01:48:00+00:00,-8.86314
2019-10-15 01:49:00+00:00,-7.881731
2019-10-15 01:50:00+00:00,-8.736021
2019-10-15 01:51:00+00:00,-13.532792
2019-10-15 01:52:00+00:00,-16.02272
2019-10-15 01:53:00+00:00,-15.234606
2019-10-15 01:54:00+00:00,-10.461417
2019-10-15 01:55:00+00:00,-11.612442
2019-10-15 01:56:00+00:00,-12.319388
2019-10-15 01:57:00+00:00,-12.717027
2019-10-15 01:58:00+00:00,-12.580279
2019-10-15 01:59:00+00:00,-11.838924
2019-10-15 02:00:00+00:00,-11.347889
2019-10-15 02:01:00+00:00,-11.054511
2019-10-15 02:02:00+00:00,-11.466281
2019-10-15 02:03:00+00:00,-12.285343
2019-10-15 02:04:00+00:00,-12.488258
2019-10-15 02:05:00+00:00,-12.287914
2019-10-15 02:06:00+00:00,-12.710557
2019-10-15 02:07:00+00:00,-12.609937
2019-10-15 02:08:00+00:00,-11.763274
2019-10-15 02:09:00+00:00,-11.545568
2019-10-15 02:10:00+00:00,-12.101345
2019-10-15 02:11:00+00:00,-12.683534
2019-10-15 02:12:00+00:00,-12.447405
2019-10-15 02:13:00+00:00,-11.447641
2019-10-15 02:14:00+00:00,-11.724739
2019-10-15 02:15:00+00:00,-12.651476
2019-10-15 02:16:00+00:00,-13.53347
2019-10-15 02:17:00+00:00,-13.808229
2019-10-15 02:18:00+00:00,-13.951837
2019-10-15 02:19:00+00:00,-14.833929
2019-10-15 02:20:00+00:00,-15.894457
2019-10-15 02:21:00+00:00,-19.778395
2019-10-15 02:22:00+00:00,-15.635228
2019-10-15 02:23:00+00:00,-12.246037
2019-10-15 02:24:00+00:00,-11.763039
2019-10-15 02:25:00+00:00,-14.799787
2019-10-15 02:26:00+00:00,-15.83534
2019-10-15 02:27:00+00:00,-15.869199
2019-10-15 02:28:00+00:00,-13.901838
2019-10-15 02:29:00+00:00,-10.088295
2019-10-15 02:30:00+00:00,-10.756721
2019-10-15 02:31:00+00:00,-10.786478
2019-10-15 02:32:00+00:00,-10.565653
2019-10-15 02:33:00+00:00,-9.972219
2019-10-15 02:34:00+00:00,-11.293878
2019-10-15 02:35:00+00:00,-12.237227
2019-10-15 02:36:00+00:00,-12.999466
2019-10-15 02:37:00+00:00,-13.374949
2019-10-15 02:38:00+00:00,-13.458675
2019-10-15 02:39:00+00:00,-13.389799
2019-10-15 02:40:00+00:00,-13.221539
2019-10-15 02:41:00+00:00,-13.291294
2019-10-15 02:42:00+00:00,-13.251533
2019-10-15 02:43:00+00:00,-14.65428
2019-10-15 02:44:00+00:00,-16.315533
2019-10-15 02:45:00+00:00,-17.290176
2019-10-15 02:46:00+00:00,-17.991064
2019-10-15 02:47:00+00:00,-17.802059
2019-10-22 00:00:00+00:00,-10.901246
2019-10-22 00:01:00+00:00,-10.940685
2019-10-22 00:02:00+00:00,-10.976642
2019-10-22 00:03:00+00:00,-11.014967
2019-10-22 00:04:00+00:00,-11.051261
2019-10-22 00:05:00+00:00,-11.089424
2019-10-22 00:06:00+00:00,-10.126634
2019-10-22 00:07:00+00:00,-10.164119
2019-10-22 00:08:00+00:00,-10.201013
2019-10-22 00:09:00+00:00,-10.238774
2019-10-22 00:10:00+00:00,-10.277886
2019-10-22 00:11:00+00:00,-10.314436
2019-10-22 00:12:00+00:00,-11.349882
2019-10-22 00:13:00+00:00,-10.385283
2019-10-22 00:14:00+00:00,-13.4642
2019-10-22 00:15:00+00:00,-15.680106
2019-10-22 00:16:00+00:00,-16.97636
2019-10-22 00:17:00+00:00,-28.695766
2019-10-22 00:18:00+00:00,-31.608854
2019-10-22 00:19:00+00:00,-33.828938
2019-10-22 00:20:00+00:00,-47.245689
2019-10-22 00:21:00+00:00,-52.950027
2019-10-22 00:22:00+00:00,-72.832481
2019-10-22 00:23:00+00:00,-81.898987
2019-10-22 00:24:00+00:00,-77.371262
2019-10-22 00:25:00+00:00,-66.061821
2019-10-22 00:26:00+00:00,-60.612309
2019-10-22 00:27:00+00:00,-53.839149
2019-10-22 00:28:00+00:00,-49.330437
2019-10-22 00:29:00+00:00,-42.616142
2019-10-22 00:30:00+00:00,-36.898594
2019-10-22 00:31:00+00:00,-32.596382
2019-10-22 00:32:00+00:00,-27.695524
2019-10-22 00:33:00+00:00,-22.333763
2019-10-22 00:34:00+00:00,-17.945717
2019-10-22 00:35:00+00:00,-14.913268
2019-10-22 00:36:00+00:00,-12.776731
2019-10-22 00:37:00+00:00,-11.9732
2019-10-22 00:38:00+00:00,-12.48732
2019-10-22 00:39:00+00:00,-12.588671
2019-10-22 00:40:00+00:00,-9.763623
2019-10-22 00:41:00+00:00,-10.633322
2019-10-22 00:42:00+00:00,-9.358408
2019-10-22 00:43:00+00:00,-9.391047
2019-10-22 00:44:00+00:00,-9.423569
2019-10-22 00:45:00+00:00,-9.453947
2019-10-22 00:46:00+00:00,-9.48511
2019-10-22 00:47:00+00:00,-9.516568
2019-10-22 00:48:00+00:00,-9.547342
2019-10-22 00:49:00+00:00,-9.576943
2019-10-22 00:50:00+00:00,-9.605857
2019-10-22 00:51:00+00:00,-9.703798
2019-10-22 00:52:00+00:00,-9.886776
2019-10-22 00:53:00+00:00,-10.700528
2019-10-22 00:54:00+00:00,-10.732038
2019-10-22 00:55:00+00:00,-10.760898
2019-10-22 00:56:00+00:00,-10.789547
2019-10-22 00:57:00+00:00,-10.819449
2019-10-22 00:58:00+00:00,-10.848485
2019-10-22 00:59:00+00:00,-10.878438
2019-10-22 01:00:00+00:00,-10.904267
2019-10-22 01:01:00+00:00,-9.931332
2019-10-22 01:02:00+00:00,-9.95865
2019-10-22 01:03:00+00:00,-9.987689
2019-10-22 01:04:00+00:00,-11.0165
2019-10-22 01:05:00+00:00,-11.046064
2019-10-22 01:06:00+00:00,-10.073727
2019-10-22 01:07:00+00:00,-10.09943
2019-10-22 01:08:00+00:00,-10.125897
2019-10-22 01:09:00+00:00,-10.15118
2019-10-22 01:10:00+00:00,-10.176746
2019-10-22 01:11:00+00:00,-15.563084
2019-10-22 01:12:00+00:00,-21.568985
2019-10-22 01:13:00+00:00,-32.493515
2019-10-22 01:14:00+00:00,-58.118538
2019-10-22 01:15:00+00:00,-64.439537
2019-10-22 01:16:00+00:00,-104.925797
2019-10-22 01:17:00+00:00,-128.273209
2019-10-22 01:18:00+00:00,-161.164459
2019-10-22 01:19:00+00:00,-189.139618
2019-10-22 01:20:00+00:00,-161.80423
2019-10-22 01:21:00+00:00,-171.83667
2019-10-22 01:22:00+00:00,-144.427948
2019-10-22 01:23:00+00:00,-139.066971
2019-10-22 01:24:00+00:00,-134.363922
2019-10-22 01:25:00+00:00,-132.781464
2019-10-22 01:26:00+00:00,-114.275024
2019-10-22 01:27:00+00:00,-124.138306
2019-10-22 01:28:00+00:00,-115.808754
2019-10-22 01:29:00+00:00,-101.130798
2019-10-22 01:30:00+00:00,-112.004959
2019-10-22 01:31:00+00:00,-93.90657
2019-10-22 01:32:00+00:00,-88.69838
2019-10-22 01:33:00+00:00,-80.504921
2019-10-22 01:34:00+00:00,-72.315437
2019-10-22 01:35:00+00:00,-64.824257
2019-10-22 01:36:00+00:00,-58.498501
2019-10-22 01:37:00+00:00,-54.968025
2019-10-22 01:38:00+00:00,-51.210026
2019-10-22 01:39:00+00:00,-48.91391
2019-10-22 01:40:00+00:00,-46.163612
2019-10-22 01:41:00+00:00,-42.421974
2019-10-22 01:42:00+00:00,-39.335434
2019-10-22 01:43:00+00:00,-37.011356
2019-10-22 01:44:00+00:00,-34.36282
2019-10-22 01:45:00+00:00,-31.621187
2019-10-22 01:46:00+00:00,-28.760046
2019-10-22 01:47:00+00:00,-25.788136
2019-10-22 01:48:00+00:00,-24.598965
2019-10-22 01:49:00+00:00,-23.615335
2019-10-22 01:50:00+00:00,-21.981731
2019-10-22 01:51:00+00:00,-19.375948
2019-10-22 01:52:00+00:00,-18.360228
2019-10-22 01:53:00+00:00,-18.357473
2019-10-22 01:54:00+00:00,-17.449669
2019-10-22 01:55:00+00:00,-15.24614
2019-10-22 01:56:00+00:00,-12.793715
2019-10-22 01:57:00+00:00,-11.182282
2019-10-22 01:58:00+00:00,-11.201292
2019-10-22 01:59:00+00:00,-11.223231
2019-10-22 02:00:00+00:00,-12.242307
2019-10-22 02:01:00+00:00,-12.263295
2019-10-22 02:02:00+00:00,-11.2822
2019-10-22 02:03:00+00:00,-11.300982
2019-10-22 02:04:00+00:00,-11.319652
2019-10-22 02:05:00+00:00,-10.33822
2019-10-22 02:06:00+00:00,-10.35527
2019-10-22 02:07:00+00:00,-10.373173
2019-10-22 02:08:00+00:00,-10.391491
2019-10-22 02:09:00+00:00,-10.412189
2019-10-22 02:10:00+00:00,-10.431369
2019-10-22 02:11:00+00:00,-10.451971
2019-10-22 02:12:00+00:00,-11.469611
2019-10-22 02:13:00+00:00,-17.046291
2019-10-22 02:14:00+00:00,-20.153267
2019-10-22 02:15:00+00:00,-23.881367
2019-10-22 02:16:00+00:00,-37.964058
2019-10-22 02:17:00+00:00,-44.142609
2019-10-22 02:18:00+00:00,-43.669033
2019-10-22 02:19:00+00:00,-45.401802
2019-10-22 02:20:00+00:00,-49.480618
2019-10-22 02:21:00+00:00,-54.504021
2019-10-22 02:22:00+00:00,-81.84993
2019-10-22 02:23:00+00:00,-124.039116
2019-10-22 02:24:00+00:00,-111.890923
2019-10-22 02:25:00+00:00,-77.137779
2019-10-22 02:26:00+00:00,-55.210373
2019-10-22 02:27:00+00:00,-42.30304
2019-10-22 02:28:00+00:00,-31.66016
2019-10-22 02:29:00+00:00,-26.047611
2019-10-22 02:30:00+00:00,-25.98498
2019-10-22 02:31:00+00:00,-22.905359
2019-10-22 02:32:00+00:00,-19.16971
2019-10-22 02:33:00+00:00,-18.678444
2019-10-22 02:34:00+00:00,-19.828066
2019-10-22 02:35:00+00:00,-19.218206
2019-10-22 02:36:00+00:00,-14.929711
2019-10-22 02:37:00+00:00,-11.947357
2019-10-22 02:38:00+00:00,-9.17734
2019-10-22 02:39:00+00:00,-9.33699
2019-10-22 02:40:00+00:00,-15.260331
2019-10-22 02:41:00+00:00,-16.642172
2019-10-22 02:42:00+00:00,-14.043407
2019-10-22 02:43:00+00:00,-17.06275
2019-10-22 02:44:00+00:00,-18.082745
2019-10-22 02:45:00+00:00,-18.103292
2019-10-22 02:46:00+00:00,-17.121954
2019-10-22 02:47:00+00:00,-15.142148
2019-10-29 00:00:00+00:00,-155.429306
2019-10-29 00:01:00+00:00,-156.882248
2019-10-29 00:02:00+00:00,-152.371033
2019-10-29 00:03:00+00:00,-142.657349
2019-10-29 00:04:00+00:00,-131.767563
2019-10-29 00:05:00+00:00,-173.395416
2019-10-29 00:06:00+00:00,-148.422089
2019-10-29 00:07:00+00:00,-208.871323
2019-10-29 00:08:00+00:00,-209.556396
2019-10-29 00:09:00+00:00,-191.819153
2019-10-29 00:10:00+00:00,-181.819717
2019-10-29 00:11:00+00:00,-201.228027
2019-10-29 00:12:00+00:00,-238.80481
2019-10-29 00:13:00+00:00,-262.333252
2019-10-29 00:14:00+00:00,-272.390564
2019-10-29 00:15:00+00:00,-264.08609
2019-10-29 00:16:00+00:00,-310.21283
2019-10-29 00:17:00+00:00,-299.052948
2019-10-29 00:18:00+00:00,-281.376007
2019-10-29 00:19:00+00:00,-250.575562
2019-10-29 00:20:00+00:00,-250.409424
2019-10-29 00:21:00+00:00,-212.198364
2019-10-29 00:22:00+00:00,-188.384644
2019-10-29 00:23:00+00:00,-167.080215
2019-10-29 00:24:00+00:00,-135.826096
2019-10-29 00:25:00+00:00,-129.917755
2019-10-29 00:26:00+00:00,-138.762817
2019-10-29 00:27:00+00:00,-153.544769
2019-10-29 00:28:00+00:00,-167.394272
2019-10-29 00:29:00+00:00,-178.331223
2019-10-29 00:30:00+00:00,-186.85347
2019-10-29 00:31:00+00:00,-213.396576
2019-10-29 00:32:00+00:00,-235.36264
2019-10-29 00:33:00+00:00,-252.877609
2019-10-29 00:34:00+00:00,-215.704102
2019-10-29 00:35:00+00:00,-196.007156
2019-10-29 00:36:00+00:00,-196.487854
2019-10-29 00:37:00+00:00,-165.810272
2019-10-29 00:38:00+00:00,-131.741501
2019-10-29 00:39:00+00:00,-145.7005
2019-10-29 00:40:00+00:00,-154.945557
2019-10-29 00:41:00+00:00,-159.56134
2019-10-29 00:42:00+00:00,-157.490967
2019-10-29 00:43:00+00:00,-143.704269
2019-10-29 00:44:00+00:00,-138.195068
2019-10-29 00:45:00+00:00,-142.942017
2019-10-29 00:46:00+00:00,-161.314285
2019-10-29 00:47:00+00:00,-202.24173
2019-10-29 00:48:00+00:00,-254.482056
2019-10-29 00:49:00+00:00,-219.728592
2019-10-29 00:50:00+00:00,-237.467529
2019-10-29 00:51:00+00:00,-228.695526
2019-10-29 00:52:00+00:00,-233.70343
2019-10-29 00:53:00+00:00,-235.809036
2019-10-29 00:54:00+00:00,-234.567978
2019-10-29 00:55:00+00:00,-232.108185
2019-10-29 00:56:00+00:00,-225.118088
2019-10-29 00:57:00+00:00,-207.651382
2019-10-29 00:58:00+00:00,-203.738068
2019-10-29 00:59:00+00:00,-202.452789
2019-10-29 01:00:00+00:00,-191.923233
2019-10-29 01:01:00+00:00,-180.992279
2019-10-29 01:02:00+00:00,-171.236618
2019-10-29 01:03:00+00:00,-156.35498
2019-10-29 01:04:00+00:00,-145.33168
2019-10-29 01:05:00+00:00,-135.148102
2019-10-29 01:06:00+00:00,-127.584877
2019-10-29 01:07:00+00:00,-125.519073
2019-10-29 01:08:00+00:00,-150.993652
2019-10-29 01:09:00+00:00,-158.035065
2019-10-29 01:10:00+00:00,-127.524361
2019-10-29 01:11:00+00:00,-119.689934
2019-10-29 01:12:00+00:00,-122.410118
2019-10-29 01:13:00+00:00,-143.703003
2019-10-29 01:14:00+00:00,-166.965195
2019-10-29 01:15:00+00:00,-175.52684
2019-10-29 01:16:00+00:00,-199.190933
2019-10-29 01:17:00+00:00,-152.096909
2019-10-29 01:18:00+00:00,-121.504211
2019-10-29 01:19:00+00:00,-101.353325
2019-10-29 01:20:00+00:00,-96.999512
2019-10-29 01:21:00+00:00,-98.5709
2019-10-29 01:22:00+00:00,-98.650398
2019-10-29 01:23:00+00:00,-96.788063
2019-10-29 01:24:00+00:00,-93.599091
2019-10-29 01:25:00+00:00,-93.572739
2019-10-29 01:26:00+00:00,-89.668915
2019-10-29 01:27:00+00:00,-116.277832
2019-10-29 01:28:00+00:00,-134.823547
2019-10-29 01:29:00+00:00,-160.834091
2019-10-29 01:30:00+00:00,-174.772354
2019-10-29 01:31:00+00:00,-182.834305
2019-10-29 01:32:00+00:00,-127.228004
2019-10-29 01:33:00+00:00,-114.02179
2019-10-29 01:34:00+00:00,-133.784988
2019-10-29 01:35:00+00:00,-119.453026
2019-10-29 01:36:00+00:00,-137.341705
2019-10-29 01:37:00+00:00,-121.090973
2019-10-29 01:38:00+00:00,-123.615929
2019-10-29 01:39:00+00:00,-121.795448
2019-10-29 01:40:00+00:00,-129.083618
2019-10-29 01:41:00+00:00,-115.92585
2019-10-29 01:42:00+00:00,-108.881599
2019-10-29 01:43:00+00:00,-131.448425
2019-10-29 01:44:00+00:00,-167.358185
2019-10-29 01:45:00+00:00,-113.570221
2019-10-29 01:46:00+00:00,-119.683067
2019-10-29 01:47:00+00:00,-134.351257
2019-10-29 01:48:00+00:00,-103.449524
2019-10-29 01:49:00+00:00,-112.109039
2019-10-29 01:50:00+00:00,-116.680542
2019-10-29 01:51:00+00:00,-119.948387
2019-10-29 01:52:00+00:00,-116.687988
2019-10-29 01:53:00+00:00,-108.10952
2019-10-29 01:54:00+00:00,-102.462265
2019-10-29 01:55:00+00:00,-100.43499
2019-10-29 01:56:00+00:00,-96.393524
2019-10-29 01:57:00+00:00,-102.37896
2019-10-29 01:58:00+00:00,-91.38868
2019-10-29 01:59:00+00:00,-80.346207
2019-10-29 02:00:00+00:00,-63.586533
2019-10-29 02:01:00+00:00,-67.379539
2019-10-29 02:02:00+00:00,-79.109032
2019-10-29 02:03:00+00:00,-87.608208
2019-10-29 02:04:00+00:00,-98.453323
2019-10-29 02:05:00+00:00,-107.296341
2019-10-29 02:06:00+00:00,-107.123283
2019-10-29 02:07:00+00:00,-108.051849
2019-10-29 02:08:00+00:00,-98.978355
2019-10-29 02:09:00+00:00,-95.902863
2019-10-29 02:10:00+00:00,-101.827362
2019-10-29 02:11:00+00:00,-105.956978
2019-10-29 02:12:00+00:00,-120.645523
2019-10-29 02:13:00+00:00,-140.366837
2019-10-29 02:14:00+00:00,-148.010956
2019-10-29 02:15:00+00:00,-153.48642
2019-10-29 02:16:00+00:00,-154.656555
2019-10-29 02:17:00+00:00,-154.721558
2019-10-29 02:18:00+00:00,-154.39534
2019-10-29 02:19:00+00:00,-149.879105
2019-10-29 02:20:00+00:00,-143.306671
2019-10-29 02:21:00+00:00,-139.188232
2019-10-29 02:22:00+00:00,-138.786697
2019-10-29 02:23:00+00:00,-137.752884
2019-10-29 02:24:00+00:00,-142.693268
2019-10-29 02:25:00+00:00,-145.081497
2019-10-29 02:26:00+00:00,-152.698868
2019-10-29 02:27:00+00:00,-157.291504
2019-10-29 02:28:00+00:00,-166.24469
2019-10-29 02:29:00+00:00,-173.616074
2019-10-29 02:30:00+00:00,-181.655197
2019-10-29 02:31:00+00:00,-183.237808
2019-10-29 02:32:00+00:00,-172.299271
2019-10-29 02:33:00+00:00,-155.731216
2019-10-29 02:34:00+00:00,-136.70813
2019-10-29 02:35:00+00:00,-215.228775
2019-10-29 02:36:00+00:00,-163.358856
2019-10-29 02:37:00+00:00,-169.023697
2019-10-29 02:38:00+00:00,-168.179596
2019-10-29 02:39:00+00:00,-187.62384
2019-10-29 02:40:00+00:00,-204.625671
2019-10-29 02:41:00+00:00,-300.029816
2019-10-29 02:42:00+00:00,-272.313843
2019-10-29 02:43:00+00:00,-281.469971
2019-10-29 02:44:00+00:00,-273.80072
2019-10-29 02:45:00+00:00,-272.381256
2019-10-29 02:46:00+00:00,-261.971375
2019-10-29 02:47:00+00:00,-263.113678
2019-11-05 00:00:00+00:00,-7.780641
2019-11-05 00:01:00+00:00,-11.595595
2019-11-05 00:02:00+00:00,-19.581619
2019-11-05 00:03:00+00:00,-20.640966
2019-11-05 00:04:00+00:00,-13.506999
2019-11-05 00:05:00+00:00,-12.839437
2019-11-05 00:06:00+00:00,-9.729027
2019-11-05 00:07:00+00:00,-8.921906
2019-11-05 00:08:00+00:00,-8.944743
2019-11-05 00:09:00+00:00,-7.968779
2019-11-05 00:10:00+00:00,-7.992043
2019-11-05 00:11:00+00:00,-8.016478
2019-11-05 00:12:00+00:00,-15.194692
2019-11-05 00:13:00+00:00,-19.890121
2019-11-05 00:14:00+00:00,-17.720741
2019-11-05 00:15:00+00:00,-11.905011
2019-11-05 00:16:00+00:00,-11.947696
2019-11-05 00:17:00+00:00,-8.988812
2019-11-05 00:18:00+00:00,-6.555174
2019-11-05 00:19:00+00:00,-8.556524
2019-11-05 00:20:00+00:00,-9.55999
2019-11-05 00:21:00+00:00,-11.559798
2019-11-05 00:22:00+00:00,-13.558519
2019-11-05 00:23:00+00:00,-14.552131
2019-11-05 00:24:00+00:00,-13.543026
2019-11-05 00:25:00+00:00,-12.532866
2019-11-05 00:26:00+00:00,-10.522092
2019-11-05 00:27:00+00:00,-8.512608
2019-11-05 00:28:00+00:00,-7.503933
2019-11-05 00:29:00+00:00,-7.49122
2019-11-05 00:30:00+00:00,-8.492807
2019-11-05 00:31:00+00:00,-9.518344
2019-11-05 00:32:00+00:00,-9.542273
2019-11-05 00:33:00+00:00,-9.567492
2019-11-05 00:34:00+00:00,-7.592992
2019-11-05 00:35:00+00:00,-6.619717
2019-11-05 00:36:00+00:00,-9.248761
2019-11-05 00:37:00+00:00,-8.674578
2019-11-05 00:38:00+00:00,-8.700876
2019-11-05 00:39:00+00:00,-10.98092
2019-11-05 00:40:00+00:00,-19.483734
2019-11-05 00:41:00+00:00,-20.585459
2019-11-05 00:42:00+00:00,-19.01947
2019-11-05 00:43:00+00:00,-10.515839
2019-11-05 00:44:00+00:00,-5.919002
2019-11-05 00:45:00+00:00,-5.890077
2019-11-05 00:46:00+00:00,-6.917347
2019-11-05 00:47:00+00:00,-22.103205
2019-11-05 00:48:00+00:00,-47.62616
2019-11-05 00:49:00+00:00,-48.87384
2019-11-05 00:50:00+00:00,-27.972193
2019-11-05 00:51:00+00:00,-20.798325
2019-11-05 00:52:00+00:00,-20.010023
2019-11-05 00:53:00+00:00,-16.440502
2019-11-05 00:54:00+00:00,-56.559895
2019-11-05 00:55:00+00:00,-89.316078
2019-11-05 00:56:00+00:00,-58.436035
2019-11-05 00:57:00+00:00,-43.27916
2019-11-05 00:58:00+00:00,-45.627831
2019-11-05 00:59:00+00:00,-38.54818
2019-11-05 01:00:00+00:00,-21.343178
2019-11-05 01:01:00+00:00,-18.566673
2019-11-05 01:02:00+00:00,-19.909338
2019-11-05 01:03:00+00:00,-17.745539
2019-11-05 01:04:00+00:00,-12.798035
2019-11-05 01:05:00+00:00,-13.547294
2019-11-05 01:06:00+00:00,-13.213195
2019-11-05 01:07:00+00:00,-13.701054
2019-11-05 01:08:00+00:00,-13.706516
2019-11-05 01:09:00+00:00,-13.910209
2019-11-05 01:10:00+00:00,-14.029864
2019-11-05 01:11:00+00:00,-13.785172
2019-11-05 01:12:00+00:00,-14.390937
2019-11-05 01:13:00+00:00,-14.784234
2019-11-05 01:14:00+00:00,-15.733397
2019-11-05 01:15:00+00:00,-16.663759
2019-11-05 01:16:00+00:00,-18.714931
2019-11-05 01:17:00+00:00,-18.863436
2019-11-05 01:18:00+00:00,-19.026228
2019-11-05 01:19:00+00:00,-19.032368
2019-11-05 01:20:00+00:00,-18.172836
2019-11-05 01:21:00+00:00,-20.00985
2019-11-05 01:22:00+00:00,-24.129805
2019-11-05 01:23:00+00:00,-27.149595
2019-11-05 01:24:00+00:00,-46.312016
2019-11-05 01:25:00+00:00,-66.371124
2019-11-05 01:26:00+00:00,-119.866211
2019-11-05 01:27:00+00:00,-154.691101
2019-11-05 01:28:00+00:00,-151.790421
2019-11-05 01:29:00+00:00,-113.987823
2019-11-05 01:30:00+00:00,-105.908173
2019-11-05 01:31:00+00:00,-113.850311
2019-11-05 01:32:00+00:00,-135.280258
2019-11-05 01:33:00+00:00,-136.799713
2019-11-05 01:34:00+00:00,-115.050438
2019-11-05 01:35:00+00:00,-75.427109
2019-11-05 01:36:00+00:00,-60.058395
2019-11-05 01:37:00+00:00,-62.164928
2019-11-05 01:38:00+00:00,-60.277515
2019-11-05 01:39:00+00:00,-55.945648
2019-11-05 01:40:00+00:00,-50.314465
2019-11-05 01:41:00+00:00,-52.565826
2019-11-05 01:42:00+00:00,-60.361092
2019-11-05 01:43:00+00:00,-58.4958
2019-11-05 01:44:00+00:00,-58.548447
2019-11-05 01:45:00+00:00,-55.3937
2019-11-05 01:46:00+00:00,-55.294476
2019-11-05 01:47:00+00:00,-64.860367
2019-11-05 01:48:00+00:00,-52.480263
2019-11-05 01:49:00+00:00,-47.670452
2019-11-05 01:50:00+00:00,-46.901657
2019-11-05 01:51:00+00:00,-53.872993
2019-11-05 01:52:00+00:00,-42.478184
2019-11-05 01:53:00+00:00,-40.827427
2019-11-05 01:54:00+00:00,-41.43206
2019-11-05 01:55:00+00:00,-37.276386
2019-11-05 01:56:00+00:00,-37.937347
2019-11-05 01:57:00+00:00,-51.188343
2019-11-05 01:58:00+00:00,-66.910576
2019-11-05 01:59:00+00:00,-81.88002
2019-11-05 02:00:00+00:00,-123.041573
2019-11-05 02:01:00+00:00,-248.161392
2019-11-05 02:02:00+00:00,-220.003189
2019-11-05 02:03:00+00:00,-169.421799
2019-11-05 02:04:00+00:00,-214.522217
2019-11-05 02:05:00+00:00,-179.035141
2019-11-05 02:06:00+00:00,-187.607605
2019-11-05 02:07:00+00:00,-148.936691
2019-11-05 02:08:00+00:00,-185.268326
2019-11-05 02:09:00+00:00,-206.905182
2019-11-05 02:10:00+00:00,-187.629028
2019-11-05 02:11:00+00:00,-201.498825
2019-11-05 02:12:00+00:00,-197.484863
2019-11-05 02:13:00+00:00,-193.267822
2019-11-05 02:14:00+00:00,-210.19606
2019-11-05 02:15:00+00:00,-213.979416
2019-11-05 02:16:00+00:00,-182.823761
2019-11-05 02:17:00+00:00,-210.79747
2019-11-05 02:18:00+00:00,-181.282166
2019-11-05 02:19:00+00:00,-172.617004
2019-11-05 02:20:00+00:00,-229.788101
2019-11-05 02:21:00+00:00,-216.671112
2019-11-05 02:22:00+00:00,-210.731781
2019-11-05 02:23:00+00:00,-249.715988
2019-11-05 02:24:00+00:00,-254.573929
2019-11-05 02:25:00+00:00,-236.297775
2019-11-05 02:26:00+00:00,-234.242004
2019-11-05 02:27:00+00:00,-199.382233
2019-11-05 02:28:00+00:00,-207.864197
2019-11-05 02:29:00+00:00,-202.119995
2019-11-05 02:30:00+00:00,-144.935059
2019-11-05 02:31:00+00:00,-124.132057
2019-11-05 02:32:00+00:00,-159.496582
2019-11-05 02:33:00+00:00,-154.806503
2019-11-05 02:34:00+00:00,-141.436508
2019-11-05 02:35:00+00:00,-113.759216
2019-11-05 02:36:00+00:00,-104.993813
2019-11-05 02:37:00+00:00,-104.384209
2019-11-05 02:38:00+00:00,-104.356453
2019-11-05 02:39:00+00:00,-101.582443
2019-11-05 02:40:00+00:00,-94.902039
2019-11-05 02:41:00+00:00,-89.354324
2019-11-05 02:42:00+00:00,-90.719582
2019-11-05 02:43:00+00:00,-87.679245
2019-11-05 02:44:00+00:00,-81.217255
2019-11-05 02:45:00+00:00,-76.88607
2019-11-05 02:46:00+00:00,-75.879074
2019-11-05 02:47:00+00:00,-77.373047
2019-11-12 00:00:00+00:00,-116.198883
2019-11-12 00:01:00+00:00,-120.591537
2019-11-12 00:02:00+00:00,-124.788078
2019-11-12 00:03:00+00:00,-114.192963
2019-11-12 00:04:00+00:00,-116.088409
2019-11-12 00:05:00+00:00,-109.124054
2019-11-12 00:06:00+00:00,-98.517738
2019-11-12 00:07:00+00:00,-86.220901
2019-11-12 00:08:00+00:00,-80.414001
2019-11-12 00:09:00+00:00,-80.892036
2019-11-12 00:10:00+00:00,-79.163803
2019-11-12 00:11:00+00:00,-90.383507
2019-11-12 00:12:00+00:00,-94.379692
2019-11-12 00:13:00+00:00,-85.377762
2019-11-12 00:14:00+00:00,-74.905594
2019-11-12 00:15:00+00:00,-74.057213
2019-11-12 00:16:00+00:00,-104.722794
2019-11-12 00:17:00+00:00,-132.25502
2019-11-12 00:18:00+00:00,-164.306732
2019-11-12 00:19:00+00:00,-125.740227
2019-11-12 00:20:00+00:00,-152.160309
2019-11-12 00:21:00+00:00,-178.096695
2019-11-12 00:22:00+00:00,-186.427597
2019-11-12 00:23:00+00:00,-183.602264
2019-11-12 00:24:00+00:00,-219.286697
2019-11-12 00:25:00+00:00,-226.976334
2019-11-12 00:26:00+00:00,-220.294403
2019-11-12 00:27:00+00:00,-201.430359
2019-11-12 00:28:00+00:00,-214.224915
2019-11-12 00:29:00+00:00,-203.7733
2019-11-12 00:30:00+00:00,-178.574707
2019-11-12 00:31:00+00:00,-173.693054
2019-11-12 00:32:00+00:00,-154.675735
2019-11-12 00:33:00+00:00,-157.388031
2019-11-12 00:34:00+00:00,-146.150238
2019-11-12 00:35:00+00:00,-167.439362
2019-11-12 00:36:00+00:00,-137.019211
2019-11-12 00:37:00+00:00,-105.366982
2019-11-12 00:38:00+00:00,-92.365868
2019-11-12 00:39:00+00:00,-90.365623
2019-11-12 00:40:00+00:00,-95.362846
2019-11-12 00:41:00+00:00,-98.360954
2019-11-12 00:42:00+00:00,-86.360924
2019-11-12 00:43:00+00:00,-78.356842
2019-11-12 00:44:00+00:00,-49.365917
2019-11-12 00:45:00+00:00,-58.666561
2019-11-12 00:46:00+00:00,-85.521843
2019-11-12 00:47:00+00:00,-75.238396
2019-11-12 00:48:00+00:00,-69.271294
2019-11-12 00:49:00+00:00,-58.572681
2019-11-12 00:50:00+00:00,-45.347446
2019-11-12 00:51:00+00:00,-37.921604
2019-11-12 00:52:00+00:00,-57.282948
2019-11-12 00:53:00+00:00,-49.027023
2019-11-12 00:54:00+00:00,-34.381542
2019-11-12 00:55:00+00:00,-30.710453
2019-11-12 00:56:00+00:00,-32.397587
2019-11-12 00:57:00+00:00,-52.394768
2019-11-12 00:58:00+00:00,-69.755707
2019-11-12 00:59:00+00:00,-73.845207
2019-11-12 01:00:00+00:00,-64.909096
2019-11-12 01:01:00+00:00,-67.969368
2019-11-12 01:02:00+00:00,-49.403927
2019-11-12 01:03:00+00:00,-35.346558
2019-11-12 01:04:00+00:00,-24.239851
2019-11-12 01:05:00+00:00,-27.908556
2019-11-12 01:06:00+00:00,-26.591013
2019-11-12 01:07:00+00:00,-24.102623
2019-11-12 01:08:00+00:00,-24.386744
2019-11-12 01:09:00+00:00,-23.436543
2019-11-12 01:10:00+00:00,-22.045965
2019-11-12 01:11:00+00:00,-21.020678
2019-11-12 01:12:00+00:00,-19.282557
2019-11-12 01:13:00+00:00,-19.472208
2019-11-12 01:14:00+00:00,-20.368975
2019-11-12 01:15:00+00:00,-22.110819
2019-11-12 01:16:00+00:00,-14.525651
2019-11-12 01:17:00+00:00,-13.528399
2019-11-12 01:18:00+00:00,-16.049446
2019-11-12 01:19:00+00:00,-15.710232
2019-11-12 01:20:00+00:00,-17.53816
2019-11-12 01:21:00+00:00,-15.494833
2019-11-12 01:22:00+00:00,-15.909719
2019-11-12 01:23:00+00:00,-16.458933
2019-11-12 01:24:00+00:00,-14.152585
2019-11-12 01:25:00+00:00,-12.220287
2019-11-12 01:26:00+00:00,-18.590506
2019-11-12 01:27:00+00:00,-14.762063
2019-11-12 01:28:00+00:00,-15.950501
2019-11-12 01:29:00+00:00,-15.846896
2019-11-12 01:30:00+00:00,-31.255255
2019-11-12 01:31:00+00:00,-35.271374
2019-11-12 01:32:00+00:00,-36.473297
2019-11-12 01:33:00+00:00,-18.416693
2019-11-12 01:34:00+00:00,-15.369221
2019-11-12 01:35:00+00:00,-33.006989
2019-11-12 01:36:00+00:00,-83.366226
2019-11-12 01:37:00+00:00,-116.950348
2019-11-12 01:38:00+00:00,-156.067947
2019-11-12 01:39:00+00:00,-132.187775
2019-11-12 01:40:00+00:00,-140.426041
2019-11-12 01:41:00+00:00,-190.438049
2019-11-12 01:42:00+00:00,-162.397583
2019-11-12 01:43:00+00:00,-165.082657
2019-11-12 01:44:00+00:00,-152.125732
2019-11-12 01:45:00+00:00,-133.576187
2019-11-12 01:46:00+00:00,-143.678192
2019-11-12 01:47:00+00:00,-149.798935
2019-11-12 01:48:00+00:00,-115.998039
2019-11-12 01:49:00+00:00,-100.302032
2019-11-12 01:50:00+00:00,-93.413628
2019-11-12 01:51:00+00:00,-97.761017
2019-11-12 01:52:00+00:00,-201.466171
2019-11-12 01:53:00+00:00,-186.920456
2019-11-12 01:54:00+00:00,-183.466675
2019-11-12 01:55:00+00:00,-184.25943
2019-11-12 01:56:00+00:00,-210.320618
2019-11-12 01:57:00+00:00,-201.517776
2019-11-12 01:58:00+00:00,-181.011826
2019-11-12 01:59:00+00:00,-200.898605
2019-11-12 02:00:00+00:00,-231.603104
2019-11-12 02:01:00+00:00,-193.309921
2019-11-12 02:02:00+00:00,-129.231979
2019-11-12 02:03:00+00:00,-102.706154
2019-11-12 02:04:00+00:00,-92.168976
2019-11-12 02:05:00+00:00,-89.017052
2019-11-12 02:06:00+00:00,-74.465431
2019-11-12 02:07:00+00:00,-38.339855
2019-11-12 02:08:00+00:00,-39.841347
2019-11-12 02:09:00+00:00,-42.928627
2019-11-12 02:10:00+00:00,-47.381245
2019-11-12 02:11:00+00:00,-39.318073
2019-11-12 02:12:00+00:00,-80.972488
2019-11-12 02:13:00+00:00,-52.681473
2019-11-12 02:14:00+00:00,-41.725445
2019-11-12 02:15:00+00:00,-69.453957
2019-11-12 02:16:00+00:00,-86.576447
2019-11-12 02:17:00+00:00,-80.982246
2019-11-12 02:18:00+00:00,-69.109322
2019-11-12 02:19:00+00:00,-63.221981
2019-11-12 02:20:00+00:00,-56.945118
2019-11-12 02:21:00+00:00,-51.901695
2019-11-12 02:22:00+00:00,-40.410107
2019-11-12 02:23:00+00:00,-23.752579
2019-11-12 02:24:00+00:00,-17.440786
2019-11-12 02:25:00+00:00,-13.700856
2019-11-12 02:26:00+00:00,-19.339031
2019-11-12 02:27:00+00:00,-36.329563
2019-11-12 02:28:00+00:00,-37.986584
2019-11-12 02:29:00+00:00,-34.753929
2019-11-12 02:30:00+00:00,-40.901634
2019-11-12 02:31:00+00:00,-61.556213
2019-11-12 02:32:00+00:00,-56.448162
2019-11-12 02:33:00+00:00,-52.77866
2019-11-12 02:34:00+00:00,-43.142426
2019-11-12 02:35:00+00:00,-42.996597
2019-11-12 02:36:00+00:00,-52.521873
2019-11-12 02:37:00+00:00,-49.531853
2019-11-12 02:38:00+00:00,-58.279354
2019-11-12 02:39:00+00:00,-24.008518
2019-11-12 02:40:00+00:00,-11.390133
2019-11-12 02:41:00+00:00,-11.75716
2019-11-12 02:42:00+00:00,-12.961953
2019-11-12 02:43:00+00:00,-12.72005
2019-11-12 02:44:00+00:00,-13.701312
2019-11-12 02:45:00+00:00,-16.500118
2019-11-12 02:46:00+00:00,-17.371361
2019-11-12 02:47:00+00:00,-17.056061
2019-11-19 00:00:00+00:00,-11.482574
2019-11-19 00:01:00+00:00,-11.60224
2019-11-19 00:02:00+00:00,-11.708392
2019-11-19 00:03:00+00:00,-10.567609
2019-11-19 00:04:00+00:00,-10.442562
2019-11-19 00:05:00+00:00,-9.973283
2019-11-19 00:06:00+00:00,-10.367925
2019-11-19 00:07:00+00:00,-10.970616
2019-11-19 00:08:00+00:00,-11.232348
2019-11-19 00:09:00+00:00,-11.181311
2019-11-19 00:10:00+00:00,-10.534576
2019-11-19 00:11:00+00:00,-10.314943
2019-11-19 00:12:00+00:00,-10.653831
2019-11-19 00:13:00+00:00,-10.913921
2019-11-19 00:14:00+00:00,-11.380522
2019-11-19 00:15:00+00:00,-11.439754
2019-11-19 00:16:00+00:00,-10.984175
2019-11-19 00:17:00+00:00,-11.05575
2019-11-19 00:18:00+00:00,-11.271646
2019-11-19 00:19:00+00:00,-11.173832
2019-11-19 00:20:00+00:00,-11.595649
2019-11-19 00:21:00+00:00,-11.712134
2019-11-19 00:22:00+00:00,-11.990425
2019-11-19 00:23:00+00:00,-12.131672
2019-11-19 00:24:00+00:00,-11.470812
2019-11-19 00:25:00+00:00,-10.355478
2019-11-19 00:26:00+00:00,-9.877445
2019-11-19 00:27:00+00:00,-10.215401
2019-11-19 00:28:00+00:00,-11.149864
2019-11-19 00:29:00+00:00,-12.482995
2019-11-19 00:30:00+00:00,-13.165248
2019-11-19 00:31:00+00:00,-12.088305
2019-11-19 00:32:00+00:00,-10.721004
2019-11-19 00:33:00+00:00,-10.928584
2019-11-19 00:34:00+00:00,-12.044057
2019-11-19 00:35:00+00:00,-13.908442
2019-11-19 00:36:00+00:00,-13.928574
2019-11-19 00:37:00+00:00,-13.195478
2019-11-19 00:38:00+00:00,-11.309746
2019-11-19 00:39:00+00:00,-11.702047
2019-11-19 00:40:00+00:00,-12.440744
2019-11-19 00:41:00+00:00,-12.062951
2019-11-19 00:42:00+00:00,-12.878242
2019-11-19 00:43:00+00:00,-13.296907
2019-11-19 00:44:00+00:00,-13.763998
2019-11-19 00:45:00+00:00,-12.220085
2019-11-19 00:46:00+00:00,-11.215956
2019-11-19 00:47:00+00:00,-11.760401
2019-11-19 00:48:00+00:00,-12.645418
2019-11-19 00:49:00+00:00,-15.218668
2019-11-19 00:50:00+00:00,-15.518316
2019-11-19 00:51:00+00:00,-14.055929
2019-11-19 00:52:00+00:00,-13.534717
2019-11-19 00:53:00+00:00,-12.153904
2019-11-19 00:54:00+00:00,-12.781658
2019-11-19 00:55:00+00:00,-12.606461
2019-11-19 00:56:00+00:00,-12.189838
2019-11-19 00:57:00+00:00,-14.299376
2019-11-19 00:58:00+00:00,-14.797405
2019-11-19 00:59:00+00:00,-15.258096
2019-11-19 01:00:00+00:00,-14.595543
2019-11-19 01:01:00+00:00,-13.520648
2019-11-19 01:02:00+00:00,-14.254077
2019-11-19 01:03:00+00:00,-14.631773
2019-11-19 01:04:00+00:00,-14.747488
2019-11-19 01:05:00+00:00,-12.153936
2019-11-19 01:06:00+00:00,-12.206634
2019-11-19 01:07:00+00:00,-12.663378
2019-11-19 01:08:00+00:00,-14.618898
2019-11-19 01:09:00+00:00,-15.578083
2019-11-19 01:10:00+00:00,-14.557537
2019-11-19 01:11:00+00:00,-13.336561
2019-11-19 01:12:00+00:00,-12.084104
2019-11-19 01:13:00+00:00,-16.02232
2019-11-19 01:14:00+00:00,-19.06702
2019-11-19 01:15:00+00:00,-15.123572
2019-11-19 01:16:00+00:00,-14.543613
2019-11-19 01:17:00+00:00,-14.044931
2019-11-19 01:18:00+00:00,-12.072408
2019-11-19 01:19:00+00:00,-11.451242
2019-11-19 01:20:00+00:00,-13.902991
2019-11-19 01:21:00+00:00,-14.158374
2019-11-19 01:22:00+00:00,-14.920399
2019-11-19 01:23:00+00:00,-14.418561
2019-11-19 01:24:00+00:00,-11.816929
2019-11-19 01:25:00+00:00,-11.541285
2019-11-19 01:26:00+00:00,-13.22347
2019-11-19 01:27:00+00:00,-14.892784
2019-11-19 01:28:00+00:00,-16.82543
2019-11-19 01:29:00+00:00,-17.604753
2019-11-19 01:30:00+00:00,-14.925903
2019-11-19 01:31:00+00:00,-11.263439
2019-11-19 01:32:00+00:00,-10.911263
2019-11-19 01:33:00+00:00,-12.480708
2019-11-19 01:34:00+00:00,-14.984478
2019-11-19 01:35:00+00:00,-16.135254
2019-11-19 01:36:00+00:00,-14.058467
2019-11-19 01:37:00+00:00,-13.574228
2019-11-19 01:38:00+00:00,-13.030202
2019-11-19 01:39:00+00:00,-12.20569
2019-11-19 01:40:00+00:00,-11.733514
2019-11-19 01:41:00+00:00,-11.712311
2019-11-19 01:42:00+00:00,-11.95166
2019-11-19 01:43:00+00:00,-11.860483
2019-11-19 01:44:00+00:00,-13.494974
2019-11-19 01:45:00+00:00,-13.750389
2019-11-19 01:46:00+00:00,-12.7449
2019-11-19 01:47:00+00:00,-12.830074
2019-11-19 01:48:00+00:00,-12.973693
2019-11-19 01:49:00+00:00,-14.469709
2019-11-19 01:50:00+00:00,-13.706505
2019-11-19 01:51:00+00:00,-14.179792
2019-11-19 01:52:00+00:00,-14.392217
2019-11-19 01:53:00+00:00,-15.239292
2019-11-19 01:54:00+00:00,-14.903643
2019-11-19 01:55:00+00:00,-13.690939
2019-11-19 01:56:00+00:00,-13.22033
2019-11-19 01:57:00+00:00,-12.746704
2019-11-19 01:58:00+00:00,-12.491429
2019-11-19 01:59:00+00:00,-13.838937
2019-11-19 02:00:00+00:00,-11.297708
2019-11-19 02:01:00+00:00,-11.314008
2019-11-19 02:02:00+00:00,-12.052854
2019-11-19 02:03:00+00:00,-11.270103
2019-11-19 02:04:00+00:00,-12.785089
2019-11-19 02:05:00+00:00,-11.378719
2019-11-19 02:06:00+00:00,-10.244052
2019-11-19 02:07:00+00:00,-10.816295
2019-11-19 02:08:00+00:00,-12.014653
2019-11-19 02:09:00+00:00,-23.393106
2019-11-19 02:10:00+00:00,-28.009457
2019-11-19 02:11:00+00:00,-14.889821
2019-11-19 02:12:00+00:00,-15.3882
2019-11-19 02:13:00+00:00,-20.509483
2019-11-19 02:14:00+00:00,-13.131718
2019-11-19 02:15:00+00:00,-12.485965
2019-11-19 02:16:00+00:00,-12.543358
2019-11-19 02:17:00+00:00,-11.945337
2019-11-19 02:18:00+00:00,-11.649908
2019-11-19 02:19:00+00:00,-12.808437
2019-11-19 02:20:00+00:00,-13.898061
2019-11-19 02:21:00+00:00,-14.72426
2019-11-19 02:22:00+00:00,-14.74855
2019-11-19 02:23:00+00:00,-14.209212
2019-11-19 02:24:00+00:00,-12.011518
2019-11-19 02:25:00+00:00,-10.835151
2019-11-19 02:26:00+00:00,-10.74554
2019-11-19 02:27:00+00:00,-10.874519
2019-11-19 02:28:00+00:00,-11.876924
2019-11-19 02:29:00+00:00,-13.140338
2019-11-19 02:30:00+00:00,-12.972921
2019-11-19 02:31:00+00:00,-14.308286
2019-11-19 02:32:00+00:00,-14.937459
2019-11-19 02:33:00+00:00,-13.524503
2019-11-19 02:34:00+00:00,-15.774307
2019-11-19 02:35:00+00:00,-9.961774
2019-11-19 02:36:00+00:00,-13.077295
2019-11-19 02:37:00+00:00,-12.122388
2019-11-19 02:38:00+00:00,-10.60102
2019-11-19 02:39:00+00:00,-10.964223
2019-11-19 02:40:00+00:00,-11.006285
2019-11-19 02:41:00+00:00,-12.962329
2019-11-19 02:42:00+00:00,-12.149634
2019-11-19 02:43:00+00:00,-11.26207
2019-11-19 02:44:00+00:00,-12.428559
2019-11-19 02:45:00+00:00,-10.640794
2019-11-19 02:46:00+00:00,-10.268776
2019-11-19 02:47:00+00:00,-10.750344
2019-11-26 00:00:00+00:00,-123.869247
2019-11-26 00:01:00+00:00,-111.942505
2019-11-26 00:02:00+00:00,-101.929886
2019-11-26 00:03:00+00:00,-102.389236
2019-11-26 00:04:00+00:00,-143.014435
2019-11-26 00:05:00+00:00,-201.327255
2019-11-26 00:06:00+00:00,-223.435745
2019-11-26 00:07:00+00:00,-191.425568
2019-11-26 00:08:00+00:00,-162.102417
2019-11-26 00:09:00+00:00,-158.234833
2019-11-26 00:10:00+00:00,-159.223236
2019-11-26 00:11:00+00:00,-97.584259
2019-11-26 00:12:00+00:00,-100.145782
2019-11-26 00:13:00+00:00,-88.173904
2019-11-26 00:14:00+00:00,-97.166748
2019-11-26 00:15:00+00:00,-112.02121
2019-11-26 00:16:00+00:00,-112.471741
2019-11-26 00:17:00+00:00,-110.100471
2019-11-26 00:18:00+00:00,-119.341103
2019-11-26 00:19:00+00:00,-140.59314
2019-11-26 00:20:00+00:00,-148.980118
2019-11-26 00:21:00+00:00,-150.969147
2019-11-26 00:22:00+00:00,-135.055786
2019-11-26 00:23:00+00:00,-152.67572
2019-11-26 00:24:00+00:00,-165.845612
2019-11-26 00:25:00+00:00,-161.767731
2019-11-26 00:26:00+00:00,-137.499771
2019-11-26 00:27:00+00:00,-142.259613
2019-11-26 00:28:00+00:00,-130.17305
2019-11-26 00:29:00+00:00,-131.578674
2019-11-26 00:30:00+00:00,-130.350266
2019-11-26 00:31:00+00:00,-133.364075
2019-11-26 00:32:00+00:00,-138.304001
2019-11-26 00:33:00+00:00,-147.934753
2019-11-26 00:34:00+00:00,-146.740768
2019-11-26 00:35:00+00:00,-137.495438
2019-11-26 00:36:00+00:00,-118.854301
2019-11-26 00:37:00+00:00,-113.380791
2019-11-26 00:38:00+00:00,-117.787842
2019-11-26 00:39:00+00:00,-113.300125
2019-11-26 00:40:00+00:00,-96.770241
2019-11-26 00:41:00+00:00,-87.042969
2019-11-26 00:42:00+00:00,-87.13398
2019-11-26 00:43:00+00:00,-87.680145
2019-11-26 00:44:00+00:00,-87.684311
2019-11-26 00:45:00+00:00,-84.8507
2019-11-26 00:46:00+00:00,-84.848305
2019-11-26 00:47:00+00:00,-79.761162
2019-11-26 00:48:00+00:00,-73.173317
2019-11-26 00:49:00+00:00,-61.892448
2019-11-26 00:50:00+00:00,-54.082031
2019-11-26 00:51:00+00:00,-55.488289
2019-11-26 00:52:00+00:00,-59.4697
2019-11-26 00:53:00+00:00,-65.506874
2019-11-26 00:54:00+00:00,-60.550968
2019-11-26 00:55:00+00:00,-51.611717
2019-11-26 00:56:00+00:00,-50.65004
2019-11-26 00:57:00+00:00,-59.673729
2019-11-26 00:58:00+00:00,-59.713089
2019-11-26 00:59:00+00:00,-62.750443
2019-11-26 01:00:00+00:00,-68.792633
2019-11-26 01:01:00+00:00,-70.830093
2019-11-26 01:02:00+00:00,-62.864975
2019-11-26 01:03:00+00:00,-56.914833
2019-11-26 01:04:00+00:00,-45.962059
2019-11-26 01:05:00+00:00,-39.011814
2019-11-26 01:06:00+00:00,-40.073284
2019-11-26 01:07:00+00:00,-45.130104
2019-11-26 01:08:00+00:00,-47.174442
2019-11-26 01:09:00+00:00,-53.217991
2019-11-26 01:10:00+00:00,-51.264633
2019-11-26 01:11:00+00:00,-47.312397
2019-11-26 01:12:00+00:00,-48.367115
2019-11-26 01:13:00+00:00,-52.426403
2019-11-26 01:14:00+00:00,-53.477417
2019-11-26 01:15:00+00:00,-55.525558
2019-11-26 01:16:00+00:00,-74.569069
2019-11-26 01:17:00+00:00,-62.624828
2019-11-26 01:18:00+00:00,-53.69154
2019-11-26 01:19:00+00:00,-43.768955
2019-11-26 01:20:00+00:00,-31.845123
2019-11-26 01:21:00+00:00,-19.124914
2019-11-26 01:22:00+00:00,-15.733923
2019-11-26 01:23:00+00:00,-18.150522
2019-11-26 01:24:00+00:00,-23.516933
2019-11-26 01:25:00+00:00,-27.186195
2019-11-26 01:26:00+00:00,-32.82386
2019-11-26 01:27:00+00:00,-28.863674
2019-11-26 01:28:00+00:00,-32.237564
2019-11-26 01:29:00+00:00,-64.180275
2019-11-26 01:30:00+00:00,-81.148109
2019-11-26 01:31:00+00:00,-136.290482
2019-11-26 01:32:00+00:00,-97.855476
2019-11-26 01:33:00+00:00,-46.70351
2019-11-26 01:34:00+00:00,-28.542624
2019-11-26 01:35:00+00:00,-26.837055
2019-11-26 01:36:00+00:00,-26.905849
2019-11-26 01:37:00+00:00,-29.979507
2019-11-26 01:38:00+00:00,-32.056061
2019-11-26 01:39:00+00:00,-30.135494
2019-11-26 01:40:00+00:00,-27.213884
2019-11-26 01:41:00+00:00,-25.287308
2019-11-26 01:42:00+00:00,-31.355747
2019-11-26 01:43:00+00:00,-28.441055
2019-11-26 01:44:00+00:00,-23.515127
2019-11-26 01:45:00+00:00,-23.590025
2019-11-26 01:46:00+00:00,-23.669638
2019-11-26 01:47:00+00:00,-20.748089
2019-11-26 01:48:00+00:00,-18.825365
2019-11-26 01:49:00+00:00,-36.381783
2019-11-26 01:50:00+00:00,-74.590538
2019-11-26 01:51:00+00:00,-93.107834
2019-11-26 01:52:00+00:00,-53.72224
2019-11-26 01:53:00+00:00,-50.967121
2019-11-26 01:54:00+00:00,-49.954948
2019-11-26 01:55:00+00:00,-44.766914
2019-11-26 01:56:00+00:00,-41.251801
2019-11-26 01:57:00+00:00,-38.468338
2019-11-26 01:58:00+00:00,-40.909866
2019-11-26 01:59:00+00:00,-39.236694
2019-11-26 02:00:00+00:00,-34.734074
2019-11-26 02:01:00+00:00,-34.141918
2019-11-26 02:02:00+00:00,-37.00399
2019-11-26 02:03:00+00:00,-33.959869
2019-11-26 02:04:00+00:00,-33.126705
2019-11-26 02:05:00+00:00,-31.074154
2019-11-26 02:06:00+00:00,-29.922644
2019-11-26 02:07:00+00:00,-29.68441
2019-11-26 02:08:00+00:00,-36.244354
2019-11-26 02:09:00+00:00,-40.989914
2019-11-26 02:10:00+00:00,-38.667313
2019-11-26 02:11:00+00:00,-34.647774
2019-11-26 02:12:00+00:00,-31.755646
2019-11-26 02:13:00+00:00,-28.679075
2019-11-26 02:14:00+00:00,-23.038357
2019-11-26 02:15:00+00:00,-22.01016
2019-11-26 02:16:00+00:00,-20.979036
2019-11-26 02:17:00+00:00,-18.946846
2019-11-26 02:18:00+00:00,-18.278248
2019-11-26 02:19:00+00:00,-18.265623
2019-11-26 02:20:00+00:00,-20.153667
2019-11-26 02:21:00+00:00,-22.949423
2019-11-26 02:22:00+00:00,-25.691282
2019-11-26 02:23:00+00:00,-25.562973
2019-11-26 02:24:00+00:00,-25.80681
2019-11-26 02:25:00+00:00,-33.430313
2019-11-26 02:26:00+00:00,-39.193462
2019-11-26 02:27:00+00:00,-36.184608
2019-11-26 02:28:00+00:00,-38.801323
2019-11-26 02:29:00+00:00,-37.770611
2019-11-26 02:30:00+00:00,-32.988613
2019-11-26 02:31:00+00:00,-30.065414
2019-11-26 02:32:00+00:00,-32.730179
2019-11-26 02:33:00+00:00,-31.058043
2019-11-26 02:34:00+00:00,-32.549923
2019-11-26 02:35:00+00:00,-28.527184
2019-11-26 02:36:00+00:00,-24.282953
2019-11-26 02:37:00+00:00,-19.314381
2019-11-26 02:38:00+00:00,-18.85581
2019-11-26 02:39:00+00:00,-19.697737
2019-11-26 02:40:00+00:00,-26.480597
2019-11-26 02:41:00+00:00,-20.976295
2019-11-26 02:42:00+00:00,-19.931515
2019-11-26 02:43:00+00:00,-17.753876
2019-11-26 02:44:00+00:00,-22.927069
2019-11-26 02:45:00+00:00,-22.073734
2019-11-26 02:46:00+00:00,-86.859238
2019-11-26 02:47:00+00:00,-76.606033
2019-12-03 00:00:00+00:00,-50.224926
2019-12-03 00:01:00+00:00,-43.222076
2019-12-03 00:02:00+00:00,-53.739922
2019-12-03 00:03:00+00:00,-52.978275
2019-12-03 00:04:00+00:00,-57.146091
2019-12-03 00:05:00+00:00,-48.947433
2019-12-03 00:06:00+00:00,-27.174259
2019-12-03 00:07:00+00:00,-16.970093
2019-12-03 00:08:00+00:00,-13.30546
2019-12-03 00:09:00+00:00,-12.32716
2019-12-03 00:10:00+00:00,-12.349876
2019-12-03 00:11:00+00:00,-11.371161
2019-12-03 00:12:00+00:00,-11.394912
2019-12-03 00:13:00+00:00,-11.419168
2019-12-03 00:14:00+00:00,-11.441481
2019-12-03 00:15:00+00:00,-11.464283
2019-12-03 00:16:00+00:00,-12.488392
2019-12-03 00:17:00+00:00,-13.510684
2019-12-03 00:18:00+00:00,-13.534419
2019-12-03 00:19:00+00:00,-13.558612
2019-12-03 00:20:00+00:00,-12.580813
2019-12-03 00:21:00+00:00,-12.603945
2019-12-03 00:22:00+00:00,-12.627511
2019-12-03 00:23:00+00:00,-13.650039
2019-12-03 00:24:00+00:00,-13.673473
2019-12-03 00:25:00+00:00,-14.694388
2019-12-03 00:26:00+00:00,-14.716195
2019-12-03 00:27:00+00:00,-13.738885
2019-12-03 00:28:00+00:00,-12.760985
2019-12-03 00:29:00+00:00,-15.009467
2019-12-03 00:30:00+00:00,-18.980753
2019-12-03 00:31:00+00:00,-31.459377
2019-12-03 00:32:00+00:00,-20.289845
2019-12-03 00:33:00+00:00,-22.280972
2019-12-03 00:34:00+00:00,-20.990332
2019-12-03 00:35:00+00:00,-19.797768
2019-12-03 00:36:00+00:00,-26.539175
2019-12-03 00:37:00+00:00,-19.599279
2019-12-03 00:38:00+00:00,-14.169443
2019-12-03 00:39:00+00:00,-16.831659
2019-12-03 00:40:00+00:00,-12.01372
2019-12-03 00:41:00+00:00,-13.03548
2019-12-03 00:42:00+00:00,-12.055242
2019-12-03 00:43:00+00:00,-13.076426
2019-12-03 00:44:00+00:00,-12.096102
2019-12-03 00:45:00+00:00,-12.118667
2019-12-03 00:46:00+00:00,-10.143376
2019-12-03 00:47:00+00:00,-11.16293
2019-12-03 00:48:00+00:00,-12.184888
2019-12-03 00:49:00+00:00,-15.343034
2019-12-03 00:50:00+00:00,-19.384972
2019-12-03 00:51:00+00:00,-17.556732
2019-12-03 00:52:00+00:00,-14.873959
2019-12-03 00:53:00+00:00,-15.291222
2019-12-03 00:54:00+00:00,-15.312489
2019-12-03 00:55:00+00:00,-13.335192
2019-12-03 00:56:00+00:00,-11.3564
2019-12-03 00:57:00+00:00,-10.378071
2019-12-03 00:58:00+00:00,-9.819703
2019-12-03 00:59:00+00:00,-9.294569
2019-12-03 01:00:00+00:00,-8.855249
2019-12-03 01:01:00+00:00,-8.716081
2019-12-03 01:02:00+00:00,-8.976739
2019-12-03 01:03:00+00:00,-9.266592
2019-12-03 01:04:00+00:00,-9.955756
2019-12-03 01:05:00+00:00,-10.029579
2019-12-03 01:06:00+00:00,-9.977319
2019-12-03 01:07:00+00:00,-9.793112
2019-12-03 01:08:00+00:00,-9.910551
2019-12-03 01:09:00+00:00,-10.571822
2019-12-03 01:10:00+00:00,-10.860908
2019-12-03 01:11:00+00:00,-10.57175
2019-12-03 01:12:00+00:00,-10.214113
2019-12-03 01:13:00+00:00,-9.855378
2019-12-03 01:14:00+00:00,-10.197692
2019-12-03 01:15:00+00:00,-10.811364
2019-12-03 01:16:00+00:00,-11.035617
2019-12-03 01:17:00+00:00,-10.606056
2019-12-03 01:18:00+00:00,-10.148044
2019-12-03 01:19:00+00:00,-9.740678
2019-12-03 01:20:00+00:00,-9.439623
2019-12-03 01:21:00+00:00,-9.603274
2019-12-03 01:22:00+00:00,-10.033387
2019-12-03 01:23:00+00:00,-10.516093
2019-12-03 01:24:00+00:00,-10.688109
2019-12-03 01:25:00+00:00,-10.507441
2019-12-03 01:26:00+00:00,-10.412562
2019-12-03 01:27:00+00:00,-9.935699
2019-12-03 01:28:00+00:00,-9.38349
2019-12-03 01:29:00+00:00,-9.144603
2019-12-03 01:30:00+00:00,-8.995405
2019-12-03 01:31:00+00:00,-9.331641
2019-12-03 01:32:00+00:00,-9.916526
2019-12-03 01:33:00+00:00,-9.923148
2019-12-03 01:34:00+00:00,-9.537056
2019-12-03 01:35:00+00:00,-9.084419
2019-12-03 01:36:00+00:00,-10.008905
2019-12-03 01:37:00+00:00,-9.044134
2019-12-03 01:38:00+00:00,-40.896912
2019-12-03 01:39:00+00:00,-79.135201
2019-12-03 01:40:00+00:00,-79.273087
2019-12-03 01:41:00+00:00,-70.314423
2019-12-03 01:42:00+00:00,-56.945793
2019-12-03 01:43:00+00:00,-51.338673
2019-12-03 01:44:00+00:00,-40.383362
2019-12-03 01:45:00+00:00,-31.212048
2019-12-03 01:46:00+00:00,-24.405014
2019-12-03 01:47:00+00:00,-22.444313
2019-12-03 01:48:00+00:00,-28.64657
2019-12-03 01:49:00+00:00,-61.953213
2019-12-03 01:50:00+00:00,-59.322266
2019-12-03 01:51:00+00:00,-46.793789
2019-12-03 01:52:00+00:00,-57.905758
2019-12-03 01:53:00+00:00,-52.902084
2019-12-03 01:54:00+00:00,-26.196373
2019-12-03 01:55:00+00:00,-15.762788
2019-12-03 01:56:00+00:00,-14.578335
2019-12-03 01:57:00+00:00,-16.032991
2019-12-03 01:58:00+00:00,-9.641421
2019-12-03 01:59:00+00:00,-8.62285
2019-12-03 02:00:00+00:00,-37.918247
2019-12-03 02:01:00+00:00,-117.173767
2019-12-03 02:02:00+00:00,-149.475784
2019-12-03 02:03:00+00:00,-143.803375
2019-12-03 02:04:00+00:00,-169.529587
2019-12-03 02:05:00+00:00,-162.451279
2019-12-03 02:06:00+00:00,-140.755951
2019-12-03 02:07:00+00:00,-139.772705
2019-12-03 02:08:00+00:00,-80.924362
2019-12-03 02:09:00+00:00,-49.281254
2019-12-03 02:10:00+00:00,-42.817837
2019-12-03 02:11:00+00:00,-33.90564
2019-12-03 02:12:00+00:00,-27.187737
2019-12-03 02:13:00+00:00,-20.741304
2019-12-03 02:14:00+00:00,-10.048376
2019-12-03 02:15:00+00:00,-9.604548
2019-12-03 02:16:00+00:00,-11.135272
2019-12-03 02:17:00+00:00,-17.622974
2019-12-03 02:18:00+00:00,-17.294355
2019-12-03 02:19:00+00:00,-11.933587
2019-12-03 02:20:00+00:00,-11.691055
2019-12-03 02:21:00+00:00,-28.756205
2019-12-03 02:22:00+00:00,-66.024536
2019-12-03 02:23:00+00:00,-61.838818
2019-12-03 02:24:00+00:00,-39.240059
2019-12-03 02:25:00+00:00,-22.872782
2019-12-03 02:26:00+00:00,-20.366863
2019-12-03 02:27:00+00:00,-26.806282
2019-12-03 02:28:00+00:00,-31.432241
2019-12-03 02:29:00+00:00,-25.390242
2019-12-03 02:30:00+00:00,-18.216412
2019-12-03 02:31:00+00:00,-10.558064
2019-12-03 02:32:00+00:00,-9.458681
2019-12-03 02:33:00+00:00,-15.856537
2019-12-03 02:34:00+00:00,-9.88342
2019-12-03 02:35:00+00:00,-10.470593
2019-12-03 02:36:00+00:00,-18.922897
2019-12-03 02:37:00+00:00,-24.343676
2019-12-03 02:38:00+00:00,-39.702049
2019-12-03 02:39:00+00:00,-40.128864
2019-12-03 02:40:00+00:00,-41.929779
2019-12-03 02:41:00+00:00,-40.220016
2019-12-03 02:42:00+00:00,-25.172417
2019-12-03 02:43:00+00:00,-16.309208
2019-12-03 02:44:00+00:00,-11.834206
2019-12-03 02:45:00+00:00,-11.68812
2019-12-03 02:46:00+00:00,-13.747259
2019-12-03 02:47:00+00:00,-9.35483
2019-12-10 00:00:00+00:00,-15.514435
2019-12-10 00:01:00+00:00,-16.323868
2019-12-10 00:02:00+00:00,-16.142723
2019-12-10 00:03:00+00:00,-15.96002
2019-12-10 00:04:00+00:00,-15.777048
2019-12-10 00:05:00+00:00,-16.592903
2019-12-10 00:06:00+00:00,-16.407904
2019-12-10 00:07:00+00:00,-17.22163
2019-12-10 00:08:00+00:00,-17.035374
2019-12-10 00:09:00+00:00,-16.847988
2019-12-10 00:10:00+00:00,-16.659788
2019-12-10 00:11:00+00:00,-17.472067
2019-12-10 00:12:00+00:00,-18.283186
2019-12-10 00:13:00+00:00,-19.093948
2019-12-10 00:14:00+00:00,-19.904673
2019-12-10 00:15:00+00:00,-19.715672
2019-12-10 00:16:00+00:00,-18.514383
2019-12-10 00:17:00+00:00,-18.323952
2019-12-10 00:18:00+00:00,-17.134014
2019-12-10 00:19:00+00:00,-14.943668
2019-12-10 00:20:00+00:00,-15.712808
2019-12-10 00:21:00+00:00,-19.307928
2019-12-10 00:22:00+00:00,-17.495173
2019-12-10 00:23:00+00:00,-14.959647
2019-12-10 00:24:00+00:00,-12.683817
2019-12-10 00:25:00+00:00,-14.008536
2019-12-10 00:26:00+00:00,-15.877551
2019-12-10 00:27:00+00:00,-15.907835
2019-12-10 00:28:00+00:00,-13.251511
2019-12-10 00:29:00+00:00,-15.066864
2019-12-10 00:30:00+00:00,-15.882839
2019-12-10 00:31:00+00:00,-15.688103
2019-12-10 00:32:00+00:00,-14.504902
2019-12-10 00:33:00+00:00,-11.321201
2019-12-10 00:34:00+00:00,-13.000685
2019-12-10 00:35:00+00:00,-15.921684
2019-12-10 00:36:00+00:00,-17.663895
2019-12-10 00:37:00+00:00,-16.986149
2019-12-10 00:38:00+00:00,-15.479787
2019-12-10 00:39:00+00:00,-15.025223
2019-12-10 00:40:00+00:00,-15.242125
2019-12-10 00:41:00+00:00,-15.636875
2019-12-10 00:42:00+00:00,-16.186565
2019-12-10 00:43:00+00:00,-17.06311
2019-12-10 00:44:00+00:00,-17.911564
2019-12-10 00:45:00+00:00,-18.265171
2019-12-10 00:46:00+00:00,-18.454901
2019-12-10 00:47:00+00:00,-18.315073
2019-12-10 00:48:00+00:00,-18.192722
2019-12-10 00:49:00+00:00,-18.243649
2019-12-10 00:50:00+00:00,-18.996212
2019-12-10 00:51:00+00:00,-19.011974
2019-12-10 00:52:00+00:00,-16.56978
2019-12-10 00:53:00+00:00,-15.049065
2019-12-10 00:54:00+00:00,-15.391272
2019-12-10 00:55:00+00:00,-16.612066
2019-12-10 00:56:00+00:00,-17.598204
2019-12-10 00:57:00+00:00,-17.03771
2019-12-10 00:58:00+00:00,-16.652306
2019-12-10 00:59:00+00:00,-17.981579
2019-12-10 01:00:00+00:00,-18.229671
2019-12-10 01:01:00+00:00,-17.373627
2019-12-10 01:02:00+00:00,-16.271666
2019-12-10 01:03:00+00:00,-13.202363
2019-12-10 01:04:00+00:00,-11.621718
2019-12-10 01:05:00+00:00,-10.532123
2019-12-10 01:06:00+00:00,-13.997246
2019-12-10 01:07:00+00:00,-16.028864
2019-12-10 01:08:00+00:00,-18.06263
2019-12-10 01:09:00+00:00,-17.094131
2019-12-10 01:10:00+00:00,-14.126763
2019-12-10 01:11:00+00:00,-13.01701
2019-12-10 01:12:00+00:00,-12.620125
2019-12-10 01:13:00+00:00,-9.9834
2019-12-10 01:14:00+00:00,-7.24865
2019-12-10 01:15:00+00:00,-7.280274
2019-12-10 01:16:00+00:00,-8.312683
2019-12-10 01:17:00+00:00,-11.344315
2019-12-10 01:18:00+00:00,-12.374467
2019-12-10 01:19:00+00:00,-14.40556
2019-12-10 01:20:00+00:00,-15.43611
2019-12-10 01:21:00+00:00,-16.467556
2019-12-10 01:22:00+00:00,-17.496954
2019-12-10 01:23:00+00:00,-18.525253
2019-12-10 01:24:00+00:00,-17.550972
2019-12-10 01:25:00+00:00,-15.575066
2019-12-10 01:26:00+00:00,-14.598488
2019-12-10 01:27:00+00:00,-15.623171
2019-12-10 01:28:00+00:00,-15.647631
2019-12-10 01:29:00+00:00,-15.669404
2019-12-10 01:30:00+00:00,-17.692863
2019-12-10 01:31:00+00:00,-16.715395
2019-12-10 01:32:00+00:00,-14.735209
2019-12-10 01:33:00+00:00,-11.754979
2019-12-10 01:34:00+00:00,-9.369816
2019-12-10 01:35:00+00:00,-9.02038
2019-12-10 01:36:00+00:00,-11.811545
2019-12-10 01:37:00+00:00,-11.82524
2019-12-10 01:38:00+00:00,-10.220675
2019-12-10 01:39:00+00:00,-11.700708
2019-12-10 01:40:00+00:00,-11.219407
2019-12-10 01:41:00+00:00,-10.903263
2019-12-10 01:42:00+00:00,-15.920502
2019-12-10 01:43:00+00:00,-21.934725
2019-12-10 01:44:00+00:00,-22.946907
2019-12-10 01:45:00+00:00,-20.959484
2019-12-10 01:46:00+00:00,-18.971674
2019-12-10 01:47:00+00:00,-19.984505
2019-12-10 01:48:00+00:00,-21.994789
2019-12-10 01:49:00+00:00,-24.004963
2019-12-10 01:50:00+00:00,-24.014046
2019-12-10 01:51:00+00:00,-24.024477
2019-12-10 01:52:00+00:00,-24.033319
2019-12-10 01:53:00+00:00,-21.040571
2019-12-10 01:54:00+00:00,-17.04818
2019-12-10 01:55:00+00:00,-20.681564
2019-12-10 01:56:00+00:00,-24.742605
2019-12-10 01:57:00+00:00,-26.808296
2019-12-10 01:58:00+00:00,-28.872795
2019-12-10 01:59:00+00:00,-30.941973
2019-12-10 02:00:00+00:00,-30.013891
2019-12-10 02:01:00+00:00,-31.090855
2019-12-10 02:02:00+00:00,-30.162611
2019-12-10 02:03:00+00:00,-27.237186
2019-12-10 02:04:00+00:00,-26.312599
2019-12-10 02:05:00+00:00,-26.390778
2019-12-10 02:06:00+00:00,-23.469746
2019-12-10 02:07:00+00:00,-23.55143
2019-12-10 02:08:00+00:00,-24.967442
2019-12-10 02:09:00+00:00,-22.709171
2019-12-10 02:10:00+00:00,-20.791039
2019-12-10 02:11:00+00:00,-19.871613
2019-12-10 02:12:00+00:00,-18.952826
2019-12-10 02:13:00+00:00,-23.525192
2019-12-10 02:14:00+00:00,-29.120756
2019-12-10 02:15:00+00:00,-15.201982
2019-12-10 02:16:00+00:00,-16.290302
2019-12-10 02:17:00+00:00,-16.374348
2019-12-10 02:18:00+00:00,-15.454972
2019-12-10 02:19:00+00:00,-11.539961
2019-12-10 02:20:00+00:00,-11.623429
2019-12-10 02:21:00+00:00,-11.707306
2019-12-10 02:22:00+00:00,-10.161844
2019-12-10 02:23:00+00:00,-10.872275
2019-12-10 02:24:00+00:00,-12.955272
2019-12-10 02:25:00+00:00,-12.038575
2019-12-10 02:26:00+00:00,-11.337875
2019-12-10 02:27:00+00:00,-12.188759
2019-12-10 02:28:00+00:00,-10.727069
2019-12-10 02:29:00+00:00,-14.753826
2019-12-10 02:30:00+00:00,-18.535021
2019-12-10 02:31:00+00:00,-22.569057
2019-12-10 02:32:00+00:00,-19.663862
2019-12-10 02:33:00+00:00,-19.957258
2019-12-10 02:34:00+00:00,-11.840712
2019-12-10 02:35:00+00:00,-12.823989
2019-12-10 02:36:00+00:00,-12.80808
2019-12-10 02:37:00+00:00,-11.791555
2019-12-10 02:38:00+00:00,-11.773473
2019-12-10 02:39:00+00:00,-11.452542
2019-12-10 02:40:00+00:00,-13.70153
2019-12-10 02:41:00+00:00,-15.308718
2019-12-10 02:42:00+00:00,-18.364578
2019-12-10 02:43:00+00:00,-14.767982
2019-12-10 02:44:00+00:00,-14.656689
2019-12-10 02:45:00+00:00,-17.636494
2019-12-10 02:46:00+00:00,-19.615185
2019-12-10 02:47:00+00:00,-21.595873
2019-12-17 00:00:00+00:00,-10.901456
2019-12-17 00:01:00+00:00,-10.872444
2019-12-17 00:02:00+00:00,-11.013395
2019-12-17 00:03:00+00:00,-11.17898
2019-12-17 00:04:00+00:00,-11.144619
2019-12-17 00:05:00+00:00,-11.021673
2019-12-17 00:06:00+00:00,-11.32775
2019-12-17 00:07:00+00:00,-11.433974
2019-12-17 00:08:00+00:00,-11.496628
2019-12-17 00:09:00+00:00,-11.511833
2019-12-17 00:10:00+00:00,-11.952279
2019-12-17 00:11:00+00:00,-11.526981
2019-12-17 00:12:00+00:00,-11.691047
2019-12-17 00:13:00+00:00,-12.057789
2019-12-17 00:14:00+00:00,-12.199504
2019-12-17 00:15:00+00:00,-12.219738
2019-12-17 00:16:00+00:00,-12.191372
2019-12-17 00:17:00+00:00,-12.078094
2019-12-17 00:18:00+00:00,-12.27507
2019-12-17 00:19:00+00:00,-12.340926
2019-12-17 00:20:00+00:00,-12.494441
2019-12-17 00:21:00+00:00,-12.526662
2019-12-17 00:22:00+00:00,-12.68176
2019-12-17 00:23:00+00:00,-12.451954
2019-12-17 00:24:00+00:00,-12.712276
2019-12-17 00:25:00+00:00,-12.437364
2019-12-17 00:26:00+00:00,-12.859671
2019-12-17 00:27:00+00:00,-12.926495
2019-12-17 00:28:00+00:00,-12.778491
2019-12-17 00:29:00+00:00,-12.991861
2019-12-17 00:30:00+00:00,-13.031481
2019-12-17 00:31:00+00:00,-12.870138
2019-12-17 00:32:00+00:00,-13.121796
2019-12-17 00:33:00+00:00,-12.578005
2019-12-17 00:34:00+00:00,-12.977087
2019-12-17 00:35:00+00:00,-13.043694
2019-12-17 00:36:00+00:00,-13.076691
2019-12-17 00:37:00+00:00,-13.320263
2019-12-17 00:38:00+00:00,-13.167027
2019-12-17 00:39:00+00:00,-13.081869
2019-12-17 00:40:00+00:00,-13.137094
2019-12-17 00:41:00+00:00,-13.276103
2019-12-17 00:42:00+00:00,-13.092687
2019-12-17 00:43:00+00:00,-13.372042
2019-12-17 00:44:00+00:00,-13.237257
2019-12-17 00:45:00+00:00,-13.186419
2019-12-17 00:46:00+00:00,-13.112373
2019-12-17 00:47:00+00:00,-13.112369
2019-12-17 00:48:00+00:00,-13.036279
2019-12-17 00:49:00+00:00,-13.276724
2019-12-17 00:50:00+00:00,-13.226321
2019-12-17 00:51:00+00:00,-13.105817
2019-12-17 00:52:00+00:00,-13.350798
2019-12-17 00:53:00+00:00,-13.305054
2019-12-17 00:54:00+00:00,-13.122925
2019-12-17 00:55:00+00:00,-13.435308
2019-12-17 00:56:00+00:00,-13.183653
2019-12-17 00:57:00+00:00,-13.321123
2019-12-17 00:58:00+00:00,-13.134871
2019-12-17 00:59:00+00:00,-13.394468
2019-12-17 01:00:00+00:00,-13.291361
2019-12-17 01:01:00+00:00,-13.331419
2019-12-17 01:02:00+00:00,-13.069853
2019-12-17 01:03:00+00:00,-13.016989
2019-12-17 01:04:00+00:00,-13.077187
2019-12-17 01:05:00+00:00,-12.770039
2019-12-17 01:06:00+00:00,-12.757715
2019-12-17 01:07:00+00:00,-12.768793
2019-12-17 01:08:00+00:00,-12.725209
2019-12-17 01:09:00+00:00,-12.804759
2019-12-17 01:10:00+00:00,-12.575863
2019-12-17 01:11:00+00:00,-12.587411
2019-12-17 01:12:00+00:00,-12.415636
2019-12-17 01:13:00+00:00,-12.707085
2019-12-17 01:14:00+00:00,-12.741114
2019-12-17 01:15:00+00:00,-12.679893
2019-12-17 01:16:00+00:00,-12.631493
2019-12-17 01:17:00+00:00,-12.65734
2019-12-17 01:18:00+00:00,-12.775627
2019-12-17 01:19:00+00:00,-12.898524
2019-12-17 01:20:00+00:00,-12.877655
2019-12-17 01:21:00+00:00,-12.994332
2019-12-17 01:22:00+00:00,-12.936115
2019-12-17 01:23:00+00:00,-13.158144
2019-12-17 01:24:00+00:00,-13.142902
2019-12-17 01:25:00+00:00,-13.187327
2019-12-17 01:26:00+00:00,-13.123509
2019-12-17 01:27:00+00:00,-13.27573
2019-12-17 01:28:00+00:00,-13.226082
2019-12-17 01:29:00+00:00,-13.082048
2019-12-17 01:30:00+00:00,-13.408143
2019-12-17 01:31:00+00:00,-13.445578
2019-12-17 01:32:00+00:00,-13.249612
2019-12-17 01:33:00+00:00,-13.434988
2019-12-17 01:34:00+00:00,-13.284953
2019-12-17 01:35:00+00:00,-13.447985
2019-12-17 01:36:00+00:00,-13.513972
2019-12-17 01:37:00+00:00,-13.297409
2019-12-17 01:38:00+00:00,-13.42334
2019-12-17 01:39:00+00:00,-13.483603
2019-12-17 01:40:00+00:00,-13.37668
2019-12-17 01:41:00+00:00,-13.358473
2019-12-17 01:42:00+00:00,-13.346993
2019-12-17 01:43:00+00:00,-13.201658
2019-12-17 01:44:00+00:00,-13.27212
2019-12-17 01:45:00+00:00,-13.134594
2019-12-17 01:46:00+00:00,-13.125223
2019-12-17 01:47:00+00:00,-13.196914
2019-12-17 01:48:00+00:00,-13.037311
2019-12-17 01:49:00+00:00,-13.1113
2019-12-17 01:50:00+00:00,-12.969705
2019-12-17 01:51:00+00:00,-12.9446
2019-12-17 01:52:00+00:00,-12.635637
2019-12-17 01:53:00+00:00,-12.802626
2019-12-17 01:54:00+00:00,-12.681936
2019-12-17 01:55:00+00:00,-12.91033
2019-12-17 01:56:00+00:00,-12.960506
2019-12-17 01:57:00+00:00,-12.873524
2019-12-17 01:58:00+00:00,-12.85841
2019-12-17 01:59:00+00:00,-12.645675
2019-12-17 02:00:00+00:00,-12.364269
2019-12-17 02:01:00+00:00,-12.327919
2019-12-17 02:02:00+00:00,-12.22711
2019-12-17 02:03:00+00:00,-12.010407
2019-12-17 02:04:00+00:00,-11.994213
2019-12-17 02:05:00+00:00,-11.905085
2019-12-17 02:06:00+00:00,-11.780125
2019-12-17 02:07:00+00:00,-11.590034
2019-12-17 02:08:00+00:00,-11.397305
2019-12-17 02:09:00+00:00,-11.31131
2019-12-17 02:10:00+00:00,-11.185557
2019-12-17 02:11:00+00:00,-11.063013
2019-12-17 02:12:00+00:00,-11.100706
2019-12-17 02:13:00+00:00,-11.692621
2019-12-17 02:14:00+00:00,-11.403831
2019-12-17 02:15:00+00:00,-14.553047
2019-12-17 02:16:00+00:00,-16.589882
2019-12-17 02:17:00+00:00,-17.623316
2019-12-17 02:18:00+00:00,-15.661224
2019-12-17 02:19:00+00:00,-11.294762
2019-12-17 02:20:00+00:00,-11.311401
2019-12-17 02:21:00+00:00,-13.900092
2019-12-17 02:22:00+00:00,-13.728656
2019-12-17 02:23:00+00:00,-11.454808
2019-12-17 02:24:00+00:00,-9.606313
2019-12-17 02:25:00+00:00,-9.727428
2019-12-17 02:26:00+00:00,-10.828342
2019-12-17 02:27:00+00:00,-13.181931
2019-12-17 02:28:00+00:00,-14.932117
2019-12-17 02:29:00+00:00,-15.673626
2019-12-17 02:30:00+00:00,-15.050007
2019-12-17 02:31:00+00:00,-14.422955
2019-12-17 02:32:00+00:00,-12.844994
2019-12-17 02:33:00+00:00,-13.095338
2019-12-17 02:34:00+00:00,-15.43406
2019-12-17 02:35:00+00:00,-17.080711
2019-12-17 02:36:00+00:00,-16.735458
2019-12-17 02:37:00+00:00,-15.747881
2019-12-17 02:38:00+00:00,-15.630643
2019-12-17 02:39:00+00:00,-16.520433
2019-12-17 02:40:00+00:00,-17.521717
2019-12-17 02:41:00+00:00,-17.857117
2019-12-17 02:42:00+00:00,-16.395746
2019-12-17 02:43:00+00:00,-17.146608
2019-12-17 02:44:00+00:00,-17.711573
2019-12-17 02:45:00+00:00,-18.770704
2019-12-17 02:46:00+00:00,-19.044474
2019-12-17 02:47:00+00:00,-18.354548
2019-12-24 00:00:00+00:00,-30.731178
2019-12-24 00:01:00+00:00,-62.071968
2019-12-24 00:02:00+00:00,-111.446381
2019-12-24 00:03:00+00:00,-107.282455
2019-12-24 00:04:00+00:00,-174.034103
2019-12-24 00:05:00+00:00,-224.818512
2019-12-24 00:06:00+00:00,-218.425735
2019-12-24 00:07:00+00:00,-201.644836
2019-12-24 00:08:00+00:00,-215.433823
2019-12-24 00:09:00+00:00,-215.656006
2019-12-24 00:10:00+00:00,-171.638519
2019-12-24 00:11:00+00:00,-167.405807
2019-12-24 00:12:00+00:00,-174.565292
2019-12-24 00:13:00+00:00,-132.033951
2019-12-24 00:14:00+00:00,-147.582336
2019-12-24 00:15:00+00:00,-188.561996
2019-12-24 00:16:00+00:00,-150.363037
2019-12-24 00:17:00+00:00,-98.933777
2019-12-24 00:18:00+00:00,-63.634102
2019-12-24 00:19:00+00:00,-62.75716
2019-12-24 00:20:00+00:00,-123.710411
2019-12-24 00:21:00+00:00,-176.279861
2019-12-24 00:22:00+00:00,-170.360718
2019-12-24 00:23:00+00:00,-236.475449
2019-12-24 00:24:00+00:00,-213.137756
2019-12-24 00:25:00+00:00,-174.255829
2019-12-24 00:26:00+00:00,-214.072861
2019-12-24 00:27:00+00:00,-165.364227
2019-12-24 00:28:00+00:00,-88.179756
2019-12-24 00:29:00+00:00,-130.541
2019-12-24 00:30:00+00:00,-169.297287
2019-12-24 00:31:00+00:00,-170.889587
2019-12-24 00:32:00+00:00,-231.267563
2019-12-24 00:33:00+00:00,-282.637024
2019-12-24 00:34:00+00:00,-265.974548
2019-12-24 00:35:00+00:00,-194.290878
2019-12-24 00:36:00+00:00,-176.900436
2019-12-24 00:37:00+00:00,-186.191422
2019-12-24 00:38:00+00:00,-231.662491
2019-12-24 00:39:00+00:00,-258.24353
2019-12-24 00:40:00+00:00,-211.546371
2019-12-24 00:41:00+00:00,-174.2108
2019-12-24 00:42:00+00:00,-176.18631
2019-12-24 00:43:00+00:00,-172.864288
2019-12-24 00:44:00+00:00,-171.04454
2019-12-24 00:45:00+00:00,-161.682159
2019-12-24 00:46:00+00:00,-152.999207
2019-12-24 00:47:00+00:00,-183.188309
2019-12-24 00:48:00+00:00,-197.879318
2019-12-24 00:49:00+00:00,-190.696442
2019-12-24 00:50:00+00:00,-227.141602
2019-12-24 00:51:00+00:00,-199.180618
2019-12-24 00:52:00+00:00,-199.566833
2019-12-24 00:53:00+00:00,-175.108887
2019-12-24 00:54:00+00:00,-123.470581
2019-12-24 00:55:00+00:00,-117.061783
2019-12-24 00:56:00+00:00,-118.546089
2019-12-24 00:57:00+00:00,-116.202827
2019-12-24 00:58:00+00:00,-105.087669
2019-12-24 00:59:00+00:00,-102.201614
2019-12-24 01:00:00+00:00,-96.02417
2019-12-24 01:01:00+00:00,-89.151711
2019-12-24 01:02:00+00:00,-88.547363
2019-12-24 01:03:00+00:00,-87.997086
2019-12-24 01:04:00+00:00,-83.341698
2019-12-24 01:05:00+00:00,-79.947433
2019-12-24 01:06:00+00:00,-75.508636
2019-12-24 01:07:00+00:00,-71.905197
2019-12-24 01:08:00+00:00,-72.855881
2019-12-24 01:09:00+00:00,-72.102875
2019-12-24 01:10:00+00:00,-69.657928
2019-12-24 01:11:00+00:00,-68.62748
2019-12-24 01:12:00+00:00,-67.343582
2019-12-24 01:13:00+00:00,-68.065033
2019-12-24 01:14:00+00:00,-64.067238
2019-12-24 01:15:00+00:00,-60.846291
2019-12-24 01:16:00+00:00,-58.23933
2019-12-24 01:17:00+00:00,-56.238178
2019-12-24 01:18:00+00:00,-53.336178
2019-12-24 01:19:00+00:00,-49.66518
2019-12-24 01:20:00+00:00,-45.178322
2019-12-24 01:21:00+00:00,-40.081665
2019-12-24 01:22:00+00:00,-35.961166
2019-12-24 01:23:00+00:00,-31.021904
2019-12-24 01:24:00+00:00,-28.167217
2019-12-24 01:25:00+00:00,-25.508444
2019-12-24 01:26:00+00:00,-20.286804
2019-12-24 01:27:00+00:00,-16.777702
2019-12-24 01:28:00+00:00,-12.859613
2019-12-24 01:29:00+00:00,-11.414765
2019-12-24 01:30:00+00:00,-11.474922
2019-12-24 01:31:00+00:00,-9.939487
2019-12-24 01:32:00+00:00,-8.953921
2019-12-24 01:33:00+00:00,-9.968247
2019-12-24 01:34:00+00:00,-9.982468
2019-12-24 01:35:00+00:00,-10.996582
2019-12-24 01:36:00+00:00,-10.010103
2019-12-24 01:37:00+00:00,-9.02352
2019-12-24 01:38:00+00:00,-9.037323
2019-12-24 01:39:00+00:00,-9.704218
2019-12-24 01:40:00+00:00,-7.064622
2019-12-24 01:41:00+00:00,-8.07812
2019-12-24 01:42:00+00:00,-9.09103
2019-12-24 01:43:00+00:00,-9.10384
2019-12-24 01:44:00+00:00,-9.11704
2019-12-24 01:45:00+00:00,-9.130142
2019-12-24 01:46:00+00:00,-10.142933
2019-12-24 01:47:00+00:00,-10.155836
2019-12-24 01:48:00+00:00,-10.168156
2019-12-24 01:49:00+00:00,-54.384926
2019-12-24 01:50:00+00:00,-47.244087
2019-12-24 01:51:00+00:00,-11.981234
2019-12-24 01:52:00+00:00,-23.518141
2019-12-24 01:53:00+00:00,-26.020893
2019-12-24 01:54:00+00:00,-33.239609
2019-12-24 01:55:00+00:00,-26.925735
2019-12-24 01:56:00+00:00,-20.661699
2019-12-24 01:57:00+00:00,-25.342934
2019-12-24 01:58:00+00:00,-20.925634
2019-12-24 01:59:00+00:00,-19.026478
2019-12-24 02:00:00+00:00,-11.730378
2019-12-24 02:01:00+00:00,-8.325986
2019-12-24 02:02:00+00:00,-8.337377
2019-12-24 02:03:00+00:00,-8.348105
2019-12-24 02:04:00+00:00,-8.359158
2019-12-24 02:05:00+00:00,-9.369569
2019-12-24 02:06:00+00:00,-9.379835
2019-12-24 02:07:00+00:00,-8.389481
2019-12-24 02:08:00+00:00,-8.39998
2019-12-24 02:09:00+00:00,-9.409876
2019-12-24 02:10:00+00:00,-9.421135
2019-12-24 02:11:00+00:00,-9.430837
2019-12-24 02:12:00+00:00,-10.529707
2019-12-24 02:13:00+00:00,-10.480987
2019-12-24 02:14:00+00:00,-8.460461
2019-12-24 02:15:00+00:00,-8.470381
2019-12-24 02:16:00+00:00,-9.480839
2019-12-24 02:17:00+00:00,-9.490194
2019-12-24 02:18:00+00:00,-9.542395
2019-12-24 02:19:00+00:00,-9.50983
2019-12-24 02:20:00+00:00,-10.151881
2019-12-24 02:21:00+00:00,-9.528974
2019-12-24 02:22:00+00:00,-9.063579
2019-12-24 02:23:00+00:00,-8.548196
2019-12-24 02:24:00+00:00,-8.557617
2019-12-24 02:25:00+00:00,-8.567089
2019-12-24 02:26:00+00:00,-8.576621
2019-12-24 02:27:00+00:00,-8.849782
2019-12-24 02:28:00+00:00,-9.810338
2019-12-24 02:29:00+00:00,-9.769871
2019-12-24 02:30:00+00:00,-9.729563
2019-12-24 02:31:00+00:00,-9.627965
2019-12-24 02:32:00+00:00,-9.638165
2019-12-24 02:33:00+00:00,-8.648733
2019-12-24 02:34:00+00:00,-8.658222
2019-12-24 02:35:00+00:00,-8.6686
2019-12-24 02:36:00+00:00,-7.678419
2019-12-24 02:37:00+00:00,-6.687695
2019-12-24 02:38:00+00:00,-8.417915
2019-12-24 02:39:00+00:00,-8.382677
2019-12-24 02:40:00+00:00,-8.347486
2019-12-24 02:41:00+00:00,-8.72506
2019-12-24 02:42:00+00:00,-8.735278
2019-12-24 02:43:00+00:00,-8.744561
2019-12-24 02:44:00+00:00,-11.524372
2019-12-24 02:45:00+00:00,-15.919205
2019-12-24 02:46:00+00:00,-13.041079
2019-12-24 02:47:00+00:00,-17.478041
2019-12-31 00:00:00+00:00,-13.228067
2019-12-31 00:01:00+00:00,-14.182008
2019-12-31 00:02:00+00:00,-14.137015
2019-12-31 00:03:00+00:00,-13.092392
2019-12-31 00:04:00+00:00,-11.047373
2019-12-31 00:05:00+00:00,-11.002169
2019-12-31 00:06:00+00:00,-9.957967
2019-12-31 00:07:00+00:00,-9.913514
2019-12-31 00:08:00+00:00,-9.868534
2019-12-31 00:09:00+00:00,-9.824458
2019-12-31 00:10:00+00:00,-9.781497
2019-12-31 00:11:00+00:00,-9.737422
2019-12-31 00:12:00+00:00,-9.691954
2019-12-31 00:13:00+00:00,-8.647747
2019-12-31 00:14:00+00:00,-8.602571
2019-12-31 00:15:00+00:00,-6.582897
2019-12-31 00:16:00+00:00,-5.868155
2019-12-31 00:17:00+00:00,-6.184855
2019-12-31 00:18:00+00:00,-6.323556
2019-12-31 00:19:00+00:00,-6.422856
2019-12-31 00:20:00+00:00,-6.331309
2019-12-31 00:21:00+00:00,-7.276814
2019-12-31 00:22:00+00:00,-7.22926
2019-12-31 00:23:00+00:00,-7.403916
2019-12-31 00:24:00+00:00,-8.446487
2019-12-31 00:25:00+00:00,-7.488366
2019-12-31 00:26:00+00:00,-7.530477
2019-12-31 00:27:00+00:00,-6.570814
2019-12-31 00:28:00+00:00,-6.610305
2019-12-31 00:29:00+00:00,-6.648899
2019-12-31 00:30:00+00:00,-6.183345
2019-12-31 00:31:00+00:00,-6.376154
2019-12-31 00:32:00+00:00,-6.780215
2019-12-31 00:33:00+00:00,-11.101569
2019-12-31 00:34:00+00:00,-10.268721
2019-12-31 00:35:00+00:00,-7.02773
2019-12-31 00:36:00+00:00,-8.898161
2019-12-31 00:37:00+00:00,-7.932019
2019-12-31 00:38:00+00:00,-6.96434
2019-12-31 00:39:00+00:00,-7.323318
2019-12-31 00:40:00+00:00,-9.268239
2019-12-31 00:41:00+00:00,-9.058181
2019-12-31 00:42:00+00:00,-8.089478
2019-12-31 00:43:00+00:00,-6.119358
2019-12-31 00:44:00+00:00,-6.148823
2019-12-31 00:45:00+00:00,-5.739532
2019-12-31 00:46:00+00:00,-6.788321
2019-12-31 00:47:00+00:00,-10.833292
2019-12-31 00:48:00+00:00,-13.880901
2019-12-31 00:49:00+00:00,-15.929165
2019-12-31 00:50:00+00:00,-19.978052
2019-12-31 00:51:00+00:00,-21.025578
2019-12-31 00:52:00+00:00,-24.071716
2019-12-31 00:53:00+00:00,-24.120338
2019-12-31 00:54:00+00:00,-21.167507
2019-12-31 00:55:00+00:00,-14.21515
2019-12-31 00:56:00+00:00,-6.30231
2019-12-31 00:57:00+00:00,-4.526761
2019-12-31 00:58:00+00:00,-5.133892
2019-12-31 00:59:00+00:00,-7.068983
2019-12-31 01:00:00+00:00,-7.000606
2019-12-31 01:01:00+00:00,-5.926847
2019-12-31 01:02:00+00:00,-4.855111
2019-12-31 01:03:00+00:00,-3.780778
2019-12-31 01:04:00+00:00,-2.913096
2019-12-31 01:05:00+00:00,-3.546658
2019-12-31 01:06:00+00:00,-3.918391
2019-12-31 01:07:00+00:00,-4.028329
2019-12-31 01:08:00+00:00,-3.86381
2019-12-31 01:09:00+00:00,-3.807743
2019-12-31 01:10:00+00:00,-3.829215
2019-12-31 01:11:00+00:00,-3.061734
2019-12-31 01:12:00+00:00,-3.491127
2019-12-31 01:13:00+00:00,-3.258534
2019-12-31 01:14:00+00:00,-2.81809
2019-12-31 01:15:00+00:00,-2.647369
2019-12-31 01:16:00+00:00,-2.855722
2019-12-31 01:17:00+00:00,-3.476457
2019-12-31 01:18:00+00:00,-3.448071
2019-12-31 01:19:00+00:00,-3.212004
2019-12-31 01:20:00+00:00,-3.265137
2019-12-31 01:21:00+00:00,-3.640396
2019-12-31 01:22:00+00:00,-4.017813
2019-12-31 01:23:00+00:00,-3.987487
2019-12-31 01:24:00+00:00,-4.130647
2019-12-31 01:25:00+00:00,-3.204715
2019-12-31 01:26:00+00:00,-3.400579
2019-12-31 01:27:00+00:00,-4.099966
2019-12-31 01:28:00+00:00,-5.472832
2019-12-31 01:29:00+00:00,-5.117843
2019-12-31 01:30:00+00:00,-5.263064
2019-12-31 01:31:00+00:00,-6.287958
2019-12-31 01:32:00+00:00,-5.310597
2019-12-31 01:33:00+00:00,-4.332304
2019-12-31 01:34:00+00:00,-3.30257
2019-12-31 01:35:00+00:00,-2.870842
2019-12-31 01:36:00+00:00,-3.222376
2019-12-31 01:37:00+00:00,-4.573058
2019-12-31 01:38:00+00:00,-5.022564
2019-12-31 01:39:00+00:00,-4.470082
2019-12-31 01:40:00+00:00,-5.131924
2019-12-31 01:41:00+00:00,-5.152174
2019-12-31 01:42:00+00:00,-4.904304
2019-12-31 01:43:00+00:00,-7.416599
2019-12-31 01:44:00+00:00,-7.731012
2019-12-31 01:45:00+00:00,-7.342359
2019-12-31 01:46:00+00:00,-6.593291
2019-12-31 01:47:00+00:00,-5.516971
2019-12-31 01:48:00+00:00,-5.678391
2019-12-31 01:49:00+00:00,-5.701226
2019-12-31 01:50:00+00:00,-7.708877
2019-12-31 01:51:00+00:00,-11.786091
2019-12-31 01:52:00+00:00,-11.859501
2019-12-31 01:53:00+00:00,-9.934939
2019-12-31 01:54:00+00:00,-7.008479
2019-12-31 01:55:00+00:00,-6.941835
2019-12-31 01:56:00+00:00,-4.407537
2019-12-31 01:57:00+00:00,-3.648542
2019-12-31 01:58:00+00:00,-4.298799
2019-12-31 01:59:00+00:00,-6.429723
2019-12-31 02:00:00+00:00,-7.950389
2019-12-31 02:01:00+00:00,-7.97466
2019-12-31 02:02:00+00:00,-7.997626
2019-12-31 02:03:00+00:00,-7.022914
2019-12-31 02:04:00+00:00,-5.047545
2019-12-31 02:05:00+00:00,-2.570712
2019-12-31 02:06:00+00:00,-2.587642
2019-12-31 02:07:00+00:00,-2.603856
2019-12-31 02:08:00+00:00,-2.053584
2019-12-31 02:09:00+00:00,-3.167877
2019-12-31 02:10:00+00:00,-6.193373
2019-12-31 02:11:00+00:00,-7.217862
2019-12-31 02:12:00+00:00,-6.242271
2019-12-31 02:13:00+00:00,-6.26655
2019-12-31 02:14:00+00:00,-5.290648
2019-12-31 02:15:00+00:00,-5.31354
2019-12-31 02:16:00+00:00,-5.338506
2019-12-31 02:17:00+00:00,-6.360767
2019-12-31 02:18:00+00:00,-6.383622
2019-12-31 02:19:00+00:00,-7.406044
2019-12-31 02:20:00+00:00,-5.427983
2019-12-31 02:21:00+00:00,-9.450367
2019-12-31 02:22:00+00:00,-10.471191
2019-12-31 02:23:00+00:00,-11.491383
2019-12-31 02:24:00+00:00,-13.510893
2019-12-31 02:25:00+00:00,-15.529671
2019-12-31 02:26:00+00:00,-15.548643
2019-12-31 02:27:00+00:00,-14.565807
2019-12-31 02:28:00+00:00,-13.581113
2019-12-31 02:29:00+00:00,-10.596463
2019-12-31 02:30:00+00:00,-9.610831
2019-12-31 02:31:00+00:00,-9.625511
2019-12-31 02:32:00+00:00,-8.640318
2019-12-31 02:33:00+00:00,-7.654059
2019-12-31 02:34:00+00:00,-7.667657
2019-12-31 02:35:00+00:00,-7.681055
2019-12-31 02:36:00+00:00,-7.694198
2019-12-31 02:37:00+00:00,-6.708008
2019-12-31 02:38:00+00:00,-7.311557
2019-12-31 02:39:00+00:00,-8.700028
2019-12-31 02:40:00+00:00,-8.051936
2019-12-31 02:41:00+00:00,-8.289182
2019-12-31 02:42:00+00:00,-10.764605
2019-12-31 02:43:00+00:00,-14.401614
2019-12-31 02:44:00+00:00,-21.763769
2019-12-31 02:45:00+00:00,-19.048231
2019-12-31 02:46:00+00:00,-17.538767
2019-12-31 02:47:00+00:00,-20.368166
