time,SML
2016-01-01 00:00:00+00:00,-552.259338
2016-01-01 00:01:00+00:00,-543.935974
2016-01-01 00:02:00+00:00,-655.954773
2016-01-01 00:03:00+00:00,-597.536743
2016-01-01 00:04:00+00:00,-684.077393
2016-01-01 00:05:00+00:00,-898.580444
2016-01-01 00:06:00+00:00,-947.057312
2016-01-01 00:07:00+00:00,-1068.741943
2016-01-01 00:08:00+00:00,-1136.084717
2016-01-01 00:09:00+00:00,-963.299255
2016-01-01 00:10:00+00:00,-1091.344727
2016-01-01 00:11:00+00:00,-1219.388672
2016-01-01 00:12:00+00:00,-1347.430542
2016-01-01 00:13:00+00:00,-1261.675659
2016-01-01 00:14:00+00:00,-1100.316895
2016-01-01 00:15:00+00:00,-1075.880981
2016-01-01 00:16:00+00:00,-1014.246704
2016-01-01 00:17:00+00:00,-1010.198364
2016-01-01 00:18:00+00:00,-1114.653687
2016-01-01 00:19:00+00:00,-1157.437012
2016-01-01 00:20:00+00:00,-1089.261597
2016-01-01 00:21:00+00:00,-1051.200317
2016-01-01 00:22:00+00:00,-1221.981323
2016-01-01 00:23:00+00:00,-1258.909912
2016-01-01 00:24:00+00:00,-1260.196777
2016-01-01 00:25:00+00:00,-1080.26062
2016-01-01 00:26:00+00:00,-883.970703
2016-01-01 00:27:00+00:00,-1101.168213
2016-01-01 00:28:00+00:00,-1185.270386
2016-01-01 00:29:00+00:00,-807.000183
2016-01-01 00:30:00+00:00,-621.54425
2016-01-01 00:31:00+00:00,-618.112427
2016-01-01 00:32:00+00:00,-584.223022
2016-01-01 00:33:00+00:00,-669.573425
2016-01-01 00:34:00+00:00,-739.337463
2016-01-01 00:35:00+00:00,-759.929626
2016-01-01 00:36:00+00:00,-772.985229
2016-01-01 00:37:00+00:00,-779.242981
2016-01-01 00:38:00+00:00,-743.675293
2016-01-01 00:39:00+00:00,-679.145142
2016-01-01 00:40:00+00:00,-755.692688
2016-01-01 00:41:00+00:00,-802.123169
2016-01-01 00:42:00+00:00,-761.873108
2016-01-01 00:43:00+00:00,-858.817932
2016-01-01 00:44:00+00:00,-835.449402
2016-01-01 00:45:00+00:00,-867.62146
2016-01-01 00:46:00+00:00,-492.282562
2016-01-01 00:47:00+00:00,-478.784515
2016-01-01 00:48:00+00:00,-596.592468
2016-01-01 00:49:00+00:00,-659.037354
2016-01-01 00:50:00+00:00,-910.803894
2016-01-01 00:51:00+00:00,-805.431946
2016-01-01 00:52:00+00:00,-570.261292
2016-01-01 00:53:00+00:00,-876.131409
2016-01-01 00:54:00+00:00,-997.35376
2016-01-01 00:55:00+00:00,-1119.314575
2016-01-01 00:56:00+00:00,-1151.287231
2016-01-01 00:57:00+00:00,-1087.364624
2016-01-01 00:58:00+00:00,-932.178589
2016-01-01 00:59:00+00:00,-780.694397
2016-01-01 01:00:00+00:00,-758.567322
2016-01-01 01:01:00+00:00,-777.897583
2016-01-01 01:02:00+00:00,-833.144409
2016-01-01 01:03:00+00:00,-904.806885
2016-01-01 01:04:00+00:00,-879.067139
2016-01-01 01:05:00+00:00,-831.247925
2016-01-01 01:06:00+00:00,-825.451782
2016-01-01 01:07:00+00:00,-807.285217
2016-01-01 01:08:00+00:00,-747.305359
2016-01-01 01:09:00+00:00,-695.642517
2016-01-01 01:10:00+00:00,-640.128784
2016-01-01 01:11:00+00:00,-666.946167
2016-01-01 01:12:00+00:00,-696.953125
2016-01-01 01:13:00+00:00,-736.96875
2016-01-01 01:14:00+00:00,-739.986084
2016-01-01 01:15:00+00:00,-673.989685
2016-01-01 01:16:00+00:00,-616.00885
2016-01-01 01:17:00+00:00,-548.020996
2016-01-01 01:18:00+00:00,-528.752563
2016-01-01 01:19:00+00:00,-538.095154
2016-01-01 01:20:00+00:00,-568.597107
2016-01-01 01:21:00+00:00,-606.94873
2016-01-01 01:22:00+00:00,-646.271179
2016-01-01 01:23:00+00:00,-677.077087
2016-01-01 01:24:00+00:00,-682.972961
2016-01-01 01:25:00+00:00,-624.654053
2016-01-01 01:26:00+00:00,-599.437744
2016-01-01 01:27:00+00:00,-628.587708
2016-01-01 01:28:00+00:00,-674.28656
2016-01-01 01:29:00+00:00,-661.323303
2016-01-01 01:30:00+00:00,-611.876709
2016-01-01 01:31:00+00:00,-674.284729
2016-01-01 01:32:00+00:00,-689.017517
2016-01-01 01:33:00+00:00,-679.290466
2016-01-01 01:34:00+00:00,-673.814148
2016-01-01 01:35:00+00:00,-680.356506
2016-01-01 01:36:00+00:00,-693.883362
2016-01-01 01:37:00+00:00,-588.670105
2016-01-01 01:38:00+00:00,-628.957031
2016-01-01 01:39:00+00:00,-729.336853
2016-01-01 01:40:00+00:00,-785.279236
2016-01-01 01:41:00+00:00,-743.965942
2016-01-01 01:42:00+00:00,-662.177246
2016-01-01 01:43:00+00:00,-643.072021
2016-01-01 01:44:00+00:00,-648.921631
2016-01-01 01:45:00+00:00,-679.680542
2016-01-01 01:46:00+00:00,-713.367432
2016-01-01 01:47:00+00:00,-722.456787
2016-01-01 01:48:00+00:00,-746.44281
2016-01-01 01:49:00+00:00,-767.351807
2016-01-01 01:50:00+00:00,-798.5354
2016-01-01 01:51:00+00:00,-803.557922
2016-01-01 01:52:00+00:00,-823.854065
2016-01-01 01:53:00+00:00,-807.699219
2016-01-01 01:54:00+00:00,-778.736755
2016-01-01 01:55:00+00:00,-764.375061
2016-01-01 01:56:00+00:00,-752.059326
2016-01-01 01:57:00+00:00,-744.068909
2016-01-01 01:58:00+00:00,-739.20752
2016-01-01 01:59:00+00:00,-717.266113
2016-01-01 02:00:00+00:00,-655.46637
2016-01-01 02:01:00+00:00,-625.678772
2016-01-01 02:02:00+00:00,-620.547729
2016-01-01 02:03:00+00:00,-612.559387
2016-01-01 02:04:00+00:00,-574.659058
2016-01-01 02:05:00+00:00,-567.738403
2016-01-01 02:06:00+00:00,-578.707092
2016-01-01 02:07:00+00:00,-617.797058
2016-01-01 02:08:00+00:00,-583.7052
2016-01-01 02:09:00+00:00,-570.797241
2016-01-01 02:10:00+00:00,-566.885681
2016-01-01 02:11:00+00:00,-560.030701
2016-01-01 02:12:00+00:00,-558.272766
2016-01-01 02:13:00+00:00,-560.448425
2016-01-01 02:14:00+00:00,-536.212891
2016-01-01 02:15:00+00:00,-491.987671
2016-01-01 02:16:00+00:00,-518.010254
2016-01-01 02:17:00+00:00,-515.028992
2016-01-01 02:18:00+00:00,-491.047791
2016-01-01 02:19:00+00:00,-476.071564
2016-01-01 02:20:00+00:00,-467.091522
2016-01-01 02:21:00+00:00,-468.111542
2016-01-01 02:22:00+00:00,-461.12677
2016-01-01 02:23:00+00:00,-446.552063
2016-01-01 02:24:00+00:00,-471.591827
2016-01-01 02:25:00+00:00,-508.777313
2016-01-01 02:26:00+00:00,-541.139709
2016-01-01 02:27:00+00:00,-561.890991
2016-01-01 02:28:00+00:00,-591.509521
2016-01-01 02:29:00+00:00,-592.60675
2016-01-01 02:30:00+00:00,-632.55658
2016-01-01 02:31:00+00:00,-626.103455
2016-01-01 02:32:00+00:00,-593.137146
2016-01-01 02:33:00+00:00,-565.178223
2016-01-01 02:34:00+00:00,-563.302734
2016-01-01 02:35:00+00:00,-563.481384
2016-01-01 02:36:00+00:00,-593.659546
2016-01-01 02:37:00+00:00,-587.065613
2016-01-01 02:38:00+00:00,-581.912537
2016-01-01 02:39:00+00:00,-584.743591
2016-01-01 02:40:00+00:00,-604.252686
2016-01-01 02:41:00+00:00,-617.464539
2016-01-01 02:42:00+00:00,-688.276367
2016-01-01 02:43:00+00:00,-696.914734
2016-01-01 02:44:00+00:00,-717.623291
2016-01-01 02:45:00+00:00,-750.017151
2016-01-01 02:46:00+00:00,-786.574097
2016-01-01 02:47:00+00:00,-800.66095
2016-01-08 00:00:00+00:00,-80.153702
2016-01-08 00:01:00+00:00,-82.163857
2016-01-08 00:02:00+00:00,-75.259048
2016-01-08 00:03:00+00:00,-63.366032
2016-01-08 00:04:00+00:00,-54.643745
2016-01-08 00:05:00+00:00,-50.820164
2016-01-08 00:06:00+00:00,-46.856304
2016-01-08 00:07:00+00:00,-52.89286
2016-01-08 00:08:00+00:00,-65.919189
2016-01-08 00:09:00+00:00,-77.38504
2016-01-08 00:10:00+00:00,-73.672821
2016-01-08 00:11:00+00:00,-81.745949
2016-01-08 00:12:00+00:00,-81.220367
2016-01-08 00:13:00+00:00,-75.96344
2016-01-08 00:14:00+00:00,-75.808296
2016-01-08 00:15:00+00:00,-73.867905
2016-01-08 00:16:00+00:00,-76.097473
2016-01-08 00:17:00+00:00,-76.218674
2016-01-08 00:18:00+00:00,-73.567177
2016-01-08 00:19:00+00:00,-72.849472
2016-01-08 00:20:00+00:00,-70.385223
2016-01-08 00:21:00+00:00,-88.499641
2016-01-08 00:22:00+00:00,-112.423271
2016-01-08 00:23:00+00:00,-114.29969
2016-01-08 00:24:00+00:00,-118.825226
2016-01-08 00:25:00+00:00,-120.833916
2016-01-08 00:26:00+00:00,-102.999611
2016-01-08 00:27:00+00:00,-87.175888
2016-01-08 00:28:00+00:00,-77.659637
2016-01-08 00:29:00+00:00,-72.867912
2016-01-08 00:30:00+00:00,-78.843719
2016-01-08 00:31:00+00:00,-91.717682
2016-01-08 00:32:00+00:00,-99.184875
2016-01-08 00:33:00+00:00,-98.259964
2016-01-08 00:34:00+00:00,-90.92244
2016-01-08 00:35:00+00:00,-80.80513
2016-01-08 00:36:00+00:00,-72.255714
2016-01-08 00:37:00+00:00,-67.925552
2016-01-08 00:38:00+00:00,-65.830299
2016-01-08 00:39:00+00:00,-62.874249
2016-01-08 00:40:00+00:00,-57.096485
2016-01-08 00:41:00+00:00,-53.005806
2016-01-08 00:42:00+00:00,-49.533859
2016-01-08 00:43:00+00:00,-49.091797
2016-01-08 00:44:00+00:00,-48.832962
2016-01-08 00:45:00+00:00,-48.249527
2016-01-08 00:46:00+00:00,-49.300503
2016-01-08 00:47:00+00:00,-51.33453
2016-01-08 00:48:00+00:00,-56.714905
2016-01-08 00:49:00+00:00,-53.409409
2016-01-08 00:50:00+00:00,-48.245209
2016-01-08 00:51:00+00:00,-48.735027
2016-01-08 00:52:00+00:00,-50.397388
2016-01-08 00:53:00+00:00,-56.693268
2016-01-08 00:54:00+00:00,-59.833607
2016-01-08 00:55:00+00:00,-63.142643
2016-01-08 00:56:00+00:00,-67.44265
2016-01-08 00:57:00+00:00,-70.962158
2016-01-08 00:58:00+00:00,-74.427742
2016-01-08 00:59:00+00:00,-70.470299
2016-01-08 01:00:00+00:00,-61.52533
2016-01-08 01:01:00+00:00,-54.637852
2016-01-08 01:02:00+00:00,-49.953426
2016-01-08 01:03:00+00:00,-52.128273
2016-01-08 01:04:00+00:00,-55.669205
2016-01-08 01:05:00+00:00,-58.292019
2016-01-08 01:06:00+00:00,-55.129547
2016-01-08 01:07:00+00:00,-48.949249
2016-01-08 01:08:00+00:00,-43.229668
2016-01-08 01:09:00+00:00,-39.045971
2016-01-08 01:10:00+00:00,-38.152039
2016-01-08 01:11:00+00:00,-36.077148
2016-01-08 01:12:00+00:00,-34.066383
2016-01-08 01:13:00+00:00,-36.019455
2016-01-08 01:14:00+00:00,-37.243301
2016-01-08 01:15:00+00:00,-29.894093
2016-01-08 01:16:00+00:00,-26.605181
2016-01-08 01:17:00+00:00,-30.450508
2016-01-08 01:18:00+00:00,-32.162926
2016-01-08 01:19:00+00:00,-36.316288
2016-01-08 01:20:00+00:00,-35.446472
2016-01-08 01:21:00+00:00,-35.746178
2016-01-08 01:22:00+00:00,-35.075455
2016-01-08 01:23:00+00:00,-31.952032
2016-01-08 01:24:00+00:00,-31.769266
2016-01-08 01:25:00+00:00,-35.87154
2016-01-08 01:26:00+00:00,-46.958527
2016-01-08 01:27:00+00:00,-45.922657
2016-01-08 01:28:00+00:00,-50.492706
2016-01-08 01:29:00+00:00,-50.842728
2016-01-08 01:30:00+00:00,-53.926537
2016-01-08 01:31:00+00:00,-65.870758
2016-01-08 01:32:00+00:00,-69.665588
2016-01-08 01:33:00+00:00,-69.8022
2016-01-08 01:34:00+00:00,-74.128952
2016-01-08 01:35:00+00:00,-67.565834
2016-01-08 01:36:00+00:00,-65.838707
2016-01-08 01:37:00+00:00,-60.074837
2016-01-08 01:38:00+00:00,-57.591789
2016-01-08 01:39:00+00:00,-65.08577
2016-01-08 01:40:00+00:00,-72.636757
2016-01-08 01:41:00+00:00,-83.441933
2016-01-08 01:42:00+00:00,-99.28344
2016-01-08 01:43:00+00:00,-91.25396
2016-01-08 01:44:00+00:00,-80.80661
2016-01-08 01:45:00+00:00,-71.907936
2016-01-08 01:46:00+00:00,-67.065544
2016-01-08 01:47:00+00:00,-65.283684
2016-01-08 01:48:00+00:00,-63.857651
2016-01-08 01:49:00+00:00,-54.355762
2016-01-08 01:50:00+00:00,-53.129539
2016-01-08 01:51:00+00:00,-53.86747
2016-01-08 01:52:00+00:00,-54.675865
2016-01-08 01:53:00+00:00,-50.134953
2016-01-08 01:54:00+00:00,-43.576393
2016-01-08 01:55:00+00:00,-41.808388
2016-01-08 01:56:00+00:00,-45.917244
2016-01-08 01:57:00+00:00,-49.775795
2016-01-08 01:58:00+00:00,-52.50713
2016-01-08 01:59:00+00:00,-53.540031
2016-01-08 02:00:00+00:00,-55.020969
2016-01-08 02:01:00+00:00,-54.404686
2016-01-08 02:02:00+00:00,-52.096107
2016-01-08 02:03:00+00:00,-47.322807
2016-01-08 02:04:00+00:00,-44.550636
2016-01-08 02:05:00+00:00,-44.537811
2016-01-08 02:06:00+00:00,-43.307415
2016-01-08 02:07:00+00:00,-43.01767
2016-01-08 02:08:00+00:00,-46.818047
2016-01-08 02:09:00+00:00,-47.631386
2016-01-08 02:10:00+00:00,-44.362938
2016-01-08 02:11:00+00:00,-40.737286
2016-01-08 02:12:00+00:00,-39.779804
2016-01-08 02:13:00+00:00,-40.391838
2016-01-08 02:14:00+00:00,-42.524628
2016-01-08 02:15:00+00:00,-40.610592
2016-01-08 02:16:00+00:00,-38.854874
2016-01-08 02:17:00+00:00,-37.224251
2016-01-08 02:18:00+00:00,-30.752878
2016-01-08 02:19:00+00:00,-28.846991
2016-01-08 02:20:00+00:00,-31.49094
2016-01-08 02:21:00+00:00,-33.189678
2016-01-08 02:22:00+00:00,-33.064095
2016-01-08 02:23:00+00:00,-33.56934
2016-01-08 02:24:00+00:00,-38.575508
2016-01-08 02:25:00+00:00,-37.200745
2016-01-08 02:26:00+00:00,-33.51339
2016-01-08 02:27:00+00:00,-30.295641
2016-01-08 02:28:00+00:00,-27.823851
2016-01-08 02:29:00+00:00,-26.603947
2016-01-08 02:30:00+00:00,-29.920881
2016-01-08 02:31:00+00:00,-35.610847
2016-01-08 02:32:00+00:00,-36.166199
2016-01-08 02:33:00+00:00,-30.302738
2016-01-08 02:34:00+00:00,-29.646429
2016-01-08 02:35:00+00:00,-28.198231
2016-01-08 02:36:00+00:00,-34.228729
2016-01-08 02:37:00+00:00,-39.768974
2016-01-08 02:38:00+00:00,-39.61982
2016-01-08 02:39:00+00:00,-35.91993
2016-01-08 02:40:00+00:00,-39.096912
2016-01-08 02:41:00+00:00,-55.009113
2016-01-08 02:42:00+00:00,-79.61319
2016-01-08 02:43:00+00:00,-97.601578
2016-01-08 02:44:00+00:00,-90.405754
2016-01-08 02:45:00+00:00,-87.034981
2016-01-08 02:46:00+00:00,-90.309395
2016-01-08 02:47:00+00:00,-89.042542
2016-01-15 00:00:00+00:00,-22.606888
2016-01-15 00:01:00+00:00,-23.640726
2016-01-15 00:02:00+00:00,-24.675434
2016-01-15 00:03:00+00:00,-25.708084
2016-01-15 00:04:00+00:00,-25.740627
2016-01-15 00:05:00+00:00,-26.773067
2016-01-15 00:06:00+00:00,-27.805408
2016-01-15 00:07:00+00:00,-29.837646
2016-01-15 00:08:00+00:00,-30.869787
2016-01-15 00:09:00+00:00,-31.901829
2016-01-15 00:10:00+00:00,-32.933777
2016-01-15 00:11:00+00:00,-32.96563
2016-01-15 00:12:00+00:00,-32.997387
2016-01-15 00:13:00+00:00,-34.291767
2016-01-15 00:14:00+00:00,-34.060631
2016-01-15 00:15:00+00:00,-33.091259
2016-01-15 00:16:00+00:00,-33.310635
2016-01-15 00:17:00+00:00,-43.314907
2016-01-15 00:18:00+00:00,-43.318771
2016-01-15 00:19:00+00:00,-33.2183
2016-01-15 00:20:00+00:00,-32.248386
2016-01-15 00:21:00+00:00,-32.342224
2016-01-15 00:22:00+00:00,-34.347538
2016-01-15 00:23:00+00:00,-33.551056
2016-01-15 00:24:00+00:00,-29.370872
2016-01-15 00:25:00+00:00,-28.401546
2016-01-15 00:26:00+00:00,-35.773857
2016-01-15 00:27:00+00:00,-38.265568
2016-01-15 00:28:00+00:00,-35.350868
2016-01-15 00:29:00+00:00,-29.017094
2016-01-15 00:30:00+00:00,-31.72418
2016-01-15 00:31:00+00:00,-38.935463
2016-01-15 00:32:00+00:00,-46.764458
2016-01-15 00:33:00+00:00,-52.0256
2016-01-15 00:34:00+00:00,-56.935677
2016-01-15 00:35:00+00:00,-55.960491
2016-01-15 00:36:00+00:00,-52.790459
2016-01-15 00:37:00+00:00,-54.881618
2016-01-15 00:38:00+00:00,-55.700752
2016-01-15 00:39:00+00:00,-50.562305
2016-01-15 00:40:00+00:00,-47.463322
2016-01-15 00:41:00+00:00,-48.727039
2016-01-15 00:42:00+00:00,-51.356365
2016-01-15 00:43:00+00:00,-35.99094
2016-01-15 00:44:00+00:00,-28.060431
2016-01-15 00:45:00+00:00,-25.301245
2016-01-15 00:46:00+00:00,-24.816467
2016-01-15 00:47:00+00:00,-23.282581
2016-01-15 00:48:00+00:00,-22.077633
2016-01-15 00:49:00+00:00,-22.106436
2016-01-15 00:50:00+00:00,-22.135155
2016-01-15 00:51:00+00:00,-22.163788
2016-01-15 00:52:00+00:00,-22.193316
2016-01-15 00:53:00+00:00,-22.221781
2016-01-15 00:54:00+00:00,-23.25016
2016-01-15 00:55:00+00:00,-25.795908
2016-01-15 00:56:00+00:00,-28.140099
2016-01-15 00:57:00+00:00,-29.663876
2016-01-15 00:58:00+00:00,-26.60358
2016-01-15 00:59:00+00:00,-28.390776
2016-01-15 01:00:00+00:00,-28.419718
2016-01-15 01:01:00+00:00,-29.446533
2016-01-15 01:02:00+00:00,-30.474268
2016-01-15 01:03:00+00:00,-31.501945
2016-01-15 01:04:00+00:00,-32.52956
2016-01-15 01:05:00+00:00,-32.558083
2016-01-15 01:06:00+00:00,-31.585564
2016-01-15 01:07:00+00:00,-32.612972
2016-01-15 01:08:00+00:00,-32.639328
2016-01-15 01:09:00+00:00,-32.666584
2016-01-15 01:10:00+00:00,-34.69376
2016-01-15 01:11:00+00:00,-33.722801
2016-01-15 01:12:00+00:00,-32.749805
2016-01-15 01:13:00+00:00,-32.776718
2016-01-15 01:14:00+00:00,-33.801586
2016-01-15 01:15:00+00:00,-34.828407
2016-01-15 01:16:00+00:00,-34.85503
2016-01-15 01:17:00+00:00,-33.881554
2016-01-15 01:18:00+00:00,-33.90797
2016-01-15 01:19:00+00:00,-34.934277
2016-01-15 01:20:00+00:00,-34.960472
2016-01-15 01:21:00+00:00,-36.985577
2016-01-15 01:22:00+00:00,-38.011539
2016-01-15 01:23:00+00:00,-38.03738
2016-01-15 01:24:00+00:00,-38.062119
2016-01-15 01:25:00+00:00,-37.919914
2016-01-15 01:26:00+00:00,-41.666943
2016-01-15 01:27:00+00:00,-37.416538
2016-01-15 01:28:00+00:00,-41.008541
2016-01-15 01:29:00+00:00,-40.438053
2016-01-15 01:30:00+00:00,-39.499855
2016-01-15 01:31:00+00:00,-50.34943
2016-01-15 01:32:00+00:00,-49.837181
2016-01-15 01:33:00+00:00,-51.311169
2016-01-15 01:34:00+00:00,-60.558949
2016-01-15 01:35:00+00:00,-71.611938
2016-01-15 01:36:00+00:00,-86.748421
2016-01-15 01:37:00+00:00,-96.175392
2016-01-15 01:38:00+00:00,-98.101509
2016-01-15 01:39:00+00:00,-103.733849
2016-01-15 01:40:00+00:00,-100.119278
2016-01-15 01:41:00+00:00,-134.141037
2016-01-15 01:42:00+00:00,-118.018005
2016-01-15 01:43:00+00:00,-120.23275
2016-01-15 01:44:00+00:00,-119.162224
2016-01-15 01:45:00+00:00,-116.384506
2016-01-15 01:46:00+00:00,-102.913101
2016-01-15 01:47:00+00:00,-106.065041
2016-01-15 01:48:00+00:00,-109.211182
2016-01-15 01:49:00+00:00,-103.877838
2016-01-15 01:50:00+00:00,-105.613792
2016-01-15 01:51:00+00:00,-106.656319
2016-01-15 01:52:00+00:00,-106.317856
2016-01-15 01:53:00+00:00,-105.061256
2016-01-15 01:54:00+00:00,-104.703865
2016-01-15 01:55:00+00:00,-107.117699
2016-01-15 01:56:00+00:00,-100.035141
2016-01-15 01:57:00+00:00,-96.596771
2016-01-15 01:58:00+00:00,-98.076958
2016-01-15 01:59:00+00:00,-95.128983
2016-01-15 02:00:00+00:00,-89.891685
2016-01-15 02:01:00+00:00,-85.884506
2016-01-15 02:02:00+00:00,-87.030861
2016-01-15 02:03:00+00:00,-85.024078
2016-01-15 02:04:00+00:00,-87.160027
2016-01-15 02:05:00+00:00,-85.223831
2016-01-15 02:06:00+00:00,-83.829849
2016-01-15 02:07:00+00:00,-82.370537
2016-01-15 02:08:00+00:00,-93.696671
2016-01-15 02:09:00+00:00,-123.178375
2016-01-15 02:10:00+00:00,-127.408432
2016-01-15 02:11:00+00:00,-126.676872
2016-01-15 02:12:00+00:00,-150.511063
2016-01-15 02:13:00+00:00,-135.519409
2016-01-15 02:14:00+00:00,-100.35424
2016-01-15 02:15:00+00:00,-105.870102
2016-01-15 02:16:00+00:00,-129.133331
2016-01-15 02:17:00+00:00,-148.436951
2016-01-15 02:18:00+00:00,-151.897171
2016-01-15 02:19:00+00:00,-127.97982
2016-01-15 02:20:00+00:00,-118.898766
2016-01-15 02:21:00+00:00,-109.371788
2016-01-15 02:22:00+00:00,-135.197723
2016-01-15 02:23:00+00:00,-151.882431
2016-01-15 02:24:00+00:00,-123.088997
2016-01-15 02:25:00+00:00,-100.608467
2016-01-15 02:26:00+00:00,-96.900787
2016-01-15 02:27:00+00:00,-101.175934
2016-01-15 02:28:00+00:00,-119.513985
2016-01-15 02:29:00+00:00,-129.93132
2016-01-15 02:30:00+00:00,-155.404984
2016-01-15 02:31:00+00:00,-176.295303
2016-01-15 02:32:00+00:00,-170.457916
2016-01-15 02:33:00+00:00,-133.594986
2016-01-15 02:34:00+00:00,-99.708427
2016-01-15 02:35:00+00:00,-123.779686
2016-01-15 02:36:00+00:00,-143.783905
2016-01-15 02:37:00+00:00,-159.121353
2016-01-15 02:38:00+00:00,-161.668137
2016-01-15 02:39:00+00:00,-161.762161
2016-01-15 02:40:00+00:00,-162.902451
2016-01-15 02:41:00+00:00,-185.952271
2016-01-15 02:42:00+00:00,-168.261261
2016-01-15 02:43:00+00:00,-146.171204
2016-01-15 02:44:00+00:00,-147.867264
2016-01-15 02:45:00+00:00,-150.939926
2016-01-15 02:46:00+00:00,-161.001373
2016-01-15 02:47:00+00:00,-160.153305
2016-01-22 00:00:00+00:00,-189.087372
2016-01-22 00:01:00+00:00,-194.915695
2016-01-22 00:02:00+00:00,-202.304276
2016-01-22 00:03:00+00:00,-207.592667
2016-01-22 00:04:00+00:00,-205.648087
2016-01-22 00:05:00+00:00,-210.700104
2016-01-22 00:06:00+00:00,-233.069229
2016-01-22 00:07:00+00:00,-194.804871
2016-01-22 00:08:00+00:00,-200.706863
2016-01-22 00:09:00+00:00,-198.90538
2016-01-22 00:10:00+00:00,-208.217361
2016-01-22 00:11:00+00:00,-204.209915
2016-01-22 00:12:00+00:00,-226.876907
2016-01-22 00:13:00+00:00,-228.721786
2016-01-22 00:14:00+00:00,-224.615021
2016-01-22 00:15:00+00:00,-226.256363
2016-01-22 00:16:00+00:00,-239.32547
2016-01-22 00:17:00+00:00,-222.907288
2016-01-22 00:18:00+00:00,-225.765442
2016-01-22 00:19:00+00:00,-224.587921
2016-01-22 00:20:00+00:00,-196.848801
2016-01-22 00:21:00+00:00,-203.317291
2016-01-22 00:22:00+00:00,-198.645691
2016-01-22 00:23:00+00:00,-203.457932
2016-01-22 00:24:00+00:00,-204.328247
2016-01-22 00:25:00+00:00,-216.32692
2016-01-22 00:26:00+00:00,-241.322906
2016-01-22 00:27:00+00:00,-256.319214
2016-01-22 00:28:00+00:00,-278.316864
2016-01-22 00:29:00+00:00,-290.320801
2016-01-22 00:30:00+00:00,-267.34375
2016-01-22 00:31:00+00:00,-250.365845
2016-01-22 00:32:00+00:00,-260.375946
2016-01-22 00:33:00+00:00,-273.389679
2016-01-22 00:34:00+00:00,-274.406097
2016-01-22 00:35:00+00:00,-242.435028
2016-01-22 00:36:00+00:00,-217.462814
2016-01-22 00:37:00+00:00,-210.48555
2016-01-22 00:38:00+00:00,-211.504257
2016-01-22 00:39:00+00:00,-214.521881
2016-01-22 00:40:00+00:00,-224.535538
2016-01-22 00:41:00+00:00,-226.555969
2016-01-22 00:42:00+00:00,-221.578339
2016-01-22 00:43:00+00:00,-221.59787
2016-01-22 00:44:00+00:00,-222.620285
2016-01-22 00:45:00+00:00,-222.645676
2016-01-22 00:46:00+00:00,-228.672134
2016-01-22 00:47:00+00:00,-234.70163
2016-01-22 00:48:00+00:00,-237.729324
2016-01-22 00:49:00+00:00,-242.757156
2016-01-22 00:50:00+00:00,-245.370346
2016-01-22 00:51:00+00:00,-251.83786
2016-01-22 00:52:00+00:00,-257.886932
2016-01-22 00:53:00+00:00,-254.747696
2016-01-22 00:54:00+00:00,-254.134979
2016-01-22 00:55:00+00:00,-261.525391
2016-01-22 00:56:00+00:00,-275.772552
2016-01-22 00:57:00+00:00,-296.851105
2016-01-22 00:58:00+00:00,-286.849091
2016-01-22 00:59:00+00:00,-251.278107
2016-01-22 01:00:00+00:00,-240.183228
2016-01-22 01:01:00+00:00,-245.800812
2016-01-22 01:02:00+00:00,-289.507568
2016-01-22 01:03:00+00:00,-332.972565
2016-01-22 01:04:00+00:00,-353.791351
2016-01-22 01:05:00+00:00,-346.848755
2016-01-22 01:06:00+00:00,-386.104706
2016-01-22 01:07:00+00:00,-349.41864
2016-01-22 01:08:00+00:00,-369.77594
2016-01-22 01:09:00+00:00,-398.8573
2016-01-22 01:10:00+00:00,-366.402283
2016-01-22 01:11:00+00:00,-327.814423
2016-01-22 01:12:00+00:00,-307.357697
2016-01-22 01:13:00+00:00,-309.180054
2016-01-22 01:14:00+00:00,-294.852722
2016-01-22 01:15:00+00:00,-305.653229
2016-01-22 01:16:00+00:00,-305.255341
2016-01-22 01:17:00+00:00,-293.831207
2016-01-22 01:18:00+00:00,-277.014496
2016-01-22 01:19:00+00:00,-277.416779
2016-01-22 01:20:00+00:00,-260.499878
2016-01-22 01:21:00+00:00,-254.500168
2016-01-22 01:22:00+00:00,-254.07869
2016-01-22 01:23:00+00:00,-240.638855
2016-01-22 01:24:00+00:00,-244.403046
2016-01-22 01:25:00+00:00,-262.024078
2016-01-22 01:26:00+00:00,-326.692444
2016-01-22 01:27:00+00:00,-334.602661
2016-01-22 01:28:00+00:00,-415.435211
2016-01-22 01:29:00+00:00,-434.635284
2016-01-22 01:30:00+00:00,-444.474762
2016-01-22 01:31:00+00:00,-347.883453
2016-01-22 01:32:00+00:00,-322.123749
2016-01-22 01:33:00+00:00,-325.62735
2016-01-22 01:34:00+00:00,-309.513367
2016-01-22 01:35:00+00:00,-274.723053
2016-01-22 01:36:00+00:00,-382.959015
2016-01-22 01:37:00+00:00,-423.815887
2016-01-22 01:38:00+00:00,-416.279419
2016-01-22 01:39:00+00:00,-372.096191
2016-01-22 01:40:00+00:00,-322.824951
2016-01-22 01:41:00+00:00,-307.811279
2016-01-22 01:42:00+00:00,-278.04187
2016-01-22 01:43:00+00:00,-290.058441
2016-01-22 01:44:00+00:00,-345.299225
2016-01-22 01:45:00+00:00,-317.337067
2016-01-22 01:46:00+00:00,-330.276825
2016-01-22 01:47:00+00:00,-363.765808
2016-01-22 01:48:00+00:00,-335.726318
2016-01-22 01:49:00+00:00,-344.309387
2016-01-22 01:50:00+00:00,-373.19165
2016-01-22 01:51:00+00:00,-385.454132
2016-01-22 01:52:00+00:00,-394.428894
2016-01-22 01:53:00+00:00,-350.017242
2016-01-22 01:54:00+00:00,-241.340759
2016-01-22 01:55:00+00:00,-304.45813
2016-01-22 01:56:00+00:00,-304.535309
2016-01-22 01:57:00+00:00,-311.873352
2016-01-22 01:58:00+00:00,-374.947205
2016-01-22 01:59:00+00:00,-258.572113
2016-01-22 02:00:00+00:00,-206.197006
2016-01-22 02:01:00+00:00,-181.269089
2016-01-22 02:02:00+00:00,-164.427536
2016-01-22 02:03:00+00:00,-158.908539
2016-01-22 02:04:00+00:00,-160.301712
2016-01-22 02:05:00+00:00,-153.483047
2016-01-22 02:06:00+00:00,-156.912476
2016-01-22 02:07:00+00:00,-146.40538
2016-01-22 02:08:00+00:00,-139.518173
2016-01-22 02:09:00+00:00,-126.00898
2016-01-22 02:10:00+00:00,-126.784409
2016-01-22 02:11:00+00:00,-165.809052
2016-01-22 02:12:00+00:00,-204.733231
2016-01-22 02:13:00+00:00,-171.241547
2016-01-22 02:14:00+00:00,-176.134521
2016-01-22 02:15:00+00:00,-142.360214
2016-01-22 02:16:00+00:00,-148.79718
2016-01-22 02:17:00+00:00,-147.704697
2016-01-22 02:18:00+00:00,-126.483116
2016-01-22 02:19:00+00:00,-117.937843
2016-01-22 02:20:00+00:00,-105.352135
2016-01-22 02:21:00+00:00,-114.787071
2016-01-22 02:22:00+00:00,-114.106445
2016-01-22 02:23:00+00:00,-102.652061
2016-01-22 02:24:00+00:00,-95.87706
2016-01-22 02:25:00+00:00,-98.994827
2016-01-22 02:26:00+00:00,-93.697273
2016-01-22 02:27:00+00:00,-145.410675
2016-01-22 02:28:00+00:00,-211.484161
2016-01-22 02:29:00+00:00,-259.316711
2016-01-22 02:30:00+00:00,-262.390198
2016-01-22 02:31:00+00:00,-258.124481
2016-01-22 02:32:00+00:00,-202.511536
2016-01-22 02:33:00+00:00,-149.789215
2016-01-22 02:34:00+00:00,-157.547852
2016-01-22 02:35:00+00:00,-172.125839
2016-01-22 02:36:00+00:00,-142.838654
2016-01-22 02:37:00+00:00,-135.147308
2016-01-22 02:38:00+00:00,-124.948883
2016-01-22 02:39:00+00:00,-88.912865
2016-01-22 02:40:00+00:00,-69.189606
2016-01-22 02:41:00+00:00,-66.480873
2016-01-22 02:42:00+00:00,-57.921223
2016-01-22 02:43:00+00:00,-42.067543
2016-01-22 02:44:00+00:00,-37.892818
2016-01-22 02:45:00+00:00,-37.40316
2016-01-22 02:46:00+00:00,-39.02039
2016-01-22 02:47:00+00:00,-42.438797
2016-01-29 00:00:00+00:00,-30.115658
2016-01-29 00:01:00+00:00,-31.902519
2016-01-29 00:02:00+00:00,-33.025673
2016-01-29 00:03:00+00:00,-33.601311
2016-01-29 00:04:00+00:00,-34.011261
2016-01-29 00:05:00+00:00,-34.231098
2016-01-29 00:06:00+00:00,-34.479553
2016-01-29 00:07:00+00:00,-34.650177
2016-01-29 00:08:00+00:00,-33.700954
2016-01-29 00:09:00+00:00,-35.991253
2016-01-29 00:10:00+00:00,-37.713444
2016-01-29 00:11:00+00:00,-38.385963
2016-01-29 00:12:00+00:00,-37.978737
2016-01-29 00:13:00+00:00,-43.176216
2016-01-29 00:14:00+00:00,-43.137566
2016-01-29 00:15:00+00:00,-40.96629
2016-01-29 00:16:00+00:00,-34.021751
2016-01-29 00:17:00+00:00,-30.853737
2016-01-29 00:18:00+00:00,-26.914389
2016-01-29 00:19:00+00:00,-25.112492
2016-01-29 00:20:00+00:00,-25.249838
2016-01-29 00:21:00+00:00,-25.447395
2016-01-29 00:22:00+00:00,-25.494217
2016-01-29 00:23:00+00:00,-25.540682
2016-01-29 00:24:00+00:00,-25.621937
2016-01-29 00:25:00+00:00,-25.773127
2016-01-29 00:26:00+00:00,-25.703306
2016-01-29 00:27:00+00:00,-25.679884
2016-01-29 00:28:00+00:00,-25.646286
2016-01-29 00:29:00+00:00,-25.633757
2016-01-29 00:30:00+00:00,-25.341501
2016-01-29 00:31:00+00:00,-25.214895
2016-01-29 00:32:00+00:00,-24.990334
2016-01-29 00:33:00+00:00,-24.788906
2016-01-29 00:34:00+00:00,-24.534435
2016-01-29 00:35:00+00:00,-24.609734
2016-01-29 00:36:00+00:00,-24.547995
2016-01-29 00:37:00+00:00,-24.452734
2016-01-29 00:38:00+00:00,-24.378633
2016-01-29 00:39:00+00:00,-24.440926
2016-01-29 00:40:00+00:00,-24.840775
2016-01-29 00:41:00+00:00,-25.113398
2016-01-29 00:42:00+00:00,-25.834837
2016-01-29 00:43:00+00:00,-26.147732
2016-01-29 00:44:00+00:00,-26.544262
2016-01-29 00:45:00+00:00,-26.584972
2016-01-29 00:46:00+00:00,-26.588217
2016-01-29 00:47:00+00:00,-26.360636
2016-01-29 00:48:00+00:00,-26.329954
2016-01-29 00:49:00+00:00,-26.400471
2016-01-29 00:50:00+00:00,-26.552647
2016-01-29 00:51:00+00:00,-26.417337
2016-01-29 00:52:00+00:00,-26.187899
2016-01-29 00:53:00+00:00,-26.176828
2016-01-29 00:54:00+00:00,-25.835293
2016-01-29 00:55:00+00:00,-25.837116
2016-01-29 00:56:00+00:00,-26.008507
2016-01-29 00:57:00+00:00,-25.999769
2016-01-29 00:58:00+00:00,-25.976957
2016-01-29 00:59:00+00:00,-25.84827
2016-01-29 01:00:00+00:00,-25.98675
2016-01-29 01:01:00+00:00,-26.229156
2016-01-29 01:02:00+00:00,-28.417999
2016-01-29 01:03:00+00:00,-29.892374
2016-01-29 01:04:00+00:00,-31.012638
2016-01-29 01:05:00+00:00,-31.38719
2016-01-29 01:06:00+00:00,-31.67326
2016-01-29 01:07:00+00:00,-32.499752
2016-01-29 01:08:00+00:00,-32.083466
2016-01-29 01:09:00+00:00,-30.950775
2016-01-29 01:10:00+00:00,-30.142691
2016-01-29 01:11:00+00:00,-28.590521
2016-01-29 01:12:00+00:00,-26.326195
2016-01-29 01:13:00+00:00,-26.223465
2016-01-29 01:14:00+00:00,-26.37941
2016-01-29 01:15:00+00:00,-26.509651
2016-01-29 01:16:00+00:00,-26.510693
2016-01-29 01:17:00+00:00,-26.780067
2016-01-29 01:18:00+00:00,-28.781815
2016-01-29 01:19:00+00:00,-30.075962
2016-01-29 01:20:00+00:00,-31.690828
2016-01-29 01:21:00+00:00,-34.416458
2016-01-29 01:22:00+00:00,-38.807537
2016-01-29 01:23:00+00:00,-40.228329
2016-01-29 01:24:00+00:00,-39.657345
2016-01-29 01:25:00+00:00,-40.619984
2016-01-29 01:26:00+00:00,-39.707726
2016-01-29 01:27:00+00:00,-37.228821
2016-01-29 01:28:00+00:00,-35.952488
2016-01-29 01:29:00+00:00,-35.574043
2016-01-29 01:30:00+00:00,-33.427467
2016-01-29 01:31:00+00:00,-32.128967
2016-01-29 01:32:00+00:00,-29.215652
2016-01-29 01:33:00+00:00,-27.296179
2016-01-29 01:34:00+00:00,-27.342352
2016-01-29 01:35:00+00:00,-27.665558
2016-01-29 01:36:00+00:00,-27.675966
2016-01-29 01:37:00+00:00,-27.746643
2016-01-29 01:38:00+00:00,-27.822914
2016-01-29 01:39:00+00:00,-27.926285
2016-01-29 01:40:00+00:00,-27.796999
2016-01-29 01:41:00+00:00,-28.083508
2016-01-29 01:42:00+00:00,-28.266308
2016-01-29 01:43:00+00:00,-28.275101
2016-01-29 01:44:00+00:00,-28.354038
2016-01-29 01:45:00+00:00,-28.307825
2016-01-29 01:46:00+00:00,-28.257572
2016-01-29 01:47:00+00:00,-28.10564
2016-01-29 01:48:00+00:00,-28.172358
2016-01-29 01:49:00+00:00,-27.901096
2016-01-29 01:50:00+00:00,-27.817268
2016-01-29 01:51:00+00:00,-27.688465
2016-01-29 01:52:00+00:00,-27.58111
2016-01-29 01:53:00+00:00,-27.647562
2016-01-29 01:54:00+00:00,-27.678854
2016-01-29 01:55:00+00:00,-27.893751
2016-01-29 01:56:00+00:00,-28.214132
2016-01-29 01:57:00+00:00,-28.431055
2016-01-29 01:58:00+00:00,-28.439054
2016-01-29 01:59:00+00:00,-28.566273
2016-01-29 02:00:00+00:00,-28.816629
2016-01-29 02:01:00+00:00,-29.182228
2016-01-29 02:02:00+00:00,-29.317274
2016-01-29 02:03:00+00:00,-29.612398
2016-01-29 02:04:00+00:00,-30.196507
2016-01-29 02:05:00+00:00,-30.770775
2016-01-29 02:06:00+00:00,-31.13599
2016-01-29 02:07:00+00:00,-31.387857
2016-01-29 02:08:00+00:00,-31.672863
2016-01-29 02:09:00+00:00,-31.944139
2016-01-29 02:10:00+00:00,-32.057156
2016-01-29 02:11:00+00:00,-31.925961
2016-01-29 02:12:00+00:00,-31.956844
2016-01-29 02:13:00+00:00,-32.022835
2016-01-29 02:14:00+00:00,-31.674723
2016-01-29 02:15:00+00:00,-31.463291
2016-01-29 02:16:00+00:00,-31.253775
2016-01-29 02:17:00+00:00,-30.866493
2016-01-29 02:18:00+00:00,-30.897152
2016-01-29 02:19:00+00:00,-30.791065
2016-01-29 02:20:00+00:00,-30.532614
2016-01-29 02:21:00+00:00,-30.41477
2016-01-29 02:22:00+00:00,-30.201206
2016-01-29 02:23:00+00:00,-29.97982
2016-01-29 02:24:00+00:00,-30.160769
2016-01-29 02:25:00+00:00,-30.374916
2016-01-29 02:26:00+00:00,-30.577326
2016-01-29 02:27:00+00:00,-30.668428
2016-01-29 02:28:00+00:00,-30.873686
2016-01-29 02:29:00+00:00,-30.163151
2016-01-29 02:30:00+00:00,-29.932014
2016-01-29 02:31:00+00:00,-29.823935
2016-01-29 02:32:00+00:00,-29.694372
2016-01-29 02:33:00+00:00,-29.795279
2016-01-29 02:34:00+00:00,-29.950871
2016-01-29 02:35:00+00:00,-30.42091
2016-01-29 02:36:00+00:00,-30.775709
2016-01-29 02:37:00+00:00,-30.921515
2016-01-29 02:38:00+00:00,-31.034103
2016-01-29 02:39:00+00:00,-31.168165
2016-01-29 02:40:00+00:00,-31.071741
2016-01-29 02:41:00+00:00,-31.31122
2016-01-29 02:42:00+00:00,-31.39835
2016-01-29 02:43:00+00:00,-31.299911
2016-01-29 02:44:00+00:00,-31.250275
2016-01-29 02:45:00+00:00,-31.255299
2016-01-29 02:46:00+00:00,-31.137245
2016-01-29 02:47:00+00:00,-31.06213
2016-02-05 00:00:00+00:00,-28.341707
2016-02-05 00:01:00+00:00,-27.431957
2016-02-05 00:02:00+00:00,-27.685236
2016-02-05 00:03:00+00:00,-28.616119
2016-02-05 00:04:00+00:00,-29.229616
2016-02-05 00:05:00+00:00,-29.143753
2016-02-05 00:06:00+00:00,-28.814709
2016-02-05 00:07:00+00:00,-29.860512
2016-02-05 00:08:00+00:00,-28.991245
2016-02-05 00:09:00+00:00,-29.797594
2016-02-05 00:10:00+00:00,-30.12636
2016-02-05 00:11:00+00:00,-28.927605
2016-02-05 00:12:00+00:00,-29.517855
2016-02-05 00:13:00+00:00,-31.207525
2016-02-05 00:14:00+00:00,-33.246399
2016-02-05 00:15:00+00:00,-31.238649
2016-02-05 00:16:00+00:00,-33.043907
2016-02-05 00:17:00+00:00,-40.109688
2016-02-05 00:18:00+00:00,-42.987373
2016-02-05 00:19:00+00:00,-47.132851
2016-02-05 00:20:00+00:00,-49.847755
2016-02-05 00:21:00+00:00,-46.697739
2016-02-05 00:22:00+00:00,-49.505974
2016-02-05 00:23:00+00:00,-51.716038
2016-02-05 00:24:00+00:00,-50.192368
2016-02-05 00:25:00+00:00,-48.743595
2016-02-05 00:26:00+00:00,-50.610004
2016-02-05 00:27:00+00:00,-55.656914
2016-02-05 00:28:00+00:00,-59.319862
2016-02-05 00:29:00+00:00,-59.757195
2016-02-05 00:30:00+00:00,-61.726662
2016-02-05 00:31:00+00:00,-60.911938
2016-02-05 00:32:00+00:00,-59.926121
2016-02-05 00:33:00+00:00,-62.22414
2016-02-05 00:34:00+00:00,-61.702667
2016-02-05 00:35:00+00:00,-66.722748
2016-02-05 00:36:00+00:00,-73.294388
2016-02-05 00:37:00+00:00,-66.883087
2016-02-05 00:38:00+00:00,-74.614113
2016-02-05 00:39:00+00:00,-78.997849
2016-02-05 00:40:00+00:00,-75.548286
2016-02-05 00:41:00+00:00,-91.496468
2016-02-05 00:42:00+00:00,-101.259735
2016-02-05 00:43:00+00:00,-110.210693
2016-02-05 00:44:00+00:00,-124.136856
2016-02-05 00:45:00+00:00,-129.572891
2016-02-05 00:46:00+00:00,-130.629593
2016-02-05 00:47:00+00:00,-130.236374
2016-02-05 00:48:00+00:00,-127.225945
2016-02-05 00:49:00+00:00,-123.928879
2016-02-05 00:50:00+00:00,-124.8153
2016-02-05 00:51:00+00:00,-129.385742
2016-02-05 00:52:00+00:00,-133.118103
2016-02-05 00:53:00+00:00,-131.505127
2016-02-05 00:54:00+00:00,-125.561806
2016-02-05 00:55:00+00:00,-135.066406
2016-02-05 00:56:00+00:00,-195.752594
2016-02-05 00:57:00+00:00,-155.274902
2016-02-05 00:58:00+00:00,-133.301544
2016-02-05 00:59:00+00:00,-134.207855
2016-02-05 01:00:00+00:00,-137.682983
2016-02-05 01:01:00+00:00,-136.334412
2016-02-05 01:02:00+00:00,-197.821899
2016-02-05 01:03:00+00:00,-255.020752
2016-02-05 01:04:00+00:00,-261.033997
2016-02-05 01:05:00+00:00,-264.04892
2016-02-05 01:06:00+00:00,-255.922073
2016-02-05 01:07:00+00:00,-241.755844
2016-02-05 01:08:00+00:00,-242.207642
2016-02-05 01:09:00+00:00,-215.972656
2016-02-05 01:10:00+00:00,-183.814728
2016-02-05 01:11:00+00:00,-165.132172
2016-02-05 01:12:00+00:00,-156.492081
2016-02-05 01:13:00+00:00,-168.468521
2016-02-05 01:14:00+00:00,-172.44783
2016-02-05 01:15:00+00:00,-182.417816
2016-02-05 01:16:00+00:00,-179.384872
2016-02-05 01:17:00+00:00,-183.349243
2016-02-05 01:18:00+00:00,-181.317032
2016-02-05 01:19:00+00:00,-173.280991
2016-02-05 01:20:00+00:00,-159.252274
2016-02-05 01:21:00+00:00,-157.233475
2016-02-05 01:22:00+00:00,-152.221039
2016-02-05 01:23:00+00:00,-165.644852
2016-02-05 01:24:00+00:00,-182.08934
2016-02-05 01:25:00+00:00,-191.247894
2016-02-05 01:26:00+00:00,-187.177704
2016-02-05 01:27:00+00:00,-290.21347
2016-02-05 01:28:00+00:00,-267.350342
2016-02-05 01:29:00+00:00,-204.158249
2016-02-05 01:30:00+00:00,-205.166779
2016-02-05 01:31:00+00:00,-224.17865
2016-02-05 01:32:00+00:00,-242.176285
2016-02-05 01:33:00+00:00,-263.863281
2016-02-05 01:34:00+00:00,-235.938629
2016-02-05 01:35:00+00:00,-255.581207
2016-02-05 01:36:00+00:00,-277.465149
2016-02-05 01:37:00+00:00,-315.89212
2016-02-05 01:38:00+00:00,-329.609497
2016-02-05 01:39:00+00:00,-310.21579
2016-02-05 01:40:00+00:00,-333.813019
2016-02-05 01:41:00+00:00,-325.508362
2016-02-05 01:42:00+00:00,-307.680603
2016-02-05 01:43:00+00:00,-262.088226
2016-02-05 01:44:00+00:00,-232.71257
2016-02-05 01:45:00+00:00,-207.760376
2016-02-05 01:46:00+00:00,-181.670486
2016-02-05 01:47:00+00:00,-147.424088
2016-02-05 01:48:00+00:00,-154.35939
2016-02-05 01:49:00+00:00,-154.286865
2016-02-05 01:50:00+00:00,-151.636063
2016-02-05 01:51:00+00:00,-151.547699
2016-02-05 01:52:00+00:00,-144.177826
2016-02-05 01:53:00+00:00,-140.325302
2016-02-05 01:54:00+00:00,-123.229912
2016-02-05 01:55:00+00:00,-114.857803
2016-02-05 01:56:00+00:00,-152.706131
2016-02-05 01:57:00+00:00,-124.225792
2016-02-05 01:58:00+00:00,-120.716759
2016-02-05 01:59:00+00:00,-116.28624
2016-02-05 02:00:00+00:00,-106.229698
2016-02-05 02:01:00+00:00,-94.423882
2016-02-05 02:02:00+00:00,-89.721062
2016-02-05 02:03:00+00:00,-79.463303
2016-02-05 02:04:00+00:00,-73.722237
2016-02-05 02:05:00+00:00,-68.119614
2016-02-05 02:06:00+00:00,-71.014877
2016-02-05 02:07:00+00:00,-61.891281
2016-02-05 02:08:00+00:00,-82.073738
2016-02-05 02:09:00+00:00,-72.472755
2016-02-05 02:10:00+00:00,-76.245102
2016-02-05 02:11:00+00:00,-77.604393
2016-02-05 02:12:00+00:00,-74.472176
2016-02-05 02:13:00+00:00,-75.636208
2016-02-05 02:14:00+00:00,-66.582771
2016-02-05 02:15:00+00:00,-56.792812
2016-02-05 02:16:00+00:00,-55.227631
2016-02-05 02:17:00+00:00,-48.93737
2016-02-05 02:18:00+00:00,-51.511452
2016-02-05 02:19:00+00:00,-61.666714
2016-02-05 02:20:00+00:00,-75.656799
2016-02-05 02:21:00+00:00,-80.218506
2016-02-05 02:22:00+00:00,-82.072327
2016-02-05 02:23:00+00:00,-79.173714
2016-02-05 02:24:00+00:00,-74.579849
2016-02-05 02:25:00+00:00,-69.853615
2016-02-05 02:26:00+00:00,-64.653748
2016-02-05 02:27:00+00:00,-61.671043
2016-02-05 02:28:00+00:00,-58.423641
2016-02-05 02:29:00+00:00,-55.067165
2016-02-05 02:30:00+00:00,-54.27113
2016-02-05 02:31:00+00:00,-65.762589
2016-02-05 02:32:00+00:00,-75.992027
2016-02-05 02:33:00+00:00,-84.075546
2016-02-05 02:34:00+00:00,-88.275734
2016-02-05 02:35:00+00:00,-86.751534
2016-02-05 02:36:00+00:00,-91.317253
2016-02-05 02:37:00+00:00,-100.439957
2016-02-05 02:38:00+00:00,-103.35276
2016-02-05 02:39:00+00:00,-101.859077
2016-02-05 02:40:00+00:00,-104.368019
2016-02-05 02:41:00+00:00,-109.871277
2016-02-05 02:42:00+00:00,-114.578178
2016-02-05 02:43:00+00:00,-118.589905
2016-02-05 02:44:00+00:00,-130.213425
2016-02-05 02:45:00+00:00,-136.832169
2016-02-05 02:46:00+00:00,-141.096832
2016-02-05 02:47:00+00:00,-137.11319
2016-02-12 00:00:00+00:00,-300.018677
2016-02-12 00:01:00+00:00,-287.136597
2016-02-12 00:02:00+00:00,-284.961395
2016-02-12 00:03:00+00:00,-287.500854
2016-02-12 00:04:00+00:00,-286.662231
2016-02-12 00:05:00+00:00,-279.031677
2016-02-12 00:06:00+00:00,-273.573486
2016-02-12 00:07:00+00:00,-253.104584
2016-02-12 00:08:00+00:00,-247.76506
2016-02-12 00:09:00+00:00,-238.168747
2016-02-12 00:10:00+00:00,-234.575729
2016-02-12 00:11:00+00:00,-243.719131
2016-02-12 00:12:00+00:00,-245.857712
2016-02-12 00:13:00+00:00,-275.673126
2016-02-12 00:14:00+00:00,-300.259918
2016-02-12 00:15:00+00:00,-301.704407
2016-02-12 00:16:00+00:00,-295.464783
2016-02-12 00:17:00+00:00,-293.550354
2016-02-12 00:18:00+00:00,-277.428894
2016-02-12 00:19:00+00:00,-255.918762
2016-02-12 00:20:00+00:00,-245.116119
2016-02-12 00:21:00+00:00,-268.244659
2016-02-12 00:22:00+00:00,-296.124603
2016-02-12 00:23:00+00:00,-285.177917
2016-02-12 00:24:00+00:00,-274.477753
2016-02-12 00:25:00+00:00,-283.781036
2016-02-12 00:26:00+00:00,-299.61792
2016-02-12 00:27:00+00:00,-297.944122
2016-02-12 00:28:00+00:00,-325.648651
2016-02-12 00:29:00+00:00,-346.528503
2016-02-12 00:30:00+00:00,-367.685944
2016-02-12 00:31:00+00:00,-358.451385
2016-02-12 00:32:00+00:00,-339.790558
2016-02-12 00:33:00+00:00,-324.300842
2016-02-12 00:34:00+00:00,-315.545868
2016-02-12 00:35:00+00:00,-307.334991
2016-02-12 00:36:00+00:00,-311.900818
2016-02-12 00:37:00+00:00,-317.814789
2016-02-12 00:38:00+00:00,-311.428741
2016-02-12 00:39:00+00:00,-307.451782
2016-02-12 00:40:00+00:00,-291.025299
2016-02-12 00:41:00+00:00,-274.108917
2016-02-12 00:42:00+00:00,-258.218964
2016-02-12 00:43:00+00:00,-253.30304
2016-02-12 00:44:00+00:00,-250.385437
2016-02-12 00:45:00+00:00,-244.468536
2016-02-12 00:46:00+00:00,-242.548828
2016-02-12 00:47:00+00:00,-236.229523
2016-02-12 00:48:00+00:00,-239.196381
2016-02-12 00:49:00+00:00,-227.55957
2016-02-12 00:50:00+00:00,-240.766418
2016-02-12 00:51:00+00:00,-253.134644
2016-02-12 00:52:00+00:00,-253.078354
2016-02-12 00:53:00+00:00,-249.590607
2016-02-12 00:54:00+00:00,-249.872604
2016-02-12 00:55:00+00:00,-240.576065
2016-02-12 00:56:00+00:00,-231.705933
2016-02-12 00:57:00+00:00,-227.913437
2016-02-12 00:58:00+00:00,-212.505264
2016-02-12 00:59:00+00:00,-206.264481
2016-02-12 01:00:00+00:00,-189.996277
2016-02-12 01:01:00+00:00,-188.015076
2016-02-12 01:02:00+00:00,-184.381744
2016-02-12 01:03:00+00:00,-188.776489
2016-02-12 01:04:00+00:00,-195.02536
2016-02-12 01:05:00+00:00,-204.992126
2016-02-12 01:06:00+00:00,-200.789017
2016-02-12 01:07:00+00:00,-204.496567
2016-02-12 01:08:00+00:00,-198.357391
2016-02-12 01:09:00+00:00,-180.265503
2016-02-12 01:10:00+00:00,-161.50061
2016-02-12 01:11:00+00:00,-145.876144
2016-02-12 01:12:00+00:00,-135.323486
2016-02-12 01:13:00+00:00,-135.375046
2016-02-12 01:14:00+00:00,-129.422333
2016-02-12 01:15:00+00:00,-121.471855
2016-02-12 01:16:00+00:00,-126.441666
2016-02-12 01:17:00+00:00,-138.847748
2016-02-12 01:18:00+00:00,-164.106796
2016-02-12 01:19:00+00:00,-183.603561
2016-02-12 01:20:00+00:00,-196.217346
2016-02-12 01:21:00+00:00,-186.030655
2016-02-12 01:22:00+00:00,-175.802216
2016-02-12 01:23:00+00:00,-165.712143
2016-02-12 01:24:00+00:00,-159.408356
2016-02-12 01:25:00+00:00,-153.751633
2016-02-12 01:26:00+00:00,-144.201401
2016-02-12 01:27:00+00:00,-138.629669
2016-02-12 01:28:00+00:00,-146.54277
2016-02-12 01:29:00+00:00,-149.452805
2016-02-12 01:30:00+00:00,-164.85733
2016-02-12 01:31:00+00:00,-175.476425
2016-02-12 01:32:00+00:00,-177.808441
2016-02-12 01:33:00+00:00,-176.025772
2016-02-12 01:34:00+00:00,-199.575607
2016-02-12 01:35:00+00:00,-208.01265
2016-02-12 01:36:00+00:00,-187.486237
2016-02-12 01:37:00+00:00,-166.929977
2016-02-12 01:38:00+00:00,-155.172913
2016-02-12 01:39:00+00:00,-160.945023
2016-02-12 01:40:00+00:00,-156.828262
2016-02-12 01:41:00+00:00,-143.090729
2016-02-12 01:42:00+00:00,-139.726486
2016-02-12 01:43:00+00:00,-129.757034
2016-02-12 01:44:00+00:00,-139.064117
2016-02-12 01:45:00+00:00,-145.107712
2016-02-12 01:46:00+00:00,-139.65686
2016-02-12 01:47:00+00:00,-138.510773
2016-02-12 01:48:00+00:00,-144.752029
2016-02-12 01:49:00+00:00,-156.228653
2016-02-12 01:50:00+00:00,-162.865036
2016-02-12 01:51:00+00:00,-171.166397
2016-02-12 01:52:00+00:00,-178.359894
2016-02-12 01:53:00+00:00,-159.719269
2016-02-12 01:54:00+00:00,-134.521042
2016-02-12 01:55:00+00:00,-122.053078
2016-02-12 01:56:00+00:00,-117.963486
2016-02-12 01:57:00+00:00,-133.878372
2016-02-12 01:58:00+00:00,-141.155746
2016-02-12 01:59:00+00:00,-149.349655
2016-02-12 02:00:00+00:00,-186.358597
2016-02-12 02:01:00+00:00,-144.264664
2016-02-12 02:02:00+00:00,-175.428146
2016-02-12 02:03:00+00:00,-194.190643
2016-02-12 02:04:00+00:00,-192.451263
2016-02-12 02:05:00+00:00,-170.798904
2016-02-12 02:06:00+00:00,-221.615936
2016-02-12 02:07:00+00:00,-235.513077
2016-02-12 02:08:00+00:00,-271.008698
2016-02-12 02:09:00+00:00,-273.796692
2016-02-12 02:10:00+00:00,-296.621643
2016-02-12 02:11:00+00:00,-326.700775
2016-02-12 02:12:00+00:00,-335.875336
2016-02-12 02:13:00+00:00,-321.099976
2016-02-12 02:14:00+00:00,-341.749695
2016-02-12 02:15:00+00:00,-351.69693
2016-02-12 02:16:00+00:00,-348.1633
2016-02-12 02:17:00+00:00,-347.632965
2016-02-12 02:18:00+00:00,-356.154938
2016-02-12 02:19:00+00:00,-316.375488
2016-02-12 02:20:00+00:00,-297.692291
2016-02-12 02:21:00+00:00,-300.300385
2016-02-12 02:22:00+00:00,-285.479309
2016-02-12 02:23:00+00:00,-245.204407
2016-02-12 02:24:00+00:00,-241.137039
2016-02-12 02:25:00+00:00,-240.364807
2016-02-12 02:26:00+00:00,-231.804993
2016-02-12 02:27:00+00:00,-217.592026
2016-02-12 02:28:00+00:00,-196.201828
2016-02-12 02:29:00+00:00,-237.29393
2016-02-12 02:30:00+00:00,-203.067474
2016-02-12 02:31:00+00:00,-226.131363
2016-02-12 02:32:00+00:00,-241.468933
2016-02-12 02:33:00+00:00,-236.914551
2016-02-12 02:34:00+00:00,-249.577179
2016-02-12 02:35:00+00:00,-305.009003
2016-02-12 02:36:00+00:00,-314.681274
2016-02-12 02:37:00+00:00,-252.268234
2016-02-12 02:38:00+00:00,-236.591736
2016-02-12 02:39:00+00:00,-226.968597
2016-02-12 02:40:00+00:00,-243.062469
2016-02-12 02:41:00+00:00,-261.230194
2016-02-12 02:42:00+00:00,-255.935226
2016-02-12 02:43:00+00:00,-241.580353
2016-02-12 02:44:00+00:00,-206.378967
2016-02-12 02:45:00+00:00,-181.516754
2016-02-12 02:46:00+00:00,-188.936493
2016-02-12 02:47:00+00:00,-207.912567
2016-02-19 00:00:00+00:00,-396.115143
2016-02-19 00:01:00+00:00,-402.15094
2016-02-19 00:02:00+00:00,-417.346802
2016-02-19 00:03:00+00:00,-421.762268
2016-02-19 00:04:00+00:00,-419.079437
2016-02-19 00:05:00+00:00,-416.696564
2016-02-19 00:06:00+00:00,-421.37207
2016-02-19 00:07:00+00:00,-408.976776
2016-02-19 00:08:00+00:00,-391.996643
2016-02-19 00:09:00+00:00,-377.788849
2016-02-19 00:10:00+00:00,-373.938965
2016-02-19 00:11:00+00:00,-356.837341
2016-02-19 00:12:00+00:00,-341.07254
2016-02-19 00:13:00+00:00,-328.099792
2016-02-19 00:14:00+00:00,-326.193451
2016-02-19 00:15:00+00:00,-322.051544
2016-02-19 00:16:00+00:00,-309.212555
2016-02-19 00:17:00+00:00,-295.228851
2016-02-19 00:18:00+00:00,-292.31427
2016-02-19 00:19:00+00:00,-283.858978
2016-02-19 00:20:00+00:00,-267.999725
2016-02-19 00:21:00+00:00,-253.898178
2016-02-19 00:22:00+00:00,-243.060547
2016-02-19 00:23:00+00:00,-237.669159
2016-02-19 00:24:00+00:00,-231.449265
2016-02-19 00:25:00+00:00,-219.187607
2016-02-19 00:26:00+00:00,-204.312286
2016-02-19 00:27:00+00:00,-203.765457
2016-02-19 00:28:00+00:00,-198.813705
2016-02-19 00:29:00+00:00,-193.432739
2016-02-19 00:30:00+00:00,-194.768188
2016-02-19 00:31:00+00:00,-187.869431
2016-02-19 00:32:00+00:00,-172.460403
2016-02-19 00:33:00+00:00,-155.781128
2016-02-19 00:34:00+00:00,-150.605713
2016-02-19 00:35:00+00:00,-149.295074
2016-02-19 00:36:00+00:00,-144.736328
2016-02-19 00:37:00+00:00,-147.677261
2016-02-19 00:38:00+00:00,-139.473206
2016-02-19 00:39:00+00:00,-136.695175
2016-02-19 00:40:00+00:00,-131.070236
2016-02-19 00:41:00+00:00,-123.838699
2016-02-19 00:42:00+00:00,-127.733749
2016-02-19 00:43:00+00:00,-131.646896
2016-02-19 00:44:00+00:00,-134.184021
2016-02-19 00:45:00+00:00,-142.130981
2016-02-19 00:46:00+00:00,-144.304199
2016-02-19 00:47:00+00:00,-132.312683
2016-02-19 00:48:00+00:00,-141.848877
2016-02-19 00:49:00+00:00,-142.880661
2016-02-19 00:50:00+00:00,-150.512436
2016-02-19 00:51:00+00:00,-137.894882
2016-02-19 00:52:00+00:00,-144.240982
2016-02-19 00:53:00+00:00,-160.067856
2016-02-19 00:54:00+00:00,-174.68927
2016-02-19 00:55:00+00:00,-186.50116
2016-02-19 00:56:00+00:00,-195.478531
2016-02-19 00:57:00+00:00,-197.248672
2016-02-19 00:58:00+00:00,-204.304901
2016-02-19 00:59:00+00:00,-213.94725
2016-02-19 01:00:00+00:00,-216.861496
2016-02-19 01:01:00+00:00,-221.270813
2016-02-19 01:02:00+00:00,-228.266678
2016-02-19 01:03:00+00:00,-234.257324
2016-02-19 01:04:00+00:00,-242.856659
2016-02-19 01:05:00+00:00,-248.827698
2016-02-19 01:06:00+00:00,-249.797028
2016-02-19 01:07:00+00:00,-261.235138
2016-02-19 01:08:00+00:00,-270.001221
2016-02-19 01:09:00+00:00,-280.302032
2016-02-19 01:10:00+00:00,-253.783493
2016-02-19 01:11:00+00:00,-237.242889
2016-02-19 01:12:00+00:00,-221.953354
2016-02-19 01:13:00+00:00,-207.720886
2016-02-19 01:14:00+00:00,-195.433365
2016-02-19 01:15:00+00:00,-184.155365
2016-02-19 01:16:00+00:00,-164.917374
2016-02-19 01:17:00+00:00,-160.20285
2016-02-19 01:18:00+00:00,-160.901718
2016-02-19 01:19:00+00:00,-198.004486
2016-02-19 01:20:00+00:00,-188.417496
2016-02-19 01:21:00+00:00,-153.48558
2016-02-19 01:22:00+00:00,-125.480927
2016-02-19 01:23:00+00:00,-110.101257
2016-02-19 01:24:00+00:00,-103.500168
2016-02-19 01:25:00+00:00,-100.713821
2016-02-19 01:26:00+00:00,-102.085281
2016-02-19 01:27:00+00:00,-101.582993
2016-02-19 01:28:00+00:00,-102.225914
2016-02-19 01:29:00+00:00,-99.957031
2016-02-19 01:30:00+00:00,-93.695206
2016-02-19 01:31:00+00:00,-91.071831
2016-02-19 01:32:00+00:00,-86.475685
2016-02-19 01:33:00+00:00,-72.753723
2016-02-19 01:34:00+00:00,-55.27293
2016-02-19 01:35:00+00:00,-47.432045
2016-02-19 01:36:00+00:00,-42.667534
2016-02-19 01:37:00+00:00,-41.10273
2016-02-19 01:38:00+00:00,-37.301525
2016-02-19 01:39:00+00:00,-36.912624
2016-02-19 01:40:00+00:00,-38.05489
2016-02-19 01:41:00+00:00,-36.447853
2016-02-19 01:42:00+00:00,-42.778992
2016-02-19 01:43:00+00:00,-58.666412
2016-02-19 01:44:00+00:00,-82.250191
2016-02-19 01:45:00+00:00,-123.354233
2016-02-19 01:46:00+00:00,-154.637848
2016-02-19 01:47:00+00:00,-188.058807
2016-02-19 01:48:00+00:00,-139.887543
2016-02-19 01:49:00+00:00,-77.118378
2016-02-19 01:50:00+00:00,-73.307739
2016-02-19 01:51:00+00:00,-91.875908
2016-02-19 01:52:00+00:00,-104.164413
2016-02-19 01:53:00+00:00,-126.434402
2016-02-19 01:54:00+00:00,-140.683624
2016-02-19 01:55:00+00:00,-129.97171
2016-02-19 01:56:00+00:00,-152.144608
2016-02-19 01:57:00+00:00,-178.496872
2016-02-19 01:58:00+00:00,-179.312424
2016-02-19 01:59:00+00:00,-152.175293
2016-02-19 02:00:00+00:00,-140.594299
2016-02-19 02:01:00+00:00,-175.340286
2016-02-19 02:02:00+00:00,-184.94017
2016-02-19 02:03:00+00:00,-199.62384
2016-02-19 02:04:00+00:00,-197.866043
2016-02-19 02:05:00+00:00,-227.140366
2016-02-19 02:06:00+00:00,-226.408539
2016-02-19 02:07:00+00:00,-245.052795
2016-02-19 02:08:00+00:00,-251.6427
2016-02-19 02:09:00+00:00,-255.339584
2016-02-19 02:10:00+00:00,-254.197906
2016-02-19 02:11:00+00:00,-258.733551
2016-02-19 02:12:00+00:00,-251.368103
2016-02-19 02:13:00+00:00,-238.094376
2016-02-19 02:14:00+00:00,-226.823212
2016-02-19 02:15:00+00:00,-223.659698
2016-02-19 02:16:00+00:00,-215.804443
2016-02-19 02:17:00+00:00,-199.068512
2016-02-19 02:18:00+00:00,-181.196548
2016-02-19 02:19:00+00:00,-167.324738
2016-02-19 02:20:00+00:00,-147.997574
2016-02-19 02:21:00+00:00,-139.588516
2016-02-19 02:22:00+00:00,-136.86084
2016-02-19 02:23:00+00:00,-136.403793
2016-02-19 02:24:00+00:00,-141.121307
2016-02-19 02:25:00+00:00,-143.144714
2016-02-19 02:26:00+00:00,-138.43718
2016-02-19 02:27:00+00:00,-134.611603
2016-02-19 02:28:00+00:00,-132.480301
2016-02-19 02:29:00+00:00,-132.38295
2016-02-19 02:30:00+00:00,-146.448944
2016-02-19 02:31:00+00:00,-149.509811
2016-02-19 02:32:00+00:00,-145.558456
2016-02-19 02:33:00+00:00,-129.61348
2016-02-19 02:34:00+00:00,-114.795479
2016-02-19 02:35:00+00:00,-98.222626
2016-02-19 02:36:00+00:00,-119.519287
2016-02-19 02:37:00+00:00,-111.368431
2016-02-19 02:38:00+00:00,-115.067467
2016-02-19 02:39:00+00:00,-101.771622
2016-02-19 02:40:00+00:00,-88.638573
2016-02-19 02:41:00+00:00,-79.306046
2016-02-19 02:42:00+00:00,-73.385338
2016-02-19 02:43:00+00:00,-65.287376
2016-02-19 02:44:00+00:00,-63.105793
2016-02-19 02:45:00+00:00,-53.338165
2016-02-19 02:46:00+00:00,-53.400429
2016-02-19 02:47:00+00:00,-52.465965
2016-02-26 00:00:00+00:00,-120.775703
2016-02-26 00:01:00+00:00,-124.761337
2016-02-26 00:02:00+00:00,-128.75647
2016-02-26 00:03:00+00:00,-138.207733
2016-02-26 00:04:00+00:00,-197.588989
2016-02-26 00:05:00+00:00,-270.980774
2016-02-26 00:06:00+00:00,-281.129944
2016-02-26 00:07:00+00:00,-326.541962
2016-02-26 00:08:00+00:00,-357.212189
2016-02-26 00:09:00+00:00,-406.131744
2016-02-26 00:10:00+00:00,-436.764526
2016-02-26 00:11:00+00:00,-414.309601
2016-02-26 00:12:00+00:00,-357.214966
2016-02-26 00:13:00+00:00,-346.626007
2016-02-26 00:14:00+00:00,-336.279053
2016-02-26 00:15:00+00:00,-343.01239
2016-02-26 00:16:00+00:00,-352.133575
2016-02-26 00:17:00+00:00,-335.435089
2016-02-26 00:18:00+00:00,-348.487183
2016-02-26 00:19:00+00:00,-363.35144
2016-02-26 00:20:00+00:00,-372.792542
2016-02-26 00:21:00+00:00,-385.317444
2016-02-26 00:22:00+00:00,-356.753296
2016-02-26 00:23:00+00:00,-361.593262
2016-02-26 00:24:00+00:00,-349.483551
2016-02-26 00:25:00+00:00,-343.07077
2016-02-26 00:26:00+00:00,-337.413635
2016-02-26 00:27:00+00:00,-333.191895
2016-02-26 00:28:00+00:00,-329.844086
2016-02-26 00:29:00+00:00,-329.599701
2016-02-26 00:30:00+00:00,-330.926697
2016-02-26 00:31:00+00:00,-330.805115
2016-02-26 00:32:00+00:00,-333.682068
2016-02-26 00:33:00+00:00,-326.68335
2016-02-26 00:34:00+00:00,-305.853119
2016-02-26 00:35:00+00:00,-291.881592
2016-02-26 00:36:00+00:00,-276.250427
2016-02-26 00:37:00+00:00,-264.100037
2016-02-26 00:38:00+00:00,-250.957062
2016-02-26 00:39:00+00:00,-241.59758
2016-02-26 00:40:00+00:00,-236.501389
2016-02-26 00:41:00+00:00,-229.866592
2016-02-26 00:42:00+00:00,-218.061157
2016-02-26 00:43:00+00:00,-205.079636
2016-02-26 00:44:00+00:00,-190.746796
2016-02-26 00:45:00+00:00,-184.390228
2016-02-26 00:46:00+00:00,-180.508514
2016-02-26 00:47:00+00:00,-173.685135
2016-02-26 00:48:00+00:00,-166.96257
2016-02-26 00:49:00+00:00,-156.884308
2016-02-26 00:50:00+00:00,-146.782837
2016-02-26 00:51:00+00:00,-142.12616
2016-02-26 00:52:00+00:00,-138.18808
2016-02-26 00:53:00+00:00,-127.257355
2016-02-26 00:54:00+00:00,-120.617432
2016-02-26 00:55:00+00:00,-130.46106
2016-02-26 00:56:00+00:00,-134.147278
2016-02-26 00:57:00+00:00,-135.1763
2016-02-26 00:58:00+00:00,-137.479385
2016-02-26 00:59:00+00:00,-132.362549
2016-02-26 01:00:00+00:00,-119.905518
2016-02-26 01:01:00+00:00,-108.107994
2016-02-26 01:02:00+00:00,-109.596039
2016-02-26 01:03:00+00:00,-112.294647
2016-02-26 01:04:00+00:00,-114.86084
2016-02-26 01:05:00+00:00,-119.015366
2016-02-26 01:06:00+00:00,-123.645782
2016-02-26 01:07:00+00:00,-124.094833
2016-02-26 01:08:00+00:00,-124.355614
2016-02-26 01:09:00+00:00,-129.035461
2016-02-26 01:10:00+00:00,-130.489838
2016-02-26 01:11:00+00:00,-130.148804
2016-02-26 01:12:00+00:00,-135.344788
2016-02-26 01:13:00+00:00,-136.534851
2016-02-26 01:14:00+00:00,-133.942444
2016-02-26 01:15:00+00:00,-127.653572
2016-02-26 01:16:00+00:00,-120.440475
2016-02-26 01:17:00+00:00,-111.282761
2016-02-26 01:18:00+00:00,-108.066895
2016-02-26 01:19:00+00:00,-103.73735
2016-02-26 01:20:00+00:00,-102.471581
2016-02-26 01:21:00+00:00,-103.480682
2016-02-26 01:22:00+00:00,-104.016312
2016-02-26 01:23:00+00:00,-102.18119
2016-02-26 01:24:00+00:00,-98.757217
2016-02-26 01:25:00+00:00,-94.662582
2016-02-26 01:26:00+00:00,-89.76767
2016-02-26 01:27:00+00:00,-85.419456
2016-02-26 01:28:00+00:00,-83.600578
2016-02-26 01:29:00+00:00,-80.769661
2016-02-26 01:30:00+00:00,-78.226753
2016-02-26 01:31:00+00:00,-77.303406
2016-02-26 01:32:00+00:00,-77.633095
2016-02-26 01:33:00+00:00,-80.615219
2016-02-26 01:34:00+00:00,-83.597549
2016-02-26 01:35:00+00:00,-90.58815
2016-02-26 01:36:00+00:00,-90.563324
2016-02-26 01:37:00+00:00,-83.541878
2016-02-26 01:38:00+00:00,-84.529419
2016-02-26 01:39:00+00:00,-85.513481
2016-02-26 01:40:00+00:00,-85.500671
2016-02-26 01:41:00+00:00,-81.478401
2016-02-26 01:42:00+00:00,-78.458496
2016-02-26 01:43:00+00:00,-72.436821
2016-02-26 01:44:00+00:00,-64.466728
2016-02-26 01:45:00+00:00,-66.860603
2016-02-26 01:46:00+00:00,-66.410034
2016-02-26 01:47:00+00:00,-73.525482
2016-02-26 01:48:00+00:00,-77.716545
2016-02-26 01:49:00+00:00,-74.509689
2016-02-26 01:50:00+00:00,-81.426338
2016-02-26 01:51:00+00:00,-77.424606
2016-02-26 01:52:00+00:00,-76.316429
2016-02-26 01:53:00+00:00,-68.301392
2016-02-26 01:54:00+00:00,-62.751778
2016-02-26 01:55:00+00:00,-65.291389
2016-02-26 01:56:00+00:00,-69.521858
2016-02-26 01:57:00+00:00,-68.083801
2016-02-26 01:58:00+00:00,-64.032906
2016-02-26 01:59:00+00:00,-59.552341
2016-02-26 02:00:00+00:00,-61.566792
2016-02-26 02:01:00+00:00,-64.174797
2016-02-26 02:02:00+00:00,-66.755333
2016-02-26 02:03:00+00:00,-67.72245
2016-02-26 02:04:00+00:00,-69.201668
2016-02-26 02:05:00+00:00,-69.584572
2016-02-26 02:06:00+00:00,-75.785194
2016-02-26 02:07:00+00:00,-77.465919
2016-02-26 02:08:00+00:00,-72.720161
2016-02-26 02:09:00+00:00,-71.422935
2016-02-26 02:10:00+00:00,-64.569344
2016-02-26 02:11:00+00:00,-65.195572
2016-02-26 02:12:00+00:00,-69.193703
2016-02-26 02:13:00+00:00,-73.187141
2016-02-26 02:14:00+00:00,-77.928246
2016-02-26 02:15:00+00:00,-83.009399
2016-02-26 02:16:00+00:00,-95.158005
2016-02-26 02:17:00+00:00,-93.379372
2016-02-26 02:18:00+00:00,-100.773987
2016-02-26 02:19:00+00:00,-99.425652
2016-02-26 02:20:00+00:00,-99.52301
2016-02-26 02:21:00+00:00,-86.036606
2016-02-26 02:22:00+00:00,-77.00174
2016-02-26 02:23:00+00:00,-83.086227
2016-02-26 02:24:00+00:00,-88.688652
2016-02-26 02:25:00+00:00,-103.851868
2016-02-26 02:26:00+00:00,-115.310593
2016-02-26 02:27:00+00:00,-116.271439
2016-02-26 02:28:00+00:00,-131.298889
2016-02-26 02:29:00+00:00,-147.668289
2016-02-26 02:30:00+00:00,-158.382599
2016-02-26 02:31:00+00:00,-163.494583
2016-02-26 02:32:00+00:00,-162.927185
2016-02-26 02:33:00+00:00,-170.180359
2016-02-26 02:34:00+00:00,-173.961029
2016-02-26 02:35:00+00:00,-199.228287
2016-02-26 02:36:00+00:00,-200.279541
2016-02-26 02:37:00+00:00,-210.383179
2016-02-26 02:38:00+00:00,-225.895782
2016-02-26 02:39:00+00:00,-232.489136
2016-02-26 02:40:00+00:00,-218.944672
2016-02-26 02:41:00+00:00,-219.441528
2016-02-26 02:42:00+00:00,-221.879486
2016-02-26 02:43:00+00:00,-228.322464
2016-02-26 02:44:00+00:00,-223.106491
2016-02-26 02:45:00+00:00,-216.384903
2016-02-26 02:46:00+00:00,-231.206421
2016-02-26 02:47:00+00:00,-229.063324
2016-03-04 00:00:00+00:00,-88.46212
2016-03-04 00:01:00+00:00,-89.96067
2016-03-04 00:02:00+00:00,-89.783813
2016-03-04 00:03:00+00:00,-94.464104
2016-03-04 00:04:00+00:00,-105.703514
2016-03-04 00:05:00+00:00,-104.712883
2016-03-04 00:06:00+00:00,-115.764526
2016-03-04 00:07:00+00:00,-119.661469
2016-03-04 00:08:00+00:00,-124.568451
2016-03-04 00:09:00+00:00,-160.056229
2016-03-04 00:10:00+00:00,-249.873215
2016-03-04 00:11:00+00:00,-188.259033
2016-03-04 00:12:00+00:00,-203.460709
2016-03-04 00:13:00+00:00,-227.403732
2016-03-04 00:14:00+00:00,-254.163651
2016-03-04 00:15:00+00:00,-271.03064
2016-03-04 00:16:00+00:00,-253.836899
2016-03-04 00:17:00+00:00,-248.589447
2016-03-04 00:18:00+00:00,-269.682129
2016-03-04 00:19:00+00:00,-266.44632
2016-03-04 00:20:00+00:00,-282.100525
2016-03-04 00:21:00+00:00,-294.98584
2016-03-04 00:22:00+00:00,-302.013306
2016-03-04 00:23:00+00:00,-295.476013
2016-03-04 00:24:00+00:00,-310.394775
2016-03-04 00:25:00+00:00,-321.045258
2016-03-04 00:26:00+00:00,-334.276794
2016-03-04 00:27:00+00:00,-347.899658
2016-03-04 00:28:00+00:00,-356.320404
2016-03-04 00:29:00+00:00,-369.04071
2016-03-04 00:30:00+00:00,-381.793335
2016-03-04 00:31:00+00:00,-396.358185
2016-03-04 00:32:00+00:00,-413.883972
2016-03-04 00:33:00+00:00,-405.075439
2016-03-04 00:34:00+00:00,-394.555969
2016-03-04 00:35:00+00:00,-379.524139
2016-03-04 00:36:00+00:00,-374.325287
2016-03-04 00:37:00+00:00,-369.402405
2016-03-04 00:38:00+00:00,-357.874329
2016-03-04 00:39:00+00:00,-353.170258
2016-03-04 00:40:00+00:00,-350.544739
2016-03-04 00:41:00+00:00,-396.011536
2016-03-04 00:42:00+00:00,-382.071686
2016-03-04 00:43:00+00:00,-331.461121
2016-03-04 00:44:00+00:00,-330.711853
2016-03-04 00:45:00+00:00,-328.540253
2016-03-04 00:46:00+00:00,-332.606689
2016-03-04 00:47:00+00:00,-335.702789
2016-03-04 00:48:00+00:00,-337.461182
2016-03-04 00:49:00+00:00,-342.270355
2016-03-04 00:50:00+00:00,-329.189667
2016-03-04 00:51:00+00:00,-327.46933
2016-03-04 00:52:00+00:00,-318.502625
2016-03-04 00:53:00+00:00,-310.132629
2016-03-04 00:54:00+00:00,-308.738098
2016-03-04 00:55:00+00:00,-318.224121
2016-03-04 00:56:00+00:00,-302.547119
2016-03-04 00:57:00+00:00,-294.42865
2016-03-04 00:58:00+00:00,-293.740936
2016-03-04 00:59:00+00:00,-305.259796
2016-03-04 01:00:00+00:00,-297.877319
2016-03-04 01:01:00+00:00,-296.793488
2016-03-04 01:02:00+00:00,-320.549713
2016-03-04 01:03:00+00:00,-347.796051
2016-03-04 01:04:00+00:00,-301.022186
2016-03-04 01:05:00+00:00,-273.173523
2016-03-04 01:06:00+00:00,-278.991486
2016-03-04 01:07:00+00:00,-282.836304
2016-03-04 01:08:00+00:00,-320.30838
2016-03-04 01:09:00+00:00,-315.517914
2016-03-04 01:10:00+00:00,-298.358063
2016-03-04 01:11:00+00:00,-291.327148
2016-03-04 01:12:00+00:00,-300.595367
2016-03-04 01:13:00+00:00,-307.296173
2016-03-04 01:14:00+00:00,-306.883026
2016-03-04 01:15:00+00:00,-302.850616
2016-03-04 01:16:00+00:00,-300.913208
2016-03-04 01:17:00+00:00,-301.628967
2016-03-04 01:18:00+00:00,-303.067566
2016-03-04 01:19:00+00:00,-304.642731
2016-03-04 01:20:00+00:00,-309.419189
2016-03-04 01:21:00+00:00,-314.840973
2016-03-04 01:22:00+00:00,-318.617279
2016-03-04 01:23:00+00:00,-316.747864
2016-03-04 01:24:00+00:00,-320.213196
2016-03-04 01:25:00+00:00,-317.055603
2016-03-04 01:26:00+00:00,-320.063171
2016-03-04 01:27:00+00:00,-321.638031
2016-03-04 01:28:00+00:00,-326.340485
2016-03-04 01:29:00+00:00,-333.00766
2016-03-04 01:30:00+00:00,-337.279907
2016-03-04 01:31:00+00:00,-338.349243
2016-03-04 01:32:00+00:00,-334.002808
2016-03-04 01:33:00+00:00,-328.312073
2016-03-04 01:34:00+00:00,-325.367645
2016-03-04 01:35:00+00:00,-323.047577
2016-03-04 01:36:00+00:00,-317.007843
2016-03-04 01:37:00+00:00,-312.619751
2016-03-04 01:38:00+00:00,-306.824402
2016-03-04 01:39:00+00:00,-303.611633
2016-03-04 01:40:00+00:00,-297.007355
2016-03-04 01:41:00+00:00,-288.357025
2016-03-04 01:42:00+00:00,-284.648071
2016-03-04 01:43:00+00:00,-283.054138
2016-03-04 01:44:00+00:00,-283.008881
2016-03-04 01:45:00+00:00,-283.558075
2016-03-04 01:46:00+00:00,-282.27594
2016-03-04 01:47:00+00:00,-282.480713
2016-03-04 01:48:00+00:00,-275.530853
2016-03-04 01:49:00+00:00,-276.808044
2016-03-04 01:50:00+00:00,-306.115814
2016-03-04 01:51:00+00:00,-306.352539
2016-03-04 01:52:00+00:00,-326.176666
2016-03-04 01:53:00+00:00,-340.292175
2016-03-04 01:54:00+00:00,-375.590149
2016-03-04 01:55:00+00:00,-365.2117
2016-03-04 01:56:00+00:00,-303.804352
2016-03-04 01:57:00+00:00,-319.434509
2016-03-04 01:58:00+00:00,-322.176849
2016-03-04 01:59:00+00:00,-312.775482
2016-03-04 02:00:00+00:00,-295.604614
2016-03-04 02:01:00+00:00,-276.479126
2016-03-04 02:02:00+00:00,-268.515442
2016-03-04 02:03:00+00:00,-260.747833
2016-03-04 02:04:00+00:00,-254.760239
2016-03-04 02:05:00+00:00,-251.097092
2016-03-04 02:06:00+00:00,-250.878403
2016-03-04 02:07:00+00:00,-242.241837
2016-03-04 02:08:00+00:00,-237.883499
2016-03-04 02:09:00+00:00,-237.122238
2016-03-04 02:10:00+00:00,-248.4711
2016-03-04 02:11:00+00:00,-226.639709
2016-03-04 02:12:00+00:00,-208.411972
2016-03-04 02:13:00+00:00,-209.765518
2016-03-04 02:14:00+00:00,-204.538376
2016-03-04 02:15:00+00:00,-227.848755
2016-03-04 02:16:00+00:00,-223.494293
2016-03-04 02:17:00+00:00,-236.611938
2016-03-04 02:18:00+00:00,-241.250107
2016-03-04 02:19:00+00:00,-243.69043
2016-03-04 02:20:00+00:00,-239.889526
2016-03-04 02:21:00+00:00,-231.333099
2016-03-04 02:22:00+00:00,-214.19751
2016-03-04 02:23:00+00:00,-204.536835
2016-03-04 02:24:00+00:00,-202.08815
2016-03-04 02:25:00+00:00,-206.846359
2016-03-04 02:26:00+00:00,-208.492508
2016-03-04 02:27:00+00:00,-198.401154
2016-03-04 02:28:00+00:00,-193.090988
2016-03-04 02:29:00+00:00,-197.862717
2016-03-04 02:30:00+00:00,-196.051987
2016-03-04 02:31:00+00:00,-186.106537
2016-03-04 02:32:00+00:00,-173.197357
2016-03-04 02:33:00+00:00,-156.017929
2016-03-04 02:34:00+00:00,-154.414261
2016-03-04 02:35:00+00:00,-153.580215
2016-03-04 02:36:00+00:00,-149.330658
2016-03-04 02:37:00+00:00,-138.077225
2016-03-04 02:38:00+00:00,-136.581436
2016-03-04 02:39:00+00:00,-142.604614
2016-03-04 02:40:00+00:00,-144.288193
2016-03-04 02:41:00+00:00,-150.421906
2016-03-04 02:42:00+00:00,-154.241394
2016-03-04 02:43:00+00:00,-136.009018
2016-03-04 02:44:00+00:00,-103.929222
2016-03-04 02:45:00+00:00,-82.236008
2016-03-04 02:46:00+00:00,-100.752853
2016-03-04 02:47:00+00:00,-130.283966
2016-03-11 00:00:00+00:00,-263.058136
2016-03-11 00:01:00+00:00,-259.804382
2016-03-11 00:02:00+00:00,-253.233292
2016-03-11 00:03:00+00:00,-246.450989
2016-03-11 00:04:00+00:00,-229.773926
2016-03-11 00:05:00+00:00,-215.170471
2016-03-11 00:06:00+00:00,-206.756943
2016-03-11 00:07:00+00:00,-202.587021
2016-03-11 00:08:00+00:00,-206.734711
2016-03-11 00:09:00+00:00,-209.657608
2016-03-11 00:10:00+00:00,-208.494232
2016-03-11 00:11:00+00:00,-207.04921
2016-03-11 00:12:00+00:00,-205.69339
2016-03-11 00:13:00+00:00,-201.648453
2016-03-11 00:14:00+00:00,-198.114441
2016-03-11 00:15:00+00:00,-204.021332
2016-03-11 00:16:00+00:00,-211.406128
2016-03-11 00:17:00+00:00,-211.51062
2016-03-11 00:18:00+00:00,-207.906219
2016-03-11 00:19:00+00:00,-201.444046
2016-03-11 00:20:00+00:00,-192.183792
2016-03-11 00:21:00+00:00,-183.014709
2016-03-11 00:22:00+00:00,-169.437439
2016-03-11 00:23:00+00:00,-167.286682
2016-03-11 00:24:00+00:00,-164.442429
2016-03-11 00:25:00+00:00,-169.758118
2016-03-11 00:26:00+00:00,-168.985428
2016-03-11 00:27:00+00:00,-167.519135
2016-03-11 00:28:00+00:00,-174.889511
2016-03-11 00:29:00+00:00,-181.159592
2016-03-11 00:30:00+00:00,-196.683975
2016-03-11 00:31:00+00:00,-222.469788
2016-03-11 00:32:00+00:00,-262.390503
2016-03-11 00:33:00+00:00,-215.792786
2016-03-11 00:34:00+00:00,-240.42981
2016-03-11 00:35:00+00:00,-229.2966
2016-03-11 00:36:00+00:00,-242.756485
2016-03-11 00:37:00+00:00,-220.131378
2016-03-11 00:38:00+00:00,-204.822479
2016-03-11 00:39:00+00:00,-269.384277
2016-03-11 00:40:00+00:00,-267.307373
2016-03-11 00:41:00+00:00,-214.999634
2016-03-11 00:42:00+00:00,-220.241531
2016-03-11 00:43:00+00:00,-258.328674
2016-03-11 00:44:00+00:00,-278.89502
2016-03-11 00:45:00+00:00,-300.396332
2016-03-11 00:46:00+00:00,-297.762512
2016-03-11 00:47:00+00:00,-320.241272
2016-03-11 00:48:00+00:00,-293.534943
2016-03-11 00:49:00+00:00,-239.364014
2016-03-11 00:50:00+00:00,-207.86731
2016-03-11 00:51:00+00:00,-207.656052
2016-03-11 00:52:00+00:00,-148.37616
2016-03-11 00:53:00+00:00,-142.026688
2016-03-11 00:54:00+00:00,-141.451874
2016-03-11 00:55:00+00:00,-141.595367
2016-03-11 00:56:00+00:00,-147.732849
2016-03-11 00:57:00+00:00,-148.470963
2016-03-11 00:58:00+00:00,-150.897827
2016-03-11 00:59:00+00:00,-143.491196
2016-03-11 01:00:00+00:00,-127.81395
2016-03-11 01:01:00+00:00,-115.065712
2016-03-11 01:02:00+00:00,-111.181206
2016-03-11 01:03:00+00:00,-115.250549
2016-03-11 01:04:00+00:00,-118.997826
2016-03-11 01:05:00+00:00,-116.608109
2016-03-11 01:06:00+00:00,-110.457458
2016-03-11 01:07:00+00:00,-107.558235
2016-03-11 01:08:00+00:00,-111.3358
2016-03-11 01:09:00+00:00,-114.03936
2016-03-11 01:10:00+00:00,-110.562851
2016-03-11 01:11:00+00:00,-107.516808
2016-03-11 01:12:00+00:00,-106.449455
2016-03-11 01:13:00+00:00,-107.582214
2016-03-11 01:14:00+00:00,-110.423325
2016-03-11 01:15:00+00:00,-109.076996
2016-03-11 01:16:00+00:00,-105.113403
2016-03-11 01:17:00+00:00,-102.234543
2016-03-11 01:18:00+00:00,-98.975395
2016-03-11 01:19:00+00:00,-101.194763
2016-03-11 01:20:00+00:00,-104.249016
2016-03-11 01:21:00+00:00,-108.490448
2016-03-11 01:22:00+00:00,-114.43428
2016-03-11 01:23:00+00:00,-115.871208
2016-03-11 01:24:00+00:00,-116.948753
2016-03-11 01:25:00+00:00,-116.277794
2016-03-11 01:26:00+00:00,-117.611267
2016-03-11 01:27:00+00:00,-114.675346
2016-03-11 01:28:00+00:00,-108.958252
2016-03-11 01:29:00+00:00,-107.403641
2016-03-11 01:30:00+00:00,-107.812576
2016-03-11 01:31:00+00:00,-108.533646
2016-03-11 01:32:00+00:00,-107.741402
2016-03-11 01:33:00+00:00,-106.194778
2016-03-11 01:34:00+00:00,-106.158203
2016-03-11 01:35:00+00:00,-106.707993
2016-03-11 01:36:00+00:00,-105.08905
2016-03-11 01:37:00+00:00,-108.303055
2016-03-11 01:38:00+00:00,-99.64399
2016-03-11 01:39:00+00:00,-99.088707
2016-03-11 01:40:00+00:00,-99.90416
2016-03-11 01:41:00+00:00,-102.977661
2016-03-11 01:42:00+00:00,-103.546753
2016-03-11 01:43:00+00:00,-105.742012
2016-03-11 01:44:00+00:00,-106.645599
2016-03-11 01:45:00+00:00,-103.835274
2016-03-11 01:46:00+00:00,-103.648163
2016-03-11 01:47:00+00:00,-104.188332
2016-03-11 01:48:00+00:00,-103.136703
2016-03-11 01:49:00+00:00,-101.107063
2016-03-11 01:50:00+00:00,-98.60363
2016-03-11 01:51:00+00:00,-96.028214
2016-03-11 01:52:00+00:00,-94.41803
2016-03-11 01:53:00+00:00,-96.253754
2016-03-11 01:54:00+00:00,-103.638176
2016-03-11 01:55:00+00:00,-113.173981
2016-03-11 01:56:00+00:00,-115.770378
2016-03-11 01:57:00+00:00,-112.573784
2016-03-11 01:58:00+00:00,-107.104576
2016-03-11 01:59:00+00:00,-101.564919
2016-03-11 02:00:00+00:00,-95.723129
2016-03-11 02:01:00+00:00,-89.896729
2016-03-11 02:02:00+00:00,-88.905792
2016-03-11 02:03:00+00:00,-88.814194
2016-03-11 02:04:00+00:00,-90.784744
2016-03-11 02:05:00+00:00,-94.037666
2016-03-11 02:06:00+00:00,-96.06868
2016-03-11 02:07:00+00:00,-97.446945
2016-03-11 02:08:00+00:00,-97.453613
2016-03-11 02:09:00+00:00,-91.060822
2016-03-11 02:10:00+00:00,-86.456825
2016-03-11 02:11:00+00:00,-79.387077
2016-03-11 02:12:00+00:00,-73.005753
2016-03-11 02:13:00+00:00,-71.952759
2016-03-11 02:14:00+00:00,-70.149918
2016-03-11 02:15:00+00:00,-68.53199
2016-03-11 02:16:00+00:00,-65.148796
2016-03-11 02:17:00+00:00,-62.537731
2016-03-11 02:18:00+00:00,-61.652283
2016-03-11 02:19:00+00:00,-61.514713
2016-03-11 02:20:00+00:00,-63.947861
2016-03-11 02:21:00+00:00,-66.787086
2016-03-11 02:22:00+00:00,-70.196251
2016-03-11 02:23:00+00:00,-75.234818
2016-03-11 02:24:00+00:00,-78.460686
2016-03-11 02:25:00+00:00,-77.675377
2016-03-11 02:26:00+00:00,-79.090057
2016-03-11 02:27:00+00:00,-82.941856
2016-03-11 02:28:00+00:00,-83.90477
2016-03-11 02:29:00+00:00,-84.642746
2016-03-11 02:30:00+00:00,-82.069939
2016-03-11 02:31:00+00:00,-81.372284
2016-03-11 02:32:00+00:00,-81.086426
2016-03-11 02:33:00+00:00,-87.299812
2016-03-11 02:34:00+00:00,-78.388
2016-03-11 02:35:00+00:00,-76.286697
2016-03-11 02:36:00+00:00,-80.447166
2016-03-11 02:37:00+00:00,-85.878769
2016-03-11 02:38:00+00:00,-88.590508
2016-03-11 02:39:00+00:00,-85.198021
2016-03-11 02:40:00+00:00,-80.780251
2016-03-11 02:41:00+00:00,-76.938644
2016-03-11 02:42:00+00:00,-75.825394
2016-03-11 02:43:00+00:00,-77.045746
2016-03-11 02:44:00+00:00,-75.456718
2016-03-11 02:45:00+00:00,-73.266907
2016-03-11 02:46:00+00:00,-70.800163
2016-03-11 02:47:00+00:00,-68.228912
2016-03-18 00:00:00+00:00,-35.944492
2016-03-18 00:01:00+00:00,-36.293137
2016-03-18 00:02:00+00:00,-36.43428
2016-03-18 00:03:00+00:00,-36.204483
2016-03-18 00:04:00+00:00,-35.973518
2016-03-18 00:05:00+00:00,-34.923725
2016-03-18 00:06:00+00:00,-36.195374
2016-03-18 00:07:00+00:00,-35.818741
2016-03-18 00:08:00+00:00,-36.167519
2016-03-18 00:09:00+00:00,-37.160343
2016-03-18 00:10:00+00:00,-37.979504
2016-03-18 00:11:00+00:00,-37.685539
2016-03-18 00:12:00+00:00,-38.822075
2016-03-18 00:13:00+00:00,-38.351681
2016-03-18 00:14:00+00:00,-38.160744
2016-03-18 00:15:00+00:00,-39.031494
2016-03-18 00:16:00+00:00,-38.568104
2016-03-18 00:17:00+00:00,-38.417698
2016-03-18 00:18:00+00:00,-38.039921
2016-03-18 00:19:00+00:00,-37.519421
2016-03-18 00:20:00+00:00,-36.798229
2016-03-18 00:21:00+00:00,-36.59771
2016-03-18 00:22:00+00:00,-35.995991
2016-03-18 00:23:00+00:00,-35.564068
2016-03-18 00:24:00+00:00,-35.873821
2016-03-18 00:25:00+00:00,-36.43082
2016-03-18 00:26:00+00:00,-35.931351
2016-03-18 00:27:00+00:00,-36.36047
2016-03-18 00:28:00+00:00,-36.908218
2016-03-18 00:29:00+00:00,-36.503994
2016-03-18 00:30:00+00:00,-36.761078
2016-03-18 00:31:00+00:00,-36.982117
2016-03-18 00:32:00+00:00,-36.557476
2016-03-18 00:33:00+00:00,-36.813988
2016-03-18 00:34:00+00:00,-37.132214
2016-03-18 00:35:00+00:00,-36.845634
2016-03-18 00:36:00+00:00,-36.1395
2016-03-18 00:37:00+00:00,-36.169041
2016-03-18 00:38:00+00:00,-36.433014
2016-03-18 00:39:00+00:00,-36.514851
2016-03-18 00:40:00+00:00,-36.275604
2016-03-18 00:41:00+00:00,-36.472076
2016-03-18 00:42:00+00:00,-36.195793
2016-03-18 00:43:00+00:00,-36.076557
2016-03-18 00:44:00+00:00,-36.922222
2016-03-18 00:45:00+00:00,-37.145332
2016-03-18 00:46:00+00:00,-37.009789
2016-03-18 00:47:00+00:00,-37.643925
2016-03-18 00:48:00+00:00,-38.427368
2016-03-18 00:49:00+00:00,-38.236797
2016-03-18 00:50:00+00:00,-38.871456
2016-03-18 00:51:00+00:00,-38.884796
2016-03-18 00:52:00+00:00,-38.894932
2016-03-18 00:53:00+00:00,-38.920139
2016-03-18 00:54:00+00:00,-39.056564
2016-03-18 00:55:00+00:00,-38.357639
2016-03-18 00:56:00+00:00,-38.603397
2016-03-18 00:57:00+00:00,-42.639603
2016-03-18 00:58:00+00:00,-51.604649
2016-03-18 00:59:00+00:00,-39.298916
2016-03-18 01:00:00+00:00,-39.432678
2016-03-18 01:01:00+00:00,-39.525902
2016-03-18 01:02:00+00:00,-39.960182
2016-03-18 01:03:00+00:00,-40.180599
2016-03-18 01:04:00+00:00,-40.472134
2016-03-18 01:05:00+00:00,-40.329231
2016-03-18 01:06:00+00:00,-40.179436
2016-03-18 01:07:00+00:00,-40.559841
2016-03-18 01:08:00+00:00,-40.896103
2016-03-18 01:09:00+00:00,-41.196232
2016-03-18 01:10:00+00:00,-41.454235
2016-03-18 01:11:00+00:00,-41.562668
2016-03-18 01:12:00+00:00,-41.869118
2016-03-18 01:13:00+00:00,-42.324848
2016-03-18 01:14:00+00:00,-42.357517
2016-03-18 01:15:00+00:00,-42.195618
2016-03-18 01:16:00+00:00,-42.110603
2016-03-18 01:17:00+00:00,-42.221622
2016-03-18 01:18:00+00:00,-42.362625
2016-03-18 01:19:00+00:00,-42.504311
2016-03-18 01:20:00+00:00,-42.718895
2016-03-18 01:21:00+00:00,-42.742699
2016-03-18 01:22:00+00:00,-42.84523
2016-03-18 01:23:00+00:00,-43.173012
2016-03-18 01:24:00+00:00,-43.384125
2016-03-18 01:25:00+00:00,-43.703205
2016-03-18 01:26:00+00:00,-44.013046
2016-03-18 01:27:00+00:00,-44.157463
2016-03-18 01:28:00+00:00,-44.544472
2016-03-18 01:29:00+00:00,-44.865547
2016-03-18 01:30:00+00:00,-45.302296
2016-03-18 01:31:00+00:00,-45.327526
2016-03-18 01:32:00+00:00,-45.470352
2016-03-18 01:33:00+00:00,-45.191833
2016-03-18 01:34:00+00:00,-45.306572
2016-03-18 01:35:00+00:00,-45.32798
2016-03-18 01:36:00+00:00,-45.592148
2016-03-18 01:37:00+00:00,-46.022903
2016-03-18 01:38:00+00:00,-46.151688
2016-03-18 01:39:00+00:00,-46.263329
2016-03-18 01:40:00+00:00,-46.393162
2016-03-18 01:41:00+00:00,-46.607605
2016-03-18 01:42:00+00:00,-46.760391
2016-03-18 01:43:00+00:00,-47.069878
2016-03-18 01:44:00+00:00,-46.891747
2016-03-18 01:45:00+00:00,-47.017017
2016-03-18 01:46:00+00:00,-52.899673
2016-03-18 01:47:00+00:00,-53.090279
2016-03-18 01:48:00+00:00,-50.405766
2016-03-18 01:49:00+00:00,-47.173107
2016-03-18 01:50:00+00:00,-46.584152
2016-03-18 01:51:00+00:00,-46.434433
2016-03-18 01:52:00+00:00,-46.59211
2016-03-18 01:53:00+00:00,-46.780178
2016-03-18 01:54:00+00:00,-50.072262
2016-03-18 01:55:00+00:00,-65.222107
2016-03-18 01:56:00+00:00,-74.745239
2016-03-18 01:57:00+00:00,-82.13134
2016-03-18 01:58:00+00:00,-82.259254
2016-03-18 01:59:00+00:00,-83.321373
2016-03-18 02:00:00+00:00,-83.548401
2016-03-18 02:01:00+00:00,-83.785133
2016-03-18 02:02:00+00:00,-111.668991
2016-03-18 02:03:00+00:00,-154.854141
2016-03-18 02:04:00+00:00,-265.117493
2016-03-18 02:05:00+00:00,-348.440033
2016-03-18 02:06:00+00:00,-370.557007
2016-03-18 02:07:00+00:00,-324.020264
2016-03-18 02:08:00+00:00,-265.170502
2016-03-18 02:09:00+00:00,-257.031006
2016-03-18 02:10:00+00:00,-246.581406
2016-03-18 02:11:00+00:00,-210.985672
2016-03-18 02:12:00+00:00,-208.581619
2016-03-18 02:13:00+00:00,-212.3815
2016-03-18 02:14:00+00:00,-187.472076
2016-03-18 02:15:00+00:00,-194.637573
2016-03-18 02:16:00+00:00,-180.192505
2016-03-18 02:17:00+00:00,-166.20015
2016-03-18 02:18:00+00:00,-155.240204
2016-03-18 02:19:00+00:00,-138.58905
2016-03-18 02:20:00+00:00,-114.460808
2016-03-18 02:21:00+00:00,-103.729988
2016-03-18 02:22:00+00:00,-102.702263
2016-03-18 02:23:00+00:00,-99.541885
2016-03-18 02:24:00+00:00,-96.605545
2016-03-18 02:25:00+00:00,-96.504997
2016-03-18 02:26:00+00:00,-96.996147
2016-03-18 02:27:00+00:00,-96.60202
2016-03-18 02:28:00+00:00,-95.879272
2016-03-18 02:29:00+00:00,-94.926102
2016-03-18 02:30:00+00:00,-92.461296
2016-03-18 02:31:00+00:00,-90.802002
2016-03-18 02:32:00+00:00,-88.621788
2016-03-18 02:33:00+00:00,-83.328438
2016-03-18 02:34:00+00:00,-79.715576
2016-03-18 02:35:00+00:00,-72.476059
2016-03-18 02:36:00+00:00,-67.037292
2016-03-18 02:37:00+00:00,-85.893517
2016-03-18 02:38:00+00:00,-143.661301
2016-03-18 02:39:00+00:00,-96.595291
2016-03-18 02:40:00+00:00,-62.150635
2016-03-18 02:41:00+00:00,-72.593674
2016-03-18 02:42:00+00:00,-87.353935
2016-03-18 02:43:00+00:00,-105.427567
2016-03-18 02:44:00+00:00,-101.502426
2016-03-18 02:45:00+00:00,-83.762611
2016-03-18 02:46:00+00:00,-89.125633
2016-03-18 02:47:00+00:00,-83.659767
2016-03-25 00:00:00+00:00,-128.446838
2016-03-25 00:01:00+00:00,-131.156967
2016-03-25 00:02:00+00:00,-135.042984
2016-03-25 00:03:00+00:00,-134.281937
2016-03-25 00:04:00+00:00,-134.758957
2016-03-25 00:05:00+00:00,-141.071075
2016-03-25 00:06:00+00:00,-148.157623
2016-03-25 00:07:00+00:00,-154.254944
2016-03-25 00:08:00+00:00,-157.569946
2016-03-25 00:09:00+00:00,-152.474045
2016-03-25 00:10:00+00:00,-153.072601
2016-03-25 00:11:00+00:00,-167.651779
2016-03-25 00:12:00+00:00,-177.501465
2016-03-25 00:13:00+00:00,-188.257751
2016-03-25 00:14:00+00:00,-204.337509
2016-03-25 00:15:00+00:00,-199.365906
2016-03-25 00:16:00+00:00,-199.226181
2016-03-25 00:17:00+00:00,-198.939606
2016-03-25 00:18:00+00:00,-196.34314
2016-03-25 00:19:00+00:00,-196.773819
2016-03-25 00:20:00+00:00,-204.47554
2016-03-25 00:21:00+00:00,-199.735504
2016-03-25 00:22:00+00:00,-210.828125
2016-03-25 00:23:00+00:00,-205.83847
2016-03-25 00:24:00+00:00,-213.691055
2016-03-25 00:25:00+00:00,-197.620392
2016-03-25 00:26:00+00:00,-202.897934
2016-03-25 00:27:00+00:00,-215.598083
2016-03-25 00:28:00+00:00,-234.68335
2016-03-25 00:29:00+00:00,-236.939041
2016-03-25 00:30:00+00:00,-238.294846
2016-03-25 00:31:00+00:00,-243.356476
2016-03-25 00:32:00+00:00,-262.109894
2016-03-25 00:33:00+00:00,-282.161713
2016-03-25 00:34:00+00:00,-295.810059
2016-03-25 00:35:00+00:00,-301.027161
2016-03-25 00:36:00+00:00,-307.48114
2016-03-25 00:37:00+00:00,-298.648651
2016-03-25 00:38:00+00:00,-299.451782
2016-03-25 00:39:00+00:00,-316.956848
2016-03-25 00:40:00+00:00,-312.801086
2016-03-25 00:41:00+00:00,-319.966248
2016-03-25 00:42:00+00:00,-316.747955
2016-03-25 00:43:00+00:00,-323.342041
2016-03-25 00:44:00+00:00,-333.775665
2016-03-25 00:45:00+00:00,-343.163055
2016-03-25 00:46:00+00:00,-348.656952
2016-03-25 00:47:00+00:00,-357.210693
2016-03-25 00:48:00+00:00,-368.395996
2016-03-25 00:49:00+00:00,-387.867493
2016-03-25 00:50:00+00:00,-393.647888
2016-03-25 00:51:00+00:00,-400.279572
2016-03-25 00:52:00+00:00,-411.448059
2016-03-25 00:53:00+00:00,-421.018097
2016-03-25 00:54:00+00:00,-430.455597
2016-03-25 00:55:00+00:00,-436.387939
2016-03-25 00:56:00+00:00,-436.902039
2016-03-25 00:57:00+00:00,-441.74939
2016-03-25 00:58:00+00:00,-454.426605
2016-03-25 00:59:00+00:00,-455.439056
2016-03-25 01:00:00+00:00,-462.980621
2016-03-25 01:01:00+00:00,-452.110016
2016-03-25 01:02:00+00:00,-453.874664
2016-03-25 01:03:00+00:00,-443.717346
2016-03-25 01:04:00+00:00,-436.408569
2016-03-25 01:05:00+00:00,-412.605774
2016-03-25 01:06:00+00:00,-395.919403
2016-03-25 01:07:00+00:00,-388.729248
2016-03-25 01:08:00+00:00,-375.51651
2016-03-25 01:09:00+00:00,-369.541077
2016-03-25 01:10:00+00:00,-379.039032
2016-03-25 01:11:00+00:00,-390.291565
2016-03-25 01:12:00+00:00,-380.486542
2016-03-25 01:13:00+00:00,-366.844849
2016-03-25 01:14:00+00:00,-345.536835
2016-03-25 01:15:00+00:00,-366.032806
2016-03-25 01:16:00+00:00,-376.614746
2016-03-25 01:17:00+00:00,-397.993988
2016-03-25 01:18:00+00:00,-395.757446
2016-03-25 01:19:00+00:00,-398.757416
2016-03-25 01:20:00+00:00,-405.743347
2016-03-25 01:21:00+00:00,-412.767456
2016-03-25 01:22:00+00:00,-397.591064
2016-03-25 01:23:00+00:00,-380.101135
2016-03-25 01:24:00+00:00,-375.861664
2016-03-25 01:25:00+00:00,-388.656982
2016-03-25 01:26:00+00:00,-451.769623
2016-03-25 01:27:00+00:00,-434.103607
2016-03-25 01:28:00+00:00,-382.750031
2016-03-25 01:29:00+00:00,-391.94986
2016-03-25 01:30:00+00:00,-424.355286
2016-03-25 01:31:00+00:00,-447.728943
2016-03-25 01:32:00+00:00,-461.845276
2016-03-25 01:33:00+00:00,-488.677612
2016-03-25 01:34:00+00:00,-480.183929
2016-03-25 01:35:00+00:00,-463.803162
2016-03-25 01:36:00+00:00,-456.204956
2016-03-25 01:37:00+00:00,-457.333893
2016-03-25 01:38:00+00:00,-466.82782
2016-03-25 01:39:00+00:00,-417.354126
2016-03-25 01:40:00+00:00,-407.743744
2016-03-25 01:41:00+00:00,-414.827209
2016-03-25 01:42:00+00:00,-484.190491
2016-03-25 01:43:00+00:00,-530.045654
2016-03-25 01:44:00+00:00,-472.967194
2016-03-25 01:45:00+00:00,-442.602966
2016-03-25 01:46:00+00:00,-444.514404
2016-03-25 01:47:00+00:00,-416.360474
2016-03-25 01:48:00+00:00,-409.571747
2016-03-25 01:49:00+00:00,-400.106201
2016-03-25 01:50:00+00:00,-387.827942
2016-03-25 01:51:00+00:00,-395.248993
2016-03-25 01:52:00+00:00,-399.456848
2016-03-25 01:53:00+00:00,-403.620697
2016-03-25 01:54:00+00:00,-416.625519
2016-03-25 01:55:00+00:00,-418.531708
2016-03-25 01:56:00+00:00,-422.27475
2016-03-25 01:57:00+00:00,-421.802795
2016-03-25 01:58:00+00:00,-416.121857
2016-03-25 01:59:00+00:00,-399.56485
2016-03-25 02:00:00+00:00,-385.588715
2016-03-25 02:01:00+00:00,-380.848969
2016-03-25 02:02:00+00:00,-380.893951
2016-03-25 02:03:00+00:00,-375.594635
2016-03-25 02:04:00+00:00,-351.092468
2016-03-25 02:05:00+00:00,-315.787994
2016-03-25 02:06:00+00:00,-290.274384
2016-03-25 02:07:00+00:00,-277.13089
2016-03-25 02:08:00+00:00,-271.180176
2016-03-25 02:09:00+00:00,-270.353607
2016-03-25 02:10:00+00:00,-279.559448
2016-03-25 02:11:00+00:00,-280.910278
2016-03-25 02:12:00+00:00,-277.61203
2016-03-25 02:13:00+00:00,-280.644379
2016-03-25 02:14:00+00:00,-281.918182
2016-03-25 02:15:00+00:00,-273.625244
2016-03-25 02:16:00+00:00,-276.24649
2016-03-25 02:17:00+00:00,-276.121063
2016-03-25 02:18:00+00:00,-275.718597
2016-03-25 02:19:00+00:00,-270.125854
2016-03-25 02:20:00+00:00,-264.241455
2016-03-25 02:21:00+00:00,-258.899261
2016-03-25 02:22:00+00:00,-255.919815
2016-03-25 02:23:00+00:00,-254.649338
2016-03-25 02:24:00+00:00,-250.102631
2016-03-25 02:25:00+00:00,-239.744415
2016-03-25 02:26:00+00:00,-225.838303
2016-03-25 02:27:00+00:00,-228.179108
2016-03-25 02:28:00+00:00,-232.862701
2016-03-25 02:29:00+00:00,-216.675339
2016-03-25 02:30:00+00:00,-208.887512
2016-03-25 02:31:00+00:00,-204.895248
2016-03-25 02:32:00+00:00,-206.569412
2016-03-25 02:33:00+00:00,-206.82605
2016-03-25 02:34:00+00:00,-210.261124
2016-03-25 02:35:00+00:00,-209.314056
2016-03-25 02:36:00+00:00,-201.060501
2016-03-25 02:37:00+00:00,-192.232849
2016-03-25 02:38:00+00:00,-184.586426
2016-03-25 02:39:00+00:00,-181.101669
2016-03-25 02:40:00+00:00,-172.963593
2016-03-25 02:41:00+00:00,-162.975723
2016-03-25 02:42:00+00:00,-156.289017
2016-03-25 02:43:00+00:00,-159.625763
2016-03-25 02:44:00+00:00,-159.104233
2016-03-25 02:45:00+00:00,-161.022263
2016-03-25 02:46:00+00:00,-157.391846
2016-03-25 02:47:00+00:00,-156.329529
2016-04-01 00:00:00+00:00,-200.258865
2016-04-01 00:01:00+00:00,-211.373047
2016-04-01 00:02:00+00:00,-207.166992
2016-04-01 00:03:00+00:00,-209.550995
2016-04-01 00:04:00+00:00,-245.537842
2016-04-01 00:05:00+00:00,-238.720596
2016-04-01 00:06:00+00:00,-237.632538
2016-04-01 00:07:00+00:00,-227.935944
2016-04-01 00:08:00+00:00,-215.352509
2016-04-01 00:09:00+00:00,-205.747864
2016-04-01 00:10:00+00:00,-186.192368
2016-04-01 00:11:00+00:00,-171.422501
2016-04-01 00:12:00+00:00,-162.022202
2016-04-01 00:13:00+00:00,-149.776169
2016-04-01 00:14:00+00:00,-132.450989
2016-04-01 00:15:00+00:00,-120.506592
2016-04-01 00:16:00+00:00,-111.032333
2016-04-01 00:17:00+00:00,-101.138565
2016-04-01 00:18:00+00:00,-89.731674
2016-04-01 00:19:00+00:00,-79.499176
2016-04-01 00:20:00+00:00,-70.711052
2016-04-01 00:21:00+00:00,-63.62706
2016-04-01 00:22:00+00:00,-57.287388
2016-04-01 00:23:00+00:00,-50.817131
2016-04-01 00:24:00+00:00,-44.56229
2016-04-01 00:25:00+00:00,-40.161964
2016-04-01 00:26:00+00:00,-39.599998
2016-04-01 00:27:00+00:00,-37.65287
2016-04-01 00:28:00+00:00,-36.196289
2016-04-01 00:29:00+00:00,-34.976582
2016-04-01 00:30:00+00:00,-32.471657
2016-04-01 00:31:00+00:00,-33.102142
2016-04-01 00:32:00+00:00,-31.383289
2016-04-01 00:33:00+00:00,-32.226295
2016-04-01 00:34:00+00:00,-30.811306
2016-04-01 00:35:00+00:00,-29.4722
2016-04-01 00:36:00+00:00,-27.407242
2016-04-01 00:37:00+00:00,-25.679361
2016-04-01 00:38:00+00:00,-28.624512
2016-04-01 00:39:00+00:00,-30.606674
2016-04-01 00:40:00+00:00,-21.757223
2016-04-01 00:41:00+00:00,-21.533472
2016-04-01 00:42:00+00:00,-21.212751
2016-04-01 00:43:00+00:00,-20.847229
2016-04-01 00:44:00+00:00,-21.42786
2016-04-01 00:45:00+00:00,-22.055885
2016-04-01 00:46:00+00:00,-23.015503
2016-04-01 00:47:00+00:00,-22.939713
2016-04-01 00:48:00+00:00,-22.977884
2016-04-01 00:49:00+00:00,-25.139879
2016-04-01 00:50:00+00:00,-45.463459
2016-04-01 00:51:00+00:00,-39.094257
2016-04-01 00:52:00+00:00,-73.059547
2016-04-01 00:53:00+00:00,-71.256073
2016-04-01 00:54:00+00:00,-87.437744
2016-04-01 00:55:00+00:00,-128.328033
2016-04-01 00:56:00+00:00,-162.686951
2016-04-01 00:57:00+00:00,-157.946854
2016-04-01 00:58:00+00:00,-125.805206
2016-04-01 00:59:00+00:00,-138.791809
2016-04-01 01:00:00+00:00,-187.10585
2016-04-01 01:01:00+00:00,-154.318832
2016-04-01 01:02:00+00:00,-124.559097
2016-04-01 01:03:00+00:00,-131.788544
2016-04-01 01:04:00+00:00,-166.327438
2016-04-01 01:05:00+00:00,-181.185608
2016-04-01 01:06:00+00:00,-184.443069
2016-04-01 01:07:00+00:00,-172.777573
2016-04-01 01:08:00+00:00,-163.828751
2016-04-01 01:09:00+00:00,-123.91983
2016-04-01 01:10:00+00:00,-82.011063
2016-04-01 01:11:00+00:00,-93.382507
2016-04-01 01:12:00+00:00,-96.226898
2016-04-01 01:13:00+00:00,-78.191513
2016-04-01 01:14:00+00:00,-62.600338
2016-04-01 01:15:00+00:00,-62.355621
2016-04-01 01:16:00+00:00,-103.599579
2016-04-01 01:17:00+00:00,-93.580765
2016-04-01 01:18:00+00:00,-93.485535
2016-04-01 01:19:00+00:00,-69.250565
2016-04-01 01:20:00+00:00,-63.540596
2016-04-01 01:21:00+00:00,-58.761017
2016-04-01 01:22:00+00:00,-55.037804
2016-04-01 01:23:00+00:00,-36.427776
2016-04-01 01:24:00+00:00,-29.280346
2016-04-01 01:25:00+00:00,-25.169905
2016-04-01 01:26:00+00:00,-21.123348
2016-04-01 01:27:00+00:00,-17.721033
2016-04-01 01:28:00+00:00,-17.483473
2016-04-01 01:29:00+00:00,-17.579762
2016-04-01 01:30:00+00:00,-18.126881
2016-04-01 01:31:00+00:00,-18.490814
2016-04-01 01:32:00+00:00,-18.670233
2016-04-01 01:33:00+00:00,-20.053829
2016-04-01 01:34:00+00:00,-21.659389
2016-04-01 01:35:00+00:00,-22.938683
2016-04-01 01:36:00+00:00,-23.437836
2016-04-01 01:37:00+00:00,-24.271614
2016-04-01 01:38:00+00:00,-25.163292
2016-04-01 01:39:00+00:00,-25.925148
2016-04-01 01:40:00+00:00,-25.577351
2016-04-01 01:41:00+00:00,-26.209764
2016-04-01 01:42:00+00:00,-25.807796
2016-04-01 01:43:00+00:00,-25.33182
2016-04-01 01:44:00+00:00,-25.473318
2016-04-01 01:45:00+00:00,-59.653889
2016-04-01 01:46:00+00:00,-61.54781
2016-04-01 01:47:00+00:00,-78.236809
2016-04-01 01:48:00+00:00,-98.415405
2016-04-01 01:49:00+00:00,-100.822876
2016-04-01 01:50:00+00:00,-126.027382
2016-04-01 01:51:00+00:00,-140.330124
2016-04-01 01:52:00+00:00,-97.640282
2016-04-01 01:53:00+00:00,-99.499344
2016-04-01 01:54:00+00:00,-108.634842
2016-04-01 01:55:00+00:00,-125.851936
2016-04-01 01:56:00+00:00,-144.257065
2016-04-01 01:57:00+00:00,-126.96888
2016-04-01 01:58:00+00:00,-93.629913
2016-04-01 01:59:00+00:00,-83.281662
2016-04-01 02:00:00+00:00,-148.183472
2016-04-01 02:01:00+00:00,-90.515045
2016-04-01 02:02:00+00:00,-64.353233
2016-04-01 02:03:00+00:00,-66.787872
2016-04-01 02:04:00+00:00,-78.003433
2016-04-01 02:05:00+00:00,-82.126701
2016-04-01 02:06:00+00:00,-73.024391
2016-04-01 02:07:00+00:00,-64.778221
2016-04-01 02:08:00+00:00,-62.713013
2016-04-01 02:09:00+00:00,-105.769882
2016-04-01 02:10:00+00:00,-82.568565
2016-04-01 02:11:00+00:00,-92.110031
2016-04-01 02:12:00+00:00,-155.849014
2016-04-01 02:13:00+00:00,-127.239258
2016-04-01 02:14:00+00:00,-84.281395
2016-04-01 02:15:00+00:00,-77.999084
2016-04-01 02:16:00+00:00,-83.081757
2016-04-01 02:17:00+00:00,-84.381241
2016-04-01 02:18:00+00:00,-105.087433
2016-04-01 02:19:00+00:00,-115.564308
2016-04-01 02:20:00+00:00,-60.385612
2016-04-01 02:21:00+00:00,-30.294811
2016-04-01 02:22:00+00:00,-31.990328
2016-04-01 02:23:00+00:00,-32.851589
2016-04-01 02:24:00+00:00,-59.862846
2016-04-01 02:25:00+00:00,-64.399818
2016-04-01 02:26:00+00:00,-76.585526
2016-04-01 02:27:00+00:00,-88.752739
2016-04-01 02:28:00+00:00,-110.763214
2016-04-01 02:29:00+00:00,-126.654793
2016-04-01 02:30:00+00:00,-111.016113
2016-04-01 02:31:00+00:00,-73.614128
2016-04-01 02:32:00+00:00,-85.26474
2016-04-01 02:33:00+00:00,-92.113739
2016-04-01 02:34:00+00:00,-89.016518
2016-04-01 02:35:00+00:00,-69.516701
2016-04-01 02:36:00+00:00,-76.474457
2016-04-01 02:37:00+00:00,-128.22374
2016-04-01 02:38:00+00:00,-99.411827
2016-04-01 02:39:00+00:00,-83.503853
2016-04-01 02:40:00+00:00,-95.244736
2016-04-01 02:41:00+00:00,-104.231133
2016-04-01 02:42:00+00:00,-73.032227
2016-04-01 02:43:00+00:00,-49.855698
2016-04-01 02:44:00+00:00,-52.393742
2016-04-01 02:45:00+00:00,-68.34201
2016-04-01 02:46:00+00:00,-60.086807
2016-04-01 02:47:00+00:00,-58.616009
2016-04-08 00:00:00+00:00,-563.869202
2016-04-08 00:01:00+00:00,-623.686157
2016-04-08 00:02:00+00:00,-599.715454
2016-04-08 00:03:00+00:00,-584.682739
2016-04-08 00:04:00+00:00,-567.091064
2016-04-08 00:05:00+00:00,-581.77655
2016-04-08 00:06:00+00:00,-572.23584
2016-04-08 00:07:00+00:00,-573.272766
2016-04-08 00:08:00+00:00,-549.934021
2016-04-08 00:09:00+00:00,-575.294128
2016-04-08 00:10:00+00:00,-600.101013
2016-04-08 00:11:00+00:00,-629.737854
2016-04-08 00:12:00+00:00,-643.932922
2016-04-08 00:13:00+00:00,-636.115051
2016-04-08 00:14:00+00:00,-656.878601
2016-04-08 00:15:00+00:00,-643.464355
2016-04-08 00:16:00+00:00,-621.145691
2016-04-08 00:17:00+00:00,-611.047852
2016-04-08 00:18:00+00:00,-662.934692
2016-04-08 00:19:00+00:00,-723.19873
2016-04-08 00:20:00+00:00,-744.873169
2016-04-08 00:21:00+00:00,-740.793518
2016-04-08 00:22:00+00:00,-776.211365
2016-04-08 00:23:00+00:00,-797.069763
2016-04-08 00:24:00+00:00,-800.245117
2016-04-08 00:25:00+00:00,-817.686218
2016-04-08 00:26:00+00:00,-798.924988
2016-04-08 00:27:00+00:00,-796.879578
2016-04-08 00:28:00+00:00,-795.372681
2016-04-08 00:29:00+00:00,-786.535461
2016-04-08 00:30:00+00:00,-764.771118
2016-04-08 00:31:00+00:00,-738.802795
2016-04-08 00:32:00+00:00,-719.845947
2016-04-08 00:33:00+00:00,-716.871338
2016-04-08 00:34:00+00:00,-687.895935
2016-04-08 00:35:00+00:00,-679.934631
2016-04-08 00:36:00+00:00,-677.945801
2016-04-08 00:37:00+00:00,-667.948059
2016-04-08 00:38:00+00:00,-647.947571
2016-04-08 00:39:00+00:00,-629.992432
2016-04-08 00:40:00+00:00,-599.041138
2016-04-08 00:41:00+00:00,-584.098511
2016-04-08 00:42:00+00:00,-574.150269
2016-04-08 00:43:00+00:00,-549.187012
2016-04-08 00:44:00+00:00,-555.586487
2016-04-08 00:45:00+00:00,-566.115417
2016-04-08 00:46:00+00:00,-576.643494
2016-04-08 00:47:00+00:00,-591.668274
2016-04-08 00:48:00+00:00,-584.699524
2016-04-08 00:49:00+00:00,-574.731873
2016-04-08 00:50:00+00:00,-546.766357
2016-04-08 00:51:00+00:00,-523.804382
2016-04-08 00:52:00+00:00,-506.835297
2016-04-08 00:53:00+00:00,-473.868256
2016-04-08 00:54:00+00:00,-445.897552
2016-04-08 00:55:00+00:00,-430.415863
2016-04-08 00:56:00+00:00,-418.742584
2016-04-08 00:57:00+00:00,-403.812988
2016-04-08 00:58:00+00:00,-393.28714
2016-04-08 00:59:00+00:00,-369.370667
2016-04-08 01:00:00+00:00,-369.490356
2016-04-08 01:01:00+00:00,-369.044586
2016-04-08 01:02:00+00:00,-365.511414
2016-04-08 01:03:00+00:00,-346.111176
2016-04-08 01:04:00+00:00,-335.907501
2016-04-08 01:05:00+00:00,-332.290771
2016-04-08 01:06:00+00:00,-339.203583
2016-04-08 01:07:00+00:00,-348.229126
2016-04-08 01:08:00+00:00,-335.253754
2016-04-08 01:09:00+00:00,-352.284515
2016-04-08 01:10:00+00:00,-348.313965
2016-04-08 01:11:00+00:00,-343.700806
2016-04-08 01:12:00+00:00,-337.57431
2016-04-08 01:13:00+00:00,-320.102051
2016-04-08 01:14:00+00:00,-309.6026
2016-04-08 01:15:00+00:00,-320.31424
2016-04-08 01:16:00+00:00,-328.352325
2016-04-08 01:17:00+00:00,-337.016235
2016-04-08 01:18:00+00:00,-323.633606
2016-04-08 01:19:00+00:00,-301.756958
2016-04-08 01:20:00+00:00,-276.215759
2016-04-08 01:21:00+00:00,-273.393158
2016-04-08 01:22:00+00:00,-275.28952
2016-04-08 01:23:00+00:00,-285.094116
2016-04-08 01:24:00+00:00,-298.124695
2016-04-08 01:25:00+00:00,-302.143585
2016-04-08 01:26:00+00:00,-289.162506
2016-04-08 01:27:00+00:00,-280.8703
2016-04-08 01:28:00+00:00,-282.340881
2016-04-08 01:29:00+00:00,-272.27475
2016-04-08 01:30:00+00:00,-261.815552
2016-04-08 01:31:00+00:00,-249.901581
2016-04-08 01:32:00+00:00,-245.155136
2016-04-08 01:33:00+00:00,-244.247345
2016-04-08 01:34:00+00:00,-248.558853
2016-04-08 01:35:00+00:00,-238.728775
2016-04-08 01:36:00+00:00,-234.704773
2016-04-08 01:37:00+00:00,-230.689621
2016-04-08 01:38:00+00:00,-217.43483
2016-04-08 01:39:00+00:00,-217.199493
2016-04-08 01:40:00+00:00,-211.92836
2016-04-08 01:41:00+00:00,-211.279495
2016-04-08 01:42:00+00:00,-203.894852
2016-04-08 01:43:00+00:00,-196.306427
2016-04-08 01:44:00+00:00,-188.120941
2016-04-08 01:45:00+00:00,-183.313934
2016-04-08 01:46:00+00:00,-179.675018
2016-04-08 01:47:00+00:00,-175.255402
2016-04-08 01:48:00+00:00,-173.5784
2016-04-08 01:49:00+00:00,-183.711746
2016-04-08 01:50:00+00:00,-189.060699
2016-04-08 01:51:00+00:00,-188.189041
2016-04-08 01:52:00+00:00,-180.003998
2016-04-08 01:53:00+00:00,-169.876007
2016-04-08 01:54:00+00:00,-155.660797
2016-04-08 01:55:00+00:00,-136.772217
2016-04-08 01:56:00+00:00,-128.534286
2016-04-08 01:57:00+00:00,-125.692009
2016-04-08 01:58:00+00:00,-143.055542
2016-04-08 01:59:00+00:00,-144.343979
2016-04-08 02:00:00+00:00,-137.563477
2016-04-08 02:01:00+00:00,-129.992218
2016-04-08 02:02:00+00:00,-140.042633
2016-04-08 02:03:00+00:00,-131.776581
2016-04-08 02:04:00+00:00,-129.030273
2016-04-08 02:05:00+00:00,-138.051102
2016-04-08 02:06:00+00:00,-140.07373
2016-04-08 02:07:00+00:00,-136.081512
2016-04-08 02:08:00+00:00,-133.096252
2016-04-08 02:09:00+00:00,-120.094757
2016-04-08 02:10:00+00:00,-97.786476
2016-04-08 02:11:00+00:00,-99.130203
2016-04-08 02:12:00+00:00,-109.414673
2016-04-08 02:13:00+00:00,-117.074265
2016-04-08 02:14:00+00:00,-127.943893
2016-04-08 02:15:00+00:00,-142.307571
2016-04-08 02:16:00+00:00,-162.359894
2016-04-08 02:17:00+00:00,-148.623398
2016-04-08 02:18:00+00:00,-143.696274
2016-04-08 02:19:00+00:00,-133.4254
2016-04-08 02:20:00+00:00,-137.419128
2016-04-08 02:21:00+00:00,-151.149124
2016-04-08 02:22:00+00:00,-158.997223
2016-04-08 02:23:00+00:00,-158.805161
2016-04-08 02:24:00+00:00,-154.654007
2016-04-08 02:25:00+00:00,-146.000763
2016-04-08 02:26:00+00:00,-140.868835
2016-04-08 02:27:00+00:00,-137.529694
2016-04-08 02:28:00+00:00,-128.404221
2016-04-08 02:29:00+00:00,-120.145729
2016-04-08 02:30:00+00:00,-110.039314
2016-04-08 02:31:00+00:00,-100.781227
2016-04-08 02:32:00+00:00,-95.79142
2016-04-08 02:33:00+00:00,-87.101128
2016-04-08 02:34:00+00:00,-85.365746
2016-04-08 02:35:00+00:00,-87.91378
2016-04-08 02:36:00+00:00,-91.593811
2016-04-08 02:37:00+00:00,-88.947784
2016-04-08 02:38:00+00:00,-91.99942
2016-04-08 02:39:00+00:00,-99.024429
2016-04-08 02:40:00+00:00,-102.052681
2016-04-08 02:41:00+00:00,-99.082214
2016-04-08 02:42:00+00:00,-91.116455
2016-04-08 02:43:00+00:00,-84.156265
2016-04-08 02:44:00+00:00,-80.193344
2016-04-08 02:45:00+00:00,-82.437721
2016-04-08 02:46:00+00:00,-86.796562
2016-04-08 02:47:00+00:00,-89.565384
2016-04-15 00:00:00+00:00,-256.421967
2016-04-15 00:01:00+00:00,-256.27121
2016-04-15 00:02:00+00:00,-254.125793
2016-04-15 00:03:00+00:00,-260.982819
2016-04-15 00:04:00+00:00,-261.84317
2016-04-15 00:05:00+00:00,-277.710846
2016-04-15 00:06:00+00:00,-256.580841
2016-04-15 00:07:00+00:00,-256.457062
2016-04-15 00:08:00+00:00,-284.794098
2016-04-15 00:09:00+00:00,-285.894531
2016-04-15 00:10:00+00:00,-230.471878
2016-04-15 00:11:00+00:00,-232.99675
2016-04-15 00:12:00+00:00,-220.89386
2016-04-15 00:13:00+00:00,-218.794067
2016-04-15 00:14:00+00:00,-224.697342
2016-04-15 00:15:00+00:00,-244.607208
2016-04-15 00:16:00+00:00,-235.524368
2016-04-15 00:17:00+00:00,-226.440598
2016-04-15 00:18:00+00:00,-222.359772
2016-04-15 00:19:00+00:00,-226.290543
2016-04-15 00:20:00+00:00,-233.220444
2016-04-15 00:21:00+00:00,-226.170761
2016-04-15 00:22:00+00:00,-230.118057
2016-04-15 00:23:00+00:00,-223.031128
2016-04-15 00:24:00+00:00,-211.95961
2016-04-15 00:25:00+00:00,-198.902527
2016-04-15 00:26:00+00:00,-193.849411
2016-04-15 00:27:00+00:00,-196.805573
2016-04-15 00:28:00+00:00,-202.770218
2016-04-15 00:29:00+00:00,-193.742371
2016-04-15 00:30:00+00:00,-181.761444
2016-04-15 00:31:00+00:00,-187.352005
2016-04-15 00:32:00+00:00,-194.811569
2016-04-15 00:33:00+00:00,-196.159378
2016-04-15 00:34:00+00:00,-199.301971
2016-04-15 00:35:00+00:00,-190.565536
2016-04-15 00:36:00+00:00,-185.552841
2016-04-15 00:37:00+00:00,-186.071625
2016-04-15 00:38:00+00:00,-183.583954
2016-04-15 00:39:00+00:00,-191.408936
2016-04-15 00:40:00+00:00,-172.197784
2016-04-15 00:41:00+00:00,-227.191223
2016-04-15 00:42:00+00:00,-236.09053
2016-04-15 00:43:00+00:00,-300.735657
2016-04-15 00:44:00+00:00,-295.711395
2016-04-15 00:45:00+00:00,-323.124084
2016-04-15 00:46:00+00:00,-300.905945
2016-04-15 00:47:00+00:00,-279.091187
2016-04-15 00:48:00+00:00,-290.762787
2016-04-15 00:49:00+00:00,-291.531219
2016-04-15 00:50:00+00:00,-301.97229
2016-04-15 00:51:00+00:00,-353.491974
2016-04-15 00:52:00+00:00,-393.234314
2016-04-15 00:53:00+00:00,-389.065216
2016-04-15 00:54:00+00:00,-360.962982
2016-04-15 00:55:00+00:00,-374.830627
2016-04-15 00:56:00+00:00,-378.12384
2016-04-15 00:57:00+00:00,-374.28775
2016-04-15 00:58:00+00:00,-375.353302
2016-04-15 00:59:00+00:00,-376.65451
2016-04-15 01:00:00+00:00,-373.976349
2016-04-15 01:01:00+00:00,-369.663757
2016-04-15 01:02:00+00:00,-376.371979
2016-04-15 01:03:00+00:00,-379.5159
2016-04-15 01:04:00+00:00,-379.582458
2016-04-15 01:05:00+00:00,-371.486389
2016-04-15 01:06:00+00:00,-370.696045
2016-04-15 01:07:00+00:00,-369.69873
2016-04-15 01:08:00+00:00,-366.373016
2016-04-15 01:09:00+00:00,-360.115021
2016-04-15 01:10:00+00:00,-356.639252
2016-04-15 01:11:00+00:00,-353.811523
2016-04-15 01:12:00+00:00,-357.547852
2016-04-15 01:13:00+00:00,-362.611206
2016-04-15 01:14:00+00:00,-356.685913
2016-04-15 01:15:00+00:00,-345.401428
2016-04-15 01:16:00+00:00,-343.172211
2016-04-15 01:17:00+00:00,-339.307129
2016-04-15 01:18:00+00:00,-326.784637
2016-04-15 01:19:00+00:00,-303.469574
2016-04-15 01:20:00+00:00,-278.344116
2016-04-15 01:21:00+00:00,-274.687988
2016-04-15 01:22:00+00:00,-265.382477
2016-04-15 01:23:00+00:00,-262.503265
2016-04-15 01:24:00+00:00,-255.514648
2016-04-15 01:25:00+00:00,-253.837402
2016-04-15 01:26:00+00:00,-252.074921
2016-04-15 01:27:00+00:00,-252.620956
2016-04-15 01:28:00+00:00,-256.076965
2016-04-15 01:29:00+00:00,-254.320877
2016-04-15 01:30:00+00:00,-238.793518
2016-04-15 01:31:00+00:00,-248.20166
2016-04-15 01:32:00+00:00,-253.29422
2016-04-15 01:33:00+00:00,-237.383713
2016-04-15 01:34:00+00:00,-244.493927
2016-04-15 01:35:00+00:00,-245.596588
2016-04-15 01:36:00+00:00,-229.675461
2016-04-15 01:37:00+00:00,-234.779327
2016-04-15 01:38:00+00:00,-221.881226
2016-04-15 01:39:00+00:00,-219.993851
2016-04-15 01:40:00+00:00,-231.09317
2016-04-15 01:41:00+00:00,-217.201111
2016-04-15 01:42:00+00:00,-222.320526
2016-04-15 01:43:00+00:00,-236.445984
2016-04-15 01:44:00+00:00,-231.555939
2016-04-15 01:45:00+00:00,-224.643005
2016-04-15 01:46:00+00:00,-224.735428
2016-04-15 01:47:00+00:00,-204.805328
2016-04-15 01:48:00+00:00,-188.883881
2016-04-15 01:49:00+00:00,-179.973465
2016-04-15 01:50:00+00:00,-174.073044
2016-04-15 01:51:00+00:00,-170.176193
2016-04-15 01:52:00+00:00,-165.273102
2016-04-15 01:53:00+00:00,-149.461441
2016-04-15 01:54:00+00:00,-154.891464
2016-04-15 01:55:00+00:00,-164.695587
2016-04-15 01:56:00+00:00,-171.384933
2016-04-15 01:57:00+00:00,-176.671448
2016-04-15 01:58:00+00:00,-185.251892
2016-04-15 01:59:00+00:00,-188.220047
2016-04-15 02:00:00+00:00,-188.917221
2016-04-15 02:01:00+00:00,-188.072235
2016-04-15 02:02:00+00:00,-185.387939
2016-04-15 02:03:00+00:00,-186.06189
2016-04-15 02:04:00+00:00,-181.291534
2016-04-15 02:05:00+00:00,-169.000885
2016-04-15 02:06:00+00:00,-190.724319
2016-04-15 02:07:00+00:00,-286.699677
2016-04-15 02:08:00+00:00,-463.647552
2016-04-15 02:09:00+00:00,-403.955597
2016-04-15 02:10:00+00:00,-422.984772
2016-04-15 02:11:00+00:00,-459.05304
2016-04-15 02:12:00+00:00,-467.14212
2016-04-15 02:13:00+00:00,-470.241547
2016-04-15 02:14:00+00:00,-463.348419
2016-04-15 02:15:00+00:00,-442.422058
2016-04-15 02:16:00+00:00,-436.510559
2016-04-15 02:17:00+00:00,-424.595703
2016-04-15 02:18:00+00:00,-424.697998
2016-04-15 02:19:00+00:00,-413.641083
2016-04-15 02:20:00+00:00,-446.681122
2016-04-15 02:21:00+00:00,-443.165863
2016-04-15 02:22:00+00:00,-479.896027
2016-04-15 02:23:00+00:00,-480.29895
2016-04-15 02:24:00+00:00,-470.324677
2016-04-15 02:25:00+00:00,-448.721893
2016-04-15 02:26:00+00:00,-398.528595
2016-04-15 02:27:00+00:00,-386.617401
2016-04-15 02:28:00+00:00,-367.77298
2016-04-15 02:29:00+00:00,-361.912323
2016-04-15 02:30:00+00:00,-358.013153
2016-04-15 02:31:00+00:00,-332.994873
2016-04-15 02:32:00+00:00,-315.038391
2016-04-15 02:33:00+00:00,-308.233215
2016-04-15 02:34:00+00:00,-307.450287
2016-04-15 02:35:00+00:00,-310.02948
2016-04-15 02:36:00+00:00,-310.39035
2016-04-15 02:37:00+00:00,-322.055969
2016-04-15 02:38:00+00:00,-340.632233
2016-04-15 02:39:00+00:00,-352.440979
2016-04-15 02:40:00+00:00,-350.399597
2016-04-15 02:41:00+00:00,-364.381989
2016-04-15 02:42:00+00:00,-366.274139
2016-04-15 02:43:00+00:00,-361.380554
2016-04-15 02:44:00+00:00,-356.643677
2016-04-15 02:45:00+00:00,-335.187439
2016-04-15 02:46:00+00:00,-312.367401
2016-04-15 02:47:00+00:00,-298.57608
2016-04-22 00:00:00+00:00,-29.740707
2016-04-22 00:01:00+00:00,-29.202204
2016-04-22 00:02:00+00:00,-29.999683
2016-04-22 00:03:00+00:00,-29.491468
2016-04-22 00:04:00+00:00,-30.115538
2016-04-22 00:05:00+00:00,-31.484018
2016-04-22 00:06:00+00:00,-32.578804
2016-04-22 00:07:00+00:00,-33.159588
2016-04-22 00:08:00+00:00,-34.468151
2016-04-22 00:09:00+00:00,-35.530487
2016-04-22 00:10:00+00:00,-36.36375
2016-04-22 00:11:00+00:00,-35.982243
2016-04-22 00:12:00+00:00,-34.725311
2016-04-22 00:13:00+00:00,-35.453926
2016-04-22 00:14:00+00:00,-37.205112
2016-04-22 00:15:00+00:00,-37.9161
2016-04-22 00:16:00+00:00,-38.972969
2016-04-22 00:17:00+00:00,-39.919376
2016-04-22 00:18:00+00:00,-39.198605
2016-04-22 00:19:00+00:00,-40.229366
2016-04-22 00:20:00+00:00,-42.225777
2016-04-22 00:21:00+00:00,-43.267673
2016-04-22 00:22:00+00:00,-42.714352
2016-04-22 00:23:00+00:00,-41.540222
2016-04-22 00:24:00+00:00,-40.052105
2016-04-22 00:25:00+00:00,-40.373821
2016-04-22 00:26:00+00:00,-41.536423
2016-04-22 00:27:00+00:00,-41.999062
2016-04-22 00:28:00+00:00,-41.825985
2016-04-22 00:29:00+00:00,-41.96244
2016-04-22 00:30:00+00:00,-40.221703
2016-04-22 00:31:00+00:00,-37.88903
2016-04-22 00:32:00+00:00,-36.283417
2016-04-22 00:33:00+00:00,-34.632309
2016-04-22 00:34:00+00:00,-31.018574
2016-04-22 00:35:00+00:00,-26.239075
2016-04-22 00:36:00+00:00,-23.25419
2016-04-22 00:37:00+00:00,-22.505739
2016-04-22 00:38:00+00:00,-22.784365
2016-04-22 00:39:00+00:00,-22.141956
2016-04-22 00:40:00+00:00,-22.028524
2016-04-22 00:41:00+00:00,-21.807697
2016-04-22 00:42:00+00:00,-21.35585
2016-04-22 00:43:00+00:00,-21.936584
2016-04-22 00:44:00+00:00,-22.496721
2016-04-22 00:45:00+00:00,-23.455372
2016-04-22 00:46:00+00:00,-24.33419
2016-04-22 00:47:00+00:00,-25.370514
2016-04-22 00:48:00+00:00,-26.369482
2016-04-22 00:49:00+00:00,-27.674891
2016-04-22 00:50:00+00:00,-28.006889
2016-04-22 00:51:00+00:00,-27.469498
2016-04-22 00:52:00+00:00,-26.57571
2016-04-22 00:53:00+00:00,-27.566547
2016-04-22 00:54:00+00:00,-28.520462
2016-04-22 00:55:00+00:00,-29.949095
2016-04-22 00:56:00+00:00,-29.379669
2016-04-22 00:57:00+00:00,-28.196716
2016-04-22 00:58:00+00:00,-29.814526
2016-04-22 00:59:00+00:00,-31.098976
2016-04-22 01:00:00+00:00,-31.064718
2016-04-22 01:01:00+00:00,-31.080418
2016-04-22 01:02:00+00:00,-31.02853
2016-04-22 01:03:00+00:00,-31.259563
2016-04-22 01:04:00+00:00,-31.987398
2016-04-22 01:05:00+00:00,-31.440289
2016-04-22 01:06:00+00:00,-30.785236
2016-04-22 01:07:00+00:00,-30.579775
2016-04-22 01:08:00+00:00,-30.727262
2016-04-22 01:09:00+00:00,-31.329929
2016-04-22 01:10:00+00:00,-32.119102
2016-04-22 01:11:00+00:00,-35.074013
2016-04-22 01:12:00+00:00,-36.02795
2016-04-22 01:13:00+00:00,-36.984425
2016-04-22 01:14:00+00:00,-41.93755
2016-04-22 01:15:00+00:00,-46.099503
2016-04-22 01:16:00+00:00,-50.383064
2016-04-22 01:17:00+00:00,-51.764839
2016-04-22 01:18:00+00:00,-53.433212
2016-04-22 01:19:00+00:00,-56.316902
2016-04-22 01:20:00+00:00,-58.933239
2016-04-22 01:21:00+00:00,-60.322266
2016-04-22 01:22:00+00:00,-61.989769
2016-04-22 01:23:00+00:00,-65.062645
2016-04-22 01:24:00+00:00,-68.6091
2016-04-22 01:25:00+00:00,-70.740433
2016-04-22 01:26:00+00:00,-71.547356
2016-04-22 01:27:00+00:00,-70.01712
2016-04-22 01:28:00+00:00,-69.427826
2016-04-22 01:29:00+00:00,-71.626022
2016-04-22 01:30:00+00:00,-71.507416
2016-04-22 01:31:00+00:00,-68.896271
2016-04-22 01:32:00+00:00,-69.248528
2016-04-22 01:33:00+00:00,-71.569008
2016-04-22 01:34:00+00:00,-74.299728
2016-04-22 01:35:00+00:00,-75.665939
2016-04-22 01:36:00+00:00,-72.581314
2016-04-22 01:37:00+00:00,-66.005783
2016-04-22 01:38:00+00:00,-59.61475
2016-04-22 01:39:00+00:00,-53.43911
2016-04-22 01:40:00+00:00,-49.073215
2016-04-22 01:41:00+00:00,-45.552841
2016-04-22 01:42:00+00:00,-41.838982
2016-04-22 01:43:00+00:00,-40.521439
2016-04-22 01:44:00+00:00,-43.065472
2016-04-22 01:45:00+00:00,-43.2052
2016-04-22 01:46:00+00:00,-41.799591
2016-04-22 01:47:00+00:00,-42.685001
2016-04-22 01:48:00+00:00,-42.602428
2016-04-22 01:49:00+00:00,-44.011749
2016-04-22 01:50:00+00:00,-43.832512
2016-04-22 01:51:00+00:00,-40.784359
2016-04-22 01:52:00+00:00,-36.694481
2016-04-22 01:53:00+00:00,-36.858391
2016-04-22 01:54:00+00:00,-36.024326
2016-04-22 01:55:00+00:00,-37.207684
2016-04-22 01:56:00+00:00,-36.319664
2016-04-22 01:57:00+00:00,-59.327419
2016-04-22 01:58:00+00:00,-40.021523
2016-04-22 01:59:00+00:00,-78.46666
2016-04-22 02:00:00+00:00,-76.527641
2016-04-22 02:01:00+00:00,-101.34079
2016-04-22 02:02:00+00:00,-109.007622
2016-04-22 02:03:00+00:00,-142.202896
2016-04-22 02:04:00+00:00,-141.086426
2016-04-22 02:05:00+00:00,-144.063797
2016-04-22 02:06:00+00:00,-159.149231
2016-04-22 02:07:00+00:00,-156.249008
2016-04-22 02:08:00+00:00,-165.73967
2016-04-22 02:09:00+00:00,-173.645645
2016-04-22 02:10:00+00:00,-159.275085
2016-04-22 02:11:00+00:00,-180.611938
2016-04-22 02:12:00+00:00,-194.12793
2016-04-22 02:13:00+00:00,-202.520844
2016-04-22 02:14:00+00:00,-202.744827
2016-04-22 02:15:00+00:00,-205.663696
2016-04-22 02:16:00+00:00,-182.454269
2016-04-22 02:17:00+00:00,-192.876831
2016-04-22 02:18:00+00:00,-175.928482
2016-04-22 02:19:00+00:00,-189.216232
2016-04-22 02:20:00+00:00,-182.060425
2016-04-22 02:21:00+00:00,-164.971344
2016-04-22 02:22:00+00:00,-152.209793
2016-04-22 02:23:00+00:00,-144.774368
2016-04-22 02:24:00+00:00,-136.398468
2016-04-22 02:25:00+00:00,-118.965469
2016-04-22 02:26:00+00:00,-111.413788
2016-04-22 02:27:00+00:00,-109.014244
2016-04-22 02:28:00+00:00,-108.189308
2016-04-22 02:29:00+00:00,-107.416557
2016-04-22 02:30:00+00:00,-107.48777
2016-04-22 02:31:00+00:00,-105.861832
2016-04-22 02:32:00+00:00,-106.169762
2016-04-22 02:33:00+00:00,-105.147003
2016-04-22 02:34:00+00:00,-101.872467
2016-04-22 02:35:00+00:00,-99.811653
2016-04-22 02:36:00+00:00,-94.832535
2016-04-22 02:37:00+00:00,-89.340477
2016-04-22 02:38:00+00:00,-82.008118
2016-04-22 02:39:00+00:00,-79.959198
2016-04-22 02:40:00+00:00,-78.496239
2016-04-22 02:41:00+00:00,-77.728416
2016-04-22 02:42:00+00:00,-77.362465
2016-04-22 02:43:00+00:00,-72.609116
2016-04-22 02:44:00+00:00,-66.197952
2016-04-22 02:45:00+00:00,-59.097538
2016-04-22 02:46:00+00:00,-52.448174
2016-04-22 02:47:00+00:00,-54.606293
2016-04-29 00:00:00+00:00,-51.363487
2016-04-29 00:01:00+00:00,-51.160042
2016-04-29 00:02:00+00:00,-50.351074
2016-04-29 00:03:00+00:00,-50.00251
2016-04-29 00:04:00+00:00,-49.240749
2016-04-29 00:05:00+00:00,-47.038101
2016-04-29 00:06:00+00:00,-49.505642
2016-04-29 00:07:00+00:00,-50.544365
2016-04-29 00:08:00+00:00,-47.260963
2016-04-29 00:09:00+00:00,-36.019978
2016-04-29 00:10:00+00:00,-33.257919
2016-04-29 00:11:00+00:00,-33.010185
2016-04-29 00:12:00+00:00,-32.557014
2016-04-29 00:13:00+00:00,-32.160027
2016-04-29 00:14:00+00:00,-33.905163
2016-04-29 00:15:00+00:00,-34.375294
2016-04-29 00:16:00+00:00,-35.325108
2016-04-29 00:17:00+00:00,-38.496655
2016-04-29 00:18:00+00:00,-39.90118
2016-04-29 00:19:00+00:00,-41.61713
2016-04-29 00:20:00+00:00,-42.762524
2016-04-29 00:21:00+00:00,-44.414837
2016-04-29 00:22:00+00:00,-44.173019
2016-04-29 00:23:00+00:00,-44.178551
2016-04-29 00:24:00+00:00,-45.85363
2016-04-29 00:25:00+00:00,-49.196304
2016-04-29 00:26:00+00:00,-50.655106
2016-04-29 00:27:00+00:00,-48.906723
2016-04-29 00:28:00+00:00,-47.088169
2016-04-29 00:29:00+00:00,-46.339584
2016-04-29 00:30:00+00:00,-46.12706
2016-04-29 00:31:00+00:00,-45.29171
2016-04-29 00:32:00+00:00,-45.705257
2016-04-29 00:33:00+00:00,-46.357952
2016-04-29 00:34:00+00:00,-45.77739
2016-04-29 00:35:00+00:00,-45.184822
2016-04-29 00:36:00+00:00,-45.698662
2016-04-29 00:37:00+00:00,-45.205368
2016-04-29 00:38:00+00:00,-45.333466
2016-04-29 00:39:00+00:00,-46.227226
2016-04-29 00:40:00+00:00,-47.30904
2016-04-29 00:41:00+00:00,-48.150879
2016-04-29 00:42:00+00:00,-49.538548
2016-04-29 00:43:00+00:00,-48.981041
2016-04-29 00:44:00+00:00,-56.630913
2016-04-29 00:45:00+00:00,-57.756351
2016-04-29 00:46:00+00:00,-59.211365
2016-04-29 00:47:00+00:00,-50.082596
2016-04-29 00:48:00+00:00,-50.988529
2016-04-29 00:49:00+00:00,-51.958366
2016-04-29 00:50:00+00:00,-51.941544
2016-04-29 00:51:00+00:00,-51.067635
2016-04-29 00:52:00+00:00,-49.899776
2016-04-29 00:53:00+00:00,-49.225327
2016-04-29 00:54:00+00:00,-48.187023
2016-04-29 00:55:00+00:00,-46.752174
2016-04-29 00:56:00+00:00,-45.497108
2016-04-29 00:57:00+00:00,-44.407913
2016-04-29 00:58:00+00:00,-43.627808
2016-04-29 00:59:00+00:00,-42.974697
2016-04-29 01:00:00+00:00,-42.573242
2016-04-29 01:01:00+00:00,-42.031353
2016-04-29 01:02:00+00:00,-41.618473
2016-04-29 01:03:00+00:00,-41.54752
2016-04-29 01:04:00+00:00,-41.858185
2016-04-29 01:05:00+00:00,-41.897427
2016-04-29 01:06:00+00:00,-41.761089
2016-04-29 01:07:00+00:00,-41.771084
2016-04-29 01:08:00+00:00,-42.964821
2016-04-29 01:09:00+00:00,-43.844875
2016-04-29 01:10:00+00:00,-44.490856
2016-04-29 01:11:00+00:00,-45.014214
2016-04-29 01:12:00+00:00,-44.856194
2016-04-29 01:13:00+00:00,-44.250797
2016-04-29 01:14:00+00:00,-43.670223
2016-04-29 01:15:00+00:00,-43.461746
2016-04-29 01:16:00+00:00,-42.945042
2016-04-29 01:17:00+00:00,-42.704212
2016-04-29 01:18:00+00:00,-42.280293
2016-04-29 01:19:00+00:00,-42.089897
2016-04-29 01:20:00+00:00,-41.925854
2016-04-29 01:21:00+00:00,-42.174984
2016-04-29 01:22:00+00:00,-42.038582
2016-04-29 01:23:00+00:00,-42.464733
2016-04-29 01:24:00+00:00,-43.046326
2016-04-29 01:25:00+00:00,-43.243343
2016-04-29 01:26:00+00:00,-43.176521
2016-04-29 01:27:00+00:00,-43.133766
2016-04-29 01:28:00+00:00,-43.971165
2016-04-29 01:29:00+00:00,-44.612072
2016-04-29 01:30:00+00:00,-45.095703
2016-04-29 01:31:00+00:00,-44.901566
2016-04-29 01:32:00+00:00,-44.812748
2016-04-29 01:33:00+00:00,-44.846863
2016-04-29 01:34:00+00:00,-44.495251
2016-04-29 01:35:00+00:00,-43.906158
2016-04-29 01:36:00+00:00,-42.02845
2016-04-29 01:37:00+00:00,-41.824669
2016-04-29 01:38:00+00:00,-41.474796
2016-04-29 01:39:00+00:00,-40.314899
2016-04-29 01:40:00+00:00,-39.76054
2016-04-29 01:41:00+00:00,-38.450039
2016-04-29 01:42:00+00:00,-38.11171
2016-04-29 01:43:00+00:00,-37.70126
2016-04-29 01:44:00+00:00,-37.94479
2016-04-29 01:45:00+00:00,-36.839035
2016-04-29 01:46:00+00:00,-38.776348
2016-04-29 01:47:00+00:00,-40.444378
2016-04-29 01:48:00+00:00,-40.07753
2016-04-29 01:49:00+00:00,-39.949894
2016-04-29 01:50:00+00:00,-40.70575
2016-04-29 01:51:00+00:00,-40.353077
2016-04-29 01:52:00+00:00,-38.427208
2016-04-29 01:53:00+00:00,-39.691296
2016-04-29 01:54:00+00:00,-40.543331
2016-04-29 01:55:00+00:00,-46.153885
2016-04-29 01:56:00+00:00,-44.681442
2016-04-29 01:57:00+00:00,-47.846119
2016-04-29 01:58:00+00:00,-51.061272
2016-04-29 01:59:00+00:00,-68.025131
2016-04-29 02:00:00+00:00,-73.972397
2016-04-29 02:01:00+00:00,-64.886024
2016-04-29 02:02:00+00:00,-55.784096
2016-04-29 02:03:00+00:00,-62.350182
2016-04-29 02:04:00+00:00,-58.102211
2016-04-29 02:05:00+00:00,-56.93782
2016-04-29 02:06:00+00:00,-51.290955
2016-04-29 02:07:00+00:00,-53.016495
2016-04-29 02:08:00+00:00,-44.606632
2016-04-29 02:09:00+00:00,-48.246868
2016-04-29 02:10:00+00:00,-51.377834
2016-04-29 02:11:00+00:00,-50.911507
2016-04-29 02:12:00+00:00,-50.549114
2016-04-29 02:13:00+00:00,-49.375462
2016-04-29 02:14:00+00:00,-46.285984
2016-04-29 02:15:00+00:00,-41.337212
2016-04-29 02:16:00+00:00,-42.231026
2016-04-29 02:17:00+00:00,-42.894329
2016-04-29 02:18:00+00:00,-42.61718
2016-04-29 02:19:00+00:00,-42.458988
2016-04-29 02:20:00+00:00,-42.692589
2016-04-29 02:21:00+00:00,-43.69574
2016-04-29 02:22:00+00:00,-45.279346
2016-04-29 02:23:00+00:00,-45.974987
2016-04-29 02:24:00+00:00,-46.423622
2016-04-29 02:25:00+00:00,-46.499786
2016-04-29 02:26:00+00:00,-46.798103
2016-04-29 02:27:00+00:00,-47.348618
2016-04-29 02:28:00+00:00,-47.722015
2016-04-29 02:29:00+00:00,-48.048203
2016-04-29 02:30:00+00:00,-47.382282
2016-04-29 02:31:00+00:00,-46.424614
2016-04-29 02:32:00+00:00,-45.152126
2016-04-29 02:33:00+00:00,-44.238144
2016-04-29 02:34:00+00:00,-43.953617
2016-04-29 02:35:00+00:00,-44.17411
2016-04-29 02:36:00+00:00,-44.389801
2016-04-29 02:37:00+00:00,-44.498119
2016-04-29 02:38:00+00:00,-44.691479
2016-04-29 02:39:00+00:00,-44.643673
2016-04-29 02:40:00+00:00,-44.754105
2016-04-29 02:41:00+00:00,-44.818672
2016-04-29 02:42:00+00:00,-45.019478
2016-04-29 02:43:00+00:00,-44.88728
2016-04-29 02:44:00+00:00,-44.5495
2016-04-29 02:45:00+00:00,-44.757153
2016-04-29 02:46:00+00:00,-44.89296
2016-04-29 02:47:00+00:00,-45.084877
2016-05-06 00:00:00+00:00,-300.194092
2016-05-06 00:01:00+00:00,-279.43396
2016-05-06 00:02:00+00:00,-271.479584
2016-05-06 00:03:00+00:00,-273.473694
2016-05-06 00:04:00+00:00,-269.624237
2016-05-06 00:05:00+00:00,-277.632568
2016-05-06 00:06:00+00:00,-273.730499
2016-05-06 00:07:00+00:00,-273.932861
2016-05-06 00:08:00+00:00,-275.046722
2016-05-06 00:09:00+00:00,-270.143036
2016-05-06 00:10:00+00:00,-273.307678
2016-05-06 00:11:00+00:00,-285.0177
2016-05-06 00:12:00+00:00,-285.882446
2016-05-06 00:13:00+00:00,-257.888733
2016-05-06 00:14:00+00:00,-250.948547
2016-05-06 00:15:00+00:00,-255.787094
2016-05-06 00:16:00+00:00,-262.094879
2016-05-06 00:17:00+00:00,-262.022797
2016-05-06 00:18:00+00:00,-247.804474
2016-05-06 00:19:00+00:00,-259.485413
2016-05-06 00:20:00+00:00,-264.677368
2016-05-06 00:21:00+00:00,-269.785553
2016-05-06 00:22:00+00:00,-264.694275
2016-05-06 00:23:00+00:00,-260.015839
2016-05-06 00:24:00+00:00,-246.405045
2016-05-06 00:25:00+00:00,-235.145081
2016-05-06 00:26:00+00:00,-239.355652
2016-05-06 00:27:00+00:00,-251.341309
2016-05-06 00:28:00+00:00,-252.345764
2016-05-06 00:29:00+00:00,-236.120026
2016-05-06 00:30:00+00:00,-223.952759
2016-05-06 00:31:00+00:00,-225.352798
2016-05-06 00:32:00+00:00,-216.619598
2016-05-06 00:33:00+00:00,-204.157715
2016-05-06 00:34:00+00:00,-187.242996
2016-05-06 00:35:00+00:00,-183.978973
2016-05-06 00:36:00+00:00,-175.896057
2016-05-06 00:37:00+00:00,-179.347488
2016-05-06 00:38:00+00:00,-185.320007
2016-05-06 00:39:00+00:00,-173.917831
2016-05-06 00:40:00+00:00,-165.575684
2016-05-06 00:41:00+00:00,-160.377625
2016-05-06 00:42:00+00:00,-169.0728
2016-05-06 00:43:00+00:00,-166.432938
2016-05-06 00:44:00+00:00,-152.751038
2016-05-06 00:45:00+00:00,-153.344131
2016-05-06 00:46:00+00:00,-146.689255
2016-05-06 00:47:00+00:00,-144.537323
2016-05-06 00:48:00+00:00,-150.722275
2016-05-06 00:49:00+00:00,-153.278305
2016-05-06 00:50:00+00:00,-154.96022
2016-05-06 00:51:00+00:00,-148.567795
2016-05-06 00:52:00+00:00,-140.017044
2016-05-06 00:53:00+00:00,-137.329346
2016-05-06 00:54:00+00:00,-135.999832
2016-05-06 00:55:00+00:00,-143.387604
2016-05-06 00:56:00+00:00,-144.184982
2016-05-06 00:57:00+00:00,-161.746582
2016-05-06 00:58:00+00:00,-173.701523
2016-05-06 00:59:00+00:00,-185.66275
2016-05-06 01:00:00+00:00,-199.623703
2016-05-06 01:01:00+00:00,-197.575943
2016-05-06 01:02:00+00:00,-189.534424
2016-05-06 01:03:00+00:00,-173.488754
2016-05-06 01:04:00+00:00,-167.451981
2016-05-06 01:05:00+00:00,-162.419556
2016-05-06 01:06:00+00:00,-150.381714
2016-05-06 01:07:00+00:00,-134.80307
2016-05-06 01:08:00+00:00,-125.071236
2016-05-06 01:09:00+00:00,-117.742767
2016-05-06 01:10:00+00:00,-117.791336
2016-05-06 01:11:00+00:00,-115.3013
2016-05-06 01:12:00+00:00,-117.20314
2016-05-06 01:13:00+00:00,-115.821701
2016-05-06 01:14:00+00:00,-112.729118
2016-05-06 01:15:00+00:00,-111.066689
2016-05-06 01:16:00+00:00,-110.041573
2016-05-06 01:17:00+00:00,-112.391747
2016-05-06 01:18:00+00:00,-117.675537
2016-05-06 01:19:00+00:00,-113.898895
2016-05-06 01:20:00+00:00,-112.128922
2016-05-06 01:21:00+00:00,-118.893784
2016-05-06 01:22:00+00:00,-122.80941
2016-05-06 01:23:00+00:00,-121.638596
2016-05-06 01:24:00+00:00,-123.389862
2016-05-06 01:25:00+00:00,-128.147034
2016-05-06 01:26:00+00:00,-134.961502
2016-05-06 01:27:00+00:00,-142.852081
2016-05-06 01:28:00+00:00,-156.862335
2016-05-06 01:29:00+00:00,-166.657196
2016-05-06 01:30:00+00:00,-168.019394
2016-05-06 01:31:00+00:00,-168.82753
2016-05-06 01:32:00+00:00,-165.414001
2016-05-06 01:33:00+00:00,-164.007507
2016-05-06 01:34:00+00:00,-162.714523
2016-05-06 01:35:00+00:00,-164.446091
2016-05-06 01:36:00+00:00,-165.574326
2016-05-06 01:37:00+00:00,-169.980728
2016-05-06 01:38:00+00:00,-172.133163
2016-05-06 01:39:00+00:00,-175.452759
2016-05-06 01:40:00+00:00,-181.655731
2016-05-06 01:41:00+00:00,-187.151169
2016-05-06 01:42:00+00:00,-196.931595
2016-05-06 01:43:00+00:00,-202.475204
2016-05-06 01:44:00+00:00,-204.749664
2016-05-06 01:45:00+00:00,-208.598328
2016-05-06 01:46:00+00:00,-213.443558
2016-05-06 01:47:00+00:00,-213.177597
2016-05-06 01:48:00+00:00,-216.198029
2016-05-06 01:49:00+00:00,-212.970093
2016-05-06 01:50:00+00:00,-204.883652
2016-05-06 01:51:00+00:00,-196.104599
2016-05-06 01:52:00+00:00,-193.847137
2016-05-06 01:53:00+00:00,-191.86203
2016-05-06 01:54:00+00:00,-184.100006
2016-05-06 01:55:00+00:00,-176.784622
2016-05-06 01:56:00+00:00,-171.984589
2016-05-06 01:57:00+00:00,-170.459625
2016-05-06 01:58:00+00:00,-176.08252
2016-05-06 01:59:00+00:00,-184.906113
2016-05-06 02:00:00+00:00,-189.653519
2016-05-06 02:01:00+00:00,-192.658554
2016-05-06 02:02:00+00:00,-192.571716
2016-05-06 02:03:00+00:00,-188.587006
2016-05-06 02:04:00+00:00,-180.094574
2016-05-06 02:05:00+00:00,-172.355804
2016-05-06 02:06:00+00:00,-168.958282
2016-05-06 02:07:00+00:00,-176.796295
2016-05-06 02:08:00+00:00,-181.940201
2016-05-06 02:09:00+00:00,-181.245972
2016-05-06 02:10:00+00:00,-182.722931
2016-05-06 02:11:00+00:00,-182.672668
2016-05-06 02:12:00+00:00,-182.19133
2016-05-06 02:13:00+00:00,-182.190216
2016-05-06 02:14:00+00:00,-182.175186
2016-05-06 02:15:00+00:00,-180.448074
2016-05-06 02:16:00+00:00,-179.59079
2016-05-06 02:17:00+00:00,-179.902222
2016-05-06 02:18:00+00:00,-179.546478
2016-05-06 02:19:00+00:00,-179.508865
2016-05-06 02:20:00+00:00,-178.687012
2016-05-06 02:21:00+00:00,-175.564438
2016-05-06 02:22:00+00:00,-166.535995
2016-05-06 02:23:00+00:00,-158.459137
2016-05-06 02:24:00+00:00,-155.862076
2016-05-06 02:25:00+00:00,-155.669159
2016-05-06 02:26:00+00:00,-151.603943
2016-05-06 02:27:00+00:00,-145.28772
2016-05-06 02:28:00+00:00,-145.744812
2016-05-06 02:29:00+00:00,-144.864883
2016-05-06 02:30:00+00:00,-139.355774
2016-05-06 02:31:00+00:00,-130.011185
2016-05-06 02:32:00+00:00,-122.422272
2016-05-06 02:33:00+00:00,-120.585922
2016-05-06 02:34:00+00:00,-117.489113
2016-05-06 02:35:00+00:00,-113.350441
2016-05-06 02:36:00+00:00,-109.004997
2016-05-06 02:37:00+00:00,-106.745468
2016-05-06 02:38:00+00:00,-102.289497
2016-05-06 02:39:00+00:00,-94.077271
2016-05-06 02:40:00+00:00,-88.195816
2016-05-06 02:41:00+00:00,-84.802841
2016-05-06 02:42:00+00:00,-79.224014
2016-05-06 02:43:00+00:00,-77.387833
2016-05-06 02:44:00+00:00,-74.173729
2016-05-06 02:45:00+00:00,-77.250542
2016-05-06 02:46:00+00:00,-72.863922
2016-05-06 02:47:00+00:00,-71.366798
2016-05-13 00:00:00+00:00,-211.343979
2016-05-13 00:01:00+00:00,-210.773788
2016-05-13 00:02:00+00:00,-210.747726
2016-05-13 00:03:00+00:00,-210.275589
2016-05-13 00:04:00+00:00,-211.226776
2016-05-13 00:05:00+00:00,-213.567184
2016-05-13 00:06:00+00:00,-211.873138
2016-05-13 00:07:00+00:00,-211.99614
2016-05-13 00:08:00+00:00,-214.361465
2016-05-13 00:09:00+00:00,-215.533569
2016-05-13 00:10:00+00:00,-216.309433
2016-05-13 00:11:00+00:00,-217.600037
2016-05-13 00:12:00+00:00,-216.708817
2016-05-13 00:13:00+00:00,-214.454971
2016-05-13 00:14:00+00:00,-205.966568
2016-05-13 00:15:00+00:00,-199.891785
2016-05-13 00:16:00+00:00,-198.329178
2016-05-13 00:17:00+00:00,-194.693527
2016-05-13 00:18:00+00:00,-190.018753
2016-05-13 00:19:00+00:00,-181.953262
2016-05-13 00:20:00+00:00,-176.681335
2016-05-13 00:21:00+00:00,-175.852554
2016-05-13 00:22:00+00:00,-175.019348
2016-05-13 00:23:00+00:00,-172.208069
2016-05-13 00:24:00+00:00,-167.347168
2016-05-13 00:25:00+00:00,-163.794189
2016-05-13 00:26:00+00:00,-162.69046
2016-05-13 00:27:00+00:00,-163.338684
2016-05-13 00:28:00+00:00,-164.506165
2016-05-13 00:29:00+00:00,-162.465485
2016-05-13 00:30:00+00:00,-161.027008
2016-05-13 00:31:00+00:00,-158.668472
2016-05-13 00:32:00+00:00,-156.628372
2016-05-13 00:33:00+00:00,-153.649643
2016-05-13 00:34:00+00:00,-150.876862
2016-05-13 00:35:00+00:00,-145.488495
2016-05-13 00:36:00+00:00,-142.144882
2016-05-13 00:37:00+00:00,-142.63089
2016-05-13 00:38:00+00:00,-141.032623
2016-05-13 00:39:00+00:00,-135.429855
2016-05-13 00:40:00+00:00,-132.938965
2016-05-13 00:41:00+00:00,-131.8741
2016-05-13 00:42:00+00:00,-131.575317
2016-05-13 00:43:00+00:00,-129.183899
2016-05-13 00:44:00+00:00,-125.659004
2016-05-13 00:45:00+00:00,-120.258133
2016-05-13 00:46:00+00:00,-114.554726
2016-05-13 00:47:00+00:00,-114.212524
2016-05-13 00:48:00+00:00,-109.509583
2016-05-13 00:49:00+00:00,-105.10228
2016-05-13 00:50:00+00:00,-98.433678
2016-05-13 00:51:00+00:00,-95.192436
2016-05-13 00:52:00+00:00,-91.160606
2016-05-13 00:53:00+00:00,-88.378181
2016-05-13 00:54:00+00:00,-87.086159
2016-05-13 00:55:00+00:00,-85.027893
2016-05-13 00:56:00+00:00,-82.897667
2016-05-13 00:57:00+00:00,-83.156113
2016-05-13 00:58:00+00:00,-83.176201
2016-05-13 00:59:00+00:00,-82.031349
2016-05-13 01:00:00+00:00,-80.17775
2016-05-13 01:01:00+00:00,-80.096039
2016-05-13 01:02:00+00:00,-80.720688
2016-05-13 01:03:00+00:00,-82.211891
2016-05-13 01:04:00+00:00,-81.803085
2016-05-13 01:05:00+00:00,-81.334137
2016-05-13 01:06:00+00:00,-80.926178
2016-05-13 01:07:00+00:00,-80.006081
2016-05-13 01:08:00+00:00,-79.672356
2016-05-13 01:09:00+00:00,-79.137016
2016-05-13 01:10:00+00:00,-77.907913
2016-05-13 01:11:00+00:00,-74.562408
2016-05-13 01:12:00+00:00,-70.473244
2016-05-13 01:13:00+00:00,-68.770485
2016-05-13 01:14:00+00:00,-70.401436
2016-05-13 01:15:00+00:00,-81.718857
2016-05-13 01:16:00+00:00,-83.878029
2016-05-13 01:17:00+00:00,-80.389519
2016-05-13 01:18:00+00:00,-74.075134
2016-05-13 01:19:00+00:00,-76.266548
2016-05-13 01:20:00+00:00,-71.314865
2016-05-13 01:21:00+00:00,-68.335213
2016-05-13 01:22:00+00:00,-78.027184
2016-05-13 01:23:00+00:00,-87.293228
2016-05-13 01:24:00+00:00,-61.85218
2016-05-13 01:25:00+00:00,-56.555336
2016-05-13 01:26:00+00:00,-57.583183
2016-05-13 01:27:00+00:00,-53.466644
2016-05-13 01:28:00+00:00,-55.843468
2016-05-13 01:29:00+00:00,-56.850403
2016-05-13 01:30:00+00:00,-57.234291
2016-05-13 01:31:00+00:00,-57.113953
2016-05-13 01:32:00+00:00,-54.502815
2016-05-13 01:33:00+00:00,-55.444443
2016-05-13 01:34:00+00:00,-63.301102
2016-05-13 01:35:00+00:00,-59.480476
2016-05-13 01:36:00+00:00,-67.351669
2016-05-13 01:37:00+00:00,-69.143761
2016-05-13 01:38:00+00:00,-55.45216
2016-05-13 01:39:00+00:00,-53.387772
2016-05-13 01:40:00+00:00,-42.168324
2016-05-13 01:41:00+00:00,-38.400894
2016-05-13 01:42:00+00:00,-41.421967
2016-05-13 01:43:00+00:00,-33.332115
2016-05-13 01:44:00+00:00,-33.331978
2016-05-13 01:45:00+00:00,-35.111061
2016-05-13 01:46:00+00:00,-37.534229
2016-05-13 01:47:00+00:00,-41.419434
2016-05-13 01:48:00+00:00,-44.429516
2016-05-13 01:49:00+00:00,-44.550232
2016-05-13 01:50:00+00:00,-44.708534
2016-05-13 01:51:00+00:00,-41.85067
2016-05-13 01:52:00+00:00,-37.957405
2016-05-13 01:53:00+00:00,-34.628601
2016-05-13 01:54:00+00:00,-35.95359
2016-05-13 01:55:00+00:00,-36.26009
2016-05-13 01:56:00+00:00,-37.124165
2016-05-13 01:57:00+00:00,-39.475925
2016-05-13 01:58:00+00:00,-38.822479
2016-05-13 01:59:00+00:00,-34.839931
2016-05-13 02:00:00+00:00,-35.268715
2016-05-13 02:01:00+00:00,-35.639023
2016-05-13 02:02:00+00:00,-34.8321
2016-05-13 02:03:00+00:00,-35.1759
2016-05-13 02:04:00+00:00,-35.268684
2016-05-13 02:05:00+00:00,-36.815392
2016-05-13 02:06:00+00:00,-36.942093
2016-05-13 02:07:00+00:00,-36.619259
2016-05-13 02:08:00+00:00,-37.591599
2016-05-13 02:09:00+00:00,-39.541176
2016-05-13 02:10:00+00:00,-41.378826
2016-05-13 02:11:00+00:00,-41.234764
2016-05-13 02:12:00+00:00,-42.9021
2016-05-13 02:13:00+00:00,-44.627304
2016-05-13 02:14:00+00:00,-44.409691
2016-05-13 02:15:00+00:00,-43.723091
2016-05-13 02:16:00+00:00,-41.533752
2016-05-13 02:17:00+00:00,-39.962025
2016-05-13 02:18:00+00:00,-38.104725
2016-05-13 02:19:00+00:00,-39.331558
2016-05-13 02:20:00+00:00,-39.939556
2016-05-13 02:21:00+00:00,-41.083298
2016-05-13 02:22:00+00:00,-42.148643
2016-05-13 02:23:00+00:00,-41.428692
2016-05-13 02:24:00+00:00,-39.90107
2016-05-13 02:25:00+00:00,-38.629665
2016-05-13 02:26:00+00:00,-38.388912
2016-05-13 02:27:00+00:00,-36.669163
2016-05-13 02:28:00+00:00,-35.797234
2016-05-13 02:29:00+00:00,-42.834377
2016-05-13 02:30:00+00:00,-46.034744
2016-05-13 02:31:00+00:00,-45.837856
2016-05-13 02:32:00+00:00,-46.230652
2016-05-13 02:33:00+00:00,-46.463982
2016-05-13 02:34:00+00:00,-44.63364
2016-05-13 02:35:00+00:00,-42.276581
2016-05-13 02:36:00+00:00,-42.771591
2016-05-13 02:37:00+00:00,-44.614723
2016-05-13 02:38:00+00:00,-52.071533
2016-05-13 02:39:00+00:00,-61.106773
2016-05-13 02:40:00+00:00,-59.054619
2016-05-13 02:41:00+00:00,-50.967186
2016-05-13 02:42:00+00:00,-50.617271
2016-05-13 02:43:00+00:00,-49.646301
2016-05-13 02:44:00+00:00,-50.940235
2016-05-13 02:45:00+00:00,-49.974644
2016-05-13 02:46:00+00:00,-46.966995
2016-05-13 02:47:00+00:00,-46.966618
2016-05-20 00:00:00+00:00,-16.93998
2016-05-20 00:01:00+00:00,-16.89007
2016-05-20 00:02:00+00:00,-16.162811
2016-05-20 00:03:00+00:00,-16.805798
2016-05-20 00:04:00+00:00,-16.76693
2016-05-20 00:05:00+00:00,-16.776121
2016-05-20 00:06:00+00:00,-16.703848
2016-05-20 00:07:00+00:00,-16.239279
2016-05-20 00:08:00+00:00,-16.168051
2016-05-20 00:09:00+00:00,-16.10206
2016-05-20 00:10:00+00:00,-16.435734
2016-05-20 00:11:00+00:00,-16.408018
2016-05-20 00:12:00+00:00,-16.54463
2016-05-20 00:13:00+00:00,-16.908718
2016-05-20 00:14:00+00:00,-17.186533
2016-05-20 00:15:00+00:00,-17.678066
2016-05-20 00:16:00+00:00,-18.995144
2016-05-20 00:17:00+00:00,-19.385906
2016-05-20 00:18:00+00:00,-19.252029
2016-05-20 00:19:00+00:00,-20.300978
2016-05-20 00:20:00+00:00,-19.756992
2016-05-20 00:21:00+00:00,-20.043472
2016-05-20 00:22:00+00:00,-22.011511
2016-05-20 00:23:00+00:00,-22.977076
2016-05-20 00:24:00+00:00,-22.933033
2016-05-20 00:25:00+00:00,-21.897066
2016-05-20 00:26:00+00:00,-22.870014
2016-05-20 00:27:00+00:00,-22.844194
2016-05-20 00:28:00+00:00,-21.826273
2016-05-20 00:29:00+00:00,-20.94553
2016-05-20 00:30:00+00:00,-20.979107
2016-05-20 00:31:00+00:00,-23.757278
2016-05-20 00:32:00+00:00,-31.578407
2016-05-20 00:33:00+00:00,-33.402184
2016-05-20 00:34:00+00:00,-33.306618
2016-05-20 00:35:00+00:00,-38.24823
2016-05-20 00:36:00+00:00,-46.113201
2016-05-20 00:37:00+00:00,-53.076836
2016-05-20 00:38:00+00:00,-65.059372
2016-05-20 00:39:00+00:00,-75.903587
2016-05-20 00:40:00+00:00,-76.868217
2016-05-20 00:41:00+00:00,-78.873718
2016-05-20 00:42:00+00:00,-84.680603
2016-05-20 00:43:00+00:00,-83.530121
2016-05-20 00:44:00+00:00,-81.575134
2016-05-20 00:45:00+00:00,-87.500969
2016-05-20 00:46:00+00:00,-88.387733
2016-05-20 00:47:00+00:00,-81.375038
2016-05-20 00:48:00+00:00,-78.500008
2016-05-20 00:49:00+00:00,-83.583725
2016-05-20 00:50:00+00:00,-93.468994
2016-05-20 00:51:00+00:00,-93.35498
2016-05-20 00:52:00+00:00,-88.30127
2016-05-20 00:53:00+00:00,-87.049858
2016-05-20 00:54:00+00:00,-75.094917
2016-05-20 00:55:00+00:00,-57.497421
2016-05-20 00:56:00+00:00,-66.695351
2016-05-20 00:57:00+00:00,-88.456635
2016-05-20 00:58:00+00:00,-90.241226
2016-05-20 00:59:00+00:00,-82.559349
2016-05-20 01:00:00+00:00,-84.697044
2016-05-20 01:01:00+00:00,-93.47966
2016-05-20 01:02:00+00:00,-102.320366
2016-05-20 01:03:00+00:00,-96.283066
2016-05-20 01:04:00+00:00,-93.265587
2016-05-20 01:05:00+00:00,-94.187782
2016-05-20 01:06:00+00:00,-93.130638
2016-05-20 01:07:00+00:00,-93.369484
2016-05-20 01:08:00+00:00,-91.569221
2016-05-20 01:09:00+00:00,-93.393372
2016-05-20 01:10:00+00:00,-87.335999
2016-05-20 01:11:00+00:00,-79.726677
2016-05-20 01:12:00+00:00,-80.499771
2016-05-20 01:13:00+00:00,-79.209274
2016-05-20 01:14:00+00:00,-77.263252
2016-05-20 01:15:00+00:00,-72.784821
2016-05-20 01:16:00+00:00,-68.478516
2016-05-20 01:17:00+00:00,-66.945038
2016-05-20 01:18:00+00:00,-65.018661
2016-05-20 01:19:00+00:00,-62.442596
2016-05-20 01:20:00+00:00,-60.429596
2016-05-20 01:21:00+00:00,-61.067474
2016-05-20 01:22:00+00:00,-61.495705
2016-05-20 01:23:00+00:00,-62.566929
2016-05-20 01:24:00+00:00,-66.117897
2016-05-20 01:25:00+00:00,-67.201271
2016-05-20 01:26:00+00:00,-69.30217
2016-05-20 01:27:00+00:00,-77.966301
2016-05-20 01:28:00+00:00,-93.911896
2016-05-20 01:29:00+00:00,-102.849915
2016-05-20 01:30:00+00:00,-95.786766
2016-05-20 01:31:00+00:00,-109.728432
2016-05-20 01:32:00+00:00,-117.675835
2016-05-20 01:33:00+00:00,-122.619385
2016-05-20 01:34:00+00:00,-128.559784
2016-05-20 01:35:00+00:00,-143.500168
2016-05-20 01:36:00+00:00,-125.451294
2016-05-20 01:37:00+00:00,-126.392769
2016-05-20 01:38:00+00:00,-129.321533
2016-05-20 01:39:00+00:00,-127.255264
2016-05-20 01:40:00+00:00,-130.197922
2016-05-20 01:41:00+00:00,-153.167145
2016-05-20 01:42:00+00:00,-172.108185
2016-05-20 01:43:00+00:00,-179.042633
2016-05-20 01:44:00+00:00,-192.966583
2016-05-20 01:45:00+00:00,-188.887894
2016-05-20 01:46:00+00:00,-174.820267
2016-05-20 01:47:00+00:00,-174.753967
2016-05-20 01:48:00+00:00,-167.687027
2016-05-20 01:49:00+00:00,-152.615662
2016-05-20 01:50:00+00:00,-146.036438
2016-05-20 01:51:00+00:00,-156.351517
2016-05-20 01:52:00+00:00,-157.855515
2016-05-20 01:53:00+00:00,-158.489334
2016-05-20 01:54:00+00:00,-163.793716
2016-05-20 01:55:00+00:00,-168.939529
2016-05-20 01:56:00+00:00,-180.142242
2016-05-20 01:57:00+00:00,-189.229568
2016-05-20 01:58:00+00:00,-191.114288
2016-05-20 01:59:00+00:00,-189.755005
2016-05-20 02:00:00+00:00,-194.397461
2016-05-20 02:01:00+00:00,-194.481186
2016-05-20 02:02:00+00:00,-200.186279
2016-05-20 02:03:00+00:00,-197.82486
2016-05-20 02:04:00+00:00,-188.435593
2016-05-20 02:05:00+00:00,-180.443863
2016-05-20 02:06:00+00:00,-176.692413
2016-05-20 02:07:00+00:00,-170.7883
2016-05-20 02:08:00+00:00,-164.301392
2016-05-20 02:09:00+00:00,-161.781174
2016-05-20 02:10:00+00:00,-154.402344
2016-05-20 02:11:00+00:00,-150.004639
2016-05-20 02:12:00+00:00,-144.04924
2016-05-20 02:13:00+00:00,-142.17244
2016-05-20 02:14:00+00:00,-137.711884
2016-05-20 02:15:00+00:00,-140.347488
2016-05-20 02:16:00+00:00,-151.590759
2016-05-20 02:17:00+00:00,-149.283432
2016-05-20 02:18:00+00:00,-148.009521
2016-05-20 02:19:00+00:00,-153.285629
2016-05-20 02:20:00+00:00,-155.852051
2016-05-20 02:21:00+00:00,-154.085526
2016-05-20 02:22:00+00:00,-157.733795
2016-05-20 02:23:00+00:00,-155.730164
2016-05-20 02:24:00+00:00,-163.647552
2016-05-20 02:25:00+00:00,-156.010391
2016-05-20 02:26:00+00:00,-151.832352
2016-05-20 02:27:00+00:00,-145.957764
2016-05-20 02:28:00+00:00,-139.237
2016-05-20 02:29:00+00:00,-134.32901
2016-05-20 02:30:00+00:00,-135.078674
2016-05-20 02:31:00+00:00,-143.347992
2016-05-20 02:32:00+00:00,-151.234222
2016-05-20 02:33:00+00:00,-154.8302
2016-05-20 02:34:00+00:00,-153.792084
2016-05-20 02:35:00+00:00,-158.572113
2016-05-20 02:36:00+00:00,-153.632187
2016-05-20 02:37:00+00:00,-157.591553
2016-05-20 02:38:00+00:00,-150.383636
2016-05-20 02:39:00+00:00,-143.929428
2016-05-20 02:40:00+00:00,-137.079529
2016-05-20 02:41:00+00:00,-124.401489
2016-05-20 02:42:00+00:00,-109.137222
2016-05-20 02:43:00+00:00,-115.874748
2016-05-20 02:44:00+00:00,-109.292992
2016-05-20 02:45:00+00:00,-105.452148
2016-05-20 02:46:00+00:00,-105.234245
2016-05-20 02:47:00+00:00,-94.228149
2016-05-27 00:00:00+00:00,-31.939356
2016-05-27 00:01:00+00:00,-33.228611
2016-05-27 00:02:00+00:00,-31.50771
2016-05-27 00:03:00+00:00,-28.937765
2016-05-27 00:04:00+00:00,-30.943773
2016-05-27 00:05:00+00:00,-35.254307
2016-05-27 00:06:00+00:00,-34.331505
2016-05-27 00:07:00+00:00,-29.999655
2016-05-27 00:08:00+00:00,-24.722532
2016-05-27 00:09:00+00:00,-24.098835
2016-05-27 00:10:00+00:00,-27.4058
2016-05-27 00:11:00+00:00,-27.278955
2016-05-27 00:12:00+00:00,-24.210968
2016-05-27 00:13:00+00:00,-25.602329
2016-05-27 00:14:00+00:00,-29.143589
2016-05-27 00:15:00+00:00,-31.6516
2016-05-27 00:16:00+00:00,-32.205585
2016-05-27 00:17:00+00:00,-34.071068
2016-05-27 00:18:00+00:00,-35.278446
2016-05-27 00:19:00+00:00,-32.822304
2016-05-27 00:20:00+00:00,-25.965456
2016-05-27 00:21:00+00:00,-19.160934
2016-05-27 00:22:00+00:00,-15.777975
2016-05-27 00:23:00+00:00,-15.209641
2016-05-27 00:24:00+00:00,-14.258774
2016-05-27 00:25:00+00:00,-13.561993
2016-05-27 00:26:00+00:00,-13.762903
2016-05-27 00:27:00+00:00,-12.44997
2016-05-27 00:28:00+00:00,-11.649624
2016-05-27 00:29:00+00:00,-10.955614
2016-05-27 00:30:00+00:00,-12.143007
2016-05-27 00:31:00+00:00,-13.172182
2016-05-27 00:32:00+00:00,-13.202962
2016-05-27 00:33:00+00:00,-12.242087
2016-05-27 00:34:00+00:00,-12.288264
2016-05-27 00:35:00+00:00,-13.322337
2016-05-27 00:36:00+00:00,-14.359267
2016-05-27 00:37:00+00:00,-14.401946
2016-05-27 00:38:00+00:00,-15.450912
2016-05-27 00:39:00+00:00,-16.500259
2016-05-27 00:40:00+00:00,-17.543953
2016-05-27 00:41:00+00:00,-18.588312
2016-05-27 00:42:00+00:00,-19.644098
2016-05-27 00:43:00+00:00,-19.700052
2016-05-27 00:44:00+00:00,-20.743437
2016-05-27 00:45:00+00:00,-22.785524
2016-05-27 00:46:00+00:00,-21.839464
2016-05-27 00:47:00+00:00,-22.892384
2016-05-27 00:48:00+00:00,-22.931974
2016-05-27 00:49:00+00:00,-24.96962
2016-05-27 00:50:00+00:00,-26.005722
2016-05-27 00:51:00+00:00,-27.04743
2016-05-27 00:52:00+00:00,-27.086239
2016-05-27 00:53:00+00:00,-27.110287
2016-05-27 00:54:00+00:00,-27.131603
2016-05-27 00:55:00+00:00,-26.157341
2016-05-27 00:56:00+00:00,-27.187149
2016-05-27 00:57:00+00:00,-27.201141
2016-05-27 00:58:00+00:00,-26.218052
2016-05-27 00:59:00+00:00,-26.327343
2016-05-27 01:00:00+00:00,-27.385166
2016-05-27 01:01:00+00:00,-28.489309
2016-05-27 01:02:00+00:00,-30.163654
2016-05-27 01:03:00+00:00,-30.793144
2016-05-27 01:04:00+00:00,-31.623556
2016-05-27 01:05:00+00:00,-36.348412
2016-05-27 01:06:00+00:00,-40.264595
2016-05-27 01:07:00+00:00,-43.809834
2016-05-27 01:08:00+00:00,-47.467106
2016-05-27 01:09:00+00:00,-48.179008
2016-05-27 01:10:00+00:00,-52.155518
2016-05-27 01:11:00+00:00,-54.600815
2016-05-27 01:12:00+00:00,-59.710888
2016-05-27 01:13:00+00:00,-61.496994
2016-05-27 01:14:00+00:00,-64.669388
2016-05-27 01:15:00+00:00,-69.99791
2016-05-27 01:16:00+00:00,-82.333412
2016-05-27 01:17:00+00:00,-90.209068
2016-05-27 01:18:00+00:00,-89.847893
2016-05-27 01:19:00+00:00,-90.227585
2016-05-27 01:20:00+00:00,-90.331055
2016-05-27 01:21:00+00:00,-97.584938
2016-05-27 01:22:00+00:00,-95.440872
2016-05-27 01:23:00+00:00,-100.969292
2016-05-27 01:24:00+00:00,-103.507538
2016-05-27 01:25:00+00:00,-113.579285
2016-05-27 01:26:00+00:00,-118.125755
2016-05-27 01:27:00+00:00,-115.54454
2016-05-27 01:28:00+00:00,-118.442741
2016-05-27 01:29:00+00:00,-113.33226
2016-05-27 01:30:00+00:00,-113.671585
2016-05-27 01:31:00+00:00,-115.997467
2016-05-27 01:32:00+00:00,-119.757248
2016-05-27 01:33:00+00:00,-119.895813
2016-05-27 01:34:00+00:00,-118.427567
2016-05-27 01:35:00+00:00,-119.182159
2016-05-27 01:36:00+00:00,-115.44693
2016-05-27 01:37:00+00:00,-114.976089
2016-05-27 01:38:00+00:00,-114.264374
2016-05-27 01:39:00+00:00,-113.79718
2016-05-27 01:40:00+00:00,-111.210777
2016-05-27 01:41:00+00:00,-112.554359
2016-05-27 01:42:00+00:00,-110.801544
2016-05-27 01:43:00+00:00,-115.131401
2016-05-27 01:44:00+00:00,-119.885689
2016-05-27 01:45:00+00:00,-117.113625
2016-05-27 01:46:00+00:00,-123.083504
2016-05-27 01:47:00+00:00,-120.605835
2016-05-27 01:48:00+00:00,-123.417381
2016-05-27 01:49:00+00:00,-124.102203
2016-05-27 01:50:00+00:00,-124.683136
2016-05-27 01:51:00+00:00,-128.552734
2016-05-27 01:52:00+00:00,-135.858093
2016-05-27 01:53:00+00:00,-152.03125
2016-05-27 01:54:00+00:00,-151.283936
2016-05-27 01:55:00+00:00,-161.169418
2016-05-27 01:56:00+00:00,-168.435562
2016-05-27 01:57:00+00:00,-218.609512
2016-05-27 01:58:00+00:00,-248.255447
2016-05-27 01:59:00+00:00,-225.355957
2016-05-27 02:00:00+00:00,-271.728241
2016-05-27 02:01:00+00:00,-255.975204
2016-05-27 02:02:00+00:00,-221.656204
2016-05-27 02:03:00+00:00,-213.836029
2016-05-27 02:04:00+00:00,-213.592636
2016-05-27 02:05:00+00:00,-236.273987
2016-05-27 02:06:00+00:00,-221.928055
2016-05-27 02:07:00+00:00,-226.167709
2016-05-27 02:08:00+00:00,-235.285202
2016-05-27 02:09:00+00:00,-236.649002
2016-05-27 02:10:00+00:00,-237.084396
2016-05-27 02:11:00+00:00,-235.501221
2016-05-27 02:12:00+00:00,-238.095947
2016-05-27 02:13:00+00:00,-235.496292
2016-05-27 02:14:00+00:00,-223.620926
2016-05-27 02:15:00+00:00,-219.929184
2016-05-27 02:16:00+00:00,-216.620056
2016-05-27 02:17:00+00:00,-217.171005
2016-05-27 02:18:00+00:00,-221.025177
2016-05-27 02:19:00+00:00,-209.965118
2016-05-27 02:20:00+00:00,-200.628296
2016-05-27 02:21:00+00:00,-199.268188
2016-05-27 02:22:00+00:00,-209.247635
2016-05-27 02:23:00+00:00,-220.063065
2016-05-27 02:24:00+00:00,-233.315063
2016-05-27 02:25:00+00:00,-246.771179
2016-05-27 02:26:00+00:00,-250.181427
2016-05-27 02:27:00+00:00,-248.408936
2016-05-27 02:28:00+00:00,-246.717392
2016-05-27 02:29:00+00:00,-236.570694
2016-05-27 02:30:00+00:00,-231.808273
2016-05-27 02:31:00+00:00,-225.282318
2016-05-27 02:32:00+00:00,-224.489685
2016-05-27 02:33:00+00:00,-230.770386
2016-05-27 02:34:00+00:00,-230.389511
2016-05-27 02:35:00+00:00,-227.669357
2016-05-27 02:36:00+00:00,-232.05127
2016-05-27 02:37:00+00:00,-230.871201
2016-05-27 02:38:00+00:00,-233.842743
2016-05-27 02:39:00+00:00,-243.700867
2016-05-27 02:40:00+00:00,-250.216461
2016-05-27 02:41:00+00:00,-266.963959
2016-05-27 02:42:00+00:00,-286.247589
2016-05-27 02:43:00+00:00,-298.238525
2016-05-27 02:44:00+00:00,-317.57373
2016-05-27 02:45:00+00:00,-332.588623
2016-05-27 02:46:00+00:00,-373.009491
2016-05-27 02:47:00+00:00,-408.904724
2016-06-03 00:00:00+00:00,-139.322525
2016-06-03 00:01:00+00:00,-143.343063
2016-06-03 00:02:00+00:00,-149.81868
2016-06-03 00:03:00+00:00,-152.398788
2016-06-03 00:04:00+00:00,-144.8078
2016-06-03 00:05:00+00:00,-141.07225
2016-06-03 00:06:00+00:00,-148.587173
2016-06-03 00:07:00+00:00,-154.420334
2016-06-03 00:08:00+00:00,-169.983017
2016-06-03 00:09:00+00:00,-199.602692
2016-06-03 00:10:00+00:00,-203.684952
2016-06-03 00:11:00+00:00,-213.765579
2016-06-03 00:12:00+00:00,-232.78923
2016-06-03 00:13:00+00:00,-240.929825
2016-06-03 00:14:00+00:00,-218.703278
2016-06-03 00:15:00+00:00,-193.969635
2016-06-03 00:16:00+00:00,-203.32782
2016-06-03 00:17:00+00:00,-212.707611
2016-06-03 00:18:00+00:00,-217.390564
2016-06-03 00:19:00+00:00,-211.208374
2016-06-03 00:20:00+00:00,-209.304916
2016-06-03 00:21:00+00:00,-218.057236
2016-06-03 00:22:00+00:00,-216.298645
2016-06-03 00:23:00+00:00,-199.63327
2016-06-03 00:24:00+00:00,-190.538986
2016-06-03 00:25:00+00:00,-194.668503
2016-06-03 00:26:00+00:00,-193.593628
2016-06-03 00:27:00+00:00,-186.263947
2016-06-03 00:28:00+00:00,-182.672714
2016-06-03 00:29:00+00:00,-180.272491
2016-06-03 00:30:00+00:00,-177.635986
2016-06-03 00:31:00+00:00,-174.003754
2016-06-03 00:32:00+00:00,-173.189407
2016-06-03 00:33:00+00:00,-171.676788
2016-06-03 00:34:00+00:00,-170.269012
2016-06-03 00:35:00+00:00,-171.387451
2016-06-03 00:36:00+00:00,-170.405258
2016-06-03 00:37:00+00:00,-166.705688
2016-06-03 00:38:00+00:00,-155.823334
2016-06-03 00:39:00+00:00,-147.47641
2016-06-03 00:40:00+00:00,-149.607758
2016-06-03 00:41:00+00:00,-151.117172
2016-06-03 00:42:00+00:00,-156.254166
2016-06-03 00:43:00+00:00,-155.761978
2016-06-03 00:44:00+00:00,-149.891113
2016-06-03 00:45:00+00:00,-143.69072
2016-06-03 00:46:00+00:00,-140.595871
2016-06-03 00:47:00+00:00,-138.629105
2016-06-03 00:48:00+00:00,-132.704102
2016-06-03 00:49:00+00:00,-127.518295
2016-06-03 00:50:00+00:00,-128.001923
2016-06-03 00:51:00+00:00,-124.473473
2016-06-03 00:52:00+00:00,-118.427727
2016-06-03 00:53:00+00:00,-116.508255
2016-06-03 00:54:00+00:00,-115.177597
2016-06-03 00:55:00+00:00,-111.138664
2016-06-03 00:56:00+00:00,-103.892258
2016-06-03 00:57:00+00:00,-100.512344
2016-06-03 00:58:00+00:00,-101.516602
2016-06-03 00:59:00+00:00,-101.701828
2016-06-03 01:00:00+00:00,-99.072464
2016-06-03 01:01:00+00:00,-92.73098
2016-06-03 01:02:00+00:00,-87.708832
2016-06-03 01:03:00+00:00,-85.496201
2016-06-03 01:04:00+00:00,-79.759407
2016-06-03 01:05:00+00:00,-72.598015
2016-06-03 01:06:00+00:00,-68.188194
2016-06-03 01:07:00+00:00,-67.18811
2016-06-03 01:08:00+00:00,-65.007561
2016-06-03 01:09:00+00:00,-63.23185
2016-06-03 01:10:00+00:00,-61.544117
2016-06-03 01:11:00+00:00,-60.651291
2016-06-03 01:12:00+00:00,-62.220772
2016-06-03 01:13:00+00:00,-59.833939
2016-06-03 01:14:00+00:00,-55.245625
2016-06-03 01:15:00+00:00,-51.144547
2016-06-03 01:16:00+00:00,-49.04689
2016-06-03 01:17:00+00:00,-49.796532
2016-06-03 01:18:00+00:00,-52.011356
2016-06-03 01:19:00+00:00,-53.40192
2016-06-03 01:20:00+00:00,-55.002007
2016-06-03 01:21:00+00:00,-56.865719
2016-06-03 01:22:00+00:00,-59.085678
2016-06-03 01:23:00+00:00,-59.755623
2016-06-03 01:24:00+00:00,-59.104206
2016-06-03 01:25:00+00:00,-62.703224
2016-06-03 01:26:00+00:00,-63.057716
2016-06-03 01:27:00+00:00,-61.162865
2016-06-03 01:28:00+00:00,-60.871109
2016-06-03 01:29:00+00:00,-60.362022
2016-06-03 01:30:00+00:00,-59.335747
2016-06-03 01:31:00+00:00,-57.921635
2016-06-03 01:32:00+00:00,-54.679626
2016-06-03 01:33:00+00:00,-51.450615
2016-06-03 01:34:00+00:00,-49.227764
2016-06-03 01:35:00+00:00,-47.980625
2016-06-03 01:36:00+00:00,-46.743568
2016-06-03 01:37:00+00:00,-46.499542
2016-06-03 01:38:00+00:00,-46.262665
2016-06-03 01:39:00+00:00,-46.022762
2016-06-03 01:40:00+00:00,-47.775848
2016-06-03 01:41:00+00:00,-48.536785
2016-06-03 01:42:00+00:00,-51.275257
2016-06-03 01:43:00+00:00,-53.011467
2016-06-03 01:44:00+00:00,-53.755447
2016-06-03 01:45:00+00:00,-53.515022
2016-06-03 01:46:00+00:00,-52.267048
2016-06-03 01:47:00+00:00,-52.009758
2016-06-03 01:48:00+00:00,-54.733082
2016-06-03 01:49:00+00:00,-54.45919
2016-06-03 01:50:00+00:00,-53.191689
2016-06-03 01:51:00+00:00,-51.909775
2016-06-03 01:52:00+00:00,-51.623348
2016-06-03 01:53:00+00:00,-51.340519
2016-06-03 01:54:00+00:00,-52.064354
2016-06-03 01:55:00+00:00,-52.79108
2016-06-03 01:56:00+00:00,-52.515148
2016-06-03 01:57:00+00:00,-51.239128
2016-06-03 01:58:00+00:00,-50.971024
2016-06-03 01:59:00+00:00,-50.699764
2016-06-03 02:00:00+00:00,-50.439766
2016-06-03 02:01:00+00:00,-50.207611
2016-06-03 02:02:00+00:00,-50.950226
2016-06-03 02:03:00+00:00,-52.687241
2016-06-03 02:04:00+00:00,-54.425934
2016-06-03 02:05:00+00:00,-55.162537
2016-06-03 02:06:00+00:00,-55.883606
2016-06-03 02:07:00+00:00,-57.598885
2016-06-03 02:08:00+00:00,-58.323708
2016-06-03 02:09:00+00:00,-57.040504
2016-06-03 02:10:00+00:00,-54.758492
2016-06-03 02:11:00+00:00,-53.466736
2016-06-03 02:12:00+00:00,-52.166656
2016-06-03 02:13:00+00:00,-51.874096
2016-06-03 02:14:00+00:00,-51.577263
2016-06-03 02:15:00+00:00,-52.305313
2016-06-03 02:16:00+00:00,-53.041073
2016-06-03 02:17:00+00:00,-52.776958
2016-06-03 02:18:00+00:00,-50.509506
2016-06-03 02:19:00+00:00,-49.233635
2016-06-03 02:20:00+00:00,-45.951721
2016-06-03 02:21:00+00:00,-44.671814
2016-06-03 02:22:00+00:00,-44.389561
2016-06-03 02:23:00+00:00,-43.106548
2016-06-03 02:24:00+00:00,-40.839394
2016-06-03 02:25:00+00:00,-39.570675
2016-06-03 02:26:00+00:00,-39.322289
2016-06-03 02:27:00+00:00,-39.069443
2016-06-03 02:28:00+00:00,-36.820175
2016-06-03 02:29:00+00:00,-33.543079
2016-06-03 02:30:00+00:00,-30.273378
2016-06-03 02:31:00+00:00,-28.559359
2016-06-03 02:32:00+00:00,-28.830875
2016-06-03 02:33:00+00:00,-29.304691
2016-06-03 02:34:00+00:00,-29.293123
2016-06-03 02:35:00+00:00,-30.072117
2016-06-03 02:36:00+00:00,-30.76569
2016-06-03 02:37:00+00:00,-30.02734
2016-06-03 02:38:00+00:00,-32.157677
2016-06-03 02:39:00+00:00,-32.73526
2016-06-03 02:40:00+00:00,-35.90274
2016-06-03 02:41:00+00:00,-43.164833
2016-06-03 02:42:00+00:00,-43.690044
2016-06-03 02:43:00+00:00,-41.860558
2016-06-03 02:44:00+00:00,-39.853294
2016-06-03 02:45:00+00:00,-37.403454
2016-06-03 02:46:00+00:00,-35.385544
2016-06-03 02:47:00+00:00,-36.538696
2016-06-10 00:00:00+00:00,-39.932178
2016-06-10 00:01:00+00:00,-39.809959
2016-06-10 00:02:00+00:00,-39.55508
2016-06-10 00:03:00+00:00,-39.34766
2016-06-10 00:04:00+00:00,-38.831684
2016-06-10 00:05:00+00:00,-37.37965
2016-06-10 00:06:00+00:00,-38.825481
2016-06-10 00:07:00+00:00,-39.089531
2016-06-10 00:08:00+00:00,-40.553085
2016-06-10 00:09:00+00:00,-42.204842
2016-06-10 00:10:00+00:00,-42.492508
2016-06-10 00:11:00+00:00,-43.592293
2016-06-10 00:12:00+00:00,-44.898663
2016-06-10 00:13:00+00:00,-45.454041
2016-06-10 00:14:00+00:00,-44.581612
2016-06-10 00:15:00+00:00,-43.886292
2016-06-10 00:16:00+00:00,-42.993885
2016-06-10 00:17:00+00:00,-42.541256
2016-06-10 00:18:00+00:00,-41.630795
2016-06-10 00:19:00+00:00,-42.07494
2016-06-10 00:20:00+00:00,-43.291107
2016-06-10 00:21:00+00:00,-43.094673
2016-06-10 00:22:00+00:00,-42.714577
2016-06-10 00:23:00+00:00,-41.559135
2016-06-10 00:24:00+00:00,-38.460426
2016-06-10 00:25:00+00:00,-37.803368
2016-06-10 00:26:00+00:00,-36.463383
2016-06-10 00:27:00+00:00,-35.951641
2016-06-10 00:28:00+00:00,-35.153828
2016-06-10 00:29:00+00:00,-34.627991
2016-06-10 00:30:00+00:00,-35.055706
2016-06-10 00:31:00+00:00,-35.952049
2016-06-10 00:32:00+00:00,-36.075233
2016-06-10 00:33:00+00:00,-36.481342
2016-06-10 00:34:00+00:00,-36.316891
2016-06-10 00:35:00+00:00,-35.827518
2016-06-10 00:36:00+00:00,-35.086502
2016-06-10 00:37:00+00:00,-33.564095
2016-06-10 00:38:00+00:00,-32.699387
2016-06-10 00:39:00+00:00,-33.633305
2016-06-10 00:40:00+00:00,-33.46611
2016-06-10 00:41:00+00:00,-33.243244
2016-06-10 00:42:00+00:00,-32.460915
2016-06-10 00:43:00+00:00,-33.14151
2016-06-10 00:44:00+00:00,-32.071434
2016-06-10 00:45:00+00:00,-31.316006
2016-06-10 00:46:00+00:00,-31.755886
2016-06-10 00:47:00+00:00,-32.879387
2016-06-10 00:48:00+00:00,-33.587109
2016-06-10 00:49:00+00:00,-33.560726
2016-06-10 00:50:00+00:00,-34.024391
2016-06-10 00:51:00+00:00,-36.266228
2016-06-10 00:52:00+00:00,-38.317032
2016-06-10 00:53:00+00:00,-40.623848
2016-06-10 00:54:00+00:00,-42.826855
2016-06-10 00:55:00+00:00,-44.821354
2016-06-10 00:56:00+00:00,-45.657181
2016-06-10 00:57:00+00:00,-47.402248
2016-06-10 00:58:00+00:00,-49.53022
2016-06-10 00:59:00+00:00,-49.780876
2016-06-10 01:00:00+00:00,-48.76265
2016-06-10 01:01:00+00:00,-49.198063
2016-06-10 01:02:00+00:00,-49.98465
2016-06-10 01:03:00+00:00,-51.499142
2016-06-10 01:04:00+00:00,-53.386681
2016-06-10 01:05:00+00:00,-54.384193
2016-06-10 01:06:00+00:00,-54.608505
2016-06-10 01:07:00+00:00,-53.147129
2016-06-10 01:08:00+00:00,-52.507347
2016-06-10 01:09:00+00:00,-52.199352
2016-06-10 01:10:00+00:00,-52.403297
2016-06-10 01:11:00+00:00,-52.484539
2016-06-10 01:12:00+00:00,-51.598953
2016-06-10 01:13:00+00:00,-49.074783
2016-06-10 01:14:00+00:00,-46.745647
2016-06-10 01:15:00+00:00,-44.806484
2016-06-10 01:16:00+00:00,-42.951485
2016-06-10 01:17:00+00:00,-41.55484
2016-06-10 01:18:00+00:00,-40.34296
2016-06-10 01:19:00+00:00,-38.359421
2016-06-10 01:20:00+00:00,-35.712742
2016-06-10 01:21:00+00:00,-33.587124
2016-06-10 01:22:00+00:00,-33.015888
2016-06-10 01:23:00+00:00,-32.332481
2016-06-10 01:24:00+00:00,-31.097931
2016-06-10 01:25:00+00:00,-28.698881
2016-06-10 01:26:00+00:00,-27.081251
2016-06-10 01:27:00+00:00,-25.357954
2016-06-10 01:28:00+00:00,-24.173151
2016-06-10 01:29:00+00:00,-23.843367
2016-06-10 01:30:00+00:00,-23.9112
2016-06-10 01:31:00+00:00,-23.154787
2016-06-10 01:32:00+00:00,-22.945698
2016-06-10 01:33:00+00:00,-22.280842
2016-06-10 01:34:00+00:00,-21.593605
2016-06-10 01:35:00+00:00,-21.569683
2016-06-10 01:36:00+00:00,-22.312746
2016-06-10 01:37:00+00:00,-22.898138
2016-06-10 01:38:00+00:00,-23.064108
2016-06-10 01:39:00+00:00,-23.245743
2016-06-10 01:40:00+00:00,-23.516747
2016-06-10 01:41:00+00:00,-23.662889
2016-06-10 01:42:00+00:00,-25.180086
2016-06-10 01:43:00+00:00,-27.183495
2016-06-10 01:44:00+00:00,-28.073662
2016-06-10 01:45:00+00:00,-28.673492
2016-06-10 01:46:00+00:00,-28.989223
2016-06-10 01:47:00+00:00,-28.775003
2016-06-10 01:48:00+00:00,-28.074135
2016-06-10 01:49:00+00:00,-26.951714
2016-06-10 01:50:00+00:00,-26.242855
2016-06-10 01:51:00+00:00,-25.246052
2016-06-10 01:52:00+00:00,-25.385775
2016-06-10 01:53:00+00:00,-26.796608
2016-06-10 01:54:00+00:00,-27.124958
2016-06-10 01:55:00+00:00,-28.390106
2016-06-10 01:56:00+00:00,-29.551186
2016-06-10 01:57:00+00:00,-32.045856
2016-06-10 01:58:00+00:00,-35.007565
2016-06-10 01:59:00+00:00,-35.466743
2016-06-10 02:00:00+00:00,-36.165245
2016-06-10 02:01:00+00:00,-36.942444
2016-06-10 02:02:00+00:00,-36.727921
2016-06-10 02:03:00+00:00,-36.456108
2016-06-10 02:04:00+00:00,-36.19442
2016-06-10 02:05:00+00:00,-36.857941
2016-06-10 02:06:00+00:00,-38.363693
2016-06-10 02:07:00+00:00,-39.673637
2016-06-10 02:08:00+00:00,-41.22961
2016-06-10 02:09:00+00:00,-43.888447
2016-06-10 02:10:00+00:00,-45.659798
2016-06-10 02:11:00+00:00,-46.706516
2016-06-10 02:12:00+00:00,-47.559628
2016-06-10 02:13:00+00:00,-48.26284
2016-06-10 02:14:00+00:00,-49.881367
2016-06-10 02:15:00+00:00,-50.307545
2016-06-10 02:16:00+00:00,-51.980564
2016-06-10 02:17:00+00:00,-54.212734
2016-06-10 02:18:00+00:00,-56.180576
2016-06-10 02:19:00+00:00,-56.582108
2016-06-10 02:20:00+00:00,-57.266705
2016-06-10 02:21:00+00:00,-57.586681
2016-06-10 02:22:00+00:00,-59.125793
2016-06-10 02:23:00+00:00,-60.411629
2016-06-10 02:24:00+00:00,-61.147995
2016-06-10 02:25:00+00:00,-61.374283
2016-06-10 02:26:00+00:00,-61.897888
2016-06-10 02:27:00+00:00,-62.465645
2016-06-10 02:28:00+00:00,-62.46209
2016-06-10 02:29:00+00:00,-61.226845
2016-06-10 02:30:00+00:00,-59.746979
2016-06-10 02:31:00+00:00,-59.935806
2016-06-10 02:32:00+00:00,-60.965515
2016-06-10 02:33:00+00:00,-61.678448
2016-06-10 02:34:00+00:00,-61.46022
2016-06-10 02:35:00+00:00,-60.9533
2016-06-10 02:36:00+00:00,-59.670254
2016-06-10 02:37:00+00:00,-60.033813
2016-06-10 02:38:00+00:00,-58.571499
2016-06-10 02:39:00+00:00,-59.780582
2016-06-10 02:40:00+00:00,-59.174969
2016-06-10 02:41:00+00:00,-59.175438
2016-06-10 02:42:00+00:00,-60.257454
2016-06-10 02:43:00+00:00,-60.24316
2016-06-10 02:44:00+00:00,-59.382435
2016-06-10 02:45:00+00:00,-59.994499
2016-06-10 02:46:00+00:00,-59.943172
2016-06-10 02:47:00+00:00,-59.940781
2016-06-17 00:00:00+00:00,-25.255333
2016-06-17 00:01:00+00:00,-21.156898
2016-06-17 00:02:00+00:00,-20.058361
2016-06-17 00:03:00+00:00,-22.530474
2016-06-17 00:04:00+00:00,-22.792362
2016-06-17 00:05:00+00:00,-21.349207
2016-06-17 00:06:00+00:00,-22.184353
2016-06-17 00:07:00+00:00,-27.291889
2016-06-17 00:08:00+00:00,-31.221941
2016-06-17 00:09:00+00:00,-27.48353
2016-06-17 00:10:00+00:00,-20.934345
2016-06-17 00:11:00+00:00,-19.584099
2016-06-17 00:12:00+00:00,-21.143681
2016-06-17 00:13:00+00:00,-20.349258
2016-06-17 00:14:00+00:00,-19.128824
2016-06-17 00:15:00+00:00,-20.077536
2016-06-17 00:16:00+00:00,-22.805019
2016-06-17 00:17:00+00:00,-24.26408
2016-06-17 00:18:00+00:00,-22.871979
2016-06-17 00:19:00+00:00,-20.550655
2016-06-17 00:20:00+00:00,-19.876352
2016-06-17 00:21:00+00:00,-20.450695
2016-06-17 00:22:00+00:00,-21.069645
2016-06-17 00:23:00+00:00,-22.443335
2016-06-17 00:24:00+00:00,-21.560883
2016-06-17 00:25:00+00:00,-21.755465
2016-06-17 00:26:00+00:00,-24.088675
2016-06-17 00:27:00+00:00,-25.507843
2016-06-17 00:28:00+00:00,-24.920261
2016-06-17 00:29:00+00:00,-25.894354
2016-06-17 00:30:00+00:00,-24.405777
2016-06-17 00:31:00+00:00,-25.024773
2016-06-17 00:32:00+00:00,-26.352707
2016-06-17 00:33:00+00:00,-22.235558
2016-06-17 00:34:00+00:00,-23.636192
2016-06-17 00:35:00+00:00,-25.059153
2016-06-17 00:36:00+00:00,-25.283642
2016-06-17 00:37:00+00:00,-27.759254
2016-06-17 00:38:00+00:00,-32.484142
2016-06-17 00:39:00+00:00,-34.139889
2016-06-17 00:40:00+00:00,-33.247555
2016-06-17 00:41:00+00:00,-30.208471
2016-06-17 00:42:00+00:00,-27.398581
2016-06-17 00:43:00+00:00,-27.318825
2016-06-17 00:44:00+00:00,-26.697685
2016-06-17 00:45:00+00:00,-33.551659
2016-06-17 00:46:00+00:00,-38.494965
2016-06-17 00:47:00+00:00,-40.162964
2016-06-17 00:48:00+00:00,-40.912033
2016-06-17 00:49:00+00:00,-36.817787
2016-06-17 00:50:00+00:00,-34.192696
2016-06-17 00:51:00+00:00,-33.191017
2016-06-17 00:52:00+00:00,-34.610569
2016-06-17 00:53:00+00:00,-33.992249
2016-06-17 00:54:00+00:00,-37.971195
2016-06-17 00:55:00+00:00,-36.905346
2016-06-17 00:56:00+00:00,-24.837318
2016-06-17 00:57:00+00:00,-24.195988
2016-06-17 00:58:00+00:00,-26.177244
2016-06-17 00:59:00+00:00,-24.733513
2016-06-17 01:00:00+00:00,-24.53092
2016-06-17 01:01:00+00:00,-24.753113
2016-06-17 01:02:00+00:00,-24.515596
2016-06-17 01:03:00+00:00,-24.76235
2016-06-17 01:04:00+00:00,-29.301594
2016-06-17 01:05:00+00:00,-37.240295
2016-06-17 01:06:00+00:00,-33.175201
2016-06-17 01:07:00+00:00,-16.37603
2016-06-17 01:08:00+00:00,-22.223951
2016-06-17 01:09:00+00:00,-24.99984
2016-06-17 01:10:00+00:00,-25.625414
2016-06-17 01:11:00+00:00,-16.401966
2016-06-17 01:12:00+00:00,-18.78849
2016-06-17 01:13:00+00:00,-18.720039
2016-06-17 01:14:00+00:00,-18.575481
2016-06-17 01:15:00+00:00,-24.39473
2016-06-17 01:16:00+00:00,-23.222095
2016-06-17 01:17:00+00:00,-21.649035
2016-06-17 01:18:00+00:00,-19.129738
2016-06-17 01:19:00+00:00,-22.721771
2016-06-17 01:20:00+00:00,-25.163364
2016-06-17 01:21:00+00:00,-22.924192
2016-06-17 01:22:00+00:00,-21.003227
2016-06-17 01:23:00+00:00,-20.449375
2016-06-17 01:24:00+00:00,-22.420517
2016-06-17 01:25:00+00:00,-20.9685
2016-06-17 01:26:00+00:00,-18.734869
2016-06-17 01:27:00+00:00,-17.122896
2016-06-17 01:28:00+00:00,-14.39863
2016-06-17 01:29:00+00:00,-14.833138
2016-06-17 01:30:00+00:00,-15.472013
2016-06-17 01:31:00+00:00,-11.880714
2016-06-17 01:32:00+00:00,-14.860268
2016-06-17 01:33:00+00:00,-18.157869
2016-06-17 01:34:00+00:00,-19.191454
2016-06-17 01:35:00+00:00,-16.830116
2016-06-17 01:36:00+00:00,-18.611908
2016-06-17 01:37:00+00:00,-21.765301
2016-06-17 01:38:00+00:00,-25.129894
2016-06-17 01:39:00+00:00,-23.258863
2016-06-17 01:40:00+00:00,-22.659706
2016-06-17 01:41:00+00:00,-21.282574
2016-06-17 01:42:00+00:00,-20.404776
2016-06-17 01:43:00+00:00,-23.421774
2016-06-17 01:44:00+00:00,-28.897987
2016-06-17 01:45:00+00:00,-30.082396
2016-06-17 01:46:00+00:00,-29.342466
2016-06-17 01:47:00+00:00,-28.005707
2016-06-17 01:48:00+00:00,-27.74128
2016-06-17 01:49:00+00:00,-27.554029
2016-06-17 01:50:00+00:00,-24.752508
2016-06-17 01:51:00+00:00,-24.174568
2016-06-17 01:52:00+00:00,-25.817238
2016-06-17 01:53:00+00:00,-26.56889
2016-06-17 01:54:00+00:00,-28.159077
2016-06-17 01:55:00+00:00,-31.949539
2016-06-17 01:56:00+00:00,-31.749706
2016-06-17 01:57:00+00:00,-31.563602
2016-06-17 01:58:00+00:00,-31.377672
2016-06-17 01:59:00+00:00,-29.168592
2016-06-17 02:00:00+00:00,-22.945267
2016-06-17 02:01:00+00:00,-19.796022
2016-06-17 02:02:00+00:00,-24.708254
2016-06-17 02:03:00+00:00,-22.634668
2016-06-17 02:04:00+00:00,-21.824139
2016-06-17 02:05:00+00:00,-24.695538
2016-06-17 02:06:00+00:00,-25.445902
2016-06-17 02:07:00+00:00,-27.506845
2016-06-17 02:08:00+00:00,-29.467632
2016-06-17 02:09:00+00:00,-45.694263
2016-06-17 02:10:00+00:00,-58.563896
2016-06-17 02:11:00+00:00,-45.989429
2016-06-17 02:12:00+00:00,-22.489437
2016-06-17 02:13:00+00:00,-24.881342
2016-06-17 02:14:00+00:00,-46.395641
2016-06-17 02:15:00+00:00,-39.068985
2016-06-17 02:16:00+00:00,-23.114122
2016-06-17 02:17:00+00:00,-23.00897
2016-06-17 02:18:00+00:00,-23.10202
2016-06-17 02:19:00+00:00,-22.120356
2016-06-17 02:20:00+00:00,-30.414104
2016-06-17 02:21:00+00:00,-22.012592
2016-06-17 02:22:00+00:00,-16.206631
2016-06-17 02:23:00+00:00,-14.19263
2016-06-17 02:24:00+00:00,-13.432222
2016-06-17 02:25:00+00:00,-22.041758
2016-06-17 02:26:00+00:00,-29.37191
2016-06-17 02:27:00+00:00,-40.014854
2016-06-17 02:28:00+00:00,-48.997894
2016-06-17 02:29:00+00:00,-54.453445
2016-06-17 02:30:00+00:00,-49.780167
2016-06-17 02:31:00+00:00,-41.691071
2016-06-17 02:32:00+00:00,-33.546055
2016-06-17 02:33:00+00:00,-24.927153
2016-06-17 02:34:00+00:00,-19.788628
2016-06-17 02:35:00+00:00,-18.641378
2016-06-17 02:36:00+00:00,-16.304905
2016-06-17 02:37:00+00:00,-13.657291
2016-06-17 02:38:00+00:00,-12.502426
2016-06-17 02:39:00+00:00,-13.826833
2016-06-17 02:40:00+00:00,-16.946735
2016-06-17 02:41:00+00:00,-18.786057
2016-06-17 02:42:00+00:00,-22.7356
2016-06-17 02:43:00+00:00,-22.391565
2016-06-17 02:44:00+00:00,-21.740444
2016-06-17 02:45:00+00:00,-21.697754
2016-06-17 02:46:00+00:00,-24.425877
2016-06-17 02:47:00+00:00,-26.737152
2016-06-24 00:00:00+00:00,-364.300201
2016-06-24 00:01:00+00:00,-365.067871
2016-06-24 00:02:00+00:00,-364.304413
2016-06-24 00:03:00+00:00,-368.368591
2016-06-24 00:04:00+00:00,-370.395172
2016-06-24 00:05:00+00:00,-359.746399
2016-06-24 00:06:00+00:00,-367.574585
2016-06-24 00:07:00+00:00,-375.756683
2016-06-24 00:08:00+00:00,-372.380768
2016-06-24 00:09:00+00:00,-371.138611
2016-06-24 00:10:00+00:00,-367.167786
2016-06-24 00:11:00+00:00,-353.089539
2016-06-24 00:12:00+00:00,-350.160034
2016-06-24 00:13:00+00:00,-353.443634
2016-06-24 00:14:00+00:00,-365.641541
2016-06-24 00:15:00+00:00,-380.748779
2016-06-24 00:16:00+00:00,-381.065125
2016-06-24 00:17:00+00:00,-387.434753
2016-06-24 00:18:00+00:00,-400.947205
2016-06-24 00:19:00+00:00,-386.334625
2016-06-24 00:20:00+00:00,-387.656403
2016-06-24 00:21:00+00:00,-395.319
2016-06-24 00:22:00+00:00,-399.550964
2016-06-24 00:23:00+00:00,-400.04129
2016-06-24 00:24:00+00:00,-406.38266
2016-06-24 00:25:00+00:00,-414.780579
2016-06-24 00:26:00+00:00,-440.576355
2016-06-24 00:27:00+00:00,-446.347534
2016-06-24 00:28:00+00:00,-456.756012
2016-06-24 00:29:00+00:00,-464.113373
2016-06-24 00:30:00+00:00,-458.464447
2016-06-24 00:31:00+00:00,-459.467255
2016-06-24 00:32:00+00:00,-453.550293
2016-06-24 00:33:00+00:00,-466.408569
2016-06-24 00:34:00+00:00,-485.847717
2016-06-24 00:35:00+00:00,-511.68512
2016-06-24 00:36:00+00:00,-516.236938
2016-06-24 00:37:00+00:00,-498.395477
2016-06-24 00:38:00+00:00,-479.497314
2016-06-24 00:39:00+00:00,-474.216278
2016-06-24 00:40:00+00:00,-476.194153
2016-06-24 00:41:00+00:00,-480.619751
2016-06-24 00:42:00+00:00,-484.786896
2016-06-24 00:43:00+00:00,-497.203857
2016-06-24 00:44:00+00:00,-494.773895
2016-06-24 00:45:00+00:00,-505.76239
2016-06-24 00:46:00+00:00,-508.016174
2016-06-24 00:47:00+00:00,-510.712738
2016-06-24 00:48:00+00:00,-502.254639
2016-06-24 00:49:00+00:00,-515.918823
2016-06-24 00:50:00+00:00,-518.635803
2016-06-24 00:51:00+00:00,-524.682312
2016-06-24 00:52:00+00:00,-529.2146
2016-06-24 00:53:00+00:00,-517.584412
2016-06-24 00:54:00+00:00,-523.490417
2016-06-24 00:55:00+00:00,-528.305054
2016-06-24 00:56:00+00:00,-532.031921
2016-06-24 00:57:00+00:00,-537.202148
2016-06-24 00:58:00+00:00,-545.837036
2016-06-24 00:59:00+00:00,-556.274292
2016-06-24 01:00:00+00:00,-534.422058
2016-06-24 01:01:00+00:00,-531.279114
2016-06-24 01:02:00+00:00,-533.307007
2016-06-24 01:03:00+00:00,-530.940796
2016-06-24 01:04:00+00:00,-528.83667
2016-06-24 01:05:00+00:00,-542.303345
2016-06-24 01:06:00+00:00,-549.11792
2016-06-24 01:07:00+00:00,-556.608337
2016-06-24 01:08:00+00:00,-535.67395
2016-06-24 01:09:00+00:00,-494.089661
2016-06-24 01:10:00+00:00,-496.140961
2016-06-24 01:11:00+00:00,-482.840179
2016-06-24 01:12:00+00:00,-515.919861
2016-06-24 01:13:00+00:00,-524.890991
2016-06-24 01:14:00+00:00,-536.780762
2016-06-24 01:15:00+00:00,-549.153809
2016-06-24 01:16:00+00:00,-643.11084
2016-06-24 01:17:00+00:00,-675.190125
2016-06-24 01:18:00+00:00,-621.699402
2016-06-24 01:19:00+00:00,-566.065979
2016-06-24 01:20:00+00:00,-558.486267
2016-06-24 01:21:00+00:00,-575.560852
2016-06-24 01:22:00+00:00,-592.55011
2016-06-24 01:23:00+00:00,-597.559387
2016-06-24 01:24:00+00:00,-606.410706
2016-06-24 01:25:00+00:00,-626.326782
2016-06-24 01:26:00+00:00,-614.235046
2016-06-24 01:27:00+00:00,-617.47644
2016-06-24 01:28:00+00:00,-587.652832
2016-06-24 01:29:00+00:00,-592.438049
2016-06-24 01:30:00+00:00,-610.024658
2016-06-24 01:31:00+00:00,-610.24115
2016-06-24 01:32:00+00:00,-567.701416
2016-06-24 01:33:00+00:00,-512.823914
2016-06-24 01:34:00+00:00,-462.052368
2016-06-24 01:35:00+00:00,-481.14389
2016-06-24 01:36:00+00:00,-481.30545
2016-06-24 01:37:00+00:00,-482.820343
2016-06-24 01:38:00+00:00,-505.347076
2016-06-24 01:39:00+00:00,-537.273132
2016-06-24 01:40:00+00:00,-555.080139
2016-06-24 01:41:00+00:00,-576.426208
2016-06-24 01:42:00+00:00,-600.149292
2016-06-24 01:43:00+00:00,-613.402649
2016-06-24 01:44:00+00:00,-611.155029
2016-06-24 01:45:00+00:00,-602.592896
2016-06-24 01:46:00+00:00,-615.734314
2016-06-24 01:47:00+00:00,-631.984497
2016-06-24 01:48:00+00:00,-622.5578
2016-06-24 01:49:00+00:00,-642.576843
2016-06-24 01:50:00+00:00,-611.468811
2016-06-24 01:51:00+00:00,-578.794434
2016-06-24 01:52:00+00:00,-589.24823
2016-06-24 01:53:00+00:00,-608.441345
2016-06-24 01:54:00+00:00,-626.68573
2016-06-24 01:55:00+00:00,-631.403687
2016-06-24 01:56:00+00:00,-631.132019
2016-06-24 01:57:00+00:00,-617.95105
2016-06-24 01:58:00+00:00,-653.171265
2016-06-24 01:59:00+00:00,-655.447693
2016-06-24 02:00:00+00:00,-652.568298
2016-06-24 02:01:00+00:00,-665.599731
2016-06-24 02:02:00+00:00,-696.774658
2016-06-24 02:03:00+00:00,-688.531006
2016-06-24 02:04:00+00:00,-648.328735
2016-06-24 02:05:00+00:00,-615.782043
2016-06-24 02:06:00+00:00,-589.435364
2016-06-24 02:07:00+00:00,-573.504089
2016-06-24 02:08:00+00:00,-550.826965
2016-06-24 02:09:00+00:00,-587.425964
2016-06-24 02:10:00+00:00,-650.01825
2016-06-24 02:11:00+00:00,-672.074402
2016-06-24 02:12:00+00:00,-638.862488
2016-06-24 02:13:00+00:00,-588.029114
2016-06-24 02:14:00+00:00,-606.789001
2016-06-24 02:15:00+00:00,-635.963196
2016-06-24 02:16:00+00:00,-622.107727
2016-06-24 02:17:00+00:00,-588.220642
2016-06-24 02:18:00+00:00,-535.26239
2016-06-24 02:19:00+00:00,-518.954468
2016-06-24 02:20:00+00:00,-508.447021
2016-06-24 02:21:00+00:00,-541.574951
2016-06-24 02:22:00+00:00,-576.073853
2016-06-24 02:23:00+00:00,-552.979553
2016-06-24 02:24:00+00:00,-559.554871
2016-06-24 02:25:00+00:00,-553.839478
2016-06-24 02:26:00+00:00,-543.045654
2016-06-24 02:27:00+00:00,-528.214294
2016-06-24 02:28:00+00:00,-560.397522
2016-06-24 02:29:00+00:00,-633.067139
2016-06-24 02:30:00+00:00,-651.381348
2016-06-24 02:31:00+00:00,-651.316101
2016-06-24 02:32:00+00:00,-641.296326
2016-06-24 02:33:00+00:00,-581.242432
2016-06-24 02:34:00+00:00,-562.890381
2016-06-24 02:35:00+00:00,-568.055359
2016-06-24 02:36:00+00:00,-523.864929
2016-06-24 02:37:00+00:00,-535.833984
2016-06-24 02:38:00+00:00,-538.959534
2016-06-24 02:39:00+00:00,-545.568115
2016-06-24 02:40:00+00:00,-570.694641
2016-06-24 02:41:00+00:00,-563.508057
2016-06-24 02:42:00+00:00,-568.273071
2016-06-24 02:43:00+00:00,-597.574402
2016-06-24 02:44:00+00:00,-609.085938
2016-06-24 02:45:00+00:00,-618.550354
2016-06-24 02:46:00+00:00,-646.341614
2016-06-24 02:47:00+00:00,-625.424316
2016-07-01 00:00:00+00:00,-81.221863
2016-07-01 00:01:00+00:00,-78.934219
2016-07-01 00:02:00+00:00,-76.192169
2016-07-01 00:03:00+00:00,-74.199608
2016-07-01 00:04:00+00:00,-74.03952
2016-07-01 00:05:00+00:00,-77.140594
2016-07-01 00:06:00+00:00,-83.55954
2016-07-01 00:07:00+00:00,-97.082451
2016-07-01 00:08:00+00:00,-115.927254
2016-07-01 00:09:00+00:00,-128.102249
2016-07-01 00:10:00+00:00,-118.420647
2016-07-01 00:11:00+00:00,-103.491959
2016-07-01 00:12:00+00:00,-95.667877
2016-07-01 00:13:00+00:00,-90.695534
2016-07-01 00:14:00+00:00,-90.749786
2016-07-01 00:15:00+00:00,-93.518105
2016-07-01 00:16:00+00:00,-93.570473
2016-07-01 00:17:00+00:00,-100.834137
2016-07-01 00:18:00+00:00,-107.792297
2016-07-01 00:19:00+00:00,-119.754044
2016-07-01 00:20:00+00:00,-126.711533
2016-07-01 00:21:00+00:00,-125.665718
2016-07-01 00:22:00+00:00,-139.62146
2016-07-01 00:23:00+00:00,-188.574615
2016-07-01 00:24:00+00:00,-151.534378
2016-07-01 00:25:00+00:00,-140.519058
2016-07-01 00:26:00+00:00,-174.504211
2016-07-01 00:27:00+00:00,-162.464417
2016-07-01 00:28:00+00:00,-196.44165
2016-07-01 00:29:00+00:00,-205.395859
2016-07-01 00:30:00+00:00,-229.358246
2016-07-01 00:31:00+00:00,-272.344574
2016-07-01 00:32:00+00:00,-299.404144
2016-07-01 00:33:00+00:00,-324.556305
2016-07-01 00:34:00+00:00,-342.58136
2016-07-01 00:35:00+00:00,-355.478241
2016-07-01 00:36:00+00:00,-371.398315
2016-07-01 00:37:00+00:00,-387.347443
2016-07-01 00:38:00+00:00,-393.163513
2016-07-01 00:39:00+00:00,-403.104218
2016-07-01 00:40:00+00:00,-401.027985
2016-07-01 00:41:00+00:00,-403.965027
2016-07-01 00:42:00+00:00,-406.913391
2016-07-01 00:43:00+00:00,-396.87796
2016-07-01 00:44:00+00:00,-387.851807
2016-07-01 00:45:00+00:00,-384.822266
2016-07-01 00:46:00+00:00,-376.794342
2016-07-01 00:47:00+00:00,-363.769623
2016-07-01 00:48:00+00:00,-358.743378
2016-07-01 00:49:00+00:00,-339.720428
2016-07-01 00:50:00+00:00,-334.69104
2016-07-01 00:51:00+00:00,-313.667816
2016-07-01 00:52:00+00:00,-298.645905
2016-07-01 00:53:00+00:00,-291.614746
2016-07-01 00:54:00+00:00,-277.590454
2016-07-01 00:55:00+00:00,-260.566376
2016-07-01 00:56:00+00:00,-250.543488
2016-07-01 00:57:00+00:00,-238.533463
2016-07-01 00:58:00+00:00,-254.518707
2016-07-01 00:59:00+00:00,-241.485535
2016-07-01 01:00:00+00:00,-234.471008
2016-07-01 01:01:00+00:00,-237.430771
2016-07-01 01:02:00+00:00,-237.799728
2016-07-01 01:03:00+00:00,-238.167679
2016-07-01 01:04:00+00:00,-239.460114
2016-07-01 01:05:00+00:00,-235.405579
2016-07-01 01:06:00+00:00,-232.65744
2016-07-01 01:07:00+00:00,-226.390533
2016-07-01 01:08:00+00:00,-225.88858
2016-07-01 01:09:00+00:00,-218.738342
2016-07-01 01:10:00+00:00,-215.15123
2016-07-01 01:11:00+00:00,-219.24939
2016-07-01 01:12:00+00:00,-215.810272
2016-07-01 01:13:00+00:00,-208.085052
2016-07-01 01:14:00+00:00,-209.951889
2016-07-01 01:15:00+00:00,-204.01181
2016-07-01 01:16:00+00:00,-207.124924
2016-07-01 01:17:00+00:00,-210.498108
2016-07-01 01:18:00+00:00,-243.905609
2016-07-01 01:19:00+00:00,-244.927933
2016-07-01 01:20:00+00:00,-246.863342
2016-07-01 01:21:00+00:00,-237.591278
2016-07-01 01:22:00+00:00,-230.761414
2016-07-01 01:23:00+00:00,-222.319092
2016-07-01 01:24:00+00:00,-225.138809
2016-07-01 01:25:00+00:00,-229.665054
2016-07-01 01:26:00+00:00,-221.45874
2016-07-01 01:27:00+00:00,-217.567734
2016-07-01 01:28:00+00:00,-214.718643
2016-07-01 01:29:00+00:00,-205.091187
2016-07-01 01:30:00+00:00,-195.125839
2016-07-01 01:31:00+00:00,-191.446594
2016-07-01 01:32:00+00:00,-188.901321
2016-07-01 01:33:00+00:00,-190.041489
2016-07-01 01:34:00+00:00,-189.878922
2016-07-01 01:35:00+00:00,-191.430328
2016-07-01 01:36:00+00:00,-187.270981
2016-07-01 01:37:00+00:00,-187.770111
2016-07-01 01:38:00+00:00,-179.63623
2016-07-01 01:39:00+00:00,-176.693817
2016-07-01 01:40:00+00:00,-171.191406
2016-07-01 01:41:00+00:00,-164.543182
2016-07-01 01:42:00+00:00,-160.386902
2016-07-01 01:43:00+00:00,-166.813507
2016-07-01 01:44:00+00:00,-170.11702
2016-07-01 01:45:00+00:00,-170.19989
2016-07-01 01:46:00+00:00,-171.421951
2016-07-01 01:47:00+00:00,-176.309906
2016-07-01 01:48:00+00:00,-176.357376
2016-07-01 01:49:00+00:00,-179.434555
2016-07-01 01:50:00+00:00,-170.72908
2016-07-01 01:51:00+00:00,-164.837677
2016-07-01 01:52:00+00:00,-163.717499
2016-07-01 01:53:00+00:00,-167.636703
2016-07-01 01:54:00+00:00,-169.622757
2016-07-01 01:55:00+00:00,-166.610764
2016-07-01 01:56:00+00:00,-165.253174
2016-07-01 01:57:00+00:00,-162.537582
2016-07-01 01:58:00+00:00,-161.875992
2016-07-01 01:59:00+00:00,-156.902802
2016-07-01 02:00:00+00:00,-152.792892
2016-07-01 02:01:00+00:00,-151.254028
2016-07-01 02:02:00+00:00,-160.175171
2016-07-01 02:03:00+00:00,-164.159454
2016-07-01 02:04:00+00:00,-164.258133
2016-07-01 02:05:00+00:00,-162.54509
2016-07-01 02:06:00+00:00,-166.844559
2016-07-01 02:07:00+00:00,-160.268356
2016-07-01 02:08:00+00:00,-154.689316
2016-07-01 02:09:00+00:00,-150.047516
2016-07-01 02:10:00+00:00,-146.595657
2016-07-01 02:11:00+00:00,-146.223434
2016-07-01 02:12:00+00:00,-148.502213
2016-07-01 02:13:00+00:00,-142.039459
2016-07-01 02:14:00+00:00,-123.038368
2016-07-01 02:15:00+00:00,-108.62915
2016-07-01 02:16:00+00:00,-109.589233
2016-07-01 02:17:00+00:00,-119.957855
2016-07-01 02:18:00+00:00,-126.682892
2016-07-01 02:19:00+00:00,-127.144295
2016-07-01 02:20:00+00:00,-121.169266
2016-07-01 02:21:00+00:00,-111.320366
2016-07-01 02:22:00+00:00,-110.042297
2016-07-01 02:23:00+00:00,-114.019768
2016-07-01 02:24:00+00:00,-117.78904
2016-07-01 02:25:00+00:00,-122.023773
2016-07-01 02:26:00+00:00,-123.158623
2016-07-01 02:27:00+00:00,-114.71711
2016-07-01 02:28:00+00:00,-96.431725
2016-07-01 02:29:00+00:00,-91.213974
2016-07-01 02:30:00+00:00,-96.223778
2016-07-01 02:31:00+00:00,-101.17263
2016-07-01 02:32:00+00:00,-98.092049
2016-07-01 02:33:00+00:00,-92.569229
2016-07-01 02:34:00+00:00,-86.879761
2016-07-01 02:35:00+00:00,-83.522865
2016-07-01 02:36:00+00:00,-78.185005
2016-07-01 02:37:00+00:00,-80.367325
2016-07-01 02:38:00+00:00,-77.028938
2016-07-01 02:39:00+00:00,-70.814072
2016-07-01 02:40:00+00:00,-64.305832
2016-07-01 02:41:00+00:00,-61.294899
2016-07-01 02:42:00+00:00,-61.286076
2016-07-01 02:43:00+00:00,-65.890503
2016-07-01 02:44:00+00:00,-59.267101
2016-07-01 02:45:00+00:00,-60.247269
2016-07-01 02:46:00+00:00,-60.24316
2016-07-01 02:47:00+00:00,-73.282013
2016-07-08 00:00:00+00:00,-176.849182
2016-07-08 00:01:00+00:00,-187.978119
2016-07-08 00:02:00+00:00,-221.324142
2016-07-08 00:03:00+00:00,-260.140137
2016-07-08 00:04:00+00:00,-254.885971
2016-07-08 00:05:00+00:00,-224.597733
2016-07-08 00:06:00+00:00,-226.155228
2016-07-08 00:07:00+00:00,-234.067184
2016-07-08 00:08:00+00:00,-242.416641
2016-07-08 00:09:00+00:00,-281.033875
2016-07-08 00:10:00+00:00,-305.570099
2016-07-08 00:11:00+00:00,-302.157288
2016-07-08 00:12:00+00:00,-287.806244
2016-07-08 00:13:00+00:00,-270.523987
2016-07-08 00:14:00+00:00,-254.541183
2016-07-08 00:15:00+00:00,-250.030121
2016-07-08 00:16:00+00:00,-252.493958
2016-07-08 00:17:00+00:00,-269.911896
2016-07-08 00:18:00+00:00,-282.772949
2016-07-08 00:19:00+00:00,-339.365387
2016-07-08 00:20:00+00:00,-380.378174
2016-07-08 00:21:00+00:00,-406.478485
2016-07-08 00:22:00+00:00,-390.284637
2016-07-08 00:23:00+00:00,-372.662476
2016-07-08 00:24:00+00:00,-352.930481
2016-07-08 00:25:00+00:00,-370.021942
2016-07-08 00:26:00+00:00,-364.432892
2016-07-08 00:27:00+00:00,-340.213806
2016-07-08 00:28:00+00:00,-331.466095
2016-07-08 00:29:00+00:00,-332.914001
2016-07-08 00:30:00+00:00,-333.589478
2016-07-08 00:31:00+00:00,-333.263519
2016-07-08 00:32:00+00:00,-321.929688
2016-07-08 00:33:00+00:00,-314.587219
2016-07-08 00:34:00+00:00,-337.698639
2016-07-08 00:35:00+00:00,-385.519928
2016-07-08 00:36:00+00:00,-398.814667
2016-07-08 00:37:00+00:00,-387.3797
2016-07-08 00:38:00+00:00,-403.184082
2016-07-08 00:39:00+00:00,-440.785645
2016-07-08 00:40:00+00:00,-489.015747
2016-07-08 00:41:00+00:00,-516.873474
2016-07-08 00:42:00+00:00,-529.04718
2016-07-08 00:43:00+00:00,-533.925476
2016-07-08 00:44:00+00:00,-522.45282
2016-07-08 00:45:00+00:00,-493.201599
2016-07-08 00:46:00+00:00,-483.084595
2016-07-08 00:47:00+00:00,-484.491669
2016-07-08 00:48:00+00:00,-480.645142
2016-07-08 00:49:00+00:00,-471.003052
2016-07-08 00:50:00+00:00,-449.944305
2016-07-08 00:51:00+00:00,-436.819489
2016-07-08 00:52:00+00:00,-419.565552
2016-07-08 00:53:00+00:00,-429.590271
2016-07-08 00:54:00+00:00,-430.625977
2016-07-08 00:55:00+00:00,-426.687103
2016-07-08 00:56:00+00:00,-425.729736
2016-07-08 00:57:00+00:00,-411.742157
2016-07-08 00:58:00+00:00,-391.727295
2016-07-08 00:59:00+00:00,-370.72522
2016-07-08 01:00:00+00:00,-349.72406
2016-07-08 01:01:00+00:00,-339.985382
2016-07-08 01:02:00+00:00,-329.643311
2016-07-08 01:03:00+00:00,-319.117279
2016-07-08 01:04:00+00:00,-320.094971
2016-07-08 01:05:00+00:00,-306.384766
2016-07-08 01:06:00+00:00,-295.152527
2016-07-08 01:07:00+00:00,-292.691071
2016-07-08 01:08:00+00:00,-288.677612
2016-07-08 01:09:00+00:00,-280.69165
2016-07-08 01:10:00+00:00,-280.501709
2016-07-08 01:11:00+00:00,-273.943451
2016-07-08 01:12:00+00:00,-273.219116
2016-07-08 01:13:00+00:00,-267.004883
2016-07-08 01:14:00+00:00,-256.69339
2016-07-08 01:15:00+00:00,-255.006897
2016-07-08 01:16:00+00:00,-262.011688
2016-07-08 01:17:00+00:00,-255.208389
2016-07-08 01:18:00+00:00,-244.969101
2016-07-08 01:19:00+00:00,-235.135635
2016-07-08 01:20:00+00:00,-233.292023
2016-07-08 01:21:00+00:00,-229.396317
2016-07-08 01:22:00+00:00,-225.977829
2016-07-08 01:23:00+00:00,-215.8535
2016-07-08 01:24:00+00:00,-211.338806
2016-07-08 01:25:00+00:00,-208.36203
2016-07-08 01:26:00+00:00,-209.61673
2016-07-08 01:27:00+00:00,-193.858215
2016-07-08 01:28:00+00:00,-184.598267
2016-07-08 01:29:00+00:00,-174.560822
2016-07-08 01:30:00+00:00,-168.564499
2016-07-08 01:31:00+00:00,-168.081451
2016-07-08 01:32:00+00:00,-164.636154
2016-07-08 01:33:00+00:00,-161.297836
2016-07-08 01:34:00+00:00,-176.214645
2016-07-08 01:35:00+00:00,-186.295319
2016-07-08 01:36:00+00:00,-196.830994
2016-07-08 01:37:00+00:00,-218.162643
2016-07-08 01:38:00+00:00,-249.612366
2016-07-08 01:39:00+00:00,-278.741241
2016-07-08 01:40:00+00:00,-273.250336
2016-07-08 01:41:00+00:00,-292.426239
2016-07-08 01:42:00+00:00,-272.500427
2016-07-08 01:43:00+00:00,-258.957397
2016-07-08 01:44:00+00:00,-223.643585
2016-07-08 01:45:00+00:00,-235.596237
2016-07-08 01:46:00+00:00,-245.070572
2016-07-08 01:47:00+00:00,-247.01123
2016-07-08 01:48:00+00:00,-245.86171
2016-07-08 01:49:00+00:00,-229.857483
2016-07-08 01:50:00+00:00,-220.437195
2016-07-08 01:51:00+00:00,-227.044693
2016-07-08 01:52:00+00:00,-264.101807
2016-07-08 01:53:00+00:00,-235.433533
2016-07-08 01:54:00+00:00,-238.471466
2016-07-08 01:55:00+00:00,-240.931076
2016-07-08 01:56:00+00:00,-255.863846
2016-07-08 01:57:00+00:00,-245.962418
2016-07-08 01:58:00+00:00,-246.189819
2016-07-08 01:59:00+00:00,-236.829041
2016-07-08 02:00:00+00:00,-223.243393
2016-07-08 02:01:00+00:00,-205.788651
2016-07-08 02:02:00+00:00,-213.059311
2016-07-08 02:03:00+00:00,-221.324738
2016-07-08 02:04:00+00:00,-218.805618
2016-07-08 02:05:00+00:00,-224.215866
2016-07-08 02:06:00+00:00,-231.658066
2016-07-08 02:07:00+00:00,-236.731888
2016-07-08 02:08:00+00:00,-215.999207
2016-07-08 02:09:00+00:00,-208.026901
2016-07-08 02:10:00+00:00,-214.313309
2016-07-08 02:11:00+00:00,-205.569412
2016-07-08 02:12:00+00:00,-198.102097
2016-07-08 02:13:00+00:00,-187.455551
2016-07-08 02:14:00+00:00,-186.553314
2016-07-08 02:15:00+00:00,-201.338837
2016-07-08 02:16:00+00:00,-190.238617
2016-07-08 02:17:00+00:00,-165.134491
2016-07-08 02:18:00+00:00,-140.991196
2016-07-08 02:19:00+00:00,-148.501953
2016-07-08 02:20:00+00:00,-175.363068
2016-07-08 02:21:00+00:00,-200.276062
2016-07-08 02:22:00+00:00,-212.194077
2016-07-08 02:23:00+00:00,-214.480087
2016-07-08 02:24:00+00:00,-198.461929
2016-07-08 02:25:00+00:00,-192.11972
2016-07-08 02:26:00+00:00,-224.132523
2016-07-08 02:27:00+00:00,-237.161224
2016-07-08 02:28:00+00:00,-242.214539
2016-07-08 02:29:00+00:00,-235.397888
2016-07-08 02:30:00+00:00,-242.596619
2016-07-08 02:31:00+00:00,-260.738251
2016-07-08 02:32:00+00:00,-261.791046
2016-07-08 02:33:00+00:00,-261.827087
2016-07-08 02:34:00+00:00,-267.724213
2016-07-08 02:35:00+00:00,-267.639465
2016-07-08 02:36:00+00:00,-266.646912
2016-07-08 02:37:00+00:00,-244.730835
2016-07-08 02:38:00+00:00,-240.815643
2016-07-08 02:39:00+00:00,-238.910522
2016-07-08 02:40:00+00:00,-237.005264
2016-07-08 02:41:00+00:00,-258.107513
2016-07-08 02:42:00+00:00,-256.21225
2016-07-08 02:43:00+00:00,-244.391602
2016-07-08 02:44:00+00:00,-233.857346
2016-07-08 02:45:00+00:00,-231.798279
2016-07-08 02:46:00+00:00,-233.850098
2016-07-08 02:47:00+00:00,-234.963257
2016-07-15 00:00:00+00:00,-221.943604
2016-07-15 00:01:00+00:00,-202.860092
2016-07-15 00:02:00+00:00,-211.674347
2016-07-15 00:03:00+00:00,-212.726578
2016-07-15 00:04:00+00:00,-204.199844
2016-07-15 00:05:00+00:00,-201.366379
2016-07-15 00:06:00+00:00,-205.194031
2016-07-15 00:07:00+00:00,-213.697235
2016-07-15 00:08:00+00:00,-217.369324
2016-07-15 00:09:00+00:00,-245.337006
2016-07-15 00:10:00+00:00,-260.72467
2016-07-15 00:11:00+00:00,-271.18634
2016-07-15 00:12:00+00:00,-294.873169
2016-07-15 00:13:00+00:00,-299.284882
2016-07-15 00:14:00+00:00,-303.131683
2016-07-15 00:15:00+00:00,-304.073578
2016-07-15 00:16:00+00:00,-322.226196
2016-07-15 00:17:00+00:00,-323.653259
2016-07-15 00:18:00+00:00,-298.60849
2016-07-15 00:19:00+00:00,-310.522614
2016-07-15 00:20:00+00:00,-341.585022
2016-07-15 00:21:00+00:00,-340.848419
2016-07-15 00:22:00+00:00,-331.333496
2016-07-15 00:23:00+00:00,-344.835327
2016-07-15 00:24:00+00:00,-359.015076
2016-07-15 00:25:00+00:00,-370.628937
2016-07-15 00:26:00+00:00,-386.58667
2016-07-15 00:27:00+00:00,-398.781433
2016-07-15 00:28:00+00:00,-398.206848
2016-07-15 00:29:00+00:00,-379.828949
2016-07-15 00:30:00+00:00,-359.911865
2016-07-15 00:31:00+00:00,-377.521851
2016-07-15 00:32:00+00:00,-374.226685
2016-07-15 00:33:00+00:00,-367.342896
2016-07-15 00:34:00+00:00,-366.252411
2016-07-15 00:35:00+00:00,-373.740662
2016-07-15 00:36:00+00:00,-387.56781
2016-07-15 00:37:00+00:00,-405.328125
2016-07-15 00:38:00+00:00,-419.585205
2016-07-15 00:39:00+00:00,-431.841949
2016-07-15 00:40:00+00:00,-408.788757
2016-07-15 00:41:00+00:00,-399.808105
2016-07-15 00:42:00+00:00,-392.009369
2016-07-15 00:43:00+00:00,-402.400757
2016-07-15 00:44:00+00:00,-392.674866
2016-07-15 00:45:00+00:00,-384.257446
2016-07-15 00:46:00+00:00,-381.298676
2016-07-15 00:47:00+00:00,-379.187347
2016-07-15 00:48:00+00:00,-369.227783
2016-07-15 00:49:00+00:00,-351.704193
2016-07-15 00:50:00+00:00,-335.326599
2016-07-15 00:51:00+00:00,-336.106598
2016-07-15 00:52:00+00:00,-327.16153
2016-07-15 00:53:00+00:00,-320.433289
2016-07-15 00:54:00+00:00,-318.078339
2016-07-15 00:55:00+00:00,-309.288818
2016-07-15 00:56:00+00:00,-304.134705
2016-07-15 00:57:00+00:00,-312.400574
2016-07-15 00:58:00+00:00,-311.238098
2016-07-15 00:59:00+00:00,-301.094727
2016-07-15 01:00:00+00:00,-300.080139
2016-07-15 01:01:00+00:00,-307.218353
2016-07-15 01:02:00+00:00,-300.283234
2016-07-15 01:03:00+00:00,-285.633484
2016-07-15 01:04:00+00:00,-268.593567
2016-07-15 01:05:00+00:00,-267.635468
2016-07-15 01:06:00+00:00,-265.806366
2016-07-15 01:07:00+00:00,-258.174622
2016-07-15 01:08:00+00:00,-244.031906
2016-07-15 01:09:00+00:00,-235.563171
2016-07-15 01:10:00+00:00,-231.716888
2016-07-15 01:11:00+00:00,-225.739868
2016-07-15 01:12:00+00:00,-226.053909
2016-07-15 01:13:00+00:00,-218.873001
2016-07-15 01:14:00+00:00,-200.537491
2016-07-15 01:15:00+00:00,-193.165909
2016-07-15 01:16:00+00:00,-186.649658
2016-07-15 01:17:00+00:00,-184.382523
2016-07-15 01:18:00+00:00,-191.441299
2016-07-15 01:19:00+00:00,-189.254471
2016-07-15 01:20:00+00:00,-184.302124
2016-07-15 01:21:00+00:00,-204.81543
2016-07-15 01:22:00+00:00,-225.630829
2016-07-15 01:23:00+00:00,-231.881287
2016-07-15 01:24:00+00:00,-234.550583
2016-07-15 01:25:00+00:00,-219.250153
2016-07-15 01:26:00+00:00,-215.867859
2016-07-15 01:27:00+00:00,-221.252686
2016-07-15 01:28:00+00:00,-222.987488
2016-07-15 01:29:00+00:00,-218.899689
2016-07-15 01:30:00+00:00,-220.310104
2016-07-15 01:31:00+00:00,-217.937927
2016-07-15 01:32:00+00:00,-218.161194
2016-07-15 01:33:00+00:00,-213.028336
2016-07-15 01:34:00+00:00,-209.965759
2016-07-15 01:35:00+00:00,-198.302216
2016-07-15 01:36:00+00:00,-194.564667
2016-07-15 01:37:00+00:00,-186.556458
2016-07-15 01:38:00+00:00,-174.169342
2016-07-15 01:39:00+00:00,-169.768387
2016-07-15 01:40:00+00:00,-163.292023
2016-07-15 01:41:00+00:00,-159.476334
2016-07-15 01:42:00+00:00,-154.790359
2016-07-15 01:43:00+00:00,-158.936295
2016-07-15 01:44:00+00:00,-162.544083
2016-07-15 01:45:00+00:00,-161.452881
2016-07-15 01:46:00+00:00,-158.830017
2016-07-15 01:47:00+00:00,-165.481232
2016-07-15 01:48:00+00:00,-167.493301
2016-07-15 01:49:00+00:00,-173.740875
2016-07-15 01:50:00+00:00,-179.427704
2016-07-15 01:51:00+00:00,-188.411865
2016-07-15 01:52:00+00:00,-186.547485
2016-07-15 01:53:00+00:00,-183.603149
2016-07-15 01:54:00+00:00,-175.980148
2016-07-15 01:55:00+00:00,-173.991974
2016-07-15 01:56:00+00:00,-174.64122
2016-07-15 01:57:00+00:00,-184.365036
2016-07-15 01:58:00+00:00,-176.403427
2016-07-15 01:59:00+00:00,-163.423706
2016-07-15 02:00:00+00:00,-172.695358
2016-07-15 02:01:00+00:00,-187.548782
2016-07-15 02:02:00+00:00,-204.312195
2016-07-15 02:03:00+00:00,-205.379791
2016-07-15 02:04:00+00:00,-202.209167
2016-07-15 02:05:00+00:00,-205.421509
2016-07-15 02:06:00+00:00,-211.004547
2016-07-15 02:07:00+00:00,-217.194153
2016-07-15 02:08:00+00:00,-229.589157
2016-07-15 02:09:00+00:00,-230.699631
2016-07-15 02:10:00+00:00,-242.890991
2016-07-15 02:11:00+00:00,-265.943176
2016-07-15 02:12:00+00:00,-260.236603
2016-07-15 02:13:00+00:00,-241.402451
2016-07-15 02:14:00+00:00,-239.454147
2016-07-15 02:15:00+00:00,-243.360474
2016-07-15 02:16:00+00:00,-257.787262
2016-07-15 02:17:00+00:00,-231.571686
2016-07-15 02:18:00+00:00,-223.108856
2016-07-15 02:19:00+00:00,-249.998047
2016-07-15 02:20:00+00:00,-260.541595
2016-07-15 02:21:00+00:00,-262.452057
2016-07-15 02:22:00+00:00,-263.576721
2016-07-15 02:23:00+00:00,-264.19632
2016-07-15 02:24:00+00:00,-259.45224
2016-07-15 02:25:00+00:00,-243.523773
2016-07-15 02:26:00+00:00,-233.06485
2016-07-15 02:27:00+00:00,-232.568024
2016-07-15 02:28:00+00:00,-244.49762
2016-07-15 02:29:00+00:00,-271.544983
2016-07-15 02:30:00+00:00,-290.555237
2016-07-15 02:31:00+00:00,-295.379028
2016-07-15 02:32:00+00:00,-306.367188
2016-07-15 02:33:00+00:00,-329.631958
2016-07-15 02:34:00+00:00,-337.108734
2016-07-15 02:35:00+00:00,-320.503418
2016-07-15 02:36:00+00:00,-292.163605
2016-07-15 02:37:00+00:00,-301.049164
2016-07-15 02:38:00+00:00,-291.527191
2016-07-15 02:39:00+00:00,-304.143646
2016-07-15 02:40:00+00:00,-300.787262
2016-07-15 02:41:00+00:00,-309.068237
2016-07-15 02:42:00+00:00,-321.205627
2016-07-15 02:43:00+00:00,-331.124207
2016-07-15 02:44:00+00:00,-318.880585
2016-07-15 02:45:00+00:00,-324.007874
2016-07-15 02:46:00+00:00,-336.327209
2016-07-15 02:47:00+00:00,-322.170441
2016-07-22 00:00:00+00:00,-150.681946
2016-07-22 00:01:00+00:00,-147.689682
2016-07-22 00:02:00+00:00,-155.287033
2016-07-22 00:03:00+00:00,-152.962158
2016-07-22 00:04:00+00:00,-159.402405
2016-07-22 00:05:00+00:00,-160.90451
2016-07-22 00:06:00+00:00,-189.149734
2016-07-22 00:07:00+00:00,-181.0457
2016-07-22 00:08:00+00:00,-177.908279
2016-07-22 00:09:00+00:00,-155.842148
2016-07-22 00:10:00+00:00,-151.574295
2016-07-22 00:11:00+00:00,-150.581299
2016-07-22 00:12:00+00:00,-148.603271
2016-07-22 00:13:00+00:00,-154.88031
2016-07-22 00:14:00+00:00,-161.0177
2016-07-22 00:15:00+00:00,-161.895416
2016-07-22 00:16:00+00:00,-169.419098
2016-07-22 00:17:00+00:00,-162.866028
2016-07-22 00:18:00+00:00,-155.372849
2016-07-22 00:19:00+00:00,-159.594055
2016-07-22 00:20:00+00:00,-155.529449
2016-07-22 00:21:00+00:00,-152.580078
2016-07-22 00:22:00+00:00,-145.528778
2016-07-22 00:23:00+00:00,-147.438614
2016-07-22 00:24:00+00:00,-159.989914
2016-07-22 00:25:00+00:00,-164.006836
2016-07-22 00:26:00+00:00,-166.868591
2016-07-22 00:27:00+00:00,-177.062881
2016-07-22 00:28:00+00:00,-162.879623
2016-07-22 00:29:00+00:00,-153.870438
2016-07-22 00:30:00+00:00,-141.474075
2016-07-22 00:31:00+00:00,-152.01152
2016-07-22 00:32:00+00:00,-153.337524
2016-07-22 00:33:00+00:00,-155.480362
2016-07-22 00:34:00+00:00,-145.830627
2016-07-22 00:35:00+00:00,-153.570923
2016-07-22 00:36:00+00:00,-157.441895
2016-07-22 00:37:00+00:00,-151.167664
2016-07-22 00:38:00+00:00,-151.246979
2016-07-22 00:39:00+00:00,-145.887741
2016-07-22 00:40:00+00:00,-136.724991
2016-07-22 00:41:00+00:00,-139.562408
2016-07-22 00:42:00+00:00,-147.524933
2016-07-22 00:43:00+00:00,-156.728409
2016-07-22 00:44:00+00:00,-150.983917
2016-07-22 00:45:00+00:00,-148.817291
2016-07-22 00:46:00+00:00,-148.855698
2016-07-22 00:47:00+00:00,-144.614395
2016-07-22 00:48:00+00:00,-139.919846
2016-07-22 00:49:00+00:00,-144.346588
2016-07-22 00:50:00+00:00,-145.521881
2016-07-22 00:51:00+00:00,-140.092987
2016-07-22 00:52:00+00:00,-134.351227
2016-07-22 00:53:00+00:00,-124.074364
2016-07-22 00:54:00+00:00,-117.051048
2016-07-22 00:55:00+00:00,-113.775017
2016-07-22 00:56:00+00:00,-114.52063
2016-07-22 00:57:00+00:00,-119.511032
2016-07-22 00:58:00+00:00,-120.401398
2016-07-22 00:59:00+00:00,-119.016396
2016-07-22 01:00:00+00:00,-116.573456
2016-07-22 01:01:00+00:00,-112.858253
2016-07-22 01:02:00+00:00,-111.881294
2016-07-22 01:03:00+00:00,-108.988808
2016-07-22 01:04:00+00:00,-106.072914
2016-07-22 01:05:00+00:00,-103.801979
2016-07-22 01:06:00+00:00,-102.724434
2016-07-22 01:07:00+00:00,-106.463112
2016-07-22 01:08:00+00:00,-108.518211
2016-07-22 01:09:00+00:00,-106.896004
2016-07-22 01:10:00+00:00,-108.254944
2016-07-22 01:11:00+00:00,-109.08522
2016-07-22 01:12:00+00:00,-109.085037
2016-07-22 01:13:00+00:00,-109.576424
2016-07-22 01:14:00+00:00,-108.913895
2016-07-22 01:15:00+00:00,-104.776123
2016-07-22 01:16:00+00:00,-102.031921
2016-07-22 01:17:00+00:00,-103.653145
2016-07-22 01:18:00+00:00,-106.487732
2016-07-22 01:19:00+00:00,-107.908592
2016-07-22 01:20:00+00:00,-105.946335
2016-07-22 01:21:00+00:00,-105.764786
2016-07-22 01:22:00+00:00,-102.675278
2016-07-22 01:23:00+00:00,-103.572922
2016-07-22 01:24:00+00:00,-103.772041
2016-07-22 01:25:00+00:00,-105.158524
2016-07-22 01:26:00+00:00,-107.141945
2016-07-22 01:27:00+00:00,-99.106209
2016-07-22 01:28:00+00:00,-92.860954
2016-07-22 01:29:00+00:00,-98.40184
2016-07-22 01:30:00+00:00,-101.345757
2016-07-22 01:31:00+00:00,-103.289238
2016-07-22 01:32:00+00:00,-107.230858
2016-07-22 01:33:00+00:00,-108.167175
2016-07-22 01:34:00+00:00,-108.104996
2016-07-22 01:35:00+00:00,-113.040871
2016-07-22 01:36:00+00:00,-110.973297
2016-07-22 01:37:00+00:00,-105.90567
2016-07-22 01:38:00+00:00,-107.830475
2016-07-22 01:39:00+00:00,-110.757202
2016-07-22 01:40:00+00:00,-110.684265
2016-07-22 01:41:00+00:00,-113.606262
2016-07-22 01:42:00+00:00,-117.526085
2016-07-22 01:43:00+00:00,-123.445175
2016-07-22 01:44:00+00:00,-128.363022
2016-07-22 01:45:00+00:00,-133.27359
2016-07-22 01:46:00+00:00,-128.182404
2016-07-22 01:47:00+00:00,-124.089874
2016-07-22 01:48:00+00:00,-120.999374
2016-07-22 01:49:00+00:00,-118.905518
2016-07-22 01:50:00+00:00,-117.806793
2016-07-22 01:51:00+00:00,-112.708054
2016-07-22 01:52:00+00:00,-104.606354
2016-07-22 01:53:00+00:00,-97.498993
2016-07-22 01:54:00+00:00,-92.390198
2016-07-22 01:55:00+00:00,-89.279312
2016-07-22 01:56:00+00:00,-91.166306
2016-07-22 01:57:00+00:00,-95.052124
2016-07-22 01:58:00+00:00,-100.940636
2016-07-22 01:59:00+00:00,-107.820099
2016-07-22 02:00:00+00:00,-111.694611
2016-07-22 02:01:00+00:00,-118.570641
2016-07-22 02:02:00+00:00,-123.442932
2016-07-22 02:03:00+00:00,-123.310585
2016-07-22 02:04:00+00:00,-119.173203
2016-07-22 02:05:00+00:00,-118.028931
2016-07-22 02:06:00+00:00,-117.883224
2016-07-22 02:07:00+00:00,-114.735191
2016-07-22 02:08:00+00:00,-113.581512
2016-07-22 02:09:00+00:00,-116.42659
2016-07-22 02:10:00+00:00,-114.269608
2016-07-22 02:11:00+00:00,-110.11116
2016-07-22 02:12:00+00:00,-107.951324
2016-07-22 02:13:00+00:00,-100.795082
2016-07-22 02:14:00+00:00,-93.637627
2016-07-22 02:15:00+00:00,-84.468338
2016-07-22 02:16:00+00:00,-75.299896
2016-07-22 02:17:00+00:00,-70.129547
2016-07-22 02:18:00+00:00,-70.958847
2016-07-22 02:19:00+00:00,-73.789337
2016-07-22 02:20:00+00:00,-78.61721
2016-07-22 02:21:00+00:00,-82.442551
2016-07-22 02:22:00+00:00,-86.265945
2016-07-22 02:23:00+00:00,-88.08564
2016-07-22 02:24:00+00:00,-91.908783
2016-07-22 02:25:00+00:00,-92.73024
2016-07-22 02:26:00+00:00,-91.551086
2016-07-22 02:27:00+00:00,-90.371902
2016-07-22 02:28:00+00:00,-88.191788
2016-07-22 02:29:00+00:00,-85.0084
2016-07-22 02:30:00+00:00,-82.815392
2016-07-22 02:31:00+00:00,-80.625839
2016-07-22 02:32:00+00:00,-77.433762
2016-07-22 02:33:00+00:00,-74.240295
2016-07-22 02:34:00+00:00,-70.04512
2016-07-22 02:35:00+00:00,-66.844971
2016-07-22 02:36:00+00:00,-64.640984
2016-07-22 02:37:00+00:00,-61.436752
2016-07-22 02:38:00+00:00,-60.225399
2016-07-22 02:39:00+00:00,-60.016705
2016-07-22 02:40:00+00:00,-60.806297
2016-07-22 02:41:00+00:00,-62.595314
2016-07-22 02:42:00+00:00,-65.38343
2016-07-22 02:43:00+00:00,-70.170326
2016-07-22 02:44:00+00:00,-73.958107
2016-07-22 02:45:00+00:00,-78.738174
2016-07-22 02:46:00+00:00,-80.523323
2016-07-22 02:47:00+00:00,-81.306923
2016-07-29 00:00:00+00:00,-146.845108
2016-07-29 00:01:00+00:00,-148.02356
2016-07-29 00:02:00+00:00,-150.268799
2016-07-29 00:03:00+00:00,-221.47435
2016-07-29 00:04:00+00:00,-279.433929
2016-07-29 00:05:00+00:00,-258.532318
2016-07-29 00:06:00+00:00,-282.290924
2016-07-29 00:07:00+00:00,-289.87381
2016-07-29 00:08:00+00:00,-292.356628
2016-07-29 00:09:00+00:00,-401.748138
2016-07-29 00:10:00+00:00,-357.8349
2016-07-29 00:11:00+00:00,-390.364929
2016-07-29 00:12:00+00:00,-387.311798
2016-07-29 00:13:00+00:00,-371.29657
2016-07-29 00:14:00+00:00,-380.930573
2016-07-29 00:15:00+00:00,-355.233185
2016-07-29 00:16:00+00:00,-346.287628
2016-07-29 00:17:00+00:00,-337.640564
2016-07-29 00:18:00+00:00,-319.929077
2016-07-29 00:19:00+00:00,-341.934357
2016-07-29 00:20:00+00:00,-326.922668
2016-07-29 00:21:00+00:00,-339.365784
2016-07-29 00:22:00+00:00,-297.192169
2016-07-29 00:23:00+00:00,-329.201935
2016-07-29 00:24:00+00:00,-337.177673
2016-07-29 00:25:00+00:00,-361.594208
2016-07-29 00:26:00+00:00,-373.055023
2016-07-29 00:27:00+00:00,-399.799347
2016-07-29 00:28:00+00:00,-382.057495
2016-07-29 00:29:00+00:00,-419.18161
2016-07-29 00:30:00+00:00,-447.362854
2016-07-29 00:31:00+00:00,-456.601379
2016-07-29 00:32:00+00:00,-420.139587
2016-07-29 00:33:00+00:00,-378.709045
2016-07-29 00:34:00+00:00,-371.33902
2016-07-29 00:35:00+00:00,-372.716064
2016-07-29 00:36:00+00:00,-388.307983
2016-07-29 00:37:00+00:00,-373.319885
2016-07-29 00:38:00+00:00,-340.610535
2016-07-29 00:39:00+00:00,-303.043579
2016-07-29 00:40:00+00:00,-254.834198
2016-07-29 00:41:00+00:00,-203.00975
2016-07-29 00:42:00+00:00,-185.393509
2016-07-29 00:43:00+00:00,-148.836029
2016-07-29 00:44:00+00:00,-168.072296
2016-07-29 00:45:00+00:00,-204.540817
2016-07-29 00:46:00+00:00,-216.36824
2016-07-29 00:47:00+00:00,-289.989166
2016-07-29 00:48:00+00:00,-416.023376
2016-07-29 00:49:00+00:00,-447.469666
2016-07-29 00:50:00+00:00,-475.165771
2016-07-29 00:51:00+00:00,-501.596039
2016-07-29 00:52:00+00:00,-493.241821
2016-07-29 00:53:00+00:00,-495.916077
2016-07-29 00:54:00+00:00,-496.470215
2016-07-29 00:55:00+00:00,-509.404724
2016-07-29 00:56:00+00:00,-492.12085
2016-07-29 00:57:00+00:00,-497.102905
2016-07-29 00:58:00+00:00,-484.624268
2016-07-29 00:59:00+00:00,-465.252228
2016-07-29 01:00:00+00:00,-456.710907
2016-07-29 01:01:00+00:00,-439.187256
2016-07-29 01:02:00+00:00,-414.841492
2016-07-29 01:03:00+00:00,-389.307343
2016-07-29 01:04:00+00:00,-376.237152
2016-07-29 01:05:00+00:00,-363.37207
2016-07-29 01:06:00+00:00,-359.5802
2016-07-29 01:07:00+00:00,-352.137909
2016-07-29 01:08:00+00:00,-360.396545
2016-07-29 01:09:00+00:00,-343.409088
2016-07-29 01:10:00+00:00,-342.78476
2016-07-29 01:11:00+00:00,-328.263733
2016-07-29 01:12:00+00:00,-318.118408
2016-07-29 01:13:00+00:00,-310.741302
2016-07-29 01:14:00+00:00,-307.050385
2016-07-29 01:15:00+00:00,-307.599304
2016-07-29 01:16:00+00:00,-305.620453
2016-07-29 01:17:00+00:00,-299.272003
2016-07-29 01:18:00+00:00,-286.881042
2016-07-29 01:19:00+00:00,-267.97583
2016-07-29 01:20:00+00:00,-248.325867
2016-07-29 01:21:00+00:00,-230.427216
2016-07-29 01:22:00+00:00,-231.93222
2016-07-29 01:23:00+00:00,-233.652267
2016-07-29 01:24:00+00:00,-241.068802
2016-07-29 01:25:00+00:00,-246.630997
2016-07-29 01:26:00+00:00,-247.360306
2016-07-29 01:27:00+00:00,-247.039871
2016-07-29 01:28:00+00:00,-246.494858
2016-07-29 01:29:00+00:00,-270.067993
2016-07-29 01:30:00+00:00,-285.712463
2016-07-29 01:31:00+00:00,-281.56485
2016-07-29 01:32:00+00:00,-288.962311
2016-07-29 01:33:00+00:00,-271.474152
2016-07-29 01:34:00+00:00,-271.215698
2016-07-29 01:35:00+00:00,-269.170288
2016-07-29 01:36:00+00:00,-238.698364
2016-07-29 01:37:00+00:00,-209.71907
2016-07-29 01:38:00+00:00,-210.69191
2016-07-29 01:39:00+00:00,-211.68222
2016-07-29 01:40:00+00:00,-207.680222
2016-07-29 01:41:00+00:00,-198.665344
2016-07-29 01:42:00+00:00,-195.640488
2016-07-29 01:43:00+00:00,-214.612457
2016-07-29 01:44:00+00:00,-218.63002
2016-07-29 01:45:00+00:00,-217.654694
2016-07-29 01:46:00+00:00,-224.649139
2016-07-29 01:47:00+00:00,-225.652924
2016-07-29 01:48:00+00:00,-228.636734
2016-07-29 01:49:00+00:00,-227.621033
2016-07-29 01:50:00+00:00,-218.552063
2016-07-29 01:51:00+00:00,-219.511795
2016-07-29 01:52:00+00:00,-223.516739
2016-07-29 01:53:00+00:00,-228.525055
2016-07-29 01:54:00+00:00,-226.518036
2016-07-29 01:55:00+00:00,-222.528824
2016-07-29 01:56:00+00:00,-215.525177
2016-07-29 01:57:00+00:00,-204.538284
2016-07-29 01:58:00+00:00,-192.546631
2016-07-29 01:59:00+00:00,-192.535522
2016-07-29 02:00:00+00:00,-205.574448
2016-07-29 02:01:00+00:00,-216.595322
2016-07-29 02:02:00+00:00,-216.587112
2016-07-29 02:03:00+00:00,-197.57608
2016-07-29 02:04:00+00:00,-189.568985
2016-07-29 02:05:00+00:00,-192.627258
2016-07-29 02:06:00+00:00,-189.682465
2016-07-29 02:07:00+00:00,-178.707748
2016-07-29 02:08:00+00:00,-170.735123
2016-07-29 02:09:00+00:00,-181.801147
2016-07-29 02:10:00+00:00,-211.890121
2016-07-29 02:11:00+00:00,-243.959961
2016-07-29 02:12:00+00:00,-246.975433
2016-07-29 02:13:00+00:00,-247.022385
2016-07-29 02:14:00+00:00,-256.059692
2016-07-29 02:15:00+00:00,-264.149719
2016-07-29 02:16:00+00:00,-269.023041
2016-07-29 02:17:00+00:00,-257.901123
2016-07-29 02:18:00+00:00,-228.871765
2016-07-29 02:19:00+00:00,-207.872391
2016-07-29 02:20:00+00:00,-173.899017
2016-07-29 02:21:00+00:00,-146.934937
2016-07-29 02:22:00+00:00,-143.968384
2016-07-29 02:23:00+00:00,-146.006058
2016-07-29 02:24:00+00:00,-142.048859
2016-07-29 02:25:00+00:00,-144.098663
2016-07-29 02:26:00+00:00,-151.147583
2016-07-29 02:27:00+00:00,-156.196487
2016-07-29 02:28:00+00:00,-159.278488
2016-07-29 02:29:00+00:00,-169.384735
2016-07-29 02:30:00+00:00,-174.47905
2016-07-29 02:31:00+00:00,-168.599228
2016-07-29 02:32:00+00:00,-161.683563
2016-07-29 02:33:00+00:00,-161.548859
2016-07-29 02:34:00+00:00,-167.239548
2016-07-29 02:35:00+00:00,-152.693237
2016-07-29 02:36:00+00:00,-139.734879
2016-07-29 02:37:00+00:00,-126.753204
2016-07-29 02:38:00+00:00,-124.757408
2016-07-29 02:39:00+00:00,-122.786705
2016-07-29 02:40:00+00:00,-122.803894
2016-07-29 02:41:00+00:00,-132.83429
2016-07-29 02:42:00+00:00,-139.885635
2016-07-29 02:43:00+00:00,-146.929504
2016-07-29 02:44:00+00:00,-160.878021
2016-07-29 02:45:00+00:00,-189.165253
2016-07-29 02:46:00+00:00,-197.532806
2016-07-29 02:47:00+00:00,-178.909714
2016-08-05 00:00:00+00:00,-64.434799
2016-08-05 00:01:00+00:00,-62.206879
2016-08-05 00:02:00+00:00,-61.611835
2016-08-05 00:03:00+00:00,-61.392876
2016-08-05 00:04:00+00:00,-60.080303
2016-08-05 00:05:00+00:00,-54.415375
2016-08-05 00:06:00+00:00,-61.874123
2016-08-05 00:07:00+00:00,-63.472965
2016-08-05 00:08:00+00:00,-62.589413
2016-08-05 00:09:00+00:00,-60.351601
2016-08-05 00:10:00+00:00,-59.547981
2016-08-05 00:11:00+00:00,-58.113552
2016-08-05 00:12:00+00:00,-56.992077
2016-08-05 00:13:00+00:00,-56.209961
2016-08-05 00:14:00+00:00,-53.303383
2016-08-05 00:15:00+00:00,-52.696594
2016-08-05 00:16:00+00:00,-52.082291
2016-08-05 00:17:00+00:00,-52.065903
2016-08-05 00:18:00+00:00,-53.29118
2016-08-05 00:19:00+00:00,-53.988205
2016-08-05 00:20:00+00:00,-53.025181
2016-08-05 00:21:00+00:00,-51.653126
2016-08-05 00:22:00+00:00,-49.895607
2016-08-05 00:23:00+00:00,-48.742767
2016-08-05 00:24:00+00:00,-51.618591
2016-08-05 00:25:00+00:00,-56.3554
2016-08-05 00:26:00+00:00,-56.776802
2016-08-05 00:27:00+00:00,-53.338902
2016-08-05 00:28:00+00:00,-48.828838
2016-08-05 00:29:00+00:00,-47.432201
2016-08-05 00:30:00+00:00,-44.115532
2016-08-05 00:31:00+00:00,-43.805233
2016-08-05 00:32:00+00:00,-42.655125
2016-08-05 00:33:00+00:00,-42.761864
2016-08-05 00:34:00+00:00,-42.355549
2016-08-05 00:35:00+00:00,-49.235596
2016-08-05 00:36:00+00:00,-49.130825
2016-08-05 00:37:00+00:00,-54.407623
2016-08-05 00:38:00+00:00,-62.33746
2016-08-05 00:39:00+00:00,-77.447487
2016-08-05 00:40:00+00:00,-81.985687
2016-08-05 00:41:00+00:00,-77.451012
2016-08-05 00:42:00+00:00,-73.442024
2016-08-05 00:43:00+00:00,-68.138351
2016-08-05 00:44:00+00:00,-70.869011
2016-08-05 00:45:00+00:00,-75.947243
2016-08-05 00:46:00+00:00,-80.347969
2016-08-05 00:47:00+00:00,-77.228142
2016-08-05 00:48:00+00:00,-69.097458
2016-08-05 00:49:00+00:00,-69.113075
2016-08-05 00:50:00+00:00,-62.250507
2016-08-05 00:51:00+00:00,-55.846603
2016-08-05 00:52:00+00:00,-50.601463
2016-08-05 00:53:00+00:00,-50.890083
2016-08-05 00:54:00+00:00,-57.304146
2016-08-05 00:55:00+00:00,-60.362144
2016-08-05 00:56:00+00:00,-51.88139
2016-08-05 00:57:00+00:00,-43.305172
2016-08-05 00:58:00+00:00,-40.529907
2016-08-05 00:59:00+00:00,-41.095562
2016-08-05 01:00:00+00:00,-43.893715
2016-08-05 01:01:00+00:00,-42.692322
2016-08-05 01:02:00+00:00,-36.395172
2016-08-05 01:03:00+00:00,-32.673817
2016-08-05 01:04:00+00:00,-34.026772
2016-08-05 01:05:00+00:00,-34.93013
2016-08-05 01:06:00+00:00,-34.971294
2016-08-05 01:07:00+00:00,-35.47823
2016-08-05 01:08:00+00:00,-35.16568
2016-08-05 01:09:00+00:00,-34.455791
2016-08-05 01:10:00+00:00,-34.197693
2016-08-05 01:11:00+00:00,-37.036892
2016-08-05 01:12:00+00:00,-40.252689
2016-08-05 01:13:00+00:00,-43.688354
2016-08-05 01:14:00+00:00,-46.14711
2016-08-05 01:15:00+00:00,-48.00124
2016-08-05 01:16:00+00:00,-51.006725
2016-08-05 01:17:00+00:00,-50.907871
2016-08-05 01:18:00+00:00,-52.041107
2016-08-05 01:19:00+00:00,-44.798523
2016-08-05 01:20:00+00:00,-40.741653
2016-08-05 01:21:00+00:00,-37.650768
2016-08-05 01:22:00+00:00,-35.067924
2016-08-05 01:23:00+00:00,-41.85112
2016-08-05 01:24:00+00:00,-52.606827
2016-08-05 01:25:00+00:00,-58.14695
2016-08-05 01:26:00+00:00,-58.329861
2016-08-05 01:27:00+00:00,-61.735603
2016-08-05 01:28:00+00:00,-67.078018
2016-08-05 01:29:00+00:00,-77.671539
2016-08-05 01:30:00+00:00,-85.788086
2016-08-05 01:31:00+00:00,-84.759972
2016-08-05 01:32:00+00:00,-78.859398
2016-08-05 01:33:00+00:00,-73.557037
2016-08-05 01:34:00+00:00,-67.090179
2016-08-05 01:35:00+00:00,-63.046677
2016-08-05 01:36:00+00:00,-60.531982
2016-08-05 01:37:00+00:00,-54.238064
2016-08-05 01:38:00+00:00,-45.456696
2016-08-05 01:39:00+00:00,-38.573196
2016-08-05 01:40:00+00:00,-35.24379
2016-08-05 01:41:00+00:00,-32.549168
2016-08-05 01:42:00+00:00,-32.421707
2016-08-05 01:43:00+00:00,-32.922283
2016-08-05 01:44:00+00:00,-32.22858
2016-08-05 01:45:00+00:00,-34.464951
2016-08-05 01:46:00+00:00,-36.412159
2016-08-05 01:47:00+00:00,-38.362804
2016-08-05 01:48:00+00:00,-39.312935
2016-08-05 01:49:00+00:00,-39.263973
2016-08-05 01:50:00+00:00,-39.217831
2016-08-05 01:51:00+00:00,-38.245075
2016-08-05 01:52:00+00:00,-39.126621
2016-08-05 01:53:00+00:00,-39.082352
2016-08-05 01:54:00+00:00,-39.738167
2016-08-05 01:55:00+00:00,-38.702042
2016-08-05 01:56:00+00:00,-39.896862
2016-08-05 01:57:00+00:00,-41.129757
2016-08-05 01:58:00+00:00,-40.132149
2016-08-05 01:59:00+00:00,-40.569561
2016-08-05 02:00:00+00:00,-44.105442
2016-08-05 02:01:00+00:00,-45.250252
2016-08-05 02:02:00+00:00,-45.638088
2016-08-05 02:03:00+00:00,-45.676193
2016-08-05 02:04:00+00:00,-43.304535
2016-08-05 02:05:00+00:00,-41.612
2016-08-05 02:06:00+00:00,-40.014622
2016-08-05 02:07:00+00:00,-39.095608
2016-08-05 02:08:00+00:00,-38.388363
2016-08-05 02:09:00+00:00,-37.302223
2016-08-05 02:10:00+00:00,-36.071583
2016-08-05 02:11:00+00:00,-34.993828
2016-08-05 02:12:00+00:00,-32.893192
2016-08-05 02:13:00+00:00,-32.594414
2016-08-05 02:14:00+00:00,-32.346531
2016-08-05 02:15:00+00:00,-31.577837
2016-08-05 02:16:00+00:00,-30.557837
2016-08-05 02:17:00+00:00,-27.762136
2016-08-05 02:18:00+00:00,-27.384609
2016-08-05 02:19:00+00:00,-30.987772
2016-08-05 02:20:00+00:00,-31.75573
2016-08-05 02:21:00+00:00,-30.546902
2016-08-05 02:22:00+00:00,-35.365616
2016-08-05 02:23:00+00:00,-34.975796
2016-08-05 02:24:00+00:00,-36.099487
2016-08-05 02:25:00+00:00,-37.547752
2016-08-05 02:26:00+00:00,-38.846973
2016-08-05 02:27:00+00:00,-38.834087
2016-08-05 02:28:00+00:00,-40.688808
2016-08-05 02:29:00+00:00,-43.122086
2016-08-05 02:30:00+00:00,-42.99221
2016-08-05 02:31:00+00:00,-42.904259
2016-08-05 02:32:00+00:00,-38.550591
2016-08-05 02:33:00+00:00,-40.006824
2016-08-05 02:34:00+00:00,-38.994076
2016-08-05 02:35:00+00:00,-36.538162
2016-08-05 02:36:00+00:00,-35.75766
2016-08-05 02:37:00+00:00,-31.851549
2016-08-05 02:38:00+00:00,-30.514011
2016-08-05 02:39:00+00:00,-28.717894
2016-08-05 02:40:00+00:00,-25.008045
2016-08-05 02:41:00+00:00,-23.356077
2016-08-05 02:42:00+00:00,-22.632528
2016-08-05 02:43:00+00:00,-22.558029
2016-08-05 02:44:00+00:00,-24.701363
2016-08-05 02:45:00+00:00,-25.669119
2016-08-05 02:46:00+00:00,-27.065331
2016-08-05 02:47:00+00:00,-29.735315
2016-08-12 00:00:00+00:00,-110.367561
2016-08-12 00:01:00+00:00,-99.375519
2016-08-12 00:02:00+00:00,-81.853996
2016-08-12 00:03:00+00:00,-69.56353
2016-08-12 00:04:00+00:00,-67.695198
2016-08-12 00:05:00+00:00,-63.098927
2016-08-12 00:06:00+00:00,-57.953812
2016-08-12 00:07:00+00:00,-55.734596
2016-08-12 00:08:00+00:00,-55.206032
2016-08-12 00:09:00+00:00,-55.780499
2016-08-12 00:10:00+00:00,-60.584068
2016-08-12 00:11:00+00:00,-64.448822
2016-08-12 00:12:00+00:00,-65.760521
2016-08-12 00:13:00+00:00,-67.00946
2016-08-12 00:14:00+00:00,-65.893906
2016-08-12 00:15:00+00:00,-58.207359
2016-08-12 00:16:00+00:00,-51.388367
2016-08-12 00:17:00+00:00,-50.678635
2016-08-12 00:18:00+00:00,-51.739334
2016-08-12 00:19:00+00:00,-51.695503
2016-08-12 00:20:00+00:00,-52.894844
2016-08-12 00:21:00+00:00,-51.698723
2016-08-12 00:22:00+00:00,-53.826607
2016-08-12 00:23:00+00:00,-55.374855
2016-08-12 00:24:00+00:00,-53.20842
2016-08-12 00:25:00+00:00,-50.392773
2016-08-12 00:26:00+00:00,-52.356659
2016-08-12 00:27:00+00:00,-52.53957
2016-08-12 00:28:00+00:00,-55.904438
2016-08-12 00:29:00+00:00,-59.790169
2016-08-12 00:30:00+00:00,-61.508327
2016-08-12 00:31:00+00:00,-61.972816
2016-08-12 00:32:00+00:00,-58.324043
2016-08-12 00:33:00+00:00,-54.09618
2016-08-12 00:34:00+00:00,-55.975758
2016-08-12 00:35:00+00:00,-60.77528
2016-08-12 00:36:00+00:00,-63.009399
2016-08-12 00:37:00+00:00,-67.902939
2016-08-12 00:38:00+00:00,-68.894958
2016-08-12 00:39:00+00:00,-68.551079
2016-08-12 00:40:00+00:00,-65.52755
2016-08-12 00:41:00+00:00,-61.25309
2016-08-12 00:42:00+00:00,-61.996246
2016-08-12 00:43:00+00:00,-59.156448
2016-08-12 00:44:00+00:00,-62.487602
2016-08-12 00:45:00+00:00,-63.715744
2016-08-12 00:46:00+00:00,-67.044113
2016-08-12 00:47:00+00:00,-66.588364
2016-08-12 00:48:00+00:00,-66.52037
2016-08-12 00:49:00+00:00,-62.766903
2016-08-12 00:50:00+00:00,-61.436356
2016-08-12 00:51:00+00:00,-60.886162
2016-08-12 00:52:00+00:00,-63.085732
2016-08-12 00:53:00+00:00,-67.792564
2016-08-12 00:54:00+00:00,-68.567841
2016-08-12 00:55:00+00:00,-70.421326
2016-08-12 00:56:00+00:00,-65.32959
2016-08-12 00:57:00+00:00,-59.463539
2016-08-12 00:58:00+00:00,-56.155205
2016-08-12 00:59:00+00:00,-50.785446
2016-08-12 01:00:00+00:00,-56.851723
2016-08-12 01:01:00+00:00,-47.118496
2016-08-12 01:02:00+00:00,-41.122162
2016-08-12 01:03:00+00:00,-84.670959
2016-08-12 01:04:00+00:00,-100.52536
2016-08-12 01:05:00+00:00,-104.353333
2016-08-12 01:06:00+00:00,-85.143196
2016-08-12 01:07:00+00:00,-75.963966
2016-08-12 01:08:00+00:00,-77.679764
2016-08-12 01:09:00+00:00,-86.422028
2016-08-12 01:10:00+00:00,-97.307961
2016-08-12 01:11:00+00:00,-72.263397
2016-08-12 01:12:00+00:00,-71.098923
2016-08-12 01:13:00+00:00,-76.928391
2016-08-12 01:14:00+00:00,-89.115616
2016-08-12 01:15:00+00:00,-96.064384
2016-08-12 01:16:00+00:00,-105.221291
2016-08-12 01:17:00+00:00,-115.611076
2016-08-12 01:18:00+00:00,-126.74939
2016-08-12 01:19:00+00:00,-130.350204
2016-08-12 01:20:00+00:00,-132.119675
2016-08-12 01:21:00+00:00,-142.32547
2016-08-12 01:22:00+00:00,-146.117737
2016-08-12 01:23:00+00:00,-154.980408
2016-08-12 01:24:00+00:00,-160.189499
2016-08-12 01:25:00+00:00,-173.039078
2016-08-12 01:26:00+00:00,-174.121017
2016-08-12 01:27:00+00:00,-171.330902
2016-08-12 01:28:00+00:00,-167.505051
2016-08-12 01:29:00+00:00,-185.462158
2016-08-12 01:30:00+00:00,-184.421814
2016-08-12 01:31:00+00:00,-192.383652
2016-08-12 01:32:00+00:00,-205.349548
2016-08-12 01:33:00+00:00,-210.315552
2016-08-12 01:34:00+00:00,-212.274826
2016-08-12 01:35:00+00:00,-233.240997
2016-08-12 01:36:00+00:00,-235.203308
2016-08-12 01:37:00+00:00,-243.177368
2016-08-12 01:38:00+00:00,-269.272522
2016-08-12 01:39:00+00:00,-300.134216
2016-08-12 01:40:00+00:00,-304.07785
2016-08-12 01:41:00+00:00,-293.058533
2016-08-12 01:42:00+00:00,-335.057617
2016-08-12 01:43:00+00:00,-326.006744
2016-08-12 01:44:00+00:00,-329.001556
2016-08-12 01:45:00+00:00,-328.964172
2016-08-12 01:46:00+00:00,-372.912689
2016-08-12 01:47:00+00:00,-375.894135
2016-08-12 01:48:00+00:00,-360.873291
2016-08-12 01:49:00+00:00,-348.843384
2016-08-12 01:50:00+00:00,-364.820892
2016-08-12 01:51:00+00:00,-367.799011
2016-08-12 01:52:00+00:00,-359.780029
2016-08-12 01:53:00+00:00,-352.771942
2016-08-12 01:54:00+00:00,-353.781006
2016-08-12 01:55:00+00:00,-361.79834
2016-08-12 01:56:00+00:00,-363.787811
2016-08-12 01:57:00+00:00,-353.784546
2016-08-12 01:58:00+00:00,-359.793396
2016-08-12 01:59:00+00:00,-359.787994
2016-08-12 02:00:00+00:00,-377.80191
2016-08-12 02:01:00+00:00,-397.783691
2016-08-12 02:02:00+00:00,-398.774994
2016-08-12 02:03:00+00:00,-390.738647
2016-08-12 02:04:00+00:00,-380.670746
2016-08-12 02:05:00+00:00,-375.650421
2016-08-12 02:06:00+00:00,-372.651245
2016-08-12 02:07:00+00:00,-388.050232
2016-08-12 02:08:00+00:00,-375.674957
2016-08-12 02:09:00+00:00,-357.676727
2016-08-12 02:10:00+00:00,-332.221527
2016-08-12 02:11:00+00:00,-338.345764
2016-08-12 02:12:00+00:00,-363.215088
2016-08-12 02:13:00+00:00,-385.483704
2016-08-12 02:14:00+00:00,-375.93866
2016-08-12 02:15:00+00:00,-369.42923
2016-08-12 02:16:00+00:00,-374.942261
2016-08-12 02:17:00+00:00,-401.824219
2016-08-12 02:18:00+00:00,-426.83313
2016-08-12 02:19:00+00:00,-456.477722
2016-08-12 02:20:00+00:00,-480.840057
2016-08-12 02:21:00+00:00,-476.175049
2016-08-12 02:22:00+00:00,-500.069458
2016-08-12 02:23:00+00:00,-576.698364
2016-08-12 02:24:00+00:00,-600.273315
2016-08-12 02:25:00+00:00,-664.78363
2016-08-12 02:26:00+00:00,-691.413147
2016-08-12 02:27:00+00:00,-742.36145
2016-08-12 02:28:00+00:00,-781.105042
2016-08-12 02:29:00+00:00,-811.202515
2016-08-12 02:30:00+00:00,-813.788635
2016-08-12 02:31:00+00:00,-802.588013
2016-08-12 02:32:00+00:00,-808.504089
2016-08-12 02:33:00+00:00,-751.962646
2016-08-12 02:34:00+00:00,-770.861084
2016-08-12 02:35:00+00:00,-759.21991
2016-08-12 02:36:00+00:00,-724.99231
2016-08-12 02:37:00+00:00,-702.410706
2016-08-12 02:38:00+00:00,-656.566833
2016-08-12 02:39:00+00:00,-624.135559
2016-08-12 02:40:00+00:00,-585.649109
2016-08-12 02:41:00+00:00,-589.854919
2016-08-12 02:42:00+00:00,-598.54834
2016-08-12 02:43:00+00:00,-610.611755
2016-08-12 02:44:00+00:00,-623.951416
2016-08-12 02:45:00+00:00,-588.742737
2016-08-12 02:46:00+00:00,-571.367126
2016-08-12 02:47:00+00:00,-552.2724
2016-08-19 00:00:00+00:00,-84.678726
2016-08-19 00:01:00+00:00,-84.452652
2016-08-19 00:02:00+00:00,-79.399185
2016-08-19 00:03:00+00:00,-73.132645
2016-08-19 00:04:00+00:00,-67.75267
2016-08-19 00:05:00+00:00,-80.992233
2016-08-19 00:06:00+00:00,-95.011253
2016-08-19 00:07:00+00:00,-95.019104
2016-08-19 00:08:00+00:00,-81.831276
2016-08-19 00:09:00+00:00,-70.396492
2016-08-19 00:10:00+00:00,-65.071121
2016-08-19 00:11:00+00:00,-57.285221
2016-08-19 00:12:00+00:00,-52.214241
2016-08-19 00:13:00+00:00,-49.301708
2016-08-19 00:14:00+00:00,-48.702915
2016-08-19 00:15:00+00:00,-48.001663
2016-08-19 00:16:00+00:00,-50.909378
2016-08-19 00:17:00+00:00,-53.426819
2016-08-19 00:18:00+00:00,-54.883118
2016-08-19 00:19:00+00:00,-57.549782
2016-08-19 00:20:00+00:00,-56.485435
2016-08-19 00:21:00+00:00,-53.713547
2016-08-19 00:22:00+00:00,-51.333839
2016-08-19 00:23:00+00:00,-51.554222
2016-08-19 00:24:00+00:00,-50.905045
2016-08-19 00:25:00+00:00,-49.650002
2016-08-19 00:26:00+00:00,-46.551819
2016-08-19 00:27:00+00:00,-44.001144
2016-08-19 00:28:00+00:00,-41.917942
2016-08-19 00:29:00+00:00,-40.670395
2016-08-19 00:30:00+00:00,-46.62326
2016-08-19 00:31:00+00:00,-50.132484
2016-08-19 00:32:00+00:00,-38.957859
2016-08-19 00:33:00+00:00,-29.077911
2016-08-19 00:34:00+00:00,-32.421745
2016-08-19 00:35:00+00:00,-37.361839
2016-08-19 00:36:00+00:00,-37.299999
2016-08-19 00:37:00+00:00,-36.232361
2016-08-19 00:38:00+00:00,-39.166805
2016-08-19 00:39:00+00:00,-44.100491
2016-08-19 00:40:00+00:00,-46.030052
2016-08-19 00:41:00+00:00,-45.029041
2016-08-19 00:42:00+00:00,-41.885368
2016-08-19 00:43:00+00:00,-40.813202
2016-08-19 00:44:00+00:00,-41.736191
2016-08-19 00:45:00+00:00,-40.657536
2016-08-19 00:46:00+00:00,-38.581253
2016-08-19 00:47:00+00:00,-34.505692
2016-08-19 00:48:00+00:00,-32.428955
2016-08-19 00:49:00+00:00,-34.350132
2016-08-19 00:50:00+00:00,-37.268799
2016-08-19 00:51:00+00:00,-34.187943
2016-08-19 00:52:00+00:00,-29.10528
2016-08-19 00:53:00+00:00,-28.377323
2016-08-19 00:54:00+00:00,-27.734293
2016-08-19 00:55:00+00:00,-26.440125
2016-08-19 00:56:00+00:00,-29.778994
2016-08-19 00:57:00+00:00,-31.697952
2016-08-19 00:58:00+00:00,-30.619301
2016-08-19 00:59:00+00:00,-32.540169
2016-08-19 01:00:00+00:00,-36.459221
2016-08-19 01:01:00+00:00,-42.379211
2016-08-19 01:02:00+00:00,-43.297276
2016-08-19 01:03:00+00:00,-40.214931
2016-08-19 01:04:00+00:00,-37.13076
2016-08-19 01:05:00+00:00,-36.044323
2016-08-19 01:06:00+00:00,-35.958118
2016-08-19 01:07:00+00:00,-36.868172
2016-08-19 01:08:00+00:00,-40.780602
2016-08-19 01:09:00+00:00,-40.689507
2016-08-19 01:10:00+00:00,-41.598839
2016-08-19 01:11:00+00:00,-39.505726
2016-08-19 01:12:00+00:00,-34.412655
2016-08-19 01:13:00+00:00,-32.321632
2016-08-19 01:14:00+00:00,-33.231728
2016-08-19 01:15:00+00:00,-33.139854
2016-08-19 01:16:00+00:00,-33.049896
2016-08-19 01:17:00+00:00,-31.959745
2016-08-19 01:18:00+00:00,-31.868965
2016-08-19 01:19:00+00:00,-29.77956
2016-08-19 01:20:00+00:00,-27.689137
2016-08-19 01:21:00+00:00,-25.598234
2016-08-19 01:22:00+00:00,-25.503746
2016-08-19 01:23:00+00:00,-26.412531
2016-08-19 01:24:00+00:00,-28.321966
2016-08-19 01:25:00+00:00,-29.231125
2016-08-19 01:26:00+00:00,-28.141523
2016-08-19 01:27:00+00:00,-27.052235
2016-08-19 01:28:00+00:00,-25.963799
2016-08-19 01:29:00+00:00,-24.876751
2016-08-19 01:30:00+00:00,-26.072575
2016-08-19 01:31:00+00:00,-28.704414
2016-08-19 01:32:00+00:00,-29.616924
2016-08-19 01:33:00+00:00,-31.528078
2016-08-19 01:34:00+00:00,-31.438416
2016-08-19 01:35:00+00:00,-30.346031
2016-08-19 01:36:00+00:00,-30.253414
2016-08-19 01:37:00+00:00,-30.15844
2016-08-19 01:38:00+00:00,-28.192577
2016-08-19 01:39:00+00:00,-28.027336
2016-08-19 01:40:00+00:00,-27.550165
2016-08-19 01:41:00+00:00,-28.697979
2016-08-19 01:42:00+00:00,-27.227509
2016-08-19 01:43:00+00:00,-25.98045
2016-08-19 01:44:00+00:00,-25.578281
2016-08-19 01:45:00+00:00,-25.573278
2016-08-19 01:46:00+00:00,-25.738991
2016-08-19 01:47:00+00:00,-24.137955
2016-08-19 01:48:00+00:00,-23.500055
2016-08-19 01:49:00+00:00,-22.614246
2016-08-19 01:50:00+00:00,-21.550255
2016-08-19 01:51:00+00:00,-20.818722
2016-08-19 01:52:00+00:00,-22.263723
2016-08-19 01:53:00+00:00,-24.261698
2016-08-19 01:54:00+00:00,-24.578636
2016-08-19 01:55:00+00:00,-23.578693
2016-08-19 01:56:00+00:00,-21.62505
2016-08-19 01:57:00+00:00,-20.765455
2016-08-19 01:58:00+00:00,-21.566214
2016-08-19 01:59:00+00:00,-22.065796
2016-08-19 02:00:00+00:00,-21.723618
2016-08-19 02:01:00+00:00,-19.492359
2016-08-19 02:02:00+00:00,-19.658213
2016-08-19 02:03:00+00:00,-21.072309
2016-08-19 02:04:00+00:00,-20.533195
2016-08-19 02:05:00+00:00,-20.685299
2016-08-19 02:06:00+00:00,-19.254103
2016-08-19 02:07:00+00:00,-18.344431
2016-08-19 02:08:00+00:00,-17.718987
2016-08-19 02:09:00+00:00,-17.69352
2016-08-19 02:10:00+00:00,-18.159523
2016-08-19 02:11:00+00:00,-18.620806
2016-08-19 02:12:00+00:00,-19.887804
2016-08-19 02:13:00+00:00,-19.651823
2016-08-19 02:14:00+00:00,-19.058266
2016-08-19 02:15:00+00:00,-19.148495
2016-08-19 02:16:00+00:00,-20.424419
2016-08-19 02:17:00+00:00,-21.366867
2016-08-19 02:18:00+00:00,-20.502096
2016-08-19 02:19:00+00:00,-18.773367
2016-08-19 02:20:00+00:00,-17.672758
2016-08-19 02:21:00+00:00,-16.9697
2016-08-19 02:22:00+00:00,-16.817707
2016-08-19 02:23:00+00:00,-16.638893
2016-08-19 02:24:00+00:00,-16.364147
2016-08-19 02:25:00+00:00,-15.770712
2016-08-19 02:26:00+00:00,-15.676839
2016-08-19 02:27:00+00:00,-15.481839
2016-08-19 02:28:00+00:00,-15.57135
2016-08-19 02:29:00+00:00,-13.65523
2016-08-19 02:30:00+00:00,-12.69149
2016-08-19 02:31:00+00:00,-16.713646
2016-08-19 02:32:00+00:00,-14.763943
2016-08-19 02:33:00+00:00,-13.582776
2016-08-19 02:34:00+00:00,-15.967012
2016-08-19 02:35:00+00:00,-17.295624
2016-08-19 02:36:00+00:00,-18.887596
2016-08-19 02:37:00+00:00,-21.118341
2016-08-19 02:38:00+00:00,-21.968948
2016-08-19 02:39:00+00:00,-21.449789
2016-08-19 02:40:00+00:00,-20.909952
2016-08-19 02:41:00+00:00,-23.883097
2016-08-19 02:42:00+00:00,-28.037157
2016-08-19 02:43:00+00:00,-31.330593
2016-08-19 02:44:00+00:00,-32.329292
2016-08-19 02:45:00+00:00,-31.229734
2016-08-19 02:46:00+00:00,-30.022644
2016-08-19 02:47:00+00:00,-28.280727
2016-08-26 00:00:00+00:00,-350.449341
2016-08-26 00:01:00+00:00,-352.627075
2016-08-26 00:02:00+00:00,-360.229645
2016-08-26 00:03:00+00:00,-360.164246
2016-08-26 00:04:00+00:00,-356.733673
2016-08-26 00:05:00+00:00,-360.438263
2016-08-26 00:06:00+00:00,-384.087494
2016-08-26 00:07:00+00:00,-395.356781
2016-08-26 00:08:00+00:00,-416.598175
2016-08-26 00:09:00+00:00,-415.430511
2016-08-26 00:10:00+00:00,-413.526642
2016-08-26 00:11:00+00:00,-392.566498
2016-08-26 00:12:00+00:00,-403.805267
2016-08-26 00:13:00+00:00,-405.601471
2016-08-26 00:14:00+00:00,-416.485168
2016-08-26 00:15:00+00:00,-413.221405
2016-08-26 00:16:00+00:00,-401.383057
2016-08-26 00:17:00+00:00,-429.728729
2016-08-26 00:18:00+00:00,-430.397705
2016-08-26 00:19:00+00:00,-427.54892
2016-08-26 00:20:00+00:00,-409.266327
2016-08-26 00:21:00+00:00,-401.491211
2016-08-26 00:22:00+00:00,-396.863007
2016-08-26 00:23:00+00:00,-393.828339
2016-08-26 00:24:00+00:00,-386.959503
2016-08-26 00:25:00+00:00,-377.492981
2016-08-26 00:26:00+00:00,-357.484772
2016-08-26 00:27:00+00:00,-360.200165
2016-08-26 00:28:00+00:00,-365.507202
2016-08-26 00:29:00+00:00,-358.950073
2016-08-26 00:30:00+00:00,-341.046021
2016-08-26 00:31:00+00:00,-308.362305
2016-08-26 00:32:00+00:00,-294.209442
2016-08-26 00:33:00+00:00,-282.108521
2016-08-26 00:34:00+00:00,-262.750275
2016-08-26 00:35:00+00:00,-244.715714
2016-08-26 00:36:00+00:00,-243.048523
2016-08-26 00:37:00+00:00,-252.460648
2016-08-26 00:38:00+00:00,-251.306976
2016-08-26 00:39:00+00:00,-247.818604
2016-08-26 00:40:00+00:00,-256.956146
2016-08-26 00:41:00+00:00,-267.844635
2016-08-26 00:42:00+00:00,-273.617859
2016-08-26 00:43:00+00:00,-281.704559
2016-08-26 00:44:00+00:00,-281.662933
2016-08-26 00:45:00+00:00,-265.698944
2016-08-26 00:46:00+00:00,-242.29686
2016-08-26 00:47:00+00:00,-235.022186
2016-08-26 00:48:00+00:00,-216.618271
2016-08-26 00:49:00+00:00,-192.818466
2016-08-26 00:50:00+00:00,-172.099365
2016-08-26 00:51:00+00:00,-159.975586
2016-08-26 00:52:00+00:00,-153.9319
2016-08-26 00:53:00+00:00,-147.87117
2016-08-26 00:54:00+00:00,-137.816818
2016-08-26 00:55:00+00:00,-128.763016
2016-08-26 00:56:00+00:00,-119.705856
2016-08-26 00:57:00+00:00,-114.648293
2016-08-26 00:58:00+00:00,-115.591331
2016-08-26 00:59:00+00:00,-104.532295
2016-08-26 01:00:00+00:00,-96.561058
2016-08-26 01:01:00+00:00,-93.475029
2016-08-26 01:02:00+00:00,-81.965134
2016-08-26 01:03:00+00:00,-72.119247
2016-08-26 01:04:00+00:00,-72.243141
2016-08-26 01:05:00+00:00,-68.181152
2016-08-26 01:06:00+00:00,-64.121185
2016-08-26 01:07:00+00:00,-62.312401
2016-08-26 01:08:00+00:00,-64.759773
2016-08-26 01:09:00+00:00,-64.720299
2016-08-26 01:10:00+00:00,-78.279724
2016-08-26 01:11:00+00:00,-87.32077
2016-08-26 01:12:00+00:00,-81.085342
2016-08-26 01:13:00+00:00,-70.676682
2016-08-26 01:14:00+00:00,-64.62159
2016-08-26 01:15:00+00:00,-72.140068
2016-08-26 01:16:00+00:00,-73.21936
2016-08-26 01:17:00+00:00,-70.132927
2016-08-26 01:18:00+00:00,-64.680588
2016-08-26 01:19:00+00:00,-61.070374
2016-08-26 01:20:00+00:00,-70.428276
2016-08-26 01:21:00+00:00,-76.836884
2016-08-26 01:22:00+00:00,-81.678085
2016-08-26 01:23:00+00:00,-85.335205
2016-08-26 01:24:00+00:00,-89.16069
2016-08-26 01:25:00+00:00,-93.95237
2016-08-26 01:26:00+00:00,-99.667282
2016-08-26 01:27:00+00:00,-104.557365
2016-08-26 01:28:00+00:00,-110.648987
2016-08-26 01:29:00+00:00,-122.509293
2016-08-26 01:30:00+00:00,-132.325241
2016-08-26 01:31:00+00:00,-135.976151
2016-08-26 01:32:00+00:00,-134.446106
2016-08-26 01:33:00+00:00,-132.978317
2016-08-26 01:34:00+00:00,-138.741928
2016-08-26 01:35:00+00:00,-144.452255
2016-08-26 01:36:00+00:00,-149.315369
2016-08-26 01:37:00+00:00,-163.150787
2016-08-26 01:38:00+00:00,-177.524536
2016-08-26 01:39:00+00:00,-181.215958
2016-08-26 01:40:00+00:00,-186.038467
2016-08-26 01:41:00+00:00,-190.383575
2016-08-26 01:42:00+00:00,-193.758987
2016-08-26 01:43:00+00:00,-193.477127
2016-08-26 01:44:00+00:00,-193.540375
2016-08-26 01:45:00+00:00,-195.132629
2016-08-26 01:46:00+00:00,-192.588699
2016-08-26 01:47:00+00:00,-200.574844
2016-08-26 01:48:00+00:00,-201.310272
2016-08-26 01:49:00+00:00,-197.277023
2016-08-26 01:50:00+00:00,-197.984573
2016-08-26 01:51:00+00:00,-185.240021
2016-08-26 01:52:00+00:00,-174.289948
2016-08-26 01:53:00+00:00,-184.593475
2016-08-26 01:54:00+00:00,-187.357086
2016-08-26 01:55:00+00:00,-188.525208
2016-08-26 01:56:00+00:00,-190.009201
2016-08-26 01:57:00+00:00,-169.897644
2016-08-26 01:58:00+00:00,-155.91655
2016-08-26 01:59:00+00:00,-149.41423
2016-08-26 02:00:00+00:00,-156.897461
2016-08-26 02:01:00+00:00,-163.139938
2016-08-26 02:02:00+00:00,-175.893539
2016-08-26 02:03:00+00:00,-173.354385
2016-08-26 02:04:00+00:00,-166.499023
2016-08-26 02:05:00+00:00,-164.6866
2016-08-26 02:06:00+00:00,-169.841827
2016-08-26 02:07:00+00:00,-182.573578
2016-08-26 02:08:00+00:00,-192.151077
2016-08-26 02:09:00+00:00,-191.049362
2016-08-26 02:10:00+00:00,-173.831787
2016-08-26 02:11:00+00:00,-166.239441
2016-08-26 02:12:00+00:00,-163.777054
2016-08-26 02:13:00+00:00,-137.180862
2016-08-26 02:14:00+00:00,-113.676353
2016-08-26 02:15:00+00:00,-121.207489
2016-08-26 02:16:00+00:00,-147.511841
2016-08-26 02:17:00+00:00,-143.196518
2016-08-26 02:18:00+00:00,-137.99382
2016-08-26 02:19:00+00:00,-151.429535
2016-08-26 02:20:00+00:00,-163.954453
2016-08-26 02:21:00+00:00,-173.766281
2016-08-26 02:22:00+00:00,-185.24205
2016-08-26 02:23:00+00:00,-199.024078
2016-08-26 02:24:00+00:00,-199.693115
2016-08-26 02:25:00+00:00,-203.149261
2016-08-26 02:26:00+00:00,-209.11644
2016-08-26 02:27:00+00:00,-209.045761
2016-08-26 02:28:00+00:00,-206.03923
2016-08-26 02:29:00+00:00,-210.611511
2016-08-26 02:30:00+00:00,-212.903366
2016-08-26 02:31:00+00:00,-216.10585
2016-08-26 02:32:00+00:00,-221.924896
2016-08-26 02:33:00+00:00,-226.7267
2016-08-26 02:34:00+00:00,-219.666519
2016-08-26 02:35:00+00:00,-210.636887
2016-08-26 02:36:00+00:00,-198.437622
2016-08-26 02:37:00+00:00,-182.973511
2016-08-26 02:38:00+00:00,-168.406006
2016-08-26 02:39:00+00:00,-144.231644
2016-08-26 02:40:00+00:00,-132.027176
2016-08-26 02:41:00+00:00,-116.776009
2016-08-26 02:42:00+00:00,-100.501564
2016-08-26 02:43:00+00:00,-93.092819
2016-08-26 02:44:00+00:00,-83.760689
2016-08-26 02:45:00+00:00,-72.171646
2016-08-26 02:46:00+00:00,-74.789558
2016-08-26 02:47:00+00:00,-74.715759
2016-09-02 00:00:00+00:00,-620.876038
2016-09-02 00:01:00+00:00,-597.780945
2016-09-02 00:02:00+00:00,-562.809753
2016-09-02 00:03:00+00:00,-560.956177
2016-09-02 00:04:00+00:00,-567.789368
2016-09-02 00:05:00+00:00,-555.816406
2016-09-02 00:06:00+00:00,-552.349365
2016-09-02 00:07:00+00:00,-567.725403
2016-09-02 00:08:00+00:00,-563.112244
2016-09-02 00:09:00+00:00,-541.460754
2016-09-02 00:10:00+00:00,-531.811096
2016-09-02 00:11:00+00:00,-524.162415
2016-09-02 00:12:00+00:00,-532.523499
2016-09-02 00:13:00+00:00,-536.867188
2016-09-02 00:14:00+00:00,-515.306885
2016-09-02 00:15:00+00:00,-479.738922
2016-09-02 00:16:00+00:00,-472.367157
2016-09-02 00:17:00+00:00,-499.436401
2016-09-02 00:18:00+00:00,-498.579559
2016-09-02 00:19:00+00:00,-499.620453
2016-09-02 00:20:00+00:00,-534.335205
2016-09-02 00:21:00+00:00,-544.049866
2016-09-02 00:22:00+00:00,-555.04071
2016-09-02 00:23:00+00:00,-545.99884
2016-09-02 00:24:00+00:00,-549.526978
2016-09-02 00:25:00+00:00,-543.421082
2016-09-02 00:26:00+00:00,-540.296631
2016-09-02 00:27:00+00:00,-499.447205
2016-09-02 00:28:00+00:00,-467.987183
2016-09-02 00:29:00+00:00,-490.027588
2016-09-02 00:30:00+00:00,-498.983643
2016-09-02 00:31:00+00:00,-527.338562
2016-09-02 00:32:00+00:00,-542.189758
2016-09-02 00:33:00+00:00,-543.763123
2016-09-02 00:34:00+00:00,-519.941711
2016-09-02 00:35:00+00:00,-509.233673
2016-09-02 00:36:00+00:00,-501.299561
2016-09-02 00:37:00+00:00,-511.026306
2016-09-02 00:38:00+00:00,-480.944489
2016-09-02 00:39:00+00:00,-504.100281
2016-09-02 00:40:00+00:00,-522.3396
2016-09-02 00:41:00+00:00,-536.019226
2016-09-02 00:42:00+00:00,-526.777588
2016-09-02 00:43:00+00:00,-521.245483
2016-09-02 00:44:00+00:00,-520.610474
2016-09-02 00:45:00+00:00,-596.082275
2016-09-02 00:46:00+00:00,-695.593384
2016-09-02 00:47:00+00:00,-675.284424
2016-09-02 00:48:00+00:00,-581.151611
2016-09-02 00:49:00+00:00,-623.499084
2016-09-02 00:50:00+00:00,-620.278381
2016-09-02 00:51:00+00:00,-590.078857
2016-09-02 00:52:00+00:00,-638.450012
2016-09-02 00:53:00+00:00,-639.708679
2016-09-02 00:54:00+00:00,-601.968506
2016-09-02 00:55:00+00:00,-623.545654
2016-09-02 00:56:00+00:00,-658.424744
2016-09-02 00:57:00+00:00,-715.438416
2016-09-02 00:58:00+00:00,-752.158691
2016-09-02 00:59:00+00:00,-749.744812
2016-09-02 01:00:00+00:00,-767.860962
2016-09-02 01:01:00+00:00,-794.860046
2016-09-02 01:02:00+00:00,-802.373901
2016-09-02 01:03:00+00:00,-859.84491
2016-09-02 01:04:00+00:00,-918.18927
2016-09-02 01:05:00+00:00,-941.293152
2016-09-02 01:06:00+00:00,-925.370544
2016-09-02 01:07:00+00:00,-829.372009
2016-09-02 01:08:00+00:00,-724.138489
2016-09-02 01:09:00+00:00,-719.40332
2016-09-02 01:10:00+00:00,-703.512085
2016-09-02 01:11:00+00:00,-711.836182
2016-09-02 01:12:00+00:00,-784.97345
2016-09-02 01:13:00+00:00,-859.71167
2016-09-02 01:14:00+00:00,-927.553162
2016-09-02 01:15:00+00:00,-1144.278931
2016-09-02 01:16:00+00:00,-1167.93103
2016-09-02 01:17:00+00:00,-1138.707275
2016-09-02 01:18:00+00:00,-1133.907471
2016-09-02 01:19:00+00:00,-1130.031982
2016-09-02 01:20:00+00:00,-1107.563232
2016-09-02 01:21:00+00:00,-1050.481934
2016-09-02 01:22:00+00:00,-1115.268921
2016-09-02 01:23:00+00:00,-1041.758057
2016-09-02 01:24:00+00:00,-902.904968
2016-09-02 01:25:00+00:00,-900.663696
2016-09-02 01:26:00+00:00,-961.004517
2016-09-02 01:27:00+00:00,-884.801208
2016-09-02 01:28:00+00:00,-853.628113
2016-09-02 01:29:00+00:00,-837.252747
2016-09-02 01:30:00+00:00,-813.674744
2016-09-02 01:31:00+00:00,-966.287415
2016-09-02 01:32:00+00:00,-1242.059204
2016-09-02 01:33:00+00:00,-1364.944458
2016-09-02 01:34:00+00:00,-1370.172607
2016-09-02 01:35:00+00:00,-1228.900757
2016-09-02 01:36:00+00:00,-1243.712036
2016-09-02 01:37:00+00:00,-1193.621704
2016-09-02 01:38:00+00:00,-1124.415649
2016-09-02 01:39:00+00:00,-937.526611
2016-09-02 01:40:00+00:00,-813.858643
2016-09-02 01:41:00+00:00,-799.791809
2016-09-02 01:42:00+00:00,-690.095459
2016-09-02 01:43:00+00:00,-752.866638
2016-09-02 01:44:00+00:00,-776.651855
2016-09-02 01:45:00+00:00,-711.878113
2016-09-02 01:46:00+00:00,-647.183105
2016-09-02 01:47:00+00:00,-653.767883
2016-09-02 01:48:00+00:00,-660.998901
2016-09-02 01:49:00+00:00,-636.002014
2016-09-02 01:50:00+00:00,-621.65509
2016-09-02 01:51:00+00:00,-593.125061
2016-09-02 01:52:00+00:00,-595.980103
2016-09-02 01:53:00+00:00,-767.759766
2016-09-02 01:54:00+00:00,-870.19574
2016-09-02 01:55:00+00:00,-872.973511
2016-09-02 01:56:00+00:00,-809.924377
2016-09-02 01:57:00+00:00,-712.926758
2016-09-02 01:58:00+00:00,-720.501709
2016-09-02 01:59:00+00:00,-726.163879
2016-09-02 02:00:00+00:00,-740.894165
2016-09-02 02:01:00+00:00,-741.054077
2016-09-02 02:02:00+00:00,-714.179504
2016-09-02 02:03:00+00:00,-656.231873
2016-09-02 02:04:00+00:00,-610.154114
2016-09-02 02:05:00+00:00,-619.065918
2016-09-02 02:06:00+00:00,-575.006897
2016-09-02 02:07:00+00:00,-543.237976
2016-09-02 02:08:00+00:00,-545.927551
2016-09-02 02:09:00+00:00,-567.617371
2016-09-02 02:10:00+00:00,-667.910645
2016-09-02 02:11:00+00:00,-748.693054
2016-09-02 02:12:00+00:00,-625.764771
2016-09-02 02:13:00+00:00,-583.43927
2016-09-02 02:14:00+00:00,-546.935852
2016-09-02 02:15:00+00:00,-530.034668
2016-09-02 02:16:00+00:00,-555.111633
2016-09-02 02:17:00+00:00,-560.42334
2016-09-02 02:18:00+00:00,-595.735962
2016-09-02 02:19:00+00:00,-706.436401
2016-09-02 02:20:00+00:00,-695.715576
2016-09-02 02:21:00+00:00,-683.504272
2016-09-02 02:22:00+00:00,-706.577759
2016-09-02 02:23:00+00:00,-737.01886
2016-09-02 02:24:00+00:00,-696.353699
2016-09-02 02:25:00+00:00,-665.403687
2016-09-02 02:26:00+00:00,-621.733704
2016-09-02 02:27:00+00:00,-548.451172
2016-09-02 02:28:00+00:00,-561.17981
2016-09-02 02:29:00+00:00,-610.590027
2016-09-02 02:30:00+00:00,-602.22406
2016-09-02 02:31:00+00:00,-626.65802
2016-09-02 02:32:00+00:00,-632.792053
2016-09-02 02:33:00+00:00,-569.706177
2016-09-02 02:34:00+00:00,-535.363159
2016-09-02 02:35:00+00:00,-570.181335
2016-09-02 02:36:00+00:00,-575.161743
2016-09-02 02:37:00+00:00,-530.139832
2016-09-02 02:38:00+00:00,-516.974182
2016-09-02 02:39:00+00:00,-482.50528
2016-09-02 02:40:00+00:00,-429.156128
2016-09-02 02:41:00+00:00,-405.459076
2016-09-02 02:42:00+00:00,-404.83609
2016-09-02 02:43:00+00:00,-389.41037
2016-09-02 02:44:00+00:00,-423.785278
2016-09-02 02:45:00+00:00,-492.591217
2016-09-02 02:46:00+00:00,-525.384827
2016-09-02 02:47:00+00:00,-529.507996
2016-09-09 00:00:00+00:00,-167.295319
2016-09-09 00:01:00+00:00,-193.044861
2016-09-09 00:02:00+00:00,-225.208664
2016-09-09 00:03:00+00:00,-175.387451
2016-09-09 00:04:00+00:00,-148.466354
2016-09-09 00:05:00+00:00,-160.023697
2016-09-09 00:06:00+00:00,-160.577072
2016-09-09 00:07:00+00:00,-137.433289
2016-09-09 00:08:00+00:00,-114.187965
2016-09-09 00:09:00+00:00,-122.313522
2016-09-09 00:10:00+00:00,-114.537163
2016-09-09 00:11:00+00:00,-98.909691
2016-09-09 00:12:00+00:00,-84.381348
2016-09-09 00:13:00+00:00,-69.122116
2016-09-09 00:14:00+00:00,-56.158508
2016-09-09 00:15:00+00:00,-44.495232
2016-09-09 00:16:00+00:00,-36.717392
2016-09-09 00:17:00+00:00,-29.450527
2016-09-09 00:18:00+00:00,-30.870934
2016-09-09 00:19:00+00:00,-43.693024
2016-09-09 00:20:00+00:00,-47.933929
2016-09-09 00:21:00+00:00,-47.08783
2016-09-09 00:22:00+00:00,-50.372856
2016-09-09 00:23:00+00:00,-58.540405
2016-09-09 00:24:00+00:00,-55.213852
2016-09-09 00:25:00+00:00,-44.81414
2016-09-09 00:26:00+00:00,-49.713226
2016-09-09 00:27:00+00:00,-57.584217
2016-09-09 00:28:00+00:00,-52.245327
2016-09-09 00:29:00+00:00,-45.446705
2016-09-09 00:30:00+00:00,-55.681732
2016-09-09 00:31:00+00:00,-84.580009
2016-09-09 00:32:00+00:00,-112.498268
2016-09-09 00:33:00+00:00,-137.880875
2016-09-09 00:34:00+00:00,-164.051086
2016-09-09 00:35:00+00:00,-210.48259
2016-09-09 00:36:00+00:00,-182.882446
2016-09-09 00:37:00+00:00,-160.740936
2016-09-09 00:38:00+00:00,-139.210556
2016-09-09 00:39:00+00:00,-113.571709
2016-09-09 00:40:00+00:00,-107.725723
2016-09-09 00:41:00+00:00,-89.965622
2016-09-09 00:42:00+00:00,-71.549263
2016-09-09 00:43:00+00:00,-62.870033
2016-09-09 00:44:00+00:00,-48.837238
2016-09-09 00:45:00+00:00,-39.88203
2016-09-09 00:46:00+00:00,-40.419243
2016-09-09 00:47:00+00:00,-37.633026
2016-09-09 00:48:00+00:00,-38.851593
2016-09-09 00:49:00+00:00,-36.41291
2016-09-09 00:50:00+00:00,-27.949877
2016-09-09 00:51:00+00:00,-24.383083
2016-09-09 00:52:00+00:00,-24.24892
2016-09-09 00:53:00+00:00,-23.834084
2016-09-09 00:54:00+00:00,-21.902699
2016-09-09 00:55:00+00:00,-20.045456
2016-09-09 00:56:00+00:00,-19.929134
2016-09-09 00:57:00+00:00,-19.382856
2016-09-09 00:58:00+00:00,-19.25168
2016-09-09 00:59:00+00:00,-19.197304
2016-09-09 01:00:00+00:00,-19.127399
2016-09-09 01:01:00+00:00,-19.080214
2016-09-09 01:02:00+00:00,-19.430355
2016-09-09 01:03:00+00:00,-19.914658
2016-09-09 01:04:00+00:00,-21.921312
2016-09-09 01:05:00+00:00,-22.720852
2016-09-09 01:06:00+00:00,-23.080111
2016-09-09 01:07:00+00:00,-24.148184
2016-09-09 01:08:00+00:00,-25.668736
2016-09-09 01:09:00+00:00,-27.465574
2016-09-09 01:10:00+00:00,-29.35601
2016-09-09 01:11:00+00:00,-31.392702
2016-09-09 01:12:00+00:00,-32.979874
2016-09-09 01:13:00+00:00,-32.289314
2016-09-09 01:14:00+00:00,-31.171856
2016-09-09 01:15:00+00:00,-36.377895
2016-09-09 01:16:00+00:00,-32.466946
2016-09-09 01:17:00+00:00,-32.818199
2016-09-09 01:18:00+00:00,-32.335617
2016-09-09 01:19:00+00:00,-31.631496
2016-09-09 01:20:00+00:00,-32.464554
2016-09-09 01:21:00+00:00,-31.417717
2016-09-09 01:22:00+00:00,-28.866718
2016-09-09 01:23:00+00:00,-26.936474
2016-09-09 01:24:00+00:00,-27.588867
2016-09-09 01:25:00+00:00,-28.406841
2016-09-09 01:26:00+00:00,-28.864937
2016-09-09 01:27:00+00:00,-28.969933
2016-09-09 01:28:00+00:00,-28.835045
2016-09-09 01:29:00+00:00,-28.817051
2016-09-09 01:30:00+00:00,-108.840607
2016-09-09 01:31:00+00:00,-167.799667
2016-09-09 01:32:00+00:00,-155.242004
2016-09-09 01:33:00+00:00,-190.889633
2016-09-09 01:34:00+00:00,-179.682571
2016-09-09 01:35:00+00:00,-241.197464
2016-09-09 01:36:00+00:00,-273.235992
2016-09-09 01:37:00+00:00,-273.558136
2016-09-09 01:38:00+00:00,-247.944366
2016-09-09 01:39:00+00:00,-263.983734
2016-09-09 01:40:00+00:00,-292.035522
2016-09-09 01:41:00+00:00,-257.50235
2016-09-09 01:42:00+00:00,-243.30983
2016-09-09 01:43:00+00:00,-224.133347
2016-09-09 01:44:00+00:00,-217.941544
2016-09-09 01:45:00+00:00,-218.588135
2016-09-09 01:46:00+00:00,-222.997681
2016-09-09 01:47:00+00:00,-199.548111
2016-09-09 01:48:00+00:00,-198.54509
2016-09-09 01:49:00+00:00,-189.205399
2016-09-09 01:50:00+00:00,-175.452866
2016-09-09 01:51:00+00:00,-161.258194
2016-09-09 01:52:00+00:00,-135.347031
2016-09-09 01:53:00+00:00,-128.245651
2016-09-09 01:54:00+00:00,-127.719696
2016-09-09 01:55:00+00:00,-118.518196
2016-09-09 01:56:00+00:00,-110.367111
2016-09-09 01:57:00+00:00,-128.167145
2016-09-09 01:58:00+00:00,-137.108459
2016-09-09 01:59:00+00:00,-150.443008
2016-09-09 02:00:00+00:00,-144.915268
2016-09-09 02:01:00+00:00,-148.520294
2016-09-09 02:02:00+00:00,-133.873871
2016-09-09 02:03:00+00:00,-96.569405
2016-09-09 02:04:00+00:00,-95.631813
2016-09-09 02:05:00+00:00,-105.923866
2016-09-09 02:06:00+00:00,-123.359612
2016-09-09 02:07:00+00:00,-116.334961
2016-09-09 02:08:00+00:00,-94.021019
2016-09-09 02:09:00+00:00,-74.615494
2016-09-09 02:10:00+00:00,-80.668671
2016-09-09 02:11:00+00:00,-87.79557
2016-09-09 02:12:00+00:00,-93.668243
2016-09-09 02:13:00+00:00,-98.303444
2016-09-09 02:14:00+00:00,-94.832062
2016-09-09 02:15:00+00:00,-81.111954
2016-09-09 02:16:00+00:00,-75.297455
2016-09-09 02:17:00+00:00,-63.920952
2016-09-09 02:18:00+00:00,-57.533401
2016-09-09 02:19:00+00:00,-50.012897
2016-09-09 02:20:00+00:00,-43.201393
2016-09-09 02:21:00+00:00,-40.295349
2016-09-09 02:22:00+00:00,-39.168774
2016-09-09 02:23:00+00:00,-43.664978
2016-09-09 02:24:00+00:00,-59.060303
2016-09-09 02:25:00+00:00,-70.087341
2016-09-09 02:26:00+00:00,-61.015774
2016-09-09 02:27:00+00:00,-55.453201
2016-09-09 02:28:00+00:00,-50.432007
2016-09-09 02:29:00+00:00,-41.536396
2016-09-09 02:30:00+00:00,-37.155674
2016-09-09 02:31:00+00:00,-38.997635
2016-09-09 02:32:00+00:00,-40.529659
2016-09-09 02:33:00+00:00,-40.45713
2016-09-09 02:34:00+00:00,-40.908295
2016-09-09 02:35:00+00:00,-41.467442
2016-09-09 02:36:00+00:00,-39.822388
2016-09-09 02:37:00+00:00,-36.210468
2016-09-09 02:38:00+00:00,-32.956646
2016-09-09 02:39:00+00:00,-34.117725
2016-09-09 02:40:00+00:00,-37.050465
2016-09-09 02:41:00+00:00,-38.787399
2016-09-09 02:42:00+00:00,-37.675522
2016-09-09 02:43:00+00:00,-36.142879
2016-09-09 02:44:00+00:00,-35.686874
2016-09-09 02:45:00+00:00,-36.391693
2016-09-09 02:46:00+00:00,-35.541924
2016-09-09 02:47:00+00:00,-35.55584
2016-09-16 00:00:00+00:00,-34.825188
2016-09-16 00:01:00+00:00,-32.617516
2016-09-16 00:02:00+00:00,-30.03833
2016-09-16 00:03:00+00:00,-27.583838
2016-09-16 00:04:00+00:00,-25.52026
2016-09-16 00:05:00+00:00,-24.460987
2016-09-16 00:06:00+00:00,-23.813843
2016-09-16 00:07:00+00:00,-24.085665
2016-09-16 00:08:00+00:00,-24.615446
2016-09-16 00:09:00+00:00,-24.939598
2016-09-16 00:10:00+00:00,-24.176222
2016-09-16 00:11:00+00:00,-24.247124
2016-09-16 00:12:00+00:00,-24.610577
2016-09-16 00:13:00+00:00,-25.486111
2016-09-16 00:14:00+00:00,-25.372017
2016-09-16 00:15:00+00:00,-24.815134
2016-09-16 00:16:00+00:00,-25.167786
2016-09-16 00:17:00+00:00,-25.083809
2016-09-16 00:18:00+00:00,-25.323877
2016-09-16 00:19:00+00:00,-25.34984
2016-09-16 00:20:00+00:00,-25.802254
2016-09-16 00:21:00+00:00,-25.761131
2016-09-16 00:22:00+00:00,-26.989811
2016-09-16 00:23:00+00:00,-26.794437
2016-09-16 00:24:00+00:00,-26.561382
2016-09-16 00:25:00+00:00,-26.771046
2016-09-16 00:26:00+00:00,-26.999535
2016-09-16 00:27:00+00:00,-27.154007
2016-09-16 00:28:00+00:00,-27.420921
2016-09-16 00:29:00+00:00,-27.680855
2016-09-16 00:30:00+00:00,-27.754486
2016-09-16 00:31:00+00:00,-28.075775
2016-09-16 00:32:00+00:00,-28.263405
2016-09-16 00:33:00+00:00,-31.066128
2016-09-16 00:34:00+00:00,-34.335003
2016-09-16 00:35:00+00:00,-33.635998
2016-09-16 00:36:00+00:00,-30.781704
2016-09-16 00:37:00+00:00,-29.145937
2016-09-16 00:38:00+00:00,-28.603374
2016-09-16 00:39:00+00:00,-28.747585
2016-09-16 00:40:00+00:00,-27.981979
2016-09-16 00:41:00+00:00,-27.536139
2016-09-16 00:42:00+00:00,-27.889643
2016-09-16 00:43:00+00:00,-29.310158
2016-09-16 00:44:00+00:00,-30.053238
2016-09-16 00:45:00+00:00,-30.572882
2016-09-16 00:46:00+00:00,-30.005508
2016-09-16 00:47:00+00:00,-28.168592
2016-09-16 00:48:00+00:00,-24.855343
2016-09-16 00:49:00+00:00,-24.601515
2016-09-16 00:50:00+00:00,-26.908642
2016-09-16 00:51:00+00:00,-27.079391
2016-09-16 00:52:00+00:00,-27.363495
2016-09-16 00:53:00+00:00,-24.152393
2016-09-16 00:54:00+00:00,-24.41749
2016-09-16 00:55:00+00:00,-25.662775
2016-09-16 00:56:00+00:00,-26.546541
2016-09-16 00:57:00+00:00,-28.688019
2016-09-16 00:58:00+00:00,-29.641006
2016-09-16 00:59:00+00:00,-29.422987
2016-09-16 01:00:00+00:00,-26.569609
2016-09-16 01:01:00+00:00,-24.17469
2016-09-16 01:02:00+00:00,-23.707825
2016-09-16 01:03:00+00:00,-23.155334
2016-09-16 01:04:00+00:00,-23.239843
2016-09-16 01:05:00+00:00,-23.715221
2016-09-16 01:06:00+00:00,-23.853897
2016-09-16 01:07:00+00:00,-23.920607
2016-09-16 01:08:00+00:00,-24.16996
2016-09-16 01:09:00+00:00,-24.228016
2016-09-16 01:10:00+00:00,-24.340836
2016-09-16 01:11:00+00:00,-24.666592
2016-09-16 01:12:00+00:00,-24.891768
2016-09-16 01:13:00+00:00,-25.278053
2016-09-16 01:14:00+00:00,-25.308941
2016-09-16 01:15:00+00:00,-25.256596
2016-09-16 01:16:00+00:00,-25.232449
2016-09-16 01:17:00+00:00,-25.17103
2016-09-16 01:18:00+00:00,-24.798872
2016-09-16 01:19:00+00:00,-24.808323
2016-09-16 01:20:00+00:00,-24.526497
2016-09-16 01:21:00+00:00,-24.241451
2016-09-16 01:22:00+00:00,-24.351658
2016-09-16 01:23:00+00:00,-24.435051
2016-09-16 01:24:00+00:00,-23.965313
2016-09-16 01:25:00+00:00,-24.027374
2016-09-16 01:26:00+00:00,-23.933699
2016-09-16 01:27:00+00:00,-23.743824
2016-09-16 01:28:00+00:00,-23.738968
2016-09-16 01:29:00+00:00,-23.529421
2016-09-16 01:30:00+00:00,-23.715767
2016-09-16 01:31:00+00:00,-23.740417
2016-09-16 01:32:00+00:00,-23.661047
2016-09-16 01:33:00+00:00,-23.18569
2016-09-16 01:34:00+00:00,-23.451088
2016-09-16 01:35:00+00:00,-23.590075
2016-09-16 01:36:00+00:00,-23.279434
2016-09-16 01:37:00+00:00,-23.037607
2016-09-16 01:38:00+00:00,-23.90394
2016-09-16 01:39:00+00:00,-23.938879
2016-09-16 01:40:00+00:00,-23.394402
2016-09-16 01:41:00+00:00,-23.093769
2016-09-16 01:42:00+00:00,-23.455954
2016-09-16 01:43:00+00:00,-23.314962
2016-09-16 01:44:00+00:00,-23.211641
2016-09-16 01:45:00+00:00,-23.413971
2016-09-16 01:46:00+00:00,-23.412998
2016-09-16 01:47:00+00:00,-23.495859
2016-09-16 01:48:00+00:00,-24.213356
2016-09-16 01:49:00+00:00,-24.063557
2016-09-16 01:50:00+00:00,-23.985943
2016-09-16 01:51:00+00:00,-24.073307
2016-09-16 01:52:00+00:00,-23.842056
2016-09-16 01:53:00+00:00,-23.638355
2016-09-16 01:54:00+00:00,-23.396578
2016-09-16 01:55:00+00:00,-23.057178
2016-09-16 01:56:00+00:00,-23.374084
2016-09-16 01:57:00+00:00,-23.63443
2016-09-16 01:58:00+00:00,-23.394882
2016-09-16 01:59:00+00:00,-23.163067
2016-09-16 02:00:00+00:00,-23.314423
2016-09-16 02:01:00+00:00,-23.77441
2016-09-16 02:02:00+00:00,-23.734322
2016-09-16 02:03:00+00:00,-23.677555
2016-09-16 02:04:00+00:00,-23.785755
2016-09-16 02:05:00+00:00,-23.742516
2016-09-16 02:06:00+00:00,-23.886707
2016-09-16 02:07:00+00:00,-24.075541
2016-09-16 02:08:00+00:00,-24.521355
2016-09-16 02:09:00+00:00,-24.793278
2016-09-16 02:10:00+00:00,-25.058304
2016-09-16 02:11:00+00:00,-25.466824
2016-09-16 02:12:00+00:00,-25.860636
2016-09-16 02:13:00+00:00,-26.039549
2016-09-16 02:14:00+00:00,-26.04826
2016-09-16 02:15:00+00:00,-25.96339
2016-09-16 02:16:00+00:00,-26.004448
2016-09-16 02:17:00+00:00,-26.520065
2016-09-16 02:18:00+00:00,-26.429192
2016-09-16 02:19:00+00:00,-26.48085
2016-09-16 02:20:00+00:00,-26.480707
2016-09-16 02:21:00+00:00,-27.051811
2016-09-16 02:22:00+00:00,-27.238029
2016-09-16 02:23:00+00:00,-27.027863
2016-09-16 02:24:00+00:00,-25.219732
2016-09-16 02:25:00+00:00,-26.287758
2016-09-16 02:26:00+00:00,-25.709267
2016-09-16 02:27:00+00:00,-25.95594
2016-09-16 02:28:00+00:00,-26.066843
2016-09-16 02:29:00+00:00,-26.110092
2016-09-16 02:30:00+00:00,-26.824459
2016-09-16 02:31:00+00:00,-26.848427
2016-09-16 02:32:00+00:00,-26.821688
2016-09-16 02:33:00+00:00,-27.470003
2016-09-16 02:34:00+00:00,-29.50285
2016-09-16 02:35:00+00:00,-31.802896
2016-09-16 02:36:00+00:00,-32.64653
2016-09-16 02:37:00+00:00,-32.12122
2016-09-16 02:38:00+00:00,-30.966156
2016-09-16 02:39:00+00:00,-29.552971
2016-09-16 02:40:00+00:00,-28.669767
2016-09-16 02:41:00+00:00,-28.624182
2016-09-16 02:42:00+00:00,-29.438688
2016-09-16 02:43:00+00:00,-30.836941
2016-09-16 02:44:00+00:00,-31.497375
2016-09-16 02:45:00+00:00,-31.44405
2016-09-16 02:46:00+00:00,-30.147369
2016-09-16 02:47:00+00:00,-28.349543
2016-09-23 00:00:00+00:00,-33.192215
2016-09-23 00:01:00+00:00,-34.105003
2016-09-23 00:02:00+00:00,-33.011101
2016-09-23 00:03:00+00:00,-31.92038
2016-09-23 00:04:00+00:00,-32.827084
2016-09-23 00:05:00+00:00,-31.728388
2016-09-23 00:06:00+00:00,-31.628384
2016-09-23 00:07:00+00:00,-32.532837
2016-09-23 00:08:00+00:00,-31.431225
2016-09-23 00:09:00+00:00,-32.331474
2016-09-23 00:10:00+00:00,-32.227818
2016-09-23 00:11:00+00:00,-32.127205
2016-09-23 00:12:00+00:00,-32.022903
2016-09-23 00:13:00+00:00,-31.918919
2016-09-23 00:14:00+00:00,-31.811327
2016-09-23 00:15:00+00:00,-31.705353
2016-09-23 00:16:00+00:00,-32.60392
2016-09-23 00:17:00+00:00,-30.499321
2016-09-23 00:18:00+00:00,-31.393612
2016-09-23 00:19:00+00:00,-31.287874
2016-09-23 00:20:00+00:00,-32.183189
2016-09-23 00:21:00+00:00,-31.070728
2016-09-23 00:22:00+00:00,-30.964563
2016-09-23 00:23:00+00:00,-30.859766
2016-09-23 00:24:00+00:00,-31.755465
2016-09-23 00:25:00+00:00,-30.650785
2016-09-23 00:26:00+00:00,-31.55267
2016-09-23 00:27:00+00:00,-30.451458
2016-09-23 00:28:00+00:00,-31.35018
2016-09-23 00:29:00+00:00,-32.245064
2016-09-23 00:30:00+00:00,-32.143028
2016-09-23 00:31:00+00:00,-30.044024
2016-09-23 00:32:00+00:00,-29.941298
2016-09-23 00:33:00+00:00,-30.844723
2016-09-23 00:34:00+00:00,-31.743664
2016-09-23 00:35:00+00:00,-30.643112
2016-09-23 00:36:00+00:00,-29.53825
2016-09-23 00:37:00+00:00,-28.434149
2016-09-23 00:38:00+00:00,-28.332834
2016-09-23 00:39:00+00:00,-30.232462
2016-09-23 00:40:00+00:00,-30.130207
2016-09-23 00:41:00+00:00,-29.028135
2016-09-23 00:42:00+00:00,-29.926352
2016-09-23 00:43:00+00:00,-29.827894
2016-09-23 00:44:00+00:00,-28.720177
2016-09-23 00:45:00+00:00,-28.622854
2016-09-23 00:46:00+00:00,-30.521374
2016-09-23 00:47:00+00:00,-30.422676
2016-09-23 00:48:00+00:00,-29.327848
2016-09-23 00:49:00+00:00,-30.233089
2016-09-23 00:50:00+00:00,-30.136555
2016-09-23 00:51:00+00:00,-30.039536
2016-09-23 00:52:00+00:00,-29.946653
2016-09-23 00:53:00+00:00,-30.856228
2016-09-23 00:54:00+00:00,-29.770321
2016-09-23 00:55:00+00:00,-29.680252
2016-09-23 00:56:00+00:00,-30.59687
2016-09-23 00:57:00+00:00,-31.511494
2016-09-23 00:58:00+00:00,-30.428137
2016-09-23 00:59:00+00:00,-30.345589
2016-09-23 01:00:00+00:00,-29.269592
2016-09-23 01:01:00+00:00,-28.196085
2016-09-23 01:02:00+00:00,-28.118526
2016-09-23 01:03:00+00:00,-29.040874
2016-09-23 01:04:00+00:00,-29.965126
2016-09-23 01:05:00+00:00,-29.890354
2016-09-23 01:06:00+00:00,-28.815516
2016-09-23 01:07:00+00:00,-29.744822
2016-09-23 01:08:00+00:00,-29.676226
2016-09-23 01:09:00+00:00,-27.607821
2016-09-23 01:10:00+00:00,-26.540628
2016-09-23 01:11:00+00:00,-27.477629
2016-09-23 01:12:00+00:00,-27.412033
2016-09-23 01:13:00+00:00,-27.346817
2016-09-23 01:14:00+00:00,-27.283192
2016-09-23 01:15:00+00:00,-27.224781
2016-09-23 01:16:00+00:00,-28.166897
2016-09-23 01:17:00+00:00,-29.109583
2016-09-23 01:18:00+00:00,-28.051912
2016-09-23 01:19:00+00:00,-29.002722
2016-09-23 01:20:00+00:00,-28.956198
2016-09-23 01:21:00+00:00,-26.903141
2016-09-23 01:22:00+00:00,-25.856289
2016-09-23 01:23:00+00:00,-26.807364
2016-09-23 01:24:00+00:00,-27.765203
2016-09-23 01:25:00+00:00,-28.720091
2016-09-23 01:26:00+00:00,-27.674025
2016-09-23 01:27:00+00:00,-27.634867
2016-09-23 01:28:00+00:00,-28.601686
2016-09-23 01:29:00+00:00,-28.568682
2016-09-23 01:30:00+00:00,-27.532042
2016-09-23 01:31:00+00:00,-28.49844
2016-09-23 01:32:00+00:00,-28.468719
2016-09-23 01:33:00+00:00,-28.439932
2016-09-23 01:34:00+00:00,-27.414007
2016-09-23 01:35:00+00:00,-26.388971
2016-09-23 01:36:00+00:00,-25.369118
2016-09-23 01:37:00+00:00,-27.348778
2016-09-23 01:38:00+00:00,-27.33317
2016-09-23 01:39:00+00:00,-27.318363
2016-09-23 01:40:00+00:00,-26.306293
2016-09-23 01:41:00+00:00,-26.295961
2016-09-23 01:42:00+00:00,-26.286367
2016-09-23 01:43:00+00:00,-26.279446
2016-09-23 01:44:00+00:00,-26.27697
2016-09-23 01:45:00+00:00,-26.269516
2016-09-23 01:46:00+00:00,-25.263693
2016-09-23 01:47:00+00:00,-26.262409
2016-09-23 01:48:00+00:00,-28.262714
2016-09-23 01:49:00+00:00,-28.261656
2016-09-23 01:50:00+00:00,-27.261166
2016-09-23 01:51:00+00:00,-27.261393
2016-09-23 01:52:00+00:00,-27.267881
2016-09-23 01:53:00+00:00,-28.276829
2016-09-23 01:54:00+00:00,-29.285282
2016-09-23 01:55:00+00:00,-29.298103
2016-09-23 01:56:00+00:00,-29.311367
2016-09-23 01:57:00+00:00,-29.32505
2016-09-23 01:58:00+00:00,-30.338156
2016-09-23 01:59:00+00:00,-30.356047
2016-09-23 02:00:00+00:00,-31.375784
2016-09-23 02:01:00+00:00,-30.392424
2016-09-23 02:02:00+00:00,-30.412191
2016-09-23 02:03:00+00:00,-29.435017
2016-09-23 02:04:00+00:00,-30.45595
2016-09-23 02:05:00+00:00,-30.483707
2016-09-23 02:06:00+00:00,-30.512285
2016-09-23 02:07:00+00:00,-30.542795
2016-09-23 02:08:00+00:00,-29.577969
2016-09-23 02:09:00+00:00,-29.611874
2016-09-23 02:10:00+00:00,-29.646395
2016-09-23 02:11:00+00:00,-29.683416
2016-09-23 02:12:00+00:00,-29.721891
2016-09-23 02:13:00+00:00,-30.760773
2016-09-23 02:14:00+00:00,-30.805159
2016-09-23 02:15:00+00:00,-31.848589
2016-09-23 02:16:00+00:00,-30.892218
2016-09-23 02:17:00+00:00,-29.934996
2016-09-23 02:18:00+00:00,-28.981737
2016-09-23 02:19:00+00:00,-28.028467
2016-09-23 02:20:00+00:00,-28.076092
2016-09-23 02:21:00+00:00,-28.125031
2016-09-23 02:22:00+00:00,-27.174257
2016-09-23 02:23:00+00:00,-27.22612
2016-09-23 02:24:00+00:00,-28.276646
2016-09-23 02:25:00+00:00,-29.327717
2016-09-23 02:26:00+00:00,-29.380238
2016-09-23 02:27:00+00:00,-29.43219
2016-09-23 02:28:00+00:00,-28.483501
2016-09-23 02:29:00+00:00,-27.537632
2016-09-23 02:30:00+00:00,-27.592342
2016-09-23 02:31:00+00:00,-30.646757
2016-09-23 02:32:00+00:00,-31.701328
2016-09-23 02:33:00+00:00,-30.755045
2016-09-23 02:34:00+00:00,-29.812757
2016-09-23 02:35:00+00:00,-29.86857
2016-09-23 02:36:00+00:00,-26.93008
2016-09-23 02:37:00+00:00,-24.987881
2016-09-23 02:38:00+00:00,-25.046608
2016-09-23 02:39:00+00:00,-25.109158
2016-09-23 02:40:00+00:00,-26.168661
2016-09-23 02:41:00+00:00,-27.232897
2016-09-23 02:42:00+00:00,-26.296947
2016-09-23 02:43:00+00:00,-28.363707
2016-09-23 02:44:00+00:00,-30.43511
2016-09-23 02:45:00+00:00,-31.499397
2016-09-23 02:46:00+00:00,-30.565313
2016-09-23 02:47:00+00:00,-31.632826
2016-09-30 00:00:00+00:00,-442.818787
2016-09-30 00:01:00+00:00,-433.039795
2016-09-30 00:02:00+00:00,-414.134918
2016-09-30 00:03:00+00:00,-401.037659
2016-09-30 00:04:00+00:00,-397.809418
2016-09-30 00:05:00+00:00,-391.715698
2016-09-30 00:06:00+00:00,-371.66452
2016-09-30 00:07:00+00:00,-354.353821
2016-09-30 00:08:00+00:00,-375.898193
2016-09-30 00:09:00+00:00,-372.105316
2016-09-30 00:10:00+00:00,-361.912292
2016-09-30 00:11:00+00:00,-385.786041
2016-09-30 00:12:00+00:00,-405.746094
2016-09-30 00:13:00+00:00,-425.707764
2016-09-30 00:14:00+00:00,-404.665222
2016-09-30 00:15:00+00:00,-393.618958
2016-09-30 00:16:00+00:00,-348.363892
2016-09-30 00:17:00+00:00,-323.554962
2016-09-30 00:18:00+00:00,-308.152222
2016-09-30 00:19:00+00:00,-372.294739
2016-09-30 00:20:00+00:00,-348.187103
2016-09-30 00:21:00+00:00,-276.787903
2016-09-30 00:22:00+00:00,-257.333099
2016-09-30 00:23:00+00:00,-278.929169
2016-09-30 00:24:00+00:00,-268.443329
2016-09-30 00:25:00+00:00,-247.671555
2016-09-30 00:26:00+00:00,-252.9729
2016-09-30 00:27:00+00:00,-244.541672
2016-09-30 00:28:00+00:00,-241.466187
2016-09-30 00:29:00+00:00,-244.744522
2016-09-30 00:30:00+00:00,-252.987427
2016-09-30 00:31:00+00:00,-261.248352
2016-09-30 00:32:00+00:00,-242.627899
2016-09-30 00:33:00+00:00,-226.498184
2016-09-30 00:34:00+00:00,-234.233276
2016-09-30 00:35:00+00:00,-243.765732
2016-09-30 00:36:00+00:00,-230.200562
2016-09-30 00:37:00+00:00,-237.53447
2016-09-30 00:38:00+00:00,-256.863251
2016-09-30 00:39:00+00:00,-260.838318
2016-09-30 00:40:00+00:00,-256.228241
2016-09-30 00:41:00+00:00,-252.676163
2016-09-30 00:42:00+00:00,-247.152191
2016-09-30 00:43:00+00:00,-243.708603
2016-09-30 00:44:00+00:00,-240.821838
2016-09-30 00:45:00+00:00,-244.384369
2016-09-30 00:46:00+00:00,-248.719391
2016-09-30 00:47:00+00:00,-263.777008
2016-09-30 00:48:00+00:00,-272.472534
2016-09-30 00:49:00+00:00,-267.565277
2016-09-30 00:50:00+00:00,-251.052521
2016-09-30 00:51:00+00:00,-267.626465
2016-09-30 00:52:00+00:00,-301.170502
2016-09-30 00:53:00+00:00,-344.464935
2016-09-30 00:54:00+00:00,-355.185364
2016-09-30 00:55:00+00:00,-344.066132
2016-09-30 00:56:00+00:00,-340.737946
2016-09-30 00:57:00+00:00,-344.255463
2016-09-30 00:58:00+00:00,-366.274811
2016-09-30 00:59:00+00:00,-379.918793
2016-09-30 01:00:00+00:00,-372.041046
2016-09-30 01:01:00+00:00,-368.389984
2016-09-30 01:02:00+00:00,-363.815735
2016-09-30 01:03:00+00:00,-358.435852
2016-09-30 01:04:00+00:00,-354.292999
2016-09-30 01:05:00+00:00,-333.106506
2016-09-30 01:06:00+00:00,-296.529816
2016-09-30 01:07:00+00:00,-260.232971
2016-09-30 01:08:00+00:00,-269.447601
2016-09-30 01:09:00+00:00,-256.183228
2016-09-30 01:10:00+00:00,-228.854019
2016-09-30 01:11:00+00:00,-225.439667
2016-09-30 01:12:00+00:00,-245.930496
2016-09-30 01:13:00+00:00,-254.52536
2016-09-30 01:14:00+00:00,-252.047226
2016-09-30 01:15:00+00:00,-270.18573
2016-09-30 01:16:00+00:00,-265.159912
2016-09-30 01:17:00+00:00,-271.745148
2016-09-30 01:18:00+00:00,-274.020691
2016-09-30 01:19:00+00:00,-267.191772
2016-09-30 01:20:00+00:00,-273.086578
2016-09-30 01:21:00+00:00,-290.216766
2016-09-30 01:22:00+00:00,-315.156677
2016-09-30 01:23:00+00:00,-333.731689
2016-09-30 01:24:00+00:00,-345.322327
2016-09-30 01:25:00+00:00,-351.182983
2016-09-30 01:26:00+00:00,-332.704468
2016-09-30 01:27:00+00:00,-357.007111
2016-09-30 01:28:00+00:00,-657.007324
2016-09-30 01:29:00+00:00,-785.971924
2016-09-30 01:30:00+00:00,-697.277771
2016-09-30 01:31:00+00:00,-469.585663
2016-09-30 01:32:00+00:00,-462.497894
2016-09-30 01:33:00+00:00,-458.393127
2016-09-30 01:34:00+00:00,-462.751984
2016-09-30 01:35:00+00:00,-459.958252
2016-09-30 01:36:00+00:00,-492.867889
2016-09-30 01:37:00+00:00,-466.534576
2016-09-30 01:38:00+00:00,-475.610138
2016-09-30 01:39:00+00:00,-491.176239
2016-09-30 01:40:00+00:00,-507.284271
2016-09-30 01:41:00+00:00,-509.769836
2016-09-30 01:42:00+00:00,-485.990021
2016-09-30 01:43:00+00:00,-455.490326
2016-09-30 01:44:00+00:00,-458.994537
2016-09-30 01:45:00+00:00,-439.531525
2016-09-30 01:46:00+00:00,-418.328003
2016-09-30 01:47:00+00:00,-388.149323
2016-09-30 01:48:00+00:00,-360.805725
2016-09-30 01:49:00+00:00,-356.418121
2016-09-30 01:50:00+00:00,-434.597504
2016-09-30 01:51:00+00:00,-451.655487
2016-09-30 01:52:00+00:00,-473.861053
2016-09-30 01:53:00+00:00,-489.659393
2016-09-30 01:54:00+00:00,-418.035187
2016-09-30 01:55:00+00:00,-373.352081
2016-09-30 01:56:00+00:00,-345.379517
2016-09-30 01:57:00+00:00,-297.592407
2016-09-30 01:58:00+00:00,-280.326965
2016-09-30 01:59:00+00:00,-267.693756
2016-09-30 02:00:00+00:00,-260.252655
2016-09-30 02:01:00+00:00,-250.69696
2016-09-30 02:02:00+00:00,-248.582626
2016-09-30 02:03:00+00:00,-251.555435
2016-09-30 02:04:00+00:00,-237.000092
2016-09-30 02:05:00+00:00,-235.787628
2016-09-30 02:06:00+00:00,-231.362778
2016-09-30 02:07:00+00:00,-203.397385
2016-09-30 02:08:00+00:00,-173.272354
2016-09-30 02:09:00+00:00,-190.154984
2016-09-30 02:10:00+00:00,-194.623093
2016-09-30 02:11:00+00:00,-232.010239
2016-09-30 02:12:00+00:00,-311.598785
2016-09-30 02:13:00+00:00,-428.809937
2016-09-30 02:14:00+00:00,-328.811981
2016-09-30 02:15:00+00:00,-268.170898
2016-09-30 02:16:00+00:00,-256.398804
2016-09-30 02:17:00+00:00,-273.342865
2016-09-30 02:18:00+00:00,-278.327759
2016-09-30 02:19:00+00:00,-269.124908
2016-09-30 02:20:00+00:00,-193.005829
2016-09-30 02:21:00+00:00,-140.703354
2016-09-30 02:22:00+00:00,-179.206253
2016-09-30 02:23:00+00:00,-196.631653
2016-09-30 02:24:00+00:00,-216.644653
2016-09-30 02:25:00+00:00,-230.098785
2016-09-30 02:26:00+00:00,-167.611816
2016-09-30 02:27:00+00:00,-121.621361
2016-09-30 02:28:00+00:00,-105.991325
2016-09-30 02:29:00+00:00,-132.214752
2016-09-30 02:30:00+00:00,-126.61438
2016-09-30 02:31:00+00:00,-108.760887
2016-09-30 02:32:00+00:00,-91.52475
2016-09-30 02:33:00+00:00,-99.494514
2016-09-30 02:34:00+00:00,-99.451561
2016-09-30 02:35:00+00:00,-74.304939
2016-09-30 02:36:00+00:00,-62.448948
2016-09-30 02:37:00+00:00,-80.79805
2016-09-30 02:38:00+00:00,-91.535622
2016-09-30 02:39:00+00:00,-99.141609
2016-09-30 02:40:00+00:00,-115.644821
2016-09-30 02:41:00+00:00,-121.445129
2016-09-30 02:42:00+00:00,-111.154434
2016-09-30 02:43:00+00:00,-115.83873
2016-09-30 02:44:00+00:00,-116.139275
2016-09-30 02:45:00+00:00,-106.455002
2016-09-30 02:46:00+00:00,-74.214729
2016-09-30 02:47:00+00:00,-73.297195
2016-10-07 00:00:00+00:00,-47.674446
2016-10-07 00:01:00+00:00,-49.052113
2016-10-07 00:02:00+00:00,-51.190308
2016-10-07 00:03:00+00:00,-59.436974
2016-10-07 00:04:00+00:00,-66.585358
2016-10-07 00:05:00+00:00,-70.445312
2016-10-07 00:06:00+00:00,-74.693718
2016-10-07 00:07:00+00:00,-82.444504
2016-10-07 00:08:00+00:00,-83.194832
2016-10-07 00:09:00+00:00,-84.210602
2016-10-07 00:10:00+00:00,-80.607346
2016-10-07 00:11:00+00:00,-74.879471
2016-10-07 00:12:00+00:00,-75.435463
2016-10-07 00:13:00+00:00,-71.279518
2016-10-07 00:14:00+00:00,-65.733597
2016-10-07 00:15:00+00:00,-64.082458
2016-10-07 00:16:00+00:00,-63.168488
2016-10-07 00:17:00+00:00,-61.408951
2016-10-07 00:18:00+00:00,-55.492058
2016-10-07 00:19:00+00:00,-51.240448
2016-10-07 00:20:00+00:00,-49.025833
2016-10-07 00:21:00+00:00,-42.97229
2016-10-07 00:22:00+00:00,-42.458122
2016-10-07 00:23:00+00:00,-41.683556
2016-10-07 00:24:00+00:00,-40.276131
2016-10-07 00:25:00+00:00,-46.754475
2016-10-07 00:26:00+00:00,-52.122074
2016-10-07 00:27:00+00:00,-53.305466
2016-10-07 00:28:00+00:00,-53.905903
2016-10-07 00:29:00+00:00,-50.762981
2016-10-07 00:30:00+00:00,-45.119202
2016-10-07 00:31:00+00:00,-38.078407
2016-10-07 00:32:00+00:00,-34.923485
2016-10-07 00:33:00+00:00,-37.775444
2016-10-07 00:34:00+00:00,-44.627495
2016-10-07 00:35:00+00:00,-45.63998
2016-10-07 00:36:00+00:00,-45.311928
2016-10-07 00:37:00+00:00,-43.054184
2016-10-07 00:38:00+00:00,-42.854969
2016-10-07 00:39:00+00:00,-46.255421
2016-10-07 00:40:00+00:00,-49.645302
2016-10-07 00:41:00+00:00,-50.088207
2016-10-07 00:42:00+00:00,-59.675003
2016-10-07 00:43:00+00:00,-69.812286
2016-10-07 00:44:00+00:00,-79.256973
2016-10-07 00:45:00+00:00,-84.901619
2016-10-07 00:46:00+00:00,-114.243912
2016-10-07 00:47:00+00:00,-131.140839
2016-10-07 00:48:00+00:00,-149.03624
2016-10-07 00:49:00+00:00,-147.942001
2016-10-07 00:50:00+00:00,-148.850418
2016-10-07 00:51:00+00:00,-143.752121
2016-10-07 00:52:00+00:00,-153.661453
2016-10-07 00:53:00+00:00,-199.756592
2016-10-07 00:54:00+00:00,-235.490753
2016-10-07 00:55:00+00:00,-208.653931
2016-10-07 00:56:00+00:00,-231.987732
2016-10-07 00:57:00+00:00,-226.598068
2016-10-07 00:58:00+00:00,-187.787003
2016-10-07 00:59:00+00:00,-149.383209
2016-10-07 01:00:00+00:00,-144.346298
2016-10-07 01:01:00+00:00,-120.01387
2016-10-07 01:02:00+00:00,-114.959915
2016-10-07 01:03:00+00:00,-110.910927
2016-10-07 01:04:00+00:00,-121.868828
2016-10-07 01:05:00+00:00,-129.712646
2016-10-07 01:06:00+00:00,-128.943314
2016-10-07 01:07:00+00:00,-128.925842
2016-10-07 01:08:00+00:00,-139.239731
2016-10-07 01:09:00+00:00,-138.167923
2016-10-07 01:10:00+00:00,-130.833191
2016-10-07 01:11:00+00:00,-124.975525
2016-10-07 01:12:00+00:00,-121.259689
2016-10-07 01:13:00+00:00,-119.936401
2016-10-07 01:14:00+00:00,-162.725922
2016-10-07 01:15:00+00:00,-140.099808
2016-10-07 01:16:00+00:00,-142.73497
2016-10-07 01:17:00+00:00,-140.106339
2016-10-07 01:18:00+00:00,-145.654724
2016-10-07 01:19:00+00:00,-161.147675
2016-10-07 01:20:00+00:00,-163.263672
2016-10-07 01:21:00+00:00,-145.737213
2016-10-07 01:22:00+00:00,-159.209915
2016-10-07 01:23:00+00:00,-154.043762
2016-10-07 01:24:00+00:00,-167.890625
2016-10-07 01:25:00+00:00,-213.858948
2016-10-07 01:26:00+00:00,-262.353058
2016-10-07 01:27:00+00:00,-311.160065
2016-10-07 01:28:00+00:00,-335.104248
2016-10-07 01:29:00+00:00,-376.475098
2016-10-07 01:30:00+00:00,-413.607117
2016-10-07 01:31:00+00:00,-448.550781
2016-10-07 01:32:00+00:00,-422.391083
2016-10-07 01:33:00+00:00,-440.09964
2016-10-07 01:34:00+00:00,-506.24585
2016-10-07 01:35:00+00:00,-532.706604
2016-10-07 01:36:00+00:00,-483.838623
2016-10-07 01:37:00+00:00,-317.710693
2016-10-07 01:38:00+00:00,-310.093964
2016-10-07 01:39:00+00:00,-343.47995
2016-10-07 01:40:00+00:00,-310.743378
2016-10-07 01:41:00+00:00,-276.832184
2016-10-07 01:42:00+00:00,-261.967468
2016-10-07 01:43:00+00:00,-231.358612
2016-10-07 01:44:00+00:00,-245.270462
2016-10-07 01:45:00+00:00,-217.865494
2016-10-07 01:46:00+00:00,-193.410202
2016-10-07 01:47:00+00:00,-168.468674
2016-10-07 01:48:00+00:00,-165.563309
2016-10-07 01:49:00+00:00,-158.651886
2016-10-07 01:50:00+00:00,-158.735275
2016-10-07 01:51:00+00:00,-161.82338
2016-10-07 01:52:00+00:00,-158.897171
2016-10-07 01:53:00+00:00,-159.987
2016-10-07 01:54:00+00:00,-155.041977
2016-10-07 01:55:00+00:00,-141.100098
2016-10-07 01:56:00+00:00,-143.460342
2016-10-07 01:57:00+00:00,-143.252762
2016-10-07 01:58:00+00:00,-162.77594
2016-10-07 01:59:00+00:00,-181.220688
2016-10-07 02:00:00+00:00,-191.12001
2016-10-07 02:01:00+00:00,-189.506866
2016-10-07 02:02:00+00:00,-189.049194
2016-10-07 02:03:00+00:00,-188.026337
2016-10-07 02:04:00+00:00,-181.679642
2016-10-07 02:05:00+00:00,-177.869537
2016-10-07 02:06:00+00:00,-173.165848
2016-10-07 02:07:00+00:00,-167.030838
2016-10-07 02:08:00+00:00,-163.796005
2016-10-07 02:09:00+00:00,-151.483887
2016-10-07 02:10:00+00:00,-144.782104
2016-10-07 02:11:00+00:00,-141.99054
2016-10-07 02:12:00+00:00,-142.168884
2016-10-07 02:13:00+00:00,-139.650208
2016-10-07 02:14:00+00:00,-133.300705
2016-10-07 02:15:00+00:00,-125.349335
2016-10-07 02:16:00+00:00,-118.229561
2016-10-07 02:17:00+00:00,-120.623833
2016-10-07 02:18:00+00:00,-122.796852
2016-10-07 02:19:00+00:00,-129.315857
2016-10-07 02:20:00+00:00,-119.421936
2016-10-07 02:21:00+00:00,-116.591881
2016-10-07 02:22:00+00:00,-116.698196
2016-10-07 02:23:00+00:00,-128.923386
2016-10-07 02:24:00+00:00,-123.895912
2016-10-07 02:25:00+00:00,-124.007446
2016-10-07 02:26:00+00:00,-134.124588
2016-10-07 02:27:00+00:00,-140.236465
2016-10-07 02:28:00+00:00,-144.352737
2016-10-07 02:29:00+00:00,-150.741974
2016-10-07 02:30:00+00:00,-152.335922
2016-10-07 02:31:00+00:00,-139.939346
2016-10-07 02:32:00+00:00,-117.816513
2016-10-07 02:33:00+00:00,-106.927338
2016-10-07 02:34:00+00:00,-110.340355
2016-10-07 02:35:00+00:00,-112.005211
2016-10-07 02:36:00+00:00,-106.774109
2016-10-07 02:37:00+00:00,-106.15361
2016-10-07 02:38:00+00:00,-128.994293
2016-10-07 02:39:00+00:00,-132.914078
2016-10-07 02:40:00+00:00,-114.078354
2016-10-07 02:41:00+00:00,-133.328781
2016-10-07 02:42:00+00:00,-130.890686
2016-10-07 02:43:00+00:00,-156.641632
2016-10-07 02:44:00+00:00,-141.710037
2016-10-07 02:45:00+00:00,-119.651276
2016-10-07 02:46:00+00:00,-114.77282
2016-10-07 02:47:00+00:00,-89.158623
2016-10-14 00:00:00+00:00,-501.24472
2016-10-14 00:01:00+00:00,-477.323669
2016-10-14 00:02:00+00:00,-452.404755
2016-10-14 00:03:00+00:00,-438.469421
2016-10-14 00:04:00+00:00,-438.517639
2016-10-14 00:05:00+00:00,-439.570953
2016-10-14 00:06:00+00:00,-445.610901
2016-10-14 00:07:00+00:00,-479.973877
2016-10-14 00:08:00+00:00,-524.647156
2016-10-14 00:09:00+00:00,-530.818848
2016-10-14 00:10:00+00:00,-503.776093
2016-10-14 00:11:00+00:00,-469.667358
2016-10-14 00:12:00+00:00,-447.558075
2016-10-14 00:13:00+00:00,-444.843781
2016-10-14 00:14:00+00:00,-422.377838
2016-10-14 00:15:00+00:00,-408.03653
2016-10-14 00:16:00+00:00,-400.924255
2016-10-14 00:17:00+00:00,-395.865845
2016-10-14 00:18:00+00:00,-410.916534
2016-10-14 00:19:00+00:00,-440.00827
2016-10-14 00:20:00+00:00,-441.089264
2016-10-14 00:21:00+00:00,-430.132446
2016-10-14 00:22:00+00:00,-417.175385
2016-10-14 00:23:00+00:00,-404.222229
2016-10-14 00:24:00+00:00,-401.300903
2016-10-14 00:25:00+00:00,-401.580597
2016-10-14 00:26:00+00:00,-408.502472
2016-10-14 00:27:00+00:00,-413.246948
2016-10-14 00:28:00+00:00,-424.528809
2016-10-14 00:29:00+00:00,-439.107391
2016-10-14 00:30:00+00:00,-446.491577
2016-10-14 00:31:00+00:00,-448.345795
2016-10-14 00:32:00+00:00,-407.770294
2016-10-14 00:33:00+00:00,-437.12738
2016-10-14 00:34:00+00:00,-458.011627
2016-10-14 00:35:00+00:00,-489.015503
2016-10-14 00:36:00+00:00,-467.483459
2016-10-14 00:37:00+00:00,-461.072083
2016-10-14 00:38:00+00:00,-468.100983
2016-10-14 00:39:00+00:00,-481.943176
2016-10-14 00:40:00+00:00,-471.581024
2016-10-14 00:41:00+00:00,-472.402252
2016-10-14 00:42:00+00:00,-462.48764
2016-10-14 00:43:00+00:00,-459.26178
2016-10-14 00:44:00+00:00,-453.655426
2016-10-14 00:45:00+00:00,-447.09082
2016-10-14 00:46:00+00:00,-489.082733
2016-10-14 00:47:00+00:00,-535.042236
2016-10-14 00:48:00+00:00,-562.688782
2016-10-14 00:49:00+00:00,-661.237427
2016-10-14 00:50:00+00:00,-744.429077
2016-10-14 00:51:00+00:00,-697.549316
2016-10-14 00:52:00+00:00,-575.381226
2016-10-14 00:53:00+00:00,-515.397095
2016-10-14 00:54:00+00:00,-526.079834
2016-10-14 00:55:00+00:00,-518.888977
2016-10-14 00:56:00+00:00,-532.795776
2016-10-14 00:57:00+00:00,-615.544495
2016-10-14 00:58:00+00:00,-656.547363
2016-10-14 00:59:00+00:00,-734.878235
2016-10-14 01:00:00+00:00,-737.298401
2016-10-14 01:01:00+00:00,-688.424194
2016-10-14 01:02:00+00:00,-666.857483
2016-10-14 01:03:00+00:00,-661.561768
2016-10-14 01:04:00+00:00,-713.126343
2016-10-14 01:05:00+00:00,-641.211792
2016-10-14 01:06:00+00:00,-623.597351
2016-10-14 01:07:00+00:00,-584.414551
2016-10-14 01:08:00+00:00,-658.619507
2016-10-14 01:09:00+00:00,-634.259521
2016-10-14 01:10:00+00:00,-629.974243
2016-10-14 01:11:00+00:00,-624.854431
2016-10-14 01:12:00+00:00,-568.593384
2016-10-14 01:13:00+00:00,-575.756531
2016-10-14 01:14:00+00:00,-627.729492
2016-10-14 01:15:00+00:00,-580.092407
2016-10-14 01:16:00+00:00,-609.687378
2016-10-14 01:17:00+00:00,-628.417114
2016-10-14 01:18:00+00:00,-662.930969
2016-10-14 01:19:00+00:00,-736.278564
2016-10-14 01:20:00+00:00,-820.771423
2016-10-14 01:21:00+00:00,-859.049133
2016-10-14 01:22:00+00:00,-825.159241
2016-10-14 01:23:00+00:00,-792.478271
2016-10-14 01:24:00+00:00,-1260.788818
2016-10-14 01:25:00+00:00,-1402.380005
2016-10-14 01:26:00+00:00,-1816.956177
2016-10-14 01:27:00+00:00,-1890.223267
2016-10-14 01:28:00+00:00,-2121.077881
2016-10-14 01:29:00+00:00,-2004.558105
2016-10-14 01:30:00+00:00,-2055.438232
2016-10-14 01:31:00+00:00,-1017.67926
2016-10-14 01:32:00+00:00,-1428.328369
2016-10-14 01:33:00+00:00,-1458.272217
2016-10-14 01:34:00+00:00,-1440.685669
2016-10-14 01:35:00+00:00,-1120.29248
2016-10-14 01:36:00+00:00,-1158.299438
2016-10-14 01:37:00+00:00,-1272.920166
2016-10-14 01:38:00+00:00,-1362.362549
2016-10-14 01:39:00+00:00,-1108.128174
2016-10-14 01:40:00+00:00,-1232.41333
2016-10-14 01:41:00+00:00,-1254.493408
2016-10-14 01:42:00+00:00,-1294.647095
2016-10-14 01:43:00+00:00,-1283.194824
2016-10-14 01:44:00+00:00,-1238.384766
2016-10-14 01:45:00+00:00,-983.331421
2016-10-14 01:46:00+00:00,-1038.570557
2016-10-14 01:47:00+00:00,-829.658386
2016-10-14 01:48:00+00:00,-766.730591
2016-10-14 01:49:00+00:00,-770.760376
2016-10-14 01:50:00+00:00,-771.46167
2016-10-14 01:51:00+00:00,-772.872803
2016-10-14 01:52:00+00:00,-740.349731
2016-10-14 01:53:00+00:00,-830.427063
2016-10-14 01:54:00+00:00,-830.970398
2016-10-14 01:55:00+00:00,-799.936768
2016-10-14 01:56:00+00:00,-751.649414
2016-10-14 01:57:00+00:00,-761.901367
2016-10-14 01:58:00+00:00,-787.616455
2016-10-14 01:59:00+00:00,-798.411682
2016-10-14 02:00:00+00:00,-811.312622
2016-10-14 02:01:00+00:00,-862.072021
2016-10-14 02:02:00+00:00,-834.003418
2016-10-14 02:03:00+00:00,-832.577637
2016-10-14 02:04:00+00:00,-815.727478
2016-10-14 02:05:00+00:00,-817.460083
2016-10-14 02:06:00+00:00,-821.076599
2016-10-14 02:07:00+00:00,-773.776062
2016-10-14 02:08:00+00:00,-762.097961
2016-10-14 02:09:00+00:00,-759.313049
2016-10-14 02:10:00+00:00,-766.432251
2016-10-14 02:11:00+00:00,-751.916748
2016-10-14 02:12:00+00:00,-725.735535
2016-10-14 02:13:00+00:00,-717.765747
2016-10-14 02:14:00+00:00,-720.07428
2016-10-14 02:15:00+00:00,-684.973511
2016-10-14 02:16:00+00:00,-648.734131
2016-10-14 02:17:00+00:00,-689.211121
2016-10-14 02:18:00+00:00,-647.059021
2016-10-14 02:19:00+00:00,-696.503479
2016-10-14 02:20:00+00:00,-676.307312
2016-10-14 02:21:00+00:00,-720.987427
2016-10-14 02:22:00+00:00,-673.641174
2016-10-14 02:23:00+00:00,-625.049316
2016-10-14 02:24:00+00:00,-643.173584
2016-10-14 02:25:00+00:00,-644.655151
2016-10-14 02:26:00+00:00,-644.139526
2016-10-14 02:27:00+00:00,-664.934143
2016-10-14 02:28:00+00:00,-701.953125
2016-10-14 02:29:00+00:00,-719.600525
2016-10-14 02:30:00+00:00,-683.537659
2016-10-14 02:31:00+00:00,-626.326477
2016-10-14 02:32:00+00:00,-631.005676
2016-10-14 02:33:00+00:00,-641.016724
2016-10-14 02:34:00+00:00,-610.464905
2016-10-14 02:35:00+00:00,-640.51947
2016-10-14 02:36:00+00:00,-635.761963
2016-10-14 02:37:00+00:00,-630.985229
2016-10-14 02:38:00+00:00,-635.543396
2016-10-14 02:39:00+00:00,-640.12146
2016-10-14 02:40:00+00:00,-699.894409
2016-10-14 02:41:00+00:00,-684.400391
2016-10-14 02:42:00+00:00,-671.92218
2016-10-14 02:43:00+00:00,-620.97937
2016-10-14 02:44:00+00:00,-565.602539
2016-10-14 02:45:00+00:00,-560.441956
2016-10-14 02:46:00+00:00,-551.648987
2016-10-14 02:47:00+00:00,-560.2052
2016-10-21 00:00:00+00:00,-11.647697
2016-10-21 00:01:00+00:00,-11.257629
2016-10-21 00:02:00+00:00,-9.346344
2016-10-21 00:03:00+00:00,-8.828675
2016-10-21 00:04:00+00:00,-8.796073
2016-10-21 00:05:00+00:00,-8.762405
2016-10-21 00:06:00+00:00,-8.557407
2016-10-21 00:07:00+00:00,-7.674858
2016-10-21 00:08:00+00:00,-7.730848
2016-10-21 00:09:00+00:00,-9.65896
2016-10-21 00:10:00+00:00,-9.236836
2016-10-21 00:11:00+00:00,-11.993448
2016-10-21 00:12:00+00:00,-13.968121
2016-10-21 00:13:00+00:00,-13.956284
2016-10-21 00:14:00+00:00,-11.951131
2016-10-21 00:15:00+00:00,-11.756669
2016-10-21 00:16:00+00:00,-12.537065
2016-10-21 00:17:00+00:00,-12.459186
2016-10-21 00:18:00+00:00,-12.703833
2016-10-21 00:19:00+00:00,-11.910391
2016-10-21 00:20:00+00:00,-11.696752
2016-10-21 00:21:00+00:00,-10.692928
2016-10-21 00:22:00+00:00,-10.709951
2016-10-21 00:23:00+00:00,-10.33809
2016-10-21 00:24:00+00:00,-10.410429
2016-10-21 00:25:00+00:00,-10.427907
2016-10-21 00:26:00+00:00,-10.098495
2016-10-21 00:27:00+00:00,-9.695595
2016-10-21 00:28:00+00:00,-9.820644
2016-10-21 00:29:00+00:00,-9.989396
2016-10-21 00:30:00+00:00,-10.187085
2016-10-21 00:31:00+00:00,-9.211573
2016-10-21 00:32:00+00:00,-8.603426
2016-10-21 00:33:00+00:00,-9.560806
2016-10-21 00:34:00+00:00,-9.519979
2016-10-21 00:35:00+00:00,-9.911324
2016-10-21 00:36:00+00:00,-11.093649
2016-10-21 00:37:00+00:00,-10.708742
2016-10-21 00:38:00+00:00,-10.70109
2016-10-21 00:39:00+00:00,-9.691793
2016-10-21 00:40:00+00:00,-9.684744
2016-10-21 00:41:00+00:00,-10.534603
2016-10-21 00:42:00+00:00,-8.492732
2016-10-21 00:43:00+00:00,-9.0774
2016-10-21 00:44:00+00:00,-9.771284
2016-10-21 00:45:00+00:00,-10.269955
2016-10-21 00:46:00+00:00,-10.536336
2016-10-21 00:47:00+00:00,-9.481614
2016-10-21 00:48:00+00:00,-9.472239
2016-10-21 00:49:00+00:00,-9.628462
2016-10-21 00:50:00+00:00,-10.418689
2016-10-21 00:51:00+00:00,-11.62281
2016-10-21 00:52:00+00:00,-10.469234
2016-10-21 00:53:00+00:00,-10.424644
2016-10-21 00:54:00+00:00,-10.415745
2016-10-21 00:55:00+00:00,-10.372243
2016-10-21 00:56:00+00:00,-9.586166
2016-10-21 00:57:00+00:00,-11.584225
2016-10-21 00:58:00+00:00,-11.586097
2016-10-21 00:59:00+00:00,-11.335659
2016-10-21 01:00:00+00:00,-12.576683
2016-10-21 01:01:00+00:00,-10.578974
2016-10-21 01:02:00+00:00,-11.344711
2016-10-21 01:03:00+00:00,-10.26755
2016-10-21 01:04:00+00:00,-9.258687
2016-10-21 01:05:00+00:00,-9.551155
2016-10-21 01:06:00+00:00,-9.552376
2016-10-21 01:07:00+00:00,-10.370214
2016-10-21 01:08:00+00:00,-11.00938
2016-10-21 01:09:00+00:00,-10.374498
2016-10-21 01:10:00+00:00,-10.239951
2016-10-21 01:11:00+00:00,-10.230373
2016-10-21 01:12:00+00:00,-10.883747
2016-10-21 01:13:00+00:00,-11.740322
2016-10-21 01:14:00+00:00,-10.998251
2016-10-21 01:15:00+00:00,-10.629339
2016-10-21 01:16:00+00:00,-11.18465
2016-10-21 01:17:00+00:00,-9.732509
2016-10-21 01:18:00+00:00,-12.532408
2016-10-21 01:19:00+00:00,-13.537651
2016-10-21 01:20:00+00:00,-13.531282
2016-10-21 01:21:00+00:00,-12.526899
2016-10-21 01:22:00+00:00,-12.520729
2016-10-21 01:23:00+00:00,-11.207493
2016-10-21 01:24:00+00:00,-9.837692
2016-10-21 01:25:00+00:00,-11.524207
2016-10-21 01:26:00+00:00,-10.392041
2016-10-21 01:27:00+00:00,-10.125338
2016-10-21 01:28:00+00:00,-9.58554
2016-10-21 01:29:00+00:00,-10.073973
2016-10-21 01:30:00+00:00,-9.785779
2016-10-21 01:31:00+00:00,-10.525627
2016-10-21 01:32:00+00:00,-9.938515
2016-10-21 01:33:00+00:00,-10.632803
2016-10-21 01:34:00+00:00,-10.925838
2016-10-21 01:35:00+00:00,-10.547076
2016-10-21 01:36:00+00:00,-11.571769
2016-10-21 01:37:00+00:00,-11.347351
2016-10-21 01:38:00+00:00,-10.89048
2016-10-21 01:39:00+00:00,-11.641549
2016-10-21 01:40:00+00:00,-11.792905
2016-10-21 01:41:00+00:00,-11.885527
2016-10-21 01:42:00+00:00,-12.11762
2016-10-21 01:43:00+00:00,-11.859332
2016-10-21 01:44:00+00:00,-11.414198
2016-10-21 01:45:00+00:00,-10.775417
2016-10-21 01:46:00+00:00,-10.735924
2016-10-21 01:47:00+00:00,-10.658962
2016-10-21 01:48:00+00:00,-11.815981
2016-10-21 01:49:00+00:00,-11.805575
2016-10-21 01:50:00+00:00,-11.812281
2016-10-21 01:51:00+00:00,-11.45908
2016-10-21 01:52:00+00:00,-11.046755
2016-10-21 01:53:00+00:00,-11.080143
2016-10-21 01:54:00+00:00,-11.447877
2016-10-21 01:55:00+00:00,-11.68215
2016-10-21 01:56:00+00:00,-11.731165
2016-10-21 01:57:00+00:00,-11.146646
2016-10-21 01:58:00+00:00,-10.825851
2016-10-21 01:59:00+00:00,-11.20948
2016-10-21 02:00:00+00:00,-11.897942
2016-10-21 02:01:00+00:00,-12.648521
2016-10-21 02:02:00+00:00,-11.710627
2016-10-21 02:03:00+00:00,-11.386934
2016-10-21 02:04:00+00:00,-13.181296
2016-10-21 02:05:00+00:00,-13.282132
2016-10-21 02:06:00+00:00,-12.485052
2016-10-21 02:07:00+00:00,-12.204517
2016-10-21 02:08:00+00:00,-12.258608
2016-10-21 02:09:00+00:00,-11.553517
2016-10-21 02:10:00+00:00,-11.54036
2016-10-21 02:11:00+00:00,-11.890957
2016-10-21 02:12:00+00:00,-12.125757
2016-10-21 02:13:00+00:00,-11.760001
2016-10-21 02:14:00+00:00,-11.510094
2016-10-21 02:15:00+00:00,-11.620784
2016-10-21 02:16:00+00:00,-11.875218
2016-10-21 02:17:00+00:00,-11.971583
2016-10-21 02:18:00+00:00,-12.566073
2016-10-21 02:19:00+00:00,-13.050234
2016-10-21 02:20:00+00:00,-13.299007
2016-10-21 02:21:00+00:00,-13.67996
2016-10-21 02:22:00+00:00,-12.787838
2016-10-21 02:23:00+00:00,-11.833988
2016-10-21 02:24:00+00:00,-11.824215
2016-10-21 02:25:00+00:00,-12.934242
2016-10-21 02:26:00+00:00,-12.66206
2016-10-21 02:27:00+00:00,-11.841599
2016-10-21 02:28:00+00:00,-12.897765
2016-10-21 02:29:00+00:00,-13.156311
2016-10-21 02:30:00+00:00,-13.469923
2016-10-21 02:31:00+00:00,-13.68047
2016-10-21 02:32:00+00:00,-13.934559
2016-10-21 02:33:00+00:00,-13.299607
2016-10-21 02:34:00+00:00,-12.815688
2016-10-21 02:35:00+00:00,-13.201587
2016-10-21 02:36:00+00:00,-13.465962
2016-10-21 02:37:00+00:00,-13.905043
2016-10-21 02:38:00+00:00,-14.048032
2016-10-21 02:39:00+00:00,-13.690861
2016-10-21 02:40:00+00:00,-14.319895
2016-10-21 02:41:00+00:00,-14.634386
2016-10-21 02:42:00+00:00,-13.219331
2016-10-21 02:43:00+00:00,-14.004063
2016-10-21 02:44:00+00:00,-15.254991
2016-10-21 02:45:00+00:00,-14.818471
2016-10-21 02:46:00+00:00,-14.074419
2016-10-21 02:47:00+00:00,-13.962324
2016-10-28 00:00:00+00:00,-132.901184
2016-10-28 00:01:00+00:00,-129.884796
2016-10-28 00:02:00+00:00,-133.492004
2016-10-28 00:03:00+00:00,-133.802475
2016-10-28 00:04:00+00:00,-136.371033
2016-10-28 00:05:00+00:00,-133.092514
2016-10-28 00:06:00+00:00,-125.283401
2016-10-28 00:07:00+00:00,-123.675339
2016-10-28 00:08:00+00:00,-115.540642
2016-10-28 00:09:00+00:00,-107.740196
2016-10-28 00:10:00+00:00,-108.752106
2016-10-28 00:11:00+00:00,-122.617775
2016-10-28 00:12:00+00:00,-138.147919
2016-10-28 00:13:00+00:00,-138.564087
2016-10-28 00:14:00+00:00,-144.219025
2016-10-28 00:15:00+00:00,-150.407806
2016-10-28 00:16:00+00:00,-134.001953
2016-10-28 00:17:00+00:00,-132.765594
2016-10-28 00:18:00+00:00,-150.752258
2016-10-28 00:19:00+00:00,-152.62854
2016-10-28 00:20:00+00:00,-148.082458
2016-10-28 00:21:00+00:00,-143.905975
2016-10-28 00:22:00+00:00,-138.30307
2016-10-28 00:23:00+00:00,-144.481659
2016-10-28 00:24:00+00:00,-147.511597
2016-10-28 00:25:00+00:00,-149.290894
2016-10-28 00:26:00+00:00,-149.778137
2016-10-28 00:27:00+00:00,-135.757065
2016-10-28 00:28:00+00:00,-164.748688
2016-10-28 00:29:00+00:00,-161.35437
2016-10-28 00:30:00+00:00,-166.16153
2016-10-28 00:31:00+00:00,-205.976105
2016-10-28 00:32:00+00:00,-230.749542
2016-10-28 00:33:00+00:00,-219.973053
2016-10-28 00:34:00+00:00,-218.260895
2016-10-28 00:35:00+00:00,-196.730286
2016-10-28 00:36:00+00:00,-177.618393
2016-10-28 00:37:00+00:00,-203.389252
2016-10-28 00:38:00+00:00,-210.517456
2016-10-28 00:39:00+00:00,-194.828201
2016-10-28 00:40:00+00:00,-196.208206
2016-10-28 00:41:00+00:00,-186.2659
2016-10-28 00:42:00+00:00,-160.154587
2016-10-28 00:43:00+00:00,-137.179214
2016-10-28 00:44:00+00:00,-136.192307
2016-10-28 00:45:00+00:00,-138.925064
2016-10-28 00:46:00+00:00,-119.945915
2016-10-28 00:47:00+00:00,-108.230202
2016-10-28 00:48:00+00:00,-112.569122
2016-10-28 00:49:00+00:00,-132.031219
2016-10-28 00:50:00+00:00,-113.056259
2016-10-28 00:51:00+00:00,-116.671127
2016-10-28 00:52:00+00:00,-99.956253
2016-10-28 00:53:00+00:00,-82.214729
2016-10-28 00:54:00+00:00,-71.102692
2016-10-28 00:55:00+00:00,-101.396034
2016-10-28 00:56:00+00:00,-124.52417
2016-10-28 00:57:00+00:00,-109.787613
2016-10-28 00:58:00+00:00,-67.866814
2016-10-28 00:59:00+00:00,-68.564713
2016-10-28 01:00:00+00:00,-155.849777
2016-10-28 01:01:00+00:00,-221.130966
2016-10-28 01:02:00+00:00,-185.844681
2016-10-28 01:03:00+00:00,-179.597382
2016-10-28 01:04:00+00:00,-182.619537
2016-10-28 01:05:00+00:00,-153.238342
2016-10-28 01:06:00+00:00,-73.189552
2016-10-28 01:07:00+00:00,-93.16777
2016-10-28 01:08:00+00:00,-111.692657
2016-10-28 01:09:00+00:00,-150.212311
2016-10-28 01:10:00+00:00,-201.839157
2016-10-28 01:11:00+00:00,-296.585632
2016-10-28 01:12:00+00:00,-360.085907
2016-10-28 01:13:00+00:00,-345.928223
2016-10-28 01:14:00+00:00,-359.296021
2016-10-28 01:15:00+00:00,-255.165863
2016-10-28 01:16:00+00:00,-129.676163
2016-10-28 01:17:00+00:00,-179.937134
2016-10-28 01:18:00+00:00,-215.954056
2016-10-28 01:19:00+00:00,-288.463135
2016-10-28 01:20:00+00:00,-247.479919
2016-10-28 01:21:00+00:00,-217.718384
2016-10-28 01:22:00+00:00,-194.690857
2016-10-28 01:23:00+00:00,-227.66008
2016-10-28 01:24:00+00:00,-216.292007
2016-10-28 01:25:00+00:00,-167.437149
2016-10-28 01:26:00+00:00,-264.002655
2016-10-28 01:27:00+00:00,-346.411285
2016-10-28 01:28:00+00:00,-326.198639
2016-10-28 01:29:00+00:00,-189.17572
2016-10-28 01:30:00+00:00,-179.759415
2016-10-28 01:31:00+00:00,-210.938339
2016-10-28 01:32:00+00:00,-142.579926
2016-10-28 01:33:00+00:00,-90.872978
2016-10-28 01:34:00+00:00,-78.135796
2016-10-28 01:35:00+00:00,-90.338699
2016-10-28 01:36:00+00:00,-95.234558
2016-10-28 01:37:00+00:00,-88.835327
2016-10-28 01:38:00+00:00,-82.679565
2016-10-28 01:39:00+00:00,-83.488663
2016-10-28 01:40:00+00:00,-89.975716
2016-10-28 01:41:00+00:00,-135.808167
2016-10-28 01:42:00+00:00,-163.177414
2016-10-28 01:43:00+00:00,-195.188049
2016-10-28 01:44:00+00:00,-329.470032
2016-10-28 01:45:00+00:00,-370.166138
2016-10-28 01:46:00+00:00,-352.706451
2016-10-28 01:47:00+00:00,-316.958099
2016-10-28 01:48:00+00:00,-382.557953
2016-10-28 01:49:00+00:00,-372.063354
2016-10-28 01:50:00+00:00,-273.710693
2016-10-28 01:51:00+00:00,-237.536652
2016-10-28 01:52:00+00:00,-245.196045
2016-10-28 01:53:00+00:00,-251.347031
2016-10-28 01:54:00+00:00,-273.689209
2016-10-28 01:55:00+00:00,-328.102692
2016-10-28 01:56:00+00:00,-313.663544
2016-10-28 01:57:00+00:00,-302.034851
2016-10-28 01:58:00+00:00,-291.362946
2016-10-28 01:59:00+00:00,-312.097107
2016-10-28 02:00:00+00:00,-369.838806
2016-10-28 02:01:00+00:00,-411.585175
2016-10-28 02:02:00+00:00,-340.741608
2016-10-28 02:03:00+00:00,-287.302765
2016-10-28 02:04:00+00:00,-213.271576
2016-10-28 02:05:00+00:00,-203.985474
2016-10-28 02:06:00+00:00,-204.092789
2016-10-28 02:07:00+00:00,-222.259811
2016-10-28 02:08:00+00:00,-214.082184
2016-10-28 02:09:00+00:00,-207.268921
2016-10-28 02:10:00+00:00,-212.725815
2016-10-28 02:11:00+00:00,-165.55983
2016-10-28 02:12:00+00:00,-142.794922
2016-10-28 02:13:00+00:00,-138.684402
2016-10-28 02:14:00+00:00,-119.456543
2016-10-28 02:15:00+00:00,-156.290009
2016-10-28 02:16:00+00:00,-162.389923
2016-10-28 02:17:00+00:00,-112.478813
2016-10-28 02:18:00+00:00,-95.400772
2016-10-28 02:19:00+00:00,-89.116608
2016-10-28 02:20:00+00:00,-85.981552
2016-10-28 02:21:00+00:00,-86.758598
2016-10-28 02:22:00+00:00,-86.155579
2016-10-28 02:23:00+00:00,-83.609291
2016-10-28 02:24:00+00:00,-89.098145
2016-10-28 02:25:00+00:00,-87.259109
2016-10-28 02:26:00+00:00,-82.287941
2016-10-28 02:27:00+00:00,-90.663651
2016-10-28 02:28:00+00:00,-114.527573
2016-10-28 02:29:00+00:00,-112.312119
2016-10-28 02:30:00+00:00,-93.371902
2016-10-28 02:31:00+00:00,-75.526886
2016-10-28 02:32:00+00:00,-74.65947
2016-10-28 02:33:00+00:00,-89.257751
2016-10-28 02:34:00+00:00,-77.576614
2016-10-28 02:35:00+00:00,-82.451843
2016-10-28 02:36:00+00:00,-108.877434
2016-10-28 02:37:00+00:00,-135.639252
2016-10-28 02:38:00+00:00,-133.17836
2016-10-28 02:39:00+00:00,-121.678482
2016-10-28 02:40:00+00:00,-111.88681
2016-10-28 02:41:00+00:00,-107.952873
2016-10-28 02:42:00+00:00,-95.99202
2016-10-28 02:43:00+00:00,-95.601402
2016-10-28 02:44:00+00:00,-106.055817
2016-10-28 02:45:00+00:00,-97.289337
2016-10-28 02:46:00+00:00,-83.209305
2016-10-28 02:47:00+00:00,-86.706161
2016-11-04 00:00:00+00:00,-355.627625
2016-11-04 00:01:00+00:00,-353.234314
2016-11-04 00:02:00+00:00,-356.667053
2016-11-04 00:03:00+00:00,-365.603302
2016-11-04 00:04:00+00:00,-376.560089
2016-11-04 00:05:00+00:00,-378.218903
2016-11-04 00:06:00+00:00,-372.612
2016-11-04 00:07:00+00:00,-369.66275
2016-11-04 00:08:00+00:00,-360.351501
2016-11-04 00:09:00+00:00,-361.289429
2016-11-04 00:10:00+00:00,-369.478333
2016-11-04 00:11:00+00:00,-377.318359
2016-11-04 00:12:00+00:00,-372.714691
2016-11-04 00:13:00+00:00,-360.450317
2016-11-04 00:14:00+00:00,-347.045654
2016-11-04 00:15:00+00:00,-338.839355
2016-11-04 00:16:00+00:00,-326.665009
2016-11-04 00:17:00+00:00,-322.55481
2016-11-04 00:18:00+00:00,-319.801758
2016-11-04 00:19:00+00:00,-313.015015
2016-11-04 00:20:00+00:00,-306.448334
2016-11-04 00:21:00+00:00,-304.973694
2016-11-04 00:22:00+00:00,-286.39917
2016-11-04 00:23:00+00:00,-283.031525
2016-11-04 00:24:00+00:00,-275.868927
2016-11-04 00:25:00+00:00,-268.90921
2016-11-04 00:26:00+00:00,-267.744019
2016-11-04 00:27:00+00:00,-262.080261
2016-11-04 00:28:00+00:00,-249.540771
2016-11-04 00:29:00+00:00,-238.910553
2016-11-04 00:30:00+00:00,-228.839828
2016-11-04 00:31:00+00:00,-226.109818
2016-11-04 00:32:00+00:00,-219.31813
2016-11-04 00:33:00+00:00,-217.97348
2016-11-04 00:34:00+00:00,-213.219406
2016-11-04 00:35:00+00:00,-202.989471
2016-11-04 00:36:00+00:00,-202.291718
2016-11-04 00:37:00+00:00,-201.845291
2016-11-04 00:38:00+00:00,-205.444351
2016-11-04 00:39:00+00:00,-209.074188
2016-11-04 00:40:00+00:00,-204.808029
2016-11-04 00:41:00+00:00,-200.026688
2016-11-04 00:42:00+00:00,-201.579712
2016-11-04 00:43:00+00:00,-198.005783
2016-11-04 00:44:00+00:00,-197.117142
2016-11-04 00:45:00+00:00,-195.612549
2016-11-04 00:46:00+00:00,-197.841599
2016-11-04 00:47:00+00:00,-197.122589
2016-11-04 00:48:00+00:00,-196.824615
2016-11-04 00:49:00+00:00,-195.489655
2016-11-04 00:50:00+00:00,-191.125504
2016-11-04 00:51:00+00:00,-189.16777
2016-11-04 00:52:00+00:00,-188.306625
2016-11-04 00:53:00+00:00,-186.859253
2016-11-04 00:54:00+00:00,-181.692993
2016-11-04 00:55:00+00:00,-179.566681
2016-11-04 00:56:00+00:00,-186.149918
2016-11-04 00:57:00+00:00,-192.669449
2016-11-04 00:58:00+00:00,-193.374435
2016-11-04 00:59:00+00:00,-189.320114
2016-11-04 01:00:00+00:00,-189.697647
2016-11-04 01:01:00+00:00,-188.542435
2016-11-04 01:02:00+00:00,-191.442505
2016-11-04 01:03:00+00:00,-198.019897
2016-11-04 01:04:00+00:00,-194.239334
2016-11-04 01:05:00+00:00,-194.487473
2016-11-04 01:06:00+00:00,-189.85733
2016-11-04 01:07:00+00:00,-186.461533
2016-11-04 01:08:00+00:00,-186.518036
2016-11-04 01:09:00+00:00,-187.538467
2016-11-04 01:10:00+00:00,-188.48558
2016-11-04 01:11:00+00:00,-193.412415
2016-11-04 01:12:00+00:00,-194.338531
2016-11-04 01:13:00+00:00,-196.930054
2016-11-04 01:14:00+00:00,-202.66153
2016-11-04 01:15:00+00:00,-205.660385
2016-11-04 01:16:00+00:00,-204.095886
2016-11-04 01:17:00+00:00,-204.419113
2016-11-04 01:18:00+00:00,-197.921432
2016-11-04 01:19:00+00:00,-198.342911
2016-11-04 01:20:00+00:00,-202.27034
2016-11-04 01:21:00+00:00,-194.557953
2016-11-04 01:22:00+00:00,-195.810959
2016-11-04 01:23:00+00:00,-192.925262
2016-11-04 01:24:00+00:00,-180.80632
2016-11-04 01:25:00+00:00,-174.631668
2016-11-04 01:26:00+00:00,-181.389496
2016-11-04 01:27:00+00:00,-184.15712
2016-11-04 01:28:00+00:00,-181.198639
2016-11-04 01:29:00+00:00,-176.905655
2016-11-04 01:30:00+00:00,-168.997925
2016-11-04 01:31:00+00:00,-157.43248
2016-11-04 01:32:00+00:00,-144.562225
2016-11-04 01:33:00+00:00,-141.979889
2016-11-04 01:34:00+00:00,-146.265808
2016-11-04 01:35:00+00:00,-146.176361
2016-11-04 01:36:00+00:00,-180.56015
2016-11-04 01:37:00+00:00,-175.583786
2016-11-04 01:38:00+00:00,-153.749374
2016-11-04 01:39:00+00:00,-140.699509
2016-11-04 01:40:00+00:00,-141.074875
2016-11-04 01:41:00+00:00,-156.119598
2016-11-04 01:42:00+00:00,-160.171982
2016-11-04 01:43:00+00:00,-158.213104
2016-11-04 01:44:00+00:00,-163.257385
2016-11-04 01:45:00+00:00,-176.297546
2016-11-04 01:46:00+00:00,-167.277893
2016-11-04 01:47:00+00:00,-167.102661
2016-11-04 01:48:00+00:00,-199.292023
2016-11-04 01:49:00+00:00,-195.135345
2016-11-04 01:50:00+00:00,-179.718567
2016-11-04 01:51:00+00:00,-183.080902
2016-11-04 01:52:00+00:00,-183.625595
2016-11-04 01:53:00+00:00,-196.783279
2016-11-04 01:54:00+00:00,-178.671204
2016-11-04 01:55:00+00:00,-172.392853
2016-11-04 01:56:00+00:00,-167.423187
2016-11-04 01:57:00+00:00,-174.501846
2016-11-04 01:58:00+00:00,-170.566177
2016-11-04 01:59:00+00:00,-162.578308
2016-11-04 02:00:00+00:00,-154.595688
2016-11-04 02:01:00+00:00,-149.619583
2016-11-04 02:02:00+00:00,-158.651199
2016-11-04 02:03:00+00:00,-174.698288
2016-11-04 02:04:00+00:00,-175.745224
2016-11-04 02:05:00+00:00,-180.831039
2016-11-04 02:06:00+00:00,-176.903992
2016-11-04 02:07:00+00:00,-176.973724
2016-11-04 02:08:00+00:00,-172.003159
2016-11-04 02:09:00+00:00,-167.047897
2016-11-04 02:10:00+00:00,-164.083527
2016-11-04 02:11:00+00:00,-164.100235
2016-11-04 02:12:00+00:00,-159.106781
2016-11-04 02:13:00+00:00,-148.134598
2016-11-04 02:14:00+00:00,-154.187164
2016-11-04 02:15:00+00:00,-150.62616
2016-11-04 02:16:00+00:00,-140.145248
2016-11-04 02:17:00+00:00,-140.175537
2016-11-04 02:18:00+00:00,-131.907501
2016-11-04 02:19:00+00:00,-124.135178
2016-11-04 02:20:00+00:00,-129.863708
2016-11-04 02:21:00+00:00,-164.680084
2016-11-04 02:22:00+00:00,-124.003815
2016-11-04 02:23:00+00:00,-108.609505
2016-11-04 02:24:00+00:00,-117.317574
2016-11-04 02:25:00+00:00,-122.393967
2016-11-04 02:26:00+00:00,-126.286865
2016-11-04 02:27:00+00:00,-150.87529
2016-11-04 02:28:00+00:00,-152.701233
2016-11-04 02:29:00+00:00,-123.041061
2016-11-04 02:30:00+00:00,-121.700378
2016-11-04 02:31:00+00:00,-139.145081
2016-11-04 02:32:00+00:00,-173.335022
2016-11-04 02:33:00+00:00,-178.290482
2016-11-04 02:34:00+00:00,-203.896179
2016-11-04 02:35:00+00:00,-206.112045
2016-11-04 02:36:00+00:00,-180.478485
2016-11-04 02:37:00+00:00,-151.363831
2016-11-04 02:38:00+00:00,-130.98909
2016-11-04 02:39:00+00:00,-106.029434
2016-11-04 02:40:00+00:00,-162.932465
2016-11-04 02:41:00+00:00,-122.624519
2016-11-04 02:42:00+00:00,-119.46431
2016-11-04 02:43:00+00:00,-116.495422
2016-11-04 02:44:00+00:00,-112.646248
2016-11-04 02:45:00+00:00,-124.646286
2016-11-04 02:46:00+00:00,-128.99115
2016-11-04 02:47:00+00:00,-118.370789
2016-11-11 00:00:00+00:00,-369.804901
2016-11-11 00:01:00+00:00,-376.865143
2016-11-11 00:02:00+00:00,-383.944397
2016-11-11 00:03:00+00:00,-380.019165
2016-11-11 00:04:00+00:00,-384.087555
2016-11-11 00:05:00+00:00,-379.162933
2016-11-11 00:06:00+00:00,-354.231262
2016-11-11 00:07:00+00:00,-342.285339
2016-11-11 00:08:00+00:00,-338.336914
2016-11-11 00:09:00+00:00,-332.807587
2016-11-11 00:10:00+00:00,-329.773529
2016-11-11 00:11:00+00:00,-326.069122
2016-11-11 00:12:00+00:00,-353.321594
2016-11-11 00:13:00+00:00,-354.378204
2016-11-11 00:14:00+00:00,-352.71698
2016-11-11 00:15:00+00:00,-368.242889
2016-11-11 00:16:00+00:00,-352.0737
2016-11-11 00:17:00+00:00,-361.81134
2016-11-11 00:18:00+00:00,-392.930542
2016-11-11 00:19:00+00:00,-364.026733
2016-11-11 00:20:00+00:00,-331.088562
2016-11-11 00:21:00+00:00,-326.142609
2016-11-11 00:22:00+00:00,-325.212677
2016-11-11 00:23:00+00:00,-323.291962
2016-11-11 00:24:00+00:00,-323.384308
2016-11-11 00:25:00+00:00,-320.484863
2016-11-11 00:26:00+00:00,-310.596527
2016-11-11 00:27:00+00:00,-295.714447
2016-11-11 00:28:00+00:00,-293.832489
2016-11-11 00:29:00+00:00,-298.94046
2016-11-11 00:30:00+00:00,-304.036133
2016-11-11 00:31:00+00:00,-307.127838
2016-11-11 00:32:00+00:00,-305.217926
2016-11-11 00:33:00+00:00,-300.299469
2016-11-11 00:34:00+00:00,-287.386047
2016-11-11 00:35:00+00:00,-271.129791
2016-11-11 00:36:00+00:00,-256.52713
2016-11-11 00:37:00+00:00,-252.221237
2016-11-11 00:38:00+00:00,-254.245438
2016-11-11 00:39:00+00:00,-262.487396
2016-11-11 00:40:00+00:00,-272.169769
2016-11-11 00:41:00+00:00,-273.12851
2016-11-11 00:42:00+00:00,-267.605774
2016-11-11 00:43:00+00:00,-259.60144
2016-11-11 00:44:00+00:00,-269.643311
2016-11-11 00:45:00+00:00,-388.497314
2016-11-11 00:46:00+00:00,-410.331757
2016-11-11 00:47:00+00:00,-339.972748
2016-11-11 00:48:00+00:00,-298.037537
2016-11-11 00:49:00+00:00,-305.644257
2016-11-11 00:50:00+00:00,-325.382141
2016-11-11 00:51:00+00:00,-300.368683
2016-11-11 00:52:00+00:00,-307.218872
2016-11-11 00:53:00+00:00,-293.377777
2016-11-11 00:54:00+00:00,-272.553009
2016-11-11 00:55:00+00:00,-305.085999
2016-11-11 00:56:00+00:00,-386.225708
2016-11-11 00:57:00+00:00,-426.09787
2016-11-11 00:58:00+00:00,-343.639313
2016-11-11 00:59:00+00:00,-363.966553
2016-11-11 01:00:00+00:00,-351.00766
2016-11-11 01:01:00+00:00,-344.195862
2016-11-11 01:02:00+00:00,-359.108337
2016-11-11 01:03:00+00:00,-418.615112
2016-11-11 01:04:00+00:00,-402.15506
2016-11-11 01:05:00+00:00,-414.12384
2016-11-11 01:06:00+00:00,-445.181213
2016-11-11 01:07:00+00:00,-466.168396
2016-11-11 01:08:00+00:00,-537.153687
2016-11-11 01:09:00+00:00,-585.16156
2016-11-11 01:10:00+00:00,-588.215271
2016-11-11 01:11:00+00:00,-569.272888
2016-11-11 01:12:00+00:00,-559.261047
2016-11-11 01:13:00+00:00,-544.259644
2016-11-11 01:14:00+00:00,-492.296417
2016-11-11 01:15:00+00:00,-435.30661
2016-11-11 01:16:00+00:00,-407.334167
2016-11-11 01:17:00+00:00,-393.361481
2016-11-11 01:18:00+00:00,-369.390411
2016-11-11 01:19:00+00:00,-365.454132
2016-11-11 01:20:00+00:00,-334.503693
2016-11-11 01:21:00+00:00,-326.559784
2016-11-11 01:22:00+00:00,-322.3573
2016-11-11 01:23:00+00:00,-304.469055
2016-11-11 01:24:00+00:00,-294.804901
2016-11-11 01:25:00+00:00,-317.504639
2016-11-11 01:26:00+00:00,-294.341705
2016-11-11 01:27:00+00:00,-309.169891
2016-11-11 01:28:00+00:00,-275.31485
2016-11-11 01:29:00+00:00,-279.339294
2016-11-11 01:30:00+00:00,-296.066437
2016-11-11 01:31:00+00:00,-296.680267
2016-11-11 01:32:00+00:00,-297.046021
2016-11-11 01:33:00+00:00,-286.868774
2016-11-11 01:34:00+00:00,-256.179779
2016-11-11 01:35:00+00:00,-229.425461
2016-11-11 01:36:00+00:00,-218.621506
2016-11-11 01:37:00+00:00,-219.255386
2016-11-11 01:38:00+00:00,-218.376831
2016-11-11 01:39:00+00:00,-211.224045
2016-11-11 01:40:00+00:00,-210.136795
2016-11-11 01:41:00+00:00,-204.674591
2016-11-11 01:42:00+00:00,-210.515106
2016-11-11 01:43:00+00:00,-192.925186
2016-11-11 01:44:00+00:00,-174.739044
2016-11-11 01:45:00+00:00,-168.618088
2016-11-11 01:46:00+00:00,-160.160873
2016-11-11 01:47:00+00:00,-145.195465
2016-11-11 01:48:00+00:00,-127.867287
2016-11-11 01:49:00+00:00,-124.633369
2016-11-11 01:50:00+00:00,-137.557312
2016-11-11 01:51:00+00:00,-115.046059
2016-11-11 01:52:00+00:00,-95.652534
2016-11-11 01:53:00+00:00,-136.172195
2016-11-11 01:54:00+00:00,-150.340927
2016-11-11 01:55:00+00:00,-142.786682
2016-11-11 01:56:00+00:00,-164.227203
2016-11-11 01:57:00+00:00,-182.804077
2016-11-11 01:58:00+00:00,-173.081375
2016-11-11 01:59:00+00:00,-165.530563
2016-11-11 02:00:00+00:00,-176.614136
2016-11-11 02:01:00+00:00,-194.921158
2016-11-11 02:02:00+00:00,-247.243668
2016-11-11 02:03:00+00:00,-351.346649
2016-11-11 02:04:00+00:00,-400.2229
2016-11-11 02:05:00+00:00,-452.393433
2016-11-11 02:06:00+00:00,-458.675598
2016-11-11 02:07:00+00:00,-495.007446
2016-11-11 02:08:00+00:00,-463.58136
2016-11-11 02:09:00+00:00,-434.930603
2016-11-11 02:10:00+00:00,-380.001434
2016-11-11 02:11:00+00:00,-331.225555
2016-11-11 02:12:00+00:00,-334.720123
2016-11-11 02:13:00+00:00,-355.116577
2016-11-11 02:14:00+00:00,-340.028168
2016-11-11 02:15:00+00:00,-338.533508
2016-11-11 02:16:00+00:00,-300.328949
2016-11-11 02:17:00+00:00,-264.581512
2016-11-11 02:18:00+00:00,-198.094879
2016-11-11 02:19:00+00:00,-160.981415
2016-11-11 02:20:00+00:00,-132.138123
2016-11-11 02:21:00+00:00,-146.198761
2016-11-11 02:22:00+00:00,-135.275192
2016-11-11 02:23:00+00:00,-94.26001
2016-11-11 02:24:00+00:00,-61.28006
2016-11-11 02:25:00+00:00,-59.317307
2016-11-11 02:26:00+00:00,-55.091053
2016-11-11 02:27:00+00:00,-49.317089
2016-11-11 02:28:00+00:00,-41.26387
2016-11-11 02:29:00+00:00,-41.15498
2016-11-11 02:30:00+00:00,-41.311874
2016-11-11 02:31:00+00:00,-44.82061
2016-11-11 02:32:00+00:00,-41.924606
2016-11-11 02:33:00+00:00,-41.689335
2016-11-11 02:34:00+00:00,-46.408447
2016-11-11 02:35:00+00:00,-61.585876
2016-11-11 02:36:00+00:00,-59.538635
2016-11-11 02:37:00+00:00,-62.540428
2016-11-11 02:38:00+00:00,-66.099014
2016-11-11 02:39:00+00:00,-39.763187
2016-11-11 02:40:00+00:00,-39.417267
2016-11-11 02:41:00+00:00,-39.903809
2016-11-11 02:42:00+00:00,-67.262253
2016-11-11 02:43:00+00:00,-56.03252
2016-11-11 02:44:00+00:00,-57.937954
2016-11-11 02:45:00+00:00,-56.590233
2016-11-11 02:46:00+00:00,-41.235241
2016-11-11 02:47:00+00:00,-62.068226
2016-11-18 00:00:00+00:00,-53.792221
2016-11-18 00:01:00+00:00,-49.798244
2016-11-18 00:02:00+00:00,-48.799503
2016-11-18 00:03:00+00:00,-45.805763
2016-11-18 00:04:00+00:00,-44.815079
2016-11-18 00:05:00+00:00,-45.817543
2016-11-18 00:06:00+00:00,-39.827148
2016-11-18 00:07:00+00:00,-38.826141
2016-11-18 00:08:00+00:00,-38.826248
2016-11-18 00:09:00+00:00,-39.019402
2016-11-18 00:10:00+00:00,-41.725315
2016-11-18 00:11:00+00:00,-44.795673
2016-11-18 00:12:00+00:00,-46.684517
2016-11-18 00:13:00+00:00,-50.800755
2016-11-18 00:14:00+00:00,-55.79007
2016-11-18 00:15:00+00:00,-58.764893
2016-11-18 00:16:00+00:00,-55.764294
2016-11-18 00:17:00+00:00,-55.770699
2016-11-18 00:18:00+00:00,-53.793877
2016-11-18 00:19:00+00:00,-50.814297
2016-11-18 00:20:00+00:00,-49.844048
2016-11-18 00:21:00+00:00,-51.661041
2016-11-18 00:22:00+00:00,-75.888588
2016-11-18 00:23:00+00:00,-111.880463
2016-11-18 00:24:00+00:00,-106.665489
2016-11-18 00:25:00+00:00,-91.157692
2016-11-18 00:26:00+00:00,-83.811287
2016-11-18 00:27:00+00:00,-110.126854
2016-11-18 00:28:00+00:00,-138.741394
2016-11-18 00:29:00+00:00,-129.534821
2016-11-18 00:30:00+00:00,-128.785309
2016-11-18 00:31:00+00:00,-123.898491
2016-11-18 00:32:00+00:00,-121.678215
2016-11-18 00:33:00+00:00,-127.878731
2016-11-18 00:34:00+00:00,-138.736221
2016-11-18 00:35:00+00:00,-138.27005
2016-11-18 00:36:00+00:00,-134.259781
2016-11-18 00:37:00+00:00,-134.596832
2016-11-18 00:38:00+00:00,-147.365173
2016-11-18 00:39:00+00:00,-140.264252
2016-11-18 00:40:00+00:00,-143.296158
2016-11-18 00:41:00+00:00,-141.814453
2016-11-18 00:42:00+00:00,-141.590851
2016-11-18 00:43:00+00:00,-142.908493
2016-11-18 00:44:00+00:00,-142.320007
2016-11-18 00:45:00+00:00,-137.772812
2016-11-18 00:46:00+00:00,-134.989746
2016-11-18 00:47:00+00:00,-146.975739
2016-11-18 00:48:00+00:00,-131.630081
2016-11-18 00:49:00+00:00,-129.254532
2016-11-18 00:50:00+00:00,-136.708069
2016-11-18 00:51:00+00:00,-127.756035
2016-11-18 00:52:00+00:00,-122.116119
2016-11-18 00:53:00+00:00,-123.537804
2016-11-18 00:54:00+00:00,-121.232361
2016-11-18 00:55:00+00:00,-137.253143
2016-11-18 00:56:00+00:00,-154.388306
2016-11-18 00:57:00+00:00,-149.145004
2016-11-18 00:58:00+00:00,-138.511353
2016-11-18 00:59:00+00:00,-111.243439
2016-11-18 01:00:00+00:00,-112.223885
2016-11-18 01:01:00+00:00,-111.478073
2016-11-18 01:02:00+00:00,-129.957901
2016-11-18 01:03:00+00:00,-150.143494
2016-11-18 01:04:00+00:00,-148.28035
2016-11-18 01:05:00+00:00,-133.52179
2016-11-18 01:06:00+00:00,-124.935349
2016-11-18 01:07:00+00:00,-123.45903
2016-11-18 01:08:00+00:00,-110.245216
2016-11-18 01:09:00+00:00,-132.205627
2016-11-18 01:10:00+00:00,-131.333252
2016-11-18 01:11:00+00:00,-139.226257
2016-11-18 01:12:00+00:00,-127.724449
2016-11-18 01:13:00+00:00,-114.005302
2016-11-18 01:14:00+00:00,-110.079254
2016-11-18 01:15:00+00:00,-125.499321
2016-11-18 01:16:00+00:00,-135.242004
2016-11-18 01:17:00+00:00,-124.965607
2016-11-18 01:18:00+00:00,-137.222839
2016-11-18 01:19:00+00:00,-135.130814
2016-11-18 01:20:00+00:00,-123.967163
2016-11-18 01:21:00+00:00,-98.235107
2016-11-18 01:22:00+00:00,-108.701775
2016-11-18 01:23:00+00:00,-114.970284
2016-11-18 01:24:00+00:00,-116.404266
2016-11-18 01:25:00+00:00,-95.264435
2016-11-18 01:26:00+00:00,-99.278816
2016-11-18 01:27:00+00:00,-112.011887
2016-11-18 01:28:00+00:00,-116.614082
2016-11-18 01:29:00+00:00,-99.037468
2016-11-18 01:30:00+00:00,-99.83699
2016-11-18 01:31:00+00:00,-99.523148
2016-11-18 01:32:00+00:00,-116.719215
2016-11-18 01:33:00+00:00,-128.172302
2016-11-18 01:34:00+00:00,-132.100189
2016-11-18 01:35:00+00:00,-139.91774
2016-11-18 01:36:00+00:00,-101.113594
2016-11-18 01:37:00+00:00,-98.92614
2016-11-18 01:38:00+00:00,-98.038467
2016-11-18 01:39:00+00:00,-106.648819
2016-11-18 01:40:00+00:00,-105.558479
2016-11-18 01:41:00+00:00,-81.127869
2016-11-18 01:42:00+00:00,-78.918221
2016-11-18 01:43:00+00:00,-78.021141
2016-11-18 01:44:00+00:00,-76.12558
2016-11-18 01:45:00+00:00,-77.701492
2016-11-18 01:46:00+00:00,-78.775398
2016-11-18 01:47:00+00:00,-65.425674
2016-11-18 01:48:00+00:00,-65.519821
2016-11-18 01:49:00+00:00,-61.616135
2016-11-18 01:50:00+00:00,-59.709709
2016-11-18 01:51:00+00:00,-67.818024
2016-11-18 01:52:00+00:00,-62.90881
2016-11-18 01:53:00+00:00,-67.005455
2016-11-18 01:54:00+00:00,-69.092278
2016-11-18 01:55:00+00:00,-71.184853
2016-11-18 01:56:00+00:00,-71.304611
2016-11-18 01:57:00+00:00,-71.420235
2016-11-18 01:58:00+00:00,-78.534615
2016-11-18 01:59:00+00:00,-75.630096
2016-11-18 02:00:00+00:00,-73.738869
2016-11-18 02:01:00+00:00,-75.820358
2016-11-18 02:02:00+00:00,-76.910141
2016-11-18 02:03:00+00:00,-84.00425
2016-11-18 02:04:00+00:00,-82.112419
2016-11-18 02:05:00+00:00,-78.247353
2016-11-18 02:06:00+00:00,-76.367912
2016-11-18 02:07:00+00:00,-71.47702
2016-11-18 02:08:00+00:00,-72.59613
2016-11-18 02:09:00+00:00,-67.71347
2016-11-18 02:10:00+00:00,-65.830963
2016-11-18 02:11:00+00:00,-64.968102
2016-11-18 02:12:00+00:00,-63.113117
2016-11-18 02:13:00+00:00,-61.239685
2016-11-18 02:14:00+00:00,-115.620186
2016-11-18 02:15:00+00:00,-108.208977
2016-11-18 02:16:00+00:00,-111.444481
2016-11-18 02:17:00+00:00,-117.699112
2016-11-18 02:18:00+00:00,-281.840637
2016-11-18 02:19:00+00:00,-321.840271
2016-11-18 02:20:00+00:00,-108.152115
2016-11-18 02:21:00+00:00,-118.898399
2016-11-18 02:22:00+00:00,-120.100655
2016-11-18 02:23:00+00:00,-133.402527
2016-11-18 02:24:00+00:00,-138.304962
2016-11-18 02:25:00+00:00,-119.561882
2016-11-18 02:26:00+00:00,-123.658623
2016-11-18 02:27:00+00:00,-123.721146
2016-11-18 02:28:00+00:00,-127.606491
2016-11-18 02:29:00+00:00,-131.66333
2016-11-18 02:30:00+00:00,-152.786697
2016-11-18 02:31:00+00:00,-143.399109
2016-11-18 02:32:00+00:00,-115.054001
2016-11-18 02:33:00+00:00,-89.127357
2016-11-18 02:34:00+00:00,-69.361046
2016-11-18 02:35:00+00:00,-63.616089
2016-11-18 02:36:00+00:00,-55.658092
2016-11-18 02:37:00+00:00,-65.110664
2016-11-18 02:38:00+00:00,-77.372925
2016-11-18 02:39:00+00:00,-61.677563
2016-11-18 02:40:00+00:00,-41.076874
2016-11-18 02:41:00+00:00,-36.454582
2016-11-18 02:42:00+00:00,-40.033497
2016-11-18 02:43:00+00:00,-52.259552
2016-11-18 02:44:00+00:00,-49.564106
2016-11-18 02:45:00+00:00,-54.605259
2016-11-18 02:46:00+00:00,-54.304554
2016-11-18 02:47:00+00:00,-59.884594
2016-11-25 00:00:00+00:00,-565.848572
2016-11-25 00:01:00+00:00,-577.929504
2016-11-25 00:02:00+00:00,-566.490479
2016-11-25 00:03:00+00:00,-583.219666
2016-11-25 00:04:00+00:00,-611.667725
2016-11-25 00:05:00+00:00,-628.144104
2016-11-25 00:06:00+00:00,-634.369202
2016-11-25 00:07:00+00:00,-630.608459
2016-11-25 00:08:00+00:00,-603.74469
2016-11-25 00:09:00+00:00,-578.716492
2016-11-25 00:10:00+00:00,-560.564026
2016-11-25 00:11:00+00:00,-532.564636
2016-11-25 00:12:00+00:00,-505.952118
2016-11-25 00:13:00+00:00,-542.386719
2016-11-25 00:14:00+00:00,-576.477173
2016-11-25 00:15:00+00:00,-631.629822
2016-11-25 00:16:00+00:00,-683.375183
2016-11-25 00:17:00+00:00,-739.989441
2016-11-25 00:18:00+00:00,-773.250854
2016-11-25 00:19:00+00:00,-786.391724
2016-11-25 00:20:00+00:00,-790.351746
2016-11-25 00:21:00+00:00,-797.760742
2016-11-25 00:22:00+00:00,-784.239136
2016-11-25 00:23:00+00:00,-807.911865
2016-11-25 00:24:00+00:00,-786.223999
2016-11-25 00:25:00+00:00,-760.304321
2016-11-25 00:26:00+00:00,-745.751282
2016-11-25 00:27:00+00:00,-733.313904
2016-11-25 00:28:00+00:00,-711.506165
2016-11-25 00:29:00+00:00,-718.344421
2016-11-25 00:30:00+00:00,-720.326111
2016-11-25 00:31:00+00:00,-675.83844
2016-11-25 00:32:00+00:00,-602.411499
2016-11-25 00:33:00+00:00,-576.601074
2016-11-25 00:34:00+00:00,-568.097717
2016-11-25 00:35:00+00:00,-562.262573
2016-11-25 00:36:00+00:00,-669.242981
2016-11-25 00:37:00+00:00,-621.099915
2016-11-25 00:38:00+00:00,-585.943054
2016-11-25 00:39:00+00:00,-553.818359
2016-11-25 00:40:00+00:00,-584.515808
2016-11-25 00:41:00+00:00,-629.834717
2016-11-25 00:42:00+00:00,-661.658081
2016-11-25 00:43:00+00:00,-653.283081
2016-11-25 00:44:00+00:00,-664.579407
2016-11-25 00:45:00+00:00,-655.296265
2016-11-25 00:46:00+00:00,-647.445251
2016-11-25 00:47:00+00:00,-621.169861
2016-11-25 00:48:00+00:00,-583.799438
2016-11-25 00:49:00+00:00,-567.482849
2016-11-25 00:50:00+00:00,-583.369141
2016-11-25 00:51:00+00:00,-539.675293
2016-11-25 00:52:00+00:00,-533.666077
2016-11-25 00:53:00+00:00,-529.860413
2016-11-25 00:54:00+00:00,-514.004272
2016-11-25 00:55:00+00:00,-452.849945
2016-11-25 00:56:00+00:00,-450.54892
2016-11-25 00:57:00+00:00,-462.743591
2016-11-25 00:58:00+00:00,-380.09552
2016-11-25 00:59:00+00:00,-379.130554
2016-11-25 01:00:00+00:00,-388.570404
2016-11-25 01:01:00+00:00,-396.386261
2016-11-25 01:02:00+00:00,-409.218475
2016-11-25 01:03:00+00:00,-397.988037
2016-11-25 01:04:00+00:00,-362.790771
2016-11-25 01:05:00+00:00,-341.660217
2016-11-25 01:06:00+00:00,-333.703552
2016-11-25 01:07:00+00:00,-327.641785
2016-11-25 01:08:00+00:00,-296.688843
2016-11-25 01:09:00+00:00,-330.344971
2016-11-25 01:10:00+00:00,-369.826996
2016-11-25 01:11:00+00:00,-379.252045
2016-11-25 01:12:00+00:00,-386.528839
2016-11-25 01:13:00+00:00,-322.393219
2016-11-25 01:14:00+00:00,-272.888031
2016-11-25 01:15:00+00:00,-269.85022
2016-11-25 01:16:00+00:00,-262.56778
2016-11-25 01:17:00+00:00,-272.260559
2016-11-25 01:18:00+00:00,-293.068298
2016-11-25 01:19:00+00:00,-293.275696
2016-11-25 01:20:00+00:00,-302.312073
2016-11-25 01:21:00+00:00,-312.51239
2016-11-25 01:22:00+00:00,-312.095764
2016-11-25 01:23:00+00:00,-303.415558
2016-11-25 01:24:00+00:00,-287.166016
2016-11-25 01:25:00+00:00,-278.710602
2016-11-25 01:26:00+00:00,-281.660614
2016-11-25 01:27:00+00:00,-279.048431
2016-11-25 01:28:00+00:00,-282.933136
2016-11-25 01:29:00+00:00,-288.130127
2016-11-25 01:30:00+00:00,-295.258148
2016-11-25 01:31:00+00:00,-297.623749
2016-11-25 01:32:00+00:00,-301.750366
2016-11-25 01:33:00+00:00,-291.69046
2016-11-25 01:34:00+00:00,-271.406433
2016-11-25 01:35:00+00:00,-251.212372
2016-11-25 01:36:00+00:00,-244.120667
2016-11-25 01:37:00+00:00,-229.28627
2016-11-25 01:38:00+00:00,-214.399612
2016-11-25 01:39:00+00:00,-209.134155
2016-11-25 01:40:00+00:00,-199.234772
2016-11-25 01:41:00+00:00,-185.929214
2016-11-25 01:42:00+00:00,-169.612915
2016-11-25 01:43:00+00:00,-153.529846
2016-11-25 01:44:00+00:00,-147.478973
2016-11-25 01:45:00+00:00,-144.548004
2016-11-25 01:46:00+00:00,-147.224167
2016-11-25 01:47:00+00:00,-146.276917
2016-11-25 01:48:00+00:00,-146.830261
2016-11-25 01:49:00+00:00,-168.538483
2016-11-25 01:50:00+00:00,-175.776031
2016-11-25 01:51:00+00:00,-178.734344
2016-11-25 01:52:00+00:00,-181.864578
2016-11-25 01:53:00+00:00,-187.013245
2016-11-25 01:54:00+00:00,-190.042862
2016-11-25 01:55:00+00:00,-195.450455
2016-11-25 01:56:00+00:00,-196.577728
2016-11-25 01:57:00+00:00,-191.125793
2016-11-25 01:58:00+00:00,-179.132233
2016-11-25 01:59:00+00:00,-160.537231
2016-11-25 02:00:00+00:00,-142.952652
2016-11-25 02:01:00+00:00,-131.310257
2016-11-25 02:02:00+00:00,-126.732346
2016-11-25 02:03:00+00:00,-127.348824
2016-11-25 02:04:00+00:00,-125.686096
2016-11-25 02:05:00+00:00,-125.959381
2016-11-25 02:06:00+00:00,-134.598663
2016-11-25 02:07:00+00:00,-145.88504
2016-11-25 02:08:00+00:00,-151.24234
2016-11-25 02:09:00+00:00,-155.892776
2016-11-25 02:10:00+00:00,-163.185638
2016-11-25 02:11:00+00:00,-171.441559
2016-11-25 02:12:00+00:00,-187.145081
2016-11-25 02:13:00+00:00,-239.746521
2016-11-25 02:14:00+00:00,-246.92157
2016-11-25 02:15:00+00:00,-205.489777
2016-11-25 02:16:00+00:00,-214.321869
2016-11-25 02:17:00+00:00,-237.643234
2016-11-25 02:18:00+00:00,-212.097214
2016-11-25 02:19:00+00:00,-220.17749
2016-11-25 02:20:00+00:00,-330.390076
2016-11-25 02:21:00+00:00,-360.104187
2016-11-25 02:22:00+00:00,-318.705811
2016-11-25 02:23:00+00:00,-366.718353
2016-11-25 02:24:00+00:00,-313.205078
2016-11-25 02:25:00+00:00,-241.720703
2016-11-25 02:26:00+00:00,-253.532166
2016-11-25 02:27:00+00:00,-258.54538
2016-11-25 02:28:00+00:00,-266.454926
2016-11-25 02:29:00+00:00,-252.010895
2016-11-25 02:30:00+00:00,-244.209503
2016-11-25 02:31:00+00:00,-243.344666
2016-11-25 02:32:00+00:00,-255.235474
2016-11-25 02:33:00+00:00,-242.801163
2016-11-25 02:34:00+00:00,-223.242188
2016-11-25 02:35:00+00:00,-224.221054
2016-11-25 02:36:00+00:00,-218.105515
2016-11-25 02:37:00+00:00,-222.584946
2016-11-25 02:38:00+00:00,-245.097275
2016-11-25 02:39:00+00:00,-277.219757
2016-11-25 02:40:00+00:00,-291.428436
2016-11-25 02:41:00+00:00,-281.327759
2016-11-25 02:42:00+00:00,-259.906891
2016-11-25 02:43:00+00:00,-260.128296
2016-11-25 02:44:00+00:00,-255.293381
2016-11-25 02:45:00+00:00,-243.415894
2016-11-25 02:46:00+00:00,-231.605057
2016-11-25 02:47:00+00:00,-210.816788
2016-12-02 00:00:00+00:00,-36.307491
2016-12-02 00:01:00+00:00,-36.38464
2016-12-02 00:02:00+00:00,-36.326725
2016-12-02 00:03:00+00:00,-36.215843
2016-12-02 00:04:00+00:00,-36.184826
2016-12-02 00:05:00+00:00,-36.213173
2016-12-02 00:06:00+00:00,-36.021599
2016-12-02 00:07:00+00:00,-35.922623
2016-12-02 00:08:00+00:00,-35.70433
2016-12-02 00:09:00+00:00,-35.745651
2016-12-02 00:10:00+00:00,-35.750694
2016-12-02 00:11:00+00:00,-35.648182
2016-12-02 00:12:00+00:00,-35.377583
2016-12-02 00:13:00+00:00,-35.100037
2016-12-02 00:14:00+00:00,-35.001106
2016-12-02 00:15:00+00:00,-35.093494
2016-12-02 00:16:00+00:00,-35.288269
2016-12-02 00:17:00+00:00,-35.273098
2016-12-02 00:18:00+00:00,-35.251049
2016-12-02 00:19:00+00:00,-35.49361
2016-12-02 00:20:00+00:00,-35.750797
2016-12-02 00:21:00+00:00,-35.745277
2016-12-02 00:22:00+00:00,-35.563
2016-12-02 00:23:00+00:00,-35.449093
2016-12-02 00:24:00+00:00,-35.075447
2016-12-02 00:25:00+00:00,-34.716484
2016-12-02 00:26:00+00:00,-34.908352
2016-12-02 00:27:00+00:00,-35.046566
2016-12-02 00:28:00+00:00,-35.319622
2016-12-02 00:29:00+00:00,-35.122059
2016-12-02 00:30:00+00:00,-34.68631
2016-12-02 00:31:00+00:00,-34.900856
2016-12-02 00:32:00+00:00,-35.063568
2016-12-02 00:33:00+00:00,-35.126541
2016-12-02 00:34:00+00:00,-35.623001
2016-12-02 00:35:00+00:00,-35.546116
2016-12-02 00:36:00+00:00,-35.619541
2016-12-02 00:37:00+00:00,-35.764187
2016-12-02 00:38:00+00:00,-35.704674
2016-12-02 00:39:00+00:00,-35.876568
2016-12-02 00:40:00+00:00,-36.240818
2016-12-02 00:41:00+00:00,-36.308178
2016-12-02 00:42:00+00:00,-36.588436
2016-12-02 00:43:00+00:00,-36.718315
2016-12-02 00:44:00+00:00,-37.038658
2016-12-02 00:45:00+00:00,-37.251625
2016-12-02 00:46:00+00:00,-37.514351
2016-12-02 00:47:00+00:00,-37.972576
2016-12-02 00:48:00+00:00,-38.120338
2016-12-02 00:49:00+00:00,-38.578754
2016-12-02 00:50:00+00:00,-38.687679
2016-12-02 00:51:00+00:00,-38.705917
2016-12-02 00:52:00+00:00,-38.770195
2016-12-02 00:53:00+00:00,-38.872726
2016-12-02 00:54:00+00:00,-38.783047
2016-12-02 00:55:00+00:00,-38.667191
2016-12-02 00:56:00+00:00,-38.431419
2016-12-02 00:57:00+00:00,-38.108955
2016-12-02 00:58:00+00:00,-37.993752
2016-12-02 00:59:00+00:00,-38.146378
2016-12-02 01:00:00+00:00,-38.407661
2016-12-02 01:01:00+00:00,-38.64661
2016-12-02 01:02:00+00:00,-38.620804
2016-12-02 01:03:00+00:00,-38.419167
2016-12-02 01:04:00+00:00,-38.3386
2016-12-02 01:05:00+00:00,-38.078346
2016-12-02 01:06:00+00:00,-38.049553
2016-12-02 01:07:00+00:00,-38.015923
2016-12-02 01:08:00+00:00,-37.952084
2016-12-02 01:09:00+00:00,-38.010403
2016-12-02 01:10:00+00:00,-38.068829
2016-12-02 01:11:00+00:00,-38.05122
2016-12-02 01:12:00+00:00,-37.979076
2016-12-02 01:13:00+00:00,-37.749882
2016-12-02 01:14:00+00:00,-37.538464
2016-12-02 01:15:00+00:00,-37.237427
2016-12-02 01:16:00+00:00,-37.144764
2016-12-02 01:17:00+00:00,-37.173355
2016-12-02 01:18:00+00:00,-37.290127
2016-12-02 01:19:00+00:00,-37.398422
2016-12-02 01:20:00+00:00,-37.583225
2016-12-02 01:21:00+00:00,-37.434399
2016-12-02 01:22:00+00:00,-37.527168
2016-12-02 01:23:00+00:00,-37.530495
2016-12-02 01:24:00+00:00,-37.309635
2016-12-02 01:25:00+00:00,-37.501331
2016-12-02 01:26:00+00:00,-37.901508
2016-12-02 01:27:00+00:00,-38.05901
2016-12-02 01:28:00+00:00,-38.100815
2016-12-02 01:29:00+00:00,-38.152924
2016-12-02 01:30:00+00:00,-37.952663
2016-12-02 01:31:00+00:00,-37.890007
2016-12-02 01:32:00+00:00,-37.905239
2016-12-02 01:33:00+00:00,-38.010559
2016-12-02 01:34:00+00:00,-37.937435
2016-12-02 01:35:00+00:00,-37.85091
2016-12-02 01:36:00+00:00,-38.087921
2016-12-02 01:37:00+00:00,-38.055702
2016-12-02 01:38:00+00:00,-38.303093
2016-12-02 01:39:00+00:00,-38.234409
2016-12-02 01:40:00+00:00,-38.358456
2016-12-02 01:41:00+00:00,-38.463322
2016-12-02 01:42:00+00:00,-38.591999
2016-12-02 01:43:00+00:00,-38.651726
2016-12-02 01:44:00+00:00,-38.389584
2016-12-02 01:45:00+00:00,-38.367111
2016-12-02 01:46:00+00:00,-38.54604
2016-12-02 01:47:00+00:00,-38.754925
2016-12-02 01:48:00+00:00,-38.771881
2016-12-02 01:49:00+00:00,-38.679924
2016-12-02 01:50:00+00:00,-38.646069
2016-12-02 01:51:00+00:00,-38.563877
2016-12-02 01:52:00+00:00,-38.623795
2016-12-02 01:53:00+00:00,-38.948879
2016-12-02 01:54:00+00:00,-38.837975
2016-12-02 01:55:00+00:00,-38.50008
2016-12-02 01:56:00+00:00,-38.644192
2016-12-02 01:57:00+00:00,-38.604309
2016-12-02 01:58:00+00:00,-38.705639
2016-12-02 01:59:00+00:00,-38.983353
2016-12-02 02:00:00+00:00,-39.083946
2016-12-02 02:01:00+00:00,-39.041855
2016-12-02 02:02:00+00:00,-39.219784
2016-12-02 02:03:00+00:00,-39.226379
2016-12-02 02:04:00+00:00,-39.426868
2016-12-02 02:05:00+00:00,-39.208939
2016-12-02 02:06:00+00:00,-39.098953
2016-12-02 02:07:00+00:00,-38.883038
2016-12-02 02:08:00+00:00,-38.822906
2016-12-02 02:09:00+00:00,-38.971291
2016-12-02 02:10:00+00:00,-38.973682
2016-12-02 02:11:00+00:00,-38.868176
2016-12-02 02:12:00+00:00,-38.679165
2016-12-02 02:13:00+00:00,-38.818764
2016-12-02 02:14:00+00:00,-38.860207
2016-12-02 02:15:00+00:00,-39.122818
2016-12-02 02:16:00+00:00,-38.945217
2016-12-02 02:17:00+00:00,-39.190224
2016-12-02 02:18:00+00:00,-39.149551
2016-12-02 02:19:00+00:00,-39.240181
2016-12-02 02:20:00+00:00,-39.187698
2016-12-02 02:21:00+00:00,-39.185452
2016-12-02 02:22:00+00:00,-39.335003
2016-12-02 02:23:00+00:00,-39.257439
2016-12-02 02:24:00+00:00,-39.55529
2016-12-02 02:25:00+00:00,-39.6348
2016-12-02 02:26:00+00:00,-39.614132
2016-12-02 02:27:00+00:00,-39.610466
2016-12-02 02:28:00+00:00,-39.750744
2016-12-02 02:29:00+00:00,-39.676567
2016-12-02 02:30:00+00:00,-39.822498
2016-12-02 02:31:00+00:00,-39.668354
2016-12-02 02:32:00+00:00,-39.650585
2016-12-02 02:33:00+00:00,-39.601288
2016-12-02 02:34:00+00:00,-39.709881
2016-12-02 02:35:00+00:00,-40.019302
2016-12-02 02:36:00+00:00,-40.2551
2016-12-02 02:37:00+00:00,-40.461189
2016-12-02 02:38:00+00:00,-40.288906
2016-12-02 02:39:00+00:00,-40.497982
2016-12-02 02:40:00+00:00,-40.438969
2016-12-02 02:41:00+00:00,-40.236835
2016-12-02 02:42:00+00:00,-40.302681
2016-12-02 02:43:00+00:00,-40.418701
2016-12-02 02:44:00+00:00,-40.340717
2016-12-02 02:45:00+00:00,-40.352879
2016-12-02 02:46:00+00:00,-40.32877
2016-12-02 02:47:00+00:00,-40.190086
2016-12-09 00:00:00+00:00,-145.90062
2016-12-09 00:01:00+00:00,-145.192261
2016-12-09 00:02:00+00:00,-141.567688
2016-12-09 00:03:00+00:00,-146.625824
2016-12-09 00:04:00+00:00,-153.134186
2016-12-09 00:05:00+00:00,-153.758759
2016-12-09 00:06:00+00:00,-147.735825
2016-12-09 00:07:00+00:00,-148.063385
2016-12-09 00:08:00+00:00,-152.704285
2016-12-09 00:09:00+00:00,-150.899704
2016-12-09 00:10:00+00:00,-151.513855
2016-12-09 00:11:00+00:00,-156.165817
2016-12-09 00:12:00+00:00,-148.657318
2016-12-09 00:13:00+00:00,-146.060608
2016-12-09 00:14:00+00:00,-156.969345
2016-12-09 00:15:00+00:00,-163.651093
2016-12-09 00:16:00+00:00,-169.188995
2016-12-09 00:17:00+00:00,-169.405548
2016-12-09 00:18:00+00:00,-172.606598
2016-12-09 00:19:00+00:00,-204.793579
2016-12-09 00:20:00+00:00,-190.002533
2016-12-09 00:21:00+00:00,-172.335892
2016-12-09 00:22:00+00:00,-224.448517
2016-12-09 00:23:00+00:00,-240.287048
2016-12-09 00:24:00+00:00,-274.240387
2016-12-09 00:25:00+00:00,-301.213684
2016-12-09 00:26:00+00:00,-336.187561
2016-12-09 00:27:00+00:00,-340.162018
2016-12-09 00:28:00+00:00,-364.145844
2016-12-09 00:29:00+00:00,-387.173157
2016-12-09 00:30:00+00:00,-437.106232
2016-12-09 00:31:00+00:00,-510.726044
2016-12-09 00:32:00+00:00,-541.814148
2016-12-09 00:33:00+00:00,-553.199829
2016-12-09 00:34:00+00:00,-520.962769
2016-12-09 00:35:00+00:00,-553.973511
2016-12-09 00:36:00+00:00,-572.658752
2016-12-09 00:37:00+00:00,-562.144592
2016-12-09 00:38:00+00:00,-494.845917
2016-12-09 00:39:00+00:00,-534.554871
2016-12-09 00:40:00+00:00,-548.142517
2016-12-09 00:41:00+00:00,-536.871765
2016-12-09 00:42:00+00:00,-631.269348
2016-12-09 00:43:00+00:00,-798.212158
2016-12-09 00:44:00+00:00,-729.098389
2016-12-09 00:45:00+00:00,-675.946655
2016-12-09 00:46:00+00:00,-619.999573
2016-12-09 00:47:00+00:00,-562.687866
2016-12-09 00:48:00+00:00,-502.86676
2016-12-09 00:49:00+00:00,-541.220947
2016-12-09 00:50:00+00:00,-463.466827
2016-12-09 00:51:00+00:00,-436.895447
2016-12-09 00:52:00+00:00,-409.779877
2016-12-09 00:53:00+00:00,-497.836487
2016-12-09 00:54:00+00:00,-594.966248
2016-12-09 00:55:00+00:00,-585.081787
2016-12-09 00:56:00+00:00,-577.349304
2016-12-09 00:57:00+00:00,-457.773163
2016-12-09 00:58:00+00:00,-410.288727
2016-12-09 00:59:00+00:00,-423.297577
2016-12-09 01:00:00+00:00,-360.981415
2016-12-09 01:01:00+00:00,-324.229736
2016-12-09 01:02:00+00:00,-301.684021
2016-12-09 01:03:00+00:00,-278.24707
2016-12-09 01:04:00+00:00,-332.047302
2016-12-09 01:05:00+00:00,-396.686676
2016-12-09 01:06:00+00:00,-353.426086
2016-12-09 01:07:00+00:00,-372.273346
2016-12-09 01:08:00+00:00,-317.958923
2016-12-09 01:09:00+00:00,-319.829865
2016-12-09 01:10:00+00:00,-301.770752
2016-12-09 01:11:00+00:00,-310.753052
2016-12-09 01:12:00+00:00,-305.146393
2016-12-09 01:13:00+00:00,-333.919098
2016-12-09 01:14:00+00:00,-312.501862
2016-12-09 01:15:00+00:00,-343.593445
2016-12-09 01:16:00+00:00,-378.18631
2016-12-09 01:17:00+00:00,-252.002151
2016-12-09 01:18:00+00:00,-269.455322
2016-12-09 01:19:00+00:00,-355.608337
2016-12-09 01:20:00+00:00,-311.261566
2016-12-09 01:21:00+00:00,-256.176208
2016-12-09 01:22:00+00:00,-265.466125
2016-12-09 01:23:00+00:00,-220.77388
2016-12-09 01:24:00+00:00,-200.743576
2016-12-09 01:25:00+00:00,-278.248779
2016-12-09 01:26:00+00:00,-260.695282
2016-12-09 01:27:00+00:00,-212.291
2016-12-09 01:28:00+00:00,-237.498169
2016-12-09 01:29:00+00:00,-219.775955
2016-12-09 01:30:00+00:00,-219.072693
2016-12-09 01:31:00+00:00,-280.239166
2016-12-09 01:32:00+00:00,-212.037338
2016-12-09 01:33:00+00:00,-197.798431
2016-12-09 01:34:00+00:00,-176.62854
2016-12-09 01:35:00+00:00,-159.301071
2016-12-09 01:36:00+00:00,-151.604126
2016-12-09 01:37:00+00:00,-147.800385
2016-12-09 01:38:00+00:00,-136.89473
2016-12-09 01:39:00+00:00,-126.271912
2016-12-09 01:40:00+00:00,-117.525696
2016-12-09 01:41:00+00:00,-116.351364
2016-12-09 01:42:00+00:00,-114.142487
2016-12-09 01:43:00+00:00,-103.945923
2016-12-09 01:44:00+00:00,-83.706001
2016-12-09 01:45:00+00:00,-73.505264
2016-12-09 01:46:00+00:00,-74.711456
2016-12-09 01:47:00+00:00,-108.347694
2016-12-09 01:48:00+00:00,-120.843521
2016-12-09 01:49:00+00:00,-134.151337
2016-12-09 01:50:00+00:00,-140.552322
2016-12-09 01:51:00+00:00,-136.092773
2016-12-09 01:52:00+00:00,-168.14621
2016-12-09 01:53:00+00:00,-187.219711
2016-12-09 01:54:00+00:00,-189.278122
2016-12-09 01:55:00+00:00,-128.370255
2016-12-09 01:56:00+00:00,-81.313354
2016-12-09 01:57:00+00:00,-66.005898
2016-12-09 01:58:00+00:00,-32.544079
2016-12-09 01:59:00+00:00,-29.693075
2016-12-09 02:00:00+00:00,-27.582607
2016-12-09 02:01:00+00:00,-60.280514
2016-12-09 02:02:00+00:00,-94.874451
2016-12-09 02:03:00+00:00,-99.96843
2016-12-09 02:04:00+00:00,-97.648376
2016-12-09 02:05:00+00:00,-98.668205
2016-12-09 02:06:00+00:00,-100.414604
2016-12-09 02:07:00+00:00,-84.475464
2016-12-09 02:08:00+00:00,-68.87616
2016-12-09 02:09:00+00:00,-47.265125
2016-12-09 02:10:00+00:00,-33.8349
2016-12-09 02:11:00+00:00,-40.039021
2016-12-09 02:12:00+00:00,-43.383625
2016-12-09 02:13:00+00:00,-37.318649
2016-12-09 02:14:00+00:00,-49.301968
2016-12-09 02:15:00+00:00,-54.679733
2016-12-09 02:16:00+00:00,-41.258446
2016-12-09 02:17:00+00:00,-31.877237
2016-12-09 02:18:00+00:00,-29.517128
2016-12-09 02:19:00+00:00,-36.916851
2016-12-09 02:20:00+00:00,-58.083256
2016-12-09 02:21:00+00:00,-59.802685
2016-12-09 02:22:00+00:00,-64.639893
2016-12-09 02:23:00+00:00,-57.398129
2016-12-09 02:24:00+00:00,-89.151527
2016-12-09 02:25:00+00:00,-53.39941
2016-12-09 02:26:00+00:00,-42.921398
2016-12-09 02:27:00+00:00,-30.317122
2016-12-09 02:28:00+00:00,-35.733212
2016-12-09 02:29:00+00:00,-26.621323
2016-12-09 02:30:00+00:00,-34.602112
2016-12-09 02:31:00+00:00,-38.608379
2016-12-09 02:32:00+00:00,-36.531364
2016-12-09 02:33:00+00:00,-36.080757
2016-12-09 02:34:00+00:00,-36.781212
2016-12-09 02:35:00+00:00,-55.644825
2016-12-09 02:36:00+00:00,-26.678883
2016-12-09 02:37:00+00:00,-33.608536
2016-12-09 02:38:00+00:00,-95.544884
2016-12-09 02:39:00+00:00,-27.057663
2016-12-09 02:40:00+00:00,-33.86747
2016-12-09 02:41:00+00:00,-47.071106
2016-12-09 02:42:00+00:00,-46.253136
2016-12-09 02:43:00+00:00,-31.214127
2016-12-09 02:44:00+00:00,-30.842257
2016-12-09 02:45:00+00:00,-31.869707
2016-12-09 02:46:00+00:00,-35.110741
2016-12-09 02:47:00+00:00,-29.100456
2016-12-16 00:00:00+00:00,-33.815521
2016-12-16 00:01:00+00:00,-28.801092
2016-12-16 00:02:00+00:00,-28.61079
2016-12-16 00:03:00+00:00,-28.106363
2016-12-16 00:04:00+00:00,-28.295628
2016-12-16 00:05:00+00:00,-29.108269
2016-12-16 00:06:00+00:00,-28.586285
2016-12-16 00:07:00+00:00,-28.178894
2016-12-16 00:08:00+00:00,-27.835318
2016-12-16 00:09:00+00:00,-27.606339
2016-12-16 00:10:00+00:00,-27.055435
2016-12-16 00:11:00+00:00,-27.254875
2016-12-16 00:12:00+00:00,-27.235909
2016-12-16 00:13:00+00:00,-27.002445
2016-12-16 00:14:00+00:00,-27.241011
2016-12-16 00:15:00+00:00,-27.167427
2016-12-16 00:16:00+00:00,-27.533401
2016-12-16 00:17:00+00:00,-34.142975
2016-12-16 00:18:00+00:00,-46.200165
2016-12-16 00:19:00+00:00,-50.056557
2016-12-16 00:20:00+00:00,-49.289314
2016-12-16 00:21:00+00:00,-45.134785
2016-12-16 00:22:00+00:00,-63.065651
2016-12-16 00:23:00+00:00,-92.730362
2016-12-16 00:24:00+00:00,-60.626011
2016-12-16 00:25:00+00:00,-52.829765
2016-12-16 00:26:00+00:00,-75.921722
2016-12-16 00:27:00+00:00,-76.974167
2016-12-16 00:28:00+00:00,-78.231262
2016-12-16 00:29:00+00:00,-81.122704
2016-12-16 00:30:00+00:00,-69.649506
2016-12-16 00:31:00+00:00,-66.97699
2016-12-16 00:32:00+00:00,-73.199219
2016-12-16 00:33:00+00:00,-67.078651
2016-12-16 00:34:00+00:00,-65.222778
2016-12-16 00:35:00+00:00,-52.359188
2016-12-16 00:36:00+00:00,-36.883438
2016-12-16 00:37:00+00:00,-29.953781
2016-12-16 00:38:00+00:00,-62.165005
2016-12-16 00:39:00+00:00,-86.713448
2016-12-16 00:40:00+00:00,-99.156776
2016-12-16 00:41:00+00:00,-83.487236
2016-12-16 00:42:00+00:00,-83.848434
2016-12-16 00:43:00+00:00,-94.298035
2016-12-16 00:44:00+00:00,-89.471848
2016-12-16 00:45:00+00:00,-78.571075
2016-12-16 00:46:00+00:00,-77.34977
2016-12-16 00:47:00+00:00,-70.781448
2016-12-16 00:48:00+00:00,-68.314507
2016-12-16 00:49:00+00:00,-75.25074
2016-12-16 00:50:00+00:00,-67.360718
2016-12-16 00:51:00+00:00,-57.035118
2016-12-16 00:52:00+00:00,-51.034737
2016-12-16 00:53:00+00:00,-61.492432
2016-12-16 00:54:00+00:00,-64.036194
2016-12-16 00:55:00+00:00,-52.370178
2016-12-16 00:56:00+00:00,-49.137985
2016-12-16 00:57:00+00:00,-54.493973
2016-12-16 00:58:00+00:00,-69.514122
2016-12-16 00:59:00+00:00,-90.31739
2016-12-16 01:00:00+00:00,-107.470055
2016-12-16 01:01:00+00:00,-111.057129
2016-12-16 01:02:00+00:00,-139.997437
2016-12-16 01:03:00+00:00,-133.123077
2016-12-16 01:04:00+00:00,-126.279747
2016-12-16 01:05:00+00:00,-104.269211
2016-12-16 01:06:00+00:00,-98.138351
2016-12-16 01:07:00+00:00,-77.066856
2016-12-16 01:08:00+00:00,-54.909206
2016-12-16 01:09:00+00:00,-44.067463
2016-12-16 01:10:00+00:00,-43.534378
2016-12-16 01:11:00+00:00,-44.787395
2016-12-16 01:12:00+00:00,-47.148849
2016-12-16 01:13:00+00:00,-46.636379
2016-12-16 01:14:00+00:00,-44.028381
2016-12-16 01:15:00+00:00,-38.434296
2016-12-16 01:16:00+00:00,-33.322952
2016-12-16 01:17:00+00:00,-30.248133
2016-12-16 01:18:00+00:00,-28.015215
2016-12-16 01:19:00+00:00,-27.319263
2016-12-16 01:20:00+00:00,-26.352493
2016-12-16 01:21:00+00:00,-24.966494
2016-12-16 01:22:00+00:00,-24.30669
2016-12-16 01:23:00+00:00,-24.458063
2016-12-16 01:24:00+00:00,-24.671219
2016-12-16 01:25:00+00:00,-24.537964
2016-12-16 01:26:00+00:00,-24.330769
2016-12-16 01:27:00+00:00,-24.218586
2016-12-16 01:28:00+00:00,-23.932871
2016-12-16 01:29:00+00:00,-23.730469
2016-12-16 01:30:00+00:00,-23.805727
2016-12-16 01:31:00+00:00,-23.994959
2016-12-16 01:32:00+00:00,-23.552975
2016-12-16 01:33:00+00:00,-23.24198
2016-12-16 01:34:00+00:00,-22.422337
2016-12-16 01:35:00+00:00,-22.139957
2016-12-16 01:36:00+00:00,-21.846029
2016-12-16 01:37:00+00:00,-21.620638
2016-12-16 01:38:00+00:00,-21.773371
2016-12-16 01:39:00+00:00,-22.115763
2016-12-16 01:40:00+00:00,-21.779661
2016-12-16 01:41:00+00:00,-20.954533
2016-12-16 01:42:00+00:00,-20.698009
2016-12-16 01:43:00+00:00,-20.343107
2016-12-16 01:44:00+00:00,-25.410059
2016-12-16 01:45:00+00:00,-28.497911
2016-12-16 01:46:00+00:00,-26.58885
2016-12-16 01:47:00+00:00,-25.663563
2016-12-16 01:48:00+00:00,-23.740356
2016-12-16 01:49:00+00:00,-22.828911
2016-12-16 01:50:00+00:00,-22.52894
2016-12-16 01:51:00+00:00,-24.997976
2016-12-16 01:52:00+00:00,-21.929073
2016-12-16 01:53:00+00:00,-26.156399
2016-12-16 01:54:00+00:00,-22.239948
2016-12-16 01:55:00+00:00,-22.324972
2016-12-16 01:56:00+00:00,-25.409431
2016-12-16 01:57:00+00:00,-24.483473
2016-12-16 01:58:00+00:00,-25.558729
2016-12-16 01:59:00+00:00,-24.655317
2016-12-16 02:00:00+00:00,-24.790159
2016-12-16 02:01:00+00:00,-24.752663
2016-12-16 02:02:00+00:00,-24.249771
2016-12-16 02:03:00+00:00,-24.050053
2016-12-16 02:04:00+00:00,-24.030447
2016-12-16 02:05:00+00:00,-23.758329
2016-12-16 02:06:00+00:00,-23.792282
2016-12-16 02:07:00+00:00,-23.876438
2016-12-16 02:08:00+00:00,-24.203171
2016-12-16 02:09:00+00:00,-24.350592
2016-12-16 02:10:00+00:00,-24.622406
2016-12-16 02:11:00+00:00,-24.349655
2016-12-16 02:12:00+00:00,-23.751083
2016-12-16 02:13:00+00:00,-27.009636
2016-12-16 02:14:00+00:00,-35.952618
2016-12-16 02:15:00+00:00,-45.032711
2016-12-16 02:16:00+00:00,-47.389595
2016-12-16 02:17:00+00:00,-43.23122
2016-12-16 02:18:00+00:00,-37.757782
2016-12-16 02:19:00+00:00,-32.815952
2016-12-16 02:20:00+00:00,-31.941854
2016-12-16 02:21:00+00:00,-35.423565
2016-12-16 02:22:00+00:00,-50.531586
2016-12-16 02:23:00+00:00,-54.077427
2016-12-16 02:24:00+00:00,-47.075729
2016-12-16 02:25:00+00:00,-44.017696
2016-12-16 02:26:00+00:00,-33.961449
2016-12-16 02:27:00+00:00,-34.207188
2016-12-16 02:28:00+00:00,-41.754501
2016-12-16 02:29:00+00:00,-40.934895
2016-12-16 02:30:00+00:00,-44.405582
2016-12-16 02:31:00+00:00,-45.289021
2016-12-16 02:32:00+00:00,-43.056343
2016-12-16 02:33:00+00:00,-36.096508
2016-12-16 02:34:00+00:00,-33.000332
2016-12-16 02:35:00+00:00,-35.986557
2016-12-16 02:36:00+00:00,-43.745613
2016-12-16 02:37:00+00:00,-45.740383
2016-12-16 02:38:00+00:00,-46.828281
2016-12-16 02:39:00+00:00,-50.847195
2016-12-16 02:40:00+00:00,-53.371338
2016-12-16 02:41:00+00:00,-56.634102
2016-12-16 02:42:00+00:00,-62.037827
2016-12-16 02:43:00+00:00,-65.85302
2016-12-16 02:44:00+00:00,-64.406807
2016-12-16 02:45:00+00:00,-60.910141
2016-12-16 02:46:00+00:00,-65.588242
2016-12-16 02:47:00+00:00,-72.107841
2016-12-23 00:00:00+00:00,-87.481171
2016-12-23 00:01:00+00:00,-86.398048
2016-12-23 00:02:00+00:00,-79.568764
2016-12-23 00:03:00+00:00,-71.285492
2016-12-23 00:04:00+00:00,-66.400932
2016-12-23 00:05:00+00:00,-68.030472
2016-12-23 00:06:00+00:00,-69.562927
2016-12-23 00:07:00+00:00,-69.648857
2016-12-23 00:08:00+00:00,-72.615555
2016-12-23 00:09:00+00:00,-79.793251
2016-12-23 00:10:00+00:00,-82.577606
2016-12-23 00:11:00+00:00,-74.562531
2016-12-23 00:12:00+00:00,-65.451302
2016-12-23 00:13:00+00:00,-61.526299
2016-12-23 00:14:00+00:00,-54.201736
2016-12-23 00:15:00+00:00,-48.007065
2016-12-23 00:16:00+00:00,-46.323608
2016-12-23 00:17:00+00:00,-54.596062
2016-12-23 00:18:00+00:00,-61.638199
2016-12-23 00:19:00+00:00,-69.620392
2016-12-23 00:20:00+00:00,-88.562515
2016-12-23 00:21:00+00:00,-113.530998
2016-12-23 00:22:00+00:00,-148.496521
2016-12-23 00:23:00+00:00,-186.464966
2016-12-23 00:24:00+00:00,-247.433395
2016-12-23 00:25:00+00:00,-262.404724
2016-12-23 00:26:00+00:00,-292.378967
2016-12-23 00:27:00+00:00,-281.351257
2016-12-23 00:28:00+00:00,-291.320587
2016-12-23 00:29:00+00:00,-286.297729
2016-12-23 00:30:00+00:00,-283.272858
2016-12-23 00:31:00+00:00,-269.247864
2016-12-23 00:32:00+00:00,-271.226654
2016-12-23 00:33:00+00:00,-287.091705
2016-12-23 00:34:00+00:00,-278.851379
2016-12-23 00:35:00+00:00,-282.171783
2016-12-23 00:36:00+00:00,-309.148773
2016-12-23 00:37:00+00:00,-333.131775
2016-12-23 00:38:00+00:00,-331.115906
2016-12-23 00:39:00+00:00,-407.362885
2016-12-23 00:40:00+00:00,-391.619781
2016-12-23 00:41:00+00:00,-433.499725
2016-12-23 00:42:00+00:00,-355.983185
2016-12-23 00:43:00+00:00,-354.972656
2016-12-23 00:44:00+00:00,-335.06958
2016-12-23 00:45:00+00:00,-296.733795
2016-12-23 00:46:00+00:00,-274.062561
2016-12-23 00:47:00+00:00,-248.904495
2016-12-23 00:48:00+00:00,-219.439819
2016-12-23 00:49:00+00:00,-212.06279
2016-12-23 00:50:00+00:00,-203.458221
2016-12-23 00:51:00+00:00,-190.24527
2016-12-23 00:52:00+00:00,-258.058502
2016-12-23 00:53:00+00:00,-584.898315
2016-12-23 00:54:00+00:00,-479.902252
2016-12-23 00:55:00+00:00,-399.580505
2016-12-23 00:56:00+00:00,-320.995239
2016-12-23 00:57:00+00:00,-331.977631
2016-12-23 00:58:00+00:00,-319.974823
2016-12-23 00:59:00+00:00,-312.986786
2016-12-23 01:00:00+00:00,-307.986115
2016-12-23 01:01:00+00:00,-302.980042
2016-12-23 01:02:00+00:00,-291.007385
2016-12-23 01:03:00+00:00,-277.992767
2016-12-23 01:04:00+00:00,-280.993683
2016-12-23 01:05:00+00:00,-281.997406
2016-12-23 01:06:00+00:00,-272.006836
2016-12-23 01:07:00+00:00,-264.025757
2016-12-23 01:08:00+00:00,-260.023895
2016-12-23 01:09:00+00:00,-240.062653
2016-12-23 01:10:00+00:00,-223.088287
2016-12-23 01:11:00+00:00,-191.132965
2016-12-23 01:12:00+00:00,-159.144867
2016-12-23 01:13:00+00:00,-141.121979
2016-12-23 01:14:00+00:00,-138.134537
2016-12-23 01:15:00+00:00,-130.120972
2016-12-23 01:16:00+00:00,-133.155869
2016-12-23 01:17:00+00:00,-146.200211
2016-12-23 01:18:00+00:00,-152.512024
2016-12-23 01:19:00+00:00,-192.952576
2016-12-23 01:20:00+00:00,-180.209305
2016-12-23 01:21:00+00:00,-180.190979
2016-12-23 01:22:00+00:00,-180.176376
2016-12-23 01:23:00+00:00,-198.145874
2016-12-23 01:24:00+00:00,-195.109207
2016-12-23 01:25:00+00:00,-214.153214
2016-12-23 01:26:00+00:00,-270.523102
2016-12-23 01:27:00+00:00,-258.617096
2016-12-23 01:28:00+00:00,-226.991684
2016-12-23 01:29:00+00:00,-192.432877
2016-12-23 01:30:00+00:00,-183.150238
2016-12-23 01:31:00+00:00,-179.15448
2016-12-23 01:32:00+00:00,-174.157532
2016-12-23 01:33:00+00:00,-159.154877
2016-12-23 01:34:00+00:00,-144.160156
2016-12-23 01:35:00+00:00,-135.164566
2016-12-23 01:36:00+00:00,-125.16217
2016-12-23 01:37:00+00:00,-113.155899
2016-12-23 01:38:00+00:00,-123.162292
2016-12-23 01:39:00+00:00,-131.164719
2016-12-23 01:40:00+00:00,-126.1651
2016-12-23 01:41:00+00:00,-119.167305
2016-12-23 01:42:00+00:00,-116.165428
2016-12-23 01:43:00+00:00,-124.55024
2016-12-23 01:44:00+00:00,-142.326874
2016-12-23 01:45:00+00:00,-210.443283
2016-12-23 01:46:00+00:00,-270.29007
2016-12-23 01:47:00+00:00,-255.603241
2016-12-23 01:48:00+00:00,-234.837692
2016-12-23 01:49:00+00:00,-282.338715
2016-12-23 01:50:00+00:00,-310.622101
2016-12-23 01:51:00+00:00,-245.810837
2016-12-23 01:52:00+00:00,-240.007233
2016-12-23 01:53:00+00:00,-341.273132
2016-12-23 01:54:00+00:00,-395.1203
2016-12-23 01:55:00+00:00,-437.681549
2016-12-23 01:56:00+00:00,-498.510529
2016-12-23 01:57:00+00:00,-596.904114
2016-12-23 01:58:00+00:00,-651.155273
2016-12-23 01:59:00+00:00,-663.973877
2016-12-23 02:00:00+00:00,-505.320953
2016-12-23 02:01:00+00:00,-583.961487
2016-12-23 02:02:00+00:00,-574.551453
2016-12-23 02:03:00+00:00,-488.654877
2016-12-23 02:04:00+00:00,-401.176025
2016-12-23 02:05:00+00:00,-336.383362
2016-12-23 02:06:00+00:00,-335.98407
2016-12-23 02:07:00+00:00,-251.437119
2016-12-23 02:08:00+00:00,-290.29892
2016-12-23 02:09:00+00:00,-301.428589
2016-12-23 02:10:00+00:00,-276.451111
2016-12-23 02:11:00+00:00,-390.035522
2016-12-23 02:12:00+00:00,-362.343109
2016-12-23 02:13:00+00:00,-416.151917
2016-12-23 02:14:00+00:00,-408.942902
2016-12-23 02:15:00+00:00,-320.240509
2016-12-23 02:16:00+00:00,-278.770386
2016-12-23 02:17:00+00:00,-290.327332
2016-12-23 02:18:00+00:00,-306.982727
2016-12-23 02:19:00+00:00,-245.884232
2016-12-23 02:20:00+00:00,-223.868317
2016-12-23 02:21:00+00:00,-209.853256
2016-12-23 02:22:00+00:00,-210.989471
2016-12-23 02:23:00+00:00,-219.450256
2016-12-23 02:24:00+00:00,-215.85083
2016-12-23 02:25:00+00:00,-216.165878
2016-12-23 02:26:00+00:00,-216.448166
2016-12-23 02:27:00+00:00,-232.713379
2016-12-23 02:28:00+00:00,-243.810196
2016-12-23 02:29:00+00:00,-230.612671
2016-12-23 02:30:00+00:00,-223.421661
2016-12-23 02:31:00+00:00,-247.109222
2016-12-23 02:32:00+00:00,-265.605316
2016-12-23 02:33:00+00:00,-274.961884
2016-12-23 02:34:00+00:00,-255.56662
2016-12-23 02:35:00+00:00,-254.615845
2016-12-23 02:36:00+00:00,-257.704285
2016-12-23 02:37:00+00:00,-232.254807
2016-12-23 02:38:00+00:00,-214.226395
2016-12-23 02:39:00+00:00,-214.8134
2016-12-23 02:40:00+00:00,-219.050003
2016-12-23 02:41:00+00:00,-242.782898
2016-12-23 02:42:00+00:00,-265.143951
2016-12-23 02:43:00+00:00,-259.2005
2016-12-23 02:44:00+00:00,-264.502411
2016-12-23 02:45:00+00:00,-269.890503
2016-12-23 02:46:00+00:00,-258.593567
2016-12-23 02:47:00+00:00,-260.815216
2016-12-30 00:00:00+00:00,-27.560352
2016-12-30 00:01:00+00:00,-14.102322
2016-12-30 00:02:00+00:00,-10.769724
2016-12-30 00:03:00+00:00,-10.070621
2016-12-30 00:04:00+00:00,-16.351212
2016-12-30 00:05:00+00:00,-21.351921
2016-12-30 00:06:00+00:00,-24.510559
2016-12-30 00:07:00+00:00,-22.396738
2016-12-30 00:08:00+00:00,-18.387112
2016-12-30 00:09:00+00:00,-17.447773
2016-12-30 00:10:00+00:00,-15.850887
2016-12-30 00:11:00+00:00,-13.055101
2016-12-30 00:12:00+00:00,-13.512052
2016-12-30 00:13:00+00:00,-11.412622
2016-12-30 00:14:00+00:00,-10.385138
2016-12-30 00:15:00+00:00,-9.884376
2016-12-30 00:16:00+00:00,-10.497382
2016-12-30 00:17:00+00:00,-11.890891
2016-12-30 00:18:00+00:00,-12.161802
2016-12-30 00:19:00+00:00,-12.66652
2016-12-30 00:20:00+00:00,-12.66708
2016-12-30 00:21:00+00:00,-12.155323
2016-12-30 00:22:00+00:00,-11.252325
2016-12-30 00:23:00+00:00,-11.074792
2016-12-30 00:24:00+00:00,-10.46785
2016-12-30 00:25:00+00:00,-10.281648
2016-12-30 00:26:00+00:00,-9.932648
2016-12-30 00:27:00+00:00,-9.887629
2016-12-30 00:28:00+00:00,-9.759853
2016-12-30 00:29:00+00:00,-9.781725
2016-12-30 00:30:00+00:00,-9.922391
2016-12-30 00:31:00+00:00,-9.980542
2016-12-30 00:32:00+00:00,-10.034025
2016-12-30 00:33:00+00:00,-10.41295
2016-12-30 00:34:00+00:00,-10.917637
2016-12-30 00:35:00+00:00,-11.374803
2016-12-30 00:36:00+00:00,-11.981722
2016-12-30 00:37:00+00:00,-12.205199
2016-12-30 00:38:00+00:00,-12.158525
2016-12-30 00:39:00+00:00,-12.347566
2016-12-30 00:40:00+00:00,-12.231314
2016-12-30 00:41:00+00:00,-11.70431
2016-12-30 00:42:00+00:00,-11.461876
2016-12-30 00:43:00+00:00,-11.588001
2016-12-30 00:44:00+00:00,-11.207697
2016-12-30 00:45:00+00:00,-10.942064
2016-12-30 00:46:00+00:00,-10.918445
2016-12-30 00:47:00+00:00,-11.517901
2016-12-30 00:48:00+00:00,-12.127448
2016-12-30 00:49:00+00:00,-12.41926
2016-12-30 00:50:00+00:00,-13.078299
2016-12-30 00:51:00+00:00,-13.742411
2016-12-30 00:52:00+00:00,-11.944111
2016-12-30 00:53:00+00:00,-11.178093
2016-12-30 00:54:00+00:00,-11.220238
2016-12-30 00:55:00+00:00,-11.115418
2016-12-30 00:56:00+00:00,-10.918331
2016-12-30 00:57:00+00:00,-10.962968
2016-12-30 00:58:00+00:00,-11.147776
2016-12-30 00:59:00+00:00,-11.337996
2016-12-30 01:00:00+00:00,-10.986762
2016-12-30 01:01:00+00:00,-11.146033
2016-12-30 01:02:00+00:00,-11.602306
2016-12-30 01:03:00+00:00,-11.897235
2016-12-30 01:04:00+00:00,-11.978045
2016-12-30 01:05:00+00:00,-11.856503
2016-12-30 01:06:00+00:00,-12.036906
2016-12-30 01:07:00+00:00,-12.194845
2016-12-30 01:08:00+00:00,-12.102963
2016-12-30 01:09:00+00:00,-11.493917
2016-12-30 01:10:00+00:00,-11.328722
2016-12-30 01:11:00+00:00,-11.483326
2016-12-30 01:12:00+00:00,-12.379684
2016-12-30 01:13:00+00:00,-13.302278
2016-12-30 01:14:00+00:00,-13.954506
2016-12-30 01:15:00+00:00,-12.637142
2016-12-30 01:16:00+00:00,-12.988465
2016-12-30 01:17:00+00:00,-12.090307
2016-12-30 01:18:00+00:00,-11.541647
2016-12-30 01:19:00+00:00,-11.363129
2016-12-30 01:20:00+00:00,-11.292606
2016-12-30 01:21:00+00:00,-11.446231
2016-12-30 01:22:00+00:00,-11.527131
2016-12-30 01:23:00+00:00,-11.381016
2016-12-30 01:24:00+00:00,-11.398514
2016-12-30 01:25:00+00:00,-11.556193
2016-12-30 01:26:00+00:00,-14.164362
2016-12-30 01:27:00+00:00,-17.774031
2016-12-30 01:28:00+00:00,-14.356811
2016-12-30 01:29:00+00:00,-17.451094
2016-12-30 01:30:00+00:00,-21.275482
2016-12-30 01:31:00+00:00,-24.778875
2016-12-30 01:32:00+00:00,-21.356804
2016-12-30 01:33:00+00:00,-18.99148
2016-12-30 01:34:00+00:00,-19.861729
2016-12-30 01:35:00+00:00,-21.423353
2016-12-30 01:36:00+00:00,-24.674973
2016-12-30 01:37:00+00:00,-26.589748
2016-12-30 01:38:00+00:00,-26.564482
2016-12-30 01:39:00+00:00,-25.613558
2016-12-30 01:40:00+00:00,-24.585903
2016-12-30 01:41:00+00:00,-23.861916
2016-12-30 01:42:00+00:00,-24.030346
2016-12-30 01:43:00+00:00,-24.691664
2016-12-30 01:44:00+00:00,-25.925827
2016-12-30 01:45:00+00:00,-26.154596
2016-12-30 01:46:00+00:00,-25.313387
2016-12-30 01:47:00+00:00,-24.443134
2016-12-30 01:48:00+00:00,-22.723379
2016-12-30 01:49:00+00:00,-20.21455
2016-12-30 01:50:00+00:00,-19.994656
2016-12-30 01:51:00+00:00,-20.757914
2016-12-30 01:52:00+00:00,-20.604794
2016-12-30 01:53:00+00:00,-22.55471
2016-12-30 01:54:00+00:00,-24.754028
2016-12-30 01:55:00+00:00,-24.354979
2016-12-30 01:56:00+00:00,-24.786274
2016-12-30 01:57:00+00:00,-27.219887
2016-12-30 01:58:00+00:00,-29.66547
2016-12-30 01:59:00+00:00,-32.135651
2016-12-30 02:00:00+00:00,-32.793446
2016-12-30 02:01:00+00:00,-33.274635
2016-12-30 02:02:00+00:00,-37.765106
2016-12-30 02:03:00+00:00,-44.007107
2016-12-30 02:04:00+00:00,-46.020069
2016-12-30 02:05:00+00:00,-45.696472
2016-12-30 02:06:00+00:00,-48.157318
2016-12-30 02:07:00+00:00,-49.938637
2016-12-30 02:08:00+00:00,-49.282524
2016-12-30 02:09:00+00:00,-45.924232
2016-12-30 02:10:00+00:00,-39.416397
2016-12-30 02:11:00+00:00,-38.057758
2016-12-30 02:12:00+00:00,-39.279854
2016-12-30 02:13:00+00:00,-42.984928
2016-12-30 02:14:00+00:00,-44.624062
2016-12-30 02:15:00+00:00,-45.089733
2016-12-30 02:16:00+00:00,-43.153404
2016-12-30 02:17:00+00:00,-39.61953
2016-12-30 02:18:00+00:00,-36.560333
2016-12-30 02:19:00+00:00,-37.027481
2016-12-30 02:20:00+00:00,-40.428097
2016-12-30 02:21:00+00:00,-43.72596
2016-12-30 02:22:00+00:00,-43.806709
2016-12-30 02:23:00+00:00,-39.855793
2016-12-30 02:24:00+00:00,-37.043045
2016-12-30 02:25:00+00:00,-40.506058
2016-12-30 02:26:00+00:00,-47.657822
2016-12-30 02:27:00+00:00,-53.167183
2016-12-30 02:28:00+00:00,-51.929558
2016-12-30 02:29:00+00:00,-51.006371
2016-12-30 02:30:00+00:00,-53.232487
2016-12-30 02:31:00+00:00,-55.184353
2016-12-30 02:32:00+00:00,-56.351582
2016-12-30 02:33:00+00:00,-56.812885
2016-12-30 02:34:00+00:00,-55.37291
2016-12-30 02:35:00+00:00,-52.615589
2016-12-30 02:36:00+00:00,-51.100456
2016-12-30 02:37:00+00:00,-53.748367
2016-12-30 02:38:00+00:00,-58.438187
2016-12-30 02:39:00+00:00,-62.392521
2016-12-30 02:40:00+00:00,-62.405277
2016-12-30 02:41:00+00:00,-59.1395
2016-12-30 02:42:00+00:00,-54.226978
2016-12-30 02:43:00+00:00,-54.042671
2016-12-30 02:44:00+00:00,-53.415634
2016-12-30 02:45:00+00:00,-52.932743
2016-12-30 02:46:00+00:00,-51.672585
2016-12-30 02:47:00+00:00,-51.090122
