time,SML
2011-01-01 00:00:00+00:00,-24.354668
2011-01-01 00:01:00+00:00,-24.197765
2011-01-01 00:02:00+00:00,-24.278097
2011-01-01 00:03:00+00:00,-24.339848
2011-01-01 00:04:00+00:00,-24.509996
2011-01-01 00:05:00+00:00,-24.33935
2011-01-01 00:06:00+00:00,-24.286919
2011-01-01 00:07:00+00:00,-24.424999
2011-01-01 00:08:00+00:00,-24.327835
2011-01-01 00:09:00+00:00,-23.940762
2011-01-01 00:10:00+00:00,-24.207167
2011-01-01 00:11:00+00:00,-24.414186
2011-01-01 00:12:00+00:00,-24.237631
2011-01-01 00:13:00+00:00,-24.111118
2011-01-01 00:14:00+00:00,-24.171396
2011-01-01 00:15:00+00:00,-24.514193
2011-01-01 00:16:00+00:00,-24.477417
2011-01-01 00:17:00+00:00,-24.904861
2011-01-01 00:18:00+00:00,-24.976233
2011-01-01 00:19:00+00:00,-24.695465
2011-01-01 00:20:00+00:00,-24.863363
2011-01-01 00:21:00+00:00,-25.089333
2011-01-01 00:22:00+00:00,-25.103867
2011-01-01 00:23:00+00:00,-25.014399
2011-01-01 00:24:00+00:00,-25.063173
2011-01-01 00:25:00+00:00,-25.060749
2011-01-01 00:26:00+00:00,-24.977854
2011-01-01 00:27:00+00:00,-24.986393
2011-01-01 00:28:00+00:00,-24.844202
2011-01-01 00:29:00+00:00,-25.25053
2011-01-01 00:30:00+00:00,-25.627275
2011-01-01 00:31:00+00:00,-25.77302
2011-01-01 00:32:00+00:00,-25.794991
2011-01-01 00:33:00+00:00,-25.693193
2011-01-01 00:34:00+00:00,-25.768436
2011-01-01 00:35:00+00:00,-25.805899
2011-01-01 00:36:00+00:00,-25.952087
2011-01-01 00:37:00+00:00,-25.949219
2011-01-01 00:38:00+00:00,-26.002365
2011-01-01 00:39:00+00:00,-29.065708
2011-01-01 00:40:00+00:00,-34.754196
2011-01-01 00:41:00+00:00,-41.789566
2011-01-01 00:42:00+00:00,-54.857433
2011-01-01 00:43:00+00:00,-63.18734
2011-01-01 00:44:00+00:00,-60.919964
2011-01-01 00:45:00+00:00,-86.782906
2011-01-01 00:46:00+00:00,-82.93129
2011-01-01 00:47:00+00:00,-39.176117
2011-01-01 00:48:00+00:00,-34.166794
2011-01-01 00:49:00+00:00,-34.303234
2011-01-01 00:50:00+00:00,-34.700405
2011-01-01 00:51:00+00:00,-35.163025
2011-01-01 00:52:00+00:00,-35.138386
2011-01-01 00:53:00+00:00,-34.324772
2011-01-01 00:54:00+00:00,-34.226093
2011-01-01 00:55:00+00:00,-34.163681
2011-01-01 00:56:00+00:00,-32.056511
2011-01-01 00:57:00+00:00,-32.462231
2011-01-01 00:58:00+00:00,-33.37598
2011-01-01 00:59:00+00:00,-34.330017
2011-01-01 01:00:00+00:00,-34.859531
2011-01-01 01:01:00+00:00,-42.081409
2011-01-01 01:02:00+00:00,-44.665234
2011-01-01 01:03:00+00:00,-42.504616
2011-01-01 01:04:00+00:00,-48.084946
2011-01-01 01:05:00+00:00,-50.690445
2011-01-01 01:06:00+00:00,-49.726276
2011-01-01 01:07:00+00:00,-45.604065
2011-01-01 01:08:00+00:00,-38.519699
2011-01-01 01:09:00+00:00,-45.439453
2011-01-01 01:10:00+00:00,-47.059624
2011-01-01 01:11:00+00:00,-44.684464
2011-01-01 01:12:00+00:00,-42.073837
2011-01-01 01:13:00+00:00,-42.518856
2011-01-01 01:14:00+00:00,-50.358482
2011-01-01 01:15:00+00:00,-57.180714
2011-01-01 01:16:00+00:00,-56.827232
2011-01-01 01:17:00+00:00,-56.4841
2011-01-01 01:18:00+00:00,-61.756676
2011-01-01 01:19:00+00:00,-60.105022
2011-01-01 01:20:00+00:00,-53.041931
2011-01-01 01:21:00+00:00,-46.462917
2011-01-01 01:22:00+00:00,-42.263138
2011-01-01 01:23:00+00:00,-42.487701
2011-01-01 01:24:00+00:00,-44.120987
2011-01-01 01:25:00+00:00,-47.713833
2011-01-01 01:26:00+00:00,-49.542648
2011-01-01 01:27:00+00:00,-48.366257
2011-01-01 01:28:00+00:00,-46.227676
2011-01-01 01:29:00+00:00,-45.393539
2011-01-01 01:30:00+00:00,-47.803341
2011-01-01 01:31:00+00:00,-48.98716
2011-01-01 01:32:00+00:00,-47.092144
2011-01-01 01:33:00+00:00,-42.131039
2011-01-01 01:34:00+00:00,-117.939774
2011-01-01 01:35:00+00:00,-154.959625
2011-01-01 01:36:00+00:00,-179.811966
2011-01-01 01:37:00+00:00,-178.455109
2011-01-01 01:38:00+00:00,-184.674896
2011-01-01 01:39:00+00:00,-174.581924
2011-01-01 01:40:00+00:00,-137.094009
2011-01-01 01:41:00+00:00,-155.45047
2011-01-01 01:42:00+00:00,-195.105698
2011-01-01 01:43:00+00:00,-270.046082
2011-01-01 01:44:00+00:00,-261.759888
2011-01-01 01:45:00+00:00,-243.226578
2011-01-01 01:46:00+00:00,-187.165817
2011-01-01 01:47:00+00:00,-167.981094
2011-01-01 01:48:00+00:00,-161.454163
2011-01-01 01:49:00+00:00,-125.414566
2011-01-01 01:50:00+00:00,-133.507156
2011-01-01 01:51:00+00:00,-138.760284
2011-01-01 01:52:00+00:00,-130.180847
2011-01-01 01:53:00+00:00,-129.808792
2011-01-01 01:54:00+00:00,-130.323181
2011-01-01 01:55:00+00:00,-128.244446
2011-01-01 01:56:00+00:00,-122.505234
2011-01-01 01:57:00+00:00,-118.124191
2011-01-01 01:58:00+00:00,-120.133972
2011-01-01 01:59:00+00:00,-110.232689
2011-01-01 02:00:00+00:00,-108.070984
2011-01-01 02:01:00+00:00,-104.391357
2011-01-01 02:02:00+00:00,-102.32666
2011-01-01 02:03:00+00:00,-95.620895
2011-01-01 02:04:00+00:00,-90.791611
2011-01-01 02:05:00+00:00,-86.541924
2011-01-01 02:06:00+00:00,-80.004623
2011-01-01 02:07:00+00:00,-82.709961
2011-01-01 02:08:00+00:00,-91.930283
2011-01-01 02:09:00+00:00,-94.963631
2011-01-01 02:10:00+00:00,-85.748352
2011-01-01 02:11:00+00:00,-76.935791
2011-01-01 02:12:00+00:00,-74.294495
2011-01-01 02:13:00+00:00,-73.574448
2011-01-01 02:14:00+00:00,-68.840065
2011-01-01 02:15:00+00:00,-71.392128
2011-01-01 02:16:00+00:00,-68.851624
2011-01-01 02:17:00+00:00,-63.766548
2011-01-01 02:18:00+00:00,-62.84481
2011-01-01 02:19:00+00:00,-65.946747
2011-01-01 02:20:00+00:00,-65.778381
2011-01-01 02:21:00+00:00,-63.666855
2011-01-01 02:22:00+00:00,-54.935387
2011-01-01 02:23:00+00:00,-52.598541
2011-01-01 02:24:00+00:00,-49.584171
2011-01-01 02:25:00+00:00,-38.803322
2011-01-01 02:26:00+00:00,-33.88908
2011-01-01 02:27:00+00:00,-33.344803
2011-01-01 02:28:00+00:00,-32.088196
2011-01-01 02:29:00+00:00,-32.559662
2011-01-01 02:30:00+00:00,-32.778183
2011-01-01 02:31:00+00:00,-31.685354
2011-01-01 02:32:00+00:00,-30.480057
2011-01-01 02:33:00+00:00,-29.637882
2011-01-01 02:34:00+00:00,-28.33951
2011-01-01 02:35:00+00:00,-27.652344
2011-01-01 02:36:00+00:00,-28.300037
2011-01-01 02:37:00+00:00,-28.200573
2011-01-01 02:38:00+00:00,-27.142069
2011-01-01 02:39:00+00:00,-26.65089
2011-01-01 02:40:00+00:00,-25.605968
2011-01-01 02:41:00+00:00,-27.441977
2011-01-01 02:42:00+00:00,-27.855995
2011-01-01 02:43:00+00:00,-25.602665
2011-01-01 02:44:00+00:00,-23.427113
2011-01-01 02:45:00+00:00,-23.116997
2011-01-01 02:46:00+00:00,-23.17643
2011-01-01 02:47:00+00:00,-23.074024
2011-01-08 00:00:00+00:00,-124.96492
2011-01-08 00:01:00+00:00,-120.523827
2011-01-08 00:02:00+00:00,-115.414909
2011-01-08 00:03:00+00:00,-109.431
2011-01-08 00:04:00+00:00,-102.149078
2011-01-08 00:05:00+00:00,-93.697914
2011-01-08 00:06:00+00:00,-85.908653
2011-01-08 00:07:00+00:00,-76.369713
2011-01-08 00:08:00+00:00,-74.83374
2011-01-08 00:09:00+00:00,-74.735611
2011-01-08 00:10:00+00:00,-80.162743
2011-01-08 00:11:00+00:00,-96.432861
2011-01-08 00:12:00+00:00,-96.679123
2011-01-08 00:13:00+00:00,-92.920425
2011-01-08 00:14:00+00:00,-99.180008
2011-01-08 00:15:00+00:00,-114.438232
2011-01-08 00:16:00+00:00,-116.706642
2011-01-08 00:17:00+00:00,-115.962601
2011-01-08 00:18:00+00:00,-112.210831
2011-01-08 00:19:00+00:00,-104.445808
2011-01-08 00:20:00+00:00,-109.677139
2011-01-08 00:21:00+00:00,-114.934875
2011-01-08 00:22:00+00:00,-117.180878
2011-01-08 00:23:00+00:00,-112.398811
2011-01-08 00:24:00+00:00,-120.673485
2011-01-08 00:25:00+00:00,-109.919296
2011-01-08 00:26:00+00:00,-94.126793
2011-01-08 00:27:00+00:00,-95.356857
2011-01-08 00:28:00+00:00,-96.631294
2011-01-08 00:29:00+00:00,-97.858566
2011-01-08 00:30:00+00:00,-83.06356
2011-01-08 00:31:00+00:00,-79.283669
2011-01-08 00:32:00+00:00,-93.477753
2011-01-08 00:33:00+00:00,-97.697441
2011-01-08 00:34:00+00:00,-79.883011
2011-01-08 00:35:00+00:00,-75.104164
2011-01-08 00:36:00+00:00,-94.326988
2011-01-08 00:37:00+00:00,-95.555901
2011-01-08 00:38:00+00:00,-90.786293
2011-01-08 00:39:00+00:00,-69.990196
2011-01-08 00:40:00+00:00,-83.185051
2011-01-08 00:41:00+00:00,-108.446411
2011-01-08 00:42:00+00:00,-81.63887
2011-01-08 00:43:00+00:00,-61.797958
2011-01-08 00:44:00+00:00,-82.043533
2011-01-08 00:45:00+00:00,-76.247742
2011-01-08 00:46:00+00:00,-70.454788
2011-01-08 00:47:00+00:00,-78.663544
2011-01-08 00:48:00+00:00,-76.873398
2011-01-08 00:49:00+00:00,-75.079811
2011-01-08 00:50:00+00:00,-77.279724
2011-01-08 00:51:00+00:00,-80.477737
2011-01-08 00:52:00+00:00,-81.657883
2011-01-08 00:53:00+00:00,-95.872131
2011-01-08 00:54:00+00:00,-104.051491
2011-01-08 00:55:00+00:00,-93.007431
2011-01-08 00:56:00+00:00,-95.062973
2011-01-08 00:57:00+00:00,-97.875923
2011-01-08 00:58:00+00:00,-100.486214
2011-01-08 00:59:00+00:00,-101.560028
2011-01-08 01:00:00+00:00,-101.260803
2011-01-08 01:01:00+00:00,-103.099228
2011-01-08 01:02:00+00:00,-104.201973
2011-01-08 01:03:00+00:00,-108.555305
2011-01-08 01:04:00+00:00,-114.111328
2011-01-08 01:05:00+00:00,-115.955933
2011-01-08 01:06:00+00:00,-116.143021
2011-01-08 01:07:00+00:00,-112.60955
2011-01-08 01:08:00+00:00,-108.710213
2011-01-08 01:09:00+00:00,-104.808243
2011-01-08 01:10:00+00:00,-99.574066
2011-01-08 01:11:00+00:00,-96.066147
2011-01-08 01:12:00+00:00,-95.872124
2011-01-08 01:13:00+00:00,-94.51281
2011-01-08 01:14:00+00:00,-98.884254
2011-01-08 01:15:00+00:00,-87.515205
2011-01-08 01:16:00+00:00,-78.073761
2011-01-08 01:17:00+00:00,-68.798294
2011-01-08 01:18:00+00:00,-64.954414
2011-01-08 01:19:00+00:00,-69.780426
2011-01-08 01:20:00+00:00,-65.581604
2011-01-08 01:21:00+00:00,-68.090431
2011-01-08 01:22:00+00:00,-76.686844
2011-01-08 01:23:00+00:00,-96.616325
2011-01-08 01:24:00+00:00,-94.137032
2011-01-08 01:25:00+00:00,-111.794121
2011-01-08 01:26:00+00:00,-89.407036
2011-01-08 01:27:00+00:00,-91.162407
2011-01-08 01:28:00+00:00,-95.75956
2011-01-08 01:29:00+00:00,-110.440063
2011-01-08 01:30:00+00:00,-107.553558
2011-01-08 01:31:00+00:00,-99.673767
2011-01-08 01:32:00+00:00,-90.895226
2011-01-08 01:33:00+00:00,-83.637001
2011-01-08 01:34:00+00:00,-83.332237
2011-01-08 01:35:00+00:00,-83.749336
2011-01-08 01:36:00+00:00,-83.226555
2011-01-08 01:37:00+00:00,-80.403473
2011-01-08 01:38:00+00:00,-69.958435
2011-01-08 01:39:00+00:00,-73.41748
2011-01-08 01:40:00+00:00,-76.299156
2011-01-08 01:41:00+00:00,-60.73135
2011-01-08 01:42:00+00:00,-66.433228
2011-01-08 01:43:00+00:00,-59.688114
2011-01-08 01:44:00+00:00,-68.224274
2011-01-08 01:45:00+00:00,-51.497066
2011-01-08 01:46:00+00:00,-74.71962
2011-01-08 01:47:00+00:00,-77.517876
2011-01-08 01:48:00+00:00,-108.23159
2011-01-08 01:49:00+00:00,-64.134941
2011-01-08 01:50:00+00:00,-46.655621
2011-01-08 01:51:00+00:00,-50.57983
2011-01-08 01:52:00+00:00,-60.876675
2011-01-08 01:53:00+00:00,-73.760925
2011-01-08 01:54:00+00:00,-96.375854
2011-01-08 01:55:00+00:00,-177.276016
2011-01-08 01:56:00+00:00,-195.492706
2011-01-08 01:57:00+00:00,-175.523972
2011-01-08 01:58:00+00:00,-139.872742
2011-01-08 01:59:00+00:00,-139.246811
2011-01-08 02:00:00+00:00,-129.085098
2011-01-08 02:01:00+00:00,-109.533478
2011-01-08 02:02:00+00:00,-155.401215
2011-01-08 02:03:00+00:00,-37.40028
2011-01-08 02:04:00+00:00,-42.879993
2011-01-08 02:05:00+00:00,-47.625996
2011-01-08 02:06:00+00:00,-79.428253
2011-01-08 02:07:00+00:00,-104.472008
2011-01-08 02:08:00+00:00,-182.412125
2011-01-08 02:09:00+00:00,-144.917664
2011-01-08 02:10:00+00:00,-124.890999
2011-01-08 02:11:00+00:00,-225.201385
2011-01-08 02:12:00+00:00,-194.881104
2011-01-08 02:13:00+00:00,-93.351135
2011-01-08 02:14:00+00:00,-41.331924
2011-01-08 02:15:00+00:00,-47.316517
2011-01-08 02:16:00+00:00,-94.369881
2011-01-08 02:17:00+00:00,-44.042908
2011-01-08 02:18:00+00:00,-46.57946
2011-01-08 02:19:00+00:00,-37.522137
2011-01-08 02:20:00+00:00,-25.851551
2011-01-08 02:21:00+00:00,-26.579882
2011-01-08 02:22:00+00:00,-26.493063
2011-01-08 02:23:00+00:00,-38.225189
2011-01-08 02:24:00+00:00,-32.325356
2011-01-08 02:25:00+00:00,-34.330311
2011-01-08 02:26:00+00:00,-37.1493
2011-01-08 02:27:00+00:00,-33.75602
2011-01-08 02:28:00+00:00,-44.517685
2011-01-08 02:29:00+00:00,-53.366909
2011-01-08 02:30:00+00:00,-55.430882
2011-01-08 02:31:00+00:00,-50.147648
2011-01-08 02:32:00+00:00,-49.068611
2011-01-08 02:33:00+00:00,-83.410095
2011-01-08 02:34:00+00:00,-105.076874
2011-01-08 02:35:00+00:00,-107.399101
2011-01-08 02:36:00+00:00,-130.432297
2011-01-08 02:37:00+00:00,-146.709335
2011-01-08 02:38:00+00:00,-184.151016
2011-01-08 02:39:00+00:00,-207.414307
2011-01-08 02:40:00+00:00,-201.742584
2011-01-08 02:41:00+00:00,-169.713013
2011-01-08 02:42:00+00:00,-163.992691
2011-01-08 02:43:00+00:00,-169.134125
2011-01-08 02:44:00+00:00,-172.295105
2011-01-08 02:45:00+00:00,-151.105194
2011-01-08 02:46:00+00:00,-160.849426
2011-01-08 02:47:00+00:00,-226.538712
2011-01-15 00:00:00+00:00,-36.138
2011-01-15 00:01:00+00:00,-34.830051
2011-01-15 00:02:00+00:00,-34.772068
2011-01-15 00:03:00+00:00,-35.839024
2011-01-15 00:04:00+00:00,-36.43811
2011-01-15 00:05:00+00:00,-36.318317
2011-01-15 00:06:00+00:00,-38.116333
2011-01-15 00:07:00+00:00,-37.873142
2011-01-15 00:08:00+00:00,-38.631683
2011-01-15 00:09:00+00:00,-37.511059
2011-01-15 00:10:00+00:00,-37.55714
2011-01-15 00:11:00+00:00,-38.242554
2011-01-15 00:12:00+00:00,-37.617069
2011-01-15 00:13:00+00:00,-38.248035
2011-01-15 00:14:00+00:00,-38.357105
2011-01-15 00:15:00+00:00,-38.681488
2011-01-15 00:16:00+00:00,-38.939049
2011-01-15 00:17:00+00:00,-38.908985
2011-01-15 00:18:00+00:00,-38.66061
2011-01-15 00:19:00+00:00,-38.662636
2011-01-15 00:20:00+00:00,-38.756832
2011-01-15 00:21:00+00:00,-39.005661
2011-01-15 00:22:00+00:00,-39.555576
2011-01-15 00:23:00+00:00,-40.081356
2011-01-15 00:24:00+00:00,-39.63765
2011-01-15 00:25:00+00:00,-40.402164
2011-01-15 00:26:00+00:00,-40.156116
2011-01-15 00:27:00+00:00,-40.713924
2011-01-15 00:28:00+00:00,-41.515015
2011-01-15 00:29:00+00:00,-42.315208
2011-01-15 00:30:00+00:00,-44.470257
2011-01-15 00:31:00+00:00,-44.249947
2011-01-15 00:32:00+00:00,-44.441666
2011-01-15 00:33:00+00:00,-44.173954
2011-01-15 00:34:00+00:00,-43.905769
2011-01-15 00:35:00+00:00,-42.876343
2011-01-15 00:36:00+00:00,-42.573933
2011-01-15 00:37:00+00:00,-42.182114
2011-01-15 00:38:00+00:00,-42.272148
2011-01-15 00:39:00+00:00,-42.363544
2011-01-15 00:40:00+00:00,-42.531475
2011-01-15 00:41:00+00:00,-42.064003
2011-01-15 00:42:00+00:00,-43.04216
2011-01-15 00:43:00+00:00,-49.68425
2011-01-15 00:44:00+00:00,-60.519554
2011-01-15 00:45:00+00:00,-45.720448
2011-01-15 00:46:00+00:00,-44.832443
2011-01-15 00:47:00+00:00,-44.399715
2011-01-15 00:48:00+00:00,-43.608765
2011-01-15 00:49:00+00:00,-43.742767
2011-01-15 00:50:00+00:00,-43.38081
2011-01-15 00:51:00+00:00,-43.99942
2011-01-15 00:52:00+00:00,-43.864208
2011-01-15 00:53:00+00:00,-44.127491
2011-01-15 00:54:00+00:00,-43.967957
2011-01-15 00:55:00+00:00,-44.333824
2011-01-15 00:56:00+00:00,-45.35788
2011-01-15 00:57:00+00:00,-44.823307
2011-01-15 00:58:00+00:00,-44.639263
2011-01-15 00:59:00+00:00,-44.756893
2011-01-15 01:00:00+00:00,-45.022835
2011-01-15 01:01:00+00:00,-45.631641
2011-01-15 01:02:00+00:00,-45.968235
2011-01-15 01:03:00+00:00,-45.935925
2011-01-15 01:04:00+00:00,-45.783714
2011-01-15 01:05:00+00:00,-45.651234
2011-01-15 01:06:00+00:00,-45.622459
2011-01-15 01:07:00+00:00,-45.464943
2011-01-15 01:08:00+00:00,-45.203091
2011-01-15 01:09:00+00:00,-44.976532
2011-01-15 01:10:00+00:00,-44.408295
2011-01-15 01:11:00+00:00,-44.063797
2011-01-15 01:12:00+00:00,-44.109035
2011-01-15 01:13:00+00:00,-44.1563
2011-01-15 01:14:00+00:00,-44.071785
2011-01-15 01:15:00+00:00,-44.405266
2011-01-15 01:16:00+00:00,-44.476086
2011-01-15 01:17:00+00:00,-44.408241
2011-01-15 01:18:00+00:00,-44.133362
2011-01-15 01:19:00+00:00,-44.134819
2011-01-15 01:20:00+00:00,-44.062019
2011-01-15 01:21:00+00:00,-44.426662
2011-01-15 01:22:00+00:00,-42.764866
2011-01-15 01:23:00+00:00,-42.506298
2011-01-15 01:24:00+00:00,-42.151924
2011-01-15 01:25:00+00:00,-42.526917
2011-01-15 01:26:00+00:00,-43.813885
2011-01-15 01:27:00+00:00,-44.417103
2011-01-15 01:28:00+00:00,-44.894173
2011-01-15 01:29:00+00:00,-44.857388
2011-01-15 01:30:00+00:00,-44.757877
2011-01-15 01:31:00+00:00,-44.458923
2011-01-15 01:32:00+00:00,-43.739788
2011-01-15 01:33:00+00:00,-43.831936
2011-01-15 01:34:00+00:00,-44.553753
2011-01-15 01:35:00+00:00,-44.249985
2011-01-15 01:36:00+00:00,-43.505619
2011-01-15 01:37:00+00:00,-41.928097
2011-01-15 01:38:00+00:00,-40.500839
2011-01-15 01:39:00+00:00,-39.626217
2011-01-15 01:40:00+00:00,-40.622608
2011-01-15 01:41:00+00:00,-40.874798
2011-01-15 01:42:00+00:00,-40.629887
2011-01-15 01:43:00+00:00,-41.201366
2011-01-15 01:44:00+00:00,-41.422276
2011-01-15 01:45:00+00:00,-40.480103
2011-01-15 01:46:00+00:00,-39.924732
2011-01-15 01:47:00+00:00,-39.964169
2011-01-15 01:48:00+00:00,-40.211712
2011-01-15 01:49:00+00:00,-40.614651
2011-01-15 01:50:00+00:00,-40.469887
2011-01-15 01:51:00+00:00,-41.404392
2011-01-15 01:52:00+00:00,-42.482647
2011-01-15 01:53:00+00:00,-42.778885
2011-01-15 01:54:00+00:00,-42.887863
2011-01-15 01:55:00+00:00,-42.22464
2011-01-15 01:56:00+00:00,-42.512871
2011-01-15 01:57:00+00:00,-43.087536
2011-01-15 01:58:00+00:00,-43.464291
2011-01-15 01:59:00+00:00,-43.991783
2011-01-15 02:00:00+00:00,-43.762802
2011-01-15 02:01:00+00:00,-43.429535
2011-01-15 02:02:00+00:00,-42.873638
2011-01-15 02:03:00+00:00,-42.175194
2011-01-15 02:04:00+00:00,-42.492432
2011-01-15 02:05:00+00:00,-43.38591
2011-01-15 02:06:00+00:00,-43.632992
2011-01-15 02:07:00+00:00,-43.502243
2011-01-15 02:08:00+00:00,-43.361851
2011-01-15 02:09:00+00:00,-43.443275
2011-01-15 02:10:00+00:00,-42.935005
2011-01-15 02:11:00+00:00,-42.499172
2011-01-15 02:12:00+00:00,-43.386765
2011-01-15 02:13:00+00:00,-43.64175
2011-01-15 02:14:00+00:00,-44.107891
2011-01-15 02:15:00+00:00,-43.803753
2011-01-15 02:16:00+00:00,-43.244015
2011-01-15 02:17:00+00:00,-42.978489
2011-01-15 02:18:00+00:00,-43.449577
2011-01-15 02:19:00+00:00,-44.254951
2011-01-15 02:20:00+00:00,-44.860447
2011-01-15 02:21:00+00:00,-44.585419
2011-01-15 02:22:00+00:00,-44.146679
2011-01-15 02:23:00+00:00,-42.960258
2011-01-15 02:24:00+00:00,-42.986137
2011-01-15 02:25:00+00:00,-43.404018
2011-01-15 02:26:00+00:00,-43.384819
2011-01-15 02:27:00+00:00,-42.870934
2011-01-15 02:28:00+00:00,-42.801838
2011-01-15 02:29:00+00:00,-42.360161
2011-01-15 02:30:00+00:00,-42.382847
2011-01-15 02:31:00+00:00,-42.552425
2011-01-15 02:32:00+00:00,-41.499683
2011-01-15 02:33:00+00:00,-41.152355
2011-01-15 02:34:00+00:00,-41.965523
2011-01-15 02:35:00+00:00,-41.677467
2011-01-15 02:36:00+00:00,-40.631935
2011-01-15 02:37:00+00:00,-40.626778
2011-01-15 02:38:00+00:00,-41.30946
2011-01-15 02:39:00+00:00,-41.476849
2011-01-15 02:40:00+00:00,-40.758831
2011-01-15 02:41:00+00:00,-41.165173
2011-01-15 02:42:00+00:00,-40.672432
2011-01-15 02:43:00+00:00,-39.733738
2011-01-15 02:44:00+00:00,-39.708462
2011-01-15 02:45:00+00:00,-40.070271
2011-01-15 02:46:00+00:00,-41.489021
2011-01-15 02:47:00+00:00,-41.095604
2011-01-22 00:00:00+00:00,-38.998863
2011-01-22 00:01:00+00:00,-33.864117
2011-01-22 00:02:00+00:00,-31.873213
2011-01-22 00:03:00+00:00,-32.338318
2011-01-22 00:04:00+00:00,-36.222618
2011-01-22 00:05:00+00:00,-37.139462
2011-01-22 00:06:00+00:00,-37.913486
2011-01-22 00:07:00+00:00,-40.933388
2011-01-22 00:08:00+00:00,-36.953152
2011-01-22 00:09:00+00:00,-37.686832
2011-01-22 00:10:00+00:00,-40.825882
2011-01-22 00:11:00+00:00,-40.298229
2011-01-22 00:12:00+00:00,-38.598984
2011-01-22 00:13:00+00:00,-36.710667
2011-01-22 00:14:00+00:00,-32.718033
2011-01-22 00:15:00+00:00,-29.161217
2011-01-22 00:16:00+00:00,-24.681814
2011-01-22 00:17:00+00:00,-22.304546
2011-01-22 00:18:00+00:00,-24.612488
2011-01-22 00:19:00+00:00,-29.098301
2011-01-22 00:20:00+00:00,-33.544174
2011-01-22 00:21:00+00:00,-32.769417
2011-01-22 00:22:00+00:00,-27.785706
2011-01-22 00:23:00+00:00,-24.871336
2011-01-22 00:24:00+00:00,-24.656153
2011-01-22 00:25:00+00:00,-24.007313
2011-01-22 00:26:00+00:00,-26.491188
2011-01-22 00:27:00+00:00,-29.017899
2011-01-22 00:28:00+00:00,-27.776733
2011-01-22 00:29:00+00:00,-24.332382
2011-01-22 00:30:00+00:00,-24.837017
2011-01-22 00:31:00+00:00,-26.268337
2011-01-22 00:32:00+00:00,-25.453659
2011-01-22 00:33:00+00:00,-24.18128
2011-01-22 00:34:00+00:00,-20.443726
2011-01-22 00:35:00+00:00,-21.180468
2011-01-22 00:36:00+00:00,-22.576868
2011-01-22 00:37:00+00:00,-20.805492
2011-01-22 00:38:00+00:00,-21.975863
2011-01-22 00:39:00+00:00,-24.937609
2011-01-22 00:40:00+00:00,-25.755194
2011-01-22 00:41:00+00:00,-24.099535
2011-01-22 00:42:00+00:00,-21.373966
2011-01-22 00:43:00+00:00,-24.344917
2011-01-22 00:44:00+00:00,-59.485294
2011-01-22 00:45:00+00:00,-31.707378
2011-01-22 00:46:00+00:00,-42.690331
2011-01-22 00:47:00+00:00,-28.524979
2011-01-22 00:48:00+00:00,-32.428391
2011-01-22 00:49:00+00:00,-40.70668
2011-01-22 00:50:00+00:00,-55.393127
2011-01-22 00:51:00+00:00,-77.737549
2011-01-22 00:52:00+00:00,-44.535019
2011-01-22 00:53:00+00:00,-33.199558
2011-01-22 00:54:00+00:00,-23.257259
2011-01-22 00:55:00+00:00,-21.451387
2011-01-22 00:56:00+00:00,-20.120728
2011-01-22 00:57:00+00:00,-20.754505
2011-01-22 00:58:00+00:00,-19.964867
2011-01-22 00:59:00+00:00,-20.377993
2011-01-22 01:00:00+00:00,-22.922436
2011-01-22 01:01:00+00:00,-21.451914
2011-01-22 01:02:00+00:00,-20.352318
2011-01-22 01:03:00+00:00,-20.443726
2011-01-22 01:04:00+00:00,-19.405727
2011-01-22 01:05:00+00:00,-19.351612
2011-01-22 01:06:00+00:00,-20.091936
2011-01-22 01:07:00+00:00,-21.619871
2011-01-22 01:08:00+00:00,-21.668827
2011-01-22 01:09:00+00:00,-21.336466
2011-01-22 01:10:00+00:00,-22.092525
2011-01-22 01:11:00+00:00,-21.644045
2011-01-22 01:12:00+00:00,-21.334782
2011-01-22 01:13:00+00:00,-21.578691
2011-01-22 01:14:00+00:00,-21.675823
2011-01-22 01:15:00+00:00,-22.349699
2011-01-22 01:16:00+00:00,-22.837635
2011-01-22 01:17:00+00:00,-22.867176
2011-01-22 01:18:00+00:00,-22.178568
2011-01-22 01:19:00+00:00,-21.05209
2011-01-22 01:20:00+00:00,-21.106894
2011-01-22 01:21:00+00:00,-21.09787
2011-01-22 01:22:00+00:00,-21.623661
2011-01-22 01:23:00+00:00,-22.121775
2011-01-22 01:24:00+00:00,-21.9389
2011-01-22 01:25:00+00:00,-22.458834
2011-01-22 01:26:00+00:00,-22.510689
2011-01-22 01:27:00+00:00,-22.843494
2011-01-22 01:28:00+00:00,-22.446436
2011-01-22 01:29:00+00:00,-22.054066
2011-01-22 01:30:00+00:00,-21.480761
2011-01-22 01:31:00+00:00,-21.328089
2011-01-22 01:32:00+00:00,-22.057961
2011-01-22 01:33:00+00:00,-23.068804
2011-01-22 01:34:00+00:00,-23.125259
2011-01-22 01:35:00+00:00,-22.471457
2011-01-22 01:36:00+00:00,-22.544888
2011-01-22 01:37:00+00:00,-33.365959
2011-01-22 01:38:00+00:00,-25.634296
2011-01-22 01:39:00+00:00,-36.148865
2011-01-22 01:40:00+00:00,-37.564209
2011-01-22 01:41:00+00:00,-32.330784
2011-01-22 01:42:00+00:00,-37.342144
2011-01-22 01:43:00+00:00,-101.291145
2011-01-22 01:44:00+00:00,-153.215027
2011-01-22 01:45:00+00:00,-165.040497
2011-01-22 01:46:00+00:00,-186.668945
2011-01-22 01:47:00+00:00,-226.450424
2011-01-22 01:48:00+00:00,-273.006042
2011-01-22 01:49:00+00:00,-166.508636
2011-01-22 01:50:00+00:00,-165.510956
2011-01-22 01:51:00+00:00,-164.500305
2011-01-22 01:52:00+00:00,-131.286255
2011-01-22 01:53:00+00:00,-118.444832
2011-01-22 01:54:00+00:00,-101.398315
2011-01-22 01:55:00+00:00,-208.168777
2011-01-22 01:56:00+00:00,-353.586304
2011-01-22 01:57:00+00:00,-307.758331
2011-01-22 01:58:00+00:00,-246.921112
2011-01-22 01:59:00+00:00,-204.870728
2011-01-22 02:00:00+00:00,-113.590614
2011-01-22 02:01:00+00:00,-162.940094
2011-01-22 02:02:00+00:00,-160.037659
2011-01-22 02:03:00+00:00,-136.976074
2011-01-22 02:04:00+00:00,-123.156693
2011-01-22 02:05:00+00:00,-104.452065
2011-01-22 02:06:00+00:00,-117.005135
2011-01-22 02:07:00+00:00,-139.776535
2011-01-22 02:08:00+00:00,-150.100403
2011-01-22 02:09:00+00:00,-131.057755
2011-01-22 02:10:00+00:00,-127.862495
2011-01-22 02:11:00+00:00,-123.10144
2011-01-22 02:12:00+00:00,-113.138367
2011-01-22 02:13:00+00:00,-99.874046
2011-01-22 02:14:00+00:00,-83.993454
2011-01-22 02:15:00+00:00,-70.922173
2011-01-22 02:16:00+00:00,-59.623108
2011-01-22 02:17:00+00:00,-49.841373
2011-01-22 02:18:00+00:00,-41.468578
2011-01-22 02:19:00+00:00,-36.339439
2011-01-22 02:20:00+00:00,-32.382385
2011-01-22 02:21:00+00:00,-28.963303
2011-01-22 02:22:00+00:00,-26.796089
2011-01-22 02:23:00+00:00,-24.794823
2011-01-22 02:24:00+00:00,-22.140486
2011-01-22 02:25:00+00:00,-21.314941
2011-01-22 02:26:00+00:00,-20.451607
2011-01-22 02:27:00+00:00,-19.835621
2011-01-22 02:28:00+00:00,-20.233603
2011-01-22 02:29:00+00:00,-21.041956
2011-01-22 02:30:00+00:00,-22.220655
2011-01-22 02:31:00+00:00,-22.361622
2011-01-22 02:32:00+00:00,-22.275522
2011-01-22 02:33:00+00:00,-22.70356
2011-01-22 02:34:00+00:00,-22.676971
2011-01-22 02:35:00+00:00,-22.635197
2011-01-22 02:36:00+00:00,-22.467878
2011-01-22 02:37:00+00:00,-21.822462
2011-01-22 02:38:00+00:00,-21.457727
2011-01-22 02:39:00+00:00,-21.134405
2011-01-22 02:40:00+00:00,-20.838814
2011-01-22 02:41:00+00:00,-21.974258
2011-01-22 02:42:00+00:00,-21.821007
2011-01-22 02:43:00+00:00,-21.10664
2011-01-22 02:44:00+00:00,-19.631817
2011-01-22 02:45:00+00:00,-20.015182
2011-01-22 02:46:00+00:00,-19.957563
2011-01-22 02:47:00+00:00,-20.318661
2011-01-29 00:00:00+00:00,-29.031429
2011-01-29 00:01:00+00:00,-29.550953
2011-01-29 00:02:00+00:00,-31.182831
2011-01-29 00:03:00+00:00,-34.215416
2011-01-29 00:04:00+00:00,-39.255001
2011-01-29 00:05:00+00:00,-35.257462
2011-01-29 00:06:00+00:00,-30.242828
2011-01-29 00:07:00+00:00,-36.107876
2011-01-29 00:08:00+00:00,-41.063774
2011-01-29 00:09:00+00:00,-45.913567
2011-01-29 00:10:00+00:00,-46.362343
2011-01-29 00:11:00+00:00,-46.940372
2011-01-29 00:12:00+00:00,-42.360981
2011-01-29 00:13:00+00:00,-39.592865
2011-01-29 00:14:00+00:00,-38.649281
2011-01-29 00:15:00+00:00,-39.556602
2011-01-29 00:16:00+00:00,-37.949623
2011-01-29 00:17:00+00:00,-36.82542
2011-01-29 00:18:00+00:00,-33.990658
2011-01-29 00:19:00+00:00,-32.502964
2011-01-29 00:20:00+00:00,-34.369919
2011-01-29 00:21:00+00:00,-39.386032
2011-01-29 00:22:00+00:00,-40.404228
2011-01-29 00:23:00+00:00,-53.041779
2011-01-29 00:24:00+00:00,-56.372688
2011-01-29 00:25:00+00:00,-48.986317
2011-01-29 00:26:00+00:00,-41.239128
2011-01-29 00:27:00+00:00,-37.516869
2011-01-29 00:28:00+00:00,-36.978741
2011-01-29 00:29:00+00:00,-40.95266
2011-01-29 00:30:00+00:00,-51.466972
2011-01-29 00:31:00+00:00,-57.702236
2011-01-29 00:32:00+00:00,-62.527508
2011-01-29 00:33:00+00:00,-56.08868
2011-01-29 00:34:00+00:00,-54.250832
2011-01-29 00:35:00+00:00,-52.866676
2011-01-29 00:36:00+00:00,-54.22002
2011-01-29 00:37:00+00:00,-53.133141
2011-01-29 00:38:00+00:00,-58.453697
2011-01-29 00:39:00+00:00,-62.052799
2011-01-29 00:40:00+00:00,-88.421661
2011-01-29 00:41:00+00:00,-123.241936
2011-01-29 00:42:00+00:00,-136.258057
2011-01-29 00:43:00+00:00,-149.903748
2011-01-29 00:44:00+00:00,-180.552917
2011-01-29 00:45:00+00:00,-193.061722
2011-01-29 00:46:00+00:00,-190.567902
2011-01-29 00:47:00+00:00,-175.971817
2011-01-29 00:48:00+00:00,-164.4776
2011-01-29 00:49:00+00:00,-153.218079
2011-01-29 00:50:00+00:00,-149.653198
2011-01-29 00:51:00+00:00,-146.2742
2011-01-29 00:52:00+00:00,-158.45369
2011-01-29 00:53:00+00:00,-170.071716
2011-01-29 00:54:00+00:00,-169.368301
2011-01-29 00:55:00+00:00,-158.73024
2011-01-29 00:56:00+00:00,-173.349747
2011-01-29 00:57:00+00:00,-165.911285
2011-01-29 00:58:00+00:00,-172.178436
2011-01-29 00:59:00+00:00,-188.855347
2011-01-29 01:00:00+00:00,-209.072861
2011-01-29 01:01:00+00:00,-214.656235
2011-01-29 01:02:00+00:00,-203.306412
2011-01-29 01:03:00+00:00,-196.877502
2011-01-29 01:04:00+00:00,-212.266739
2011-01-29 01:05:00+00:00,-221.11734
2011-01-29 01:06:00+00:00,-209.530167
2011-01-29 01:07:00+00:00,-218.16333
2011-01-29 01:08:00+00:00,-233.658401
2011-01-29 01:09:00+00:00,-251.928467
2011-01-29 01:10:00+00:00,-254.251801
2011-01-29 01:11:00+00:00,-257.871643
2011-01-29 01:12:00+00:00,-279.973389
2011-01-29 01:13:00+00:00,-298.675201
2011-01-29 01:14:00+00:00,-302.130859
2011-01-29 01:15:00+00:00,-337.428192
2011-01-29 01:16:00+00:00,-301.199249
2011-01-29 01:17:00+00:00,-302.077728
2011-01-29 01:18:00+00:00,-291.290833
2011-01-29 01:19:00+00:00,-307.174591
2011-01-29 01:20:00+00:00,-307.846619
2011-01-29 01:21:00+00:00,-322.135986
2011-01-29 01:22:00+00:00,-349.84491
2011-01-29 01:23:00+00:00,-368.235931
2011-01-29 01:24:00+00:00,-366.64798
2011-01-29 01:25:00+00:00,-344.884796
2011-01-29 01:26:00+00:00,-354.122101
2011-01-29 01:27:00+00:00,-353.830811
2011-01-29 01:28:00+00:00,-343.743256
2011-01-29 01:29:00+00:00,-347.331207
2011-01-29 01:30:00+00:00,-337.313385
2011-01-29 01:31:00+00:00,-323.332031
2011-01-29 01:32:00+00:00,-320.049622
2011-01-29 01:33:00+00:00,-310.596741
2011-01-29 01:34:00+00:00,-301.179504
2011-01-29 01:35:00+00:00,-294.641357
2011-01-29 01:36:00+00:00,-292.570099
2011-01-29 01:37:00+00:00,-278.151855
2011-01-29 01:38:00+00:00,-263.348053
2011-01-29 01:39:00+00:00,-253.099655
2011-01-29 01:40:00+00:00,-248.886719
2011-01-29 01:41:00+00:00,-247.30191
2011-01-29 01:42:00+00:00,-247.124725
2011-01-29 01:43:00+00:00,-244.807571
2011-01-29 01:44:00+00:00,-249.317322
2011-01-29 01:45:00+00:00,-246.648422
2011-01-29 01:46:00+00:00,-241.868729
2011-01-29 01:47:00+00:00,-244.903076
2011-01-29 01:48:00+00:00,-242.458069
2011-01-29 01:49:00+00:00,-248.912155
2011-01-29 01:50:00+00:00,-256.820557
2011-01-29 01:51:00+00:00,-244.576874
2011-01-29 01:52:00+00:00,-229.507065
2011-01-29 01:53:00+00:00,-209.55867
2011-01-29 01:54:00+00:00,-206.699768
2011-01-29 01:55:00+00:00,-213.222641
2011-01-29 01:56:00+00:00,-212.948013
2011-01-29 01:57:00+00:00,-219.339035
2011-01-29 01:58:00+00:00,-228.090454
2011-01-29 01:59:00+00:00,-235.867355
2011-01-29 02:00:00+00:00,-241.724472
2011-01-29 02:01:00+00:00,-227.925751
2011-01-29 02:02:00+00:00,-216.623795
2011-01-29 02:03:00+00:00,-203.501205
2011-01-29 02:04:00+00:00,-186.766022
2011-01-29 02:05:00+00:00,-177.505661
2011-01-29 02:06:00+00:00,-179.251846
2011-01-29 02:07:00+00:00,-182.904007
2011-01-29 02:08:00+00:00,-183.698776
2011-01-29 02:09:00+00:00,-178.433426
2011-01-29 02:10:00+00:00,-171.791946
2011-01-29 02:11:00+00:00,-161.144348
2011-01-29 02:12:00+00:00,-158.363647
2011-01-29 02:13:00+00:00,-156.962616
2011-01-29 02:14:00+00:00,-158.911469
2011-01-29 02:15:00+00:00,-157.594971
2011-01-29 02:16:00+00:00,-153.832001
2011-01-29 02:17:00+00:00,-151.050781
2011-01-29 02:18:00+00:00,-146.267914
2011-01-29 02:19:00+00:00,-144.246613
2011-01-29 02:20:00+00:00,-143.390671
2011-01-29 02:21:00+00:00,-138.271393
2011-01-29 02:22:00+00:00,-131.141724
2011-01-29 02:23:00+00:00,-126.419136
2011-01-29 02:24:00+00:00,-123.476654
2011-01-29 02:25:00+00:00,-121.447479
2011-01-29 02:26:00+00:00,-123.994225
2011-01-29 02:27:00+00:00,-122.294563
2011-01-29 02:28:00+00:00,-120.185516
2011-01-29 02:29:00+00:00,-120.182762
2011-01-29 02:30:00+00:00,-119.791229
2011-01-29 02:31:00+00:00,-118.784637
2011-01-29 02:32:00+00:00,-117.200714
2011-01-29 02:33:00+00:00,-111.407036
2011-01-29 02:34:00+00:00,-106.562828
2011-01-29 02:35:00+00:00,-97.51899
2011-01-29 02:36:00+00:00,-90.930832
2011-01-29 02:37:00+00:00,-87.571693
2011-01-29 02:38:00+00:00,-83.672012
2011-01-29 02:39:00+00:00,-80.16732
2011-01-29 02:40:00+00:00,-78.767548
2011-01-29 02:41:00+00:00,-80.717903
2011-01-29 02:42:00+00:00,-80.545982
2011-01-29 02:43:00+00:00,-71.578979
2011-01-29 02:44:00+00:00,-66.480453
2011-01-29 02:45:00+00:00,-61.78051
2011-01-29 02:46:00+00:00,-58.967899
2011-01-29 02:47:00+00:00,-58.974274
2011-02-05 00:00:00+00:00,-391.427734
2011-02-05 00:01:00+00:00,-442.516449
2011-02-05 00:02:00+00:00,-464.596039
2011-02-05 00:03:00+00:00,-466.359283
2011-02-05 00:04:00+00:00,-492.486328
2011-02-05 00:05:00+00:00,-443.018646
2011-02-05 00:06:00+00:00,-404.809692
2011-02-05 00:07:00+00:00,-377.502045
2011-02-05 00:08:00+00:00,-382.29245
2011-02-05 00:09:00+00:00,-400.514374
2011-02-05 00:10:00+00:00,-396.44754
2011-02-05 00:11:00+00:00,-374.974762
2011-02-05 00:12:00+00:00,-332.792267
2011-02-05 00:13:00+00:00,-305.533386
2011-02-05 00:14:00+00:00,-258.77124
2011-02-05 00:15:00+00:00,-250.700104
2011-02-05 00:16:00+00:00,-254.004181
2011-02-05 00:17:00+00:00,-323.95285
2011-02-05 00:18:00+00:00,-361.385193
2011-02-05 00:19:00+00:00,-377.486176
2011-02-05 00:20:00+00:00,-308.987
2011-02-05 00:21:00+00:00,-326.349976
2011-02-05 00:22:00+00:00,-360.943909
2011-02-05 00:23:00+00:00,-305.140381
2011-02-05 00:24:00+00:00,-339.42926
2011-02-05 00:25:00+00:00,-363.51709
2011-02-05 00:26:00+00:00,-360.46991
2011-02-05 00:27:00+00:00,-331.107544
2011-02-05 00:28:00+00:00,-311.304657
2011-02-05 00:29:00+00:00,-280.963684
2011-02-05 00:30:00+00:00,-289.341461
2011-02-05 00:31:00+00:00,-298.066956
2011-02-05 00:32:00+00:00,-301.488037
2011-02-05 00:33:00+00:00,-295.117767
2011-02-05 00:34:00+00:00,-311.442261
2011-02-05 00:35:00+00:00,-337.417023
2011-02-05 00:36:00+00:00,-356.319244
2011-02-05 00:37:00+00:00,-362.900482
2011-02-05 00:38:00+00:00,-359.739563
2011-02-05 00:39:00+00:00,-364.8461
2011-02-05 00:40:00+00:00,-326.265167
2011-02-05 00:41:00+00:00,-336.495422
2011-02-05 00:42:00+00:00,-331.986023
2011-02-05 00:43:00+00:00,-310.141052
2011-02-05 00:44:00+00:00,-287.395599
2011-02-05 00:45:00+00:00,-284.072906
2011-02-05 00:46:00+00:00,-299.506287
2011-02-05 00:47:00+00:00,-319.971893
2011-02-05 00:48:00+00:00,-330.311005
2011-02-05 00:49:00+00:00,-336.062408
2011-02-05 00:50:00+00:00,-321.823792
2011-02-05 00:51:00+00:00,-302.982178
2011-02-05 00:52:00+00:00,-298.188538
2011-02-05 00:53:00+00:00,-314.524811
2011-02-05 00:54:00+00:00,-316.258606
2011-02-05 00:55:00+00:00,-318.2211
2011-02-05 00:56:00+00:00,-309.143677
2011-02-05 00:57:00+00:00,-307.828217
2011-02-05 00:58:00+00:00,-308.554901
2011-02-05 00:59:00+00:00,-303.059174
2011-02-05 01:00:00+00:00,-296.793182
2011-02-05 01:01:00+00:00,-292.657196
2011-02-05 01:02:00+00:00,-291.01236
2011-02-05 01:03:00+00:00,-299.52951
2011-02-05 01:04:00+00:00,-311.27002
2011-02-05 01:05:00+00:00,-331.815399
2011-02-05 01:06:00+00:00,-352.355377
2011-02-05 01:07:00+00:00,-358.480408
2011-02-05 01:08:00+00:00,-363.838837
2011-02-05 01:09:00+00:00,-361.253387
2011-02-05 01:10:00+00:00,-370.702179
2011-02-05 01:11:00+00:00,-378.401978
2011-02-05 01:12:00+00:00,-375.558624
2011-02-05 01:13:00+00:00,-380.428406
2011-02-05 01:14:00+00:00,-392.251587
2011-02-05 01:15:00+00:00,-395.014526
2011-02-05 01:16:00+00:00,-410.583313
2011-02-05 01:17:00+00:00,-428.981476
2011-02-05 01:18:00+00:00,-433.45813
2011-02-05 01:19:00+00:00,-423.717224
2011-02-05 01:20:00+00:00,-416.11731
2011-02-05 01:21:00+00:00,-411.411224
2011-02-05 01:22:00+00:00,-414.105499
2011-02-05 01:23:00+00:00,-425.377502
2011-02-05 01:24:00+00:00,-430.560791
2011-02-05 01:25:00+00:00,-434.95578
2011-02-05 01:26:00+00:00,-432.705688
2011-02-05 01:27:00+00:00,-438.838806
2011-02-05 01:28:00+00:00,-450.376617
2011-02-05 01:29:00+00:00,-445.620605
2011-02-05 01:30:00+00:00,-442.57663
2011-02-05 01:31:00+00:00,-431.880402
2011-02-05 01:32:00+00:00,-425.403015
2011-02-05 01:33:00+00:00,-432.683563
2011-02-05 01:34:00+00:00,-426.998383
2011-02-05 01:35:00+00:00,-413.041229
2011-02-05 01:36:00+00:00,-461.651398
2011-02-05 01:37:00+00:00,-507.392517
2011-02-05 01:38:00+00:00,-543.803589
2011-02-05 01:39:00+00:00,-555.374939
2011-02-05 01:40:00+00:00,-529.314453
2011-02-05 01:41:00+00:00,-559.602661
2011-02-05 01:42:00+00:00,-576.122437
2011-02-05 01:43:00+00:00,-527.933228
2011-02-05 01:44:00+00:00,-460.329102
2011-02-05 01:45:00+00:00,-410.806061
2011-02-05 01:46:00+00:00,-380.707886
2011-02-05 01:47:00+00:00,-354.937134
2011-02-05 01:48:00+00:00,-476.235291
2011-02-05 01:49:00+00:00,-559.552185
2011-02-05 01:50:00+00:00,-600.783325
2011-02-05 01:51:00+00:00,-657.292725
2011-02-05 01:52:00+00:00,-710.696777
2011-02-05 01:53:00+00:00,-728.425903
2011-02-05 01:54:00+00:00,-572.433411
2011-02-05 01:55:00+00:00,-531.85675
2011-02-05 01:56:00+00:00,-580.742981
2011-02-05 01:57:00+00:00,-512.06842
2011-02-05 01:58:00+00:00,-461.304962
2011-02-05 01:59:00+00:00,-530.499207
2011-02-05 02:00:00+00:00,-525.160156
2011-02-05 02:01:00+00:00,-507.765289
2011-02-05 02:02:00+00:00,-440.528748
2011-02-05 02:03:00+00:00,-448.097076
2011-02-05 02:04:00+00:00,-320.199768
2011-02-05 02:05:00+00:00,-315.376648
2011-02-05 02:06:00+00:00,-326.265869
2011-02-05 02:07:00+00:00,-314.310486
2011-02-05 02:08:00+00:00,-293.051758
2011-02-05 02:09:00+00:00,-292.71579
2011-02-05 02:10:00+00:00,-315.950623
2011-02-05 02:11:00+00:00,-360.301758
2011-02-05 02:12:00+00:00,-359.70755
2011-02-05 02:13:00+00:00,-372.696472
2011-02-05 02:14:00+00:00,-361.52124
2011-02-05 02:15:00+00:00,-323.258209
2011-02-05 02:16:00+00:00,-293.051727
2011-02-05 02:17:00+00:00,-313.02002
2011-02-05 02:18:00+00:00,-330.983459
2011-02-05 02:19:00+00:00,-322.324493
2011-02-05 02:20:00+00:00,-309.450714
2011-02-05 02:21:00+00:00,-267.007629
2011-02-05 02:22:00+00:00,-269.763123
2011-02-05 02:23:00+00:00,-285.172272
2011-02-05 02:24:00+00:00,-277.814484
2011-02-05 02:25:00+00:00,-274.942871
2011-02-05 02:26:00+00:00,-299.845642
2011-02-05 02:27:00+00:00,-353.153503
2011-02-05 02:28:00+00:00,-319.587646
2011-02-05 02:29:00+00:00,-289.800659
2011-02-05 02:30:00+00:00,-305.379211
2011-02-05 02:31:00+00:00,-311.497681
2011-02-05 02:32:00+00:00,-297.239502
2011-02-05 02:33:00+00:00,-267.197113
2011-02-05 02:34:00+00:00,-293.222168
2011-02-05 02:35:00+00:00,-326.684814
2011-02-05 02:36:00+00:00,-313.653229
2011-02-05 02:37:00+00:00,-282.499329
2011-02-05 02:38:00+00:00,-282.952911
2011-02-05 02:39:00+00:00,-283.574585
2011-02-05 02:40:00+00:00,-283.892365
2011-02-05 02:41:00+00:00,-263.462524
2011-02-05 02:42:00+00:00,-256.081207
2011-02-05 02:43:00+00:00,-238.05603
2011-02-05 02:44:00+00:00,-231.246063
2011-02-05 02:45:00+00:00,-219.403091
2011-02-05 02:46:00+00:00,-191.54245
2011-02-05 02:47:00+00:00,-214.03714
2011-02-12 00:00:00+00:00,-53.906528
2011-02-12 00:01:00+00:00,-51.857151
2011-02-12 00:02:00+00:00,-55.971943
2011-02-12 00:03:00+00:00,-56.180965
2011-02-12 00:04:00+00:00,-54.794136
2011-02-12 00:05:00+00:00,-54.368729
2011-02-12 00:06:00+00:00,-55.942131
2011-02-12 00:07:00+00:00,-58.432884
2011-02-12 00:08:00+00:00,-55.837624
2011-02-12 00:09:00+00:00,-49.073341
2011-02-12 00:10:00+00:00,-51.156013
2011-02-12 00:11:00+00:00,-50.94849
2011-02-12 00:12:00+00:00,-53.63121
2011-02-12 00:13:00+00:00,-54.505074
2011-02-12 00:14:00+00:00,-53.979156
2011-02-12 00:15:00+00:00,-49.327457
2011-02-12 00:16:00+00:00,-48.670513
2011-02-12 00:17:00+00:00,-49.755608
2011-02-12 00:18:00+00:00,-46.250576
2011-02-12 00:19:00+00:00,-46.709171
2011-02-12 00:20:00+00:00,-43.966324
2011-02-12 00:21:00+00:00,-47.755424
2011-02-12 00:22:00+00:00,-50.165424
2011-02-12 00:23:00+00:00,-44.863258
2011-02-12 00:24:00+00:00,-40.336304
2011-02-12 00:25:00+00:00,-37.251633
2011-02-12 00:26:00+00:00,-39.000027
2011-02-12 00:27:00+00:00,-41.854076
2011-02-12 00:28:00+00:00,-45.090805
2011-02-12 00:29:00+00:00,-47.911751
2011-02-12 00:30:00+00:00,-48.118031
2011-02-12 00:31:00+00:00,-48.179581
2011-02-12 00:32:00+00:00,-48.916016
2011-02-12 00:33:00+00:00,-49.203911
2011-02-12 00:34:00+00:00,-46.130569
2011-02-12 00:35:00+00:00,-45.784538
2011-02-12 00:36:00+00:00,-50.557995
2011-02-12 00:37:00+00:00,-54.878765
2011-02-12 00:38:00+00:00,-54.829678
2011-02-12 00:39:00+00:00,-59.358414
2011-02-12 00:40:00+00:00,-69.671227
2011-02-12 00:41:00+00:00,-78.701492
2011-02-12 00:42:00+00:00,-87.939659
2011-02-12 00:43:00+00:00,-89.532013
2011-02-12 00:44:00+00:00,-92.711166
2011-02-12 00:45:00+00:00,-93.047348
2011-02-12 00:46:00+00:00,-84.770912
2011-02-12 00:47:00+00:00,-85.333252
2011-02-12 00:48:00+00:00,-88.763451
2011-02-12 00:49:00+00:00,-93.355652
2011-02-12 00:50:00+00:00,-95.238579
2011-02-12 00:51:00+00:00,-87.96418
2011-02-12 00:52:00+00:00,-71.444069
2011-02-12 00:53:00+00:00,-64.371735
2011-02-12 00:54:00+00:00,-65.76358
2011-02-12 00:55:00+00:00,-65.39669
2011-02-12 00:56:00+00:00,-64.523201
2011-02-12 00:57:00+00:00,-55.017422
2011-02-12 00:58:00+00:00,-51.594296
2011-02-12 00:59:00+00:00,-55.33791
2011-02-12 01:00:00+00:00,-58.388084
2011-02-12 01:01:00+00:00,-60.412518
2011-02-12 01:02:00+00:00,-60.167023
2011-02-12 01:03:00+00:00,-60.136269
2011-02-12 01:04:00+00:00,-57.831055
2011-02-12 01:05:00+00:00,-57.573612
2011-02-12 01:06:00+00:00,-61.479931
2011-02-12 01:07:00+00:00,-65.172783
2011-02-12 01:08:00+00:00,-67.961182
2011-02-12 01:09:00+00:00,-66.848915
2011-02-12 01:10:00+00:00,-76.016777
2011-02-12 01:11:00+00:00,-74.023102
2011-02-12 01:12:00+00:00,-68.026459
2011-02-12 01:13:00+00:00,-60.03167
2011-02-12 01:14:00+00:00,-55.420937
2011-02-12 01:15:00+00:00,-55.884449
2011-02-12 01:16:00+00:00,-57.992596
2011-02-12 01:17:00+00:00,-61.408264
2011-02-12 01:18:00+00:00,-62.672363
2011-02-12 01:19:00+00:00,-64.11216
2011-02-12 01:20:00+00:00,-61.291031
2011-02-12 01:21:00+00:00,-57.192482
2011-02-12 01:22:00+00:00,-53.860371
2011-02-12 01:23:00+00:00,-54.066288
2011-02-12 01:24:00+00:00,-55.761307
2011-02-12 01:25:00+00:00,-53.809799
2011-02-12 01:26:00+00:00,-50.785889
2011-02-12 01:27:00+00:00,-50.344952
2011-02-12 01:28:00+00:00,-50.408779
2011-02-12 01:29:00+00:00,-50.991138
2011-02-12 01:30:00+00:00,-53.099808
2011-02-12 01:31:00+00:00,-53.540333
2011-02-12 01:32:00+00:00,-54.829338
2011-02-12 01:33:00+00:00,-57.037056
2011-02-12 01:34:00+00:00,-55.352055
2011-02-12 01:35:00+00:00,-51.951996
2011-02-12 01:36:00+00:00,-54.714901
2011-02-12 01:37:00+00:00,-70.64753
2011-02-12 01:38:00+00:00,-86.393524
2011-02-12 01:39:00+00:00,-92.038757
2011-02-12 01:40:00+00:00,-111.040337
2011-02-12 01:41:00+00:00,-105.438248
2011-02-12 01:42:00+00:00,-100.123177
2011-02-12 01:43:00+00:00,-95.967102
2011-02-12 01:44:00+00:00,-99.344917
2011-02-12 01:45:00+00:00,-96.832001
2011-02-12 01:46:00+00:00,-100.786667
2011-02-12 01:47:00+00:00,-99.27269
2011-02-12 01:48:00+00:00,-106.689209
2011-02-12 01:49:00+00:00,-113.137932
2011-02-12 01:50:00+00:00,-112.816071
2011-02-12 01:51:00+00:00,-108.257889
2011-02-12 01:52:00+00:00,-103.533638
2011-02-12 01:53:00+00:00,-99.358246
2011-02-12 01:54:00+00:00,-99.126289
2011-02-12 01:55:00+00:00,-100.038864
2011-02-12 01:56:00+00:00,-100.722939
2011-02-12 01:57:00+00:00,-99.460815
2011-02-12 01:58:00+00:00,-97.731934
2011-02-12 01:59:00+00:00,-98.061768
2011-02-12 02:00:00+00:00,-97.07251
2011-02-12 02:01:00+00:00,-102.11805
2011-02-12 02:02:00+00:00,-105.936989
2011-02-12 02:03:00+00:00,-102.639618
2011-02-12 02:04:00+00:00,-105.56292
2011-02-12 02:05:00+00:00,-105.689415
2011-02-12 02:06:00+00:00,-92.958649
2011-02-12 02:07:00+00:00,-82.256142
2011-02-12 02:08:00+00:00,-79.558289
2011-02-12 02:09:00+00:00,-85.095581
2011-02-12 02:10:00+00:00,-90.562553
2011-02-12 02:11:00+00:00,-89.729668
2011-02-12 02:12:00+00:00,-111.425743
2011-02-12 02:13:00+00:00,-119.903526
2011-02-12 02:14:00+00:00,-116.011864
2011-02-12 02:15:00+00:00,-89.847847
2011-02-12 02:16:00+00:00,-84.349197
2011-02-12 02:17:00+00:00,-83.77504
2011-02-12 02:18:00+00:00,-108.203697
2011-02-12 02:19:00+00:00,-123.155014
2011-02-12 02:20:00+00:00,-93.541939
2011-02-12 02:21:00+00:00,-80.167969
2011-02-12 02:22:00+00:00,-78.994125
2011-02-12 02:23:00+00:00,-82.763794
2011-02-12 02:24:00+00:00,-85.914314
2011-02-12 02:25:00+00:00,-89.051231
2011-02-12 02:26:00+00:00,-88.477043
2011-02-12 02:27:00+00:00,-86.603035
2011-02-12 02:28:00+00:00,-80.366753
2011-02-12 02:29:00+00:00,-77.133492
2011-02-12 02:30:00+00:00,-77.808502
2011-02-12 02:31:00+00:00,-72.765747
2011-02-12 02:32:00+00:00,-65.555084
2011-02-12 02:33:00+00:00,-75.502243
2011-02-12 02:34:00+00:00,-106.126503
2011-02-12 02:35:00+00:00,-104.950508
2011-02-12 02:36:00+00:00,-127.65554
2011-02-12 02:37:00+00:00,-155.911407
2011-02-12 02:38:00+00:00,-179.318451
2011-02-12 02:39:00+00:00,-162.722641
2011-02-12 02:40:00+00:00,-187.145218
2011-02-12 02:41:00+00:00,-198.282745
2011-02-12 02:42:00+00:00,-142.737488
2011-02-12 02:43:00+00:00,-136.20018
2011-02-12 02:44:00+00:00,-123.605133
2011-02-12 02:45:00+00:00,-70.247406
2011-02-12 02:46:00+00:00,-71.14473
2011-02-12 02:47:00+00:00,-61.151531
2011-02-19 00:00:00+00:00,-64.858459
2011-02-19 00:01:00+00:00,-66.942871
2011-02-19 00:02:00+00:00,-66.992844
2011-02-19 00:03:00+00:00,-66.696236
2011-02-19 00:04:00+00:00,-65.498344
2011-02-19 00:05:00+00:00,-61.317951
2011-02-19 00:06:00+00:00,-58.526569
2011-02-19 00:07:00+00:00,-59.38747
2011-02-19 00:08:00+00:00,-62.957718
2011-02-19 00:09:00+00:00,-62.422451
2011-02-19 00:10:00+00:00,-59.577023
2011-02-19 00:11:00+00:00,-56.951298
2011-02-19 00:12:00+00:00,-52.655079
2011-02-19 00:13:00+00:00,-50.770195
2011-02-19 00:14:00+00:00,-51.441956
2011-02-19 00:15:00+00:00,-51.999897
2011-02-19 00:16:00+00:00,-53.029537
2011-02-19 00:17:00+00:00,-53.971748
2011-02-19 00:18:00+00:00,-53.666924
2011-02-19 00:19:00+00:00,-52.225864
2011-02-19 00:20:00+00:00,-51.669621
2011-02-19 00:21:00+00:00,-50.400017
2011-02-19 00:22:00+00:00,-48.219349
2011-02-19 00:23:00+00:00,-46.008942
2011-02-19 00:24:00+00:00,-44.419708
2011-02-19 00:25:00+00:00,-44.180641
2011-02-19 00:26:00+00:00,-45.600853
2011-02-19 00:27:00+00:00,-48.897621
2011-02-19 00:28:00+00:00,-51.702557
2011-02-19 00:29:00+00:00,-52.94804
2011-02-19 00:30:00+00:00,-52.401176
2011-02-19 00:31:00+00:00,-51.049683
2011-02-19 00:32:00+00:00,-51.454536
2011-02-19 00:33:00+00:00,-52.01075
2011-02-19 00:34:00+00:00,-53.082119
2011-02-19 00:35:00+00:00,-53.761879
2011-02-19 00:36:00+00:00,-54.036888
2011-02-19 00:37:00+00:00,-54.137093
2011-02-19 00:38:00+00:00,-53.860878
2011-02-19 00:39:00+00:00,-53.03389
2011-02-19 00:40:00+00:00,-53.047287
2011-02-19 00:41:00+00:00,-53.53336
2011-02-19 00:42:00+00:00,-53.922337
2011-02-19 00:43:00+00:00,-55.977623
2011-02-19 00:44:00+00:00,-55.92844
2011-02-19 00:45:00+00:00,-53.250931
2011-02-19 00:46:00+00:00,-49.604698
2011-02-19 00:47:00+00:00,-48.37714
2011-02-19 00:48:00+00:00,-46.218182
2011-02-19 00:49:00+00:00,-44.453278
2011-02-19 00:50:00+00:00,-41.213947
2011-02-19 00:51:00+00:00,-38.036415
2011-02-19 00:52:00+00:00,-37.107018
2011-02-19 00:53:00+00:00,-37.193668
2011-02-19 00:54:00+00:00,-37.004482
2011-02-19 00:55:00+00:00,-36.824978
2011-02-19 00:56:00+00:00,-36.651829
2011-02-19 00:57:00+00:00,-35.414108
2011-02-19 00:58:00+00:00,-34.655064
2011-02-19 00:59:00+00:00,-33.967751
2011-02-19 01:00:00+00:00,-34.087883
2011-02-19 01:01:00+00:00,-36.767475
2011-02-19 01:02:00+00:00,-37.213371
2011-02-19 01:03:00+00:00,-39.804573
2011-02-19 01:04:00+00:00,-42.890945
2011-02-19 01:05:00+00:00,-44.053596
2011-02-19 01:06:00+00:00,-43.256069
2011-02-19 01:07:00+00:00,-42.0299
2011-02-19 01:08:00+00:00,-41.585709
2011-02-19 01:09:00+00:00,-42.770447
2011-02-19 01:10:00+00:00,-45.98811
2011-02-19 01:11:00+00:00,-90.630859
2011-02-19 01:12:00+00:00,-93.479874
2011-02-19 01:13:00+00:00,-85.392761
2011-02-19 01:14:00+00:00,-104.060341
2011-02-19 01:15:00+00:00,-94.970284
2011-02-19 01:16:00+00:00,-100.848671
2011-02-19 01:17:00+00:00,-91.519485
2011-02-19 01:18:00+00:00,-133.266891
2011-02-19 01:19:00+00:00,-140.280273
2011-02-19 01:20:00+00:00,-133.121201
2011-02-19 01:21:00+00:00,-121.782494
2011-02-19 01:22:00+00:00,-177.660034
2011-02-19 01:23:00+00:00,-234.516205
2011-02-19 01:24:00+00:00,-336.961914
2011-02-19 01:25:00+00:00,-345.244812
2011-02-19 01:26:00+00:00,-300.668457
2011-02-19 01:27:00+00:00,-282.827118
2011-02-19 01:28:00+00:00,-209.896851
2011-02-19 01:29:00+00:00,-239.509781
2011-02-19 01:30:00+00:00,-286.473083
2011-02-19 01:31:00+00:00,-185.74733
2011-02-19 01:32:00+00:00,-214.149002
2011-02-19 01:33:00+00:00,-259.17337
2011-02-19 01:34:00+00:00,-227.308517
2011-02-19 01:35:00+00:00,-255.212387
2011-02-19 01:36:00+00:00,-222.754929
2011-02-19 01:37:00+00:00,-231.903976
2011-02-19 01:38:00+00:00,-240.581451
2011-02-19 01:39:00+00:00,-258.421478
2011-02-19 01:40:00+00:00,-263.220428
2011-02-19 01:41:00+00:00,-272.829407
2011-02-19 01:42:00+00:00,-254.484238
2011-02-19 01:43:00+00:00,-305.536774
2011-02-19 01:44:00+00:00,-338.819244
2011-02-19 01:45:00+00:00,-301.59198
2011-02-19 01:46:00+00:00,-253.334152
2011-02-19 01:47:00+00:00,-280.544678
2011-02-19 01:48:00+00:00,-364.646423
2011-02-19 01:49:00+00:00,-264.6138
2011-02-19 01:50:00+00:00,-260.309082
2011-02-19 01:51:00+00:00,-248.537064
2011-02-19 01:52:00+00:00,-394.773438
2011-02-19 01:53:00+00:00,-514.871094
2011-02-19 01:54:00+00:00,-503.562103
2011-02-19 01:55:00+00:00,-403.032562
2011-02-19 01:56:00+00:00,-273.368652
2011-02-19 01:57:00+00:00,-261.834259
2011-02-19 01:58:00+00:00,-266.203796
2011-02-19 01:59:00+00:00,-231.773834
2011-02-19 02:00:00+00:00,-212.838028
2011-02-19 02:01:00+00:00,-255.753906
2011-02-19 02:02:00+00:00,-220.395477
2011-02-19 02:03:00+00:00,-168.276688
2011-02-19 02:04:00+00:00,-199.286942
2011-02-19 02:05:00+00:00,-209.678955
2011-02-19 02:06:00+00:00,-160.274094
2011-02-19 02:07:00+00:00,-158.856079
2011-02-19 02:08:00+00:00,-159.661087
2011-02-19 02:09:00+00:00,-154.9133
2011-02-19 02:10:00+00:00,-151.586823
2011-02-19 02:11:00+00:00,-197.52771
2011-02-19 02:12:00+00:00,-163.271454
2011-02-19 02:13:00+00:00,-320.096588
2011-02-19 02:14:00+00:00,-331.275665
2011-02-19 02:15:00+00:00,-218.887604
2011-02-19 02:16:00+00:00,-143.650635
2011-02-19 02:17:00+00:00,-138.757095
2011-02-19 02:18:00+00:00,-154.218246
2011-02-19 02:19:00+00:00,-142.166916
2011-02-19 02:20:00+00:00,-129.189194
2011-02-19 02:21:00+00:00,-107.777763
2011-02-19 02:22:00+00:00,-115.377098
2011-02-19 02:23:00+00:00,-106.282227
2011-02-19 02:24:00+00:00,-95.516548
2011-02-19 02:25:00+00:00,-91.994125
2011-02-19 02:26:00+00:00,-97.413681
2011-02-19 02:27:00+00:00,-92.014778
2011-02-19 02:28:00+00:00,-90.263321
2011-02-19 02:29:00+00:00,-85.561783
2011-02-19 02:30:00+00:00,-79.759544
2011-02-19 02:31:00+00:00,-79.524597
2011-02-19 02:32:00+00:00,-80.435951
2011-02-19 02:33:00+00:00,-80.325813
2011-02-19 02:34:00+00:00,-82.509499
2011-02-19 02:35:00+00:00,-78.795586
2011-02-19 02:36:00+00:00,-77.755074
2011-02-19 02:37:00+00:00,-76.427422
2011-02-19 02:38:00+00:00,-72.486115
2011-02-19 02:39:00+00:00,-64.932579
2011-02-19 02:40:00+00:00,-63.777184
2011-02-19 02:41:00+00:00,-66.144417
2011-02-19 02:42:00+00:00,-62.662788
2011-02-19 02:43:00+00:00,-60.579624
2011-02-19 02:44:00+00:00,-78.15992
2011-02-19 02:45:00+00:00,-61.608189
2011-02-19 02:46:00+00:00,-98.919296
2011-02-19 02:47:00+00:00,-100.825439
2011-02-26 00:00:00+00:00,-30.949793
2011-02-26 00:01:00+00:00,-33.493431
2011-02-26 00:02:00+00:00,-32.512184
2011-02-26 00:03:00+00:00,-30.52722
2011-02-26 00:04:00+00:00,-28.167774
2011-02-26 00:05:00+00:00,-22.967703
2011-02-26 00:06:00+00:00,-18.401953
2011-02-26 00:07:00+00:00,-15.973121
2011-02-26 00:08:00+00:00,-16.42804
2011-02-26 00:09:00+00:00,-19.422419
2011-02-26 00:10:00+00:00,-23.650171
2011-02-26 00:11:00+00:00,-29.045307
2011-02-26 00:12:00+00:00,-33.89378
2011-02-26 00:13:00+00:00,-34.765293
2011-02-26 00:14:00+00:00,-34.421204
2011-02-26 00:15:00+00:00,-35.904858
2011-02-26 00:16:00+00:00,-33.978577
2011-02-26 00:17:00+00:00,-31.767752
2011-02-26 00:18:00+00:00,-28.604021
2011-02-26 00:19:00+00:00,-26.178226
2011-02-26 00:20:00+00:00,-26.763397
2011-02-26 00:21:00+00:00,-28.498629
2011-02-26 00:22:00+00:00,-29.49971
2011-02-26 00:23:00+00:00,-30.602041
2011-02-26 00:24:00+00:00,-31.324718
2011-02-26 00:25:00+00:00,-31.238503
2011-02-26 00:26:00+00:00,-31.372477
2011-02-26 00:27:00+00:00,-30.29184
2011-02-26 00:28:00+00:00,-27.767569
2011-02-26 00:29:00+00:00,-23.991581
2011-02-26 00:30:00+00:00,-23.107914
2011-02-26 00:31:00+00:00,-24.967669
2011-02-26 00:32:00+00:00,-28.085999
2011-02-26 00:33:00+00:00,-31.471186
2011-02-26 00:34:00+00:00,-33.559273
2011-02-26 00:35:00+00:00,-33.604622
2011-02-26 00:36:00+00:00,-31.913412
2011-02-26 00:37:00+00:00,-28.514397
2011-02-26 00:38:00+00:00,-26.111231
2011-02-26 00:39:00+00:00,-25.56176
2011-02-26 00:40:00+00:00,-26.395823
2011-02-26 00:41:00+00:00,-27.156105
2011-02-26 00:42:00+00:00,-27.728056
2011-02-26 00:43:00+00:00,-28.009693
2011-02-26 00:44:00+00:00,-29.724068
2011-02-26 00:45:00+00:00,-32.648117
2011-02-26 00:46:00+00:00,-34.52832
2011-02-26 00:47:00+00:00,-36.276386
2011-02-26 00:48:00+00:00,-36.951286
2011-02-26 00:49:00+00:00,-36.764545
2011-02-26 00:50:00+00:00,-35.390358
2011-02-26 00:51:00+00:00,-31.940651
2011-02-26 00:52:00+00:00,-27.969486
2011-02-26 00:53:00+00:00,-25.535095
2011-02-26 00:54:00+00:00,-23.5177
2011-02-26 00:55:00+00:00,-23.185505
2011-02-26 00:56:00+00:00,-24.049904
2011-02-26 00:57:00+00:00,-24.114466
2011-02-26 00:58:00+00:00,-24.607372
2011-02-26 00:59:00+00:00,-25.409796
2011-02-26 01:00:00+00:00,-27.917892
2011-02-26 01:01:00+00:00,-28.835194
2011-02-26 01:02:00+00:00,-28.123386
2011-02-26 01:03:00+00:00,-27.804251
2011-02-26 01:04:00+00:00,-25.294472
2011-02-26 01:05:00+00:00,-24.239834
2011-02-26 01:06:00+00:00,-24.535553
2011-02-26 01:07:00+00:00,-27.558849
2011-02-26 01:08:00+00:00,-30.310415
2011-02-26 01:09:00+00:00,-30.940899
2011-02-26 01:10:00+00:00,-30.626787
2011-02-26 01:11:00+00:00,-30.62845
2011-02-26 01:12:00+00:00,-31.17794
2011-02-26 01:13:00+00:00,-33.029877
2011-02-26 01:14:00+00:00,-33.514576
2011-02-26 01:15:00+00:00,-34.696236
2011-02-26 01:16:00+00:00,-32.592659
2011-02-26 01:17:00+00:00,-30.337397
2011-02-26 01:18:00+00:00,-27.675779
2011-02-26 01:19:00+00:00,-27.707186
2011-02-26 01:20:00+00:00,-27.271667
2011-02-26 01:21:00+00:00,-25.029152
2011-02-26 01:22:00+00:00,-25.06871
2011-02-26 01:23:00+00:00,-26.396959
2011-02-26 01:24:00+00:00,-28.660578
2011-02-26 01:25:00+00:00,-29.384743
2011-02-26 01:26:00+00:00,-28.027065
2011-02-26 01:27:00+00:00,-26.067612
2011-02-26 01:28:00+00:00,-24.116529
2011-02-26 01:29:00+00:00,-22.457203
2011-02-26 01:30:00+00:00,-21.39607
2011-02-26 01:31:00+00:00,-21.877733
2011-02-26 01:32:00+00:00,-22.338604
2011-02-26 01:33:00+00:00,-22.716356
2011-02-26 01:34:00+00:00,-22.944405
2011-02-26 01:35:00+00:00,-23.509241
2011-02-26 01:36:00+00:00,-24.97319
2011-02-26 01:37:00+00:00,-25.268053
2011-02-26 01:38:00+00:00,-24.996202
2011-02-26 01:39:00+00:00,-23.355051
2011-02-26 01:40:00+00:00,-21.196007
2011-02-26 01:41:00+00:00,-18.741304
2011-02-26 01:42:00+00:00,-16.712202
2011-02-26 01:43:00+00:00,-16.17691
2011-02-26 01:44:00+00:00,-15.707825
2011-02-26 01:45:00+00:00,-15.888793
2011-02-26 01:46:00+00:00,-16.686733
2011-02-26 01:47:00+00:00,-17.881788
2011-02-26 01:48:00+00:00,-20.505323
2011-02-26 01:49:00+00:00,-19.855064
2011-02-26 01:50:00+00:00,-17.899874
2011-02-26 01:51:00+00:00,-16.019314
2011-02-26 01:52:00+00:00,-16.704163
2011-02-26 01:53:00+00:00,-16.857454
2011-02-26 01:54:00+00:00,-16.017241
2011-02-26 01:55:00+00:00,-18.654135
2011-02-26 01:56:00+00:00,-18.397625
2011-02-26 01:57:00+00:00,-17.484398
2011-02-26 01:58:00+00:00,-17.443485
2011-02-26 01:59:00+00:00,-17.112415
2011-02-26 02:00:00+00:00,-17.498035
2011-02-26 02:01:00+00:00,-18.327789
2011-02-26 02:02:00+00:00,-18.537235
2011-02-26 02:03:00+00:00,-18.711403
2011-02-26 02:04:00+00:00,-19.479095
2011-02-26 02:05:00+00:00,-22.095261
2011-02-26 02:06:00+00:00,-23.926014
2011-02-26 02:07:00+00:00,-25.89621
2011-02-26 02:08:00+00:00,-26.210848
2011-02-26 02:09:00+00:00,-25.311375
2011-02-26 02:10:00+00:00,-22.628378
2011-02-26 02:11:00+00:00,-19.962164
2011-02-26 02:12:00+00:00,-20.091545
2011-02-26 02:13:00+00:00,-22.269386
2011-02-26 02:14:00+00:00,-25.364853
2011-02-26 02:15:00+00:00,-27.977495
2011-02-26 02:16:00+00:00,-27.705969
2011-02-26 02:17:00+00:00,-26.489666
2011-02-26 02:18:00+00:00,-25.072754
2011-02-26 02:19:00+00:00,-22.750093
2011-02-26 02:20:00+00:00,-21.09495
2011-02-26 02:21:00+00:00,-20.961756
2011-02-26 02:22:00+00:00,-22.703074
2011-02-26 02:23:00+00:00,-24.437008
2011-02-26 02:24:00+00:00,-26.110847
2011-02-26 02:25:00+00:00,-27.36125
2011-02-26 02:26:00+00:00,-26.670153
2011-02-26 02:27:00+00:00,-24.77145
2011-02-26 02:28:00+00:00,-22.803743
2011-02-26 02:29:00+00:00,-19.961405
2011-02-26 02:30:00+00:00,-16.897682
2011-02-26 02:31:00+00:00,-13.217581
2011-02-26 02:32:00+00:00,-13.951311
2011-02-26 02:33:00+00:00,-14.83387
2011-02-26 02:34:00+00:00,-15.153564
2011-02-26 02:35:00+00:00,-14.651347
2011-02-26 02:36:00+00:00,-14.385057
2011-02-26 02:37:00+00:00,-14.389591
2011-02-26 02:38:00+00:00,-15.854862
2011-02-26 02:39:00+00:00,-17.417696
2011-02-26 02:40:00+00:00,-17.798376
2011-02-26 02:41:00+00:00,-16.775734
2011-02-26 02:42:00+00:00,-13.980163
2011-02-26 02:43:00+00:00,-14.660262
2011-02-26 02:44:00+00:00,-14.85044
2011-02-26 02:45:00+00:00,-14.782229
2011-02-26 02:46:00+00:00,-14.427068
2011-02-26 02:47:00+00:00,-13.458984
2011-03-05 00:00:00+00:00,-30.620235
2011-03-05 00:01:00+00:00,-46.34721
2011-03-05 00:02:00+00:00,-54.585732
2011-03-05 00:03:00+00:00,-50.662132
2011-03-05 00:04:00+00:00,-47.088959
2011-03-05 00:05:00+00:00,-49.023643
2011-03-05 00:06:00+00:00,-42.866379
2011-03-05 00:07:00+00:00,-41.105694
2011-03-05 00:08:00+00:00,-39.286266
2011-03-05 00:09:00+00:00,-38.049263
2011-03-05 00:10:00+00:00,-34.23439
2011-03-05 00:11:00+00:00,-27.398098
2011-03-05 00:12:00+00:00,-31.21933
2011-03-05 00:13:00+00:00,-44.395672
2011-03-05 00:14:00+00:00,-55.380672
2011-03-05 00:15:00+00:00,-79.74955
2011-03-05 00:16:00+00:00,-92.082458
2011-03-05 00:17:00+00:00,-96.339348
2011-03-05 00:18:00+00:00,-92.168762
2011-03-05 00:19:00+00:00,-93.292351
2011-03-05 00:20:00+00:00,-113.250267
2011-03-05 00:21:00+00:00,-135.414551
2011-03-05 00:22:00+00:00,-135.630035
2011-03-05 00:23:00+00:00,-111.609581
2011-03-05 00:24:00+00:00,-101.981186
2011-03-05 00:25:00+00:00,-103.320168
2011-03-05 00:26:00+00:00,-97.244591
2011-03-05 00:27:00+00:00,-68.909912
2011-03-05 00:28:00+00:00,-52.926388
2011-03-05 00:29:00+00:00,-46.419193
2011-03-05 00:30:00+00:00,-43.441936
2011-03-05 00:31:00+00:00,-47.049999
2011-03-05 00:32:00+00:00,-61.065067
2011-03-05 00:33:00+00:00,-74.67292
2011-03-05 00:34:00+00:00,-86.472054
2011-03-05 00:35:00+00:00,-95.21077
2011-03-05 00:36:00+00:00,-100.147697
2011-03-05 00:37:00+00:00,-80.799713
2011-03-05 00:38:00+00:00,-46.995743
2011-03-05 00:39:00+00:00,-49.670364
2011-03-05 00:40:00+00:00,-55.916771
2011-03-05 00:41:00+00:00,-59.109474
2011-03-05 00:42:00+00:00,-51.702564
2011-03-05 00:43:00+00:00,-53.226398
2011-03-05 00:44:00+00:00,-48.794239
2011-03-05 00:45:00+00:00,-40.632164
2011-03-05 00:46:00+00:00,-54.051407
2011-03-05 00:47:00+00:00,-70.241592
2011-03-05 00:48:00+00:00,-76.917496
2011-03-05 00:49:00+00:00,-83.758148
2011-03-05 00:50:00+00:00,-67.190514
2011-03-05 00:51:00+00:00,-53.040981
2011-03-05 00:52:00+00:00,-53.025063
2011-03-05 00:53:00+00:00,-44.818401
2011-03-05 00:54:00+00:00,-52.64307
2011-03-05 00:55:00+00:00,-56.341579
2011-03-05 00:56:00+00:00,-57.082684
2011-03-05 00:57:00+00:00,-70.90625
2011-03-05 00:58:00+00:00,-69.841835
2011-03-05 00:59:00+00:00,-66.623604
2011-03-05 01:00:00+00:00,-69.014542
2011-03-05 01:01:00+00:00,-68.731026
2011-03-05 01:02:00+00:00,-83.067398
2011-03-05 01:03:00+00:00,-102.254562
2011-03-05 01:04:00+00:00,-106.645805
2011-03-05 01:05:00+00:00,-111.278061
2011-03-05 01:06:00+00:00,-111.388802
2011-03-05 01:07:00+00:00,-114.586281
2011-03-05 01:08:00+00:00,-105.118706
2011-03-05 01:09:00+00:00,-105.313385
2011-03-05 01:10:00+00:00,-108.033203
2011-03-05 01:11:00+00:00,-109.477188
2011-03-05 01:12:00+00:00,-96.739555
2011-03-05 01:13:00+00:00,-96.279045
2011-03-05 01:14:00+00:00,-102.156944
2011-03-05 01:15:00+00:00,-104.425026
2011-03-05 01:16:00+00:00,-101.296257
2011-03-05 01:17:00+00:00,-105.179794
2011-03-05 01:18:00+00:00,-106.740189
2011-03-05 01:19:00+00:00,-111.565826
2011-03-05 01:20:00+00:00,-139.906204
2011-03-05 01:21:00+00:00,-184.988403
2011-03-05 01:22:00+00:00,-191.991608
2011-03-05 01:23:00+00:00,-199.316711
2011-03-05 01:24:00+00:00,-193.263763
2011-03-05 01:25:00+00:00,-202.886688
2011-03-05 01:26:00+00:00,-213.214355
2011-03-05 01:27:00+00:00,-180.533295
2011-03-05 01:28:00+00:00,-183.591202
2011-03-05 01:29:00+00:00,-179.359116
2011-03-05 01:30:00+00:00,-145.387497
2011-03-05 01:31:00+00:00,-97.61544
2011-03-05 01:32:00+00:00,-71.361191
2011-03-05 01:33:00+00:00,-77.53582
2011-03-05 01:34:00+00:00,-92.752502
2011-03-05 01:35:00+00:00,-95.374405
2011-03-05 01:36:00+00:00,-85.723892
2011-03-05 01:37:00+00:00,-121.322571
2011-03-05 01:38:00+00:00,-126.345078
2011-03-05 01:39:00+00:00,-120.619537
2011-03-05 01:40:00+00:00,-116.609833
2011-03-05 01:41:00+00:00,-86.455376
2011-03-05 01:42:00+00:00,-77.129898
2011-03-05 01:43:00+00:00,-71.488564
2011-03-05 01:44:00+00:00,-65.186813
2011-03-05 01:45:00+00:00,-57.213242
2011-03-05 01:46:00+00:00,-65.832367
2011-03-05 01:47:00+00:00,-82.593735
2011-03-05 01:48:00+00:00,-90.15535
2011-03-05 01:49:00+00:00,-100.325645
2011-03-05 01:50:00+00:00,-104.652504
2011-03-05 01:51:00+00:00,-93.714874
2011-03-05 01:52:00+00:00,-73.269615
2011-03-05 01:53:00+00:00,-55.41713
2011-03-05 01:54:00+00:00,-45.776302
2011-03-05 01:55:00+00:00,-48.229492
2011-03-05 01:56:00+00:00,-46.392612
2011-03-05 01:57:00+00:00,-58.134434
2011-03-05 01:58:00+00:00,-71.834534
2011-03-05 01:59:00+00:00,-82.722404
2011-03-05 02:00:00+00:00,-88.753441
2011-03-05 02:01:00+00:00,-116.409904
2011-03-05 02:02:00+00:00,-124.454109
2011-03-05 02:03:00+00:00,-114.67804
2011-03-05 02:04:00+00:00,-110.310043
2011-03-05 02:05:00+00:00,-94.998528
2011-03-05 02:06:00+00:00,-77.710129
2011-03-05 02:07:00+00:00,-64.380348
2011-03-05 02:08:00+00:00,-53.964138
2011-03-05 02:09:00+00:00,-59.219223
2011-03-05 02:10:00+00:00,-71.250977
2011-03-05 02:11:00+00:00,-75.196014
2011-03-05 02:12:00+00:00,-68.997604
2011-03-05 02:13:00+00:00,-54.814827
2011-03-05 02:14:00+00:00,-50.296024
2011-03-05 02:15:00+00:00,-56.427425
2011-03-05 02:16:00+00:00,-59.129837
2011-03-05 02:17:00+00:00,-54.777176
2011-03-05 02:18:00+00:00,-49.433815
2011-03-05 02:19:00+00:00,-55.414085
2011-03-05 02:20:00+00:00,-54.949368
2011-03-05 02:21:00+00:00,-45.004368
2011-03-05 02:22:00+00:00,-45.547791
2011-03-05 02:23:00+00:00,-45.523815
2011-03-05 02:24:00+00:00,-43.386467
2011-03-05 02:25:00+00:00,-42.728485
2011-03-05 02:26:00+00:00,-42.932476
2011-03-05 02:27:00+00:00,-44.866631
2011-03-05 02:28:00+00:00,-55.10688
2011-03-05 02:29:00+00:00,-80.549782
2011-03-05 02:30:00+00:00,-109.471405
2011-03-05 02:31:00+00:00,-124.403984
2011-03-05 02:32:00+00:00,-126.758209
2011-03-05 02:33:00+00:00,-111.084038
2011-03-05 02:34:00+00:00,-85.610649
2011-03-05 02:35:00+00:00,-58.767914
2011-03-05 02:36:00+00:00,-43.496334
2011-03-05 02:37:00+00:00,-43.305191
2011-03-05 02:38:00+00:00,-53.813065
2011-03-05 02:39:00+00:00,-55.931522
2011-03-05 02:40:00+00:00,-51.956188
2011-03-05 02:41:00+00:00,-51.945557
2011-03-05 02:42:00+00:00,-52.630161
2011-03-05 02:43:00+00:00,-44.263882
2011-03-05 02:44:00+00:00,-46.091419
2011-03-05 02:45:00+00:00,-44.823914
2011-03-05 02:46:00+00:00,-46.607765
2011-03-05 02:47:00+00:00,-46.91383
2011-03-12 00:00:00+00:00,-787.524963
2011-03-12 00:01:00+00:00,-664.949707
2011-03-12 00:02:00+00:00,-622.354797
2011-03-12 00:03:00+00:00,-574.139832
2011-03-12 00:04:00+00:00,-595.230591
2011-03-12 00:05:00+00:00,-579.750061
2011-03-12 00:06:00+00:00,-575.124268
2011-03-12 00:07:00+00:00,-599.292175
2011-03-12 00:08:00+00:00,-658.795288
2011-03-12 00:09:00+00:00,-675.491699
2011-03-12 00:10:00+00:00,-714.637207
2011-03-12 00:11:00+00:00,-751.704102
2011-03-12 00:12:00+00:00,-773.820312
2011-03-12 00:13:00+00:00,-743.766724
2011-03-12 00:14:00+00:00,-728.244446
2011-03-12 00:15:00+00:00,-702.465149
2011-03-12 00:16:00+00:00,-711.848633
2011-03-12 00:17:00+00:00,-722.174927
2011-03-12 00:18:00+00:00,-693.121582
2011-03-12 00:19:00+00:00,-678.54187
2011-03-12 00:20:00+00:00,-639.743408
2011-03-12 00:21:00+00:00,-586.765808
2011-03-12 00:22:00+00:00,-546.525269
2011-03-12 00:23:00+00:00,-483.037231
2011-03-12 00:24:00+00:00,-470.50592
2011-03-12 00:25:00+00:00,-451.937988
2011-03-12 00:26:00+00:00,-426.477692
2011-03-12 00:27:00+00:00,-419.541473
2011-03-12 00:28:00+00:00,-423.802063
2011-03-12 00:29:00+00:00,-436.373627
2011-03-12 00:30:00+00:00,-470.218506
2011-03-12 00:31:00+00:00,-492.210175
2011-03-12 00:32:00+00:00,-507.284576
2011-03-12 00:33:00+00:00,-519.379639
2011-03-12 00:34:00+00:00,-515.541809
2011-03-12 00:35:00+00:00,-496.485413
2011-03-12 00:36:00+00:00,-482.796875
2011-03-12 00:37:00+00:00,-460.901245
2011-03-12 00:38:00+00:00,-456.697144
2011-03-12 00:39:00+00:00,-458.767212
2011-03-12 00:40:00+00:00,-479.089325
2011-03-12 00:41:00+00:00,-461.542023
2011-03-12 00:42:00+00:00,-447.988007
2011-03-12 00:43:00+00:00,-418.713989
2011-03-12 00:44:00+00:00,-338.968384
2011-03-12 00:45:00+00:00,-289.906097
2011-03-12 00:46:00+00:00,-284.909912
2011-03-12 00:47:00+00:00,-287.642914
2011-03-12 00:48:00+00:00,-291.172028
2011-03-12 00:49:00+00:00,-300.309296
2011-03-12 00:50:00+00:00,-310.66687
2011-03-12 00:51:00+00:00,-331.545288
2011-03-12 00:52:00+00:00,-335.317108
2011-03-12 00:53:00+00:00,-335.291168
2011-03-12 00:54:00+00:00,-328.06134
2011-03-12 00:55:00+00:00,-325.956024
2011-03-12 00:56:00+00:00,-340.809418
2011-03-12 00:57:00+00:00,-358.82962
2011-03-12 00:58:00+00:00,-376.071777
2011-03-12 00:59:00+00:00,-396.965454
2011-03-12 01:00:00+00:00,-435.879425
2011-03-12 01:01:00+00:00,-454.69989
2011-03-12 01:02:00+00:00,-464.327606
2011-03-12 01:03:00+00:00,-474.967102
2011-03-12 01:04:00+00:00,-496.910126
2011-03-12 01:05:00+00:00,-519.751587
2011-03-12 01:06:00+00:00,-520.62323
2011-03-12 01:07:00+00:00,-496.372314
2011-03-12 01:08:00+00:00,-482.33432
2011-03-12 01:09:00+00:00,-443.185089
2011-03-12 01:10:00+00:00,-432.14328
2011-03-12 01:11:00+00:00,-420.98349
2011-03-12 01:12:00+00:00,-402.852997
2011-03-12 01:13:00+00:00,-393.731079
2011-03-12 01:14:00+00:00,-406.043945
2011-03-12 01:15:00+00:00,-405.835114
2011-03-12 01:16:00+00:00,-382.270691
2011-03-12 01:17:00+00:00,-357.066986
2011-03-12 01:18:00+00:00,-336.672058
2011-03-12 01:19:00+00:00,-328.056152
2011-03-12 01:20:00+00:00,-325.241455
2011-03-12 01:21:00+00:00,-353.5672
2011-03-12 01:22:00+00:00,-364.018433
2011-03-12 01:23:00+00:00,-369.037445
2011-03-12 01:24:00+00:00,-374.164917
2011-03-12 01:25:00+00:00,-374.322601
2011-03-12 01:26:00+00:00,-369.461426
2011-03-12 01:27:00+00:00,-353.349792
2011-03-12 01:28:00+00:00,-338.915222
2011-03-12 01:29:00+00:00,-336.523743
2011-03-12 01:30:00+00:00,-333.889008
2011-03-12 01:31:00+00:00,-342.387817
2011-03-12 01:32:00+00:00,-345.712433
2011-03-12 01:33:00+00:00,-353.883087
2011-03-12 01:34:00+00:00,-344.615479
2011-03-12 01:35:00+00:00,-344.452271
2011-03-12 01:36:00+00:00,-357.453491
2011-03-12 01:37:00+00:00,-378.150818
2011-03-12 01:38:00+00:00,-413.550995
2011-03-12 01:39:00+00:00,-422.582306
2011-03-12 01:40:00+00:00,-419.277527
2011-03-12 01:41:00+00:00,-420.729431
2011-03-12 01:42:00+00:00,-421.355316
2011-03-12 01:43:00+00:00,-423.707428
2011-03-12 01:44:00+00:00,-424.686493
2011-03-12 01:45:00+00:00,-419.339569
2011-03-12 01:46:00+00:00,-397.013428
2011-03-12 01:47:00+00:00,-380.034943
2011-03-12 01:48:00+00:00,-381.541351
2011-03-12 01:49:00+00:00,-388.282654
2011-03-12 01:50:00+00:00,-394.159332
2011-03-12 01:51:00+00:00,-382.970947
2011-03-12 01:52:00+00:00,-365.633179
2011-03-12 01:53:00+00:00,-350.128204
2011-03-12 01:54:00+00:00,-339.635712
2011-03-12 01:55:00+00:00,-342.072693
2011-03-12 01:56:00+00:00,-344.22464
2011-03-12 01:57:00+00:00,-336.617584
2011-03-12 01:58:00+00:00,-328.765045
2011-03-12 01:59:00+00:00,-326.73114
2011-03-12 02:00:00+00:00,-326.692841
2011-03-12 02:01:00+00:00,-328.469666
2011-03-12 02:02:00+00:00,-328.525574
2011-03-12 02:03:00+00:00,-350.807831
2011-03-12 02:04:00+00:00,-349.504791
2011-03-12 02:05:00+00:00,-322.451447
2011-03-12 02:06:00+00:00,-302.77597
2011-03-12 02:07:00+00:00,-290.801727
2011-03-12 02:08:00+00:00,-275.055695
2011-03-12 02:09:00+00:00,-291.29007
2011-03-12 02:10:00+00:00,-316.393402
2011-03-12 02:11:00+00:00,-335.870331
2011-03-12 02:12:00+00:00,-333.489929
2011-03-12 02:13:00+00:00,-342.360046
2011-03-12 02:14:00+00:00,-365.503693
2011-03-12 02:15:00+00:00,-405.335358
2011-03-12 02:16:00+00:00,-399.583069
2011-03-12 02:17:00+00:00,-390.830322
2011-03-12 02:18:00+00:00,-393.152832
2011-03-12 02:19:00+00:00,-428.478729
2011-03-12 02:20:00+00:00,-486.263641
2011-03-12 02:21:00+00:00,-497.18869
2011-03-12 02:22:00+00:00,-518.540222
2011-03-12 02:23:00+00:00,-513.533386
2011-03-12 02:24:00+00:00,-489.729126
2011-03-12 02:25:00+00:00,-437.445374
2011-03-12 02:26:00+00:00,-406.487244
2011-03-12 02:27:00+00:00,-366.540833
2011-03-12 02:28:00+00:00,-322.051819
2011-03-12 02:29:00+00:00,-276.913391
2011-03-12 02:30:00+00:00,-236.093719
2011-03-12 02:31:00+00:00,-223.975952
2011-03-12 02:32:00+00:00,-224.093582
2011-03-12 02:33:00+00:00,-213.36618
2011-03-12 02:34:00+00:00,-203.326385
2011-03-12 02:35:00+00:00,-191.883057
2011-03-12 02:36:00+00:00,-183.070801
2011-03-12 02:37:00+00:00,-177.680954
2011-03-12 02:38:00+00:00,-167.180695
2011-03-12 02:39:00+00:00,-166.963974
2011-03-12 02:40:00+00:00,-163.976761
2011-03-12 02:41:00+00:00,-163.035873
2011-03-12 02:42:00+00:00,-160.386108
2011-03-12 02:43:00+00:00,-163.3936
2011-03-12 02:44:00+00:00,-156.961853
2011-03-12 02:45:00+00:00,-162.427673
2011-03-12 02:46:00+00:00,-158.905502
2011-03-12 02:47:00+00:00,-163.011963
2011-03-19 00:00:00+00:00,-41.003273
2011-03-19 00:01:00+00:00,-39.599922
2011-03-19 00:02:00+00:00,-38.586456
2011-03-19 00:03:00+00:00,-37.265873
2011-03-19 00:04:00+00:00,-36.510101
2011-03-19 00:05:00+00:00,-35.519089
2011-03-19 00:06:00+00:00,-34.480175
2011-03-19 00:07:00+00:00,-33.741325
2011-03-19 00:08:00+00:00,-32.284874
2011-03-19 00:09:00+00:00,-30.145128
2011-03-19 00:10:00+00:00,-27.752655
2011-03-19 00:11:00+00:00,-25.695656
2011-03-19 00:12:00+00:00,-24.158606
2011-03-19 00:13:00+00:00,-24.47283
2011-03-19 00:14:00+00:00,-22.497732
2011-03-19 00:15:00+00:00,-21.800741
2011-03-19 00:16:00+00:00,-22.274864
2011-03-19 00:17:00+00:00,-22.308887
2011-03-19 00:18:00+00:00,-22.921249
2011-03-19 00:19:00+00:00,-23.899361
2011-03-19 00:20:00+00:00,-25.148792
2011-03-19 00:21:00+00:00,-27.20014
2011-03-19 00:22:00+00:00,-28.51123
2011-03-19 00:23:00+00:00,-28.239956
2011-03-19 00:24:00+00:00,-27.870247
2011-03-19 00:25:00+00:00,-28.677212
2011-03-19 00:26:00+00:00,-29.563507
2011-03-19 00:27:00+00:00,-30.379736
2011-03-19 00:28:00+00:00,-29.935328
2011-03-19 00:29:00+00:00,-28.959351
2011-03-19 00:30:00+00:00,-28.69186
2011-03-19 00:31:00+00:00,-27.904327
2011-03-19 00:32:00+00:00,-27.834026
2011-03-19 00:33:00+00:00,-27.56398
2011-03-19 00:34:00+00:00,-27.382694
2011-03-19 00:35:00+00:00,-27.264299
2011-03-19 00:36:00+00:00,-27.236578
2011-03-19 00:37:00+00:00,-28.126154
2011-03-19 00:38:00+00:00,-28.834715
2011-03-19 00:39:00+00:00,-29.660801
2011-03-19 00:40:00+00:00,-31.70388
2011-03-19 00:41:00+00:00,-33.652882
2011-03-19 00:42:00+00:00,-34.400108
2011-03-19 00:43:00+00:00,-34.598801
2011-03-19 00:44:00+00:00,-33.471371
2011-03-19 00:45:00+00:00,-32.375206
2011-03-19 00:46:00+00:00,-31.666847
2011-03-19 00:47:00+00:00,-31.797619
2011-03-19 00:48:00+00:00,-30.294506
2011-03-19 00:49:00+00:00,-32.766438
2011-03-19 00:50:00+00:00,-32.613091
2011-03-19 00:51:00+00:00,-30.013691
2011-03-19 00:52:00+00:00,-30.354519
2011-03-19 00:53:00+00:00,-30.49625
2011-03-19 00:54:00+00:00,-28.457542
2011-03-19 00:55:00+00:00,-29.00491
2011-03-19 00:56:00+00:00,-29.044559
2011-03-19 00:57:00+00:00,-27.76618
2011-03-19 00:58:00+00:00,-28.656469
2011-03-19 00:59:00+00:00,-29.160519
2011-03-19 01:00:00+00:00,-28.95505
2011-03-19 01:01:00+00:00,-29.311396
2011-03-19 01:02:00+00:00,-31.351189
2011-03-19 01:03:00+00:00,-31.758263
2011-03-19 01:04:00+00:00,-30.757784
2011-03-19 01:05:00+00:00,-31.129612
2011-03-19 01:06:00+00:00,-32.25032
2011-03-19 01:07:00+00:00,-33.449097
2011-03-19 01:08:00+00:00,-34.147255
2011-03-19 01:09:00+00:00,-34.468697
2011-03-19 01:10:00+00:00,-34.944633
2011-03-19 01:11:00+00:00,-35.600052
2011-03-19 01:12:00+00:00,-37.215023
2011-03-19 01:13:00+00:00,-37.371231
2011-03-19 01:14:00+00:00,-36.170063
2011-03-19 01:15:00+00:00,-35.637489
2011-03-19 01:16:00+00:00,-34.301025
2011-03-19 01:17:00+00:00,-35.060562
2011-03-19 01:18:00+00:00,-38.64505
2011-03-19 01:19:00+00:00,-31.985365
2011-03-19 01:20:00+00:00,-27.518162
2011-03-19 01:21:00+00:00,-26.211758
2011-03-19 01:22:00+00:00,-25.270828
2011-03-19 01:23:00+00:00,-25.073057
2011-03-19 01:24:00+00:00,-24.438463
2011-03-19 01:25:00+00:00,-39.521095
2011-03-19 01:26:00+00:00,-25.526237
2011-03-19 01:27:00+00:00,-31.438053
2011-03-19 01:28:00+00:00,-43.650246
2011-03-19 01:29:00+00:00,-59.94376
2011-03-19 01:30:00+00:00,-79.020767
2011-03-19 01:31:00+00:00,-88.877197
2011-03-19 01:32:00+00:00,-84.594543
2011-03-19 01:33:00+00:00,-54.255867
2011-03-19 01:34:00+00:00,-43.865601
2011-03-19 01:35:00+00:00,-70.764481
2011-03-19 01:36:00+00:00,-111.213013
2011-03-19 01:37:00+00:00,-130.085449
2011-03-19 01:38:00+00:00,-85.822098
2011-03-19 01:39:00+00:00,-81.784431
2011-03-19 01:40:00+00:00,-85.845398
2011-03-19 01:41:00+00:00,-105.428802
2011-03-19 01:42:00+00:00,-123.898819
2011-03-19 01:43:00+00:00,-130.351257
2011-03-19 01:44:00+00:00,-95.793861
2011-03-19 01:45:00+00:00,-78.631866
2011-03-19 01:46:00+00:00,-79.008743
2011-03-19 01:47:00+00:00,-95.375778
2011-03-19 01:48:00+00:00,-89.319801
2011-03-19 01:49:00+00:00,-77.317406
2011-03-19 01:50:00+00:00,-73.265793
2011-03-19 01:51:00+00:00,-66.370811
2011-03-19 01:52:00+00:00,-65.417572
2011-03-19 01:53:00+00:00,-69.844246
2011-03-19 01:54:00+00:00,-81.298599
2011-03-19 01:55:00+00:00,-82.29464
2011-03-19 01:56:00+00:00,-78.740547
2011-03-19 01:57:00+00:00,-62.490696
2011-03-19 01:58:00+00:00,-53.752308
2011-03-19 01:59:00+00:00,-48.407089
2011-03-19 02:00:00+00:00,-39.268501
2011-03-19 02:01:00+00:00,-35.402897
2011-03-19 02:02:00+00:00,-35.060287
2011-03-19 02:03:00+00:00,-33.501587
2011-03-19 02:04:00+00:00,-32.820671
2011-03-19 02:05:00+00:00,-33.58688
2011-03-19 02:06:00+00:00,-35.492844
2011-03-19 02:07:00+00:00,-34.917648
2011-03-19 02:08:00+00:00,-35.622528
2011-03-19 02:09:00+00:00,-36.418583
2011-03-19 02:10:00+00:00,-37.239006
2011-03-19 02:11:00+00:00,-38.427143
2011-03-19 02:12:00+00:00,-39.035351
2011-03-19 02:13:00+00:00,-39.161301
2011-03-19 02:14:00+00:00,-39.614185
2011-03-19 02:15:00+00:00,-39.919952
2011-03-19 02:16:00+00:00,-39.838993
2011-03-19 02:17:00+00:00,-38.111027
2011-03-19 02:18:00+00:00,-33.957371
2011-03-19 02:19:00+00:00,-37.751717
2011-03-19 02:20:00+00:00,-41.734039
2011-03-19 02:21:00+00:00,-56.340969
2011-03-19 02:22:00+00:00,-64.146591
2011-03-19 02:23:00+00:00,-104.055283
2011-03-19 02:24:00+00:00,-85.226387
2011-03-19 02:25:00+00:00,-81.592003
2011-03-19 02:26:00+00:00,-103.154099
2011-03-19 02:27:00+00:00,-101.753967
2011-03-19 02:28:00+00:00,-77.890778
2011-03-19 02:29:00+00:00,-92.826706
2011-03-19 02:30:00+00:00,-107.469978
2011-03-19 02:31:00+00:00,-105.199677
2011-03-19 02:32:00+00:00,-67.735359
2011-03-19 02:33:00+00:00,-66.593445
2011-03-19 02:34:00+00:00,-87.347061
2011-03-19 02:35:00+00:00,-94.36647
2011-03-19 02:36:00+00:00,-90.458824
2011-03-19 02:37:00+00:00,-85.9552
2011-03-19 02:38:00+00:00,-83.804474
2011-03-19 02:39:00+00:00,-87.169518
2011-03-19 02:40:00+00:00,-85.271645
2011-03-19 02:41:00+00:00,-78.651886
2011-03-19 02:42:00+00:00,-75.034615
2011-03-19 02:43:00+00:00,-72.596176
2011-03-19 02:44:00+00:00,-72.703476
2011-03-19 02:45:00+00:00,-68.06456
2011-03-19 02:46:00+00:00,-58.579674
2011-03-19 02:47:00+00:00,-55.939598
2011-03-26 00:00:00+00:00,-77.7323
2011-03-26 00:01:00+00:00,-76.383438
2011-03-26 00:02:00+00:00,-80.70108
2011-03-26 00:03:00+00:00,-92.647148
2011-03-26 00:04:00+00:00,-102.374664
2011-03-26 00:05:00+00:00,-83.520897
2011-03-26 00:06:00+00:00,-85.233971
2011-03-26 00:07:00+00:00,-70.122276
2011-03-26 00:08:00+00:00,-75.339821
2011-03-26 00:09:00+00:00,-75.478912
2011-03-26 00:10:00+00:00,-62.009972
2011-03-26 00:11:00+00:00,-52.873405
2011-03-26 00:12:00+00:00,-60.060146
2011-03-26 00:13:00+00:00,-66.58342
2011-03-26 00:14:00+00:00,-79.615746
2011-03-26 00:15:00+00:00,-73.931549
2011-03-26 00:16:00+00:00,-68.882141
2011-03-26 00:17:00+00:00,-71.141785
2011-03-26 00:18:00+00:00,-70.344017
2011-03-26 00:19:00+00:00,-61.927101
2011-03-26 00:20:00+00:00,-58.088692
2011-03-26 00:21:00+00:00,-55.01899
2011-03-26 00:22:00+00:00,-58.762901
2011-03-26 00:23:00+00:00,-77.959854
2011-03-26 00:24:00+00:00,-79.710815
2011-03-26 00:25:00+00:00,-66.706978
2011-03-26 00:26:00+00:00,-56.299881
2011-03-26 00:27:00+00:00,-47.307663
2011-03-26 00:28:00+00:00,-32.377186
2011-03-26 00:29:00+00:00,-26.157291
2011-03-26 00:30:00+00:00,-27.563969
2011-03-26 00:31:00+00:00,-37.377598
2011-03-26 00:32:00+00:00,-40.043018
2011-03-26 00:33:00+00:00,-38.386002
2011-03-26 00:34:00+00:00,-39.194195
2011-03-26 00:35:00+00:00,-39.031921
2011-03-26 00:36:00+00:00,-36.950974
2011-03-26 00:37:00+00:00,-34.239357
2011-03-26 00:38:00+00:00,-31.381496
2011-03-26 00:39:00+00:00,-31.253334
2011-03-26 00:40:00+00:00,-33.407074
2011-03-26 00:41:00+00:00,-29.879488
2011-03-26 00:42:00+00:00,-26.90028
2011-03-26 00:43:00+00:00,-30.72949
2011-03-26 00:44:00+00:00,-28.539326
2011-03-26 00:45:00+00:00,-32.964428
2011-03-26 00:46:00+00:00,-38.203339
2011-03-26 00:47:00+00:00,-42.963692
2011-03-26 00:48:00+00:00,-48.301178
2011-03-26 00:49:00+00:00,-48.401348
2011-03-26 00:50:00+00:00,-50.515133
2011-03-26 00:51:00+00:00,-52.389614
2011-03-26 00:52:00+00:00,-50.180058
2011-03-26 00:53:00+00:00,-49.0271
2011-03-26 00:54:00+00:00,-50.084011
2011-03-26 00:55:00+00:00,-45.087132
2011-03-26 00:56:00+00:00,-37.782551
2011-03-26 00:57:00+00:00,-34.756207
2011-03-26 00:58:00+00:00,-31.054937
2011-03-26 00:59:00+00:00,-27.1143
2011-03-26 01:00:00+00:00,-23.848347
2011-03-26 01:01:00+00:00,-21.399706
2011-03-26 01:02:00+00:00,-20.582867
2011-03-26 01:03:00+00:00,-19.767948
2011-03-26 01:04:00+00:00,-18.518553
2011-03-26 01:05:00+00:00,-18.486366
2011-03-26 01:06:00+00:00,-17.523296
2011-03-26 01:07:00+00:00,-15.967715
2011-03-26 01:08:00+00:00,-16.230541
2011-03-26 01:09:00+00:00,-17.498808
2011-03-26 01:10:00+00:00,-18.697632
2011-03-26 01:11:00+00:00,-18.782558
2011-03-26 01:12:00+00:00,-18.383141
2011-03-26 01:13:00+00:00,-19.281717
2011-03-26 01:14:00+00:00,-19.003344
2011-03-26 01:15:00+00:00,-18.045557
2011-03-26 01:16:00+00:00,-17.915369
2011-03-26 01:17:00+00:00,-19.284733
2011-03-26 01:18:00+00:00,-21.492687
2011-03-26 01:19:00+00:00,-25.059923
2011-03-26 01:20:00+00:00,-27.165211
2011-03-26 01:21:00+00:00,-27.555315
2011-03-26 01:22:00+00:00,-26.806385
2011-03-26 01:23:00+00:00,-25.267733
2011-03-26 01:24:00+00:00,-23.302683
2011-03-26 01:25:00+00:00,-21.463673
2011-03-26 01:26:00+00:00,-19.693552
2011-03-26 01:27:00+00:00,-18.727375
2011-03-26 01:28:00+00:00,-18.855709
2011-03-26 01:29:00+00:00,-18.091442
2011-03-26 01:30:00+00:00,-17.227652
2011-03-26 01:31:00+00:00,-16.881792
2011-03-26 01:32:00+00:00,-17.775311
2011-03-26 01:33:00+00:00,-18.852375
2011-03-26 01:34:00+00:00,-20.372864
2011-03-26 01:35:00+00:00,-21.939127
2011-03-26 01:36:00+00:00,-21.766958
2011-03-26 01:37:00+00:00,-20.68244
2011-03-26 01:38:00+00:00,-19.201912
2011-03-26 01:39:00+00:00,-16.837057
2011-03-26 01:40:00+00:00,-15.258228
2011-03-26 01:41:00+00:00,-14.257371
2011-03-26 01:42:00+00:00,-15.246096
2011-03-26 01:43:00+00:00,-16.236645
2011-03-26 01:44:00+00:00,-16.228874
2011-03-26 01:45:00+00:00,-16.220869
2011-03-26 01:46:00+00:00,-15.216516
2011-03-26 01:47:00+00:00,-16.214024
2011-03-26 01:48:00+00:00,-17.213348
2011-03-26 01:49:00+00:00,-17.216515
2011-03-26 01:50:00+00:00,-16.219608
2011-03-26 01:51:00+00:00,-17.224627
2011-03-26 01:52:00+00:00,-18.231598
2011-03-26 01:53:00+00:00,-17.238756
2011-03-26 01:54:00+00:00,-18.249775
2011-03-26 01:55:00+00:00,-17.262852
2011-03-26 01:56:00+00:00,-18.278021
2011-03-26 01:57:00+00:00,-18.295589
2011-03-26 01:58:00+00:00,-18.315079
2011-03-26 01:59:00+00:00,-20.040663
2011-03-26 02:00:00+00:00,-21.566525
2011-03-26 02:01:00+00:00,-22.287117
2011-03-26 02:02:00+00:00,-21.912142
2011-03-26 02:03:00+00:00,-20.645004
2011-03-26 02:04:00+00:00,-19.28385
2011-03-26 02:05:00+00:00,-17.809393
2011-03-26 02:06:00+00:00,-16.874115
2011-03-26 02:07:00+00:00,-16.593691
2011-03-26 02:08:00+00:00,-16.636683
2011-03-26 02:09:00+00:00,-16.681108
2011-03-26 02:10:00+00:00,-16.729469
2011-03-26 02:11:00+00:00,-16.777798
2011-03-26 02:12:00+00:00,-16.828737
2011-03-26 02:13:00+00:00,-17.880753
2011-03-26 02:14:00+00:00,-16.934509
2011-03-26 02:15:00+00:00,-16.989944
2011-03-26 02:16:00+00:00,-18.045898
2011-03-26 02:17:00+00:00,-18.104534
2011-03-26 02:18:00+00:00,-18.164669
2011-03-26 02:19:00+00:00,-18.22716
2011-03-26 02:20:00+00:00,-18.290131
2011-03-26 02:21:00+00:00,-18.354416
2011-03-26 02:22:00+00:00,-17.478409
2011-03-26 02:23:00+00:00,-18.940357
2011-03-26 02:24:00+00:00,-18.557537
2011-03-26 02:25:00+00:00,-17.838852
2011-03-26 02:26:00+00:00,-17.694534
2011-03-26 02:27:00+00:00,-17.76652
2011-03-26 02:28:00+00:00,-18.02796
2011-03-26 02:29:00+00:00,-20.076046
2011-03-26 02:30:00+00:00,-20.214495
2011-03-26 02:31:00+00:00,-18.607584
2011-03-26 02:32:00+00:00,-17.1373
2011-03-26 02:33:00+00:00,-17.219978
2011-03-26 02:34:00+00:00,-17.301788
2011-03-26 02:35:00+00:00,-16.38419
2011-03-26 02:36:00+00:00,-16.468281
2011-03-26 02:37:00+00:00,-16.553989
2011-03-26 02:38:00+00:00,-16.642532
2011-03-26 02:39:00+00:00,-16.73127
2011-03-26 02:40:00+00:00,-15.821398
2011-03-26 02:41:00+00:00,-16.912844
2011-03-26 02:42:00+00:00,-17.006903
2011-03-26 02:43:00+00:00,-17.100777
2011-03-26 02:44:00+00:00,-17.19574
2011-03-26 02:45:00+00:00,-16.291723
2011-03-26 02:46:00+00:00,-17.390083
2011-03-26 02:47:00+00:00,-16.48789
2011-04-02 00:00:00+00:00,-380.161285
2011-04-02 00:01:00+00:00,-382.620483
2011-04-02 00:02:00+00:00,-399.978851
2011-04-02 00:03:00+00:00,-411.068481
2011-04-02 00:04:00+00:00,-420.067017
2011-04-02 00:05:00+00:00,-431.556854
2011-04-02 00:06:00+00:00,-430.660919
2011-04-02 00:07:00+00:00,-438.320129
2011-04-02 00:08:00+00:00,-484.285309
2011-04-02 00:09:00+00:00,-442.595764
2011-04-02 00:10:00+00:00,-441.731293
2011-04-02 00:11:00+00:00,-444.031433
2011-04-02 00:12:00+00:00,-437.070007
2011-04-02 00:13:00+00:00,-410.965607
2011-04-02 00:14:00+00:00,-405.255157
2011-04-02 00:15:00+00:00,-400.398621
2011-04-02 00:16:00+00:00,-395.93631
2011-04-02 00:17:00+00:00,-387.783234
2011-04-02 00:18:00+00:00,-376.731537
2011-04-02 00:19:00+00:00,-378.803345
2011-04-02 00:20:00+00:00,-389.03183
2011-04-02 00:21:00+00:00,-391.080963
2011-04-02 00:22:00+00:00,-391.800262
2011-04-02 00:23:00+00:00,-373.834534
2011-04-02 00:24:00+00:00,-370.186523
2011-04-02 00:25:00+00:00,-378.592926
2011-04-02 00:26:00+00:00,-415.233948
2011-04-02 00:27:00+00:00,-451.510406
2011-04-02 00:28:00+00:00,-472.760193
2011-04-02 00:29:00+00:00,-466.090759
2011-04-02 00:30:00+00:00,-418.684814
2011-04-02 00:31:00+00:00,-366.18869
2011-04-02 00:32:00+00:00,-400.86084
2011-04-02 00:33:00+00:00,-413.327972
2011-04-02 00:34:00+00:00,-458.03244
2011-04-02 00:35:00+00:00,-445.827881
2011-04-02 00:36:00+00:00,-476.130249
2011-04-02 00:37:00+00:00,-573.208496
2011-04-02 00:38:00+00:00,-545.22052
2011-04-02 00:39:00+00:00,-561.63916
2011-04-02 00:40:00+00:00,-674.00238
2011-04-02 00:41:00+00:00,-745.524536
2011-04-02 00:42:00+00:00,-666.821533
2011-04-02 00:43:00+00:00,-582.128235
2011-04-02 00:44:00+00:00,-588.582886
2011-04-02 00:45:00+00:00,-575.074951
2011-04-02 00:46:00+00:00,-571.24176
2011-04-02 00:47:00+00:00,-590.195862
2011-04-02 00:48:00+00:00,-552.17572
2011-04-02 00:49:00+00:00,-517.407715
2011-04-02 00:50:00+00:00,-409.963318
2011-04-02 00:51:00+00:00,-395.803833
2011-04-02 00:52:00+00:00,-396.283539
2011-04-02 00:53:00+00:00,-405.254425
2011-04-02 00:54:00+00:00,-414.228271
2011-04-02 00:55:00+00:00,-449.237854
2011-04-02 00:56:00+00:00,-482.206085
2011-04-02 00:57:00+00:00,-451.177643
2011-04-02 00:58:00+00:00,-460.909668
2011-04-02 00:59:00+00:00,-558.013611
2011-04-02 01:00:00+00:00,-548.228394
2011-04-02 01:01:00+00:00,-569.678528
2011-04-02 01:02:00+00:00,-518.91156
2011-04-02 01:03:00+00:00,-400.097595
2011-04-02 01:04:00+00:00,-400.253265
2011-04-02 01:05:00+00:00,-388.106842
2011-04-02 01:06:00+00:00,-399.39978
2011-04-02 01:07:00+00:00,-398.541779
2011-04-02 01:08:00+00:00,-402.206848
2011-04-02 01:09:00+00:00,-376.618805
2011-04-02 01:10:00+00:00,-345.750031
2011-04-02 01:11:00+00:00,-338.143463
2011-04-02 01:12:00+00:00,-340.576111
2011-04-02 01:13:00+00:00,-341.585083
2011-04-02 01:14:00+00:00,-321.571472
2011-04-02 01:15:00+00:00,-309.027161
2011-04-02 01:16:00+00:00,-305.854034
2011-04-02 01:17:00+00:00,-315.337616
2011-04-02 01:18:00+00:00,-329.774933
2011-04-02 01:19:00+00:00,-336.926025
2011-04-02 01:20:00+00:00,-328.55835
2011-04-02 01:21:00+00:00,-321.36554
2011-04-02 01:22:00+00:00,-302.161499
2011-04-02 01:23:00+00:00,-338.273193
2011-04-02 01:24:00+00:00,-353.519501
2011-04-02 01:25:00+00:00,-331.731445
2011-04-02 01:26:00+00:00,-319.450714
2011-04-02 01:27:00+00:00,-319.832092
2011-04-02 01:28:00+00:00,-352.417145
2011-04-02 01:29:00+00:00,-370.395233
2011-04-02 01:30:00+00:00,-358.774536
2011-04-02 01:31:00+00:00,-385.956024
2011-04-02 01:32:00+00:00,-392.356476
2011-04-02 01:33:00+00:00,-374.99585
2011-04-02 01:34:00+00:00,-357.923004
2011-04-02 01:35:00+00:00,-356.127716
2011-04-02 01:36:00+00:00,-359.744629
2011-04-02 01:37:00+00:00,-360.896942
2011-04-02 01:38:00+00:00,-365.137329
2011-04-02 01:39:00+00:00,-361.112976
2011-04-02 01:40:00+00:00,-390.161407
2011-04-02 01:41:00+00:00,-392.342438
2011-04-02 01:42:00+00:00,-405.595551
2011-04-02 01:43:00+00:00,-418.674438
2011-04-02 01:44:00+00:00,-422.665375
2011-04-02 01:45:00+00:00,-436.164459
2011-04-02 01:46:00+00:00,-437.187042
2011-04-02 01:47:00+00:00,-440.537201
2011-04-02 01:48:00+00:00,-446.541992
2011-04-02 01:49:00+00:00,-434.58371
2011-04-02 01:50:00+00:00,-432.052582
2011-04-02 01:51:00+00:00,-444.422821
2011-04-02 01:52:00+00:00,-454.759125
2011-04-02 01:53:00+00:00,-464.252441
2011-04-02 01:54:00+00:00,-466.41394
2011-04-02 01:55:00+00:00,-466.279541
2011-04-02 01:56:00+00:00,-474.516724
2011-04-02 01:57:00+00:00,-476.974121
2011-04-02 01:58:00+00:00,-468.999878
2011-04-02 01:59:00+00:00,-453.018799
2011-04-02 02:00:00+00:00,-447.11496
2011-04-02 02:01:00+00:00,-436.343903
2011-04-02 02:02:00+00:00,-444.404816
2011-04-02 02:03:00+00:00,-443.169739
2011-04-02 02:04:00+00:00,-437.496521
2011-04-02 02:05:00+00:00,-446.16037
2011-04-02 02:06:00+00:00,-446.140686
2011-04-02 02:07:00+00:00,-460.944214
2011-04-02 02:08:00+00:00,-459.047424
2011-04-02 02:09:00+00:00,-464.953033
2011-04-02 02:10:00+00:00,-441.750854
2011-04-02 02:11:00+00:00,-429.351868
2011-04-02 02:12:00+00:00,-422.440582
2011-04-02 02:13:00+00:00,-418.400574
2011-04-02 02:14:00+00:00,-428.273315
2011-04-02 02:15:00+00:00,-427.285034
2011-04-02 02:16:00+00:00,-429.473297
2011-04-02 02:17:00+00:00,-425.096863
2011-04-02 02:18:00+00:00,-425.53952
2011-04-02 02:19:00+00:00,-416.413452
2011-04-02 02:20:00+00:00,-399.381714
2011-04-02 02:21:00+00:00,-382.251251
2011-04-02 02:22:00+00:00,-343.206848
2011-04-02 02:23:00+00:00,-325.805115
2011-04-02 02:24:00+00:00,-302.005676
2011-04-02 02:25:00+00:00,-285.490143
2011-04-02 02:26:00+00:00,-265.728546
2011-04-02 02:27:00+00:00,-253.84433
2011-04-02 02:28:00+00:00,-242.711746
2011-04-02 02:29:00+00:00,-216.494659
2011-04-02 02:30:00+00:00,-199.450623
2011-04-02 02:31:00+00:00,-194.511902
2011-04-02 02:32:00+00:00,-192.078949
2011-04-02 02:33:00+00:00,-191.007263
2011-04-02 02:34:00+00:00,-190.743805
2011-04-02 02:35:00+00:00,-188.287201
2011-04-02 02:36:00+00:00,-184.464005
2011-04-02 02:37:00+00:00,-167.888
2011-04-02 02:38:00+00:00,-161.222107
2011-04-02 02:39:00+00:00,-173.333038
2011-04-02 02:40:00+00:00,-186.62944
2011-04-02 02:41:00+00:00,-189.303635
2011-04-02 02:42:00+00:00,-191.0401
2011-04-02 02:43:00+00:00,-182.369354
2011-04-02 02:44:00+00:00,-179.546326
2011-04-02 02:45:00+00:00,-179.743362
2011-04-02 02:46:00+00:00,-163.680969
2011-04-02 02:47:00+00:00,-157.24498
2011-04-09 00:00:00+00:00,-259.82251
2011-04-09 00:01:00+00:00,-251.314423
2011-04-09 00:02:00+00:00,-266.370422
2011-04-09 00:03:00+00:00,-256.251068
2011-04-09 00:04:00+00:00,-254.261932
2011-04-09 00:05:00+00:00,-262.351227
2011-04-09 00:06:00+00:00,-235.187149
2011-04-09 00:07:00+00:00,-238.588165
2011-04-09 00:08:00+00:00,-240.347504
2011-04-09 00:09:00+00:00,-233.679459
2011-04-09 00:10:00+00:00,-229.380753
2011-04-09 00:11:00+00:00,-235.947006
2011-04-09 00:12:00+00:00,-249.793762
2011-04-09 00:13:00+00:00,-268.412415
2011-04-09 00:14:00+00:00,-273.378479
2011-04-09 00:15:00+00:00,-282.404541
2011-04-09 00:16:00+00:00,-303.845673
2011-04-09 00:17:00+00:00,-288.339264
2011-04-09 00:18:00+00:00,-278.404541
2011-04-09 00:19:00+00:00,-270.778564
2011-04-09 00:20:00+00:00,-263.559692
2011-04-09 00:21:00+00:00,-265.77124
2011-04-09 00:22:00+00:00,-281.790863
2011-04-09 00:23:00+00:00,-273.658661
2011-04-09 00:24:00+00:00,-291.703735
2011-04-09 00:25:00+00:00,-308.724396
2011-04-09 00:26:00+00:00,-331.410034
2011-04-09 00:27:00+00:00,-314.843658
2011-04-09 00:28:00+00:00,-283.056
2011-04-09 00:29:00+00:00,-279.331818
2011-04-09 00:30:00+00:00,-304.968048
2011-04-09 00:31:00+00:00,-347.778168
2011-04-09 00:32:00+00:00,-392.793884
2011-04-09 00:33:00+00:00,-408.411621
2011-04-09 00:34:00+00:00,-409.302338
2011-04-09 00:35:00+00:00,-405.90332
2011-04-09 00:36:00+00:00,-385.025177
2011-04-09 00:37:00+00:00,-354.001831
2011-04-09 00:38:00+00:00,-347.08667
2011-04-09 00:39:00+00:00,-368.454956
2011-04-09 00:40:00+00:00,-391.716095
2011-04-09 00:41:00+00:00,-393.890228
2011-04-09 00:42:00+00:00,-399.324158
2011-04-09 00:43:00+00:00,-394.076691
2011-04-09 00:44:00+00:00,-359.445496
2011-04-09 00:45:00+00:00,-321.225525
2011-04-09 00:46:00+00:00,-304.224792
2011-04-09 00:47:00+00:00,-267.213074
2011-04-09 00:48:00+00:00,-270.808624
2011-04-09 00:49:00+00:00,-281.940887
2011-04-09 00:50:00+00:00,-302.507935
2011-04-09 00:51:00+00:00,-315.557739
2011-04-09 00:52:00+00:00,-326.553497
2011-04-09 00:53:00+00:00,-326.413055
2011-04-09 00:54:00+00:00,-364.050049
2011-04-09 00:55:00+00:00,-385.689911
2011-04-09 00:56:00+00:00,-369.977692
2011-04-09 00:57:00+00:00,-367.00238
2011-04-09 00:58:00+00:00,-376.360291
2011-04-09 00:59:00+00:00,-385.846558
2011-04-09 01:00:00+00:00,-385.806061
2011-04-09 01:01:00+00:00,-405.240479
2011-04-09 01:02:00+00:00,-392.802307
2011-04-09 01:03:00+00:00,-370.737671
2011-04-09 01:04:00+00:00,-331.408569
2011-04-09 01:05:00+00:00,-324.364105
2011-04-09 01:06:00+00:00,-314.766754
2011-04-09 01:07:00+00:00,-305.42157
2011-04-09 01:08:00+00:00,-303.131226
2011-04-09 01:09:00+00:00,-298.969299
2011-04-09 01:10:00+00:00,-302.830231
2011-04-09 01:11:00+00:00,-305.615967
2011-04-09 01:12:00+00:00,-315.836487
2011-04-09 01:13:00+00:00,-318.805969
2011-04-09 01:14:00+00:00,-318.380646
2011-04-09 01:15:00+00:00,-332.322876
2011-04-09 01:16:00+00:00,-368.155029
2011-04-09 01:17:00+00:00,-385.489227
2011-04-09 01:18:00+00:00,-382.83609
2011-04-09 01:19:00+00:00,-376.246429
2011-04-09 01:20:00+00:00,-365.621338
2011-04-09 01:21:00+00:00,-369.672119
2011-04-09 01:22:00+00:00,-379.525726
2011-04-09 01:23:00+00:00,-381.041626
2011-04-09 01:24:00+00:00,-379.794037
2011-04-09 01:25:00+00:00,-387.033813
2011-04-09 01:26:00+00:00,-392.068542
2011-04-09 01:27:00+00:00,-389.461639
2011-04-09 01:28:00+00:00,-386.822327
2011-04-09 01:29:00+00:00,-398.942932
2011-04-09 01:30:00+00:00,-402.182983
2011-04-09 01:31:00+00:00,-398.875519
2011-04-09 01:32:00+00:00,-390.477997
2011-04-09 01:33:00+00:00,-391.533356
2011-04-09 01:34:00+00:00,-368.206818
2011-04-09 01:35:00+00:00,-342.353882
2011-04-09 01:36:00+00:00,-345.112183
2011-04-09 01:37:00+00:00,-351.017792
2011-04-09 01:38:00+00:00,-378.840485
2011-04-09 01:39:00+00:00,-407.162109
2011-04-09 01:40:00+00:00,-404.860291
2011-04-09 01:41:00+00:00,-395.553101
2011-04-09 01:42:00+00:00,-385.696503
2011-04-09 01:43:00+00:00,-359.908508
2011-04-09 01:44:00+00:00,-337.158722
2011-04-09 01:45:00+00:00,-340.889191
2011-04-09 01:46:00+00:00,-357.34317
2011-04-09 01:47:00+00:00,-333.499939
2011-04-09 01:48:00+00:00,-334.546295
2011-04-09 01:49:00+00:00,-350.940857
2011-04-09 01:50:00+00:00,-375.09845
2011-04-09 01:51:00+00:00,-385.342102
2011-04-09 01:52:00+00:00,-389.634613
2011-04-09 01:53:00+00:00,-401.041199
2011-04-09 01:54:00+00:00,-412.768341
2011-04-09 01:55:00+00:00,-412.966125
2011-04-09 01:56:00+00:00,-422.527466
2011-04-09 01:57:00+00:00,-452.958344
2011-04-09 01:58:00+00:00,-468.835205
2011-04-09 01:59:00+00:00,-478.388855
2011-04-09 02:00:00+00:00,-487.079498
2011-04-09 02:01:00+00:00,-478.673645
2011-04-09 02:02:00+00:00,-487.567596
2011-04-09 02:03:00+00:00,-492.749573
2011-04-09 02:04:00+00:00,-477.319489
2011-04-09 02:05:00+00:00,-461.587067
2011-04-09 02:06:00+00:00,-456.364075
2011-04-09 02:07:00+00:00,-447.650513
2011-04-09 02:08:00+00:00,-430.736755
2011-04-09 02:09:00+00:00,-401.376709
2011-04-09 02:10:00+00:00,-378.731903
2011-04-09 02:11:00+00:00,-326.825684
2011-04-09 02:12:00+00:00,-309.155365
2011-04-09 02:13:00+00:00,-302.400421
2011-04-09 02:14:00+00:00,-290.656738
2011-04-09 02:15:00+00:00,-280.422607
2011-04-09 02:16:00+00:00,-283.833191
2011-04-09 02:17:00+00:00,-294.121185
2011-04-09 02:18:00+00:00,-312.811737
2011-04-09 02:19:00+00:00,-323.275665
2011-04-09 02:20:00+00:00,-336.756989
2011-04-09 02:21:00+00:00,-350.652985
2011-04-09 02:22:00+00:00,-349.249939
2011-04-09 02:23:00+00:00,-350.906769
2011-04-09 02:24:00+00:00,-343.467834
2011-04-09 02:25:00+00:00,-343.474884
2011-04-09 02:26:00+00:00,-350.793121
2011-04-09 02:27:00+00:00,-346.473022
2011-04-09 02:28:00+00:00,-335.929016
2011-04-09 02:29:00+00:00,-326.742859
2011-04-09 02:30:00+00:00,-324.56781
2011-04-09 02:31:00+00:00,-324.402252
2011-04-09 02:32:00+00:00,-317.755951
2011-04-09 02:33:00+00:00,-322.553284
2011-04-09 02:34:00+00:00,-350.221283
2011-04-09 02:35:00+00:00,-359.465759
2011-04-09 02:36:00+00:00,-362.531219
2011-04-09 02:37:00+00:00,-349.495697
2011-04-09 02:38:00+00:00,-331.094879
2011-04-09 02:39:00+00:00,-313.868134
2011-04-09 02:40:00+00:00,-305.348846
2011-04-09 02:41:00+00:00,-303.782471
2011-04-09 02:42:00+00:00,-306.551147
2011-04-09 02:43:00+00:00,-295.539398
2011-04-09 02:44:00+00:00,-289.373993
2011-04-09 02:45:00+00:00,-282.958618
2011-04-09 02:46:00+00:00,-272.498993
2011-04-09 02:47:00+00:00,-270.343414
2011-04-16 00:00:00+00:00,-23.576725
2011-04-16 00:01:00+00:00,-23.660769
2011-04-16 00:02:00+00:00,-23.514854
2011-04-16 00:03:00+00:00,-23.583229
2011-04-16 00:04:00+00:00,-23.676224
2011-04-16 00:05:00+00:00,-23.7686
2011-04-16 00:06:00+00:00,-23.85537
2011-04-16 00:07:00+00:00,-23.954113
2011-04-16 00:08:00+00:00,-24.054134
2011-04-16 00:09:00+00:00,-24.258854
2011-04-16 00:10:00+00:00,-24.586849
2011-04-16 00:11:00+00:00,-24.605659
2011-04-16 00:12:00+00:00,-24.703655
2011-04-16 00:13:00+00:00,-24.715927
2011-04-16 00:14:00+00:00,-24.732307
2011-04-16 00:15:00+00:00,-24.748196
2011-04-16 00:16:00+00:00,-24.778667
2011-04-16 00:17:00+00:00,-24.899166
2011-04-16 00:18:00+00:00,-24.824528
2011-04-16 00:19:00+00:00,-24.851063
2011-04-16 00:20:00+00:00,-24.878357
2011-04-16 00:21:00+00:00,-24.810108
2011-04-16 00:22:00+00:00,-24.929508
2011-04-16 00:23:00+00:00,-24.986115
2011-04-16 00:24:00+00:00,-24.933956
2011-04-16 00:25:00+00:00,-24.874115
2011-04-16 00:26:00+00:00,-24.605072
2011-04-16 00:27:00+00:00,-24.559177
2011-04-16 00:28:00+00:00,-24.505589
2011-04-16 00:29:00+00:00,-24.563431
2011-04-16 00:30:00+00:00,-24.302788
2011-04-16 00:31:00+00:00,-24.244045
2011-04-16 00:32:00+00:00,-24.189983
2011-04-16 00:33:00+00:00,-24.345612
2011-04-16 00:34:00+00:00,-24.415878
2011-04-16 00:35:00+00:00,-24.479004
2011-04-16 00:36:00+00:00,-24.444973
2011-04-16 00:37:00+00:00,-24.598881
2011-04-16 00:38:00+00:00,-24.667286
2011-04-16 00:39:00+00:00,-24.628521
2011-04-16 00:40:00+00:00,-24.691547
2011-04-16 00:41:00+00:00,-24.868183
2011-04-16 00:42:00+00:00,-24.857269
2011-04-16 00:43:00+00:00,-24.936218
2011-04-16 00:44:00+00:00,-25.019024
2011-04-16 00:45:00+00:00,-25.002384
2011-04-16 00:46:00+00:00,-25.000931
2011-04-16 00:47:00+00:00,-24.999222
2011-04-16 00:48:00+00:00,-24.987423
2011-04-16 00:49:00+00:00,-25.090843
2011-04-16 00:50:00+00:00,-233.933899
2011-04-16 00:51:00+00:00,-474.555115
2011-04-16 00:52:00+00:00,-716.380188
2011-04-16 00:53:00+00:00,-350.230347
2011-04-16 00:54:00+00:00,-24.656952
2011-04-16 00:55:00+00:00,-24.666397
2011-04-16 00:56:00+00:00,-24.57782
2011-04-16 00:57:00+00:00,-24.601086
2011-04-16 00:58:00+00:00,-24.404594
2011-04-16 00:59:00+00:00,-24.308582
2011-04-16 01:00:00+00:00,-24.112373
2011-04-16 01:01:00+00:00,-24.362873
2011-04-16 01:02:00+00:00,-24.271984
2011-04-16 01:03:00+00:00,-24.179527
2011-04-16 01:04:00+00:00,-24.085186
2011-04-16 01:05:00+00:00,-23.993214
2011-04-16 01:06:00+00:00,-24.900364
2011-04-16 01:07:00+00:00,-24.805241
2011-04-16 01:08:00+00:00,-24.711411
2011-04-16 01:09:00+00:00,-24.61731
2011-04-16 01:10:00+00:00,-24.52309
2011-04-16 01:11:00+00:00,-24.427433
2011-04-16 01:12:00+00:00,-23.335131
2011-04-16 01:13:00+00:00,-24.240959
2011-04-16 01:14:00+00:00,-24.147427
2011-04-16 01:15:00+00:00,-25.052242
2011-04-16 01:16:00+00:00,-25.958727
2011-04-16 01:17:00+00:00,-25.864586
2011-04-16 01:18:00+00:00,-25.772329
2011-04-16 01:19:00+00:00,-24.679693
2011-04-16 01:20:00+00:00,-25.587994
2011-04-16 01:21:00+00:00,-25.496918
2011-04-16 01:22:00+00:00,-25.407991
2011-04-16 01:23:00+00:00,-24.316555
2011-04-16 01:24:00+00:00,-25.228241
2011-04-16 01:25:00+00:00,-25.141304
2011-04-16 01:26:00+00:00,-25.053564
2011-04-16 01:27:00+00:00,-24.967646
2011-04-16 01:28:00+00:00,-24.883307
2011-04-16 01:29:00+00:00,-24.799149
2011-04-16 01:30:00+00:00,-24.715502
2011-04-16 01:31:00+00:00,-23.634695
2011-04-16 01:32:00+00:00,-24.554863
2011-04-16 01:33:00+00:00,-23.475479
2011-04-16 01:34:00+00:00,-23.395842
2011-04-16 01:35:00+00:00,-22.318222
2011-04-16 01:36:00+00:00,-22.242393
2011-04-16 01:37:00+00:00,-22.167345
2011-04-16 01:38:00+00:00,-21.234657
2011-04-16 01:39:00+00:00,-21.480373
2011-04-16 01:40:00+00:00,-21.95994
2011-04-16 01:41:00+00:00,-22.49016
2011-04-16 01:42:00+00:00,-22.871883
2011-04-16 01:43:00+00:00,-22.872116
2011-04-16 01:44:00+00:00,-23.365656
2011-04-16 01:45:00+00:00,-23.458576
2011-04-16 01:46:00+00:00,-23.666399
2011-04-16 01:47:00+00:00,-24.517813
2011-04-16 01:48:00+00:00,-25.359051
2011-04-16 01:49:00+00:00,-25.409685
2011-04-16 01:50:00+00:00,-25.612783
2011-04-16 01:51:00+00:00,-25.971123
2011-04-16 01:52:00+00:00,-26.110483
2011-04-16 01:53:00+00:00,-26.21209
2011-04-16 01:54:00+00:00,-25.294477
2011-04-16 01:55:00+00:00,-25.888319
2011-04-16 01:56:00+00:00,-24.818588
2011-04-16 01:57:00+00:00,-24.748392
2011-04-16 01:58:00+00:00,-25.681562
2011-04-16 01:59:00+00:00,-24.612202
2011-04-16 02:00:00+00:00,-24.541695
2011-04-16 02:01:00+00:00,-24.473942
2011-04-16 02:02:00+00:00,-23.759794
2011-04-16 02:03:00+00:00,-23.966732
2011-04-16 02:04:00+00:00,-24.920906
2011-04-16 02:05:00+00:00,-25.408978
2011-04-16 02:06:00+00:00,-26.140106
2011-04-16 02:07:00+00:00,-26.073118
2011-04-16 02:08:00+00:00,-26.007496
2011-04-16 02:09:00+00:00,-24.133446
2011-04-16 02:10:00+00:00,-27.877617
2011-04-16 02:11:00+00:00,-28.810383
2011-04-16 02:12:00+00:00,-27.747696
2011-04-16 02:13:00+00:00,-25.683672
2011-04-16 02:14:00+00:00,-24.621197
2011-04-16 02:15:00+00:00,-22.561234
2011-04-16 02:16:00+00:00,-20.499758
2011-04-16 02:17:00+00:00,-22.433826
2011-04-16 02:18:00+00:00,-24.369255
2011-04-16 02:19:00+00:00,-24.304073
2011-04-16 02:20:00+00:00,-22.239632
2011-04-16 02:21:00+00:00,-22.175428
2011-04-16 02:22:00+00:00,-22.109953
2011-04-16 02:23:00+00:00,-22.044636
2011-04-16 02:24:00+00:00,-21.977932
2011-04-16 02:25:00+00:00,-22.912254
2011-04-16 02:26:00+00:00,-22.84462
2011-04-16 02:27:00+00:00,-21.78182
2011-04-16 02:28:00+00:00,-22.525631
2011-04-16 02:29:00+00:00,-25.273985
2011-04-16 02:30:00+00:00,-24.809839
2011-04-16 02:31:00+00:00,-24.046169
2011-04-16 02:32:00+00:00,-24.33629
2011-04-16 02:33:00+00:00,-24.561956
2011-04-16 02:34:00+00:00,-25.159954
2011-04-16 02:35:00+00:00,-25.917164
2011-04-16 02:36:00+00:00,-26.184919
2011-04-16 02:37:00+00:00,-25.641706
2011-04-16 02:38:00+00:00,-25.189159
2011-04-16 02:39:00+00:00,-24.863907
2011-04-16 02:40:00+00:00,-24.09297
2011-04-16 02:41:00+00:00,-23.770184
2011-04-16 02:42:00+00:00,-22.696075
2011-04-16 02:43:00+00:00,-22.62039
2011-04-16 02:44:00+00:00,-23.544167
2011-04-16 02:45:00+00:00,-24.46685
2011-04-16 02:46:00+00:00,-24.393661
2011-04-16 02:47:00+00:00,-24.317209
2011-04-23 00:00:00+00:00,-40.034637
2011-04-23 00:01:00+00:00,-41.549362
2011-04-23 00:02:00+00:00,-42.125587
2011-04-23 00:03:00+00:00,-42.588524
2011-04-23 00:04:00+00:00,-42.0327
2011-04-23 00:05:00+00:00,-42.779812
2011-04-23 00:06:00+00:00,-43.390221
2011-04-23 00:07:00+00:00,-41.2155
2011-04-23 00:08:00+00:00,-35.522968
2011-04-23 00:09:00+00:00,-34.421551
2011-04-23 00:10:00+00:00,-35.496944
2011-04-23 00:11:00+00:00,-34.632637
2011-04-23 00:12:00+00:00,-32.338997
2011-04-23 00:13:00+00:00,-30.901884
2011-04-23 00:14:00+00:00,-30.419931
2011-04-23 00:15:00+00:00,-32.631073
2011-04-23 00:16:00+00:00,-34.342663
2011-04-23 00:17:00+00:00,-36.226234
2011-04-23 00:18:00+00:00,-36.979069
2011-04-23 00:19:00+00:00,-37.580254
2011-04-23 00:20:00+00:00,-38.570641
2011-04-23 00:21:00+00:00,-38.124645
2011-04-23 00:22:00+00:00,-37.023533
2011-04-23 00:23:00+00:00,-36.080322
2011-04-23 00:24:00+00:00,-36.279331
2011-04-23 00:25:00+00:00,-39.938637
2011-04-23 00:26:00+00:00,-39.537514
2011-04-23 00:27:00+00:00,-39.441929
2011-04-23 00:28:00+00:00,-36.548393
2011-04-23 00:29:00+00:00,-33.085487
2011-04-23 00:30:00+00:00,-29.823811
2011-04-23 00:31:00+00:00,-27.551506
2011-04-23 00:32:00+00:00,-27.76222
2011-04-23 00:33:00+00:00,-27.658319
2011-04-23 00:34:00+00:00,-27.958965
2011-04-23 00:35:00+00:00,-29.069386
2011-04-23 00:36:00+00:00,-28.693638
2011-04-23 00:37:00+00:00,-29.655277
2011-04-23 00:38:00+00:00,-30.725458
2011-04-23 00:39:00+00:00,-31.163164
2011-04-23 00:40:00+00:00,-32.195221
2011-04-23 00:41:00+00:00,-34.636822
2011-04-23 00:42:00+00:00,-38.02309
2011-04-23 00:43:00+00:00,-38.497677
2011-04-23 00:44:00+00:00,-34.970741
2011-04-23 00:45:00+00:00,-35.21096
2011-04-23 00:46:00+00:00,-34.427135
2011-04-23 00:47:00+00:00,-30.75775
2011-04-23 00:48:00+00:00,-31.744913
2011-04-23 00:49:00+00:00,-34.817963
2011-04-23 00:50:00+00:00,-34.753319
2011-04-23 00:51:00+00:00,-37.740398
2011-04-23 00:52:00+00:00,-40.808964
2011-04-23 00:53:00+00:00,-40.739624
2011-04-23 00:54:00+00:00,-44.749901
2011-04-23 00:55:00+00:00,-47.813789
2011-04-23 00:56:00+00:00,-48.821194
2011-04-23 00:57:00+00:00,-50.881874
2011-04-23 00:58:00+00:00,-50.94191
2011-04-23 00:59:00+00:00,-52.217594
2011-04-23 01:00:00+00:00,-55.094543
2011-04-23 01:01:00+00:00,-56.288414
2011-04-23 01:02:00+00:00,-57.481163
2011-04-23 01:03:00+00:00,-56.868103
2011-04-23 01:04:00+00:00,-57.712517
2011-04-23 01:05:00+00:00,-56.731724
2011-04-23 01:06:00+00:00,-55.919804
2011-04-23 01:07:00+00:00,-57.518967
2011-04-23 01:08:00+00:00,-55.83791
2011-04-23 01:09:00+00:00,-60.241383
2011-04-23 01:10:00+00:00,-65.384895
2011-04-23 01:11:00+00:00,-67.077248
2011-04-23 01:12:00+00:00,-71.310181
2011-04-23 01:13:00+00:00,-76.779221
2011-04-23 01:14:00+00:00,-80.741196
2011-04-23 01:15:00+00:00,-91.041039
2011-04-23 01:16:00+00:00,-92.760345
2011-04-23 01:17:00+00:00,-89.54483
2011-04-23 01:18:00+00:00,-86.649376
2011-04-23 01:19:00+00:00,-85.34565
2011-04-23 01:20:00+00:00,-86.360786
2011-04-23 01:21:00+00:00,-89.705727
2011-04-23 01:22:00+00:00,-88.135338
2011-04-23 01:23:00+00:00,-89.117569
2011-04-23 01:24:00+00:00,-93.880569
2011-04-23 01:25:00+00:00,-90.390327
2011-04-23 01:26:00+00:00,-88.120644
2011-04-23 01:27:00+00:00,-85.364143
2011-04-23 01:28:00+00:00,-86.286995
2011-04-23 01:29:00+00:00,-85.036659
2011-04-23 01:30:00+00:00,-79.716789
2011-04-23 01:31:00+00:00,-77.174812
2011-04-23 01:32:00+00:00,-73.309372
2011-04-23 01:33:00+00:00,-73.541756
2011-04-23 01:34:00+00:00,-77.321754
2011-04-23 01:35:00+00:00,-76.861832
2011-04-23 01:36:00+00:00,-81.202614
2011-04-23 01:37:00+00:00,-83.304962
2011-04-23 01:38:00+00:00,-87.413078
2011-04-23 01:39:00+00:00,-95.577721
2011-04-23 01:40:00+00:00,-106.301285
2011-04-23 01:41:00+00:00,-97.140839
2011-04-23 01:42:00+00:00,-99.845406
2011-04-23 01:43:00+00:00,-120.732819
2011-04-23 01:44:00+00:00,-118.385056
2011-04-23 01:45:00+00:00,-130.397324
2011-04-23 01:46:00+00:00,-126.095734
2011-04-23 01:47:00+00:00,-143.297165
2011-04-23 01:48:00+00:00,-159.739868
2011-04-23 01:49:00+00:00,-171.961411
2011-04-23 01:50:00+00:00,-174.61937
2011-04-23 01:51:00+00:00,-170.954285
2011-04-23 01:52:00+00:00,-177.463013
2011-04-23 01:53:00+00:00,-156.846634
2011-04-23 01:54:00+00:00,-166.360641
2011-04-23 01:55:00+00:00,-155.064941
2011-04-23 01:56:00+00:00,-144.887451
2011-04-23 01:57:00+00:00,-133.442352
2011-04-23 01:58:00+00:00,-147.696518
2011-04-23 01:59:00+00:00,-130.205215
2011-04-23 02:00:00+00:00,-133.961609
2011-04-23 02:01:00+00:00,-147.554565
2011-04-23 02:02:00+00:00,-153.833054
2011-04-23 02:03:00+00:00,-167.886932
2011-04-23 02:04:00+00:00,-136.612152
2011-04-23 02:05:00+00:00,-141.093719
2011-04-23 02:06:00+00:00,-137.117249
2011-04-23 02:07:00+00:00,-135.1772
2011-04-23 02:08:00+00:00,-137.889389
2011-04-23 02:09:00+00:00,-138.088669
2011-04-23 02:10:00+00:00,-137.558685
2011-04-23 02:11:00+00:00,-138.537094
2011-04-23 02:12:00+00:00,-143.420837
2011-04-23 02:13:00+00:00,-149.000259
2011-04-23 02:14:00+00:00,-150.777313
2011-04-23 02:15:00+00:00,-146.626282
2011-04-23 02:16:00+00:00,-139.891449
2011-04-23 02:17:00+00:00,-135.403137
2011-04-23 02:18:00+00:00,-135.820068
2011-04-23 02:19:00+00:00,-136.362854
2011-04-23 02:20:00+00:00,-141.462036
2011-04-23 02:21:00+00:00,-142.942734
2011-04-23 02:22:00+00:00,-145.874268
2011-04-23 02:23:00+00:00,-149.090515
2011-04-23 02:24:00+00:00,-146.342682
2011-04-23 02:25:00+00:00,-141.978317
2011-04-23 02:26:00+00:00,-142.62326
2011-04-23 02:27:00+00:00,-134.426208
2011-04-23 02:28:00+00:00,-122.597015
2011-04-23 02:29:00+00:00,-110.203148
2011-04-23 02:30:00+00:00,-119.196884
2011-04-23 02:31:00+00:00,-97.097588
2011-04-23 02:32:00+00:00,-94.408684
2011-04-23 02:33:00+00:00,-95.779739
2011-04-23 02:34:00+00:00,-95.658249
2011-04-23 02:35:00+00:00,-96.686508
2011-04-23 02:36:00+00:00,-99.000183
2011-04-23 02:37:00+00:00,-101.259239
2011-04-23 02:38:00+00:00,-129.520935
2011-04-23 02:39:00+00:00,-101.650581
2011-04-23 02:40:00+00:00,-105.079231
2011-04-23 02:41:00+00:00,-106.061913
2011-04-23 02:42:00+00:00,-105.218925
2011-04-23 02:43:00+00:00,-103.474045
2011-04-23 02:44:00+00:00,-102.308746
2011-04-23 02:45:00+00:00,-101.360565
2011-04-23 02:46:00+00:00,-99.894508
2011-04-23 02:47:00+00:00,-98.340141
2011-04-30 00:00:00+00:00,-73.329239
2011-04-30 00:01:00+00:00,-69.775368
2011-04-30 00:02:00+00:00,-73.341927
2011-04-30 00:03:00+00:00,-79.728371
2011-04-30 00:04:00+00:00,-87.270554
2011-04-30 00:05:00+00:00,-94.267639
2011-04-30 00:06:00+00:00,-97.905472
2011-04-30 00:07:00+00:00,-97.813744
2011-04-30 00:08:00+00:00,-106.963608
2011-04-30 00:09:00+00:00,-113.809235
2011-04-30 00:10:00+00:00,-124.293976
2011-04-30 00:11:00+00:00,-122.446754
2011-04-30 00:12:00+00:00,-122.343597
2011-04-30 00:13:00+00:00,-123.150162
2011-04-30 00:14:00+00:00,-133.278702
2011-04-30 00:15:00+00:00,-149.707092
2011-04-30 00:16:00+00:00,-164.073059
2011-04-30 00:17:00+00:00,-157.358795
2011-04-30 00:18:00+00:00,-156.714462
2011-04-30 00:19:00+00:00,-159.326111
2011-04-30 00:20:00+00:00,-156.792236
2011-04-30 00:21:00+00:00,-146.256897
2011-04-30 00:22:00+00:00,-151.202759
2011-04-30 00:23:00+00:00,-140.602753
2011-04-30 00:24:00+00:00,-142.424362
2011-04-30 00:25:00+00:00,-146.601517
2011-04-30 00:26:00+00:00,-140.257904
2011-04-30 00:27:00+00:00,-132.87973
2011-04-30 00:28:00+00:00,-138.581467
2011-04-30 00:29:00+00:00,-149.273193
2011-04-30 00:30:00+00:00,-151.155045
2011-04-30 00:31:00+00:00,-149.809296
2011-04-30 00:32:00+00:00,-144.397278
2011-04-30 00:33:00+00:00,-149.99826
2011-04-30 00:34:00+00:00,-148.329025
2011-04-30 00:35:00+00:00,-148.083435
2011-04-30 00:36:00+00:00,-155.385529
2011-04-30 00:37:00+00:00,-160.382706
2011-04-30 00:38:00+00:00,-168.006027
2011-04-30 00:39:00+00:00,-176.214401
2011-04-30 00:40:00+00:00,-174.163498
2011-04-30 00:41:00+00:00,-166.865692
2011-04-30 00:42:00+00:00,-146.812988
2011-04-30 00:43:00+00:00,-136.767776
2011-04-30 00:44:00+00:00,-139.729126
2011-04-30 00:45:00+00:00,-149.815308
2011-04-30 00:46:00+00:00,-157.865173
2011-04-30 00:47:00+00:00,-160.652512
2011-04-30 00:48:00+00:00,-160.601578
2011-04-30 00:49:00+00:00,-163.730835
2011-04-30 00:50:00+00:00,-174.11586
2011-04-30 00:51:00+00:00,-180.520142
2011-04-30 00:52:00+00:00,-176.782852
2011-04-30 00:53:00+00:00,-177.171555
2011-04-30 00:54:00+00:00,-179.123093
2011-04-30 00:55:00+00:00,-190.663467
2011-04-30 00:56:00+00:00,-190.112335
2011-04-30 00:57:00+00:00,-199.211365
2011-04-30 00:58:00+00:00,-204.47641
2011-04-30 00:59:00+00:00,-208.565964
2011-04-30 01:00:00+00:00,-203.087433
2011-04-30 01:01:00+00:00,-211.209076
2011-04-30 01:02:00+00:00,-237.74205
2011-04-30 01:03:00+00:00,-289.748199
2011-04-30 01:04:00+00:00,-294.612579
2011-04-30 01:05:00+00:00,-290.18103
2011-04-30 01:06:00+00:00,-296.765411
2011-04-30 01:07:00+00:00,-302.000732
2011-04-30 01:08:00+00:00,-305.544556
2011-04-30 01:09:00+00:00,-334.203796
2011-04-30 01:10:00+00:00,-358.36734
2011-04-30 01:11:00+00:00,-380.544159
2011-04-30 01:12:00+00:00,-392.607239
2011-04-30 01:13:00+00:00,-395.210754
2011-04-30 01:14:00+00:00,-423.166779
2011-04-30 01:15:00+00:00,-461.592224
2011-04-30 01:16:00+00:00,-480.789398
2011-04-30 01:17:00+00:00,-483.58847
2011-04-30 01:18:00+00:00,-477.853027
2011-04-30 01:19:00+00:00,-442.798004
2011-04-30 01:20:00+00:00,-431.105011
2011-04-30 01:21:00+00:00,-442.605652
2011-04-30 01:22:00+00:00,-457.778442
2011-04-30 01:23:00+00:00,-444.077911
2011-04-30 01:24:00+00:00,-424.087311
2011-04-30 01:25:00+00:00,-428.366058
2011-04-30 01:26:00+00:00,-428.784393
2011-04-30 01:27:00+00:00,-412.377625
2011-04-30 01:28:00+00:00,-399.662201
2011-04-30 01:29:00+00:00,-369.552429
2011-04-30 01:30:00+00:00,-351.013367
2011-04-30 01:31:00+00:00,-346.248199
2011-04-30 01:32:00+00:00,-358.600006
2011-04-30 01:33:00+00:00,-340.579681
2011-04-30 01:34:00+00:00,-359.374512
2011-04-30 01:35:00+00:00,-349.255951
2011-04-30 01:36:00+00:00,-344.965057
2011-04-30 01:37:00+00:00,-308.766052
2011-04-30 01:38:00+00:00,-294.642151
2011-04-30 01:39:00+00:00,-293.228577
2011-04-30 01:40:00+00:00,-241.620529
2011-04-30 01:41:00+00:00,-249.201126
2011-04-30 01:42:00+00:00,-287.847229
2011-04-30 01:43:00+00:00,-328.122101
2011-04-30 01:44:00+00:00,-337.162201
2011-04-30 01:45:00+00:00,-336.513306
2011-04-30 01:46:00+00:00,-352.8013
2011-04-30 01:47:00+00:00,-359.933929
2011-04-30 01:48:00+00:00,-334.062378
2011-04-30 01:49:00+00:00,-310.195221
2011-04-30 01:50:00+00:00,-284.746552
2011-04-30 01:51:00+00:00,-270.292267
2011-04-30 01:52:00+00:00,-280.868927
2011-04-30 01:53:00+00:00,-278.132751
2011-04-30 01:54:00+00:00,-271.282776
2011-04-30 01:55:00+00:00,-269.08255
2011-04-30 01:56:00+00:00,-279.87674
2011-04-30 01:57:00+00:00,-302.23468
2011-04-30 01:58:00+00:00,-315.090271
2011-04-30 01:59:00+00:00,-308.738007
2011-04-30 02:00:00+00:00,-289.602051
2011-04-30 02:01:00+00:00,-300.279449
2011-04-30 02:02:00+00:00,-290.906952
2011-04-30 02:03:00+00:00,-357.234314
2011-04-30 02:04:00+00:00,-325.507538
2011-04-30 02:05:00+00:00,-364.380768
2011-04-30 02:06:00+00:00,-362.188263
2011-04-30 02:07:00+00:00,-376.007324
2011-04-30 02:08:00+00:00,-394.891785
2011-04-30 02:09:00+00:00,-395.825226
2011-04-30 02:10:00+00:00,-387.788269
2011-04-30 02:11:00+00:00,-389.775299
2011-04-30 02:12:00+00:00,-435.622253
2011-04-30 02:13:00+00:00,-449.366425
2011-04-30 02:14:00+00:00,-464.315643
2011-04-30 02:15:00+00:00,-419.190002
2011-04-30 02:16:00+00:00,-396.011688
2011-04-30 02:17:00+00:00,-377.846466
2011-04-30 02:18:00+00:00,-340.774597
2011-04-30 02:19:00+00:00,-319.647156
2011-04-30 02:20:00+00:00,-298.541779
2011-04-30 02:21:00+00:00,-270.446228
2011-04-30 02:22:00+00:00,-248.34552
2011-04-30 02:23:00+00:00,-231.275986
2011-04-30 02:24:00+00:00,-225.200134
2011-04-30 02:25:00+00:00,-209.14743
2011-04-30 02:26:00+00:00,-214.428604
2011-04-30 02:27:00+00:00,-212.331787
2011-04-30 02:28:00+00:00,-210.028763
2011-04-30 02:29:00+00:00,-211.651245
2011-04-30 02:30:00+00:00,-199.302078
2011-04-30 02:31:00+00:00,-175.275192
2011-04-30 02:32:00+00:00,-140.923599
2011-04-30 02:33:00+00:00,-124.259636
2011-04-30 02:34:00+00:00,-135.212036
2011-04-30 02:35:00+00:00,-142.773682
2011-04-30 02:36:00+00:00,-146.808121
2011-04-30 02:37:00+00:00,-151.4142
2011-04-30 02:38:00+00:00,-128.169815
2011-04-30 02:39:00+00:00,-114.268539
2011-04-30 02:40:00+00:00,-123.224121
2011-04-30 02:41:00+00:00,-118.968506
2011-04-30 02:42:00+00:00,-126.283371
2011-04-30 02:43:00+00:00,-132.023071
2011-04-30 02:44:00+00:00,-114.608841
2011-04-30 02:45:00+00:00,-114.739021
2011-04-30 02:46:00+00:00,-121.085205
2011-04-30 02:47:00+00:00,-121.130928
2011-05-07 00:00:00+00:00,-149.113083
2011-05-07 00:01:00+00:00,-146.389114
2011-05-07 00:02:00+00:00,-136.220871
2011-05-07 00:03:00+00:00,-135.221115
2011-05-07 00:04:00+00:00,-135.895386
2011-05-07 00:05:00+00:00,-131.113098
2011-05-07 00:06:00+00:00,-125.391823
2011-05-07 00:07:00+00:00,-130.326111
2011-05-07 00:08:00+00:00,-127.770782
2011-05-07 00:09:00+00:00,-127.460014
2011-05-07 00:10:00+00:00,-124.565681
2011-05-07 00:11:00+00:00,-118.986076
2011-05-07 00:12:00+00:00,-121.451935
2011-05-07 00:13:00+00:00,-123.670128
2011-05-07 00:14:00+00:00,-118.746117
2011-05-07 00:15:00+00:00,-114.45713
2011-05-07 00:16:00+00:00,-115.69986
2011-05-07 00:17:00+00:00,-114.633354
2011-05-07 00:18:00+00:00,-113.029007
2011-05-07 00:19:00+00:00,-112.179962
2011-05-07 00:20:00+00:00,-112.35759
2011-05-07 00:21:00+00:00,-105.24157
2011-05-07 00:22:00+00:00,-101.365013
2011-05-07 00:23:00+00:00,-102.25444
2011-05-07 00:24:00+00:00,-101.865814
2011-05-07 00:25:00+00:00,-100.128815
2011-05-07 00:26:00+00:00,-98.287491
2011-05-07 00:27:00+00:00,-93.59491
2011-05-07 00:28:00+00:00,-89.491417
2011-05-07 00:29:00+00:00,-86.607857
2011-05-07 00:30:00+00:00,-85.919762
2011-05-07 00:31:00+00:00,-83.806381
2011-05-07 00:32:00+00:00,-78.880196
2011-05-07 00:33:00+00:00,-72.764183
2011-05-07 00:34:00+00:00,-67.573586
2011-05-07 00:35:00+00:00,-65.65892
2011-05-07 00:36:00+00:00,-65.068985
2011-05-07 00:37:00+00:00,-65.165054
2011-05-07 00:38:00+00:00,-62.963699
2011-05-07 00:39:00+00:00,-60.772484
2011-05-07 00:40:00+00:00,-62.012272
2011-05-07 00:41:00+00:00,-65.660591
2011-05-07 00:42:00+00:00,-67.097229
2011-05-07 00:43:00+00:00,-67.676659
2011-05-07 00:44:00+00:00,-66.261139
2011-05-07 00:45:00+00:00,-63.447365
2011-05-07 00:46:00+00:00,-61.371925
2011-05-07 00:47:00+00:00,-58.913723
2011-05-07 00:48:00+00:00,-55.102055
2011-05-07 00:49:00+00:00,-51.571644
2011-05-07 00:50:00+00:00,-46.212936
2011-05-07 00:51:00+00:00,-41.598774
2011-05-07 00:52:00+00:00,-42.271111
2011-05-07 00:53:00+00:00,-45.762157
2011-05-07 00:54:00+00:00,-41.436142
2011-05-07 00:55:00+00:00,-40.556702
2011-05-07 00:56:00+00:00,-40.383232
2011-05-07 00:57:00+00:00,-40.24165
2011-05-07 00:58:00+00:00,-37.163147
2011-05-07 00:59:00+00:00,-48.433899
2011-05-07 01:00:00+00:00,-60.823082
2011-05-07 01:01:00+00:00,-61.710243
2011-05-07 01:02:00+00:00,-40.106224
2011-05-07 01:03:00+00:00,-36.361702
2011-05-07 01:04:00+00:00,-47.307411
2011-05-07 01:05:00+00:00,-42.396839
2011-05-07 01:06:00+00:00,-50.987549
2011-05-07 01:07:00+00:00,-52.470558
2011-05-07 01:08:00+00:00,-49.007732
2011-05-07 01:09:00+00:00,-47.003418
2011-05-07 01:10:00+00:00,-47.053257
2011-05-07 01:11:00+00:00,-46.704208
2011-05-07 01:12:00+00:00,-42.314377
2011-05-07 01:13:00+00:00,-44.135818
2011-05-07 01:14:00+00:00,-46.907627
2011-05-07 01:15:00+00:00,-50.054817
2011-05-07 01:16:00+00:00,-48.469597
2011-05-07 01:17:00+00:00,-44.755569
2011-05-07 01:18:00+00:00,-56.429611
2011-05-07 01:19:00+00:00,-48.785103
2011-05-07 01:20:00+00:00,-42.283379
2011-05-07 01:21:00+00:00,-42.794197
2011-05-07 01:22:00+00:00,-42.141834
2011-05-07 01:23:00+00:00,-39.568508
2011-05-07 01:24:00+00:00,-35.368172
2011-05-07 01:25:00+00:00,-31.997858
2011-05-07 01:26:00+00:00,-29.53562
2011-05-07 01:27:00+00:00,-27.379078
2011-05-07 01:28:00+00:00,-26.786963
2011-05-07 01:29:00+00:00,-28.427248
2011-05-07 01:30:00+00:00,-30.673824
2011-05-07 01:31:00+00:00,-32.257202
2011-05-07 01:32:00+00:00,-32.800098
2011-05-07 01:33:00+00:00,-32.294537
2011-05-07 01:34:00+00:00,-32.885483
2011-05-07 01:35:00+00:00,-34.057159
2011-05-07 01:36:00+00:00,-34.534218
2011-05-07 01:37:00+00:00,-33.323254
2011-05-07 01:38:00+00:00,-31.259808
2011-05-07 01:39:00+00:00,-31.026278
2011-05-07 01:40:00+00:00,-31.549458
2011-05-07 01:41:00+00:00,-31.13764
2011-05-07 01:42:00+00:00,-30.215361
2011-05-07 01:43:00+00:00,-30.302841
2011-05-07 01:44:00+00:00,-31.281958
2011-05-07 01:45:00+00:00,-32.093754
2011-05-07 01:46:00+00:00,-31.514446
2011-05-07 01:47:00+00:00,-30.600328
2011-05-07 01:48:00+00:00,-29.972101
2011-05-07 01:49:00+00:00,-30.594526
2011-05-07 01:50:00+00:00,-31.922298
2011-05-07 01:51:00+00:00,-31.808973
2011-05-07 01:52:00+00:00,-29.768766
2011-05-07 01:53:00+00:00,-28.214762
2011-05-07 01:54:00+00:00,-28.084038
2011-05-07 01:55:00+00:00,-28.191084
2011-05-07 01:56:00+00:00,-28.335241
2011-05-07 01:57:00+00:00,-28.300755
2011-05-07 01:58:00+00:00,-27.997322
2011-05-07 01:59:00+00:00,-28.280449
2011-05-07 02:00:00+00:00,-28.925043
2011-05-07 02:01:00+00:00,-28.974648
2011-05-07 02:02:00+00:00,-29.052757
2011-05-07 02:03:00+00:00,-38.585178
2011-05-07 02:04:00+00:00,-46.892673
2011-05-07 02:05:00+00:00,-40.836525
2011-05-07 02:06:00+00:00,-32.197956
2011-05-07 02:07:00+00:00,-30.135159
2011-05-07 02:08:00+00:00,-31.3629
2011-05-07 02:09:00+00:00,-25.856899
2011-05-07 02:10:00+00:00,-25.669214
2011-05-07 02:11:00+00:00,-25.968464
2011-05-07 02:12:00+00:00,-25.353712
2011-05-07 02:13:00+00:00,-24.752089
2011-05-07 02:14:00+00:00,-24.558182
2011-05-07 02:15:00+00:00,-23.998631
2011-05-07 02:16:00+00:00,-24.009834
2011-05-07 02:17:00+00:00,-24.022022
2011-05-07 02:18:00+00:00,-24.412895
2011-05-07 02:19:00+00:00,-24.049374
2011-05-07 02:20:00+00:00,-24.067169
2011-05-07 02:21:00+00:00,-23.688946
2011-05-07 02:22:00+00:00,-24.289494
2011-05-07 02:23:00+00:00,-24.638872
2011-05-07 02:24:00+00:00,-24.726658
2011-05-07 02:25:00+00:00,-24.485525
2011-05-07 02:26:00+00:00,-24.457792
2011-05-07 02:27:00+00:00,-23.737722
2011-05-07 02:28:00+00:00,-24.730757
2011-05-07 02:29:00+00:00,-24.795166
2011-05-07 02:30:00+00:00,-25.858006
2011-05-07 02:31:00+00:00,-26.915117
2011-05-07 02:32:00+00:00,-26.966694
2011-05-07 02:33:00+00:00,-27.015968
2011-05-07 02:34:00+00:00,-26.060188
2011-05-07 02:35:00+00:00,-26.100691
2011-05-07 02:36:00+00:00,-26.137598
2011-05-07 02:37:00+00:00,-26.170519
2011-05-07 02:38:00+00:00,-25.200054
2011-05-07 02:39:00+00:00,-24.227329
2011-05-07 02:40:00+00:00,-24.307854
2011-05-07 02:41:00+00:00,-24.686678
2011-05-07 02:42:00+00:00,-25.289206
2011-05-07 02:43:00+00:00,-26.305168
2011-05-07 02:44:00+00:00,-26.318003
2011-05-07 02:45:00+00:00,-26.32844
2011-05-07 02:46:00+00:00,-26.335825
2011-05-07 02:47:00+00:00,-25.339951
2011-05-14 00:00:00+00:00,-143.442978
2011-05-14 00:01:00+00:00,-144.757095
2011-05-14 00:02:00+00:00,-141.589264
2011-05-14 00:03:00+00:00,-140.30249
2011-05-14 00:04:00+00:00,-141.089401
2011-05-14 00:05:00+00:00,-138.976059
2011-05-14 00:06:00+00:00,-140.886215
2011-05-14 00:07:00+00:00,-141.410538
2011-05-14 00:08:00+00:00,-143.115433
2011-05-14 00:09:00+00:00,-143.539291
2011-05-14 00:10:00+00:00,-143.542862
2011-05-14 00:11:00+00:00,-142.33461
2011-05-14 00:12:00+00:00,-142.241959
2011-05-14 00:13:00+00:00,-141.082703
2011-05-14 00:14:00+00:00,-143.367004
2011-05-14 00:15:00+00:00,-145.455261
2011-05-14 00:16:00+00:00,-144.591217
2011-05-14 00:17:00+00:00,-143.522491
2011-05-14 00:18:00+00:00,-141.448334
2011-05-14 00:19:00+00:00,-139.881027
2011-05-14 00:20:00+00:00,-139.386536
2011-05-14 00:21:00+00:00,-137.366623
2011-05-14 00:22:00+00:00,-136.689056
2011-05-14 00:23:00+00:00,-133.674622
2011-05-14 00:24:00+00:00,-130.257492
2011-05-14 00:25:00+00:00,-125.445869
2011-05-14 00:26:00+00:00,-126.673935
2011-05-14 00:27:00+00:00,-125.99733
2011-05-14 00:28:00+00:00,-128.241837
2011-05-14 00:29:00+00:00,-127.018196
2011-05-14 00:30:00+00:00,-126.014473
2011-05-14 00:31:00+00:00,-125.0
2011-05-14 00:32:00+00:00,-124.219093
2011-05-14 00:33:00+00:00,-122.269463
2011-05-14 00:34:00+00:00,-122.154213
2011-05-14 00:35:00+00:00,-123.427086
2011-05-14 00:36:00+00:00,-125.757759
2011-05-14 00:37:00+00:00,-125.801666
2011-05-14 00:38:00+00:00,-125.274582
2011-05-14 00:39:00+00:00,-124.562881
2011-05-14 00:40:00+00:00,-122.12043
2011-05-14 00:41:00+00:00,-118.193504
2011-05-14 00:42:00+00:00,-116.62915
2011-05-14 00:43:00+00:00,-115.113113
2011-05-14 00:44:00+00:00,-115.61731
2011-05-14 00:45:00+00:00,-115.387527
2011-05-14 00:46:00+00:00,-115.993973
2011-05-14 00:47:00+00:00,-116.802551
2011-05-14 00:48:00+00:00,-117.488197
2011-05-14 00:49:00+00:00,-116.165634
2011-05-14 00:50:00+00:00,-115.041565
2011-05-14 00:51:00+00:00,-115.248543
2011-05-14 00:52:00+00:00,-113.733376
2011-05-14 00:53:00+00:00,-112.902504
2011-05-14 00:54:00+00:00,-111.535759
2011-05-14 00:55:00+00:00,-108.104095
2011-05-14 00:56:00+00:00,-105.820732
2011-05-14 00:57:00+00:00,-103.162262
2011-05-14 00:58:00+00:00,-103.973801
2011-05-14 00:59:00+00:00,-104.302475
2011-05-14 01:00:00+00:00,-103.424728
2011-05-14 01:01:00+00:00,-103.484329
2011-05-14 01:02:00+00:00,-105.077728
2011-05-14 01:03:00+00:00,-104.756836
2011-05-14 01:04:00+00:00,-102.912918
2011-05-14 01:05:00+00:00,-103.882545
2011-05-14 01:06:00+00:00,-104.664581
2011-05-14 01:07:00+00:00,-106.215149
2011-05-14 01:08:00+00:00,-108.078957
2011-05-14 01:09:00+00:00,-109.469002
2011-05-14 01:10:00+00:00,-110.903168
2011-05-14 01:11:00+00:00,-114.096283
2011-05-14 01:12:00+00:00,-113.249977
2011-05-14 01:13:00+00:00,-115.579597
2011-05-14 01:14:00+00:00,-118.356453
2011-05-14 01:15:00+00:00,-119.937309
2011-05-14 01:16:00+00:00,-123.897621
2011-05-14 01:17:00+00:00,-125.468216
2011-05-14 01:18:00+00:00,-125.942734
2011-05-14 01:19:00+00:00,-127.285576
2011-05-14 01:20:00+00:00,-129.461319
2011-05-14 01:21:00+00:00,-130.738831
2011-05-14 01:22:00+00:00,-132.225998
2011-05-14 01:23:00+00:00,-135.18158
2011-05-14 01:24:00+00:00,-135.010864
2011-05-14 01:25:00+00:00,-134.607727
2011-05-14 01:26:00+00:00,-133.803909
2011-05-14 01:27:00+00:00,-130.711227
2011-05-14 01:28:00+00:00,-126.458344
2011-05-14 01:29:00+00:00,-124.332199
2011-05-14 01:30:00+00:00,-120.967957
2011-05-14 01:31:00+00:00,-119.298317
2011-05-14 01:32:00+00:00,-116.747139
2011-05-14 01:33:00+00:00,-113.796249
2011-05-14 01:34:00+00:00,-111.585434
2011-05-14 01:35:00+00:00,-108.530647
2011-05-14 01:36:00+00:00,-106.829643
2011-05-14 01:37:00+00:00,-106.547028
2011-05-14 01:38:00+00:00,-107.740013
2011-05-14 01:39:00+00:00,-108.680298
2011-05-14 01:40:00+00:00,-109.989944
2011-05-14 01:41:00+00:00,-110.905243
2011-05-14 01:42:00+00:00,-111.549721
2011-05-14 01:43:00+00:00,-111.032288
2011-05-14 01:44:00+00:00,-109.5541
2011-05-14 01:45:00+00:00,-109.93325
2011-05-14 01:46:00+00:00,-108.75515
2011-05-14 01:47:00+00:00,-109.273499
2011-05-14 01:48:00+00:00,-110.754944
2011-05-14 01:49:00+00:00,-111.967354
2011-05-14 01:50:00+00:00,-112.532928
2011-05-14 01:51:00+00:00,-112.086899
2011-05-14 01:52:00+00:00,-110.220886
2011-05-14 01:53:00+00:00,-109.944443
2011-05-14 01:54:00+00:00,-109.809189
2011-05-14 01:55:00+00:00,-107.985542
2011-05-14 01:56:00+00:00,-107.491165
2011-05-14 01:57:00+00:00,-107.189072
2011-05-14 01:58:00+00:00,-106.976379
2011-05-14 01:59:00+00:00,-106.206116
2011-05-14 02:00:00+00:00,-105.389366
2011-05-14 02:01:00+00:00,-106.212837
2011-05-14 02:02:00+00:00,-109.565308
2011-05-14 02:03:00+00:00,-110.743988
2011-05-14 02:04:00+00:00,-113.075432
2011-05-14 02:05:00+00:00,-114.593246
2011-05-14 02:06:00+00:00,-113.216583
2011-05-14 02:07:00+00:00,-114.13932
2011-05-14 02:08:00+00:00,-115.878555
2011-05-14 02:09:00+00:00,-118.902649
2011-05-14 02:10:00+00:00,-118.66787
2011-05-14 02:11:00+00:00,-118.50457
2011-05-14 02:12:00+00:00,-118.455238
2011-05-14 02:13:00+00:00,-118.250679
2011-05-14 02:14:00+00:00,-116.292953
2011-05-14 02:15:00+00:00,-117.162247
2011-05-14 02:16:00+00:00,-114.534225
2011-05-14 02:17:00+00:00,-113.67955
2011-05-14 02:18:00+00:00,-112.930733
2011-05-14 02:19:00+00:00,-111.469521
2011-05-14 02:20:00+00:00,-110.531784
2011-05-14 02:21:00+00:00,-111.614326
2011-05-14 02:22:00+00:00,-111.924545
2011-05-14 02:23:00+00:00,-114.471069
2011-05-14 02:24:00+00:00,-114.23185
2011-05-14 02:25:00+00:00,-113.504456
2011-05-14 02:26:00+00:00,-112.582184
2011-05-14 02:27:00+00:00,-115.670555
2011-05-14 02:28:00+00:00,-118.817764
2011-05-14 02:29:00+00:00,-118.734947
2011-05-14 02:30:00+00:00,-122.797447
2011-05-14 02:31:00+00:00,-129.920776
2011-05-14 02:32:00+00:00,-122.039536
2011-05-14 02:33:00+00:00,-114.58754
2011-05-14 02:34:00+00:00,-120.576324
2011-05-14 02:35:00+00:00,-121.21759
2011-05-14 02:36:00+00:00,-119.094604
2011-05-14 02:37:00+00:00,-122.418144
2011-05-14 02:38:00+00:00,-119.0112
2011-05-14 02:39:00+00:00,-126.471581
2011-05-14 02:40:00+00:00,-128.087067
2011-05-14 02:41:00+00:00,-163.487122
2011-05-14 02:42:00+00:00,-172.206131
2011-05-14 02:43:00+00:00,-175.828186
2011-05-14 02:44:00+00:00,-173.505508
2011-05-14 02:45:00+00:00,-133.60611
2011-05-14 02:46:00+00:00,-138.482697
2011-05-14 02:47:00+00:00,-131.534988
2011-05-21 00:00:00+00:00,-32.881023
2011-05-21 00:01:00+00:00,-32.978867
2011-05-21 00:02:00+00:00,-32.866589
2011-05-21 00:03:00+00:00,-33.137363
2011-05-21 00:04:00+00:00,-33.301174
2011-05-21 00:05:00+00:00,-33.315445
2011-05-21 00:06:00+00:00,-34.049332
2011-05-21 00:07:00+00:00,-34.099964
2011-05-21 00:08:00+00:00,-34.506523
2011-05-21 00:09:00+00:00,-33.888588
2011-05-21 00:10:00+00:00,-34.428799
2011-05-21 00:11:00+00:00,-35.145233
2011-05-21 00:12:00+00:00,-35.455872
2011-05-21 00:13:00+00:00,-35.898315
2011-05-21 00:14:00+00:00,-36.050274
2011-05-21 00:15:00+00:00,-36.653851
2011-05-21 00:16:00+00:00,-37.107048
2011-05-21 00:17:00+00:00,-37.393272
2011-05-21 00:18:00+00:00,-37.340294
2011-05-21 00:19:00+00:00,-36.550446
2011-05-21 00:20:00+00:00,-36.616127
2011-05-21 00:21:00+00:00,-35.294182
2011-05-21 00:22:00+00:00,-34.456383
2011-05-21 00:23:00+00:00,-34.496941
2011-05-21 00:24:00+00:00,-34.22023
2011-05-21 00:25:00+00:00,-34.040314
2011-05-21 00:26:00+00:00,-34.290947
2011-05-21 00:27:00+00:00,-34.342781
2011-05-21 00:28:00+00:00,-33.922112
2011-05-21 00:29:00+00:00,-33.375435
2011-05-21 00:30:00+00:00,-33.257874
2011-05-21 00:31:00+00:00,-33.02623
2011-05-21 00:32:00+00:00,-33.380692
2011-05-21 00:33:00+00:00,-33.470528
2011-05-21 00:34:00+00:00,-33.779404
2011-05-21 00:35:00+00:00,-34.424355
2011-05-21 00:36:00+00:00,-34.924896
2011-05-21 00:37:00+00:00,-35.6745
2011-05-21 00:38:00+00:00,-35.756329
2011-05-21 00:39:00+00:00,-36.173206
2011-05-21 00:40:00+00:00,-36.503254
2011-05-21 00:41:00+00:00,-36.474968
2011-05-21 00:42:00+00:00,-36.372551
2011-05-21 00:43:00+00:00,-36.320961
2011-05-21 00:44:00+00:00,-36.274334
2011-05-21 00:45:00+00:00,-36.397636
2011-05-21 00:46:00+00:00,-36.265102
2011-05-21 00:47:00+00:00,-36.361092
2011-05-21 00:48:00+00:00,-37.01675
2011-05-21 00:49:00+00:00,-37.270947
2011-05-21 00:50:00+00:00,-37.783913
2011-05-21 00:51:00+00:00,-37.652313
2011-05-21 00:52:00+00:00,-37.59798
2011-05-21 00:53:00+00:00,-37.874508
2011-05-21 00:54:00+00:00,-38.128513
2011-05-21 00:55:00+00:00,-38.198853
2011-05-21 00:56:00+00:00,-37.900177
2011-05-21 00:57:00+00:00,-38.069969
2011-05-21 00:58:00+00:00,-37.859772
2011-05-21 00:59:00+00:00,-37.435837
2011-05-21 01:00:00+00:00,-37.262527
2011-05-21 01:01:00+00:00,-37.155525
2011-05-21 01:02:00+00:00,-36.894165
2011-05-21 01:03:00+00:00,-36.551018
2011-05-21 01:04:00+00:00,-36.828621
2011-05-21 01:05:00+00:00,-36.813202
2011-05-21 01:06:00+00:00,-36.988167
2011-05-21 01:07:00+00:00,-37.113632
2011-05-21 01:08:00+00:00,-37.390087
2011-05-21 01:09:00+00:00,-37.030762
2011-05-21 01:10:00+00:00,-37.382339
2011-05-21 01:11:00+00:00,-37.271404
2011-05-21 01:12:00+00:00,-36.823135
2011-05-21 01:13:00+00:00,-37.217613
2011-05-21 01:14:00+00:00,-37.763893
2011-05-21 01:15:00+00:00,-38.454247
2011-05-21 01:16:00+00:00,-37.691463
2011-05-21 01:17:00+00:00,-37.220665
2011-05-21 01:18:00+00:00,-36.574585
2011-05-21 01:19:00+00:00,-37.008087
2011-05-21 01:20:00+00:00,-37.355652
2011-05-21 01:21:00+00:00,-37.534279
2011-05-21 01:22:00+00:00,-37.060158
2011-05-21 01:23:00+00:00,-36.871628
2011-05-21 01:24:00+00:00,-36.942879
2011-05-21 01:25:00+00:00,-37.368641
2011-05-21 01:26:00+00:00,-37.40345
2011-05-21 01:27:00+00:00,-37.093922
2011-05-21 01:28:00+00:00,-36.861572
2011-05-21 01:29:00+00:00,-36.350624
2011-05-21 01:30:00+00:00,-36.503128
2011-05-21 01:31:00+00:00,-36.137047
2011-05-21 01:32:00+00:00,-35.330467
2011-05-21 01:33:00+00:00,-35.62513
2011-05-21 01:34:00+00:00,-35.662189
2011-05-21 01:35:00+00:00,-35.423813
2011-05-21 01:36:00+00:00,-35.56723
2011-05-21 01:37:00+00:00,-36.569798
2011-05-21 01:38:00+00:00,-36.304974
2011-05-21 01:39:00+00:00,-36.336037
2011-05-21 01:40:00+00:00,-35.760651
2011-05-21 01:41:00+00:00,-36.272041
2011-05-21 01:42:00+00:00,-36.616608
2011-05-21 01:43:00+00:00,-36.961197
2011-05-21 01:44:00+00:00,-37.054749
2011-05-21 01:45:00+00:00,-36.248055
2011-05-21 01:46:00+00:00,-36.672855
2011-05-21 01:47:00+00:00,-37.208065
2011-05-21 01:48:00+00:00,-36.63393
2011-05-21 01:49:00+00:00,-36.005234
2011-05-21 01:50:00+00:00,-34.730133
2011-05-21 01:51:00+00:00,-34.191452
2011-05-21 01:52:00+00:00,-34.526924
2011-05-21 01:53:00+00:00,-34.716988
2011-05-21 01:54:00+00:00,-35.058533
2011-05-21 01:55:00+00:00,-35.129696
2011-05-21 01:56:00+00:00,-34.21769
2011-05-21 01:57:00+00:00,-34.222748
2011-05-21 01:58:00+00:00,-34.034592
2011-05-21 01:59:00+00:00,-34.780342
2011-05-21 02:00:00+00:00,-35.031013
2011-05-21 02:01:00+00:00,-35.150124
2011-05-21 02:02:00+00:00,-35.704159
2011-05-21 02:03:00+00:00,-35.874947
2011-05-21 02:04:00+00:00,-35.488213
2011-05-21 02:05:00+00:00,-35.9035
2011-05-21 02:06:00+00:00,-36.465508
2011-05-21 02:07:00+00:00,-35.916687
2011-05-21 02:08:00+00:00,-35.738808
2011-05-21 02:09:00+00:00,-36.729156
2011-05-21 02:10:00+00:00,-37.548672
2011-05-21 02:11:00+00:00,-37.221176
2011-05-21 02:12:00+00:00,-38.014866
2011-05-21 02:13:00+00:00,-39.149933
2011-05-21 02:14:00+00:00,-40.041267
2011-05-21 02:15:00+00:00,-40.650578
2011-05-21 02:16:00+00:00,-40.231697
2011-05-21 02:17:00+00:00,-40.625473
2011-05-21 02:18:00+00:00,-40.135689
2011-05-21 02:19:00+00:00,-39.747066
2011-05-21 02:20:00+00:00,-39.452427
2011-05-21 02:21:00+00:00,-39.000328
2011-05-21 02:22:00+00:00,-38.969666
2011-05-21 02:23:00+00:00,-38.038101
2011-05-21 02:24:00+00:00,-37.332943
2011-05-21 02:25:00+00:00,-36.117397
2011-05-21 02:26:00+00:00,-34.973511
2011-05-21 02:27:00+00:00,-33.373913
2011-05-21 02:28:00+00:00,-33.691772
2011-05-21 02:29:00+00:00,-33.634666
2011-05-21 02:30:00+00:00,-33.160538
2011-05-21 02:31:00+00:00,-33.022141
2011-05-21 02:32:00+00:00,-32.530281
2011-05-21 02:33:00+00:00,-31.571276
2011-05-21 02:34:00+00:00,-30.414396
2011-05-21 02:35:00+00:00,-29.691078
2011-05-21 02:36:00+00:00,-29.285078
2011-05-21 02:37:00+00:00,-29.145283
2011-05-21 02:38:00+00:00,-29.552565
2011-05-21 02:39:00+00:00,-28.740953
2011-05-21 02:40:00+00:00,-28.370577
2011-05-21 02:41:00+00:00,-28.003649
2011-05-21 02:42:00+00:00,-28.064501
2011-05-21 02:43:00+00:00,-27.890726
2011-05-21 02:44:00+00:00,-27.381481
2011-05-21 02:45:00+00:00,-27.596775
2011-05-21 02:46:00+00:00,-28.303925
2011-05-21 02:47:00+00:00,-28.571259
2011-05-28 00:00:00+00:00,-577.466736
2011-05-28 00:01:00+00:00,-603.321533
2011-05-28 00:02:00+00:00,-615.908997
2011-05-28 00:03:00+00:00,-632.769653
2011-05-28 00:04:00+00:00,-628.027466
2011-05-28 00:05:00+00:00,-654.746338
2011-05-28 00:06:00+00:00,-655.08551
2011-05-28 00:07:00+00:00,-629.342773
2011-05-28 00:08:00+00:00,-628.898254
2011-05-28 00:09:00+00:00,-655.860046
2011-05-28 00:10:00+00:00,-662.066467
2011-05-28 00:11:00+00:00,-668.551086
2011-05-28 00:12:00+00:00,-709.070984
2011-05-28 00:13:00+00:00,-753.548462
2011-05-28 00:14:00+00:00,-756.304626
2011-05-28 00:15:00+00:00,-757.280151
2011-05-28 00:16:00+00:00,-754.83551
2011-05-28 00:17:00+00:00,-765.025452
2011-05-28 00:18:00+00:00,-759.283142
2011-05-28 00:19:00+00:00,-707.214294
2011-05-28 00:20:00+00:00,-665.872925
2011-05-28 00:21:00+00:00,-627.534363
2011-05-28 00:22:00+00:00,-614.033142
2011-05-28 00:23:00+00:00,-619.453491
2011-05-28 00:24:00+00:00,-636.211426
2011-05-28 00:25:00+00:00,-610.693787
2011-05-28 00:26:00+00:00,-587.34021
2011-05-28 00:27:00+00:00,-556.007446
2011-05-28 00:28:00+00:00,-511.81662
2011-05-28 00:29:00+00:00,-467.779663
2011-05-28 00:30:00+00:00,-463.397156
2011-05-28 00:31:00+00:00,-443.171967
2011-05-28 00:32:00+00:00,-434.096283
2011-05-28 00:33:00+00:00,-416.75235
2011-05-28 00:34:00+00:00,-390.893097
2011-05-28 00:35:00+00:00,-379.013153
2011-05-28 00:36:00+00:00,-363.730164
2011-05-28 00:37:00+00:00,-333.39743
2011-05-28 00:38:00+00:00,-308.187561
2011-05-28 00:39:00+00:00,-290.513855
2011-05-28 00:40:00+00:00,-279.410248
2011-05-28 00:41:00+00:00,-258.116943
2011-05-28 00:42:00+00:00,-258.119415
2011-05-28 00:43:00+00:00,-270.093201
2011-05-28 00:44:00+00:00,-276.269745
2011-05-28 00:45:00+00:00,-276.521973
2011-05-28 00:46:00+00:00,-250.014862
2011-05-28 00:47:00+00:00,-254.456284
2011-05-28 00:48:00+00:00,-257.091187
2011-05-28 00:49:00+00:00,-255.522766
2011-05-28 00:50:00+00:00,-244.24231
2011-05-28 00:51:00+00:00,-257.051331
2011-05-28 00:52:00+00:00,-263.062225
2011-05-28 00:53:00+00:00,-258.902405
2011-05-28 00:54:00+00:00,-263.788727
2011-05-28 00:55:00+00:00,-245.712311
2011-05-28 00:56:00+00:00,-240.714584
2011-05-28 00:57:00+00:00,-236.680649
2011-05-28 00:58:00+00:00,-229.608856
2011-05-28 00:59:00+00:00,-216.514481
2011-05-28 01:00:00+00:00,-233.086639
2011-05-28 01:01:00+00:00,-243.069534
2011-05-28 01:02:00+00:00,-265.652893
2011-05-28 01:03:00+00:00,-285.706055
2011-05-28 01:04:00+00:00,-314.781555
2011-05-28 01:05:00+00:00,-358.859497
2011-05-28 01:06:00+00:00,-411.138885
2011-05-28 01:07:00+00:00,-433.909912
2011-05-28 01:08:00+00:00,-480.207855
2011-05-28 01:09:00+00:00,-492.173431
2011-05-28 01:10:00+00:00,-488.259491
2011-05-28 01:11:00+00:00,-529.23584
2011-05-28 01:12:00+00:00,-553.869385
2011-05-28 01:13:00+00:00,-563.488281
2011-05-28 01:14:00+00:00,-572.889954
2011-05-28 01:15:00+00:00,-530.73407
2011-05-28 01:16:00+00:00,-490.994751
2011-05-28 01:17:00+00:00,-479.649567
2011-05-28 01:18:00+00:00,-445.335022
2011-05-28 01:19:00+00:00,-435.947632
2011-05-28 01:20:00+00:00,-447.67804
2011-05-28 01:21:00+00:00,-506.872498
2011-05-28 01:22:00+00:00,-491.359985
2011-05-28 01:23:00+00:00,-469.894775
2011-05-28 01:24:00+00:00,-545.762695
2011-05-28 01:25:00+00:00,-584.031494
2011-05-28 01:26:00+00:00,-571.990479
2011-05-28 01:27:00+00:00,-586.635559
2011-05-28 01:28:00+00:00,-599.625183
2011-05-28 01:29:00+00:00,-612.348267
2011-05-28 01:30:00+00:00,-563.6875
2011-05-28 01:31:00+00:00,-529.967407
2011-05-28 01:32:00+00:00,-499.042847
2011-05-28 01:33:00+00:00,-485.737213
2011-05-28 01:34:00+00:00,-479.427185
2011-05-28 01:35:00+00:00,-461.752625
2011-05-28 01:36:00+00:00,-512.732178
2011-05-28 01:37:00+00:00,-440.781067
2011-05-28 01:38:00+00:00,-429.480591
2011-05-28 01:39:00+00:00,-443.163116
2011-05-28 01:40:00+00:00,-461.623901
2011-05-28 01:41:00+00:00,-492.814972
2011-05-28 01:42:00+00:00,-523.625488
2011-05-28 01:43:00+00:00,-508.638092
2011-05-28 01:44:00+00:00,-494.40799
2011-05-28 01:45:00+00:00,-506.909668
2011-05-28 01:46:00+00:00,-532.927673
2011-05-28 01:47:00+00:00,-549.880493
2011-05-28 01:48:00+00:00,-572.154236
2011-05-28 01:49:00+00:00,-581.490662
2011-05-28 01:50:00+00:00,-564.053223
2011-05-28 01:51:00+00:00,-563.529358
2011-05-28 01:52:00+00:00,-568.086243
2011-05-28 01:53:00+00:00,-571.552795
2011-05-28 01:54:00+00:00,-556.699951
2011-05-28 01:55:00+00:00,-568.33313
2011-05-28 01:56:00+00:00,-564.206238
2011-05-28 01:57:00+00:00,-572.289307
2011-05-28 01:58:00+00:00,-583.635193
2011-05-28 01:59:00+00:00,-556.009338
2011-05-28 02:00:00+00:00,-551.932007
2011-05-28 02:01:00+00:00,-548.37616
2011-05-28 02:02:00+00:00,-536.570557
2011-05-28 02:03:00+00:00,-529.78833
2011-05-28 02:04:00+00:00,-557.129456
2011-05-28 02:05:00+00:00,-565.536987
2011-05-28 02:06:00+00:00,-570.714905
2011-05-28 02:07:00+00:00,-585.033875
2011-05-28 02:08:00+00:00,-580.68396
2011-05-28 02:09:00+00:00,-594.167725
2011-05-28 02:10:00+00:00,-584.177368
2011-05-28 02:11:00+00:00,-551.67804
2011-05-28 02:12:00+00:00,-517.640503
2011-05-28 02:13:00+00:00,-507.217743
2011-05-28 02:14:00+00:00,-503.179932
2011-05-28 02:15:00+00:00,-492.049408
2011-05-28 02:16:00+00:00,-461.653534
2011-05-28 02:17:00+00:00,-445.703918
2011-05-28 02:18:00+00:00,-424.819153
2011-05-28 02:19:00+00:00,-418.008575
2011-05-28 02:20:00+00:00,-404.333221
2011-05-28 02:21:00+00:00,-394.584717
2011-05-28 02:22:00+00:00,-391.879333
2011-05-28 02:23:00+00:00,-393.194977
2011-05-28 02:24:00+00:00,-390.712067
2011-05-28 02:25:00+00:00,-399.514862
2011-05-28 02:26:00+00:00,-393.010712
2011-05-28 02:27:00+00:00,-380.455139
2011-05-28 02:28:00+00:00,-385.804108
2011-05-28 02:29:00+00:00,-382.10144
2011-05-28 02:30:00+00:00,-364.070007
2011-05-28 02:31:00+00:00,-343.493164
2011-05-28 02:32:00+00:00,-325.962891
2011-05-28 02:33:00+00:00,-331.27771
2011-05-28 02:34:00+00:00,-327.552246
2011-05-28 02:35:00+00:00,-329.683624
2011-05-28 02:36:00+00:00,-321.548859
2011-05-28 02:37:00+00:00,-318.470367
2011-05-28 02:38:00+00:00,-312.716705
2011-05-28 02:39:00+00:00,-310.896271
2011-05-28 02:40:00+00:00,-294.959259
2011-05-28 02:41:00+00:00,-280.013
2011-05-28 02:42:00+00:00,-279.054535
2011-05-28 02:43:00+00:00,-288.149261
2011-05-28 02:44:00+00:00,-299.346863
2011-05-28 02:45:00+00:00,-309.573242
2011-05-28 02:46:00+00:00,-301.677887
2011-05-28 02:47:00+00:00,-280.735962
2011-06-04 00:00:00+00:00,-49.36586
2011-06-04 00:01:00+00:00,-49.557388
2011-06-04 00:02:00+00:00,-50.099831
2011-06-04 00:03:00+00:00,-50.304592
2011-06-04 00:04:00+00:00,-50.721016
2011-06-04 00:05:00+00:00,-52.245514
2011-06-04 00:06:00+00:00,-51.873318
2011-06-04 00:07:00+00:00,-50.856133
2011-06-04 00:08:00+00:00,-51.793381
2011-06-04 00:09:00+00:00,-50.787384
2011-06-04 00:10:00+00:00,-51.470642
2011-06-04 00:11:00+00:00,-48.974953
2011-06-04 00:12:00+00:00,-48.345924
2011-06-04 00:13:00+00:00,-48.72625
2011-06-04 00:14:00+00:00,-48.877235
2011-06-04 00:15:00+00:00,-48.664261
2011-06-04 00:16:00+00:00,-46.858429
2011-06-04 00:17:00+00:00,-48.703987
2011-06-04 00:18:00+00:00,-45.36161
2011-06-04 00:19:00+00:00,-45.832539
2011-06-04 00:20:00+00:00,-45.954208
2011-06-04 00:21:00+00:00,-45.133965
2011-06-04 00:22:00+00:00,-45.309795
2011-06-04 00:23:00+00:00,-45.447838
2011-06-04 00:24:00+00:00,-47.224377
2011-06-04 00:25:00+00:00,-47.205322
2011-06-04 00:26:00+00:00,-45.80019
2011-06-04 00:27:00+00:00,-45.470406
2011-06-04 00:28:00+00:00,-46.575455
2011-06-04 00:29:00+00:00,-49.986931
2011-06-04 00:30:00+00:00,-48.314522
2011-06-04 00:31:00+00:00,-50.173889
2011-06-04 00:32:00+00:00,-50.748718
2011-06-04 00:33:00+00:00,-52.352921
2011-06-04 00:34:00+00:00,-53.006393
2011-06-04 00:35:00+00:00,-50.49279
2011-06-04 00:36:00+00:00,-48.945992
2011-06-04 00:37:00+00:00,-49.992348
2011-06-04 00:38:00+00:00,-48.546417
2011-06-04 00:39:00+00:00,-48.829281
2011-06-04 00:40:00+00:00,-47.378395
2011-06-04 00:41:00+00:00,-47.967758
2011-06-04 00:42:00+00:00,-45.808655
2011-06-04 00:43:00+00:00,-46.632618
2011-06-04 00:44:00+00:00,-47.694862
2011-06-04 00:45:00+00:00,-49.36903
2011-06-04 00:46:00+00:00,-50.33123
2011-06-04 00:47:00+00:00,-49.724133
2011-06-04 00:48:00+00:00,-48.719536
2011-06-04 00:49:00+00:00,-48.682911
2011-06-04 00:50:00+00:00,-49.90435
2011-06-04 00:51:00+00:00,-51.188141
2011-06-04 00:52:00+00:00,-52.07375
2011-06-04 00:53:00+00:00,-52.797207
2011-06-04 00:54:00+00:00,-52.298622
2011-06-04 00:55:00+00:00,-51.927753
2011-06-04 00:56:00+00:00,-51.013176
2011-06-04 00:57:00+00:00,-50.85656
2011-06-04 00:58:00+00:00,-51.803448
2011-06-04 00:59:00+00:00,-53.34816
2011-06-04 01:00:00+00:00,-54.444969
2011-06-04 01:01:00+00:00,-55.360218
2011-06-04 01:02:00+00:00,-57.134876
2011-06-04 01:03:00+00:00,-57.803982
2011-06-04 01:04:00+00:00,-57.369732
2011-06-04 01:05:00+00:00,-57.758537
2011-06-04 01:06:00+00:00,-58.155056
2011-06-04 01:07:00+00:00,-57.153599
2011-06-04 01:08:00+00:00,-56.835327
2011-06-04 01:09:00+00:00,-56.261116
2011-06-04 01:10:00+00:00,-55.611927
2011-06-04 01:11:00+00:00,-55.208958
2011-06-04 01:12:00+00:00,-54.672382
2011-06-04 01:13:00+00:00,-55.661961
2011-06-04 01:14:00+00:00,-56.419186
2011-06-04 01:15:00+00:00,-57.2355
2011-06-04 01:16:00+00:00,-57.014511
2011-06-04 01:17:00+00:00,-56.339066
2011-06-04 01:18:00+00:00,-55.671619
2011-06-04 01:19:00+00:00,-56.787914
2011-06-04 01:20:00+00:00,-60.013313
2011-06-04 01:21:00+00:00,-69.29435
2011-06-04 01:22:00+00:00,-71.353294
2011-06-04 01:23:00+00:00,-67.312653
2011-06-04 01:24:00+00:00,-66.594559
2011-06-04 01:25:00+00:00,-86.528206
2011-06-04 01:26:00+00:00,-92.096199
2011-06-04 01:27:00+00:00,-64.769547
2011-06-04 01:28:00+00:00,-58.031124
2011-06-04 01:29:00+00:00,-79.337326
2011-06-04 01:30:00+00:00,-103.111526
2011-06-04 01:31:00+00:00,-122.714645
2011-06-04 01:32:00+00:00,-135.600586
2011-06-04 01:33:00+00:00,-141.466278
2011-06-04 01:34:00+00:00,-157.092468
2011-06-04 01:35:00+00:00,-133.684509
2011-06-04 01:36:00+00:00,-137.230362
2011-06-04 01:37:00+00:00,-152.829742
2011-06-04 01:38:00+00:00,-150.288208
2011-06-04 01:39:00+00:00,-149.479523
2011-06-04 01:40:00+00:00,-164.991562
2011-06-04 01:41:00+00:00,-168.66394
2011-06-04 01:42:00+00:00,-181.36113
2011-06-04 01:43:00+00:00,-133.223618
2011-06-04 01:44:00+00:00,-150.885315
2011-06-04 01:45:00+00:00,-135.699783
2011-06-04 01:46:00+00:00,-120.712074
2011-06-04 01:47:00+00:00,-109.649734
2011-06-04 01:48:00+00:00,-97.351898
2011-06-04 01:49:00+00:00,-103.726578
2011-06-04 01:50:00+00:00,-122.946571
2011-06-04 01:51:00+00:00,-122.640976
2011-06-04 01:52:00+00:00,-150.758698
2011-06-04 01:53:00+00:00,-154.56752
2011-06-04 01:54:00+00:00,-154.82605
2011-06-04 01:55:00+00:00,-102.173637
2011-06-04 01:56:00+00:00,-105.586815
2011-06-04 01:57:00+00:00,-105.905556
2011-06-04 01:58:00+00:00,-114.268753
2011-06-04 01:59:00+00:00,-115.866806
2011-06-04 02:00:00+00:00,-112.797028
2011-06-04 02:01:00+00:00,-111.308014
2011-06-04 02:02:00+00:00,-113.093895
2011-06-04 02:03:00+00:00,-122.129181
2011-06-04 02:04:00+00:00,-121.858948
2011-06-04 02:05:00+00:00,-104.138191
2011-06-04 02:06:00+00:00,-98.301498
2011-06-04 02:07:00+00:00,-93.818878
2011-06-04 02:08:00+00:00,-83.504715
2011-06-04 02:09:00+00:00,-77.182861
2011-06-04 02:10:00+00:00,-78.969879
2011-06-04 02:11:00+00:00,-82.343468
2011-06-04 02:12:00+00:00,-87.019135
2011-06-04 02:13:00+00:00,-85.216629
2011-06-04 02:14:00+00:00,-84.774307
2011-06-04 02:15:00+00:00,-88.883522
2011-06-04 02:16:00+00:00,-106.912621
2011-06-04 02:17:00+00:00,-122.235466
2011-06-04 02:18:00+00:00,-124.10006
2011-06-04 02:19:00+00:00,-93.19397
2011-06-04 02:20:00+00:00,-78.07019
2011-06-04 02:21:00+00:00,-75.715508
2011-06-04 02:22:00+00:00,-72.950256
2011-06-04 02:23:00+00:00,-78.348167
2011-06-04 02:24:00+00:00,-82.531921
2011-06-04 02:25:00+00:00,-91.901833
2011-06-04 02:26:00+00:00,-95.784142
2011-06-04 02:27:00+00:00,-97.695282
2011-06-04 02:28:00+00:00,-95.319122
2011-06-04 02:29:00+00:00,-93.313133
2011-06-04 02:30:00+00:00,-91.147438
2011-06-04 02:31:00+00:00,-90.439156
2011-06-04 02:32:00+00:00,-90.365128
2011-06-04 02:33:00+00:00,-86.473541
2011-06-04 02:34:00+00:00,-85.505432
2011-06-04 02:35:00+00:00,-86.884926
2011-06-04 02:36:00+00:00,-90.164917
2011-06-04 02:37:00+00:00,-89.150597
2011-06-04 02:38:00+00:00,-96.043625
2011-06-04 02:39:00+00:00,-128.708298
2011-06-04 02:40:00+00:00,-116.577606
2011-06-04 02:41:00+00:00,-88.692963
2011-06-04 02:42:00+00:00,-94.708755
2011-06-04 02:43:00+00:00,-91.874252
2011-06-04 02:44:00+00:00,-95.833298
2011-06-04 02:45:00+00:00,-90.343895
2011-06-04 02:46:00+00:00,-85.828781
2011-06-04 02:47:00+00:00,-90.741234
2011-06-11 00:00:00+00:00,-178.912598
2011-06-11 00:01:00+00:00,-175.562317
2011-06-11 00:02:00+00:00,-172.967377
2011-06-11 00:03:00+00:00,-170.152374
2011-06-11 00:04:00+00:00,-171.900391
2011-06-11 00:05:00+00:00,-166.570618
2011-06-11 00:06:00+00:00,-161.614151
2011-06-11 00:07:00+00:00,-159.001984
2011-06-11 00:08:00+00:00,-155.439987
2011-06-11 00:09:00+00:00,-150.796707
2011-06-11 00:10:00+00:00,-139.515518
2011-06-11 00:11:00+00:00,-123.398109
2011-06-11 00:12:00+00:00,-116.02063
2011-06-11 00:13:00+00:00,-116.367134
2011-06-11 00:14:00+00:00,-108.924629
2011-06-11 00:15:00+00:00,-104.098068
2011-06-11 00:16:00+00:00,-96.801826
2011-06-11 00:17:00+00:00,-89.551208
2011-06-11 00:18:00+00:00,-84.014229
2011-06-11 00:19:00+00:00,-80.993309
2011-06-11 00:20:00+00:00,-76.752792
2011-06-11 00:21:00+00:00,-72.46521
2011-06-11 00:22:00+00:00,-66.034561
2011-06-11 00:23:00+00:00,-60.609238
2011-06-11 00:24:00+00:00,-57.922943
2011-06-11 00:25:00+00:00,-58.251896
2011-06-11 00:26:00+00:00,-55.873825
2011-06-11 00:27:00+00:00,-56.230564
2011-06-11 00:28:00+00:00,-62.473083
2011-06-11 00:29:00+00:00,-59.782986
2011-06-11 00:30:00+00:00,-52.453163
2011-06-11 00:31:00+00:00,-50.573639
2011-06-11 00:32:00+00:00,-53.30735
2011-06-11 00:33:00+00:00,-56.482773
2011-06-11 00:34:00+00:00,-60.0056
2011-06-11 00:35:00+00:00,-66.72937
2011-06-11 00:36:00+00:00,-70.254227
2011-06-11 00:37:00+00:00,-70.833649
2011-06-11 00:38:00+00:00,-69.679298
2011-06-11 00:39:00+00:00,-67.705322
2011-06-11 00:40:00+00:00,-66.128395
2011-06-11 00:41:00+00:00,-63.694832
2011-06-11 00:42:00+00:00,-60.732742
2011-06-11 00:43:00+00:00,-68.709656
2011-06-11 00:44:00+00:00,-67.077988
2011-06-11 00:45:00+00:00,-61.609661
2011-06-11 00:46:00+00:00,-65.684975
2011-06-11 00:47:00+00:00,-68.674828
2011-06-11 00:48:00+00:00,-68.099655
2011-06-11 00:49:00+00:00,-69.861603
2011-06-11 00:50:00+00:00,-72.569595
2011-06-11 00:51:00+00:00,-73.986305
2011-06-11 00:52:00+00:00,-73.563301
2011-06-11 00:53:00+00:00,-77.628494
2011-06-11 00:54:00+00:00,-85.111382
2011-06-11 00:55:00+00:00,-81.528656
2011-06-11 00:56:00+00:00,-84.105331
2011-06-11 00:57:00+00:00,-87.854904
2011-06-11 00:58:00+00:00,-98.812859
2011-06-11 00:59:00+00:00,-113.603531
2011-06-11 01:00:00+00:00,-120.396179
2011-06-11 01:01:00+00:00,-126.36171
2011-06-11 01:02:00+00:00,-123.347305
2011-06-11 01:03:00+00:00,-119.23703
2011-06-11 01:04:00+00:00,-106.765457
2011-06-11 01:05:00+00:00,-103.098984
2011-06-11 01:06:00+00:00,-109.972351
2011-06-11 01:07:00+00:00,-109.487503
2011-06-11 01:08:00+00:00,-102.01786
2011-06-11 01:09:00+00:00,-101.443878
2011-06-11 01:10:00+00:00,-101.731544
2011-06-11 01:11:00+00:00,-91.057007
2011-06-11 01:12:00+00:00,-81.49781
2011-06-11 01:13:00+00:00,-81.71154
2011-06-11 01:14:00+00:00,-77.318695
2011-06-11 01:15:00+00:00,-76.140686
2011-06-11 01:16:00+00:00,-76.048813
2011-06-11 01:17:00+00:00,-78.635422
2011-06-11 01:18:00+00:00,-84.548584
2011-06-11 01:19:00+00:00,-91.137314
2011-06-11 01:20:00+00:00,-93.31604
2011-06-11 01:21:00+00:00,-92.06073
2011-06-11 01:22:00+00:00,-88.531914
2011-06-11 01:23:00+00:00,-85.325699
2011-06-11 01:24:00+00:00,-79.647034
2011-06-11 01:25:00+00:00,-80.612556
2011-06-11 01:26:00+00:00,-77.721115
2011-06-11 01:27:00+00:00,-77.073463
2011-06-11 01:28:00+00:00,-75.423035
2011-06-11 01:29:00+00:00,-76.199295
2011-06-11 01:30:00+00:00,-77.379051
2011-06-11 01:31:00+00:00,-77.626335
2011-06-11 01:32:00+00:00,-78.022163
2011-06-11 01:33:00+00:00,-78.432083
2011-06-11 01:34:00+00:00,-77.804291
2011-06-11 01:35:00+00:00,-76.528625
2011-06-11 01:36:00+00:00,-75.671227
2011-06-11 01:37:00+00:00,-76.717957
2011-06-11 01:38:00+00:00,-76.509682
2011-06-11 01:39:00+00:00,-75.508347
2011-06-11 01:40:00+00:00,-76.959824
2011-06-11 01:41:00+00:00,-84.042542
2011-06-11 01:42:00+00:00,-81.122391
2011-06-11 01:43:00+00:00,-82.207001
2011-06-11 01:44:00+00:00,-82.296158
2011-06-11 01:45:00+00:00,-86.272026
2011-06-11 01:46:00+00:00,-88.525436
2011-06-11 01:47:00+00:00,-90.604019
2011-06-11 01:48:00+00:00,-94.101273
2011-06-11 01:49:00+00:00,-98.127228
2011-06-11 01:50:00+00:00,-102.578033
2011-06-11 01:51:00+00:00,-104.26683
2011-06-11 01:52:00+00:00,-99.530228
2011-06-11 01:53:00+00:00,-99.276733
2011-06-11 01:54:00+00:00,-99.671486
2011-06-11 01:55:00+00:00,-98.505058
2011-06-11 01:56:00+00:00,-100.156036
2011-06-11 01:57:00+00:00,-105.392632
2011-06-11 01:58:00+00:00,-110.250664
2011-06-11 01:59:00+00:00,-116.81768
2011-06-11 02:00:00+00:00,-124.653908
2011-06-11 02:01:00+00:00,-124.456543
2011-06-11 02:02:00+00:00,-125.89238
2011-06-11 02:03:00+00:00,-124.258743
2011-06-11 02:04:00+00:00,-122.376137
2011-06-11 02:05:00+00:00,-120.492218
2011-06-11 02:06:00+00:00,-117.616524
2011-06-11 02:07:00+00:00,-115.745918
2011-06-11 02:08:00+00:00,-114.880875
2011-06-11 02:09:00+00:00,-118.79229
2011-06-11 02:10:00+00:00,-120.971626
2011-06-11 02:11:00+00:00,-124.268417
2011-06-11 02:12:00+00:00,-131.453156
2011-06-11 02:13:00+00:00,-142.154724
2011-06-11 02:14:00+00:00,-125.581886
2011-06-11 02:15:00+00:00,-110.704903
2011-06-11 02:16:00+00:00,-114.84166
2011-06-11 02:17:00+00:00,-134.031479
2011-06-11 02:18:00+00:00,-138.115875
2011-06-11 02:19:00+00:00,-143.237167
2011-06-11 02:20:00+00:00,-161.36261
2011-06-11 02:21:00+00:00,-171.481232
2011-06-11 02:22:00+00:00,-176.610382
2011-06-11 02:23:00+00:00,-174.738846
2011-06-11 02:24:00+00:00,-161.840515
2011-06-11 02:25:00+00:00,-147.950073
2011-06-11 02:26:00+00:00,-142.067337
2011-06-11 02:27:00+00:00,-139.187195
2011-06-11 02:28:00+00:00,-141.813416
2011-06-11 02:29:00+00:00,-140.544098
2011-06-11 02:30:00+00:00,-154.723114
2011-06-11 02:31:00+00:00,-164.784897
2011-06-11 02:32:00+00:00,-173.790558
2011-06-11 02:33:00+00:00,-172.838989
2011-06-11 02:34:00+00:00,-166.953659
2011-06-11 02:35:00+00:00,-152.043747
2011-06-11 02:36:00+00:00,-137.158142
2011-06-11 02:37:00+00:00,-131.734802
2011-06-11 02:38:00+00:00,-133.805389
2011-06-11 02:39:00+00:00,-129.53392
2011-06-11 02:40:00+00:00,-136.208954
2011-06-11 02:41:00+00:00,-148.012802
2011-06-11 02:42:00+00:00,-157.051407
2011-06-11 02:43:00+00:00,-157.361115
2011-06-11 02:44:00+00:00,-153.823013
2011-06-11 02:45:00+00:00,-151.538895
2011-06-11 02:46:00+00:00,-144.918701
2011-06-11 02:47:00+00:00,-143.253601
2011-06-18 00:00:00+00:00,-29.19986
2011-06-18 00:01:00+00:00,-30.956697
2011-06-18 00:02:00+00:00,-29.276794
2011-06-18 00:03:00+00:00,-30.108173
2011-06-18 00:04:00+00:00,-28.547474
2011-06-18 00:05:00+00:00,-25.435467
2011-06-18 00:06:00+00:00,-18.768208
2011-06-18 00:07:00+00:00,-16.538155
2011-06-18 00:08:00+00:00,-18.549557
2011-06-18 00:09:00+00:00,-19.292551
2011-06-18 00:10:00+00:00,-19.571756
2011-06-18 00:11:00+00:00,-20.516054
2011-06-18 00:12:00+00:00,-23.911549
2011-06-18 00:13:00+00:00,-26.647861
2011-06-18 00:14:00+00:00,-27.012079
2011-06-18 00:15:00+00:00,-30.350853
2011-06-18 00:16:00+00:00,-34.667667
2011-06-18 00:17:00+00:00,-36.564873
2011-06-18 00:18:00+00:00,-46.37405
2011-06-18 00:19:00+00:00,-54.506313
2011-06-18 00:20:00+00:00,-67.915733
2011-06-18 00:21:00+00:00,-78.820061
2011-06-18 00:22:00+00:00,-93.198753
2011-06-18 00:23:00+00:00,-102.254677
2011-06-18 00:24:00+00:00,-110.243187
2011-06-18 00:25:00+00:00,-116.412033
2011-06-18 00:26:00+00:00,-125.569794
2011-06-18 00:27:00+00:00,-139.533829
2011-06-18 00:28:00+00:00,-149.329483
2011-06-18 00:29:00+00:00,-151.622772
2011-06-18 00:30:00+00:00,-156.51619
2011-06-18 00:31:00+00:00,-158.305878
2011-06-18 00:32:00+00:00,-159.832779
2011-06-18 00:33:00+00:00,-158.795013
2011-06-18 00:34:00+00:00,-153.640854
2011-06-18 00:35:00+00:00,-151.095688
2011-06-18 00:36:00+00:00,-149.048996
2011-06-18 00:37:00+00:00,-148.604065
2011-06-18 00:38:00+00:00,-143.312393
2011-06-18 00:39:00+00:00,-142.184372
2011-06-18 00:40:00+00:00,-141.014191
2011-06-18 00:41:00+00:00,-141.848694
2011-06-18 00:42:00+00:00,-142.479797
2011-06-18 00:43:00+00:00,-140.073502
2011-06-18 00:44:00+00:00,-136.63855
2011-06-18 00:45:00+00:00,-137.421967
2011-06-18 00:46:00+00:00,-135.611496
2011-06-18 00:47:00+00:00,-126.927246
2011-06-18 00:48:00+00:00,-122.110649
2011-06-18 00:49:00+00:00,-120.304245
2011-06-18 00:50:00+00:00,-118.368347
2011-06-18 00:51:00+00:00,-116.880058
2011-06-18 00:52:00+00:00,-115.692856
2011-06-18 00:53:00+00:00,-112.594162
2011-06-18 00:54:00+00:00,-112.685768
2011-06-18 00:55:00+00:00,-113.645706
2011-06-18 00:56:00+00:00,-114.505196
2011-06-18 00:57:00+00:00,-116.739777
2011-06-18 00:58:00+00:00,-121.380661
2011-06-18 00:59:00+00:00,-124.897537
2011-06-18 01:00:00+00:00,-128.608704
2011-06-18 01:01:00+00:00,-130.752365
2011-06-18 01:02:00+00:00,-141.744186
2011-06-18 01:03:00+00:00,-147.053909
2011-06-18 01:04:00+00:00,-140.912613
2011-06-18 01:05:00+00:00,-136.905655
2011-06-18 01:06:00+00:00,-142.312149
2011-06-18 01:07:00+00:00,-149.591858
2011-06-18 01:08:00+00:00,-153.252136
2011-06-18 01:09:00+00:00,-156.425278
2011-06-18 01:10:00+00:00,-158.107834
2011-06-18 01:11:00+00:00,-157.205872
2011-06-18 01:12:00+00:00,-159.131317
2011-06-18 01:13:00+00:00,-158.854691
2011-06-18 01:14:00+00:00,-153.112152
2011-06-18 01:15:00+00:00,-148.875214
2011-06-18 01:16:00+00:00,-148.798889
2011-06-18 01:17:00+00:00,-152.25325
2011-06-18 01:18:00+00:00,-152.404068
2011-06-18 01:19:00+00:00,-157.539246
2011-06-18 01:20:00+00:00,-161.732819
2011-06-18 01:21:00+00:00,-163.417236
2011-06-18 01:22:00+00:00,-168.648956
2011-06-18 01:23:00+00:00,-171.815384
2011-06-18 01:24:00+00:00,-175.558136
2011-06-18 01:25:00+00:00,-178.095703
2011-06-18 01:26:00+00:00,-173.677902
2011-06-18 01:27:00+00:00,-177.555527
2011-06-18 01:28:00+00:00,-183.950089
2011-06-18 01:29:00+00:00,-181.804764
2011-06-18 01:30:00+00:00,-177.932846
2011-06-18 01:31:00+00:00,-175.562729
2011-06-18 01:32:00+00:00,-175.431671
2011-06-18 01:33:00+00:00,-175.065659
2011-06-18 01:34:00+00:00,-168.855591
2011-06-18 01:35:00+00:00,-163.491257
2011-06-18 01:36:00+00:00,-164.789505
2011-06-18 01:37:00+00:00,-164.723572
2011-06-18 01:38:00+00:00,-164.655258
2011-06-18 01:39:00+00:00,-162.920166
2011-06-18 01:40:00+00:00,-160.340088
2011-06-18 01:41:00+00:00,-159.25
2011-06-18 01:42:00+00:00,-149.642563
2011-06-18 01:43:00+00:00,-151.703491
2011-06-18 01:44:00+00:00,-162.188416
2011-06-18 01:45:00+00:00,-157.267532
2011-06-18 01:46:00+00:00,-151.623886
2011-06-18 01:47:00+00:00,-146.693726
2011-06-18 01:48:00+00:00,-146.677444
2011-06-18 01:49:00+00:00,-145.568634
2011-06-18 01:50:00+00:00,-144.666016
2011-06-18 01:51:00+00:00,-145.442566
2011-06-18 01:52:00+00:00,-142.618179
2011-06-18 01:53:00+00:00,-143.486038
2011-06-18 01:54:00+00:00,-141.448624
2011-06-18 01:55:00+00:00,-139.378098
2011-06-18 01:56:00+00:00,-139.140411
2011-06-18 01:57:00+00:00,-138.08812
2011-06-18 01:58:00+00:00,-139.304138
2011-06-18 01:59:00+00:00,-138.114532
2011-06-18 02:00:00+00:00,-135.820938
2011-06-18 02:01:00+00:00,-131.941177
2011-06-18 02:02:00+00:00,-132.462341
2011-06-18 02:03:00+00:00,-133.735809
2011-06-18 02:04:00+00:00,-138.293732
2011-06-18 02:05:00+00:00,-138.726837
2011-06-18 02:06:00+00:00,-136.559479
2011-06-18 02:07:00+00:00,-135.303314
2011-06-18 02:08:00+00:00,-132.990219
2011-06-18 02:09:00+00:00,-131.441101
2011-06-18 02:10:00+00:00,-135.315353
2011-06-18 02:11:00+00:00,-136.295593
2011-06-18 02:12:00+00:00,-135.662048
2011-06-18 02:13:00+00:00,-135.817047
2011-06-18 02:14:00+00:00,-133.344543
2011-06-18 02:15:00+00:00,-127.875313
2011-06-18 02:16:00+00:00,-128.022552
2011-06-18 02:17:00+00:00,-131.462646
2011-06-18 02:18:00+00:00,-140.024261
2011-06-18 02:19:00+00:00,-140.095078
2011-06-18 02:20:00+00:00,-136.604767
2011-06-18 02:21:00+00:00,-134.983994
2011-06-18 02:22:00+00:00,-134.499344
2011-06-18 02:23:00+00:00,-133.88353
2011-06-18 02:24:00+00:00,-132.185776
2011-06-18 02:25:00+00:00,-127.29306
2011-06-18 02:26:00+00:00,-129.908493
2011-06-18 02:27:00+00:00,-136.994965
2011-06-18 02:28:00+00:00,-147.102264
2011-06-18 02:29:00+00:00,-151.258698
2011-06-18 02:30:00+00:00,-156.769913
2011-06-18 02:31:00+00:00,-152.891907
2011-06-18 02:32:00+00:00,-141.315247
2011-06-18 02:33:00+00:00,-135.798233
2011-06-18 02:34:00+00:00,-138.351532
2011-06-18 02:35:00+00:00,-141.02977
2011-06-18 02:36:00+00:00,-141.1922
2011-06-18 02:37:00+00:00,-141.003799
2011-06-18 02:38:00+00:00,-141.831711
2011-06-18 02:39:00+00:00,-141.749054
2011-06-18 02:40:00+00:00,-145.155151
2011-06-18 02:41:00+00:00,-147.481552
2011-06-18 02:42:00+00:00,-154.438141
2011-06-18 02:43:00+00:00,-153.06488
2011-06-18 02:44:00+00:00,-149.596054
2011-06-18 02:45:00+00:00,-147.898758
2011-06-18 02:46:00+00:00,-139.776962
2011-06-18 02:47:00+00:00,-134.361786
2011-06-25 00:00:00+00:00,-63.484703
2011-06-25 00:01:00+00:00,-59.910175
2011-06-25 00:02:00+00:00,-57.93293
2011-06-25 00:03:00+00:00,-57.375332
2011-06-25 00:04:00+00:00,-60.352829
2011-06-25 00:05:00+00:00,-65.867569
2011-06-25 00:06:00+00:00,-68.865082
2011-06-25 00:07:00+00:00,-66.667343
2011-06-25 00:08:00+00:00,-65.825714
2011-06-25 00:09:00+00:00,-63.789196
2011-06-25 00:10:00+00:00,-60.227482
2011-06-25 00:11:00+00:00,-58.618797
2011-06-25 00:12:00+00:00,-60.573219
2011-06-25 00:13:00+00:00,-65.494751
2011-06-25 00:14:00+00:00,-62.600895
2011-06-25 00:15:00+00:00,-62.299561
2011-06-25 00:16:00+00:00,-62.131771
2011-06-25 00:17:00+00:00,-63.470585
2011-06-25 00:18:00+00:00,-62.050495
2011-06-25 00:19:00+00:00,-60.423462
2011-06-25 00:20:00+00:00,-59.561859
2011-06-25 00:21:00+00:00,-56.681713
2011-06-25 00:22:00+00:00,-55.485863
2011-06-25 00:23:00+00:00,-52.061577
2011-06-25 00:24:00+00:00,-46.588879
2011-06-25 00:25:00+00:00,-42.428047
2011-06-25 00:26:00+00:00,-44.679878
2011-06-25 00:27:00+00:00,-49.799652
2011-06-25 00:28:00+00:00,-47.735821
2011-06-25 00:29:00+00:00,-43.004211
2011-06-25 00:30:00+00:00,-42.061081
2011-06-25 00:31:00+00:00,-47.193138
2011-06-25 00:32:00+00:00,-53.627914
2011-06-25 00:33:00+00:00,-56.643784
2011-06-25 00:34:00+00:00,-48.312767
2011-06-25 00:35:00+00:00,-42.064304
2011-06-25 00:36:00+00:00,-35.573437
2011-06-25 00:37:00+00:00,-32.917553
2011-06-25 00:38:00+00:00,-32.835426
2011-06-25 00:39:00+00:00,-35.441444
2011-06-25 00:40:00+00:00,-35.571159
2011-06-25 00:41:00+00:00,-32.063683
2011-06-25 00:42:00+00:00,-30.061176
2011-06-25 00:43:00+00:00,-29.142015
2011-06-25 00:44:00+00:00,-29.223379
2011-06-25 00:45:00+00:00,-29.306297
2011-06-25 00:46:00+00:00,-29.683483
2011-06-25 00:47:00+00:00,-29.465672
2011-06-25 00:48:00+00:00,-29.544785
2011-06-25 00:49:00+00:00,-31.625668
2011-06-25 00:50:00+00:00,-28.707399
2011-06-25 00:51:00+00:00,-28.789059
2011-06-25 00:52:00+00:00,-27.871675
2011-06-25 00:53:00+00:00,-28.953714
2011-06-25 00:54:00+00:00,-30.032551
2011-06-25 00:55:00+00:00,-31.111534
2011-06-25 00:56:00+00:00,-30.772526
2011-06-25 00:57:00+00:00,-33.271122
2011-06-25 00:58:00+00:00,-35.349884
2011-06-25 00:59:00+00:00,-34.426075
2011-06-25 01:00:00+00:00,-30.506586
2011-06-25 01:01:00+00:00,-29.586512
2011-06-25 01:02:00+00:00,-30.664587
2011-06-25 01:03:00+00:00,-33.747131
2011-06-25 01:04:00+00:00,-31.829308
2011-06-25 01:05:00+00:00,-27.906273
2011-06-25 01:06:00+00:00,-28.899683
2011-06-25 01:07:00+00:00,-32.055485
2011-06-25 01:08:00+00:00,-33.872086
2011-06-25 01:09:00+00:00,-30.862577
2011-06-25 01:10:00+00:00,-31.855968
2011-06-25 01:11:00+00:00,-31.850338
2011-06-25 01:12:00+00:00,-33.848152
2011-06-25 01:13:00+00:00,-34.848465
2011-06-25 01:14:00+00:00,-32.850811
2011-06-25 01:15:00+00:00,-31.855711
2011-06-25 01:16:00+00:00,-31.864429
2011-06-25 01:17:00+00:00,-36.87606
2011-06-25 01:18:00+00:00,-39.888374
2011-06-25 01:19:00+00:00,-37.902374
2011-06-25 01:20:00+00:00,-33.921513
2011-06-25 01:21:00+00:00,-35.943855
2011-06-25 01:22:00+00:00,-34.966995
2011-06-25 01:23:00+00:00,-34.742336
2011-06-25 01:24:00+00:00,-34.023998
2011-06-25 01:25:00+00:00,-33.055145
2011-06-25 01:26:00+00:00,-34.091103
2011-06-25 01:27:00+00:00,-31.129459
2011-06-25 01:28:00+00:00,-29.172686
2011-06-25 01:29:00+00:00,-27.216415
2011-06-25 01:30:00+00:00,-27.926249
2011-06-25 01:31:00+00:00,-30.014143
2011-06-25 01:32:00+00:00,-38.147007
2011-06-25 01:33:00+00:00,-33.177765
2011-06-25 01:34:00+00:00,-44.004433
2011-06-25 01:35:00+00:00,-31.53805
2011-06-25 01:36:00+00:00,-40.598785
2011-06-25 01:37:00+00:00,-39.718822
2011-06-25 01:38:00+00:00,-48.831699
2011-06-25 01:39:00+00:00,-64.122581
2011-06-25 01:40:00+00:00,-53.916779
2011-06-25 01:41:00+00:00,-44.345219
2011-06-25 01:42:00+00:00,-35.01889
2011-06-25 01:43:00+00:00,-26.58889
2011-06-25 01:44:00+00:00,-30.504683
2011-06-25 01:45:00+00:00,-41.420235
2011-06-25 01:46:00+00:00,-44.404423
2011-06-25 01:47:00+00:00,-54.260319
2011-06-25 01:48:00+00:00,-51.173592
2011-06-25 01:49:00+00:00,-131.720566
2011-06-25 01:50:00+00:00,-118.043327
2011-06-25 01:51:00+00:00,-126.464729
2011-06-25 01:52:00+00:00,-89.970932
2011-06-25 01:53:00+00:00,-106.734131
2011-06-25 01:54:00+00:00,-137.102783
2011-06-25 01:55:00+00:00,-112.670044
2011-06-25 01:56:00+00:00,-114.301971
2011-06-25 01:57:00+00:00,-94.245308
2011-06-25 01:58:00+00:00,-101.068787
2011-06-25 01:59:00+00:00,-99.020645
2011-06-25 02:00:00+00:00,-122.834641
2011-06-25 02:01:00+00:00,-129.480667
2011-06-25 02:02:00+00:00,-147.209045
2011-06-25 02:03:00+00:00,-129.150436
2011-06-25 02:04:00+00:00,-144.481613
2011-06-25 02:05:00+00:00,-140.562897
2011-06-25 02:06:00+00:00,-159.024185
2011-06-25 02:07:00+00:00,-271.799377
2011-06-25 02:08:00+00:00,-304.407837
2011-06-25 02:09:00+00:00,-357.260132
2011-06-25 02:10:00+00:00,-268.716888
2011-06-25 02:11:00+00:00,-227.28508
2011-06-25 02:12:00+00:00,-227.310074
2011-06-25 02:13:00+00:00,-311.558197
2011-06-25 02:14:00+00:00,-359.825165
2011-06-25 02:15:00+00:00,-352.842529
2011-06-25 02:16:00+00:00,-313.05188
2011-06-25 02:17:00+00:00,-247.2258
2011-06-25 02:18:00+00:00,-236.101212
2011-06-25 02:19:00+00:00,-215.672241
2011-06-25 02:20:00+00:00,-205.578079
2011-06-25 02:21:00+00:00,-194.259125
2011-06-25 02:22:00+00:00,-208.687607
2011-06-25 02:23:00+00:00,-211.270004
2011-06-25 02:24:00+00:00,-196.397156
2011-06-25 02:25:00+00:00,-197.522598
2011-06-25 02:26:00+00:00,-194.353821
2011-06-25 02:27:00+00:00,-185.267761
2011-06-25 02:28:00+00:00,-175.40213
2011-06-25 02:29:00+00:00,-162.243195
2011-06-25 02:30:00+00:00,-150.090775
2011-06-25 02:31:00+00:00,-144.019775
2011-06-25 02:32:00+00:00,-140.554535
2011-06-25 02:33:00+00:00,-138.889465
2011-06-25 02:34:00+00:00,-123.030457
2011-06-25 02:35:00+00:00,-103.590858
2011-06-25 02:36:00+00:00,-89.388115
2011-06-25 02:37:00+00:00,-78.548248
2011-06-25 02:38:00+00:00,-74.310661
2011-06-25 02:39:00+00:00,-68.424637
2011-06-25 02:40:00+00:00,-61.961311
2011-06-25 02:41:00+00:00,-56.439713
2011-06-25 02:42:00+00:00,-53.229698
2011-06-25 02:43:00+00:00,-50.01973
2011-06-25 02:44:00+00:00,-41.808266
2011-06-25 02:45:00+00:00,-42.59668
2011-06-25 02:46:00+00:00,-63.390423
2011-06-25 02:47:00+00:00,-65.80851
2011-07-02 00:00:00+00:00,-42.046356
2011-07-02 00:01:00+00:00,-41.793053
2011-07-02 00:02:00+00:00,-41.687534
2011-07-02 00:03:00+00:00,-41.787548
2011-07-02 00:04:00+00:00,-41.307877
2011-07-02 00:05:00+00:00,-41.115654
2011-07-02 00:06:00+00:00,-40.617077
2011-07-02 00:07:00+00:00,-40.442947
2011-07-02 00:08:00+00:00,-40.476799
2011-07-02 00:09:00+00:00,-40.478691
2011-07-02 00:10:00+00:00,-40.521656
2011-07-02 00:11:00+00:00,-40.769711
2011-07-02 00:12:00+00:00,-41.005997
2011-07-02 00:13:00+00:00,-41.021477
2011-07-02 00:14:00+00:00,-41.277031
2011-07-02 00:15:00+00:00,-41.516747
2011-07-02 00:16:00+00:00,-42.125622
2011-07-02 00:17:00+00:00,-42.470146
2011-07-02 00:18:00+00:00,-42.636555
2011-07-02 00:19:00+00:00,-42.7869
2011-07-02 00:20:00+00:00,-43.036362
2011-07-02 00:21:00+00:00,-43.078247
2011-07-02 00:22:00+00:00,-42.969139
2011-07-02 00:23:00+00:00,-43.038837
2011-07-02 00:24:00+00:00,-43.287655
2011-07-02 00:25:00+00:00,-43.275936
2011-07-02 00:26:00+00:00,-43.050503
2011-07-02 00:27:00+00:00,-43.037079
2011-07-02 00:28:00+00:00,-43.182877
2011-07-02 00:29:00+00:00,-43.040573
2011-07-02 00:30:00+00:00,-43.172615
2011-07-02 00:31:00+00:00,-43.366131
2011-07-02 00:32:00+00:00,-43.443916
2011-07-02 00:33:00+00:00,-43.531982
2011-07-02 00:34:00+00:00,-43.440739
2011-07-02 00:35:00+00:00,-43.371227
2011-07-02 00:36:00+00:00,-43.512768
2011-07-02 00:37:00+00:00,-43.654289
2011-07-02 00:38:00+00:00,-43.823746
2011-07-02 00:39:00+00:00,-44.009693
2011-07-02 00:40:00+00:00,-44.251865
2011-07-02 00:41:00+00:00,-44.233719
2011-07-02 00:42:00+00:00,-44.519585
2011-07-02 00:43:00+00:00,-44.548775
2011-07-02 00:44:00+00:00,-44.614128
2011-07-02 00:45:00+00:00,-44.871761
2011-07-02 00:46:00+00:00,-44.755222
2011-07-02 00:47:00+00:00,-44.637161
2011-07-02 00:48:00+00:00,-44.55278
2011-07-02 00:49:00+00:00,-44.314442
2011-07-02 00:50:00+00:00,-44.336082
2011-07-02 00:51:00+00:00,-44.308971
2011-07-02 00:52:00+00:00,-44.213451
2011-07-02 00:53:00+00:00,-43.790874
2011-07-02 00:54:00+00:00,-43.444725
2011-07-02 00:55:00+00:00,-42.947731
2011-07-02 00:56:00+00:00,-42.399372
2011-07-02 00:57:00+00:00,-41.881542
2011-07-02 00:58:00+00:00,-41.870678
2011-07-02 00:59:00+00:00,-41.868595
2011-07-02 01:00:00+00:00,-41.85368
2011-07-02 01:01:00+00:00,-41.630749
2011-07-02 01:02:00+00:00,-41.353821
2011-07-02 01:03:00+00:00,-40.9608
2011-07-02 01:04:00+00:00,-40.703758
2011-07-02 01:05:00+00:00,-40.397266
2011-07-02 01:06:00+00:00,-39.894955
2011-07-02 01:07:00+00:00,-39.841469
2011-07-02 01:08:00+00:00,-39.659981
2011-07-02 01:09:00+00:00,-39.648922
2011-07-02 01:10:00+00:00,-39.635876
2011-07-02 01:11:00+00:00,-39.628773
2011-07-02 01:12:00+00:00,-39.569134
2011-07-02 01:13:00+00:00,-39.42778
2011-07-02 01:14:00+00:00,-39.363033
2011-07-02 01:15:00+00:00,-39.246101
2011-07-02 01:16:00+00:00,-39.237583
2011-07-02 01:17:00+00:00,-38.860298
2011-07-02 01:18:00+00:00,-38.497589
2011-07-02 01:19:00+00:00,-38.061684
2011-07-02 01:20:00+00:00,-37.898403
2011-07-02 01:21:00+00:00,-37.996143
2011-07-02 01:22:00+00:00,-37.97612
2011-07-02 01:23:00+00:00,-37.605789
2011-07-02 01:24:00+00:00,-37.157158
2011-07-02 01:25:00+00:00,-36.891891
2011-07-02 01:26:00+00:00,-36.603088
2011-07-02 01:27:00+00:00,-36.230305
2011-07-02 01:28:00+00:00,-35.785385
2011-07-02 01:29:00+00:00,-34.973518
2011-07-02 01:30:00+00:00,-35.208881
2011-07-02 01:31:00+00:00,-35.316479
2011-07-02 01:32:00+00:00,-35.319798
2011-07-02 01:33:00+00:00,-35.615429
2011-07-02 01:34:00+00:00,-35.843014
2011-07-02 01:35:00+00:00,-36.277927
2011-07-02 01:36:00+00:00,-36.568596
2011-07-02 01:37:00+00:00,-36.477707
2011-07-02 01:38:00+00:00,-36.458328
2011-07-02 01:39:00+00:00,-36.282967
2011-07-02 01:40:00+00:00,-36.392017
2011-07-02 01:41:00+00:00,-36.500317
2011-07-02 01:42:00+00:00,-36.821716
2011-07-02 01:43:00+00:00,-36.886478
2011-07-02 01:44:00+00:00,-36.666275
2011-07-02 01:45:00+00:00,-36.677685
2011-07-02 01:46:00+00:00,-36.60408
2011-07-02 01:47:00+00:00,-36.486874
2011-07-02 01:48:00+00:00,-36.479176
2011-07-02 01:49:00+00:00,-36.363205
2011-07-02 01:50:00+00:00,-36.29422
2011-07-02 01:51:00+00:00,-36.220451
2011-07-02 01:52:00+00:00,-36.178017
2011-07-02 01:53:00+00:00,-36.011238
2011-07-02 01:54:00+00:00,-35.773602
2011-07-02 01:55:00+00:00,-35.682495
2011-07-02 01:56:00+00:00,-35.587524
2011-07-02 01:57:00+00:00,-36.032608
2011-07-02 01:58:00+00:00,-36.156422
2011-07-02 01:59:00+00:00,-36.237263
2011-07-02 02:00:00+00:00,-36.39719
2011-07-02 02:01:00+00:00,-36.566391
2011-07-02 02:02:00+00:00,-36.642704
2011-07-02 02:03:00+00:00,-36.532734
2011-07-02 02:04:00+00:00,-36.34584
2011-07-02 02:05:00+00:00,-36.099583
2011-07-02 02:06:00+00:00,-35.979492
2011-07-02 02:07:00+00:00,-36.198441
2011-07-02 02:08:00+00:00,-36.281994
2011-07-02 02:09:00+00:00,-36.328354
2011-07-02 02:10:00+00:00,-36.340649
2011-07-02 02:11:00+00:00,-36.201675
2011-07-02 02:12:00+00:00,-36.260048
2011-07-02 02:13:00+00:00,-36.338989
2011-07-02 02:14:00+00:00,-36.54298
2011-07-02 02:15:00+00:00,-36.609299
2011-07-02 02:16:00+00:00,-36.872875
2011-07-02 02:17:00+00:00,-36.933304
2011-07-02 02:18:00+00:00,-36.868706
2011-07-02 02:19:00+00:00,-36.841171
2011-07-02 02:20:00+00:00,-36.972752
2011-07-02 02:21:00+00:00,-36.966553
2011-07-02 02:22:00+00:00,-36.800102
2011-07-02 02:23:00+00:00,-36.897949
2011-07-02 02:24:00+00:00,-36.973396
2011-07-02 02:25:00+00:00,-36.972519
2011-07-02 02:26:00+00:00,-37.460724
2011-07-02 02:27:00+00:00,-37.646004
2011-07-02 02:28:00+00:00,-37.571312
2011-07-02 02:29:00+00:00,-37.477844
2011-07-02 02:30:00+00:00,-37.471039
2011-07-02 02:31:00+00:00,-37.336655
2011-07-02 02:32:00+00:00,-37.187126
2011-07-02 02:33:00+00:00,-37.303223
2011-07-02 02:34:00+00:00,-37.29039
2011-07-02 02:35:00+00:00,-37.148636
2011-07-02 02:36:00+00:00,-37.460945
2011-07-02 02:37:00+00:00,-37.496841
2011-07-02 02:38:00+00:00,-37.718498
2011-07-02 02:39:00+00:00,-37.790386
2011-07-02 02:40:00+00:00,-37.843643
2011-07-02 02:41:00+00:00,-37.89389
2011-07-02 02:42:00+00:00,-37.621784
2011-07-02 02:43:00+00:00,-37.23922
2011-07-02 02:44:00+00:00,-36.942486
2011-07-02 02:45:00+00:00,-36.868286
2011-07-02 02:46:00+00:00,-36.953144
2011-07-02 02:47:00+00:00,-37.027081
2011-07-09 00:00:00+00:00,-142.336182
2011-07-09 00:01:00+00:00,-152.686523
2011-07-09 00:02:00+00:00,-164.986542
2011-07-09 00:03:00+00:00,-168.237976
2011-07-09 00:04:00+00:00,-162.835159
2011-07-09 00:05:00+00:00,-154.851151
2011-07-09 00:06:00+00:00,-153.52887
2011-07-09 00:07:00+00:00,-149.128403
2011-07-09 00:08:00+00:00,-145.478867
2011-07-09 00:09:00+00:00,-147.44249
2011-07-09 00:10:00+00:00,-148.498184
2011-07-09 00:11:00+00:00,-148.475342
2011-07-09 00:12:00+00:00,-147.520752
2011-07-09 00:13:00+00:00,-147.886124
2011-07-09 00:14:00+00:00,-146.194824
2011-07-09 00:15:00+00:00,-146.335129
2011-07-09 00:16:00+00:00,-143.316528
2011-07-09 00:17:00+00:00,-134.004791
2011-07-09 00:18:00+00:00,-130.179474
2011-07-09 00:19:00+00:00,-132.60701
2011-07-09 00:20:00+00:00,-134.384338
2011-07-09 00:21:00+00:00,-140.425827
2011-07-09 00:22:00+00:00,-147.698059
2011-07-09 00:23:00+00:00,-145.724823
2011-07-09 00:24:00+00:00,-137.946701
2011-07-09 00:25:00+00:00,-135.808853
2011-07-09 00:26:00+00:00,-137.350616
2011-07-09 00:27:00+00:00,-137.272995
2011-07-09 00:28:00+00:00,-134.899475
2011-07-09 00:29:00+00:00,-132.435455
2011-07-09 00:30:00+00:00,-127.457382
2011-07-09 00:31:00+00:00,-124.780876
2011-07-09 00:32:00+00:00,-125.262741
2011-07-09 00:33:00+00:00,-127.805954
2011-07-09 00:34:00+00:00,-132.713379
2011-07-09 00:35:00+00:00,-136.510086
2011-07-09 00:36:00+00:00,-136.445709
2011-07-09 00:37:00+00:00,-131.913956
2011-07-09 00:38:00+00:00,-128.736023
2011-07-09 00:39:00+00:00,-127.18161
2011-07-09 00:40:00+00:00,-127.864838
2011-07-09 00:41:00+00:00,-125.966011
2011-07-09 00:42:00+00:00,-123.261154
2011-07-09 00:43:00+00:00,-119.995544
2011-07-09 00:44:00+00:00,-118.888054
2011-07-09 00:45:00+00:00,-120.189659
2011-07-09 00:46:00+00:00,-121.392487
2011-07-09 00:47:00+00:00,-122.380318
2011-07-09 00:48:00+00:00,-122.862297
2011-07-09 00:49:00+00:00,-123.055847
2011-07-09 00:50:00+00:00,-123.738449
2011-07-09 00:51:00+00:00,-126.611908
2011-07-09 00:52:00+00:00,-123.520615
2011-07-09 00:53:00+00:00,-116.825867
2011-07-09 00:54:00+00:00,-109.505081
2011-07-09 00:55:00+00:00,-104.354721
2011-07-09 00:56:00+00:00,-103.763611
2011-07-09 00:57:00+00:00,-104.064896
2011-07-09 00:58:00+00:00,-101.433029
2011-07-09 00:59:00+00:00,-98.864258
2011-07-09 01:00:00+00:00,-95.642242
2011-07-09 01:01:00+00:00,-91.923492
2011-07-09 01:02:00+00:00,-90.065109
2011-07-09 01:03:00+00:00,-85.396759
2011-07-09 01:04:00+00:00,-78.398544
2011-07-09 01:05:00+00:00,-71.508057
2011-07-09 01:06:00+00:00,-64.419731
2011-07-09 01:07:00+00:00,-58.307999
2011-07-09 01:08:00+00:00,-54.664436
2011-07-09 01:09:00+00:00,-52.163361
2011-07-09 01:10:00+00:00,-51.527351
2011-07-09 01:11:00+00:00,-53.909351
2011-07-09 01:12:00+00:00,-56.742073
2011-07-09 01:13:00+00:00,-58.499252
2011-07-09 01:14:00+00:00,-63.684418
2011-07-09 01:15:00+00:00,-69.03949
2011-07-09 01:16:00+00:00,-73.235077
2011-07-09 01:17:00+00:00,-76.072823
2011-07-09 01:18:00+00:00,-78.902916
2011-07-09 01:19:00+00:00,-81.09996
2011-07-09 01:20:00+00:00,-82.334
2011-07-09 01:21:00+00:00,-82.849762
2011-07-09 01:22:00+00:00,-82.347534
2011-07-09 01:23:00+00:00,-81.346153
2011-07-09 01:24:00+00:00,-79.128845
2011-07-09 01:25:00+00:00,-78.073044
2011-07-09 01:26:00+00:00,-77.423004
2011-07-09 01:27:00+00:00,-78.044548
2011-07-09 01:28:00+00:00,-77.329376
2011-07-09 01:29:00+00:00,-76.128677
2011-07-09 01:30:00+00:00,-73.039505
2011-07-09 01:31:00+00:00,-68.319649
2011-07-09 01:32:00+00:00,-64.340042
2011-07-09 01:33:00+00:00,-62.236305
2011-07-09 01:34:00+00:00,-63.005413
2011-07-09 01:35:00+00:00,-62.09549
2011-07-09 01:36:00+00:00,-56.487865
2011-07-09 01:37:00+00:00,-50.610657
2011-07-09 01:38:00+00:00,-48.84063
2011-07-09 01:39:00+00:00,-49.403221
2011-07-09 01:40:00+00:00,-50.781826
2011-07-09 01:41:00+00:00,-53.487072
2011-07-09 01:42:00+00:00,-53.781052
2011-07-09 01:43:00+00:00,-52.516201
2011-07-09 01:44:00+00:00,-51.163589
2011-07-09 01:45:00+00:00,-51.531258
2011-07-09 01:46:00+00:00,-51.316071
2011-07-09 01:47:00+00:00,-52.94492
2011-07-09 01:48:00+00:00,-55.893272
2011-07-09 01:49:00+00:00,-59.1996
2011-07-09 01:50:00+00:00,-59.615734
2011-07-09 01:51:00+00:00,-57.696259
2011-07-09 01:52:00+00:00,-62.451694
2011-07-09 01:53:00+00:00,-60.568439
2011-07-09 01:54:00+00:00,-57.693714
2011-07-09 01:55:00+00:00,-56.807236
2011-07-09 01:56:00+00:00,-55.91856
2011-07-09 01:57:00+00:00,-53.020653
2011-07-09 01:58:00+00:00,-56.534607
2011-07-09 01:59:00+00:00,-63.394501
2011-07-09 02:00:00+00:00,-70.651329
2011-07-09 02:01:00+00:00,-59.474884
2011-07-09 02:02:00+00:00,-60.580513
2011-07-09 02:03:00+00:00,-82.030197
2011-07-09 02:04:00+00:00,-71.464645
2011-07-09 02:05:00+00:00,-75.802734
2011-07-09 02:06:00+00:00,-83.578568
2011-07-09 02:07:00+00:00,-77.758873
2011-07-09 02:08:00+00:00,-67.577606
2011-07-09 02:09:00+00:00,-73.81279
2011-07-09 02:10:00+00:00,-72.497154
2011-07-09 02:11:00+00:00,-64.658363
2011-07-09 02:12:00+00:00,-65.373657
2011-07-09 02:13:00+00:00,-66.223389
2011-07-09 02:14:00+00:00,-67.507072
2011-07-09 02:15:00+00:00,-68.795105
2011-07-09 02:16:00+00:00,-70.035873
2011-07-09 02:17:00+00:00,-102.57267
2011-07-09 02:18:00+00:00,-87.54422
2011-07-09 02:19:00+00:00,-90.156693
2011-07-09 02:20:00+00:00,-82.913925
2011-07-09 02:21:00+00:00,-74.104897
2011-07-09 02:22:00+00:00,-69.401535
2011-07-09 02:23:00+00:00,-69.592781
2011-07-09 02:24:00+00:00,-70.661552
2011-07-09 02:25:00+00:00,-69.684158
2011-07-09 02:26:00+00:00,-70.51239
2011-07-09 02:27:00+00:00,-76.585297
2011-07-09 02:28:00+00:00,-69.966774
2011-07-09 02:29:00+00:00,-69.970718
2011-07-09 02:30:00+00:00,-68.197556
2011-07-09 02:31:00+00:00,-146.250748
2011-07-09 02:32:00+00:00,-112.49147
2011-07-09 02:33:00+00:00,-148.273254
2011-07-09 02:34:00+00:00,-166.475998
2011-07-09 02:35:00+00:00,-178.544052
2011-07-09 02:36:00+00:00,-180.376831
2011-07-09 02:37:00+00:00,-186.399185
2011-07-09 02:38:00+00:00,-184.678177
2011-07-09 02:39:00+00:00,-184.406845
2011-07-09 02:40:00+00:00,-144.583893
2011-07-09 02:41:00+00:00,-156.614609
2011-07-09 02:42:00+00:00,-223.60936
2011-07-09 02:43:00+00:00,-235.253708
2011-07-09 02:44:00+00:00,-238.996872
2011-07-09 02:45:00+00:00,-256.281189
2011-07-09 02:46:00+00:00,-290.223053
2011-07-09 02:47:00+00:00,-283.728638
2011-07-16 00:00:00+00:00,-45.123066
2011-07-16 00:01:00+00:00,-45.537533
2011-07-16 00:02:00+00:00,-45.499161
2011-07-16 00:03:00+00:00,-45.697392
2011-07-16 00:04:00+00:00,-44.968143
2011-07-16 00:05:00+00:00,-44.240108
2011-07-16 00:06:00+00:00,-44.328701
2011-07-16 00:07:00+00:00,-46.030777
2011-07-16 00:08:00+00:00,-48.032578
2011-07-16 00:09:00+00:00,-48.986996
2011-07-16 00:10:00+00:00,-49.511875
2011-07-16 00:11:00+00:00,-50.750755
2011-07-16 00:12:00+00:00,-52.629398
2011-07-16 00:13:00+00:00,-53.803062
2011-07-16 00:14:00+00:00,-54.497314
2011-07-16 00:15:00+00:00,-54.561703
2011-07-16 00:16:00+00:00,-53.995354
2011-07-16 00:17:00+00:00,-53.623367
2011-07-16 00:18:00+00:00,-52.842213
2011-07-16 00:19:00+00:00,-52.423355
2011-07-16 00:20:00+00:00,-51.950764
2011-07-16 00:21:00+00:00,-50.798443
2011-07-16 00:22:00+00:00,-48.986885
2011-07-16 00:23:00+00:00,-48.373676
2011-07-16 00:24:00+00:00,-47.960411
2011-07-16 00:25:00+00:00,-48.478676
2011-07-16 00:26:00+00:00,-49.416733
2011-07-16 00:27:00+00:00,-49.64859
2011-07-16 00:28:00+00:00,-49.81974
2011-07-16 00:29:00+00:00,-50.161606
2011-07-16 00:30:00+00:00,-50.801476
2011-07-16 00:31:00+00:00,-51.502594
2011-07-16 00:32:00+00:00,-52.534058
2011-07-16 00:33:00+00:00,-52.798176
2011-07-16 00:34:00+00:00,-51.57909
2011-07-16 00:35:00+00:00,-50.948059
2011-07-16 00:36:00+00:00,-50.668724
2011-07-16 00:37:00+00:00,-50.57991
2011-07-16 00:38:00+00:00,-50.928303
2011-07-16 00:39:00+00:00,-51.28492
2011-07-16 00:40:00+00:00,-49.744068
2011-07-16 00:41:00+00:00,-53.142628
2011-07-16 00:42:00+00:00,-52.602638
2011-07-16 00:43:00+00:00,-52.390659
2011-07-16 00:44:00+00:00,-53.887524
2011-07-16 00:45:00+00:00,-54.344975
2011-07-16 00:46:00+00:00,-53.17057
2011-07-16 00:47:00+00:00,-53.067211
2011-07-16 00:48:00+00:00,-52.897163
2011-07-16 00:49:00+00:00,-52.759026
2011-07-16 00:50:00+00:00,-52.163509
2011-07-16 00:51:00+00:00,-51.997295
2011-07-16 00:52:00+00:00,-52.544533
2011-07-16 00:53:00+00:00,-52.291492
2011-07-16 00:54:00+00:00,-53.054604
2011-07-16 00:55:00+00:00,-52.476376
2011-07-16 00:56:00+00:00,-51.947395
2011-07-16 00:57:00+00:00,-52.145367
2011-07-16 00:58:00+00:00,-53.281193
2011-07-16 00:59:00+00:00,-54.479839
2011-07-16 01:00:00+00:00,-53.674919
2011-07-16 01:01:00+00:00,-52.767277
2011-07-16 01:02:00+00:00,-51.546474
2011-07-16 01:03:00+00:00,-51.608143
2011-07-16 01:04:00+00:00,-51.058647
2011-07-16 01:05:00+00:00,-50.961384
2011-07-16 01:06:00+00:00,-51.09753
2011-07-16 01:07:00+00:00,-50.15255
2011-07-16 01:08:00+00:00,-50.889366
2011-07-16 01:09:00+00:00,-49.563175
2011-07-16 01:10:00+00:00,-48.087261
2011-07-16 01:11:00+00:00,-48.444946
2011-07-16 01:12:00+00:00,-48.794361
2011-07-16 01:13:00+00:00,-49.385418
2011-07-16 01:14:00+00:00,-50.273712
2011-07-16 01:15:00+00:00,-50.351162
2011-07-16 01:16:00+00:00,-50.899124
2011-07-16 01:17:00+00:00,-51.458923
2011-07-16 01:18:00+00:00,-51.586147
2011-07-16 01:19:00+00:00,-52.015099
2011-07-16 01:20:00+00:00,-53.093353
2011-07-16 01:21:00+00:00,-53.092312
2011-07-16 01:22:00+00:00,-53.150574
2011-07-16 01:23:00+00:00,-53.397346
2011-07-16 01:24:00+00:00,-52.682362
2011-07-16 01:25:00+00:00,-52.576252
2011-07-16 01:26:00+00:00,-52.918777
2011-07-16 01:27:00+00:00,-54.306541
2011-07-16 01:28:00+00:00,-54.242393
2011-07-16 01:29:00+00:00,-54.217468
2011-07-16 01:30:00+00:00,-54.176258
2011-07-16 01:31:00+00:00,-54.163544
2011-07-16 01:32:00+00:00,-54.005146
2011-07-16 01:33:00+00:00,-53.528206
2011-07-16 01:34:00+00:00,-69.653152
2011-07-16 01:35:00+00:00,-69.2939
2011-07-16 01:36:00+00:00,-65.757156
2011-07-16 01:37:00+00:00,-63.81617
2011-07-16 01:38:00+00:00,-62.070282
2011-07-16 01:39:00+00:00,-62.138062
2011-07-16 01:40:00+00:00,-62.765343
2011-07-16 01:41:00+00:00,-60.68972
2011-07-16 01:42:00+00:00,-60.473972
2011-07-16 01:43:00+00:00,-59.768784
2011-07-16 01:44:00+00:00,-59.71653
2011-07-16 01:45:00+00:00,-59.9599
2011-07-16 01:46:00+00:00,-58.921379
2011-07-16 01:47:00+00:00,-57.129417
2011-07-16 01:48:00+00:00,-56.510098
2011-07-16 01:49:00+00:00,-58.517803
2011-07-16 01:50:00+00:00,-61.167961
2011-07-16 01:51:00+00:00,-61.066811
2011-07-16 01:52:00+00:00,-58.956833
2011-07-16 01:53:00+00:00,-57.620361
2011-07-16 01:54:00+00:00,-56.405609
2011-07-16 01:55:00+00:00,-57.420685
2011-07-16 01:56:00+00:00,-59.570648
2011-07-16 01:57:00+00:00,-62.077969
2011-07-16 01:58:00+00:00,-63.141167
2011-07-16 01:59:00+00:00,-65.044228
2011-07-16 02:00:00+00:00,-66.237686
2011-07-16 02:01:00+00:00,-67.596008
2011-07-16 02:02:00+00:00,-68.992569
2011-07-16 02:03:00+00:00,-71.786209
2011-07-16 02:04:00+00:00,-73.291809
2011-07-16 02:05:00+00:00,-75.317413
2011-07-16 02:06:00+00:00,-74.77314
2011-07-16 02:07:00+00:00,-74.830803
2011-07-16 02:08:00+00:00,-73.10273
2011-07-16 02:09:00+00:00,-71.710236
2011-07-16 02:10:00+00:00,-70.534752
2011-07-16 02:11:00+00:00,-69.850647
2011-07-16 02:12:00+00:00,-69.269669
2011-07-16 02:13:00+00:00,-69.286896
2011-07-16 02:14:00+00:00,-68.614182
2011-07-16 02:15:00+00:00,-67.551842
2011-07-16 02:16:00+00:00,-66.360344
2011-07-16 02:17:00+00:00,-67.104721
2011-07-16 02:18:00+00:00,-66.642349
2011-07-16 02:19:00+00:00,-65.690933
2011-07-16 02:20:00+00:00,-65.393501
2011-07-16 02:21:00+00:00,-65.764648
2011-07-16 02:22:00+00:00,-66.176872
2011-07-16 02:23:00+00:00,-65.584137
2011-07-16 02:24:00+00:00,-65.580719
2011-07-16 02:25:00+00:00,-66.431206
2011-07-16 02:26:00+00:00,-68.533493
2011-07-16 02:27:00+00:00,-71.811852
2011-07-16 02:28:00+00:00,-74.302841
2011-07-16 02:29:00+00:00,-75.037186
2011-07-16 02:30:00+00:00,-72.576088
2011-07-16 02:31:00+00:00,-70.78653
2011-07-16 02:32:00+00:00,-69.725464
2011-07-16 02:33:00+00:00,-71.044815
2011-07-16 02:34:00+00:00,-72.228531
2011-07-16 02:35:00+00:00,-73.99691
2011-07-16 02:36:00+00:00,-75.965736
2011-07-16 02:37:00+00:00,-78.353348
2011-07-16 02:38:00+00:00,-80.945419
2011-07-16 02:39:00+00:00,-82.538879
2011-07-16 02:40:00+00:00,-80.73053
2011-07-16 02:41:00+00:00,-75.519478
2011-07-16 02:42:00+00:00,-67.605972
2011-07-16 02:43:00+00:00,-61.624859
2011-07-16 02:44:00+00:00,-60.433136
2011-07-16 02:45:00+00:00,-56.346691
2011-07-16 02:46:00+00:00,-57.241219
2011-07-16 02:47:00+00:00,-64.385315
2011-07-23 00:00:00+00:00,-78.187729
2011-07-23 00:01:00+00:00,-54.295429
2011-07-23 00:02:00+00:00,-53.932449
2011-07-23 00:03:00+00:00,-61.988903
2011-07-23 00:04:00+00:00,-77.444992
2011-07-23 00:05:00+00:00,-117.383087
2011-07-23 00:06:00+00:00,-128.540085
2011-07-23 00:07:00+00:00,-132.085953
2011-07-23 00:08:00+00:00,-96.040833
2011-07-23 00:09:00+00:00,-114.869621
2011-07-23 00:10:00+00:00,-131.064026
2011-07-23 00:11:00+00:00,-123.949883
2011-07-23 00:12:00+00:00,-128.929016
2011-07-23 00:13:00+00:00,-153.165558
2011-07-23 00:14:00+00:00,-246.228729
2011-07-23 00:15:00+00:00,-278.779663
2011-07-23 00:16:00+00:00,-190.008438
2011-07-23 00:17:00+00:00,-203.298981
2011-07-23 00:18:00+00:00,-182.091278
2011-07-23 00:19:00+00:00,-141.668762
2011-07-23 00:20:00+00:00,-113.99115
2011-07-23 00:21:00+00:00,-103.668777
2011-07-23 00:22:00+00:00,-98.82531
2011-07-23 00:23:00+00:00,-98.784286
2011-07-23 00:24:00+00:00,-103.427017
2011-07-23 00:25:00+00:00,-105.204422
2011-07-23 00:26:00+00:00,-111.553841
2011-07-23 00:27:00+00:00,-133.426178
2011-07-23 00:28:00+00:00,-128.209793
2011-07-23 00:29:00+00:00,-124.412155
2011-07-23 00:30:00+00:00,-126.552963
2011-07-23 00:31:00+00:00,-124.096786
2011-07-23 00:32:00+00:00,-126.820801
2011-07-23 00:33:00+00:00,-124.912422
2011-07-23 00:34:00+00:00,-123.968422
2011-07-23 00:35:00+00:00,-120.805374
2011-07-23 00:36:00+00:00,-121.265564
2011-07-23 00:37:00+00:00,-126.033134
2011-07-23 00:38:00+00:00,-125.382393
2011-07-23 00:39:00+00:00,-125.361206
2011-07-23 00:40:00+00:00,-122.052361
2011-07-23 00:41:00+00:00,-123.268738
2011-07-23 00:42:00+00:00,-125.749817
2011-07-23 00:43:00+00:00,-134.139709
2011-07-23 00:44:00+00:00,-141.481232
2011-07-23 00:45:00+00:00,-152.150467
2011-07-23 00:46:00+00:00,-157.788879
2011-07-23 00:47:00+00:00,-158.895523
2011-07-23 00:48:00+00:00,-168.745895
2011-07-23 00:49:00+00:00,-178.223267
2011-07-23 00:50:00+00:00,-183.889542
2011-07-23 00:51:00+00:00,-191.678711
2011-07-23 00:52:00+00:00,-193.921249
2011-07-23 00:53:00+00:00,-197.659195
2011-07-23 00:54:00+00:00,-201.617249
2011-07-23 00:55:00+00:00,-201.575745
2011-07-23 00:56:00+00:00,-195.678604
2011-07-23 00:57:00+00:00,-186.835419
2011-07-23 00:58:00+00:00,-173.733093
2011-07-23 00:59:00+00:00,-157.58493
2011-07-23 01:00:00+00:00,-145.522369
2011-07-23 01:01:00+00:00,-144.971802
2011-07-23 01:02:00+00:00,-155.87648
2011-07-23 01:03:00+00:00,-165.274048
2011-07-23 01:04:00+00:00,-179.007782
2011-07-23 01:05:00+00:00,-188.125061
2011-07-23 01:06:00+00:00,-185.283615
2011-07-23 01:07:00+00:00,-170.005432
2011-07-23 01:08:00+00:00,-156.091171
2011-07-23 01:09:00+00:00,-147.000671
2011-07-23 01:10:00+00:00,-144.546249
2011-07-23 01:11:00+00:00,-160.574081
2011-07-23 01:12:00+00:00,-156.913788
2011-07-23 01:13:00+00:00,-143.267044
2011-07-23 01:14:00+00:00,-136.357986
2011-07-23 01:15:00+00:00,-128.3918
2011-07-23 01:16:00+00:00,-123.188141
2011-07-23 01:17:00+00:00,-122.806671
2011-07-23 01:18:00+00:00,-118.262566
2011-07-23 01:19:00+00:00,-105.617821
2011-07-23 01:20:00+00:00,-102.917381
2011-07-23 01:21:00+00:00,-107.2146
2011-07-23 01:22:00+00:00,-105.792183
2011-07-23 01:23:00+00:00,-114.812637
2011-07-23 01:24:00+00:00,-123.426186
2011-07-23 01:25:00+00:00,-132.921234
2011-07-23 01:26:00+00:00,-129.767395
2011-07-23 01:27:00+00:00,-125.5896
2011-07-23 01:28:00+00:00,-124.600624
2011-07-23 01:29:00+00:00,-122.29158
2011-07-23 01:30:00+00:00,-112.178696
2011-07-23 01:31:00+00:00,-118.675636
2011-07-23 01:32:00+00:00,-128.602463
2011-07-23 01:33:00+00:00,-134.333069
2011-07-23 01:34:00+00:00,-134.985489
2011-07-23 01:35:00+00:00,-138.912155
2011-07-23 01:36:00+00:00,-129.802765
2011-07-23 01:37:00+00:00,-170.77533
2011-07-23 01:38:00+00:00,-180.611038
2011-07-23 01:39:00+00:00,-201.099762
2011-07-23 01:40:00+00:00,-203.36879
2011-07-23 01:41:00+00:00,-193.57196
2011-07-23 01:42:00+00:00,-183.112122
2011-07-23 01:43:00+00:00,-193.236801
2011-07-23 01:44:00+00:00,-205.53157
2011-07-23 01:45:00+00:00,-202.000565
2011-07-23 01:46:00+00:00,-243.430359
2011-07-23 01:47:00+00:00,-232.131836
2011-07-23 01:48:00+00:00,-203.831818
2011-07-23 01:49:00+00:00,-188.047882
2011-07-23 01:50:00+00:00,-165.714691
2011-07-23 01:51:00+00:00,-165.746674
2011-07-23 01:52:00+00:00,-268.016388
2011-07-23 01:53:00+00:00,-243.51207
2011-07-23 01:54:00+00:00,-244.103149
2011-07-23 01:55:00+00:00,-327.228851
2011-07-23 01:56:00+00:00,-292.064392
2011-07-23 01:57:00+00:00,-235.175323
2011-07-23 01:58:00+00:00,-245.944443
2011-07-23 01:59:00+00:00,-271.417847
2011-07-23 02:00:00+00:00,-302.178162
2011-07-23 02:01:00+00:00,-323.042969
2011-07-23 02:02:00+00:00,-365.250916
2011-07-23 02:03:00+00:00,-345.446533
2011-07-23 02:04:00+00:00,-318.578033
2011-07-23 02:05:00+00:00,-296.454041
2011-07-23 02:06:00+00:00,-300.291351
2011-07-23 02:07:00+00:00,-296.710144
2011-07-23 02:08:00+00:00,-282.905151
2011-07-23 02:09:00+00:00,-264.029877
2011-07-23 02:10:00+00:00,-254.697006
2011-07-23 02:11:00+00:00,-257.798187
2011-07-23 02:12:00+00:00,-261.390076
2011-07-23 02:13:00+00:00,-253.337906
2011-07-23 02:14:00+00:00,-238.802826
2011-07-23 02:15:00+00:00,-220.273636
2011-07-23 02:16:00+00:00,-204.916351
2011-07-23 02:17:00+00:00,-192.863312
2011-07-23 02:18:00+00:00,-188.78186
2011-07-23 02:19:00+00:00,-186.458252
2011-07-23 02:20:00+00:00,-163.611282
2011-07-23 02:21:00+00:00,-146.641068
2011-07-23 02:22:00+00:00,-194.547211
2011-07-23 02:23:00+00:00,-331.572021
2011-07-23 02:24:00+00:00,-231.03801
2011-07-23 02:25:00+00:00,-192.068573
2011-07-23 02:26:00+00:00,-191.407639
2011-07-23 02:27:00+00:00,-190.311493
2011-07-23 02:28:00+00:00,-190.54483
2011-07-23 02:29:00+00:00,-206.263916
2011-07-23 02:30:00+00:00,-202.391235
2011-07-23 02:31:00+00:00,-206.056091
2011-07-23 02:32:00+00:00,-203.546524
2011-07-23 02:33:00+00:00,-200.286896
2011-07-23 02:34:00+00:00,-191.868515
2011-07-23 02:35:00+00:00,-199.037033
2011-07-23 02:36:00+00:00,-199.573227
2011-07-23 02:37:00+00:00,-195.220764
2011-07-23 02:38:00+00:00,-194.330902
2011-07-23 02:39:00+00:00,-206.149231
2011-07-23 02:40:00+00:00,-190.86557
2011-07-23 02:41:00+00:00,-200.587585
2011-07-23 02:42:00+00:00,-212.390701
2011-07-23 02:43:00+00:00,-203.671112
2011-07-23 02:44:00+00:00,-216.938675
2011-07-23 02:45:00+00:00,-220.597366
2011-07-23 02:46:00+00:00,-243.185532
2011-07-23 02:47:00+00:00,-236.685501
2011-07-30 00:00:00+00:00,-19.478704
2011-07-30 00:01:00+00:00,-19.79534
2011-07-30 00:02:00+00:00,-20.706003
2011-07-30 00:03:00+00:00,-21.594061
2011-07-30 00:04:00+00:00,-21.822376
2011-07-30 00:05:00+00:00,-21.814358
2011-07-30 00:06:00+00:00,-22.598392
2011-07-30 00:07:00+00:00,-24.555897
2011-07-30 00:08:00+00:00,-25.833576
2011-07-30 00:09:00+00:00,-25.608938
2011-07-30 00:10:00+00:00,-25.473503
2011-07-30 00:11:00+00:00,-25.437592
2011-07-30 00:12:00+00:00,-26.586727
2011-07-30 00:13:00+00:00,-27.980541
2011-07-30 00:14:00+00:00,-27.770473
2011-07-30 00:15:00+00:00,-26.886538
2011-07-30 00:16:00+00:00,-26.89032
2011-07-30 00:17:00+00:00,-26.203999
2011-07-30 00:18:00+00:00,-25.446297
2011-07-30 00:19:00+00:00,-25.381443
2011-07-30 00:20:00+00:00,-25.883039
2011-07-30 00:21:00+00:00,-26.76219
2011-07-30 00:22:00+00:00,-27.247965
2011-07-30 00:23:00+00:00,-27.187614
2011-07-30 00:24:00+00:00,-25.940598
2011-07-30 00:25:00+00:00,-25.793577
2011-07-30 00:26:00+00:00,-25.986855
2011-07-30 00:27:00+00:00,-26.205072
2011-07-30 00:28:00+00:00,-26.586967
2011-07-30 00:29:00+00:00,-26.880655
2011-07-30 00:30:00+00:00,-26.184189
2011-07-30 00:31:00+00:00,-25.641512
2011-07-30 00:32:00+00:00,-25.46682
2011-07-30 00:33:00+00:00,-26.767078
2011-07-30 00:34:00+00:00,-27.113607
2011-07-30 00:35:00+00:00,-26.634859
2011-07-30 00:36:00+00:00,-25.220514
2011-07-30 00:37:00+00:00,-24.746094
2011-07-30 00:38:00+00:00,-26.193611
2011-07-30 00:39:00+00:00,-28.979536
2011-07-30 00:40:00+00:00,-29.913002
2011-07-30 00:41:00+00:00,-28.737694
2011-07-30 00:42:00+00:00,-27.650909
2011-07-30 00:43:00+00:00,-27.378754
2011-07-30 00:44:00+00:00,-27.828489
2011-07-30 00:45:00+00:00,-27.180117
2011-07-30 00:46:00+00:00,-26.461948
2011-07-30 00:47:00+00:00,-27.119574
2011-07-30 00:48:00+00:00,-27.380568
2011-07-30 00:49:00+00:00,-28.363125
2011-07-30 00:50:00+00:00,-28.330462
2011-07-30 00:51:00+00:00,-27.493547
2011-07-30 00:52:00+00:00,-26.853392
2011-07-30 00:53:00+00:00,-25.917473
2011-07-30 00:54:00+00:00,-25.466385
2011-07-30 00:55:00+00:00,-26.134029
2011-07-30 00:56:00+00:00,-26.881374
2011-07-30 00:57:00+00:00,-27.539019
2011-07-30 00:58:00+00:00,-27.541565
2011-07-30 00:59:00+00:00,-27.915901
2011-07-30 01:00:00+00:00,-28.297773
2011-07-30 01:01:00+00:00,-28.991789
2011-07-30 01:02:00+00:00,-28.35755
2011-07-30 01:03:00+00:00,-27.082075
2011-07-30 01:04:00+00:00,-26.819185
2011-07-30 01:05:00+00:00,-26.620155
2011-07-30 01:06:00+00:00,-27.001108
2011-07-30 01:07:00+00:00,-26.932268
2011-07-30 01:08:00+00:00,-26.908564
2011-07-30 01:09:00+00:00,-26.664324
2011-07-30 01:10:00+00:00,-26.775494
2011-07-30 01:11:00+00:00,-27.243055
2011-07-30 01:12:00+00:00,-27.192997
2011-07-30 01:13:00+00:00,-27.687828
2011-07-30 01:14:00+00:00,-28.343763
2011-07-30 01:15:00+00:00,-27.750269
2011-07-30 01:16:00+00:00,-27.736301
2011-07-30 01:17:00+00:00,-28.543135
2011-07-30 01:18:00+00:00,-29.536989
2011-07-30 01:19:00+00:00,-29.631447
2011-07-30 01:20:00+00:00,-29.233257
2011-07-30 01:21:00+00:00,-28.149065
2011-07-30 01:22:00+00:00,-27.832415
2011-07-30 01:23:00+00:00,-28.586254
2011-07-30 01:24:00+00:00,-29.712715
2011-07-30 01:25:00+00:00,-30.502819
2011-07-30 01:26:00+00:00,-30.076206
2011-07-30 01:27:00+00:00,-29.902122
2011-07-30 01:28:00+00:00,-29.639267
2011-07-30 01:29:00+00:00,-30.225147
2011-07-30 01:30:00+00:00,-29.769924
2011-07-30 01:31:00+00:00,-28.795113
2011-07-30 01:32:00+00:00,-28.461155
2011-07-30 01:33:00+00:00,-29.118126
2011-07-30 01:34:00+00:00,-28.954967
2011-07-30 01:35:00+00:00,-28.476053
2011-07-30 01:36:00+00:00,-28.112028
2011-07-30 01:37:00+00:00,-27.813686
2011-07-30 01:38:00+00:00,-28.171118
2011-07-30 01:39:00+00:00,-28.433411
2011-07-30 01:40:00+00:00,-28.24654
2011-07-30 01:41:00+00:00,-28.086561
2011-07-30 01:42:00+00:00,-27.969074
2011-07-30 01:43:00+00:00,-28.159687
2011-07-30 01:44:00+00:00,-28.794117
2011-07-30 01:45:00+00:00,-29.669216
2011-07-30 01:46:00+00:00,-30.294287
2011-07-30 01:47:00+00:00,-29.961746
2011-07-30 01:48:00+00:00,-28.955261
2011-07-30 01:49:00+00:00,-27.385653
2011-07-30 01:50:00+00:00,-26.485319
2011-07-30 01:51:00+00:00,-26.530121
2011-07-30 01:52:00+00:00,-27.142372
2011-07-30 01:53:00+00:00,-27.275658
2011-07-30 01:54:00+00:00,-26.938971
2011-07-30 01:55:00+00:00,-26.113251
2011-07-30 01:56:00+00:00,-25.97377
2011-07-30 01:57:00+00:00,-26.05566
2011-07-30 01:58:00+00:00,-25.885757
2011-07-30 01:59:00+00:00,-25.50164
2011-07-30 02:00:00+00:00,-25.096209
2011-07-30 02:01:00+00:00,-25.245916
2011-07-30 02:02:00+00:00,-25.403715
2011-07-30 02:03:00+00:00,-24.863989
2011-07-30 02:04:00+00:00,-23.445536
2011-07-30 02:05:00+00:00,-23.024767
2011-07-30 02:06:00+00:00,-23.379465
2011-07-30 02:07:00+00:00,-24.383989
2011-07-30 02:08:00+00:00,-25.358358
2011-07-30 02:09:00+00:00,-24.300423
2011-07-30 02:10:00+00:00,-24.246754
2011-07-30 02:11:00+00:00,-24.768099
2011-07-30 02:12:00+00:00,-24.943512
2011-07-30 02:13:00+00:00,-25.144522
2011-07-30 02:14:00+00:00,-24.004868
2011-07-30 02:15:00+00:00,-22.943638
2011-07-30 02:16:00+00:00,-22.14304
2011-07-30 02:17:00+00:00,-22.494791
2011-07-30 02:18:00+00:00,-23.143368
2011-07-30 02:19:00+00:00,-24.425634
2011-07-30 02:20:00+00:00,-25.610094
2011-07-30 02:21:00+00:00,-26.431561
2011-07-30 02:22:00+00:00,-27.688202
2011-07-30 02:23:00+00:00,-28.927591
2011-07-30 02:24:00+00:00,-29.377075
2011-07-30 02:25:00+00:00,-28.839825
2011-07-30 02:26:00+00:00,-27.662468
2011-07-30 02:27:00+00:00,-26.442616
2011-07-30 02:28:00+00:00,-25.560581
2011-07-30 02:29:00+00:00,-24.959188
2011-07-30 02:30:00+00:00,-24.472851
2011-07-30 02:31:00+00:00,-23.972778
2011-07-30 02:32:00+00:00,-22.618633
2011-07-30 02:33:00+00:00,-20.725286
2011-07-30 02:34:00+00:00,-17.758003
2011-07-30 02:35:00+00:00,-14.924072
2011-07-30 02:36:00+00:00,-13.672359
2011-07-30 02:37:00+00:00,-13.267726
2011-07-30 02:38:00+00:00,-12.898409
2011-07-30 02:39:00+00:00,-12.593334
2011-07-30 02:40:00+00:00,-13.394678
2011-07-30 02:41:00+00:00,-14.309788
2011-07-30 02:42:00+00:00,-14.892107
2011-07-30 02:43:00+00:00,-14.989713
2011-07-30 02:44:00+00:00,-16.275387
2011-07-30 02:45:00+00:00,-18.646933
2011-07-30 02:46:00+00:00,-21.377884
2011-07-30 02:47:00+00:00,-24.30744
2011-08-06 00:00:00+00:00,-338.656708
2011-08-06 00:01:00+00:00,-338.312347
2011-08-06 00:02:00+00:00,-333.460968
2011-08-06 00:03:00+00:00,-312.430664
2011-08-06 00:04:00+00:00,-281.79834
2011-08-06 00:05:00+00:00,-240.514618
2011-08-06 00:06:00+00:00,-209.264587
2011-08-06 00:07:00+00:00,-186.537796
2011-08-06 00:08:00+00:00,-172.855591
2011-08-06 00:09:00+00:00,-157.661133
2011-08-06 00:10:00+00:00,-148.702942
2011-08-06 00:11:00+00:00,-153.051804
2011-08-06 00:12:00+00:00,-144.094421
2011-08-06 00:13:00+00:00,-128.436279
2011-08-06 00:14:00+00:00,-119.014824
2011-08-06 00:15:00+00:00,-130.650665
2011-08-06 00:16:00+00:00,-134.907669
2011-08-06 00:17:00+00:00,-139.163544
2011-08-06 00:18:00+00:00,-128.198074
2011-08-06 00:19:00+00:00,-112.447266
2011-08-06 00:20:00+00:00,-95.336899
2011-08-06 00:21:00+00:00,-80.26442
2011-08-06 00:22:00+00:00,-76.170158
2011-08-06 00:23:00+00:00,-77.091515
2011-08-06 00:24:00+00:00,-75.387642
2011-08-06 00:25:00+00:00,-79.67807
2011-08-06 00:26:00+00:00,-85.938744
2011-08-06 00:27:00+00:00,-105.286247
2011-08-06 00:28:00+00:00,-112.13205
2011-08-06 00:29:00+00:00,-85.454727
2011-08-06 00:30:00+00:00,-83.236679
2011-08-06 00:31:00+00:00,-86.318314
2011-08-06 00:32:00+00:00,-102.41169
2011-08-06 00:33:00+00:00,-104.407883
2011-08-06 00:34:00+00:00,-92.403557
2011-08-06 00:35:00+00:00,-97.395157
2011-08-06 00:36:00+00:00,-118.398163
2011-08-06 00:37:00+00:00,-120.40728
2011-08-06 00:38:00+00:00,-125.41713
2011-08-06 00:39:00+00:00,-142.426727
2011-08-06 00:40:00+00:00,-126.449112
2011-08-06 00:41:00+00:00,-95.462158
2011-08-06 00:42:00+00:00,-87.4804
2011-08-06 00:43:00+00:00,-115.50074
2011-08-06 00:44:00+00:00,-152.5289
2011-08-06 00:45:00+00:00,-181.548904
2011-08-06 00:46:00+00:00,-202.582581
2011-08-06 00:47:00+00:00,-241.81752
2011-08-06 00:48:00+00:00,-295.697083
2011-08-06 00:49:00+00:00,-325.697418
2011-08-06 00:50:00+00:00,-347.607574
2011-08-06 00:51:00+00:00,-373.072144
2011-08-06 00:52:00+00:00,-413.438202
2011-08-06 00:53:00+00:00,-488.275391
2011-08-06 00:54:00+00:00,-531.262756
2011-08-06 00:55:00+00:00,-556.507812
2011-08-06 00:56:00+00:00,-563.846497
2011-08-06 00:57:00+00:00,-547.696777
2011-08-06 00:58:00+00:00,-512.919128
2011-08-06 00:59:00+00:00,-494.991058
2011-08-06 01:00:00+00:00,-501.281403
2011-08-06 01:01:00+00:00,-488.064636
2011-08-06 01:02:00+00:00,-515.294556
2011-08-06 01:03:00+00:00,-551.787354
2011-08-06 01:04:00+00:00,-578.587952
2011-08-06 01:05:00+00:00,-607.948242
2011-08-06 01:06:00+00:00,-672.584106
2011-08-06 01:07:00+00:00,-667.672119
2011-08-06 01:08:00+00:00,-592.666748
2011-08-06 01:09:00+00:00,-609.264404
2011-08-06 01:10:00+00:00,-643.88269
2011-08-06 01:11:00+00:00,-651.138916
2011-08-06 01:12:00+00:00,-758.11853
2011-08-06 01:13:00+00:00,-721.631714
2011-08-06 01:14:00+00:00,-720.986084
2011-08-06 01:15:00+00:00,-698.761047
2011-08-06 01:16:00+00:00,-758.63623
2011-08-06 01:17:00+00:00,-726.891785
2011-08-06 01:18:00+00:00,-741.032654
2011-08-06 01:19:00+00:00,-729.675598
2011-08-06 01:20:00+00:00,-748.888794
2011-08-06 01:21:00+00:00,-717.979675
2011-08-06 01:22:00+00:00,-680.898071
2011-08-06 01:23:00+00:00,-647.921814
2011-08-06 01:24:00+00:00,-638.562561
2011-08-06 01:25:00+00:00,-606.096313
2011-08-06 01:26:00+00:00,-600.146179
2011-08-06 01:27:00+00:00,-585.767639
2011-08-06 01:28:00+00:00,-563.066223
2011-08-06 01:29:00+00:00,-541.873596
2011-08-06 01:30:00+00:00,-569.197876
2011-08-06 01:31:00+00:00,-585.413696
2011-08-06 01:32:00+00:00,-566.890137
2011-08-06 01:33:00+00:00,-560.10199
2011-08-06 01:34:00+00:00,-562.19281
2011-08-06 01:35:00+00:00,-588.009399
2011-08-06 01:36:00+00:00,-572.177979
2011-08-06 01:37:00+00:00,-582.717651
2011-08-06 01:38:00+00:00,-577.618042
2011-08-06 01:39:00+00:00,-559.669739
2011-08-06 01:40:00+00:00,-554.951782
2011-08-06 01:41:00+00:00,-563.783142
2011-08-06 01:42:00+00:00,-596.201355
2011-08-06 01:43:00+00:00,-613.445557
2011-08-06 01:44:00+00:00,-619.485718
2011-08-06 01:45:00+00:00,-588.689331
2011-08-06 01:46:00+00:00,-570.382324
2011-08-06 01:47:00+00:00,-569.933105
2011-08-06 01:48:00+00:00,-573.120117
2011-08-06 01:49:00+00:00,-597.684204
2011-08-06 01:50:00+00:00,-619.62207
2011-08-06 01:51:00+00:00,-622.791321
2011-08-06 01:52:00+00:00,-646.962219
2011-08-06 01:53:00+00:00,-681.950256
2011-08-06 01:54:00+00:00,-749.773315
2011-08-06 01:55:00+00:00,-732.239624
2011-08-06 01:56:00+00:00,-769.05542
2011-08-06 01:57:00+00:00,-799.529785
2011-08-06 01:58:00+00:00,-796.175903
2011-08-06 01:59:00+00:00,-785.17511
2011-08-06 02:00:00+00:00,-751.470093
2011-08-06 02:01:00+00:00,-756.848145
2011-08-06 02:02:00+00:00,-719.895203
2011-08-06 02:03:00+00:00,-738.553894
2011-08-06 02:04:00+00:00,-859.878357
2011-08-06 02:05:00+00:00,-977.087402
2011-08-06 02:06:00+00:00,-970.721863
2011-08-06 02:07:00+00:00,-881.624817
2011-08-06 02:08:00+00:00,-841.186829
2011-08-06 02:09:00+00:00,-796.214905
2011-08-06 02:10:00+00:00,-765.753662
2011-08-06 02:11:00+00:00,-713.429138
2011-08-06 02:12:00+00:00,-701.600647
2011-08-06 02:13:00+00:00,-726.252747
2011-08-06 02:14:00+00:00,-722.752075
2011-08-06 02:15:00+00:00,-716.272217
2011-08-06 02:16:00+00:00,-753.796204
2011-08-06 02:17:00+00:00,-769.541443
2011-08-06 02:18:00+00:00,-814.695862
2011-08-06 02:19:00+00:00,-899.958191
2011-08-06 02:20:00+00:00,-841.18158
2011-08-06 02:21:00+00:00,-800.240173
2011-08-06 02:22:00+00:00,-782.111755
2011-08-06 02:23:00+00:00,-811.713806
2011-08-06 02:24:00+00:00,-831.166321
2011-08-06 02:25:00+00:00,-795.925659
2011-08-06 02:26:00+00:00,-755.464233
2011-08-06 02:27:00+00:00,-740.403564
2011-08-06 02:28:00+00:00,-843.152466
2011-08-06 02:29:00+00:00,-952.856384
2011-08-06 02:30:00+00:00,-868.57959
2011-08-06 02:31:00+00:00,-708.357788
2011-08-06 02:32:00+00:00,-731.019592
2011-08-06 02:33:00+00:00,-726.636108
2011-08-06 02:34:00+00:00,-714.890808
2011-08-06 02:35:00+00:00,-695.580566
2011-08-06 02:36:00+00:00,-678.65448
2011-08-06 02:37:00+00:00,-695.66803
2011-08-06 02:38:00+00:00,-769.142639
2011-08-06 02:39:00+00:00,-746.354492
2011-08-06 02:40:00+00:00,-723.967957
2011-08-06 02:41:00+00:00,-702.485352
2011-08-06 02:42:00+00:00,-737.793335
2011-08-06 02:43:00+00:00,-819.782227
2011-08-06 02:44:00+00:00,-763.461304
2011-08-06 02:45:00+00:00,-723.438171
2011-08-06 02:46:00+00:00,-662.769531
2011-08-06 02:47:00+00:00,-615.905823
2011-08-13 00:00:00+00:00,-83.283821
2011-08-13 00:01:00+00:00,-84.440392
2011-08-13 00:02:00+00:00,-85.55909
2011-08-13 00:03:00+00:00,-87.587234
2011-08-13 00:04:00+00:00,-88.424278
2011-08-13 00:05:00+00:00,-89.808556
2011-08-13 00:06:00+00:00,-90.530151
2011-08-13 00:07:00+00:00,-90.94722
2011-08-13 00:08:00+00:00,-91.294746
2011-08-13 00:09:00+00:00,-91.599838
2011-08-13 00:10:00+00:00,-92.058838
2011-08-13 00:11:00+00:00,-92.303627
2011-08-13 00:12:00+00:00,-92.547142
2011-08-13 00:13:00+00:00,-92.74646
2011-08-13 00:14:00+00:00,-93.687759
2011-08-13 00:15:00+00:00,-94.168579
2011-08-13 00:16:00+00:00,-93.351791
2011-08-13 00:17:00+00:00,-92.17849
2011-08-13 00:18:00+00:00,-90.223915
2011-08-13 00:19:00+00:00,-90.185387
2011-08-13 00:20:00+00:00,-90.66938
2011-08-13 00:21:00+00:00,-91.766777
2011-08-13 00:22:00+00:00,-92.61985
2011-08-13 00:23:00+00:00,-92.542824
2011-08-13 00:24:00+00:00,-91.341049
2011-08-13 00:25:00+00:00,-88.778252
2011-08-13 00:26:00+00:00,-87.955055
2011-08-13 00:27:00+00:00,-87.848076
2011-08-13 00:28:00+00:00,-87.545242
2011-08-13 00:29:00+00:00,-87.821999
2011-08-13 00:30:00+00:00,-87.719154
2011-08-13 00:31:00+00:00,-86.099251
2011-08-13 00:32:00+00:00,-84.709801
2011-08-13 00:33:00+00:00,-83.679733
2011-08-13 00:34:00+00:00,-84.421165
2011-08-13 00:35:00+00:00,-85.390167
2011-08-13 00:36:00+00:00,-85.989098
2011-08-13 00:37:00+00:00,-86.584908
2011-08-13 00:38:00+00:00,-87.238663
2011-08-13 00:39:00+00:00,-87.19426
2011-08-13 00:40:00+00:00,-87.158752
2011-08-13 00:41:00+00:00,-87.222961
2011-08-13 00:42:00+00:00,-86.964066
2011-08-13 00:43:00+00:00,-86.353752
2011-08-13 00:44:00+00:00,-85.630318
2011-08-13 00:45:00+00:00,-84.978127
2011-08-13 00:46:00+00:00,-84.582207
2011-08-13 00:47:00+00:00,-84.819305
2011-08-13 00:48:00+00:00,-85.860329
2011-08-13 00:49:00+00:00,-86.393768
2011-08-13 00:50:00+00:00,-86.131554
2011-08-13 00:51:00+00:00,-84.661591
2011-08-13 00:52:00+00:00,-82.904633
2011-08-13 00:53:00+00:00,-82.842468
2011-08-13 00:54:00+00:00,-83.424156
2011-08-13 00:55:00+00:00,-84.113586
2011-08-13 00:56:00+00:00,-83.900032
2011-08-13 00:57:00+00:00,-82.315727
2011-08-13 00:58:00+00:00,-82.22982
2011-08-13 00:59:00+00:00,-82.215584
2011-08-13 01:00:00+00:00,-83.033684
2011-08-13 01:01:00+00:00,-82.440186
2011-08-13 01:02:00+00:00,-81.837349
2011-08-13 01:03:00+00:00,-82.074768
2011-08-13 01:04:00+00:00,-83.022537
2011-08-13 01:05:00+00:00,-84.080048
2011-08-13 01:06:00+00:00,-83.799042
2011-08-13 01:07:00+00:00,-83.732239
2011-08-13 01:08:00+00:00,-84.593498
2011-08-13 01:09:00+00:00,-85.693329
2011-08-13 01:10:00+00:00,-85.738754
2011-08-13 01:11:00+00:00,-84.279556
2011-08-13 01:12:00+00:00,-83.960243
2011-08-13 01:13:00+00:00,-84.568893
2011-08-13 01:14:00+00:00,-86.103523
2011-08-13 01:15:00+00:00,-87.378616
2011-08-13 01:16:00+00:00,-89.694855
2011-08-13 01:17:00+00:00,-88.717293
2011-08-13 01:18:00+00:00,-90.1129
2011-08-13 01:19:00+00:00,-90.119949
2011-08-13 01:20:00+00:00,-90.191544
2011-08-13 01:21:00+00:00,-124.839409
2011-08-13 01:22:00+00:00,-123.84906
2011-08-13 01:23:00+00:00,-99.81794
2011-08-13 01:24:00+00:00,-95.371185
2011-08-13 01:25:00+00:00,-101.01683
2011-08-13 01:26:00+00:00,-94.050507
2011-08-13 01:27:00+00:00,-150.914337
2011-08-13 01:28:00+00:00,-110.211136
2011-08-13 01:29:00+00:00,-98.023491
2011-08-13 01:30:00+00:00,-132.763092
2011-08-13 01:31:00+00:00,-141.363754
2011-08-13 01:32:00+00:00,-148.963989
2011-08-13 01:33:00+00:00,-136.756088
2011-08-13 01:34:00+00:00,-126.588837
2011-08-13 01:35:00+00:00,-114.821869
2011-08-13 01:36:00+00:00,-117.717499
2011-08-13 01:37:00+00:00,-119.338753
2011-08-13 01:38:00+00:00,-104.051537
2011-08-13 01:39:00+00:00,-102.871063
2011-08-13 01:40:00+00:00,-104.304108
2011-08-13 01:41:00+00:00,-118.525429
2011-08-13 01:42:00+00:00,-117.805458
2011-08-13 01:43:00+00:00,-115.775986
2011-08-13 01:44:00+00:00,-104.95256
2011-08-13 01:45:00+00:00,-99.57357
2011-08-13 01:46:00+00:00,-87.744377
2011-08-13 01:47:00+00:00,-96.534439
2011-08-13 01:48:00+00:00,-97.208427
2011-08-13 01:49:00+00:00,-148.756134
2011-08-13 01:50:00+00:00,-195.998734
2011-08-13 01:51:00+00:00,-270.92334
2011-08-13 01:52:00+00:00,-264.554718
2011-08-13 01:53:00+00:00,-208.416306
2011-08-13 01:54:00+00:00,-220.5289
2011-08-13 01:55:00+00:00,-203.401184
2011-08-13 01:56:00+00:00,-187.083817
2011-08-13 01:57:00+00:00,-147.51152
2011-08-13 01:58:00+00:00,-141.440399
2011-08-13 01:59:00+00:00,-173.432663
2011-08-13 02:00:00+00:00,-147.275772
2011-08-13 02:01:00+00:00,-136.117889
2011-08-13 02:02:00+00:00,-157.292603
2011-08-13 02:03:00+00:00,-172.089935
2011-08-13 02:04:00+00:00,-163.778336
2011-08-13 02:05:00+00:00,-165.82428
2011-08-13 02:06:00+00:00,-160.358078
2011-08-13 02:07:00+00:00,-143.640869
2011-08-13 02:08:00+00:00,-144.741653
2011-08-13 02:09:00+00:00,-144.634613
2011-08-13 02:10:00+00:00,-145.479813
2011-08-13 02:11:00+00:00,-150.296753
2011-08-13 02:12:00+00:00,-153.854889
2011-08-13 02:13:00+00:00,-148.549667
2011-08-13 02:14:00+00:00,-147.247238
2011-08-13 02:15:00+00:00,-150.066635
2011-08-13 02:16:00+00:00,-157.666077
2011-08-13 02:17:00+00:00,-158.102127
2011-08-13 02:18:00+00:00,-157.159866
2011-08-13 02:19:00+00:00,-158.255264
2011-08-13 02:20:00+00:00,-153.589432
2011-08-13 02:21:00+00:00,-148.047073
2011-08-13 02:22:00+00:00,-151.867996
2011-08-13 02:23:00+00:00,-149.501068
2011-08-13 02:24:00+00:00,-148.784775
2011-08-13 02:25:00+00:00,-151.739563
2011-08-13 02:26:00+00:00,-151.993301
2011-08-13 02:27:00+00:00,-144.462936
2011-08-13 02:28:00+00:00,-145.279251
2011-08-13 02:29:00+00:00,-146.214661
2011-08-13 02:30:00+00:00,-142.624725
2011-08-13 02:31:00+00:00,-136.365173
2011-08-13 02:32:00+00:00,-135.95047
2011-08-13 02:33:00+00:00,-138.174469
2011-08-13 02:34:00+00:00,-135.582031
2011-08-13 02:35:00+00:00,-134.61351
2011-08-13 02:36:00+00:00,-128.727814
2011-08-13 02:37:00+00:00,-122.687508
2011-08-13 02:38:00+00:00,-119.347084
2011-08-13 02:39:00+00:00,-119.041412
2011-08-13 02:40:00+00:00,-122.097717
2011-08-13 02:41:00+00:00,-126.503456
2011-08-13 02:42:00+00:00,-124.260078
2011-08-13 02:43:00+00:00,-139.106094
2011-08-13 02:44:00+00:00,-131.198975
2011-08-13 02:45:00+00:00,-133.050629
2011-08-13 02:46:00+00:00,-135.51973
2011-08-13 02:47:00+00:00,-134.466858
2011-08-20 00:00:00+00:00,-26.469931
2011-08-20 00:01:00+00:00,-27.960806
2011-08-20 00:02:00+00:00,-28.625942
2011-08-20 00:03:00+00:00,-30.246637
2011-08-20 00:04:00+00:00,-30.281916
2011-08-20 00:05:00+00:00,-30.091198
2011-08-20 00:06:00+00:00,-29.753632
2011-08-20 00:07:00+00:00,-29.132391
2011-08-20 00:08:00+00:00,-28.107693
2011-08-20 00:09:00+00:00,-27.052486
2011-08-20 00:10:00+00:00,-26.778341
2011-08-20 00:11:00+00:00,-26.129051
2011-08-20 00:12:00+00:00,-25.726732
2011-08-20 00:13:00+00:00,-26.066542
2011-08-20 00:14:00+00:00,-27.069424
2011-08-20 00:15:00+00:00,-27.696188
2011-08-20 00:16:00+00:00,-27.542927
2011-08-20 00:17:00+00:00,-27.670061
2011-08-20 00:18:00+00:00,-28.134272
2011-08-20 00:19:00+00:00,-28.758846
2011-08-20 00:20:00+00:00,-27.348516
2011-08-20 00:21:00+00:00,-27.343756
2011-08-20 00:22:00+00:00,-26.60581
2011-08-20 00:23:00+00:00,-27.416237
2011-08-20 00:24:00+00:00,-28.025921
2011-08-20 00:25:00+00:00,-26.103851
2011-08-20 00:26:00+00:00,-26.114914
2011-08-20 00:27:00+00:00,-25.908764
2011-08-20 00:28:00+00:00,-25.363375
2011-08-20 00:29:00+00:00,-26.79715
2011-08-20 00:30:00+00:00,-28.983578
2011-08-20 00:31:00+00:00,-28.807184
2011-08-20 00:32:00+00:00,-28.04702
2011-08-20 00:33:00+00:00,-26.757778
2011-08-20 00:34:00+00:00,-25.549822
2011-08-20 00:35:00+00:00,-24.017885
2011-08-20 00:36:00+00:00,-22.315298
2011-08-20 00:37:00+00:00,-20.964493
2011-08-20 00:38:00+00:00,-18.956871
2011-08-20 00:39:00+00:00,-18.523607
2011-08-20 00:40:00+00:00,-18.352432
2011-08-20 00:41:00+00:00,-19.593618
2011-08-20 00:42:00+00:00,-19.327297
2011-08-20 00:43:00+00:00,-20.122814
2011-08-20 00:44:00+00:00,-23.201857
2011-08-20 00:45:00+00:00,-26.041126
2011-08-20 00:46:00+00:00,-27.980228
2011-08-20 00:47:00+00:00,-26.896244
2011-08-20 00:48:00+00:00,-24.947386
2011-08-20 00:49:00+00:00,-23.078976
2011-08-20 00:50:00+00:00,-21.258797
2011-08-20 00:51:00+00:00,-20.647989
2011-08-20 00:52:00+00:00,-21.330755
2011-08-20 00:53:00+00:00,-23.591858
2011-08-20 00:54:00+00:00,-25.740097
2011-08-20 00:55:00+00:00,-27.947357
2011-08-20 00:56:00+00:00,-28.173605
2011-08-20 00:57:00+00:00,-28.01944
2011-08-20 00:58:00+00:00,-28.23975
2011-08-20 00:59:00+00:00,-28.353104
2011-08-20 01:00:00+00:00,-26.341261
2011-08-20 01:01:00+00:00,-25.778685
2011-08-20 01:02:00+00:00,-26.057163
2011-08-20 01:03:00+00:00,-27.168898
2011-08-20 01:04:00+00:00,-30.617817
2011-08-20 01:05:00+00:00,-32.233036
2011-08-20 01:06:00+00:00,-32.263596
2011-08-20 01:07:00+00:00,-31.788982
2011-08-20 01:08:00+00:00,-29.907124
2011-08-20 01:09:00+00:00,-25.896711
2011-08-20 01:10:00+00:00,-21.88765
2011-08-20 01:11:00+00:00,-21.196358
2011-08-20 01:12:00+00:00,-22.061134
2011-08-20 01:13:00+00:00,-21.901922
2011-08-20 01:14:00+00:00,-20.23143
2011-08-20 01:15:00+00:00,-19.409515
2011-08-20 01:16:00+00:00,-21.59544
2011-08-20 01:17:00+00:00,-22.695917
2011-08-20 01:18:00+00:00,-20.656281
2011-08-20 01:19:00+00:00,-20.019512
2011-08-20 01:20:00+00:00,-20.977039
2011-08-20 01:21:00+00:00,-22.637276
2011-08-20 01:22:00+00:00,-24.63167
2011-08-20 01:23:00+00:00,-26.167122
2011-08-20 01:24:00+00:00,-25.814512
2011-08-20 01:25:00+00:00,-26.016245
2011-08-20 01:26:00+00:00,-26.698118
2011-08-20 01:27:00+00:00,-26.868935
2011-08-20 01:28:00+00:00,-26.51016
2011-08-20 01:29:00+00:00,-26.419664
2011-08-20 01:30:00+00:00,-26.014208
2011-08-20 01:31:00+00:00,-25.739656
2011-08-20 01:32:00+00:00,-25.583055
2011-08-20 01:33:00+00:00,-25.306105
2011-08-20 01:34:00+00:00,-25.861902
2011-08-20 01:35:00+00:00,-25.964294
2011-08-20 01:36:00+00:00,-25.663065
2011-08-20 01:37:00+00:00,-24.287189
2011-08-20 01:38:00+00:00,-22.303665
2011-08-20 01:39:00+00:00,-23.091251
2011-08-20 01:40:00+00:00,-23.089382
2011-08-20 01:41:00+00:00,-23.298035
2011-08-20 01:42:00+00:00,-23.925194
2011-08-20 01:43:00+00:00,-24.386852
2011-08-20 01:44:00+00:00,-24.822636
2011-08-20 01:45:00+00:00,-25.344854
2011-08-20 01:46:00+00:00,-25.622389
2011-08-20 01:47:00+00:00,-26.989214
2011-08-20 01:48:00+00:00,-27.439449
2011-08-20 01:49:00+00:00,-25.838306
2011-08-20 01:50:00+00:00,-25.129122
2011-08-20 01:51:00+00:00,-25.519878
2011-08-20 01:52:00+00:00,-25.8466
2011-08-20 01:53:00+00:00,-26.059256
2011-08-20 01:54:00+00:00,-26.014364
2011-08-20 01:55:00+00:00,-25.629871
2011-08-20 01:56:00+00:00,-25.763178
2011-08-20 01:57:00+00:00,-26.558792
2011-08-20 01:58:00+00:00,-26.636808
2011-08-20 01:59:00+00:00,-25.74818
2011-08-20 02:00:00+00:00,-25.023897
2011-08-20 02:01:00+00:00,-24.386703
2011-08-20 02:02:00+00:00,-23.891609
2011-08-20 02:03:00+00:00,-23.726095
2011-08-20 02:04:00+00:00,-24.220221
2011-08-20 02:05:00+00:00,-24.84565
2011-08-20 02:06:00+00:00,-33.163666
2011-08-20 02:07:00+00:00,-26.718922
2011-08-20 02:08:00+00:00,-27.218811
2011-08-20 02:09:00+00:00,-27.824356
2011-08-20 02:10:00+00:00,-26.54842
2011-08-20 02:11:00+00:00,-26.72887
2011-08-20 02:12:00+00:00,-27.986786
2011-08-20 02:13:00+00:00,-28.744022
2011-08-20 02:14:00+00:00,-29.280834
2011-08-20 02:15:00+00:00,-28.807486
2011-08-20 02:16:00+00:00,-27.331139
2011-08-20 02:17:00+00:00,-24.442905
2011-08-20 02:18:00+00:00,-23.957224
2011-08-20 02:19:00+00:00,-47.407101
2011-08-20 02:20:00+00:00,-34.726883
2011-08-20 02:21:00+00:00,-24.682878
2011-08-20 02:22:00+00:00,-28.931454
2011-08-20 02:23:00+00:00,-28.409693
2011-08-20 02:24:00+00:00,-23.80341
2011-08-20 02:25:00+00:00,-20.774973
2011-08-20 02:26:00+00:00,-22.372326
2011-08-20 02:27:00+00:00,-23.604488
2011-08-20 02:28:00+00:00,-24.838629
2011-08-20 02:29:00+00:00,-27.099144
2011-08-20 02:30:00+00:00,-29.546535
2011-08-20 02:31:00+00:00,-30.3951
2011-08-20 02:32:00+00:00,-30.848488
2011-08-20 02:33:00+00:00,-28.574646
2011-08-20 02:34:00+00:00,-24.349922
2011-08-20 02:35:00+00:00,-22.013021
2011-08-20 02:36:00+00:00,-23.062849
2011-08-20 02:37:00+00:00,-22.113003
2011-08-20 02:38:00+00:00,-21.161583
2011-08-20 02:39:00+00:00,-20.209616
2011-08-20 02:40:00+00:00,-20.257141
2011-08-20 02:41:00+00:00,-20.304205
2011-08-20 02:42:00+00:00,-23.351337
2011-08-20 02:43:00+00:00,-24.397606
2011-08-20 02:44:00+00:00,-26.482336
2011-08-20 02:45:00+00:00,-28.822176
2011-08-20 02:46:00+00:00,-29.962233
2011-08-20 02:47:00+00:00,-31.7981
2011-08-27 00:00:00+00:00,-42.373619
2011-08-27 00:01:00+00:00,-43.696266
2011-08-27 00:02:00+00:00,-45.411312
2011-08-27 00:03:00+00:00,-46.942604
2011-08-27 00:04:00+00:00,-48.678825
2011-08-27 00:05:00+00:00,-49.169796
2011-08-27 00:06:00+00:00,-47.981934
2011-08-27 00:07:00+00:00,-46.896729
2011-08-27 00:08:00+00:00,-47.317036
2011-08-27 00:09:00+00:00,-48.69136
2011-08-27 00:10:00+00:00,-47.866405
2011-08-27 00:11:00+00:00,-46.253311
2011-08-27 00:12:00+00:00,-45.564007
2011-08-27 00:13:00+00:00,-45.750656
2011-08-27 00:14:00+00:00,-47.058407
2011-08-27 00:15:00+00:00,-48.914944
2011-08-27 00:16:00+00:00,-49.698257
2011-08-27 00:17:00+00:00,-48.509926
2011-08-27 00:18:00+00:00,-47.203472
2011-08-27 00:19:00+00:00,-46.397083
2011-08-27 00:20:00+00:00,-45.454044
2011-08-27 00:21:00+00:00,-45.212269
2011-08-27 00:22:00+00:00,-46.585629
2011-08-27 00:23:00+00:00,-45.505177
2011-08-27 00:24:00+00:00,-42.817429
2011-08-27 00:25:00+00:00,-39.137642
2011-08-27 00:26:00+00:00,-34.824223
2011-08-27 00:27:00+00:00,-33.473717
2011-08-27 00:28:00+00:00,-33.413132
2011-08-27 00:29:00+00:00,-33.348125
2011-08-27 00:30:00+00:00,-33.283398
2011-08-27 00:31:00+00:00,-33.216713
2011-08-27 00:32:00+00:00,-33.147743
2011-08-27 00:33:00+00:00,-33.075577
2011-08-27 00:34:00+00:00,-34.002235
2011-08-27 00:35:00+00:00,-33.925827
2011-08-27 00:36:00+00:00,-33.847397
2011-08-27 00:37:00+00:00,-33.768551
2011-08-27 00:38:00+00:00,-33.687191
2011-08-27 00:39:00+00:00,-33.603035
2011-08-27 00:40:00+00:00,-33.517117
2011-08-27 00:41:00+00:00,-33.429508
2011-08-27 00:42:00+00:00,-32.341248
2011-08-27 00:43:00+00:00,-33.251427
2011-08-27 00:44:00+00:00,-32.157398
2011-08-27 00:45:00+00:00,-32.064606
2011-08-27 00:46:00+00:00,-31.969477
2011-08-27 00:47:00+00:00,-31.874023
2011-08-27 00:48:00+00:00,-31.775387
2011-08-27 00:49:00+00:00,-29.677536
2011-08-27 00:50:00+00:00,-28.578583
2011-08-27 00:51:00+00:00,-29.478594
2011-08-27 00:52:00+00:00,-31.376606
2011-08-27 00:53:00+00:00,-31.273741
2011-08-27 00:54:00+00:00,-31.171015
2011-08-27 00:55:00+00:00,-30.065563
2011-08-27 00:56:00+00:00,-29.960384
2011-08-27 00:57:00+00:00,-29.855539
2011-08-27 00:58:00+00:00,-29.75012
2011-08-27 00:59:00+00:00,-29.641069
2011-08-27 01:00:00+00:00,-29.534683
2011-08-27 01:01:00+00:00,-30.42631
2011-08-27 01:02:00+00:00,-30.313725
2011-08-27 01:03:00+00:00,-30.199123
2011-08-27 01:04:00+00:00,-30.081776
2011-08-27 01:05:00+00:00,-30.961927
2011-08-27 01:06:00+00:00,-30.83884
2011-08-27 01:07:00+00:00,-30.712992
2011-08-27 01:08:00+00:00,-29.586073
2011-08-27 01:09:00+00:00,-29.458611
2011-08-27 01:10:00+00:00,-30.032125
2011-08-27 01:11:00+00:00,-30.950615
2011-08-27 01:12:00+00:00,-31.645515
2011-08-27 01:13:00+00:00,-32.235989
2011-08-27 01:14:00+00:00,-34.184151
2011-08-27 01:15:00+00:00,-33.648815
2011-08-27 01:16:00+00:00,-81.630898
2011-08-27 01:17:00+00:00,-33.071724
2011-08-27 01:18:00+00:00,-33.859116
2011-08-27 01:19:00+00:00,-34.731667
2011-08-27 01:20:00+00:00,-77.738586
2011-08-27 01:21:00+00:00,-139.700211
2011-08-27 01:22:00+00:00,-154.261597
2011-08-27 01:23:00+00:00,-165.645462
2011-08-27 01:24:00+00:00,-201.36525
2011-08-27 01:25:00+00:00,-188.198822
2011-08-27 01:26:00+00:00,-244.496552
2011-08-27 01:27:00+00:00,-232.554733
2011-08-27 01:28:00+00:00,-254.360672
2011-08-27 01:29:00+00:00,-265.988678
2011-08-27 01:30:00+00:00,-248.501328
2011-08-27 01:31:00+00:00,-233.242584
2011-08-27 01:32:00+00:00,-268.87738
2011-08-27 01:33:00+00:00,-242.23085
2011-08-27 01:34:00+00:00,-263.357605
2011-08-27 01:35:00+00:00,-247.859131
2011-08-27 01:36:00+00:00,-241.03125
2011-08-27 01:37:00+00:00,-225.840759
2011-08-27 01:38:00+00:00,-222.75325
2011-08-27 01:39:00+00:00,-198.972473
2011-08-27 01:40:00+00:00,-230.665146
2011-08-27 01:41:00+00:00,-265.760864
2011-08-27 01:42:00+00:00,-263.790924
2011-08-27 01:43:00+00:00,-237.893036
2011-08-27 01:44:00+00:00,-200.412933
2011-08-27 01:45:00+00:00,-177.138412
2011-08-27 01:46:00+00:00,-155.320801
2011-08-27 01:47:00+00:00,-152.003479
2011-08-27 01:48:00+00:00,-149.420563
2011-08-27 01:49:00+00:00,-136.7099
2011-08-27 01:50:00+00:00,-152.637543
2011-08-27 01:51:00+00:00,-154.176392
2011-08-27 01:52:00+00:00,-135.155472
2011-08-27 01:53:00+00:00,-129.014572
2011-08-27 01:54:00+00:00,-150.186188
2011-08-27 01:55:00+00:00,-159.221313
2011-08-27 01:56:00+00:00,-174.573654
2011-08-27 01:57:00+00:00,-144.859192
2011-08-27 01:58:00+00:00,-209.968628
2011-08-27 01:59:00+00:00,-176.935959
2011-08-27 02:00:00+00:00,-175.61647
2011-08-27 02:01:00+00:00,-207.714294
2011-08-27 02:02:00+00:00,-197.606689
2011-08-27 02:03:00+00:00,-200.23175
2011-08-27 02:04:00+00:00,-188.674881
2011-08-27 02:05:00+00:00,-189.723801
2011-08-27 02:06:00+00:00,-189.490234
2011-08-27 02:07:00+00:00,-187.129974
2011-08-27 02:08:00+00:00,-201.645294
2011-08-27 02:09:00+00:00,-191.602905
2011-08-27 02:10:00+00:00,-182.683456
2011-08-27 02:11:00+00:00,-170.198441
2011-08-27 02:12:00+00:00,-166.484802
2011-08-27 02:13:00+00:00,-183.417496
2011-08-27 02:14:00+00:00,-162.277283
2011-08-27 02:15:00+00:00,-150.980194
2011-08-27 02:16:00+00:00,-139.318771
2011-08-27 02:17:00+00:00,-135.123596
2011-08-27 02:18:00+00:00,-133.953705
2011-08-27 02:19:00+00:00,-138.740738
2011-08-27 02:20:00+00:00,-147.297226
2011-08-27 02:21:00+00:00,-150.780396
2011-08-27 02:22:00+00:00,-148.282257
2011-08-27 02:23:00+00:00,-142.070938
2011-08-27 02:24:00+00:00,-130.609558
2011-08-27 02:25:00+00:00,-122.987
2011-08-27 02:26:00+00:00,-121.685677
2011-08-27 02:27:00+00:00,-115.61869
2011-08-27 02:28:00+00:00,-108.418854
2011-08-27 02:29:00+00:00,-104.869591
2011-08-27 02:30:00+00:00,-97.820099
2011-08-27 02:31:00+00:00,-89.742355
2011-08-27 02:32:00+00:00,-85.487991
2011-08-27 02:33:00+00:00,-82.272804
2011-08-27 02:34:00+00:00,-80.501068
2011-08-27 02:35:00+00:00,-78.454979
2011-08-27 02:36:00+00:00,-78.3396
2011-08-27 02:37:00+00:00,-75.608246
2011-08-27 02:38:00+00:00,-71.876663
2011-08-27 02:39:00+00:00,-68.227074
2011-08-27 02:40:00+00:00,-63.559853
2011-08-27 02:41:00+00:00,-57.87302
2011-08-27 02:42:00+00:00,-53.916546
2011-08-27 02:43:00+00:00,-52.148418
2011-08-27 02:44:00+00:00,-49.718235
2011-08-27 02:45:00+00:00,-46.986881
2011-08-27 02:46:00+00:00,-43.898876
2011-08-27 02:47:00+00:00,-48.64072
2011-09-03 00:00:00+00:00,-42.262962
2011-09-03 00:01:00+00:00,-41.435482
2011-09-03 00:02:00+00:00,-38.172878
2011-09-03 00:03:00+00:00,-39.526848
2011-09-03 00:04:00+00:00,-46.672539
2011-09-03 00:05:00+00:00,-53.293724
2011-09-03 00:06:00+00:00,-57.121597
2011-09-03 00:07:00+00:00,-56.170712
2011-09-03 00:08:00+00:00,-59.166615
2011-09-03 00:09:00+00:00,-66.607147
2011-09-03 00:10:00+00:00,-75.392517
2011-09-03 00:11:00+00:00,-84.481735
2011-09-03 00:12:00+00:00,-92.784027
2011-09-03 00:13:00+00:00,-98.455688
2011-09-03 00:14:00+00:00,-104.865654
2011-09-03 00:15:00+00:00,-114.073174
2011-09-03 00:16:00+00:00,-119.486801
2011-09-03 00:17:00+00:00,-125.8778
2011-09-03 00:18:00+00:00,-125.60614
2011-09-03 00:19:00+00:00,-125.359543
2011-09-03 00:20:00+00:00,-132.068481
2011-09-03 00:21:00+00:00,-126.685959
2011-09-03 00:22:00+00:00,-127.786537
2011-09-03 00:23:00+00:00,-127.962196
2011-09-03 00:24:00+00:00,-128.543152
2011-09-03 00:25:00+00:00,-121.369324
2011-09-03 00:26:00+00:00,-124.678688
2011-09-03 00:27:00+00:00,-126.007622
2011-09-03 00:28:00+00:00,-135.623596
2011-09-03 00:29:00+00:00,-143.815262
2011-09-03 00:30:00+00:00,-147.007294
2011-09-03 00:31:00+00:00,-150.314407
2011-09-03 00:32:00+00:00,-148.375732
2011-09-03 00:33:00+00:00,-145.803635
2011-09-03 00:34:00+00:00,-141.004395
2011-09-03 00:35:00+00:00,-136.606018
2011-09-03 00:36:00+00:00,-135.882645
2011-09-03 00:37:00+00:00,-134.528229
2011-09-03 00:38:00+00:00,-141.922714
2011-09-03 00:39:00+00:00,-160.872726
2011-09-03 00:40:00+00:00,-175.816391
2011-09-03 00:41:00+00:00,-192.762543
2011-09-03 00:42:00+00:00,-219.720016
2011-09-03 00:43:00+00:00,-249.667374
2011-09-03 00:44:00+00:00,-244.771896
2011-09-03 00:45:00+00:00,-263.691406
2011-09-03 00:46:00+00:00,-247.580429
2011-09-03 00:47:00+00:00,-242.693909
2011-09-03 00:48:00+00:00,-241.481125
2011-09-03 00:49:00+00:00,-254.407944
2011-09-03 00:50:00+00:00,-238.287872
2011-09-03 00:51:00+00:00,-230.266479
2011-09-03 00:52:00+00:00,-218.315948
2011-09-03 00:53:00+00:00,-228.216705
2011-09-03 00:54:00+00:00,-216.130356
2011-09-03 00:55:00+00:00,-228.100891
2011-09-03 00:56:00+00:00,-223.047287
2011-09-03 00:57:00+00:00,-216.996964
2011-09-03 00:58:00+00:00,-210.975342
2011-09-03 00:59:00+00:00,-196.908981
2011-09-03 01:00:00+00:00,-208.834625
2011-09-03 01:01:00+00:00,-203.804504
2011-09-03 01:02:00+00:00,-189.767654
2011-09-03 01:03:00+00:00,-185.769958
2011-09-03 01:04:00+00:00,-188.781143
2011-09-03 01:05:00+00:00,-210.797302
2011-09-03 01:06:00+00:00,-209.470642
2011-09-03 01:07:00+00:00,-208.214432
2011-09-03 01:08:00+00:00,-202.737823
2011-09-03 01:09:00+00:00,-203.688843
2011-09-03 01:10:00+00:00,-203.651642
2011-09-03 01:11:00+00:00,-231.502594
2011-09-03 01:12:00+00:00,-244.444229
2011-09-03 01:13:00+00:00,-264.637573
2011-09-03 01:14:00+00:00,-256.145905
2011-09-03 01:15:00+00:00,-284.660278
2011-09-03 01:16:00+00:00,-279.727417
2011-09-03 01:17:00+00:00,-283.185242
2011-09-03 01:18:00+00:00,-280.289734
2011-09-03 01:19:00+00:00,-290.294891
2011-09-03 01:20:00+00:00,-297.636292
2011-09-03 01:21:00+00:00,-305.485992
2011-09-03 01:22:00+00:00,-302.404572
2011-09-03 01:23:00+00:00,-371.481018
2011-09-03 01:24:00+00:00,-234.378448
2011-09-03 01:25:00+00:00,-302.162415
2011-09-03 01:26:00+00:00,-255.524384
2011-09-03 01:27:00+00:00,-239.353134
2011-09-03 01:28:00+00:00,-214.907516
2011-09-03 01:29:00+00:00,-301.080841
2011-09-03 01:30:00+00:00,-227.979858
2011-09-03 01:31:00+00:00,-276.161102
2011-09-03 01:32:00+00:00,-268.442413
2011-09-03 01:33:00+00:00,-280.19516
2011-09-03 01:34:00+00:00,-276.41153
2011-09-03 01:35:00+00:00,-264.832672
2011-09-03 01:36:00+00:00,-251.23201
2011-09-03 01:37:00+00:00,-254.226517
2011-09-03 01:38:00+00:00,-257.401459
2011-09-03 01:39:00+00:00,-237.854263
2011-09-03 01:40:00+00:00,-228.440338
2011-09-03 01:41:00+00:00,-231.252045
2011-09-03 01:42:00+00:00,-229.907837
2011-09-03 01:43:00+00:00,-231.158295
2011-09-03 01:44:00+00:00,-234.609604
2011-09-03 01:45:00+00:00,-224.78186
2011-09-03 01:46:00+00:00,-196.571976
2011-09-03 01:47:00+00:00,-275.034332
2011-09-03 01:48:00+00:00,-224.063644
2011-09-03 01:49:00+00:00,-185.861481
2011-09-03 01:50:00+00:00,-253.432938
2011-09-03 01:51:00+00:00,-253.860077
2011-09-03 01:52:00+00:00,-285.550598
2011-09-03 01:53:00+00:00,-233.34523
2011-09-03 01:54:00+00:00,-224.894592
2011-09-03 01:55:00+00:00,-194.710388
2011-09-03 01:56:00+00:00,-207.454712
2011-09-03 01:57:00+00:00,-223.502518
2011-09-03 01:58:00+00:00,-239.40123
2011-09-03 01:59:00+00:00,-259.963593
2011-09-03 02:00:00+00:00,-277.645111
2011-09-03 02:01:00+00:00,-275.975311
2011-09-03 02:02:00+00:00,-257.535095
2011-09-03 02:03:00+00:00,-272.986847
2011-09-03 02:04:00+00:00,-273.892517
2011-09-03 02:05:00+00:00,-261.262878
2011-09-03 02:06:00+00:00,-252.710205
2011-09-03 02:07:00+00:00,-240.672272
2011-09-03 02:08:00+00:00,-227.202255
2011-09-03 02:09:00+00:00,-210.830658
2011-09-03 02:10:00+00:00,-219.422714
2011-09-03 02:11:00+00:00,-215.694229
2011-09-03 02:12:00+00:00,-212.139313
2011-09-03 02:13:00+00:00,-213.889816
2011-09-03 02:14:00+00:00,-212.652191
2011-09-03 02:15:00+00:00,-207.622864
2011-09-03 02:16:00+00:00,-212.770004
2011-09-03 02:17:00+00:00,-201.189285
2011-09-03 02:18:00+00:00,-191.637573
2011-09-03 02:19:00+00:00,-190.695862
2011-09-03 02:20:00+00:00,-188.373947
2011-09-03 02:21:00+00:00,-187.361237
2011-09-03 02:22:00+00:00,-178.755966
2011-09-03 02:23:00+00:00,-174.684921
2011-09-03 02:24:00+00:00,-174.502167
2011-09-03 02:25:00+00:00,-183.479156
2011-09-03 02:26:00+00:00,-178.60321
2011-09-03 02:27:00+00:00,-170.409439
2011-09-03 02:28:00+00:00,-161.981842
2011-09-03 02:29:00+00:00,-167.393356
2011-09-03 02:30:00+00:00,-180.044952
2011-09-03 02:31:00+00:00,-181.772247
2011-09-03 02:32:00+00:00,-180.520584
2011-09-03 02:33:00+00:00,-172.382721
2011-09-03 02:34:00+00:00,-160.99054
2011-09-03 02:35:00+00:00,-153.808868
2011-09-03 02:36:00+00:00,-150.682449
2011-09-03 02:37:00+00:00,-159.582809
2011-09-03 02:38:00+00:00,-163.572815
2011-09-03 02:39:00+00:00,-158.791931
2011-09-03 02:40:00+00:00,-133.676712
2011-09-03 02:41:00+00:00,-122.739838
2011-09-03 02:42:00+00:00,-107.257713
2011-09-03 02:43:00+00:00,-99.480331
2011-09-03 02:44:00+00:00,-101.622528
2011-09-03 02:45:00+00:00,-105.624817
2011-09-03 02:46:00+00:00,-103.454933
2011-09-03 02:47:00+00:00,-112.037704
2011-09-10 00:00:00+00:00,-278.502625
2011-09-10 00:01:00+00:00,-286.001556
2011-09-10 00:02:00+00:00,-283.455963
2011-09-10 00:03:00+00:00,-293.287354
2011-09-10 00:04:00+00:00,-300.680084
2011-09-10 00:05:00+00:00,-305.139801
2011-09-10 00:06:00+00:00,-314.180145
2011-09-10 00:07:00+00:00,-341.355896
2011-09-10 00:08:00+00:00,-346.348907
2011-09-10 00:09:00+00:00,-353.409637
2011-09-10 00:10:00+00:00,-350.20871
2011-09-10 00:11:00+00:00,-323.536469
2011-09-10 00:12:00+00:00,-306.947845
2011-09-10 00:13:00+00:00,-306.518402
2011-09-10 00:14:00+00:00,-315.563843
2011-09-10 00:15:00+00:00,-328.484619
2011-09-10 00:16:00+00:00,-348.967468
2011-09-10 00:17:00+00:00,-353.492371
2011-09-10 00:18:00+00:00,-355.540283
2011-09-10 00:19:00+00:00,-359.755066
2011-09-10 00:20:00+00:00,-356.022888
2011-09-10 00:21:00+00:00,-346.707184
2011-09-10 00:22:00+00:00,-346.189911
2011-09-10 00:23:00+00:00,-358.668854
2011-09-10 00:24:00+00:00,-375.698486
2011-09-10 00:25:00+00:00,-383.492676
2011-09-10 00:26:00+00:00,-374.688202
2011-09-10 00:27:00+00:00,-361.499878
2011-09-10 00:28:00+00:00,-340.450256
2011-09-10 00:29:00+00:00,-330.558472
2011-09-10 00:30:00+00:00,-338.982056
2011-09-10 00:31:00+00:00,-376.394043
2011-09-10 00:32:00+00:00,-408.601562
2011-09-10 00:33:00+00:00,-431.707642
2011-09-10 00:34:00+00:00,-437.124359
2011-09-10 00:35:00+00:00,-436.147827
2011-09-10 00:36:00+00:00,-434.738922
2011-09-10 00:37:00+00:00,-419.130493
2011-09-10 00:38:00+00:00,-421.984283
2011-09-10 00:39:00+00:00,-427.095825
2011-09-10 00:40:00+00:00,-427.339661
2011-09-10 00:41:00+00:00,-419.796234
2011-09-10 00:42:00+00:00,-437.741577
2011-09-10 00:43:00+00:00,-464.050354
2011-09-10 00:44:00+00:00,-476.16864
2011-09-10 00:45:00+00:00,-486.475677
2011-09-10 00:46:00+00:00,-534.318665
2011-09-10 00:47:00+00:00,-533.736511
2011-09-10 00:48:00+00:00,-536.882568
2011-09-10 00:49:00+00:00,-533.420837
2011-09-10 00:50:00+00:00,-533.543701
2011-09-10 00:51:00+00:00,-550.53241
2011-09-10 00:52:00+00:00,-573.490845
2011-09-10 00:53:00+00:00,-567.6604
2011-09-10 00:54:00+00:00,-534.161621
2011-09-10 00:55:00+00:00,-532.81897
2011-09-10 00:56:00+00:00,-546.080872
2011-09-10 00:57:00+00:00,-555.673584
2011-09-10 00:58:00+00:00,-594.272949
2011-09-10 00:59:00+00:00,-593.204773
2011-09-10 01:00:00+00:00,-609.663635
2011-09-10 01:01:00+00:00,-639.660339
2011-09-10 01:02:00+00:00,-655.391724
2011-09-10 01:03:00+00:00,-675.802429
2011-09-10 01:04:00+00:00,-627.530945
2011-09-10 01:05:00+00:00,-619.733521
2011-09-10 01:06:00+00:00,-629.077698
2011-09-10 01:07:00+00:00,-650.322021
2011-09-10 01:08:00+00:00,-612.111389
2011-09-10 01:09:00+00:00,-559.315613
2011-09-10 01:10:00+00:00,-601.057861
2011-09-10 01:11:00+00:00,-668.50293
2011-09-10 01:12:00+00:00,-722.420166
2011-09-10 01:13:00+00:00,-770.733337
2011-09-10 01:14:00+00:00,-615.296692
2011-09-10 01:15:00+00:00,-659.854858
2011-09-10 01:16:00+00:00,-667.366394
2011-09-10 01:17:00+00:00,-711.039795
2011-09-10 01:18:00+00:00,-727.278809
2011-09-10 01:19:00+00:00,-779.110046
2011-09-10 01:20:00+00:00,-884.921448
2011-09-10 01:21:00+00:00,-1002.876953
2011-09-10 01:22:00+00:00,-1078.904785
2011-09-10 01:23:00+00:00,-1081.706787
2011-09-10 01:24:00+00:00,-1179.14502
2011-09-10 01:25:00+00:00,-1256.626221
2011-09-10 01:26:00+00:00,-1274.689087
2011-09-10 01:27:00+00:00,-1320.749634
2011-09-10 01:28:00+00:00,-1168.432007
2011-09-10 01:29:00+00:00,-967.337585
2011-09-10 01:30:00+00:00,-1041.756836
2011-09-10 01:31:00+00:00,-1087.437378
2011-09-10 01:32:00+00:00,-1022.566284
2011-09-10 01:33:00+00:00,-1129.308228
2011-09-10 01:34:00+00:00,-1012.113342
2011-09-10 01:35:00+00:00,-805.994934
2011-09-10 01:36:00+00:00,-806.410278
2011-09-10 01:37:00+00:00,-819.623901
2011-09-10 01:38:00+00:00,-808.044556
2011-09-10 01:39:00+00:00,-812.340698
2011-09-10 01:40:00+00:00,-959.760925
2011-09-10 01:41:00+00:00,-1099.472656
2011-09-10 01:42:00+00:00,-1126.677979
2011-09-10 01:43:00+00:00,-1011.43335
2011-09-10 01:44:00+00:00,-1009.239563
2011-09-10 01:45:00+00:00,-986.010498
2011-09-10 01:46:00+00:00,-972.655945
2011-09-10 01:47:00+00:00,-997.211182
2011-09-10 01:48:00+00:00,-1004.302368
2011-09-10 01:49:00+00:00,-999.736389
2011-09-10 01:50:00+00:00,-1029.683228
2011-09-10 01:51:00+00:00,-1016.681213
2011-09-10 01:52:00+00:00,-1037.584839
2011-09-10 01:53:00+00:00,-1004.419067
2011-09-10 01:54:00+00:00,-937.671204
2011-09-10 01:55:00+00:00,-919.582642
2011-09-10 01:56:00+00:00,-960.6828
2011-09-10 01:57:00+00:00,-976.295105
2011-09-10 01:58:00+00:00,-1012.160889
2011-09-10 01:59:00+00:00,-1006.984985
2011-09-10 02:00:00+00:00,-1122.268188
2011-09-10 02:01:00+00:00,-1063.138306
2011-09-10 02:02:00+00:00,-952.72052
2011-09-10 02:03:00+00:00,-1015.499756
2011-09-10 02:04:00+00:00,-1054.231445
2011-09-10 02:05:00+00:00,-1015.730042
2011-09-10 02:06:00+00:00,-1030.503662
2011-09-10 02:07:00+00:00,-998.380371
2011-09-10 02:08:00+00:00,-966.554077
2011-09-10 02:09:00+00:00,-977.366516
2011-09-10 02:10:00+00:00,-981.432068
2011-09-10 02:11:00+00:00,-978.388611
2011-09-10 02:12:00+00:00,-954.897461
2011-09-10 02:13:00+00:00,-1028.507446
2011-09-10 02:14:00+00:00,-1046.653809
2011-09-10 02:15:00+00:00,-1016.771667
2011-09-10 02:16:00+00:00,-977.305664
2011-09-10 02:17:00+00:00,-927.427795
2011-09-10 02:18:00+00:00,-858.057251
2011-09-10 02:19:00+00:00,-835.098022
2011-09-10 02:20:00+00:00,-842.042786
2011-09-10 02:21:00+00:00,-826.504639
2011-09-10 02:22:00+00:00,-829.495239
2011-09-10 02:23:00+00:00,-819.573425
2011-09-10 02:24:00+00:00,-796.746765
2011-09-10 02:25:00+00:00,-744.709839
2011-09-10 02:26:00+00:00,-697.224365
2011-09-10 02:27:00+00:00,-747.054749
2011-09-10 02:28:00+00:00,-735.940918
2011-09-10 02:29:00+00:00,-710.743713
2011-09-10 02:30:00+00:00,-641.870544
2011-09-10 02:31:00+00:00,-600.94281
2011-09-10 02:32:00+00:00,-615.582336
2011-09-10 02:33:00+00:00,-629.869324
2011-09-10 02:34:00+00:00,-606.23291
2011-09-10 02:35:00+00:00,-584.802673
2011-09-10 02:36:00+00:00,-618.109497
2011-09-10 02:37:00+00:00,-659.215149
2011-09-10 02:38:00+00:00,-654.69696
2011-09-10 02:39:00+00:00,-659.601074
2011-09-10 02:40:00+00:00,-668.331116
2011-09-10 02:41:00+00:00,-655.846313
2011-09-10 02:42:00+00:00,-659.158142
2011-09-10 02:43:00+00:00,-650.637634
2011-09-10 02:44:00+00:00,-675.099548
2011-09-10 02:45:00+00:00,-675.631836
2011-09-10 02:46:00+00:00,-685.052185
2011-09-10 02:47:00+00:00,-708.849365
2011-09-17 00:00:00+00:00,-27.396025
2011-09-17 00:01:00+00:00,-27.271914
2011-09-17 00:02:00+00:00,-28.565098
2011-09-17 00:03:00+00:00,-27.834694
2011-09-17 00:04:00+00:00,-27.672045
2011-09-17 00:05:00+00:00,-28.113808
2011-09-17 00:06:00+00:00,-28.935894
2011-09-17 00:07:00+00:00,-30.976133
2011-09-17 00:08:00+00:00,-31.396366
2011-09-17 00:09:00+00:00,-32.430428
2011-09-17 00:10:00+00:00,-31.970928
2011-09-17 00:11:00+00:00,-30.398277
2011-09-17 00:12:00+00:00,-29.256943
2011-09-17 00:13:00+00:00,-28.821863
2011-09-17 00:14:00+00:00,-28.969854
2011-09-17 00:15:00+00:00,-25.520132
2011-09-17 00:16:00+00:00,-22.892979
2011-09-17 00:17:00+00:00,-24.257866
2011-09-17 00:18:00+00:00,-27.159746
2011-09-17 00:19:00+00:00,-27.681664
2011-09-17 00:20:00+00:00,-24.919846
2011-09-17 00:21:00+00:00,-23.341122
2011-09-17 00:22:00+00:00,-23.524929
2011-09-17 00:23:00+00:00,-25.640141
2011-09-17 00:24:00+00:00,-28.007887
2011-09-17 00:25:00+00:00,-28.468536
2011-09-17 00:26:00+00:00,-28.042145
2011-09-17 00:27:00+00:00,-28.822496
2011-09-17 00:28:00+00:00,-31.500053
2011-09-17 00:29:00+00:00,-33.324215
2011-09-17 00:30:00+00:00,-33.692295
2011-09-17 00:31:00+00:00,-33.539463
2011-09-17 00:32:00+00:00,-34.800083
2011-09-17 00:33:00+00:00,-34.90239
2011-09-17 00:34:00+00:00,-33.845901
2011-09-17 00:35:00+00:00,-33.63308
2011-09-17 00:36:00+00:00,-35.165302
2011-09-17 00:37:00+00:00,-35.790562
2011-09-17 00:38:00+00:00,-35.906654
2011-09-17 00:39:00+00:00,-34.624767
2011-09-17 00:40:00+00:00,-31.941484
2011-09-17 00:41:00+00:00,-30.17128
2011-09-17 00:42:00+00:00,-30.177933
2011-09-17 00:43:00+00:00,-31.248077
2011-09-17 00:44:00+00:00,-33.241917
2011-09-17 00:45:00+00:00,-34.764767
2011-09-17 00:46:00+00:00,-33.111397
2011-09-17 00:47:00+00:00,-33.728119
2011-09-17 00:48:00+00:00,-35.808292
2011-09-17 00:49:00+00:00,-37.614635
2011-09-17 00:50:00+00:00,-38.433773
2011-09-17 00:51:00+00:00,-37.295021
2011-09-17 00:52:00+00:00,-35.883797
2011-09-17 00:53:00+00:00,-35.520222
2011-09-17 00:54:00+00:00,-35.701237
2011-09-17 00:55:00+00:00,-36.494083
2011-09-17 00:56:00+00:00,-39.054317
2011-09-17 00:57:00+00:00,-38.475792
2011-09-17 00:58:00+00:00,-44.970432
2011-09-17 00:59:00+00:00,-55.620319
2011-09-17 01:00:00+00:00,-57.766201
2011-09-17 01:01:00+00:00,-52.060291
2011-09-17 01:02:00+00:00,-51.038578
2011-09-17 01:03:00+00:00,-53.239174
2011-09-17 01:04:00+00:00,-53.022449
2011-09-17 01:05:00+00:00,-48.288826
2011-09-17 01:06:00+00:00,-42.701408
2011-09-17 01:07:00+00:00,-38.480904
2011-09-17 01:08:00+00:00,-35.532928
2011-09-17 01:09:00+00:00,-33.023903
2011-09-17 01:10:00+00:00,-30.275249
2011-09-17 01:11:00+00:00,-29.793825
2011-09-17 01:12:00+00:00,-29.656946
2011-09-17 01:13:00+00:00,-30.632521
2011-09-17 01:14:00+00:00,-31.103519
2011-09-17 01:15:00+00:00,-31.535133
2011-09-17 01:16:00+00:00,-31.269869
2011-09-17 01:17:00+00:00,-30.503778
2011-09-17 01:18:00+00:00,-29.815975
2011-09-17 01:19:00+00:00,-29.586349
2011-09-17 01:20:00+00:00,-29.599089
2011-09-17 01:21:00+00:00,-29.592484
2011-09-17 01:22:00+00:00,-29.903502
2011-09-17 01:23:00+00:00,-30.558437
2011-09-17 01:24:00+00:00,-31.179407
2011-09-17 01:25:00+00:00,-31.025209
2011-09-17 01:26:00+00:00,-30.674953
2011-09-17 01:27:00+00:00,-30.767323
2011-09-17 01:28:00+00:00,-30.855057
2011-09-17 01:29:00+00:00,-30.57205
2011-09-17 01:30:00+00:00,-30.175943
2011-09-17 01:31:00+00:00,-30.021284
2011-09-17 01:32:00+00:00,-30.168583
2011-09-17 01:33:00+00:00,-30.251629
2011-09-17 01:34:00+00:00,-30.235262
2011-09-17 01:35:00+00:00,-29.835302
2011-09-17 01:36:00+00:00,-29.205069
2011-09-17 01:37:00+00:00,-28.662085
2011-09-17 01:38:00+00:00,-28.044937
2011-09-17 01:39:00+00:00,-28.076416
2011-09-17 01:40:00+00:00,-28.41082
2011-09-17 01:41:00+00:00,-28.783495
2011-09-17 01:42:00+00:00,-28.387802
2011-09-17 01:43:00+00:00,-27.921003
2011-09-17 01:44:00+00:00,-28.520685
2011-09-17 01:45:00+00:00,-29.56118
2011-09-17 01:46:00+00:00,-29.646616
2011-09-17 01:47:00+00:00,-29.352171
2011-09-17 01:48:00+00:00,-28.995209
2011-09-17 01:49:00+00:00,-28.795929
2011-09-17 01:50:00+00:00,-27.298746
2011-09-17 01:51:00+00:00,-26.106182
2011-09-17 01:52:00+00:00,-25.444845
2011-09-17 01:53:00+00:00,-24.885391
2011-09-17 01:54:00+00:00,-24.568489
2011-09-17 01:55:00+00:00,-24.095419
2011-09-17 01:56:00+00:00,-24.243189
2011-09-17 01:57:00+00:00,-24.951843
2011-09-17 01:58:00+00:00,-25.479984
2011-09-17 01:59:00+00:00,-26.199839
2011-09-17 02:00:00+00:00,-26.506348
2011-09-17 02:01:00+00:00,-25.985241
2011-09-17 02:02:00+00:00,-25.586439
2011-09-17 02:03:00+00:00,-25.844086
2011-09-17 02:04:00+00:00,-25.79184
2011-09-17 02:05:00+00:00,-25.695292
2011-09-17 02:06:00+00:00,-25.589079
2011-09-17 02:07:00+00:00,-25.730543
2011-09-17 02:08:00+00:00,-24.770424
2011-09-17 02:09:00+00:00,-25.311768
2011-09-17 02:10:00+00:00,-25.890186
2011-09-17 02:11:00+00:00,-26.652128
2011-09-17 02:12:00+00:00,-26.752348
2011-09-17 02:13:00+00:00,-26.939346
2011-09-17 02:14:00+00:00,-27.714588
2011-09-17 02:15:00+00:00,-28.169273
2011-09-17 02:16:00+00:00,-28.334171
2011-09-17 02:17:00+00:00,-28.823994
2011-09-17 02:18:00+00:00,-28.928259
2011-09-17 02:19:00+00:00,-28.224081
2011-09-17 02:20:00+00:00,-27.458498
2011-09-17 02:21:00+00:00,-27.317999
2011-09-17 02:22:00+00:00,-28.148207
2011-09-17 02:23:00+00:00,-28.785105
2011-09-17 02:24:00+00:00,-29.709095
2011-09-17 02:25:00+00:00,-30.061747
2011-09-17 02:26:00+00:00,-30.34107
2011-09-17 02:27:00+00:00,-30.563148
2011-09-17 02:28:00+00:00,-30.432047
2011-09-17 02:29:00+00:00,-31.003233
2011-09-17 02:30:00+00:00,-31.685186
2011-09-17 02:31:00+00:00,-31.801785
2011-09-17 02:32:00+00:00,-30.04323
2011-09-17 02:33:00+00:00,-28.837231
2011-09-17 02:34:00+00:00,-28.237469
2011-09-17 02:35:00+00:00,-28.695576
2011-09-17 02:36:00+00:00,-29.420019
2011-09-17 02:37:00+00:00,-28.855364
2011-09-17 02:38:00+00:00,-27.337975
2011-09-17 02:39:00+00:00,-26.373949
2011-09-17 02:40:00+00:00,-25.117065
2011-09-17 02:41:00+00:00,-24.663979
2011-09-17 02:42:00+00:00,-24.192667
2011-09-17 02:43:00+00:00,-24.178856
2011-09-17 02:44:00+00:00,-23.637049
2011-09-17 02:45:00+00:00,-23.042076
2011-09-17 02:46:00+00:00,-22.739994
2011-09-17 02:47:00+00:00,-22.443672
2011-09-24 00:00:00+00:00,-30.335222
2011-09-24 00:01:00+00:00,-30.347589
2011-09-24 00:02:00+00:00,-30.025272
2011-09-24 00:03:00+00:00,-29.608494
2011-09-24 00:04:00+00:00,-29.290598
2011-09-24 00:05:00+00:00,-29.300095
2011-09-24 00:06:00+00:00,-29.570738
2011-09-24 00:07:00+00:00,-29.886354
2011-09-24 00:08:00+00:00,-30.304718
2011-09-24 00:09:00+00:00,-31.23988
2011-09-24 00:10:00+00:00,-31.47015
2011-09-24 00:11:00+00:00,-31.018953
2011-09-24 00:12:00+00:00,-30.618702
2011-09-24 00:13:00+00:00,-30.678566
2011-09-24 00:14:00+00:00,-31.437027
2011-09-24 00:15:00+00:00,-31.775486
2011-09-24 00:16:00+00:00,-31.907034
2011-09-24 00:17:00+00:00,-32.199821
2011-09-24 00:18:00+00:00,-32.486847
2011-09-24 00:19:00+00:00,-31.674349
2011-09-24 00:20:00+00:00,-30.990831
2011-09-24 00:21:00+00:00,-31.103512
2011-09-24 00:22:00+00:00,-31.044136
2011-09-24 00:23:00+00:00,-31.011169
2011-09-24 00:24:00+00:00,-31.342489
2011-09-24 00:25:00+00:00,-31.414064
2011-09-24 00:26:00+00:00,-30.966114
2011-09-24 00:27:00+00:00,-30.839451
2011-09-24 00:28:00+00:00,-30.751837
2011-09-24 00:29:00+00:00,-30.148809
2011-09-24 00:30:00+00:00,-29.606052
2011-09-24 00:31:00+00:00,-29.689285
2011-09-24 00:32:00+00:00,-30.721798
2011-09-24 00:33:00+00:00,-31.126444
2011-09-24 00:34:00+00:00,-30.662985
2011-09-24 00:35:00+00:00,-30.259161
2011-09-24 00:36:00+00:00,-29.579277
2011-09-24 00:37:00+00:00,-28.565228
2011-09-24 00:38:00+00:00,-28.201632
2011-09-24 00:39:00+00:00,-29.097864
2011-09-24 00:40:00+00:00,-30.424824
2011-09-24 00:41:00+00:00,-31.180559
2011-09-24 00:42:00+00:00,-31.716633
2011-09-24 00:43:00+00:00,-31.408043
2011-09-24 00:44:00+00:00,-30.962086
2011-09-24 00:45:00+00:00,-30.438784
2011-09-24 00:46:00+00:00,-30.188986
2011-09-24 00:47:00+00:00,-30.418745
2011-09-24 00:48:00+00:00,-31.002085
2011-09-24 00:49:00+00:00,-31.60014
2011-09-24 00:50:00+00:00,-32.358418
2011-09-24 00:51:00+00:00,-33.172703
2011-09-24 00:52:00+00:00,-32.85006
2011-09-24 00:53:00+00:00,-32.638817
2011-09-24 00:54:00+00:00,-33.195217
2011-09-24 00:55:00+00:00,-33.602268
2011-09-24 00:56:00+00:00,-33.797478
2011-09-24 00:57:00+00:00,-34.252518
2011-09-24 00:58:00+00:00,-34.33556
2011-09-24 00:59:00+00:00,-34.102554
2011-09-24 01:00:00+00:00,-34.047062
2011-09-24 01:01:00+00:00,-33.579502
2011-09-24 01:02:00+00:00,-33.293606
2011-09-24 01:03:00+00:00,-33.11808
2011-09-24 01:04:00+00:00,-32.803917
2011-09-24 01:05:00+00:00,-32.695843
2011-09-24 01:06:00+00:00,-32.486546
2011-09-24 01:07:00+00:00,-32.553364
2011-09-24 01:08:00+00:00,-32.620232
2011-09-24 01:09:00+00:00,-32.854149
2011-09-24 01:10:00+00:00,-32.770744
2011-09-24 01:11:00+00:00,-32.700104
2011-09-24 01:12:00+00:00,-32.074844
2011-09-24 01:13:00+00:00,-31.484821
2011-09-24 01:14:00+00:00,-31.388359
2011-09-24 01:15:00+00:00,-31.119797
2011-09-24 01:16:00+00:00,-31.031992
2011-09-24 01:17:00+00:00,-30.948193
2011-09-24 01:18:00+00:00,-30.864496
2011-09-24 01:19:00+00:00,-30.935205
2011-09-24 01:20:00+00:00,-30.859545
2011-09-24 01:21:00+00:00,-30.741371
2011-09-24 01:22:00+00:00,-30.414003
2011-09-24 01:23:00+00:00,-30.076025
2011-09-24 01:24:00+00:00,-29.870995
2011-09-24 01:25:00+00:00,-29.913174
2011-09-24 01:26:00+00:00,-30.148859
2011-09-24 01:27:00+00:00,-30.576101
2011-09-24 01:28:00+00:00,-30.654865
2011-09-24 01:29:00+00:00,-30.45389
2011-09-24 01:30:00+00:00,-30.22537
2011-09-24 01:31:00+00:00,-29.799726
2011-09-24 01:32:00+00:00,-29.951349
2011-09-24 01:33:00+00:00,-30.579649
2011-09-24 01:34:00+00:00,-31.373104
2011-09-24 01:35:00+00:00,-32.093437
2011-09-24 01:36:00+00:00,-32.326
2011-09-24 01:37:00+00:00,-32.158875
2011-09-24 01:38:00+00:00,-31.861984
2011-09-24 01:39:00+00:00,-31.694118
2011-09-24 01:40:00+00:00,-31.782232
2011-09-24 01:41:00+00:00,-31.933941
2011-09-24 01:42:00+00:00,-32.284988
2011-09-24 01:43:00+00:00,-32.569748
2011-09-24 01:44:00+00:00,-32.560131
2011-09-24 01:45:00+00:00,-32.378342
2011-09-24 01:46:00+00:00,-32.214249
2011-09-24 01:47:00+00:00,-32.391098
2011-09-24 01:48:00+00:00,-32.616898
2011-09-24 01:49:00+00:00,-32.704147
2011-09-24 01:50:00+00:00,-32.87355
2011-09-24 01:51:00+00:00,-33.040596
2011-09-24 01:52:00+00:00,-33.009079
2011-09-24 01:53:00+00:00,-33.127094
2011-09-24 01:54:00+00:00,-33.196411
2011-09-24 01:55:00+00:00,-33.194557
2011-09-24 01:56:00+00:00,-32.867638
2011-09-24 01:57:00+00:00,-32.785957
2011-09-24 01:58:00+00:00,-32.606747
2011-09-24 01:59:00+00:00,-32.202557
2011-09-24 02:00:00+00:00,-32.1945
2011-09-24 02:01:00+00:00,-32.507919
2011-09-24 02:02:00+00:00,-33.006145
2011-09-24 02:03:00+00:00,-32.619831
2011-09-24 02:04:00+00:00,-32.599941
2011-09-24 02:05:00+00:00,-32.344894
2011-09-24 02:06:00+00:00,-31.866924
2011-09-24 02:07:00+00:00,-31.334898
2011-09-24 02:08:00+00:00,-31.415339
2011-09-24 02:09:00+00:00,-31.866043
2011-09-24 02:10:00+00:00,-31.955555
2011-09-24 02:11:00+00:00,-31.886988
2011-09-24 02:12:00+00:00,-31.714037
2011-09-24 02:13:00+00:00,-31.574387
2011-09-24 02:14:00+00:00,-31.379705
2011-09-24 02:15:00+00:00,-31.240213
2011-09-24 02:16:00+00:00,-31.273632
2011-09-24 02:17:00+00:00,-31.488739
2011-09-24 02:18:00+00:00,-31.642355
2011-09-24 02:19:00+00:00,-31.504978
2011-09-24 02:20:00+00:00,-31.471125
2011-09-24 02:21:00+00:00,-31.349932
2011-09-24 02:22:00+00:00,-31.512346
2011-09-24 02:23:00+00:00,-31.929615
2011-09-24 02:24:00+00:00,-31.837074
2011-09-24 02:25:00+00:00,-31.503269
2011-09-24 02:26:00+00:00,-31.642054
2011-09-24 02:27:00+00:00,-31.707516
2011-09-24 02:28:00+00:00,-31.324642
2011-09-24 02:29:00+00:00,-31.31525
2011-09-24 02:30:00+00:00,-31.837423
2011-09-24 02:31:00+00:00,-31.774679
2011-09-24 02:32:00+00:00,-31.35957
2011-09-24 02:33:00+00:00,-31.786413
2011-09-24 02:34:00+00:00,-32.161636
2011-09-24 02:35:00+00:00,-31.679554
2011-09-24 02:36:00+00:00,-31.299688
2011-09-24 02:37:00+00:00,-31.477936
2011-09-24 02:38:00+00:00,-31.624012
2011-09-24 02:39:00+00:00,-31.505476
2011-09-24 02:40:00+00:00,-31.487541
2011-09-24 02:41:00+00:00,-31.760618
2011-09-24 02:42:00+00:00,-31.761211
2011-09-24 02:43:00+00:00,-31.641642
2011-09-24 02:44:00+00:00,-31.516708
2011-09-24 02:45:00+00:00,-31.276871
2011-09-24 02:46:00+00:00,-31.295719
2011-09-24 02:47:00+00:00,-31.247059
2011-10-01 00:00:00+00:00,-421.951935
2011-10-01 00:01:00+00:00,-414.365387
2011-10-01 00:02:00+00:00,-424.312164
2011-10-01 00:03:00+00:00,-416.86261
2011-10-01 00:04:00+00:00,-418.572266
2011-10-01 00:05:00+00:00,-447.247284
2011-10-01 00:06:00+00:00,-480.329681
2011-10-01 00:07:00+00:00,-518.366516
2011-10-01 00:08:00+00:00,-558.139343
2011-10-01 00:09:00+00:00,-572.091858
2011-10-01 00:10:00+00:00,-639.815063
2011-10-01 00:11:00+00:00,-714.959106
2011-10-01 00:12:00+00:00,-719.606873
2011-10-01 00:13:00+00:00,-761.209351
2011-10-01 00:14:00+00:00,-766.605896
2011-10-01 00:15:00+00:00,-753.430969
2011-10-01 00:16:00+00:00,-729.701599
2011-10-01 00:17:00+00:00,-721.739868
2011-10-01 00:18:00+00:00,-737.676453
2011-10-01 00:19:00+00:00,-787.390137
2011-10-01 00:20:00+00:00,-796.358337
2011-10-01 00:21:00+00:00,-709.781616
2011-10-01 00:22:00+00:00,-671.326721
2011-10-01 00:23:00+00:00,-678.554321
2011-10-01 00:24:00+00:00,-677.041321
2011-10-01 00:25:00+00:00,-711.149841
2011-10-01 00:26:00+00:00,-765.224304
2011-10-01 00:27:00+00:00,-764.449646
2011-10-01 00:28:00+00:00,-729.021484
2011-10-01 00:29:00+00:00,-731.328735
2011-10-01 00:30:00+00:00,-704.304199
2011-10-01 00:31:00+00:00,-695.695496
2011-10-01 00:32:00+00:00,-686.665833
2011-10-01 00:33:00+00:00,-780.608093
2011-10-01 00:34:00+00:00,-843.115234
2011-10-01 00:35:00+00:00,-771.029663
2011-10-01 00:36:00+00:00,-734.992371
2011-10-01 00:37:00+00:00,-743.154419
2011-10-01 00:38:00+00:00,-736.546753
2011-10-01 00:39:00+00:00,-740.552185
2011-10-01 00:40:00+00:00,-712.771179
2011-10-01 00:41:00+00:00,-692.131531
2011-10-01 00:42:00+00:00,-651.030579
2011-10-01 00:43:00+00:00,-621.395142
2011-10-01 00:44:00+00:00,-597.959412
2011-10-01 00:45:00+00:00,-601.073975
2011-10-01 00:46:00+00:00,-597.731995
2011-10-01 00:47:00+00:00,-614.401184
2011-10-01 00:48:00+00:00,-563.705139
2011-10-01 00:49:00+00:00,-560.23584
2011-10-01 00:50:00+00:00,-628.286072
2011-10-01 00:51:00+00:00,-586.146729
2011-10-01 00:52:00+00:00,-477.098175
2011-10-01 00:53:00+00:00,-482.287659
2011-10-01 00:54:00+00:00,-487.994324
2011-10-01 00:55:00+00:00,-503.09198
2011-10-01 00:56:00+00:00,-478.028503
2011-10-01 00:57:00+00:00,-478.402466
2011-10-01 00:58:00+00:00,-491.059418
2011-10-01 00:59:00+00:00,-464.417603
2011-10-01 01:00:00+00:00,-444.312988
2011-10-01 01:01:00+00:00,-455.485382
2011-10-01 01:02:00+00:00,-460.762085
2011-10-01 01:03:00+00:00,-444.309723
2011-10-01 01:04:00+00:00,-457.042847
2011-10-01 01:05:00+00:00,-489.556824
2011-10-01 01:06:00+00:00,-484.766357
2011-10-01 01:07:00+00:00,-478.448334
2011-10-01 01:08:00+00:00,-441.506653
2011-10-01 01:09:00+00:00,-435.202087
2011-10-01 01:10:00+00:00,-433.660492
2011-10-01 01:11:00+00:00,-434.754913
2011-10-01 01:12:00+00:00,-428.388489
2011-10-01 01:13:00+00:00,-434.435516
2011-10-01 01:14:00+00:00,-429.817291
2011-10-01 01:15:00+00:00,-420.037231
2011-10-01 01:16:00+00:00,-420.818695
2011-10-01 01:17:00+00:00,-386.278534
2011-10-01 01:18:00+00:00,-380.204041
2011-10-01 01:19:00+00:00,-377.595398
2011-10-01 01:20:00+00:00,-374.148956
2011-10-01 01:21:00+00:00,-380.628143
2011-10-01 01:22:00+00:00,-401.658356
2011-10-01 01:23:00+00:00,-398.202332
2011-10-01 01:24:00+00:00,-380.57251
2011-10-01 01:25:00+00:00,-350.885132
2011-10-01 01:26:00+00:00,-347.93808
2011-10-01 01:27:00+00:00,-335.990082
2011-10-01 01:28:00+00:00,-329.24527
2011-10-01 01:29:00+00:00,-316.607758
2011-10-01 01:30:00+00:00,-272.737122
2011-10-01 01:31:00+00:00,-233.133072
2011-10-01 01:32:00+00:00,-249.290756
2011-10-01 01:33:00+00:00,-270.28714
2011-10-01 01:34:00+00:00,-299.434937
2011-10-01 01:35:00+00:00,-282.720398
2011-10-01 01:36:00+00:00,-238.134583
2011-10-01 01:37:00+00:00,-197.524567
2011-10-01 01:38:00+00:00,-183.046402
2011-10-01 01:39:00+00:00,-190.939362
2011-10-01 01:40:00+00:00,-201.269882
2011-10-01 01:41:00+00:00,-194.192245
2011-10-01 01:42:00+00:00,-168.256302
2011-10-01 01:43:00+00:00,-130.562683
2011-10-01 01:44:00+00:00,-140.330322
2011-10-01 01:45:00+00:00,-153.333435
2011-10-01 01:46:00+00:00,-139.881119
2011-10-01 01:47:00+00:00,-113.779907
2011-10-01 01:48:00+00:00,-99.934822
2011-10-01 01:49:00+00:00,-102.65773
2011-10-01 01:50:00+00:00,-107.991592
2011-10-01 01:51:00+00:00,-92.156555
2011-10-01 01:52:00+00:00,-76.984207
2011-10-01 01:53:00+00:00,-86.908035
2011-10-01 01:54:00+00:00,-105.350922
2011-10-01 01:55:00+00:00,-112.728882
2011-10-01 01:56:00+00:00,-113.231377
2011-10-01 01:57:00+00:00,-119.305672
2011-10-01 01:58:00+00:00,-105.796494
2011-10-01 01:59:00+00:00,-70.744141
2011-10-01 02:00:00+00:00,-67.132545
2011-10-01 02:01:00+00:00,-119.824356
2011-10-01 02:02:00+00:00,-95.757942
2011-10-01 02:03:00+00:00,-70.93972
2011-10-01 02:04:00+00:00,-57.764297
2011-10-01 02:05:00+00:00,-63.148399
2011-10-01 02:06:00+00:00,-54.981224
2011-10-01 02:07:00+00:00,-45.058128
2011-10-01 02:08:00+00:00,-40.606327
2011-10-01 02:09:00+00:00,-36.732746
2011-10-01 02:10:00+00:00,-34.592579
2011-10-01 02:11:00+00:00,-35.228596
2011-10-01 02:12:00+00:00,-31.70006
2011-10-01 02:13:00+00:00,-32.586555
2011-10-01 02:14:00+00:00,-36.248219
2011-10-01 02:15:00+00:00,-38.219177
2011-10-01 02:16:00+00:00,-34.827339
2011-10-01 02:17:00+00:00,-30.293894
2011-10-01 02:18:00+00:00,-32.695747
2011-10-01 02:19:00+00:00,-43.625008
2011-10-01 02:20:00+00:00,-33.045929
2011-10-01 02:21:00+00:00,-29.23831
2011-10-01 02:22:00+00:00,-29.40176
2011-10-01 02:23:00+00:00,-36.20488
2011-10-01 02:24:00+00:00,-32.399094
2011-10-01 02:25:00+00:00,-24.518602
2011-10-01 02:26:00+00:00,-21.970924
2011-10-01 02:27:00+00:00,-21.599312
2011-10-01 02:28:00+00:00,-29.694906
2011-10-01 02:29:00+00:00,-40.141071
2011-10-01 02:30:00+00:00,-39.774231
2011-10-01 02:31:00+00:00,-42.54266
2011-10-01 02:32:00+00:00,-42.172077
2011-10-01 02:33:00+00:00,-29.181122
2011-10-01 02:34:00+00:00,-30.684725
2011-10-01 02:35:00+00:00,-30.329649
2011-10-01 02:36:00+00:00,-39.400951
2011-10-01 02:37:00+00:00,-47.659359
2011-10-01 02:38:00+00:00,-41.625362
2011-10-01 02:39:00+00:00,-36.205193
2011-10-01 02:40:00+00:00,-36.469158
2011-10-01 02:41:00+00:00,-42.45533
2011-10-01 02:42:00+00:00,-47.229122
2011-10-01 02:43:00+00:00,-63.816895
2011-10-01 02:44:00+00:00,-73.008804
2011-10-01 02:45:00+00:00,-75.929581
2011-10-01 02:46:00+00:00,-75.769775
2011-10-01 02:47:00+00:00,-72.666077
2011-10-08 00:00:00+00:00,-280.207306
2011-10-08 00:01:00+00:00,-272.609161
2011-10-08 00:02:00+00:00,-246.086609
2011-10-08 00:03:00+00:00,-177.539993
2011-10-08 00:04:00+00:00,-169.042526
2011-10-08 00:05:00+00:00,-194.051224
2011-10-08 00:06:00+00:00,-180.637985
2011-10-08 00:07:00+00:00,-159.13118
2011-10-08 00:08:00+00:00,-180.746857
2011-10-08 00:09:00+00:00,-222.337036
2011-10-08 00:10:00+00:00,-199.919128
2011-10-08 00:11:00+00:00,-202.715744
2011-10-08 00:12:00+00:00,-219.094009
2011-10-08 00:13:00+00:00,-182.318527
2011-10-08 00:14:00+00:00,-208.106628
2011-10-08 00:15:00+00:00,-283.827454
2011-10-08 00:16:00+00:00,-219.13028
2011-10-08 00:17:00+00:00,-175.65274
2011-10-08 00:18:00+00:00,-159.050186
2011-10-08 00:19:00+00:00,-117.782722
2011-10-08 00:20:00+00:00,-124.916527
2011-10-08 00:21:00+00:00,-104.968689
2011-10-08 00:22:00+00:00,-112.442863
2011-10-08 00:23:00+00:00,-117.21228
2011-10-08 00:24:00+00:00,-106.861137
2011-10-08 00:25:00+00:00,-126.772583
2011-10-08 00:26:00+00:00,-98.630173
2011-10-08 00:27:00+00:00,-90.126221
2011-10-08 00:28:00+00:00,-99.023369
2011-10-08 00:29:00+00:00,-105.357887
2011-10-08 00:30:00+00:00,-97.254341
2011-10-08 00:31:00+00:00,-73.016098
2011-10-08 00:32:00+00:00,-70.711922
2011-10-08 00:33:00+00:00,-72.87986
2011-10-08 00:34:00+00:00,-63.793301
2011-10-08 00:35:00+00:00,-77.310608
2011-10-08 00:36:00+00:00,-74.740578
2011-10-08 00:37:00+00:00,-70.952812
2011-10-08 00:38:00+00:00,-85.299072
2011-10-08 00:39:00+00:00,-67.349625
2011-10-08 00:40:00+00:00,-82.761665
2011-10-08 00:41:00+00:00,-87.957016
2011-10-08 00:42:00+00:00,-69.417099
2011-10-08 00:43:00+00:00,-84.077408
2011-10-08 00:44:00+00:00,-73.534851
2011-10-08 00:45:00+00:00,-46.789585
2011-10-08 00:46:00+00:00,-32.277977
2011-10-08 00:47:00+00:00,-33.134483
2011-10-08 00:48:00+00:00,-38.002827
2011-10-08 00:49:00+00:00,-44.548637
2011-10-08 00:50:00+00:00,-53.386932
2011-10-08 00:51:00+00:00,-54.7239
2011-10-08 00:52:00+00:00,-48.299088
2011-10-08 00:53:00+00:00,-50.185925
2011-10-08 00:54:00+00:00,-64.108902
2011-10-08 00:55:00+00:00,-66.948761
2011-10-08 00:56:00+00:00,-72.083305
2011-10-08 00:57:00+00:00,-79.540741
2011-10-08 00:58:00+00:00,-80.691063
2011-10-08 00:59:00+00:00,-78.516312
2011-10-08 01:00:00+00:00,-67.909393
2011-10-08 01:01:00+00:00,-63.831978
2011-10-08 01:02:00+00:00,-67.617905
2011-10-08 01:03:00+00:00,-71.006371
2011-10-08 01:04:00+00:00,-87.732651
2011-10-08 01:05:00+00:00,-101.320091
2011-10-08 01:06:00+00:00,-87.505417
2011-10-08 01:07:00+00:00,-71.54248
2011-10-08 01:08:00+00:00,-59.690605
2011-10-08 01:09:00+00:00,-59.254761
2011-10-08 01:10:00+00:00,-59.835266
2011-10-08 01:11:00+00:00,-49.463509
2011-10-08 01:12:00+00:00,-51.852406
2011-10-08 01:13:00+00:00,-59.289371
2011-10-08 01:14:00+00:00,-65.64817
2011-10-08 01:15:00+00:00,-72.550583
2011-10-08 01:16:00+00:00,-72.618736
2011-10-08 01:17:00+00:00,-60.643627
2011-10-08 01:18:00+00:00,-48.808849
2011-10-08 01:19:00+00:00,-48.61644
2011-10-08 01:20:00+00:00,-49.775436
2011-10-08 01:21:00+00:00,-53.286221
2011-10-08 01:22:00+00:00,-66.795868
2011-10-08 01:23:00+00:00,-72.166313
2011-10-08 01:24:00+00:00,-70.372093
2011-10-08 01:25:00+00:00,-68.382843
2011-10-08 01:26:00+00:00,-64.879173
2011-10-08 01:27:00+00:00,-57.730133
2011-10-08 01:28:00+00:00,-65.678085
2011-10-08 01:29:00+00:00,-71.540009
2011-10-08 01:30:00+00:00,-76.538124
2011-10-08 01:31:00+00:00,-71.487091
2011-10-08 01:32:00+00:00,-55.180737
2011-10-08 01:33:00+00:00,-48.649754
2011-10-08 01:34:00+00:00,-46.429764
2011-10-08 01:35:00+00:00,-47.291298
2011-10-08 01:36:00+00:00,-46.101978
2011-10-08 01:37:00+00:00,-45.503502
2011-10-08 01:38:00+00:00,-46.018841
2011-10-08 01:39:00+00:00,-45.286686
2011-10-08 01:40:00+00:00,-62.175011
2011-10-08 01:41:00+00:00,-45.712742
2011-10-08 01:42:00+00:00,-45.634777
2011-10-08 01:43:00+00:00,-51.680492
2011-10-08 01:44:00+00:00,-51.364849
2011-10-08 01:45:00+00:00,-46.400414
2011-10-08 01:46:00+00:00,-45.794037
2011-10-08 01:47:00+00:00,-45.397907
2011-10-08 01:48:00+00:00,-49.77166
2011-10-08 01:49:00+00:00,-48.525574
2011-10-08 01:50:00+00:00,-41.80257
2011-10-08 01:51:00+00:00,-37.109219
2011-10-08 01:52:00+00:00,-35.332367
2011-10-08 01:53:00+00:00,-34.871803
2011-10-08 01:54:00+00:00,-35.573246
2011-10-08 01:55:00+00:00,-38.174999
2011-10-08 01:56:00+00:00,-41.890949
2011-10-08 01:57:00+00:00,-43.866627
2011-10-08 01:58:00+00:00,-44.012211
2011-10-08 01:59:00+00:00,-42.203613
2011-10-08 02:00:00+00:00,-39.148003
2011-10-08 02:01:00+00:00,-34.997883
2011-10-08 02:02:00+00:00,-35.266438
2011-10-08 02:03:00+00:00,-32.849079
2011-10-08 02:04:00+00:00,-31.144047
2011-10-08 02:05:00+00:00,-27.604504
2011-10-08 02:06:00+00:00,-28.575462
2011-10-08 02:07:00+00:00,-30.418091
2011-10-08 02:08:00+00:00,-30.38125
2011-10-08 02:09:00+00:00,-34.453342
2011-10-08 02:10:00+00:00,-38.005196
2011-10-08 02:11:00+00:00,-38.367516
2011-10-08 02:12:00+00:00,-36.037384
2011-10-08 02:13:00+00:00,-32.070473
2011-10-08 02:14:00+00:00,-32.431519
2011-10-08 02:15:00+00:00,-32.656609
2011-10-08 02:16:00+00:00,-34.005756
2011-10-08 02:17:00+00:00,-35.934643
2011-10-08 02:18:00+00:00,-38.457077
2011-10-08 02:19:00+00:00,-41.072216
2011-10-08 02:20:00+00:00,-43.389565
2011-10-08 02:21:00+00:00,-47.539326
2011-10-08 02:22:00+00:00,-48.173813
2011-10-08 02:23:00+00:00,-52.390114
2011-10-08 02:24:00+00:00,-51.540775
2011-10-08 02:25:00+00:00,-68.958801
2011-10-08 02:26:00+00:00,-72.458649
2011-10-08 02:27:00+00:00,-45.513958
2011-10-08 02:28:00+00:00,-41.711723
2011-10-08 02:29:00+00:00,-42.343525
2011-10-08 02:30:00+00:00,-43.025173
2011-10-08 02:31:00+00:00,-48.709515
2011-10-08 02:32:00+00:00,-54.190746
2011-10-08 02:33:00+00:00,-68.946251
2011-10-08 02:34:00+00:00,-76.418495
2011-10-08 02:35:00+00:00,-65.577217
2011-10-08 02:36:00+00:00,-58.740688
2011-10-08 02:37:00+00:00,-66.206978
2011-10-08 02:38:00+00:00,-71.532639
2011-10-08 02:39:00+00:00,-69.890533
2011-10-08 02:40:00+00:00,-77.448654
2011-10-08 02:41:00+00:00,-74.347633
2011-10-08 02:42:00+00:00,-59.630455
2011-10-08 02:43:00+00:00,-53.339123
2011-10-08 02:44:00+00:00,-62.814384
2011-10-08 02:45:00+00:00,-93.47831
2011-10-08 02:46:00+00:00,-129.421646
2011-10-08 02:47:00+00:00,-171.7323
2011-10-15 00:00:00+00:00,-24.997368
2011-10-15 00:01:00+00:00,-25.565178
2011-10-15 00:02:00+00:00,-25.78726
2011-10-15 00:03:00+00:00,-26.073761
2011-10-15 00:04:00+00:00,-26.553579
2011-10-15 00:05:00+00:00,-26.483547
2011-10-15 00:06:00+00:00,-25.897266
2011-10-15 00:07:00+00:00,-24.889616
2011-10-15 00:08:00+00:00,-24.689514
2011-10-15 00:09:00+00:00,-25.912188
2011-10-15 00:10:00+00:00,-25.888685
2011-10-15 00:11:00+00:00,-24.847513
2011-10-15 00:12:00+00:00,-24.311129
2011-10-15 00:13:00+00:00,-24.902569
2011-10-15 00:14:00+00:00,-25.818504
2011-10-15 00:15:00+00:00,-26.101118
2011-10-15 00:16:00+00:00,-26.492004
2011-10-15 00:17:00+00:00,-27.195261
2011-10-15 00:18:00+00:00,-28.271423
2011-10-15 00:19:00+00:00,-27.479275
2011-10-15 00:20:00+00:00,-26.951622
2011-10-15 00:21:00+00:00,-26.447601
2011-10-15 00:22:00+00:00,-27.342468
2011-10-15 00:23:00+00:00,-27.559423
2011-10-15 00:24:00+00:00,-27.99983
2011-10-15 00:25:00+00:00,-29.073837
2011-10-15 00:26:00+00:00,-26.435736
2011-10-15 00:27:00+00:00,-25.291571
2011-10-15 00:28:00+00:00,-23.920633
2011-10-15 00:29:00+00:00,-22.702133
2011-10-15 00:30:00+00:00,-21.370787
2011-10-15 00:31:00+00:00,-19.859694
2011-10-15 00:32:00+00:00,-18.297894
2011-10-15 00:33:00+00:00,-17.328917
2011-10-15 00:34:00+00:00,-16.333595
2011-10-15 00:35:00+00:00,-15.759168
2011-10-15 00:36:00+00:00,-16.268476
2011-10-15 00:37:00+00:00,-18.214714
2011-10-15 00:38:00+00:00,-19.268528
2011-10-15 00:39:00+00:00,-18.948511
2011-10-15 00:40:00+00:00,-21.09259
2011-10-15 00:41:00+00:00,-21.377806
2011-10-15 00:42:00+00:00,-25.38369
2011-10-15 00:43:00+00:00,-26.964001
2011-10-15 00:44:00+00:00,-27.284184
2011-10-15 00:45:00+00:00,-28.584688
2011-10-15 00:46:00+00:00,-32.184277
2011-10-15 00:47:00+00:00,-31.576124
2011-10-15 00:48:00+00:00,-32.393059
2011-10-15 00:49:00+00:00,-30.892912
2011-10-15 00:50:00+00:00,-31.825693
2011-10-15 00:51:00+00:00,-35.414528
2011-10-15 00:52:00+00:00,-36.749355
2011-10-15 00:53:00+00:00,-35.298409
2011-10-15 00:54:00+00:00,-34.536312
2011-10-15 00:55:00+00:00,-36.836128
2011-10-15 00:56:00+00:00,-41.764275
2011-10-15 00:57:00+00:00,-48.270966
2011-10-15 00:58:00+00:00,-52.148201
2011-10-15 00:59:00+00:00,-52.839909
2011-10-15 01:00:00+00:00,-55.002251
2011-10-15 01:01:00+00:00,-57.204033
2011-10-15 01:02:00+00:00,-56.014511
2011-10-15 01:03:00+00:00,-52.920021
2011-10-15 01:04:00+00:00,-50.298492
2011-10-15 01:05:00+00:00,-50.131954
2011-10-15 01:06:00+00:00,-48.693993
2011-10-15 01:07:00+00:00,-42.918816
2011-10-15 01:08:00+00:00,-41.687222
2011-10-15 01:09:00+00:00,-41.329971
2011-10-15 01:10:00+00:00,-41.665432
2011-10-15 01:11:00+00:00,-48.216061
2011-10-15 01:12:00+00:00,-50.15667
2011-10-15 01:13:00+00:00,-52.892532
2011-10-15 01:14:00+00:00,-49.347198
2011-10-15 01:15:00+00:00,-51.894299
2011-10-15 01:16:00+00:00,-55.664448
2011-10-15 01:17:00+00:00,-61.870941
2011-10-15 01:18:00+00:00,-62.478157
2011-10-15 01:19:00+00:00,-71.107231
2011-10-15 01:20:00+00:00,-63.678314
2011-10-15 01:21:00+00:00,-66.808022
2011-10-15 01:22:00+00:00,-68.937683
2011-10-15 01:23:00+00:00,-75.395828
2011-10-15 01:24:00+00:00,-80.568214
2011-10-15 01:25:00+00:00,-85.709717
2011-10-15 01:26:00+00:00,-94.276405
2011-10-15 01:27:00+00:00,-91.703819
2011-10-15 01:28:00+00:00,-94.809349
2011-10-15 01:29:00+00:00,-95.163185
2011-10-15 01:30:00+00:00,-101.113243
2011-10-15 01:31:00+00:00,-113.29615
2011-10-15 01:32:00+00:00,-112.505852
2011-10-15 01:33:00+00:00,-136.869293
2011-10-15 01:34:00+00:00,-153.518311
2011-10-15 01:35:00+00:00,-155.114029
2011-10-15 01:36:00+00:00,-182.486862
2011-10-15 01:37:00+00:00,-192.42247
2011-10-15 01:38:00+00:00,-207.861374
2011-10-15 01:39:00+00:00,-209.84465
2011-10-15 01:40:00+00:00,-225.824448
2011-10-15 01:41:00+00:00,-244.923828
2011-10-15 01:42:00+00:00,-244.001221
2011-10-15 01:43:00+00:00,-251.533371
2011-10-15 01:44:00+00:00,-290.401031
2011-10-15 01:45:00+00:00,-303.661713
2011-10-15 01:46:00+00:00,-301.489166
2011-10-15 01:47:00+00:00,-323.752716
2011-10-15 01:48:00+00:00,-340.233612
2011-10-15 01:49:00+00:00,-352.263947
2011-10-15 01:50:00+00:00,-367.245056
2011-10-15 01:51:00+00:00,-374.6521
2011-10-15 01:52:00+00:00,-375.123749
2011-10-15 01:53:00+00:00,-356.697571
2011-10-15 01:54:00+00:00,-359.06897
2011-10-15 01:55:00+00:00,-352.778931
2011-10-15 01:56:00+00:00,-350.686218
2011-10-15 01:57:00+00:00,-373.311188
2011-10-15 01:58:00+00:00,-385.348816
2011-10-15 01:59:00+00:00,-432.287109
2011-10-15 02:00:00+00:00,-415.077423
2011-10-15 02:01:00+00:00,-411.501556
2011-10-15 02:02:00+00:00,-364.223846
2011-10-15 02:03:00+00:00,-357.335846
2011-10-15 02:04:00+00:00,-379.77124
2011-10-15 02:05:00+00:00,-388.754547
2011-10-15 02:06:00+00:00,-429.449982
2011-10-15 02:07:00+00:00,-415.725342
2011-10-15 02:08:00+00:00,-397.761932
2011-10-15 02:09:00+00:00,-361.545624
2011-10-15 02:10:00+00:00,-368.914307
2011-10-15 02:11:00+00:00,-359.120361
2011-10-15 02:12:00+00:00,-348.257446
2011-10-15 02:13:00+00:00,-362.597809
2011-10-15 02:14:00+00:00,-365.626892
2011-10-15 02:15:00+00:00,-353.243011
2011-10-15 02:16:00+00:00,-333.292419
2011-10-15 02:17:00+00:00,-316.328827
2011-10-15 02:18:00+00:00,-309.139374
2011-10-15 02:19:00+00:00,-314.941833
2011-10-15 02:20:00+00:00,-325.927643
2011-10-15 02:21:00+00:00,-338.312103
2011-10-15 02:22:00+00:00,-339.8638
2011-10-15 02:23:00+00:00,-340.145721
2011-10-15 02:24:00+00:00,-346.846375
2011-10-15 02:25:00+00:00,-331.226471
2011-10-15 02:26:00+00:00,-315.325134
2011-10-15 02:27:00+00:00,-317.182373
2011-10-15 02:28:00+00:00,-310.696655
2011-10-15 02:29:00+00:00,-302.116486
2011-10-15 02:30:00+00:00,-293.043488
2011-10-15 02:31:00+00:00,-275.52478
2011-10-15 02:32:00+00:00,-254.120697
2011-10-15 02:33:00+00:00,-245.130142
2011-10-15 02:34:00+00:00,-243.068756
2011-10-15 02:35:00+00:00,-229.407288
2011-10-15 02:36:00+00:00,-216.228134
2011-10-15 02:37:00+00:00,-201.819717
2011-10-15 02:38:00+00:00,-185.164841
2011-10-15 02:39:00+00:00,-178.971542
2011-10-15 02:40:00+00:00,-170.793579
2011-10-15 02:41:00+00:00,-160.186661
2011-10-15 02:42:00+00:00,-160.831467
2011-10-15 02:43:00+00:00,-153.820831
2011-10-15 02:44:00+00:00,-136.865982
2011-10-15 02:45:00+00:00,-131.115631
2011-10-15 02:46:00+00:00,-139.345215
2011-10-15 02:47:00+00:00,-116.017723
2011-10-22 00:00:00+00:00,-168.970764
2011-10-22 00:01:00+00:00,-166.314178
2011-10-22 00:02:00+00:00,-210.572296
2011-10-22 00:03:00+00:00,-155.440186
2011-10-22 00:04:00+00:00,-190.711166
2011-10-22 00:05:00+00:00,-200.274338
2011-10-22 00:06:00+00:00,-207.83606
2011-10-22 00:07:00+00:00,-163.502197
2011-10-22 00:08:00+00:00,-137.209549
2011-10-22 00:09:00+00:00,-132.161194
2011-10-22 00:10:00+00:00,-128.437103
2011-10-22 00:11:00+00:00,-127.021339
2011-10-22 00:12:00+00:00,-125.7342
2011-10-22 00:13:00+00:00,-128.166916
2011-10-22 00:14:00+00:00,-123.383247
2011-10-22 00:15:00+00:00,-127.72538
2011-10-22 00:16:00+00:00,-119.987785
2011-10-22 00:17:00+00:00,-128.512802
2011-10-22 00:18:00+00:00,-146.748322
2011-10-22 00:19:00+00:00,-129.647873
2011-10-22 00:20:00+00:00,-116.764748
2011-10-22 00:21:00+00:00,-121.300652
2011-10-22 00:22:00+00:00,-122.962334
2011-10-22 00:23:00+00:00,-122.239204
2011-10-22 00:24:00+00:00,-123.515045
2011-10-22 00:25:00+00:00,-128.638458
2011-10-22 00:26:00+00:00,-130.137772
2011-10-22 00:27:00+00:00,-123.38208
2011-10-22 00:28:00+00:00,-115.023888
2011-10-22 00:29:00+00:00,-108.866585
2011-10-22 00:30:00+00:00,-101.272606
2011-10-22 00:31:00+00:00,-97.286972
2011-10-22 00:32:00+00:00,-96.866791
2011-10-22 00:33:00+00:00,-95.085312
2011-10-22 00:34:00+00:00,-92.246231
2011-10-22 00:35:00+00:00,-87.755791
2011-10-22 00:36:00+00:00,-82.929573
2011-10-22 00:37:00+00:00,-80.125671
2011-10-22 00:38:00+00:00,-77.621574
2011-10-22 00:39:00+00:00,-74.87236
2011-10-22 00:40:00+00:00,-70.481529
2011-10-22 00:41:00+00:00,-69.612633
2011-10-22 00:42:00+00:00,-60.291611
2011-10-22 00:43:00+00:00,-56.733086
2011-10-22 00:44:00+00:00,-56.429718
2011-10-22 00:45:00+00:00,-56.817097
2011-10-22 00:46:00+00:00,-56.861965
2011-10-22 00:47:00+00:00,-53.863388
2011-10-22 00:48:00+00:00,-51.85363
2011-10-22 00:49:00+00:00,-64.535065
2011-10-22 00:50:00+00:00,-58.858887
2011-10-22 00:51:00+00:00,-58.474712
2011-10-22 00:52:00+00:00,-63.823509
2011-10-22 00:53:00+00:00,-63.073444
2011-10-22 00:54:00+00:00,-63.4706
2011-10-22 00:55:00+00:00,-61.96027
2011-10-22 00:56:00+00:00,-55.236782
2011-10-22 00:57:00+00:00,-56.533512
2011-10-22 00:58:00+00:00,-53.431664
2011-10-22 00:59:00+00:00,-53.43285
2011-10-22 01:00:00+00:00,-58.72179
2011-10-22 01:01:00+00:00,-58.718555
2011-10-22 01:02:00+00:00,-63.80706
2011-10-22 01:03:00+00:00,-64.984352
2011-10-22 01:04:00+00:00,-62.613701
2011-10-22 01:05:00+00:00,-59.218529
2011-10-22 01:06:00+00:00,-47.508301
2011-10-22 01:07:00+00:00,-47.031738
2011-10-22 01:08:00+00:00,-47.224018
2011-10-22 01:09:00+00:00,-47.149212
2011-10-22 01:10:00+00:00,-46.069157
2011-10-22 01:11:00+00:00,-44.863605
2011-10-22 01:12:00+00:00,-46.067295
2011-10-22 01:13:00+00:00,-45.451069
2011-10-22 01:14:00+00:00,-44.474159
2011-10-22 01:15:00+00:00,-45.680584
2011-10-22 01:16:00+00:00,-46.129894
2011-10-22 01:17:00+00:00,-47.823055
2011-10-22 01:18:00+00:00,-48.069622
2011-10-22 01:19:00+00:00,-49.901802
2011-10-22 01:20:00+00:00,-54.499271
2011-10-22 01:21:00+00:00,-52.236046
2011-10-22 01:22:00+00:00,-52.816185
2011-10-22 01:23:00+00:00,-51.999454
2011-10-22 01:24:00+00:00,-48.291702
2011-10-22 01:25:00+00:00,-44.607948
2011-10-22 01:26:00+00:00,-45.454041
2011-10-22 01:27:00+00:00,-47.050667
2011-10-22 01:28:00+00:00,-46.899681
2011-10-22 01:29:00+00:00,-47.828362
2011-10-22 01:30:00+00:00,-47.895226
2011-10-22 01:31:00+00:00,-41.443127
2011-10-22 01:32:00+00:00,-41.14426
2011-10-22 01:33:00+00:00,-40.985661
2011-10-22 01:34:00+00:00,-40.995361
2011-10-22 01:35:00+00:00,-41.903156
2011-10-22 01:36:00+00:00,-40.887257
2011-10-22 01:37:00+00:00,-40.708984
2011-10-22 01:38:00+00:00,-41.000221
2011-10-22 01:39:00+00:00,-42.688938
2011-10-22 01:40:00+00:00,-43.624378
2011-10-22 01:41:00+00:00,-45.113174
2011-10-22 01:42:00+00:00,-46.740292
2011-10-22 01:43:00+00:00,-45.649036
2011-10-22 01:44:00+00:00,-44.0098
2011-10-22 01:45:00+00:00,-41.859463
2011-10-22 01:46:00+00:00,-40.82888
2011-10-22 01:47:00+00:00,-39.855114
2011-10-22 01:48:00+00:00,-39.830479
2011-10-22 01:49:00+00:00,-39.416008
2011-10-22 01:50:00+00:00,-39.538826
2011-10-22 01:51:00+00:00,-39.351776
2011-10-22 01:52:00+00:00,-38.896935
2011-10-22 01:53:00+00:00,-38.826553
2011-10-22 01:54:00+00:00,-38.96217
2011-10-22 01:55:00+00:00,-38.872559
2011-10-22 01:56:00+00:00,-38.434616
2011-10-22 01:57:00+00:00,-38.951244
2011-10-22 01:58:00+00:00,-39.52737
2011-10-22 01:59:00+00:00,-40.090897
2011-10-22 02:00:00+00:00,-39.223946
2011-10-22 02:01:00+00:00,-38.656792
2011-10-22 02:02:00+00:00,-37.986694
2011-10-22 02:03:00+00:00,-37.611038
2011-10-22 02:04:00+00:00,-37.861107
2011-10-22 02:05:00+00:00,-38.075775
2011-10-22 02:06:00+00:00,-38.494564
2011-10-22 02:07:00+00:00,-39.058125
2011-10-22 02:08:00+00:00,-39.861416
2011-10-22 02:09:00+00:00,-40.37587
2011-10-22 02:10:00+00:00,-40.57584
2011-10-22 02:11:00+00:00,-41.174709
2011-10-22 02:12:00+00:00,-41.176136
2011-10-22 02:13:00+00:00,-40.590691
2011-10-22 02:14:00+00:00,-40.211952
2011-10-22 02:15:00+00:00,-39.71574
2011-10-22 02:16:00+00:00,-38.867424
2011-10-22 02:17:00+00:00,-38.213638
2011-10-22 02:18:00+00:00,-37.194313
2011-10-22 02:19:00+00:00,-36.419563
2011-10-22 02:20:00+00:00,-36.884491
2011-10-22 02:21:00+00:00,-37.689758
2011-10-22 02:22:00+00:00,-37.79134
2011-10-22 02:23:00+00:00,-37.08704
2011-10-22 02:24:00+00:00,-37.309292
2011-10-22 02:25:00+00:00,-37.236431
2011-10-22 02:26:00+00:00,-37.478279
2011-10-22 02:27:00+00:00,-37.69635
2011-10-22 02:28:00+00:00,-37.443832
2011-10-22 02:29:00+00:00,-37.311165
2011-10-22 02:30:00+00:00,-37.179855
2011-10-22 02:31:00+00:00,-37.000504
2011-10-22 02:32:00+00:00,-37.083485
2011-10-22 02:33:00+00:00,-37.377941
2011-10-22 02:34:00+00:00,-37.791023
2011-10-22 02:35:00+00:00,-38.298237
2011-10-22 02:36:00+00:00,-39.219727
2011-10-22 02:37:00+00:00,-40.178463
2011-10-22 02:38:00+00:00,-40.402248
2011-10-22 02:39:00+00:00,-40.259903
2011-10-22 02:40:00+00:00,-41.206921
2011-10-22 02:41:00+00:00,-42.885448
2011-10-22 02:42:00+00:00,-42.097248
2011-10-22 02:43:00+00:00,-41.976646
2011-10-22 02:44:00+00:00,-41.625114
2011-10-22 02:45:00+00:00,-41.026867
2011-10-22 02:46:00+00:00,-40.646435
2011-10-22 02:47:00+00:00,-40.201023
2011-10-29 00:00:00+00:00,-35.550232
2011-10-29 00:01:00+00:00,-35.868587
2011-10-29 00:02:00+00:00,-35.411297
2011-10-29 00:03:00+00:00,-34.959602
2011-10-29 00:04:00+00:00,-35.258614
2011-10-29 00:05:00+00:00,-35.190155
2011-10-29 00:06:00+00:00,-34.991966
2011-10-29 00:07:00+00:00,-34.718807
2011-10-29 00:08:00+00:00,-35.136742
2011-10-29 00:09:00+00:00,-35.156898
2011-10-29 00:10:00+00:00,-35.158173
2011-10-29 00:11:00+00:00,-34.937428
2011-10-29 00:12:00+00:00,-35.048363
2011-10-29 00:13:00+00:00,-35.51479
2011-10-29 00:14:00+00:00,-35.36718
2011-10-29 00:15:00+00:00,-35.522907
2011-10-29 00:16:00+00:00,-35.154812
2011-10-29 00:17:00+00:00,-34.858589
2011-10-29 00:18:00+00:00,-34.39399
2011-10-29 00:19:00+00:00,-34.551048
2011-10-29 00:20:00+00:00,-34.452259
2011-10-29 00:21:00+00:00,-34.727448
2011-10-29 00:22:00+00:00,-35.061909
2011-10-29 00:23:00+00:00,-34.980881
2011-10-29 00:24:00+00:00,-34.550755
2011-10-29 00:25:00+00:00,-34.218796
2011-10-29 00:26:00+00:00,-34.584534
2011-10-29 00:27:00+00:00,-34.590279
2011-10-29 00:28:00+00:00,-34.271935
2011-10-29 00:29:00+00:00,-33.852047
2011-10-29 00:30:00+00:00,-33.465824
2011-10-29 00:31:00+00:00,-33.474724
2011-10-29 00:32:00+00:00,-33.074173
2011-10-29 00:33:00+00:00,-32.512199
2011-10-29 00:34:00+00:00,-31.69211
2011-10-29 00:35:00+00:00,-31.674431
2011-10-29 00:36:00+00:00,-31.192636
2011-10-29 00:37:00+00:00,-31.222095
2011-10-29 00:38:00+00:00,-30.947464
2011-10-29 00:39:00+00:00,-30.638256
2011-10-29 00:40:00+00:00,-30.730001
2011-10-29 00:41:00+00:00,-30.723658
2011-10-29 00:42:00+00:00,-30.41901
2011-10-29 00:43:00+00:00,-30.021132
2011-10-29 00:44:00+00:00,-30.06122
2011-10-29 00:45:00+00:00,-30.00803
2011-10-29 00:46:00+00:00,-30.199434
2011-10-29 00:47:00+00:00,-30.20182
2011-10-29 00:48:00+00:00,-30.226109
2011-10-29 00:49:00+00:00,-30.694157
2011-10-29 00:50:00+00:00,-30.697744
2011-10-29 00:51:00+00:00,-30.597078
2011-10-29 00:52:00+00:00,-30.785927
2011-10-29 00:53:00+00:00,-31.029789
2011-10-29 00:54:00+00:00,-30.95365
2011-10-29 00:55:00+00:00,-30.994987
2011-10-29 00:56:00+00:00,-31.55418
2011-10-29 00:57:00+00:00,-31.558939
2011-10-29 00:58:00+00:00,-31.657419
2011-10-29 00:59:00+00:00,-31.662613
2011-10-29 01:00:00+00:00,-31.762735
2011-10-29 01:01:00+00:00,-31.782934
2011-10-29 01:02:00+00:00,-31.8521
2011-10-29 01:03:00+00:00,-32.730026
2011-10-29 01:04:00+00:00,-33.149155
2011-10-29 01:05:00+00:00,-33.381641
2011-10-29 01:06:00+00:00,-33.802139
2011-10-29 01:07:00+00:00,-33.659416
2011-10-29 01:08:00+00:00,-33.613716
2011-10-29 01:09:00+00:00,-33.910126
2011-10-29 01:10:00+00:00,-34.057461
2011-10-29 01:11:00+00:00,-34.033287
2011-10-29 01:12:00+00:00,-34.263405
2011-10-29 01:13:00+00:00,-34.684769
2011-10-29 01:14:00+00:00,-34.550491
2011-10-29 01:15:00+00:00,-34.067074
2011-10-29 01:16:00+00:00,-33.836098
2011-10-29 01:17:00+00:00,-33.559738
2011-10-29 01:18:00+00:00,-33.34837
2011-10-29 01:19:00+00:00,-32.743034
2011-10-29 01:20:00+00:00,-32.399033
2011-10-29 01:21:00+00:00,-32.364529
2011-10-29 01:22:00+00:00,-32.317669
2011-10-29 01:23:00+00:00,-32.366199
2011-10-29 01:24:00+00:00,-32.271862
2011-10-29 01:25:00+00:00,-32.147968
2011-10-29 01:26:00+00:00,-32.432041
2011-10-29 01:27:00+00:00,-32.473713
2011-10-29 01:28:00+00:00,-32.796688
2011-10-29 01:29:00+00:00,-33.055779
2011-10-29 01:30:00+00:00,-33.136997
2011-10-29 01:31:00+00:00,-33.199333
2011-10-29 01:32:00+00:00,-33.386166
2011-10-29 01:33:00+00:00,-33.32935
2011-10-29 01:34:00+00:00,-33.417572
2011-10-29 01:35:00+00:00,-33.540493
2011-10-29 01:36:00+00:00,-33.630898
2011-10-29 01:37:00+00:00,-33.687511
2011-10-29 01:38:00+00:00,-33.608952
2011-10-29 01:39:00+00:00,-33.407928
2011-10-29 01:40:00+00:00,-33.301254
2011-10-29 01:41:00+00:00,-33.341679
2011-10-29 01:42:00+00:00,-33.296795
2011-10-29 01:43:00+00:00,-33.314152
2011-10-29 01:44:00+00:00,-33.362362
2011-10-29 01:45:00+00:00,-33.481564
2011-10-29 01:46:00+00:00,-33.487194
2011-10-29 01:47:00+00:00,-33.398808
2011-10-29 01:48:00+00:00,-33.39513
2011-10-29 01:49:00+00:00,-33.651955
2011-10-29 01:50:00+00:00,-33.609726
2011-10-29 01:51:00+00:00,-33.619064
2011-10-29 01:52:00+00:00,-33.499283
2011-10-29 01:53:00+00:00,-33.56683
2011-10-29 01:54:00+00:00,-33.579525
2011-10-29 01:55:00+00:00,-33.678989
2011-10-29 01:56:00+00:00,-33.666996
2011-10-29 01:57:00+00:00,-33.79063
2011-10-29 01:58:00+00:00,-33.879971
2011-10-29 01:59:00+00:00,-33.885258
2011-10-29 02:00:00+00:00,-33.731297
2011-10-29 02:01:00+00:00,-33.840775
2011-10-29 02:02:00+00:00,-33.735039
2011-10-29 02:03:00+00:00,-33.596718
2011-10-29 02:04:00+00:00,-33.879936
2011-10-29 02:05:00+00:00,-34.075924
2011-10-29 02:06:00+00:00,-34.057663
2011-10-29 02:07:00+00:00,-34.297009
2011-10-29 02:08:00+00:00,-34.571243
2011-10-29 02:09:00+00:00,-34.850121
2011-10-29 02:10:00+00:00,-34.664902
2011-10-29 02:11:00+00:00,-34.57518
2011-10-29 02:12:00+00:00,-34.470623
2011-10-29 02:13:00+00:00,-34.466354
2011-10-29 02:14:00+00:00,-34.558735
2011-10-29 02:15:00+00:00,-34.547466
2011-10-29 02:16:00+00:00,-34.692333
2011-10-29 02:17:00+00:00,-34.642765
2011-10-29 02:18:00+00:00,-34.706406
2011-10-29 02:19:00+00:00,-34.50338
2011-10-29 02:20:00+00:00,-34.209496
2011-10-29 02:21:00+00:00,-33.976971
2011-10-29 02:22:00+00:00,-33.956497
2011-10-29 02:23:00+00:00,-34.000488
2011-10-29 02:24:00+00:00,-34.164635
2011-10-29 02:25:00+00:00,-33.996799
2011-10-29 02:26:00+00:00,-33.830009
2011-10-29 02:27:00+00:00,-33.947491
2011-10-29 02:28:00+00:00,-33.845219
2011-10-29 02:29:00+00:00,-33.748089
2011-10-29 02:30:00+00:00,-33.570049
2011-10-29 02:31:00+00:00,-33.773872
2011-10-29 02:32:00+00:00,-33.865299
2011-10-29 02:33:00+00:00,-33.914654
2011-10-29 02:34:00+00:00,-33.88776
2011-10-29 02:35:00+00:00,-33.680141
2011-10-29 02:36:00+00:00,-33.472324
2011-10-29 02:37:00+00:00,-33.423771
2011-10-29 02:38:00+00:00,-33.454273
2011-10-29 02:39:00+00:00,-33.383175
2011-10-29 02:40:00+00:00,-33.272987
2011-10-29 02:41:00+00:00,-33.461601
2011-10-29 02:42:00+00:00,-33.419735
2011-10-29 02:43:00+00:00,-33.34256
2011-10-29 02:44:00+00:00,-33.447166
2011-10-29 02:45:00+00:00,-33.440453
2011-10-29 02:46:00+00:00,-33.317543
2011-10-29 02:47:00+00:00,-33.310863
2011-11-05 00:00:00+00:00,-295.767334
2011-11-05 00:01:00+00:00,-300.911407
2011-11-05 00:02:00+00:00,-302.164734
2011-11-05 00:03:00+00:00,-291.960876
2011-11-05 00:04:00+00:00,-296.967834
2011-11-05 00:05:00+00:00,-307.030396
2011-11-05 00:06:00+00:00,-301.202423
2011-11-05 00:07:00+00:00,-304.146271
2011-11-05 00:08:00+00:00,-319.230408
2011-11-05 00:09:00+00:00,-324.959015
2011-11-05 00:10:00+00:00,-320.899261
2011-11-05 00:11:00+00:00,-323.554474
2011-11-05 00:12:00+00:00,-331.875793
2011-11-05 00:13:00+00:00,-329.046265
2011-11-05 00:14:00+00:00,-320.910004
2011-11-05 00:15:00+00:00,-322.079071
2011-11-05 00:16:00+00:00,-316.691925
2011-11-05 00:17:00+00:00,-310.003998
2011-11-05 00:18:00+00:00,-311.492737
2011-11-05 00:19:00+00:00,-316.732117
2011-11-05 00:20:00+00:00,-329.789551
2011-11-05 00:21:00+00:00,-341.937988
2011-11-05 00:22:00+00:00,-343.726166
2011-11-05 00:23:00+00:00,-337.709259
2011-11-05 00:24:00+00:00,-327.446472
2011-11-05 00:25:00+00:00,-336.70639
2011-11-05 00:26:00+00:00,-339.772369
2011-11-05 00:27:00+00:00,-333.839783
2011-11-05 00:28:00+00:00,-321.61026
2011-11-05 00:29:00+00:00,-314.495026
2011-11-05 00:30:00+00:00,-306.282898
2011-11-05 00:31:00+00:00,-309.643341
2011-11-05 00:32:00+00:00,-308.317902
2011-11-05 00:33:00+00:00,-304.497955
2011-11-05 00:34:00+00:00,-298.569183
2011-11-05 00:35:00+00:00,-305.460938
2011-11-05 00:36:00+00:00,-307.809723
2011-11-05 00:37:00+00:00,-317.535217
2011-11-05 00:38:00+00:00,-319.885132
2011-11-05 00:39:00+00:00,-303.954102
2011-11-05 00:40:00+00:00,-293.435486
2011-11-05 00:41:00+00:00,-288.649536
2011-11-05 00:42:00+00:00,-287.107239
2011-11-05 00:43:00+00:00,-287.956329
2011-11-05 00:44:00+00:00,-281.19104
2011-11-05 00:45:00+00:00,-273.321533
2011-11-05 00:46:00+00:00,-270.389801
2011-11-05 00:47:00+00:00,-266.171143
2011-11-05 00:48:00+00:00,-260.171143
2011-11-05 00:49:00+00:00,-252.276459
2011-11-05 00:50:00+00:00,-246.642532
2011-11-05 00:51:00+00:00,-237.374557
2011-11-05 00:52:00+00:00,-228.504272
2011-11-05 00:53:00+00:00,-216.700989
2011-11-05 00:54:00+00:00,-210.95578
2011-11-05 00:55:00+00:00,-210.298752
2011-11-05 00:56:00+00:00,-215.851212
2011-11-05 00:57:00+00:00,-223.026428
2011-11-05 00:58:00+00:00,-236.18837
2011-11-05 00:59:00+00:00,-243.702942
2011-11-05 01:00:00+00:00,-238.300735
2011-11-05 01:01:00+00:00,-233.05928
2011-11-05 01:02:00+00:00,-231.757401
2011-11-05 01:03:00+00:00,-231.267578
2011-11-05 01:04:00+00:00,-228.017502
2011-11-05 01:05:00+00:00,-225.149734
2011-11-05 01:06:00+00:00,-224.680649
2011-11-05 01:07:00+00:00,-226.290268
2011-11-05 01:08:00+00:00,-229.575058
2011-11-05 01:09:00+00:00,-233.701965
2011-11-05 01:10:00+00:00,-233.408264
2011-11-05 01:11:00+00:00,-238.362289
2011-11-05 01:12:00+00:00,-245.452301
2011-11-05 01:13:00+00:00,-255.19632
2011-11-05 01:14:00+00:00,-263.31427
2011-11-05 01:15:00+00:00,-272.149261
2011-11-05 01:16:00+00:00,-271.519592
2011-11-05 01:17:00+00:00,-264.407654
2011-11-05 01:18:00+00:00,-248.243088
2011-11-05 01:19:00+00:00,-232.247528
2011-11-05 01:20:00+00:00,-218.014679
2011-11-05 01:21:00+00:00,-202.902313
2011-11-05 01:22:00+00:00,-194.856857
2011-11-05 01:23:00+00:00,-195.197617
2011-11-05 01:24:00+00:00,-197.134857
2011-11-05 01:25:00+00:00,-202.016235
2011-11-05 01:26:00+00:00,-203.95105
2011-11-05 01:27:00+00:00,-205.432022
2011-11-05 01:28:00+00:00,-210.243744
2011-11-05 01:29:00+00:00,-206.125259
2011-11-05 01:30:00+00:00,-202.139328
2011-11-05 01:31:00+00:00,-197.653107
2011-11-05 01:32:00+00:00,-193.394119
2011-11-05 01:33:00+00:00,-185.182709
2011-11-05 01:34:00+00:00,-177.697601
2011-11-05 01:35:00+00:00,-171.392899
2011-11-05 01:36:00+00:00,-171.002228
2011-11-05 01:37:00+00:00,-171.044479
2011-11-05 01:38:00+00:00,-173.158997
2011-11-05 01:39:00+00:00,-176.974686
2011-11-05 01:40:00+00:00,-180.354797
2011-11-05 01:41:00+00:00,-181.089386
2011-11-05 01:42:00+00:00,-176.920624
2011-11-05 01:43:00+00:00,-177.184433
2011-11-05 01:44:00+00:00,-186.80748
2011-11-05 01:45:00+00:00,-196.305389
2011-11-05 01:46:00+00:00,-202.423279
2011-11-05 01:47:00+00:00,-204.462112
2011-11-05 01:48:00+00:00,-199.99614
2011-11-05 01:49:00+00:00,-194.74469
2011-11-05 01:50:00+00:00,-192.801224
2011-11-05 01:51:00+00:00,-192.398743
2011-11-05 01:52:00+00:00,-189.70192
2011-11-05 01:53:00+00:00,-186.696381
2011-11-05 01:54:00+00:00,-184.727829
2011-11-05 01:55:00+00:00,-175.903259
2011-11-05 01:56:00+00:00,-174.926712
2011-11-05 01:57:00+00:00,-174.961533
2011-11-05 01:58:00+00:00,-178.202408
2011-11-05 01:59:00+00:00,-183.099503
2011-11-05 02:00:00+00:00,-187.17012
2011-11-05 02:01:00+00:00,-190.199509
2011-11-05 02:02:00+00:00,-191.071533
2011-11-05 02:03:00+00:00,-192.621185
2011-11-05 02:04:00+00:00,-195.824982
2011-11-05 02:05:00+00:00,-197.439774
2011-11-05 02:06:00+00:00,-197.108078
2011-11-05 02:07:00+00:00,-191.663818
2011-11-05 02:08:00+00:00,-185.921722
2011-11-05 02:09:00+00:00,-185.393494
2011-11-05 02:10:00+00:00,-186.312531
2011-11-05 02:11:00+00:00,-184.953278
2011-11-05 02:12:00+00:00,-179.567657
2011-11-05 02:13:00+00:00,-190.831696
2011-11-05 02:14:00+00:00,-211.718277
2011-11-05 02:15:00+00:00,-228.493439
2011-11-05 02:16:00+00:00,-235.344681
2011-11-05 02:17:00+00:00,-231.809113
2011-11-05 02:18:00+00:00,-228.304688
2011-11-05 02:19:00+00:00,-230.187881
2011-11-05 02:20:00+00:00,-236.772156
2011-11-05 02:21:00+00:00,-236.729599
2011-11-05 02:22:00+00:00,-235.302948
2011-11-05 02:23:00+00:00,-236.203354
2011-11-05 02:24:00+00:00,-233.909409
2011-11-05 02:25:00+00:00,-230.890274
2011-11-05 02:26:00+00:00,-228.71553
2011-11-05 02:27:00+00:00,-230.417419
2011-11-05 02:28:00+00:00,-244.000198
2011-11-05 02:29:00+00:00,-255.133499
2011-11-05 02:30:00+00:00,-262.241333
2011-11-05 02:31:00+00:00,-266.588287
2011-11-05 02:32:00+00:00,-268.105042
2011-11-05 02:33:00+00:00,-267.138275
2011-11-05 02:34:00+00:00,-265.82663
2011-11-05 02:35:00+00:00,-262.31958
2011-11-05 02:36:00+00:00,-258.085968
2011-11-05 02:37:00+00:00,-249.153885
2011-11-05 02:38:00+00:00,-239.588852
2011-11-05 02:39:00+00:00,-225.123352
2011-11-05 02:40:00+00:00,-215.436417
2011-11-05 02:41:00+00:00,-211.986435
2011-11-05 02:42:00+00:00,-208.770538
2011-11-05 02:43:00+00:00,-201.76561
2011-11-05 02:44:00+00:00,-193.798203
2011-11-05 02:45:00+00:00,-189.562988
2011-11-05 02:46:00+00:00,-188.920319
2011-11-05 02:47:00+00:00,-185.441513
2011-11-12 00:00:00+00:00,-15.022746
2011-11-12 00:01:00+00:00,-15.144268
2011-11-12 00:02:00+00:00,-16.60043
2011-11-12 00:03:00+00:00,-17.417583
2011-11-12 00:04:00+00:00,-18.425795
2011-11-12 00:05:00+00:00,-17.44611
2011-11-12 00:06:00+00:00,-17.740688
2011-11-12 00:07:00+00:00,-17.265831
2011-11-12 00:08:00+00:00,-16.988317
2011-11-12 00:09:00+00:00,-17.251396
2011-11-12 00:10:00+00:00,-17.521851
2011-11-12 00:11:00+00:00,-17.786968
2011-11-12 00:12:00+00:00,-18.203476
2011-11-12 00:13:00+00:00,-17.82192
2011-11-12 00:14:00+00:00,-16.929342
2011-11-12 00:15:00+00:00,-16.292112
2011-11-12 00:16:00+00:00,-16.508358
2011-11-12 00:17:00+00:00,-16.592228
2011-11-12 00:18:00+00:00,-16.295172
2011-11-12 00:19:00+00:00,-15.262682
2011-11-12 00:20:00+00:00,-14.451877
2011-11-12 00:21:00+00:00,-14.195682
2011-11-12 00:22:00+00:00,-13.97636
2011-11-12 00:23:00+00:00,-13.644514
2011-11-12 00:24:00+00:00,-13.59176
2011-11-12 00:25:00+00:00,-13.652096
2011-11-12 00:26:00+00:00,-13.578467
2011-11-12 00:27:00+00:00,-13.590617
2011-11-12 00:28:00+00:00,-13.641144
2011-11-12 00:29:00+00:00,-13.607116
2011-11-12 00:30:00+00:00,-13.418676
2011-11-12 00:31:00+00:00,-13.427275
2011-11-12 00:32:00+00:00,-13.296871
2011-11-12 00:33:00+00:00,-13.204232
2011-11-12 00:34:00+00:00,-13.131788
2011-11-12 00:35:00+00:00,-13.159033
2011-11-12 00:36:00+00:00,-13.19438
2011-11-12 00:37:00+00:00,-13.156199
2011-11-12 00:38:00+00:00,-12.99567
2011-11-12 00:39:00+00:00,-12.936437
2011-11-12 00:40:00+00:00,-12.925771
2011-11-12 00:41:00+00:00,-12.988096
2011-11-12 00:42:00+00:00,-12.910531
2011-11-12 00:43:00+00:00,-12.978562
2011-11-12 00:44:00+00:00,-12.948385
2011-11-12 00:45:00+00:00,-12.897485
2011-11-12 00:46:00+00:00,-13.019229
2011-11-12 00:47:00+00:00,-13.140776
2011-11-12 00:48:00+00:00,-13.015063
2011-11-12 00:49:00+00:00,-13.159678
2011-11-12 00:50:00+00:00,-13.213584
2011-11-12 00:51:00+00:00,-13.159618
2011-11-12 00:52:00+00:00,-13.188507
2011-11-12 00:53:00+00:00,-13.073697
2011-11-12 00:54:00+00:00,-13.012462
2011-11-12 00:55:00+00:00,-13.038989
2011-11-12 00:56:00+00:00,-13.011688
2011-11-12 00:57:00+00:00,-12.954003
2011-11-12 00:58:00+00:00,-13.013659
2011-11-12 00:59:00+00:00,-12.861053
2011-11-12 01:00:00+00:00,-12.659535
2011-11-12 01:01:00+00:00,-12.506699
2011-11-12 01:02:00+00:00,-12.423966
2011-11-12 01:03:00+00:00,-12.688689
2011-11-12 01:04:00+00:00,-12.701261
2011-11-12 01:05:00+00:00,-12.637686
2011-11-12 01:06:00+00:00,-12.765106
2011-11-12 01:07:00+00:00,-13.42244
2011-11-12 01:08:00+00:00,-12.949093
2011-11-12 01:09:00+00:00,-13.121881
2011-11-12 01:10:00+00:00,-13.04157
2011-11-12 01:11:00+00:00,-13.029456
2011-11-12 01:12:00+00:00,-12.941013
2011-11-12 01:13:00+00:00,-12.972713
2011-11-12 01:14:00+00:00,-13.02459
2011-11-12 01:15:00+00:00,-12.986482
2011-11-12 01:16:00+00:00,-13.06347
2011-11-12 01:17:00+00:00,-13.511495
2011-11-12 01:18:00+00:00,-13.715786
2011-11-12 01:19:00+00:00,-13.433639
2011-11-12 01:20:00+00:00,-13.110531
2011-11-12 01:21:00+00:00,-13.586299
2011-11-12 01:22:00+00:00,-13.0659
2011-11-12 01:23:00+00:00,-13.260136
2011-11-12 01:24:00+00:00,-13.275742
2011-11-12 01:25:00+00:00,-13.280422
2011-11-12 01:26:00+00:00,-13.292829
2011-11-12 01:27:00+00:00,-12.978004
2011-11-12 01:28:00+00:00,-12.853659
2011-11-12 01:29:00+00:00,-12.689072
2011-11-12 01:30:00+00:00,-12.914507
2011-11-12 01:31:00+00:00,-12.763415
2011-11-12 01:32:00+00:00,-12.811288
2011-11-12 01:33:00+00:00,-12.686071
2011-11-12 01:34:00+00:00,-12.869229
2011-11-12 01:35:00+00:00,-12.893904
2011-11-12 01:36:00+00:00,-13.084484
2011-11-12 01:37:00+00:00,-12.90745
2011-11-12 01:38:00+00:00,-13.1114
2011-11-12 01:39:00+00:00,-13.130472
2011-11-12 01:40:00+00:00,-13.089659
2011-11-12 01:41:00+00:00,-12.856142
2011-11-12 01:42:00+00:00,-12.732647
2011-11-12 01:43:00+00:00,-12.637039
2011-11-12 01:44:00+00:00,-12.606636
2011-11-12 01:45:00+00:00,-12.60811
2011-11-12 01:46:00+00:00,-12.690283
2011-11-12 01:47:00+00:00,-13.021997
2011-11-12 01:48:00+00:00,-12.845092
2011-11-12 01:49:00+00:00,-13.51443
2011-11-12 01:50:00+00:00,-13.759421
2011-11-12 01:51:00+00:00,-13.1589
2011-11-12 01:52:00+00:00,-12.892471
2011-11-12 01:53:00+00:00,-12.628063
2011-11-12 01:54:00+00:00,-12.828265
2011-11-12 01:55:00+00:00,-12.777039
2011-11-12 01:56:00+00:00,-12.898255
2011-11-12 01:57:00+00:00,-13.021969
2011-11-12 01:58:00+00:00,-12.843484
2011-11-12 01:59:00+00:00,-12.922706
2011-11-12 02:00:00+00:00,-12.926629
2011-11-12 02:01:00+00:00,-12.877691
2011-11-12 02:02:00+00:00,-13.524869
2011-11-12 02:03:00+00:00,-14.047058
2011-11-12 02:04:00+00:00,-14.1703
2011-11-12 02:05:00+00:00,-15.227565
2011-11-12 02:06:00+00:00,-15.955791
2011-11-12 02:07:00+00:00,-17.686483
2011-11-12 02:08:00+00:00,-18.756084
2011-11-12 02:09:00+00:00,-18.435118
2011-11-12 02:10:00+00:00,-17.215788
2011-11-12 02:11:00+00:00,-16.796349
2011-11-12 02:12:00+00:00,-16.202209
2011-11-12 02:13:00+00:00,-15.450438
2011-11-12 02:14:00+00:00,-15.046499
2011-11-12 02:15:00+00:00,-14.879527
2011-11-12 02:16:00+00:00,-14.671218
2011-11-12 02:17:00+00:00,-14.23067
2011-11-12 02:18:00+00:00,-13.794225
2011-11-12 02:19:00+00:00,-13.970787
2011-11-12 02:20:00+00:00,-13.752563
2011-11-12 02:21:00+00:00,-14.206951
2011-11-12 02:22:00+00:00,-14.448709
2011-11-12 02:23:00+00:00,-14.62043
2011-11-12 02:24:00+00:00,-15.397425
2011-11-12 02:25:00+00:00,-16.200605
2011-11-12 02:26:00+00:00,-16.481649
2011-11-12 02:27:00+00:00,-16.467133
2011-11-12 02:28:00+00:00,-17.886154
2011-11-12 02:29:00+00:00,-17.921204
2011-11-12 02:30:00+00:00,-17.294529
2011-11-12 02:31:00+00:00,-16.041201
2011-11-12 02:32:00+00:00,-15.201665
2011-11-12 02:33:00+00:00,-14.939009
2011-11-12 02:34:00+00:00,-14.907533
2011-11-12 02:35:00+00:00,-14.930615
2011-11-12 02:36:00+00:00,-14.866886
2011-11-12 02:37:00+00:00,-15.150558
2011-11-12 02:38:00+00:00,-15.213762
2011-11-12 02:39:00+00:00,-15.788436
2011-11-12 02:40:00+00:00,-16.224192
2011-11-12 02:41:00+00:00,-15.904819
2011-11-12 02:42:00+00:00,-16.305422
2011-11-12 02:43:00+00:00,-16.541916
2011-11-12 02:44:00+00:00,-16.750648
2011-11-12 02:45:00+00:00,-17.40202
2011-11-12 02:46:00+00:00,-17.12299
2011-11-12 02:47:00+00:00,-17.061506
2011-11-19 00:00:00+00:00,-40.194431
2011-11-19 00:01:00+00:00,-41.720348
2011-11-19 00:02:00+00:00,-41.891792
2011-11-19 00:03:00+00:00,-43.843529
2011-11-19 00:04:00+00:00,-40.352894
2011-11-19 00:05:00+00:00,-36.906487
2011-11-19 00:06:00+00:00,-37.099461
2011-11-19 00:07:00+00:00,-38.043415
2011-11-19 00:08:00+00:00,-40.45026
2011-11-19 00:09:00+00:00,-47.632175
2011-11-19 00:10:00+00:00,-41.154564
2011-11-19 00:11:00+00:00,-39.898304
2011-11-19 00:12:00+00:00,-39.199646
2011-11-19 00:13:00+00:00,-38.79324
2011-11-19 00:14:00+00:00,-40.535954
2011-11-19 00:15:00+00:00,-40.733723
2011-11-19 00:16:00+00:00,-41.861153
2011-11-19 00:17:00+00:00,-46.144806
2011-11-19 00:18:00+00:00,-49.088577
2011-11-19 00:19:00+00:00,-45.570404
2011-11-19 00:20:00+00:00,-43.790737
2011-11-19 00:21:00+00:00,-43.479511
2011-11-19 00:22:00+00:00,-42.725857
2011-11-19 00:23:00+00:00,-43.821762
2011-11-19 00:24:00+00:00,-48.201794
2011-11-19 00:25:00+00:00,-51.835678
2011-11-19 00:26:00+00:00,-54.3904
2011-11-19 00:27:00+00:00,-53.784904
2011-11-19 00:28:00+00:00,-52.02335
2011-11-19 00:29:00+00:00,-51.415764
2011-11-19 00:30:00+00:00,-51.224125
2011-11-19 00:31:00+00:00,-49.277554
2011-11-19 00:32:00+00:00,-47.666889
2011-11-19 00:33:00+00:00,-45.504436
2011-11-19 00:34:00+00:00,-43.105621
2011-11-19 00:35:00+00:00,-38.833
2011-11-19 00:36:00+00:00,-35.057163
2011-11-19 00:37:00+00:00,-32.296913
2011-11-19 00:38:00+00:00,-31.369637
2011-11-19 00:39:00+00:00,-30.844664
2011-11-19 00:40:00+00:00,-30.067696
2011-11-19 00:41:00+00:00,-29.6735
2011-11-19 00:42:00+00:00,-31.05172
2011-11-19 00:43:00+00:00,-36.154739
2011-11-19 00:44:00+00:00,-40.130524
2011-11-19 00:45:00+00:00,-40.81036
2011-11-19 00:46:00+00:00,-38.330967
2011-11-19 00:47:00+00:00,-34.61031
2011-11-19 00:48:00+00:00,-28.91011
2011-11-19 00:49:00+00:00,-24.162981
2011-11-19 00:50:00+00:00,-21.370125
2011-11-19 00:51:00+00:00,-20.557451
2011-11-19 00:52:00+00:00,-20.524994
2011-11-19 00:53:00+00:00,-20.899704
2011-11-19 00:54:00+00:00,-21.828062
2011-11-19 00:55:00+00:00,-21.155773
2011-11-19 00:56:00+00:00,-19.376974
2011-11-19 00:57:00+00:00,-16.790493
2011-11-19 00:58:00+00:00,-16.399717
2011-11-19 00:59:00+00:00,-16.412134
2011-11-19 01:00:00+00:00,-16.425409
2011-11-19 01:01:00+00:00,-17.439714
2011-11-19 01:02:00+00:00,-17.453238
2011-11-19 01:03:00+00:00,-18.184744
2011-11-19 01:04:00+00:00,-22.797977
2011-11-19 01:05:00+00:00,-23.80846
2011-11-19 01:06:00+00:00,-22.79863
2011-11-19 01:07:00+00:00,-23.454805
2011-11-19 01:08:00+00:00,-22.736952
2011-11-19 01:09:00+00:00,-20.286669
2011-11-19 01:10:00+00:00,-19.383255
2011-11-19 01:11:00+00:00,-19.531458
2011-11-19 01:12:00+00:00,-20.275635
2011-11-19 01:13:00+00:00,-25.621019
2011-11-19 01:14:00+00:00,-30.756647
2011-11-19 01:15:00+00:00,-28.482117
2011-11-19 01:16:00+00:00,-21.062077
2011-11-19 01:17:00+00:00,-18.66124
2011-11-19 01:18:00+00:00,-17.668564
2011-11-19 01:19:00+00:00,-15.689444
2011-11-19 01:20:00+00:00,-15.943874
2011-11-19 01:21:00+00:00,-16.179758
2011-11-19 01:22:00+00:00,-16.731113
2011-11-19 01:23:00+00:00,-16.173512
2011-11-19 01:24:00+00:00,-15.759625
2011-11-19 01:25:00+00:00,-14.889272
2011-11-19 01:26:00+00:00,-15.784296
2011-11-19 01:27:00+00:00,-15.797708
2011-11-19 01:28:00+00:00,-15.809264
2011-11-19 01:29:00+00:00,-15.821105
2011-11-19 01:30:00+00:00,-14.840437
2011-11-19 01:31:00+00:00,-15.193321
2011-11-19 01:32:00+00:00,-15.147141
2011-11-19 01:33:00+00:00,-15.140875
2011-11-19 01:34:00+00:00,-15.039755
2011-11-19 01:35:00+00:00,-14.951893
2011-11-19 01:36:00+00:00,-14.906999
2011-11-19 01:37:00+00:00,-14.977484
2011-11-19 01:38:00+00:00,-15.928078
2011-11-19 01:39:00+00:00,-16.922781
2011-11-19 01:40:00+00:00,-16.940773
2011-11-19 01:41:00+00:00,-15.960565
2011-11-19 01:42:00+00:00,-15.961642
2011-11-19 01:43:00+00:00,-15.972631
2011-11-19 01:44:00+00:00,-15.982155
2011-11-19 01:45:00+00:00,-15.999315
2011-11-19 01:46:00+00:00,-16.00848
2011-11-19 01:47:00+00:00,-16.016479
2011-11-19 01:48:00+00:00,-16.018425
2011-11-19 01:49:00+00:00,-16.02603
2011-11-19 01:50:00+00:00,-15.034678
2011-11-19 01:51:00+00:00,-15.050648
2011-11-19 01:52:00+00:00,-15.058588
2011-11-19 01:53:00+00:00,-16.067282
2011-11-19 01:54:00+00:00,-16.066959
2011-11-19 01:55:00+00:00,-16.082026
2011-11-19 01:56:00+00:00,-16.08025
2011-11-19 01:57:00+00:00,-17.087017
2011-11-19 01:58:00+00:00,-17.085938
2011-11-19 01:59:00+00:00,-16.094143
2011-11-19 02:00:00+00:00,-16.107943
2011-11-19 02:01:00+00:00,-16.113682
2011-11-19 02:02:00+00:00,-16.11138
2011-11-19 02:03:00+00:00,-16.116663
2011-11-19 02:04:00+00:00,-16.121721
2011-11-19 02:05:00+00:00,-16.134535
2011-11-19 02:06:00+00:00,-16.139143
2011-11-19 02:07:00+00:00,-16.14353
2011-11-19 02:08:00+00:00,-16.148676
2011-11-19 02:09:00+00:00,-16.151655
2011-11-19 02:10:00+00:00,-16.155396
2011-11-19 02:11:00+00:00,-16.157949
2011-11-19 02:12:00+00:00,-15.16127
2011-11-19 02:13:00+00:00,-15.172313
2011-11-19 02:14:00+00:00,-15.176191
2011-11-19 02:15:00+00:00,-15.17889
2011-11-19 02:16:00+00:00,-16.173574
2011-11-19 02:17:00+00:00,-16.177824
2011-11-19 02:18:00+00:00,-16.18676
2011-11-19 02:19:00+00:00,-16.189642
2011-11-19 02:20:00+00:00,-16.190453
2011-11-19 02:21:00+00:00,-16.191965
2011-11-19 02:22:00+00:00,-16.193289
2011-11-19 02:23:00+00:00,-16.194426
2011-11-19 02:24:00+00:00,-17.196354
2011-11-19 02:25:00+00:00,-17.196144
2011-11-19 02:26:00+00:00,-17.19673
2011-11-19 02:27:00+00:00,-17.189323
2011-11-19 02:28:00+00:00,-17.189585
2011-11-19 02:29:00+00:00,-16.190609
2011-11-19 02:30:00+00:00,-16.197319
2011-11-19 02:31:00+00:00,-16.197014
2011-11-19 02:32:00+00:00,-16.196524
2011-11-19 02:33:00+00:00,-17.187059
2011-11-19 02:34:00+00:00,-17.196939
2011-11-19 02:35:00+00:00,-17.195885
2011-11-19 02:36:00+00:00,-17.194641
2011-11-19 02:37:00+00:00,-17.193211
2011-11-19 02:38:00+00:00,-16.191589
2011-11-19 02:39:00+00:00,-17.190754
2011-11-19 02:40:00+00:00,-16.187775
2011-11-19 02:41:00+00:00,-16.184605
2011-11-19 02:42:00+00:00,-17.189054
2011-11-19 02:43:00+00:00,-17.17959
2011-11-19 02:44:00+00:00,-17.177788
2011-11-19 02:45:00+00:00,-17.174814
2011-11-19 02:46:00+00:00,-17.17067
2011-11-19 02:47:00+00:00,-17.167305
2011-11-26 00:00:00+00:00,-81.278732
2011-11-26 00:01:00+00:00,-90.717125
2011-11-26 00:02:00+00:00,-98.432907
2011-11-26 00:03:00+00:00,-124.283997
2011-11-26 00:04:00+00:00,-102.146851
2011-11-26 00:05:00+00:00,-99.342484
2011-11-26 00:06:00+00:00,-82.861183
2011-11-26 00:07:00+00:00,-92.756371
2011-11-26 00:08:00+00:00,-109.52121
2011-11-26 00:09:00+00:00,-84.868568
2011-11-26 00:10:00+00:00,-71.894646
2011-11-26 00:11:00+00:00,-63.62384
2011-11-26 00:12:00+00:00,-75.975586
2011-11-26 00:13:00+00:00,-63.056168
2011-11-26 00:14:00+00:00,-68.395187
2011-11-26 00:15:00+00:00,-70.335243
2011-11-26 00:16:00+00:00,-54.519402
2011-11-26 00:17:00+00:00,-42.710838
2011-11-26 00:18:00+00:00,-36.103882
2011-11-26 00:19:00+00:00,-37.157185
2011-11-26 00:20:00+00:00,-49.499092
2011-11-26 00:21:00+00:00,-48.831394
2011-11-26 00:22:00+00:00,-38.981483
2011-11-26 00:23:00+00:00,-31.976208
2011-11-26 00:24:00+00:00,-29.429644
2011-11-26 00:25:00+00:00,-29.481117
2011-11-26 00:26:00+00:00,-32.732044
2011-11-26 00:27:00+00:00,-34.097794
2011-11-26 00:28:00+00:00,-27.648392
2011-11-26 00:29:00+00:00,-26.70558
2011-11-26 00:30:00+00:00,-29.180721
2011-11-26 00:31:00+00:00,-37.871273
2011-11-26 00:32:00+00:00,-31.141172
2011-11-26 00:33:00+00:00,-27.327688
2011-11-26 00:34:00+00:00,-31.59165
2011-11-26 00:35:00+00:00,-37.6287
2011-11-26 00:36:00+00:00,-30.492275
2011-11-26 00:37:00+00:00,-24.145893
2011-11-26 00:38:00+00:00,-24.83634
2011-11-26 00:39:00+00:00,-28.353039
2011-11-26 00:40:00+00:00,-27.901781
2011-11-26 00:41:00+00:00,-27.19607
2011-11-26 00:42:00+00:00,-25.922026
2011-11-26 00:43:00+00:00,-24.508831
2011-11-26 00:44:00+00:00,-26.532755
2011-11-26 00:45:00+00:00,-26.068279
2011-11-26 00:46:00+00:00,-25.405083
2011-11-26 00:47:00+00:00,-25.408375
2011-11-26 00:48:00+00:00,-28.43939
2011-11-26 00:49:00+00:00,-24.047041
2011-11-26 00:50:00+00:00,-23.879055
2011-11-26 00:51:00+00:00,-23.791807
2011-11-26 00:52:00+00:00,-23.970486
2011-11-26 00:53:00+00:00,-24.20122
2011-11-26 00:54:00+00:00,-24.165646
2011-11-26 00:55:00+00:00,-24.502277
2011-11-26 00:56:00+00:00,-24.674479
2011-11-26 00:57:00+00:00,-24.663258
2011-11-26 00:58:00+00:00,-25.011959
2011-11-26 00:59:00+00:00,-28.364021
2011-11-26 01:00:00+00:00,-30.736477
2011-11-26 01:01:00+00:00,-31.82456
2011-11-26 01:02:00+00:00,-31.415924
2011-11-26 01:03:00+00:00,-27.99881
2011-11-26 01:04:00+00:00,-24.733067
2011-11-26 01:05:00+00:00,-24.940796
2011-11-26 01:06:00+00:00,-24.814598
2011-11-26 01:07:00+00:00,-25.006157
2011-11-26 01:08:00+00:00,-25.628736
2011-11-26 01:09:00+00:00,-26.014351
2011-11-26 01:10:00+00:00,-25.840721
2011-11-26 01:11:00+00:00,-25.764078
2011-11-26 01:12:00+00:00,-25.848858
2011-11-26 01:13:00+00:00,-27.41441
2011-11-26 01:14:00+00:00,-28.263561
2011-11-26 01:15:00+00:00,-28.064678
2011-11-26 01:16:00+00:00,-26.085178
2011-11-26 01:17:00+00:00,-26.036373
2011-11-26 01:18:00+00:00,-25.971153
2011-11-26 01:19:00+00:00,-25.801617
2011-11-26 01:20:00+00:00,-25.766027
2011-11-26 01:21:00+00:00,-26.024494
2011-11-26 01:22:00+00:00,-25.890507
2011-11-26 01:23:00+00:00,-25.873814
2011-11-26 01:24:00+00:00,-25.800568
2011-11-26 01:25:00+00:00,-25.83872
2011-11-26 01:26:00+00:00,-25.60154
2011-11-26 01:27:00+00:00,-25.378069
2011-11-26 01:28:00+00:00,-25.241325
2011-11-26 01:29:00+00:00,-25.486603
2011-11-26 01:30:00+00:00,-25.590267
2011-11-26 01:31:00+00:00,-25.740808
2011-11-26 01:32:00+00:00,-25.833763
2011-11-26 01:33:00+00:00,-26.007812
2011-11-26 01:34:00+00:00,-26.193638
2011-11-26 01:35:00+00:00,-26.239475
2011-11-26 01:36:00+00:00,-26.300419
2011-11-26 01:37:00+00:00,-26.306768
2011-11-26 01:38:00+00:00,-26.08861
2011-11-26 01:39:00+00:00,-25.802208
2011-11-26 01:40:00+00:00,-25.541327
2011-11-26 01:41:00+00:00,-25.665348
2011-11-26 01:42:00+00:00,-25.791477
2011-11-26 01:43:00+00:00,-25.711109
2011-11-26 01:44:00+00:00,-25.7565
2011-11-26 01:45:00+00:00,-25.932938
2011-11-26 01:46:00+00:00,-26.277548
2011-11-26 01:47:00+00:00,-26.765924
2011-11-26 01:48:00+00:00,-29.378445
2011-11-26 01:49:00+00:00,-32.698334
2011-11-26 01:50:00+00:00,-32.275936
2011-11-26 01:51:00+00:00,-30.818855
2011-11-26 01:52:00+00:00,-29.331238
2011-11-26 01:53:00+00:00,-27.277943
2011-11-26 01:54:00+00:00,-26.587191
2011-11-26 01:55:00+00:00,-26.631401
2011-11-26 01:56:00+00:00,-26.155428
2011-11-26 01:57:00+00:00,-25.879007
2011-11-26 01:58:00+00:00,-25.740686
2011-11-26 01:59:00+00:00,-25.746204
2011-11-26 02:00:00+00:00,-25.79311
2011-11-26 02:01:00+00:00,-25.614599
2011-11-26 02:02:00+00:00,-25.606995
2011-11-26 02:03:00+00:00,-25.893368
2011-11-26 02:04:00+00:00,-26.095818
2011-11-26 02:05:00+00:00,-26.131252
2011-11-26 02:06:00+00:00,-26.319241
2011-11-26 02:07:00+00:00,-26.510307
2011-11-26 02:08:00+00:00,-26.650768
2011-11-26 02:09:00+00:00,-26.864677
2011-11-26 02:10:00+00:00,-26.831751
2011-11-26 02:11:00+00:00,-29.379612
2011-11-26 02:12:00+00:00,-30.367062
2011-11-26 02:13:00+00:00,-30.154408
2011-11-26 02:14:00+00:00,-27.619062
2011-11-26 02:15:00+00:00,-26.29336
2011-11-26 02:16:00+00:00,-26.188198
2011-11-26 02:17:00+00:00,-26.254368
2011-11-26 02:18:00+00:00,-26.253616
2011-11-26 02:19:00+00:00,-26.014097
2011-11-26 02:20:00+00:00,-26.031532
2011-11-26 02:21:00+00:00,-25.829201
2011-11-26 02:22:00+00:00,-25.825687
2011-11-26 02:23:00+00:00,-25.666531
2011-11-26 02:24:00+00:00,-25.622263
2011-11-26 02:25:00+00:00,-25.548386
2011-11-26 02:26:00+00:00,-25.674417
2011-11-26 02:27:00+00:00,-25.696674
2011-11-26 02:28:00+00:00,-25.584438
2011-11-26 02:29:00+00:00,-25.541809
2011-11-26 02:30:00+00:00,-25.747051
2011-11-26 02:31:00+00:00,-25.74967
2011-11-26 02:32:00+00:00,-25.521078
2011-11-26 02:33:00+00:00,-25.674217
2011-11-26 02:34:00+00:00,-25.61747
2011-11-26 02:35:00+00:00,-25.688028
2011-11-26 02:36:00+00:00,-25.696056
2011-11-26 02:37:00+00:00,-25.86953
2011-11-26 02:38:00+00:00,-26.024895
2011-11-26 02:39:00+00:00,-26.374096
2011-11-26 02:40:00+00:00,-29.554478
2011-11-26 02:41:00+00:00,-29.548883
2011-11-26 02:42:00+00:00,-25.846792
2011-11-26 02:43:00+00:00,-25.626266
2011-11-26 02:44:00+00:00,-25.968607
2011-11-26 02:45:00+00:00,-26.116322
2011-11-26 02:46:00+00:00,-25.737413
2011-11-26 02:47:00+00:00,-25.708874
2011-12-03 00:00:00+00:00,-99.903854
2011-12-03 00:01:00+00:00,-98.514854
2011-12-03 00:02:00+00:00,-99.100876
2011-12-03 00:03:00+00:00,-94.158112
2011-12-03 00:04:00+00:00,-86.095764
2011-12-03 00:05:00+00:00,-82.72345
2011-12-03 00:06:00+00:00,-77.247253
2011-12-03 00:07:00+00:00,-75.109207
2011-12-03 00:08:00+00:00,-76.384567
2011-12-03 00:09:00+00:00,-75.60675
2011-12-03 00:10:00+00:00,-70.918228
2011-12-03 00:11:00+00:00,-66.511246
2011-12-03 00:12:00+00:00,-64.833908
2011-12-03 00:13:00+00:00,-66.294296
2011-12-03 00:14:00+00:00,-67.771179
2011-12-03 00:15:00+00:00,-66.63456
2011-12-03 00:16:00+00:00,-62.937817
2011-12-03 00:17:00+00:00,-57.054455
2011-12-03 00:18:00+00:00,-52.901917
2011-12-03 00:19:00+00:00,-53.531826
2011-12-03 00:20:00+00:00,-52.836639
2011-12-03 00:21:00+00:00,-54.115757
2011-12-03 00:22:00+00:00,-53.43148
2011-12-03 00:23:00+00:00,-52.332966
2011-12-03 00:24:00+00:00,-57.677666
2011-12-03 00:25:00+00:00,-59.381615
2011-12-03 00:26:00+00:00,-59.534679
2011-12-03 00:27:00+00:00,-52.768711
2011-12-03 00:28:00+00:00,-47.863033
2011-12-03 00:29:00+00:00,-39.83329
2011-12-03 00:30:00+00:00,-37.348949
2011-12-03 00:31:00+00:00,-43.827667
2011-12-03 00:32:00+00:00,-48.064751
2011-12-03 00:33:00+00:00,-59.025562
2011-12-03 00:34:00+00:00,-75.079857
2011-12-03 00:35:00+00:00,-81.332535
2011-12-03 00:36:00+00:00,-70.252388
2011-12-03 00:37:00+00:00,-57.703686
2011-12-03 00:38:00+00:00,-58.107365
2011-12-03 00:39:00+00:00,-54.1656
2011-12-03 00:40:00+00:00,-51.054199
2011-12-03 00:41:00+00:00,-45.059319
2011-12-03 00:42:00+00:00,-37.501305
2011-12-03 00:43:00+00:00,-34.666317
2011-12-03 00:44:00+00:00,-44.677425
2011-12-03 00:45:00+00:00,-48.808102
2011-12-03 00:46:00+00:00,-50.308144
2011-12-03 00:47:00+00:00,-49.746639
2011-12-03 00:48:00+00:00,-47.873325
2011-12-03 00:49:00+00:00,-47.171574
2011-12-03 00:50:00+00:00,-47.857613
2011-12-03 00:51:00+00:00,-50.150684
2011-12-03 00:52:00+00:00,-43.404343
2011-12-03 00:53:00+00:00,-53.166458
2011-12-03 00:54:00+00:00,-67.349174
2011-12-03 00:55:00+00:00,-65.31189
2011-12-03 00:56:00+00:00,-58.86908
2011-12-03 00:57:00+00:00,-55.932892
2011-12-03 00:58:00+00:00,-60.083431
2011-12-03 00:59:00+00:00,-58.477943
2011-12-03 01:00:00+00:00,-52.674084
2011-12-03 01:01:00+00:00,-57.501312
2011-12-03 01:02:00+00:00,-63.425045
2011-12-03 01:03:00+00:00,-64.266693
2011-12-03 01:04:00+00:00,-67.400246
2011-12-03 01:05:00+00:00,-94.2612
2011-12-03 01:06:00+00:00,-103.481346
2011-12-03 01:07:00+00:00,-94.884872
2011-12-03 01:08:00+00:00,-96.279343
2011-12-03 01:09:00+00:00,-95.714531
2011-12-03 01:10:00+00:00,-84.973595
2011-12-03 01:11:00+00:00,-92.101402
2011-12-03 01:12:00+00:00,-120.76004
2011-12-03 01:13:00+00:00,-126.470947
2011-12-03 01:14:00+00:00,-139.639191
2011-12-03 01:15:00+00:00,-146.001053
2011-12-03 01:16:00+00:00,-147.0
2011-12-03 01:17:00+00:00,-139.196426
2011-12-03 01:18:00+00:00,-134.91507
2011-12-03 01:19:00+00:00,-131.877563
2011-12-03 01:20:00+00:00,-119.645401
2011-12-03 01:21:00+00:00,-107.974503
2011-12-03 01:22:00+00:00,-107.006386
2011-12-03 01:23:00+00:00,-104.803085
2011-12-03 01:24:00+00:00,-108.683762
2011-12-03 01:25:00+00:00,-112.354301
2011-12-03 01:26:00+00:00,-129.871185
2011-12-03 01:27:00+00:00,-141.349487
2011-12-03 01:28:00+00:00,-142.557571
2011-12-03 01:29:00+00:00,-153.458664
2011-12-03 01:30:00+00:00,-165.483856
2011-12-03 01:31:00+00:00,-165.513474
2011-12-03 01:32:00+00:00,-153.53894
2011-12-03 01:33:00+00:00,-136.708282
2011-12-03 01:34:00+00:00,-130.612732
2011-12-03 01:35:00+00:00,-130.150848
2011-12-03 01:36:00+00:00,-130.021561
2011-12-03 01:37:00+00:00,-125.479294
2011-12-03 01:38:00+00:00,-123.491623
2011-12-03 01:39:00+00:00,-121.736099
2011-12-03 01:40:00+00:00,-117.575874
2011-12-03 01:41:00+00:00,-108.98838
2011-12-03 01:42:00+00:00,-107.246811
2011-12-03 01:43:00+00:00,-103.865791
2011-12-03 01:44:00+00:00,-100.80925
2011-12-03 01:45:00+00:00,-95.196434
2011-12-03 01:46:00+00:00,-105.115852
2011-12-03 01:47:00+00:00,-125.46051
2011-12-03 01:48:00+00:00,-142.461975
2011-12-03 01:49:00+00:00,-157.172012
2011-12-03 01:50:00+00:00,-182.456833
2011-12-03 01:51:00+00:00,-188.450211
2011-12-03 01:52:00+00:00,-187.00177
2011-12-03 01:53:00+00:00,-188.503128
2011-12-03 01:54:00+00:00,-194.673004
2011-12-03 01:55:00+00:00,-190.55246
2011-12-03 01:56:00+00:00,-191.890472
2011-12-03 01:57:00+00:00,-180.092361
2011-12-03 01:58:00+00:00,-174.712799
2011-12-03 01:59:00+00:00,-164.835754
2011-12-03 02:00:00+00:00,-165.255203
2011-12-03 02:01:00+00:00,-173.640686
2011-12-03 02:02:00+00:00,-182.585388
2011-12-03 02:03:00+00:00,-165.855225
2011-12-03 02:04:00+00:00,-152.825302
2011-12-03 02:05:00+00:00,-145.869797
2011-12-03 02:06:00+00:00,-138.910355
2011-12-03 02:07:00+00:00,-144.968414
2011-12-03 02:08:00+00:00,-160.032166
2011-12-03 02:09:00+00:00,-166.089874
2011-12-03 02:10:00+00:00,-162.13559
2011-12-03 02:11:00+00:00,-158.191727
2011-12-03 02:12:00+00:00,-156.192871
2011-12-03 02:13:00+00:00,-144.878632
2011-12-03 02:14:00+00:00,-134.509155
2011-12-03 02:15:00+00:00,-146.40625
2011-12-03 02:16:00+00:00,-153.032669
2011-12-03 02:17:00+00:00,-172.218201
2011-12-03 02:18:00+00:00,-140.836395
2011-12-03 02:19:00+00:00,-139.634399
2011-12-03 02:20:00+00:00,-168.692368
2011-12-03 02:21:00+00:00,-200.044159
2011-12-03 02:22:00+00:00,-184.959
2011-12-03 02:23:00+00:00,-160.038437
2011-12-03 02:24:00+00:00,-156.034988
2011-12-03 02:25:00+00:00,-155.074448
2011-12-03 02:26:00+00:00,-169.13797
2011-12-03 02:27:00+00:00,-196.09317
2011-12-03 02:28:00+00:00,-172.705566
2011-12-03 02:29:00+00:00,-131.455246
2011-12-03 02:30:00+00:00,-125.62941
2011-12-03 02:31:00+00:00,-128.323044
2011-12-03 02:32:00+00:00,-131.5121
2011-12-03 02:33:00+00:00,-136.193604
2011-12-03 02:34:00+00:00,-186.728592
2011-12-03 02:35:00+00:00,-209.399216
2011-12-03 02:36:00+00:00,-191.908524
2011-12-03 02:37:00+00:00,-170.024155
2011-12-03 02:38:00+00:00,-130.659698
2011-12-03 02:39:00+00:00,-136.182327
2011-12-03 02:40:00+00:00,-149.878891
2011-12-03 02:41:00+00:00,-181.4216
2011-12-03 02:42:00+00:00,-182.402344
2011-12-03 02:43:00+00:00,-181.910538
2011-12-03 02:44:00+00:00,-194.794815
2011-12-03 02:45:00+00:00,-200.802811
2011-12-03 02:46:00+00:00,-189.191193
2011-12-03 02:47:00+00:00,-142.244095
2011-12-10 00:00:00+00:00,-40.538857
2011-12-10 00:01:00+00:00,-43.175709
2011-12-10 00:02:00+00:00,-48.789337
2011-12-10 00:03:00+00:00,-57.1073
2011-12-10 00:04:00+00:00,-74.448463
2011-12-10 00:05:00+00:00,-60.080883
2011-12-10 00:06:00+00:00,-57.685669
2011-12-10 00:07:00+00:00,-67.729286
2011-12-10 00:08:00+00:00,-66.871788
2011-12-10 00:09:00+00:00,-70.630798
2011-12-10 00:10:00+00:00,-73.863792
2011-12-10 00:11:00+00:00,-72.587418
2011-12-10 00:12:00+00:00,-75.264626
2011-12-10 00:13:00+00:00,-76.289986
2011-12-10 00:14:00+00:00,-82.100075
2011-12-10 00:15:00+00:00,-90.62072
2011-12-10 00:16:00+00:00,-89.123764
2011-12-10 00:17:00+00:00,-85.780579
2011-12-10 00:18:00+00:00,-79.672516
2011-12-10 00:19:00+00:00,-69.701981
2011-12-10 00:20:00+00:00,-63.049675
2011-12-10 00:21:00+00:00,-57.52816
2011-12-10 00:22:00+00:00,-55.449986
2011-12-10 00:23:00+00:00,-46.78492
2011-12-10 00:24:00+00:00,-43.851379
2011-12-10 00:25:00+00:00,-48.899868
2011-12-10 00:26:00+00:00,-50.746449
2011-12-10 00:27:00+00:00,-49.36129
2011-12-10 00:28:00+00:00,-51.617359
2011-12-10 00:29:00+00:00,-52.30378
2011-12-10 00:30:00+00:00,-51.231133
2011-12-10 00:31:00+00:00,-49.616867
2011-12-10 00:32:00+00:00,-47.363598
2011-12-10 00:33:00+00:00,-43.273262
2011-12-10 00:34:00+00:00,-41.881126
2011-12-10 00:35:00+00:00,-39.652496
2011-12-10 00:36:00+00:00,-38.373589
2011-12-10 00:37:00+00:00,-37.257156
2011-12-10 00:38:00+00:00,-37.344376
2011-12-10 00:39:00+00:00,-36.344002
2011-12-10 00:40:00+00:00,-36.480267
2011-12-10 00:41:00+00:00,-38.440369
2011-12-10 00:42:00+00:00,-41.593018
2011-12-10 00:43:00+00:00,-40.578487
2011-12-10 00:44:00+00:00,-39.604992
2011-12-10 00:45:00+00:00,-41.629551
2011-12-10 00:46:00+00:00,-43.684689
2011-12-10 00:47:00+00:00,-42.732471
2011-12-10 00:48:00+00:00,-41.786415
2011-12-10 00:49:00+00:00,-39.825943
2011-12-10 00:50:00+00:00,-34.869549
2011-12-10 00:51:00+00:00,-32.824619
2011-12-10 00:52:00+00:00,-32.983356
2011-12-10 00:53:00+00:00,-35.110481
2011-12-10 00:54:00+00:00,-37.691338
2011-12-10 00:55:00+00:00,-38.347988
2011-12-10 00:56:00+00:00,-38.316757
2011-12-10 00:57:00+00:00,-37.689434
2011-12-10 00:58:00+00:00,-36.131054
2011-12-10 00:59:00+00:00,-34.352547
2011-12-10 01:00:00+00:00,-34.567074
2011-12-10 01:01:00+00:00,-33.049442
2011-12-10 01:02:00+00:00,-47.322487
2011-12-10 01:03:00+00:00,-66.623238
2011-12-10 01:04:00+00:00,-141.395386
2011-12-10 01:05:00+00:00,-171.679611
2011-12-10 01:06:00+00:00,-164.436142
2011-12-10 01:07:00+00:00,-189.931229
2011-12-10 01:08:00+00:00,-153.710663
2011-12-10 01:09:00+00:00,-153.73526
2011-12-10 01:10:00+00:00,-157.282776
2011-12-10 01:11:00+00:00,-219.327103
2011-12-10 01:12:00+00:00,-231.560989
2011-12-10 01:13:00+00:00,-254.282043
2011-12-10 01:14:00+00:00,-273.578156
2011-12-10 01:15:00+00:00,-300.515778
2011-12-10 01:16:00+00:00,-276.409424
2011-12-10 01:17:00+00:00,-292.095398
2011-12-10 01:18:00+00:00,-324.055328
2011-12-10 01:19:00+00:00,-311.756561
2011-12-10 01:20:00+00:00,-290.192261
2011-12-10 01:21:00+00:00,-272.255035
2011-12-10 01:22:00+00:00,-263.217346
2011-12-10 01:23:00+00:00,-274.707611
2011-12-10 01:24:00+00:00,-285.468567
2011-12-10 01:25:00+00:00,-290.357635
2011-12-10 01:26:00+00:00,-298.929504
2011-12-10 01:27:00+00:00,-330.160614
2011-12-10 01:28:00+00:00,-325.49823
2011-12-10 01:29:00+00:00,-280.653259
2011-12-10 01:30:00+00:00,-227.098785
2011-12-10 01:31:00+00:00,-217.675842
2011-12-10 01:32:00+00:00,-207.664352
2011-12-10 01:33:00+00:00,-199.448517
2011-12-10 01:34:00+00:00,-217.589691
2011-12-10 01:35:00+00:00,-198.76062
2011-12-10 01:36:00+00:00,-201.129089
2011-12-10 01:37:00+00:00,-172.533066
2011-12-10 01:38:00+00:00,-166.598465
2011-12-10 01:39:00+00:00,-158.483215
2011-12-10 01:40:00+00:00,-156.988052
2011-12-10 01:41:00+00:00,-162.105927
2011-12-10 01:42:00+00:00,-163.183334
2011-12-10 01:43:00+00:00,-144.949432
2011-12-10 01:44:00+00:00,-140.474411
2011-12-10 01:45:00+00:00,-134.652527
2011-12-10 01:46:00+00:00,-129.414291
2011-12-10 01:47:00+00:00,-125.777565
2011-12-10 01:48:00+00:00,-120.28315
2011-12-10 01:49:00+00:00,-114.651726
2011-12-10 01:50:00+00:00,-109.688919
2011-12-10 01:51:00+00:00,-103.219894
2011-12-10 01:52:00+00:00,-96.750481
2011-12-10 01:53:00+00:00,-90.527725
2011-12-10 01:54:00+00:00,-83.046707
2011-12-10 01:55:00+00:00,-78.123802
2011-12-10 01:56:00+00:00,-73.778511
2011-12-10 01:57:00+00:00,-70.316467
2011-12-10 01:58:00+00:00,-68.441475
2011-12-10 01:59:00+00:00,-65.262047
2011-12-10 02:00:00+00:00,-60.355507
2011-12-10 02:01:00+00:00,-58.228325
2011-12-10 02:02:00+00:00,-52.298069
2011-12-10 02:03:00+00:00,-48.476894
2011-12-10 02:04:00+00:00,-47.154785
2011-12-10 02:05:00+00:00,-44.424458
2011-12-10 02:06:00+00:00,-42.296597
2011-12-10 02:07:00+00:00,-40.322903
2011-12-10 02:08:00+00:00,-37.228905
2011-12-10 02:09:00+00:00,-33.948139
2011-12-10 02:10:00+00:00,-32.283878
2011-12-10 02:11:00+00:00,-35.277016
2011-12-10 02:12:00+00:00,-39.01675
2011-12-10 02:13:00+00:00,-39.267662
2011-12-10 02:14:00+00:00,-39.786034
2011-12-10 02:15:00+00:00,-33.874039
2011-12-10 02:16:00+00:00,-23.641472
2011-12-10 02:17:00+00:00,-21.83922
2011-12-10 02:18:00+00:00,-23.969278
2011-12-10 02:19:00+00:00,-23.945604
2011-12-10 02:20:00+00:00,-25.487932
2011-12-10 02:21:00+00:00,-29.295856
2011-12-10 02:22:00+00:00,-33.021675
2011-12-10 02:23:00+00:00,-30.514818
2011-12-10 02:24:00+00:00,-28.846024
2011-12-10 02:25:00+00:00,-27.070395
2011-12-10 02:26:00+00:00,-27.412651
2011-12-10 02:27:00+00:00,-27.886356
2011-12-10 02:28:00+00:00,-30.459251
2011-12-10 02:29:00+00:00,-26.285395
2011-12-10 02:30:00+00:00,-26.727942
2011-12-10 02:31:00+00:00,-27.794468
2011-12-10 02:32:00+00:00,-27.383905
2011-12-10 02:33:00+00:00,-27.211115
2011-12-10 02:34:00+00:00,-24.588394
2011-12-10 02:35:00+00:00,-24.214233
2011-12-10 02:36:00+00:00,-24.801476
2011-12-10 02:37:00+00:00,-26.149944
2011-12-10 02:38:00+00:00,-26.543846
2011-12-10 02:39:00+00:00,-26.802542
2011-12-10 02:40:00+00:00,-25.583279
2011-12-10 02:41:00+00:00,-25.16831
2011-12-10 02:42:00+00:00,-24.373089
2011-12-10 02:43:00+00:00,-24.314825
2011-12-10 02:44:00+00:00,-22.256241
2011-12-10 02:45:00+00:00,-21.265717
2011-12-10 02:46:00+00:00,-22.067385
2011-12-10 02:47:00+00:00,-22.219875
2011-12-17 00:00:00+00:00,-11.306935
2011-12-17 00:01:00+00:00,-11.623111
2011-12-17 00:02:00+00:00,-11.734767
2011-12-17 00:03:00+00:00,-11.389948
2011-12-17 00:04:00+00:00,-11.436308
2011-12-17 00:05:00+00:00,-11.413883
2011-12-17 00:06:00+00:00,-11.197672
2011-12-17 00:07:00+00:00,-11.35603
2011-12-17 00:08:00+00:00,-11.654579
2011-12-17 00:09:00+00:00,-11.875546
2011-12-17 00:10:00+00:00,-11.806036
2011-12-17 00:11:00+00:00,-11.637453
2011-12-17 00:12:00+00:00,-11.363935
2011-12-17 00:13:00+00:00,-11.336066
2011-12-17 00:14:00+00:00,-11.531382
2011-12-17 00:15:00+00:00,-11.510427
2011-12-17 00:16:00+00:00,-11.247397
2011-12-17 00:17:00+00:00,-11.139571
2011-12-17 00:18:00+00:00,-11.358436
2011-12-17 00:19:00+00:00,-11.467464
2011-12-17 00:20:00+00:00,-11.572125
2011-12-17 00:21:00+00:00,-11.65679
2011-12-17 00:22:00+00:00,-10.716572
2011-12-17 00:23:00+00:00,-10.836431
2011-12-17 00:24:00+00:00,-11.356208
2011-12-17 00:25:00+00:00,-11.586448
2011-12-17 00:26:00+00:00,-11.549608
2011-12-17 00:27:00+00:00,-11.611898
2011-12-17 00:28:00+00:00,-11.559447
2011-12-17 00:29:00+00:00,-10.956708
2011-12-17 00:30:00+00:00,-11.005823
2011-12-17 00:31:00+00:00,-11.357283
2011-12-17 00:32:00+00:00,-11.845695
2011-12-17 00:33:00+00:00,-11.97906
2011-12-17 00:34:00+00:00,-11.733951
2011-12-17 00:35:00+00:00,-11.637723
2011-12-17 00:36:00+00:00,-11.570271
2011-12-17 00:37:00+00:00,-11.697619
2011-12-17 00:38:00+00:00,-11.732674
2011-12-17 00:39:00+00:00,-11.756497
2011-12-17 00:40:00+00:00,-11.650939
2011-12-17 00:41:00+00:00,-11.726556
2011-12-17 00:42:00+00:00,-11.759727
2011-12-17 00:43:00+00:00,-11.754372
2011-12-17 00:44:00+00:00,-11.707569
2011-12-17 00:45:00+00:00,-11.6623
2011-12-17 00:46:00+00:00,-11.571415
2011-12-17 00:47:00+00:00,-11.580007
2011-12-17 00:48:00+00:00,-11.638018
2011-12-17 00:49:00+00:00,-11.679054
2011-12-17 00:50:00+00:00,-11.709964
2011-12-17 00:51:00+00:00,-11.892866
2011-12-17 00:52:00+00:00,-11.895742
2011-12-17 00:53:00+00:00,-11.894384
2011-12-17 00:54:00+00:00,-12.041147
2011-12-17 00:55:00+00:00,-12.051863
2011-12-17 00:56:00+00:00,-11.899199
2011-12-17 00:57:00+00:00,-11.854652
2011-12-17 00:58:00+00:00,-12.298116
2011-12-17 00:59:00+00:00,-12.575303
2011-12-17 01:00:00+00:00,-12.542673
2011-12-17 01:01:00+00:00,-12.215272
2011-12-17 01:02:00+00:00,-12.208445
2011-12-17 01:03:00+00:00,-12.090973
2011-12-17 01:04:00+00:00,-12.549373
2011-12-17 01:05:00+00:00,-12.334614
2011-12-17 01:06:00+00:00,-12.583406
2011-12-17 01:07:00+00:00,-12.998869
2011-12-17 01:08:00+00:00,-12.929626
2011-12-17 01:09:00+00:00,-12.541689
2011-12-17 01:10:00+00:00,-12.766688
2011-12-17 01:11:00+00:00,-12.541142
2011-12-17 01:12:00+00:00,-12.333792
2011-12-17 01:13:00+00:00,-11.751076
2011-12-17 01:14:00+00:00,-11.589863
2011-12-17 01:15:00+00:00,-11.614793
2011-12-17 01:16:00+00:00,-12.133587
2011-12-17 01:17:00+00:00,-12.364743
2011-12-17 01:18:00+00:00,-12.645303
2011-12-17 01:19:00+00:00,-13.245766
2011-12-17 01:20:00+00:00,-13.206163
2011-12-17 01:21:00+00:00,-12.587037
2011-12-17 01:22:00+00:00,-11.778026
2011-12-17 01:23:00+00:00,-11.901195
2011-12-17 01:24:00+00:00,-12.593253
2011-12-17 01:25:00+00:00,-13.253611
2011-12-17 01:26:00+00:00,-13.066828
2011-12-17 01:27:00+00:00,-12.820008
2011-12-17 01:28:00+00:00,-12.749472
2011-12-17 01:29:00+00:00,-12.597401
2011-12-17 01:30:00+00:00,-12.753434
2011-12-17 01:31:00+00:00,-12.79741
2011-12-17 01:32:00+00:00,-12.994559
2011-12-17 01:33:00+00:00,-13.082904
2011-12-17 01:34:00+00:00,-12.876894
2011-12-17 01:35:00+00:00,-12.721255
2011-12-17 01:36:00+00:00,-12.848407
2011-12-17 01:37:00+00:00,-12.975143
2011-12-17 01:38:00+00:00,-12.729392
2011-12-17 01:39:00+00:00,-12.514472
2011-12-17 01:40:00+00:00,-12.570616
2011-12-17 01:41:00+00:00,-12.63903
2011-12-17 01:42:00+00:00,-12.876942
2011-12-17 01:43:00+00:00,-12.855637
2011-12-17 01:44:00+00:00,-12.577066
2011-12-17 01:45:00+00:00,-12.840056
2011-12-17 01:46:00+00:00,-13.372467
2011-12-17 01:47:00+00:00,-13.58378
2011-12-17 01:48:00+00:00,-13.570046
2011-12-17 01:49:00+00:00,-13.436732
2011-12-17 01:50:00+00:00,-13.762936
2011-12-17 01:51:00+00:00,-14.29768
2011-12-17 01:52:00+00:00,-14.630806
2011-12-17 01:53:00+00:00,-14.385358
2011-12-17 01:54:00+00:00,-14.173639
2011-12-17 01:55:00+00:00,-14.070843
2011-12-17 01:56:00+00:00,-14.193177
2011-12-17 01:57:00+00:00,-14.213492
2011-12-17 01:58:00+00:00,-14.208935
2011-12-17 01:59:00+00:00,-14.282041
2011-12-17 02:00:00+00:00,-14.376167
2011-12-17 02:01:00+00:00,-14.582064
2011-12-17 02:02:00+00:00,-14.622516
2011-12-17 02:03:00+00:00,-14.540445
2011-12-17 02:04:00+00:00,-14.433508
2011-12-17 02:05:00+00:00,-14.83151
2011-12-17 02:06:00+00:00,-20.171427
2011-12-17 02:07:00+00:00,-23.323568
2011-12-17 02:08:00+00:00,-23.878923
2011-12-17 02:09:00+00:00,-25.417589
2011-12-17 02:10:00+00:00,-24.705105
2011-12-17 02:11:00+00:00,-22.816179
2011-12-17 02:12:00+00:00,-18.611351
2011-12-17 02:13:00+00:00,-15.119331
2011-12-17 02:14:00+00:00,-15.900236
2011-12-17 02:15:00+00:00,-15.457174
2011-12-17 02:16:00+00:00,-14.118851
2011-12-17 02:17:00+00:00,-13.920176
2011-12-17 02:18:00+00:00,-13.801142
2011-12-17 02:19:00+00:00,-18.254412
2011-12-17 02:20:00+00:00,-25.076485
2011-12-17 02:21:00+00:00,-21.727783
2011-12-17 02:22:00+00:00,-15.789384
2011-12-17 02:23:00+00:00,-13.728761
2011-12-17 02:24:00+00:00,-13.829787
2011-12-17 02:25:00+00:00,-13.805385
2011-12-17 02:26:00+00:00,-13.777624
2011-12-17 02:27:00+00:00,-13.892992
2011-12-17 02:28:00+00:00,-13.827271
2011-12-17 02:29:00+00:00,-13.786514
2011-12-17 02:30:00+00:00,-13.82932
2011-12-17 02:31:00+00:00,-13.857121
2011-12-17 02:32:00+00:00,-13.725075
2011-12-17 02:33:00+00:00,-13.635489
2011-12-17 02:34:00+00:00,-13.755365
2011-12-17 02:35:00+00:00,-13.942133
2011-12-17 02:36:00+00:00,-13.922367
2011-12-17 02:37:00+00:00,-13.931426
2011-12-17 02:38:00+00:00,-13.921469
2011-12-17 02:39:00+00:00,-13.967701
2011-12-17 02:40:00+00:00,-13.972474
2011-12-17 02:41:00+00:00,-13.912361
2011-12-17 02:42:00+00:00,-13.835223
2011-12-17 02:43:00+00:00,-13.878765
2011-12-17 02:44:00+00:00,-13.873074
2011-12-17 02:45:00+00:00,-13.927533
2011-12-17 02:46:00+00:00,-13.780158
2011-12-17 02:47:00+00:00,-13.652194
2011-12-24 00:00:00+00:00,-33.690239
2011-12-24 00:01:00+00:00,-33.931454
2011-12-24 00:02:00+00:00,-34.755226
2011-12-24 00:03:00+00:00,-36.037903
2011-12-24 00:04:00+00:00,-35.541176
2011-12-24 00:05:00+00:00,-34.399799
2011-12-24 00:06:00+00:00,-33.575672
2011-12-24 00:07:00+00:00,-33.941818
2011-12-24 00:08:00+00:00,-34.781429
2011-12-24 00:09:00+00:00,-35.552486
2011-12-24 00:10:00+00:00,-35.770607
2011-12-24 00:11:00+00:00,-35.335186
2011-12-24 00:12:00+00:00,-35.281357
2011-12-24 00:13:00+00:00,-34.870823
2011-12-24 00:14:00+00:00,-34.309624
2011-12-24 00:15:00+00:00,-33.640713
2011-12-24 00:16:00+00:00,-32.867199
2011-12-24 00:17:00+00:00,-32.198605
2011-12-24 00:18:00+00:00,-32.034546
2011-12-24 00:19:00+00:00,-32.324226
2011-12-24 00:20:00+00:00,-32.801022
2011-12-24 00:21:00+00:00,-34.9034
2011-12-24 00:22:00+00:00,-36.28075
2011-12-24 00:23:00+00:00,-37.164505
2011-12-24 00:24:00+00:00,-37.12886
2011-12-24 00:25:00+00:00,-37.031227
2011-12-24 00:26:00+00:00,-36.228031
2011-12-24 00:27:00+00:00,-35.327652
2011-12-24 00:28:00+00:00,-33.848625
2011-12-24 00:29:00+00:00,-32.987225
2011-12-24 00:30:00+00:00,-32.963161
2011-12-24 00:31:00+00:00,-34.259781
2011-12-24 00:32:00+00:00,-34.966446
2011-12-24 00:33:00+00:00,-35.822231
2011-12-24 00:34:00+00:00,-36.304661
2011-12-24 00:35:00+00:00,-36.609035
2011-12-24 00:36:00+00:00,-36.918934
2011-12-24 00:37:00+00:00,-37.265598
2011-12-24 00:38:00+00:00,-37.77401
2011-12-24 00:39:00+00:00,-37.190254
2011-12-24 00:40:00+00:00,-35.985996
2011-12-24 00:41:00+00:00,-34.653412
2011-12-24 00:42:00+00:00,-35.467873
2011-12-24 00:43:00+00:00,-35.711601
2011-12-24 00:44:00+00:00,-35.169735
2011-12-24 00:45:00+00:00,-34.500469
2011-12-24 00:46:00+00:00,-34.528458
2011-12-24 00:47:00+00:00,-34.678535
2011-12-24 00:48:00+00:00,-35.21582
2011-12-24 00:49:00+00:00,-36.135414
2011-12-24 00:50:00+00:00,-38.682423
2011-12-24 00:51:00+00:00,-39.320698
2011-12-24 00:52:00+00:00,-37.987732
2011-12-24 00:53:00+00:00,-35.61124
2011-12-24 00:54:00+00:00,-34.657036
2011-12-24 00:55:00+00:00,-34.816509
2011-12-24 00:56:00+00:00,-35.125782
2011-12-24 00:57:00+00:00,-34.962769
2011-12-24 00:58:00+00:00,-34.315735
2011-12-24 00:59:00+00:00,-34.496201
2011-12-24 01:00:00+00:00,-35.291252
2011-12-24 01:01:00+00:00,-36.444145
2011-12-24 01:02:00+00:00,-36.301731
2011-12-24 01:03:00+00:00,-35.559292
2011-12-24 01:04:00+00:00,-35.387714
2011-12-24 01:05:00+00:00,-35.247921
2011-12-24 01:06:00+00:00,-35.171146
2011-12-24 01:07:00+00:00,-35.824371
2011-12-24 01:08:00+00:00,-36.599182
2011-12-24 01:09:00+00:00,-37.444778
2011-12-24 01:10:00+00:00,-36.566231
2011-12-24 01:11:00+00:00,-35.999657
2011-12-24 01:12:00+00:00,-36.766525
2011-12-24 01:13:00+00:00,-37.261353
2011-12-24 01:14:00+00:00,-36.45385
2011-12-24 01:15:00+00:00,-35.238537
2011-12-24 01:16:00+00:00,-34.846359
2011-12-24 01:17:00+00:00,-35.985268
2011-12-24 01:18:00+00:00,-36.849129
2011-12-24 01:19:00+00:00,-36.925243
2011-12-24 01:20:00+00:00,-36.418667
2011-12-24 01:21:00+00:00,-36.363571
2011-12-24 01:22:00+00:00,-37.326344
2011-12-24 01:23:00+00:00,-37.345055
2011-12-24 01:24:00+00:00,-35.665791
2011-12-24 01:25:00+00:00,-35.43111
2011-12-24 01:26:00+00:00,-34.984749
2011-12-24 01:27:00+00:00,-34.935093
2011-12-24 01:28:00+00:00,-34.721581
2011-12-24 01:29:00+00:00,-34.615685
2011-12-24 01:30:00+00:00,-33.426956
2011-12-24 01:31:00+00:00,-32.591824
2011-12-24 01:32:00+00:00,-33.048084
2011-12-24 01:33:00+00:00,-32.743881
2011-12-24 01:34:00+00:00,-31.733906
2011-12-24 01:35:00+00:00,-30.864843
2011-12-24 01:36:00+00:00,-29.490211
2011-12-24 01:37:00+00:00,-29.358061
2011-12-24 01:38:00+00:00,-30.095345
2011-12-24 01:39:00+00:00,-32.099533
2011-12-24 01:40:00+00:00,-33.316914
2011-12-24 01:41:00+00:00,-34.25042
2011-12-24 01:42:00+00:00,-34.770172
2011-12-24 01:43:00+00:00,-35.005085
2011-12-24 01:44:00+00:00,-34.71199
2011-12-24 01:45:00+00:00,-34.656521
2011-12-24 01:46:00+00:00,-34.339897
2011-12-24 01:47:00+00:00,-33.075077
2011-12-24 01:48:00+00:00,-32.749062
2011-12-24 01:49:00+00:00,-33.354046
2011-12-24 01:50:00+00:00,-33.745499
2011-12-24 01:51:00+00:00,-33.726158
2011-12-24 01:52:00+00:00,-32.786263
2011-12-24 01:53:00+00:00,-32.114288
2011-12-24 01:54:00+00:00,-31.415321
2011-12-24 01:55:00+00:00,-32.100494
2011-12-24 01:56:00+00:00,-32.923721
2011-12-24 01:57:00+00:00,-33.719963
2011-12-24 01:58:00+00:00,-33.266567
2011-12-24 01:59:00+00:00,-34.09967
2011-12-24 02:00:00+00:00,-35.332554
2011-12-24 02:01:00+00:00,-35.738266
2011-12-24 02:02:00+00:00,-34.07515
2011-12-24 02:03:00+00:00,-30.983566
2011-12-24 02:04:00+00:00,-29.284815
2011-12-24 02:05:00+00:00,-28.768948
2011-12-24 02:06:00+00:00,-29.435001
2011-12-24 02:07:00+00:00,-29.990017
2011-12-24 02:08:00+00:00,-31.258228
2011-12-24 02:09:00+00:00,-32.820698
2011-12-24 02:10:00+00:00,-34.476269
2011-12-24 02:11:00+00:00,-35.536476
2011-12-24 02:12:00+00:00,-36.39196
2011-12-24 02:13:00+00:00,-35.855225
2011-12-24 02:14:00+00:00,-34.519066
2011-12-24 02:15:00+00:00,-32.372746
2011-12-24 02:16:00+00:00,-30.415373
2011-12-24 02:17:00+00:00,-30.437799
2011-12-24 02:18:00+00:00,-31.874714
2011-12-24 02:19:00+00:00,-32.828667
2011-12-24 02:20:00+00:00,-31.940296
2011-12-24 02:21:00+00:00,-30.90395
2011-12-24 02:22:00+00:00,-29.708895
2011-12-24 02:23:00+00:00,-29.217451
2011-12-24 02:24:00+00:00,-29.393497
2011-12-24 02:25:00+00:00,-30.243881
2011-12-24 02:26:00+00:00,-31.543028
2011-12-24 02:27:00+00:00,-30.138607
2011-12-24 02:28:00+00:00,-29.17614
2011-12-24 02:29:00+00:00,-30.144892
2011-12-24 02:30:00+00:00,-31.160114
2011-12-24 02:31:00+00:00,-32.003422
2011-12-24 02:32:00+00:00,-31.938972
2011-12-24 02:33:00+00:00,-31.629566
2011-12-24 02:34:00+00:00,-31.588913
2011-12-24 02:35:00+00:00,-31.55533
2011-12-24 02:36:00+00:00,-30.497608
2011-12-24 02:37:00+00:00,-29.115976
2011-12-24 02:38:00+00:00,-28.64192
2011-12-24 02:39:00+00:00,-29.985634
2011-12-24 02:40:00+00:00,-31.376644
2011-12-24 02:41:00+00:00,-31.996632
2011-12-24 02:42:00+00:00,-32.299736
2011-12-24 02:43:00+00:00,-32.272324
2011-12-24 02:44:00+00:00,-31.569704
2011-12-24 02:45:00+00:00,-30.88039
2011-12-24 02:46:00+00:00,-30.471119
2011-12-24 02:47:00+00:00,-31.423754
2011-12-31 00:00:00+00:00,-191.613174
2011-12-31 00:01:00+00:00,-179.699585
2011-12-31 00:02:00+00:00,-176.773331
2011-12-31 00:03:00+00:00,-177.844467
2011-12-31 00:04:00+00:00,-172.915894
2011-12-31 00:05:00+00:00,-167.983719
2011-12-31 00:06:00+00:00,-169.050369
2011-12-31 00:07:00+00:00,-169.106583
2011-12-31 00:08:00+00:00,-162.156723
2011-12-31 00:09:00+00:00,-151.212036
2011-12-31 00:10:00+00:00,-142.273972
2011-12-31 00:11:00+00:00,-138.33255
2011-12-31 00:12:00+00:00,-141.865219
2011-12-31 00:13:00+00:00,-135.977051
2011-12-31 00:14:00+00:00,-127.797462
2011-12-31 00:15:00+00:00,-127.3563
2011-12-31 00:16:00+00:00,-128.663391
2011-12-31 00:17:00+00:00,-123.985329
2011-12-31 00:18:00+00:00,-120.062424
2011-12-31 00:19:00+00:00,-120.539719
2011-12-31 00:20:00+00:00,-111.021881
2011-12-31 00:21:00+00:00,-110.724022
2011-12-31 00:22:00+00:00,-121.345901
2011-12-31 00:23:00+00:00,-136.768555
2011-12-31 00:24:00+00:00,-142.159851
2011-12-31 00:25:00+00:00,-168.975052
2011-12-31 00:26:00+00:00,-176.973236
2011-12-31 00:27:00+00:00,-206.418671
2011-12-31 00:28:00+00:00,-183.776062
2011-12-31 00:29:00+00:00,-196.834
2011-12-31 00:30:00+00:00,-192.130585
2011-12-31 00:31:00+00:00,-201.069092
2011-12-31 00:32:00+00:00,-216.113953
2011-12-31 00:33:00+00:00,-223.150269
2011-12-31 00:34:00+00:00,-232.146759
2011-12-31 00:35:00+00:00,-228.095627
2011-12-31 00:36:00+00:00,-221.073975
2011-12-31 00:37:00+00:00,-210.02124
2011-12-31 00:38:00+00:00,-214.008713
2011-12-31 00:39:00+00:00,-211.996323
2011-12-31 00:40:00+00:00,-187.988937
2011-12-31 00:41:00+00:00,-182.009995
2011-12-31 00:42:00+00:00,-176.016479
2011-12-31 00:43:00+00:00,-161.024994
2011-12-31 00:44:00+00:00,-161.505814
2011-12-31 00:45:00+00:00,-158.435852
2011-12-31 00:46:00+00:00,-155.347824
2011-12-31 00:47:00+00:00,-167.082245
2011-12-31 00:48:00+00:00,-169.177048
2011-12-31 00:49:00+00:00,-168.125763
2011-12-31 00:50:00+00:00,-175.006241
2011-12-31 00:51:00+00:00,-194.588486
2011-12-31 00:52:00+00:00,-193.921173
2011-12-31 00:53:00+00:00,-218.186905
2011-12-31 00:54:00+00:00,-189.720871
2011-12-31 00:55:00+00:00,-198.608185
2011-12-31 00:56:00+00:00,-224.740158
2011-12-31 00:57:00+00:00,-207.472382
2011-12-31 00:58:00+00:00,-209.788269
2011-12-31 00:59:00+00:00,-208.180862
2011-12-31 01:00:00+00:00,-182.246521
2011-12-31 01:01:00+00:00,-165.903122
2011-12-31 01:02:00+00:00,-140.276138
2011-12-31 01:03:00+00:00,-131.023987
2011-12-31 01:04:00+00:00,-136.980057
2011-12-31 01:05:00+00:00,-141.997635
2011-12-31 01:06:00+00:00,-150.123581
2011-12-31 01:07:00+00:00,-157.11763
2011-12-31 01:08:00+00:00,-163.523697
2011-12-31 01:09:00+00:00,-161.471161
2011-12-31 01:10:00+00:00,-162.533722
2011-12-31 01:11:00+00:00,-160.196701
2011-12-31 01:12:00+00:00,-154.040146
2011-12-31 01:13:00+00:00,-148.953201
2011-12-31 01:14:00+00:00,-139.887497
2011-12-31 01:15:00+00:00,-133.815277
2011-12-31 01:16:00+00:00,-129.539932
2011-12-31 01:17:00+00:00,-134.333359
2011-12-31 01:18:00+00:00,-132.485809
2011-12-31 01:19:00+00:00,-137.973282
2011-12-31 01:20:00+00:00,-141.008835
2011-12-31 01:21:00+00:00,-141.594101
2011-12-31 01:22:00+00:00,-137.761292
2011-12-31 01:23:00+00:00,-131.510376
2011-12-31 01:24:00+00:00,-128.875504
2011-12-31 01:25:00+00:00,-123.29512
2011-12-31 01:26:00+00:00,-118.100243
2011-12-31 01:27:00+00:00,-114.544754
2011-12-31 01:28:00+00:00,-120.534714
2011-12-31 01:29:00+00:00,-121.53196
2011-12-31 01:30:00+00:00,-122.505585
2011-12-31 01:31:00+00:00,-120.268295
2011-12-31 01:32:00+00:00,-116.611092
2011-12-31 01:33:00+00:00,-113.637573
2011-12-31 01:34:00+00:00,-111.64608
2011-12-31 01:35:00+00:00,-111.028687
2011-12-31 01:36:00+00:00,-108.39283
2011-12-31 01:37:00+00:00,-104.595909
2011-12-31 01:38:00+00:00,-99.051018
2011-12-31 01:39:00+00:00,-91.949059
2011-12-31 01:40:00+00:00,-88.239258
2011-12-31 01:41:00+00:00,-93.73806
2011-12-31 01:42:00+00:00,-94.588982
2011-12-31 01:43:00+00:00,-88.296211
2011-12-31 01:44:00+00:00,-84.663765
2011-12-31 01:45:00+00:00,-82.804794
2011-12-31 01:46:00+00:00,-86.222412
2011-12-31 01:47:00+00:00,-88.68428
2011-12-31 01:48:00+00:00,-84.99823
2011-12-31 01:49:00+00:00,-79.468941
2011-12-31 01:50:00+00:00,-77.726784
2011-12-31 01:51:00+00:00,-78.528091
2011-12-31 01:52:00+00:00,-78.597969
2011-12-31 01:53:00+00:00,-76.487183
2011-12-31 01:54:00+00:00,-75.377861
2011-12-31 01:55:00+00:00,-75.042953
2011-12-31 01:56:00+00:00,-71.867844
2011-12-31 01:57:00+00:00,-71.729263
2011-12-31 01:58:00+00:00,-71.658012
2011-12-31 01:59:00+00:00,-72.03035
2011-12-31 02:00:00+00:00,-72.120651
2011-12-31 02:01:00+00:00,-71.021843
2011-12-31 02:02:00+00:00,-71.000755
2011-12-31 02:03:00+00:00,-71.008362
2011-12-31 02:04:00+00:00,-71.173668
2011-12-31 02:05:00+00:00,-71.246758
2011-12-31 02:06:00+00:00,-71.272644
2011-12-31 02:07:00+00:00,-71.581497
2011-12-31 02:08:00+00:00,-71.526924
2011-12-31 02:09:00+00:00,-71.54261
2011-12-31 02:10:00+00:00,-71.654037
2011-12-31 02:11:00+00:00,-71.796837
2011-12-31 02:12:00+00:00,-72.182045
2011-12-31 02:13:00+00:00,-72.217957
2011-12-31 02:14:00+00:00,-72.187859
2011-12-31 02:15:00+00:00,-71.816452
2011-12-31 02:16:00+00:00,-71.208588
2011-12-31 02:17:00+00:00,-70.816879
2011-12-31 02:18:00+00:00,-70.892746
2011-12-31 02:19:00+00:00,-70.420639
2011-12-31 02:20:00+00:00,-70.377213
2011-12-31 02:21:00+00:00,-70.151245
2011-12-31 02:22:00+00:00,-70.205704
2011-12-31 02:23:00+00:00,-70.54068
2011-12-31 02:24:00+00:00,-70.851578
2011-12-31 02:25:00+00:00,-71.118965
2011-12-31 02:26:00+00:00,-70.985504
2011-12-31 02:27:00+00:00,-70.546997
2011-12-31 02:28:00+00:00,-70.151176
2011-12-31 02:29:00+00:00,-70.522751
2011-12-31 02:30:00+00:00,-70.175484
2011-12-31 02:31:00+00:00,-70.083466
2011-12-31 02:32:00+00:00,-69.795143
2011-12-31 02:33:00+00:00,-69.702011
2011-12-31 02:34:00+00:00,-69.780762
2011-12-31 02:35:00+00:00,-69.510071
2011-12-31 02:36:00+00:00,-69.542419
2011-12-31 02:37:00+00:00,-69.463898
2011-12-31 02:38:00+00:00,-68.934807
2011-12-31 02:39:00+00:00,-69.039268
2011-12-31 02:40:00+00:00,-68.308693
2011-12-31 02:41:00+00:00,-67.983459
2011-12-31 02:42:00+00:00,-67.495346
2011-12-31 02:43:00+00:00,-67.196068
2011-12-31 02:44:00+00:00,-67.144371
2011-12-31 02:45:00+00:00,-67.000542
2011-12-31 02:46:00+00:00,-66.906891
2011-12-31 02:47:00+00:00,-66.924973
