time,SML
2013-01-01 00:00:00+00:00,-15.345671
2013-01-01 00:01:00+00:00,-15.650888
2013-01-01 00:02:00+00:00,-13.859953
2013-01-01 00:03:00+00:00,-14.247252
2013-01-01 00:04:00+00:00,-14.732431
2013-01-01 00:05:00+00:00,-14.844755
2013-01-01 00:06:00+00:00,-14.86257
2013-01-01 00:07:00+00:00,-18.51347
2013-01-01 00:08:00+00:00,-20.955616
2013-01-01 00:09:00+00:00,-22.30821
2013-01-01 00:10:00+00:00,-23.759706
2013-01-01 00:11:00+00:00,-24.083546
2013-01-01 00:12:00+00:00,-22.519964
2013-01-01 00:13:00+00:00,-19.462521
2013-01-01 00:14:00+00:00,-15.697089
2013-01-01 00:15:00+00:00,-16.831936
2013-01-01 00:16:00+00:00,-15.141212
2013-01-01 00:17:00+00:00,-15.592512
2013-01-01 00:18:00+00:00,-15.858776
2013-01-01 00:19:00+00:00,-15.948683
2013-01-01 00:20:00+00:00,-14.506611
2013-01-01 00:21:00+00:00,-14.784626
2013-01-01 00:22:00+00:00,-15.382984
2013-01-01 00:23:00+00:00,-14.251454
2013-01-01 00:24:00+00:00,-17.164703
2013-01-01 00:25:00+00:00,-26.794533
2013-01-01 00:26:00+00:00,-32.73719
2013-01-01 00:27:00+00:00,-28.146986
2013-01-01 00:28:00+00:00,-28.852041
2013-01-01 00:29:00+00:00,-33.82795
2013-01-01 00:30:00+00:00,-36.852058
2013-01-01 00:31:00+00:00,-36.295494
2013-01-01 00:32:00+00:00,-40.200317
2013-01-01 00:33:00+00:00,-50.433689
2013-01-01 00:34:00+00:00,-63.058094
2013-01-01 00:35:00+00:00,-68.378204
2013-01-01 00:36:00+00:00,-64.451622
2013-01-01 00:37:00+00:00,-61.342796
2013-01-01 00:38:00+00:00,-48.644463
2013-01-01 00:39:00+00:00,-42.14082
2013-01-01 00:40:00+00:00,-34.051563
2013-01-01 00:41:00+00:00,-21.533907
2013-01-01 00:42:00+00:00,-17.657562
2013-01-01 00:43:00+00:00,-19.070583
2013-01-01 00:44:00+00:00,-19.719984
2013-01-01 00:45:00+00:00,-15.593091
2013-01-01 00:46:00+00:00,-14.413467
2013-01-01 00:47:00+00:00,-14.614826
2013-01-01 00:48:00+00:00,-13.586743
2013-01-01 00:49:00+00:00,-15.451098
2013-01-01 00:50:00+00:00,-20.971773
2013-01-01 00:51:00+00:00,-25.910595
2013-01-01 00:52:00+00:00,-24.077116
2013-01-01 00:53:00+00:00,-34.899055
2013-01-01 00:54:00+00:00,-43.537544
2013-01-01 00:55:00+00:00,-34.12244
2013-01-01 00:56:00+00:00,-41.973068
2013-01-01 00:57:00+00:00,-34.806213
2013-01-01 00:58:00+00:00,-22.502722
2013-01-01 00:59:00+00:00,-16.466875
2013-01-01 01:00:00+00:00,-27.232437
2013-01-01 01:01:00+00:00,-27.201736
2013-01-01 01:02:00+00:00,-26.67518
2013-01-01 01:03:00+00:00,-26.129408
2013-01-01 01:04:00+00:00,-24.140564
2013-01-01 01:05:00+00:00,-24.074831
2013-01-01 01:06:00+00:00,-24.491749
2013-01-01 01:07:00+00:00,-24.094416
2013-01-01 01:08:00+00:00,-24.187597
2013-01-01 01:09:00+00:00,-24.711479
2013-01-01 01:10:00+00:00,-25.438602
2013-01-01 01:11:00+00:00,-25.797649
2013-01-01 01:12:00+00:00,-25.500505
2013-01-01 01:13:00+00:00,-25.829369
2013-01-01 01:14:00+00:00,-25.980499
2013-01-01 01:15:00+00:00,-26.248791
2013-01-01 01:16:00+00:00,-25.776903
2013-01-01 01:17:00+00:00,-26.078259
2013-01-01 01:18:00+00:00,-26.136339
2013-01-01 01:19:00+00:00,-25.660101
2013-01-01 01:20:00+00:00,-23.864357
2013-01-01 01:21:00+00:00,-22.89068
2013-01-01 01:22:00+00:00,-22.298615
2013-01-01 01:23:00+00:00,-22.891949
2013-01-01 01:24:00+00:00,-23.455595
2013-01-01 01:25:00+00:00,-23.854868
2013-01-01 01:26:00+00:00,-24.98134
2013-01-01 01:27:00+00:00,-24.751974
2013-01-01 01:28:00+00:00,-23.216549
2013-01-01 01:29:00+00:00,-22.988316
2013-01-01 01:30:00+00:00,-22.933456
2013-01-01 01:31:00+00:00,-23.250486
2013-01-01 01:32:00+00:00,-23.426687
2013-01-01 01:33:00+00:00,-23.039301
2013-01-01 01:34:00+00:00,-24.133236
2013-01-01 01:35:00+00:00,-22.605946
2013-01-01 01:36:00+00:00,-22.485739
2013-01-01 01:37:00+00:00,-22.792133
2013-01-01 01:38:00+00:00,-24.891432
2013-01-01 01:39:00+00:00,-26.606665
2013-01-01 01:40:00+00:00,-28.204525
2013-01-01 01:41:00+00:00,-27.092226
2013-01-01 01:42:00+00:00,-27.113508
2013-01-01 01:43:00+00:00,-26.840626
2013-01-01 01:44:00+00:00,-25.269663
2013-01-01 01:45:00+00:00,-24.582249
2013-01-01 01:46:00+00:00,-23.039211
2013-01-01 01:47:00+00:00,-22.140348
2013-01-01 01:48:00+00:00,-48.151672
2013-01-01 01:49:00+00:00,-89.837868
2013-01-01 01:50:00+00:00,-76.651398
2013-01-01 01:51:00+00:00,-51.92136
2013-01-01 01:52:00+00:00,-68.692657
2013-01-01 01:53:00+00:00,-71.608826
2013-01-01 01:54:00+00:00,-72.640579
2013-01-01 01:55:00+00:00,-56.635544
2013-01-01 01:56:00+00:00,-66.896843
2013-01-01 01:57:00+00:00,-141.269974
2013-01-01 01:58:00+00:00,-130.091064
2013-01-01 01:59:00+00:00,-58.922192
2013-01-01 02:00:00+00:00,-71.483093
2013-01-01 02:01:00+00:00,-76.001427
2013-01-01 02:02:00+00:00,-43.063255
2013-01-01 02:03:00+00:00,-30.166618
2013-01-01 02:04:00+00:00,-23.033203
2013-01-01 02:05:00+00:00,-23.057653
2013-01-01 02:06:00+00:00,-23.741058
2013-01-01 02:07:00+00:00,-23.572659
2013-01-01 02:08:00+00:00,-23.734163
2013-01-01 02:09:00+00:00,-22.836718
2013-01-01 02:10:00+00:00,-22.348164
2013-01-01 02:11:00+00:00,-21.564383
2013-01-01 02:12:00+00:00,-22.017586
2013-01-01 02:13:00+00:00,-22.309322
2013-01-01 02:14:00+00:00,-21.524534
2013-01-01 02:15:00+00:00,-21.507933
2013-01-01 02:16:00+00:00,-21.36017
2013-01-01 02:17:00+00:00,-21.642591
2013-01-01 02:18:00+00:00,-21.660927
2013-01-01 02:19:00+00:00,-22.591917
2013-01-01 02:20:00+00:00,-23.060547
2013-01-01 02:21:00+00:00,-22.591217
2013-01-01 02:22:00+00:00,-23.14094
2013-01-01 02:23:00+00:00,-23.191217
2013-01-01 02:24:00+00:00,-22.862007
2013-01-01 02:25:00+00:00,-22.833054
2013-01-01 02:26:00+00:00,-22.249847
2013-01-01 02:27:00+00:00,-41.959438
2013-01-01 02:28:00+00:00,-69.587471
2013-01-01 02:29:00+00:00,-76.542709
2013-01-01 02:30:00+00:00,-93.616158
2013-01-01 02:31:00+00:00,-99.512077
2013-01-01 02:32:00+00:00,-77.16127
2013-01-01 02:33:00+00:00,-58.050068
2013-01-01 02:34:00+00:00,-106.006569
2013-01-01 02:35:00+00:00,-117.473145
2013-01-01 02:36:00+00:00,-108.977119
2013-01-01 02:37:00+00:00,-108.099518
2013-01-01 02:38:00+00:00,-98.369659
2013-01-01 02:39:00+00:00,-85.182976
2013-01-01 02:40:00+00:00,-55.686935
2013-01-01 02:41:00+00:00,-48.725273
2013-01-01 02:42:00+00:00,-70.583122
2013-01-01 02:43:00+00:00,-89.357147
2013-01-01 02:44:00+00:00,-115.272926
2013-01-01 02:45:00+00:00,-135.958878
2013-01-01 02:46:00+00:00,-160.05603
2013-01-01 02:47:00+00:00,-180.031128
2013-01-08 00:00:00+00:00,-15.953046
2013-01-08 00:01:00+00:00,-15.552269
2013-01-08 00:02:00+00:00,-15.53302
2013-01-08 00:03:00+00:00,-14.978323
2013-01-08 00:04:00+00:00,-14.832044
2013-01-08 00:05:00+00:00,-15.102009
2013-01-08 00:06:00+00:00,-14.800441
2013-01-08 00:07:00+00:00,-14.570425
2013-01-08 00:08:00+00:00,-14.910999
2013-01-08 00:09:00+00:00,-14.575599
2013-01-08 00:10:00+00:00,-14.36502
2013-01-08 00:11:00+00:00,-13.310041
2013-01-08 00:12:00+00:00,-12.837925
2013-01-08 00:13:00+00:00,-13.42818
2013-01-08 00:14:00+00:00,-13.463142
2013-01-08 00:15:00+00:00,-13.365198
2013-01-08 00:16:00+00:00,-13.357994
2013-01-08 00:17:00+00:00,-12.374163
2013-01-08 00:18:00+00:00,-11.91128
2013-01-08 00:19:00+00:00,-12.170044
2013-01-08 00:20:00+00:00,-12.397542
2013-01-08 00:21:00+00:00,-12.848182
2013-01-08 00:22:00+00:00,-23.0655
2013-01-08 00:23:00+00:00,-34.333378
2013-01-08 00:24:00+00:00,-29.211876
2013-01-08 00:25:00+00:00,-35.999851
2013-01-08 00:26:00+00:00,-35.864319
2013-01-08 00:27:00+00:00,-27.81311
2013-01-08 00:28:00+00:00,-20.005432
2013-01-08 00:29:00+00:00,-17.460707
2013-01-08 00:30:00+00:00,-23.510277
2013-01-08 00:31:00+00:00,-29.055132
2013-01-08 00:32:00+00:00,-24.868465
2013-01-08 00:33:00+00:00,-21.257927
2013-01-08 00:34:00+00:00,-20.413977
2013-01-08 00:35:00+00:00,-24.732153
2013-01-08 00:36:00+00:00,-28.914501
2013-01-08 00:37:00+00:00,-26.343155
2013-01-08 00:38:00+00:00,-32.363712
2013-01-08 00:39:00+00:00,-34.210583
2013-01-08 00:40:00+00:00,-38.615242
2013-01-08 00:41:00+00:00,-44.875568
2013-01-08 00:42:00+00:00,-45.135151
2013-01-08 00:43:00+00:00,-55.92527
2013-01-08 00:44:00+00:00,-79.027077
2013-01-08 00:45:00+00:00,-67.520935
2013-01-08 00:46:00+00:00,-44.537609
2013-01-08 00:47:00+00:00,-33.654282
2013-01-08 00:48:00+00:00,-28.335817
2013-01-08 00:49:00+00:00,-17.911356
2013-01-08 00:50:00+00:00,-14.416692
2013-01-08 00:51:00+00:00,-14.020979
2013-01-08 00:52:00+00:00,-16.338097
2013-01-08 00:53:00+00:00,-15.683306
2013-01-08 00:54:00+00:00,-14.901671
2013-01-08 00:55:00+00:00,-15.309151
2013-01-08 00:56:00+00:00,-16.675776
2013-01-08 00:57:00+00:00,-17.303839
2013-01-08 00:58:00+00:00,-15.652136
2013-01-08 00:59:00+00:00,-15.655274
2013-01-08 01:00:00+00:00,-15.900591
2013-01-08 01:01:00+00:00,-16.155293
2013-01-08 01:02:00+00:00,-15.507742
2013-01-08 01:03:00+00:00,-15.432055
2013-01-08 01:04:00+00:00,-14.969584
2013-01-08 01:05:00+00:00,-14.884986
2013-01-08 01:06:00+00:00,-15.036178
2013-01-08 01:07:00+00:00,-15.38411
2013-01-08 01:08:00+00:00,-15.122637
2013-01-08 01:09:00+00:00,-15.212214
2013-01-08 01:10:00+00:00,-15.439473
2013-01-08 01:11:00+00:00,-15.616433
2013-01-08 01:12:00+00:00,-15.742125
2013-01-08 01:13:00+00:00,-15.704741
2013-01-08 01:14:00+00:00,-15.905655
2013-01-08 01:15:00+00:00,-16.273102
2013-01-08 01:16:00+00:00,-16.32955
2013-01-08 01:17:00+00:00,-16.149223
2013-01-08 01:18:00+00:00,-16.666216
2013-01-08 01:19:00+00:00,-17.174967
2013-01-08 01:20:00+00:00,-17.020214
2013-01-08 01:21:00+00:00,-17.208796
2013-01-08 01:22:00+00:00,-18.500004
2013-01-08 01:23:00+00:00,-20.01152
2013-01-08 01:24:00+00:00,-19.878609
2013-01-08 01:25:00+00:00,-19.48311
2013-01-08 01:26:00+00:00,-19.825523
2013-01-08 01:27:00+00:00,-20.264256
2013-01-08 01:28:00+00:00,-19.727535
2013-01-08 01:29:00+00:00,-19.0142
2013-01-08 01:30:00+00:00,-18.802483
2013-01-08 01:31:00+00:00,-18.799372
2013-01-08 01:32:00+00:00,-18.768002
2013-01-08 01:33:00+00:00,-18.567751
2013-01-08 01:34:00+00:00,-18.085339
2013-01-08 01:35:00+00:00,-17.853971
2013-01-08 01:36:00+00:00,-17.473747
2013-01-08 01:37:00+00:00,-16.893887
2013-01-08 01:38:00+00:00,-15.972301
2013-01-08 01:39:00+00:00,-15.514656
2013-01-08 01:40:00+00:00,-15.599566
2013-01-08 01:41:00+00:00,-15.876449
2013-01-08 01:42:00+00:00,-16.083097
2013-01-08 01:43:00+00:00,-16.410919
2013-01-08 01:44:00+00:00,-16.981499
2013-01-08 01:45:00+00:00,-17.140541
2013-01-08 01:46:00+00:00,-17.233259
2013-01-08 01:47:00+00:00,-16.703995
2013-01-08 01:48:00+00:00,-16.649916
2013-01-08 01:49:00+00:00,-17.103251
2013-01-08 01:50:00+00:00,-17.685581
2013-01-08 01:51:00+00:00,-18.470158
2013-01-08 01:52:00+00:00,-18.913515
2013-01-08 01:53:00+00:00,-19.877478
2013-01-08 01:54:00+00:00,-20.396223
2013-01-08 01:55:00+00:00,-20.120634
2013-01-08 01:56:00+00:00,-19.726982
2013-01-08 01:57:00+00:00,-19.445736
2013-01-08 01:58:00+00:00,-19.578657
2013-01-08 01:59:00+00:00,-19.911392
2013-01-08 02:00:00+00:00,-20.050873
2013-01-08 02:01:00+00:00,-19.856462
2013-01-08 02:02:00+00:00,-19.657255
2013-01-08 02:03:00+00:00,-20.166142
2013-01-08 02:04:00+00:00,-20.170231
2013-01-08 02:05:00+00:00,-19.877045
2013-01-08 02:06:00+00:00,-19.731413
2013-01-08 02:07:00+00:00,-19.583912
2013-01-08 02:08:00+00:00,-19.544899
2013-01-08 02:09:00+00:00,-19.536739
2013-01-08 02:10:00+00:00,-19.373396
2013-01-08 02:11:00+00:00,-19.552919
2013-01-08 02:12:00+00:00,-19.950798
2013-01-08 02:13:00+00:00,-20.248672
2013-01-08 02:14:00+00:00,-20.301044
2013-01-08 02:15:00+00:00,-24.390287
2013-01-08 02:16:00+00:00,-25.950388
2013-01-08 02:17:00+00:00,-37.903229
2013-01-08 02:18:00+00:00,-48.204472
2013-01-08 02:19:00+00:00,-46.298019
2013-01-08 02:20:00+00:00,-60.186222
2013-01-08 02:21:00+00:00,-51.105072
2013-01-08 02:22:00+00:00,-51.001026
2013-01-08 02:23:00+00:00,-56.78223
2013-01-08 02:24:00+00:00,-41.061977
2013-01-08 02:25:00+00:00,-38.890362
2013-01-08 02:26:00+00:00,-39.808575
2013-01-08 02:27:00+00:00,-38.327713
2013-01-08 02:28:00+00:00,-36.299324
2013-01-08 02:29:00+00:00,-33.348373
2013-01-08 02:30:00+00:00,-30.743425
2013-01-08 02:31:00+00:00,-28.882
2013-01-08 02:32:00+00:00,-30.683544
2013-01-08 02:33:00+00:00,-33.231583
2013-01-08 02:34:00+00:00,-37.50462
2013-01-08 02:35:00+00:00,-40.261555
2013-01-08 02:36:00+00:00,-41.797176
2013-01-08 02:37:00+00:00,-38.382317
2013-01-08 02:38:00+00:00,-40.481838
2013-01-08 02:39:00+00:00,-51.601746
2013-01-08 02:40:00+00:00,-52.656662
2013-01-08 02:41:00+00:00,-53.38879
2013-01-08 02:42:00+00:00,-56.701447
2013-01-08 02:43:00+00:00,-49.731178
2013-01-08 02:44:00+00:00,-48.793301
2013-01-08 02:45:00+00:00,-51.299919
2013-01-08 02:46:00+00:00,-55.315403
2013-01-08 02:47:00+00:00,-48.047813
2013-01-15 00:00:00+00:00,-41.701054
2013-01-15 00:01:00+00:00,-42.575985
2013-01-15 00:02:00+00:00,-43.672878
2013-01-15 00:03:00+00:00,-43.003437
2013-01-15 00:04:00+00:00,-42.32935
2013-01-15 00:05:00+00:00,-41.87912
2013-01-15 00:06:00+00:00,-42.363659
2013-01-15 00:07:00+00:00,-42.964588
2013-01-15 00:08:00+00:00,-43.797127
2013-01-15 00:09:00+00:00,-44.523354
2013-01-15 00:10:00+00:00,-44.225285
2013-01-15 00:11:00+00:00,-43.336494
2013-01-15 00:12:00+00:00,-43.067898
2013-01-15 00:13:00+00:00,-43.362831
2013-01-15 00:14:00+00:00,-43.506432
2013-01-15 00:15:00+00:00,-43.580738
2013-01-15 00:16:00+00:00,-43.806377
2013-01-15 00:17:00+00:00,-43.577892
2013-01-15 00:18:00+00:00,-43.108143
2013-01-15 00:19:00+00:00,-43.167625
2013-01-15 00:20:00+00:00,-43.048306
2013-01-15 00:21:00+00:00,-42.843914
2013-01-15 00:22:00+00:00,-42.521225
2013-01-15 00:23:00+00:00,-42.449364
2013-01-15 00:24:00+00:00,-42.339245
2013-01-15 00:25:00+00:00,-42.392017
2013-01-15 00:26:00+00:00,-42.627193
2013-01-15 00:27:00+00:00,-42.843578
2013-01-15 00:28:00+00:00,-42.609516
2013-01-15 00:29:00+00:00,-42.77459
2013-01-15 00:30:00+00:00,-43.241138
2013-01-15 00:31:00+00:00,-43.290565
2013-01-15 00:32:00+00:00,-43.499241
2013-01-15 00:33:00+00:00,-43.459919
2013-01-15 00:34:00+00:00,-43.243866
2013-01-15 00:35:00+00:00,-43.171375
2013-01-15 00:36:00+00:00,-43.097897
2013-01-15 00:37:00+00:00,-43.50388
2013-01-15 00:38:00+00:00,-42.559227
2013-01-15 00:39:00+00:00,-43.076416
2013-01-15 00:40:00+00:00,-43.330818
2013-01-15 00:41:00+00:00,-42.757965
2013-01-15 00:42:00+00:00,-43.314861
2013-01-15 00:43:00+00:00,-43.583523
2013-01-15 00:44:00+00:00,-43.513149
2013-01-15 00:45:00+00:00,-43.586151
2013-01-15 00:46:00+00:00,-44.29858
2013-01-15 00:47:00+00:00,-43.216835
2013-01-15 00:48:00+00:00,-41.142651
2013-01-15 00:49:00+00:00,-41.200035
2013-01-15 00:50:00+00:00,-44.010063
2013-01-15 00:51:00+00:00,-43.453568
2013-01-15 00:52:00+00:00,-42.395771
2013-01-15 00:53:00+00:00,-41.819069
2013-01-15 00:54:00+00:00,-42.293758
2013-01-15 00:55:00+00:00,-43.313961
2013-01-15 00:56:00+00:00,-43.241955
2013-01-15 00:57:00+00:00,-42.837494
2013-01-15 00:58:00+00:00,-55.25547
2013-01-15 00:59:00+00:00,-65.970619
2013-01-15 01:00:00+00:00,-44.709229
2013-01-15 01:01:00+00:00,-60.053108
2013-01-15 01:02:00+00:00,-66.539757
2013-01-15 01:03:00+00:00,-61.210033
2013-01-15 01:04:00+00:00,-54.742645
2013-01-15 01:05:00+00:00,-46.094551
2013-01-15 01:06:00+00:00,-47.544468
2013-01-15 01:07:00+00:00,-46.68063
2013-01-15 01:08:00+00:00,-46.397564
2013-01-15 01:09:00+00:00,-47.755802
2013-01-15 01:10:00+00:00,-47.663548
2013-01-15 01:11:00+00:00,-47.226257
2013-01-15 01:12:00+00:00,-57.251656
2013-01-15 01:13:00+00:00,-78.188805
2013-01-15 01:14:00+00:00,-89.109367
2013-01-15 01:15:00+00:00,-97.49762
2013-01-15 01:16:00+00:00,-121.549088
2013-01-15 01:17:00+00:00,-106.947258
2013-01-15 01:18:00+00:00,-105.034874
2013-01-15 01:19:00+00:00,-151.337936
2013-01-15 01:20:00+00:00,-235.165756
2013-01-15 01:21:00+00:00,-276.660339
2013-01-15 01:22:00+00:00,-288.651825
2013-01-15 01:23:00+00:00,-215.537659
2013-01-15 01:24:00+00:00,-277.189331
2013-01-15 01:25:00+00:00,-322.849945
2013-01-15 01:26:00+00:00,-265.566772
2013-01-15 01:27:00+00:00,-223.257751
2013-01-15 01:28:00+00:00,-171.052765
2013-01-15 01:29:00+00:00,-168.259415
2013-01-15 01:30:00+00:00,-136.570099
2013-01-15 01:31:00+00:00,-91.939941
2013-01-15 01:32:00+00:00,-71.364555
2013-01-15 01:33:00+00:00,-74.859917
2013-01-15 01:34:00+00:00,-60.825443
2013-01-15 01:35:00+00:00,-50.068768
2013-01-15 01:36:00+00:00,-50.99152
2013-01-15 01:37:00+00:00,-78.546005
2013-01-15 01:38:00+00:00,-73.095825
2013-01-15 01:39:00+00:00,-78.57457
2013-01-15 01:40:00+00:00,-107.953041
2013-01-15 01:41:00+00:00,-207.403549
2013-01-15 01:42:00+00:00,-262.804016
2013-01-15 01:43:00+00:00,-259.095764
2013-01-15 01:44:00+00:00,-341.08017
2013-01-15 01:45:00+00:00,-388.417877
2013-01-15 01:46:00+00:00,-402.494324
2013-01-15 01:47:00+00:00,-372.635712
2013-01-15 01:48:00+00:00,-297.982086
2013-01-15 01:49:00+00:00,-283.809479
2013-01-15 01:50:00+00:00,-294.119659
2013-01-15 01:51:00+00:00,-172.135269
2013-01-15 01:52:00+00:00,-127.29306
2013-01-15 01:53:00+00:00,-81.846001
2013-01-15 01:54:00+00:00,-73.021309
2013-01-15 01:55:00+00:00,-93.102966
2013-01-15 01:56:00+00:00,-117.577927
2013-01-15 01:57:00+00:00,-109.896843
2013-01-15 01:58:00+00:00,-80.920036
2013-01-15 01:59:00+00:00,-103.222672
2013-01-15 02:00:00+00:00,-153.11055
2013-01-15 02:01:00+00:00,-239.222305
2013-01-15 02:02:00+00:00,-159.469498
2013-01-15 02:03:00+00:00,-156.398972
2013-01-15 02:04:00+00:00,-192.701096
2013-01-15 02:05:00+00:00,-174.480347
2013-01-15 02:06:00+00:00,-234.786484
2013-01-15 02:07:00+00:00,-264.360687
2013-01-15 02:08:00+00:00,-209.426559
2013-01-15 02:09:00+00:00,-220.137375
2013-01-15 02:10:00+00:00,-253.646423
2013-01-15 02:11:00+00:00,-232.505417
2013-01-15 02:12:00+00:00,-180.102997
2013-01-15 02:13:00+00:00,-140.571838
2013-01-15 02:14:00+00:00,-121.792122
2013-01-15 02:15:00+00:00,-114.626923
2013-01-15 02:16:00+00:00,-97.687294
2013-01-15 02:17:00+00:00,-87.128441
2013-01-15 02:18:00+00:00,-87.561882
2013-01-15 02:19:00+00:00,-87.969833
2013-01-15 02:20:00+00:00,-90.504623
2013-01-15 02:21:00+00:00,-93.305923
2013-01-15 02:22:00+00:00,-90.465515
2013-01-15 02:23:00+00:00,-85.690437
2013-01-15 02:24:00+00:00,-95.547882
2013-01-15 02:25:00+00:00,-112.335464
2013-01-15 02:26:00+00:00,-106.304375
2013-01-15 02:27:00+00:00,-93.241203
2013-01-15 02:28:00+00:00,-79.087112
2013-01-15 02:29:00+00:00,-80.984352
2013-01-15 02:30:00+00:00,-79.99173
2013-01-15 02:31:00+00:00,-73.903412
2013-01-15 02:32:00+00:00,-97.337349
2013-01-15 02:33:00+00:00,-127.114487
2013-01-15 02:34:00+00:00,-124.630318
2013-01-15 02:35:00+00:00,-74.165283
2013-01-15 02:36:00+00:00,-63.833561
2013-01-15 02:37:00+00:00,-61.215084
2013-01-15 02:38:00+00:00,-60.685349
2013-01-15 02:39:00+00:00,-56.795151
2013-01-15 02:40:00+00:00,-46.572571
2013-01-15 02:41:00+00:00,-46.889355
2013-01-15 02:42:00+00:00,-47.881256
2013-01-15 02:43:00+00:00,-47.981895
2013-01-15 02:44:00+00:00,-48.13662
2013-01-15 02:45:00+00:00,-48.63446
2013-01-15 02:46:00+00:00,-48.374008
2013-01-15 02:47:00+00:00,-48.691166
2013-01-22 00:00:00+00:00,-36.139549
2013-01-22 00:01:00+00:00,-25.755703
2013-01-22 00:02:00+00:00,-25.637596
2013-01-22 00:03:00+00:00,-25.82115
2013-01-22 00:04:00+00:00,-25.74291
2013-01-22 00:05:00+00:00,-25.619705
2013-01-22 00:06:00+00:00,-25.765039
2013-01-22 00:07:00+00:00,-25.430893
2013-01-22 00:08:00+00:00,-25.17296
2013-01-22 00:09:00+00:00,-24.913141
2013-01-22 00:10:00+00:00,-24.707129
2013-01-22 00:11:00+00:00,-24.57839
2013-01-22 00:12:00+00:00,-24.865818
2013-01-22 00:13:00+00:00,-25.003801
2013-01-22 00:14:00+00:00,-25.09631
2013-01-22 00:15:00+00:00,-25.107021
2013-01-22 00:16:00+00:00,-25.10042
2013-01-22 00:17:00+00:00,-25.135128
2013-01-22 00:18:00+00:00,-25.207266
2013-01-22 00:19:00+00:00,-25.207487
2013-01-22 00:20:00+00:00,-25.161213
2013-01-22 00:21:00+00:00,-24.99913
2013-01-22 00:22:00+00:00,-24.821857
2013-01-22 00:23:00+00:00,-24.747585
2013-01-22 00:24:00+00:00,-24.717749
2013-01-22 00:25:00+00:00,-24.781202
2013-01-22 00:26:00+00:00,-24.468248
2013-01-22 00:27:00+00:00,-24.503527
2013-01-22 00:28:00+00:00,-24.329254
2013-01-22 00:29:00+00:00,-24.512251
2013-01-22 00:30:00+00:00,-24.738873
2013-01-22 00:31:00+00:00,-24.99139
2013-01-22 00:32:00+00:00,-25.276472
2013-01-22 00:33:00+00:00,-25.32069
2013-01-22 00:34:00+00:00,-25.580105
2013-01-22 00:35:00+00:00,-25.611362
2013-01-22 00:36:00+00:00,-25.606857
2013-01-22 00:37:00+00:00,-25.695501
2013-01-22 00:38:00+00:00,-25.460308
2013-01-22 00:39:00+00:00,-25.324141
2013-01-22 00:40:00+00:00,-25.017469
2013-01-22 00:41:00+00:00,-24.826441
2013-01-22 00:42:00+00:00,-24.764729
2013-01-22 00:43:00+00:00,-24.628077
2013-01-22 00:44:00+00:00,-24.578934
2013-01-22 00:45:00+00:00,-24.559525
2013-01-22 00:46:00+00:00,-24.495634
2013-01-22 00:47:00+00:00,-24.601139
2013-01-22 00:48:00+00:00,-24.45808
2013-01-22 00:49:00+00:00,-24.169001
2013-01-22 00:50:00+00:00,-23.902853
2013-01-22 00:51:00+00:00,-23.688946
2013-01-22 00:52:00+00:00,-23.676695
2013-01-22 00:53:00+00:00,-23.608299
2013-01-22 00:54:00+00:00,-23.449587
2013-01-22 00:55:00+00:00,-23.434938
2013-01-22 00:56:00+00:00,-23.407135
2013-01-22 00:57:00+00:00,-23.407198
2013-01-22 00:58:00+00:00,-23.492617
2013-01-22 00:59:00+00:00,-23.444925
2013-01-22 01:00:00+00:00,-23.331377
2013-01-22 01:01:00+00:00,-23.3834
2013-01-22 01:02:00+00:00,-23.407619
2013-01-22 01:03:00+00:00,-23.449928
2013-01-22 01:04:00+00:00,-23.674385
2013-01-22 01:05:00+00:00,-23.855398
2013-01-22 01:06:00+00:00,-23.846481
2013-01-22 01:07:00+00:00,-23.720875
2013-01-22 01:08:00+00:00,-23.589897
2013-01-22 01:09:00+00:00,-23.407652
2013-01-22 01:10:00+00:00,-23.455381
2013-01-22 01:11:00+00:00,-23.560232
2013-01-22 01:12:00+00:00,-23.680206
2013-01-22 01:13:00+00:00,-23.485111
2013-01-22 01:14:00+00:00,-23.558176
2013-01-22 01:15:00+00:00,-23.737175
2013-01-22 01:16:00+00:00,-23.696905
2013-01-22 01:17:00+00:00,-23.659046
2013-01-22 01:18:00+00:00,-23.892149
2013-01-22 01:19:00+00:00,-23.694057
2013-01-22 01:20:00+00:00,-23.565748
2013-01-22 01:21:00+00:00,-23.496471
2013-01-22 01:22:00+00:00,-23.567282
2013-01-22 01:23:00+00:00,-23.476414
2013-01-22 01:24:00+00:00,-23.355703
2013-01-22 01:25:00+00:00,-23.310612
2013-01-22 01:26:00+00:00,-23.224928
2013-01-22 01:27:00+00:00,-23.177746
2013-01-22 01:28:00+00:00,-23.090849
2013-01-22 01:29:00+00:00,-22.908749
2013-01-22 01:30:00+00:00,-23.373539
2013-01-22 01:31:00+00:00,-23.089798
2013-01-22 01:32:00+00:00,-23.069321
2013-01-22 01:33:00+00:00,-23.000572
2013-01-22 01:34:00+00:00,-22.795647
2013-01-22 01:35:00+00:00,-22.844175
2013-01-22 01:36:00+00:00,-22.747711
2013-01-22 01:37:00+00:00,-22.821667
2013-01-22 01:38:00+00:00,-22.879503
2013-01-22 01:39:00+00:00,-22.739569
2013-01-22 01:40:00+00:00,-22.779776
2013-01-22 01:41:00+00:00,-22.779408
2013-01-22 01:42:00+00:00,-22.758959
2013-01-22 01:43:00+00:00,-22.648039
2013-01-22 01:44:00+00:00,-22.598127
2013-01-22 01:45:00+00:00,-22.76149
2013-01-22 01:46:00+00:00,-22.67815
2013-01-22 01:47:00+00:00,-22.602001
2013-01-22 01:48:00+00:00,-22.639475
2013-01-22 01:49:00+00:00,-22.635281
2013-01-22 01:50:00+00:00,-22.700733
2013-01-22 01:51:00+00:00,-22.592655
2013-01-22 01:52:00+00:00,-22.643064
2013-01-22 01:53:00+00:00,-22.57753
2013-01-22 01:54:00+00:00,-22.415569
2013-01-22 01:55:00+00:00,-22.630938
2013-01-22 01:56:00+00:00,-22.720919
2013-01-22 01:57:00+00:00,-22.289589
2013-01-22 01:58:00+00:00,-21.838985
2013-01-22 01:59:00+00:00,-21.785786
2013-01-22 02:00:00+00:00,-21.688061
2013-01-22 02:01:00+00:00,-21.643202
2013-01-22 02:02:00+00:00,-21.895573
2013-01-22 02:03:00+00:00,-21.81723
2013-01-22 02:04:00+00:00,-21.487171
2013-01-22 02:05:00+00:00,-21.372988
2013-01-22 02:06:00+00:00,-21.284286
2013-01-22 02:07:00+00:00,-21.324343
2013-01-22 02:08:00+00:00,-21.518961
2013-01-22 02:09:00+00:00,-21.95602
2013-01-22 02:10:00+00:00,-21.870853
2013-01-22 02:11:00+00:00,-21.763447
2013-01-22 02:12:00+00:00,-21.930662
2013-01-22 02:13:00+00:00,-22.21048
2013-01-22 02:14:00+00:00,-21.653454
2013-01-22 02:15:00+00:00,-21.6796
2013-01-22 02:16:00+00:00,-22.497887
2013-01-22 02:17:00+00:00,-22.74404
2013-01-22 02:18:00+00:00,-22.5616
2013-01-22 02:19:00+00:00,-22.242544
2013-01-22 02:20:00+00:00,-22.110102
2013-01-22 02:21:00+00:00,-21.973825
2013-01-22 02:22:00+00:00,-22.265343
2013-01-22 02:23:00+00:00,-22.37331
2013-01-22 02:24:00+00:00,-22.014511
2013-01-22 02:25:00+00:00,-21.633265
2013-01-22 02:26:00+00:00,-21.607735
2013-01-22 02:27:00+00:00,-21.959625
2013-01-22 02:28:00+00:00,-22.218092
2013-01-22 02:29:00+00:00,-22.618006
2013-01-22 02:30:00+00:00,-22.399696
2013-01-22 02:31:00+00:00,-22.678562
2013-01-22 02:32:00+00:00,-23.153978
2013-01-22 02:33:00+00:00,-22.928463
2013-01-22 02:34:00+00:00,-22.848675
2013-01-22 02:35:00+00:00,-22.746626
2013-01-22 02:36:00+00:00,-22.819559
2013-01-22 02:37:00+00:00,-23.024485
2013-01-22 02:38:00+00:00,-23.009821
2013-01-22 02:39:00+00:00,-23.841953
2013-01-22 02:40:00+00:00,-24.160507
2013-01-22 02:41:00+00:00,-24.443001
2013-01-22 02:42:00+00:00,-24.180628
2013-01-22 02:43:00+00:00,-24.116644
2013-01-22 02:44:00+00:00,-24.177555
2013-01-22 02:45:00+00:00,-24.014824
2013-01-22 02:46:00+00:00,-24.120617
2013-01-22 02:47:00+00:00,-23.964638
2013-01-29 00:00:00+00:00,-115.604767
2013-01-29 00:01:00+00:00,-112.864372
2013-01-29 00:02:00+00:00,-111.76033
2013-01-29 00:03:00+00:00,-107.986015
2013-01-29 00:04:00+00:00,-93.26313
2013-01-29 00:05:00+00:00,-89.703033
2013-01-29 00:06:00+00:00,-94.209061
2013-01-29 00:07:00+00:00,-102.693344
2013-01-29 00:08:00+00:00,-98.755516
2013-01-29 00:09:00+00:00,-86.255943
2013-01-29 00:10:00+00:00,-70.964195
2013-01-29 00:11:00+00:00,-60.965752
2013-01-29 00:12:00+00:00,-62.1838
2013-01-29 00:13:00+00:00,-58.360786
2013-01-29 00:14:00+00:00,-59.328232
2013-01-29 00:15:00+00:00,-55.24139
2013-01-29 00:16:00+00:00,-51.586563
2013-01-29 00:17:00+00:00,-46.233849
2013-01-29 00:18:00+00:00,-41.394165
2013-01-29 00:19:00+00:00,-59.363285
2013-01-29 00:20:00+00:00,-60.465408
2013-01-29 00:21:00+00:00,-46.587646
2013-01-29 00:22:00+00:00,-39.332237
2013-01-29 00:23:00+00:00,-33.903549
2013-01-29 00:24:00+00:00,-30.28463
2013-01-29 00:25:00+00:00,-28.586258
2013-01-29 00:26:00+00:00,-29.095091
2013-01-29 00:27:00+00:00,-31.127701
2013-01-29 00:28:00+00:00,-29.740599
2013-01-29 00:29:00+00:00,-31.949432
2013-01-29 00:30:00+00:00,-33.130199
2013-01-29 00:31:00+00:00,-36.436657
2013-01-29 00:32:00+00:00,-40.942535
2013-01-29 00:33:00+00:00,-47.95652
2013-01-29 00:34:00+00:00,-57.178898
2013-01-29 00:35:00+00:00,-58.683002
2013-01-29 00:36:00+00:00,-56.27557
2013-01-29 00:37:00+00:00,-61.458641
2013-01-29 00:38:00+00:00,-58.628796
2013-01-29 00:39:00+00:00,-55.692375
2013-01-29 00:40:00+00:00,-57.102596
2013-01-29 00:41:00+00:00,-48.206184
2013-01-29 00:42:00+00:00,-39.367577
2013-01-29 00:43:00+00:00,-36.946198
2013-01-29 00:44:00+00:00,-41.52515
2013-01-29 00:45:00+00:00,-41.626984
2013-01-29 00:46:00+00:00,-39.763515
2013-01-29 00:47:00+00:00,-37.830338
2013-01-29 00:48:00+00:00,-35.132286
2013-01-29 00:49:00+00:00,-37.356987
2013-01-29 00:50:00+00:00,-38.094246
2013-01-29 00:51:00+00:00,-40.208282
2013-01-29 00:52:00+00:00,-41.763535
2013-01-29 00:53:00+00:00,-40.948452
2013-01-29 00:54:00+00:00,-38.283512
2013-01-29 00:55:00+00:00,-36.321434
2013-01-29 00:56:00+00:00,-32.681519
2013-01-29 00:57:00+00:00,-28.89949
2013-01-29 00:58:00+00:00,-28.334774
2013-01-29 00:59:00+00:00,-33.057659
2013-01-29 01:00:00+00:00,-42.926876
2013-01-29 01:01:00+00:00,-52.198307
2013-01-29 01:02:00+00:00,-54.500904
2013-01-29 01:03:00+00:00,-46.342598
2013-01-29 01:04:00+00:00,-40.090691
2013-01-29 01:05:00+00:00,-32.769718
2013-01-29 01:06:00+00:00,-26.686253
2013-01-29 01:07:00+00:00,-26.521355
2013-01-29 01:08:00+00:00,-29.721172
2013-01-29 01:09:00+00:00,-28.54438
2013-01-29 01:10:00+00:00,-26.973122
2013-01-29 01:11:00+00:00,-31.967796
2013-01-29 01:12:00+00:00,-36.618793
2013-01-29 01:13:00+00:00,-35.047153
2013-01-29 01:14:00+00:00,-33.259216
2013-01-29 01:15:00+00:00,-33.35994
2013-01-29 01:16:00+00:00,-25.624924
2013-01-29 01:17:00+00:00,-25.271168
2013-01-29 01:18:00+00:00,-25.492287
2013-01-29 01:19:00+00:00,-27.213669
2013-01-29 01:20:00+00:00,-27.832214
2013-01-29 01:21:00+00:00,-26.090229
2013-01-29 01:22:00+00:00,-26.211432
2013-01-29 01:23:00+00:00,-41.104694
2013-01-29 01:24:00+00:00,-44.063034
2013-01-29 01:25:00+00:00,-42.209538
2013-01-29 01:26:00+00:00,-37.456253
2013-01-29 01:27:00+00:00,-27.469038
2013-01-29 01:28:00+00:00,-27.557098
2013-01-29 01:29:00+00:00,-27.758131
2013-01-29 01:30:00+00:00,-27.729362
2013-01-29 01:31:00+00:00,-27.981508
2013-01-29 01:32:00+00:00,-28.052631
2013-01-29 01:33:00+00:00,-30.305559
2013-01-29 01:34:00+00:00,-54.603374
2013-01-29 01:35:00+00:00,-49.380554
2013-01-29 01:36:00+00:00,-36.900131
2013-01-29 01:37:00+00:00,-32.160992
2013-01-29 01:38:00+00:00,-31.042032
2013-01-29 01:39:00+00:00,-27.599409
2013-01-29 01:40:00+00:00,-29.94982
2013-01-29 01:41:00+00:00,-27.390272
2013-01-29 01:42:00+00:00,-25.662153
2013-01-29 01:43:00+00:00,-25.538208
2013-01-29 01:44:00+00:00,-25.754774
2013-01-29 01:45:00+00:00,-25.841154
2013-01-29 01:46:00+00:00,-25.591297
2013-01-29 01:47:00+00:00,-25.534506
2013-01-29 01:48:00+00:00,-25.707891
2013-01-29 01:49:00+00:00,-25.76185
2013-01-29 01:50:00+00:00,-25.746193
2013-01-29 01:51:00+00:00,-25.82596
2013-01-29 01:52:00+00:00,-72.424683
2013-01-29 01:53:00+00:00,-166.528076
2013-01-29 01:54:00+00:00,-157.545074
2013-01-29 01:55:00+00:00,-154.908325
2013-01-29 01:56:00+00:00,-160.292557
2013-01-29 01:57:00+00:00,-81.503632
2013-01-29 01:58:00+00:00,-101.121056
2013-01-29 01:59:00+00:00,-120.233284
2013-01-29 02:00:00+00:00,-104.282372
2013-01-29 02:01:00+00:00,-141.827408
2013-01-29 02:02:00+00:00,-112.542877
2013-01-29 02:03:00+00:00,-100.104073
2013-01-29 02:04:00+00:00,-107.985748
2013-01-29 02:05:00+00:00,-85.144005
2013-01-29 02:06:00+00:00,-57.199982
2013-01-29 02:07:00+00:00,-52.916893
2013-01-29 02:08:00+00:00,-49.661552
2013-01-29 02:09:00+00:00,-44.823143
2013-01-29 02:10:00+00:00,-45.903603
2013-01-29 02:11:00+00:00,-42.942005
2013-01-29 02:12:00+00:00,-46.690266
2013-01-29 02:13:00+00:00,-34.059521
2013-01-29 02:14:00+00:00,-28.412626
2013-01-29 02:15:00+00:00,-29.574411
2013-01-29 02:16:00+00:00,-29.019173
2013-01-29 02:17:00+00:00,-28.756681
2013-01-29 02:18:00+00:00,-28.337732
2013-01-29 02:19:00+00:00,-36.595993
2013-01-29 02:20:00+00:00,-61.533215
2013-01-29 02:21:00+00:00,-98.997643
2013-01-29 02:22:00+00:00,-121.648468
2013-01-29 02:23:00+00:00,-124.400398
2013-01-29 02:24:00+00:00,-164.242859
2013-01-29 02:25:00+00:00,-257.545654
2013-01-29 02:26:00+00:00,-150.561554
2013-01-29 02:27:00+00:00,-170.519241
2013-01-29 02:28:00+00:00,-118.749702
2013-01-29 02:29:00+00:00,-106.17804
2013-01-29 02:30:00+00:00,-133.725342
2013-01-29 02:31:00+00:00,-96.229126
2013-01-29 02:32:00+00:00,-175.458725
2013-01-29 02:33:00+00:00,-161.06015
2013-01-29 02:34:00+00:00,-140.245026
2013-01-29 02:35:00+00:00,-143.766785
2013-01-29 02:36:00+00:00,-100.066864
2013-01-29 02:37:00+00:00,-108.820747
2013-01-29 02:38:00+00:00,-104.551308
2013-01-29 02:39:00+00:00,-102.379585
2013-01-29 02:40:00+00:00,-100.763588
2013-01-29 02:41:00+00:00,-94.869324
2013-01-29 02:42:00+00:00,-51.175446
2013-01-29 02:43:00+00:00,-70.621078
2013-01-29 02:44:00+00:00,-71.901802
2013-01-29 02:45:00+00:00,-66.667549
2013-01-29 02:46:00+00:00,-69.294945
2013-01-29 02:47:00+00:00,-66.846283
2013-02-05 00:00:00+00:00,-8.865213
2013-02-05 00:01:00+00:00,-7.8591
2013-02-05 00:02:00+00:00,-8.049098
2013-02-05 00:03:00+00:00,-8.691129
2013-02-05 00:04:00+00:00,-9.076187
2013-02-05 00:05:00+00:00,-9.769073
2013-02-05 00:06:00+00:00,-9.118564
2013-02-05 00:07:00+00:00,-8.113285
2013-02-05 00:08:00+00:00,-7.932211
2013-02-05 00:09:00+00:00,-6.73369
2013-02-05 00:10:00+00:00,-4.831239
2013-02-05 00:11:00+00:00,-4.602006
2013-02-05 00:12:00+00:00,-5.022597
2013-02-05 00:13:00+00:00,-6.44041
2013-02-05 00:14:00+00:00,-7.462526
2013-02-05 00:15:00+00:00,-7.621154
2013-02-05 00:16:00+00:00,-7.007138
2013-02-05 00:17:00+00:00,-5.491567
2013-02-05 00:18:00+00:00,-6.050026
2013-02-05 00:19:00+00:00,-7.714759
2013-02-05 00:20:00+00:00,-8.138105
2013-02-05 00:21:00+00:00,-9.355232
2013-02-05 00:22:00+00:00,-9.544852
2013-02-05 00:23:00+00:00,-10.322207
2013-02-05 00:24:00+00:00,-9.436324
2013-02-05 00:25:00+00:00,-7.373535
2013-02-05 00:26:00+00:00,-5.617315
2013-02-05 00:27:00+00:00,-5.681357
2013-02-05 00:28:00+00:00,-6.123698
2013-02-05 00:29:00+00:00,-5.393178
2013-02-05 00:30:00+00:00,-7.335049
2013-02-05 00:31:00+00:00,-9.208614
2013-02-05 00:32:00+00:00,-10.671865
2013-02-05 00:33:00+00:00,-10.912079
2013-02-05 00:34:00+00:00,-9.301362
2013-02-05 00:35:00+00:00,-7.283548
2013-02-05 00:36:00+00:00,-5.670197
2013-02-05 00:37:00+00:00,-5.264031
2013-02-05 00:38:00+00:00,-4.765347
2013-02-05 00:39:00+00:00,-5.319942
2013-02-05 00:40:00+00:00,-3.759261
2013-02-05 00:41:00+00:00,-4.756524
2013-02-05 00:42:00+00:00,-5.192739
2013-02-05 00:43:00+00:00,-5.750648
2013-02-05 00:44:00+00:00,-5.74849
2013-02-05 00:45:00+00:00,-5.355686
2013-02-05 00:46:00+00:00,-5.600161
2013-02-05 00:47:00+00:00,-6.67518
2013-02-05 00:48:00+00:00,-5.741898
2013-02-05 00:49:00+00:00,-6.853331
2013-02-05 00:50:00+00:00,-7.128822
2013-02-05 00:51:00+00:00,-5.738094
2013-02-05 00:52:00+00:00,-6.068528
2013-02-05 00:53:00+00:00,-5.738206
2013-02-05 00:54:00+00:00,-5.740034
2013-02-05 00:55:00+00:00,-5.739137
2013-02-05 00:56:00+00:00,-5.738444
2013-02-05 00:57:00+00:00,-5.467709
2013-02-05 00:58:00+00:00,-6.014939
2013-02-05 00:59:00+00:00,-6.02286
2013-02-05 01:00:00+00:00,-5.503065
2013-02-05 01:01:00+00:00,-5.403266
2013-02-05 01:02:00+00:00,-5.630952
2013-02-05 01:03:00+00:00,-7.192822
2013-02-05 01:04:00+00:00,-7.326294
2013-02-05 01:05:00+00:00,-7.734263
2013-02-05 01:06:00+00:00,-7.968633
2013-02-05 01:07:00+00:00,-8.446135
2013-02-05 01:08:00+00:00,-8.571241
2013-02-05 01:09:00+00:00,-7.484287
2013-02-05 01:10:00+00:00,-6.892509
2013-02-05 01:11:00+00:00,-6.451837
2013-02-05 01:12:00+00:00,-7.637115
2013-02-05 01:13:00+00:00,-7.763425
2013-02-05 01:14:00+00:00,-7.570283
2013-02-05 01:15:00+00:00,-7.112987
2013-02-05 01:16:00+00:00,-8.255093
2013-02-05 01:17:00+00:00,-9.416313
2013-02-05 01:18:00+00:00,-9.898176
2013-02-05 01:19:00+00:00,-10.660944
2013-02-05 01:20:00+00:00,-11.479602
2013-02-05 01:21:00+00:00,-12.115203
2013-02-05 01:22:00+00:00,-12.070259
2013-02-05 01:23:00+00:00,-11.460329
2013-02-05 01:24:00+00:00,-11.677563
2013-02-05 01:25:00+00:00,-12.497681
2013-02-05 01:26:00+00:00,-12.561289
2013-02-05 01:27:00+00:00,-13.776558
2013-02-05 01:28:00+00:00,-14.025435
2013-02-05 01:29:00+00:00,-14.380766
2013-02-05 01:30:00+00:00,-14.04706
2013-02-05 01:31:00+00:00,-13.172797
2013-02-05 01:32:00+00:00,-12.776192
2013-02-05 01:33:00+00:00,-13.807519
2013-02-05 01:34:00+00:00,-16.809219
2013-02-05 01:35:00+00:00,-16.351488
2013-02-05 01:36:00+00:00,-21.179834
2013-02-05 01:37:00+00:00,-21.21871
2013-02-05 01:38:00+00:00,-17.222515
2013-02-05 01:39:00+00:00,-13.602398
2013-02-05 01:40:00+00:00,-11.997998
2013-02-05 01:41:00+00:00,-12.568511
2013-02-05 01:42:00+00:00,-13.551232
2013-02-05 01:43:00+00:00,-14.197152
2013-02-05 01:44:00+00:00,-13.018959
2013-02-05 01:45:00+00:00,-10.908266
2013-02-05 01:46:00+00:00,-10.852374
2013-02-05 01:47:00+00:00,-11.899142
2013-02-05 01:48:00+00:00,-12.008533
2013-02-05 01:49:00+00:00,-12.126839
2013-02-05 01:50:00+00:00,-12.723787
2013-02-05 01:51:00+00:00,-11.314034
2013-02-05 01:52:00+00:00,-9.180779
2013-02-05 01:53:00+00:00,-8.031681
2013-02-05 01:54:00+00:00,-7.039793
2013-02-05 01:55:00+00:00,-8.239869
2013-02-05 01:56:00+00:00,-11.448977
2013-02-05 01:57:00+00:00,-13.537149
2013-02-05 01:58:00+00:00,-14.283669
2013-02-05 01:59:00+00:00,-14.58504
2013-02-05 02:00:00+00:00,-16.779139
2013-02-05 02:01:00+00:00,-15.700974
2013-02-05 02:02:00+00:00,-10.708967
2013-02-05 02:03:00+00:00,-9.609296
2013-02-05 02:04:00+00:00,-10.160443
2013-02-05 02:05:00+00:00,-8.99169
2013-02-05 02:06:00+00:00,-8.638685
2013-02-05 02:07:00+00:00,-8.778292
2013-02-05 02:08:00+00:00,-10.59464
2013-02-05 02:09:00+00:00,-14.392873
2013-02-05 02:10:00+00:00,-13.391466
2013-02-05 02:11:00+00:00,-11.02973
2013-02-05 02:12:00+00:00,-10.647803
2013-02-05 02:13:00+00:00,-13.483654
2013-02-05 02:14:00+00:00,-16.731749
2013-02-05 02:15:00+00:00,-18.638115
2013-02-05 02:16:00+00:00,-18.535814
2013-02-05 02:17:00+00:00,-18.37793
2013-02-05 02:18:00+00:00,-16.918331
2013-02-05 02:19:00+00:00,-14.507658
2013-02-05 02:20:00+00:00,-11.639002
2013-02-05 02:21:00+00:00,-9.45988
2013-02-05 02:22:00+00:00,-8.775043
2013-02-05 02:23:00+00:00,-8.710038
2013-02-05 02:24:00+00:00,-8.871876
2013-02-05 02:25:00+00:00,-10.679195
2013-02-05 02:26:00+00:00,-12.573401
2013-02-05 02:27:00+00:00,-15.0985
2013-02-05 02:28:00+00:00,-18.378439
2013-02-05 02:29:00+00:00,-19.778511
2013-02-05 02:30:00+00:00,-17.700008
2013-02-05 02:31:00+00:00,-13.763195
2013-02-05 02:32:00+00:00,-10.447605
2013-02-05 02:33:00+00:00,-8.895774
2013-02-05 02:34:00+00:00,-9.676122
2013-02-05 02:35:00+00:00,-11.958489
2013-02-05 02:36:00+00:00,-13.236106
2013-02-05 02:37:00+00:00,-12.419044
2013-02-05 02:38:00+00:00,-10.942554
2013-02-05 02:39:00+00:00,-12.024948
2013-02-05 02:40:00+00:00,-13.609853
2013-02-05 02:41:00+00:00,-16.07781
2013-02-05 02:42:00+00:00,-18.971809
2013-02-05 02:43:00+00:00,-21.187117
2013-02-05 02:44:00+00:00,-24.626282
2013-02-05 02:45:00+00:00,-24.327148
2013-02-05 02:46:00+00:00,-19.70203
2013-02-05 02:47:00+00:00,-17.124374
2013-02-12 00:00:00+00:00,-37.42157
2013-02-12 00:01:00+00:00,-40.075573
2013-02-12 00:02:00+00:00,-43.013496
2013-02-12 00:03:00+00:00,-43.845093
2013-02-12 00:04:00+00:00,-40.402306
2013-02-12 00:05:00+00:00,-36.710857
2013-02-12 00:06:00+00:00,-39.185242
2013-02-12 00:07:00+00:00,-40.806732
2013-02-12 00:08:00+00:00,-42.537205
2013-02-12 00:09:00+00:00,-37.397949
2013-02-12 00:10:00+00:00,-30.8323
2013-02-12 00:11:00+00:00,-35.017303
2013-02-12 00:12:00+00:00,-40.261532
2013-02-12 00:13:00+00:00,-20.935877
2013-02-12 00:14:00+00:00,-21.680456
2013-02-12 00:15:00+00:00,-25.792961
2013-02-12 00:16:00+00:00,-20.691208
2013-02-12 00:17:00+00:00,-18.808764
2013-02-12 00:18:00+00:00,-20.43792
2013-02-12 00:19:00+00:00,-17.108418
2013-02-12 00:20:00+00:00,-23.048639
2013-02-12 00:21:00+00:00,-35.146641
2013-02-12 00:22:00+00:00,-32.126797
2013-02-12 00:23:00+00:00,-25.435305
2013-02-12 00:24:00+00:00,-15.457493
2013-02-12 00:25:00+00:00,-14.452841
2013-02-12 00:26:00+00:00,-12.448524
2013-02-12 00:27:00+00:00,-11.528746
2013-02-12 00:28:00+00:00,-14.002614
2013-02-12 00:29:00+00:00,-14.824553
2013-02-12 00:30:00+00:00,-12.423726
2013-02-12 00:31:00+00:00,-13.415771
2013-02-12 00:32:00+00:00,-15.413558
2013-02-12 00:33:00+00:00,-17.031935
2013-02-12 00:34:00+00:00,-17.871931
2013-02-12 00:35:00+00:00,-17.693144
2013-02-12 00:36:00+00:00,-17.454744
2013-02-12 00:37:00+00:00,-14.393796
2013-02-12 00:38:00+00:00,-14.849366
2013-02-12 00:39:00+00:00,-14.263096
2013-02-12 00:40:00+00:00,-13.242356
2013-02-12 00:41:00+00:00,-12.7822
2013-02-12 00:42:00+00:00,-11.297327
2013-02-12 00:43:00+00:00,-23.673359
2013-02-12 00:44:00+00:00,-26.154606
2013-02-12 00:45:00+00:00,-30.587391
2013-02-12 00:46:00+00:00,-46.140621
2013-02-12 00:47:00+00:00,-35.95491
2013-02-12 00:48:00+00:00,-25.714771
2013-02-12 00:49:00+00:00,-23.54023
2013-02-12 00:50:00+00:00,-26.435717
2013-02-12 00:51:00+00:00,-31.198044
2013-02-12 00:52:00+00:00,-36.04792
2013-02-12 00:53:00+00:00,-31.86438
2013-02-12 00:54:00+00:00,-27.515585
2013-02-12 00:55:00+00:00,-25.216511
2013-02-12 00:56:00+00:00,-18.202883
2013-02-12 00:57:00+00:00,-15.030736
2013-02-12 00:58:00+00:00,-17.007433
2013-02-12 00:59:00+00:00,-18.984259
2013-02-12 01:00:00+00:00,-19.956484
2013-02-12 01:01:00+00:00,-19.932068
2013-02-12 01:02:00+00:00,-36.092377
2013-02-12 01:03:00+00:00,-47.055229
2013-02-12 01:04:00+00:00,-35.238167
2013-02-12 01:05:00+00:00,-48.424198
2013-02-12 01:06:00+00:00,-52.401581
2013-02-12 01:07:00+00:00,-60.240505
2013-02-12 01:08:00+00:00,-59.050404
2013-02-12 01:09:00+00:00,-71.791145
2013-02-12 01:10:00+00:00,-78.810455
2013-02-12 01:11:00+00:00,-82.654129
2013-02-12 01:12:00+00:00,-90.530258
2013-02-12 01:13:00+00:00,-80.776611
2013-02-12 01:14:00+00:00,-69.457733
2013-02-12 01:15:00+00:00,-61.293282
2013-02-12 01:16:00+00:00,-47.99218
2013-02-12 01:17:00+00:00,-45.73518
2013-02-12 01:18:00+00:00,-57.40107
2013-02-12 01:19:00+00:00,-70.183197
2013-02-12 01:20:00+00:00,-81.214386
2013-02-12 01:21:00+00:00,-75.918182
2013-02-12 01:22:00+00:00,-66.315338
2013-02-12 01:23:00+00:00,-84.315666
2013-02-12 01:24:00+00:00,-94.434097
2013-02-12 01:25:00+00:00,-87.760338
2013-02-12 01:26:00+00:00,-85.036476
2013-02-12 01:27:00+00:00,-64.240005
2013-02-12 01:28:00+00:00,-49.397686
2013-02-12 01:29:00+00:00,-50.938305
2013-02-12 01:30:00+00:00,-47.46574
2013-02-12 01:31:00+00:00,-38.33593
2013-02-12 01:32:00+00:00,-28.487289
2013-02-12 01:33:00+00:00,-23.602676
2013-02-12 01:34:00+00:00,-24.974861
2013-02-12 01:35:00+00:00,-38.407665
2013-02-12 01:36:00+00:00,-51.121849
2013-02-12 01:37:00+00:00,-66.210068
2013-02-12 01:38:00+00:00,-61.28083
2013-02-12 01:39:00+00:00,-53.504913
2013-02-12 01:40:00+00:00,-56.116798
2013-02-12 01:41:00+00:00,-52.048988
2013-02-12 01:42:00+00:00,-57.083771
2013-02-12 01:43:00+00:00,-60.241028
2013-02-12 01:44:00+00:00,-53.005207
2013-02-12 01:45:00+00:00,-46.797268
2013-02-12 01:46:00+00:00,-57.340477
2013-02-12 01:47:00+00:00,-55.29924
2013-02-12 01:48:00+00:00,-53.250145
2013-02-12 01:49:00+00:00,-51.338799
2013-02-12 01:50:00+00:00,-35.144188
2013-02-12 01:51:00+00:00,-35.952549
2013-02-12 01:52:00+00:00,-33.714939
2013-02-12 01:53:00+00:00,-34.103336
2013-02-12 01:54:00+00:00,-34.07856
2013-02-12 01:55:00+00:00,-31.527439
2013-02-12 01:56:00+00:00,-29.433712
2013-02-12 01:57:00+00:00,-29.018185
2013-02-12 01:58:00+00:00,-27.416206
2013-02-12 01:59:00+00:00,-28.097437
2013-02-12 02:00:00+00:00,-29.005322
2013-02-12 02:01:00+00:00,-31.936476
2013-02-12 02:02:00+00:00,-31.628765
2013-02-12 02:03:00+00:00,-28.464176
2013-02-12 02:04:00+00:00,-24.239494
2013-02-12 02:05:00+00:00,-21.205168
2013-02-12 02:06:00+00:00,-21.742989
2013-02-12 02:07:00+00:00,-29.038845
2013-02-12 02:08:00+00:00,-25.841082
2013-02-12 02:09:00+00:00,-27.688332
2013-02-12 02:10:00+00:00,-32.148277
2013-02-12 02:11:00+00:00,-45.924591
2013-02-12 02:12:00+00:00,-56.730469
2013-02-12 02:13:00+00:00,-55.085003
2013-02-12 02:14:00+00:00,-60.375225
2013-02-12 02:15:00+00:00,-76.155563
2013-02-12 02:16:00+00:00,-85.632812
2013-02-12 02:17:00+00:00,-80.092415
2013-02-12 02:18:00+00:00,-83.448021
2013-02-12 02:19:00+00:00,-78.881554
2013-02-12 02:20:00+00:00,-85.530304
2013-02-12 02:21:00+00:00,-71.68412
2013-02-12 02:22:00+00:00,-78.077904
2013-02-12 02:23:00+00:00,-72.234337
2013-02-12 02:24:00+00:00,-54.750507
2013-02-12 02:25:00+00:00,-47.050274
2013-02-12 02:26:00+00:00,-62.666866
2013-02-12 02:27:00+00:00,-58.509346
2013-02-12 02:28:00+00:00,-49.425663
2013-02-12 02:29:00+00:00,-39.884308
2013-02-12 02:30:00+00:00,-36.457699
2013-02-12 02:31:00+00:00,-39.397926
2013-02-12 02:32:00+00:00,-36.079281
2013-02-12 02:33:00+00:00,-37.97113
2013-02-12 02:34:00+00:00,-43.546474
2013-02-12 02:35:00+00:00,-53.911442
2013-02-12 02:36:00+00:00,-66.406624
2013-02-12 02:37:00+00:00,-67.777336
2013-02-12 02:38:00+00:00,-66.265541
2013-02-12 02:39:00+00:00,-58.572601
2013-02-12 02:40:00+00:00,-58.248413
2013-02-12 02:41:00+00:00,-58.581306
2013-02-12 02:42:00+00:00,-56.696953
2013-02-12 02:43:00+00:00,-58.015087
2013-02-12 02:44:00+00:00,-61.375671
2013-02-12 02:45:00+00:00,-56.336216
2013-02-12 02:46:00+00:00,-29.901512
2013-02-12 02:47:00+00:00,-24.955261
2013-02-19 00:00:00+00:00,-41.83445
2013-02-19 00:01:00+00:00,-42.515797
2013-02-19 00:02:00+00:00,-41.002659
2013-02-19 00:03:00+00:00,-38.110683
2013-02-19 00:04:00+00:00,-36.067375
2013-02-19 00:05:00+00:00,-33.968712
2013-02-19 00:06:00+00:00,-32.059727
2013-02-19 00:07:00+00:00,-31.09465
2013-02-19 00:08:00+00:00,-26.905376
2013-02-19 00:09:00+00:00,-23.204193
2013-02-19 00:10:00+00:00,-22.441116
2013-02-19 00:11:00+00:00,-21.701521
2013-02-19 00:12:00+00:00,-23.006676
2013-02-19 00:13:00+00:00,-22.599031
2013-02-19 00:14:00+00:00,-21.302124
2013-02-19 00:15:00+00:00,-22.031715
2013-02-19 00:16:00+00:00,-22.866407
2013-02-19 00:17:00+00:00,-22.510262
2013-02-19 00:18:00+00:00,-21.789871
2013-02-19 00:19:00+00:00,-21.131483
2013-02-19 00:20:00+00:00,-21.174374
2013-02-19 00:21:00+00:00,-21.024672
2013-02-19 00:22:00+00:00,-24.786299
2013-02-19 00:23:00+00:00,-30.404091
2013-02-19 00:24:00+00:00,-32.856361
2013-02-19 00:25:00+00:00,-34.016857
2013-02-19 00:26:00+00:00,-34.247395
2013-02-19 00:27:00+00:00,-33.625832
2013-02-19 00:28:00+00:00,-32.41711
2013-02-19 00:29:00+00:00,-32.12542
2013-02-19 00:30:00+00:00,-31.032747
2013-02-19 00:31:00+00:00,-29.842493
2013-02-19 00:32:00+00:00,-30.074808
2013-02-19 00:33:00+00:00,-30.076836
2013-02-19 00:34:00+00:00,-28.622751
2013-02-19 00:35:00+00:00,-27.368319
2013-02-19 00:36:00+00:00,-27.991983
2013-02-19 00:37:00+00:00,-28.457146
2013-02-19 00:38:00+00:00,-29.062357
2013-02-19 00:39:00+00:00,-28.814974
2013-02-19 00:40:00+00:00,-27.380726
2013-02-19 00:41:00+00:00,-25.807989
2013-02-19 00:42:00+00:00,-24.223429
2013-02-19 00:43:00+00:00,-23.54534
2013-02-19 00:44:00+00:00,-23.302357
2013-02-19 00:45:00+00:00,-21.754946
2013-02-19 00:46:00+00:00,-19.587671
2013-02-19 00:47:00+00:00,-21.445442
2013-02-19 00:48:00+00:00,-21.191814
2013-02-19 00:49:00+00:00,-21.298321
2013-02-19 00:50:00+00:00,-20.445736
2013-02-19 00:51:00+00:00,-20.059008
2013-02-19 00:52:00+00:00,-19.656351
2013-02-19 00:53:00+00:00,-19.612051
2013-02-19 00:54:00+00:00,-20.241636
2013-02-19 00:55:00+00:00,-20.608946
2013-02-19 00:56:00+00:00,-20.529503
2013-02-19 00:57:00+00:00,-20.157726
2013-02-19 00:58:00+00:00,-19.730227
2013-02-19 00:59:00+00:00,-19.216274
2013-02-19 01:00:00+00:00,-18.198277
2013-02-19 01:01:00+00:00,-16.480165
2013-02-19 01:02:00+00:00,-14.993182
2013-02-19 01:03:00+00:00,-14.8882
2013-02-19 01:04:00+00:00,-14.855739
2013-02-19 01:05:00+00:00,-15.824532
2013-02-19 01:06:00+00:00,-16.796074
2013-02-19 01:07:00+00:00,-15.767824
2013-02-19 01:08:00+00:00,-15.744232
2013-02-19 01:09:00+00:00,-15.274497
2013-02-19 01:10:00+00:00,-16.463837
2013-02-19 01:11:00+00:00,-17.880545
2013-02-19 01:12:00+00:00,-21.609827
2013-02-19 01:13:00+00:00,-24.36414
2013-02-19 01:14:00+00:00,-22.686392
2013-02-19 01:15:00+00:00,-23.051205
2013-02-19 01:16:00+00:00,-22.615147
2013-02-19 01:17:00+00:00,-24.346022
2013-02-19 01:18:00+00:00,-26.373301
2013-02-19 01:19:00+00:00,-27.150383
2013-02-19 01:20:00+00:00,-27.469084
2013-02-19 01:21:00+00:00,-27.233044
2013-02-19 01:22:00+00:00,-27.14809
2013-02-19 01:23:00+00:00,-27.626705
2013-02-19 01:24:00+00:00,-27.547512
2013-02-19 01:25:00+00:00,-27.40313
2013-02-19 01:26:00+00:00,-26.844582
2013-02-19 01:27:00+00:00,-26.37822
2013-02-19 01:28:00+00:00,-25.388662
2013-02-19 01:29:00+00:00,-24.378626
2013-02-19 01:30:00+00:00,-24.052797
2013-02-19 01:31:00+00:00,-23.958441
2013-02-19 01:32:00+00:00,-24.233744
2013-02-19 01:33:00+00:00,-24.779404
2013-02-19 01:34:00+00:00,-24.898766
2013-02-19 01:35:00+00:00,-24.949499
2013-02-19 01:36:00+00:00,-24.725241
2013-02-19 01:37:00+00:00,-24.712505
2013-02-19 01:38:00+00:00,-24.390539
2013-02-19 01:39:00+00:00,-24.052439
2013-02-19 01:40:00+00:00,-24.168715
2013-02-19 01:41:00+00:00,-23.440617
2013-02-19 01:42:00+00:00,-21.875816
2013-02-19 01:43:00+00:00,-21.274612
2013-02-19 01:44:00+00:00,-21.577887
2013-02-19 01:45:00+00:00,-22.309006
2013-02-19 01:46:00+00:00,-22.712067
2013-02-19 01:47:00+00:00,-22.475521
2013-02-19 01:48:00+00:00,-21.994038
2013-02-19 01:49:00+00:00,-21.995638
2013-02-19 01:50:00+00:00,-22.542889
2013-02-19 01:51:00+00:00,-22.547232
2013-02-19 01:52:00+00:00,-22.433487
2013-02-19 01:53:00+00:00,-22.542246
2013-02-19 01:54:00+00:00,-21.983114
2013-02-19 01:55:00+00:00,-21.325724
2013-02-19 01:56:00+00:00,-20.971621
2013-02-19 01:57:00+00:00,-21.700188
2013-02-19 01:58:00+00:00,-22.279865
2013-02-19 01:59:00+00:00,-21.473162
2013-02-19 02:00:00+00:00,-20.784195
2013-02-19 02:01:00+00:00,-20.725126
2013-02-19 02:02:00+00:00,-20.953157
2013-02-19 02:03:00+00:00,-22.175861
2013-02-19 02:04:00+00:00,-23.41888
2013-02-19 02:05:00+00:00,-24.13875
2013-02-19 02:06:00+00:00,-24.10043
2013-02-19 02:07:00+00:00,-24.163717
2013-02-19 02:08:00+00:00,-24.219604
2013-02-19 02:09:00+00:00,-24.794828
2013-02-19 02:10:00+00:00,-24.693512
2013-02-19 02:11:00+00:00,-25.420872
2013-02-19 02:12:00+00:00,-26.554502
2013-02-19 02:13:00+00:00,-26.270294
2013-02-19 02:14:00+00:00,-23.998005
2013-02-19 02:15:00+00:00,-21.748877
2013-02-19 02:16:00+00:00,-21.082729
2013-02-19 02:17:00+00:00,-20.860439
2013-02-19 02:18:00+00:00,-20.54122
2013-02-19 02:19:00+00:00,-20.910845
2013-02-19 02:20:00+00:00,-21.523769
2013-02-19 02:21:00+00:00,-22.383375
2013-02-19 02:22:00+00:00,-22.77235
2013-02-19 02:23:00+00:00,-22.895571
2013-02-19 02:24:00+00:00,-23.066713
2013-02-19 02:25:00+00:00,-23.267784
2013-02-19 02:26:00+00:00,-23.06344
2013-02-19 02:27:00+00:00,-22.927868
2013-02-19 02:28:00+00:00,-22.782013
2013-02-19 02:29:00+00:00,-22.56637
2013-02-19 02:30:00+00:00,-22.640842
2013-02-19 02:31:00+00:00,-22.640476
2013-02-19 02:32:00+00:00,-24.170324
2013-02-19 02:33:00+00:00,-26.47307
2013-02-19 02:34:00+00:00,-30.524559
2013-02-19 02:35:00+00:00,-35.378033
2013-02-19 02:36:00+00:00,-35.409981
2013-02-19 02:37:00+00:00,-34.891415
2013-02-19 02:38:00+00:00,-34.716396
2013-02-19 02:39:00+00:00,-35.3913
2013-02-19 02:40:00+00:00,-32.85511
2013-02-19 02:41:00+00:00,-29.642511
2013-02-19 02:42:00+00:00,-25.066517
2013-02-19 02:43:00+00:00,-22.279734
2013-02-19 02:44:00+00:00,-19.789015
2013-02-19 02:45:00+00:00,-19.954664
2013-02-19 02:46:00+00:00,-20.537165
2013-02-19 02:47:00+00:00,-21.502155
2013-02-26 00:00:00+00:00,-125.926445
2013-02-26 00:01:00+00:00,-118.43869
2013-02-26 00:02:00+00:00,-111.363007
2013-02-26 00:03:00+00:00,-100.542191
2013-02-26 00:04:00+00:00,-92.914566
2013-02-26 00:05:00+00:00,-83.834595
2013-02-26 00:06:00+00:00,-73.420364
2013-02-26 00:07:00+00:00,-64.186432
2013-02-26 00:08:00+00:00,-54.211849
2013-02-26 00:09:00+00:00,-49.883217
2013-02-26 00:10:00+00:00,-54.479836
2013-02-26 00:11:00+00:00,-34.987915
2013-02-26 00:12:00+00:00,-40.024506
2013-02-26 00:13:00+00:00,-48.419144
2013-02-26 00:14:00+00:00,-74.863869
2013-02-26 00:15:00+00:00,-96.146797
2013-02-26 00:16:00+00:00,-103.586151
2013-02-26 00:17:00+00:00,-82.705475
2013-02-26 00:18:00+00:00,-64.928452
2013-02-26 00:19:00+00:00,-50.819771
2013-02-26 00:20:00+00:00,-51.323441
2013-02-26 00:21:00+00:00,-51.405918
2013-02-26 00:22:00+00:00,-49.335434
2013-02-26 00:23:00+00:00,-45.821159
2013-02-26 00:24:00+00:00,-43.034622
2013-02-26 00:25:00+00:00,-44.188919
2013-02-26 00:26:00+00:00,-44.465477
2013-02-26 00:27:00+00:00,-43.402164
2013-02-26 00:28:00+00:00,-39.897629
2013-02-26 00:29:00+00:00,-36.762062
2013-02-26 00:30:00+00:00,-36.703674
2013-02-26 00:31:00+00:00,-34.316803
2013-02-26 00:32:00+00:00,-33.178719
2013-02-26 00:33:00+00:00,-30.763617
2013-02-26 00:34:00+00:00,-30.748468
2013-02-26 00:35:00+00:00,-30.287109
2013-02-26 00:36:00+00:00,-27.63077
2013-02-26 00:37:00+00:00,-25.074856
2013-02-26 00:38:00+00:00,-23.077656
2013-02-26 00:39:00+00:00,-22.295879
2013-02-26 00:40:00+00:00,-20.061863
2013-02-26 00:41:00+00:00,-18.744425
2013-02-26 00:42:00+00:00,-15.616667
2013-02-26 00:43:00+00:00,-13.996255
2013-02-26 00:44:00+00:00,-13.938875
2013-02-26 00:45:00+00:00,-14.301401
2013-02-26 00:46:00+00:00,-14.326136
2013-02-26 00:47:00+00:00,-14.325095
2013-02-26 00:48:00+00:00,-20.443724
2013-02-26 00:49:00+00:00,-14.929453
2013-02-26 00:50:00+00:00,-36.409187
2013-02-26 00:51:00+00:00,-38.339146
2013-02-26 00:52:00+00:00,-43.765205
2013-02-26 00:53:00+00:00,-41.777313
2013-02-26 00:54:00+00:00,-39.475758
2013-02-26 00:55:00+00:00,-43.073013
2013-02-26 00:56:00+00:00,-44.496025
2013-02-26 00:57:00+00:00,-46.433472
2013-02-26 00:58:00+00:00,-44.264542
2013-02-26 00:59:00+00:00,-56.575546
2013-02-26 01:00:00+00:00,-86.332985
2013-02-26 01:01:00+00:00,-131.527847
2013-02-26 01:02:00+00:00,-154.657532
2013-02-26 01:03:00+00:00,-154.934708
2013-02-26 01:04:00+00:00,-115.427925
2013-02-26 01:05:00+00:00,-82.614502
2013-02-26 01:06:00+00:00,-76.614731
2013-02-26 01:07:00+00:00,-70.36689
2013-02-26 01:08:00+00:00,-55.252987
2013-02-26 01:09:00+00:00,-54.214005
2013-02-26 01:10:00+00:00,-52.698952
2013-02-26 01:11:00+00:00,-52.737473
2013-02-26 01:12:00+00:00,-48.82925
2013-02-26 01:13:00+00:00,-49.033436
2013-02-26 01:14:00+00:00,-48.475098
2013-02-26 01:15:00+00:00,-45.25106
2013-02-26 01:16:00+00:00,-44.16188
2013-02-26 01:17:00+00:00,-40.180336
2013-02-26 01:18:00+00:00,-38.039619
2013-02-26 01:19:00+00:00,-35.700764
2013-02-26 01:20:00+00:00,-35.398949
2013-02-26 01:21:00+00:00,-34.50631
2013-02-26 01:22:00+00:00,-34.348873
2013-02-26 01:23:00+00:00,-36.549721
2013-02-26 01:24:00+00:00,-38.77964
2013-02-26 01:25:00+00:00,-45.343315
2013-02-26 01:26:00+00:00,-41.704548
2013-02-26 01:27:00+00:00,-44.492195
2013-02-26 01:28:00+00:00,-36.155426
2013-02-26 01:29:00+00:00,-33.907104
2013-02-26 01:30:00+00:00,-32.530354
2013-02-26 01:31:00+00:00,-31.540197
2013-02-26 01:32:00+00:00,-32.137085
2013-02-26 01:33:00+00:00,-31.311317
2013-02-26 01:34:00+00:00,-31.929951
2013-02-26 01:35:00+00:00,-31.298744
2013-02-26 01:36:00+00:00,-30.766171
2013-02-26 01:37:00+00:00,-30.179031
2013-02-26 01:38:00+00:00,-29.452179
2013-02-26 01:39:00+00:00,-29.710766
2013-02-26 01:40:00+00:00,-30.080547
2013-02-26 01:41:00+00:00,-29.83601
2013-02-26 01:42:00+00:00,-27.880566
2013-02-26 01:43:00+00:00,-29.712976
2013-02-26 01:44:00+00:00,-26.873508
2013-02-26 01:45:00+00:00,-27.779839
2013-02-26 01:46:00+00:00,-27.41991
2013-02-26 01:47:00+00:00,-29.903973
2013-02-26 01:48:00+00:00,-31.128399
2013-02-26 01:49:00+00:00,-32.565422
2013-02-26 01:50:00+00:00,-36.071987
2013-02-26 01:51:00+00:00,-42.379128
2013-02-26 01:52:00+00:00,-47.125019
2013-02-26 01:53:00+00:00,-45.162788
2013-02-26 01:54:00+00:00,-41.783913
2013-02-26 01:55:00+00:00,-39.150127
2013-02-26 01:56:00+00:00,-37.449146
2013-02-26 01:57:00+00:00,-35.303932
2013-02-26 01:58:00+00:00,-35.990971
2013-02-26 01:59:00+00:00,-36.370148
2013-02-26 02:00:00+00:00,-37.180145
2013-02-26 02:01:00+00:00,-39.49667
2013-02-26 02:02:00+00:00,-39.076912
2013-02-26 02:03:00+00:00,-37.93911
2013-02-26 02:04:00+00:00,-38.69593
2013-02-26 02:05:00+00:00,-37.902767
2013-02-26 02:06:00+00:00,-37.830448
2013-02-26 02:07:00+00:00,-40.190655
2013-02-26 02:08:00+00:00,-41.573517
2013-02-26 02:09:00+00:00,-40.229572
2013-02-26 02:10:00+00:00,-41.567013
2013-02-26 02:11:00+00:00,-42.482155
2013-02-26 02:12:00+00:00,-39.834972
2013-02-26 02:13:00+00:00,-42.397701
2013-02-26 02:14:00+00:00,-48.740967
2013-02-26 02:15:00+00:00,-51.466103
2013-02-26 02:16:00+00:00,-53.393715
2013-02-26 02:17:00+00:00,-50.619297
2013-02-26 02:18:00+00:00,-53.842339
2013-02-26 02:19:00+00:00,-53.487453
2013-02-26 02:20:00+00:00,-55.657681
2013-02-26 02:21:00+00:00,-50.616924
2013-02-26 02:22:00+00:00,-52.850986
2013-02-26 02:23:00+00:00,-49.34816
2013-02-26 02:24:00+00:00,-45.246655
2013-02-26 02:25:00+00:00,-40.112209
2013-02-26 02:26:00+00:00,-38.387028
2013-02-26 02:27:00+00:00,-38.626373
2013-02-26 02:28:00+00:00,-37.022568
2013-02-26 02:29:00+00:00,-41.368698
2013-02-26 02:30:00+00:00,-42.151058
2013-02-26 02:31:00+00:00,-44.306183
2013-02-26 02:32:00+00:00,-44.348598
2013-02-26 02:33:00+00:00,-46.333965
2013-02-26 02:34:00+00:00,-51.658745
2013-02-26 02:35:00+00:00,-46.473286
2013-02-26 02:36:00+00:00,-46.410416
2013-02-26 02:37:00+00:00,-50.5228
2013-02-26 02:38:00+00:00,-49.586029
2013-02-26 02:39:00+00:00,-51.646183
2013-02-26 02:40:00+00:00,-46.874847
2013-02-26 02:41:00+00:00,-45.749687
2013-02-26 02:42:00+00:00,-45.288406
2013-02-26 02:43:00+00:00,-43.258198
2013-02-26 02:44:00+00:00,-41.922573
2013-02-26 02:45:00+00:00,-39.610756
2013-02-26 02:46:00+00:00,-37.094048
2013-02-26 02:47:00+00:00,-36.7603
2013-03-05 00:00:00+00:00,-149.544357
2013-03-05 00:01:00+00:00,-120.560493
2013-03-05 00:02:00+00:00,-96.849312
2013-03-05 00:03:00+00:00,-75.771248
2013-03-05 00:04:00+00:00,-61.510628
2013-03-05 00:05:00+00:00,-64.784309
2013-03-05 00:06:00+00:00,-66.369415
2013-03-05 00:07:00+00:00,-74.16539
2013-03-05 00:08:00+00:00,-73.034363
2013-03-05 00:09:00+00:00,-78.425499
2013-03-05 00:10:00+00:00,-94.424706
2013-03-05 00:11:00+00:00,-81.669502
2013-03-05 00:12:00+00:00,-81.343468
2013-03-05 00:13:00+00:00,-66.661308
2013-03-05 00:14:00+00:00,-64.442322
2013-03-05 00:15:00+00:00,-65.736176
2013-03-05 00:16:00+00:00,-59.995956
2013-03-05 00:17:00+00:00,-52.517437
2013-03-05 00:18:00+00:00,-42.883575
2013-03-05 00:19:00+00:00,-48.709244
2013-03-05 00:20:00+00:00,-56.079121
2013-03-05 00:21:00+00:00,-57.13588
2013-03-05 00:22:00+00:00,-45.521801
2013-03-05 00:23:00+00:00,-42.851265
2013-03-05 00:24:00+00:00,-46.160133
2013-03-05 00:25:00+00:00,-53.730827
2013-03-05 00:26:00+00:00,-43.143578
2013-03-05 00:27:00+00:00,-40.469791
2013-03-05 00:28:00+00:00,-30.540915
2013-03-05 00:29:00+00:00,-38.183155
2013-03-05 00:30:00+00:00,-46.762608
2013-03-05 00:31:00+00:00,-49.035728
2013-03-05 00:32:00+00:00,-51.633888
2013-03-05 00:33:00+00:00,-52.29583
2013-03-05 00:34:00+00:00,-45.596176
2013-03-05 00:35:00+00:00,-46.386963
2013-03-05 00:36:00+00:00,-51.972702
2013-03-05 00:37:00+00:00,-50.634148
2013-03-05 00:38:00+00:00,-52.077187
2013-03-05 00:39:00+00:00,-60.383194
2013-03-05 00:40:00+00:00,-66.44503
2013-03-05 00:41:00+00:00,-73.133667
2013-03-05 00:42:00+00:00,-77.43515
2013-03-05 00:43:00+00:00,-87.296677
2013-03-05 00:44:00+00:00,-89.367081
2013-03-05 00:45:00+00:00,-84.948639
2013-03-05 00:46:00+00:00,-86.430786
2013-03-05 00:47:00+00:00,-81.934166
2013-03-05 00:48:00+00:00,-95.684784
2013-03-05 00:49:00+00:00,-122.25766
2013-03-05 00:50:00+00:00,-122.747002
2013-03-05 00:51:00+00:00,-149.663269
2013-03-05 00:52:00+00:00,-181.550735
2013-03-05 00:53:00+00:00,-263.845123
2013-03-05 00:54:00+00:00,-360.459808
2013-03-05 00:55:00+00:00,-394.412079
2013-03-05 00:56:00+00:00,-364.333069
2013-03-05 00:57:00+00:00,-285.476776
2013-03-05 00:58:00+00:00,-273.133881
2013-03-05 00:59:00+00:00,-312.099976
2013-03-05 01:00:00+00:00,-263.557922
2013-03-05 01:01:00+00:00,-277.085754
2013-03-05 01:02:00+00:00,-362.956696
2013-03-05 01:03:00+00:00,-370.755066
2013-03-05 01:04:00+00:00,-378.57666
2013-03-05 01:05:00+00:00,-386.41449
2013-03-05 01:06:00+00:00,-372.907593
2013-03-05 01:07:00+00:00,-349.836426
2013-03-05 01:08:00+00:00,-365.284302
2013-03-05 01:09:00+00:00,-315.542236
2013-03-05 01:10:00+00:00,-295.909576
2013-03-05 01:11:00+00:00,-290.923157
2013-03-05 01:12:00+00:00,-284.782013
2013-03-05 01:13:00+00:00,-285.400787
2013-03-05 01:14:00+00:00,-326.80191
2013-03-05 01:15:00+00:00,-354.400421
2013-03-05 01:16:00+00:00,-311.548065
2013-03-05 01:17:00+00:00,-280.82547
2013-03-05 01:18:00+00:00,-276.929382
2013-03-05 01:19:00+00:00,-273.390015
2013-03-05 01:20:00+00:00,-269.670837
2013-03-05 01:21:00+00:00,-270.283966
2013-03-05 01:22:00+00:00,-262.786682
2013-03-05 01:23:00+00:00,-257.5802
2013-03-05 01:24:00+00:00,-246.411804
2013-03-05 01:25:00+00:00,-234.071518
2013-03-05 01:26:00+00:00,-225.137115
2013-03-05 01:27:00+00:00,-216.760132
2013-03-05 01:28:00+00:00,-219.932953
2013-03-05 01:29:00+00:00,-221.32666
2013-03-05 01:30:00+00:00,-212.39801
2013-03-05 01:31:00+00:00,-208.425354
2013-03-05 01:32:00+00:00,-215.101913
2013-03-05 01:33:00+00:00,-206.811264
2013-03-05 01:34:00+00:00,-200.251022
2013-03-05 01:35:00+00:00,-196.143372
2013-03-05 01:36:00+00:00,-192.619553
2013-03-05 01:37:00+00:00,-187.940094
2013-03-05 01:38:00+00:00,-185.668274
2013-03-05 01:39:00+00:00,-188.666733
2013-03-05 01:40:00+00:00,-186.112396
2013-03-05 01:41:00+00:00,-180.855927
2013-03-05 01:42:00+00:00,-176.666718
2013-03-05 01:43:00+00:00,-174.074219
2013-03-05 01:44:00+00:00,-169.006943
2013-03-05 01:45:00+00:00,-172.360611
2013-03-05 01:46:00+00:00,-163.567566
2013-03-05 01:47:00+00:00,-151.792175
2013-03-05 01:48:00+00:00,-143.390533
2013-03-05 01:49:00+00:00,-140.82785
2013-03-05 01:50:00+00:00,-128.646667
2013-03-05 01:51:00+00:00,-122.926521
2013-03-05 01:52:00+00:00,-120.940384
2013-03-05 01:53:00+00:00,-120.552994
2013-03-05 01:54:00+00:00,-118.896439
2013-03-05 01:55:00+00:00,-157.444626
2013-03-05 01:56:00+00:00,-218.201141
2013-03-05 01:57:00+00:00,-222.338516
2013-03-05 01:58:00+00:00,-222.29895
2013-03-05 01:59:00+00:00,-176.128357
2013-03-05 02:00:00+00:00,-136.952087
2013-03-05 02:01:00+00:00,-152.358307
2013-03-05 02:02:00+00:00,-137.782516
2013-03-05 02:03:00+00:00,-127.836746
2013-03-05 02:04:00+00:00,-112.001869
2013-03-05 02:05:00+00:00,-99.214134
2013-03-05 02:06:00+00:00,-90.9114
2013-03-05 02:07:00+00:00,-82.572945
2013-03-05 02:08:00+00:00,-80.243538
2013-03-05 02:09:00+00:00,-73.538948
2013-03-05 02:10:00+00:00,-68.726402
2013-03-05 02:11:00+00:00,-68.636055
2013-03-05 02:12:00+00:00,-66.041786
2013-03-05 02:13:00+00:00,-57.641983
2013-03-05 02:14:00+00:00,-53.305199
2013-03-05 02:15:00+00:00,-52.696671
2013-03-05 02:16:00+00:00,-51.571247
2013-03-05 02:17:00+00:00,-51.961967
2013-03-05 02:18:00+00:00,-49.994667
2013-03-05 02:19:00+00:00,-46.692741
2013-03-05 02:20:00+00:00,-45.194733
2013-03-05 02:21:00+00:00,-48.122299
2013-03-05 02:22:00+00:00,-46.591251
2013-03-05 02:23:00+00:00,-46.907475
2013-03-05 02:24:00+00:00,-45.443592
2013-03-05 02:25:00+00:00,-91.959373
2013-03-05 02:26:00+00:00,-103.409248
2013-03-05 02:27:00+00:00,-107.626129
2013-03-05 02:28:00+00:00,-91.912544
2013-03-05 02:29:00+00:00,-80.579277
2013-03-05 02:30:00+00:00,-90.937675
2013-03-05 02:31:00+00:00,-82.639114
2013-03-05 02:32:00+00:00,-82.392189
2013-03-05 02:33:00+00:00,-77.962738
2013-03-05 02:34:00+00:00,-71.217773
2013-03-05 02:35:00+00:00,-68.537384
2013-03-05 02:36:00+00:00,-56.561058
2013-03-05 02:37:00+00:00,-50.43531
2013-03-05 02:38:00+00:00,-51.703938
2013-03-05 02:39:00+00:00,-52.941826
2013-03-05 02:40:00+00:00,-48.891094
2013-03-05 02:41:00+00:00,-43.509468
2013-03-05 02:42:00+00:00,-36.674717
2013-03-05 02:43:00+00:00,-34.416832
2013-03-05 02:44:00+00:00,-35.191715
2013-03-05 02:45:00+00:00,-33.799862
2013-03-05 02:46:00+00:00,-29.20351
2013-03-05 02:47:00+00:00,-23.930222
2013-03-12 00:00:00+00:00,-31.302986
2013-03-12 00:01:00+00:00,-33.37064
2013-03-12 00:02:00+00:00,-32.773132
2013-03-12 00:03:00+00:00,-28.943306
2013-03-12 00:04:00+00:00,-25.342327
2013-03-12 00:05:00+00:00,-22.30488
2013-03-12 00:06:00+00:00,-18.188627
2013-03-12 00:07:00+00:00,-16.478279
2013-03-12 00:08:00+00:00,-16.497396
2013-03-12 00:09:00+00:00,-17.40152
2013-03-12 00:10:00+00:00,-16.795797
2013-03-12 00:11:00+00:00,-13.025656
2013-03-12 00:12:00+00:00,-12.297405
2013-03-12 00:13:00+00:00,-11.418032
2013-03-12 00:14:00+00:00,-11.261457
2013-03-12 00:15:00+00:00,-11.72973
2013-03-12 00:16:00+00:00,-11.306562
2013-03-12 00:17:00+00:00,-13.209486
2013-03-12 00:18:00+00:00,-15.305058
2013-03-12 00:19:00+00:00,-17.484209
2013-03-12 00:20:00+00:00,-18.96681
2013-03-12 00:21:00+00:00,-18.803917
2013-03-12 00:22:00+00:00,-17.010683
2013-03-12 00:23:00+00:00,-15.082527
2013-03-12 00:24:00+00:00,-13.291658
2013-03-12 00:25:00+00:00,-12.085363
2013-03-12 00:26:00+00:00,-11.393938
2013-03-12 00:27:00+00:00,-11.597382
2013-03-12 00:28:00+00:00,-10.863518
2013-03-12 00:29:00+00:00,-8.243126
2013-03-12 00:30:00+00:00,-11.579658
2013-03-12 00:31:00+00:00,-13.238059
2013-03-12 00:32:00+00:00,-14.497339
2013-03-12 00:33:00+00:00,-17.205744
2013-03-12 00:34:00+00:00,-12.481882
2013-03-12 00:35:00+00:00,-11.031277
2013-03-12 00:36:00+00:00,-12.008387
2013-03-12 00:37:00+00:00,-13.605133
2013-03-12 00:38:00+00:00,-19.90181
2013-03-12 00:39:00+00:00,-23.840382
2013-03-12 00:40:00+00:00,-16.225056
2013-03-12 00:41:00+00:00,-14.28605
2013-03-12 00:42:00+00:00,-14.97764
2013-03-12 00:43:00+00:00,-15.840921
2013-03-12 00:44:00+00:00,-18.970921
2013-03-12 00:45:00+00:00,-22.540932
2013-03-12 00:46:00+00:00,-26.056301
2013-03-12 00:47:00+00:00,-26.312399
2013-03-12 00:48:00+00:00,-25.880972
2013-03-12 00:49:00+00:00,-30.160814
2013-03-12 00:50:00+00:00,-35.146313
2013-03-12 00:51:00+00:00,-33.137531
2013-03-12 00:52:00+00:00,-31.124773
2013-03-12 00:53:00+00:00,-34.11496
2013-03-12 00:54:00+00:00,-34.104042
2013-03-12 00:55:00+00:00,-29.095108
2013-03-12 00:56:00+00:00,-27.085083
2013-03-12 00:57:00+00:00,-22.077055
2013-03-12 00:58:00+00:00,-20.441988
2013-03-12 00:59:00+00:00,-18.182631
2013-03-12 01:00:00+00:00,-19.382322
2013-03-12 01:01:00+00:00,-18.632549
2013-03-12 01:02:00+00:00,-17.040447
2013-03-12 01:03:00+00:00,-16.614153
2013-03-12 01:04:00+00:00,-18.036238
2013-03-12 01:05:00+00:00,-15.902924
2013-03-12 01:06:00+00:00,-16.69029
2013-03-12 01:07:00+00:00,-16.315231
2013-03-12 01:08:00+00:00,-15.976142
2013-03-12 01:09:00+00:00,-16.571186
2013-03-12 01:10:00+00:00,-13.560977
2013-03-12 01:11:00+00:00,-13.112942
2013-03-12 01:12:00+00:00,-14.021476
2013-03-12 01:13:00+00:00,-15.509668
2013-03-12 01:14:00+00:00,-15.604341
2013-03-12 01:15:00+00:00,-18.929945
2013-03-12 01:16:00+00:00,-18.121706
2013-03-12 01:17:00+00:00,-17.272934
2013-03-12 01:18:00+00:00,-15.474173
2013-03-12 01:19:00+00:00,-15.291166
2013-03-12 01:20:00+00:00,-16.50387
2013-03-12 01:21:00+00:00,-17.878654
2013-03-12 01:22:00+00:00,-18.303913
2013-03-12 01:23:00+00:00,-20.699306
2013-03-12 01:24:00+00:00,-21.752941
2013-03-12 01:25:00+00:00,-20.560867
2013-03-12 01:26:00+00:00,-28.405449
2013-03-12 01:27:00+00:00,-43.53717
2013-03-12 01:28:00+00:00,-62.807926
2013-03-12 01:29:00+00:00,-63.381554
2013-03-12 01:30:00+00:00,-63.115822
2013-03-12 01:31:00+00:00,-63.54134
2013-03-12 01:32:00+00:00,-64.201019
2013-03-12 01:33:00+00:00,-66.019371
2013-03-12 01:34:00+00:00,-58.777016
2013-03-12 01:35:00+00:00,-52.959972
2013-03-12 01:36:00+00:00,-47.763897
2013-03-12 01:37:00+00:00,-41.41473
2013-03-12 01:38:00+00:00,-34.649139
2013-03-12 01:39:00+00:00,-27.887402
2013-03-12 01:40:00+00:00,-27.095997
2013-03-12 01:41:00+00:00,-24.242081
2013-03-12 01:42:00+00:00,-17.636856
2013-03-12 01:43:00+00:00,-12.307058
2013-03-12 01:44:00+00:00,-11.737141
2013-03-12 01:45:00+00:00,-14.083462
2013-03-12 01:46:00+00:00,-19.710224
2013-03-12 01:47:00+00:00,-26.222672
2013-03-12 01:48:00+00:00,-23.410641
2013-03-12 01:49:00+00:00,-16.561167
2013-03-12 01:50:00+00:00,-16.40835
2013-03-12 01:51:00+00:00,-17.625797
2013-03-12 01:52:00+00:00,-18.612171
2013-03-12 01:53:00+00:00,-27.292351
2013-03-12 01:54:00+00:00,-24.513945
2013-03-12 01:55:00+00:00,-25.794502
2013-03-12 01:56:00+00:00,-28.325874
2013-03-12 01:57:00+00:00,-24.188915
2013-03-12 01:58:00+00:00,-17.006866
2013-03-12 01:59:00+00:00,-14.431527
2013-03-12 02:00:00+00:00,-10.765272
2013-03-12 02:01:00+00:00,-10.840094
2013-03-12 02:02:00+00:00,-12.119198
2013-03-12 02:03:00+00:00,-13.149423
2013-03-12 02:04:00+00:00,-11.227097
2013-03-12 02:05:00+00:00,-9.483402
2013-03-12 02:06:00+00:00,-10.467575
2013-03-12 02:07:00+00:00,-12.666202
2013-03-12 02:08:00+00:00,-11.926512
2013-03-12 02:09:00+00:00,-12.143895
2013-03-12 02:10:00+00:00,-10.864751
2013-03-12 02:11:00+00:00,-13.605154
2013-03-12 02:12:00+00:00,-16.515394
2013-03-12 02:13:00+00:00,-16.846762
2013-03-12 02:14:00+00:00,-23.549082
2013-03-12 02:15:00+00:00,-51.227669
2013-03-12 02:16:00+00:00,-68.15596
2013-03-12 02:17:00+00:00,-96.451752
2013-03-12 02:18:00+00:00,-165.78009
2013-03-12 02:19:00+00:00,-136.759262
2013-03-12 02:20:00+00:00,-133.658539
2013-03-12 02:21:00+00:00,-139.59671
2013-03-12 02:22:00+00:00,-117.761658
2013-03-12 02:23:00+00:00,-107.996071
2013-03-12 02:24:00+00:00,-112.795258
2013-03-12 02:25:00+00:00,-113.29599
2013-03-12 02:26:00+00:00,-121.509445
2013-03-12 02:27:00+00:00,-117.439079
2013-03-12 02:28:00+00:00,-111.881706
2013-03-12 02:29:00+00:00,-115.690247
2013-03-12 02:30:00+00:00,-113.61319
2013-03-12 02:31:00+00:00,-105.619431
2013-03-12 02:32:00+00:00,-103.005318
2013-03-12 02:33:00+00:00,-94.38253
2013-03-12 02:34:00+00:00,-86.760513
2013-03-12 02:35:00+00:00,-78.309547
2013-03-12 02:36:00+00:00,-66.358414
2013-03-12 02:37:00+00:00,-58.36726
2013-03-12 02:38:00+00:00,-49.75132
2013-03-12 02:39:00+00:00,-40.388203
2013-03-12 02:40:00+00:00,-34.072205
2013-03-12 02:41:00+00:00,-37.839142
2013-03-12 02:42:00+00:00,-27.958904
2013-03-12 02:43:00+00:00,-39.369652
2013-03-12 02:44:00+00:00,-31.515091
2013-03-12 02:45:00+00:00,-46.329487
2013-03-12 02:46:00+00:00,-42.830761
2013-03-12 02:47:00+00:00,-45.600639
2013-03-19 00:00:00+00:00,-49.768387
2013-03-19 00:01:00+00:00,-49.933983
2013-03-19 00:02:00+00:00,-50.031769
2013-03-19 00:03:00+00:00,-49.94598
2013-03-19 00:04:00+00:00,-49.879333
2013-03-19 00:05:00+00:00,-49.828777
2013-03-19 00:06:00+00:00,-49.936447
2013-03-19 00:07:00+00:00,-49.790226
2013-03-19 00:08:00+00:00,-50.005058
2013-03-19 00:09:00+00:00,-50.087425
2013-03-19 00:10:00+00:00,-49.935432
2013-03-19 00:11:00+00:00,-49.853775
2013-03-19 00:12:00+00:00,-49.662575
2013-03-19 00:13:00+00:00,-49.711838
2013-03-19 00:14:00+00:00,-50.040413
2013-03-19 00:15:00+00:00,-50.333855
2013-03-19 00:16:00+00:00,-50.613571
2013-03-19 00:17:00+00:00,-50.651207
2013-03-19 00:18:00+00:00,-50.491592
2013-03-19 00:19:00+00:00,-50.330063
2013-03-19 00:20:00+00:00,-50.190037
2013-03-19 00:21:00+00:00,-50.100807
2013-03-19 00:22:00+00:00,-49.982292
2013-03-19 00:23:00+00:00,-49.561192
2013-03-19 00:24:00+00:00,-49.22007
2013-03-19 00:25:00+00:00,-49.140682
2013-03-19 00:26:00+00:00,-49.278099
2013-03-19 00:27:00+00:00,-49.495861
2013-03-19 00:28:00+00:00,-49.637234
2013-03-19 00:29:00+00:00,-49.13018
2013-03-19 00:30:00+00:00,-48.802818
2013-03-19 00:31:00+00:00,-49.587173
2013-03-19 00:32:00+00:00,-49.283325
2013-03-19 00:33:00+00:00,-48.73341
2013-03-19 00:34:00+00:00,-48.514053
2013-03-19 00:35:00+00:00,-48.792339
2013-03-19 00:36:00+00:00,-48.094082
2013-03-19 00:37:00+00:00,-47.575531
2013-03-19 00:38:00+00:00,-47.719685
2013-03-19 00:39:00+00:00,-48.191433
2013-03-19 00:40:00+00:00,-49.325302
2013-03-19 00:41:00+00:00,-50.039265
2013-03-19 00:42:00+00:00,-50.355495
2013-03-19 00:43:00+00:00,-50.696461
2013-03-19 00:44:00+00:00,-50.705402
2013-03-19 00:45:00+00:00,-50.216309
2013-03-19 00:46:00+00:00,-50.110836
2013-03-19 00:47:00+00:00,-50.504589
2013-03-19 00:48:00+00:00,-50.433498
2013-03-19 00:49:00+00:00,-56.149086
2013-03-19 00:50:00+00:00,-57.73185
2013-03-19 00:51:00+00:00,-64.070274
2013-03-19 00:52:00+00:00,-60.642937
2013-03-19 00:53:00+00:00,-74.433159
2013-03-19 00:54:00+00:00,-106.04248
2013-03-19 00:55:00+00:00,-101.837349
2013-03-19 00:56:00+00:00,-105.238724
2013-03-19 00:57:00+00:00,-117.103096
2013-03-19 00:58:00+00:00,-108.903198
2013-03-19 00:59:00+00:00,-99.851395
2013-03-19 01:00:00+00:00,-146.481293
2013-03-19 01:01:00+00:00,-163.309601
2013-03-19 01:02:00+00:00,-151.967041
2013-03-19 01:03:00+00:00,-125.351204
2013-03-19 01:04:00+00:00,-116.77684
2013-03-19 01:05:00+00:00,-106.626999
2013-03-19 01:06:00+00:00,-91.852112
2013-03-19 01:07:00+00:00,-74.224571
2013-03-19 01:08:00+00:00,-103.344383
2013-03-19 01:09:00+00:00,-127.863892
2013-03-19 01:10:00+00:00,-137.552994
2013-03-19 01:11:00+00:00,-116.797356
2013-03-19 01:12:00+00:00,-77.843567
2013-03-19 01:13:00+00:00,-67.489288
2013-03-19 01:14:00+00:00,-66.697868
2013-03-19 01:15:00+00:00,-74.241699
2013-03-19 01:16:00+00:00,-74.513916
2013-03-19 01:17:00+00:00,-91.891144
2013-03-19 01:18:00+00:00,-96.703011
2013-03-19 01:19:00+00:00,-119.484306
2013-03-19 01:20:00+00:00,-111.075424
2013-03-19 01:21:00+00:00,-96.411514
2013-03-19 01:22:00+00:00,-91.089188
2013-03-19 01:23:00+00:00,-82.087616
2013-03-19 01:24:00+00:00,-99.387016
2013-03-19 01:25:00+00:00,-113.042152
2013-03-19 01:26:00+00:00,-114.598709
2013-03-19 01:27:00+00:00,-105.095886
2013-03-19 01:28:00+00:00,-90.501999
2013-03-19 01:29:00+00:00,-102.519547
2013-03-19 01:30:00+00:00,-106.145927
2013-03-19 01:31:00+00:00,-93.394737
2013-03-19 01:32:00+00:00,-80.803329
2013-03-19 01:33:00+00:00,-71.974312
2013-03-19 01:34:00+00:00,-51.550034
2013-03-19 01:35:00+00:00,-63.10067
2013-03-19 01:36:00+00:00,-84.708572
2013-03-19 01:37:00+00:00,-90.726685
2013-03-19 01:38:00+00:00,-72.561363
2013-03-19 01:39:00+00:00,-78.682434
2013-03-19 01:40:00+00:00,-67.295341
2013-03-19 01:41:00+00:00,-71.815308
2013-03-19 01:42:00+00:00,-69.079819
2013-03-19 01:43:00+00:00,-57.516693
2013-03-19 01:44:00+00:00,-50.114326
2013-03-19 01:45:00+00:00,-53.405205
2013-03-19 01:46:00+00:00,-49.564983
2013-03-19 01:47:00+00:00,-56.267456
2013-03-19 01:48:00+00:00,-63.945026
2013-03-19 01:49:00+00:00,-59.360008
2013-03-19 01:50:00+00:00,-43.859436
2013-03-19 01:51:00+00:00,-44.240578
2013-03-19 01:52:00+00:00,-43.918888
2013-03-19 01:53:00+00:00,-43.059303
2013-03-19 01:54:00+00:00,-42.533203
2013-03-19 01:55:00+00:00,-41.964474
2013-03-19 01:56:00+00:00,-47.371166
2013-03-19 01:57:00+00:00,-41.448231
2013-03-19 01:58:00+00:00,-41.683376
2013-03-19 01:59:00+00:00,-41.965797
2013-03-19 02:00:00+00:00,-42.309185
2013-03-19 02:01:00+00:00,-43.214813
2013-03-19 02:02:00+00:00,-43.944798
2013-03-19 02:03:00+00:00,-43.850014
2013-03-19 02:04:00+00:00,-43.4842
2013-03-19 02:05:00+00:00,-43.336449
2013-03-19 02:06:00+00:00,-42.863014
2013-03-19 02:07:00+00:00,-42.491592
2013-03-19 02:08:00+00:00,-41.750877
2013-03-19 02:09:00+00:00,-42.5033
2013-03-19 02:10:00+00:00,-43.166203
2013-03-19 02:11:00+00:00,-43.290318
2013-03-19 02:12:00+00:00,-43.004093
2013-03-19 02:13:00+00:00,-42.390392
2013-03-19 02:14:00+00:00,-43.733025
2013-03-19 02:15:00+00:00,-43.460331
2013-03-19 02:16:00+00:00,-41.463799
2013-03-19 02:17:00+00:00,-41.106342
2013-03-19 02:18:00+00:00,-40.547699
2013-03-19 02:19:00+00:00,-39.578629
2013-03-19 02:20:00+00:00,-39.678062
2013-03-19 02:21:00+00:00,-41.105221
2013-03-19 02:22:00+00:00,-39.669426
2013-03-19 02:23:00+00:00,-40.018192
2013-03-19 02:24:00+00:00,-40.460579
2013-03-19 02:25:00+00:00,-41.14875
2013-03-19 02:26:00+00:00,-42.965775
2013-03-19 02:27:00+00:00,-45.038197
2013-03-19 02:28:00+00:00,-42.305099
2013-03-19 02:29:00+00:00,-45.945541
2013-03-19 02:30:00+00:00,-41.800339
2013-03-19 02:31:00+00:00,-41.836121
2013-03-19 02:32:00+00:00,-41.751389
2013-03-19 02:33:00+00:00,-41.356655
2013-03-19 02:34:00+00:00,-41.605152
2013-03-19 02:35:00+00:00,-41.822617
2013-03-19 02:36:00+00:00,-42.337234
2013-03-19 02:37:00+00:00,-42.777843
2013-03-19 02:38:00+00:00,-42.847794
2013-03-19 02:39:00+00:00,-43.052246
2013-03-19 02:40:00+00:00,-43.219528
2013-03-19 02:41:00+00:00,-42.843708
2013-03-19 02:42:00+00:00,-42.206367
2013-03-19 02:43:00+00:00,-41.978462
2013-03-19 02:44:00+00:00,-41.726723
2013-03-19 02:45:00+00:00,-41.763557
2013-03-19 02:46:00+00:00,-41.618698
2013-03-19 02:47:00+00:00,-41.681671
2013-03-26 00:00:00+00:00,-28.906097
2013-03-26 00:01:00+00:00,-27.718279
2013-03-26 00:02:00+00:00,-26.510069
2013-03-26 00:03:00+00:00,-26.257544
2013-03-26 00:04:00+00:00,-26.182844
2013-03-26 00:05:00+00:00,-25.94908
2013-03-26 00:06:00+00:00,-25.231525
2013-03-26 00:07:00+00:00,-24.694239
2013-03-26 00:08:00+00:00,-25.263441
2013-03-26 00:09:00+00:00,-26.716543
2013-03-26 00:10:00+00:00,-28.753214
2013-03-26 00:11:00+00:00,-28.953522
2013-03-26 00:12:00+00:00,-28.390152
2013-03-26 00:13:00+00:00,-27.229237
2013-03-26 00:14:00+00:00,-27.094246
2013-03-26 00:15:00+00:00,-28.271305
2013-03-26 00:16:00+00:00,-29.346741
2013-03-26 00:17:00+00:00,-27.467211
2013-03-26 00:18:00+00:00,-22.954399
2013-03-26 00:19:00+00:00,-18.684652
2013-03-26 00:20:00+00:00,-23.332985
2013-03-26 00:21:00+00:00,-24.224972
2013-03-26 00:22:00+00:00,-26.634041
2013-03-26 00:23:00+00:00,-26.492172
2013-03-26 00:24:00+00:00,-26.658039
2013-03-26 00:25:00+00:00,-23.420069
2013-03-26 00:26:00+00:00,-24.271421
2013-03-26 00:27:00+00:00,-26.751471
2013-03-26 00:28:00+00:00,-24.334177
2013-03-26 00:29:00+00:00,-23.841148
2013-03-26 00:30:00+00:00,-21.922768
2013-03-26 00:31:00+00:00,-20.398659
2013-03-26 00:32:00+00:00,-21.869818
2013-03-26 00:33:00+00:00,-25.44787
2013-03-26 00:34:00+00:00,-23.435816
2013-03-26 00:35:00+00:00,-20.990356
2013-03-26 00:36:00+00:00,-22.364698
2013-03-26 00:37:00+00:00,-23.023685
2013-03-26 00:38:00+00:00,-21.221464
2013-03-26 00:39:00+00:00,-20.772411
2013-03-26 00:40:00+00:00,-27.07254
2013-03-26 00:41:00+00:00,-33.644615
2013-03-26 00:42:00+00:00,-34.059273
2013-03-26 00:43:00+00:00,-35.047913
2013-03-26 00:44:00+00:00,-33.227921
2013-03-26 00:45:00+00:00,-34.201801
2013-03-26 00:46:00+00:00,-37.014034
2013-03-26 00:47:00+00:00,-40.812279
2013-03-26 00:48:00+00:00,-43.789276
2013-03-26 00:49:00+00:00,-46.141678
2013-03-26 00:50:00+00:00,-46.294479
2013-03-26 00:51:00+00:00,-45.715816
2013-03-26 00:52:00+00:00,-45.551121
2013-03-26 00:53:00+00:00,-47.887962
2013-03-26 00:54:00+00:00,-50.642963
2013-03-26 00:55:00+00:00,-56.588428
2013-03-26 00:56:00+00:00,-55.344315
2013-03-26 00:57:00+00:00,-55.46566
2013-03-26 00:58:00+00:00,-57.745647
2013-03-26 00:59:00+00:00,-58.655334
2013-03-26 01:00:00+00:00,-61.458366
2013-03-26 01:01:00+00:00,-66.297752
2013-03-26 01:02:00+00:00,-69.154289
2013-03-26 01:03:00+00:00,-69.354523
2013-03-26 01:04:00+00:00,-68.177139
2013-03-26 01:05:00+00:00,-66.12825
2013-03-26 01:06:00+00:00,-71.518768
2013-03-26 01:07:00+00:00,-72.415115
2013-03-26 01:08:00+00:00,-69.547127
2013-03-26 01:09:00+00:00,-72.989304
2013-03-26 01:10:00+00:00,-76.516418
2013-03-26 01:11:00+00:00,-79.763168
2013-03-26 01:12:00+00:00,-80.624908
2013-03-26 01:13:00+00:00,-82.940796
2013-03-26 01:14:00+00:00,-85.528404
2013-03-26 01:15:00+00:00,-85.971481
2013-03-26 01:16:00+00:00,-85.457886
2013-03-26 01:17:00+00:00,-88.364838
2013-03-26 01:18:00+00:00,-94.472
2013-03-26 01:19:00+00:00,-92.535583
2013-03-26 01:20:00+00:00,-91.147667
2013-03-26 01:21:00+00:00,-95.243172
2013-03-26 01:22:00+00:00,-91.617027
2013-03-26 01:23:00+00:00,-90.301826
2013-03-26 01:24:00+00:00,-85.556618
2013-03-26 01:25:00+00:00,-85.815353
2013-03-26 01:26:00+00:00,-92.015274
2013-03-26 01:27:00+00:00,-82.929665
2013-03-26 01:28:00+00:00,-118.164879
2013-03-26 01:29:00+00:00,-111.406647
2013-03-26 01:30:00+00:00,-67.189339
2013-03-26 01:31:00+00:00,-72.344673
2013-03-26 01:32:00+00:00,-70.895531
2013-03-26 01:33:00+00:00,-64.134308
2013-03-26 01:34:00+00:00,-56.888187
2013-03-26 01:35:00+00:00,-54.733574
2013-03-26 01:36:00+00:00,-64.198387
2013-03-26 01:37:00+00:00,-66.320297
2013-03-26 01:38:00+00:00,-79.65519
2013-03-26 01:39:00+00:00,-79.634552
2013-03-26 01:40:00+00:00,-97.956558
2013-03-26 01:41:00+00:00,-108.093788
2013-03-26 01:42:00+00:00,-126.537323
2013-03-26 01:43:00+00:00,-135.859726
2013-03-26 01:44:00+00:00,-110.506104
2013-03-26 01:45:00+00:00,-119.35144
2013-03-26 01:46:00+00:00,-122.374588
2013-03-26 01:47:00+00:00,-137.372086
2013-03-26 01:48:00+00:00,-135.287445
2013-03-26 01:49:00+00:00,-117.362709
2013-03-26 01:50:00+00:00,-108.216278
2013-03-26 01:51:00+00:00,-119.62925
2013-03-26 01:52:00+00:00,-116.124062
2013-03-26 01:53:00+00:00,-113.786476
2013-03-26 01:54:00+00:00,-110.977112
2013-03-26 01:55:00+00:00,-116.200691
2013-03-26 01:56:00+00:00,-119.870277
2013-03-26 01:57:00+00:00,-107.732735
2013-03-26 01:58:00+00:00,-100.705368
2013-03-26 01:59:00+00:00,-99.196205
2013-03-26 02:00:00+00:00,-99.015762
2013-03-26 02:01:00+00:00,-94.241142
2013-03-26 02:02:00+00:00,-88.960793
2013-03-26 02:03:00+00:00,-86.487
2013-03-26 02:04:00+00:00,-82.609612
2013-03-26 02:05:00+00:00,-75.975471
2013-03-26 02:06:00+00:00,-68.279701
2013-03-26 02:07:00+00:00,-58.352356
2013-03-26 02:08:00+00:00,-56.379311
2013-03-26 02:09:00+00:00,-54.615921
2013-03-26 02:10:00+00:00,-52.400635
2013-03-26 02:11:00+00:00,-51.145557
2013-03-26 02:12:00+00:00,-48.53228
2013-03-26 02:13:00+00:00,-49.760983
2013-03-26 02:14:00+00:00,-49.485729
2013-03-26 02:15:00+00:00,-48.386211
2013-03-26 02:16:00+00:00,-46.294804
2013-03-26 02:17:00+00:00,-43.932499
2013-03-26 02:18:00+00:00,-42.106285
2013-03-26 02:19:00+00:00,-41.476055
2013-03-26 02:20:00+00:00,-41.59874
2013-03-26 02:21:00+00:00,-44.568253
2013-03-26 02:22:00+00:00,-44.85041
2013-03-26 02:23:00+00:00,-44.095982
2013-03-26 02:24:00+00:00,-41.489723
2013-03-26 02:25:00+00:00,-38.541782
2013-03-26 02:26:00+00:00,-35.357616
2013-03-26 02:27:00+00:00,-31.419058
2013-03-26 02:28:00+00:00,-31.129604
2013-03-26 02:29:00+00:00,-30.399799
2013-03-26 02:30:00+00:00,-28.023575
2013-03-26 02:31:00+00:00,-27.77216
2013-03-26 02:32:00+00:00,-27.481119
2013-03-26 02:33:00+00:00,-27.500702
2013-03-26 02:34:00+00:00,-27.309282
2013-03-26 02:35:00+00:00,-27.073204
2013-03-26 02:36:00+00:00,-26.923185
2013-03-26 02:37:00+00:00,-26.723499
2013-03-26 02:38:00+00:00,-27.004292
2013-03-26 02:39:00+00:00,-27.206303
2013-03-26 02:40:00+00:00,-27.280569
2013-03-26 02:41:00+00:00,-27.416561
2013-03-26 02:42:00+00:00,-27.510647
2013-03-26 02:43:00+00:00,-27.72522
2013-03-26 02:44:00+00:00,-27.650984
2013-03-26 02:45:00+00:00,-27.703964
2013-03-26 02:46:00+00:00,-27.716095
2013-03-26 02:47:00+00:00,-27.951302
2013-04-02 00:00:00+00:00,-21.74963
2013-04-02 00:01:00+00:00,-21.739994
2013-04-02 00:02:00+00:00,-20.72867
2013-04-02 00:03:00+00:00,-20.71767
2013-04-02 00:04:00+00:00,-20.703423
2013-04-02 00:05:00+00:00,-21.686893
2013-04-02 00:06:00+00:00,-22.669409
2013-04-02 00:07:00+00:00,-23.708872
2013-04-02 00:08:00+00:00,-26.910814
2013-04-02 00:09:00+00:00,-28.357704
2013-04-02 00:10:00+00:00,-27.871426
2013-04-02 00:11:00+00:00,-26.143431
2013-04-02 00:12:00+00:00,-24.709356
2013-04-02 00:13:00+00:00,-23.474611
2013-04-02 00:14:00+00:00,-23.494102
2013-04-02 00:15:00+00:00,-23.073788
2013-04-02 00:16:00+00:00,-22.439938
2013-04-02 00:17:00+00:00,-22.410667
2013-04-02 00:18:00+00:00,-21.558399
2013-04-02 00:19:00+00:00,-21.404495
2013-04-02 00:20:00+00:00,-21.117075
2013-04-02 00:21:00+00:00,-21.577755
2013-04-02 00:22:00+00:00,-21.946493
2013-04-02 00:23:00+00:00,-22.228527
2013-04-02 00:24:00+00:00,-23.194225
2013-04-02 00:25:00+00:00,-24.162107
2013-04-02 00:26:00+00:00,-24.129305
2013-04-02 00:27:00+00:00,-24.097347
2013-04-02 00:28:00+00:00,-25.06385
2013-04-02 00:29:00+00:00,-25.029366
2013-04-02 00:30:00+00:00,-25.995913
2013-04-02 00:31:00+00:00,-24.962156
2013-04-02 00:32:00+00:00,-24.927734
2013-04-02 00:33:00+00:00,-25.891691
2013-04-02 00:34:00+00:00,-24.855959
2013-04-02 00:35:00+00:00,-24.821592
2013-04-02 00:36:00+00:00,-24.785656
2013-04-02 00:37:00+00:00,-24.751095
2013-04-02 00:38:00+00:00,-25.712488
2013-04-02 00:39:00+00:00,-26.674376
2013-04-02 00:40:00+00:00,-25.635736
2013-04-02 00:41:00+00:00,-26.594637
2013-04-02 00:42:00+00:00,-25.554415
2013-04-02 00:43:00+00:00,-25.515764
2013-04-02 00:44:00+00:00,-24.475191
2013-04-02 00:45:00+00:00,-24.433086
2013-04-02 00:46:00+00:00,-25.391651
2013-04-02 00:47:00+00:00,-25.34981
2013-04-02 00:48:00+00:00,-25.307585
2013-04-02 00:49:00+00:00,-24.265337
2013-04-02 00:50:00+00:00,-24.322144
2013-04-02 00:51:00+00:00,-25.178614
2013-04-02 00:52:00+00:00,-24.135012
2013-04-02 00:53:00+00:00,-24.091442
2013-04-02 00:54:00+00:00,-24.234699
2013-04-02 00:55:00+00:00,-26.269901
2013-04-02 00:56:00+00:00,-25.275696
2013-04-02 00:57:00+00:00,-26.418186
2013-04-02 00:58:00+00:00,-26.241156
2013-04-02 00:59:00+00:00,-25.780823
2013-04-02 01:00:00+00:00,-27.90934
2013-04-02 01:01:00+00:00,-30.925173
2013-04-02 01:02:00+00:00,-32.205315
2013-04-02 01:03:00+00:00,-34.057961
2013-04-02 01:04:00+00:00,-36.896782
2013-04-02 01:05:00+00:00,-31.025963
2013-04-02 01:06:00+00:00,-31.500395
2013-04-02 01:07:00+00:00,-34.192829
2013-04-02 01:08:00+00:00,-38.245316
2013-04-02 01:09:00+00:00,-38.914513
2013-04-02 01:10:00+00:00,-37.422153
2013-04-02 01:11:00+00:00,-38.116302
2013-04-02 01:12:00+00:00,-39.731968
2013-04-02 01:13:00+00:00,-41.948296
2013-04-02 01:14:00+00:00,-42.94651
2013-04-02 01:15:00+00:00,-44.556805
2013-04-02 01:16:00+00:00,-44.460499
2013-04-02 01:17:00+00:00,-44.73428
2013-04-02 01:18:00+00:00,-45.058281
2013-04-02 01:19:00+00:00,-48.13036
2013-04-02 01:20:00+00:00,-50.568127
2013-04-02 01:21:00+00:00,-51.224968
2013-04-02 01:22:00+00:00,-53.788368
2013-04-02 01:23:00+00:00,-92.031723
2013-04-02 01:24:00+00:00,-117.579948
2013-04-02 01:25:00+00:00,-118.510773
2013-04-02 01:26:00+00:00,-111.769394
2013-04-02 01:27:00+00:00,-93.136574
2013-04-02 01:28:00+00:00,-68.957672
2013-04-02 01:29:00+00:00,-64.88456
2013-04-02 01:30:00+00:00,-68.598312
2013-04-02 01:31:00+00:00,-67.608749
2013-04-02 01:32:00+00:00,-56.61079
2013-04-02 01:33:00+00:00,-47.411354
2013-04-02 01:34:00+00:00,-45.160797
2013-04-02 01:35:00+00:00,-44.552208
2013-04-02 01:36:00+00:00,-42.049385
2013-04-02 01:37:00+00:00,-39.040028
2013-04-02 01:38:00+00:00,-37.363922
2013-04-02 01:39:00+00:00,-37.252644
2013-04-02 01:40:00+00:00,-38.245193
2013-04-02 01:41:00+00:00,-38.824005
2013-04-02 01:42:00+00:00,-39.216579
2013-04-02 01:43:00+00:00,-42.190533
2013-04-02 01:44:00+00:00,-42.091682
2013-04-02 01:45:00+00:00,-50.09317
2013-04-02 01:46:00+00:00,-47.399452
2013-04-02 01:47:00+00:00,-57.052948
2013-04-02 01:48:00+00:00,-59.497135
2013-04-02 01:49:00+00:00,-68.26458
2013-04-02 01:50:00+00:00,-80.495621
2013-04-02 01:51:00+00:00,-74.360497
2013-04-02 01:52:00+00:00,-65.314407
2013-04-02 01:53:00+00:00,-193.682892
2013-04-02 01:54:00+00:00,-243.800766
2013-04-02 01:55:00+00:00,-245.162933
2013-04-02 01:56:00+00:00,-236.087723
2013-04-02 01:57:00+00:00,-179.306854
2013-04-02 01:58:00+00:00,-193.229156
2013-04-02 01:59:00+00:00,-206.65332
2013-04-02 02:00:00+00:00,-227.081436
2013-04-02 02:01:00+00:00,-245.086731
2013-04-02 02:02:00+00:00,-233.667068
2013-04-02 02:03:00+00:00,-194.411819
2013-04-02 02:04:00+00:00,-168.909531
2013-04-02 02:05:00+00:00,-162.486099
2013-04-02 02:06:00+00:00,-184.991791
2013-04-02 02:07:00+00:00,-180.825073
2013-04-02 02:08:00+00:00,-201.11264
2013-04-02 02:09:00+00:00,-203.809174
2013-04-02 02:10:00+00:00,-152.765976
2013-04-02 02:11:00+00:00,-196.498688
2013-04-02 02:12:00+00:00,-250.486603
2013-04-02 02:13:00+00:00,-220.504623
2013-04-02 02:14:00+00:00,-191.864532
2013-04-02 02:15:00+00:00,-198.958282
2013-04-02 02:16:00+00:00,-227.195923
2013-04-02 02:17:00+00:00,-257.697388
2013-04-02 02:18:00+00:00,-185.695633
2013-04-02 02:19:00+00:00,-212.517227
2013-04-02 02:20:00+00:00,-227.950012
2013-04-02 02:21:00+00:00,-217.178452
2013-04-02 02:22:00+00:00,-208.696732
2013-04-02 02:23:00+00:00,-173.591232
2013-04-02 02:24:00+00:00,-193.976501
2013-04-02 02:25:00+00:00,-223.449097
2013-04-02 02:26:00+00:00,-249.562088
2013-04-02 02:27:00+00:00,-195.704361
2013-04-02 02:28:00+00:00,-206.248642
2013-04-02 02:29:00+00:00,-231.885101
2013-04-02 02:30:00+00:00,-291.503662
2013-04-02 02:31:00+00:00,-218.923447
2013-04-02 02:32:00+00:00,-184.90332
2013-04-02 02:33:00+00:00,-140.456543
2013-04-02 02:34:00+00:00,-136.494125
2013-04-02 02:35:00+00:00,-142.738373
2013-04-02 02:36:00+00:00,-120.341187
2013-04-02 02:37:00+00:00,-151.841965
2013-04-02 02:38:00+00:00,-145.811325
2013-04-02 02:39:00+00:00,-134.540085
2013-04-02 02:40:00+00:00,-145.385223
2013-04-02 02:41:00+00:00,-155.491562
2013-04-02 02:42:00+00:00,-185.81575
2013-04-02 02:43:00+00:00,-161.310211
2013-04-02 02:44:00+00:00,-118.295059
2013-04-02 02:45:00+00:00,-98.81765
2013-04-02 02:46:00+00:00,-93.237579
2013-04-02 02:47:00+00:00,-89.440056
2013-04-09 00:00:00+00:00,-24.259914
2013-04-09 00:01:00+00:00,-21.289066
2013-04-09 00:02:00+00:00,-20.312893
2013-04-09 00:03:00+00:00,-21.048527
2013-04-09 00:04:00+00:00,-51.447517
2013-04-09 00:05:00+00:00,-90.246841
2013-04-09 00:06:00+00:00,-82.204567
2013-04-09 00:07:00+00:00,-60.038383
2013-04-09 00:08:00+00:00,-44.495281
2013-04-09 00:09:00+00:00,-35.972679
2013-04-09 00:10:00+00:00,-39.744892
2013-04-09 00:11:00+00:00,-54.423176
2013-04-09 00:12:00+00:00,-38.820965
2013-04-09 00:13:00+00:00,-30.558241
2013-04-09 00:14:00+00:00,-35.792179
2013-04-09 00:15:00+00:00,-38.458313
2013-04-09 00:16:00+00:00,-36.142391
2013-04-09 00:17:00+00:00,-28.005102
2013-04-09 00:18:00+00:00,-28.513857
2013-04-09 00:19:00+00:00,-27.887093
2013-04-09 00:20:00+00:00,-29.152622
2013-04-09 00:21:00+00:00,-30.115141
2013-04-09 00:22:00+00:00,-29.807364
2013-04-09 00:23:00+00:00,-29.701973
2013-04-09 00:24:00+00:00,-30.265232
2013-04-09 00:25:00+00:00,-30.277925
2013-04-09 00:26:00+00:00,-28.958803
2013-04-09 00:27:00+00:00,-28.348431
2013-04-09 00:28:00+00:00,-27.595173
2013-04-09 00:29:00+00:00,-26.647308
2013-04-09 00:30:00+00:00,-27.48633
2013-04-09 00:31:00+00:00,-28.898764
2013-04-09 00:32:00+00:00,-28.375372
2013-04-09 00:33:00+00:00,-27.199358
2013-04-09 00:34:00+00:00,-29.477713
2013-04-09 00:35:00+00:00,-33.298706
2013-04-09 00:36:00+00:00,-33.966099
2013-04-09 00:37:00+00:00,-34.791904
2013-04-09 00:38:00+00:00,-34.734692
2013-04-09 00:39:00+00:00,-30.857311
2013-04-09 00:40:00+00:00,-26.234049
2013-04-09 00:41:00+00:00,-22.009926
2013-04-09 00:42:00+00:00,-22.635706
2013-04-09 00:43:00+00:00,-26.031641
2013-04-09 00:44:00+00:00,-28.08843
2013-04-09 00:45:00+00:00,-26.969748
2013-04-09 00:46:00+00:00,-26.179314
2013-04-09 00:47:00+00:00,-27.647882
2013-04-09 00:48:00+00:00,-30.489225
2013-04-09 00:49:00+00:00,-30.899246
2013-04-09 00:50:00+00:00,-29.659967
2013-04-09 00:51:00+00:00,-27.652838
2013-04-09 00:52:00+00:00,-25.811941
2013-04-09 00:53:00+00:00,-25.561708
2013-04-09 00:54:00+00:00,-25.715876
2013-04-09 00:55:00+00:00,-25.385397
2013-04-09 00:56:00+00:00,-24.523397
2013-04-09 00:57:00+00:00,-24.959108
2013-04-09 00:58:00+00:00,-26.911512
2013-04-09 00:59:00+00:00,-26.949095
2013-04-09 01:00:00+00:00,-26.062233
2013-04-09 01:01:00+00:00,-24.785337
2013-04-09 01:02:00+00:00,-22.802647
2013-04-09 01:03:00+00:00,-23.836811
2013-04-09 01:04:00+00:00,-24.933882
2013-04-09 01:05:00+00:00,-25.996864
2013-04-09 01:06:00+00:00,-26.669462
2013-04-09 01:07:00+00:00,-26.699228
2013-04-09 01:08:00+00:00,-27.348047
2013-04-09 01:09:00+00:00,-28.932472
2013-04-09 01:10:00+00:00,-29.193386
2013-04-09 01:11:00+00:00,-26.743578
2013-04-09 01:12:00+00:00,-26.863012
2013-04-09 01:13:00+00:00,-28.417042
2013-04-09 01:14:00+00:00,-27.997152
2013-04-09 01:15:00+00:00,-26.83913
2013-04-09 01:16:00+00:00,-33.001774
2013-04-09 01:17:00+00:00,-45.846893
2013-04-09 01:18:00+00:00,-63.256264
2013-04-09 01:19:00+00:00,-75.060638
2013-04-09 01:20:00+00:00,-84.118843
2013-04-09 01:21:00+00:00,-79.680557
2013-04-09 01:22:00+00:00,-82.721298
2013-04-09 01:23:00+00:00,-70.526939
2013-04-09 01:24:00+00:00,-65.752129
2013-04-09 01:25:00+00:00,-77.639755
2013-04-09 01:26:00+00:00,-71.194633
2013-04-09 01:27:00+00:00,-72.845215
2013-04-09 01:28:00+00:00,-72.328156
2013-04-09 01:29:00+00:00,-67.295547
2013-04-09 01:30:00+00:00,-63.722107
2013-04-09 01:31:00+00:00,-61.095711
2013-04-09 01:32:00+00:00,-64.152473
2013-04-09 01:33:00+00:00,-59.548855
2013-04-09 01:34:00+00:00,-61.575813
2013-04-09 01:35:00+00:00,-61.520718
2013-04-09 01:36:00+00:00,-64.554276
2013-04-09 01:37:00+00:00,-61.691093
2013-04-09 01:38:00+00:00,-52.285492
2013-04-09 01:39:00+00:00,-47.969841
2013-04-09 01:40:00+00:00,-46.314461
2013-04-09 01:41:00+00:00,-33.176495
2013-04-09 01:42:00+00:00,-22.353157
2013-04-09 01:43:00+00:00,-23.811708
2013-04-09 01:44:00+00:00,-27.145811
2013-04-09 01:45:00+00:00,-35.282036
2013-04-09 01:46:00+00:00,-44.305054
2013-04-09 01:47:00+00:00,-53.147327
2013-04-09 01:48:00+00:00,-57.805935
2013-04-09 01:49:00+00:00,-54.867626
2013-04-09 01:50:00+00:00,-51.097214
2013-04-09 01:51:00+00:00,-45.881752
2013-04-09 01:52:00+00:00,-39.248909
2013-04-09 01:53:00+00:00,-33.781631
2013-04-09 01:54:00+00:00,-39.821594
2013-04-09 01:55:00+00:00,-36.573395
2013-04-09 01:56:00+00:00,-31.00189
2013-04-09 01:57:00+00:00,-24.757313
2013-04-09 01:58:00+00:00,-25.887852
2013-04-09 01:59:00+00:00,-22.148563
2013-04-09 02:00:00+00:00,-22.06657
2013-04-09 02:01:00+00:00,-26.792801
2013-04-09 02:02:00+00:00,-31.51988
2013-04-09 02:03:00+00:00,-35.097424
2013-04-09 02:04:00+00:00,-39.171761
2013-04-09 02:05:00+00:00,-42.429348
2013-04-09 02:06:00+00:00,-44.706055
2013-04-09 02:07:00+00:00,-46.19035
2013-04-09 02:08:00+00:00,-46.684944
2013-04-09 02:09:00+00:00,-47.449181
2013-04-09 02:10:00+00:00,-48.335564
2013-04-09 02:11:00+00:00,-46.136578
2013-04-09 02:12:00+00:00,-40.163235
2013-04-09 02:13:00+00:00,-34.224594
2013-04-09 02:14:00+00:00,-27.771687
2013-04-09 02:15:00+00:00,-24.149937
2013-04-09 02:16:00+00:00,-24.0718
2013-04-09 02:17:00+00:00,-24.195267
2013-04-09 02:18:00+00:00,-24.011091
2013-04-09 02:19:00+00:00,-24.060701
2013-04-09 02:20:00+00:00,-25.002562
2013-04-09 02:21:00+00:00,-25.504557
2013-04-09 02:22:00+00:00,-26.807407
2013-04-09 02:23:00+00:00,-30.984901
2013-04-09 02:24:00+00:00,-29.63534
2013-04-09 02:25:00+00:00,-26.896454
2013-04-09 02:26:00+00:00,-26.012396
2013-04-09 02:27:00+00:00,-42.218334
2013-04-09 02:28:00+00:00,-40.996346
2013-04-09 02:29:00+00:00,-39.327866
2013-04-09 02:30:00+00:00,-40.325317
2013-04-09 02:31:00+00:00,-53.456661
2013-04-09 02:32:00+00:00,-58.114906
2013-04-09 02:33:00+00:00,-66.658432
2013-04-09 02:34:00+00:00,-63.904396
2013-04-09 02:35:00+00:00,-68.404953
2013-04-09 02:36:00+00:00,-65.028336
2013-04-09 02:37:00+00:00,-80.247864
2013-04-09 02:38:00+00:00,-90.860321
2013-04-09 02:39:00+00:00,-86.384232
2013-04-09 02:40:00+00:00,-105.976746
2013-04-09 02:41:00+00:00,-105.075172
2013-04-09 02:42:00+00:00,-116.03698
2013-04-09 02:43:00+00:00,-105.265343
2013-04-09 02:44:00+00:00,-113.054245
2013-04-09 02:45:00+00:00,-137.083435
2013-04-09 02:46:00+00:00,-129.270706
2013-04-09 02:47:00+00:00,-92.448158
2013-04-16 00:00:00+00:00,-75.15593
2013-04-16 00:01:00+00:00,-85.098633
2013-04-16 00:02:00+00:00,-64.617859
2013-04-16 00:03:00+00:00,-57.907467
2013-04-16 00:04:00+00:00,-69.867004
2013-04-16 00:05:00+00:00,-92.731888
2013-04-16 00:06:00+00:00,-89.276741
2013-04-16 00:07:00+00:00,-75.821404
2013-04-16 00:08:00+00:00,-73.288292
2013-04-16 00:09:00+00:00,-78.570793
2013-04-16 00:10:00+00:00,-85.4608
2013-04-16 00:11:00+00:00,-89.242409
2013-04-16 00:12:00+00:00,-83.436317
2013-04-16 00:13:00+00:00,-75.721146
2013-04-16 00:14:00+00:00,-67.662323
2013-04-16 00:15:00+00:00,-60.378216
2013-04-16 00:16:00+00:00,-58.743073
2013-04-16 00:17:00+00:00,-56.600174
2013-04-16 00:18:00+00:00,-55.095039
2013-04-16 00:19:00+00:00,-53.933189
2013-04-16 00:20:00+00:00,-52.50201
2013-04-16 00:21:00+00:00,-48.359047
2013-04-16 00:22:00+00:00,-44.240158
2013-04-16 00:23:00+00:00,-46.371315
2013-04-16 00:24:00+00:00,-48.148285
2013-04-16 00:25:00+00:00,-47.44788
2013-04-16 00:26:00+00:00,-43.509674
2013-04-16 00:27:00+00:00,-40.124168
2013-04-16 00:28:00+00:00,-40.402531
2013-04-16 00:29:00+00:00,-43.458569
2013-04-16 00:30:00+00:00,-46.525993
2013-04-16 00:31:00+00:00,-44.78598
2013-04-16 00:32:00+00:00,-50.296677
2013-04-16 00:33:00+00:00,-54.969246
2013-04-16 00:34:00+00:00,-54.410217
2013-04-16 00:35:00+00:00,-53.687813
2013-04-16 00:36:00+00:00,-53.47295
2013-04-16 00:37:00+00:00,-50.683144
2013-04-16 00:38:00+00:00,-46.137672
2013-04-16 00:39:00+00:00,-43.425854
2013-04-16 00:40:00+00:00,-42.277851
2013-04-16 00:41:00+00:00,-41.710068
2013-04-16 00:42:00+00:00,-40.418526
2013-04-16 00:43:00+00:00,-40.025017
2013-04-16 00:44:00+00:00,-37.946087
2013-04-16 00:45:00+00:00,-31.920652
2013-04-16 00:46:00+00:00,-28.491396
2013-04-16 00:47:00+00:00,-26.850595
2013-04-16 00:48:00+00:00,-21.863665
2013-04-16 00:49:00+00:00,-23.694887
2013-04-16 00:50:00+00:00,-24.64407
2013-04-16 00:51:00+00:00,-22.493608
2013-04-16 00:52:00+00:00,-21.079033
2013-04-16 00:53:00+00:00,-21.373318
2013-04-16 00:54:00+00:00,-21.447058
2013-04-16 00:55:00+00:00,-21.626171
2013-04-16 00:56:00+00:00,-22.191586
2013-04-16 00:57:00+00:00,-23.227787
2013-04-16 00:58:00+00:00,-25.057896
2013-04-16 00:59:00+00:00,-27.655924
2013-04-16 01:00:00+00:00,-29.189548
2013-04-16 01:01:00+00:00,-28.555164
2013-04-16 01:02:00+00:00,-28.959278
2013-04-16 01:03:00+00:00,-29.560875
2013-04-16 01:04:00+00:00,-29.709915
2013-04-16 01:05:00+00:00,-29.744146
2013-04-16 01:06:00+00:00,-29.429264
2013-04-16 01:07:00+00:00,-28.584599
2013-04-16 01:08:00+00:00,-28.267284
2013-04-16 01:09:00+00:00,-27.192619
2013-04-16 01:10:00+00:00,-27.393333
2013-04-16 01:11:00+00:00,-27.703857
2013-04-16 01:12:00+00:00,-27.801495
2013-04-16 01:13:00+00:00,-27.474792
2013-04-16 01:14:00+00:00,-26.827747
2013-04-16 01:15:00+00:00,-26.133211
2013-04-16 01:16:00+00:00,-26.947018
2013-04-16 01:17:00+00:00,-27.557167
2013-04-16 01:18:00+00:00,-26.627716
2013-04-16 01:19:00+00:00,-26.085756
2013-04-16 01:20:00+00:00,-25.521906
2013-04-16 01:21:00+00:00,-24.795883
2013-04-16 01:22:00+00:00,-25.63718
2013-04-16 01:23:00+00:00,-25.563148
2013-04-16 01:24:00+00:00,-25.711899
2013-04-16 01:25:00+00:00,-26.543186
2013-04-16 01:26:00+00:00,-26.975199
2013-04-16 01:27:00+00:00,-26.65786
2013-04-16 01:28:00+00:00,-26.265717
2013-04-16 01:29:00+00:00,-25.613712
2013-04-16 01:30:00+00:00,-25.47739
2013-04-16 01:31:00+00:00,-26.387737
2013-04-16 01:32:00+00:00,-27.878643
2013-04-16 01:33:00+00:00,-29.045269
2013-04-16 01:34:00+00:00,-28.860245
2013-04-16 01:35:00+00:00,-28.226219
2013-04-16 01:36:00+00:00,-26.733156
2013-04-16 01:37:00+00:00,-25.117895
2013-04-16 01:38:00+00:00,-24.86241
2013-04-16 01:39:00+00:00,-23.806982
2013-04-16 01:40:00+00:00,-22.059093
2013-04-16 01:41:00+00:00,-20.390713
2013-04-16 01:42:00+00:00,-19.341921
2013-04-16 01:43:00+00:00,-18.797985
2013-04-16 01:44:00+00:00,-18.686171
2013-04-16 01:45:00+00:00,-18.999577
2013-04-16 01:46:00+00:00,-19.17098
2013-04-16 01:47:00+00:00,-19.020649
2013-04-16 01:48:00+00:00,-19.284439
2013-04-16 01:49:00+00:00,-19.63118
2013-04-16 01:50:00+00:00,-19.720322
2013-04-16 01:51:00+00:00,-20.258793
2013-04-16 01:52:00+00:00,-21.184109
2013-04-16 01:53:00+00:00,-22.53175
2013-04-16 01:54:00+00:00,-23.370934
2013-04-16 01:55:00+00:00,-24.073578
2013-04-16 01:56:00+00:00,-22.941238
2013-04-16 01:57:00+00:00,-22.070063
2013-04-16 01:58:00+00:00,-22.715717
2013-04-16 01:59:00+00:00,-23.135548
2013-04-16 02:00:00+00:00,-23.441608
2013-04-16 02:01:00+00:00,-24.228962
2013-04-16 02:02:00+00:00,-25.227165
2013-04-16 02:03:00+00:00,-25.903526
2013-04-16 02:04:00+00:00,-26.951591
2013-04-16 02:05:00+00:00,-27.964298
2013-04-16 02:06:00+00:00,-27.335896
2013-04-16 02:07:00+00:00,-26.0205
2013-04-16 02:08:00+00:00,-25.340515
2013-04-16 02:09:00+00:00,-24.375317
2013-04-16 02:10:00+00:00,-24.110403
2013-04-16 02:11:00+00:00,-24.330044
2013-04-16 02:12:00+00:00,-23.840261
2013-04-16 02:13:00+00:00,-23.812057
2013-04-16 02:14:00+00:00,-25.161961
2013-04-16 02:15:00+00:00,-25.836304
2013-04-16 02:16:00+00:00,-25.610929
2013-04-16 02:17:00+00:00,-24.401421
2013-04-16 02:18:00+00:00,-22.979286
2013-04-16 02:19:00+00:00,-21.327435
2013-04-16 02:20:00+00:00,-21.192503
2013-04-16 02:21:00+00:00,-22.568153
2013-04-16 02:22:00+00:00,-23.906071
2013-04-16 02:23:00+00:00,-25.60807
2013-04-16 02:24:00+00:00,-25.364225
2013-04-16 02:25:00+00:00,-24.752144
2013-04-16 02:26:00+00:00,-24.380167
2013-04-16 02:27:00+00:00,-23.751398
2013-04-16 02:28:00+00:00,-51.538849
2013-04-16 02:29:00+00:00,-83.970329
2013-04-16 02:30:00+00:00,-59.362419
2013-04-16 02:31:00+00:00,-77.310471
2013-04-16 02:32:00+00:00,-94.343689
2013-04-16 02:33:00+00:00,-101.634628
2013-04-16 02:34:00+00:00,-98.440247
2013-04-16 02:35:00+00:00,-110.933006
2013-04-16 02:36:00+00:00,-114.842194
2013-04-16 02:37:00+00:00,-99.199097
2013-04-16 02:38:00+00:00,-89.860901
2013-04-16 02:39:00+00:00,-86.713005
2013-04-16 02:40:00+00:00,-80.82061
2013-04-16 02:41:00+00:00,-72.045738
2013-04-16 02:42:00+00:00,-69.129593
2013-04-16 02:43:00+00:00,-64.425911
2013-04-16 02:44:00+00:00,-59.664448
2013-04-16 02:45:00+00:00,-53.140247
2013-04-16 02:46:00+00:00,-44.744762
2013-04-16 02:47:00+00:00,-37.696865
2013-04-23 00:00:00+00:00,-42.054714
2013-04-23 00:01:00+00:00,-41.56316
2013-04-23 00:02:00+00:00,-42.699265
2013-04-23 00:03:00+00:00,-41.31266
2013-04-23 00:04:00+00:00,-40.038715
2013-04-23 00:05:00+00:00,-40.116581
2013-04-23 00:06:00+00:00,-39.701138
2013-04-23 00:07:00+00:00,-38.915466
2013-04-23 00:08:00+00:00,-39.008263
2013-04-23 00:09:00+00:00,-39.1092
2013-04-23 00:10:00+00:00,-38.75016
2013-04-23 00:11:00+00:00,-38.732624
2013-04-23 00:12:00+00:00,-38.942036
2013-04-23 00:13:00+00:00,-38.85144
2013-04-23 00:14:00+00:00,-37.940254
2013-04-23 00:15:00+00:00,-38.136097
2013-04-23 00:16:00+00:00,-38.260132
2013-04-23 00:17:00+00:00,-37.738876
2013-04-23 00:18:00+00:00,-37.937599
2013-04-23 00:19:00+00:00,-38.167679
2013-04-23 00:20:00+00:00,-37.966629
2013-04-23 00:21:00+00:00,-37.751286
2013-04-23 00:22:00+00:00,-37.929874
2013-04-23 00:23:00+00:00,-37.466206
2013-04-23 00:24:00+00:00,-37.417168
2013-04-23 00:25:00+00:00,-37.672325
2013-04-23 00:26:00+00:00,-37.674049
2013-04-23 00:27:00+00:00,-37.365837
2013-04-23 00:28:00+00:00,-37.344337
2013-04-23 00:29:00+00:00,-37.31076
2013-04-23 00:30:00+00:00,-37.404835
2013-04-23 00:31:00+00:00,-37.378696
2013-04-23 00:32:00+00:00,-37.333138
2013-04-23 00:33:00+00:00,-37.121593
2013-04-23 00:34:00+00:00,-36.942398
2013-04-23 00:35:00+00:00,-36.986549
2013-04-23 00:36:00+00:00,-36.8508
2013-04-23 00:37:00+00:00,-36.79483
2013-04-23 00:38:00+00:00,-36.757301
2013-04-23 00:39:00+00:00,-36.702461
2013-04-23 00:40:00+00:00,-36.908794
2013-04-23 00:41:00+00:00,-37.09042
2013-04-23 00:42:00+00:00,-37.166527
2013-04-23 00:43:00+00:00,-36.960594
2013-04-23 00:44:00+00:00,-36.923706
2013-04-23 00:45:00+00:00,-36.881382
2013-04-23 00:46:00+00:00,-36.703846
2013-04-23 00:47:00+00:00,-36.515427
2013-04-23 00:48:00+00:00,-36.15197
2013-04-23 00:49:00+00:00,-36.081627
2013-04-23 00:50:00+00:00,-36.154987
2013-04-23 00:51:00+00:00,-36.008148
2013-04-23 00:52:00+00:00,-36.076584
2013-04-23 00:53:00+00:00,-35.920235
2013-04-23 00:54:00+00:00,-35.481461
2013-04-23 00:55:00+00:00,-35.31044
2013-04-23 00:56:00+00:00,-35.527679
2013-04-23 00:57:00+00:00,-35.706379
2013-04-23 00:58:00+00:00,-35.982662
2013-04-23 00:59:00+00:00,-36.022469
2013-04-23 01:00:00+00:00,-36.002937
2013-04-23 01:01:00+00:00,-36.072182
2013-04-23 01:02:00+00:00,-35.863098
2013-04-23 01:03:00+00:00,-35.735016
2013-04-23 01:04:00+00:00,-35.667892
2013-04-23 01:05:00+00:00,-35.629402
2013-04-23 01:06:00+00:00,-35.482292
2013-04-23 01:07:00+00:00,-35.290981
2013-04-23 01:08:00+00:00,-35.158508
2013-04-23 01:09:00+00:00,-35.230194
2013-04-23 01:10:00+00:00,-35.265324
2013-04-23 01:11:00+00:00,-35.189243
2013-04-23 01:12:00+00:00,-35.256592
2013-04-23 01:13:00+00:00,-35.228638
2013-04-23 01:14:00+00:00,-35.148304
2013-04-23 01:15:00+00:00,-35.04641
2013-04-23 01:16:00+00:00,-34.945137
2013-04-23 01:17:00+00:00,-34.963203
2013-04-23 01:18:00+00:00,-35.290001
2013-04-23 01:19:00+00:00,-35.669266
2013-04-23 01:20:00+00:00,-35.853622
2013-04-23 01:21:00+00:00,-35.912964
2013-04-23 01:22:00+00:00,-35.737865
2013-04-23 01:23:00+00:00,-35.616974
2013-04-23 01:24:00+00:00,-35.586121
2013-04-23 01:25:00+00:00,-35.5863
2013-04-23 01:26:00+00:00,-35.294815
2013-04-23 01:27:00+00:00,-34.913536
2013-04-23 01:28:00+00:00,-34.830704
2013-04-23 01:29:00+00:00,-34.960342
2013-04-23 01:30:00+00:00,-35.0266
2013-04-23 01:31:00+00:00,-34.917206
2013-04-23 01:32:00+00:00,-34.965988
2013-04-23 01:33:00+00:00,-35.087013
2013-04-23 01:34:00+00:00,-35.05331
2013-04-23 01:35:00+00:00,-35.191864
2013-04-23 01:36:00+00:00,-35.37532
2013-04-23 01:37:00+00:00,-35.500168
2013-04-23 01:38:00+00:00,-35.483963
2013-04-23 01:39:00+00:00,-35.487679
2013-04-23 01:40:00+00:00,-35.571465
2013-04-23 01:41:00+00:00,-35.496628
2013-04-23 01:42:00+00:00,-35.388977
2013-04-23 01:43:00+00:00,-35.322342
2013-04-23 01:44:00+00:00,-35.409992
2013-04-23 01:45:00+00:00,-35.756996
2013-04-23 01:46:00+00:00,-35.723545
2013-04-23 01:47:00+00:00,-35.274075
2013-04-23 01:48:00+00:00,-35.049217
2013-04-23 01:49:00+00:00,-34.728249
2013-04-23 01:50:00+00:00,-34.563938
2013-04-23 01:51:00+00:00,-34.493385
2013-04-23 01:52:00+00:00,-34.395493
2013-04-23 01:53:00+00:00,-34.418297
2013-04-23 01:54:00+00:00,-34.595814
2013-04-23 01:55:00+00:00,-34.689358
2013-04-23 01:56:00+00:00,-34.511024
2013-04-23 01:57:00+00:00,-34.68272
2013-04-23 01:58:00+00:00,-34.657166
2013-04-23 01:59:00+00:00,-34.866009
2013-04-23 02:00:00+00:00,-35.131104
2013-04-23 02:01:00+00:00,-35.417969
2013-04-23 02:02:00+00:00,-35.552261
2013-04-23 02:03:00+00:00,-35.748848
2013-04-23 02:04:00+00:00,-35.524918
2013-04-23 02:05:00+00:00,-35.383278
2013-04-23 02:06:00+00:00,-35.493462
2013-04-23 02:07:00+00:00,-35.459019
2013-04-23 02:08:00+00:00,-35.349861
2013-04-23 02:09:00+00:00,-35.36412
2013-04-23 02:10:00+00:00,-35.356873
2013-04-23 02:11:00+00:00,-35.638275
2013-04-23 02:12:00+00:00,-35.851768
2013-04-23 02:13:00+00:00,-35.922745
2013-04-23 02:14:00+00:00,-35.90591
2013-04-23 02:15:00+00:00,-35.927834
2013-04-23 02:16:00+00:00,-35.797966
2013-04-23 02:17:00+00:00,-35.814751
2013-04-23 02:18:00+00:00,-35.884453
2013-04-23 02:19:00+00:00,-35.948109
2013-04-23 02:20:00+00:00,-35.752647
2013-04-23 02:21:00+00:00,-35.768394
2013-04-23 02:22:00+00:00,-35.696541
2013-04-23 02:23:00+00:00,-36.12072
2013-04-23 02:24:00+00:00,-35.78196
2013-04-23 02:25:00+00:00,-35.324436
2013-04-23 02:26:00+00:00,-35.202877
2013-04-23 02:27:00+00:00,-35.468842
2013-04-23 02:28:00+00:00,-35.778225
2013-04-23 02:29:00+00:00,-35.898636
2013-04-23 02:30:00+00:00,-35.937172
2013-04-23 02:31:00+00:00,-35.763657
2013-04-23 02:32:00+00:00,-35.76049
2013-04-23 02:33:00+00:00,-35.724537
2013-04-23 02:34:00+00:00,-35.801941
2013-04-23 02:35:00+00:00,-36.046062
2013-04-23 02:36:00+00:00,-35.935074
2013-04-23 02:37:00+00:00,-35.947472
2013-04-23 02:38:00+00:00,-35.829037
2013-04-23 02:39:00+00:00,-35.922146
2013-04-23 02:40:00+00:00,-36.122963
2013-04-23 02:41:00+00:00,-36.347198
2013-04-23 02:42:00+00:00,-36.382515
2013-04-23 02:43:00+00:00,-36.46299
2013-04-23 02:44:00+00:00,-36.363991
2013-04-23 02:45:00+00:00,-36.255142
2013-04-23 02:46:00+00:00,-36.330345
2013-04-23 02:47:00+00:00,-36.390079
2013-04-30 00:00:00+00:00,-47.168884
2013-04-30 00:01:00+00:00,-43.893288
2013-04-30 00:02:00+00:00,-42.670906
2013-04-30 00:03:00+00:00,-42.708126
2013-04-30 00:04:00+00:00,-43.743652
2013-04-30 00:05:00+00:00,-44.77462
2013-04-30 00:06:00+00:00,-42.805588
2013-04-30 00:07:00+00:00,-41.836113
2013-04-30 00:08:00+00:00,-40.862534
2013-04-30 00:09:00+00:00,-39.889309
2013-04-30 00:10:00+00:00,-39.913635
2013-04-30 00:11:00+00:00,-38.939857
2013-04-30 00:12:00+00:00,-39.961571
2013-04-30 00:13:00+00:00,-38.983147
2013-04-30 00:14:00+00:00,-38.003719
2013-04-30 00:15:00+00:00,-39.022709
2013-04-30 00:16:00+00:00,-39.03968
2013-04-30 00:17:00+00:00,-39.057964
2013-04-30 00:18:00+00:00,-38.075729
2013-04-30 00:19:00+00:00,-41.090401
2013-04-30 00:20:00+00:00,-41.105526
2013-04-30 00:21:00+00:00,-41.121464
2013-04-30 00:22:00+00:00,-39.138569
2013-04-30 00:23:00+00:00,-39.155518
2013-04-30 00:24:00+00:00,-39.171684
2013-04-30 00:25:00+00:00,-38.189148
2013-04-30 00:26:00+00:00,-39.209248
2013-04-30 00:27:00+00:00,-39.225754
2013-04-30 00:28:00+00:00,-39.243908
2013-04-30 00:29:00+00:00,-39.263832
2013-04-30 00:30:00+00:00,-39.283989
2013-04-30 00:31:00+00:00,-38.303539
2013-04-30 00:32:00+00:00,-39.321617
2013-04-30 00:33:00+00:00,-38.338371
2013-04-30 00:34:00+00:00,-39.353188
2013-04-30 00:35:00+00:00,-39.36673
2013-04-30 00:36:00+00:00,-40.380363
2013-04-30 00:37:00+00:00,-41.39344
2013-04-30 00:38:00+00:00,-43.405724
2013-04-30 00:39:00+00:00,-43.416576
2013-04-30 00:40:00+00:00,-42.428101
2013-04-30 00:41:00+00:00,-41.441582
2013-04-30 00:42:00+00:00,-41.453903
2013-04-30 00:43:00+00:00,-40.465374
2013-04-30 00:44:00+00:00,-39.477123
2013-04-30 00:45:00+00:00,-39.490448
2013-04-30 00:46:00+00:00,-38.504162
2013-04-30 00:47:00+00:00,-39.518589
2013-04-30 00:48:00+00:00,-40.531918
2013-04-30 00:49:00+00:00,-39.546478
2013-04-30 00:50:00+00:00,-38.563923
2013-04-30 00:51:00+00:00,-39.580704
2013-04-30 00:52:00+00:00,-39.59824
2013-04-30 00:53:00+00:00,-37.619041
2013-04-30 00:54:00+00:00,-36.641571
2013-04-30 00:55:00+00:00,-36.665977
2013-04-30 00:56:00+00:00,-37.694756
2013-04-30 00:57:00+00:00,-38.722393
2013-04-30 00:58:00+00:00,-38.753319
2013-04-30 00:59:00+00:00,-37.786701
2013-04-30 01:00:00+00:00,-38.824203
2013-04-30 01:01:00+00:00,-39.861771
2013-04-30 01:02:00+00:00,-39.899857
2013-04-30 01:03:00+00:00,-38.939526
2013-04-30 01:04:00+00:00,-37.979492
2013-04-30 01:05:00+00:00,-38.019669
2013-04-30 01:06:00+00:00,-38.061676
2013-04-30 01:07:00+00:00,-38.105263
2013-04-30 01:08:00+00:00,-39.148296
2013-04-30 01:09:00+00:00,-39.192448
2013-04-30 01:10:00+00:00,-39.237808
2013-04-30 01:11:00+00:00,-40.287106
2013-04-30 01:12:00+00:00,-44.881897
2013-04-30 01:13:00+00:00,-58.045094
2013-04-30 01:14:00+00:00,-77.71431
2013-04-30 01:15:00+00:00,-70.8311
2013-04-30 01:16:00+00:00,-39.542656
2013-04-30 01:17:00+00:00,-39.598892
2013-04-30 01:18:00+00:00,-40.657024
2013-04-30 01:19:00+00:00,-84.665733
2013-04-30 01:20:00+00:00,-66.079842
2013-04-30 01:21:00+00:00,-45.63921
2013-04-30 01:22:00+00:00,-47.13205
2013-04-30 01:23:00+00:00,-45.517902
2013-04-30 01:24:00+00:00,-36.051437
2013-04-30 01:25:00+00:00,-36.125259
2013-04-30 01:26:00+00:00,-36.203781
2013-04-30 01:27:00+00:00,-45.233856
2013-04-30 01:28:00+00:00,-53.305965
2013-04-30 01:29:00+00:00,-59.53009
2013-04-30 01:30:00+00:00,-71.036407
2013-04-30 01:31:00+00:00,-80.976723
2013-04-30 01:32:00+00:00,-84.38295
2013-04-30 01:33:00+00:00,-108.931847
2013-04-30 01:34:00+00:00,-127.305237
2013-04-30 01:35:00+00:00,-118.932014
2013-04-30 01:36:00+00:00,-97.597702
2013-04-30 01:37:00+00:00,-92.837212
2013-04-30 01:38:00+00:00,-97.980362
2013-04-30 01:39:00+00:00,-85.947235
2013-04-30 01:40:00+00:00,-82.5401
2013-04-30 01:41:00+00:00,-86.304092
2013-04-30 01:42:00+00:00,-90.182434
2013-04-30 01:43:00+00:00,-84.304779
2013-04-30 01:44:00+00:00,-102.716339
2013-04-30 01:45:00+00:00,-99.026215
2013-04-30 01:46:00+00:00,-108.345207
2013-04-30 01:47:00+00:00,-94.532654
2013-04-30 01:48:00+00:00,-94.43222
2013-04-30 01:49:00+00:00,-119.584846
2013-04-30 01:50:00+00:00,-148.944534
2013-04-30 01:51:00+00:00,-132.259277
2013-04-30 01:52:00+00:00,-125.266815
2013-04-30 01:53:00+00:00,-135.304733
2013-04-30 01:54:00+00:00,-142.053818
2013-04-30 01:55:00+00:00,-148.33046
2013-04-30 01:56:00+00:00,-155.526749
2013-04-30 01:57:00+00:00,-143.677872
2013-04-30 01:58:00+00:00,-147.236603
2013-04-30 01:59:00+00:00,-148.915253
2013-04-30 02:00:00+00:00,-142.233688
2013-04-30 02:01:00+00:00,-130.878418
2013-04-30 02:02:00+00:00,-136.448212
2013-04-30 02:03:00+00:00,-142.063065
2013-04-30 02:04:00+00:00,-149.89653
2013-04-30 02:05:00+00:00,-154.055328
2013-04-30 02:06:00+00:00,-155.940521
2013-04-30 02:07:00+00:00,-145.451309
2013-04-30 02:08:00+00:00,-130.462784
2013-04-30 02:09:00+00:00,-121.300873
2013-04-30 02:10:00+00:00,-116.460854
2013-04-30 02:11:00+00:00,-116.127464
2013-04-30 02:12:00+00:00,-115.985817
2013-04-30 02:13:00+00:00,-117.143005
2013-04-30 02:14:00+00:00,-117.03936
2013-04-30 02:15:00+00:00,-114.22963
2013-04-30 02:16:00+00:00,-112.071754
2013-04-30 02:17:00+00:00,-112.023987
2013-04-30 02:18:00+00:00,-114.886292
2013-04-30 02:19:00+00:00,-112.308426
2013-04-30 02:20:00+00:00,-108.457413
2013-04-30 02:21:00+00:00,-106.964638
2013-04-30 02:22:00+00:00,-106.161911
2013-04-30 02:23:00+00:00,-108.767708
2013-04-30 02:24:00+00:00,-109.429405
2013-04-30 02:25:00+00:00,-109.283195
2013-04-30 02:26:00+00:00,-105.891724
2013-04-30 02:27:00+00:00,-103.972321
2013-04-30 02:28:00+00:00,-101.226425
2013-04-30 02:29:00+00:00,-99.222939
2013-04-30 02:30:00+00:00,-97.633232
2013-04-30 02:31:00+00:00,-97.903114
2013-04-30 02:32:00+00:00,-96.341385
2013-04-30 02:33:00+00:00,-96.337135
2013-04-30 02:34:00+00:00,-96.499809
2013-04-30 02:35:00+00:00,-95.632362
2013-04-30 02:36:00+00:00,-96.174606
2013-04-30 02:37:00+00:00,-98.043976
2013-04-30 02:38:00+00:00,-103.344826
2013-04-30 02:39:00+00:00,-105.410591
2013-04-30 02:40:00+00:00,-102.797821
2013-04-30 02:41:00+00:00,-98.663284
2013-04-30 02:42:00+00:00,-94.58287
2013-04-30 02:43:00+00:00,-95.279724
2013-04-30 02:44:00+00:00,-103.730347
2013-04-30 02:45:00+00:00,-112.493874
2013-04-30 02:46:00+00:00,-119.170517
2013-04-30 02:47:00+00:00,-121.293053
2013-05-07 00:00:00+00:00,-135.946426
2013-05-07 00:01:00+00:00,-136.631973
2013-05-07 00:02:00+00:00,-142.706406
2013-05-07 00:03:00+00:00,-148.497879
2013-05-07 00:04:00+00:00,-158.022537
2013-05-07 00:05:00+00:00,-162.993378
2013-05-07 00:06:00+00:00,-164.197525
2013-05-07 00:07:00+00:00,-160.797363
2013-05-07 00:08:00+00:00,-157.754669
2013-05-07 00:09:00+00:00,-156.842285
2013-05-07 00:10:00+00:00,-156.81015
2013-05-07 00:11:00+00:00,-157.582169
2013-05-07 00:12:00+00:00,-158.405273
2013-05-07 00:13:00+00:00,-165.59993
2013-05-07 00:14:00+00:00,-174.665222
2013-05-07 00:15:00+00:00,-176.60463
2013-05-07 00:16:00+00:00,-174.621307
2013-05-07 00:17:00+00:00,-176.070312
2013-05-07 00:18:00+00:00,-171.595764
2013-05-07 00:19:00+00:00,-157.667419
2013-05-07 00:20:00+00:00,-154.892517
2013-05-07 00:21:00+00:00,-154.823196
2013-05-07 00:22:00+00:00,-143.004547
2013-05-07 00:23:00+00:00,-128.111816
2013-05-07 00:24:00+00:00,-130.729248
2013-05-07 00:25:00+00:00,-136.652618
2013-05-07 00:26:00+00:00,-142.321442
2013-05-07 00:27:00+00:00,-143.636917
2013-05-07 00:28:00+00:00,-146.914566
2013-05-07 00:29:00+00:00,-146.542084
2013-05-07 00:30:00+00:00,-146.849564
2013-05-07 00:31:00+00:00,-138.172501
2013-05-07 00:32:00+00:00,-129.725601
2013-05-07 00:33:00+00:00,-132.015884
2013-05-07 00:34:00+00:00,-135.152847
2013-05-07 00:35:00+00:00,-133.659332
2013-05-07 00:36:00+00:00,-135.508423
2013-05-07 00:37:00+00:00,-139.061462
2013-05-07 00:38:00+00:00,-155.769394
2013-05-07 00:39:00+00:00,-174.008286
2013-05-07 00:40:00+00:00,-182.853958
2013-05-07 00:41:00+00:00,-188.732452
2013-05-07 00:42:00+00:00,-193.506119
2013-05-07 00:43:00+00:00,-191.392761
2013-05-07 00:44:00+00:00,-204.607788
2013-05-07 00:45:00+00:00,-213.49736
2013-05-07 00:46:00+00:00,-217.850327
2013-05-07 00:47:00+00:00,-217.59494
2013-05-07 00:48:00+00:00,-230.427078
2013-05-07 00:49:00+00:00,-240.682053
2013-05-07 00:50:00+00:00,-247.303207
2013-05-07 00:51:00+00:00,-247.109009
2013-05-07 00:52:00+00:00,-262.913788
2013-05-07 00:53:00+00:00,-279.580292
2013-05-07 00:54:00+00:00,-280.362335
2013-05-07 00:55:00+00:00,-277.382019
2013-05-07 00:56:00+00:00,-281.113953
2013-05-07 00:57:00+00:00,-285.91391
2013-05-07 00:58:00+00:00,-288.945923
2013-05-07 00:59:00+00:00,-292.964844
2013-05-07 01:00:00+00:00,-295.50882
2013-05-07 01:01:00+00:00,-304.898071
2013-05-07 01:02:00+00:00,-304.558929
2013-05-07 01:03:00+00:00,-302.472107
2013-05-07 01:04:00+00:00,-300.482849
2013-05-07 01:05:00+00:00,-294.808075
2013-05-07 01:06:00+00:00,-288.440216
2013-05-07 01:07:00+00:00,-284.223206
2013-05-07 01:08:00+00:00,-275.717133
2013-05-07 01:09:00+00:00,-267.395569
2013-05-07 01:10:00+00:00,-270.993835
2013-05-07 01:11:00+00:00,-278.022156
2013-05-07 01:12:00+00:00,-276.199677
2013-05-07 01:13:00+00:00,-277.736847
2013-05-07 01:14:00+00:00,-275.677765
2013-05-07 01:15:00+00:00,-269.863739
2013-05-07 01:16:00+00:00,-272.675995
2013-05-07 01:17:00+00:00,-279.748871
2013-05-07 01:18:00+00:00,-281.209839
2013-05-07 01:19:00+00:00,-277.113892
2013-05-07 01:20:00+00:00,-270.059235
2013-05-07 01:21:00+00:00,-265.112396
2013-05-07 01:22:00+00:00,-267.401947
2013-05-07 01:23:00+00:00,-273.929993
2013-05-07 01:24:00+00:00,-267.742035
2013-05-07 01:25:00+00:00,-256.822662
2013-05-07 01:26:00+00:00,-255.774002
2013-05-07 01:27:00+00:00,-261.209076
2013-05-07 01:28:00+00:00,-249.264252
2013-05-07 01:29:00+00:00,-241.861008
2013-05-07 01:30:00+00:00,-224.323044
2013-05-07 01:31:00+00:00,-217.58873
2013-05-07 01:32:00+00:00,-222.6315
2013-05-07 01:33:00+00:00,-213.896011
2013-05-07 01:34:00+00:00,-193.778244
2013-05-07 01:35:00+00:00,-190.733063
2013-05-07 01:36:00+00:00,-197.881927
2013-05-07 01:37:00+00:00,-201.063492
2013-05-07 01:38:00+00:00,-189.995209
2013-05-07 01:39:00+00:00,-183.380341
2013-05-07 01:40:00+00:00,-175.002975
2013-05-07 01:41:00+00:00,-176.753479
2013-05-07 01:42:00+00:00,-202.741684
2013-05-07 01:43:00+00:00,-218.707016
2013-05-07 01:44:00+00:00,-236.621231
2013-05-07 01:45:00+00:00,-249.559906
2013-05-07 01:46:00+00:00,-264.516663
2013-05-07 01:47:00+00:00,-276.47522
2013-05-07 01:48:00+00:00,-284.438049
2013-05-07 01:49:00+00:00,-295.433777
2013-05-07 01:50:00+00:00,-302.436462
2013-05-07 01:51:00+00:00,-306.457916
2013-05-07 01:52:00+00:00,-327.439056
2013-05-07 01:53:00+00:00,-334.371307
2013-05-07 01:54:00+00:00,-333.27179
2013-05-07 01:55:00+00:00,-328.185455
2013-05-07 01:56:00+00:00,-333.155914
2013-05-07 01:57:00+00:00,-339.117737
2013-05-07 01:58:00+00:00,-340.089111
2013-05-07 01:59:00+00:00,-346.047607
2013-05-07 02:00:00+00:00,-353.015472
2013-05-07 02:01:00+00:00,-362.993164
2013-05-07 02:02:00+00:00,-360.976166
2013-05-07 02:03:00+00:00,-367.965118
2013-05-07 02:04:00+00:00,-374.966461
2013-05-07 02:05:00+00:00,-371.958374
2013-05-07 02:06:00+00:00,-372.938873
2013-05-07 02:07:00+00:00,-376.889221
2013-05-07 02:08:00+00:00,-384.866394
2013-05-07 02:09:00+00:00,-395.919037
2013-05-07 02:10:00+00:00,-405.049042
2013-05-07 02:11:00+00:00,-381.270905
2013-05-07 02:12:00+00:00,-365.580017
2013-05-07 02:13:00+00:00,-360.027954
2013-05-07 02:14:00+00:00,-370.900848
2013-05-07 02:15:00+00:00,-412.412415
2013-05-07 02:16:00+00:00,-410.914398
2013-05-07 02:17:00+00:00,-409.811005
2013-05-07 02:18:00+00:00,-394.81015
2013-05-07 02:19:00+00:00,-408.002686
2013-05-07 02:20:00+00:00,-412.155212
2013-05-07 02:21:00+00:00,-405.953186
2013-05-07 02:22:00+00:00,-399.835144
2013-05-07 02:23:00+00:00,-382.797058
2013-05-07 02:24:00+00:00,-401.907349
2013-05-07 02:25:00+00:00,-412.059479
2013-05-07 02:26:00+00:00,-421.09729
2013-05-07 02:27:00+00:00,-409.949341
2013-05-07 02:28:00+00:00,-406.896881
2013-05-07 02:29:00+00:00,-394.865692
2013-05-07 02:30:00+00:00,-384.875427
2013-05-07 02:31:00+00:00,-378.869507
2013-05-07 02:32:00+00:00,-371.876709
2013-05-07 02:33:00+00:00,-359.867859
2013-05-07 02:34:00+00:00,-328.874817
2013-05-07 02:35:00+00:00,-333.888855
2013-05-07 02:36:00+00:00,-321.904083
2013-05-07 02:37:00+00:00,-346.94809
2013-05-07 02:38:00+00:00,-348.003662
2013-05-07 02:39:00+00:00,-315.010498
2013-05-07 02:40:00+00:00,-314.049561
2013-05-07 02:41:00+00:00,-309.205139
2013-05-07 02:42:00+00:00,-315.255829
2013-05-07 02:43:00+00:00,-323.287842
2013-05-07 02:44:00+00:00,-308.764038
2013-05-07 02:45:00+00:00,-329.24295
2013-05-07 02:46:00+00:00,-336.618713
2013-05-07 02:47:00+00:00,-322.393555
2013-05-14 00:00:00+00:00,-75.291969
2013-05-14 00:01:00+00:00,-75.376945
2013-05-14 00:02:00+00:00,-75.460281
2013-05-14 00:03:00+00:00,-76.543213
2013-05-14 00:04:00+00:00,-76.621483
2013-05-14 00:05:00+00:00,-75.698318
2013-05-14 00:06:00+00:00,-75.77475
2013-05-14 00:07:00+00:00,-75.852913
2013-05-14 00:08:00+00:00,-75.928719
2013-05-14 00:09:00+00:00,-77.001389
2013-05-14 00:10:00+00:00,-77.071976
2013-05-14 00:11:00+00:00,-76.145462
2013-05-14 00:12:00+00:00,-76.21595
2013-05-14 00:13:00+00:00,-76.283562
2013-05-14 00:14:00+00:00,-78.356178
2013-05-14 00:15:00+00:00,-79.42997
2013-05-14 00:16:00+00:00,-79.497162
2013-05-14 00:17:00+00:00,-79.564674
2013-05-14 00:18:00+00:00,-78.632553
2013-05-14 00:19:00+00:00,-78.696991
2013-05-14 00:20:00+00:00,-77.758041
2013-05-14 00:21:00+00:00,-77.821625
2013-05-14 00:22:00+00:00,-77.887764
2013-05-14 00:23:00+00:00,-77.950752
2013-05-14 00:24:00+00:00,-78.01355
2013-05-14 00:25:00+00:00,-77.074257
2013-05-14 00:26:00+00:00,-78.138748
2013-05-14 00:27:00+00:00,-78.204277
2013-05-14 00:28:00+00:00,-78.266937
2013-05-14 00:29:00+00:00,-78.329735
2013-05-14 00:30:00+00:00,-79.397552
2013-05-14 00:31:00+00:00,-79.462418
2013-05-14 00:32:00+00:00,-80.527878
2013-05-14 00:33:00+00:00,-80.59288
2013-05-14 00:34:00+00:00,-80.654625
2013-05-14 00:35:00+00:00,-79.716965
2013-05-14 00:36:00+00:00,-79.778908
2013-05-14 00:37:00+00:00,-80.839401
2013-05-14 00:38:00+00:00,-79.899582
2013-05-14 00:39:00+00:00,-79.96035
2013-05-14 00:40:00+00:00,-79.020721
2013-05-14 00:41:00+00:00,-80.082542
2013-05-14 00:42:00+00:00,-81.143097
2013-05-14 00:43:00+00:00,-81.204231
2013-05-14 00:44:00+00:00,-81.263992
2013-05-14 00:45:00+00:00,-79.325172
2013-05-14 00:46:00+00:00,-79.383156
2013-05-14 00:47:00+00:00,-80.440735
2013-05-14 00:48:00+00:00,-80.498734
2013-05-14 00:49:00+00:00,-79.552574
2013-05-14 00:50:00+00:00,-78.607964
2013-05-14 00:51:00+00:00,-79.665878
2013-05-14 00:52:00+00:00,-79.722237
2013-05-14 00:53:00+00:00,-78.775429
2013-05-14 00:54:00+00:00,-78.830162
2013-05-14 00:55:00+00:00,-77.884483
2013-05-14 00:56:00+00:00,-76.939178
2013-05-14 00:57:00+00:00,-76.993652
2013-05-14 00:58:00+00:00,-78.046738
2013-05-14 00:59:00+00:00,-78.100388
2013-05-14 01:00:00+00:00,-78.153404
2013-05-14 01:01:00+00:00,-78.205353
2013-05-14 01:02:00+00:00,-78.258087
2013-05-14 01:03:00+00:00,-79.311325
2013-05-14 01:04:00+00:00,-79.362595
2013-05-14 01:05:00+00:00,-80.412621
2013-05-14 01:06:00+00:00,-83.462349
2013-05-14 01:07:00+00:00,-85.508583
2013-05-14 01:08:00+00:00,-89.554726
2013-05-14 01:09:00+00:00,-96.603432
2013-05-14 01:10:00+00:00,-103.653717
2013-05-14 01:11:00+00:00,-107.704292
2013-05-14 01:12:00+00:00,-109.747879
2013-05-14 01:13:00+00:00,-111.797844
2013-05-14 01:14:00+00:00,-112.85125
2013-05-14 01:15:00+00:00,-105.894089
2013-05-14 01:16:00+00:00,-101.934761
2013-05-14 01:17:00+00:00,-100.985634
2013-05-14 01:18:00+00:00,-104.041473
2013-05-14 01:19:00+00:00,-101.084358
2013-05-14 01:20:00+00:00,-96.125656
2013-05-14 01:21:00+00:00,-93.173164
2013-05-14 01:22:00+00:00,-93.223564
2013-05-14 01:23:00+00:00,-93.27169
2013-05-14 01:24:00+00:00,-90.315224
2013-05-14 01:25:00+00:00,-87.358032
2013-05-14 01:26:00+00:00,-87.402626
2013-05-14 01:27:00+00:00,-87.448807
2013-05-14 01:28:00+00:00,-86.49128
2013-05-14 01:29:00+00:00,-83.530014
2013-05-14 01:30:00+00:00,-80.566483
2013-05-14 01:31:00+00:00,-77.597328
2013-05-14 01:32:00+00:00,-77.629639
2013-05-14 01:33:00+00:00,-79.662018
2013-05-14 01:34:00+00:00,-79.691666
2013-05-14 01:35:00+00:00,-76.717209
2013-05-14 01:36:00+00:00,-74.743614
2013-05-14 01:37:00+00:00,-73.770393
2013-05-14 01:38:00+00:00,-74.794884
2013-05-14 01:39:00+00:00,-76.822464
2013-05-14 01:40:00+00:00,-78.848351
2013-05-14 01:41:00+00:00,-77.872993
2013-05-14 01:42:00+00:00,-76.896736
2013-05-14 01:43:00+00:00,-76.918083
2013-05-14 01:44:00+00:00,-78.943962
2013-05-14 01:45:00+00:00,-79.966988
2013-05-14 01:46:00+00:00,-80.987564
2013-05-14 01:47:00+00:00,-82.010017
2013-05-14 01:48:00+00:00,-85.032829
2013-05-14 01:49:00+00:00,-87.056396
2013-05-14 01:50:00+00:00,-86.079193
2013-05-14 01:51:00+00:00,-87.100334
2013-05-14 01:52:00+00:00,-89.129051
2013-05-14 01:53:00+00:00,-91.156937
2013-05-14 01:54:00+00:00,-88.180511
2013-05-14 01:55:00+00:00,-85.203781
2013-05-14 01:56:00+00:00,-82.227219
2013-05-14 01:57:00+00:00,-84.256996
2013-05-14 01:58:00+00:00,-87.285767
2013-05-14 01:59:00+00:00,-87.312637
2013-05-14 02:00:00+00:00,-85.340118
2013-05-14 02:01:00+00:00,-84.369492
2013-05-14 02:02:00+00:00,-84.403389
2013-05-14 02:03:00+00:00,-84.435493
2013-05-14 02:04:00+00:00,-84.464989
2013-05-14 02:05:00+00:00,-81.495323
2013-05-14 02:06:00+00:00,-79.525597
2013-05-14 02:07:00+00:00,-79.562164
2013-05-14 02:08:00+00:00,-81.593498
2013-05-14 02:09:00+00:00,-80.623039
2013-05-14 02:10:00+00:00,-79.648895
2013-05-14 02:11:00+00:00,-79.685257
2013-05-14 02:12:00+00:00,-80.716667
2013-05-14 02:13:00+00:00,-80.747551
2013-05-14 02:14:00+00:00,-80.779922
2013-05-14 02:15:00+00:00,-80.815308
2013-05-14 02:16:00+00:00,-79.850891
2013-05-14 02:17:00+00:00,-77.891113
2013-05-14 02:18:00+00:00,-76.925819
2013-05-14 02:19:00+00:00,-75.961876
2013-05-14 02:20:00+00:00,-75.998894
2013-05-14 02:21:00+00:00,-76.03595
2013-05-14 02:22:00+00:00,-75.075653
2013-05-14 02:23:00+00:00,-77.119881
2013-05-14 02:24:00+00:00,-81.167305
2013-05-14 02:25:00+00:00,-82.216042
2013-05-14 02:26:00+00:00,-78.260948
2013-05-14 02:27:00+00:00,-71.300835
2013-05-14 02:28:00+00:00,-66.339317
2013-05-14 02:29:00+00:00,-65.385269
2013-05-14 02:30:00+00:00,-64.435593
2013-05-14 02:31:00+00:00,-64.487
2013-05-14 02:32:00+00:00,-66.539436
2013-05-14 02:33:00+00:00,-68.591797
2013-05-14 02:34:00+00:00,-67.6427
2013-05-14 02:35:00+00:00,-66.694962
2013-05-14 02:36:00+00:00,-66.74868
2013-05-14 02:37:00+00:00,-66.803764
2013-05-14 02:38:00+00:00,-66.857803
2013-05-14 02:39:00+00:00,-65.909721
2013-05-14 02:40:00+00:00,-66.964516
2013-05-14 02:41:00+00:00,-68.024086
2013-05-14 02:42:00+00:00,-68.082024
2013-05-14 02:43:00+00:00,-68.141205
2013-05-14 02:44:00+00:00,-67.203682
2013-05-14 02:45:00+00:00,-67.266579
2013-05-14 02:46:00+00:00,-67.330154
2013-05-14 02:47:00+00:00,-68.396378
2013-05-21 00:00:00+00:00,-143.290848
2013-05-21 00:01:00+00:00,-134.369476
2013-05-21 00:02:00+00:00,-134.087524
2013-05-21 00:03:00+00:00,-137.059723
2013-05-21 00:04:00+00:00,-136.304367
2013-05-21 00:05:00+00:00,-133.559113
2013-05-21 00:06:00+00:00,-128.938965
2013-05-21 00:07:00+00:00,-127.240036
2013-05-21 00:08:00+00:00,-142.59491
2013-05-21 00:09:00+00:00,-155.508774
2013-05-21 00:10:00+00:00,-169.514359
2013-05-21 00:11:00+00:00,-173.420197
2013-05-21 00:12:00+00:00,-176.132599
2013-05-21 00:13:00+00:00,-177.902466
2013-05-21 00:14:00+00:00,-174.181946
2013-05-21 00:15:00+00:00,-163.817719
2013-05-21 00:16:00+00:00,-170.497498
2013-05-21 00:17:00+00:00,-168.506683
2013-05-21 00:18:00+00:00,-170.30365
2013-05-21 00:19:00+00:00,-170.563171
2013-05-21 00:20:00+00:00,-164.294022
2013-05-21 00:21:00+00:00,-163.560638
2013-05-21 00:22:00+00:00,-162.799454
2013-05-21 00:23:00+00:00,-165.462692
2013-05-21 00:24:00+00:00,-167.102036
2013-05-21 00:25:00+00:00,-168.584656
2013-05-21 00:26:00+00:00,-171.664261
2013-05-21 00:27:00+00:00,-174.843063
2013-05-21 00:28:00+00:00,-176.360168
2013-05-21 00:29:00+00:00,-174.602997
2013-05-21 00:30:00+00:00,-174.802689
2013-05-21 00:31:00+00:00,-178.138351
2013-05-21 00:32:00+00:00,-183.153412
2013-05-21 00:33:00+00:00,-185.049026
2013-05-21 00:34:00+00:00,-187.365601
2013-05-21 00:35:00+00:00,-188.907181
2013-05-21 00:36:00+00:00,-192.190399
2013-05-21 00:37:00+00:00,-196.594421
2013-05-21 00:38:00+00:00,-200.463211
2013-05-21 00:39:00+00:00,-203.047089
2013-05-21 00:40:00+00:00,-203.672455
2013-05-21 00:41:00+00:00,-201.525146
2013-05-21 00:42:00+00:00,-198.158966
2013-05-21 00:43:00+00:00,-196.913086
2013-05-21 00:44:00+00:00,-197.401657
2013-05-21 00:45:00+00:00,-199.571854
2013-05-21 00:46:00+00:00,-197.736588
2013-05-21 00:47:00+00:00,-195.657135
2013-05-21 00:48:00+00:00,-190.781662
2013-05-21 00:49:00+00:00,-192.006104
2013-05-21 00:50:00+00:00,-196.324509
2013-05-21 00:51:00+00:00,-196.513428
2013-05-21 00:52:00+00:00,-194.971436
2013-05-21 00:53:00+00:00,-200.464874
2013-05-21 00:54:00+00:00,-211.466644
2013-05-21 00:55:00+00:00,-217.732086
2013-05-21 00:56:00+00:00,-221.576553
2013-05-21 00:57:00+00:00,-217.95993
2013-05-21 00:58:00+00:00,-212.627197
2013-05-21 00:59:00+00:00,-209.005249
2013-05-21 01:00:00+00:00,-203.878754
2013-05-21 01:01:00+00:00,-214.949585
2013-05-21 01:02:00+00:00,-228.480286
2013-05-21 01:03:00+00:00,-245.48558
2013-05-21 01:04:00+00:00,-245.670364
2013-05-21 01:05:00+00:00,-237.580734
2013-05-21 01:06:00+00:00,-222.557571
2013-05-21 01:07:00+00:00,-214.123413
2013-05-21 01:08:00+00:00,-211.609283
2013-05-21 01:09:00+00:00,-215.937897
2013-05-21 01:10:00+00:00,-211.711411
2013-05-21 01:11:00+00:00,-211.916504
2013-05-21 01:12:00+00:00,-217.935547
2013-05-21 01:13:00+00:00,-222.956345
2013-05-21 01:14:00+00:00,-223.583908
2013-05-21 01:15:00+00:00,-237.628174
2013-05-21 01:16:00+00:00,-255.392273
2013-05-21 01:17:00+00:00,-270.442413
2013-05-21 01:18:00+00:00,-272.161224
2013-05-21 01:19:00+00:00,-262.291046
2013-05-21 01:20:00+00:00,-261.837372
2013-05-21 01:21:00+00:00,-266.777954
2013-05-21 01:22:00+00:00,-264.163605
2013-05-21 01:23:00+00:00,-259.559082
2013-05-21 01:24:00+00:00,-255.298828
2013-05-21 01:25:00+00:00,-238.223923
2013-05-21 01:26:00+00:00,-221.182922
2013-05-21 01:27:00+00:00,-213.494415
2013-05-21 01:28:00+00:00,-214.003082
2013-05-21 01:29:00+00:00,-206.954803
2013-05-21 01:30:00+00:00,-207.132492
2013-05-21 01:31:00+00:00,-202.52446
2013-05-21 01:32:00+00:00,-197.580185
2013-05-21 01:33:00+00:00,-199.170609
2013-05-21 01:34:00+00:00,-204.625702
2013-05-21 01:35:00+00:00,-207.251892
2013-05-21 01:36:00+00:00,-209.392944
2013-05-21 01:37:00+00:00,-213.495392
2013-05-21 01:38:00+00:00,-214.568634
2013-05-21 01:39:00+00:00,-209.309799
2013-05-21 01:40:00+00:00,-200.495193
2013-05-21 01:41:00+00:00,-186.756226
2013-05-21 01:42:00+00:00,-184.905533
2013-05-21 01:43:00+00:00,-177.10408
2013-05-21 01:44:00+00:00,-168.540451
2013-05-21 01:45:00+00:00,-162.803238
2013-05-21 01:46:00+00:00,-168.79837
2013-05-21 01:47:00+00:00,-174.410645
2013-05-21 01:48:00+00:00,-180.86142
2013-05-21 01:49:00+00:00,-187.202789
2013-05-21 01:50:00+00:00,-184.727417
2013-05-21 01:51:00+00:00,-173.791656
2013-05-21 01:52:00+00:00,-161.703888
2013-05-21 01:53:00+00:00,-148.374481
2013-05-21 01:54:00+00:00,-141.149857
2013-05-21 01:55:00+00:00,-144.099289
2013-05-21 01:56:00+00:00,-146.001831
2013-05-21 01:57:00+00:00,-144.384064
2013-05-21 01:58:00+00:00,-139.796539
2013-05-21 01:59:00+00:00,-132.691147
2013-05-21 02:00:00+00:00,-125.137451
2013-05-21 02:01:00+00:00,-119.677055
2013-05-21 02:02:00+00:00,-114.797958
2013-05-21 02:03:00+00:00,-112.222656
2013-05-21 02:04:00+00:00,-114.115326
2013-05-21 02:05:00+00:00,-116.139862
2013-05-21 02:06:00+00:00,-119.245674
2013-05-21 02:07:00+00:00,-118.687698
2013-05-21 02:08:00+00:00,-120.251923
2013-05-21 02:09:00+00:00,-123.937943
2013-05-21 02:10:00+00:00,-127.349213
2013-05-21 02:11:00+00:00,-129.556946
2013-05-21 02:12:00+00:00,-129.766144
2013-05-21 02:13:00+00:00,-125.952309
2013-05-21 02:14:00+00:00,-119.093918
2013-05-21 02:15:00+00:00,-114.966255
2013-05-21 02:16:00+00:00,-111.86515
2013-05-21 02:17:00+00:00,-100.593269
2013-05-21 02:18:00+00:00,-88.827316
2013-05-21 02:19:00+00:00,-82.979477
2013-05-21 02:20:00+00:00,-83.07399
2013-05-21 02:21:00+00:00,-82.041992
2013-05-21 02:22:00+00:00,-81.177567
2013-05-21 02:23:00+00:00,-80.187775
2013-05-21 02:24:00+00:00,-81.761246
2013-05-21 02:25:00+00:00,-77.600243
2013-05-21 02:26:00+00:00,-72.984192
2013-05-21 02:27:00+00:00,-69.563553
2013-05-21 02:28:00+00:00,-68.378494
2013-05-21 02:29:00+00:00,-66.767059
2013-05-21 02:30:00+00:00,-64.46463
2013-05-21 02:31:00+00:00,-59.130058
2013-05-21 02:32:00+00:00,-58.746403
2013-05-21 02:33:00+00:00,-59.58136
2013-05-21 02:34:00+00:00,-61.859268
2013-05-21 02:35:00+00:00,-63.450974
2013-05-21 02:36:00+00:00,-66.391388
2013-05-21 02:37:00+00:00,-70.977234
2013-05-21 02:38:00+00:00,-72.066483
2013-05-21 02:39:00+00:00,-72.896286
2013-05-21 02:40:00+00:00,-72.353119
2013-05-21 02:41:00+00:00,-72.974907
2013-05-21 02:42:00+00:00,-73.367661
2013-05-21 02:43:00+00:00,-71.886703
2013-05-21 02:44:00+00:00,-67.854103
2013-05-21 02:45:00+00:00,-65.021446
2013-05-21 02:46:00+00:00,-62.520393
2013-05-21 02:47:00+00:00,-63.002068
2013-05-28 00:00:00+00:00,-129.742523
2013-05-28 00:01:00+00:00,-134.819031
2013-05-28 00:02:00+00:00,-135.216721
2013-05-28 00:03:00+00:00,-140.275482
2013-05-28 00:04:00+00:00,-163.000885
2013-05-28 00:05:00+00:00,-169.879501
2013-05-28 00:06:00+00:00,-173.74881
2013-05-28 00:07:00+00:00,-184.724792
2013-05-28 00:08:00+00:00,-192.878143
2013-05-28 00:09:00+00:00,-199.420441
2013-05-28 00:10:00+00:00,-201.424805
2013-05-28 00:11:00+00:00,-199.337219
2013-05-28 00:12:00+00:00,-201.046524
2013-05-28 00:13:00+00:00,-195.180374
2013-05-28 00:14:00+00:00,-183.352707
2013-05-28 00:15:00+00:00,-190.685333
2013-05-28 00:16:00+00:00,-210.568787
2013-05-28 00:17:00+00:00,-231.453934
2013-05-28 00:18:00+00:00,-233.33812
2013-05-28 00:19:00+00:00,-232.392303
2013-05-28 00:20:00+00:00,-233.073029
2013-05-28 00:21:00+00:00,-227.948654
2013-05-28 00:22:00+00:00,-227.890793
2013-05-28 00:23:00+00:00,-241.778793
2013-05-28 00:24:00+00:00,-259.670624
2013-05-28 00:25:00+00:00,-267.562408
2013-05-28 00:26:00+00:00,-269.452606
2013-05-28 00:27:00+00:00,-281.346344
2013-05-28 00:28:00+00:00,-289.197144
2013-05-28 00:29:00+00:00,-287.136383
2013-05-28 00:30:00+00:00,-288.032288
2013-05-28 00:31:00+00:00,-282.930359
2013-05-28 00:32:00+00:00,-270.830688
2013-05-28 00:33:00+00:00,-268.727844
2013-05-28 00:34:00+00:00,-257.629608
2013-05-28 00:35:00+00:00,-257.532471
2013-05-28 00:36:00+00:00,-256.438354
2013-05-28 00:37:00+00:00,-256.342896
2013-05-28 00:38:00+00:00,-246.247833
2013-05-28 00:39:00+00:00,-251.157608
2013-05-28 00:40:00+00:00,-268.075073
2013-05-28 00:41:00+00:00,-278.009583
2013-05-28 00:42:00+00:00,-283.914978
2013-05-28 00:43:00+00:00,-267.830841
2013-05-28 00:44:00+00:00,-252.72261
2013-05-28 00:45:00+00:00,-255.664627
2013-05-28 00:46:00+00:00,-256.938141
2013-05-28 00:47:00+00:00,-270.465912
2013-05-28 00:48:00+00:00,-276.375488
2013-05-28 00:49:00+00:00,-267.686768
2013-05-28 00:50:00+00:00,-257.478729
2013-05-28 00:51:00+00:00,-254.60347
2013-05-28 00:52:00+00:00,-250.082443
2013-05-28 00:53:00+00:00,-272.830841
2013-05-28 00:54:00+00:00,-299.558136
2013-05-28 00:55:00+00:00,-291.696808
2013-05-28 00:56:00+00:00,-278.204315
2013-05-28 00:57:00+00:00,-281.174835
2013-05-28 00:58:00+00:00,-325.382202
2013-05-28 00:59:00+00:00,-351.920685
2013-05-28 01:00:00+00:00,-353.718292
2013-05-28 01:01:00+00:00,-350.033295
2013-05-28 01:02:00+00:00,-347.236847
2013-05-28 01:03:00+00:00,-327.34317
2013-05-28 01:04:00+00:00,-314.672821
2013-05-28 01:05:00+00:00,-308.412811
2013-05-28 01:06:00+00:00,-297.624786
2013-05-28 01:07:00+00:00,-284.122772
2013-05-28 01:08:00+00:00,-278.228241
2013-05-28 01:09:00+00:00,-272.875336
2013-05-28 01:10:00+00:00,-270.75946
2013-05-28 01:11:00+00:00,-266.172241
2013-05-28 01:12:00+00:00,-262.331909
2013-05-28 01:13:00+00:00,-256.732086
2013-05-28 01:14:00+00:00,-247.862808
2013-05-28 01:15:00+00:00,-250.134262
2013-05-28 01:16:00+00:00,-249.588989
2013-05-28 01:17:00+00:00,-247.761642
2013-05-28 01:18:00+00:00,-245.388672
2013-05-28 01:19:00+00:00,-238.796066
2013-05-28 01:20:00+00:00,-232.601135
2013-05-28 01:21:00+00:00,-227.988464
2013-05-28 01:22:00+00:00,-227.877197
2013-05-28 01:23:00+00:00,-223.580505
2013-05-28 01:24:00+00:00,-218.723572
2013-05-28 01:25:00+00:00,-212.781021
2013-05-28 01:26:00+00:00,-205.177917
2013-05-28 01:27:00+00:00,-188.174561
2013-05-28 01:28:00+00:00,-180.911331
2013-05-28 01:29:00+00:00,-175.475983
2013-05-28 01:30:00+00:00,-172.599854
2013-05-28 01:31:00+00:00,-166.309372
2013-05-28 01:32:00+00:00,-160.959183
2013-05-28 01:33:00+00:00,-157.512558
2013-05-28 01:34:00+00:00,-147.000824
2013-05-28 01:35:00+00:00,-137.324707
2013-05-28 01:36:00+00:00,-145.203705
2013-05-28 01:37:00+00:00,-159.833145
2013-05-28 01:38:00+00:00,-145.187439
2013-05-28 01:39:00+00:00,-131.911789
2013-05-28 01:40:00+00:00,-144.850342
2013-05-28 01:41:00+00:00,-159.493088
2013-05-28 01:42:00+00:00,-170.493179
2013-05-28 01:43:00+00:00,-173.680878
2013-05-28 01:44:00+00:00,-170.541687
2013-05-28 01:45:00+00:00,-156.097946
2013-05-28 01:46:00+00:00,-143.591003
2013-05-28 01:47:00+00:00,-141.788528
2013-05-28 01:48:00+00:00,-142.253906
2013-05-28 01:49:00+00:00,-141.991562
2013-05-28 01:50:00+00:00,-133.638672
2013-05-28 01:51:00+00:00,-125.876549
2013-05-28 01:52:00+00:00,-118.975586
2013-05-28 01:53:00+00:00,-118.26297
2013-05-28 01:54:00+00:00,-132.186432
2013-05-28 01:55:00+00:00,-146.5224
2013-05-28 01:56:00+00:00,-142.921753
2013-05-28 01:57:00+00:00,-137.15419
2013-05-28 01:58:00+00:00,-143.916504
2013-05-28 01:59:00+00:00,-146.946487
2013-05-28 02:00:00+00:00,-138.300934
2013-05-28 02:01:00+00:00,-127.904701
2013-05-28 02:02:00+00:00,-137.065994
2013-05-28 02:03:00+00:00,-136.468903
2013-05-28 02:04:00+00:00,-129.524063
2013-05-28 02:05:00+00:00,-136.122894
2013-05-28 02:06:00+00:00,-147.846405
2013-05-28 02:07:00+00:00,-144.589386
2013-05-28 02:08:00+00:00,-132.768616
2013-05-28 02:09:00+00:00,-133.387192
2013-05-28 02:10:00+00:00,-142.08783
2013-05-28 02:11:00+00:00,-157.32132
2013-05-28 02:12:00+00:00,-165.10141
2013-05-28 02:13:00+00:00,-161.497925
2013-05-28 02:14:00+00:00,-154.210587
2013-05-28 02:15:00+00:00,-158.356537
2013-05-28 02:16:00+00:00,-165.248947
2013-05-28 02:17:00+00:00,-168.542328
2013-05-28 02:18:00+00:00,-172.271164
2013-05-28 02:19:00+00:00,-171.551941
2013-05-28 02:20:00+00:00,-174.387863
2013-05-28 02:21:00+00:00,-177.124603
2013-05-28 02:22:00+00:00,-171.593613
2013-05-28 02:23:00+00:00,-178.314606
2013-05-28 02:24:00+00:00,-180.030762
2013-05-28 02:25:00+00:00,-183.357758
2013-05-28 02:26:00+00:00,-189.860245
2013-05-28 02:27:00+00:00,-197.277466
2013-05-28 02:28:00+00:00,-199.328629
2013-05-28 02:29:00+00:00,-208.274994
2013-05-28 02:30:00+00:00,-231.148987
2013-05-28 02:31:00+00:00,-246.256149
2013-05-28 02:32:00+00:00,-255.895966
2013-05-28 02:33:00+00:00,-267.213593
2013-05-28 02:34:00+00:00,-294.910614
2013-05-28 02:35:00+00:00,-314.12207
2013-05-28 02:36:00+00:00,-341.851624
2013-05-28 02:37:00+00:00,-345.04895
2013-05-28 02:38:00+00:00,-331.279602
2013-05-28 02:39:00+00:00,-330.191833
2013-05-28 02:40:00+00:00,-343.798859
2013-05-28 02:41:00+00:00,-363.82608
2013-05-28 02:42:00+00:00,-375.966858
2013-05-28 02:43:00+00:00,-377.89743
2013-05-28 02:44:00+00:00,-361.120178
2013-05-28 02:45:00+00:00,-350.552765
2013-05-28 02:46:00+00:00,-332.991699
2013-05-28 02:47:00+00:00,-308.970123
2013-06-04 00:00:00+00:00,-90.796906
2013-06-04 00:01:00+00:00,-83.1259
2013-06-04 00:02:00+00:00,-78.876389
2013-06-04 00:03:00+00:00,-76.788689
2013-06-04 00:04:00+00:00,-92.744957
2013-06-04 00:05:00+00:00,-124.143661
2013-06-04 00:06:00+00:00,-203.635315
2013-06-04 00:07:00+00:00,-205.396103
2013-06-04 00:08:00+00:00,-238.218689
2013-06-04 00:09:00+00:00,-237.687378
2013-06-04 00:10:00+00:00,-266.707031
2013-06-04 00:11:00+00:00,-271.104187
2013-06-04 00:12:00+00:00,-268.15567
2013-06-04 00:13:00+00:00,-258.255249
2013-06-04 00:14:00+00:00,-239.928055
2013-06-04 00:15:00+00:00,-238.78241
2013-06-04 00:16:00+00:00,-226.663757
2013-06-04 00:17:00+00:00,-231.419907
2013-06-04 00:18:00+00:00,-234.507965
2013-06-04 00:19:00+00:00,-217.900925
2013-06-04 00:20:00+00:00,-222.760895
2013-06-04 00:21:00+00:00,-210.014786
2013-06-04 00:22:00+00:00,-200.724518
2013-06-04 00:23:00+00:00,-192.091949
2013-06-04 00:24:00+00:00,-204.113495
2013-06-04 00:25:00+00:00,-223.595474
2013-06-04 00:26:00+00:00,-227.770477
2013-06-04 00:27:00+00:00,-211.081467
2013-06-04 00:28:00+00:00,-201.524673
2013-06-04 00:29:00+00:00,-201.492737
2013-06-04 00:30:00+00:00,-194.101868
2013-06-04 00:31:00+00:00,-200.711731
2013-06-04 00:32:00+00:00,-196.747299
2013-06-04 00:33:00+00:00,-202.151581
2013-06-04 00:34:00+00:00,-209.390091
2013-06-04 00:35:00+00:00,-216.696686
2013-06-04 00:36:00+00:00,-221.609039
2013-06-04 00:37:00+00:00,-218.225723
2013-06-04 00:38:00+00:00,-219.12677
2013-06-04 00:39:00+00:00,-220.153824
2013-06-04 00:40:00+00:00,-216.561935
2013-06-04 00:41:00+00:00,-218.665054
2013-06-04 00:42:00+00:00,-218.103714
2013-06-04 00:43:00+00:00,-211.766022
2013-06-04 00:44:00+00:00,-210.267944
2013-06-04 00:45:00+00:00,-211.467514
2013-06-04 00:46:00+00:00,-226.384811
2013-06-04 00:47:00+00:00,-241.819366
2013-06-04 00:48:00+00:00,-250.338043
2013-06-04 00:49:00+00:00,-266.586182
2013-06-04 00:50:00+00:00,-269.289795
2013-06-04 00:51:00+00:00,-269.884033
2013-06-04 00:52:00+00:00,-271.148651
2013-06-04 00:53:00+00:00,-272.891296
2013-06-04 00:54:00+00:00,-293.748444
2013-06-04 00:55:00+00:00,-327.598602
2013-06-04 00:56:00+00:00,-334.452393
2013-06-04 00:57:00+00:00,-327.314087
2013-06-04 00:58:00+00:00,-322.606354
2013-06-04 00:59:00+00:00,-322.427582
2013-06-04 01:00:00+00:00,-334.118469
2013-06-04 01:01:00+00:00,-350.521729
2013-06-04 01:02:00+00:00,-351.177948
2013-06-04 01:03:00+00:00,-362.1698
2013-06-04 01:04:00+00:00,-360.110565
2013-06-04 01:05:00+00:00,-361.245331
2013-06-04 01:06:00+00:00,-368.943451
2013-06-04 01:07:00+00:00,-388.575989
2013-06-04 01:08:00+00:00,-399.223877
2013-06-04 01:09:00+00:00,-396.651062
2013-06-04 01:10:00+00:00,-396.906036
2013-06-04 01:11:00+00:00,-384.406342
2013-06-04 01:12:00+00:00,-389.755585
2013-06-04 01:13:00+00:00,-398.005402
2013-06-04 01:14:00+00:00,-409.597839
2013-06-04 01:15:00+00:00,-425.01355
2013-06-04 01:16:00+00:00,-436.973236
2013-06-04 01:17:00+00:00,-444.815948
2013-06-04 01:18:00+00:00,-447.540039
2013-06-04 01:19:00+00:00,-447.265076
2013-06-04 01:20:00+00:00,-450.96756
2013-06-04 01:21:00+00:00,-452.800964
2013-06-04 01:22:00+00:00,-475.336456
2013-06-04 01:23:00+00:00,-522.669434
2013-06-04 01:24:00+00:00,-559.604858
2013-06-04 01:25:00+00:00,-565.4953
2013-06-04 01:26:00+00:00,-550.697327
2013-06-04 01:27:00+00:00,-534.249023
2013-06-04 01:28:00+00:00,-549.655029
2013-06-04 01:29:00+00:00,-541.207947
2013-06-04 01:30:00+00:00,-544.150024
2013-06-04 01:31:00+00:00,-545.080994
2013-06-04 01:32:00+00:00,-489.452515
2013-06-04 01:33:00+00:00,-447.542297
2013-06-04 01:34:00+00:00,-446.336792
2013-06-04 01:35:00+00:00,-468.855225
2013-06-04 01:36:00+00:00,-490.86673
2013-06-04 01:37:00+00:00,-491.42749
2013-06-04 01:38:00+00:00,-501.644531
2013-06-04 01:39:00+00:00,-477.687408
2013-06-04 01:40:00+00:00,-483.393951
2013-06-04 01:41:00+00:00,-478.137268
2013-06-04 01:42:00+00:00,-470.667999
2013-06-04 01:43:00+00:00,-457.341858
2013-06-04 01:44:00+00:00,-444.968079
2013-06-04 01:45:00+00:00,-432.900146
2013-06-04 01:46:00+00:00,-410.776245
2013-06-04 01:47:00+00:00,-397.155975
2013-06-04 01:48:00+00:00,-405.779297
2013-06-04 01:49:00+00:00,-422.579254
2013-06-04 01:50:00+00:00,-422.301514
2013-06-04 01:51:00+00:00,-416.09671
2013-06-04 01:52:00+00:00,-421.28653
2013-06-04 01:53:00+00:00,-405.015411
2013-06-04 01:54:00+00:00,-398.090607
2013-06-04 01:55:00+00:00,-408.686462
2013-06-04 01:56:00+00:00,-426.565247
2013-06-04 01:57:00+00:00,-423.966919
2013-06-04 01:58:00+00:00,-431.316925
2013-06-04 01:59:00+00:00,-454.242523
2013-06-04 02:00:00+00:00,-466.425598
2013-06-04 02:01:00+00:00,-462.120636
2013-06-04 02:02:00+00:00,-438.08783
2013-06-04 02:03:00+00:00,-403.05246
2013-06-04 02:04:00+00:00,-386.058899
2013-06-04 02:05:00+00:00,-390.754364
2013-06-04 02:06:00+00:00,-377.680481
2013-06-04 02:07:00+00:00,-364.380096
2013-06-04 02:08:00+00:00,-369.885803
2013-06-04 02:09:00+00:00,-378.636414
2013-06-04 02:10:00+00:00,-375.398224
2013-06-04 02:11:00+00:00,-357.813965
2013-06-04 02:12:00+00:00,-361.145142
2013-06-04 02:13:00+00:00,-370.01886
2013-06-04 02:14:00+00:00,-363.822632
2013-06-04 02:15:00+00:00,-362.966583
2013-06-04 02:16:00+00:00,-364.682007
2013-06-04 02:17:00+00:00,-363.496277
2013-06-04 02:18:00+00:00,-374.449646
2013-06-04 02:19:00+00:00,-372.516174
2013-06-04 02:20:00+00:00,-363.785034
2013-06-04 02:21:00+00:00,-351.417206
2013-06-04 02:22:00+00:00,-349.504822
2013-06-04 02:23:00+00:00,-345.512665
2013-06-04 02:24:00+00:00,-331.875153
2013-06-04 02:25:00+00:00,-332.757782
2013-06-04 02:26:00+00:00,-347.268982
2013-06-04 02:27:00+00:00,-367.511902
2013-06-04 02:28:00+00:00,-361.326416
2013-06-04 02:29:00+00:00,-347.948914
2013-06-04 02:30:00+00:00,-370.967224
2013-06-04 02:31:00+00:00,-354.355865
2013-06-04 02:32:00+00:00,-349.73645
2013-06-04 02:33:00+00:00,-353.249512
2013-06-04 02:34:00+00:00,-361.989471
2013-06-04 02:35:00+00:00,-364.751129
2013-06-04 02:36:00+00:00,-367.889801
2013-06-04 02:37:00+00:00,-372.722687
2013-06-04 02:38:00+00:00,-371.794434
2013-06-04 02:39:00+00:00,-358.88031
2013-06-04 02:40:00+00:00,-346.638367
2013-06-04 02:41:00+00:00,-328.571289
2013-06-04 02:42:00+00:00,-295.103729
2013-06-04 02:43:00+00:00,-278.699371
2013-06-04 02:44:00+00:00,-281.032928
2013-06-04 02:45:00+00:00,-303.025848
2013-06-04 02:46:00+00:00,-332.50412
2013-06-04 02:47:00+00:00,-355.958801
2013-06-11 00:00:00+00:00,-48.983932
2013-06-11 00:01:00+00:00,-49.115646
2013-06-11 00:02:00+00:00,-48.718384
2013-06-11 00:03:00+00:00,-47.259193
2013-06-11 00:04:00+00:00,-46.429443
2013-06-11 00:05:00+00:00,-47.729103
2013-06-11 00:06:00+00:00,-50.920834
2013-06-11 00:07:00+00:00,-55.54953
2013-06-11 00:08:00+00:00,-58.35165
2013-06-11 00:09:00+00:00,-58.632473
2013-06-11 00:10:00+00:00,-57.985901
2013-06-11 00:11:00+00:00,-56.020298
2013-06-11 00:12:00+00:00,-56.301064
2013-06-11 00:13:00+00:00,-58.998085
2013-06-11 00:14:00+00:00,-60.880863
2013-06-11 00:15:00+00:00,-61.154438
2013-06-11 00:16:00+00:00,-59.65374
2013-06-11 00:17:00+00:00,-59.889912
2013-06-11 00:18:00+00:00,-62.710453
2013-06-11 00:19:00+00:00,-65.011078
2013-06-11 00:20:00+00:00,-68.594475
2013-06-11 00:21:00+00:00,-71.309242
2013-06-11 00:22:00+00:00,-73.055237
2013-06-11 00:23:00+00:00,-74.125923
2013-06-11 00:24:00+00:00,-74.666222
2013-06-11 00:25:00+00:00,-75.137527
2013-06-11 00:26:00+00:00,-75.624268
2013-06-11 00:27:00+00:00,-75.288513
2013-06-11 00:28:00+00:00,-73.992531
2013-06-11 00:29:00+00:00,-71.679138
2013-06-11 00:30:00+00:00,-69.332672
2013-06-11 00:31:00+00:00,-67.678818
2013-06-11 00:32:00+00:00,-66.888451
2013-06-11 00:33:00+00:00,-66.143883
2013-06-11 00:34:00+00:00,-65.538765
2013-06-11 00:35:00+00:00,-64.111069
2013-06-11 00:36:00+00:00,-62.109959
2013-06-11 00:37:00+00:00,-61.870838
2013-06-11 00:38:00+00:00,-62.431763
2013-06-11 00:39:00+00:00,-62.298985
2013-06-11 00:40:00+00:00,-62.620285
2013-06-11 00:41:00+00:00,-62.052891
2013-06-11 00:42:00+00:00,-63.394661
2013-06-11 00:43:00+00:00,-65.232513
2013-06-11 00:44:00+00:00,-65.37114
2013-06-11 00:45:00+00:00,-64.21582
2013-06-11 00:46:00+00:00,-63.388676
2013-06-11 00:47:00+00:00,-62.931587
2013-06-11 00:48:00+00:00,-62.804596
2013-06-11 00:49:00+00:00,-63.452038
2013-06-11 00:50:00+00:00,-63.371967
2013-06-11 00:51:00+00:00,-63.11517
2013-06-11 00:52:00+00:00,-63.344742
2013-06-11 00:53:00+00:00,-62.218731
2013-06-11 00:54:00+00:00,-61.947388
2013-06-11 00:55:00+00:00,-62.012035
2013-06-11 00:56:00+00:00,-62.938072
2013-06-11 00:57:00+00:00,-62.99601
2013-06-11 00:58:00+00:00,-62.790344
2013-06-11 00:59:00+00:00,-61.459755
2013-06-11 01:00:00+00:00,-58.522804
2013-06-11 01:01:00+00:00,-56.358612
2013-06-11 01:02:00+00:00,-54.147293
2013-06-11 01:03:00+00:00,-54.840714
2013-06-11 01:04:00+00:00,-56.413555
2013-06-11 01:05:00+00:00,-59.602219
2013-06-11 01:06:00+00:00,-60.168491
2013-06-11 01:07:00+00:00,-58.054829
2013-06-11 01:08:00+00:00,-55.6161
2013-06-11 01:09:00+00:00,-52.13493
2013-06-11 01:10:00+00:00,-49.802162
2013-06-11 01:11:00+00:00,-50.881535
2013-06-11 01:12:00+00:00,-54.023514
2013-06-11 01:13:00+00:00,-56.526016
2013-06-11 01:14:00+00:00,-57.743607
2013-06-11 01:15:00+00:00,-56.600185
2013-06-11 01:16:00+00:00,-55.007072
2013-06-11 01:17:00+00:00,-55.228737
2013-06-11 01:18:00+00:00,-56.165768
2013-06-11 01:19:00+00:00,-56.9491
2013-06-11 01:20:00+00:00,-57.452831
2013-06-11 01:21:00+00:00,-57.146751
2013-06-11 01:22:00+00:00,-56.62566
2013-06-11 01:23:00+00:00,-57.036179
2013-06-11 01:24:00+00:00,-58.489571
2013-06-11 01:25:00+00:00,-57.718399
2013-06-11 01:26:00+00:00,-55.794998
2013-06-11 01:27:00+00:00,-52.840538
2013-06-11 01:28:00+00:00,-53.20927
2013-06-11 01:29:00+00:00,-53.850872
2013-06-11 01:30:00+00:00,-54.108894
2013-06-11 01:31:00+00:00,-54.417206
2013-06-11 01:32:00+00:00,-55.813297
2013-06-11 01:33:00+00:00,-56.883133
2013-06-11 01:34:00+00:00,-57.013
2013-06-11 01:35:00+00:00,-57.659481
2013-06-11 01:36:00+00:00,-57.921257
2013-06-11 01:37:00+00:00,-58.253456
2013-06-11 01:38:00+00:00,-58.368515
2013-06-11 01:39:00+00:00,-57.613194
2013-06-11 01:40:00+00:00,-55.913792
2013-06-11 01:41:00+00:00,-53.871918
2013-06-11 01:42:00+00:00,-50.577446
2013-06-11 01:43:00+00:00,-50.438725
2013-06-11 01:44:00+00:00,-50.052017
2013-06-11 01:45:00+00:00,-49.129345
2013-06-11 01:46:00+00:00,-47.131641
2013-06-11 01:47:00+00:00,-43.778942
2013-06-11 01:48:00+00:00,-42.847607
2013-06-11 01:49:00+00:00,-41.746922
2013-06-11 01:50:00+00:00,-41.810963
2013-06-11 01:51:00+00:00,-43.921673
2013-06-11 01:52:00+00:00,-46.736374
2013-06-11 01:53:00+00:00,-48.701511
2013-06-11 01:54:00+00:00,-49.496796
2013-06-11 01:55:00+00:00,-50.841106
2013-06-11 01:56:00+00:00,-50.448406
2013-06-11 01:57:00+00:00,-49.447704
2013-06-11 01:58:00+00:00,-50.21703
2013-06-11 01:59:00+00:00,-50.60218
2013-06-11 02:00:00+00:00,-51.420647
2013-06-11 02:01:00+00:00,-51.803932
2013-06-11 02:02:00+00:00,-52.068977
2013-06-11 02:03:00+00:00,-51.391975
2013-06-11 02:04:00+00:00,-50.850117
2013-06-11 02:05:00+00:00,-50.810654
2013-06-11 02:06:00+00:00,-50.080273
2013-06-11 02:07:00+00:00,-49.395363
2013-06-11 02:08:00+00:00,-48.401936
2013-06-11 02:09:00+00:00,-47.844467
2013-06-11 02:10:00+00:00,-48.243313
2013-06-11 02:11:00+00:00,-48.99353
2013-06-11 02:12:00+00:00,-49.449654
2013-06-11 02:13:00+00:00,-51.978771
2013-06-11 02:14:00+00:00,-57.891052
2013-06-11 02:15:00+00:00,-65.00354
2013-06-11 02:16:00+00:00,-69.330612
2013-06-11 02:17:00+00:00,-69.671829
2013-06-11 02:18:00+00:00,-66.72123
2013-06-11 02:19:00+00:00,-66.174179
2013-06-11 02:20:00+00:00,-66.3032
2013-06-11 02:21:00+00:00,-66.131775
2013-06-11 02:22:00+00:00,-65.652153
2013-06-11 02:23:00+00:00,-63.877029
2013-06-11 02:24:00+00:00,-60.349575
2013-06-11 02:25:00+00:00,-56.910572
2013-06-11 02:26:00+00:00,-55.930191
2013-06-11 02:27:00+00:00,-56.354778
2013-06-11 02:28:00+00:00,-57.595516
2013-06-11 02:29:00+00:00,-58.018677
2013-06-11 02:30:00+00:00,-58.008095
2013-06-11 02:31:00+00:00,-57.505505
2013-06-11 02:32:00+00:00,-56.775799
2013-06-11 02:33:00+00:00,-56.524311
2013-06-11 02:34:00+00:00,-56.898457
2013-06-11 02:35:00+00:00,-56.912842
2013-06-11 02:36:00+00:00,-57.113323
2013-06-11 02:37:00+00:00,-57.746929
2013-06-11 02:38:00+00:00,-57.779121
2013-06-11 02:39:00+00:00,-57.758385
2013-06-11 02:40:00+00:00,-58.115959
2013-06-11 02:41:00+00:00,-59.337151
2013-06-11 02:42:00+00:00,-59.320358
2013-06-11 02:43:00+00:00,-59.518665
2013-06-11 02:44:00+00:00,-59.540424
2013-06-11 02:45:00+00:00,-60.164894
2013-06-11 02:46:00+00:00,-60.23185
2013-06-11 02:47:00+00:00,-61.314571
2013-06-18 00:00:00+00:00,-39.291794
2013-06-18 00:01:00+00:00,-45.551975
2013-06-18 00:02:00+00:00,-51.036598
2013-06-18 00:03:00+00:00,-54.202023
2013-06-18 00:04:00+00:00,-53.662678
2013-06-18 00:05:00+00:00,-53.700478
2013-06-18 00:06:00+00:00,-54.677902
2013-06-18 00:07:00+00:00,-56.362213
2013-06-18 00:08:00+00:00,-58.047916
2013-06-18 00:09:00+00:00,-63.257843
2013-06-18 00:10:00+00:00,-66.465706
2013-06-18 00:11:00+00:00,-64.550102
2013-06-18 00:12:00+00:00,-61.07077
2013-06-18 00:13:00+00:00,-55.090389
2013-06-18 00:14:00+00:00,-51.705925
2013-06-18 00:15:00+00:00,-51.124008
2013-06-18 00:16:00+00:00,-51.957825
2013-06-18 00:17:00+00:00,-54.000404
2013-06-18 00:18:00+00:00,-54.341686
2013-06-18 00:19:00+00:00,-53.925423
2013-06-18 00:20:00+00:00,-55.003468
2013-06-18 00:21:00+00:00,-55.971725
2013-06-18 00:22:00+00:00,-54.324234
2013-06-18 00:23:00+00:00,-57.09333
2013-06-18 00:24:00+00:00,-59.897652
2013-06-18 00:25:00+00:00,-59.391975
2013-06-18 00:26:00+00:00,-58.008125
2013-06-18 00:27:00+00:00,-55.259937
2013-06-18 00:28:00+00:00,-51.026985
2013-06-18 00:29:00+00:00,-47.686394
2013-06-18 00:30:00+00:00,-45.699768
2013-06-18 00:31:00+00:00,-44.283707
2013-06-18 00:32:00+00:00,-45.130768
2013-06-18 00:33:00+00:00,-46.912357
2013-06-18 00:34:00+00:00,-47.003456
2013-06-18 00:35:00+00:00,-46.509598
2013-06-18 00:36:00+00:00,-44.985546
2013-06-18 00:37:00+00:00,-43.637428
2013-06-18 00:38:00+00:00,-41.896706
2013-06-18 00:39:00+00:00,-41.905529
2013-06-18 00:40:00+00:00,-41.748711
2013-06-18 00:41:00+00:00,-42.780807
2013-06-18 00:42:00+00:00,-41.999943
2013-06-18 00:43:00+00:00,-41.95697
2013-06-18 00:44:00+00:00,-42.561138
2013-06-18 00:45:00+00:00,-44.308792
2013-06-18 00:46:00+00:00,-47.887508
2013-06-18 00:47:00+00:00,-41.367657
2013-06-18 00:48:00+00:00,-39.97768
2013-06-18 00:49:00+00:00,-40.648945
2013-06-18 00:50:00+00:00,-43.066231
2013-06-18 00:51:00+00:00,-42.371666
2013-06-18 00:52:00+00:00,-39.7771
2013-06-18 00:53:00+00:00,-40.488773
2013-06-18 00:54:00+00:00,-40.69434
2013-06-18 00:55:00+00:00,-39.712883
2013-06-18 00:56:00+00:00,-38.566936
2013-06-18 00:57:00+00:00,-36.343491
2013-06-18 00:58:00+00:00,-35.008438
2013-06-18 00:59:00+00:00,-34.627277
2013-06-18 01:00:00+00:00,-35.820198
2013-06-18 01:01:00+00:00,-37.449425
2013-06-18 01:02:00+00:00,-37.285744
2013-06-18 01:03:00+00:00,-36.62188
2013-06-18 01:04:00+00:00,-34.300529
2013-06-18 01:05:00+00:00,-34.053535
2013-06-18 01:06:00+00:00,-34.847046
2013-06-18 01:07:00+00:00,-36.452583
2013-06-18 01:08:00+00:00,-36.250168
2013-06-18 01:09:00+00:00,-37.45187
2013-06-18 01:10:00+00:00,-38.019958
2013-06-18 01:11:00+00:00,-35.978859
2013-06-18 01:12:00+00:00,-33.706429
2013-06-18 01:13:00+00:00,-32.529732
2013-06-18 01:14:00+00:00,-31.44968
2013-06-18 01:15:00+00:00,-30.611698
2013-06-18 01:16:00+00:00,-31.008865
2013-06-18 01:17:00+00:00,-30.616707
2013-06-18 01:18:00+00:00,-34.858635
2013-06-18 01:19:00+00:00,-34.279934
2013-06-18 01:20:00+00:00,-33.243721
2013-06-18 01:21:00+00:00,-34.620476
2013-06-18 01:22:00+00:00,-35.442345
2013-06-18 01:23:00+00:00,-35.128262
2013-06-18 01:24:00+00:00,-34.99823
2013-06-18 01:25:00+00:00,-35.508663
2013-06-18 01:26:00+00:00,-34.851463
2013-06-18 01:27:00+00:00,-33.239029
2013-06-18 01:28:00+00:00,-29.559555
2013-06-18 01:29:00+00:00,-24.904835
2013-06-18 01:30:00+00:00,-24.836395
2013-06-18 01:31:00+00:00,-27.171509
2013-06-18 01:32:00+00:00,-30.347584
2013-06-18 01:33:00+00:00,-33.323009
2013-06-18 01:34:00+00:00,-34.971176
2013-06-18 01:35:00+00:00,-39.620544
2013-06-18 01:36:00+00:00,-45.867653
2013-06-18 01:37:00+00:00,-49.153759
2013-06-18 01:38:00+00:00,-49.893188
2013-06-18 01:39:00+00:00,-52.876167
2013-06-18 01:40:00+00:00,-56.7202
2013-06-18 01:41:00+00:00,-58.620491
2013-06-18 01:42:00+00:00,-62.76059
2013-06-18 01:43:00+00:00,-66.180511
2013-06-18 01:44:00+00:00,-68.79332
2013-06-18 01:45:00+00:00,-72.199562
2013-06-18 01:46:00+00:00,-76.748047
2013-06-18 01:47:00+00:00,-82.355423
2013-06-18 01:48:00+00:00,-85.596962
2013-06-18 01:49:00+00:00,-88.279274
2013-06-18 01:50:00+00:00,-92.115219
2013-06-18 01:51:00+00:00,-94.788368
2013-06-18 01:52:00+00:00,-94.424377
2013-06-18 01:53:00+00:00,-98.494957
2013-06-18 01:54:00+00:00,-101.983582
2013-06-18 01:55:00+00:00,-101.6931
2013-06-18 01:56:00+00:00,-101.439308
2013-06-18 01:57:00+00:00,-97.958855
2013-06-18 01:58:00+00:00,-95.697403
2013-06-18 01:59:00+00:00,-98.27639
2013-06-18 02:00:00+00:00,-102.007675
2013-06-18 02:01:00+00:00,-102.495209
2013-06-18 02:02:00+00:00,-104.752983
2013-06-18 02:03:00+00:00,-110.740967
2013-06-18 02:04:00+00:00,-111.518013
2013-06-18 02:05:00+00:00,-110.724655
2013-06-18 02:06:00+00:00,-111.461365
2013-06-18 02:07:00+00:00,-113.742714
2013-06-18 02:08:00+00:00,-114.16864
2013-06-18 02:09:00+00:00,-114.781235
2013-06-18 02:10:00+00:00,-118.765297
2013-06-18 02:11:00+00:00,-118.175423
2013-06-18 02:12:00+00:00,-116.297653
2013-06-18 02:13:00+00:00,-116.01664
2013-06-18 02:14:00+00:00,-116.662376
2013-06-18 02:15:00+00:00,-118.378304
2013-06-18 02:16:00+00:00,-123.446747
2013-06-18 02:17:00+00:00,-128.812622
2013-06-18 02:18:00+00:00,-127.87339
2013-06-18 02:19:00+00:00,-128.427795
2013-06-18 02:20:00+00:00,-132.779419
2013-06-18 02:21:00+00:00,-134.022934
2013-06-18 02:22:00+00:00,-137.139648
2013-06-18 02:23:00+00:00,-133.334229
2013-06-18 02:24:00+00:00,-127.345566
2013-06-18 02:25:00+00:00,-126.913414
2013-06-18 02:26:00+00:00,-126.87262
2013-06-18 02:27:00+00:00,-129.944778
2013-06-18 02:28:00+00:00,-131.125885
2013-06-18 02:29:00+00:00,-134.918762
2013-06-18 02:30:00+00:00,-138.928787
2013-06-18 02:31:00+00:00,-138.412308
2013-06-18 02:32:00+00:00,-136.206451
2013-06-18 02:33:00+00:00,-135.809082
2013-06-18 02:34:00+00:00,-132.358643
2013-06-18 02:35:00+00:00,-127.199692
2013-06-18 02:36:00+00:00,-128.618164
2013-06-18 02:37:00+00:00,-131.716385
2013-06-18 02:38:00+00:00,-138.537949
2013-06-18 02:39:00+00:00,-148.803772
2013-06-18 02:40:00+00:00,-153.53978
2013-06-18 02:41:00+00:00,-156.029968
2013-06-18 02:42:00+00:00,-158.288757
2013-06-18 02:43:00+00:00,-161.431229
2013-06-18 02:44:00+00:00,-165.163208
2013-06-18 02:45:00+00:00,-168.031387
2013-06-18 02:46:00+00:00,-169.154968
2013-06-18 02:47:00+00:00,-172.046936
2013-06-25 00:00:00+00:00,-329.644989
2013-06-25 00:01:00+00:00,-334.502441
2013-06-25 00:02:00+00:00,-357.700592
2013-06-25 00:03:00+00:00,-368.202881
2013-06-25 00:04:00+00:00,-383.338318
2013-06-25 00:05:00+00:00,-370.103851
2013-06-25 00:06:00+00:00,-360.222046
2013-06-25 00:07:00+00:00,-345.77356
2013-06-25 00:08:00+00:00,-341.338715
2013-06-25 00:09:00+00:00,-331.507233
2013-06-25 00:10:00+00:00,-314.510956
2013-06-25 00:11:00+00:00,-309.528534
2013-06-25 00:12:00+00:00,-317.466095
2013-06-25 00:13:00+00:00,-342.213013
2013-06-25 00:14:00+00:00,-423.359863
2013-06-25 00:15:00+00:00,-428.657532
2013-06-25 00:16:00+00:00,-420.842896
2013-06-25 00:17:00+00:00,-417.126221
2013-06-25 00:18:00+00:00,-409.554474
2013-06-25 00:19:00+00:00,-431.140686
2013-06-25 00:20:00+00:00,-416.768372
2013-06-25 00:21:00+00:00,-411.55072
2013-06-25 00:22:00+00:00,-402.102814
2013-06-25 00:23:00+00:00,-365.362488
2013-06-25 00:24:00+00:00,-376.567657
2013-06-25 00:25:00+00:00,-388.089203
2013-06-25 00:26:00+00:00,-388.237183
2013-06-25 00:27:00+00:00,-360.55072
2013-06-25 00:28:00+00:00,-333.664795
2013-06-25 00:29:00+00:00,-309.804138
2013-06-25 00:30:00+00:00,-275.516693
2013-06-25 00:31:00+00:00,-264.269318
2013-06-25 00:32:00+00:00,-257.582886
2013-06-25 00:33:00+00:00,-241.625671
2013-06-25 00:34:00+00:00,-224.195389
2013-06-25 00:35:00+00:00,-242.212662
2013-06-25 00:36:00+00:00,-266.860596
2013-06-25 00:37:00+00:00,-291.886505
2013-06-25 00:38:00+00:00,-303.977112
2013-06-25 00:39:00+00:00,-327.259766
2013-06-25 00:40:00+00:00,-347.563538
2013-06-25 00:41:00+00:00,-338.244049
2013-06-25 00:42:00+00:00,-333.795135
2013-06-25 00:43:00+00:00,-343.69455
2013-06-25 00:44:00+00:00,-326.541992
2013-06-25 00:45:00+00:00,-306.21405
2013-06-25 00:46:00+00:00,-285.040253
2013-06-25 00:47:00+00:00,-265.091827
2013-06-25 00:48:00+00:00,-241.873489
2013-06-25 00:49:00+00:00,-224.908752
2013-06-25 00:50:00+00:00,-204.471512
2013-06-25 00:51:00+00:00,-204.356247
2013-06-25 00:52:00+00:00,-205.634262
2013-06-25 00:53:00+00:00,-202.724426
2013-06-25 00:54:00+00:00,-203.991379
2013-06-25 00:55:00+00:00,-202.884567
2013-06-25 00:56:00+00:00,-194.569839
2013-06-25 00:57:00+00:00,-187.835052
2013-06-25 00:58:00+00:00,-183.53743
2013-06-25 00:59:00+00:00,-182.451508
2013-06-25 01:00:00+00:00,-180.327057
2013-06-25 01:01:00+00:00,-175.216888
2013-06-25 01:02:00+00:00,-160.104935
2013-06-25 01:03:00+00:00,-152.025131
2013-06-25 01:04:00+00:00,-171.925705
2013-06-25 01:05:00+00:00,-161.807587
2013-06-25 01:06:00+00:00,-145.74498
2013-06-25 01:07:00+00:00,-139.623596
2013-06-25 01:08:00+00:00,-130.517838
2013-06-25 01:09:00+00:00,-123.43119
2013-06-25 01:10:00+00:00,-109.337433
2013-06-25 01:11:00+00:00,-85.246307
2013-06-25 01:12:00+00:00,-83.981415
2013-06-25 01:13:00+00:00,-81.926018
2013-06-25 01:14:00+00:00,-83.74382
2013-06-25 01:15:00+00:00,-94.907578
2013-06-25 01:16:00+00:00,-99.064857
2013-06-25 01:17:00+00:00,-94.881828
2013-06-25 01:18:00+00:00,-87.977699
2013-06-25 01:19:00+00:00,-79.198273
2013-06-25 01:20:00+00:00,-94.556229
2013-06-25 01:21:00+00:00,-98.358978
2013-06-25 01:22:00+00:00,-82.155174
2013-06-25 01:23:00+00:00,-81.363304
2013-06-25 01:24:00+00:00,-82.870186
2013-06-25 01:25:00+00:00,-81.193825
2013-06-25 01:26:00+00:00,-84.908531
2013-06-25 01:27:00+00:00,-97.78495
2013-06-25 01:28:00+00:00,-105.412338
2013-06-25 01:29:00+00:00,-106.9617
2013-06-25 01:30:00+00:00,-101.59523
2013-06-25 01:31:00+00:00,-94.761833
2013-06-25 01:32:00+00:00,-95.054604
2013-06-25 01:33:00+00:00,-101.282661
2013-06-25 01:34:00+00:00,-107.965607
2013-06-25 01:35:00+00:00,-113.979485
2013-06-25 01:36:00+00:00,-118.461075
2013-06-25 01:37:00+00:00,-124.74736
2013-06-25 01:38:00+00:00,-133.54541
2013-06-25 01:39:00+00:00,-141.784973
2013-06-25 01:40:00+00:00,-147.43782
2013-06-25 01:41:00+00:00,-149.410263
2013-06-25 01:42:00+00:00,-149.827393
2013-06-25 01:43:00+00:00,-150.240997
2013-06-25 01:44:00+00:00,-157.92363
2013-06-25 01:45:00+00:00,-169.475922
2013-06-25 01:46:00+00:00,-177.912201
2013-06-25 01:47:00+00:00,-179.10437
2013-06-25 01:48:00+00:00,-178.930084
2013-06-25 01:49:00+00:00,-178.80542
2013-06-25 01:50:00+00:00,-174.964798
2013-06-25 01:51:00+00:00,-171.255966
2013-06-25 01:52:00+00:00,-170.733658
2013-06-25 01:53:00+00:00,-173.088745
2013-06-25 01:54:00+00:00,-174.406464
2013-06-25 01:55:00+00:00,-172.306412
2013-06-25 01:56:00+00:00,-172.68808
2013-06-25 01:57:00+00:00,-181.213638
2013-06-25 01:58:00+00:00,-192.763031
2013-06-25 01:59:00+00:00,-199.574615
2013-06-25 02:00:00+00:00,-194.411133
2013-06-25 02:01:00+00:00,-186.383484
2013-06-25 02:02:00+00:00,-184.621536
2013-06-25 02:03:00+00:00,-184.313049
2013-06-25 02:04:00+00:00,-181.387817
2013-06-25 02:05:00+00:00,-179.53241
2013-06-25 02:06:00+00:00,-180.69809
2013-06-25 02:07:00+00:00,-187.852676
2013-06-25 02:08:00+00:00,-194.432663
2013-06-25 02:09:00+00:00,-195.468597
2013-06-25 02:10:00+00:00,-190.662598
2013-06-25 02:11:00+00:00,-180.778412
2013-06-25 02:12:00+00:00,-171.013
2013-06-25 02:13:00+00:00,-167.813858
2013-06-25 02:14:00+00:00,-172.795151
2013-06-25 02:15:00+00:00,-170.168274
2013-06-25 02:16:00+00:00,-172.628296
2013-06-25 02:17:00+00:00,-174.834076
2013-06-25 02:18:00+00:00,-180.292465
2013-06-25 02:19:00+00:00,-176.948196
2013-06-25 02:20:00+00:00,-176.903549
2013-06-25 02:21:00+00:00,-176.642731
2013-06-25 02:22:00+00:00,-176.27327
2013-06-25 02:23:00+00:00,-177.333878
2013-06-25 02:24:00+00:00,-174.227753
2013-06-25 02:25:00+00:00,-166.023926
2013-06-25 02:26:00+00:00,-157.911926
2013-06-25 02:27:00+00:00,-151.273636
2013-06-25 02:28:00+00:00,-153.952881
2013-06-25 02:29:00+00:00,-169.650909
2013-06-25 02:30:00+00:00,-192.458618
2013-06-25 02:31:00+00:00,-204.944305
2013-06-25 02:32:00+00:00,-197.652054
2013-06-25 02:33:00+00:00,-180.087433
2013-06-25 02:34:00+00:00,-158.134277
2013-06-25 02:35:00+00:00,-165.975174
2013-06-25 02:36:00+00:00,-168.096954
2013-06-25 02:37:00+00:00,-153.52298
2013-06-25 02:38:00+00:00,-160.084808
2013-06-25 02:39:00+00:00,-166.928375
2013-06-25 02:40:00+00:00,-171.282776
2013-06-25 02:41:00+00:00,-176.775024
2013-06-25 02:42:00+00:00,-163.462814
2013-06-25 02:43:00+00:00,-165.937286
2013-06-25 02:44:00+00:00,-160.740234
2013-06-25 02:45:00+00:00,-160.723068
2013-06-25 02:46:00+00:00,-162.25415
2013-06-25 02:47:00+00:00,-170.77713
2013-07-02 00:00:00+00:00,-49.388824
2013-07-02 00:01:00+00:00,-47.751637
2013-07-02 00:02:00+00:00,-47.882751
2013-07-02 00:03:00+00:00,-48.80909
2013-07-02 00:04:00+00:00,-50.044212
2013-07-02 00:05:00+00:00,-52.279922
2013-07-02 00:06:00+00:00,-51.364738
2013-07-02 00:07:00+00:00,-52.244865
2013-07-02 00:08:00+00:00,-51.922035
2013-07-02 00:09:00+00:00,-51.594681
2013-07-02 00:10:00+00:00,-51.305489
2013-07-02 00:11:00+00:00,-50.949856
2013-07-02 00:12:00+00:00,-49.595074
2013-07-02 00:13:00+00:00,-47.683907
2013-07-02 00:14:00+00:00,-45.637154
2013-07-02 00:15:00+00:00,-44.667606
2013-07-02 00:16:00+00:00,-42.924995
2013-07-02 00:17:00+00:00,-42.330791
2013-07-02 00:18:00+00:00,-43.174812
2013-07-02 00:19:00+00:00,-41.316822
2013-07-02 00:20:00+00:00,-39.609741
2013-07-02 00:21:00+00:00,-38.625252
2013-07-02 00:22:00+00:00,-38.720673
2013-07-02 00:23:00+00:00,-39.123669
2013-07-02 00:24:00+00:00,-41.269749
2013-07-02 00:25:00+00:00,-43.167793
2013-07-02 00:26:00+00:00,-43.784012
2013-07-02 00:27:00+00:00,-44.797989
2013-07-02 00:28:00+00:00,-44.296539
2013-07-02 00:29:00+00:00,-43.453873
2013-07-02 00:30:00+00:00,-42.93396
2013-07-02 00:31:00+00:00,-42.055901
2013-07-02 00:32:00+00:00,-42.949921
2013-07-02 00:33:00+00:00,-44.48098
2013-07-02 00:34:00+00:00,-45.66893
2013-07-02 00:35:00+00:00,-45.896416
2013-07-02 00:36:00+00:00,-47.150558
2013-07-02 00:37:00+00:00,-49.082569
2013-07-02 00:38:00+00:00,-49.172722
2013-07-02 00:39:00+00:00,-49.333527
2013-07-02 00:40:00+00:00,-48.899712
2013-07-02 00:41:00+00:00,-47.941406
2013-07-02 00:42:00+00:00,-49.297318
2013-07-02 00:43:00+00:00,-50.374008
2013-07-02 00:44:00+00:00,-50.478439
2013-07-02 00:45:00+00:00,-49.705658
2013-07-02 00:46:00+00:00,-49.71685
2013-07-02 00:47:00+00:00,-48.265789
2013-07-02 00:48:00+00:00,-47.876453
2013-07-02 00:49:00+00:00,-47.236656
2013-07-02 00:50:00+00:00,-46.296421
2013-07-02 00:51:00+00:00,-46.653236
2013-07-02 00:52:00+00:00,-48.662891
2013-07-02 00:53:00+00:00,-50.75264
2013-07-02 00:54:00+00:00,-50.93071
2013-07-02 00:55:00+00:00,-49.049675
2013-07-02 00:56:00+00:00,-47.308098
2013-07-02 00:57:00+00:00,-46.234612
2013-07-02 00:58:00+00:00,-46.769478
2013-07-02 00:59:00+00:00,-46.254814
2013-07-02 01:00:00+00:00,-45.918961
2013-07-02 01:01:00+00:00,-45.464321
2013-07-02 01:02:00+00:00,-44.805027
2013-07-02 01:03:00+00:00,-43.717213
2013-07-02 01:04:00+00:00,-43.369698
2013-07-02 01:05:00+00:00,-43.501617
2013-07-02 01:06:00+00:00,-44.606014
2013-07-02 01:07:00+00:00,-47.163231
2013-07-02 01:08:00+00:00,-48.769325
2013-07-02 01:09:00+00:00,-47.670769
2013-07-02 01:10:00+00:00,-48.118416
2013-07-02 01:11:00+00:00,-50.294262
2013-07-02 01:12:00+00:00,-51.67963
2013-07-02 01:13:00+00:00,-50.600082
2013-07-02 01:14:00+00:00,-48.58284
2013-07-02 01:15:00+00:00,-46.440765
2013-07-02 01:16:00+00:00,-46.697517
2013-07-02 01:17:00+00:00,-45.180378
2013-07-02 01:18:00+00:00,-42.57563
2013-07-02 01:19:00+00:00,-40.898773
2013-07-02 01:20:00+00:00,-44.966095
2013-07-02 01:21:00+00:00,-47.157356
2013-07-02 01:22:00+00:00,-50.232189
2013-07-02 01:23:00+00:00,-50.93417
2013-07-02 01:24:00+00:00,-46.724949
2013-07-02 01:25:00+00:00,-44.398933
2013-07-02 01:26:00+00:00,-42.013126
2013-07-02 01:27:00+00:00,-40.935081
2013-07-02 01:28:00+00:00,-40.94397
2013-07-02 01:29:00+00:00,-41.178345
2013-07-02 01:30:00+00:00,-41.336803
2013-07-02 01:31:00+00:00,-41.540348
2013-07-02 01:32:00+00:00,-42.842556
2013-07-02 01:33:00+00:00,-44.39769
2013-07-02 01:34:00+00:00,-44.796009
2013-07-02 01:35:00+00:00,-46.350922
2013-07-02 01:36:00+00:00,-48.965187
2013-07-02 01:37:00+00:00,-50.315006
2013-07-02 01:38:00+00:00,-51.990406
2013-07-02 01:39:00+00:00,-52.717319
2013-07-02 01:40:00+00:00,-53.233276
2013-07-02 01:41:00+00:00,-54.019653
2013-07-02 01:42:00+00:00,-53.732143
2013-07-02 01:43:00+00:00,-54.336979
2013-07-02 01:44:00+00:00,-56.015732
2013-07-02 01:45:00+00:00,-56.805439
2013-07-02 01:46:00+00:00,-58.63509
2013-07-02 01:47:00+00:00,-58.852974
2013-07-02 01:48:00+00:00,-58.643517
2013-07-02 01:49:00+00:00,-57.971481
2013-07-02 01:50:00+00:00,-57.510139
2013-07-02 01:51:00+00:00,-56.406395
2013-07-02 01:52:00+00:00,-55.889664
2013-07-02 01:53:00+00:00,-54.920704
2013-07-02 01:54:00+00:00,-54.923908
2013-07-02 01:55:00+00:00,-54.165771
2013-07-02 01:56:00+00:00,-54.268288
2013-07-02 01:57:00+00:00,-53.058044
2013-07-02 01:58:00+00:00,-51.561832
2013-07-02 01:59:00+00:00,-50.597443
2013-07-02 02:00:00+00:00,-48.557392
2013-07-02 02:01:00+00:00,-48.228577
2013-07-02 02:02:00+00:00,-48.088646
2013-07-02 02:03:00+00:00,-47.84938
2013-07-02 02:04:00+00:00,-48.682697
2013-07-02 02:05:00+00:00,-47.722931
2013-07-02 02:06:00+00:00,-46.921291
2013-07-02 02:07:00+00:00,-45.403812
2013-07-02 02:08:00+00:00,-44.972973
2013-07-02 02:09:00+00:00,-44.214806
2013-07-02 02:10:00+00:00,-42.395241
2013-07-02 02:11:00+00:00,-42.180832
2013-07-02 02:12:00+00:00,-41.770847
2013-07-02 02:13:00+00:00,-41.929493
2013-07-02 02:14:00+00:00,-40.158283
2013-07-02 02:15:00+00:00,-39.263424
2013-07-02 02:16:00+00:00,-39.214844
2013-07-02 02:17:00+00:00,-39.049618
2013-07-02 02:18:00+00:00,-39.318409
2013-07-02 02:19:00+00:00,-39.753586
2013-07-02 02:20:00+00:00,-40.59856
2013-07-02 02:21:00+00:00,-41.223495
2013-07-02 02:22:00+00:00,-42.381371
2013-07-02 02:23:00+00:00,-41.447018
2013-07-02 02:24:00+00:00,-39.628391
2013-07-02 02:25:00+00:00,-39.117584
2013-07-02 02:26:00+00:00,-39.328239
2013-07-02 02:27:00+00:00,-39.488907
2013-07-02 02:28:00+00:00,-39.943546
2013-07-02 02:29:00+00:00,-41.234692
2013-07-02 02:30:00+00:00,-41.567959
2013-07-02 02:31:00+00:00,-41.957169
2013-07-02 02:32:00+00:00,-43.134689
2013-07-02 02:33:00+00:00,-42.716812
2013-07-02 02:34:00+00:00,-42.564972
2013-07-02 02:35:00+00:00,-41.909252
2013-07-02 02:36:00+00:00,-41.85767
2013-07-02 02:37:00+00:00,-42.03582
2013-07-02 02:38:00+00:00,-42.279148
2013-07-02 02:39:00+00:00,-42.397003
2013-07-02 02:40:00+00:00,-42.257118
2013-07-02 02:41:00+00:00,-42.439674
2013-07-02 02:42:00+00:00,-43.074665
2013-07-02 02:43:00+00:00,-44.340904
2013-07-02 02:44:00+00:00,-44.259491
2013-07-02 02:45:00+00:00,-44.570286
2013-07-02 02:46:00+00:00,-44.769001
2013-07-02 02:47:00+00:00,-44.8596
2013-07-09 00:00:00+00:00,-14.541229
2013-07-09 00:01:00+00:00,-14.592279
2013-07-09 00:02:00+00:00,-14.845771
2013-07-09 00:03:00+00:00,-15.160996
2013-07-09 00:04:00+00:00,-15.41678
2013-07-09 00:05:00+00:00,-15.757574
2013-07-09 00:06:00+00:00,-16.111029
2013-07-09 00:07:00+00:00,-16.578629
2013-07-09 00:08:00+00:00,-16.766619
2013-07-09 00:09:00+00:00,-17.003296
2013-07-09 00:10:00+00:00,-17.422007
2013-07-09 00:11:00+00:00,-17.621363
2013-07-09 00:12:00+00:00,-17.72205
2013-07-09 00:13:00+00:00,-18.526594
2013-07-09 00:14:00+00:00,-18.509151
2013-07-09 00:15:00+00:00,-17.677582
2013-07-09 00:16:00+00:00,-17.218611
2013-07-09 00:17:00+00:00,-16.89538
2013-07-09 00:18:00+00:00,-16.971565
2013-07-09 00:19:00+00:00,-16.876863
2013-07-09 00:20:00+00:00,-17.22163
2013-07-09 00:21:00+00:00,-17.777357
2013-07-09 00:22:00+00:00,-18.67296
2013-07-09 00:23:00+00:00,-20.009348
2013-07-09 00:24:00+00:00,-20.744877
2013-07-09 00:25:00+00:00,-21.98534
2013-07-09 00:26:00+00:00,-21.32547
2013-07-09 00:27:00+00:00,-21.201797
2013-07-09 00:28:00+00:00,-20.217844
2013-07-09 00:29:00+00:00,-19.048424
2013-07-09 00:30:00+00:00,-17.426298
2013-07-09 00:31:00+00:00,-17.312723
2013-07-09 00:32:00+00:00,-17.952171
2013-07-09 00:33:00+00:00,-17.824127
2013-07-09 00:34:00+00:00,-16.888191
2013-07-09 00:35:00+00:00,-16.841036
2013-07-09 00:36:00+00:00,-17.014231
2013-07-09 00:37:00+00:00,-17.306231
2013-07-09 00:38:00+00:00,-17.479412
2013-07-09 00:39:00+00:00,-28.744297
2013-07-09 00:40:00+00:00,-44.904274
2013-07-09 00:41:00+00:00,-21.16958
2013-07-09 00:42:00+00:00,-17.397055
2013-07-09 00:43:00+00:00,-17.318188
2013-07-09 00:44:00+00:00,-17.258615
2013-07-09 00:45:00+00:00,-17.259964
2013-07-09 00:46:00+00:00,-17.338633
2013-07-09 00:47:00+00:00,-17.46203
2013-07-09 00:48:00+00:00,-17.429001
2013-07-09 00:49:00+00:00,-17.419247
2013-07-09 00:50:00+00:00,-17.266766
2013-07-09 00:51:00+00:00,-17.276262
2013-07-09 00:52:00+00:00,-17.506342
2013-07-09 00:53:00+00:00,-17.654844
2013-07-09 00:54:00+00:00,-17.753866
2013-07-09 00:55:00+00:00,-17.823517
2013-07-09 00:56:00+00:00,-17.762249
2013-07-09 00:57:00+00:00,-17.800543
2013-07-09 00:58:00+00:00,-17.852476
2013-07-09 00:59:00+00:00,-17.744236
2013-07-09 01:00:00+00:00,-17.927561
2013-07-09 01:01:00+00:00,-17.987198
2013-07-09 01:02:00+00:00,-17.915804
2013-07-09 01:03:00+00:00,-18.023932
2013-07-09 01:04:00+00:00,-18.178772
2013-07-09 01:05:00+00:00,-18.220171
2013-07-09 01:06:00+00:00,-18.327822
2013-07-09 01:07:00+00:00,-18.419699
2013-07-09 01:08:00+00:00,-18.412333
2013-07-09 01:09:00+00:00,-18.339853
2013-07-09 01:10:00+00:00,-18.046534
2013-07-09 01:11:00+00:00,-17.739408
2013-07-09 01:12:00+00:00,-17.500513
2013-07-09 01:13:00+00:00,-17.488054
2013-07-09 01:14:00+00:00,-17.467663
2013-07-09 01:15:00+00:00,-17.621468
2013-07-09 01:16:00+00:00,-17.714125
2013-07-09 01:17:00+00:00,-17.785189
2013-07-09 01:18:00+00:00,-18.02021
2013-07-09 01:19:00+00:00,-18.07935
2013-07-09 01:20:00+00:00,-18.193081
2013-07-09 01:21:00+00:00,-18.529377
2013-07-09 01:22:00+00:00,-19.035215
2013-07-09 01:23:00+00:00,-19.588772
2013-07-09 01:24:00+00:00,-19.517807
2013-07-09 01:25:00+00:00,-19.247387
2013-07-09 01:26:00+00:00,-19.430819
2013-07-09 01:27:00+00:00,-19.162819
2013-07-09 01:28:00+00:00,-18.418787
2013-07-09 01:29:00+00:00,-18.455667
2013-07-09 01:30:00+00:00,-18.430443
2013-07-09 01:31:00+00:00,-18.615332
2013-07-09 01:32:00+00:00,-18.629677
2013-07-09 01:33:00+00:00,-18.563381
2013-07-09 01:34:00+00:00,-18.582518
2013-07-09 01:35:00+00:00,-18.569962
2013-07-09 01:36:00+00:00,-18.574596
2013-07-09 01:37:00+00:00,-18.627731
2013-07-09 01:38:00+00:00,-18.721958
2013-07-09 01:39:00+00:00,-19.038282
2013-07-09 01:40:00+00:00,-19.026331
2013-07-09 01:41:00+00:00,-19.022102
2013-07-09 01:42:00+00:00,-18.873308
2013-07-09 01:43:00+00:00,-18.814386
2013-07-09 01:44:00+00:00,-18.995785
2013-07-09 01:45:00+00:00,-19.267513
2013-07-09 01:46:00+00:00,-19.269577
2013-07-09 01:47:00+00:00,-19.262138
2013-07-09 01:48:00+00:00,-19.223774
2013-07-09 01:49:00+00:00,-19.176022
2013-07-09 01:50:00+00:00,-19.169725
2013-07-09 01:51:00+00:00,-19.124866
2013-07-09 01:52:00+00:00,-19.184078
2013-07-09 01:53:00+00:00,-19.312716
2013-07-09 01:54:00+00:00,-19.427927
2013-07-09 01:55:00+00:00,-19.645435
2013-07-09 01:56:00+00:00,-19.682098
2013-07-09 01:57:00+00:00,-19.561409
2013-07-09 01:58:00+00:00,-19.629131
2013-07-09 01:59:00+00:00,-19.809153
2013-07-09 02:00:00+00:00,-19.920521
2013-07-09 02:01:00+00:00,-20.133654
2013-07-09 02:02:00+00:00,-20.128599
2013-07-09 02:03:00+00:00,-20.348709
2013-07-09 02:04:00+00:00,-20.514679
2013-07-09 02:05:00+00:00,-20.929237
2013-07-09 02:06:00+00:00,-21.012299
2013-07-09 02:07:00+00:00,-21.025572
2013-07-09 02:08:00+00:00,-21.129967
2013-07-09 02:09:00+00:00,-21.374756
2013-07-09 02:10:00+00:00,-21.664972
2013-07-09 02:11:00+00:00,-21.899044
2013-07-09 02:12:00+00:00,-21.76642
2013-07-09 02:13:00+00:00,-21.645998
2013-07-09 02:14:00+00:00,-21.67449
2013-07-09 02:15:00+00:00,-21.841028
2013-07-09 02:16:00+00:00,-22.001322
2013-07-09 02:17:00+00:00,-22.031214
2013-07-09 02:18:00+00:00,-22.219755
2013-07-09 02:19:00+00:00,-22.311079
2013-07-09 02:20:00+00:00,-22.381353
2013-07-09 02:21:00+00:00,-22.358303
2013-07-09 02:22:00+00:00,-22.316141
2013-07-09 02:23:00+00:00,-22.099571
2013-07-09 02:24:00+00:00,-21.775034
2013-07-09 02:25:00+00:00,-21.439175
2013-07-09 02:26:00+00:00,-20.877144
2013-07-09 02:27:00+00:00,-20.556
2013-07-09 02:28:00+00:00,-20.310863
2013-07-09 02:29:00+00:00,-20.169882
2013-07-09 02:30:00+00:00,-19.912479
2013-07-09 02:31:00+00:00,-21.032806
2013-07-09 02:32:00+00:00,-20.489523
2013-07-09 02:33:00+00:00,-20.931326
2013-07-09 02:34:00+00:00,-21.094603
2013-07-09 02:35:00+00:00,-21.521925
2013-07-09 02:36:00+00:00,-21.64315
2013-07-09 02:37:00+00:00,-21.764805
2013-07-09 02:38:00+00:00,-22.890364
2013-07-09 02:39:00+00:00,-23.015469
2013-07-09 02:40:00+00:00,-23.137239
2013-07-09 02:41:00+00:00,-23.259474
2013-07-09 02:42:00+00:00,-23.381567
2013-07-09 02:43:00+00:00,-22.50341
2013-07-09 02:44:00+00:00,-22.622932
2013-07-09 02:45:00+00:00,-22.746994
2013-07-09 02:46:00+00:00,-22.867872
2013-07-09 02:47:00+00:00,-21.987068
2013-07-16 00:00:00+00:00,-48.40044
2013-07-16 00:01:00+00:00,-46.577446
2013-07-16 00:02:00+00:00,-43.868172
2013-07-16 00:03:00+00:00,-41.923794
2013-07-16 00:04:00+00:00,-40.094719
2013-07-16 00:05:00+00:00,-37.780182
2013-07-16 00:06:00+00:00,-36.139168
2013-07-16 00:07:00+00:00,-35.069939
2013-07-16 00:08:00+00:00,-33.707893
2013-07-16 00:09:00+00:00,-34.050648
2013-07-16 00:10:00+00:00,-36.156097
2013-07-16 00:11:00+00:00,-38.296227
2013-07-16 00:12:00+00:00,-39.889664
2013-07-16 00:13:00+00:00,-39.636295
2013-07-16 00:14:00+00:00,-38.71159
2013-07-16 00:15:00+00:00,-37.934097
2013-07-16 00:16:00+00:00,-36.851826
2013-07-16 00:17:00+00:00,-35.820427
2013-07-16 00:18:00+00:00,-35.386467
2013-07-16 00:19:00+00:00,-36.030579
2013-07-16 00:20:00+00:00,-35.612328
2013-07-16 00:21:00+00:00,-35.218792
2013-07-16 00:22:00+00:00,-35.261772
2013-07-16 00:23:00+00:00,-36.082542
2013-07-16 00:24:00+00:00,-36.29406
2013-07-16 00:25:00+00:00,-36.318596
2013-07-16 00:26:00+00:00,-36.511806
2013-07-16 00:27:00+00:00,-36.620438
2013-07-16 00:28:00+00:00,-36.670551
2013-07-16 00:29:00+00:00,-35.644741
2013-07-16 00:30:00+00:00,-33.818863
2013-07-16 00:31:00+00:00,-30.946535
2013-07-16 00:32:00+00:00,-28.051809
2013-07-16 00:33:00+00:00,-27.983438
2013-07-16 00:34:00+00:00,-27.991079
2013-07-16 00:35:00+00:00,-27.977352
2013-07-16 00:36:00+00:00,-28.059725
2013-07-16 00:37:00+00:00,-28.062691
2013-07-16 00:38:00+00:00,-28.250019
2013-07-16 00:39:00+00:00,-28.542255
2013-07-16 00:40:00+00:00,-28.44343
2013-07-16 00:41:00+00:00,-28.444052
2013-07-16 00:42:00+00:00,-29.424417
2013-07-16 00:43:00+00:00,-30.825684
2013-07-16 00:44:00+00:00,-30.541788
2013-07-16 00:45:00+00:00,-29.687332
2013-07-16 00:46:00+00:00,-28.738819
2013-07-16 00:47:00+00:00,-28.711672
2013-07-16 00:48:00+00:00,-28.923946
2013-07-16 00:49:00+00:00,-29.485209
2013-07-16 00:50:00+00:00,-29.38286
2013-07-16 00:51:00+00:00,-29.471434
2013-07-16 00:52:00+00:00,-29.291424
2013-07-16 00:53:00+00:00,-29.152122
2013-07-16 00:54:00+00:00,-29.096039
2013-07-16 00:55:00+00:00,-29.535885
2013-07-16 00:56:00+00:00,-29.626232
2013-07-16 00:57:00+00:00,-30.324394
2013-07-16 00:58:00+00:00,-30.343533
2013-07-16 00:59:00+00:00,-30.135105
2013-07-16 01:00:00+00:00,-30.083534
2013-07-16 01:01:00+00:00,-30.703972
2013-07-16 01:02:00+00:00,-31.208755
2013-07-16 01:03:00+00:00,-32.121445
2013-07-16 01:04:00+00:00,-32.645283
2013-07-16 01:05:00+00:00,-32.739372
2013-07-16 01:06:00+00:00,-32.425327
2013-07-16 01:07:00+00:00,-32.332165
2013-07-16 01:08:00+00:00,-32.473515
2013-07-16 01:09:00+00:00,-32.424126
2013-07-16 01:10:00+00:00,-32.045204
2013-07-16 01:11:00+00:00,-31.473591
2013-07-16 01:12:00+00:00,-31.019958
2013-07-16 01:13:00+00:00,-30.666843
2013-07-16 01:14:00+00:00,-30.498352
2013-07-16 01:15:00+00:00,-30.130253
2013-07-16 01:16:00+00:00,-29.92522
2013-07-16 01:17:00+00:00,-29.842678
2013-07-16 01:18:00+00:00,-29.783138
2013-07-16 01:19:00+00:00,-29.805309
2013-07-16 01:20:00+00:00,-29.573383
2013-07-16 01:21:00+00:00,-29.483959
2013-07-16 01:22:00+00:00,-29.478561
2013-07-16 01:23:00+00:00,-29.476574
2013-07-16 01:24:00+00:00,-29.477619
2013-07-16 01:25:00+00:00,-31.527542
2013-07-16 01:26:00+00:00,-32.881535
2013-07-16 01:27:00+00:00,-33.125324
2013-07-16 01:28:00+00:00,-33.770561
2013-07-16 01:29:00+00:00,-34.661423
2013-07-16 01:30:00+00:00,-34.595093
2013-07-16 01:31:00+00:00,-34.826199
2013-07-16 01:32:00+00:00,-35.655045
2013-07-16 01:33:00+00:00,-37.378281
2013-07-16 01:34:00+00:00,-39.045502
2013-07-16 01:35:00+00:00,-41.280014
2013-07-16 01:36:00+00:00,-42.862614
2013-07-16 01:37:00+00:00,-44.116806
2013-07-16 01:38:00+00:00,-44.484329
2013-07-16 01:39:00+00:00,-44.322838
2013-07-16 01:40:00+00:00,-43.754887
2013-07-16 01:41:00+00:00,-43.072243
2013-07-16 01:42:00+00:00,-43.0662
2013-07-16 01:43:00+00:00,-42.721642
2013-07-16 01:44:00+00:00,-42.803482
2013-07-16 01:45:00+00:00,-43.115238
2013-07-16 01:46:00+00:00,-43.262157
2013-07-16 01:47:00+00:00,-43.702492
2013-07-16 01:48:00+00:00,-44.650372
2013-07-16 01:49:00+00:00,-45.327999
2013-07-16 01:50:00+00:00,-44.571091
2013-07-16 01:51:00+00:00,-43.003689
2013-07-16 01:52:00+00:00,-42.731537
2013-07-16 01:53:00+00:00,-44.060711
2013-07-16 01:54:00+00:00,-47.096893
2013-07-16 01:55:00+00:00,-48.69426
2013-07-16 01:56:00+00:00,-50.340141
2013-07-16 01:57:00+00:00,-51.057762
2013-07-16 01:58:00+00:00,-51.530975
2013-07-16 01:59:00+00:00,-51.855274
2013-07-16 02:00:00+00:00,-52.576977
2013-07-16 02:01:00+00:00,-52.794792
2013-07-16 02:02:00+00:00,-51.731819
2013-07-16 02:03:00+00:00,-49.767761
2013-07-16 02:04:00+00:00,-49.505466
2013-07-16 02:05:00+00:00,-50.729424
2013-07-16 02:06:00+00:00,-52.887691
2013-07-16 02:07:00+00:00,-55.472279
2013-07-16 02:08:00+00:00,-55.278412
2013-07-16 02:09:00+00:00,-53.658962
2013-07-16 02:10:00+00:00,-51.712845
2013-07-16 02:11:00+00:00,-50.741638
2013-07-16 02:12:00+00:00,-49.954632
2013-07-16 02:13:00+00:00,-49.901455
2013-07-16 02:14:00+00:00,-49.600475
2013-07-16 02:15:00+00:00,-49.367439
2013-07-16 02:16:00+00:00,-49.895012
2013-07-16 02:17:00+00:00,-50.7299
2013-07-16 02:18:00+00:00,-50.583351
2013-07-16 02:19:00+00:00,-49.066521
2013-07-16 02:20:00+00:00,-46.988548
2013-07-16 02:21:00+00:00,-44.746712
2013-07-16 02:22:00+00:00,-43.280045
2013-07-16 02:23:00+00:00,-41.881996
2013-07-16 02:24:00+00:00,-40.928932
2013-07-16 02:25:00+00:00,-40.208492
2013-07-16 02:26:00+00:00,-40.273239
2013-07-16 02:27:00+00:00,-40.487736
2013-07-16 02:28:00+00:00,-39.951412
2013-07-16 02:29:00+00:00,-39.901878
2013-07-16 02:30:00+00:00,-40.231647
2013-07-16 02:31:00+00:00,-40.258362
2013-07-16 02:32:00+00:00,-40.010712
2013-07-16 02:33:00+00:00,-39.769997
2013-07-16 02:34:00+00:00,-39.842896
2013-07-16 02:35:00+00:00,-39.968712
2013-07-16 02:36:00+00:00,-39.267605
2013-07-16 02:37:00+00:00,-36.49353
2013-07-16 02:38:00+00:00,-35.444374
2013-07-16 02:39:00+00:00,-35.251801
2013-07-16 02:40:00+00:00,-34.925095
2013-07-16 02:41:00+00:00,-34.776672
2013-07-16 02:42:00+00:00,-34.52911
2013-07-16 02:43:00+00:00,-34.203812
2013-07-16 02:44:00+00:00,-33.742104
2013-07-16 02:45:00+00:00,-33.500919
2013-07-16 02:46:00+00:00,-33.063038
2013-07-16 02:47:00+00:00,-32.83812
2013-07-23 00:00:00+00:00,-69.426308
2013-07-23 00:01:00+00:00,-70.632591
2013-07-23 00:02:00+00:00,-71.760658
2013-07-23 00:03:00+00:00,-73.726524
2013-07-23 00:04:00+00:00,-75.140495
2013-07-23 00:05:00+00:00,-73.366806
2013-07-23 00:06:00+00:00,-69.402504
2013-07-23 00:07:00+00:00,-65.17334
2013-07-23 00:08:00+00:00,-60.996933
2013-07-23 00:09:00+00:00,-58.269215
2013-07-23 00:10:00+00:00,-57.293159
2013-07-23 00:11:00+00:00,-56.273819
2013-07-23 00:12:00+00:00,-55.135967
2013-07-23 00:13:00+00:00,-54.327824
2013-07-23 00:14:00+00:00,-54.470455
2013-07-23 00:15:00+00:00,-57.044487
2013-07-23 00:16:00+00:00,-59.548534
2013-07-23 00:17:00+00:00,-59.554058
2013-07-23 00:18:00+00:00,-58.852047
2013-07-23 00:19:00+00:00,-58.909271
2013-07-23 00:20:00+00:00,-59.999142
2013-07-23 00:21:00+00:00,-60.898003
2013-07-23 00:22:00+00:00,-59.152695
2013-07-23 00:23:00+00:00,-55.408756
2013-07-23 00:24:00+00:00,-49.917011
2013-07-23 00:25:00+00:00,-45.191181
2013-07-23 00:26:00+00:00,-42.952915
2013-07-23 00:27:00+00:00,-43.022499
2013-07-23 00:28:00+00:00,-43.11182
2013-07-23 00:29:00+00:00,-41.830227
2013-07-23 00:30:00+00:00,-39.774273
2013-07-23 00:31:00+00:00,-37.232357
2013-07-23 00:32:00+00:00,-36.40472
2013-07-23 00:33:00+00:00,-37.918324
2013-07-23 00:34:00+00:00,-40.004604
2013-07-23 00:35:00+00:00,-37.883282
2013-07-23 00:36:00+00:00,-32.390301
2013-07-23 00:37:00+00:00,-32.30901
2013-07-23 00:38:00+00:00,-33.302574
2013-07-23 00:39:00+00:00,-31.291834
2013-07-23 00:40:00+00:00,-32.271091
2013-07-23 00:41:00+00:00,-37.269588
2013-07-23 00:42:00+00:00,-41.286785
2013-07-23 00:43:00+00:00,-38.297726
2013-07-23 00:44:00+00:00,-34.308708
2013-07-23 00:45:00+00:00,-33.908936
2013-07-23 00:46:00+00:00,-32.313385
2013-07-23 00:47:00+00:00,-31.318327
2013-07-23 00:48:00+00:00,-28.314312
2013-07-23 00:49:00+00:00,-26.33181
2013-07-23 00:50:00+00:00,-26.163521
2013-07-23 00:51:00+00:00,-26.1436
2013-07-23 00:52:00+00:00,-24.298943
2013-07-23 00:53:00+00:00,-27.290779
2013-07-23 00:54:00+00:00,-30.285145
2013-07-23 00:55:00+00:00,-30.28532
2013-07-23 00:56:00+00:00,-28.285398
2013-07-23 00:57:00+00:00,-26.276535
2013-07-23 00:58:00+00:00,-28.263073
2013-07-23 00:59:00+00:00,-34.251801
2013-07-23 01:00:00+00:00,-41.239609
2013-07-23 01:01:00+00:00,-42.249817
2013-07-23 01:02:00+00:00,-37.271133
2013-07-23 01:03:00+00:00,-29.66853
2013-07-23 01:04:00+00:00,-26.62542
2013-07-23 01:05:00+00:00,-28.126711
2013-07-23 01:06:00+00:00,-29.470177
2013-07-23 01:07:00+00:00,-31.144054
2013-07-23 01:08:00+00:00,-29.873659
2013-07-23 01:09:00+00:00,-32.644268
2013-07-23 01:10:00+00:00,-30.821314
2013-07-23 01:11:00+00:00,-30.063034
2013-07-23 01:12:00+00:00,-30.555996
2013-07-23 01:13:00+00:00,-33.027771
2013-07-23 01:14:00+00:00,-35.263073
2013-07-23 01:15:00+00:00,-36.049187
2013-07-23 01:16:00+00:00,-60.57008
2013-07-23 01:17:00+00:00,-88.107986
2013-07-23 01:18:00+00:00,-167.455887
2013-07-23 01:19:00+00:00,-204.317108
2013-07-23 01:20:00+00:00,-222.797272
2013-07-23 01:21:00+00:00,-199.895142
2013-07-23 01:22:00+00:00,-176.260956
2013-07-23 01:23:00+00:00,-222.154266
2013-07-23 01:24:00+00:00,-191.621948
2013-07-23 01:25:00+00:00,-160.13324
2013-07-23 01:26:00+00:00,-149.256012
2013-07-23 01:27:00+00:00,-111.639572
2013-07-23 01:28:00+00:00,-102.868103
2013-07-23 01:29:00+00:00,-107.227203
2013-07-23 01:30:00+00:00,-108.620972
2013-07-23 01:31:00+00:00,-111.28746
2013-07-23 01:32:00+00:00,-116.384033
2013-07-23 01:33:00+00:00,-128.298676
2013-07-23 01:34:00+00:00,-107.995544
2013-07-23 01:35:00+00:00,-101.270836
2013-07-23 01:36:00+00:00,-129.641418
2013-07-23 01:37:00+00:00,-137.318344
2013-07-23 01:38:00+00:00,-103.32254
2013-07-23 01:39:00+00:00,-106.137413
2013-07-23 01:40:00+00:00,-89.133537
2013-07-23 01:41:00+00:00,-89.425926
2013-07-23 01:42:00+00:00,-97.704536
2013-07-23 01:43:00+00:00,-116.649132
2013-07-23 01:44:00+00:00,-124.537025
2013-07-23 01:45:00+00:00,-131.600525
2013-07-23 01:46:00+00:00,-139.374268
2013-07-23 01:47:00+00:00,-138.641281
2013-07-23 01:48:00+00:00,-134.6604
2013-07-23 01:49:00+00:00,-132.007858
2013-07-23 01:50:00+00:00,-137.447372
2013-07-23 01:51:00+00:00,-130.581558
2013-07-23 01:52:00+00:00,-124.99247
2013-07-23 01:53:00+00:00,-115.197144
2013-07-23 01:54:00+00:00,-102.406898
2013-07-23 01:55:00+00:00,-98.517586
2013-07-23 01:56:00+00:00,-91.365196
2013-07-23 01:57:00+00:00,-88.130272
2013-07-23 01:58:00+00:00,-89.966698
2013-07-23 01:59:00+00:00,-92.949043
2013-07-23 02:00:00+00:00,-91.769035
2013-07-23 02:01:00+00:00,-88.380951
2013-07-23 02:02:00+00:00,-93.28994
2013-07-23 02:03:00+00:00,-94.593758
2013-07-23 02:04:00+00:00,-98.749397
2013-07-23 02:05:00+00:00,-95.812508
2013-07-23 02:06:00+00:00,-93.637543
2013-07-23 02:07:00+00:00,-93.163925
2013-07-23 02:08:00+00:00,-93.507812
2013-07-23 02:09:00+00:00,-95.419205
2013-07-23 02:10:00+00:00,-95.978157
2013-07-23 02:11:00+00:00,-102.245308
2013-07-23 02:12:00+00:00,-102.905548
2013-07-23 02:13:00+00:00,-99.591949
2013-07-23 02:14:00+00:00,-117.540581
2013-07-23 02:15:00+00:00,-138.963959
2013-07-23 02:16:00+00:00,-161.694
2013-07-23 02:17:00+00:00,-163.479691
2013-07-23 02:18:00+00:00,-176.660065
2013-07-23 02:19:00+00:00,-150.589737
2013-07-23 02:20:00+00:00,-125.963219
2013-07-23 02:21:00+00:00,-114.797241
2013-07-23 02:22:00+00:00,-106.58609
2013-07-23 02:23:00+00:00,-102.770386
2013-07-23 02:24:00+00:00,-95.453873
2013-07-23 02:25:00+00:00,-86.521858
2013-07-23 02:26:00+00:00,-87.045204
2013-07-23 02:27:00+00:00,-98.96312
2013-07-23 02:28:00+00:00,-127.584801
2013-07-23 02:29:00+00:00,-109.68232
2013-07-23 02:30:00+00:00,-109.830086
2013-07-23 02:31:00+00:00,-135.614914
2013-07-23 02:32:00+00:00,-142.222412
2013-07-23 02:33:00+00:00,-129.443588
2013-07-23 02:34:00+00:00,-143.717117
2013-07-23 02:35:00+00:00,-142.430038
2013-07-23 02:36:00+00:00,-128.809677
2013-07-23 02:37:00+00:00,-124.783386
2013-07-23 02:38:00+00:00,-143.65213
2013-07-23 02:39:00+00:00,-143.178818
2013-07-23 02:40:00+00:00,-139.257477
2013-07-23 02:41:00+00:00,-137.30928
2013-07-23 02:42:00+00:00,-126.008675
2013-07-23 02:43:00+00:00,-117.888077
2013-07-23 02:44:00+00:00,-118.656418
2013-07-23 02:45:00+00:00,-113.392563
2013-07-23 02:46:00+00:00,-131.256775
2013-07-23 02:47:00+00:00,-147.104141
2013-07-30 00:00:00+00:00,-18.682278
2013-07-30 00:01:00+00:00,-19.514431
2013-07-30 00:02:00+00:00,-20.13839
2013-07-30 00:03:00+00:00,-21.583675
2013-07-30 00:04:00+00:00,-24.945377
2013-07-30 00:05:00+00:00,-28.288286
2013-07-30 00:06:00+00:00,-31.024136
2013-07-30 00:07:00+00:00,-34.777058
2013-07-30 00:08:00+00:00,-38.198441
2013-07-30 00:09:00+00:00,-40.949215
2013-07-30 00:10:00+00:00,-44.400501
2013-07-30 00:11:00+00:00,-47.279953
2013-07-30 00:12:00+00:00,-50.273224
2013-07-30 00:13:00+00:00,-52.634338
2013-07-30 00:14:00+00:00,-51.811153
2013-07-30 00:15:00+00:00,-50.28614
2013-07-30 00:16:00+00:00,-46.744617
2013-07-30 00:17:00+00:00,-43.045498
2013-07-30 00:18:00+00:00,-40.551201
2013-07-30 00:19:00+00:00,-39.590942
2013-07-30 00:20:00+00:00,-38.84256
2013-07-30 00:21:00+00:00,-36.815445
2013-07-30 00:22:00+00:00,-34.507271
2013-07-30 00:23:00+00:00,-32.302086
2013-07-30 00:24:00+00:00,-31.682161
2013-07-30 00:25:00+00:00,-33.31813
2013-07-30 00:26:00+00:00,-34.845844
2013-07-30 00:27:00+00:00,-37.164833
2013-07-30 00:28:00+00:00,-37.424614
2013-07-30 00:29:00+00:00,-39.962219
2013-07-30 00:30:00+00:00,-42.810997
2013-07-30 00:31:00+00:00,-46.716671
2013-07-30 00:32:00+00:00,-50.17551
2013-07-30 00:33:00+00:00,-51.889736
2013-07-30 00:34:00+00:00,-53.052284
2013-07-30 00:35:00+00:00,-52.49379
2013-07-30 00:36:00+00:00,-50.33493
2013-07-30 00:37:00+00:00,-48.765717
2013-07-30 00:38:00+00:00,-47.01833
2013-07-30 00:39:00+00:00,-51.614342
2013-07-30 00:40:00+00:00,-55.764641
2013-07-30 00:41:00+00:00,-57.191277
2013-07-30 00:42:00+00:00,-61.434334
2013-07-30 00:43:00+00:00,-62.301476
2013-07-30 00:44:00+00:00,-62.642357
2013-07-30 00:45:00+00:00,-59.815742
2013-07-30 00:46:00+00:00,-55.936211
2013-07-30 00:47:00+00:00,-54.133087
2013-07-30 00:48:00+00:00,-55.400085
2013-07-30 00:49:00+00:00,-57.441349
2013-07-30 00:50:00+00:00,-57.795811
2013-07-30 00:51:00+00:00,-60.172035
2013-07-30 00:52:00+00:00,-63.706318
2013-07-30 00:53:00+00:00,-67.386864
2013-07-30 00:54:00+00:00,-71.085434
2013-07-30 00:55:00+00:00,-72.227684
2013-07-30 00:56:00+00:00,-74.006783
2013-07-30 00:57:00+00:00,-76.747513
2013-07-30 00:58:00+00:00,-79.884026
2013-07-30 00:59:00+00:00,-82.011604
2013-07-30 01:00:00+00:00,-81.742424
2013-07-30 01:01:00+00:00,-78.691963
2013-07-30 01:02:00+00:00,-76.706863
2013-07-30 01:03:00+00:00,-75.976562
2013-07-30 01:04:00+00:00,-70.151443
2013-07-30 01:05:00+00:00,-66.2659
2013-07-30 01:06:00+00:00,-68.638924
2013-07-30 01:07:00+00:00,-66.406387
2013-07-30 01:08:00+00:00,-66.214104
2013-07-30 01:09:00+00:00,-70.07357
2013-07-30 01:10:00+00:00,-70.214592
2013-07-30 01:11:00+00:00,-66.982986
2013-07-30 01:12:00+00:00,-65.17868
2013-07-30 01:13:00+00:00,-65.768356
2013-07-30 01:14:00+00:00,-66.491714
2013-07-30 01:15:00+00:00,-68.034981
2013-07-30 01:16:00+00:00,-69.843758
2013-07-30 01:17:00+00:00,-70.786011
2013-07-30 01:18:00+00:00,-71.040588
2013-07-30 01:19:00+00:00,-68.45372
2013-07-30 01:20:00+00:00,-66.444511
2013-07-30 01:21:00+00:00,-64.359497
2013-07-30 01:22:00+00:00,-61.82629
2013-07-30 01:23:00+00:00,-61.455368
2013-07-30 01:24:00+00:00,-63.983437
2013-07-30 01:25:00+00:00,-67.003746
2013-07-30 01:26:00+00:00,-69.611732
2013-07-30 01:27:00+00:00,-70.189217
2013-07-30 01:28:00+00:00,-68.830673
2013-07-30 01:29:00+00:00,-69.274361
2013-07-30 01:30:00+00:00,-69.709038
2013-07-30 01:31:00+00:00,-67.32711
2013-07-30 01:32:00+00:00,-64.494843
2013-07-30 01:33:00+00:00,-63.598652
2013-07-30 01:34:00+00:00,-64.798645
2013-07-30 01:35:00+00:00,-64.495651
2013-07-30 01:36:00+00:00,-63.423492
2013-07-30 01:37:00+00:00,-63.025215
2013-07-30 01:38:00+00:00,-63.841404
2013-07-30 01:39:00+00:00,-65.898529
2013-07-30 01:40:00+00:00,-67.671158
2013-07-30 01:41:00+00:00,-71.744438
2013-07-30 01:42:00+00:00,-75.267723
2013-07-30 01:43:00+00:00,-76.278328
2013-07-30 01:44:00+00:00,-74.148758
2013-07-30 01:45:00+00:00,-67.669815
2013-07-30 01:46:00+00:00,-60.013184
2013-07-30 01:47:00+00:00,-53.102448
2013-07-30 01:48:00+00:00,-48.889706
2013-07-30 01:49:00+00:00,-46.487206
2013-07-30 01:50:00+00:00,-44.954468
2013-07-30 01:51:00+00:00,-43.645935
2013-07-30 01:52:00+00:00,-40.941753
2013-07-30 01:53:00+00:00,-39.067333
2013-07-30 01:54:00+00:00,-37.710907
2013-07-30 01:55:00+00:00,-36.26646
2013-07-30 01:56:00+00:00,-34.468842
2013-07-30 01:57:00+00:00,-33.243675
2013-07-30 01:58:00+00:00,-33.197456
2013-07-30 01:59:00+00:00,-33.129421
2013-07-30 02:00:00+00:00,-32.751431
2013-07-30 02:01:00+00:00,-36.237541
2013-07-30 02:02:00+00:00,-36.984123
2013-07-30 02:03:00+00:00,-33.351082
2013-07-30 02:04:00+00:00,-29.525784
2013-07-30 02:05:00+00:00,-29.305565
2013-07-30 02:06:00+00:00,-29.482033
2013-07-30 02:07:00+00:00,-30.049105
2013-07-30 02:08:00+00:00,-31.156315
2013-07-30 02:09:00+00:00,-32.379082
2013-07-30 02:10:00+00:00,-33.027344
2013-07-30 02:11:00+00:00,-33.198143
2013-07-30 02:12:00+00:00,-31.952887
2013-07-30 02:13:00+00:00,-30.421387
2013-07-30 02:14:00+00:00,-30.771362
2013-07-30 02:15:00+00:00,-29.286674
2013-07-30 02:16:00+00:00,-29.287285
2013-07-30 02:17:00+00:00,-29.945168
2013-07-30 02:18:00+00:00,-36.666145
2013-07-30 02:19:00+00:00,-37.57576
2013-07-30 02:20:00+00:00,-33.390373
2013-07-30 02:21:00+00:00,-29.561707
2013-07-30 02:22:00+00:00,-25.941551
2013-07-30 02:23:00+00:00,-23.776886
2013-07-30 02:24:00+00:00,-21.429543
2013-07-30 02:25:00+00:00,-22.285805
2013-07-30 02:26:00+00:00,-23.956566
2013-07-30 02:27:00+00:00,-25.137726
2013-07-30 02:28:00+00:00,-32.415764
2013-07-30 02:29:00+00:00,-36.116493
2013-07-30 02:30:00+00:00,-34.889614
2013-07-30 02:31:00+00:00,-31.947437
2013-07-30 02:32:00+00:00,-28.823727
2013-07-30 02:33:00+00:00,-24.454865
2013-07-30 02:34:00+00:00,-22.831783
2013-07-30 02:35:00+00:00,-22.832977
2013-07-30 02:36:00+00:00,-20.408777
2013-07-30 02:37:00+00:00,-19.663937
2013-07-30 02:38:00+00:00,-19.884504
2013-07-30 02:39:00+00:00,-20.378374
2013-07-30 02:40:00+00:00,-20.73296
2013-07-30 02:41:00+00:00,-21.119122
2013-07-30 02:42:00+00:00,-19.906078
2013-07-30 02:43:00+00:00,-19.480827
2013-07-30 02:44:00+00:00,-19.373693
2013-07-30 02:45:00+00:00,-19.431105
2013-07-30 02:46:00+00:00,-21.464783
2013-07-30 02:47:00+00:00,-22.473358
2013-08-06 00:00:00+00:00,-338.813538
2013-08-06 00:01:00+00:00,-342.958649
2013-08-06 00:02:00+00:00,-346.036865
2013-08-06 00:03:00+00:00,-340.22879
2013-08-06 00:04:00+00:00,-341.187653
2013-08-06 00:05:00+00:00,-337.017883
2013-08-06 00:06:00+00:00,-346.874664
2013-08-06 00:07:00+00:00,-372.925201
2013-08-06 00:08:00+00:00,-390.378784
2013-08-06 00:09:00+00:00,-405.903198
2013-08-06 00:10:00+00:00,-411.467224
2013-08-06 00:11:00+00:00,-406.370758
2013-08-06 00:12:00+00:00,-422.83551
2013-08-06 00:13:00+00:00,-425.909393
2013-08-06 00:14:00+00:00,-417.115784
2013-08-06 00:15:00+00:00,-409.338989
2013-08-06 00:16:00+00:00,-397.78833
2013-08-06 00:17:00+00:00,-397.229431
2013-08-06 00:18:00+00:00,-401.480408
2013-08-06 00:19:00+00:00,-402.087921
2013-08-06 00:20:00+00:00,-399.113373
2013-08-06 00:21:00+00:00,-406.178772
2013-08-06 00:22:00+00:00,-411.813171
2013-08-06 00:23:00+00:00,-405.729736
2013-08-06 00:24:00+00:00,-389.351044
2013-08-06 00:25:00+00:00,-375.431
2013-08-06 00:26:00+00:00,-367.249359
2013-08-06 00:27:00+00:00,-353.653107
2013-08-06 00:28:00+00:00,-345.260437
2013-08-06 00:29:00+00:00,-334.358582
2013-08-06 00:30:00+00:00,-331.796173
2013-08-06 00:31:00+00:00,-323.643555
2013-08-06 00:32:00+00:00,-318.549377
2013-08-06 00:33:00+00:00,-311.994843
2013-08-06 00:34:00+00:00,-306.786591
2013-08-06 00:35:00+00:00,-303.576233
2013-08-06 00:36:00+00:00,-299.565704
2013-08-06 00:37:00+00:00,-295.709778
2013-08-06 00:38:00+00:00,-295.561615
2013-08-06 00:39:00+00:00,-294.372742
2013-08-06 00:40:00+00:00,-289.925354
2013-08-06 00:41:00+00:00,-284.313049
2013-08-06 00:42:00+00:00,-278.616821
2013-08-06 00:43:00+00:00,-268.979126
2013-08-06 00:44:00+00:00,-266.997162
2013-08-06 00:45:00+00:00,-262.847412
2013-08-06 00:46:00+00:00,-253.586823
2013-08-06 00:47:00+00:00,-242.948151
2013-08-06 00:48:00+00:00,-234.049316
2013-08-06 00:49:00+00:00,-226.648865
2013-08-06 00:50:00+00:00,-217.335373
2013-08-06 00:51:00+00:00,-203.960175
2013-08-06 00:52:00+00:00,-203.528214
2013-08-06 00:53:00+00:00,-207.80896
2013-08-06 00:54:00+00:00,-204.691116
2013-08-06 00:55:00+00:00,-198.33667
2013-08-06 00:56:00+00:00,-193.436844
2013-08-06 00:57:00+00:00,-186.292297
2013-08-06 00:58:00+00:00,-178.947769
2013-08-06 00:59:00+00:00,-172.522263
2013-08-06 01:00:00+00:00,-170.953201
2013-08-06 01:01:00+00:00,-169.585419
2013-08-06 01:02:00+00:00,-164.471603
2013-08-06 01:03:00+00:00,-158.916382
2013-08-06 01:04:00+00:00,-151.478561
2013-08-06 01:05:00+00:00,-151.741409
2013-08-06 01:06:00+00:00,-153.714066
2013-08-06 01:07:00+00:00,-151.584915
2013-08-06 01:08:00+00:00,-145.489532
2013-08-06 01:09:00+00:00,-140.931656
2013-08-06 01:10:00+00:00,-137.261765
2013-08-06 01:11:00+00:00,-132.816635
2013-08-06 01:12:00+00:00,-129.193787
2013-08-06 01:13:00+00:00,-125.081566
2013-08-06 01:14:00+00:00,-123.203461
2013-08-06 01:15:00+00:00,-120.254936
2013-08-06 01:16:00+00:00,-117.21286
2013-08-06 01:17:00+00:00,-115.234573
2013-08-06 01:18:00+00:00,-111.308228
2013-08-06 01:19:00+00:00,-103.892685
2013-08-06 01:20:00+00:00,-94.060059
2013-08-06 01:21:00+00:00,-82.790703
2013-08-06 01:22:00+00:00,-75.190216
2013-08-06 01:23:00+00:00,-80.686821
2013-08-06 01:24:00+00:00,-86.326904
2013-08-06 01:25:00+00:00,-80.765289
2013-08-06 01:26:00+00:00,-93.026367
2013-08-06 01:27:00+00:00,-95.8601
2013-08-06 01:28:00+00:00,-90.610207
2013-08-06 01:29:00+00:00,-90.13311
2013-08-06 01:30:00+00:00,-84.842842
2013-08-06 01:31:00+00:00,-82.373474
2013-08-06 01:32:00+00:00,-76.407944
2013-08-06 01:33:00+00:00,-70.786049
2013-08-06 01:34:00+00:00,-65.430603
2013-08-06 01:35:00+00:00,-62.967911
2013-08-06 01:36:00+00:00,-63.121712
2013-08-06 01:37:00+00:00,-63.659725
2013-08-06 01:38:00+00:00,-61.668598
2013-08-06 01:39:00+00:00,-58.882973
2013-08-06 01:40:00+00:00,-60.468792
2013-08-06 01:41:00+00:00,-58.901573
2013-08-06 01:42:00+00:00,-56.419983
2013-08-06 01:43:00+00:00,-55.915169
2013-08-06 01:44:00+00:00,-58.76635
2013-08-06 01:45:00+00:00,-61.257595
2013-08-06 01:46:00+00:00,-63.80891
2013-08-06 01:47:00+00:00,-68.427589
2013-08-06 01:48:00+00:00,-85.346619
2013-08-06 01:49:00+00:00,-102.345047
2013-08-06 01:50:00+00:00,-118.052719
2013-08-06 01:51:00+00:00,-129.748901
2013-08-06 01:52:00+00:00,-128.0495
2013-08-06 01:53:00+00:00,-129.187408
2013-08-06 01:54:00+00:00,-124.093025
2013-08-06 01:55:00+00:00,-121.158875
2013-08-06 01:56:00+00:00,-111.756027
2013-08-06 01:57:00+00:00,-106.187172
2013-08-06 01:58:00+00:00,-103.405411
2013-08-06 01:59:00+00:00,-98.869682
2013-08-06 02:00:00+00:00,-91.189812
2013-08-06 02:01:00+00:00,-87.220367
2013-08-06 02:02:00+00:00,-83.423904
2013-08-06 02:03:00+00:00,-81.995735
2013-08-06 02:04:00+00:00,-78.799164
2013-08-06 02:05:00+00:00,-76.42305
2013-08-06 02:06:00+00:00,-76.30117
2013-08-06 02:07:00+00:00,-77.633987
2013-08-06 02:08:00+00:00,-78.304237
2013-08-06 02:09:00+00:00,-79.903778
2013-08-06 02:10:00+00:00,-82.734848
2013-08-06 02:11:00+00:00,-85.843582
2013-08-06 02:12:00+00:00,-87.118156
2013-08-06 02:13:00+00:00,-88.508018
2013-08-06 02:14:00+00:00,-88.826637
2013-08-06 02:15:00+00:00,-87.687737
2013-08-06 02:16:00+00:00,-87.822319
2013-08-06 02:17:00+00:00,-86.520882
2013-08-06 02:18:00+00:00,-84.527794
2013-08-06 02:19:00+00:00,-82.49295
2013-08-06 02:20:00+00:00,-77.637291
2013-08-06 02:21:00+00:00,-75.591667
2013-08-06 02:22:00+00:00,-73.603981
2013-08-06 02:23:00+00:00,-69.822906
2013-08-06 02:24:00+00:00,-67.201927
2013-08-06 02:25:00+00:00,-65.035965
2013-08-06 02:26:00+00:00,-61.387497
2013-08-06 02:27:00+00:00,-60.230644
2013-08-06 02:28:00+00:00,-59.022915
2013-08-06 02:29:00+00:00,-59.036755
2013-08-06 02:30:00+00:00,-58.738689
2013-08-06 02:31:00+00:00,-59.590683
2013-08-06 02:32:00+00:00,-60.161373
2013-08-06 02:33:00+00:00,-62.502029
2013-08-06 02:34:00+00:00,-64.016464
2013-08-06 02:35:00+00:00,-66.005951
2013-08-06 02:36:00+00:00,-66.620399
2013-08-06 02:37:00+00:00,-68.606979
2013-08-06 02:38:00+00:00,-70.225731
2013-08-06 02:39:00+00:00,-69.835655
2013-08-06 02:40:00+00:00,-67.714111
2013-08-06 02:41:00+00:00,-66.012459
2013-08-06 02:42:00+00:00,-66.599358
2013-08-06 02:43:00+00:00,-67.879593
2013-08-06 02:44:00+00:00,-68.073875
2013-08-06 02:45:00+00:00,-67.811111
2013-08-06 02:46:00+00:00,-66.157211
2013-08-06 02:47:00+00:00,-63.493057
2013-08-13 00:00:00+00:00,-168.075653
2013-08-13 00:01:00+00:00,-155.258911
2013-08-13 00:02:00+00:00,-155.045609
2013-08-13 00:03:00+00:00,-143.194046
2013-08-13 00:04:00+00:00,-144.222824
2013-08-13 00:05:00+00:00,-156.885147
2013-08-13 00:06:00+00:00,-164.007751
2013-08-13 00:07:00+00:00,-156.949585
2013-08-13 00:08:00+00:00,-157.53389
2013-08-13 00:09:00+00:00,-173.037689
2013-08-13 00:10:00+00:00,-184.941513
2013-08-13 00:11:00+00:00,-183.579407
2013-08-13 00:12:00+00:00,-184.428024
2013-08-13 00:13:00+00:00,-183.200317
2013-08-13 00:14:00+00:00,-178.903198
2013-08-13 00:15:00+00:00,-172.18512
2013-08-13 00:16:00+00:00,-171.898758
2013-08-13 00:17:00+00:00,-178.023651
2013-08-13 00:18:00+00:00,-180.223969
2013-08-13 00:19:00+00:00,-174.853271
2013-08-13 00:20:00+00:00,-167.848175
2013-08-13 00:21:00+00:00,-164.830811
2013-08-13 00:22:00+00:00,-164.116318
2013-08-13 00:23:00+00:00,-161.4086
2013-08-13 00:24:00+00:00,-156.182968
2013-08-13 00:25:00+00:00,-156.38092
2013-08-13 00:26:00+00:00,-158.662689
2013-08-13 00:27:00+00:00,-160.466797
2013-08-13 00:28:00+00:00,-159.861694
2013-08-13 00:29:00+00:00,-158.821091
2013-08-13 00:30:00+00:00,-158.677414
2013-08-13 00:31:00+00:00,-152.207214
2013-08-13 00:32:00+00:00,-144.233154
2013-08-13 00:33:00+00:00,-136.246628
2013-08-13 00:34:00+00:00,-127.623749
2013-08-13 00:35:00+00:00,-119.439865
2013-08-13 00:36:00+00:00,-118.473434
2013-08-13 00:37:00+00:00,-116.921707
2013-08-13 00:38:00+00:00,-115.634727
2013-08-13 00:39:00+00:00,-113.583237
2013-08-13 00:40:00+00:00,-110.994919
2013-08-13 00:41:00+00:00,-110.322075
2013-08-13 00:42:00+00:00,-107.934975
2013-08-13 00:43:00+00:00,-105.160912
2013-08-13 00:44:00+00:00,-104.142609
2013-08-13 00:45:00+00:00,-101.803558
2013-08-13 00:46:00+00:00,-100.718109
2013-08-13 00:47:00+00:00,-97.59005
2013-08-13 00:48:00+00:00,-90.694916
2013-08-13 00:49:00+00:00,-83.657852
2013-08-13 00:50:00+00:00,-67.876259
2013-08-13 00:51:00+00:00,-67.358086
2013-08-13 00:52:00+00:00,-68.781464
2013-08-13 00:53:00+00:00,-68.878433
2013-08-13 00:54:00+00:00,-66.629913
2013-08-13 00:55:00+00:00,-63.937599
2013-08-13 00:56:00+00:00,-57.455765
2013-08-13 00:57:00+00:00,-60.24577
2013-08-13 00:58:00+00:00,-57.80267
2013-08-13 00:59:00+00:00,-52.400017
2013-08-13 01:00:00+00:00,-48.937351
2013-08-13 01:01:00+00:00,-45.138168
2013-08-13 01:02:00+00:00,-46.138859
2013-08-13 01:03:00+00:00,-49.797825
2013-08-13 01:04:00+00:00,-52.403217
2013-08-13 01:05:00+00:00,-52.350571
2013-08-13 01:06:00+00:00,-52.72683
2013-08-13 01:07:00+00:00,-53.47739
2013-08-13 01:08:00+00:00,-54.505516
2013-08-13 01:09:00+00:00,-51.515381
2013-08-13 01:10:00+00:00,-44.641781
2013-08-13 01:11:00+00:00,-38.760727
2013-08-13 01:12:00+00:00,-33.418144
2013-08-13 01:13:00+00:00,-29.565891
2013-08-13 01:14:00+00:00,-29.739395
2013-08-13 01:15:00+00:00,-27.009693
2013-08-13 01:16:00+00:00,-26.593517
2013-08-13 01:17:00+00:00,-29.185989
2013-08-13 01:18:00+00:00,-32.702358
2013-08-13 01:19:00+00:00,-33.941368
2013-08-13 01:20:00+00:00,-31.412333
2013-08-13 01:21:00+00:00,-31.940912
2013-08-13 01:22:00+00:00,-30.533945
2013-08-13 01:23:00+00:00,-29.140165
2013-08-13 01:24:00+00:00,-25.031338
2013-08-13 01:25:00+00:00,-22.172283
2013-08-13 01:26:00+00:00,-22.231245
2013-08-13 01:27:00+00:00,-22.436255
2013-08-13 01:28:00+00:00,-23.117327
2013-08-13 01:29:00+00:00,-23.082014
2013-08-13 01:30:00+00:00,-23.530613
2013-08-13 01:31:00+00:00,-21.572407
2013-08-13 01:32:00+00:00,-22.735195
2013-08-13 01:33:00+00:00,-29.098091
2013-08-13 01:34:00+00:00,-33.634727
2013-08-13 01:35:00+00:00,-36.346092
2013-08-13 01:36:00+00:00,-37.84547
2013-08-13 01:37:00+00:00,-46.502106
2013-08-13 01:38:00+00:00,-56.623543
2013-08-13 01:39:00+00:00,-53.710262
2013-08-13 01:40:00+00:00,-44.755394
2013-08-13 01:41:00+00:00,-51.588509
2013-08-13 01:42:00+00:00,-58.108379
2013-08-13 01:43:00+00:00,-46.917122
2013-08-13 01:44:00+00:00,-45.184376
2013-08-13 01:45:00+00:00,-32.616692
2013-08-13 01:46:00+00:00,-32.502213
2013-08-13 01:47:00+00:00,-34.728657
2013-08-13 01:48:00+00:00,-34.288174
2013-08-13 01:49:00+00:00,-31.793026
2013-08-13 01:50:00+00:00,-30.059574
2013-08-13 01:51:00+00:00,-26.338755
2013-08-13 01:52:00+00:00,-23.591322
2013-08-13 01:53:00+00:00,-24.025871
2013-08-13 01:54:00+00:00,-24.242674
2013-08-13 01:55:00+00:00,-23.961468
2013-08-13 01:56:00+00:00,-23.781862
2013-08-13 01:57:00+00:00,-23.436289
2013-08-13 01:58:00+00:00,-23.084909
2013-08-13 01:59:00+00:00,-22.745306
2013-08-13 02:00:00+00:00,-22.777988
2013-08-13 02:01:00+00:00,-23.547884
2013-08-13 02:02:00+00:00,-27.262165
2013-08-13 02:03:00+00:00,-25.618641
2013-08-13 02:04:00+00:00,-23.070885
2013-08-13 02:05:00+00:00,-22.008242
2013-08-13 02:06:00+00:00,-22.246889
2013-08-13 02:07:00+00:00,-22.061871
2013-08-13 02:08:00+00:00,-22.455809
2013-08-13 02:09:00+00:00,-22.722803
2013-08-13 02:10:00+00:00,-25.297478
2013-08-13 02:11:00+00:00,-32.807007
2013-08-13 02:12:00+00:00,-35.466583
2013-08-13 02:13:00+00:00,-34.118
2013-08-13 02:14:00+00:00,-30.726082
2013-08-13 02:15:00+00:00,-26.305462
2013-08-13 02:16:00+00:00,-25.660854
2013-08-13 02:17:00+00:00,-29.070538
2013-08-13 02:18:00+00:00,-30.872396
2013-08-13 02:19:00+00:00,-28.588879
2013-08-13 02:20:00+00:00,-24.244389
2013-08-13 02:21:00+00:00,-22.722702
2013-08-13 02:22:00+00:00,-20.419073
2013-08-13 02:23:00+00:00,-22.524326
2013-08-13 02:24:00+00:00,-24.678944
2013-08-13 02:25:00+00:00,-24.893623
2013-08-13 02:26:00+00:00,-25.825287
2013-08-13 02:27:00+00:00,-27.446281
2013-08-13 02:28:00+00:00,-28.767933
2013-08-13 02:29:00+00:00,-31.110596
2013-08-13 02:30:00+00:00,-36.401653
2013-08-13 02:31:00+00:00,-41.045692
2013-08-13 02:32:00+00:00,-41.846245
2013-08-13 02:33:00+00:00,-42.622658
2013-08-13 02:34:00+00:00,-42.851494
2013-08-13 02:35:00+00:00,-40.60601
2013-08-13 02:36:00+00:00,-37.003403
2013-08-13 02:37:00+00:00,-35.054756
2013-08-13 02:38:00+00:00,-33.715492
2013-08-13 02:39:00+00:00,-33.32869
2013-08-13 02:40:00+00:00,-32.434406
2013-08-13 02:41:00+00:00,-32.561935
2013-08-13 02:42:00+00:00,-31.202501
2013-08-13 02:43:00+00:00,-28.532869
2013-08-13 02:44:00+00:00,-26.868475
2013-08-13 02:45:00+00:00,-25.635761
2013-08-13 02:46:00+00:00,-24.396944
2013-08-13 02:47:00+00:00,-22.66046
2013-08-20 00:00:00+00:00,-29.22744
2013-08-20 00:01:00+00:00,-29.57526
2013-08-20 00:02:00+00:00,-31.558598
2013-08-20 00:03:00+00:00,-32.323372
2013-08-20 00:04:00+00:00,-32.299202
2013-08-20 00:05:00+00:00,-31.759453
2013-08-20 00:06:00+00:00,-31.185493
2013-08-20 00:07:00+00:00,-31.997784
2013-08-20 00:08:00+00:00,-33.783863
2013-08-20 00:09:00+00:00,-36.599483
2013-08-20 00:10:00+00:00,-39.890854
2013-08-20 00:11:00+00:00,-37.861515
2013-08-20 00:12:00+00:00,-35.168137
2013-08-20 00:13:00+00:00,-31.588966
2013-08-20 00:14:00+00:00,-29.308983
2013-08-20 00:15:00+00:00,-28.41774
2013-08-20 00:16:00+00:00,-27.191174
2013-08-20 00:17:00+00:00,-25.973526
2013-08-20 00:18:00+00:00,-25.103516
2013-08-20 00:19:00+00:00,-24.069363
2013-08-20 00:20:00+00:00,-22.733322
2013-08-20 00:21:00+00:00,-21.331669
2013-08-20 00:22:00+00:00,-19.500744
2013-08-20 00:23:00+00:00,-18.440016
2013-08-20 00:24:00+00:00,-17.964645
2013-08-20 00:25:00+00:00,-17.07131
2013-08-20 00:26:00+00:00,-16.167622
2013-08-20 00:27:00+00:00,-15.94684
2013-08-20 00:28:00+00:00,-17.815809
2013-08-20 00:29:00+00:00,-19.009655
2013-08-20 00:30:00+00:00,-19.820808
2013-08-20 00:31:00+00:00,-19.977316
2013-08-20 00:32:00+00:00,-19.35429
2013-08-20 00:33:00+00:00,-19.069859
2013-08-20 00:34:00+00:00,-18.923788
2013-08-20 00:35:00+00:00,-18.91791
2013-08-20 00:36:00+00:00,-19.926235
2013-08-20 00:37:00+00:00,-19.931932
2013-08-20 00:38:00+00:00,-20.834785
2013-08-20 00:39:00+00:00,-21.881874
2013-08-20 00:40:00+00:00,-22.673058
2013-08-20 00:41:00+00:00,-23.293259
2013-08-20 00:42:00+00:00,-24.066174
2013-08-20 00:43:00+00:00,-24.81061
2013-08-20 00:44:00+00:00,-25.016277
2013-08-20 00:45:00+00:00,-24.781052
2013-08-20 00:46:00+00:00,-25.028648
2013-08-20 00:47:00+00:00,-25.422422
2013-08-20 00:48:00+00:00,-25.381283
2013-08-20 00:49:00+00:00,-25.109291
2013-08-20 00:50:00+00:00,-24.63913
2013-08-20 00:51:00+00:00,-24.261286
2013-08-20 00:52:00+00:00,-24.012215
2013-08-20 00:53:00+00:00,-24.074207
2013-08-20 00:54:00+00:00,-24.52528
2013-08-20 00:55:00+00:00,-25.25358
2013-08-20 00:56:00+00:00,-25.762001
2013-08-20 00:57:00+00:00,-26.027555
2013-08-20 00:58:00+00:00,-25.869053
2013-08-20 00:59:00+00:00,-25.997395
2013-08-20 01:00:00+00:00,-26.294233
2013-08-20 01:01:00+00:00,-26.747766
2013-08-20 01:02:00+00:00,-27.333675
2013-08-20 01:03:00+00:00,-27.417192
2013-08-20 01:04:00+00:00,-26.876247
2013-08-20 01:05:00+00:00,-26.256247
2013-08-20 01:06:00+00:00,-26.339417
2013-08-20 01:07:00+00:00,-26.860563
2013-08-20 01:08:00+00:00,-27.192781
2013-08-20 01:09:00+00:00,-27.433729
2013-08-20 01:10:00+00:00,-27.729399
2013-08-20 01:11:00+00:00,-28.269243
2013-08-20 01:12:00+00:00,-28.304724
2013-08-20 01:13:00+00:00,-27.490135
2013-08-20 01:14:00+00:00,-27.624304
2013-08-20 01:15:00+00:00,-28.282406
2013-08-20 01:16:00+00:00,-28.48053
2013-08-20 01:17:00+00:00,-27.400354
2013-08-20 01:18:00+00:00,-25.661993
2013-08-20 01:19:00+00:00,-25.376286
2013-08-20 01:20:00+00:00,-24.606216
2013-08-20 01:21:00+00:00,-42.021469
2013-08-20 01:22:00+00:00,-49.042671
2013-08-20 01:23:00+00:00,-49.015778
2013-08-20 01:24:00+00:00,-54.800861
2013-08-20 01:25:00+00:00,-60.864883
2013-08-20 01:26:00+00:00,-50.885876
2013-08-20 01:27:00+00:00,-45.294865
2013-08-20 01:28:00+00:00,-62.194519
2013-08-20 01:29:00+00:00,-60.037464
2013-08-20 01:30:00+00:00,-55.975269
2013-08-20 01:31:00+00:00,-32.039818
2013-08-20 01:32:00+00:00,-35.451111
2013-08-20 01:33:00+00:00,-73.979057
2013-08-20 01:34:00+00:00,-124.072769
2013-08-20 01:35:00+00:00,-136.037582
2013-08-20 01:36:00+00:00,-144.933731
2013-08-20 01:37:00+00:00,-131.404373
2013-08-20 01:38:00+00:00,-151.435165
2013-08-20 01:39:00+00:00,-115.58812
2013-08-20 01:40:00+00:00,-159.693451
2013-08-20 01:41:00+00:00,-163.9935
2013-08-20 01:42:00+00:00,-191.149506
2013-08-20 01:43:00+00:00,-140.521973
2013-08-20 01:44:00+00:00,-112.209679
2013-08-20 01:45:00+00:00,-126.940575
2013-08-20 01:46:00+00:00,-125.795387
2013-08-20 01:47:00+00:00,-119.423843
2013-08-20 01:48:00+00:00,-147.457916
2013-08-20 01:49:00+00:00,-126.432899
2013-08-20 01:50:00+00:00,-140.422699
2013-08-20 01:51:00+00:00,-211.242096
2013-08-20 01:52:00+00:00,-199.590469
2013-08-20 01:53:00+00:00,-164.389389
2013-08-20 01:54:00+00:00,-171.044281
2013-08-20 01:55:00+00:00,-185.592133
2013-08-20 01:56:00+00:00,-186.787064
2013-08-20 01:57:00+00:00,-168.882385
2013-08-20 01:58:00+00:00,-160.817215
2013-08-20 01:59:00+00:00,-201.671097
2013-08-20 02:00:00+00:00,-181.562241
2013-08-20 02:01:00+00:00,-153.230804
2013-08-20 02:02:00+00:00,-148.167496
2013-08-20 02:03:00+00:00,-131.94165
2013-08-20 02:04:00+00:00,-129.719528
2013-08-20 02:05:00+00:00,-126.274994
2013-08-20 02:06:00+00:00,-104.035797
2013-08-20 02:07:00+00:00,-107.124519
2013-08-20 02:08:00+00:00,-103.91835
2013-08-20 02:09:00+00:00,-104.811813
2013-08-20 02:10:00+00:00,-144.365341
2013-08-20 02:11:00+00:00,-111.187988
2013-08-20 02:12:00+00:00,-91.730347
2013-08-20 02:13:00+00:00,-91.13102
2013-08-20 02:14:00+00:00,-116.059113
2013-08-20 02:15:00+00:00,-131.351288
2013-08-20 02:16:00+00:00,-139.04007
2013-08-20 02:17:00+00:00,-142.640442
2013-08-20 02:18:00+00:00,-161.825241
2013-08-20 02:19:00+00:00,-142.255585
2013-08-20 02:20:00+00:00,-103.885567
2013-08-20 02:21:00+00:00,-86.828476
2013-08-20 02:22:00+00:00,-81.620277
2013-08-20 02:23:00+00:00,-103.295761
2013-08-20 02:24:00+00:00,-98.477707
2013-08-20 02:25:00+00:00,-105.99881
2013-08-20 02:26:00+00:00,-167.592117
2013-08-20 02:27:00+00:00,-160.849854
2013-08-20 02:28:00+00:00,-70.625549
2013-08-20 02:29:00+00:00,-71.635376
2013-08-20 02:30:00+00:00,-69.22818
2013-08-20 02:31:00+00:00,-67.271698
2013-08-20 02:32:00+00:00,-62.069927
2013-08-20 02:33:00+00:00,-55.367977
2013-08-20 02:34:00+00:00,-52.078926
2013-08-20 02:35:00+00:00,-56.922497
2013-08-20 02:36:00+00:00,-58.269779
2013-08-20 02:37:00+00:00,-54.647686
2013-08-20 02:38:00+00:00,-50.121567
2013-08-20 02:39:00+00:00,-52.148941
2013-08-20 02:40:00+00:00,-53.922195
2013-08-20 02:41:00+00:00,-48.148346
2013-08-20 02:42:00+00:00,-43.89576
2013-08-20 02:43:00+00:00,-40.361687
2013-08-20 02:44:00+00:00,-40.154526
2013-08-20 02:45:00+00:00,-41.581867
2013-08-20 02:46:00+00:00,-39.918205
2013-08-20 02:47:00+00:00,-38.585434
2013-08-27 00:00:00+00:00,-91.875084
2013-08-27 00:01:00+00:00,-91.278435
2013-08-27 00:02:00+00:00,-86.426498
2013-08-27 00:03:00+00:00,-84.493149
2013-08-27 00:04:00+00:00,-85.995903
2013-08-27 00:05:00+00:00,-84.102608
2013-08-27 00:06:00+00:00,-88.229584
2013-08-27 00:07:00+00:00,-89.793961
2013-08-27 00:08:00+00:00,-90.911415
2013-08-27 00:09:00+00:00,-97.420471
2013-08-27 00:10:00+00:00,-102.231323
2013-08-27 00:11:00+00:00,-104.193604
2013-08-27 00:12:00+00:00,-100.594467
2013-08-27 00:13:00+00:00,-109.091156
2013-08-27 00:14:00+00:00,-110.471214
2013-08-27 00:15:00+00:00,-105.885239
2013-08-27 00:16:00+00:00,-103.638351
2013-08-27 00:17:00+00:00,-97.54213
2013-08-27 00:18:00+00:00,-92.992096
2013-08-27 00:19:00+00:00,-98.163406
2013-08-27 00:20:00+00:00,-101.082291
2013-08-27 00:21:00+00:00,-100.430397
2013-08-27 00:22:00+00:00,-101.531693
2013-08-27 00:23:00+00:00,-105.391052
2013-08-27 00:24:00+00:00,-108.389008
2013-08-27 00:25:00+00:00,-111.339821
2013-08-27 00:26:00+00:00,-110.289185
2013-08-27 00:27:00+00:00,-109.490814
2013-08-27 00:28:00+00:00,-105.728699
2013-08-27 00:29:00+00:00,-103.321228
2013-08-27 00:30:00+00:00,-103.429871
2013-08-27 00:31:00+00:00,-103.683479
2013-08-27 00:32:00+00:00,-100.49762
2013-08-27 00:33:00+00:00,-98.151428
2013-08-27 00:34:00+00:00,-95.464081
2013-08-27 00:35:00+00:00,-93.000702
2013-08-27 00:36:00+00:00,-96.430542
2013-08-27 00:37:00+00:00,-101.551796
2013-08-27 00:38:00+00:00,-107.387024
2013-08-27 00:39:00+00:00,-112.354927
2013-08-27 00:40:00+00:00,-117.115494
2013-08-27 00:41:00+00:00,-120.748642
2013-08-27 00:42:00+00:00,-119.396805
2013-08-27 00:43:00+00:00,-120.250244
2013-08-27 00:44:00+00:00,-122.035858
2013-08-27 00:45:00+00:00,-119.828735
2013-08-27 00:46:00+00:00,-120.551033
2013-08-27 00:47:00+00:00,-121.415466
2013-08-27 00:48:00+00:00,-120.842171
2013-08-27 00:49:00+00:00,-123.115166
2013-08-27 00:50:00+00:00,-125.606087
2013-08-27 00:51:00+00:00,-122.466385
2013-08-27 00:52:00+00:00,-117.371735
2013-08-27 00:53:00+00:00,-118.627296
2013-08-27 00:54:00+00:00,-117.208542
2013-08-27 00:55:00+00:00,-115.14093
2013-08-27 00:56:00+00:00,-112.034912
2013-08-27 00:57:00+00:00,-109.780205
2013-08-27 00:58:00+00:00,-108.370064
2013-08-27 00:59:00+00:00,-108.511551
2013-08-27 01:00:00+00:00,-113.583771
2013-08-27 01:01:00+00:00,-118.447311
2013-08-27 01:02:00+00:00,-118.820328
2013-08-27 01:03:00+00:00,-113.009506
2013-08-27 01:04:00+00:00,-111.120895
2013-08-27 01:05:00+00:00,-112.501007
2013-08-27 01:06:00+00:00,-118.691032
2013-08-27 01:07:00+00:00,-126.363838
2013-08-27 01:08:00+00:00,-130.641571
2013-08-27 01:09:00+00:00,-130.509613
2013-08-27 01:10:00+00:00,-128.395416
2013-08-27 01:11:00+00:00,-130.070175
2013-08-27 01:12:00+00:00,-122.421356
2013-08-27 01:13:00+00:00,-117.980881
2013-08-27 01:14:00+00:00,-126.133759
2013-08-27 01:15:00+00:00,-135.889465
2013-08-27 01:16:00+00:00,-138.213074
2013-08-27 01:17:00+00:00,-137.485168
2013-08-27 01:18:00+00:00,-134.727936
2013-08-27 01:19:00+00:00,-127.483101
2013-08-27 01:20:00+00:00,-120.277748
2013-08-27 01:21:00+00:00,-114.084259
2013-08-27 01:22:00+00:00,-108.356651
2013-08-27 01:23:00+00:00,-107.445778
2013-08-27 01:24:00+00:00,-106.311569
2013-08-27 01:25:00+00:00,-104.721359
2013-08-27 01:26:00+00:00,-105.67778
2013-08-27 01:27:00+00:00,-107.604408
2013-08-27 01:28:00+00:00,-111.787102
2013-08-27 01:29:00+00:00,-110.748535
2013-08-27 01:30:00+00:00,-109.898483
2013-08-27 01:31:00+00:00,-111.566307
2013-08-27 01:32:00+00:00,-117.966431
2013-08-27 01:33:00+00:00,-121.756973
2013-08-27 01:34:00+00:00,-126.312866
2013-08-27 01:35:00+00:00,-129.3479
2013-08-27 01:36:00+00:00,-126.716469
2013-08-27 01:37:00+00:00,-122.913719
2013-08-27 01:38:00+00:00,-122.24501
2013-08-27 01:39:00+00:00,-122.172302
2013-08-27 01:40:00+00:00,-122.74826
2013-08-27 01:41:00+00:00,-125.611473
2013-08-27 01:42:00+00:00,-126.690567
2013-08-27 01:43:00+00:00,-127.90638
2013-08-27 01:44:00+00:00,-126.678444
2013-08-27 01:45:00+00:00,-123.82753
2013-08-27 01:46:00+00:00,-121.161903
2013-08-27 01:47:00+00:00,-125.589706
2013-08-27 01:48:00+00:00,-129.586441
2013-08-27 01:49:00+00:00,-129.102219
2013-08-27 01:50:00+00:00,-125.621346
2013-08-27 01:51:00+00:00,-122.004089
2013-08-27 01:52:00+00:00,-119.615707
2013-08-27 01:53:00+00:00,-117.87674
2013-08-27 01:54:00+00:00,-117.660324
2013-08-27 01:55:00+00:00,-118.942947
2013-08-27 01:56:00+00:00,-119.434509
2013-08-27 01:57:00+00:00,-119.294083
2013-08-27 01:58:00+00:00,-118.158333
2013-08-27 01:59:00+00:00,-145.759521
2013-08-27 02:00:00+00:00,-186.886475
2013-08-27 02:01:00+00:00,-187.975922
2013-08-27 02:02:00+00:00,-205.23468
2013-08-27 02:03:00+00:00,-225.158844
2013-08-27 02:04:00+00:00,-262.391907
2013-08-27 02:05:00+00:00,-293.914337
2013-08-27 02:06:00+00:00,-322.851562
2013-08-27 02:07:00+00:00,-334.844788
2013-08-27 02:08:00+00:00,-328.480347
2013-08-27 02:09:00+00:00,-330.539764
2013-08-27 02:10:00+00:00,-338.276978
2013-08-27 02:11:00+00:00,-325.852997
2013-08-27 02:12:00+00:00,-330.810791
2013-08-27 02:13:00+00:00,-346.991119
2013-08-27 02:14:00+00:00,-350.300049
2013-08-27 02:15:00+00:00,-347.103088
2013-08-27 02:16:00+00:00,-343.037659
2013-08-27 02:17:00+00:00,-321.678955
2013-08-27 02:18:00+00:00,-322.420441
2013-08-27 02:19:00+00:00,-325.450592
2013-08-27 02:20:00+00:00,-289.944122
2013-08-27 02:21:00+00:00,-269.270172
2013-08-27 02:22:00+00:00,-253.3414
2013-08-27 02:23:00+00:00,-251.40094
2013-08-27 02:24:00+00:00,-246.42424
2013-08-27 02:25:00+00:00,-249.466888
2013-08-27 02:26:00+00:00,-246.554184
2013-08-27 02:27:00+00:00,-240.599152
2013-08-27 02:28:00+00:00,-231.674942
2013-08-27 02:29:00+00:00,-224.412262
2013-08-27 02:30:00+00:00,-222.116714
2013-08-27 02:31:00+00:00,-220.596771
2013-08-27 02:32:00+00:00,-217.119019
2013-08-27 02:33:00+00:00,-210.553452
2013-08-27 02:34:00+00:00,-206.970642
2013-08-27 02:35:00+00:00,-208.212143
2013-08-27 02:36:00+00:00,-214.907394
2013-08-27 02:37:00+00:00,-225.785263
2013-08-27 02:38:00+00:00,-232.60704
2013-08-27 02:39:00+00:00,-229.806747
2013-08-27 02:40:00+00:00,-223.654022
2013-08-27 02:41:00+00:00,-221.397049
2013-08-27 02:42:00+00:00,-218.766373
2013-08-27 02:43:00+00:00,-215.953537
2013-08-27 02:44:00+00:00,-217.61264
2013-08-27 02:45:00+00:00,-216.381058
2013-08-27 02:46:00+00:00,-214.10144
2013-08-27 02:47:00+00:00,-209.033676
2013-09-03 00:00:00+00:00,-25.363279
2013-09-03 00:01:00+00:00,-24.611652
2013-09-03 00:02:00+00:00,-21.753115
2013-09-03 00:03:00+00:00,-20.106007
2013-09-03 00:04:00+00:00,-20.869526
2013-09-03 00:05:00+00:00,-23.675489
2013-09-03 00:06:00+00:00,-23.514111
2013-09-03 00:07:00+00:00,-22.697079
2013-09-03 00:08:00+00:00,-22.194614
2013-09-03 00:09:00+00:00,-24.530834
2013-09-03 00:10:00+00:00,-29.147955
2013-09-03 00:11:00+00:00,-34.995102
2013-09-03 00:12:00+00:00,-37.411057
2013-09-03 00:13:00+00:00,-37.282524
2013-09-03 00:14:00+00:00,-38.129395
2013-09-03 00:15:00+00:00,-38.06506
2013-09-03 00:16:00+00:00,-44.111176
2013-09-03 00:17:00+00:00,-50.044571
2013-09-03 00:18:00+00:00,-45.529427
2013-09-03 00:19:00+00:00,-46.522125
2013-09-03 00:20:00+00:00,-45.463848
2013-09-03 00:21:00+00:00,-43.757717
2013-09-03 00:22:00+00:00,-41.707165
2013-09-03 00:23:00+00:00,-40.564095
2013-09-03 00:24:00+00:00,-38.906342
2013-09-03 00:25:00+00:00,-37.557301
2013-09-03 00:26:00+00:00,-36.835747
2013-09-03 00:27:00+00:00,-35.442886
2013-09-03 00:28:00+00:00,-33.658848
2013-09-03 00:29:00+00:00,-31.698437
2013-09-03 00:30:00+00:00,-32.397301
2013-09-03 00:31:00+00:00,-35.995285
2013-09-03 00:32:00+00:00,-38.211071
2013-09-03 00:33:00+00:00,-39.554493
2013-09-03 00:34:00+00:00,-39.418194
2013-09-03 00:35:00+00:00,-39.108887
2013-09-03 00:36:00+00:00,-38.594406
2013-09-03 00:37:00+00:00,-36.826927
2013-09-03 00:38:00+00:00,-36.004856
2013-09-03 00:39:00+00:00,-32.90556
2013-09-03 00:40:00+00:00,-29.304491
2013-09-03 00:41:00+00:00,-28.741762
2013-09-03 00:42:00+00:00,-30.893219
2013-09-03 00:43:00+00:00,-32.330223
2013-09-03 00:44:00+00:00,-30.642685
2013-09-03 00:45:00+00:00,-27.821894
2013-09-03 00:46:00+00:00,-28.657948
2013-09-03 00:47:00+00:00,-30.084507
2013-09-03 00:48:00+00:00,-27.989334
2013-09-03 00:49:00+00:00,-26.506289
2013-09-03 00:50:00+00:00,-26.018251
2013-09-03 00:51:00+00:00,-25.65517
2013-09-03 00:52:00+00:00,-22.208326
2013-09-03 00:53:00+00:00,-17.770205
2013-09-03 00:54:00+00:00,-16.692596
2013-09-03 00:55:00+00:00,-15.292955
2013-09-03 00:56:00+00:00,-14.546936
2013-09-03 00:57:00+00:00,-13.328506
2013-09-03 00:58:00+00:00,-13.11406
2013-09-03 00:59:00+00:00,-13.054883
2013-09-03 01:00:00+00:00,-12.55784
2013-09-03 01:01:00+00:00,-12.534622
2013-09-03 01:02:00+00:00,-12.316165
2013-09-03 01:03:00+00:00,-11.293096
2013-09-03 01:04:00+00:00,-11.013735
2013-09-03 01:05:00+00:00,-11.648409
2013-09-03 01:06:00+00:00,-11.780367
2013-09-03 01:07:00+00:00,-11.268342
2013-09-03 01:08:00+00:00,-10.133088
2013-09-03 01:09:00+00:00,-9.205989
2013-09-03 01:10:00+00:00,-9.466593
2013-09-03 01:11:00+00:00,-10.422702
2013-09-03 01:12:00+00:00,-11.44726
2013-09-03 01:13:00+00:00,-13.435661
2013-09-03 01:14:00+00:00,-14.726455
2013-09-03 01:15:00+00:00,-14.14535
2013-09-03 01:16:00+00:00,-13.173677
2013-09-03 01:17:00+00:00,-12.966732
2013-09-03 01:18:00+00:00,-17.248165
2013-09-03 01:19:00+00:00,-14.909601
2013-09-03 01:20:00+00:00,-10.36031
2013-09-03 01:21:00+00:00,-9.268554
2013-09-03 01:22:00+00:00,-11.055931
2013-09-03 01:23:00+00:00,-11.192631
2013-09-03 01:24:00+00:00,-9.671075
2013-09-03 01:25:00+00:00,-9.249083
2013-09-03 01:26:00+00:00,-9.285057
2013-09-03 01:27:00+00:00,-9.028025
2013-09-03 01:28:00+00:00,-8.456507
2013-09-03 01:29:00+00:00,-8.676199
2013-09-03 01:30:00+00:00,-8.152482
2013-09-03 01:31:00+00:00,-8.49793
2013-09-03 01:32:00+00:00,-8.177394
2013-09-03 01:33:00+00:00,-8.1425
2013-09-03 01:34:00+00:00,-8.20795
2013-09-03 01:35:00+00:00,-8.574888
2013-09-03 01:36:00+00:00,-8.838991
2013-09-03 01:37:00+00:00,-8.807889
2013-09-03 01:38:00+00:00,-8.874067
2013-09-03 01:39:00+00:00,-9.044358
2013-09-03 01:40:00+00:00,-8.810921
2013-09-03 01:41:00+00:00,-8.68154
2013-09-03 01:42:00+00:00,-10.127957
2013-09-03 01:43:00+00:00,-10.545927
2013-09-03 01:44:00+00:00,-9.869404
2013-09-03 01:45:00+00:00,-9.432315
2013-09-03 01:46:00+00:00,-11.134853
2013-09-03 01:47:00+00:00,-12.07851
2013-09-03 01:48:00+00:00,-12.247341
2013-09-03 01:49:00+00:00,-13.141931
2013-09-03 01:50:00+00:00,-13.520477
2013-09-03 01:51:00+00:00,-16.258244
2013-09-03 01:52:00+00:00,-14.692301
2013-09-03 01:53:00+00:00,-10.082026
2013-09-03 01:54:00+00:00,-9.032916
2013-09-03 01:55:00+00:00,-9.30472
2013-09-03 01:56:00+00:00,-9.58251
2013-09-03 01:57:00+00:00,-10.195375
2013-09-03 01:58:00+00:00,-11.09033
2013-09-03 01:59:00+00:00,-10.942793
2013-09-03 02:00:00+00:00,-9.992794
2013-09-03 02:01:00+00:00,-10.7224
2013-09-03 02:02:00+00:00,-15.502581
2013-09-03 02:03:00+00:00,-17.28467
2013-09-03 02:04:00+00:00,-16.878248
2013-09-03 02:05:00+00:00,-15.391722
2013-09-03 02:06:00+00:00,-15.371161
2013-09-03 02:07:00+00:00,-17.995934
2013-09-03 02:08:00+00:00,-19.691984
2013-09-03 02:09:00+00:00,-20.995043
2013-09-03 02:10:00+00:00,-22.522741
2013-09-03 02:11:00+00:00,-24.990362
2013-09-03 02:12:00+00:00,-26.822178
2013-09-03 02:13:00+00:00,-27.158279
2013-09-03 02:14:00+00:00,-26.953339
2013-09-03 02:15:00+00:00,-26.329605
2013-09-03 02:16:00+00:00,-23.798399
2013-09-03 02:17:00+00:00,-21.177542
2013-09-03 02:18:00+00:00,-19.50996
2013-09-03 02:19:00+00:00,-18.337652
2013-09-03 02:20:00+00:00,-18.372326
2013-09-03 02:21:00+00:00,-19.534416
2013-09-03 02:22:00+00:00,-21.027861
2013-09-03 02:23:00+00:00,-22.375347
2013-09-03 02:24:00+00:00,-21.673384
2013-09-03 02:25:00+00:00,-20.22662
2013-09-03 02:26:00+00:00,-18.645374
2013-09-03 02:27:00+00:00,-18.216717
2013-09-03 02:28:00+00:00,-17.429873
2013-09-03 02:29:00+00:00,-17.889225
2013-09-03 02:30:00+00:00,-17.63883
2013-09-03 02:31:00+00:00,-17.876196
2013-09-03 02:32:00+00:00,-16.793011
2013-09-03 02:33:00+00:00,-15.251545
2013-09-03 02:34:00+00:00,-14.439272
2013-09-03 02:35:00+00:00,-16.57198
2013-09-03 02:36:00+00:00,-15.613645
2013-09-03 02:37:00+00:00,-15.041428
2013-09-03 02:38:00+00:00,-17.544437
2013-09-03 02:39:00+00:00,-17.748154
2013-09-03 02:40:00+00:00,-16.976667
2013-09-03 02:41:00+00:00,-16.963205
2013-09-03 02:42:00+00:00,-16.587872
2013-09-03 02:43:00+00:00,-19.71489
2013-09-03 02:44:00+00:00,-21.731112
2013-09-03 02:45:00+00:00,-18.107965
2013-09-03 02:46:00+00:00,-18.227238
2013-09-03 02:47:00+00:00,-17.779165
2013-09-10 00:00:00+00:00,-28.467108
2013-09-10 00:01:00+00:00,-25.797712
2013-09-10 00:02:00+00:00,-27.964783
2013-09-10 00:03:00+00:00,-21.331568
2013-09-10 00:04:00+00:00,-17.661718
2013-09-10 00:05:00+00:00,-16.644657
2013-09-10 00:06:00+00:00,-16.626062
2013-09-10 00:07:00+00:00,-17.678905
2013-09-10 00:08:00+00:00,-15.858343
2013-09-10 00:09:00+00:00,-14.770541
2013-09-10 00:10:00+00:00,-15.072698
2013-09-10 00:11:00+00:00,-15.149552
2013-09-10 00:12:00+00:00,-15.708109
2013-09-10 00:13:00+00:00,-14.980763
2013-09-10 00:14:00+00:00,-12.366716
2013-09-10 00:15:00+00:00,-10.388779
2013-09-10 00:16:00+00:00,-10.922709
2013-09-10 00:17:00+00:00,-12.279028
2013-09-10 00:18:00+00:00,-11.298801
2013-09-10 00:19:00+00:00,-12.558889
2013-09-10 00:20:00+00:00,-18.776798
2013-09-10 00:21:00+00:00,-26.301609
2013-09-10 00:22:00+00:00,-23.596058
2013-09-10 00:23:00+00:00,-15.166538
2013-09-10 00:24:00+00:00,-14.81324
2013-09-10 00:25:00+00:00,-16.130638
2013-09-10 00:26:00+00:00,-23.1576
2013-09-10 00:27:00+00:00,-21.839102
2013-09-10 00:28:00+00:00,-18.791361
2013-09-10 00:29:00+00:00,-19.916348
2013-09-10 00:30:00+00:00,-25.749842
2013-09-10 00:31:00+00:00,-30.31728
2013-09-10 00:32:00+00:00,-31.514502
2013-09-10 00:33:00+00:00,-30.406902
2013-09-10 00:34:00+00:00,-26.843079
2013-09-10 00:35:00+00:00,-26.947016
2013-09-10 00:36:00+00:00,-23.687473
2013-09-10 00:37:00+00:00,-23.223326
2013-09-10 00:38:00+00:00,-22.794987
2013-09-10 00:39:00+00:00,-21.574398
2013-09-10 00:40:00+00:00,-20.295956
2013-09-10 00:41:00+00:00,-19.981161
2013-09-10 00:42:00+00:00,-18.515776
2013-09-10 00:43:00+00:00,-17.538488
2013-09-10 00:44:00+00:00,-18.424391
2013-09-10 00:45:00+00:00,-30.397053
2013-09-10 00:46:00+00:00,-43.963886
2013-09-10 00:47:00+00:00,-36.364113
2013-09-10 00:48:00+00:00,-24.789106
2013-09-10 00:49:00+00:00,-22.279842
2013-09-10 00:50:00+00:00,-15.757181
2013-09-10 00:51:00+00:00,-14.704054
2013-09-10 00:52:00+00:00,-15.569983
2013-09-10 00:53:00+00:00,-16.387453
2013-09-10 00:54:00+00:00,-17.3908
2013-09-10 00:55:00+00:00,-17.665668
2013-09-10 00:56:00+00:00,-18.173014
2013-09-10 00:57:00+00:00,-20.061554
2013-09-10 00:58:00+00:00,-22.052486
2013-09-10 00:59:00+00:00,-19.373283
2013-09-10 01:00:00+00:00,-18.258961
2013-09-10 01:01:00+00:00,-17.513786
2013-09-10 01:02:00+00:00,-17.955032
2013-09-10 01:03:00+00:00,-17.218449
2013-09-10 01:04:00+00:00,-17.279627
2013-09-10 01:05:00+00:00,-16.545801
2013-09-10 01:06:00+00:00,-16.937878
2013-09-10 01:07:00+00:00,-17.288857
2013-09-10 01:08:00+00:00,-15.866353
2013-09-10 01:09:00+00:00,-15.634228
2013-09-10 01:10:00+00:00,-14.835651
2013-09-10 01:11:00+00:00,-15.185475
2013-09-10 01:12:00+00:00,-14.453239
2013-09-10 01:13:00+00:00,-13.78641
2013-09-10 01:14:00+00:00,-13.151768
2013-09-10 01:15:00+00:00,-13.432182
2013-09-10 01:16:00+00:00,-13.574901
2013-09-10 01:17:00+00:00,-14.179541
2013-09-10 01:18:00+00:00,-14.397477
2013-09-10 01:19:00+00:00,-16.299028
2013-09-10 01:20:00+00:00,-15.417407
2013-09-10 01:21:00+00:00,-15.966486
2013-09-10 01:22:00+00:00,-16.038052
2013-09-10 01:23:00+00:00,-15.397775
2013-09-10 01:24:00+00:00,-15.121815
2013-09-10 01:25:00+00:00,-15.611547
2013-09-10 01:26:00+00:00,-15.070103
2013-09-10 01:27:00+00:00,-14.902763
2013-09-10 01:28:00+00:00,-14.944496
2013-09-10 01:29:00+00:00,-15.507807
2013-09-10 01:30:00+00:00,-16.461853
2013-09-10 01:31:00+00:00,-16.768539
2013-09-10 01:32:00+00:00,-17.331177
2013-09-10 01:33:00+00:00,-18.764021
2013-09-10 01:34:00+00:00,-19.339521
2013-09-10 01:35:00+00:00,-17.614317
2013-09-10 01:36:00+00:00,-17.915546
2013-09-10 01:37:00+00:00,-17.868221
2013-09-10 01:38:00+00:00,-18.864882
2013-09-10 01:39:00+00:00,-16.959249
2013-09-10 01:40:00+00:00,-18.165962
2013-09-10 01:41:00+00:00,-16.834627
2013-09-10 01:42:00+00:00,-19.308987
2013-09-10 01:43:00+00:00,-16.691574
2013-09-10 01:44:00+00:00,-17.596661
2013-09-10 01:45:00+00:00,-16.669708
2013-09-10 01:46:00+00:00,-16.799398
2013-09-10 01:47:00+00:00,-15.484755
2013-09-10 01:48:00+00:00,-13.86639
2013-09-10 01:49:00+00:00,-14.038054
2013-09-10 01:50:00+00:00,-12.85618
2013-09-10 01:51:00+00:00,-14.127406
2013-09-10 01:52:00+00:00,-13.605651
2013-09-10 01:53:00+00:00,-14.378757
2013-09-10 01:54:00+00:00,-15.115687
2013-09-10 01:55:00+00:00,-16.16116
2013-09-10 01:56:00+00:00,-16.465364
2013-09-10 01:57:00+00:00,-15.707981
2013-09-10 01:58:00+00:00,-16.530605
2013-09-10 01:59:00+00:00,-16.974257
2013-09-10 02:00:00+00:00,-17.284025
2013-09-10 02:01:00+00:00,-14.703199
2013-09-10 02:02:00+00:00,-16.968201
2013-09-10 02:03:00+00:00,-15.686436
2013-09-10 02:04:00+00:00,-16.495581
2013-09-10 02:05:00+00:00,-15.989369
2013-09-10 02:06:00+00:00,-15.718567
2013-09-10 02:07:00+00:00,-16.703688
2013-09-10 02:08:00+00:00,-16.128263
2013-09-10 02:09:00+00:00,-17.316519
2013-09-10 02:10:00+00:00,-15.965701
2013-09-10 02:11:00+00:00,-16.799427
2013-09-10 02:12:00+00:00,-16.913385
2013-09-10 02:13:00+00:00,-16.442322
2013-09-10 02:14:00+00:00,-15.16651
2013-09-10 02:15:00+00:00,-15.915978
2013-09-10 02:16:00+00:00,-16.000298
2013-09-10 02:17:00+00:00,-15.017108
2013-09-10 02:18:00+00:00,-18.075768
2013-09-10 02:19:00+00:00,-16.361805
2013-09-10 02:20:00+00:00,-18.146692
2013-09-10 02:21:00+00:00,-16.494862
2013-09-10 02:22:00+00:00,-18.951197
2013-09-10 02:23:00+00:00,-17.001072
2013-09-10 02:24:00+00:00,-16.856367
2013-09-10 02:25:00+00:00,-15.658669
2013-09-10 02:26:00+00:00,-15.628664
2013-09-10 02:27:00+00:00,-16.87278
2013-09-10 02:28:00+00:00,-13.957405
2013-09-10 02:29:00+00:00,-15.768185
2013-09-10 02:30:00+00:00,-15.418537
2013-09-10 02:31:00+00:00,-14.280542
2013-09-10 02:32:00+00:00,-14.263464
2013-09-10 02:33:00+00:00,-11.853628
2013-09-10 02:34:00+00:00,-13.776619
2013-09-10 02:35:00+00:00,-12.386244
2013-09-10 02:36:00+00:00,-13.10447
2013-09-10 02:37:00+00:00,-12.681112
2013-09-10 02:38:00+00:00,-13.745895
2013-09-10 02:39:00+00:00,-13.291972
2013-09-10 02:40:00+00:00,-14.174772
2013-09-10 02:41:00+00:00,-14.449958
2013-09-10 02:42:00+00:00,-15.600925
2013-09-10 02:43:00+00:00,-15.729236
2013-09-10 02:44:00+00:00,-15.590577
2013-09-10 02:45:00+00:00,-15.875711
2013-09-10 02:46:00+00:00,-15.799316
2013-09-10 02:47:00+00:00,-16.211
2013-09-17 00:00:00+00:00,-29.161427
2013-09-17 00:01:00+00:00,-29.831228
2013-09-17 00:02:00+00:00,-29.776716
2013-09-17 00:03:00+00:00,-29.511522
2013-09-17 00:04:00+00:00,-27.878874
2013-09-17 00:05:00+00:00,-25.573069
2013-09-17 00:06:00+00:00,-23.871416
2013-09-17 00:07:00+00:00,-23.432022
2013-09-17 00:08:00+00:00,-23.876015
2013-09-17 00:09:00+00:00,-25.674496
2013-09-17 00:10:00+00:00,-28.403175
2013-09-17 00:11:00+00:00,-28.881819
2013-09-17 00:12:00+00:00,-28.756388
2013-09-17 00:13:00+00:00,-28.627918
2013-09-17 00:14:00+00:00,-29.671091
2013-09-17 00:15:00+00:00,-30.831284
2013-09-17 00:16:00+00:00,-31.166059
2013-09-17 00:17:00+00:00,-30.236912
2013-09-17 00:18:00+00:00,-27.649269
2013-09-17 00:19:00+00:00,-26.570087
2013-09-17 00:20:00+00:00,-26.761049
2013-09-17 00:21:00+00:00,-27.80464
2013-09-17 00:22:00+00:00,-27.259161
2013-09-17 00:23:00+00:00,-27.561522
2013-09-17 00:24:00+00:00,-25.787199
2013-09-17 00:25:00+00:00,-26.246704
2013-09-17 00:26:00+00:00,-25.355673
2013-09-17 00:27:00+00:00,-25.337067
2013-09-17 00:28:00+00:00,-28.361778
2013-09-17 00:29:00+00:00,-28.68961
2013-09-17 00:30:00+00:00,-29.784176
2013-09-17 00:31:00+00:00,-30.538294
2013-09-17 00:32:00+00:00,-30.857374
2013-09-17 00:33:00+00:00,-29.226786
2013-09-17 00:34:00+00:00,-26.444395
2013-09-17 00:35:00+00:00,-25.323694
2013-09-17 00:36:00+00:00,-27.131306
2013-09-17 00:37:00+00:00,-24.76025
2013-09-17 00:38:00+00:00,-26.591316
2013-09-17 00:39:00+00:00,-31.533611
2013-09-17 00:40:00+00:00,-31.450634
2013-09-17 00:41:00+00:00,-28.602386
2013-09-17 00:42:00+00:00,-30.063885
2013-09-17 00:43:00+00:00,-16.696865
2013-09-17 00:44:00+00:00,-17.436596
2013-09-17 00:45:00+00:00,-18.402494
2013-09-17 00:46:00+00:00,-18.586729
2013-09-17 00:47:00+00:00,-18.608423
2013-09-17 00:48:00+00:00,-18.182409
2013-09-17 00:49:00+00:00,-18.70125
2013-09-17 00:50:00+00:00,-19.13368
2013-09-17 00:51:00+00:00,-19.880081
2013-09-17 00:52:00+00:00,-20.803585
2013-09-17 00:53:00+00:00,-21.242317
2013-09-17 00:54:00+00:00,-21.547707
2013-09-17 00:55:00+00:00,-21.733414
2013-09-17 00:56:00+00:00,-22.10216
2013-09-17 00:57:00+00:00,-23.246923
2013-09-17 00:58:00+00:00,-24.543018
2013-09-17 00:59:00+00:00,-28.095247
2013-09-17 01:00:00+00:00,-31.079184
2013-09-17 01:01:00+00:00,-30.933186
2013-09-17 01:02:00+00:00,-28.379517
2013-09-17 01:03:00+00:00,-25.179979
2013-09-17 01:04:00+00:00,-22.143368
2013-09-17 01:05:00+00:00,-21.772217
2013-09-17 01:06:00+00:00,-21.337986
2013-09-17 01:07:00+00:00,-20.449682
2013-09-17 01:08:00+00:00,-20.078791
2013-09-17 01:09:00+00:00,-20.015968
2013-09-17 01:10:00+00:00,-20.818666
2013-09-17 01:11:00+00:00,-21.06288
2013-09-17 01:12:00+00:00,-21.233953
2013-09-17 01:13:00+00:00,-22.729233
2013-09-17 01:14:00+00:00,-27.05846
2013-09-17 01:15:00+00:00,-30.215717
2013-09-17 01:16:00+00:00,-33.392563
2013-09-17 01:17:00+00:00,-33.201508
2013-09-17 01:18:00+00:00,-33.472378
2013-09-17 01:19:00+00:00,-35.385799
2013-09-17 01:20:00+00:00,-34.61404
2013-09-17 01:21:00+00:00,-33.634617
2013-09-17 01:22:00+00:00,-35.76228
2013-09-17 01:23:00+00:00,-40.916275
2013-09-17 01:24:00+00:00,-45.763905
2013-09-17 01:25:00+00:00,-47.946754
2013-09-17 01:26:00+00:00,-48.531204
2013-09-17 01:27:00+00:00,-55.50845
2013-09-17 01:28:00+00:00,-57.227097
2013-09-17 01:29:00+00:00,-42.36795
2013-09-17 01:30:00+00:00,-25.519506
2013-09-17 01:31:00+00:00,-22.837194
2013-09-17 01:32:00+00:00,-22.803205
2013-09-17 01:33:00+00:00,-22.768003
2013-09-17 01:34:00+00:00,-22.737438
2013-09-17 01:35:00+00:00,-23.699293
2013-09-17 01:36:00+00:00,-24.660397
2013-09-17 01:37:00+00:00,-23.630117
2013-09-17 01:38:00+00:00,-23.596533
2013-09-17 01:39:00+00:00,-24.570959
2013-09-17 01:40:00+00:00,-24.53825
2013-09-17 01:41:00+00:00,-24.509138
2013-09-17 01:42:00+00:00,-24.477268
2013-09-17 01:43:00+00:00,-23.452885
2013-09-17 01:44:00+00:00,-24.431723
2013-09-17 01:45:00+00:00,-26.399342
2013-09-17 01:46:00+00:00,-28.362701
2013-09-17 01:47:00+00:00,-29.326677
2013-09-17 01:48:00+00:00,-29.290281
2013-09-17 01:49:00+00:00,-27.705986
2013-09-17 01:50:00+00:00,-27.841175
2013-09-17 01:51:00+00:00,-26.751589
2013-09-17 01:52:00+00:00,-26.317451
2013-09-17 01:53:00+00:00,-26.949755
2013-09-17 01:54:00+00:00,-27.305027
2013-09-17 01:55:00+00:00,-28.416935
2013-09-17 01:56:00+00:00,-28.574316
2013-09-17 01:57:00+00:00,-28.48131
2013-09-17 01:58:00+00:00,-28.06282
2013-09-17 01:59:00+00:00,-28.820896
2013-09-17 02:00:00+00:00,-29.193193
2013-09-17 02:01:00+00:00,-29.24328
2013-09-17 02:02:00+00:00,-28.153648
2013-09-17 02:03:00+00:00,-26.627518
2013-09-17 02:04:00+00:00,-25.569286
2013-09-17 02:05:00+00:00,-23.086472
2013-09-17 02:06:00+00:00,-22.866686
2013-09-17 02:07:00+00:00,-22.84057
2013-09-17 02:08:00+00:00,-28.035259
2013-09-17 02:09:00+00:00,-34.427422
2013-09-17 02:10:00+00:00,-40.54319
2013-09-17 02:11:00+00:00,-40.27235
2013-09-17 02:12:00+00:00,-41.625767
2013-09-17 02:13:00+00:00,-40.048889
2013-09-17 02:14:00+00:00,-40.080448
2013-09-17 02:15:00+00:00,-43.691235
2013-09-17 02:16:00+00:00,-39.798874
2013-09-17 02:17:00+00:00,-29.002129
2013-09-17 02:18:00+00:00,-24.758158
2013-09-17 02:19:00+00:00,-27.65596
2013-09-17 02:20:00+00:00,-24.503822
2013-09-17 02:21:00+00:00,-24.48225
2013-09-17 02:22:00+00:00,-25.46101
2013-09-17 02:23:00+00:00,-26.431339
2013-09-17 02:24:00+00:00,-27.398348
2013-09-17 02:25:00+00:00,-27.364969
2013-09-17 02:26:00+00:00,-28.340481
2013-09-17 02:27:00+00:00,-28.316093
2013-09-17 02:28:00+00:00,-28.295225
2013-09-17 02:29:00+00:00,-29.511074
2013-09-17 02:30:00+00:00,-106.28746
2013-09-17 02:31:00+00:00,-151.818619
2013-09-17 02:32:00+00:00,-156.781067
2013-09-17 02:33:00+00:00,-185.65329
2013-09-17 02:34:00+00:00,-144.781906
2013-09-17 02:35:00+00:00,-216.321808
2013-09-17 02:36:00+00:00,-236.007812
2013-09-17 02:37:00+00:00,-200.882431
2013-09-17 02:38:00+00:00,-187.421829
2013-09-17 02:39:00+00:00,-164.950928
2013-09-17 02:40:00+00:00,-180.789978
2013-09-17 02:41:00+00:00,-165.290482
2013-09-17 02:42:00+00:00,-138.900558
2013-09-17 02:43:00+00:00,-138.471756
2013-09-17 02:44:00+00:00,-130.117233
2013-09-17 02:45:00+00:00,-104.780472
2013-09-17 02:46:00+00:00,-122.027512
2013-09-17 02:47:00+00:00,-152.455917
2013-09-24 00:00:00+00:00,-138.511307
2013-09-24 00:01:00+00:00,-130.034698
2013-09-24 00:02:00+00:00,-124.758438
2013-09-24 00:03:00+00:00,-125.818604
2013-09-24 00:04:00+00:00,-133.011703
2013-09-24 00:05:00+00:00,-134.564407
2013-09-24 00:06:00+00:00,-134.789871
2013-09-24 00:07:00+00:00,-135.037643
2013-09-24 00:08:00+00:00,-139.010376
2013-09-24 00:09:00+00:00,-140.425568
2013-09-24 00:10:00+00:00,-135.888733
2013-09-24 00:11:00+00:00,-136.839981
2013-09-24 00:12:00+00:00,-138.145599
2013-09-24 00:13:00+00:00,-142.157135
2013-09-24 00:14:00+00:00,-140.055679
2013-09-24 00:15:00+00:00,-133.597244
2013-09-24 00:16:00+00:00,-128.33757
2013-09-24 00:17:00+00:00,-127.461288
2013-09-24 00:18:00+00:00,-126.708595
2013-09-24 00:19:00+00:00,-126.257568
2013-09-24 00:20:00+00:00,-124.41877
2013-09-24 00:21:00+00:00,-123.985565
2013-09-24 00:22:00+00:00,-125.797012
2013-09-24 00:23:00+00:00,-124.830086
2013-09-24 00:24:00+00:00,-121.629707
2013-09-24 00:25:00+00:00,-124.633186
2013-09-24 00:26:00+00:00,-131.72905
2013-09-24 00:27:00+00:00,-130.905121
2013-09-24 00:28:00+00:00,-126.004196
2013-09-24 00:29:00+00:00,-125.005386
2013-09-24 00:30:00+00:00,-122.812843
2013-09-24 00:31:00+00:00,-124.560387
2013-09-24 00:32:00+00:00,-128.503296
2013-09-24 00:33:00+00:00,-135.755844
2013-09-24 00:34:00+00:00,-134.185669
2013-09-24 00:35:00+00:00,-119.675613
2013-09-24 00:36:00+00:00,-109.687645
2013-09-24 00:37:00+00:00,-107.676605
2013-09-24 00:38:00+00:00,-109.842995
2013-09-24 00:39:00+00:00,-111.501671
2013-09-24 00:40:00+00:00,-110.699524
2013-09-24 00:41:00+00:00,-112.954086
2013-09-24 00:42:00+00:00,-114.678169
2013-09-24 00:43:00+00:00,-114.575073
2013-09-24 00:44:00+00:00,-117.742828
2013-09-24 00:45:00+00:00,-120.145645
2013-09-24 00:46:00+00:00,-118.152031
2013-09-24 00:47:00+00:00,-112.437805
2013-09-24 00:48:00+00:00,-112.488335
2013-09-24 00:49:00+00:00,-117.591751
2013-09-24 00:50:00+00:00,-117.811531
2013-09-24 00:51:00+00:00,-113.98011
2013-09-24 00:52:00+00:00,-109.903442
2013-09-24 00:53:00+00:00,-108.645386
2013-09-24 00:54:00+00:00,-108.302635
2013-09-24 00:55:00+00:00,-108.605698
2013-09-24 00:56:00+00:00,-109.546783
2013-09-24 00:57:00+00:00,-110.297791
2013-09-24 00:58:00+00:00,-111.643898
2013-09-24 00:59:00+00:00,-112.334602
2013-09-24 01:00:00+00:00,-111.997002
2013-09-24 01:01:00+00:00,-111.320847
2013-09-24 01:02:00+00:00,-109.06871
2013-09-24 01:03:00+00:00,-104.988655
2013-09-24 01:04:00+00:00,-99.72226
2013-09-24 01:05:00+00:00,-94.998055
2013-09-24 01:06:00+00:00,-94.193474
2013-09-24 01:07:00+00:00,-91.417839
2013-09-24 01:08:00+00:00,-88.672234
2013-09-24 01:09:00+00:00,-84.952194
2013-09-24 01:10:00+00:00,-79.704002
2013-09-24 01:11:00+00:00,-76.048737
2013-09-24 01:12:00+00:00,-73.501945
2013-09-24 01:13:00+00:00,-73.023438
2013-09-24 01:14:00+00:00,-72.025139
2013-09-24 01:15:00+00:00,-68.985497
2013-09-24 01:16:00+00:00,-67.227295
2013-09-24 01:17:00+00:00,-78.763168
2013-09-24 01:18:00+00:00,-112.222794
2013-09-24 01:19:00+00:00,-156.841476
2013-09-24 01:20:00+00:00,-209.790192
2013-09-24 01:21:00+00:00,-144.398071
2013-09-24 01:22:00+00:00,-103.005211
2013-09-24 01:23:00+00:00,-75.322029
2013-09-24 01:24:00+00:00,-72.617088
2013-09-24 01:25:00+00:00,-71.094337
2013-09-24 01:26:00+00:00,-70.921066
2013-09-24 01:27:00+00:00,-72.26458
2013-09-24 01:28:00+00:00,-98.850792
2013-09-24 01:29:00+00:00,-105.114983
2013-09-24 01:30:00+00:00,-123.291176
2013-09-24 01:31:00+00:00,-150.513046
2013-09-24 01:32:00+00:00,-119.308899
2013-09-24 01:33:00+00:00,-87.814636
2013-09-24 01:34:00+00:00,-107.102646
2013-09-24 01:35:00+00:00,-115.621162
2013-09-24 01:36:00+00:00,-147.646149
2013-09-24 01:37:00+00:00,-140.901917
2013-09-24 01:38:00+00:00,-109.918114
2013-09-24 01:39:00+00:00,-127.48291
2013-09-24 01:40:00+00:00,-127.412178
2013-09-24 01:41:00+00:00,-119.748138
2013-09-24 01:42:00+00:00,-97.894218
2013-09-24 01:43:00+00:00,-89.135178
2013-09-24 01:44:00+00:00,-100.725754
2013-09-24 01:45:00+00:00,-80.854111
2013-09-24 01:46:00+00:00,-87.836739
2013-09-24 01:47:00+00:00,-102.228119
2013-09-24 01:48:00+00:00,-148.833664
2013-09-24 01:49:00+00:00,-134.456818
2013-09-24 01:50:00+00:00,-135.77092
2013-09-24 01:51:00+00:00,-139.742645
2013-09-24 01:52:00+00:00,-130.709518
2013-09-24 01:53:00+00:00,-121.676758
2013-09-24 01:54:00+00:00,-122.513222
2013-09-24 01:55:00+00:00,-123.755455
2013-09-24 01:56:00+00:00,-127.556999
2013-09-24 01:57:00+00:00,-129.162521
2013-09-24 01:58:00+00:00,-130.546463
2013-09-24 01:59:00+00:00,-133.157776
2013-09-24 02:00:00+00:00,-131.602386
2013-09-24 02:01:00+00:00,-128.938751
2013-09-24 02:02:00+00:00,-128.55954
2013-09-24 02:03:00+00:00,-126.41198
2013-09-24 02:04:00+00:00,-123.427711
2013-09-24 02:05:00+00:00,-120.714157
2013-09-24 02:06:00+00:00,-114.233017
2013-09-24 02:07:00+00:00,-108.405136
2013-09-24 02:08:00+00:00,-108.492737
2013-09-24 02:09:00+00:00,-109.706306
2013-09-24 02:10:00+00:00,-113.513618
2013-09-24 02:11:00+00:00,-117.153847
2013-09-24 02:12:00+00:00,-121.175697
2013-09-24 02:13:00+00:00,-123.027733
2013-09-24 02:14:00+00:00,-122.553528
2013-09-24 02:15:00+00:00,-122.193817
2013-09-24 02:16:00+00:00,-122.8078
2013-09-24 02:17:00+00:00,-120.788048
2013-09-24 02:18:00+00:00,-119.020294
2013-09-24 02:19:00+00:00,-115.801392
2013-09-24 02:20:00+00:00,-112.708488
2013-09-24 02:21:00+00:00,-108.915245
2013-09-24 02:22:00+00:00,-102.919022
2013-09-24 02:23:00+00:00,-97.965744
2013-09-24 02:24:00+00:00,-92.38549
2013-09-24 02:25:00+00:00,-88.2798
2013-09-24 02:26:00+00:00,-83.89476
2013-09-24 02:27:00+00:00,-79.724495
2013-09-24 02:28:00+00:00,-79.726036
2013-09-24 02:29:00+00:00,-80.463646
2013-09-24 02:30:00+00:00,-81.060699
2013-09-24 02:31:00+00:00,-81.79924
2013-09-24 02:32:00+00:00,-79.418556
2013-09-24 02:33:00+00:00,-75.362007
2013-09-24 02:34:00+00:00,-71.839569
2013-09-24 02:35:00+00:00,-69.457695
2013-09-24 02:36:00+00:00,-66.163498
2013-09-24 02:37:00+00:00,-73.137856
2013-09-24 02:38:00+00:00,-87.353317
2013-09-24 02:39:00+00:00,-79.075729
2013-09-24 02:40:00+00:00,-74.607834
2013-09-24 02:41:00+00:00,-67.116646
2013-09-24 02:42:00+00:00,-56.609978
2013-09-24 02:43:00+00:00,-55.834904
2013-09-24 02:44:00+00:00,-60.516296
2013-09-24 02:45:00+00:00,-58.833408
2013-09-24 02:46:00+00:00,-54.492496
2013-09-24 02:47:00+00:00,-50.851963
2013-10-01 00:00:00+00:00,-36.431889
2013-10-01 00:01:00+00:00,-37.549625
2013-10-01 00:02:00+00:00,-37.939102
2013-10-01 00:03:00+00:00,-38.065174
2013-10-01 00:04:00+00:00,-37.604618
2013-10-01 00:05:00+00:00,-37.256664
2013-10-01 00:06:00+00:00,-37.280281
2013-10-01 00:07:00+00:00,-37.40073
2013-10-01 00:08:00+00:00,-37.635784
2013-10-01 00:09:00+00:00,-38.289169
2013-10-01 00:10:00+00:00,-38.923405
2013-10-01 00:11:00+00:00,-38.744556
2013-10-01 00:12:00+00:00,-38.93721
2013-10-01 00:13:00+00:00,-39.359787
2013-10-01 00:14:00+00:00,-39.535759
2013-10-01 00:15:00+00:00,-39.032463
2013-10-01 00:16:00+00:00,-38.245461
2013-10-01 00:17:00+00:00,-37.916954
2013-10-01 00:18:00+00:00,-37.753994
2013-10-01 00:19:00+00:00,-37.555424
2013-10-01 00:20:00+00:00,-37.486298
2013-10-01 00:21:00+00:00,-37.072926
2013-10-01 00:22:00+00:00,-36.807644
2013-10-01 00:23:00+00:00,-36.47068
2013-10-01 00:24:00+00:00,-36.602093
2013-10-01 00:25:00+00:00,-37.441151
2013-10-01 00:26:00+00:00,-37.95858
2013-10-01 00:27:00+00:00,-37.765717
2013-10-01 00:28:00+00:00,-37.900665
2013-10-01 00:29:00+00:00,-38.064465
2013-10-01 00:30:00+00:00,-38.240822
2013-10-01 00:31:00+00:00,-38.817173
2013-10-01 00:32:00+00:00,-38.761192
2013-10-01 00:33:00+00:00,-38.555302
2013-10-01 00:34:00+00:00,-38.092094
2013-10-01 00:35:00+00:00,-38.360836
2013-10-01 00:36:00+00:00,-38.683552
2013-10-01 00:37:00+00:00,-39.019714
2013-10-01 00:38:00+00:00,-39.636681
2013-10-01 00:39:00+00:00,-39.653595
2013-10-01 00:40:00+00:00,-39.568512
2013-10-01 00:41:00+00:00,-39.324806
2013-10-01 00:42:00+00:00,-39.53381
2013-10-01 00:43:00+00:00,-40.220924
2013-10-01 00:44:00+00:00,-40.398502
2013-10-01 00:45:00+00:00,-40.779156
2013-10-01 00:46:00+00:00,-41.306885
2013-10-01 00:47:00+00:00,-40.474869
2013-10-01 00:48:00+00:00,-41.668854
2013-10-01 00:49:00+00:00,-42.249203
2013-10-01 00:50:00+00:00,-42.716904
2013-10-01 00:51:00+00:00,-42.282478
2013-10-01 00:52:00+00:00,-40.49852
2013-10-01 00:53:00+00:00,-39.853893
2013-10-01 00:54:00+00:00,-39.735317
2013-10-01 00:55:00+00:00,-40.212143
2013-10-01 00:56:00+00:00,-40.620316
2013-10-01 00:57:00+00:00,-40.1073
2013-10-01 00:58:00+00:00,-39.896736
2013-10-01 00:59:00+00:00,-40.730339
2013-10-01 01:00:00+00:00,-41.191116
2013-10-01 01:01:00+00:00,-41.309372
2013-10-01 01:02:00+00:00,-40.897247
2013-10-01 01:03:00+00:00,-41.05444
2013-10-01 01:04:00+00:00,-40.963642
2013-10-01 01:05:00+00:00,-41.069275
2013-10-01 01:06:00+00:00,-41.911781
2013-10-01 01:07:00+00:00,-41.920273
2013-10-01 01:08:00+00:00,-40.779743
2013-10-01 01:09:00+00:00,-38.661175
2013-10-01 01:10:00+00:00,-37.674019
2013-10-01 01:11:00+00:00,-37.550789
2013-10-01 01:12:00+00:00,-39.216366
2013-10-01 01:13:00+00:00,-40.054619
2013-10-01 01:14:00+00:00,-39.511189
2013-10-01 01:15:00+00:00,-38.855209
2013-10-01 01:16:00+00:00,-39.065517
2013-10-01 01:17:00+00:00,-39.51622
2013-10-01 01:18:00+00:00,-40.179081
2013-10-01 01:19:00+00:00,-40.219219
2013-10-01 01:20:00+00:00,-40.110352
2013-10-01 01:21:00+00:00,-39.81575
2013-10-01 01:22:00+00:00,-40.564407
2013-10-01 01:23:00+00:00,-40.943611
2013-10-01 01:24:00+00:00,-40.910465
2013-10-01 01:25:00+00:00,-41.436737
2013-10-01 01:26:00+00:00,-41.946335
2013-10-01 01:27:00+00:00,-41.729382
2013-10-01 01:28:00+00:00,-41.904125
2013-10-01 01:29:00+00:00,-41.802212
2013-10-01 01:30:00+00:00,-41.495979
2013-10-01 01:31:00+00:00,-41.514702
2013-10-01 01:32:00+00:00,-41.21043
2013-10-01 01:33:00+00:00,-41.119331
2013-10-01 01:34:00+00:00,-40.743378
2013-10-01 01:35:00+00:00,-40.669514
2013-10-01 01:36:00+00:00,-41.180592
2013-10-01 01:37:00+00:00,-40.705139
2013-10-01 01:38:00+00:00,-39.607048
2013-10-01 01:39:00+00:00,-39.676388
2013-10-01 01:40:00+00:00,-40.046974
2013-10-01 01:41:00+00:00,-40.035236
2013-10-01 01:42:00+00:00,-40.187099
2013-10-01 01:43:00+00:00,-40.185211
2013-10-01 01:44:00+00:00,-39.598671
2013-10-01 01:45:00+00:00,-39.347961
2013-10-01 01:46:00+00:00,-39.403542
2013-10-01 01:47:00+00:00,-39.642391
2013-10-01 01:48:00+00:00,-39.785233
2013-10-01 01:49:00+00:00,-39.557686
2013-10-01 01:50:00+00:00,-38.740044
2013-10-01 01:51:00+00:00,-38.292179
2013-10-01 01:52:00+00:00,-39.170433
2013-10-01 01:53:00+00:00,-39.293636
2013-10-01 01:54:00+00:00,-39.566113
2013-10-01 01:55:00+00:00,-39.667572
2013-10-01 01:56:00+00:00,-39.337303
2013-10-01 01:57:00+00:00,-39.916149
2013-10-01 01:58:00+00:00,-39.373867
2013-10-01 01:59:00+00:00,-39.508427
2013-10-01 02:00:00+00:00,-40.48571
2013-10-01 02:01:00+00:00,-41.206848
2013-10-01 02:02:00+00:00,-41.202835
2013-10-01 02:03:00+00:00,-39.668037
2013-10-01 02:04:00+00:00,-39.416946
2013-10-01 02:05:00+00:00,-38.850964
2013-10-01 02:06:00+00:00,-36.391235
2013-10-01 02:07:00+00:00,-34.756145
2013-10-01 02:08:00+00:00,-33.786743
2013-10-01 02:09:00+00:00,-33.472317
2013-10-01 02:10:00+00:00,-34.204514
2013-10-01 02:11:00+00:00,-34.378868
2013-10-01 02:12:00+00:00,-35.079407
2013-10-01 02:13:00+00:00,-35.353035
2013-10-01 02:14:00+00:00,-33.89452
2013-10-01 02:15:00+00:00,-32.477554
2013-10-01 02:16:00+00:00,-33.763672
2013-10-01 02:17:00+00:00,-35.013653
2013-10-01 02:18:00+00:00,-36.530266
2013-10-01 02:19:00+00:00,-36.903389
2013-10-01 02:20:00+00:00,-36.569584
2013-10-01 02:21:00+00:00,-36.195503
2013-10-01 02:22:00+00:00,-35.340561
2013-10-01 02:23:00+00:00,-35.632313
2013-10-01 02:24:00+00:00,-35.270992
2013-10-01 02:25:00+00:00,-35.458782
2013-10-01 02:26:00+00:00,-35.897865
2013-10-01 02:27:00+00:00,-35.818748
2013-10-01 02:28:00+00:00,-36.258575
2013-10-01 02:29:00+00:00,-36.732941
2013-10-01 02:30:00+00:00,-36.757683
2013-10-01 02:31:00+00:00,-36.766346
2013-10-01 02:32:00+00:00,-36.297012
2013-10-01 02:33:00+00:00,-36.143593
2013-10-01 02:34:00+00:00,-35.651741
2013-10-01 02:35:00+00:00,-35.526497
2013-10-01 02:36:00+00:00,-35.588348
2013-10-01 02:37:00+00:00,-36.04583
2013-10-01 02:38:00+00:00,-35.787758
2013-10-01 02:39:00+00:00,-35.547489
2013-10-01 02:40:00+00:00,-35.944115
2013-10-01 02:41:00+00:00,-35.929745
2013-10-01 02:42:00+00:00,-35.455509
2013-10-01 02:43:00+00:00,-34.931519
2013-10-01 02:44:00+00:00,-35.337715
2013-10-01 02:45:00+00:00,-36.256107
2013-10-01 02:46:00+00:00,-37.04747
2013-10-01 02:47:00+00:00,-37.216644
2013-10-08 00:00:00+00:00,-25.084745
2013-10-08 00:01:00+00:00,-22.533123
2013-10-08 00:02:00+00:00,-22.242914
2013-10-08 00:03:00+00:00,-25.253691
2013-10-08 00:04:00+00:00,-28.679943
2013-10-08 00:05:00+00:00,-28.63739
2013-10-08 00:06:00+00:00,-26.877079
2013-10-08 00:07:00+00:00,-23.689728
2013-10-08 00:08:00+00:00,-21.601315
2013-10-08 00:09:00+00:00,-21.442892
2013-10-08 00:10:00+00:00,-21.540152
2013-10-08 00:11:00+00:00,-22.726158
2013-10-08 00:12:00+00:00,-23.214005
2013-10-08 00:13:00+00:00,-22.51545
2013-10-08 00:14:00+00:00,-22.248253
2013-10-08 00:15:00+00:00,-22.36112
2013-10-08 00:16:00+00:00,-22.768414
2013-10-08 00:17:00+00:00,-23.05315
2013-10-08 00:18:00+00:00,-22.567472
2013-10-08 00:19:00+00:00,-22.711561
2013-10-08 00:20:00+00:00,-22.769449
2013-10-08 00:21:00+00:00,-22.937269
2013-10-08 00:22:00+00:00,-22.82663
2013-10-08 00:23:00+00:00,-22.420778
2013-10-08 00:24:00+00:00,-22.461897
2013-10-08 00:25:00+00:00,-23.419094
2013-10-08 00:26:00+00:00,-29.68364
2013-10-08 00:27:00+00:00,-29.749493
2013-10-08 00:28:00+00:00,-25.341234
2013-10-08 00:29:00+00:00,-22.093184
2013-10-08 00:30:00+00:00,-22.034962
2013-10-08 00:31:00+00:00,-21.862564
2013-10-08 00:32:00+00:00,-21.738974
2013-10-08 00:33:00+00:00,-21.740082
2013-10-08 00:34:00+00:00,-21.758471
2013-10-08 00:35:00+00:00,-21.796097
2013-10-08 00:36:00+00:00,-21.836428
2013-10-08 00:37:00+00:00,-21.662184
2013-10-08 00:38:00+00:00,-21.544647
2013-10-08 00:39:00+00:00,-21.495192
2013-10-08 00:40:00+00:00,-21.51968
2013-10-08 00:41:00+00:00,-21.487255
2013-10-08 00:42:00+00:00,-21.713066
2013-10-08 00:43:00+00:00,-21.956963
2013-10-08 00:44:00+00:00,-21.891109
2013-10-08 00:45:00+00:00,-21.964508
2013-10-08 00:46:00+00:00,-22.673552
2013-10-08 00:47:00+00:00,-23.648285
2013-10-08 00:48:00+00:00,-23.71393
2013-10-08 00:49:00+00:00,-23.000889
2013-10-08 00:50:00+00:00,-22.7311
2013-10-08 00:51:00+00:00,-22.503704
2013-10-08 00:52:00+00:00,-22.502808
2013-10-08 00:53:00+00:00,-22.536884
2013-10-08 00:54:00+00:00,-22.516956
2013-10-08 00:55:00+00:00,-22.553263
2013-10-08 00:56:00+00:00,-22.868551
2013-10-08 00:57:00+00:00,-33.367779
2013-10-08 00:58:00+00:00,-31.727737
2013-10-08 00:59:00+00:00,-38.413002
2013-10-08 01:00:00+00:00,-33.977558
2013-10-08 01:01:00+00:00,-27.292732
2013-10-08 01:02:00+00:00,-27.666454
2013-10-08 01:03:00+00:00,-25.589882
2013-10-08 01:04:00+00:00,-23.884251
2013-10-08 01:05:00+00:00,-24.397165
2013-10-08 01:06:00+00:00,-23.179148
2013-10-08 01:07:00+00:00,-21.356262
2013-10-08 01:08:00+00:00,-21.495972
2013-10-08 01:09:00+00:00,-21.405415
2013-10-08 01:10:00+00:00,-21.633028
2013-10-08 01:11:00+00:00,-21.703115
2013-10-08 01:12:00+00:00,-22.167847
2013-10-08 01:13:00+00:00,-23.893068
2013-10-08 01:14:00+00:00,-24.714745
2013-10-08 01:15:00+00:00,-24.795403
2013-10-08 01:16:00+00:00,-24.284498
2013-10-08 01:17:00+00:00,-24.118567
2013-10-08 01:18:00+00:00,-24.506601
2013-10-08 01:19:00+00:00,-25.130747
2013-10-08 01:20:00+00:00,-25.555464
2013-10-08 01:21:00+00:00,-26.054407
2013-10-08 01:22:00+00:00,-26.690678
2013-10-08 01:23:00+00:00,-26.177849
2013-10-08 01:24:00+00:00,-24.400211
2013-10-08 01:25:00+00:00,-23.36363
2013-10-08 01:26:00+00:00,-23.290289
2013-10-08 01:27:00+00:00,-24.194359
2013-10-08 01:28:00+00:00,-24.691084
2013-10-08 01:29:00+00:00,-24.477655
2013-10-08 01:30:00+00:00,-24.050377
2013-10-08 01:31:00+00:00,-23.506283
2013-10-08 01:32:00+00:00,-22.809202
2013-10-08 01:33:00+00:00,-22.845854
2013-10-08 01:34:00+00:00,-22.98
2013-10-08 01:35:00+00:00,-24.822409
2013-10-08 01:36:00+00:00,-27.457645
2013-10-08 01:37:00+00:00,-26.913136
2013-10-08 01:38:00+00:00,-25.608938
2013-10-08 01:39:00+00:00,-23.299963
2013-10-08 01:40:00+00:00,-23.373943
2013-10-08 01:41:00+00:00,-23.570202
2013-10-08 01:42:00+00:00,-23.621185
2013-10-08 01:43:00+00:00,-23.580631
2013-10-08 01:44:00+00:00,-23.513556
2013-10-08 01:45:00+00:00,-23.503813
2013-10-08 01:46:00+00:00,-23.839127
2013-10-08 01:47:00+00:00,-23.989038
2013-10-08 01:48:00+00:00,-25.559223
2013-10-08 01:49:00+00:00,-25.751862
2013-10-08 01:50:00+00:00,-25.002476
2013-10-08 01:51:00+00:00,-24.179838
2013-10-08 01:52:00+00:00,-24.262903
2013-10-08 01:53:00+00:00,-23.71534
2013-10-08 01:54:00+00:00,-23.136261
2013-10-08 01:55:00+00:00,-22.545818
2013-10-08 01:56:00+00:00,-22.644524
2013-10-08 01:57:00+00:00,-22.621758
2013-10-08 01:58:00+00:00,-22.416996
2013-10-08 01:59:00+00:00,-22.608284
2013-10-08 02:00:00+00:00,-22.77492
2013-10-08 02:01:00+00:00,-22.872505
2013-10-08 02:02:00+00:00,-23.192007
2013-10-08 02:03:00+00:00,-23.009041
2013-10-08 02:04:00+00:00,-22.831272
2013-10-08 02:05:00+00:00,-22.567711
2013-10-08 02:06:00+00:00,-22.521872
2013-10-08 02:07:00+00:00,-22.88352
2013-10-08 02:08:00+00:00,-23.559464
2013-10-08 02:09:00+00:00,-23.28162
2013-10-08 02:10:00+00:00,-22.150473
2013-10-08 02:11:00+00:00,-21.796553
2013-10-08 02:12:00+00:00,-21.187126
2013-10-08 02:13:00+00:00,-21.081755
2013-10-08 02:14:00+00:00,-21.168552
2013-10-08 02:15:00+00:00,-21.233374
2013-10-08 02:16:00+00:00,-21.119236
2013-10-08 02:17:00+00:00,-20.872086
2013-10-08 02:18:00+00:00,-20.8787
2013-10-08 02:19:00+00:00,-20.954563
2013-10-08 02:20:00+00:00,-20.897877
2013-10-08 02:21:00+00:00,-21.035059
2013-10-08 02:22:00+00:00,-21.049017
2013-10-08 02:23:00+00:00,-20.88508
2013-10-08 02:24:00+00:00,-21.047153
2013-10-08 02:25:00+00:00,-21.456909
2013-10-08 02:26:00+00:00,-21.843782
2013-10-08 02:27:00+00:00,-21.352659
2013-10-08 02:28:00+00:00,-21.070824
2013-10-08 02:29:00+00:00,-20.843416
2013-10-08 02:30:00+00:00,-20.971346
2013-10-08 02:31:00+00:00,-21.173298
2013-10-08 02:32:00+00:00,-21.24025
2013-10-08 02:33:00+00:00,-21.244478
2013-10-08 02:34:00+00:00,-22.538166
2013-10-08 02:35:00+00:00,-21.658541
2013-10-08 02:36:00+00:00,-21.798788
2013-10-08 02:37:00+00:00,-21.809999
2013-10-08 02:38:00+00:00,-22.063213
2013-10-08 02:39:00+00:00,-22.28109
2013-10-08 02:40:00+00:00,-22.508562
2013-10-08 02:41:00+00:00,-22.560089
2013-10-08 02:42:00+00:00,-22.822397
2013-10-08 02:43:00+00:00,-22.717369
2013-10-08 02:44:00+00:00,-22.403109
2013-10-08 02:45:00+00:00,-22.388674
2013-10-08 02:46:00+00:00,-22.503021
2013-10-08 02:47:00+00:00,-23.028152
2013-10-15 00:00:00+00:00,-368.596527
2013-10-15 00:01:00+00:00,-418.296631
2013-10-15 00:02:00+00:00,-457.423615
2013-10-15 00:03:00+00:00,-462.908112
2013-10-15 00:04:00+00:00,-472.862213
2013-10-15 00:05:00+00:00,-504.948914
2013-10-15 00:06:00+00:00,-484.909607
2013-10-15 00:07:00+00:00,-489.824982
2013-10-15 00:08:00+00:00,-512.47467
2013-10-15 00:09:00+00:00,-558.062134
2013-10-15 00:10:00+00:00,-583.020081
2013-10-15 00:11:00+00:00,-559.134705
2013-10-15 00:12:00+00:00,-532.144287
2013-10-15 00:13:00+00:00,-521.945801
2013-10-15 00:14:00+00:00,-512.842346
2013-10-15 00:15:00+00:00,-508.768768
2013-10-15 00:16:00+00:00,-511.011871
2013-10-15 00:17:00+00:00,-508.088989
2013-10-15 00:18:00+00:00,-480.64212
2013-10-15 00:19:00+00:00,-451.076569
2013-10-15 00:20:00+00:00,-435.707001
2013-10-15 00:21:00+00:00,-431.779114
2013-10-15 00:22:00+00:00,-441.212097
2013-10-15 00:23:00+00:00,-455.685242
2013-10-15 00:24:00+00:00,-446.446594
2013-10-15 00:25:00+00:00,-434.176819
2013-10-15 00:26:00+00:00,-428.43158
2013-10-15 00:27:00+00:00,-422.825134
2013-10-15 00:28:00+00:00,-425.280334
2013-10-15 00:29:00+00:00,-411.322205
2013-10-15 00:30:00+00:00,-398.013977
2013-10-15 00:31:00+00:00,-373.576904
2013-10-15 00:32:00+00:00,-378.906372
2013-10-15 00:33:00+00:00,-373.854004
2013-10-15 00:34:00+00:00,-354.317291
2013-10-15 00:35:00+00:00,-341.317688
2013-10-15 00:36:00+00:00,-337.828491
2013-10-15 00:37:00+00:00,-332.359283
2013-10-15 00:38:00+00:00,-313.000458
2013-10-15 00:39:00+00:00,-294.101685
2013-10-15 00:40:00+00:00,-281.824127
2013-10-15 00:41:00+00:00,-267.929504
2013-10-15 00:42:00+00:00,-258.747131
2013-10-15 00:43:00+00:00,-261.654633
2013-10-15 00:44:00+00:00,-273.487579
2013-10-15 00:45:00+00:00,-303.350555
2013-10-15 00:46:00+00:00,-302.197144
2013-10-15 00:47:00+00:00,-316.093811
2013-10-15 00:48:00+00:00,-314.081604
2013-10-15 00:49:00+00:00,-314.486542
2013-10-15 00:50:00+00:00,-318.917572
2013-10-15 00:51:00+00:00,-430.801544
2013-10-15 00:52:00+00:00,-535.8172
2013-10-15 00:53:00+00:00,-606.828491
2013-10-15 00:54:00+00:00,-606.703552
2013-10-15 00:55:00+00:00,-579.525452
2013-10-15 00:56:00+00:00,-656.408447
2013-10-15 00:57:00+00:00,-671.713928
2013-10-15 00:58:00+00:00,-675.794434
2013-10-15 00:59:00+00:00,-654.445557
2013-10-15 01:00:00+00:00,-677.544067
2013-10-15 01:01:00+00:00,-723.968933
2013-10-15 01:02:00+00:00,-717.041199
2013-10-15 01:03:00+00:00,-740.364319
2013-10-15 01:04:00+00:00,-746.044861
2013-10-15 01:05:00+00:00,-764.758606
2013-10-15 01:06:00+00:00,-741.390137
2013-10-15 01:07:00+00:00,-703.091492
2013-10-15 01:08:00+00:00,-734.855591
2013-10-15 01:09:00+00:00,-750.770325
2013-10-15 01:10:00+00:00,-739.645386
2013-10-15 01:11:00+00:00,-743.361633
2013-10-15 01:12:00+00:00,-766.177002
2013-10-15 01:13:00+00:00,-733.070007
2013-10-15 01:14:00+00:00,-706.971252
2013-10-15 01:15:00+00:00,-663.895752
2013-10-15 01:16:00+00:00,-633.925964
2013-10-15 01:17:00+00:00,-664.27887
2013-10-15 01:18:00+00:00,-688.949585
2013-10-15 01:19:00+00:00,-696.089539
2013-10-15 01:20:00+00:00,-705.84375
2013-10-15 01:21:00+00:00,-714.565918
2013-10-15 01:22:00+00:00,-623.22644
2013-10-15 01:23:00+00:00,-586.634644
2013-10-15 01:24:00+00:00,-567.272034
2013-10-15 01:25:00+00:00,-542.672791
2013-10-15 01:26:00+00:00,-585.133911
2013-10-15 01:27:00+00:00,-608.046021
2013-10-15 01:28:00+00:00,-611.761719
2013-10-15 01:29:00+00:00,-583.988708
2013-10-15 01:30:00+00:00,-572.974792
2013-10-15 01:31:00+00:00,-557.838928
2013-10-15 01:32:00+00:00,-546.720093
2013-10-15 01:33:00+00:00,-533.534058
2013-10-15 01:34:00+00:00,-517.725037
2013-10-15 01:35:00+00:00,-525.676392
2013-10-15 01:36:00+00:00,-480.464233
2013-10-15 01:37:00+00:00,-447.265594
2013-10-15 01:38:00+00:00,-416.030304
2013-10-15 01:39:00+00:00,-401.693146
2013-10-15 01:40:00+00:00,-382.829987
2013-10-15 01:41:00+00:00,-393.100464
2013-10-15 01:42:00+00:00,-398.6362
2013-10-15 01:43:00+00:00,-387.907837
2013-10-15 01:44:00+00:00,-359.272095
2013-10-15 01:45:00+00:00,-441.281525
2013-10-15 01:46:00+00:00,-476.103271
2013-10-15 01:47:00+00:00,-470.184357
2013-10-15 01:48:00+00:00,-443.03952
2013-10-15 01:49:00+00:00,-431.020386
2013-10-15 01:50:00+00:00,-447.071381
2013-10-15 01:51:00+00:00,-443.218964
2013-10-15 01:52:00+00:00,-429.139038
2013-10-15 01:53:00+00:00,-422.175446
2013-10-15 01:54:00+00:00,-423.175842
2013-10-15 01:55:00+00:00,-423.207764
2013-10-15 01:56:00+00:00,-412.449982
2013-10-15 01:57:00+00:00,-404.428955
2013-10-15 01:58:00+00:00,-418.423096
2013-10-15 01:59:00+00:00,-403.159607
2013-10-15 02:00:00+00:00,-368.947083
2013-10-15 02:01:00+00:00,-331.779846
2013-10-15 02:02:00+00:00,-310.790405
2013-10-15 02:03:00+00:00,-311.480774
2013-10-15 02:04:00+00:00,-313.812561
2013-10-15 02:05:00+00:00,-330.146057
2013-10-15 02:06:00+00:00,-369.403198
2013-10-15 02:07:00+00:00,-369.713531
2013-10-15 02:08:00+00:00,-374.923035
2013-10-15 02:09:00+00:00,-417.687683
2013-10-15 02:10:00+00:00,-365.097504
2013-10-15 02:11:00+00:00,-343.578369
2013-10-15 02:12:00+00:00,-324.299316
2013-10-15 02:13:00+00:00,-283.19986
2013-10-15 02:14:00+00:00,-297.432404
2013-10-15 02:15:00+00:00,-276.521454
2013-10-15 02:16:00+00:00,-316.104218
2013-10-15 02:17:00+00:00,-354.896301
2013-10-15 02:18:00+00:00,-361.867737
2013-10-15 02:19:00+00:00,-380.497711
2013-10-15 02:20:00+00:00,-385.996216
2013-10-15 02:21:00+00:00,-391.349945
2013-10-15 02:22:00+00:00,-383.161041
2013-10-15 02:23:00+00:00,-391.53717
2013-10-15 02:24:00+00:00,-401.17569
2013-10-15 02:25:00+00:00,-378.519073
2013-10-15 02:26:00+00:00,-368.731415
2013-10-15 02:27:00+00:00,-374.562805
2013-10-15 02:28:00+00:00,-375.574799
2013-10-15 02:29:00+00:00,-371.484039
2013-10-15 02:30:00+00:00,-354.185699
2013-10-15 02:31:00+00:00,-333.205383
2013-10-15 02:32:00+00:00,-325.386383
2013-10-15 02:33:00+00:00,-317.960144
2013-10-15 02:34:00+00:00,-310.904236
2013-10-15 02:35:00+00:00,-312.761719
2013-10-15 02:36:00+00:00,-309.736633
2013-10-15 02:37:00+00:00,-310.044952
2013-10-15 02:38:00+00:00,-316.952271
2013-10-15 02:39:00+00:00,-309.527954
2013-10-15 02:40:00+00:00,-306.760559
2013-10-15 02:41:00+00:00,-328.429871
2013-10-15 02:42:00+00:00,-332.217926
2013-10-15 02:43:00+00:00,-349.304077
2013-10-15 02:44:00+00:00,-353.424103
2013-10-15 02:45:00+00:00,-354.365967
2013-10-15 02:46:00+00:00,-353.43631
2013-10-15 02:47:00+00:00,-398.463593
2013-10-22 00:00:00+00:00,-28.66667
2013-10-22 00:01:00+00:00,-28.788691
2013-10-22 00:02:00+00:00,-28.768267
2013-10-22 00:03:00+00:00,-28.517498
2013-10-22 00:04:00+00:00,-28.321533
2013-10-22 00:05:00+00:00,-27.772161
2013-10-22 00:06:00+00:00,-27.675257
2013-10-22 00:07:00+00:00,-28.013775
2013-10-22 00:08:00+00:00,-28.549643
2013-10-22 00:09:00+00:00,-28.856092
2013-10-22 00:10:00+00:00,-28.963392
2013-10-22 00:11:00+00:00,-29.082468
2013-10-22 00:12:00+00:00,-29.212337
2013-10-22 00:13:00+00:00,-29.346388
2013-10-22 00:14:00+00:00,-29.425554
2013-10-22 00:15:00+00:00,-29.456896
2013-10-22 00:16:00+00:00,-29.448215
2013-10-22 00:17:00+00:00,-29.473724
2013-10-22 00:18:00+00:00,-29.430876
2013-10-22 00:19:00+00:00,-29.365561
2013-10-22 00:20:00+00:00,-29.184994
2013-10-22 00:21:00+00:00,-28.881592
2013-10-22 00:22:00+00:00,-28.582806
2013-10-22 00:23:00+00:00,-28.244919
2013-10-22 00:24:00+00:00,-27.986088
2013-10-22 00:25:00+00:00,-27.984034
2013-10-22 00:26:00+00:00,-27.677231
2013-10-22 00:27:00+00:00,-27.486565
2013-10-22 00:28:00+00:00,-27.429827
2013-10-22 00:29:00+00:00,-27.617895
2013-10-22 00:30:00+00:00,-27.599812
2013-10-22 00:31:00+00:00,-27.638332
2013-10-22 00:32:00+00:00,-27.503044
2013-10-22 00:33:00+00:00,-27.233002
2013-10-22 00:34:00+00:00,-27.003008
2013-10-22 00:35:00+00:00,-26.981026
2013-10-22 00:36:00+00:00,-26.934845
2013-10-22 00:37:00+00:00,-26.718521
2013-10-22 00:38:00+00:00,-26.651604
2013-10-22 00:39:00+00:00,-26.823929
2013-10-22 00:40:00+00:00,-26.990377
2013-10-22 00:41:00+00:00,-27.085512
2013-10-22 00:42:00+00:00,-27.226519
2013-10-22 00:43:00+00:00,-27.417509
2013-10-22 00:44:00+00:00,-28.051609
2013-10-22 00:45:00+00:00,-28.156372
2013-10-22 00:46:00+00:00,-28.010113
2013-10-22 00:47:00+00:00,-27.49271
2013-10-22 00:48:00+00:00,-27.160799
2013-10-22 00:49:00+00:00,-26.982147
2013-10-22 00:50:00+00:00,-27.020229
2013-10-22 00:51:00+00:00,-26.751802
2013-10-22 00:52:00+00:00,-26.112007
2013-10-22 00:53:00+00:00,-25.455532
2013-10-22 00:54:00+00:00,-24.895655
2013-10-22 00:55:00+00:00,-24.364988
2013-10-22 00:56:00+00:00,-24.335207
2013-10-22 00:57:00+00:00,-24.518221
2013-10-22 00:58:00+00:00,-24.565571
2013-10-22 00:59:00+00:00,-24.093103
2013-10-22 01:00:00+00:00,-23.767986
2013-10-22 01:01:00+00:00,-23.519945
2013-10-22 01:02:00+00:00,-23.224983
2013-10-22 01:03:00+00:00,-23.359661
2013-10-22 01:04:00+00:00,-23.760893
2013-10-22 01:05:00+00:00,-24.205042
2013-10-22 01:06:00+00:00,-24.537971
2013-10-22 01:07:00+00:00,-24.510326
2013-10-22 01:08:00+00:00,-24.426958
2013-10-22 01:09:00+00:00,-24.308369
2013-10-22 01:10:00+00:00,-24.220964
2013-10-22 01:11:00+00:00,-24.189156
2013-10-22 01:12:00+00:00,-24.115284
2013-10-22 01:13:00+00:00,-23.936996
2013-10-22 01:14:00+00:00,-24.007504
2013-10-22 01:15:00+00:00,-24.069141
2013-10-22 01:16:00+00:00,-24.01351
2013-10-22 01:17:00+00:00,-24.076935
2013-10-22 01:18:00+00:00,-24.147106
2013-10-22 01:19:00+00:00,-24.178127
2013-10-22 01:20:00+00:00,-24.262764
2013-10-22 01:21:00+00:00,-23.85232
2013-10-22 01:22:00+00:00,-23.628166
2013-10-22 01:23:00+00:00,-23.612896
2013-10-22 01:24:00+00:00,-23.93932
2013-10-22 01:25:00+00:00,-24.170908
2013-10-22 01:26:00+00:00,-24.256882
2013-10-22 01:27:00+00:00,-24.068327
2013-10-22 01:28:00+00:00,-23.888554
2013-10-22 01:29:00+00:00,-24.025936
2013-10-22 01:30:00+00:00,-24.366323
2013-10-22 01:31:00+00:00,-24.928268
2013-10-22 01:32:00+00:00,-25.335796
2013-10-22 01:33:00+00:00,-25.469772
2013-10-22 01:34:00+00:00,-25.353636
2013-10-22 01:35:00+00:00,-25.188559
2013-10-22 01:36:00+00:00,-25.526384
2013-10-22 01:37:00+00:00,-25.968513
2013-10-22 01:38:00+00:00,-26.495499
2013-10-22 01:39:00+00:00,-26.976484
2013-10-22 01:40:00+00:00,-27.087255
2013-10-22 01:41:00+00:00,-27.017267
2013-10-22 01:42:00+00:00,-26.478436
2013-10-22 01:43:00+00:00,-26.045042
2013-10-22 01:44:00+00:00,-25.660326
2013-10-22 01:45:00+00:00,-25.518688
2013-10-22 01:46:00+00:00,-25.24025
2013-10-22 01:47:00+00:00,-25.242004
2013-10-22 01:48:00+00:00,-25.298367
2013-10-22 01:49:00+00:00,-25.074383
2013-10-22 01:50:00+00:00,-25.08177
2013-10-22 01:51:00+00:00,-25.136003
2013-10-22 01:52:00+00:00,-25.112976
2013-10-22 01:53:00+00:00,-25.132854
2013-10-22 01:54:00+00:00,-25.22298
2013-10-22 01:55:00+00:00,-25.55719
2013-10-22 01:56:00+00:00,-25.565166
2013-10-22 01:57:00+00:00,-25.565279
2013-10-22 01:58:00+00:00,-25.656187
2013-10-22 01:59:00+00:00,-25.805607
2013-10-22 02:00:00+00:00,-26.047754
2013-10-22 02:01:00+00:00,-26.313278
2013-10-22 02:02:00+00:00,-26.244743
2013-10-22 02:03:00+00:00,-26.292345
2013-10-22 02:04:00+00:00,-26.335968
2013-10-22 02:05:00+00:00,-26.278931
2013-10-22 02:06:00+00:00,-26.160313
2013-10-22 02:07:00+00:00,-26.057232
2013-10-22 02:08:00+00:00,-26.03611
2013-10-22 02:09:00+00:00,-25.981714
2013-10-22 02:10:00+00:00,-26.083498
2013-10-22 02:11:00+00:00,-26.319
2013-10-22 02:12:00+00:00,-26.581776
2013-10-22 02:13:00+00:00,-26.879639
2013-10-22 02:14:00+00:00,-27.13739
2013-10-22 02:15:00+00:00,-27.330622
2013-10-22 02:16:00+00:00,-27.483746
2013-10-22 02:17:00+00:00,-27.664146
2013-10-22 02:18:00+00:00,-27.644283
2013-10-22 02:19:00+00:00,-27.361658
2013-10-22 02:20:00+00:00,-26.988146
2013-10-22 02:21:00+00:00,-26.571583
2013-10-22 02:22:00+00:00,-26.220398
2013-10-22 02:23:00+00:00,-26.018564
2013-10-22 02:24:00+00:00,-26.156507
2013-10-22 02:25:00+00:00,-26.418409
2013-10-22 02:26:00+00:00,-26.37849
2013-10-22 02:27:00+00:00,-26.212532
2013-10-22 02:28:00+00:00,-26.07773
2013-10-22 02:29:00+00:00,-26.271019
2013-10-22 02:30:00+00:00,-26.578505
2013-10-22 02:31:00+00:00,-26.72286
2013-10-22 02:32:00+00:00,-27.042969
2013-10-22 02:33:00+00:00,-27.187265
2013-10-22 02:34:00+00:00,-27.008282
2013-10-22 02:35:00+00:00,-26.985508
2013-10-22 02:36:00+00:00,-26.614992
2013-10-22 02:37:00+00:00,-26.332357
2013-10-22 02:38:00+00:00,-26.409042
2013-10-22 02:39:00+00:00,-26.351883
2013-10-22 02:40:00+00:00,-26.148176
2013-10-22 02:41:00+00:00,-26.184637
2013-10-22 02:42:00+00:00,-26.393879
2013-10-22 02:43:00+00:00,-26.297331
2013-10-22 02:44:00+00:00,-26.007393
2013-10-22 02:45:00+00:00,-25.933195
2013-10-22 02:46:00+00:00,-25.971212
2013-10-22 02:47:00+00:00,-26.018906
2013-10-29 00:00:00+00:00,-59.016972
2013-10-29 00:01:00+00:00,-59.579666
2013-10-29 00:02:00+00:00,-60.032848
2013-10-29 00:03:00+00:00,-59.920322
2013-10-29 00:04:00+00:00,-59.380615
2013-10-29 00:05:00+00:00,-57.409679
2013-10-29 00:06:00+00:00,-56.993885
2013-10-29 00:07:00+00:00,-56.314381
2013-10-29 00:08:00+00:00,-55.989346
2013-10-29 00:09:00+00:00,-56.081135
2013-10-29 00:10:00+00:00,-56.46851
2013-10-29 00:11:00+00:00,-57.341755
2013-10-29 00:12:00+00:00,-56.612843
2013-10-29 00:13:00+00:00,-55.125687
2013-10-29 00:14:00+00:00,-54.528931
2013-10-29 00:15:00+00:00,-52.872547
2013-10-29 00:16:00+00:00,-50.958153
2013-10-29 00:17:00+00:00,-50.730915
2013-10-29 00:18:00+00:00,-50.928967
2013-10-29 00:19:00+00:00,-51.07756
2013-10-29 00:20:00+00:00,-51.183388
2013-10-29 00:21:00+00:00,-50.751385
2013-10-29 00:22:00+00:00,-49.488987
2013-10-29 00:23:00+00:00,-47.610146
2013-10-29 00:24:00+00:00,-47.119598
2013-10-29 00:25:00+00:00,-48.357044
2013-10-29 00:26:00+00:00,-49.253006
2013-10-29 00:27:00+00:00,-49.229218
2013-10-29 00:28:00+00:00,-48.088139
2013-10-29 00:29:00+00:00,-47.552475
2013-10-29 00:30:00+00:00,-46.728462
2013-10-29 00:31:00+00:00,-45.686008
2013-10-29 00:32:00+00:00,-45.916931
2013-10-29 00:33:00+00:00,-45.594097
2013-10-29 00:34:00+00:00,-45.335686
2013-10-29 00:35:00+00:00,-45.010845
2013-10-29 00:36:00+00:00,-44.325211
2013-10-29 00:37:00+00:00,-44.523777
2013-10-29 00:38:00+00:00,-44.477249
2013-10-29 00:39:00+00:00,-43.558681
2013-10-29 00:40:00+00:00,-43.98196
2013-10-29 00:41:00+00:00,-44.416039
2013-10-29 00:42:00+00:00,-44.662689
2013-10-29 00:43:00+00:00,-44.790638
2013-10-29 00:44:00+00:00,-46.566746
2013-10-29 00:45:00+00:00,-47.028515
2013-10-29 00:46:00+00:00,-47.007011
2013-10-29 00:47:00+00:00,-47.310841
2013-10-29 00:48:00+00:00,-48.124592
2013-10-29 00:49:00+00:00,-48.881866
2013-10-29 00:50:00+00:00,-51.122719
2013-10-29 00:51:00+00:00,-53.402004
2013-10-29 00:52:00+00:00,-54.338543
2013-10-29 00:53:00+00:00,-54.83585
2013-10-29 00:54:00+00:00,-54.989635
2013-10-29 00:55:00+00:00,-54.886837
2013-10-29 00:56:00+00:00,-55.910271
2013-10-29 00:57:00+00:00,-55.231827
2013-10-29 00:58:00+00:00,-53.728481
2013-10-29 00:59:00+00:00,-54.419743
2013-10-29 01:00:00+00:00,-54.450184
2013-10-29 01:01:00+00:00,-52.134899
2013-10-29 01:02:00+00:00,-52.960926
2013-10-29 01:03:00+00:00,-54.452732
2013-10-29 01:04:00+00:00,-55.207047
2013-10-29 01:05:00+00:00,-56.767876
2013-10-29 01:06:00+00:00,-58.15749
2013-10-29 01:07:00+00:00,-58.129322
2013-10-29 01:08:00+00:00,-57.598255
2013-10-29 01:09:00+00:00,-56.84169
2013-10-29 01:10:00+00:00,-57.923157
2013-10-29 01:11:00+00:00,-58.001884
2013-10-29 01:12:00+00:00,-57.09063
2013-10-29 01:13:00+00:00,-56.087467
2013-10-29 01:14:00+00:00,-55.737392
2013-10-29 01:15:00+00:00,-55.764679
2013-10-29 01:16:00+00:00,-54.597118
2013-10-29 01:17:00+00:00,-54.389057
2013-10-29 01:18:00+00:00,-56.809498
2013-10-29 01:19:00+00:00,-59.263763
2013-10-29 01:20:00+00:00,-60.285114
2013-10-29 01:21:00+00:00,-62.358452
2013-10-29 01:22:00+00:00,-61.193813
2013-10-29 01:23:00+00:00,-60.541733
2013-10-29 01:24:00+00:00,-61.31535
2013-10-29 01:25:00+00:00,-61.891674
2013-10-29 01:26:00+00:00,-61.752201
2013-10-29 01:27:00+00:00,-60.90382
2013-10-29 01:28:00+00:00,-59.439835
2013-10-29 01:29:00+00:00,-57.482403
2013-10-29 01:30:00+00:00,-55.44318
2013-10-29 01:31:00+00:00,-53.275665
2013-10-29 01:32:00+00:00,-52.096531
2013-10-29 01:33:00+00:00,-50.191978
2013-10-29 01:34:00+00:00,-48.549385
2013-10-29 01:35:00+00:00,-47.47253
2013-10-29 01:36:00+00:00,-47.278248
2013-10-29 01:37:00+00:00,-48.338924
2013-10-29 01:38:00+00:00,-50.076881
2013-10-29 01:39:00+00:00,-51.28125
2013-10-29 01:40:00+00:00,-52.5312
2013-10-29 01:41:00+00:00,-54.549461
2013-10-29 01:42:00+00:00,-55.893723
2013-10-29 01:43:00+00:00,-58.118057
2013-10-29 01:44:00+00:00,-61.679951
2013-10-29 01:45:00+00:00,-64.038757
2013-10-29 01:46:00+00:00,-65.357635
2013-10-29 01:47:00+00:00,-64.680595
2013-10-29 01:48:00+00:00,-61.812401
2013-10-29 01:49:00+00:00,-58.897648
2013-10-29 01:50:00+00:00,-56.703987
2013-10-29 01:51:00+00:00,-56.116615
2013-10-29 01:52:00+00:00,-55.013802
2013-10-29 01:53:00+00:00,-53.513153
2013-10-29 01:54:00+00:00,-52.965328
2013-10-29 01:55:00+00:00,-52.560818
2013-10-29 01:56:00+00:00,-52.802631
2013-10-29 01:57:00+00:00,-53.399818
2013-10-29 01:58:00+00:00,-54.345154
2013-10-29 01:59:00+00:00,-54.875988
2013-10-29 02:00:00+00:00,-54.735062
2013-10-29 02:01:00+00:00,-54.349899
2013-10-29 02:02:00+00:00,-54.235874
2013-10-29 02:03:00+00:00,-54.453514
2013-10-29 02:04:00+00:00,-55.739128
2013-10-29 02:05:00+00:00,-56.262623
2013-10-29 02:06:00+00:00,-56.468021
2013-10-29 02:07:00+00:00,-56.687931
2013-10-29 02:08:00+00:00,-56.519684
2013-10-29 02:09:00+00:00,-57.340218
2013-10-29 02:10:00+00:00,-58.707123
2013-10-29 02:11:00+00:00,-60.157494
2013-10-29 02:12:00+00:00,-60.127838
2013-10-29 02:13:00+00:00,-58.939228
2013-10-29 02:14:00+00:00,-57.709229
2013-10-29 02:15:00+00:00,-57.422974
2013-10-29 02:16:00+00:00,-56.665398
2013-10-29 02:17:00+00:00,-56.135708
2013-10-29 02:18:00+00:00,-56.003799
2013-10-29 02:19:00+00:00,-55.444462
2013-10-29 02:20:00+00:00,-54.634434
2013-10-29 02:21:00+00:00,-54.068699
2013-10-29 02:22:00+00:00,-53.250401
2013-10-29 02:23:00+00:00,-53.399132
2013-10-29 02:24:00+00:00,-53.217991
2013-10-29 02:25:00+00:00,-53.405205
2013-10-29 02:26:00+00:00,-53.486145
2013-10-29 02:27:00+00:00,-53.752781
2013-10-29 02:28:00+00:00,-53.600525
2013-10-29 02:29:00+00:00,-53.535381
2013-10-29 02:30:00+00:00,-54.371696
2013-10-29 02:31:00+00:00,-55.430954
2013-10-29 02:32:00+00:00,-55.930119
2013-10-29 02:33:00+00:00,-56.06839
2013-10-29 02:34:00+00:00,-55.668011
2013-10-29 02:35:00+00:00,-56.441849
2013-10-29 02:36:00+00:00,-56.980709
2013-10-29 02:37:00+00:00,-55.694733
2013-10-29 02:38:00+00:00,-53.541901
2013-10-29 02:39:00+00:00,-52.068085
2013-10-29 02:40:00+00:00,-51.55061
2013-10-29 02:41:00+00:00,-51.900589
2013-10-29 02:42:00+00:00,-52.756676
2013-10-29 02:43:00+00:00,-53.129642
2013-10-29 02:44:00+00:00,-52.781082
2013-10-29 02:45:00+00:00,-55.096771
2013-10-29 02:46:00+00:00,-56.190941
2013-10-29 02:47:00+00:00,-55.027439
2013-11-05 00:00:00+00:00,-65.502953
2013-11-05 00:01:00+00:00,-62.96442
2013-11-05 00:02:00+00:00,-61.391022
2013-11-05 00:03:00+00:00,-60.87376
2013-11-05 00:04:00+00:00,-63.19669
2013-11-05 00:05:00+00:00,-71.033005
2013-11-05 00:06:00+00:00,-79.735649
2013-11-05 00:07:00+00:00,-81.797913
2013-11-05 00:08:00+00:00,-77.613724
2013-11-05 00:09:00+00:00,-73.430145
2013-11-05 00:10:00+00:00,-68.621155
2013-11-05 00:11:00+00:00,-66.210175
2013-11-05 00:12:00+00:00,-62.878822
2013-11-05 00:13:00+00:00,-59.222332
2013-11-05 00:14:00+00:00,-59.81287
2013-11-05 00:15:00+00:00,-62.104057
2013-11-05 00:16:00+00:00,-63.721844
2013-11-05 00:17:00+00:00,-67.836128
2013-11-05 00:18:00+00:00,-71.712509
2013-11-05 00:19:00+00:00,-73.511124
2013-11-05 00:20:00+00:00,-73.021011
2013-11-05 00:21:00+00:00,-70.917557
2013-11-05 00:22:00+00:00,-68.613586
2013-11-05 00:23:00+00:00,-67.185852
2013-11-05 00:24:00+00:00,-65.427292
2013-11-05 00:25:00+00:00,-64.791992
2013-11-05 00:26:00+00:00,-63.385391
2013-11-05 00:27:00+00:00,-63.393013
2013-11-05 00:28:00+00:00,-63.097729
2013-11-05 00:29:00+00:00,-61.660294
2013-11-05 00:30:00+00:00,-60.085251
2013-11-05 00:31:00+00:00,-58.742233
2013-11-05 00:32:00+00:00,-58.661896
2013-11-05 00:33:00+00:00,-57.742321
2013-11-05 00:34:00+00:00,-68.658386
2013-11-05 00:35:00+00:00,-75.995117
2013-11-05 00:36:00+00:00,-58.012447
2013-11-05 00:37:00+00:00,-58.0611
2013-11-05 00:38:00+00:00,-61.683296
2013-11-05 00:39:00+00:00,-77.148361
2013-11-05 00:40:00+00:00,-94.774773
2013-11-05 00:41:00+00:00,-63.64312
2013-11-05 00:42:00+00:00,-60.839924
2013-11-05 00:43:00+00:00,-59.960548
2013-11-05 00:44:00+00:00,-80.737808
2013-11-05 00:45:00+00:00,-88.549149
2013-11-05 00:46:00+00:00,-91.333946
2013-11-05 00:47:00+00:00,-83.96225
2013-11-05 00:48:00+00:00,-74.511131
2013-11-05 00:49:00+00:00,-55.253937
2013-11-05 00:50:00+00:00,-56.954018
2013-11-05 00:51:00+00:00,-60.707096
2013-11-05 00:52:00+00:00,-81.019127
2013-11-05 00:53:00+00:00,-94.507889
2013-11-05 00:54:00+00:00,-105.00193
2013-11-05 00:55:00+00:00,-121.10376
2013-11-05 00:56:00+00:00,-125.514503
2013-11-05 00:57:00+00:00,-138.282959
2013-11-05 00:58:00+00:00,-124.499695
2013-11-05 00:59:00+00:00,-116.775452
2013-11-05 01:00:00+00:00,-110.895157
2013-11-05 01:01:00+00:00,-105.415611
2013-11-05 01:02:00+00:00,-110.152435
2013-11-05 01:03:00+00:00,-108.647598
2013-11-05 01:04:00+00:00,-99.272194
2013-11-05 01:05:00+00:00,-83.555519
2013-11-05 01:06:00+00:00,-70.499161
2013-11-05 01:07:00+00:00,-65.451477
2013-11-05 01:08:00+00:00,-70.774429
2013-11-05 01:09:00+00:00,-86.41819
2013-11-05 01:10:00+00:00,-92.998985
2013-11-05 01:11:00+00:00,-93.228714
2013-11-05 01:12:00+00:00,-109.417915
2013-11-05 01:13:00+00:00,-110.400124
2013-11-05 01:14:00+00:00,-99.440872
2013-11-05 01:15:00+00:00,-93.09832
2013-11-05 01:16:00+00:00,-105.606827
2013-11-05 01:17:00+00:00,-108.576736
2013-11-05 01:18:00+00:00,-101.547119
2013-11-05 01:19:00+00:00,-97.784569
2013-11-05 01:20:00+00:00,-99.756851
2013-11-05 01:21:00+00:00,-109.26416
2013-11-05 01:22:00+00:00,-112.349632
2013-11-05 01:23:00+00:00,-115.665047
2013-11-05 01:24:00+00:00,-129.924255
2013-11-05 01:25:00+00:00,-150.083664
2013-11-05 01:26:00+00:00,-165.684204
2013-11-05 01:27:00+00:00,-169.700241
2013-11-05 01:28:00+00:00,-181.784698
2013-11-05 01:29:00+00:00,-184.522247
2013-11-05 01:30:00+00:00,-155.325577
2013-11-05 01:31:00+00:00,-127.597015
2013-11-05 01:32:00+00:00,-90.72715
2013-11-05 01:33:00+00:00,-68.984589
2013-11-05 01:34:00+00:00,-48.02853
2013-11-05 01:35:00+00:00,-37.636372
2013-11-05 01:36:00+00:00,-38.167759
2013-11-05 01:37:00+00:00,-37.945393
2013-11-05 01:38:00+00:00,-37.599976
2013-11-05 01:39:00+00:00,-37.394238
2013-11-05 01:40:00+00:00,-36.870197
2013-11-05 01:41:00+00:00,-36.37067
2013-11-05 01:42:00+00:00,-35.92205
2013-11-05 01:43:00+00:00,-35.93338
2013-11-05 01:44:00+00:00,-35.605244
2013-11-05 01:45:00+00:00,-34.816402
2013-11-05 01:46:00+00:00,-34.414543
2013-11-05 01:47:00+00:00,-36.365395
2013-11-05 01:48:00+00:00,-39.431114
2013-11-05 01:49:00+00:00,-40.201408
2013-11-05 01:50:00+00:00,-40.236828
2013-11-05 01:51:00+00:00,-41.76973
2013-11-05 01:52:00+00:00,-47.327583
2013-11-05 01:53:00+00:00,-54.665222
2013-11-05 01:54:00+00:00,-58.080498
2013-11-05 01:55:00+00:00,-67.38298
2013-11-05 01:56:00+00:00,-69.39006
2013-11-05 01:57:00+00:00,-67.889824
2013-11-05 01:58:00+00:00,-64.594994
2013-11-05 01:59:00+00:00,-57.92387
2013-11-05 02:00:00+00:00,-51.734695
2013-11-05 02:01:00+00:00,-42.774464
2013-11-05 02:02:00+00:00,-35.3605
2013-11-05 02:03:00+00:00,-31.325819
2013-11-05 02:04:00+00:00,-29.100124
2013-11-05 02:05:00+00:00,-28.735487
2013-11-05 02:06:00+00:00,-28.926914
2013-11-05 02:07:00+00:00,-29.34333
2013-11-05 02:08:00+00:00,-29.464361
2013-11-05 02:09:00+00:00,-29.244078
2013-11-05 02:10:00+00:00,-28.850426
2013-11-05 02:11:00+00:00,-28.564625
2013-11-05 02:12:00+00:00,-28.527275
2013-11-05 02:13:00+00:00,-28.569672
2013-11-05 02:14:00+00:00,-28.850441
2013-11-05 02:15:00+00:00,-28.451845
2013-11-05 02:16:00+00:00,-28.079912
2013-11-05 02:17:00+00:00,-27.661373
2013-11-05 02:18:00+00:00,-27.136631
2013-11-05 02:19:00+00:00,-26.977337
2013-11-05 02:20:00+00:00,-27.052607
2013-11-05 02:21:00+00:00,-27.075626
2013-11-05 02:22:00+00:00,-27.035959
2013-11-05 02:23:00+00:00,-27.451477
2013-11-05 02:24:00+00:00,-27.465708
2013-11-05 02:25:00+00:00,-28.725048
2013-11-05 02:26:00+00:00,-31.632931
2013-11-05 02:27:00+00:00,-34.620872
2013-11-05 02:28:00+00:00,-36.248085
2013-11-05 02:29:00+00:00,-37.396301
2013-11-05 02:30:00+00:00,-38.085678
2013-11-05 02:31:00+00:00,-36.963314
2013-11-05 02:32:00+00:00,-34.579666
2013-11-05 02:33:00+00:00,-32.958187
2013-11-05 02:34:00+00:00,-32.075466
2013-11-05 02:35:00+00:00,-30.507696
2013-11-05 02:36:00+00:00,-30.299572
2013-11-05 02:37:00+00:00,-30.470783
2013-11-05 02:38:00+00:00,-30.399109
2013-11-05 02:39:00+00:00,-30.465372
2013-11-05 02:40:00+00:00,-30.771091
2013-11-05 02:41:00+00:00,-31.242012
2013-11-05 02:42:00+00:00,-31.797035
2013-11-05 02:43:00+00:00,-34.426384
2013-11-05 02:44:00+00:00,-35.916119
2013-11-05 02:45:00+00:00,-35.116692
2013-11-05 02:46:00+00:00,-34.494545
2013-11-05 02:47:00+00:00,-34.265392
2013-11-12 00:00:00+00:00,-46.042263
2013-11-12 00:01:00+00:00,-46.593735
2013-11-12 00:02:00+00:00,-45.260979
2013-11-12 00:03:00+00:00,-41.355732
2013-11-12 00:04:00+00:00,-42.44735
2013-11-12 00:05:00+00:00,-41.906322
2013-11-12 00:06:00+00:00,-44.534409
2013-11-12 00:07:00+00:00,-46.128536
2013-11-12 00:08:00+00:00,-45.134029
2013-11-12 00:09:00+00:00,-44.394958
2013-11-12 00:10:00+00:00,-44.025555
2013-11-12 00:11:00+00:00,-39.873474
2013-11-12 00:12:00+00:00,-36.781273
2013-11-12 00:13:00+00:00,-34.592697
2013-11-12 00:14:00+00:00,-33.239346
2013-11-12 00:15:00+00:00,-30.76828
2013-11-12 00:16:00+00:00,-36.238922
2013-11-12 00:17:00+00:00,-34.522465
2013-11-12 00:18:00+00:00,-31.630136
2013-11-12 00:19:00+00:00,-36.449135
2013-11-12 00:20:00+00:00,-44.530029
2013-11-12 00:21:00+00:00,-79.087082
2013-11-12 00:22:00+00:00,-99.705544
2013-11-12 00:23:00+00:00,-119.943016
2013-11-12 00:24:00+00:00,-118.257011
2013-11-12 00:25:00+00:00,-115.09919
2013-11-12 00:26:00+00:00,-134.596985
2013-11-12 00:27:00+00:00,-145.84314
2013-11-12 00:28:00+00:00,-146.185593
2013-11-12 00:29:00+00:00,-119.421173
2013-11-12 00:30:00+00:00,-110.433922
2013-11-12 00:31:00+00:00,-88.700943
2013-11-12 00:32:00+00:00,-89.443504
2013-11-12 00:33:00+00:00,-78.732384
2013-11-12 00:34:00+00:00,-86.89473
2013-11-12 00:35:00+00:00,-93.399101
2013-11-12 00:36:00+00:00,-120.639771
2013-11-12 00:37:00+00:00,-149.929428
2013-11-12 00:38:00+00:00,-163.948761
2013-11-12 00:39:00+00:00,-164.089355
2013-11-12 00:40:00+00:00,-154.822937
2013-11-12 00:41:00+00:00,-135.983978
2013-11-12 00:42:00+00:00,-136.165756
2013-11-12 00:43:00+00:00,-138.971527
2013-11-12 00:44:00+00:00,-119.344223
2013-11-12 00:45:00+00:00,-128.547745
2013-11-12 00:46:00+00:00,-132.37558
2013-11-12 00:47:00+00:00,-122.26619
2013-11-12 00:48:00+00:00,-134.427124
2013-11-12 00:49:00+00:00,-124.771469
2013-11-12 00:50:00+00:00,-116.617676
2013-11-12 00:51:00+00:00,-113.736374
2013-11-12 00:52:00+00:00,-134.709671
2013-11-12 00:53:00+00:00,-134.405029
2013-11-12 00:54:00+00:00,-129.036469
2013-11-12 00:55:00+00:00,-117.261711
2013-11-12 00:56:00+00:00,-109.916237
2013-11-12 00:57:00+00:00,-121.380264
2013-11-12 00:58:00+00:00,-115.88562
2013-11-12 00:59:00+00:00,-115.299736
2013-11-12 01:00:00+00:00,-126.070755
2013-11-12 01:01:00+00:00,-121.757675
2013-11-12 01:02:00+00:00,-114.843338
2013-11-12 01:03:00+00:00,-92.06115
2013-11-12 01:04:00+00:00,-61.521957
2013-11-12 01:05:00+00:00,-59.958141
2013-11-12 01:06:00+00:00,-76.90641
2013-11-12 01:07:00+00:00,-94.279808
2013-11-12 01:08:00+00:00,-87.26828
2013-11-12 01:09:00+00:00,-83.651619
2013-11-12 01:10:00+00:00,-96.70472
2013-11-12 01:11:00+00:00,-117.774765
2013-11-12 01:12:00+00:00,-109.146904
2013-11-12 01:13:00+00:00,-99.204498
2013-11-12 01:14:00+00:00,-98.746292
2013-11-12 01:15:00+00:00,-99.532478
2013-11-12 01:16:00+00:00,-105.24369
2013-11-12 01:17:00+00:00,-100.604584
2013-11-12 01:18:00+00:00,-101.416924
2013-11-12 01:19:00+00:00,-97.083038
2013-11-12 01:20:00+00:00,-88.872833
2013-11-12 01:21:00+00:00,-85.035828
2013-11-12 01:22:00+00:00,-83.705536
2013-11-12 01:23:00+00:00,-85.558617
2013-11-12 01:24:00+00:00,-73.092331
2013-11-12 01:25:00+00:00,-74.176132
2013-11-12 01:26:00+00:00,-75.330536
2013-11-12 01:27:00+00:00,-67.429504
2013-11-12 01:28:00+00:00,-75.669891
2013-11-12 01:29:00+00:00,-75.576736
2013-11-12 01:30:00+00:00,-66.453743
2013-11-12 01:31:00+00:00,-70.908264
2013-11-12 01:32:00+00:00,-88.941696
2013-11-12 01:33:00+00:00,-94.98764
2013-11-12 01:34:00+00:00,-78.797562
2013-11-12 01:35:00+00:00,-51.871445
2013-11-12 01:36:00+00:00,-48.865334
2013-11-12 01:37:00+00:00,-50.567001
2013-11-12 01:38:00+00:00,-48.456463
2013-11-12 01:39:00+00:00,-57.074718
2013-11-12 01:40:00+00:00,-72.822159
2013-11-12 01:41:00+00:00,-82.786674
2013-11-12 01:42:00+00:00,-89.969231
2013-11-12 01:43:00+00:00,-78.860985
2013-11-12 01:44:00+00:00,-59.399536
2013-11-12 01:45:00+00:00,-51.115101
2013-11-12 01:46:00+00:00,-49.677589
2013-11-12 01:47:00+00:00,-51.578217
2013-11-12 01:48:00+00:00,-49.882401
2013-11-12 01:49:00+00:00,-44.052052
2013-11-12 01:50:00+00:00,-42.345955
2013-11-12 01:51:00+00:00,-35.803463
2013-11-12 01:52:00+00:00,-34.553883
2013-11-12 01:53:00+00:00,-34.280819
2013-11-12 01:54:00+00:00,-35.986225
2013-11-12 01:55:00+00:00,-37.292152
2013-11-12 01:56:00+00:00,-38.291374
2013-11-12 01:57:00+00:00,-39.083481
2013-11-12 01:58:00+00:00,-38.368004
2013-11-12 01:59:00+00:00,-36.365002
2013-11-12 02:00:00+00:00,-34.13533
2013-11-12 02:01:00+00:00,-32.91148
2013-11-12 02:02:00+00:00,-31.127117
2013-11-12 02:03:00+00:00,-31.61231
2013-11-12 02:04:00+00:00,-31.57604
2013-11-12 02:05:00+00:00,-30.531307
2013-11-12 02:06:00+00:00,-29.468691
2013-11-12 02:07:00+00:00,-29.913891
2013-11-12 02:08:00+00:00,-30.818417
2013-11-12 02:09:00+00:00,-29.506397
2013-11-12 02:10:00+00:00,-30.841091
2013-11-12 02:11:00+00:00,-28.607651
2013-11-12 02:12:00+00:00,-29.776384
2013-11-12 02:13:00+00:00,-29.429646
2013-11-12 02:14:00+00:00,-29.049368
2013-11-12 02:15:00+00:00,-29.522793
2013-11-12 02:16:00+00:00,-34.759094
2013-11-12 02:17:00+00:00,-33.452595
2013-11-12 02:18:00+00:00,-33.704857
2013-11-12 02:19:00+00:00,-35.969967
2013-11-12 02:20:00+00:00,-37.323303
2013-11-12 02:21:00+00:00,-33.89827
2013-11-12 02:22:00+00:00,-39.492474
2013-11-12 02:23:00+00:00,-43.885174
2013-11-12 02:24:00+00:00,-43.055756
2013-11-12 02:25:00+00:00,-47.576462
2013-11-12 02:26:00+00:00,-50.814957
2013-11-12 02:27:00+00:00,-49.544655
2013-11-12 02:28:00+00:00,-47.19788
2013-11-12 02:29:00+00:00,-44.782398
2013-11-12 02:30:00+00:00,-42.244045
2013-11-12 02:31:00+00:00,-46.811569
2013-11-12 02:32:00+00:00,-40.439072
2013-11-12 02:33:00+00:00,-39.786953
2013-11-12 02:34:00+00:00,-36.778587
2013-11-12 02:35:00+00:00,-42.533363
2013-11-12 02:36:00+00:00,-47.030266
2013-11-12 02:37:00+00:00,-43.845699
2013-11-12 02:38:00+00:00,-39.261887
2013-11-12 02:39:00+00:00,-35.973148
2013-11-12 02:40:00+00:00,-31.335926
2013-11-12 02:41:00+00:00,-34.345322
2013-11-12 02:42:00+00:00,-29.793325
2013-11-12 02:43:00+00:00,-24.541538
2013-11-12 02:44:00+00:00,-21.803247
2013-11-12 02:45:00+00:00,-23.38497
2013-11-12 02:46:00+00:00,-24.454628
2013-11-12 02:47:00+00:00,-25.681643
2013-11-19 00:00:00+00:00,-11.991207
2013-11-19 00:01:00+00:00,-12.29803
2013-11-19 00:02:00+00:00,-11.674079
2013-11-19 00:03:00+00:00,-11.748267
2013-11-19 00:04:00+00:00,-11.758884
2013-11-19 00:05:00+00:00,-11.875737
2013-11-19 00:06:00+00:00,-12.053177
2013-11-19 00:07:00+00:00,-11.919022
2013-11-19 00:08:00+00:00,-11.727185
2013-11-19 00:09:00+00:00,-11.905409
2013-11-19 00:10:00+00:00,-12.087489
2013-11-19 00:11:00+00:00,-11.918942
2013-11-19 00:12:00+00:00,-12.257197
2013-11-19 00:13:00+00:00,-12.094316
2013-11-19 00:14:00+00:00,-11.965728
2013-11-19 00:15:00+00:00,-11.875215
2013-11-19 00:16:00+00:00,-11.99173
2013-11-19 00:17:00+00:00,-12.077975
2013-11-19 00:18:00+00:00,-12.075366
2013-11-19 00:19:00+00:00,-11.81008
2013-11-19 00:20:00+00:00,-11.612071
2013-11-19 00:21:00+00:00,-11.53923
2013-11-19 00:22:00+00:00,-11.319948
2013-11-19 00:23:00+00:00,-11.11048
2013-11-19 00:24:00+00:00,-11.019235
2013-11-19 00:25:00+00:00,-11.112624
2013-11-19 00:26:00+00:00,-11.085969
2013-11-19 00:27:00+00:00,-11.126777
2013-11-19 00:28:00+00:00,-11.087477
2013-11-19 00:29:00+00:00,-11.197807
2013-11-19 00:30:00+00:00,-11.484998
2013-11-19 00:31:00+00:00,-11.197992
2013-11-19 00:32:00+00:00,-10.825001
2013-11-19 00:33:00+00:00,-10.784003
2013-11-19 00:34:00+00:00,-10.718562
2013-11-19 00:35:00+00:00,-10.743805
2013-11-19 00:36:00+00:00,-10.955676
2013-11-19 00:37:00+00:00,-10.836491
2013-11-19 00:38:00+00:00,-10.525906
2013-11-19 00:39:00+00:00,-10.239752
2013-11-19 00:40:00+00:00,-10.32374
2013-11-19 00:41:00+00:00,-10.025928
2013-11-19 00:42:00+00:00,-9.747689
2013-11-19 00:43:00+00:00,-9.618809
2013-11-19 00:44:00+00:00,-9.705921
2013-11-19 00:45:00+00:00,-9.708144
2013-11-19 00:46:00+00:00,-11.332983
2013-11-19 00:47:00+00:00,-12.96029
2013-11-19 00:48:00+00:00,-13.02089
2013-11-19 00:49:00+00:00,-11.02287
2013-11-19 00:50:00+00:00,-10.896207
2013-11-19 00:51:00+00:00,-10.844823
2013-11-19 00:52:00+00:00,-12.001683
2013-11-19 00:53:00+00:00,-11.838638
2013-11-19 00:54:00+00:00,-11.233755
2013-11-19 00:55:00+00:00,-10.799694
2013-11-19 00:56:00+00:00,-10.556234
2013-11-19 00:57:00+00:00,-10.415494
2013-11-19 00:58:00+00:00,-10.670399
2013-11-19 00:59:00+00:00,-10.826927
2013-11-19 01:00:00+00:00,-10.802023
2013-11-19 01:01:00+00:00,-10.985467
2013-11-19 01:02:00+00:00,-11.201565
2013-11-19 01:03:00+00:00,-11.199307
2013-11-19 01:04:00+00:00,-11.107568
2013-11-19 01:05:00+00:00,-11.014218
2013-11-19 01:06:00+00:00,-10.867443
2013-11-19 01:07:00+00:00,-10.821514
2013-11-19 01:08:00+00:00,-10.561943
2013-11-19 01:09:00+00:00,-10.573072
2013-11-19 01:10:00+00:00,-10.590219
2013-11-19 01:11:00+00:00,-10.565498
2013-11-19 01:12:00+00:00,-10.582862
2013-11-19 01:13:00+00:00,-10.563227
2013-11-19 01:14:00+00:00,-10.570907
2013-11-19 01:15:00+00:00,-10.641075
2013-11-19 01:16:00+00:00,-10.403584
2013-11-19 01:17:00+00:00,-10.362303
2013-11-19 01:18:00+00:00,-10.314075
2013-11-19 01:19:00+00:00,-10.340897
2013-11-19 01:20:00+00:00,-10.082418
2013-11-19 01:21:00+00:00,-10.150837
2013-11-19 01:22:00+00:00,-9.936781
2013-11-19 01:23:00+00:00,-10.237093
2013-11-19 01:24:00+00:00,-10.390608
2013-11-19 01:25:00+00:00,-10.392408
2013-11-19 01:26:00+00:00,-10.334257
2013-11-19 01:27:00+00:00,-10.130182
2013-11-19 01:28:00+00:00,-10.229323
2013-11-19 01:29:00+00:00,-10.203993
2013-11-19 01:30:00+00:00,-10.02092
2013-11-19 01:31:00+00:00,-9.854181
2013-11-19 01:32:00+00:00,-9.949125
2013-11-19 01:33:00+00:00,-10.240303
2013-11-19 01:34:00+00:00,-9.943514
2013-11-19 01:35:00+00:00,-9.742244
2013-11-19 01:36:00+00:00,-9.707937
2013-11-19 01:37:00+00:00,-9.466464
2013-11-19 01:38:00+00:00,-9.257064
2013-11-19 01:39:00+00:00,-9.220342
2013-11-19 01:40:00+00:00,-9.250811
2013-11-19 01:41:00+00:00,-9.440246
2013-11-19 01:42:00+00:00,-9.510309
2013-11-19 01:43:00+00:00,-9.455966
2013-11-19 01:44:00+00:00,-9.578235
2013-11-19 01:45:00+00:00,-9.518572
2013-11-19 01:46:00+00:00,-9.409773
2013-11-19 01:47:00+00:00,-9.302597
2013-11-19 01:48:00+00:00,-9.205814
2013-11-19 01:49:00+00:00,-9.252219
2013-11-19 01:50:00+00:00,-9.134947
2013-11-19 01:51:00+00:00,-9.049685
2013-11-19 01:52:00+00:00,-8.983529
2013-11-19 01:53:00+00:00,-8.919856
2013-11-19 01:54:00+00:00,-8.843022
2013-11-19 01:55:00+00:00,-8.777423
2013-11-19 01:56:00+00:00,-8.711319
2013-11-19 01:57:00+00:00,-8.620276
2013-11-19 01:58:00+00:00,-8.703178
2013-11-19 01:59:00+00:00,-8.600271
2013-11-19 02:00:00+00:00,-8.650103
2013-11-19 02:01:00+00:00,-8.591017
2013-11-19 02:02:00+00:00,-8.489494
2013-11-19 02:03:00+00:00,-8.595537
2013-11-19 02:04:00+00:00,-8.621064
2013-11-19 02:05:00+00:00,-8.381093
2013-11-19 02:06:00+00:00,-8.465317
2013-11-19 02:07:00+00:00,-8.584272
2013-11-19 02:08:00+00:00,-8.748708
2013-11-19 02:09:00+00:00,-8.684212
2013-11-19 02:10:00+00:00,-8.635906
2013-11-19 02:11:00+00:00,-8.730749
2013-11-19 02:12:00+00:00,-10.079279
2013-11-19 02:13:00+00:00,-10.704233
2013-11-19 02:14:00+00:00,-11.383869
2013-11-19 02:15:00+00:00,-11.465454
2013-11-19 02:16:00+00:00,-10.427485
2013-11-19 02:17:00+00:00,-10.187916
2013-11-19 02:18:00+00:00,-9.950829
2013-11-19 02:19:00+00:00,-9.656447
2013-11-19 02:20:00+00:00,-9.62711
2013-11-19 02:21:00+00:00,-9.311859
2013-11-19 02:22:00+00:00,-9.03043
2013-11-19 02:23:00+00:00,-8.849233
2013-11-19 02:24:00+00:00,-8.647179
2013-11-19 02:25:00+00:00,-8.578569
2013-11-19 02:26:00+00:00,-8.749854
2013-11-19 02:27:00+00:00,-8.750881
2013-11-19 02:28:00+00:00,-8.762621
2013-11-19 02:29:00+00:00,-8.957315
2013-11-19 02:30:00+00:00,-8.951492
2013-11-19 02:31:00+00:00,-8.648261
2013-11-19 02:32:00+00:00,-8.595311
2013-11-19 02:33:00+00:00,-8.626663
2013-11-19 02:34:00+00:00,-8.560714
2013-11-19 02:35:00+00:00,-8.47679
2013-11-19 02:36:00+00:00,-8.383326
2013-11-19 02:37:00+00:00,-8.308883
2013-11-19 02:38:00+00:00,-8.280842
2013-11-19 02:39:00+00:00,-8.183029
2013-11-19 02:40:00+00:00,-8.222513
2013-11-19 02:41:00+00:00,-8.181558
2013-11-19 02:42:00+00:00,-8.016254
2013-11-19 02:43:00+00:00,-7.837085
2013-11-19 02:44:00+00:00,-7.624361
2013-11-19 02:45:00+00:00,-7.402635
2013-11-19 02:46:00+00:00,-8.04579
2013-11-19 02:47:00+00:00,-8.045965
2013-11-26 00:00:00+00:00,-21.909786
2013-11-26 00:01:00+00:00,-21.899559
2013-11-26 00:02:00+00:00,-21.87994
2013-11-26 00:03:00+00:00,-21.951519
2013-11-26 00:04:00+00:00,-22.109428
2013-11-26 00:05:00+00:00,-22.208666
2013-11-26 00:06:00+00:00,-22.122284
2013-11-26 00:07:00+00:00,-21.895699
2013-11-26 00:08:00+00:00,-21.855091
2013-11-26 00:09:00+00:00,-22.020985
2013-11-26 00:10:00+00:00,-22.014481
2013-11-26 00:11:00+00:00,-21.591446
2013-11-26 00:12:00+00:00,-21.439396
2013-11-26 00:13:00+00:00,-21.473982
2013-11-26 00:14:00+00:00,-21.542652
2013-11-26 00:15:00+00:00,-21.694839
2013-11-26 00:16:00+00:00,-21.857307
2013-11-26 00:17:00+00:00,-21.818153
2013-11-26 00:18:00+00:00,-21.444576
2013-11-26 00:19:00+00:00,-20.953382
2013-11-26 00:20:00+00:00,-20.995689
2013-11-26 00:21:00+00:00,-21.032005
2013-11-26 00:22:00+00:00,-21.330622
2013-11-26 00:23:00+00:00,-21.137642
2013-11-26 00:24:00+00:00,-21.225533
2013-11-26 00:25:00+00:00,-21.464426
2013-11-26 00:26:00+00:00,-21.111168
2013-11-26 00:27:00+00:00,-20.992916
2013-11-26 00:28:00+00:00,-21.237492
2013-11-26 00:29:00+00:00,-21.29731
2013-11-26 00:30:00+00:00,-21.425177
2013-11-26 00:31:00+00:00,-21.364349
2013-11-26 00:32:00+00:00,-21.025049
2013-11-26 00:33:00+00:00,-21.357441
2013-11-26 00:34:00+00:00,-21.255054
2013-11-26 00:35:00+00:00,-21.053833
2013-11-26 00:36:00+00:00,-21.226353
2013-11-26 00:37:00+00:00,-21.728653
2013-11-26 00:38:00+00:00,-22.159342
2013-11-26 00:39:00+00:00,-22.361164
2013-11-26 00:40:00+00:00,-22.334087
2013-11-26 00:41:00+00:00,-22.353481
2013-11-26 00:42:00+00:00,-22.432005
2013-11-26 00:43:00+00:00,-22.665518
2013-11-26 00:44:00+00:00,-22.422787
2013-11-26 00:45:00+00:00,-22.31918
2013-11-26 00:46:00+00:00,-22.184752
2013-11-26 00:47:00+00:00,-22.148376
2013-11-26 00:48:00+00:00,-22.222721
2013-11-26 00:49:00+00:00,-22.475143
2013-11-26 00:50:00+00:00,-22.403917
2013-11-26 00:51:00+00:00,-22.41378
2013-11-26 00:52:00+00:00,-22.591869
2013-11-26 00:53:00+00:00,-22.40202
2013-11-26 00:54:00+00:00,-22.454557
2013-11-26 00:55:00+00:00,-22.190861
2013-11-26 00:56:00+00:00,-22.496643
2013-11-26 00:57:00+00:00,-22.633595
2013-11-26 00:58:00+00:00,-22.745539
2013-11-26 00:59:00+00:00,-22.857244
2013-11-26 01:00:00+00:00,-22.821518
2013-11-26 01:01:00+00:00,-22.771318
2013-11-26 01:02:00+00:00,-22.560299
2013-11-26 01:03:00+00:00,-22.494125
2013-11-26 01:04:00+00:00,-22.502478
2013-11-26 01:05:00+00:00,-22.838631
2013-11-26 01:06:00+00:00,-23.158146
2013-11-26 01:07:00+00:00,-23.259209
2013-11-26 01:08:00+00:00,-23.269749
2013-11-26 01:09:00+00:00,-23.099915
2013-11-26 01:10:00+00:00,-22.727245
2013-11-26 01:11:00+00:00,-22.554081
2013-11-26 01:12:00+00:00,-23.029633
2013-11-26 01:13:00+00:00,-23.169941
2013-11-26 01:14:00+00:00,-23.218321
2013-11-26 01:15:00+00:00,-22.87244
2013-11-26 01:16:00+00:00,-22.613745
2013-11-26 01:17:00+00:00,-22.49789
2013-11-26 01:18:00+00:00,-22.51511
2013-11-26 01:19:00+00:00,-22.63415
2013-11-26 01:20:00+00:00,-22.700201
2013-11-26 01:21:00+00:00,-22.596123
2013-11-26 01:22:00+00:00,-22.803814
2013-11-26 01:23:00+00:00,-22.804718
2013-11-26 01:24:00+00:00,-22.934771
2013-11-26 01:25:00+00:00,-22.928343
2013-11-26 01:26:00+00:00,-22.597929
2013-11-26 01:27:00+00:00,-22.62224
2013-11-26 01:28:00+00:00,-22.787926
2013-11-26 01:29:00+00:00,-22.607616
2013-11-26 01:30:00+00:00,-22.502724
2013-11-26 01:31:00+00:00,-22.555437
2013-11-26 01:32:00+00:00,-22.137949
2013-11-26 01:33:00+00:00,-21.908438
2013-11-26 01:34:00+00:00,-22.019217
2013-11-26 01:35:00+00:00,-22.107582
2013-11-26 01:36:00+00:00,-22.46137
2013-11-26 01:37:00+00:00,-22.754974
2013-11-26 01:38:00+00:00,-22.541101
2013-11-26 01:39:00+00:00,-22.235737
2013-11-26 01:40:00+00:00,-22.603504
2013-11-26 01:41:00+00:00,-22.505699
2013-11-26 01:42:00+00:00,-22.93644
2013-11-26 01:43:00+00:00,-22.339725
2013-11-26 01:44:00+00:00,-22.362629
2013-11-26 01:45:00+00:00,-22.368092
2013-11-26 01:46:00+00:00,-22.174446
2013-11-26 01:47:00+00:00,-22.12639
2013-11-26 01:48:00+00:00,-22.146749
2013-11-26 01:49:00+00:00,-22.006001
2013-11-26 01:50:00+00:00,-21.881561
2013-11-26 01:51:00+00:00,-21.794493
2013-11-26 01:52:00+00:00,-21.719084
2013-11-26 01:53:00+00:00,-21.772495
2013-11-26 01:54:00+00:00,-21.774033
2013-11-26 01:55:00+00:00,-21.935587
2013-11-26 01:56:00+00:00,-21.850876
2013-11-26 01:57:00+00:00,-21.532568
2013-11-26 01:58:00+00:00,-21.645351
2013-11-26 01:59:00+00:00,-21.473042
2013-11-26 02:00:00+00:00,-21.453768
2013-11-26 02:01:00+00:00,-21.636568
2013-11-26 02:02:00+00:00,-21.838036
2013-11-26 02:03:00+00:00,-22.244682
2013-11-26 02:04:00+00:00,-22.123089
2013-11-26 02:05:00+00:00,-22.068619
2013-11-26 02:06:00+00:00,-22.22156
2013-11-26 02:07:00+00:00,-22.08547
2013-11-26 02:08:00+00:00,-22.148621
2013-11-26 02:09:00+00:00,-22.041849
2013-11-26 02:10:00+00:00,-21.730963
2013-11-26 02:11:00+00:00,-21.625126
2013-11-26 02:12:00+00:00,-21.696001
2013-11-26 02:13:00+00:00,-21.512577
2013-11-26 02:14:00+00:00,-21.63995
2013-11-26 02:15:00+00:00,-21.9977
2013-11-26 02:16:00+00:00,-22.03112
2013-11-26 02:17:00+00:00,-22.112267
2013-11-26 02:18:00+00:00,-25.867643
2013-11-26 02:19:00+00:00,-24.186996
2013-11-26 02:20:00+00:00,-21.225529
2013-11-26 02:21:00+00:00,-21.286478
2013-11-26 02:22:00+00:00,-21.174368
2013-11-26 02:23:00+00:00,-21.23196
2013-11-26 02:24:00+00:00,-21.047125
2013-11-26 02:25:00+00:00,-20.987038
2013-11-26 02:26:00+00:00,-21.271406
2013-11-26 02:27:00+00:00,-20.733225
2013-11-26 02:28:00+00:00,-20.650377
2013-11-26 02:29:00+00:00,-20.051998
2013-11-26 02:30:00+00:00,-20.208166
2013-11-26 02:31:00+00:00,-20.899302
2013-11-26 02:32:00+00:00,-21.762245
2013-11-26 02:33:00+00:00,-21.896597
2013-11-26 02:34:00+00:00,-21.95273
2013-11-26 02:35:00+00:00,-21.692877
2013-11-26 02:36:00+00:00,-21.343508
2013-11-26 02:37:00+00:00,-21.266464
2013-11-26 02:38:00+00:00,-21.223454
2013-11-26 02:39:00+00:00,-21.158798
2013-11-26 02:40:00+00:00,-21.943573
2013-11-26 02:41:00+00:00,-24.821569
2013-11-26 02:42:00+00:00,-22.456881
2013-11-26 02:43:00+00:00,-22.119463
2013-11-26 02:44:00+00:00,-21.970774
2013-11-26 02:45:00+00:00,-21.359926
2013-11-26 02:46:00+00:00,-27.781992
2013-11-26 02:47:00+00:00,-21.236073
2013-12-03 00:00:00+00:00,-35.24374
2013-12-03 00:01:00+00:00,-34.806717
2013-12-03 00:02:00+00:00,-34.699539
2013-12-03 00:03:00+00:00,-35.328754
2013-12-03 00:04:00+00:00,-35.968163
2013-12-03 00:05:00+00:00,-37.663719
2013-12-03 00:06:00+00:00,-40.626366
2013-12-03 00:07:00+00:00,-44.861961
2013-12-03 00:08:00+00:00,-50.78458
2013-12-03 00:09:00+00:00,-59.197933
2013-12-03 00:10:00+00:00,-66.986794
2013-12-03 00:11:00+00:00,-73.297646
2013-12-03 00:12:00+00:00,-76.489868
2013-12-03 00:13:00+00:00,-78.805656
2013-12-03 00:14:00+00:00,-81.036026
2013-12-03 00:15:00+00:00,-80.426102
2013-12-03 00:16:00+00:00,-78.67688
2013-12-03 00:17:00+00:00,-73.255493
2013-12-03 00:18:00+00:00,-64.720398
2013-12-03 00:19:00+00:00,-57.451466
2013-12-03 00:20:00+00:00,-51.345192
2013-12-03 00:21:00+00:00,-45.973846
2013-12-03 00:22:00+00:00,-42.024929
2013-12-03 00:23:00+00:00,-39.642982
2013-12-03 00:24:00+00:00,-38.007694
2013-12-03 00:25:00+00:00,-35.921402
2013-12-03 00:26:00+00:00,-39.987576
2013-12-03 00:27:00+00:00,-41.321445
2013-12-03 00:28:00+00:00,-44.320469
2013-12-03 00:29:00+00:00,-43.555935
2013-12-03 00:30:00+00:00,-40.525883
2013-12-03 00:31:00+00:00,-38.000778
2013-12-03 00:32:00+00:00,-36.7183
2013-12-03 00:33:00+00:00,-37.643116
2013-12-03 00:34:00+00:00,-38.165836
2013-12-03 00:35:00+00:00,-38.104801
2013-12-03 00:36:00+00:00,-35.621128
2013-12-03 00:37:00+00:00,-30.655226
2013-12-03 00:38:00+00:00,-30.443167
2013-12-03 00:39:00+00:00,-30.515482
2013-12-03 00:40:00+00:00,-30.537621
2013-12-03 00:41:00+00:00,-30.648226
2013-12-03 00:42:00+00:00,-31.126556
2013-12-03 00:43:00+00:00,-30.934494
2013-12-03 00:44:00+00:00,-30.257553
2013-12-03 00:45:00+00:00,-30.020504
2013-12-03 00:46:00+00:00,-29.90452
2013-12-03 00:47:00+00:00,-30.216179
2013-12-03 00:48:00+00:00,-31.147316
2013-12-03 00:49:00+00:00,-31.360985
2013-12-03 00:50:00+00:00,-31.264374
2013-12-03 00:51:00+00:00,-31.205109
2013-12-03 00:52:00+00:00,-31.00054
2013-12-03 00:53:00+00:00,-30.994383
2013-12-03 00:54:00+00:00,-30.570393
2013-12-03 00:55:00+00:00,-30.295918
2013-12-03 00:56:00+00:00,-30.183622
2013-12-03 00:57:00+00:00,-30.040113
2013-12-03 00:58:00+00:00,-29.555786
2013-12-03 00:59:00+00:00,-29.610489
2013-12-03 01:00:00+00:00,-29.982512
2013-12-03 01:01:00+00:00,-30.504328
2013-12-03 01:02:00+00:00,-30.47827
2013-12-03 01:03:00+00:00,-29.639061
2013-12-03 01:04:00+00:00,-29.72876
2013-12-03 01:05:00+00:00,-29.376137
2013-12-03 01:06:00+00:00,-29.905277
2013-12-03 01:07:00+00:00,-30.915657
2013-12-03 01:08:00+00:00,-31.453039
2013-12-03 01:09:00+00:00,-32.123737
2013-12-03 01:10:00+00:00,-32.023319
2013-12-03 01:11:00+00:00,-32.047161
2013-12-03 01:12:00+00:00,-31.446102
2013-12-03 01:13:00+00:00,-31.366497
2013-12-03 01:14:00+00:00,-30.797466
2013-12-03 01:15:00+00:00,-30.782824
2013-12-03 01:16:00+00:00,-31.428812
2013-12-03 01:17:00+00:00,-32.212017
2013-12-03 01:18:00+00:00,-33.232193
2013-12-03 01:19:00+00:00,-31.606243
2013-12-03 01:20:00+00:00,-31.480669
2013-12-03 01:21:00+00:00,-37.4758
2013-12-03 01:22:00+00:00,-55.578171
2013-12-03 01:23:00+00:00,-65.891075
2013-12-03 01:24:00+00:00,-74.768532
2013-12-03 01:25:00+00:00,-76.235947
2013-12-03 01:26:00+00:00,-80.72892
2013-12-03 01:27:00+00:00,-87.129311
2013-12-03 01:28:00+00:00,-95.118782
2013-12-03 01:29:00+00:00,-86.782349
2013-12-03 01:30:00+00:00,-78.699127
2013-12-03 01:31:00+00:00,-80.124146
2013-12-03 01:32:00+00:00,-74.133377
2013-12-03 01:33:00+00:00,-69.035904
2013-12-03 01:34:00+00:00,-69.840538
2013-12-03 01:35:00+00:00,-70.999466
2013-12-03 01:36:00+00:00,-69.27932
2013-12-03 01:37:00+00:00,-61.826622
2013-12-03 01:38:00+00:00,-50.148232
2013-12-03 01:39:00+00:00,-43.228561
2013-12-03 01:40:00+00:00,-40.55397
2013-12-03 01:41:00+00:00,-45.267067
2013-12-03 01:42:00+00:00,-48.186249
2013-12-03 01:43:00+00:00,-48.199238
2013-12-03 01:44:00+00:00,-56.058022
2013-12-03 01:45:00+00:00,-59.038998
2013-12-03 01:46:00+00:00,-54.367203
2013-12-03 01:47:00+00:00,-54.518459
2013-12-03 01:48:00+00:00,-55.687515
2013-12-03 01:49:00+00:00,-55.082417
2013-12-03 01:50:00+00:00,-54.742249
2013-12-03 01:51:00+00:00,-64.743225
2013-12-03 01:52:00+00:00,-67.521896
2013-12-03 01:53:00+00:00,-71.064621
2013-12-03 01:54:00+00:00,-68.372406
2013-12-03 01:55:00+00:00,-62.679672
2013-12-03 01:56:00+00:00,-105.135239
2013-12-03 01:57:00+00:00,-115.86377
2013-12-03 01:58:00+00:00,-106.48941
2013-12-03 01:59:00+00:00,-85.608826
2013-12-03 02:00:00+00:00,-76.729828
2013-12-03 02:01:00+00:00,-71.661705
2013-12-03 02:02:00+00:00,-88.063339
2013-12-03 02:03:00+00:00,-80.334824
2013-12-03 02:04:00+00:00,-61.691006
2013-12-03 02:05:00+00:00,-49.130905
2013-12-03 02:06:00+00:00,-47.362602
2013-12-03 02:07:00+00:00,-50.903946
2013-12-03 02:08:00+00:00,-49.009956
2013-12-03 02:09:00+00:00,-48.94825
2013-12-03 02:10:00+00:00,-50.922958
2013-12-03 02:11:00+00:00,-47.168495
2013-12-03 02:12:00+00:00,-44.923176
2013-12-03 02:13:00+00:00,-43.652851
2013-12-03 02:14:00+00:00,-43.467911
2013-12-03 02:15:00+00:00,-47.903545
2013-12-03 02:16:00+00:00,-46.406067
2013-12-03 02:17:00+00:00,-46.312477
2013-12-03 02:18:00+00:00,-52.563194
2013-12-03 02:19:00+00:00,-48.823296
2013-12-03 02:20:00+00:00,-50.922897
2013-12-03 02:21:00+00:00,-55.940155
2013-12-03 02:22:00+00:00,-61.191509
2013-12-03 02:23:00+00:00,-63.722893
2013-12-03 02:24:00+00:00,-61.10075
2013-12-03 02:25:00+00:00,-57.932533
2013-12-03 02:26:00+00:00,-57.958508
2013-12-03 02:27:00+00:00,-56.025398
2013-12-03 02:28:00+00:00,-61.263092
2013-12-03 02:29:00+00:00,-97.127213
2013-12-03 02:30:00+00:00,-87.32103
2013-12-03 02:31:00+00:00,-58.650429
2013-12-03 02:32:00+00:00,-55.310406
2013-12-03 02:33:00+00:00,-56.053982
2013-12-03 02:34:00+00:00,-55.492496
2013-12-03 02:35:00+00:00,-52.808571
2013-12-03 02:36:00+00:00,-56.418091
2013-12-03 02:37:00+00:00,-45.028526
2013-12-03 02:38:00+00:00,-44.68047
2013-12-03 02:39:00+00:00,-50.140678
2013-12-03 02:40:00+00:00,-51.884743
2013-12-03 02:41:00+00:00,-52.066967
2013-12-03 02:42:00+00:00,-50.878773
2013-12-03 02:43:00+00:00,-57.741066
2013-12-03 02:44:00+00:00,-71.483932
2013-12-03 02:45:00+00:00,-105.786484
2013-12-03 02:46:00+00:00,-119.073959
2013-12-03 02:47:00+00:00,-115.755722
2013-12-10 00:00:00+00:00,-70.974472
2013-12-10 00:01:00+00:00,-70.306458
2013-12-10 00:02:00+00:00,-68.081406
2013-12-10 00:03:00+00:00,-63.647026
2013-12-10 00:04:00+00:00,-61.099041
2013-12-10 00:05:00+00:00,-58.58688
2013-12-10 00:06:00+00:00,-54.601768
2013-12-10 00:07:00+00:00,-53.142746
2013-12-10 00:08:00+00:00,-55.735218
2013-12-10 00:09:00+00:00,-56.646786
2013-12-10 00:10:00+00:00,-53.503433
2013-12-10 00:11:00+00:00,-48.863781
2013-12-10 00:12:00+00:00,-44.453857
2013-12-10 00:13:00+00:00,-39.981853
2013-12-10 00:14:00+00:00,-37.386135
2013-12-10 00:15:00+00:00,-37.285084
2013-12-10 00:16:00+00:00,-36.785961
2013-12-10 00:17:00+00:00,-36.108856
2013-12-10 00:18:00+00:00,-35.724819
2013-12-10 00:19:00+00:00,-35.866283
2013-12-10 00:20:00+00:00,-36.43074
2013-12-10 00:21:00+00:00,-36.642818
2013-12-10 00:22:00+00:00,-36.368752
2013-12-10 00:23:00+00:00,-35.227699
2013-12-10 00:24:00+00:00,-34.860313
2013-12-10 00:25:00+00:00,-35.360363
2013-12-10 00:26:00+00:00,-37.149746
2013-12-10 00:27:00+00:00,-38.890594
2013-12-10 00:28:00+00:00,-38.998947
2013-12-10 00:29:00+00:00,-38.668182
2013-12-10 00:30:00+00:00,-37.911999
2013-12-10 00:31:00+00:00,-37.159615
2013-12-10 00:32:00+00:00,-36.432407
2013-12-10 00:33:00+00:00,-36.034588
2013-12-10 00:34:00+00:00,-35.81477
2013-12-10 00:35:00+00:00,-35.233879
2013-12-10 00:36:00+00:00,-34.352444
2013-12-10 00:37:00+00:00,-33.938026
2013-12-10 00:38:00+00:00,-34.113655
2013-12-10 00:39:00+00:00,-34.687916
2013-12-10 00:40:00+00:00,-35.299461
2013-12-10 00:41:00+00:00,-35.465851
2013-12-10 00:42:00+00:00,-35.556213
2013-12-10 00:43:00+00:00,-36.19846
2013-12-10 00:44:00+00:00,-36.681641
2013-12-10 00:45:00+00:00,-37.022339
2013-12-10 00:46:00+00:00,-36.7183
2013-12-10 00:47:00+00:00,-36.066963
2013-12-10 00:48:00+00:00,-35.480129
2013-12-10 00:49:00+00:00,-35.203873
2013-12-10 00:50:00+00:00,-35.25576
2013-12-10 00:51:00+00:00,-35.371128
2013-12-10 00:52:00+00:00,-35.372223
2013-12-10 00:53:00+00:00,-35.377197
2013-12-10 00:54:00+00:00,-35.299118
2013-12-10 00:55:00+00:00,-35.104767
2013-12-10 00:56:00+00:00,-35.025578
2013-12-10 00:57:00+00:00,-34.8545
2013-12-10 00:58:00+00:00,-34.634483
2013-12-10 00:59:00+00:00,-34.492474
2013-12-10 01:00:00+00:00,-34.401108
2013-12-10 01:01:00+00:00,-34.200157
2013-12-10 01:02:00+00:00,-33.80648
2013-12-10 01:03:00+00:00,-33.643559
2013-12-10 01:04:00+00:00,-33.490643
2013-12-10 01:05:00+00:00,-33.719772
2013-12-10 01:06:00+00:00,-34.012554
2013-12-10 01:07:00+00:00,-34.237118
2013-12-10 01:08:00+00:00,-34.452023
2013-12-10 01:09:00+00:00,-34.276371
2013-12-10 01:10:00+00:00,-34.397636
2013-12-10 01:11:00+00:00,-34.843121
2013-12-10 01:12:00+00:00,-35.406734
2013-12-10 01:13:00+00:00,-34.881416
2013-12-10 01:14:00+00:00,-33.863808
2013-12-10 01:15:00+00:00,-33.0238
2013-12-10 01:16:00+00:00,-32.742935
2013-12-10 01:17:00+00:00,-32.879097
2013-12-10 01:18:00+00:00,-82.247147
2013-12-10 01:19:00+00:00,-149.540482
2013-12-10 01:20:00+00:00,-196.755615
2013-12-10 01:21:00+00:00,-168.592789
2013-12-10 01:22:00+00:00,-152.67218
2013-12-10 01:23:00+00:00,-136.173492
2013-12-10 01:24:00+00:00,-123.770615
2013-12-10 01:25:00+00:00,-132.127655
2013-12-10 01:26:00+00:00,-135.936066
2013-12-10 01:27:00+00:00,-109.74765
2013-12-10 01:28:00+00:00,-93.474556
2013-12-10 01:29:00+00:00,-102.839493
2013-12-10 01:30:00+00:00,-106.769249
2013-12-10 01:31:00+00:00,-116.353958
2013-12-10 01:32:00+00:00,-111.127533
2013-12-10 01:33:00+00:00,-99.043617
2013-12-10 01:34:00+00:00,-88.249557
2013-12-10 01:35:00+00:00,-75.37413
2013-12-10 01:36:00+00:00,-75.914307
2013-12-10 01:37:00+00:00,-92.376785
2013-12-10 01:38:00+00:00,-99.204819
2013-12-10 01:39:00+00:00,-90.826027
2013-12-10 01:40:00+00:00,-83.325249
2013-12-10 01:41:00+00:00,-72.568573
2013-12-10 01:42:00+00:00,-69.572495
2013-12-10 01:43:00+00:00,-77.989227
2013-12-10 01:44:00+00:00,-81.284485
2013-12-10 01:45:00+00:00,-75.273575
2013-12-10 01:46:00+00:00,-67.701172
2013-12-10 01:47:00+00:00,-62.038643
2013-12-10 01:48:00+00:00,-55.753174
2013-12-10 01:49:00+00:00,-55.208916
2013-12-10 01:50:00+00:00,-57.085434
2013-12-10 01:51:00+00:00,-53.410934
2013-12-10 01:52:00+00:00,-56.874752
2013-12-10 01:53:00+00:00,-66.701378
2013-12-10 01:54:00+00:00,-70.346748
2013-12-10 01:55:00+00:00,-70.483597
2013-12-10 01:56:00+00:00,-64.702629
2013-12-10 01:57:00+00:00,-56.230286
2013-12-10 01:58:00+00:00,-55.438526
2013-12-10 01:59:00+00:00,-48.352619
2013-12-10 02:00:00+00:00,-38.406578
2013-12-10 02:01:00+00:00,-38.633743
2013-12-10 02:02:00+00:00,-38.260006
2013-12-10 02:03:00+00:00,-37.745178
2013-12-10 02:04:00+00:00,-37.468201
2013-12-10 02:05:00+00:00,-37.42812
2013-12-10 02:06:00+00:00,-37.544884
2013-12-10 02:07:00+00:00,-37.800949
2013-12-10 02:08:00+00:00,-38.200245
2013-12-10 02:09:00+00:00,-38.31604
2013-12-10 02:10:00+00:00,-37.763603
2013-12-10 02:11:00+00:00,-36.804672
2013-12-10 02:12:00+00:00,-36.839668
2013-12-10 02:13:00+00:00,-37.302216
2013-12-10 02:14:00+00:00,-37.387657
2013-12-10 02:15:00+00:00,-37.095036
2013-12-10 02:16:00+00:00,-36.940536
2013-12-10 02:17:00+00:00,-37.025669
2013-12-10 02:18:00+00:00,-37.114662
2013-12-10 02:19:00+00:00,-37.01223
2013-12-10 02:20:00+00:00,-37.257469
2013-12-10 02:21:00+00:00,-37.641418
2013-12-10 02:22:00+00:00,-37.884808
2013-12-10 02:23:00+00:00,-37.830441
2013-12-10 02:24:00+00:00,-38.222488
2013-12-10 02:25:00+00:00,-38.601009
2013-12-10 02:26:00+00:00,-38.91526
2013-12-10 02:27:00+00:00,-38.97776
2013-12-10 02:28:00+00:00,-38.931118
2013-12-10 02:29:00+00:00,-39.056614
2013-12-10 02:30:00+00:00,-38.801537
2013-12-10 02:31:00+00:00,-38.412472
2013-12-10 02:32:00+00:00,-38.349915
2013-12-10 02:33:00+00:00,-38.354733
2013-12-10 02:34:00+00:00,-38.300957
2013-12-10 02:35:00+00:00,-38.462029
2013-12-10 02:36:00+00:00,-38.648506
2013-12-10 02:37:00+00:00,-38.833042
2013-12-10 02:38:00+00:00,-38.982445
2013-12-10 02:39:00+00:00,-38.799843
2013-12-10 02:40:00+00:00,-38.619228
2013-12-10 02:41:00+00:00,-38.627129
2013-12-10 02:42:00+00:00,-38.73175
2013-12-10 02:43:00+00:00,-38.961422
2013-12-10 02:44:00+00:00,-38.700912
2013-12-10 02:45:00+00:00,-38.325233
2013-12-10 02:46:00+00:00,-42.024952
2013-12-10 02:47:00+00:00,-45.13253
2013-12-17 00:00:00+00:00,-222.08522
2013-12-17 00:01:00+00:00,-225.567673
2013-12-17 00:02:00+00:00,-223.857391
2013-12-17 00:03:00+00:00,-220.658401
2013-12-17 00:04:00+00:00,-219.626907
2013-12-17 00:05:00+00:00,-238.187668
2013-12-17 00:06:00+00:00,-267.096497
2013-12-17 00:07:00+00:00,-259.185425
2013-12-17 00:08:00+00:00,-262.161377
2013-12-17 00:09:00+00:00,-251.349548
2013-12-17 00:10:00+00:00,-245.599518
2013-12-17 00:11:00+00:00,-236.340897
2013-12-17 00:12:00+00:00,-231.281677
2013-12-17 00:13:00+00:00,-225.703064
2013-12-17 00:14:00+00:00,-217.195831
2013-12-17 00:15:00+00:00,-214.640793
2013-12-17 00:16:00+00:00,-221.838898
2013-12-17 00:17:00+00:00,-245.466522
2013-12-17 00:18:00+00:00,-239.742508
2013-12-17 00:19:00+00:00,-207.294769
2013-12-17 00:20:00+00:00,-186.463074
2013-12-17 00:21:00+00:00,-181.519867
2013-12-17 00:22:00+00:00,-206.250519
2013-12-17 00:23:00+00:00,-182.768784
2013-12-17 00:24:00+00:00,-165.687683
2013-12-17 00:25:00+00:00,-180.455215
2013-12-17 00:26:00+00:00,-140.602219
2013-12-17 00:27:00+00:00,-144.190201
2013-12-17 00:28:00+00:00,-163.751328
2013-12-17 00:29:00+00:00,-172.657654
2013-12-17 00:30:00+00:00,-149.451111
2013-12-17 00:31:00+00:00,-121.041985
2013-12-17 00:32:00+00:00,-132.500397
2013-12-17 00:33:00+00:00,-146.056366
2013-12-17 00:34:00+00:00,-155.72641
2013-12-17 00:35:00+00:00,-164.616852
2013-12-17 00:36:00+00:00,-159.627991
2013-12-17 00:37:00+00:00,-156.033142
2013-12-17 00:38:00+00:00,-150.050964
2013-12-17 00:39:00+00:00,-130.488968
2013-12-17 00:40:00+00:00,-114.385109
2013-12-17 00:41:00+00:00,-114.741257
2013-12-17 00:42:00+00:00,-120.609062
2013-12-17 00:43:00+00:00,-121.288216
2013-12-17 00:44:00+00:00,-124.088181
2013-12-17 00:45:00+00:00,-128.444397
2013-12-17 00:46:00+00:00,-129.683319
2013-12-17 00:47:00+00:00,-121.072647
2013-12-17 00:48:00+00:00,-107.336273
2013-12-17 00:49:00+00:00,-93.527786
2013-12-17 00:50:00+00:00,-84.499634
2013-12-17 00:51:00+00:00,-82.574936
2013-12-17 00:52:00+00:00,-81.460632
2013-12-17 00:53:00+00:00,-85.878288
2013-12-17 00:54:00+00:00,-87.341469
2013-12-17 00:55:00+00:00,-80.986786
2013-12-17 00:56:00+00:00,-73.272148
2013-12-17 00:57:00+00:00,-66.454285
2013-12-17 00:58:00+00:00,-66.389526
2013-12-17 00:59:00+00:00,-66.209618
2013-12-17 01:00:00+00:00,-61.931709
2013-12-17 01:01:00+00:00,-65.901764
2013-12-17 01:02:00+00:00,-57.860504
2013-12-17 01:03:00+00:00,-72.218224
2013-12-17 01:04:00+00:00,-75.219994
2013-12-17 01:05:00+00:00,-70.685127
2013-12-17 01:06:00+00:00,-64.302597
2013-12-17 01:07:00+00:00,-73.078362
2013-12-17 01:08:00+00:00,-93.215973
2013-12-17 01:09:00+00:00,-91.506401
2013-12-17 01:10:00+00:00,-109.985817
2013-12-17 01:11:00+00:00,-91.172379
2013-12-17 01:12:00+00:00,-86.554947
2013-12-17 01:13:00+00:00,-105.02652
2013-12-17 01:14:00+00:00,-79.346832
2013-12-17 01:15:00+00:00,-78.193611
2013-12-17 01:16:00+00:00,-136.129974
2013-12-17 01:17:00+00:00,-164.911285
2013-12-17 01:18:00+00:00,-165.802719
2013-12-17 01:19:00+00:00,-135.446213
2013-12-17 01:20:00+00:00,-148.494415
2013-12-17 01:21:00+00:00,-118.685303
2013-12-17 01:22:00+00:00,-109.241516
2013-12-17 01:23:00+00:00,-111.659637
2013-12-17 01:24:00+00:00,-108.033699
2013-12-17 01:25:00+00:00,-101.897018
2013-12-17 01:26:00+00:00,-89.292145
2013-12-17 01:27:00+00:00,-86.200485
2013-12-17 01:28:00+00:00,-89.367104
2013-12-17 01:29:00+00:00,-109.723999
2013-12-17 01:30:00+00:00,-126.760109
2013-12-17 01:31:00+00:00,-124.900826
2013-12-17 01:32:00+00:00,-133.692383
2013-12-17 01:33:00+00:00,-126.755585
2013-12-17 01:34:00+00:00,-136.249573
2013-12-17 01:35:00+00:00,-136.224594
2013-12-17 01:36:00+00:00,-147.696243
2013-12-17 01:37:00+00:00,-155.601959
2013-12-17 01:38:00+00:00,-139.163391
2013-12-17 01:39:00+00:00,-111.377563
2013-12-17 01:40:00+00:00,-94.73925
2013-12-17 01:41:00+00:00,-87.303291
2013-12-17 01:42:00+00:00,-78.908173
2013-12-17 01:43:00+00:00,-65.224823
2013-12-17 01:44:00+00:00,-60.06097
2013-12-17 01:45:00+00:00,-68.425308
2013-12-17 01:46:00+00:00,-73.856995
2013-12-17 01:47:00+00:00,-77.621605
2013-12-17 01:48:00+00:00,-75.411606
2013-12-17 01:49:00+00:00,-73.98233
2013-12-17 01:50:00+00:00,-73.538467
2013-12-17 01:51:00+00:00,-72.160515
2013-12-17 01:52:00+00:00,-72.156242
2013-12-17 01:53:00+00:00,-72.990265
2013-12-17 01:54:00+00:00,-72.367928
2013-12-17 01:55:00+00:00,-72.359497
2013-12-17 01:56:00+00:00,-80.902855
2013-12-17 01:57:00+00:00,-78.293495
2013-12-17 01:58:00+00:00,-67.027573
2013-12-17 01:59:00+00:00,-67.226395
2013-12-17 02:00:00+00:00,-65.390076
2013-12-17 02:01:00+00:00,-64.291092
2013-12-17 02:02:00+00:00,-63.879795
2013-12-17 02:03:00+00:00,-64.032059
2013-12-17 02:04:00+00:00,-62.487255
2013-12-17 02:05:00+00:00,-59.215237
2013-12-17 02:06:00+00:00,-56.755177
2013-12-17 02:07:00+00:00,-58.579792
2013-12-17 02:08:00+00:00,-56.677719
2013-12-17 02:09:00+00:00,-54.21764
2013-12-17 02:10:00+00:00,-52.413475
2013-12-17 02:11:00+00:00,-51.42543
2013-12-17 02:12:00+00:00,-50.204731
2013-12-17 02:13:00+00:00,-53.034336
2013-12-17 02:14:00+00:00,-57.367916
2013-12-17 02:15:00+00:00,-63.72493
2013-12-17 02:16:00+00:00,-68.497276
2013-12-17 02:17:00+00:00,-69.661156
2013-12-17 02:18:00+00:00,-67.744026
2013-12-17 02:19:00+00:00,-64.874901
2013-12-17 02:20:00+00:00,-62.82975
2013-12-17 02:21:00+00:00,-61.036903
2013-12-17 02:22:00+00:00,-61.610226
2013-12-17 02:23:00+00:00,-63.40773
2013-12-17 02:24:00+00:00,-63.518867
2013-12-17 02:25:00+00:00,-60.808971
2013-12-17 02:26:00+00:00,-56.395332
2013-12-17 02:27:00+00:00,-51.791229
2013-12-17 02:28:00+00:00,-47.541691
2013-12-17 02:29:00+00:00,-44.492992
2013-12-17 02:30:00+00:00,-44.273045
2013-12-17 02:31:00+00:00,-44.473114
2013-12-17 02:32:00+00:00,-44.489304
2013-12-17 02:33:00+00:00,-44.794056
2013-12-17 02:34:00+00:00,-44.308258
2013-12-17 02:35:00+00:00,-43.162769
2013-12-17 02:36:00+00:00,-42.320473
2013-12-17 02:37:00+00:00,-41.483509
2013-12-17 02:38:00+00:00,-40.985855
2013-12-17 02:39:00+00:00,-40.925167
2013-12-17 02:40:00+00:00,-40.783852
2013-12-17 02:41:00+00:00,-41.17226
2013-12-17 02:42:00+00:00,-41.698784
2013-12-17 02:43:00+00:00,-42.063614
2013-12-17 02:44:00+00:00,-42.035294
2013-12-17 02:45:00+00:00,-41.743702
2013-12-17 02:46:00+00:00,-44.128582
2013-12-17 02:47:00+00:00,-39.613098
2013-12-24 00:00:00+00:00,-31.029427
2013-12-24 00:01:00+00:00,-33.911003
2013-12-24 00:02:00+00:00,-35.849358
2013-12-24 00:03:00+00:00,-36.323715
2013-12-24 00:04:00+00:00,-36.409252
2013-12-24 00:05:00+00:00,-36.721169
2013-12-24 00:06:00+00:00,-36.598305
2013-12-24 00:07:00+00:00,-36.193951
2013-12-24 00:08:00+00:00,-34.667263
2013-12-24 00:09:00+00:00,-33.037739
2013-12-24 00:10:00+00:00,-31.830746
2013-12-24 00:11:00+00:00,-31.113634
2013-12-24 00:12:00+00:00,-30.247704
2013-12-24 00:13:00+00:00,-30.191914
2013-12-24 00:14:00+00:00,-31.30463
2013-12-24 00:15:00+00:00,-32.461803
2013-12-24 00:16:00+00:00,-33.642391
2013-12-24 00:17:00+00:00,-35.066093
2013-12-24 00:18:00+00:00,-35.89452
2013-12-24 00:19:00+00:00,-35.138382
2013-12-24 00:20:00+00:00,-34.420696
2013-12-24 00:21:00+00:00,-33.191631
2013-12-24 00:22:00+00:00,-31.410143
2013-12-24 00:23:00+00:00,-31.306671
2013-12-24 00:24:00+00:00,-30.847984
2013-12-24 00:25:00+00:00,-31.03796
2013-12-24 00:26:00+00:00,-30.590439
2013-12-24 00:27:00+00:00,-29.739765
2013-12-24 00:28:00+00:00,-29.661694
2013-12-24 00:29:00+00:00,-30.017328
2013-12-24 00:30:00+00:00,-30.207029
2013-12-24 00:31:00+00:00,-31.23745
2013-12-24 00:32:00+00:00,-31.867718
2013-12-24 00:33:00+00:00,-32.675858
2013-12-24 00:34:00+00:00,-33.314236
2013-12-24 00:35:00+00:00,-32.803387
2013-12-24 00:36:00+00:00,-32.505642
2013-12-24 00:37:00+00:00,-31.973761
2013-12-24 00:38:00+00:00,-31.592535
2013-12-24 00:39:00+00:00,-32.02898
2013-12-24 00:40:00+00:00,-31.831951
2013-12-24 00:41:00+00:00,-32.098156
2013-12-24 00:42:00+00:00,-32.421364
2013-12-24 00:43:00+00:00,-32.326023
2013-12-24 00:44:00+00:00,-32.232071
2013-12-24 00:45:00+00:00,-32.005756
2013-12-24 00:46:00+00:00,-31.863111
2013-12-24 00:47:00+00:00,-32.616245
2013-12-24 00:48:00+00:00,-33.181423
2013-12-24 00:49:00+00:00,-32.969807
2013-12-24 00:50:00+00:00,-32.288055
2013-12-24 00:51:00+00:00,-31.149876
2013-12-24 00:52:00+00:00,-30.325794
2013-12-24 00:53:00+00:00,-30.090254
2013-12-24 00:54:00+00:00,-30.290936
2013-12-24 00:55:00+00:00,-29.390755
2013-12-24 00:56:00+00:00,-28.960051
2013-12-24 00:57:00+00:00,-28.361153
2013-12-24 00:58:00+00:00,-27.931004
2013-12-24 00:59:00+00:00,-26.412788
2013-12-24 01:00:00+00:00,-25.413958
2013-12-24 01:01:00+00:00,-25.98304
2013-12-24 01:02:00+00:00,-26.410973
2013-12-24 01:03:00+00:00,-26.65476
2013-12-24 01:04:00+00:00,-27.136297
2013-12-24 01:05:00+00:00,-26.353653
2013-12-24 01:06:00+00:00,-25.069546
2013-12-24 01:07:00+00:00,-24.538778
2013-12-24 01:08:00+00:00,-24.730267
2013-12-24 01:09:00+00:00,-24.554497
2013-12-24 01:10:00+00:00,-24.092482
2013-12-24 01:11:00+00:00,-23.40815
2013-12-24 01:12:00+00:00,-22.853512
2013-12-24 01:13:00+00:00,-22.569157
2013-12-24 01:14:00+00:00,-22.726429
2013-12-24 01:15:00+00:00,-22.833105
2013-12-24 01:16:00+00:00,-22.442478
2013-12-24 01:17:00+00:00,-22.355074
2013-12-24 01:18:00+00:00,-22.336096
2013-12-24 01:19:00+00:00,-22.893314
2013-12-24 01:20:00+00:00,-23.731771
2013-12-24 01:21:00+00:00,-24.446154
2013-12-24 01:22:00+00:00,-25.082321
2013-12-24 01:23:00+00:00,-25.132912
2013-12-24 01:24:00+00:00,-25.165268
2013-12-24 01:25:00+00:00,-25.404449
2013-12-24 01:26:00+00:00,-25.875319
2013-12-24 01:27:00+00:00,-26.401569
2013-12-24 01:28:00+00:00,-28.229563
2013-12-24 01:29:00+00:00,-30.880678
2013-12-24 01:30:00+00:00,-34.873627
2013-12-24 01:31:00+00:00,-36.421555
2013-12-24 01:32:00+00:00,-36.188446
2013-12-24 01:33:00+00:00,-37.028278
2013-12-24 01:34:00+00:00,-34.594398
2013-12-24 01:35:00+00:00,-29.960056
2013-12-24 01:36:00+00:00,-28.445585
2013-12-24 01:37:00+00:00,-26.684792
2013-12-24 01:38:00+00:00,-27.561483
2013-12-24 01:39:00+00:00,-29.092276
2013-12-24 01:40:00+00:00,-30.8475
2013-12-24 01:41:00+00:00,-32.143578
2013-12-24 01:42:00+00:00,-30.502016
2013-12-24 01:43:00+00:00,-29.0781
2013-12-24 01:44:00+00:00,-28.198997
2013-12-24 01:45:00+00:00,-29.068827
2013-12-24 01:46:00+00:00,-29.840212
2013-12-24 01:47:00+00:00,-29.254827
2013-12-24 01:48:00+00:00,-28.502411
2013-12-24 01:49:00+00:00,-29.490208
2013-12-24 01:50:00+00:00,-31.766085
2013-12-24 01:51:00+00:00,-32.444321
2013-12-24 01:52:00+00:00,-32.721214
2013-12-24 01:53:00+00:00,-31.342884
2013-12-24 01:54:00+00:00,-30.541765
2013-12-24 01:55:00+00:00,-28.464359
2013-12-24 01:56:00+00:00,-28.051115
2013-12-24 01:57:00+00:00,-29.454391
2013-12-24 01:58:00+00:00,-29.118542
2013-12-24 01:59:00+00:00,-29.747686
2013-12-24 02:00:00+00:00,-30.661177
2013-12-24 02:01:00+00:00,-30.848516
2013-12-24 02:02:00+00:00,-30.4086
2013-12-24 02:03:00+00:00,-29.877874
2013-12-24 02:04:00+00:00,-29.191887
2013-12-24 02:05:00+00:00,-28.545952
2013-12-24 02:06:00+00:00,-28.181276
2013-12-24 02:07:00+00:00,-28.000208
2013-12-24 02:08:00+00:00,-28.256651
2013-12-24 02:09:00+00:00,-29.682053
2013-12-24 02:10:00+00:00,-30.245159
2013-12-24 02:11:00+00:00,-30.512379
2013-12-24 02:12:00+00:00,-31.076487
2013-12-24 02:13:00+00:00,-32.07127
2013-12-24 02:14:00+00:00,-32.216454
2013-12-24 02:15:00+00:00,-32.313797
2013-12-24 02:16:00+00:00,-31.940775
2013-12-24 02:17:00+00:00,-31.944393
2013-12-24 02:18:00+00:00,-31.271263
2013-12-24 02:19:00+00:00,-31.121582
2013-12-24 02:20:00+00:00,-30.7307
2013-12-24 02:21:00+00:00,-30.37108
2013-12-24 02:22:00+00:00,-30.658932
2013-12-24 02:23:00+00:00,-30.931168
2013-12-24 02:24:00+00:00,-30.886034
2013-12-24 02:25:00+00:00,-29.736418
2013-12-24 02:26:00+00:00,-29.018452
2013-12-24 02:27:00+00:00,-29.019247
2013-12-24 02:28:00+00:00,-28.816927
2013-12-24 02:29:00+00:00,-29.09997
2013-12-24 02:30:00+00:00,-29.139858
2013-12-24 02:31:00+00:00,-28.768965
2013-12-24 02:32:00+00:00,-28.566694
2013-12-24 02:33:00+00:00,-28.983578
2013-12-24 02:34:00+00:00,-29.120203
2013-12-24 02:35:00+00:00,-29.848639
2013-12-24 02:36:00+00:00,-30.07025
2013-12-24 02:37:00+00:00,-30.924686
2013-12-24 02:38:00+00:00,-31.62191
2013-12-24 02:39:00+00:00,-32.085747
2013-12-24 02:40:00+00:00,-31.907015
2013-12-24 02:41:00+00:00,-32.021263
2013-12-24 02:42:00+00:00,-31.707788
2013-12-24 02:43:00+00:00,-31.637489
2013-12-24 02:44:00+00:00,-32.640438
2013-12-24 02:45:00+00:00,-32.00668
2013-12-24 02:46:00+00:00,-31.569567
2013-12-24 02:47:00+00:00,-32.206333
2013-12-31 00:00:00+00:00,-37.701336
2013-12-31 00:01:00+00:00,-39.693108
2013-12-31 00:02:00+00:00,-40.32402
2013-12-31 00:03:00+00:00,-40.309441
2013-12-31 00:04:00+00:00,-41.02047
2013-12-31 00:05:00+00:00,-40.87606
2013-12-31 00:06:00+00:00,-45.97015
2013-12-31 00:07:00+00:00,-52.515133
2013-12-31 00:08:00+00:00,-47.234364
2013-12-31 00:09:00+00:00,-44.225643
2013-12-31 00:10:00+00:00,-53.120567
2013-12-31 00:11:00+00:00,-64.527283
2013-12-31 00:12:00+00:00,-65.845215
2013-12-31 00:13:00+00:00,-67.886879
2013-12-31 00:14:00+00:00,-72.255783
2013-12-31 00:15:00+00:00,-76.901161
2013-12-31 00:16:00+00:00,-73.937859
2013-12-31 00:17:00+00:00,-71.714561
2013-12-31 00:18:00+00:00,-75.114838
2013-12-31 00:19:00+00:00,-73.924934
2013-12-31 00:20:00+00:00,-79.524864
2013-12-31 00:21:00+00:00,-87.544861
2013-12-31 00:22:00+00:00,-98.046669
2013-12-31 00:23:00+00:00,-109.359131
2013-12-31 00:24:00+00:00,-121.6493
2013-12-31 00:25:00+00:00,-132.867401
2013-12-31 00:26:00+00:00,-134.656082
2013-12-31 00:27:00+00:00,-140.000717
2013-12-31 00:28:00+00:00,-149.007828
2013-12-31 00:29:00+00:00,-175.458694
2013-12-31 00:30:00+00:00,-184.359238
2013-12-31 00:31:00+00:00,-157.412888
2013-12-31 00:32:00+00:00,-136.164154
2013-12-31 00:33:00+00:00,-127.819176
2013-12-31 00:34:00+00:00,-119.386787
2013-12-31 00:35:00+00:00,-113.520401
2013-12-31 00:36:00+00:00,-104.331406
2013-12-31 00:37:00+00:00,-100.597214
2013-12-31 00:38:00+00:00,-104.515167
2013-12-31 00:39:00+00:00,-113.268936
2013-12-31 00:40:00+00:00,-116.178894
2013-12-31 00:41:00+00:00,-109.014648
2013-12-31 00:42:00+00:00,-92.940338
2013-12-31 00:43:00+00:00,-98.029274
2013-12-31 00:44:00+00:00,-114.586205
2013-12-31 00:45:00+00:00,-135.225479
2013-12-31 00:46:00+00:00,-124.314262
2013-12-31 00:47:00+00:00,-102.239479
2013-12-31 00:48:00+00:00,-95.370285
2013-12-31 00:49:00+00:00,-96.926498
2013-12-31 00:50:00+00:00,-99.666962
2013-12-31 00:51:00+00:00,-107.23922
2013-12-31 00:52:00+00:00,-112.302513
2013-12-31 00:53:00+00:00,-102.651848
2013-12-31 00:54:00+00:00,-94.442551
2013-12-31 00:55:00+00:00,-90.756744
2013-12-31 00:56:00+00:00,-102.798592
2013-12-31 00:57:00+00:00,-102.707809
2013-12-31 00:58:00+00:00,-90.105263
2013-12-31 00:59:00+00:00,-109.263107
2013-12-31 01:00:00+00:00,-69.628716
2013-12-31 01:01:00+00:00,-68.408463
2013-12-31 01:02:00+00:00,-67.636368
2013-12-31 01:03:00+00:00,-67.016518
2013-12-31 01:04:00+00:00,-64.4748
2013-12-31 01:05:00+00:00,-63.13361
2013-12-31 01:06:00+00:00,-57.307827
2013-12-31 01:07:00+00:00,-56.420082
2013-12-31 01:08:00+00:00,-56.204636
2013-12-31 01:09:00+00:00,-55.216438
2013-12-31 01:10:00+00:00,-58.413414
2013-12-31 01:11:00+00:00,-59.163513
2013-12-31 01:12:00+00:00,-60.80864
2013-12-31 01:13:00+00:00,-59.552021
2013-12-31 01:14:00+00:00,-56.094936
2013-12-31 01:15:00+00:00,-58.791008
2013-12-31 01:16:00+00:00,-66.581619
2013-12-31 01:17:00+00:00,-73.279633
2013-12-31 01:18:00+00:00,-82.309837
2013-12-31 01:19:00+00:00,-87.77195
2013-12-31 01:20:00+00:00,-87.806694
2013-12-31 01:21:00+00:00,-85.734497
2013-12-31 01:22:00+00:00,-80.765411
2013-12-31 01:23:00+00:00,-82.607498
2013-12-31 01:24:00+00:00,-92.002876
2013-12-31 01:25:00+00:00,-107.822723
2013-12-31 01:26:00+00:00,-113.605148
2013-12-31 01:27:00+00:00,-110.223221
2013-12-31 01:28:00+00:00,-116.276169
2013-12-31 01:29:00+00:00,-105.115829
2013-12-31 01:30:00+00:00,-100.692184
2013-12-31 01:31:00+00:00,-97.04155
2013-12-31 01:32:00+00:00,-97.964493
2013-12-31 01:33:00+00:00,-109.750557
2013-12-31 01:34:00+00:00,-117.462112
2013-12-31 01:35:00+00:00,-123.820786
2013-12-31 01:36:00+00:00,-125.728935
2013-12-31 01:37:00+00:00,-126.194992
2013-12-31 01:38:00+00:00,-161.481323
2013-12-31 01:39:00+00:00,-150.999008
2013-12-31 01:40:00+00:00,-212.569412
2013-12-31 01:41:00+00:00,-227.164749
2013-12-31 01:42:00+00:00,-126.040428
2013-12-31 01:43:00+00:00,-139.699936
2013-12-31 01:44:00+00:00,-108.390892
2013-12-31 01:45:00+00:00,-122.471504
2013-12-31 01:46:00+00:00,-157.790558
2013-12-31 01:47:00+00:00,-128.8311
2013-12-31 01:48:00+00:00,-112.634621
2013-12-31 01:49:00+00:00,-98.364426
2013-12-31 01:50:00+00:00,-95.56559
2013-12-31 01:51:00+00:00,-96.402321
2013-12-31 01:52:00+00:00,-97.11734
2013-12-31 01:53:00+00:00,-93.480232
2013-12-31 01:54:00+00:00,-93.618973
2013-12-31 01:55:00+00:00,-92.914482
2013-12-31 01:56:00+00:00,-100.237846
2013-12-31 01:57:00+00:00,-102.83474
2013-12-31 01:58:00+00:00,-108.650269
2013-12-31 01:59:00+00:00,-106.654205
2013-12-31 02:00:00+00:00,-106.309311
2013-12-31 02:01:00+00:00,-106.858582
2013-12-31 02:02:00+00:00,-117.25695
2013-12-31 02:03:00+00:00,-135.537979
2013-12-31 02:04:00+00:00,-127.817894
2013-12-31 02:05:00+00:00,-131.639648
2013-12-31 02:06:00+00:00,-133.495438
2013-12-31 02:07:00+00:00,-125.123543
2013-12-31 02:08:00+00:00,-95.246452
2013-12-31 02:09:00+00:00,-94.057472
2013-12-31 02:10:00+00:00,-97.550888
2013-12-31 02:11:00+00:00,-104.12175
2013-12-31 02:12:00+00:00,-114.017006
2013-12-31 02:13:00+00:00,-114.812843
2013-12-31 02:14:00+00:00,-114.906792
2013-12-31 02:15:00+00:00,-112.093842
2013-12-31 02:16:00+00:00,-107.766876
2013-12-31 02:17:00+00:00,-100.092461
2013-12-31 02:18:00+00:00,-101.666611
2013-12-31 02:19:00+00:00,-91.601257
2013-12-31 02:20:00+00:00,-88.899811
2013-12-31 02:21:00+00:00,-86.508553
2013-12-31 02:22:00+00:00,-86.398422
2013-12-31 02:23:00+00:00,-83.083076
2013-12-31 02:24:00+00:00,-73.870941
2013-12-31 02:25:00+00:00,-70.55407
2013-12-31 02:26:00+00:00,-67.931885
2013-12-31 02:27:00+00:00,-67.328629
2013-12-31 02:28:00+00:00,-66.223785
2013-12-31 02:29:00+00:00,-64.296066
2013-12-31 02:30:00+00:00,-63.226151
2013-12-31 02:31:00+00:00,-64.488327
2013-12-31 02:32:00+00:00,-65.896423
2013-12-31 02:33:00+00:00,-65.650345
2013-12-31 02:34:00+00:00,-64.96978
2013-12-31 02:35:00+00:00,-62.667175
2013-12-31 02:36:00+00:00,-57.950485
2013-12-31 02:37:00+00:00,-59.062489
2013-12-31 02:38:00+00:00,-66.225014
2013-12-31 02:39:00+00:00,-55.75666
2013-12-31 02:40:00+00:00,-44.997925
2013-12-31 02:41:00+00:00,-44.143612
2013-12-31 02:42:00+00:00,-42.59771
2013-12-31 02:43:00+00:00,-40.832474
2013-12-31 02:44:00+00:00,-38.697166
2013-12-31 02:45:00+00:00,-35.549206
2013-12-31 02:46:00+00:00,-32.904938
2013-12-31 02:47:00+00:00,-31.062553
