time,SML
2024-01-01 00:00:00+00:00,-30.946306
2024-01-01 00:01:00+00:00,-31.153873
2024-01-01 00:02:00+00:00,-30.89843
2024-01-01 00:03:00+00:00,-30.506189
2024-01-01 00:04:00+00:00,-30.235914
2024-01-01 00:05:00+00:00,-30.045582
2024-01-01 00:06:00+00:00,-29.794538
2024-01-01 00:07:00+00:00,-29.174164
2024-01-01 00:08:00+00:00,-27.592712
2024-01-01 00:09:00+00:00,-27.361513
2024-01-01 00:10:00+00:00,-26.664215
2024-01-01 00:11:00+00:00,-25.70977
2024-01-01 00:12:00+00:00,-25.46788
2024-01-01 00:13:00+00:00,-25.770546
2024-01-01 00:14:00+00:00,-25.867739
2024-01-01 00:15:00+00:00,-25.778959
2024-01-01 00:16:00+00:00,-25.635132
2024-01-01 00:17:00+00:00,-25.412605
2024-01-01 00:18:00+00:00,-25.471794
2024-01-01 00:19:00+00:00,-26.162281
2024-01-01 00:20:00+00:00,-26.9645
2024-01-01 00:21:00+00:00,-27.399914
2024-01-01 00:22:00+00:00,-27.581768
2024-01-01 00:23:00+00:00,-27.795292
2024-01-01 00:24:00+00:00,-27.485573
2024-01-01 00:25:00+00:00,-27.1185
2024-01-01 00:26:00+00:00,-26.845409
2024-01-01 00:27:00+00:00,-27.171158
2024-01-01 00:28:00+00:00,-28.206066
2024-01-01 00:29:00+00:00,-28.506748
2024-01-01 00:30:00+00:00,-28.677664
2024-01-01 00:31:00+00:00,-28.732002
2024-01-01 00:32:00+00:00,-29.137703
2024-01-01 00:33:00+00:00,-30.031532
2024-01-01 00:34:00+00:00,-30.770855
2024-01-01 00:35:00+00:00,-31.043116
2024-01-01 00:36:00+00:00,-31.335564
2024-01-01 00:37:00+00:00,-31.153027
2024-01-01 00:38:00+00:00,-30.879349
2024-01-01 00:39:00+00:00,-30.025972
2024-01-01 00:40:00+00:00,-28.660336
2024-01-01 00:41:00+00:00,-28.001129
2024-01-01 00:42:00+00:00,-28.386194
2024-01-01 00:43:00+00:00,-28.160198
2024-01-01 00:44:00+00:00,-28.392422
2024-01-01 00:45:00+00:00,-28.490036
2024-01-01 00:46:00+00:00,-28.418921
2024-01-01 00:47:00+00:00,-28.486408
2024-01-01 00:48:00+00:00,-29.132011
2024-01-01 00:49:00+00:00,-30.013876
2024-01-01 00:50:00+00:00,-30.477652
2024-01-01 00:51:00+00:00,-30.367317
2024-01-01 00:52:00+00:00,-29.386734
2024-01-01 00:53:00+00:00,-29.51527
2024-01-01 00:54:00+00:00,-30.164528
2024-01-01 00:55:00+00:00,-30.907139
2024-01-01 00:56:00+00:00,-30.849491
2024-01-01 00:57:00+00:00,-30.634106
2024-01-01 00:58:00+00:00,-30.34589
2024-01-01 00:59:00+00:00,-30.686937
2024-01-01 01:00:00+00:00,-32.006802
2024-01-01 01:01:00+00:00,-32.809978
2024-01-01 01:02:00+00:00,-33.871159
2024-01-01 01:03:00+00:00,-33.545868
2024-01-01 01:04:00+00:00,-32.862366
2024-01-01 01:05:00+00:00,-32.003483
2024-01-01 01:06:00+00:00,-32.42094
2024-01-01 01:07:00+00:00,-30.940422
2024-01-01 01:08:00+00:00,-31.247505
2024-01-01 01:09:00+00:00,-31.921597
2024-01-01 01:10:00+00:00,-31.877792
2024-01-01 01:11:00+00:00,-30.917793
2024-01-01 01:12:00+00:00,-29.054249
2024-01-01 01:13:00+00:00,-27.416981
2024-01-01 01:14:00+00:00,-26.806725
2024-01-01 01:15:00+00:00,-26.919712
2024-01-01 01:16:00+00:00,-28.198381
2024-01-01 01:17:00+00:00,-28.460827
2024-01-01 01:18:00+00:00,-28.678783
2024-01-01 01:19:00+00:00,-28.804346
2024-01-01 01:20:00+00:00,-28.789608
2024-01-01 01:21:00+00:00,-29.159912
2024-01-01 01:22:00+00:00,-29.19352
2024-01-01 01:23:00+00:00,-29.228371
2024-01-01 01:24:00+00:00,-29.313044
2024-01-01 01:25:00+00:00,-29.079422
2024-01-01 01:26:00+00:00,-28.386826
2024-01-01 01:27:00+00:00,-28.256685
2024-01-01 01:28:00+00:00,-28.221178
2024-01-01 01:29:00+00:00,-27.577126
2024-01-01 01:30:00+00:00,-27.053967
2024-01-01 01:31:00+00:00,-27.127625
2024-01-01 01:32:00+00:00,-27.403694
2024-01-01 01:33:00+00:00,-27.245525
2024-01-01 01:34:00+00:00,-27.424603
2024-01-01 01:35:00+00:00,-27.499508
2024-01-01 01:36:00+00:00,-27.055191
2024-01-01 01:37:00+00:00,-26.979345
2024-01-01 01:38:00+00:00,-26.536682
2024-01-01 01:39:00+00:00,-26.017084
2024-01-01 01:40:00+00:00,-25.276089
2024-01-01 01:41:00+00:00,-24.888884
2024-01-01 01:42:00+00:00,-25.320303
2024-01-01 01:43:00+00:00,-25.715641
2024-01-01 01:44:00+00:00,-25.536921
2024-01-01 01:45:00+00:00,-25.241081
2024-01-01 01:46:00+00:00,-25.206751
2024-01-01 01:47:00+00:00,-25.425514
2024-01-01 01:48:00+00:00,-26.14743
2024-01-01 01:49:00+00:00,-26.656664
2024-01-01 01:50:00+00:00,-25.572353
2024-01-01 01:51:00+00:00,-25.159138
2024-01-01 01:52:00+00:00,-24.744156
2024-01-01 01:53:00+00:00,-25.346985
2024-01-01 01:54:00+00:00,-25.296614
2024-01-01 01:55:00+00:00,-25.466133
2024-01-01 01:56:00+00:00,-25.344795
2024-01-01 01:57:00+00:00,-25.310524
2024-01-01 01:58:00+00:00,-24.71096
2024-01-01 01:59:00+00:00,-24.350792
2024-01-01 02:00:00+00:00,-24.499538
2024-01-01 02:01:00+00:00,-24.5536
2024-01-01 02:02:00+00:00,-24.198345
2024-01-01 02:03:00+00:00,-24.010019
2024-01-01 02:04:00+00:00,-23.882212
2024-01-01 02:05:00+00:00,-24.067883
2024-01-01 02:06:00+00:00,-24.580046
2024-01-01 02:07:00+00:00,-25.261038
2024-01-01 02:08:00+00:00,-25.881077
2024-01-01 02:09:00+00:00,-25.703836
2024-01-01 02:10:00+00:00,-25.605822
2024-01-01 02:11:00+00:00,-25.454292
2024-01-01 02:12:00+00:00,-25.097912
2024-01-01 02:13:00+00:00,-25.862888
2024-01-01 02:14:00+00:00,-26.862534
2024-01-01 02:15:00+00:00,-28.056839
2024-01-01 02:16:00+00:00,-28.475151
2024-01-01 02:17:00+00:00,-29.300087
2024-01-01 02:18:00+00:00,-29.39986
2024-01-01 02:19:00+00:00,-30.16708
2024-01-01 02:20:00+00:00,-30.537325
2024-01-01 02:21:00+00:00,-30.517466
2024-01-01 02:22:00+00:00,-30.469837
2024-01-01 02:23:00+00:00,-30.641556
2024-01-01 02:24:00+00:00,-29.920322
2024-01-01 02:25:00+00:00,-29.338411
2024-01-01 02:26:00+00:00,-28.990582
2024-01-01 02:27:00+00:00,-29.260651
2024-01-01 02:28:00+00:00,-28.916233
2024-01-01 02:29:00+00:00,-29.003258
2024-01-01 02:30:00+00:00,-28.216091
2024-01-01 02:31:00+00:00,-27.723309
2024-01-01 02:32:00+00:00,-26.261835
2024-01-01 02:33:00+00:00,-25.459656
2024-01-01 02:34:00+00:00,-25.179127
2024-01-01 02:35:00+00:00,-24.506237
2024-01-01 02:36:00+00:00,-23.779903
2024-01-01 02:37:00+00:00,-22.513847
2024-01-01 02:38:00+00:00,-21.525501
2024-01-01 02:39:00+00:00,-20.535622
2024-01-01 02:40:00+00:00,-21.332344
2024-01-01 02:41:00+00:00,-22.570995
2024-01-01 02:42:00+00:00,-23.173494
2024-01-01 02:43:00+00:00,-23.028568
2024-01-01 02:44:00+00:00,-22.794472
2024-01-01 02:45:00+00:00,-22.832579
2024-01-01 02:46:00+00:00,-23.671255
2024-01-01 02:47:00+00:00,-24.604511
2024-01-08 00:00:00+00:00,-20.003345
2024-01-08 00:01:00+00:00,-20.468033
2024-01-08 00:02:00+00:00,-21.59667
2024-01-08 00:03:00+00:00,-22.227621
2024-01-08 00:04:00+00:00,-22.69779
2024-01-08 00:05:00+00:00,-22.94906
2024-01-08 00:06:00+00:00,-23.533747
2024-01-08 00:07:00+00:00,-24.211439
2024-01-08 00:08:00+00:00,-24.8284
2024-01-08 00:09:00+00:00,-24.810886
2024-01-08 00:10:00+00:00,-24.07588
2024-01-08 00:11:00+00:00,-23.426104
2024-01-08 00:12:00+00:00,-23.292208
2024-01-08 00:13:00+00:00,-23.45055
2024-01-08 00:14:00+00:00,-23.521788
2024-01-08 00:15:00+00:00,-23.214764
2024-01-08 00:16:00+00:00,-22.539785
2024-01-08 00:17:00+00:00,-21.960218
2024-01-08 00:18:00+00:00,-21.041485
2024-01-08 00:19:00+00:00,-20.643921
2024-01-08 00:20:00+00:00,-20.434021
2024-01-08 00:21:00+00:00,-20.599808
2024-01-08 00:22:00+00:00,-21.157286
2024-01-08 00:23:00+00:00,-22.141649
2024-01-08 00:24:00+00:00,-23.330719
2024-01-08 00:25:00+00:00,-24.175169
2024-01-08 00:26:00+00:00,-24.501642
2024-01-08 00:27:00+00:00,-24.940992
2024-01-08 00:28:00+00:00,-25.239786
2024-01-08 00:29:00+00:00,-24.816984
2024-01-08 00:30:00+00:00,-24.799961
2024-01-08 00:31:00+00:00,-24.87818
2024-01-08 00:32:00+00:00,-25.369997
2024-01-08 00:33:00+00:00,-25.217321
2024-01-08 00:34:00+00:00,-25.300539
2024-01-08 00:35:00+00:00,-25.136753
2024-01-08 00:36:00+00:00,-25.602453
2024-01-08 00:37:00+00:00,-25.865599
2024-01-08 00:38:00+00:00,-25.741159
2024-01-08 00:39:00+00:00,-24.430319
2024-01-08 00:40:00+00:00,-22.822252
2024-01-08 00:41:00+00:00,-21.67137
2024-01-08 00:42:00+00:00,-20.576803
2024-01-08 00:43:00+00:00,-19.855465
2024-01-08 00:44:00+00:00,-19.058138
2024-01-08 00:45:00+00:00,-18.423136
2024-01-08 00:46:00+00:00,-17.843044
2024-01-08 00:47:00+00:00,-17.097172
2024-01-08 00:48:00+00:00,-16.05858
2024-01-08 00:49:00+00:00,-16.06127
2024-01-08 00:50:00+00:00,-16.570095
2024-01-08 00:51:00+00:00,-17.008389
2024-01-08 00:52:00+00:00,-17.631092
2024-01-08 00:53:00+00:00,-18.995329
2024-01-08 00:54:00+00:00,-19.516636
2024-01-08 00:55:00+00:00,-19.579309
2024-01-08 00:56:00+00:00,-19.920177
2024-01-08 00:57:00+00:00,-20.324898
2024-01-08 00:58:00+00:00,-20.664579
2024-01-08 00:59:00+00:00,-21.069567
2024-01-08 01:00:00+00:00,-20.917883
2024-01-08 01:01:00+00:00,-20.542639
2024-01-08 01:02:00+00:00,-19.596836
2024-01-08 01:03:00+00:00,-18.245087
2024-01-08 01:04:00+00:00,-16.877588
2024-01-08 01:05:00+00:00,-15.507095
2024-01-08 01:06:00+00:00,-13.90802
2024-01-08 01:07:00+00:00,-12.841282
2024-01-08 01:08:00+00:00,-11.98999
2024-01-08 01:09:00+00:00,-11.806353
2024-01-08 01:10:00+00:00,-12.280661
2024-01-08 01:11:00+00:00,-13.15419
2024-01-08 01:12:00+00:00,-14.305412
2024-01-08 01:13:00+00:00,-15.3799
2024-01-08 01:14:00+00:00,-16.337591
2024-01-08 01:15:00+00:00,-17.29052
2024-01-08 01:16:00+00:00,-18.493061
2024-01-08 01:17:00+00:00,-18.664516
2024-01-08 01:18:00+00:00,-18.330332
2024-01-08 01:19:00+00:00,-17.520355
2024-01-08 01:20:00+00:00,-16.503689
2024-01-08 01:21:00+00:00,-15.47122
2024-01-08 01:22:00+00:00,-14.925138
2024-01-08 01:23:00+00:00,-13.977722
2024-01-08 01:24:00+00:00,-12.575806
2024-01-08 01:25:00+00:00,-11.276581
2024-01-08 01:26:00+00:00,-10.801294
2024-01-08 01:27:00+00:00,-10.688583
2024-01-08 01:28:00+00:00,-10.998077
2024-01-08 01:29:00+00:00,-11.404549
2024-01-08 01:30:00+00:00,-11.78031
2024-01-08 01:31:00+00:00,-12.309647
2024-01-08 01:32:00+00:00,-12.618298
2024-01-08 01:33:00+00:00,-12.941113
2024-01-08 01:34:00+00:00,-13.36939
2024-01-08 01:35:00+00:00,-13.225384
2024-01-08 01:36:00+00:00,-12.724806
2024-01-08 01:37:00+00:00,-12.028481
2024-01-08 01:38:00+00:00,-11.239819
2024-01-08 01:39:00+00:00,-10.690836
2024-01-08 01:40:00+00:00,-10.097345
2024-01-08 01:41:00+00:00,-9.623394
2024-01-08 01:42:00+00:00,-9.819754
2024-01-08 01:43:00+00:00,-10.262096
2024-01-08 01:44:00+00:00,-10.307238
2024-01-08 01:45:00+00:00,-10.083794
2024-01-08 01:46:00+00:00,-9.54624
2024-01-08 01:47:00+00:00,-9.726301
2024-01-08 01:48:00+00:00,-10.618109
2024-01-08 01:49:00+00:00,-10.568327
2024-01-08 01:50:00+00:00,-9.665327
2024-01-08 01:51:00+00:00,-9.191694
2024-01-08 01:52:00+00:00,-9.201847
2024-01-08 01:53:00+00:00,-9.021341
2024-01-08 01:54:00+00:00,-9.874779
2024-01-08 01:55:00+00:00,-10.607357
2024-01-08 01:56:00+00:00,-10.886549
2024-01-08 01:57:00+00:00,-10.446718
2024-01-08 01:58:00+00:00,-10.33375
2024-01-08 01:59:00+00:00,-9.913231
2024-01-08 02:00:00+00:00,-9.354342
2024-01-08 02:01:00+00:00,-9.510752
2024-01-08 02:02:00+00:00,-9.569723
2024-01-08 02:03:00+00:00,-9.27828
2024-01-08 02:04:00+00:00,-8.762352
2024-01-08 02:05:00+00:00,-8.384684
2024-01-08 02:06:00+00:00,-8.114826
2024-01-08 02:07:00+00:00,-8.061878
2024-01-08 02:08:00+00:00,-8.115311
2024-01-08 02:09:00+00:00,-7.870781
2024-01-08 02:10:00+00:00,-7.22961
2024-01-08 02:11:00+00:00,-6.642923
2024-01-08 02:12:00+00:00,-6.089676
2024-01-08 02:13:00+00:00,-6.0249
2024-01-08 02:14:00+00:00,-6.315598
2024-01-08 02:15:00+00:00,-6.873131
2024-01-08 02:16:00+00:00,-7.1021
2024-01-08 02:17:00+00:00,-7.341328
2024-01-08 02:18:00+00:00,-8.090275
2024-01-08 02:19:00+00:00,-8.694113
2024-01-08 02:20:00+00:00,-9.060509
2024-01-08 02:21:00+00:00,-8.857229
2024-01-08 02:22:00+00:00,-8.525452
2024-01-08 02:23:00+00:00,-8.489784
2024-01-08 02:24:00+00:00,-8.462091
2024-01-08 02:25:00+00:00,-8.328558
2024-01-08 02:26:00+00:00,-8.263941
2024-01-08 02:27:00+00:00,-8.65589
2024-01-08 02:28:00+00:00,-8.832483
2024-01-08 02:29:00+00:00,-8.978556
2024-01-08 02:30:00+00:00,-9.360523
2024-01-08 02:31:00+00:00,-9.589859
2024-01-08 02:32:00+00:00,-9.745995
2024-01-08 02:33:00+00:00,-10.620409
2024-01-08 02:34:00+00:00,-10.927431
2024-01-08 02:35:00+00:00,-11.214403
2024-01-08 02:36:00+00:00,-11.726225
2024-01-08 02:37:00+00:00,-11.386099
2024-01-08 02:38:00+00:00,-11.543423
2024-01-08 02:39:00+00:00,-11.504322
2024-01-08 02:40:00+00:00,-11.329809
2024-01-08 02:41:00+00:00,-11.369955
2024-01-08 02:42:00+00:00,-11.714092
2024-01-08 02:43:00+00:00,-11.780649
2024-01-08 02:44:00+00:00,-12.240784
2024-01-08 02:45:00+00:00,-12.286283
2024-01-08 02:46:00+00:00,-12.188408
2024-01-08 02:47:00+00:00,-12.771837
2024-01-15 00:00:00+00:00,-129.423691
2024-01-15 00:01:00+00:00,-125.2033
2024-01-15 00:02:00+00:00,-125.39077
2024-01-15 00:03:00+00:00,-119.392723
2024-01-15 00:04:00+00:00,-108.954956
2024-01-15 00:05:00+00:00,-101.627518
2024-01-15 00:06:00+00:00,-95.227386
2024-01-15 00:07:00+00:00,-92.905899
2024-01-15 00:08:00+00:00,-87.442429
2024-01-15 00:09:00+00:00,-85.055458
2024-01-15 00:10:00+00:00,-90.964973
2024-01-15 00:11:00+00:00,-82.169159
2024-01-15 00:12:00+00:00,-75.652374
2024-01-15 00:13:00+00:00,-68.980537
2024-01-15 00:14:00+00:00,-60.687416
2024-01-15 00:15:00+00:00,-61.592125
2024-01-15 00:16:00+00:00,-60.166988
2024-01-15 00:17:00+00:00,-58.819225
2024-01-15 00:18:00+00:00,-58.834045
2024-01-15 00:19:00+00:00,-56.665611
2024-01-15 00:20:00+00:00,-54.101097
2024-01-15 00:21:00+00:00,-51.715752
2024-01-15 00:22:00+00:00,-50.445751
2024-01-15 00:23:00+00:00,-45.269836
2024-01-15 00:24:00+00:00,-38.734127
2024-01-15 00:25:00+00:00,-40.455471
2024-01-15 00:26:00+00:00,-41.679592
2024-01-15 00:27:00+00:00,-38.510899
2024-01-15 00:28:00+00:00,-38.176662
2024-01-15 00:29:00+00:00,-38.657856
2024-01-15 00:30:00+00:00,-38.306934
2024-01-15 00:31:00+00:00,-39.39399
2024-01-15 00:32:00+00:00,-41.511261
2024-01-15 00:33:00+00:00,-39.100647
2024-01-15 00:34:00+00:00,-38.97781
2024-01-15 00:35:00+00:00,-37.494671
2024-01-15 00:36:00+00:00,-36.865993
2024-01-15 00:37:00+00:00,-34.25087
2024-01-15 00:38:00+00:00,-32.529526
2024-01-15 00:39:00+00:00,-30.245604
2024-01-15 00:40:00+00:00,-27.1756
2024-01-15 00:41:00+00:00,-24.965187
2024-01-15 00:42:00+00:00,-27.160023
2024-01-15 00:43:00+00:00,-26.52179
2024-01-15 00:44:00+00:00,-26.716942
2024-01-15 00:45:00+00:00,-27.143229
2024-01-15 00:46:00+00:00,-29.211321
2024-01-15 00:47:00+00:00,-27.676394
2024-01-15 00:48:00+00:00,-27.270908
2024-01-15 00:49:00+00:00,-30.2078
2024-01-15 00:50:00+00:00,-30.82597
2024-01-15 00:51:00+00:00,-31.269018
2024-01-15 00:52:00+00:00,-31.122919
2024-01-15 00:53:00+00:00,-27.896503
2024-01-15 00:54:00+00:00,-28.438442
2024-01-15 00:55:00+00:00,-27.311878
2024-01-15 00:56:00+00:00,-24.983788
2024-01-15 00:57:00+00:00,-24.937828
2024-01-15 00:58:00+00:00,-30.961468
2024-01-15 00:59:00+00:00,-28.949306
2024-01-15 01:00:00+00:00,-23.312428
2024-01-15 01:01:00+00:00,-25.501085
2024-01-15 01:02:00+00:00,-31.773331
2024-01-15 01:03:00+00:00,-37.261322
2024-01-15 01:04:00+00:00,-39.636959
2024-01-15 01:05:00+00:00,-39.609741
2024-01-15 01:06:00+00:00,-38.326168
2024-01-15 01:07:00+00:00,-35.416889
2024-01-15 01:08:00+00:00,-35.530746
2024-01-15 01:09:00+00:00,-36.725872
2024-01-15 01:10:00+00:00,-39.180031
2024-01-15 01:11:00+00:00,-35.290718
2024-01-15 01:12:00+00:00,-29.902695
2024-01-15 01:13:00+00:00,-32.437683
2024-01-15 01:14:00+00:00,-41.285065
2024-01-15 01:15:00+00:00,-46.828609
2024-01-15 01:16:00+00:00,-47.656342
2024-01-15 01:17:00+00:00,-54.052372
2024-01-15 01:18:00+00:00,-62.493259
2024-01-15 01:19:00+00:00,-71.799316
2024-01-15 01:20:00+00:00,-76.824051
2024-01-15 01:21:00+00:00,-84.668045
2024-01-15 01:22:00+00:00,-80.335213
2024-01-15 01:23:00+00:00,-82.030617
2024-01-15 01:24:00+00:00,-87.768906
2024-01-15 01:25:00+00:00,-97.194618
2024-01-15 01:26:00+00:00,-96.998169
2024-01-15 01:27:00+00:00,-96.391472
2024-01-15 01:28:00+00:00,-94.409683
2024-01-15 01:29:00+00:00,-87.487373
2024-01-15 01:30:00+00:00,-78.818741
2024-01-15 01:31:00+00:00,-70.269981
2024-01-15 01:32:00+00:00,-64.446236
2024-01-15 01:33:00+00:00,-63.231335
2024-01-15 01:34:00+00:00,-55.211281
2024-01-15 01:35:00+00:00,-54.079788
2024-01-15 01:36:00+00:00,-60.580132
2024-01-15 01:37:00+00:00,-58.159286
2024-01-15 01:38:00+00:00,-50.470554
2024-01-15 01:39:00+00:00,-47.032455
2024-01-15 01:40:00+00:00,-44.430904
2024-01-15 01:41:00+00:00,-39.377785
2024-01-15 01:42:00+00:00,-37.997799
2024-01-15 01:43:00+00:00,-39.046383
2024-01-15 01:44:00+00:00,-37.048191
2024-01-15 01:45:00+00:00,-40.986481
2024-01-15 01:46:00+00:00,-40.920288
2024-01-15 01:47:00+00:00,-39.930531
2024-01-15 01:48:00+00:00,-35.955624
2024-01-15 01:49:00+00:00,-37.378605
2024-01-15 01:50:00+00:00,-35.098701
2024-01-15 01:51:00+00:00,-33.441074
2024-01-15 01:52:00+00:00,-32.433029
2024-01-15 01:53:00+00:00,-33.548172
2024-01-15 01:54:00+00:00,-33.715618
2024-01-15 01:55:00+00:00,-35.047409
2024-01-15 01:56:00+00:00,-29.686617
2024-01-15 01:57:00+00:00,-27.848137
2024-01-15 01:58:00+00:00,-36.272266
2024-01-15 01:59:00+00:00,-27.868237
2024-01-15 02:00:00+00:00,-28.975735
2024-01-15 02:01:00+00:00,-32.818291
2024-01-15 02:02:00+00:00,-44.367832
2024-01-15 02:03:00+00:00,-51.841209
2024-01-15 02:04:00+00:00,-52.579304
2024-01-15 02:05:00+00:00,-58.49136
2024-01-15 02:06:00+00:00,-60.197552
2024-01-15 02:07:00+00:00,-61.79657
2024-01-15 02:08:00+00:00,-55.386139
2024-01-15 02:09:00+00:00,-50.038574
2024-01-15 02:10:00+00:00,-47.18314
2024-01-15 02:11:00+00:00,-56.109951
2024-01-15 02:12:00+00:00,-56.397354
2024-01-15 02:13:00+00:00,-58.670338
2024-01-15 02:14:00+00:00,-58.015808
2024-01-15 02:15:00+00:00,-55.083149
2024-01-15 02:16:00+00:00,-50.052078
2024-01-15 02:17:00+00:00,-48.225163
2024-01-15 02:18:00+00:00,-48.989395
2024-01-15 02:19:00+00:00,-49.587738
2024-01-15 02:20:00+00:00,-51.288139
2024-01-15 02:21:00+00:00,-56.380402
2024-01-15 02:22:00+00:00,-56.174007
2024-01-15 02:23:00+00:00,-52.370201
2024-01-15 02:24:00+00:00,-55.978798
2024-01-15 02:25:00+00:00,-63.180531
2024-01-15 02:26:00+00:00,-66.176628
2024-01-15 02:27:00+00:00,-64.169296
2024-01-15 02:28:00+00:00,-63.391018
2024-01-15 02:29:00+00:00,-58.529358
2024-01-15 02:30:00+00:00,-57.591949
2024-01-15 02:31:00+00:00,-68.481094
2024-01-15 02:32:00+00:00,-74.705818
2024-01-15 02:33:00+00:00,-76.727104
2024-01-15 02:34:00+00:00,-78.476654
2024-01-15 02:35:00+00:00,-81.389084
2024-01-15 02:36:00+00:00,-83.734962
2024-01-15 02:37:00+00:00,-74.734055
2024-01-15 02:38:00+00:00,-66.709679
2024-01-15 02:39:00+00:00,-61.390385
2024-01-15 02:40:00+00:00,-58.180531
2024-01-15 02:41:00+00:00,-62.569431
2024-01-15 02:42:00+00:00,-69.86084
2024-01-15 02:43:00+00:00,-71.107559
2024-01-15 02:44:00+00:00,-65.528381
2024-01-15 02:45:00+00:00,-63.419025
2024-01-15 02:46:00+00:00,-55.202873
2024-01-15 02:47:00+00:00,-51.304539
2024-01-22 00:00:00+00:00,-23.417065
2024-01-22 00:01:00+00:00,-23.104387
2024-01-22 00:02:00+00:00,-22.605291
2024-01-22 00:03:00+00:00,-22.710346
2024-01-22 00:04:00+00:00,-23.353046
2024-01-22 00:05:00+00:00,-22.966957
2024-01-22 00:06:00+00:00,-22.460394
2024-01-22 00:07:00+00:00,-22.216349
2024-01-22 00:08:00+00:00,-20.851562
2024-01-22 00:09:00+00:00,-18.682484
2024-01-22 00:10:00+00:00,-18.211094
2024-01-22 00:11:00+00:00,-20.210814
2024-01-22 00:12:00+00:00,-21.037819
2024-01-22 00:13:00+00:00,-20.704956
2024-01-22 00:14:00+00:00,-19.469572
2024-01-22 00:15:00+00:00,-18.574978
2024-01-22 00:16:00+00:00,-17.940022
2024-01-22 00:17:00+00:00,-16.686224
2024-01-22 00:18:00+00:00,-17.574627
2024-01-22 00:19:00+00:00,-15.767597
2024-01-22 00:20:00+00:00,-14.973552
2024-01-22 00:21:00+00:00,-15.350033
2024-01-22 00:22:00+00:00,-15.815928
2024-01-22 00:23:00+00:00,-16.373135
2024-01-22 00:24:00+00:00,-16.442495
2024-01-22 00:25:00+00:00,-16.431179
2024-01-22 00:26:00+00:00,-16.51198
2024-01-22 00:27:00+00:00,-17.258083
2024-01-22 00:28:00+00:00,-17.604298
2024-01-22 00:29:00+00:00,-17.266682
2024-01-22 00:30:00+00:00,-17.519218
2024-01-22 00:31:00+00:00,-17.446575
2024-01-22 00:32:00+00:00,-17.383924
2024-01-22 00:33:00+00:00,-18.11693
2024-01-22 00:34:00+00:00,-20.157204
2024-01-22 00:35:00+00:00,-22.173779
2024-01-22 00:36:00+00:00,-22.64669
2024-01-22 00:37:00+00:00,-22.229128
2024-01-22 00:38:00+00:00,-21.637758
2024-01-22 00:39:00+00:00,-20.586317
2024-01-22 00:40:00+00:00,-19.898891
2024-01-22 00:41:00+00:00,-19.820471
2024-01-22 00:42:00+00:00,-19.097992
2024-01-22 00:43:00+00:00,-19.442657
2024-01-22 00:44:00+00:00,-19.823273
2024-01-22 00:45:00+00:00,-20.85729
2024-01-22 00:46:00+00:00,-21.435202
2024-01-22 00:47:00+00:00,-21.076406
2024-01-22 00:48:00+00:00,-20.777847
2024-01-22 00:49:00+00:00,-21.230795
2024-01-22 00:50:00+00:00,-21.447817
2024-01-22 00:51:00+00:00,-20.564522
2024-01-22 00:52:00+00:00,-19.625706
2024-01-22 00:53:00+00:00,-19.355841
2024-01-22 00:54:00+00:00,-20.045815
2024-01-22 00:55:00+00:00,-20.48163
2024-01-22 00:56:00+00:00,-21.015694
2024-01-22 00:57:00+00:00,-21.073654
2024-01-22 00:58:00+00:00,-21.156771
2024-01-22 00:59:00+00:00,-21.802174
2024-01-22 01:00:00+00:00,-22.368542
2024-01-22 01:01:00+00:00,-22.520016
2024-01-22 01:02:00+00:00,-22.356277
2024-01-22 01:03:00+00:00,-21.023712
2024-01-22 01:04:00+00:00,-19.819088
2024-01-22 01:05:00+00:00,-18.655394
2024-01-22 01:06:00+00:00,-18.224903
2024-01-22 01:07:00+00:00,-17.23748
2024-01-22 01:08:00+00:00,-16.204735
2024-01-22 01:09:00+00:00,-16.497663
2024-01-22 01:10:00+00:00,-17.246044
2024-01-22 01:11:00+00:00,-18.336491
2024-01-22 01:12:00+00:00,-19.238628
2024-01-22 01:13:00+00:00,-19.19693
2024-01-22 01:14:00+00:00,-19.684055
2024-01-22 01:15:00+00:00,-20.801903
2024-01-22 01:16:00+00:00,-21.419502
2024-01-22 01:17:00+00:00,-21.070938
2024-01-22 01:18:00+00:00,-20.326416
2024-01-22 01:19:00+00:00,-18.93095
2024-01-22 01:20:00+00:00,-18.431316
2024-01-22 01:21:00+00:00,-18.279554
2024-01-22 01:22:00+00:00,-16.627911
2024-01-22 01:23:00+00:00,-15.979209
2024-01-22 01:24:00+00:00,-13.836277
2024-01-22 01:25:00+00:00,-12.607216
2024-01-22 01:26:00+00:00,-12.683523
2024-01-22 01:27:00+00:00,-12.758307
2024-01-22 01:28:00+00:00,-12.645535
2024-01-22 01:29:00+00:00,-13.100289
2024-01-22 01:30:00+00:00,-14.290482
2024-01-22 01:31:00+00:00,-14.921708
2024-01-22 01:32:00+00:00,-15.23764
2024-01-22 01:33:00+00:00,-15.708972
2024-01-22 01:34:00+00:00,-15.462646
2024-01-22 01:35:00+00:00,-14.417596
2024-01-22 01:36:00+00:00,-13.665611
2024-01-22 01:37:00+00:00,-14.532364
2024-01-22 01:38:00+00:00,-14.729759
2024-01-22 01:39:00+00:00,-13.854326
2024-01-22 01:40:00+00:00,-14.647722
2024-01-22 01:41:00+00:00,-15.474539
2024-01-22 01:42:00+00:00,-16.671677
2024-01-22 01:43:00+00:00,-17.542194
2024-01-22 01:44:00+00:00,-18.535583
2024-01-22 01:45:00+00:00,-18.384596
2024-01-22 01:46:00+00:00,-18.281597
2024-01-22 01:47:00+00:00,-19.160168
2024-01-22 01:48:00+00:00,-20.204857
2024-01-22 01:49:00+00:00,-21.344364
2024-01-22 01:50:00+00:00,-22.787653
2024-01-22 01:51:00+00:00,-24.186079
2024-01-22 01:52:00+00:00,-24.142162
2024-01-22 01:53:00+00:00,-24.025028
2024-01-22 01:54:00+00:00,-24.935246
2024-01-22 01:55:00+00:00,-24.972408
2024-01-22 01:56:00+00:00,-23.866966
2024-01-22 01:57:00+00:00,-23.430431
2024-01-22 01:58:00+00:00,-23.265617
2024-01-22 01:59:00+00:00,-21.502777
2024-01-22 02:00:00+00:00,-21.147076
2024-01-22 02:01:00+00:00,-21.035223
2024-01-22 02:02:00+00:00,-20.611404
2024-01-22 02:03:00+00:00,-19.929386
2024-01-22 02:04:00+00:00,-19.622036
2024-01-22 02:05:00+00:00,-20.029255
2024-01-22 02:06:00+00:00,-20.625706
2024-01-22 02:07:00+00:00,-20.089178
2024-01-22 02:08:00+00:00,-44.139427
2024-01-22 02:09:00+00:00,-68.995216
2024-01-22 02:10:00+00:00,-97.805702
2024-01-22 02:11:00+00:00,-105.008362
2024-01-22 02:12:00+00:00,-85.741837
2024-01-22 02:13:00+00:00,-135.35553
2024-01-22 02:14:00+00:00,-95.255043
2024-01-22 02:15:00+00:00,-71.180092
2024-01-22 02:16:00+00:00,-69.369995
2024-01-22 02:17:00+00:00,-93.002151
2024-01-22 02:18:00+00:00,-148.501007
2024-01-22 02:19:00+00:00,-88.31382
2024-01-22 02:20:00+00:00,-88.546944
2024-01-22 02:21:00+00:00,-96.393539
2024-01-22 02:22:00+00:00,-97.936913
2024-01-22 02:23:00+00:00,-129.340881
2024-01-22 02:24:00+00:00,-160.974655
2024-01-22 02:25:00+00:00,-148.89679
2024-01-22 02:26:00+00:00,-127.171753
2024-01-22 02:27:00+00:00,-114.90596
2024-01-22 02:28:00+00:00,-141.230331
2024-01-22 02:29:00+00:00,-138.409348
2024-01-22 02:30:00+00:00,-126.795609
2024-01-22 02:31:00+00:00,-94.22316
2024-01-22 02:32:00+00:00,-76.824898
2024-01-22 02:33:00+00:00,-65.263901
2024-01-22 02:34:00+00:00,-54.200081
2024-01-22 02:35:00+00:00,-52.880951
2024-01-22 02:36:00+00:00,-53.356449
2024-01-22 02:37:00+00:00,-54.07198
2024-01-22 02:38:00+00:00,-55.270805
2024-01-22 02:39:00+00:00,-55.984264
2024-01-22 02:40:00+00:00,-54.609917
2024-01-22 02:41:00+00:00,-54.046295
2024-01-22 02:42:00+00:00,-53.4888
2024-01-22 02:43:00+00:00,-53.709869
2024-01-22 02:44:00+00:00,-49.911015
2024-01-22 02:45:00+00:00,-47.308025
2024-01-22 02:46:00+00:00,-44.238274
2024-01-22 02:47:00+00:00,-44.008255
2024-01-29 00:00:00+00:00,-70.73671
2024-01-29 00:01:00+00:00,-66.713577
2024-01-29 00:02:00+00:00,-66.174599
2024-01-29 00:03:00+00:00,-63.285606
2024-01-29 00:04:00+00:00,-60.651104
2024-01-29 00:05:00+00:00,-61.989597
2024-01-29 00:06:00+00:00,-69.143852
2024-01-29 00:07:00+00:00,-77.25351
2024-01-29 00:08:00+00:00,-83.680489
2024-01-29 00:09:00+00:00,-85.099724
2024-01-29 00:10:00+00:00,-88.836266
2024-01-29 00:11:00+00:00,-85.904152
2024-01-29 00:12:00+00:00,-93.635384
2024-01-29 00:13:00+00:00,-96.324692
2024-01-29 00:14:00+00:00,-113.0
2024-01-29 00:15:00+00:00,-122.105614
2024-01-29 00:16:00+00:00,-132.809509
2024-01-29 00:17:00+00:00,-138.46788
2024-01-29 00:18:00+00:00,-142.314178
2024-01-29 00:19:00+00:00,-142.486023
2024-01-29 00:20:00+00:00,-142.40036
2024-01-29 00:21:00+00:00,-145.758835
2024-01-29 00:22:00+00:00,-144.6539
2024-01-29 00:23:00+00:00,-135.774994
2024-01-29 00:24:00+00:00,-128.88089
2024-01-29 00:25:00+00:00,-119.79039
2024-01-29 00:26:00+00:00,-114.800461
2024-01-29 00:27:00+00:00,-109.466835
2024-01-29 00:28:00+00:00,-98.077652
2024-01-29 00:29:00+00:00,-93.672783
2024-01-29 00:30:00+00:00,-90.332542
2024-01-29 00:31:00+00:00,-81.840057
2024-01-29 00:32:00+00:00,-68.24144
2024-01-29 00:33:00+00:00,-70.618073
2024-01-29 00:34:00+00:00,-68.254631
2024-01-29 00:35:00+00:00,-66.160515
2024-01-29 00:36:00+00:00,-70.087646
2024-01-29 00:37:00+00:00,-70.217712
2024-01-29 00:38:00+00:00,-75.118782
2024-01-29 00:39:00+00:00,-74.938049
2024-01-29 00:40:00+00:00,-80.264755
2024-01-29 00:41:00+00:00,-84.945145
2024-01-29 00:42:00+00:00,-90.644531
2024-01-29 00:43:00+00:00,-91.539734
2024-01-29 00:44:00+00:00,-91.517281
2024-01-29 00:45:00+00:00,-88.562447
2024-01-29 00:46:00+00:00,-82.596939
2024-01-29 00:47:00+00:00,-72.27211
2024-01-29 00:48:00+00:00,-60.308624
2024-01-29 00:49:00+00:00,-48.48772
2024-01-29 00:50:00+00:00,-46.804493
2024-01-29 00:51:00+00:00,-45.012009
2024-01-29 00:52:00+00:00,-56.484421
2024-01-29 00:53:00+00:00,-63.37394
2024-01-29 00:54:00+00:00,-68.702057
2024-01-29 00:55:00+00:00,-71.735352
2024-01-29 00:56:00+00:00,-82.556885
2024-01-29 00:57:00+00:00,-85.3097
2024-01-29 00:58:00+00:00,-86.074486
2024-01-29 00:59:00+00:00,-95.129372
2024-01-29 01:00:00+00:00,-95.361237
2024-01-29 01:01:00+00:00,-97.798615
2024-01-29 01:02:00+00:00,-104.330093
2024-01-29 01:03:00+00:00,-99.368484
2024-01-29 01:04:00+00:00,-83.42836
2024-01-29 01:05:00+00:00,-81.065262
2024-01-29 01:06:00+00:00,-66.03801
2024-01-29 01:07:00+00:00,-64.08429
2024-01-29 01:08:00+00:00,-66.60759
2024-01-29 01:09:00+00:00,-68.673386
2024-01-29 01:10:00+00:00,-63.307957
2024-01-29 01:11:00+00:00,-62.887356
2024-01-29 01:12:00+00:00,-62.543407
2024-01-29 01:13:00+00:00,-62.543739
2024-01-29 01:14:00+00:00,-65.122581
2024-01-29 01:15:00+00:00,-61.116585
2024-01-29 01:16:00+00:00,-55.861698
2024-01-29 01:17:00+00:00,-55.925289
2024-01-29 01:18:00+00:00,-52.85619
2024-01-29 01:19:00+00:00,-53.648651
2024-01-29 01:20:00+00:00,-52.419941
2024-01-29 01:21:00+00:00,-51.055817
2024-01-29 01:22:00+00:00,-51.952976
2024-01-29 01:23:00+00:00,-53.394184
2024-01-29 01:24:00+00:00,-52.414593
2024-01-29 01:25:00+00:00,-55.077671
2024-01-29 01:26:00+00:00,-56.9566
2024-01-29 01:27:00+00:00,-52.468178
2024-01-29 01:28:00+00:00,-55.242336
2024-01-29 01:29:00+00:00,-61.07666
2024-01-29 01:30:00+00:00,-65.34726
2024-01-29 01:31:00+00:00,-63.352943
2024-01-29 01:32:00+00:00,-65.502899
2024-01-29 01:33:00+00:00,-63.935524
2024-01-29 01:34:00+00:00,-55.278606
2024-01-29 01:35:00+00:00,-48.694958
2024-01-29 01:36:00+00:00,-48.032112
2024-01-29 01:37:00+00:00,-46.85334
2024-01-29 01:38:00+00:00,-45.647312
2024-01-29 01:39:00+00:00,-53.493172
2024-01-29 01:40:00+00:00,-65.866478
2024-01-29 01:41:00+00:00,-66.391899
2024-01-29 01:42:00+00:00,-68.938324
2024-01-29 01:43:00+00:00,-59.252979
2024-01-29 01:44:00+00:00,-82.121056
2024-01-29 01:45:00+00:00,-103.142189
2024-01-29 01:46:00+00:00,-115.794044
2024-01-29 01:47:00+00:00,-107.069511
2024-01-29 01:48:00+00:00,-96.400345
2024-01-29 01:49:00+00:00,-95.310799
2024-01-29 01:50:00+00:00,-83.433098
2024-01-29 01:51:00+00:00,-73.610016
2024-01-29 01:52:00+00:00,-73.381569
2024-01-29 01:53:00+00:00,-73.631989
2024-01-29 01:54:00+00:00,-73.874565
2024-01-29 01:55:00+00:00,-72.24604
2024-01-29 01:56:00+00:00,-63.857307
2024-01-29 01:57:00+00:00,-64.567337
2024-01-29 01:58:00+00:00,-71.966301
2024-01-29 01:59:00+00:00,-87.376106
2024-01-29 02:00:00+00:00,-91.149796
2024-01-29 02:01:00+00:00,-86.099747
2024-01-29 02:02:00+00:00,-89.82196
2024-01-29 02:03:00+00:00,-88.656296
2024-01-29 02:04:00+00:00,-76.954338
2024-01-29 02:05:00+00:00,-77.515083
2024-01-29 02:06:00+00:00,-74.127373
2024-01-29 02:07:00+00:00,-88.279411
2024-01-29 02:08:00+00:00,-92.735397
2024-01-29 02:09:00+00:00,-91.552795
2024-01-29 02:10:00+00:00,-93.900528
2024-01-29 02:11:00+00:00,-86.763939
2024-01-29 02:12:00+00:00,-88.957611
2024-01-29 02:13:00+00:00,-82.962822
2024-01-29 02:14:00+00:00,-84.064102
2024-01-29 02:15:00+00:00,-79.948784
2024-01-29 02:16:00+00:00,-74.045776
2024-01-29 02:17:00+00:00,-143.368698
2024-01-29 02:18:00+00:00,-183.239288
2024-01-29 02:19:00+00:00,-199.497925
2024-01-29 02:20:00+00:00,-224.194382
2024-01-29 02:21:00+00:00,-228.567917
2024-01-29 02:22:00+00:00,-234.848969
2024-01-29 02:23:00+00:00,-268.823669
2024-01-29 02:24:00+00:00,-269.838684
2024-01-29 02:25:00+00:00,-303.126434
2024-01-29 02:26:00+00:00,-269.032501
2024-01-29 02:27:00+00:00,-302.541382
2024-01-29 02:28:00+00:00,-286.731171
2024-01-29 02:29:00+00:00,-239.571503
2024-01-29 02:30:00+00:00,-253.674728
2024-01-29 02:31:00+00:00,-204.517487
2024-01-29 02:32:00+00:00,-193.995804
2024-01-29 02:33:00+00:00,-231.475403
2024-01-29 02:34:00+00:00,-240.649429
2024-01-29 02:35:00+00:00,-214.434387
2024-01-29 02:36:00+00:00,-207.889359
2024-01-29 02:37:00+00:00,-212.538513
2024-01-29 02:38:00+00:00,-200.145203
2024-01-29 02:39:00+00:00,-198.440201
2024-01-29 02:40:00+00:00,-203.479233
2024-01-29 02:41:00+00:00,-197.061096
2024-01-29 02:42:00+00:00,-202.18364
2024-01-29 02:43:00+00:00,-214.253952
2024-01-29 02:44:00+00:00,-223.842499
2024-01-29 02:45:00+00:00,-227.38707
2024-01-29 02:46:00+00:00,-232.721695
2024-01-29 02:47:00+00:00,-233.860031
2024-02-05 00:00:00+00:00,-25.306349
2024-02-05 00:01:00+00:00,-25.581722
2024-02-05 00:02:00+00:00,-25.796043
2024-02-05 00:03:00+00:00,-25.523277
2024-02-05 00:04:00+00:00,-25.105677
2024-02-05 00:05:00+00:00,-25.022228
2024-02-05 00:06:00+00:00,-25.240225
2024-02-05 00:07:00+00:00,-24.741545
2024-02-05 00:08:00+00:00,-24.509144
2024-02-05 00:09:00+00:00,-24.720177
2024-02-05 00:10:00+00:00,-25.059786
2024-02-05 00:11:00+00:00,-25.93848
2024-02-05 00:12:00+00:00,-26.504337
2024-02-05 00:13:00+00:00,-25.936382
2024-02-05 00:14:00+00:00,-28.382162
2024-02-05 00:15:00+00:00,-29.693035
2024-02-05 00:16:00+00:00,-31.389187
2024-02-05 00:17:00+00:00,-33.163887
2024-02-05 00:18:00+00:00,-35.298286
2024-02-05 00:19:00+00:00,-38.423458
2024-02-05 00:20:00+00:00,-35.780964
2024-02-05 00:21:00+00:00,-32.88847
2024-02-05 00:22:00+00:00,-26.989538
2024-02-05 00:23:00+00:00,-25.092869
2024-02-05 00:24:00+00:00,-25.291939
2024-02-05 00:25:00+00:00,-25.451538
2024-02-05 00:26:00+00:00,-25.478004
2024-02-05 00:27:00+00:00,-24.858541
2024-02-05 00:28:00+00:00,-24.138128
2024-02-05 00:29:00+00:00,-25.509409
2024-02-05 00:30:00+00:00,-30.998356
2024-02-05 00:31:00+00:00,-34.24464
2024-02-05 00:32:00+00:00,-32.927757
2024-02-05 00:33:00+00:00,-27.832823
2024-02-05 00:34:00+00:00,-24.269133
2024-02-05 00:35:00+00:00,-24.351944
2024-02-05 00:36:00+00:00,-23.874165
2024-02-05 00:37:00+00:00,-23.722368
2024-02-05 00:38:00+00:00,-24.068514
2024-02-05 00:39:00+00:00,-24.130188
2024-02-05 00:40:00+00:00,-23.799114
2024-02-05 00:41:00+00:00,-23.679565
2024-02-05 00:42:00+00:00,-24.57472
2024-02-05 00:43:00+00:00,-27.793062
2024-02-05 00:44:00+00:00,-29.366407
2024-02-05 00:45:00+00:00,-29.632483
2024-02-05 00:46:00+00:00,-29.245771
2024-02-05 00:47:00+00:00,-25.574362
2024-02-05 00:48:00+00:00,-22.653614
2024-02-05 00:49:00+00:00,-22.451721
2024-02-05 00:50:00+00:00,-22.387674
2024-02-05 00:51:00+00:00,-22.69515
2024-02-05 00:52:00+00:00,-22.544676
2024-02-05 00:53:00+00:00,-22.416042
2024-02-05 00:54:00+00:00,-22.599874
2024-02-05 00:55:00+00:00,-22.621883
2024-02-05 00:56:00+00:00,-22.747278
2024-02-05 00:57:00+00:00,-22.964682
2024-02-05 00:58:00+00:00,-22.924055
2024-02-05 00:59:00+00:00,-22.096455
2024-02-05 01:00:00+00:00,-22.209953
2024-02-05 01:01:00+00:00,-23.049603
2024-02-05 01:02:00+00:00,-23.107351
2024-02-05 01:03:00+00:00,-23.750584
2024-02-05 01:04:00+00:00,-23.385942
2024-02-05 01:05:00+00:00,-21.540243
2024-02-05 01:06:00+00:00,-22.275948
2024-02-05 01:07:00+00:00,-23.190273
2024-02-05 01:08:00+00:00,-23.224567
2024-02-05 01:09:00+00:00,-25.198811
2024-02-05 01:10:00+00:00,-23.267044
2024-02-05 01:11:00+00:00,-22.197258
2024-02-05 01:12:00+00:00,-21.143593
2024-02-05 01:13:00+00:00,-21.109314
2024-02-05 01:14:00+00:00,-20.625223
2024-02-05 01:15:00+00:00,-20.461174
2024-02-05 01:16:00+00:00,-20.682159
2024-02-05 01:17:00+00:00,-20.923077
2024-02-05 01:18:00+00:00,-21.154743
2024-02-05 01:19:00+00:00,-22.079868
2024-02-05 01:20:00+00:00,-22.060074
2024-02-05 01:21:00+00:00,-22.367409
2024-02-05 01:22:00+00:00,-22.877165
2024-02-05 01:23:00+00:00,-22.778385
2024-02-05 01:24:00+00:00,-22.251045
2024-02-05 01:25:00+00:00,-21.597475
2024-02-05 01:26:00+00:00,-22.198818
2024-02-05 01:27:00+00:00,-22.083965
2024-02-05 01:28:00+00:00,-22.837191
2024-02-05 01:29:00+00:00,-24.014721
2024-02-05 01:30:00+00:00,-23.305332
2024-02-05 01:31:00+00:00,-21.650608
2024-02-05 01:32:00+00:00,-20.67627
2024-02-05 01:33:00+00:00,-21.924417
2024-02-05 01:34:00+00:00,-24.566525
2024-02-05 01:35:00+00:00,-24.538414
2024-02-05 01:36:00+00:00,-23.672707
2024-02-05 01:37:00+00:00,-22.734312
2024-02-05 01:38:00+00:00,-22.080276
2024-02-05 01:39:00+00:00,-22.016514
2024-02-05 01:40:00+00:00,-22.403988
2024-02-05 01:41:00+00:00,-23.028095
2024-02-05 01:42:00+00:00,-23.202934
2024-02-05 01:43:00+00:00,-22.824249
2024-02-05 01:44:00+00:00,-23.005939
2024-02-05 01:45:00+00:00,-23.023636
2024-02-05 01:46:00+00:00,-23.620144
2024-02-05 01:47:00+00:00,-23.40395
2024-02-05 01:48:00+00:00,-23.285301
2024-02-05 01:49:00+00:00,-23.433758
2024-02-05 01:50:00+00:00,-23.780235
2024-02-05 01:51:00+00:00,-24.277481
2024-02-05 01:52:00+00:00,-23.924782
2024-02-05 01:53:00+00:00,-23.88483
2024-02-05 01:54:00+00:00,-23.603226
2024-02-05 01:55:00+00:00,-23.089319
2024-02-05 01:56:00+00:00,-22.136383
2024-02-05 01:57:00+00:00,-21.956875
2024-02-05 01:58:00+00:00,-22.3685
2024-02-05 01:59:00+00:00,-22.690144
2024-02-05 02:00:00+00:00,-22.542269
2024-02-05 02:01:00+00:00,-22.344757
2024-02-05 02:02:00+00:00,-22.34724
2024-02-05 02:03:00+00:00,-22.107533
2024-02-05 02:04:00+00:00,-21.915203
2024-02-05 02:05:00+00:00,-21.86149
2024-02-05 02:06:00+00:00,-21.448851
2024-02-05 02:07:00+00:00,-20.867161
2024-02-05 02:08:00+00:00,-20.138397
2024-02-05 02:09:00+00:00,-20.863583
2024-02-05 02:10:00+00:00,-22.27953
2024-02-05 02:11:00+00:00,-22.660118
2024-02-05 02:12:00+00:00,-21.206989
2024-02-05 02:13:00+00:00,-19.96846
2024-02-05 02:14:00+00:00,-19.868809
2024-02-05 02:15:00+00:00,-20.05402
2024-02-05 02:16:00+00:00,-20.692505
2024-02-05 02:17:00+00:00,-20.894836
2024-02-05 02:18:00+00:00,-20.973759
2024-02-05 02:19:00+00:00,-20.832033
2024-02-05 02:20:00+00:00,-21.099079
2024-02-05 02:21:00+00:00,-20.895412
2024-02-05 02:22:00+00:00,-21.471569
2024-02-05 02:23:00+00:00,-22.011518
2024-02-05 02:24:00+00:00,-22.16621
2024-02-05 02:25:00+00:00,-21.434042
2024-02-05 02:26:00+00:00,-21.126144
2024-02-05 02:27:00+00:00,-21.593431
2024-02-05 02:28:00+00:00,-21.931238
2024-02-05 02:29:00+00:00,-21.544163
2024-02-05 02:30:00+00:00,-20.840065
2024-02-05 02:31:00+00:00,-21.223705
2024-02-05 02:32:00+00:00,-21.271759
2024-02-05 02:33:00+00:00,-20.642776
2024-02-05 02:34:00+00:00,-20.143661
2024-02-05 02:35:00+00:00,-20.08054
2024-02-05 02:36:00+00:00,-20.334139
2024-02-05 02:37:00+00:00,-21.541039
2024-02-05 02:38:00+00:00,-21.420891
2024-02-05 02:39:00+00:00,-19.468332
2024-02-05 02:40:00+00:00,-18.851879
2024-02-05 02:41:00+00:00,-18.203861
2024-02-05 02:42:00+00:00,-18.51762
2024-02-05 02:43:00+00:00,-18.539059
2024-02-05 02:44:00+00:00,-18.264435
2024-02-05 02:45:00+00:00,-18.693575
2024-02-05 02:46:00+00:00,-19.017052
2024-02-05 02:47:00+00:00,-18.502842
2024-02-12 00:00:00+00:00,-62.437756
2024-02-12 00:01:00+00:00,-62.875553
2024-02-12 00:02:00+00:00,-63.86034
2024-02-12 00:03:00+00:00,-62.727993
2024-02-12 00:04:00+00:00,-60.875984
2024-02-12 00:05:00+00:00,-50.003479
2024-02-12 00:06:00+00:00,-51.621635
2024-02-12 00:07:00+00:00,-64.252319
2024-02-12 00:08:00+00:00,-65.250816
2024-02-12 00:09:00+00:00,-66.817673
2024-02-12 00:10:00+00:00,-43.845135
2024-02-12 00:11:00+00:00,-31.782494
2024-02-12 00:12:00+00:00,-34.388874
2024-02-12 00:13:00+00:00,-35.380665
2024-02-12 00:14:00+00:00,-34.631981
2024-02-12 00:15:00+00:00,-34.130199
2024-02-12 00:16:00+00:00,-33.120941
2024-02-12 00:17:00+00:00,-30.911835
2024-02-12 00:18:00+00:00,-28.635838
2024-02-12 00:19:00+00:00,-27.444221
2024-02-12 00:20:00+00:00,-27.335648
2024-02-12 00:21:00+00:00,-27.312477
2024-02-12 00:22:00+00:00,-24.922678
2024-02-12 00:23:00+00:00,-28.692823
2024-02-12 00:24:00+00:00,-29.787317
2024-02-12 00:25:00+00:00,-28.213413
2024-02-12 00:26:00+00:00,-26.817791
2024-02-12 00:27:00+00:00,-23.658018
2024-02-12 00:28:00+00:00,-20.60911
2024-02-12 00:29:00+00:00,-26.30262
2024-02-12 00:30:00+00:00,-28.072149
2024-02-12 00:31:00+00:00,-25.331011
2024-02-12 00:32:00+00:00,-32.724224
2024-02-12 00:33:00+00:00,-37.00705
2024-02-12 00:34:00+00:00,-31.162544
2024-02-12 00:35:00+00:00,-40.319027
2024-02-12 00:36:00+00:00,-51.744705
2024-02-12 00:37:00+00:00,-42.146996
2024-02-12 00:38:00+00:00,-29.206215
2024-02-12 00:39:00+00:00,-28.169849
2024-02-12 00:40:00+00:00,-28.850956
2024-02-12 00:41:00+00:00,-29.205074
2024-02-12 00:42:00+00:00,-32.751358
2024-02-12 00:43:00+00:00,-33.245087
2024-02-12 00:44:00+00:00,-27.080437
2024-02-12 00:45:00+00:00,-17.794348
2024-02-12 00:46:00+00:00,-17.5172
2024-02-12 00:47:00+00:00,-17.52244
2024-02-12 00:48:00+00:00,-19.773941
2024-02-12 00:49:00+00:00,-27.084642
2024-02-12 00:50:00+00:00,-20.082748
2024-02-12 00:51:00+00:00,-17.65663
2024-02-12 00:52:00+00:00,-17.300442
2024-02-12 00:53:00+00:00,-17.21493
2024-02-12 00:54:00+00:00,-17.562504
2024-02-12 00:55:00+00:00,-17.583675
2024-02-12 00:56:00+00:00,-17.52813
2024-02-12 00:57:00+00:00,-17.315533
2024-02-12 00:58:00+00:00,-16.858498
2024-02-12 00:59:00+00:00,-16.62332
2024-02-12 01:00:00+00:00,-16.912975
2024-02-12 01:01:00+00:00,-16.942915
2024-02-12 01:02:00+00:00,-16.724781
2024-02-12 01:03:00+00:00,-16.530376
2024-02-12 01:04:00+00:00,-16.611217
2024-02-12 01:05:00+00:00,-16.615999
2024-02-12 01:06:00+00:00,-16.411535
2024-02-12 01:07:00+00:00,-17.583681
2024-02-12 01:08:00+00:00,-19.731554
2024-02-12 01:09:00+00:00,-28.253492
2024-02-12 01:10:00+00:00,-38.446934
2024-02-12 01:11:00+00:00,-37.983421
2024-02-12 01:12:00+00:00,-31.827827
2024-02-12 01:13:00+00:00,-25.645168
2024-02-12 01:14:00+00:00,-24.536545
2024-02-12 01:15:00+00:00,-32.568352
2024-02-12 01:16:00+00:00,-34.072128
2024-02-12 01:17:00+00:00,-27.047363
2024-02-12 01:18:00+00:00,-35.218346
2024-02-12 01:19:00+00:00,-31.200937
2024-02-12 01:20:00+00:00,-33.227962
2024-02-12 01:21:00+00:00,-42.539749
2024-02-12 01:22:00+00:00,-35.259258
2024-02-12 01:23:00+00:00,-26.932478
2024-02-12 01:24:00+00:00,-21.072994
2024-02-12 01:25:00+00:00,-26.059807
2024-02-12 01:26:00+00:00,-24.008062
2024-02-12 01:27:00+00:00,-19.754946
2024-02-12 01:28:00+00:00,-21.043507
2024-02-12 01:29:00+00:00,-23.298037
2024-02-12 01:30:00+00:00,-22.796494
2024-02-12 01:31:00+00:00,-21.341497
2024-02-12 01:32:00+00:00,-18.742228
2024-02-12 01:33:00+00:00,-14.908071
2024-02-12 01:34:00+00:00,-14.746714
2024-02-12 01:35:00+00:00,-14.902567
2024-02-12 01:36:00+00:00,-15.090611
2024-02-12 01:37:00+00:00,-15.660301
2024-02-12 01:38:00+00:00,-15.836351
2024-02-12 01:39:00+00:00,-15.767021
2024-02-12 01:40:00+00:00,-16.370409
2024-02-12 01:41:00+00:00,-16.042797
2024-02-12 01:42:00+00:00,-16.690666
2024-02-12 01:43:00+00:00,-15.235435
2024-02-12 01:44:00+00:00,-19.101698
2024-02-12 01:45:00+00:00,-19.980984
2024-02-12 01:46:00+00:00,-18.975822
2024-02-12 01:47:00+00:00,-17.497284
2024-02-12 01:48:00+00:00,-17.316608
2024-02-12 01:49:00+00:00,-17.441118
2024-02-12 01:50:00+00:00,-17.173382
2024-02-12 01:51:00+00:00,-17.089794
2024-02-12 01:52:00+00:00,-16.963503
2024-02-12 01:53:00+00:00,-16.628727
2024-02-12 01:54:00+00:00,-16.190634
2024-02-12 01:55:00+00:00,-16.579157
2024-02-12 01:56:00+00:00,-16.561562
2024-02-12 01:57:00+00:00,-17.928015
2024-02-12 01:58:00+00:00,-18.27709
2024-02-12 01:59:00+00:00,-18.936405
2024-02-12 02:00:00+00:00,-16.957279
2024-02-12 02:01:00+00:00,-16.004438
2024-02-12 02:02:00+00:00,-15.986809
2024-02-12 02:03:00+00:00,-18.132275
2024-02-12 02:04:00+00:00,-17.354807
2024-02-12 02:05:00+00:00,-24.416618
2024-02-12 02:06:00+00:00,-21.439035
2024-02-12 02:07:00+00:00,-36.877628
2024-02-12 02:08:00+00:00,-79.242928
2024-02-12 02:09:00+00:00,-87.832031
2024-02-12 02:10:00+00:00,-82.32634
2024-02-12 02:11:00+00:00,-67.039581
2024-02-12 02:12:00+00:00,-83.608208
2024-02-12 02:13:00+00:00,-134.45047
2024-02-12 02:14:00+00:00,-167.672501
2024-02-12 02:15:00+00:00,-154.801804
2024-02-12 02:16:00+00:00,-130.834641
2024-02-12 02:17:00+00:00,-118.339035
2024-02-12 02:18:00+00:00,-115.854393
2024-02-12 02:19:00+00:00,-111.634254
2024-02-12 02:20:00+00:00,-105.45829
2024-02-12 02:21:00+00:00,-104.761665
2024-02-12 02:22:00+00:00,-88.184425
2024-02-12 02:23:00+00:00,-84.277641
2024-02-12 02:24:00+00:00,-82.437225
2024-02-12 02:25:00+00:00,-88.600418
2024-02-12 02:26:00+00:00,-94.916595
2024-02-12 02:27:00+00:00,-111.449203
2024-02-12 02:28:00+00:00,-129.696686
2024-02-12 02:29:00+00:00,-160.353119
2024-02-12 02:30:00+00:00,-172.283813
2024-02-12 02:31:00+00:00,-161.334335
2024-02-12 02:32:00+00:00,-141.535843
2024-02-12 02:33:00+00:00,-123.466217
2024-02-12 02:34:00+00:00,-116.06707
2024-02-12 02:35:00+00:00,-110.279068
2024-02-12 02:36:00+00:00,-112.094124
2024-02-12 02:37:00+00:00,-108.056427
2024-02-12 02:38:00+00:00,-94.49527
2024-02-12 02:39:00+00:00,-89.5242
2024-02-12 02:40:00+00:00,-89.647438
2024-02-12 02:41:00+00:00,-92.628029
2024-02-12 02:42:00+00:00,-106.158775
2024-02-12 02:43:00+00:00,-130.295425
2024-02-12 02:44:00+00:00,-123.884186
2024-02-12 02:45:00+00:00,-116.186783
2024-02-12 02:46:00+00:00,-111.512802
2024-02-12 02:47:00+00:00,-99.571213
2024-02-19 00:00:00+00:00,-24.076317
2024-02-19 00:01:00+00:00,-24.175865
2024-02-19 00:02:00+00:00,-29.154877
2024-02-19 00:03:00+00:00,-32.118275
2024-02-19 00:04:00+00:00,-28.146507
2024-02-19 00:05:00+00:00,-29.891613
2024-02-19 00:06:00+00:00,-35.762192
2024-02-19 00:07:00+00:00,-34.86338
2024-02-19 00:08:00+00:00,-30.172171
2024-02-19 00:09:00+00:00,-26.515335
2024-02-19 00:10:00+00:00,-25.834881
2024-02-19 00:11:00+00:00,-26.317022
2024-02-19 00:12:00+00:00,-27.121067
2024-02-19 00:13:00+00:00,-27.561523
2024-02-19 00:14:00+00:00,-27.249802
2024-02-19 00:15:00+00:00,-26.561493
2024-02-19 00:16:00+00:00,-26.730072
2024-02-19 00:17:00+00:00,-26.80006
2024-02-19 00:18:00+00:00,-28.926823
2024-02-19 00:19:00+00:00,-27.192951
2024-02-19 00:20:00+00:00,-28.099524
2024-02-19 00:21:00+00:00,-29.648073
2024-02-19 00:22:00+00:00,-29.196127
2024-02-19 00:23:00+00:00,-23.921974
2024-02-19 00:24:00+00:00,-25.374115
2024-02-19 00:25:00+00:00,-30.188465
2024-02-19 00:26:00+00:00,-38.922409
2024-02-19 00:27:00+00:00,-37.211617
2024-02-19 00:28:00+00:00,-28.154343
2024-02-19 00:29:00+00:00,-27.511831
2024-02-19 00:30:00+00:00,-29.30209
2024-02-19 00:31:00+00:00,-28.403849
2024-02-19 00:32:00+00:00,-28.07427
2024-02-19 00:33:00+00:00,-28.51018
2024-02-19 00:34:00+00:00,-28.384987
2024-02-19 00:35:00+00:00,-28.747589
2024-02-19 00:36:00+00:00,-30.655169
2024-02-19 00:37:00+00:00,-31.307024
2024-02-19 00:38:00+00:00,-31.485914
2024-02-19 00:39:00+00:00,-32.538609
2024-02-19 00:40:00+00:00,-32.095516
2024-02-19 00:41:00+00:00,-30.359367
2024-02-19 00:42:00+00:00,-29.515251
2024-02-19 00:43:00+00:00,-29.878683
2024-02-19 00:44:00+00:00,-30.716341
2024-02-19 00:45:00+00:00,-28.920351
2024-02-19 00:46:00+00:00,-27.057211
2024-02-19 00:47:00+00:00,-28.472176
2024-02-19 00:48:00+00:00,-30.954882
2024-02-19 00:49:00+00:00,-33.269051
2024-02-19 00:50:00+00:00,-35.901081
2024-02-19 00:51:00+00:00,-35.415005
2024-02-19 00:52:00+00:00,-34.234215
2024-02-19 00:53:00+00:00,-32.024326
2024-02-19 00:54:00+00:00,-34.000702
2024-02-19 00:55:00+00:00,-35.695675
2024-02-19 00:56:00+00:00,-35.73719
2024-02-19 00:57:00+00:00,-35.338261
2024-02-19 00:58:00+00:00,-34.720119
2024-02-19 00:59:00+00:00,-35.029747
2024-02-19 01:00:00+00:00,-33.933815
2024-02-19 01:01:00+00:00,-33.499657
2024-02-19 01:02:00+00:00,-33.730873
2024-02-19 01:03:00+00:00,-32.627357
2024-02-19 01:04:00+00:00,-32.78791
2024-02-19 01:05:00+00:00,-32.587421
2024-02-19 01:06:00+00:00,-30.908882
2024-02-19 01:07:00+00:00,-27.993382
2024-02-19 01:08:00+00:00,-24.512495
2024-02-19 01:09:00+00:00,-24.943192
2024-02-19 01:10:00+00:00,-26.037954
2024-02-19 01:11:00+00:00,-27.586836
2024-02-19 01:12:00+00:00,-28.281404
2024-02-19 01:13:00+00:00,-27.88039
2024-02-19 01:14:00+00:00,-28.52434
2024-02-19 01:15:00+00:00,-29.136835
2024-02-19 01:16:00+00:00,-28.780188
2024-02-19 01:17:00+00:00,-29.940496
2024-02-19 01:18:00+00:00,-29.700071
2024-02-19 01:19:00+00:00,-27.635153
2024-02-19 01:20:00+00:00,-27.701607
2024-02-19 01:21:00+00:00,-27.85297
2024-02-19 01:22:00+00:00,-27.987797
2024-02-19 01:23:00+00:00,-27.980017
2024-02-19 01:24:00+00:00,-28.631025
2024-02-19 01:25:00+00:00,-28.583359
2024-02-19 01:26:00+00:00,-29.879845
2024-02-19 01:27:00+00:00,-29.235163
2024-02-19 01:28:00+00:00,-27.676512
2024-02-19 01:29:00+00:00,-27.596783
2024-02-19 01:30:00+00:00,-26.614382
2024-02-19 01:31:00+00:00,-26.202614
2024-02-19 01:32:00+00:00,-25.614735
2024-02-19 01:33:00+00:00,-27.467175
2024-02-19 01:34:00+00:00,-28.355066
2024-02-19 01:35:00+00:00,-28.285234
2024-02-19 01:36:00+00:00,-27.196627
2024-02-19 01:37:00+00:00,-26.629692
2024-02-19 01:38:00+00:00,-26.908247
2024-02-19 01:39:00+00:00,-27.035549
2024-02-19 01:40:00+00:00,-27.430614
2024-02-19 01:41:00+00:00,-29.864323
2024-02-19 01:42:00+00:00,-31.602858
2024-02-19 01:43:00+00:00,-30.993557
2024-02-19 01:44:00+00:00,-30.848089
2024-02-19 01:45:00+00:00,-29.325251
2024-02-19 01:46:00+00:00,-27.508856
2024-02-19 01:47:00+00:00,-26.341408
2024-02-19 01:48:00+00:00,-25.819302
2024-02-19 01:49:00+00:00,-25.449026
2024-02-19 01:50:00+00:00,-25.486721
2024-02-19 01:51:00+00:00,-25.469656
2024-02-19 01:52:00+00:00,-25.589499
2024-02-19 01:53:00+00:00,-26.017326
2024-02-19 01:54:00+00:00,-26.517544
2024-02-19 01:55:00+00:00,-26.450695
2024-02-19 01:56:00+00:00,-25.924925
2024-02-19 01:57:00+00:00,-25.560553
2024-02-19 01:58:00+00:00,-25.899672
2024-02-19 01:59:00+00:00,-26.047352
2024-02-19 02:00:00+00:00,-25.824615
2024-02-19 02:01:00+00:00,-25.760828
2024-02-19 02:02:00+00:00,-25.64378
2024-02-19 02:03:00+00:00,-25.704746
2024-02-19 02:04:00+00:00,-26.440901
2024-02-19 02:05:00+00:00,-26.959694
2024-02-19 02:06:00+00:00,-26.590014
2024-02-19 02:07:00+00:00,-26.298779
2024-02-19 02:08:00+00:00,-26.226904
2024-02-19 02:09:00+00:00,-26.169418
2024-02-19 02:10:00+00:00,-26.439621
2024-02-19 02:11:00+00:00,-26.90283
2024-02-19 02:12:00+00:00,-27.434864
2024-02-19 02:13:00+00:00,-27.445408
2024-02-19 02:14:00+00:00,-27.340128
2024-02-19 02:15:00+00:00,-27.254322
2024-02-19 02:16:00+00:00,-27.178875
2024-02-19 02:17:00+00:00,-27.806513
2024-02-19 02:18:00+00:00,-28.425545
2024-02-19 02:19:00+00:00,-28.414745
2024-02-19 02:20:00+00:00,-28.660248
2024-02-19 02:21:00+00:00,-28.410456
2024-02-19 02:22:00+00:00,-28.341755
2024-02-19 02:23:00+00:00,-28.07021
2024-02-19 02:24:00+00:00,-27.431164
2024-02-19 02:25:00+00:00,-27.401283
2024-02-19 02:26:00+00:00,-26.765909
2024-02-19 02:27:00+00:00,-26.32132
2024-02-19 02:28:00+00:00,-26.199343
2024-02-19 02:29:00+00:00,-25.982981
2024-02-19 02:30:00+00:00,-25.708252
2024-02-19 02:31:00+00:00,-25.232555
2024-02-19 02:32:00+00:00,-24.835669
2024-02-19 02:33:00+00:00,-25.725859
2024-02-19 02:34:00+00:00,-25.683485
2024-02-19 02:35:00+00:00,-25.861446
2024-02-19 02:36:00+00:00,-26.183064
2024-02-19 02:37:00+00:00,-26.713818
2024-02-19 02:38:00+00:00,-27.284758
2024-02-19 02:39:00+00:00,-27.023369
2024-02-19 02:40:00+00:00,-26.493618
2024-02-19 02:41:00+00:00,-25.864481
2024-02-19 02:42:00+00:00,-25.660391
2024-02-19 02:43:00+00:00,-26.091574
2024-02-19 02:44:00+00:00,-25.683187
2024-02-19 02:45:00+00:00,-25.227262
2024-02-19 02:46:00+00:00,-24.749672
2024-02-19 02:47:00+00:00,-24.591955
2024-02-26 00:00:00+00:00,-18.77207
2024-02-26 00:01:00+00:00,-17.490574
2024-02-26 00:02:00+00:00,-17.718788
2024-02-26 00:03:00+00:00,-20.135151
2024-02-26 00:04:00+00:00,-20.278986
2024-02-26 00:05:00+00:00,-18.496708
2024-02-26 00:06:00+00:00,-19.655762
2024-02-26 00:07:00+00:00,-17.489286
2024-02-26 00:08:00+00:00,-13.344211
2024-02-26 00:09:00+00:00,-12.924383
2024-02-26 00:10:00+00:00,-14.008367
2024-02-26 00:11:00+00:00,-13.485683
2024-02-26 00:12:00+00:00,-12.15016
2024-02-26 00:13:00+00:00,-11.408276
2024-02-26 00:14:00+00:00,-11.296906
2024-02-26 00:15:00+00:00,-11.178582
2024-02-26 00:16:00+00:00,-7.87827
2024-02-26 00:17:00+00:00,-7.872738
2024-02-26 00:18:00+00:00,-8.855132
2024-02-26 00:19:00+00:00,-9.107038
2024-02-26 00:20:00+00:00,-8.578293
2024-02-26 00:21:00+00:00,-8.876696
2024-02-26 00:22:00+00:00,-8.924469
2024-02-26 00:23:00+00:00,-8.68099
2024-02-26 00:24:00+00:00,-10.437841
2024-02-26 00:25:00+00:00,-13.234856
2024-02-26 00:26:00+00:00,-16.185623
2024-02-26 00:27:00+00:00,-18.23185
2024-02-26 00:28:00+00:00,-19.193314
2024-02-26 00:29:00+00:00,-20.710234
2024-02-26 00:30:00+00:00,-21.871319
2024-02-26 00:31:00+00:00,-23.57132
2024-02-26 00:32:00+00:00,-24.330528
2024-02-26 00:33:00+00:00,-25.183825
2024-02-26 00:34:00+00:00,-25.800472
2024-02-26 00:35:00+00:00,-26.240734
2024-02-26 00:36:00+00:00,-25.664114
2024-02-26 00:37:00+00:00,-25.274429
2024-02-26 00:38:00+00:00,-24.84544
2024-02-26 00:39:00+00:00,-24.454987
2024-02-26 00:40:00+00:00,-24.128784
2024-02-26 00:41:00+00:00,-24.166016
2024-02-26 00:42:00+00:00,-23.522114
2024-02-26 00:43:00+00:00,-21.537249
2024-02-26 00:44:00+00:00,-18.832222
2024-02-26 00:45:00+00:00,-17.031393
2024-02-26 00:46:00+00:00,-20.623974
2024-02-26 00:47:00+00:00,-18.539185
2024-02-26 00:48:00+00:00,-17.031525
2024-02-26 00:49:00+00:00,-16.289431
2024-02-26 00:50:00+00:00,-14.588998
2024-02-26 00:51:00+00:00,-12.77043
2024-02-26 00:52:00+00:00,-11.671121
2024-02-26 00:53:00+00:00,-11.50499
2024-02-26 00:54:00+00:00,-11.839769
2024-02-26 00:55:00+00:00,-12.473272
2024-02-26 00:56:00+00:00,-11.802408
2024-02-26 00:57:00+00:00,-11.632336
2024-02-26 00:58:00+00:00,-11.960016
2024-02-26 00:59:00+00:00,-13.373573
2024-02-26 01:00:00+00:00,-12.803346
2024-02-26 01:01:00+00:00,-12.740291
2024-02-26 01:02:00+00:00,-13.56093
2024-02-26 01:03:00+00:00,-15.62989
2024-02-26 01:04:00+00:00,-15.775007
2024-02-26 01:05:00+00:00,-16.822842
2024-02-26 01:06:00+00:00,-17.580702
2024-02-26 01:07:00+00:00,-18.387867
2024-02-26 01:08:00+00:00,-18.535017
2024-02-26 01:09:00+00:00,-18.099737
2024-02-26 01:10:00+00:00,-18.291309
2024-02-26 01:11:00+00:00,-19.284149
2024-02-26 01:12:00+00:00,-22.202482
2024-02-26 01:13:00+00:00,-23.648651
2024-02-26 01:14:00+00:00,-23.27528
2024-02-26 01:15:00+00:00,-22.089968
2024-02-26 01:16:00+00:00,-20.724842
2024-02-26 01:17:00+00:00,-22.922682
2024-02-26 01:18:00+00:00,-26.029972
2024-02-26 01:19:00+00:00,-25.120249
2024-02-26 01:20:00+00:00,-26.548431
2024-02-26 01:21:00+00:00,-29.602654
2024-02-26 01:22:00+00:00,-32.431313
2024-02-26 01:23:00+00:00,-30.334
2024-02-26 01:24:00+00:00,-29.529961
2024-02-26 01:25:00+00:00,-31.125237
2024-02-26 01:26:00+00:00,-34.738262
2024-02-26 01:27:00+00:00,-38.084145
2024-02-26 01:28:00+00:00,-39.401752
2024-02-26 01:29:00+00:00,-40.543571
2024-02-26 01:30:00+00:00,-41.132809
2024-02-26 01:31:00+00:00,-40.657509
2024-02-26 01:32:00+00:00,-38.658958
2024-02-26 01:33:00+00:00,-37.824986
2024-02-26 01:34:00+00:00,-38.879993
2024-02-26 01:35:00+00:00,-36.613388
2024-02-26 01:36:00+00:00,-36.494682
2024-02-26 01:37:00+00:00,-40.712536
2024-02-26 01:38:00+00:00,-41.877354
2024-02-26 01:39:00+00:00,-59.34103
2024-02-26 01:40:00+00:00,-66.906158
2024-02-26 01:41:00+00:00,-67.849426
2024-02-26 01:42:00+00:00,-86.399452
2024-02-26 01:43:00+00:00,-90.636284
2024-02-26 01:44:00+00:00,-112.301857
2024-02-26 01:45:00+00:00,-128.969269
2024-02-26 01:46:00+00:00,-158.472382
2024-02-26 01:47:00+00:00,-163.372864
2024-02-26 01:48:00+00:00,-188.809265
2024-02-26 01:49:00+00:00,-211.109879
2024-02-26 01:50:00+00:00,-213.818481
2024-02-26 01:51:00+00:00,-226.549545
2024-02-26 01:52:00+00:00,-222.014771
2024-02-26 01:53:00+00:00,-213.630814
2024-02-26 01:54:00+00:00,-254.857712
2024-02-26 01:55:00+00:00,-253.409912
2024-02-26 01:56:00+00:00,-239.315567
2024-02-26 01:57:00+00:00,-235.629333
2024-02-26 01:58:00+00:00,-242.665924
2024-02-26 01:59:00+00:00,-260.847992
2024-02-26 02:00:00+00:00,-278.700043
2024-02-26 02:01:00+00:00,-290.674988
2024-02-26 02:02:00+00:00,-289.826599
2024-02-26 02:03:00+00:00,-287.053253
2024-02-26 02:04:00+00:00,-270.364807
2024-02-26 02:05:00+00:00,-268.175293
2024-02-26 02:06:00+00:00,-262.743561
2024-02-26 02:07:00+00:00,-250.541306
2024-02-26 02:08:00+00:00,-247.432831
2024-02-26 02:09:00+00:00,-240.440842
2024-02-26 02:10:00+00:00,-236.907593
2024-02-26 02:11:00+00:00,-239.967621
2024-02-26 02:12:00+00:00,-239.062103
2024-02-26 02:13:00+00:00,-236.477036
2024-02-26 02:14:00+00:00,-241.624908
2024-02-26 02:15:00+00:00,-237.240326
2024-02-26 02:16:00+00:00,-229.899872
2024-02-26 02:17:00+00:00,-228.343048
2024-02-26 02:18:00+00:00,-232.059967
2024-02-26 02:19:00+00:00,-235.731277
2024-02-26 02:20:00+00:00,-237.175415
2024-02-26 02:21:00+00:00,-241.885513
2024-02-26 02:22:00+00:00,-243.257172
2024-02-26 02:23:00+00:00,-238.576508
2024-02-26 02:24:00+00:00,-235.53009
2024-02-26 02:25:00+00:00,-245.520264
2024-02-26 02:26:00+00:00,-253.071976
2024-02-26 02:27:00+00:00,-253.191635
2024-02-26 02:28:00+00:00,-255.889954
2024-02-26 02:29:00+00:00,-260.638672
2024-02-26 02:30:00+00:00,-264.111633
2024-02-26 02:31:00+00:00,-267.676666
2024-02-26 02:32:00+00:00,-268.308014
2024-02-26 02:33:00+00:00,-260.85733
2024-02-26 02:34:00+00:00,-243.639084
2024-02-26 02:35:00+00:00,-227.338776
2024-02-26 02:36:00+00:00,-222.246689
2024-02-26 02:37:00+00:00,-222.223129
2024-02-26 02:38:00+00:00,-222.470215
2024-02-26 02:39:00+00:00,-226.520355
2024-02-26 02:40:00+00:00,-232.609558
2024-02-26 02:41:00+00:00,-242.476639
2024-02-26 02:42:00+00:00,-248.304611
2024-02-26 02:43:00+00:00,-261.629303
2024-02-26 02:44:00+00:00,-270.690826
2024-02-26 02:45:00+00:00,-268.001495
2024-02-26 02:46:00+00:00,-262.299866
2024-02-26 02:47:00+00:00,-250.88739
2024-03-04 00:00:00+00:00,-332.860046
2024-03-04 00:01:00+00:00,-341.316681
2024-03-04 00:02:00+00:00,-341.494537
2024-03-04 00:03:00+00:00,-325.309692
2024-03-04 00:04:00+00:00,-312.897034
2024-03-04 00:05:00+00:00,-329.688293
2024-03-04 00:06:00+00:00,-323.823181
2024-03-04 00:07:00+00:00,-308.379974
2024-03-04 00:08:00+00:00,-306.935455
2024-03-04 00:09:00+00:00,-298.353363
2024-03-04 00:10:00+00:00,-298.622498
2024-03-04 00:11:00+00:00,-300.238129
2024-03-04 00:12:00+00:00,-318.905792
2024-03-04 00:13:00+00:00,-325.326202
2024-03-04 00:14:00+00:00,-333.571442
2024-03-04 00:15:00+00:00,-347.150635
2024-03-04 00:16:00+00:00,-343.509918
2024-03-04 00:17:00+00:00,-343.948792
2024-03-04 00:18:00+00:00,-343.032104
2024-03-04 00:19:00+00:00,-312.420258
2024-03-04 00:20:00+00:00,-290.749817
2024-03-04 00:21:00+00:00,-293.831543
2024-03-04 00:22:00+00:00,-295.433929
2024-03-04 00:23:00+00:00,-300.821289
2024-03-04 00:24:00+00:00,-306.74585
2024-03-04 00:25:00+00:00,-302.12851
2024-03-04 00:26:00+00:00,-296.110107
2024-03-04 00:27:00+00:00,-293.894348
2024-03-04 00:28:00+00:00,-299.377014
2024-03-04 00:29:00+00:00,-294.016296
2024-03-04 00:30:00+00:00,-292.793915
2024-03-04 00:31:00+00:00,-322.195251
2024-03-04 00:32:00+00:00,-355.294495
2024-03-04 00:33:00+00:00,-372.710938
2024-03-04 00:34:00+00:00,-378.456696
2024-03-04 00:35:00+00:00,-374.12085
2024-03-04 00:36:00+00:00,-395.982422
2024-03-04 00:37:00+00:00,-389.452179
2024-03-04 00:38:00+00:00,-345.201385
2024-03-04 00:39:00+00:00,-357.501709
2024-03-04 00:40:00+00:00,-362.070221
2024-03-04 00:41:00+00:00,-382.079987
2024-03-04 00:42:00+00:00,-382.313446
2024-03-04 00:43:00+00:00,-351.049103
2024-03-04 00:44:00+00:00,-337.047577
2024-03-04 00:45:00+00:00,-341.787506
2024-03-04 00:46:00+00:00,-338.318848
2024-03-04 00:47:00+00:00,-337.413879
2024-03-04 00:48:00+00:00,-336.243256
2024-03-04 00:49:00+00:00,-325.01236
2024-03-04 00:50:00+00:00,-315.821625
2024-03-04 00:51:00+00:00,-324.249908
2024-03-04 00:52:00+00:00,-329.323517
2024-03-04 00:53:00+00:00,-322.33905
2024-03-04 00:54:00+00:00,-316.339294
2024-03-04 00:55:00+00:00,-314.731262
2024-03-04 00:56:00+00:00,-298.77359
2024-03-04 00:57:00+00:00,-309.193359
2024-03-04 00:58:00+00:00,-311.591736
2024-03-04 00:59:00+00:00,-303.38092
2024-03-04 01:00:00+00:00,-290.018555
2024-03-04 01:01:00+00:00,-264.345764
2024-03-04 01:02:00+00:00,-242.401657
2024-03-04 01:03:00+00:00,-239.705627
2024-03-04 01:04:00+00:00,-256.209717
2024-03-04 01:05:00+00:00,-285.69693
2024-03-04 01:06:00+00:00,-310.153442
2024-03-04 01:07:00+00:00,-304.904999
2024-03-04 01:08:00+00:00,-308.519348
2024-03-04 01:09:00+00:00,-307.567139
2024-03-04 01:10:00+00:00,-301.126709
2024-03-04 01:11:00+00:00,-294.081329
2024-03-04 01:12:00+00:00,-281.159027
2024-03-04 01:13:00+00:00,-258.052704
2024-03-04 01:14:00+00:00,-235.84288
2024-03-04 01:15:00+00:00,-214.541779
2024-03-04 01:16:00+00:00,-196.962357
2024-03-04 01:17:00+00:00,-200.034805
2024-03-04 01:18:00+00:00,-213.200989
2024-03-04 01:19:00+00:00,-219.762222
2024-03-04 01:20:00+00:00,-194.132004
2024-03-04 01:21:00+00:00,-162.735687
2024-03-04 01:22:00+00:00,-153.599075
2024-03-04 01:23:00+00:00,-147.350967
2024-03-04 01:24:00+00:00,-135.276871
2024-03-04 01:25:00+00:00,-128.024902
2024-03-04 01:26:00+00:00,-119.207069
2024-03-04 01:27:00+00:00,-116.105515
2024-03-04 01:28:00+00:00,-110.334167
2024-03-04 01:29:00+00:00,-98.590874
2024-03-04 01:30:00+00:00,-95.146233
2024-03-04 01:31:00+00:00,-96.800026
2024-03-04 01:32:00+00:00,-101.191124
2024-03-04 01:33:00+00:00,-94.797234
2024-03-04 01:34:00+00:00,-80.992744
2024-03-04 01:35:00+00:00,-76.624458
2024-03-04 01:36:00+00:00,-76.425591
2024-03-04 01:37:00+00:00,-76.342773
2024-03-04 01:38:00+00:00,-75.90625
2024-03-04 01:39:00+00:00,-78.275948
2024-03-04 01:40:00+00:00,-80.37249
2024-03-04 01:41:00+00:00,-76.418404
2024-03-04 01:42:00+00:00,-76.322525
2024-03-04 01:43:00+00:00,-75.780869
2024-03-04 01:44:00+00:00,-75.544121
2024-03-04 01:45:00+00:00,-75.300926
2024-03-04 01:46:00+00:00,-75.092934
2024-03-04 01:47:00+00:00,-74.481903
2024-03-04 01:48:00+00:00,-74.058258
2024-03-04 01:49:00+00:00,-73.887703
2024-03-04 01:50:00+00:00,-73.703194
2024-03-04 01:51:00+00:00,-73.252121
2024-03-04 01:52:00+00:00,-73.150223
2024-03-04 01:53:00+00:00,-73.025772
2024-03-04 01:54:00+00:00,-72.8536
2024-03-04 01:55:00+00:00,-72.284264
2024-03-04 01:56:00+00:00,-72.426567
2024-03-04 01:57:00+00:00,-72.318039
2024-03-04 01:58:00+00:00,-72.087044
2024-03-04 01:59:00+00:00,-71.532791
2024-03-04 02:00:00+00:00,-71.742661
2024-03-04 02:01:00+00:00,-71.84436
2024-03-04 02:02:00+00:00,-71.980377
2024-03-04 02:03:00+00:00,-72.108154
2024-03-04 02:04:00+00:00,-72.006599
2024-03-04 02:05:00+00:00,-71.646782
2024-03-04 02:06:00+00:00,-71.53421
2024-03-04 02:07:00+00:00,-72.151627
2024-03-04 02:08:00+00:00,-72.070992
2024-03-04 02:09:00+00:00,-71.845192
2024-03-04 02:10:00+00:00,-71.417702
2024-03-04 02:11:00+00:00,-71.620308
2024-03-04 02:12:00+00:00,-71.427841
2024-03-04 02:13:00+00:00,-71.22094
2024-03-04 02:14:00+00:00,-71.2752
2024-03-04 02:15:00+00:00,-71.621681
2024-03-04 02:16:00+00:00,-71.276169
2024-03-04 02:17:00+00:00,-71.117432
2024-03-04 02:18:00+00:00,-71.094788
2024-03-04 02:19:00+00:00,-70.641747
2024-03-04 02:20:00+00:00,-70.637283
2024-03-04 02:21:00+00:00,-70.553986
2024-03-04 02:22:00+00:00,-70.911438
2024-03-04 02:23:00+00:00,-71.067024
2024-03-04 02:24:00+00:00,-71.001228
2024-03-04 02:25:00+00:00,-71.309731
2024-03-04 02:26:00+00:00,-71.140999
2024-03-04 02:27:00+00:00,-70.625839
2024-03-04 02:28:00+00:00,-70.828766
2024-03-04 02:29:00+00:00,-70.421577
2024-03-04 02:30:00+00:00,-70.502014
2024-03-04 02:31:00+00:00,-70.415642
2024-03-04 02:32:00+00:00,-69.420395
2024-03-04 02:33:00+00:00,-69.980965
2024-03-04 02:34:00+00:00,-69.630737
2024-03-04 02:35:00+00:00,-69.662506
2024-03-04 02:36:00+00:00,-69.346001
2024-03-04 02:37:00+00:00,-69.136093
2024-03-04 02:38:00+00:00,-69.355301
2024-03-04 02:39:00+00:00,-69.515228
2024-03-04 02:40:00+00:00,-69.430191
2024-03-04 02:41:00+00:00,-69.649307
2024-03-04 02:42:00+00:00,-69.564865
2024-03-04 02:43:00+00:00,-68.829536
2024-03-04 02:44:00+00:00,-68.23204
2024-03-04 02:45:00+00:00,-68.485657
2024-03-04 02:46:00+00:00,-68.677887
2024-03-04 02:47:00+00:00,-68.578674
2024-03-11 00:00:00+00:00,-28.530548
2024-03-11 00:01:00+00:00,-36.082962
2024-03-11 00:02:00+00:00,-35.943504
2024-03-11 00:03:00+00:00,-38.773361
2024-03-11 00:04:00+00:00,-32.375248
2024-03-11 00:05:00+00:00,-28.839016
2024-03-11 00:06:00+00:00,-34.899067
2024-03-11 00:07:00+00:00,-35.522202
2024-03-11 00:08:00+00:00,-35.379135
2024-03-11 00:09:00+00:00,-35.917629
2024-03-11 00:10:00+00:00,-36.377415
2024-03-11 00:11:00+00:00,-37.124977
2024-03-11 00:12:00+00:00,-34.727543
2024-03-11 00:13:00+00:00,-31.994877
2024-03-11 00:14:00+00:00,-27.214855
2024-03-11 00:15:00+00:00,-23.272488
2024-03-11 00:16:00+00:00,-20.516153
2024-03-11 00:17:00+00:00,-20.078104
2024-03-11 00:18:00+00:00,-19.289433
2024-03-11 00:19:00+00:00,-19.790474
2024-03-11 00:20:00+00:00,-19.18572
2024-03-11 00:21:00+00:00,-19.361988
2024-03-11 00:22:00+00:00,-18.405258
2024-03-11 00:23:00+00:00,-18.993608
2024-03-11 00:24:00+00:00,-19.564299
2024-03-11 00:25:00+00:00,-19.406296
2024-03-11 00:26:00+00:00,-19.563282
2024-03-11 00:27:00+00:00,-21.210567
2024-03-11 00:28:00+00:00,-20.834368
2024-03-11 00:29:00+00:00,-20.373966
2024-03-11 00:30:00+00:00,-20.735748
2024-03-11 00:31:00+00:00,-20.788357
2024-03-11 00:32:00+00:00,-20.676146
2024-03-11 00:33:00+00:00,-20.14192
2024-03-11 00:34:00+00:00,-22.536392
2024-03-11 00:35:00+00:00,-25.738253
2024-03-11 00:36:00+00:00,-26.553699
2024-03-11 00:37:00+00:00,-31.919529
2024-03-11 00:38:00+00:00,-24.028393
2024-03-11 00:39:00+00:00,-23.171347
2024-03-11 00:40:00+00:00,-24.490728
2024-03-11 00:41:00+00:00,-24.282898
2024-03-11 00:42:00+00:00,-21.107407
2024-03-11 00:43:00+00:00,-19.068825
2024-03-11 00:44:00+00:00,-21.453875
2024-03-11 00:45:00+00:00,-42.639484
2024-03-11 00:46:00+00:00,-61.289883
2024-03-11 00:47:00+00:00,-59.499424
2024-03-11 00:48:00+00:00,-54.292168
2024-03-11 00:49:00+00:00,-53.019352
2024-03-11 00:50:00+00:00,-68.704987
2024-03-11 00:51:00+00:00,-64.623199
2024-03-11 00:52:00+00:00,-70.011169
2024-03-11 00:53:00+00:00,-62.816936
2024-03-11 00:54:00+00:00,-63.91238
2024-03-11 00:55:00+00:00,-42.683674
2024-03-11 00:56:00+00:00,-34.868973
2024-03-11 00:57:00+00:00,-36.950085
2024-03-11 00:58:00+00:00,-33.108597
2024-03-11 00:59:00+00:00,-28.348698
2024-03-11 01:00:00+00:00,-26.801277
2024-03-11 01:01:00+00:00,-25.566269
2024-03-11 01:02:00+00:00,-25.106499
2024-03-11 01:03:00+00:00,-24.305923
2024-03-11 01:04:00+00:00,-24.030603
2024-03-11 01:05:00+00:00,-23.305939
2024-03-11 01:06:00+00:00,-22.468687
2024-03-11 01:07:00+00:00,-21.511003
2024-03-11 01:08:00+00:00,-21.051037
2024-03-11 01:09:00+00:00,-20.910875
2024-03-11 01:10:00+00:00,-21.127666
2024-03-11 01:11:00+00:00,-21.126028
2024-03-11 01:12:00+00:00,-20.201912
2024-03-11 01:13:00+00:00,-19.224293
2024-03-11 01:14:00+00:00,-19.222546
2024-03-11 01:15:00+00:00,-18.339989
2024-03-11 01:16:00+00:00,-18.201805
2024-03-11 01:17:00+00:00,-17.859459
2024-03-11 01:18:00+00:00,-17.247696
2024-03-11 01:19:00+00:00,-17.471695
2024-03-11 01:20:00+00:00,-18.073624
2024-03-11 01:21:00+00:00,-17.83737
2024-03-11 01:22:00+00:00,-16.967091
2024-03-11 01:23:00+00:00,-16.023405
2024-03-11 01:24:00+00:00,-17.387341
2024-03-11 01:25:00+00:00,-18.512535
2024-03-11 01:26:00+00:00,-19.709116
2024-03-11 01:27:00+00:00,-20.282085
2024-03-11 01:28:00+00:00,-20.50635
2024-03-11 01:29:00+00:00,-21.117628
2024-03-11 01:30:00+00:00,-21.677883
2024-03-11 01:31:00+00:00,-20.891115
2024-03-11 01:32:00+00:00,-18.855852
2024-03-11 01:33:00+00:00,-17.042336
2024-03-11 01:34:00+00:00,-17.467581
2024-03-11 01:35:00+00:00,-17.207329
2024-03-11 01:36:00+00:00,-18.670164
2024-03-11 01:37:00+00:00,-22.758698
2024-03-11 01:38:00+00:00,-26.888273
2024-03-11 01:39:00+00:00,-28.03578
2024-03-11 01:40:00+00:00,-29.617731
2024-03-11 01:41:00+00:00,-28.801825
2024-03-11 01:42:00+00:00,-35.306236
2024-03-11 01:43:00+00:00,-36.513924
2024-03-11 01:44:00+00:00,-60.014183
2024-03-11 01:45:00+00:00,-83.653015
2024-03-11 01:46:00+00:00,-91.484818
2024-03-11 01:47:00+00:00,-100.262817
2024-03-11 01:48:00+00:00,-107.145882
2024-03-11 01:49:00+00:00,-109.811096
2024-03-11 01:50:00+00:00,-104.975906
2024-03-11 01:51:00+00:00,-104.084
2024-03-11 01:52:00+00:00,-140.243134
2024-03-11 01:53:00+00:00,-133.13623
2024-03-11 01:54:00+00:00,-124.687469
2024-03-11 01:55:00+00:00,-146.834991
2024-03-11 01:56:00+00:00,-170.229507
2024-03-11 01:57:00+00:00,-174.536713
2024-03-11 01:58:00+00:00,-161.662216
2024-03-11 01:59:00+00:00,-149.716034
2024-03-11 02:00:00+00:00,-133.519791
2024-03-11 02:01:00+00:00,-136.212021
2024-03-11 02:02:00+00:00,-134.799088
2024-03-11 02:03:00+00:00,-131.709305
2024-03-11 02:04:00+00:00,-111.514305
2024-03-11 02:05:00+00:00,-91.037933
2024-03-11 02:06:00+00:00,-113.475182
2024-03-11 02:07:00+00:00,-83.289085
2024-03-11 02:08:00+00:00,-82.260979
2024-03-11 02:09:00+00:00,-91.723549
2024-03-11 02:10:00+00:00,-77.065681
2024-03-11 02:11:00+00:00,-69.409134
2024-03-11 02:12:00+00:00,-58.129429
2024-03-11 02:13:00+00:00,-49.447609
2024-03-11 02:14:00+00:00,-42.472195
2024-03-11 02:15:00+00:00,-52.074093
2024-03-11 02:16:00+00:00,-62.56324
2024-03-11 02:17:00+00:00,-53.40197
2024-03-11 02:18:00+00:00,-47.179115
2024-03-11 02:19:00+00:00,-53.106434
2024-03-11 02:20:00+00:00,-62.558262
2024-03-11 02:21:00+00:00,-58.206104
2024-03-11 02:22:00+00:00,-59.199432
2024-03-11 02:23:00+00:00,-69.185684
2024-03-11 02:24:00+00:00,-85.481216
2024-03-11 02:25:00+00:00,-100.096764
2024-03-11 02:26:00+00:00,-110.921898
2024-03-11 02:27:00+00:00,-95.387283
2024-03-11 02:28:00+00:00,-76.043625
2024-03-11 02:29:00+00:00,-53.475899
2024-03-11 02:30:00+00:00,-63.973076
2024-03-11 02:31:00+00:00,-56.01783
2024-03-11 02:32:00+00:00,-60.417839
2024-03-11 02:33:00+00:00,-67.355919
2024-03-11 02:34:00+00:00,-81.560768
2024-03-11 02:35:00+00:00,-98.856651
2024-03-11 02:36:00+00:00,-115.038132
2024-03-11 02:37:00+00:00,-122.738167
2024-03-11 02:38:00+00:00,-112.07019
2024-03-11 02:39:00+00:00,-96.547592
2024-03-11 02:40:00+00:00,-98.081795
2024-03-11 02:41:00+00:00,-77.228256
2024-03-11 02:42:00+00:00,-96.178749
2024-03-11 02:43:00+00:00,-85.29113
2024-03-11 02:44:00+00:00,-96.129913
2024-03-11 02:45:00+00:00,-103.035828
2024-03-11 02:46:00+00:00,-84.996262
2024-03-11 02:47:00+00:00,-118.740601
2024-03-18 00:00:00+00:00,-34.031921
2024-03-18 00:01:00+00:00,-33.879948
2024-03-18 00:02:00+00:00,-34.229877
2024-03-18 00:03:00+00:00,-34.474781
2024-03-18 00:04:00+00:00,-34.917686
2024-03-18 00:05:00+00:00,-35.306557
2024-03-18 00:06:00+00:00,-35.792118
2024-03-18 00:07:00+00:00,-35.825722
2024-03-18 00:08:00+00:00,-35.755157
2024-03-18 00:09:00+00:00,-35.783798
2024-03-18 00:10:00+00:00,-35.812195
2024-03-18 00:11:00+00:00,-35.338585
2024-03-18 00:12:00+00:00,-35.357109
2024-03-18 00:13:00+00:00,-35.37999
2024-03-18 00:14:00+00:00,-35.10257
2024-03-18 00:15:00+00:00,-34.521133
2024-03-18 00:16:00+00:00,-33.836777
2024-03-18 00:17:00+00:00,-33.653679
2024-03-18 00:18:00+00:00,-33.56945
2024-03-18 00:19:00+00:00,-32.98243
2024-03-18 00:20:00+00:00,-33.098419
2024-03-18 00:21:00+00:00,-32.817722
2024-03-18 00:22:00+00:00,-33.531151
2024-03-18 00:23:00+00:00,-33.543289
2024-03-18 00:24:00+00:00,-33.958397
2024-03-18 00:25:00+00:00,-33.825199
2024-03-18 00:26:00+00:00,-33.493488
2024-03-18 00:27:00+00:00,-33.205399
2024-03-18 00:28:00+00:00,-33.024094
2024-03-18 00:29:00+00:00,-32.547161
2024-03-18 00:30:00+00:00,-32.96619
2024-03-18 00:31:00+00:00,-32.685364
2024-03-18 00:32:00+00:00,-32.705189
2024-03-18 00:33:00+00:00,-32.521816
2024-03-18 00:34:00+00:00,-31.937914
2024-03-18 00:35:00+00:00,-31.401541
2024-03-18 00:36:00+00:00,-30.764217
2024-03-18 00:37:00+00:00,-30.174608
2024-03-18 00:38:00+00:00,-29.679455
2024-03-18 00:39:00+00:00,-29.588293
2024-03-18 00:40:00+00:00,-29.447874
2024-03-18 00:41:00+00:00,-29.106083
2024-03-18 00:42:00+00:00,-28.611605
2024-03-18 00:43:00+00:00,-28.320879
2024-03-18 00:44:00+00:00,-28.22986
2024-03-18 00:45:00+00:00,-27.940332
2024-03-18 00:46:00+00:00,-28.147511
2024-03-18 00:47:00+00:00,-28.160889
2024-03-18 00:48:00+00:00,-27.474495
2024-03-18 00:49:00+00:00,-26.986729
2024-03-18 00:50:00+00:00,-26.905403
2024-03-18 00:51:00+00:00,-26.425768
2024-03-18 00:52:00+00:00,-26.247272
2024-03-18 00:53:00+00:00,-25.666893
2024-03-18 00:54:00+00:00,-25.495697
2024-03-18 00:55:00+00:00,-25.249737
2024-03-18 00:56:00+00:00,-26.170052
2024-03-18 00:57:00+00:00,-26.248064
2024-03-18 00:58:00+00:00,-26.098618
2024-03-18 00:59:00+00:00,-25.254604
2024-03-18 01:00:00+00:00,-24.522057
2024-03-18 01:01:00+00:00,-24.371449
2024-03-18 01:02:00+00:00,-24.223885
2024-03-18 01:03:00+00:00,-24.276958
2024-03-18 01:04:00+00:00,-24.130686
2024-03-18 01:05:00+00:00,-24.587257
2024-03-18 01:06:00+00:00,-24.844324
2024-03-18 01:07:00+00:00,-24.507437
2024-03-18 01:08:00+00:00,-24.06539
2024-03-18 01:09:00+00:00,-24.132015
2024-03-18 01:10:00+00:00,-25.031347
2024-03-18 01:11:00+00:00,-25.354856
2024-03-18 01:12:00+00:00,-25.0779
2024-03-18 01:13:00+00:00,-24.943102
2024-03-18 01:14:00+00:00,-24.775909
2024-03-18 01:15:00+00:00,-24.30044
2024-03-18 01:16:00+00:00,-24.416386
2024-03-18 01:17:00+00:00,-25.268675
2024-03-18 01:18:00+00:00,-25.609047
2024-03-18 01:19:00+00:00,-25.558891
2024-03-18 01:20:00+00:00,-25.391035
2024-03-18 01:21:00+00:00,-25.246883
2024-03-18 01:22:00+00:00,-24.727503
2024-03-18 01:23:00+00:00,-23.789253
2024-03-18 01:24:00+00:00,-23.059431
2024-03-18 01:25:00+00:00,-22.720953
2024-03-18 01:26:00+00:00,-22.700575
2024-03-18 01:27:00+00:00,-22.795488
2024-03-18 01:28:00+00:00,-23.3605
2024-03-18 01:29:00+00:00,-23.425713
2024-03-18 01:30:00+00:00,-23.230865
2024-03-18 01:31:00+00:00,-23.695374
2024-03-18 01:32:00+00:00,-24.293276
2024-03-18 01:33:00+00:00,-24.783686
2024-03-18 01:34:00+00:00,-25.833939
2024-03-18 01:35:00+00:00,-26.158625
2024-03-18 01:36:00+00:00,-26.306915
2024-03-18 01:37:00+00:00,-26.308084
2024-03-18 01:38:00+00:00,-26.329979
2024-03-18 01:39:00+00:00,-26.239494
2024-03-18 01:40:00+00:00,-26.994022
2024-03-18 01:41:00+00:00,-26.306921
2024-03-18 01:42:00+00:00,-24.780134
2024-03-18 01:43:00+00:00,-24.053474
2024-03-18 01:44:00+00:00,-23.775753
2024-03-18 01:45:00+00:00,-23.276056
2024-03-18 01:46:00+00:00,-22.836025
2024-03-18 01:47:00+00:00,-22.515369
2024-03-18 01:48:00+00:00,-22.692406
2024-03-18 01:49:00+00:00,-23.267925
2024-03-18 01:50:00+00:00,-23.576038
2024-03-18 01:51:00+00:00,-23.674269
2024-03-18 01:52:00+00:00,-24.255957
2024-03-18 01:53:00+00:00,-24.808811
2024-03-18 01:54:00+00:00,-24.5849
2024-03-18 01:55:00+00:00,-24.205233
2024-03-18 01:56:00+00:00,-24.081898
2024-03-18 01:57:00+00:00,-23.862757
2024-03-18 01:58:00+00:00,-23.359453
2024-03-18 01:59:00+00:00,-22.994751
2024-03-18 02:00:00+00:00,-22.713453
2024-03-18 02:01:00+00:00,-22.492237
2024-03-18 02:02:00+00:00,-22.376341
2024-03-18 02:03:00+00:00,-22.639109
2024-03-18 02:04:00+00:00,-22.961126
2024-03-18 02:05:00+00:00,-23.102745
2024-03-18 02:06:00+00:00,-22.820719
2024-03-18 02:07:00+00:00,-22.158485
2024-03-18 02:08:00+00:00,-21.9065
2024-03-18 02:09:00+00:00,-22.110741
2024-03-18 02:10:00+00:00,-23.290668
2024-03-18 02:11:00+00:00,-24.40378
2024-03-18 02:12:00+00:00,-24.736143
2024-03-18 02:13:00+00:00,-24.852282
2024-03-18 02:14:00+00:00,-24.750174
2024-03-18 02:15:00+00:00,-24.315052
2024-03-18 02:16:00+00:00,-24.179178
2024-03-18 02:17:00+00:00,-24.244473
2024-03-18 02:18:00+00:00,-23.300911
2024-03-18 02:19:00+00:00,-23.292761
2024-03-18 02:20:00+00:00,-23.497437
2024-03-18 02:21:00+00:00,-23.158527
2024-03-18 02:22:00+00:00,-22.800423
2024-03-18 02:23:00+00:00,-22.206249
2024-03-18 02:24:00+00:00,-21.871702
2024-03-18 02:25:00+00:00,-21.677567
2024-03-18 02:26:00+00:00,-21.974409
2024-03-18 02:27:00+00:00,-22.431568
2024-03-18 02:28:00+00:00,-22.934416
2024-03-18 02:29:00+00:00,-23.225052
2024-03-18 02:30:00+00:00,-23.352283
2024-03-18 02:31:00+00:00,-23.330357
2024-03-18 02:32:00+00:00,-23.495062
2024-03-18 02:33:00+00:00,-23.452251
2024-03-18 02:34:00+00:00,-23.581709
2024-03-18 02:35:00+00:00,-23.848917
2024-03-18 02:36:00+00:00,-24.038443
2024-03-18 02:37:00+00:00,-23.606325
2024-03-18 02:38:00+00:00,-23.269255
2024-03-18 02:39:00+00:00,-22.883347
2024-03-18 02:40:00+00:00,-23.036875
2024-03-18 02:41:00+00:00,-23.776701
2024-03-18 02:42:00+00:00,-23.785814
2024-03-18 02:43:00+00:00,-23.165951
2024-03-18 02:44:00+00:00,-22.80909
2024-03-18 02:45:00+00:00,-23.148319
2024-03-18 02:46:00+00:00,-23.889572
2024-03-18 02:47:00+00:00,-24.337727
2024-03-25 00:00:00+00:00,-199.194351
2024-03-25 00:01:00+00:00,-206.285812
2024-03-25 00:02:00+00:00,-187.860962
2024-03-25 00:03:00+00:00,-174.005798
2024-03-25 00:04:00+00:00,-156.262207
2024-03-25 00:05:00+00:00,-161.758987
2024-03-25 00:06:00+00:00,-168.951767
2024-03-25 00:07:00+00:00,-171.299469
2024-03-25 00:08:00+00:00,-172.910507
2024-03-25 00:09:00+00:00,-185.455627
2024-03-25 00:10:00+00:00,-201.857697
2024-03-25 00:11:00+00:00,-216.455017
2024-03-25 00:12:00+00:00,-226.827637
2024-03-25 00:13:00+00:00,-231.989655
2024-03-25 00:14:00+00:00,-239.755508
2024-03-25 00:15:00+00:00,-246.497681
2024-03-25 00:16:00+00:00,-266.289429
2024-03-25 00:17:00+00:00,-251.462753
2024-03-25 00:18:00+00:00,-223.07814
2024-03-25 00:19:00+00:00,-223.065308
2024-03-25 00:20:00+00:00,-227.747452
2024-03-25 00:21:00+00:00,-220.065292
2024-03-25 00:22:00+00:00,-203.893311
2024-03-25 00:23:00+00:00,-192.023193
2024-03-25 00:24:00+00:00,-183.698303
2024-03-25 00:25:00+00:00,-188.807755
2024-03-25 00:26:00+00:00,-186.175156
2024-03-25 00:27:00+00:00,-191.333069
2024-03-25 00:28:00+00:00,-187.551102
2024-03-25 00:29:00+00:00,-188.895721
2024-03-25 00:30:00+00:00,-178.404892
2024-03-25 00:31:00+00:00,-180.425751
2024-03-25 00:32:00+00:00,-192.669571
2024-03-25 00:33:00+00:00,-187.574005
2024-03-25 00:34:00+00:00,-186.037003
2024-03-25 00:35:00+00:00,-180.47081
2024-03-25 00:36:00+00:00,-173.184052
2024-03-25 00:37:00+00:00,-178.516647
2024-03-25 00:38:00+00:00,-179.649155
2024-03-25 00:39:00+00:00,-162.786026
2024-03-25 00:40:00+00:00,-155.224091
2024-03-25 00:41:00+00:00,-158.169434
2024-03-25 00:42:00+00:00,-148.799606
2024-03-25 00:43:00+00:00,-141.705994
2024-03-25 00:44:00+00:00,-147.783142
2024-03-25 00:45:00+00:00,-140.699951
2024-03-25 00:46:00+00:00,-128.118378
2024-03-25 00:47:00+00:00,-137.384918
2024-03-25 00:48:00+00:00,-141.252701
2024-03-25 00:49:00+00:00,-141.125336
2024-03-25 00:50:00+00:00,-143.00087
2024-03-25 00:51:00+00:00,-148.876587
2024-03-25 00:52:00+00:00,-140.751663
2024-03-25 00:53:00+00:00,-136.628372
2024-03-25 00:54:00+00:00,-139.513412
2024-03-25 00:55:00+00:00,-145.404144
2024-03-25 00:56:00+00:00,-151.297791
2024-03-25 00:57:00+00:00,-161.19574
2024-03-25 00:58:00+00:00,-173.111343
2024-03-25 00:59:00+00:00,-172.020538
2024-03-25 01:00:00+00:00,-180.869797
2024-03-25 01:01:00+00:00,-174.751755
2024-03-25 01:02:00+00:00,-162.644653
2024-03-25 01:03:00+00:00,-164.530487
2024-03-25 01:04:00+00:00,-174.402008
2024-03-25 01:05:00+00:00,-204.292816
2024-03-25 01:06:00+00:00,-220.18782
2024-03-25 01:07:00+00:00,-256.093048
2024-03-25 01:08:00+00:00,-261.977844
2024-03-25 01:09:00+00:00,-255.863098
2024-03-25 01:10:00+00:00,-256.754181
2024-03-25 01:11:00+00:00,-279.768524
2024-03-25 01:12:00+00:00,-260.914154
2024-03-25 01:13:00+00:00,-273.875305
2024-03-25 01:14:00+00:00,-234.346176
2024-03-25 01:15:00+00:00,-220.249725
2024-03-25 01:16:00+00:00,-216.626099
2024-03-25 01:17:00+00:00,-226.06665
2024-03-25 01:18:00+00:00,-235.403854
2024-03-25 01:19:00+00:00,-242.409882
2024-03-25 01:20:00+00:00,-257.808624
2024-03-25 01:21:00+00:00,-261.022736
2024-03-25 01:22:00+00:00,-255.854965
2024-03-25 01:23:00+00:00,-242.295166
2024-03-25 01:24:00+00:00,-241.37735
2024-03-25 01:25:00+00:00,-232.148056
2024-03-25 01:26:00+00:00,-224.373611
2024-03-25 01:27:00+00:00,-233.308304
2024-03-25 01:28:00+00:00,-226.241211
2024-03-25 01:29:00+00:00,-224.197174
2024-03-25 01:30:00+00:00,-235.141388
2024-03-25 01:31:00+00:00,-249.162476
2024-03-25 01:32:00+00:00,-292.201416
2024-03-25 01:33:00+00:00,-295.533081
2024-03-25 01:34:00+00:00,-261.938141
2024-03-25 01:35:00+00:00,-267.285339
2024-03-25 01:36:00+00:00,-284.212311
2024-03-25 01:37:00+00:00,-304.169647
2024-03-25 01:38:00+00:00,-307.131622
2024-03-25 01:39:00+00:00,-290.06662
2024-03-25 01:40:00+00:00,-272.028961
2024-03-25 01:41:00+00:00,-254.031296
2024-03-25 01:42:00+00:00,-239.04126
2024-03-25 01:43:00+00:00,-248.754257
2024-03-25 01:44:00+00:00,-229.467682
2024-03-25 01:45:00+00:00,-221.94693
2024-03-25 01:46:00+00:00,-230.947739
2024-03-25 01:47:00+00:00,-230.952225
2024-03-25 01:48:00+00:00,-215.940857
2024-03-25 01:49:00+00:00,-204.681641
2024-03-25 01:50:00+00:00,-202.479263
2024-03-25 01:51:00+00:00,-226.366821
2024-03-25 01:52:00+00:00,-199.829071
2024-03-25 01:53:00+00:00,-201.035019
2024-03-25 01:54:00+00:00,-208.088943
2024-03-25 01:55:00+00:00,-220.141434
2024-03-25 01:56:00+00:00,-200.154373
2024-03-25 01:57:00+00:00,-207.182846
2024-03-25 01:58:00+00:00,-210.17421
2024-03-25 01:59:00+00:00,-192.136673
2024-03-25 02:00:00+00:00,-196.163956
2024-03-25 02:01:00+00:00,-202.198776
2024-03-25 02:02:00+00:00,-202.264099
2024-03-25 02:03:00+00:00,-162.25
2024-03-25 02:04:00+00:00,-182.281143
2024-03-25 02:05:00+00:00,-215.342255
2024-03-25 02:06:00+00:00,-229.406555
2024-03-25 02:07:00+00:00,-246.50032
2024-03-25 02:08:00+00:00,-223.563812
2024-03-25 02:09:00+00:00,-174.617081
2024-03-25 02:10:00+00:00,-162.650497
2024-03-25 02:11:00+00:00,-185.728058
2024-03-25 02:12:00+00:00,-177.999008
2024-03-25 02:13:00+00:00,-140.44397
2024-03-25 02:14:00+00:00,-134.782669
2024-03-25 02:15:00+00:00,-128.385834
2024-03-25 02:16:00+00:00,-177.566895
2024-03-25 02:17:00+00:00,-199.383621
2024-03-25 02:18:00+00:00,-209.835419
2024-03-25 02:19:00+00:00,-161.685135
2024-03-25 02:20:00+00:00,-149.099548
2024-03-25 02:21:00+00:00,-145.412994
2024-03-25 02:22:00+00:00,-171.64621
2024-03-25 02:23:00+00:00,-186.730896
2024-03-25 02:24:00+00:00,-191.98201
2024-03-25 02:25:00+00:00,-146.930634
2024-03-25 02:26:00+00:00,-131.398926
2024-03-25 02:27:00+00:00,-106.266602
2024-03-25 02:28:00+00:00,-125.206924
2024-03-25 02:29:00+00:00,-110.277084
2024-03-25 02:30:00+00:00,-116.233162
2024-03-25 02:31:00+00:00,-123.343521
2024-03-25 02:32:00+00:00,-102.968315
2024-03-25 02:33:00+00:00,-108.612335
2024-03-25 02:34:00+00:00,-117.971268
2024-03-25 02:35:00+00:00,-118.285126
2024-03-25 02:36:00+00:00,-141.44754
2024-03-25 02:37:00+00:00,-159.011368
2024-03-25 02:38:00+00:00,-148.428696
2024-03-25 02:39:00+00:00,-154.268768
2024-03-25 02:40:00+00:00,-131.877701
2024-03-25 02:41:00+00:00,-109.831535
2024-03-25 02:42:00+00:00,-155.269058
2024-03-25 02:43:00+00:00,-153.527206
2024-03-25 02:44:00+00:00,-126.922714
2024-03-25 02:45:00+00:00,-93.182999
2024-03-25 02:46:00+00:00,-88.152184
2024-03-25 02:47:00+00:00,-97.105148
2024-04-01 00:00:00+00:00,-83.405228
2024-04-01 00:01:00+00:00,-89.682053
2024-04-01 00:02:00+00:00,-97.214157
2024-04-01 00:03:00+00:00,-99.824982
2024-04-01 00:04:00+00:00,-120.956795
2024-04-01 00:05:00+00:00,-137.314011
2024-04-01 00:06:00+00:00,-126.999054
2024-04-01 00:07:00+00:00,-97.391861
2024-04-01 00:08:00+00:00,-74.293007
2024-04-01 00:09:00+00:00,-70.421715
2024-04-01 00:10:00+00:00,-73.394981
2024-04-01 00:11:00+00:00,-72.276329
2024-04-01 00:12:00+00:00,-69.547913
2024-04-01 00:13:00+00:00,-64.898811
2024-04-01 00:14:00+00:00,-68.241867
2024-04-01 00:15:00+00:00,-74.977165
2024-04-01 00:16:00+00:00,-78.390549
2024-04-01 00:17:00+00:00,-67.342079
2024-04-01 00:18:00+00:00,-51.293701
2024-04-01 00:19:00+00:00,-39.337841
2024-04-01 00:20:00+00:00,-36.433735
2024-04-01 00:21:00+00:00,-36.45171
2024-04-01 00:22:00+00:00,-35.817242
2024-04-01 00:23:00+00:00,-38.647526
2024-04-01 00:24:00+00:00,-42.871197
2024-04-01 00:25:00+00:00,-46.342762
2024-04-01 00:26:00+00:00,-47.112007
2024-04-01 00:27:00+00:00,-47.51292
2024-04-01 00:28:00+00:00,-47.278835
2024-04-01 00:29:00+00:00,-45.272068
2024-04-01 00:30:00+00:00,-45.054131
2024-04-01 00:31:00+00:00,-41.874763
2024-04-01 00:32:00+00:00,-39.732189
2024-04-01 00:33:00+00:00,-44.522835
2024-04-01 00:34:00+00:00,-45.055561
2024-04-01 00:35:00+00:00,-44.712471
2024-04-01 00:36:00+00:00,-44.145443
2024-04-01 00:37:00+00:00,-43.429771
2024-04-01 00:38:00+00:00,-42.502403
2024-04-01 00:39:00+00:00,-39.442543
2024-04-01 00:40:00+00:00,-42.078484
2024-04-01 00:41:00+00:00,-41.96389
2024-04-01 00:42:00+00:00,-52.354935
2024-04-01 00:43:00+00:00,-58.993603
2024-04-01 00:44:00+00:00,-58.249485
2024-04-01 00:45:00+00:00,-48.678318
2024-04-01 00:46:00+00:00,-29.416571
2024-04-01 00:47:00+00:00,-36.890293
2024-04-01 00:48:00+00:00,-41.913727
2024-04-01 00:49:00+00:00,-33.240917
2024-04-01 00:50:00+00:00,-26.036718
2024-04-01 00:51:00+00:00,-26.332449
2024-04-01 00:52:00+00:00,-21.861938
2024-04-01 00:53:00+00:00,-20.946676
2024-04-01 00:54:00+00:00,-19.112675
2024-04-01 00:55:00+00:00,-18.010256
2024-04-01 00:56:00+00:00,-19.049599
2024-04-01 00:57:00+00:00,-20.738832
2024-04-01 00:58:00+00:00,-20.724682
2024-04-01 00:59:00+00:00,-21.561695
2024-04-01 01:00:00+00:00,-21.551359
2024-04-01 01:01:00+00:00,-21.312834
2024-04-01 01:02:00+00:00,-23.202919
2024-04-01 01:03:00+00:00,-21.662365
2024-04-01 01:04:00+00:00,-22.136091
2024-04-01 01:05:00+00:00,-22.513756
2024-04-01 01:06:00+00:00,-21.308826
2024-04-01 01:07:00+00:00,-21.250341
2024-04-01 01:08:00+00:00,-18.984694
2024-04-01 01:09:00+00:00,-18.444994
2024-04-01 01:10:00+00:00,-20.954233
2024-04-01 01:11:00+00:00,-22.901375
2024-04-01 01:12:00+00:00,-21.279812
2024-04-01 01:13:00+00:00,-18.202747
2024-04-01 01:14:00+00:00,-17.938751
2024-04-01 01:15:00+00:00,-17.815458
2024-04-01 01:16:00+00:00,-17.750067
2024-04-01 01:17:00+00:00,-18.479652
2024-04-01 01:18:00+00:00,-18.699661
2024-04-01 01:19:00+00:00,-17.604134
2024-04-01 01:20:00+00:00,-17.542583
2024-04-01 01:21:00+00:00,-18.490911
2024-04-01 01:22:00+00:00,-19.360531
2024-04-01 01:23:00+00:00,-19.994436
2024-04-01 01:24:00+00:00,-19.754757
2024-04-01 01:25:00+00:00,-20.1001
2024-04-01 01:26:00+00:00,-28.947475
2024-04-01 01:27:00+00:00,-34.923458
2024-04-01 01:28:00+00:00,-37.856976
2024-04-01 01:29:00+00:00,-47.887299
2024-04-01 01:30:00+00:00,-49.246479
2024-04-01 01:31:00+00:00,-51.854996
2024-04-01 01:32:00+00:00,-51.135128
2024-04-01 01:33:00+00:00,-50.495102
2024-04-01 01:34:00+00:00,-49.957989
2024-04-01 01:35:00+00:00,-47.501171
2024-04-01 01:36:00+00:00,-47.414326
2024-04-01 01:37:00+00:00,-50.161346
2024-04-01 01:38:00+00:00,-48.897129
2024-04-01 01:39:00+00:00,-48.046341
2024-04-01 01:40:00+00:00,-47.444546
2024-04-01 01:41:00+00:00,-51.103489
2024-04-01 01:42:00+00:00,-52.079453
2024-04-01 01:43:00+00:00,-55.074051
2024-04-01 01:44:00+00:00,-58.070541
2024-04-01 01:45:00+00:00,-61.065933
2024-04-01 01:46:00+00:00,-66.403206
2024-04-01 01:47:00+00:00,-70.767181
2024-04-01 01:48:00+00:00,-69.839867
2024-04-01 01:49:00+00:00,-68.921669
2024-04-01 01:50:00+00:00,-65.202301
2024-04-01 01:51:00+00:00,-61.240616
2024-04-01 01:52:00+00:00,-59.987797
2024-04-01 01:53:00+00:00,-58.133003
2024-04-01 01:54:00+00:00,-57.067471
2024-04-01 01:55:00+00:00,-54.981327
2024-04-01 01:56:00+00:00,-51.455631
2024-04-01 01:57:00+00:00,-46.132725
2024-04-01 01:58:00+00:00,-53.112286
2024-04-01 01:59:00+00:00,-55.908058
2024-04-01 02:00:00+00:00,-53.072239
2024-04-01 02:01:00+00:00,-52.143166
2024-04-01 02:02:00+00:00,-48.291504
2024-04-01 02:03:00+00:00,-46.240555
2024-04-01 02:04:00+00:00,-42.758541
2024-04-01 02:05:00+00:00,-40.280312
2024-04-01 02:06:00+00:00,-36.964718
2024-04-01 02:07:00+00:00,-33.216011
2024-04-01 02:08:00+00:00,-27.628437
2024-04-01 02:09:00+00:00,-25.901009
2024-04-01 02:10:00+00:00,-28.957823
2024-04-01 02:11:00+00:00,-34.025581
2024-04-01 02:12:00+00:00,-38.16713
2024-04-01 02:13:00+00:00,-36.636379
2024-04-01 02:14:00+00:00,-37.235992
2024-04-01 02:15:00+00:00,-30.403051
2024-04-01 02:16:00+00:00,-29.231085
2024-04-01 02:17:00+00:00,-31.798117
2024-04-01 02:18:00+00:00,-32.483578
2024-04-01 02:19:00+00:00,-38.637554
2024-04-01 02:20:00+00:00,-29.218773
2024-04-01 02:21:00+00:00,-31.948002
2024-04-01 02:22:00+00:00,-46.480316
2024-04-01 02:23:00+00:00,-51.282742
2024-04-01 02:24:00+00:00,-62.482704
2024-04-01 02:25:00+00:00,-53.98378
2024-04-01 02:26:00+00:00,-62.855309
2024-04-01 02:27:00+00:00,-49.512592
2024-04-01 02:28:00+00:00,-49.480492
2024-04-01 02:29:00+00:00,-40.394043
2024-04-01 02:30:00+00:00,-37.783863
2024-04-01 02:31:00+00:00,-47.915699
2024-04-01 02:32:00+00:00,-75.944252
2024-04-01 02:33:00+00:00,-60.249725
2024-04-01 02:34:00+00:00,-48.161789
2024-04-01 02:35:00+00:00,-42.18856
2024-04-01 02:36:00+00:00,-42.324631
2024-04-01 02:37:00+00:00,-42.930046
2024-04-01 02:38:00+00:00,-44.200981
2024-04-01 02:39:00+00:00,-44.321716
2024-04-01 02:40:00+00:00,-46.162739
2024-04-01 02:41:00+00:00,-46.141022
2024-04-01 02:42:00+00:00,-44.967422
2024-04-01 02:43:00+00:00,-42.300278
2024-04-01 02:44:00+00:00,-41.742043
2024-04-01 02:45:00+00:00,-40.333176
2024-04-01 02:46:00+00:00,-38.161175
2024-04-01 02:47:00+00:00,-36.154682
2024-04-08 00:00:00+00:00,-66.025429
2024-04-08 00:01:00+00:00,-69.461632
2024-04-08 00:02:00+00:00,-69.628754
2024-04-08 00:03:00+00:00,-67.184029
2024-04-08 00:04:00+00:00,-64.289764
2024-04-08 00:05:00+00:00,-60.152592
2024-04-08 00:06:00+00:00,-54.107685
2024-04-08 00:07:00+00:00,-50.624046
2024-04-08 00:08:00+00:00,-49.605869
2024-04-08 00:09:00+00:00,-48.975952
2024-04-08 00:10:00+00:00,-49.757069
2024-04-08 00:11:00+00:00,-51.644508
2024-04-08 00:12:00+00:00,-54.684475
2024-04-08 00:13:00+00:00,-56.318649
2024-04-08 00:14:00+00:00,-56.906715
2024-04-08 00:15:00+00:00,-54.156982
2024-04-08 00:16:00+00:00,-51.00243
2024-04-08 00:17:00+00:00,-46.816544
2024-04-08 00:18:00+00:00,-42.121429
2024-04-08 00:19:00+00:00,-38.856232
2024-04-08 00:20:00+00:00,-40.058647
2024-04-08 00:21:00+00:00,-42.04874
2024-04-08 00:22:00+00:00,-46.189766
2024-04-08 00:23:00+00:00,-51.312057
2024-04-08 00:24:00+00:00,-55.827122
2024-04-08 00:25:00+00:00,-59.028187
2024-04-08 00:26:00+00:00,-61.112488
2024-04-08 00:27:00+00:00,-62.582211
2024-04-08 00:28:00+00:00,-64.58622
2024-04-08 00:29:00+00:00,-64.070068
2024-04-08 00:30:00+00:00,-63.330814
2024-04-08 00:31:00+00:00,-64.614059
2024-04-08 00:32:00+00:00,-65.070671
2024-04-08 00:33:00+00:00,-63.043148
2024-04-08 00:34:00+00:00,-61.738895
2024-04-08 00:35:00+00:00,-61.285847
2024-04-08 00:36:00+00:00,-59.934582
2024-04-08 00:37:00+00:00,-61.03791
2024-04-08 00:38:00+00:00,-63.775696
2024-04-08 00:39:00+00:00,-66.370293
2024-04-08 00:40:00+00:00,-67.116806
2024-04-08 00:41:00+00:00,-66.689079
2024-04-08 00:42:00+00:00,-66.962273
2024-04-08 00:43:00+00:00,-69.046486
2024-04-08 00:44:00+00:00,-69.82859
2024-04-08 00:45:00+00:00,-65.72084
2024-04-08 00:46:00+00:00,-57.102894
2024-04-08 00:47:00+00:00,-51.104774
2024-04-08 00:48:00+00:00,-45.790958
2024-04-08 00:49:00+00:00,-46.809914
2024-04-08 00:50:00+00:00,-43.288681
2024-04-08 00:51:00+00:00,-46.329647
2024-04-08 00:52:00+00:00,-54.219059
2024-04-08 00:53:00+00:00,-61.609371
2024-04-08 00:54:00+00:00,-64.002365
2024-04-08 00:55:00+00:00,-64.016327
2024-04-08 00:56:00+00:00,-60.92374
2024-04-08 00:57:00+00:00,-54.76865
2024-04-08 00:58:00+00:00,-49.926876
2024-04-08 00:59:00+00:00,-57.945934
2024-04-08 01:00:00+00:00,-54.942795
2024-04-08 01:01:00+00:00,-55.940331
2024-04-08 01:02:00+00:00,-58.937786
2024-04-08 01:03:00+00:00,-55.936104
2024-04-08 01:04:00+00:00,-45.933258
2024-04-08 01:05:00+00:00,-58.410503
2024-04-08 01:06:00+00:00,-67.75943
2024-04-08 01:07:00+00:00,-72.234711
2024-04-08 01:08:00+00:00,-80.035469
2024-04-08 01:09:00+00:00,-75.994766
2024-04-08 01:10:00+00:00,-62.618355
2024-04-08 01:11:00+00:00,-58.843689
2024-04-08 01:12:00+00:00,-57.768261
2024-04-08 01:13:00+00:00,-55.668594
2024-04-08 01:14:00+00:00,-62.472267
2024-04-08 01:15:00+00:00,-55.177132
2024-04-08 01:16:00+00:00,-54.550026
2024-04-08 01:17:00+00:00,-42.660088
2024-04-08 01:18:00+00:00,-44.254616
2024-04-08 01:19:00+00:00,-46.254261
2024-04-08 01:20:00+00:00,-53.639133
2024-04-08 01:21:00+00:00,-75.300873
2024-04-08 01:22:00+00:00,-80.52179
2024-04-08 01:23:00+00:00,-84.870003
2024-04-08 01:24:00+00:00,-79.357071
2024-04-08 01:25:00+00:00,-65.453812
2024-04-08 01:26:00+00:00,-58.808712
2024-04-08 01:27:00+00:00,-68.178329
2024-04-08 01:28:00+00:00,-80.117981
2024-04-08 01:29:00+00:00,-110.224297
2024-04-08 01:30:00+00:00,-106.767639
2024-04-08 01:31:00+00:00,-120.084229
2024-04-08 01:32:00+00:00,-127.231491
2024-04-08 01:33:00+00:00,-132.080505
2024-04-08 01:34:00+00:00,-140.518768
2024-04-08 01:35:00+00:00,-142.348404
2024-04-08 01:36:00+00:00,-145.964706
2024-04-08 01:37:00+00:00,-138.716324
2024-04-08 01:38:00+00:00,-147.552246
2024-04-08 01:39:00+00:00,-149.206635
2024-04-08 01:40:00+00:00,-128.846359
2024-04-08 01:41:00+00:00,-87.445488
2024-04-08 01:42:00+00:00,-113.280296
2024-04-08 01:43:00+00:00,-145.982101
2024-04-08 01:44:00+00:00,-144.435135
2024-04-08 01:45:00+00:00,-111.664528
2024-04-08 01:46:00+00:00,-127.304596
2024-04-08 01:47:00+00:00,-126.281723
2024-04-08 01:48:00+00:00,-110.248497
2024-04-08 01:49:00+00:00,-103.219101
2024-04-08 01:50:00+00:00,-111.183754
2024-04-08 01:51:00+00:00,-117.149811
2024-04-08 01:52:00+00:00,-119.111435
2024-04-08 01:53:00+00:00,-116.074966
2024-04-08 01:54:00+00:00,-106.037521
2024-04-08 01:55:00+00:00,-99.999596
2024-04-08 01:56:00+00:00,-94.965111
2024-04-08 01:57:00+00:00,-87.928665
2024-04-08 01:58:00+00:00,-85.892303
2024-04-08 01:59:00+00:00,-83.854553
2024-04-08 02:00:00+00:00,-85.817795
2024-04-08 02:01:00+00:00,-101.77993
2024-04-08 02:02:00+00:00,-106.742126
2024-04-08 02:03:00+00:00,-103.702477
2024-04-08 02:04:00+00:00,-87.661392
2024-04-08 02:05:00+00:00,-81.620102
2024-04-08 02:06:00+00:00,-77.465706
2024-04-08 02:07:00+00:00,-110.844666
2024-04-08 02:08:00+00:00,-146.693741
2024-04-08 02:09:00+00:00,-178.058319
2024-04-08 02:10:00+00:00,-207.030609
2024-04-08 02:11:00+00:00,-176.485275
2024-04-08 02:12:00+00:00,-121.931175
2024-04-08 02:13:00+00:00,-90.12204
2024-04-08 02:14:00+00:00,-80.385284
2024-04-08 02:15:00+00:00,-98.857491
2024-04-08 02:16:00+00:00,-116.211533
2024-04-08 02:17:00+00:00,-96.066254
2024-04-08 02:18:00+00:00,-125.808449
2024-04-08 02:19:00+00:00,-113.634323
2024-04-08 02:20:00+00:00,-101.018539
2024-04-08 02:21:00+00:00,-87.86261
2024-04-08 02:22:00+00:00,-92.610733
2024-04-08 02:23:00+00:00,-88.063515
2024-04-08 02:24:00+00:00,-88.870918
2024-04-08 02:25:00+00:00,-91.563599
2024-04-08 02:26:00+00:00,-93.851433
2024-04-08 02:27:00+00:00,-96.912819
2024-04-08 02:28:00+00:00,-100.582352
2024-04-08 02:29:00+00:00,-86.91777
2024-04-08 02:30:00+00:00,-124.974968
2024-04-08 02:31:00+00:00,-207.805725
2024-04-08 02:32:00+00:00,-292.491638
2024-04-08 02:33:00+00:00,-267.949738
2024-04-08 02:34:00+00:00,-214.133942
2024-04-08 02:35:00+00:00,-187.607254
2024-04-08 02:36:00+00:00,-175.417374
2024-04-08 02:37:00+00:00,-147.13855
2024-04-08 02:38:00+00:00,-146.793961
2024-04-08 02:39:00+00:00,-142.774872
2024-04-08 02:40:00+00:00,-218.782898
2024-04-08 02:41:00+00:00,-392.140808
2024-04-08 02:42:00+00:00,-316.736725
2024-04-08 02:43:00+00:00,-222.113846
2024-04-08 02:44:00+00:00,-214.679688
2024-04-08 02:45:00+00:00,-178.926743
2024-04-08 02:46:00+00:00,-193.497208
2024-04-08 02:47:00+00:00,-206.142868
2024-04-15 00:00:00+00:00,-111.97789
2024-04-15 00:01:00+00:00,-118.829247
2024-04-15 00:02:00+00:00,-124.382866
2024-04-15 00:03:00+00:00,-121.248123
2024-04-15 00:04:00+00:00,-127.500198
2024-04-15 00:05:00+00:00,-126.699692
2024-04-15 00:06:00+00:00,-122.192268
2024-04-15 00:07:00+00:00,-121.886139
2024-04-15 00:08:00+00:00,-119.437607
2024-04-15 00:09:00+00:00,-110.738182
2024-04-15 00:10:00+00:00,-113.961731
2024-04-15 00:11:00+00:00,-116.820274
2024-04-15 00:12:00+00:00,-123.139793
2024-04-15 00:13:00+00:00,-127.863747
2024-04-15 00:14:00+00:00,-127.985283
2024-04-15 00:15:00+00:00,-130.966492
2024-04-15 00:16:00+00:00,-198.485611
2024-04-15 00:17:00+00:00,-163.246796
2024-04-15 00:18:00+00:00,-119.829399
2024-04-15 00:19:00+00:00,-120.247742
2024-04-15 00:20:00+00:00,-124.952148
2024-04-15 00:21:00+00:00,-130.184021
2024-04-15 00:22:00+00:00,-126.362335
2024-04-15 00:23:00+00:00,-120.268616
2024-04-15 00:24:00+00:00,-127.338829
2024-04-15 00:25:00+00:00,-132.665405
2024-04-15 00:26:00+00:00,-122.985878
2024-04-15 00:27:00+00:00,-120.422745
2024-04-15 00:28:00+00:00,-121.266014
2024-04-15 00:29:00+00:00,-121.729546
2024-04-15 00:30:00+00:00,-125.847252
2024-04-15 00:31:00+00:00,-146.555939
2024-04-15 00:32:00+00:00,-137.848526
2024-04-15 00:33:00+00:00,-119.818306
2024-04-15 00:34:00+00:00,-124.915115
2024-04-15 00:35:00+00:00,-134.878571
2024-04-15 00:36:00+00:00,-130.732605
2024-04-15 00:37:00+00:00,-153.130905
2024-04-15 00:38:00+00:00,-201.097977
2024-04-15 00:39:00+00:00,-232.937378
2024-04-15 00:40:00+00:00,-216.65892
2024-04-15 00:41:00+00:00,-179.320312
2024-04-15 00:42:00+00:00,-147.141052
2024-04-15 00:43:00+00:00,-155.423935
2024-04-15 00:44:00+00:00,-182.169922
2024-04-15 00:45:00+00:00,-200.009415
2024-04-15 00:46:00+00:00,-183.555267
2024-04-15 00:47:00+00:00,-174.375061
2024-04-15 00:48:00+00:00,-166.615891
2024-04-15 00:49:00+00:00,-163.435196
2024-04-15 00:50:00+00:00,-166.430161
2024-04-15 00:51:00+00:00,-171.486725
2024-04-15 00:52:00+00:00,-166.401733
2024-04-15 00:53:00+00:00,-162.229202
2024-04-15 00:54:00+00:00,-160.831787
2024-04-15 00:55:00+00:00,-162.513474
2024-04-15 00:56:00+00:00,-165.797043
2024-04-15 00:57:00+00:00,-165.284332
2024-04-15 00:58:00+00:00,-164.199295
2024-04-15 00:59:00+00:00,-165.638596
2024-04-15 01:00:00+00:00,-165.616272
2024-04-15 01:01:00+00:00,-165.338028
2024-04-15 01:02:00+00:00,-163.135712
2024-04-15 01:03:00+00:00,-154.133255
2024-04-15 01:04:00+00:00,-145.604523
2024-04-15 01:05:00+00:00,-137.939102
2024-04-15 01:06:00+00:00,-133.878616
2024-04-15 01:07:00+00:00,-130.252075
2024-04-15 01:08:00+00:00,-126.424255
2024-04-15 01:09:00+00:00,-122.318748
2024-04-15 01:10:00+00:00,-117.56691
2024-04-15 01:11:00+00:00,-113.950539
2024-04-15 01:12:00+00:00,-109.250549
2024-04-15 01:13:00+00:00,-102.577843
2024-04-15 01:14:00+00:00,-95.512421
2024-04-15 01:15:00+00:00,-93.48555
2024-04-15 01:16:00+00:00,-91.222382
2024-04-15 01:17:00+00:00,-89.404182
2024-04-15 01:18:00+00:00,-84.585556
2024-04-15 01:19:00+00:00,-77.212456
2024-04-15 01:20:00+00:00,-70.322464
2024-04-15 01:21:00+00:00,-64.271683
2024-04-15 01:22:00+00:00,-60.447727
2024-04-15 01:23:00+00:00,-57.430367
2024-04-15 01:24:00+00:00,-53.730766
2024-04-15 01:25:00+00:00,-49.484344
2024-04-15 01:26:00+00:00,-47.470085
2024-04-15 01:27:00+00:00,-45.319263
2024-04-15 01:28:00+00:00,-43.832348
2024-04-15 01:29:00+00:00,-42.141102
2024-04-15 01:30:00+00:00,-40.398514
2024-04-15 01:31:00+00:00,-39.039413
2024-04-15 01:32:00+00:00,-39.127689
2024-04-15 01:33:00+00:00,-39.01775
2024-04-15 01:34:00+00:00,-36.731773
2024-04-15 01:35:00+00:00,-33.3531
2024-04-15 01:36:00+00:00,-30.887289
2024-04-15 01:37:00+00:00,-28.302822
2024-04-15 01:38:00+00:00,-27.958048
2024-04-15 01:39:00+00:00,-28.243874
2024-04-15 01:40:00+00:00,-29.302975
2024-04-15 01:41:00+00:00,-29.877686
2024-04-15 01:42:00+00:00,-29.408813
2024-04-15 01:43:00+00:00,-29.550789
2024-04-15 01:44:00+00:00,-30.543743
2024-04-15 01:45:00+00:00,-30.892727
2024-04-15 01:46:00+00:00,-31.881268
2024-04-15 01:47:00+00:00,-32.167732
2024-04-15 01:48:00+00:00,-31.895575
2024-04-15 01:49:00+00:00,-31.628435
2024-04-15 01:50:00+00:00,-31.525814
2024-04-15 01:51:00+00:00,-30.813469
2024-04-15 01:52:00+00:00,-32.651451
2024-04-15 01:53:00+00:00,-34.139507
2024-04-15 01:54:00+00:00,-35.386406
2024-04-15 01:55:00+00:00,-35.047577
2024-04-15 01:56:00+00:00,-34.482491
2024-04-15 01:57:00+00:00,-34.141777
2024-04-15 01:58:00+00:00,-34.95525
2024-04-15 01:59:00+00:00,-35.93647
2024-04-15 02:00:00+00:00,-36.76907
2024-04-15 02:01:00+00:00,-36.920837
2024-04-15 02:02:00+00:00,-36.635483
2024-04-15 02:03:00+00:00,-36.96381
2024-04-15 02:04:00+00:00,-36.713577
2024-04-15 02:05:00+00:00,-36.208809
2024-04-15 02:06:00+00:00,-34.791443
2024-04-15 02:07:00+00:00,-34.566971
2024-04-15 02:08:00+00:00,-35.413441
2024-04-15 02:09:00+00:00,-37.176414
2024-04-15 02:10:00+00:00,-37.751507
2024-04-15 02:11:00+00:00,-37.2687
2024-04-15 02:12:00+00:00,-36.284531
2024-04-15 02:13:00+00:00,-35.975845
2024-04-15 02:14:00+00:00,-35.768463
2024-04-15 02:15:00+00:00,-35.62632
2024-04-15 02:16:00+00:00,-36.135284
2024-04-15 02:17:00+00:00,-36.556179
2024-04-15 02:18:00+00:00,-35.20446
2024-04-15 02:19:00+00:00,-33.848747
2024-04-15 02:20:00+00:00,-33.043682
2024-04-15 02:21:00+00:00,-33.200462
2024-04-15 02:22:00+00:00,-34.384544
2024-04-15 02:23:00+00:00,-34.635059
2024-04-15 02:24:00+00:00,-33.975395
2024-04-15 02:25:00+00:00,-33.778667
2024-04-15 02:26:00+00:00,-32.894547
2024-04-15 02:27:00+00:00,-33.514397
2024-04-15 02:28:00+00:00,-32.844337
2024-04-15 02:29:00+00:00,-31.775993
2024-04-15 02:30:00+00:00,-30.545769
2024-04-15 02:31:00+00:00,-31.180557
2024-04-15 02:32:00+00:00,-32.209373
2024-04-15 02:33:00+00:00,-32.616642
2024-04-15 02:34:00+00:00,-32.180748
2024-04-15 02:35:00+00:00,-31.916344
2024-04-15 02:36:00+00:00,-31.564716
2024-04-15 02:37:00+00:00,-31.664974
2024-04-15 02:38:00+00:00,-31.811899
2024-04-15 02:39:00+00:00,-31.788729
2024-04-15 02:40:00+00:00,-31.694153
2024-04-15 02:41:00+00:00,-32.879784
2024-04-15 02:42:00+00:00,-33.472618
2024-04-15 02:43:00+00:00,-34.065483
2024-04-15 02:44:00+00:00,-33.564678
2024-04-15 02:45:00+00:00,-32.86869
2024-04-15 02:46:00+00:00,-32.560566
2024-04-15 02:47:00+00:00,-32.818096
2024-04-22 00:00:00+00:00,-82.864403
2024-04-22 00:01:00+00:00,-82.296982
2024-04-22 00:02:00+00:00,-82.124191
2024-04-22 00:03:00+00:00,-81.522697
2024-04-22 00:04:00+00:00,-81.452835
2024-04-22 00:05:00+00:00,-81.049385
2024-04-22 00:06:00+00:00,-80.804863
2024-04-22 00:07:00+00:00,-81.426216
2024-04-22 00:08:00+00:00,-77.874916
2024-04-22 00:09:00+00:00,-70.638939
2024-04-22 00:10:00+00:00,-63.904324
2024-04-22 00:11:00+00:00,-59.138504
2024-04-22 00:12:00+00:00,-55.506001
2024-04-22 00:13:00+00:00,-54.991791
2024-04-22 00:14:00+00:00,-54.429775
2024-04-22 00:15:00+00:00,-53.631039
2024-04-22 00:16:00+00:00,-60.098694
2024-04-22 00:17:00+00:00,-70.391327
2024-04-22 00:18:00+00:00,-70.753937
2024-04-22 00:19:00+00:00,-77.289948
2024-04-22 00:20:00+00:00,-83.732651
2024-04-22 00:21:00+00:00,-90.671783
2024-04-22 00:22:00+00:00,-91.118965
2024-04-22 00:23:00+00:00,-90.569168
2024-04-22 00:24:00+00:00,-92.162987
2024-04-22 00:25:00+00:00,-91.787003
2024-04-22 00:26:00+00:00,-90.842674
2024-04-22 00:27:00+00:00,-93.363541
2024-04-22 00:28:00+00:00,-95.928848
2024-04-22 00:29:00+00:00,-96.746544
2024-04-22 00:30:00+00:00,-101.535057
2024-04-22 00:31:00+00:00,-107.552063
2024-04-22 00:32:00+00:00,-110.76548
2024-04-22 00:33:00+00:00,-112.619652
2024-04-22 00:34:00+00:00,-110.457039
2024-04-22 00:35:00+00:00,-108.439331
2024-04-22 00:36:00+00:00,-108.119949
2024-04-22 00:37:00+00:00,-111.304405
2024-04-22 00:38:00+00:00,-113.691307
2024-04-22 00:39:00+00:00,-113.161591
2024-04-22 00:40:00+00:00,-111.894836
2024-04-22 00:41:00+00:00,-108.269279
2024-04-22 00:42:00+00:00,-103.438431
2024-04-22 00:43:00+00:00,-99.827316
2024-04-22 00:44:00+00:00,-97.250374
2024-04-22 00:45:00+00:00,-96.385857
2024-04-22 00:46:00+00:00,-96.385994
2024-04-22 00:47:00+00:00,-96.736534
2024-04-22 00:48:00+00:00,-102.523819
2024-04-22 00:49:00+00:00,-108.011879
2024-04-22 00:50:00+00:00,-108.626877
2024-04-22 00:51:00+00:00,-109.045311
2024-04-22 00:52:00+00:00,-112.436073
2024-04-22 00:53:00+00:00,-115.624023
2024-04-22 00:54:00+00:00,-115.526672
2024-04-22 00:55:00+00:00,-114.090965
2024-04-22 00:56:00+00:00,-108.506905
2024-04-22 00:57:00+00:00,-102.793724
2024-04-22 00:58:00+00:00,-97.042816
2024-04-22 00:59:00+00:00,-94.821518
2024-04-22 01:00:00+00:00,-90.411545
2024-04-22 01:01:00+00:00,-87.427132
2024-04-22 01:02:00+00:00,-81.608192
2024-04-22 01:03:00+00:00,-83.645477
2024-04-22 01:04:00+00:00,-87.398193
2024-04-22 01:05:00+00:00,-90.859138
2024-04-22 01:06:00+00:00,-92.472343
2024-04-22 01:07:00+00:00,-95.08532
2024-04-22 01:08:00+00:00,-96.321922
2024-04-22 01:09:00+00:00,-95.694809
2024-04-22 01:10:00+00:00,-95.152023
2024-04-22 01:11:00+00:00,-95.553787
2024-04-22 01:12:00+00:00,-96.537666
2024-04-22 01:13:00+00:00,-98.877922
2024-04-22 01:14:00+00:00,-99.213089
2024-04-22 01:15:00+00:00,-99.37513
2024-04-22 01:16:00+00:00,-99.615738
2024-04-22 01:17:00+00:00,-99.718048
2024-04-22 01:18:00+00:00,-100.162384
2024-04-22 01:19:00+00:00,-101.011177
2024-04-22 01:20:00+00:00,-101.180168
2024-04-22 01:21:00+00:00,-101.925156
2024-04-22 01:22:00+00:00,-101.870018
2024-04-22 01:23:00+00:00,-101.300812
2024-04-22 01:24:00+00:00,-101.053223
2024-04-22 01:25:00+00:00,-98.719948
2024-04-22 01:26:00+00:00,-97.564537
2024-04-22 01:27:00+00:00,-98.358292
2024-04-22 01:28:00+00:00,-100.22123
2024-04-22 01:29:00+00:00,-100.937386
2024-04-22 01:30:00+00:00,-101.152084
2024-04-22 01:31:00+00:00,-101.383583
2024-04-22 01:32:00+00:00,-101.585632
2024-04-22 01:33:00+00:00,-101.40667
2024-04-22 01:34:00+00:00,-99.97065
2024-04-22 01:35:00+00:00,-97.652687
2024-04-22 01:36:00+00:00,-95.510345
2024-04-22 01:37:00+00:00,-91.437172
2024-04-22 01:38:00+00:00,-91.098129
2024-04-22 01:39:00+00:00,-91.195503
2024-04-22 01:40:00+00:00,-89.029037
2024-04-22 01:41:00+00:00,-86.443359
2024-04-22 01:42:00+00:00,-83.684731
2024-04-22 01:43:00+00:00,-83.13588
2024-04-22 01:44:00+00:00,-82.482346
2024-04-22 01:45:00+00:00,-84.950447
2024-04-22 01:46:00+00:00,-79.918755
2024-04-22 01:47:00+00:00,-81.368156
2024-04-22 01:48:00+00:00,-84.438454
2024-04-22 01:49:00+00:00,-85.701813
2024-04-22 01:50:00+00:00,-95.88813
2024-04-22 01:51:00+00:00,-110.875969
2024-04-22 01:52:00+00:00,-106.870407
2024-04-22 01:53:00+00:00,-110.855644
2024-04-22 01:54:00+00:00,-101.841797
2024-04-22 01:55:00+00:00,-96.325798
2024-04-22 01:56:00+00:00,-116.799484
2024-04-22 01:57:00+00:00,-120.800919
2024-04-22 01:58:00+00:00,-109.405106
2024-04-22 01:59:00+00:00,-95.315628
2024-04-22 02:00:00+00:00,-95.99939
2024-04-22 02:01:00+00:00,-98.327881
2024-04-22 02:02:00+00:00,-97.95549
2024-04-22 02:03:00+00:00,-99.971649
2024-04-22 02:04:00+00:00,-91.944641
2024-04-22 02:05:00+00:00,-92.206589
2024-04-22 02:06:00+00:00,-94.726418
2024-04-22 02:07:00+00:00,-97.192284
2024-04-22 02:08:00+00:00,-100.047005
2024-04-22 02:09:00+00:00,-109.447014
2024-04-22 02:10:00+00:00,-108.743698
2024-04-22 02:11:00+00:00,-120.836311
2024-04-22 02:12:00+00:00,-126.07962
2024-04-22 02:13:00+00:00,-139.622574
2024-04-22 02:14:00+00:00,-125.565674
2024-04-22 02:15:00+00:00,-126.247711
2024-04-22 02:16:00+00:00,-127.024704
2024-04-22 02:17:00+00:00,-134.451187
2024-04-22 02:18:00+00:00,-123.899216
2024-04-22 02:19:00+00:00,-123.696777
2024-04-22 02:20:00+00:00,-125.561874
2024-04-22 02:21:00+00:00,-128.876205
2024-04-22 02:22:00+00:00,-129.544067
2024-04-22 02:23:00+00:00,-121.424652
2024-04-22 02:24:00+00:00,-120.734047
2024-04-22 02:25:00+00:00,-128.265076
2024-04-22 02:26:00+00:00,-131.001953
2024-04-22 02:27:00+00:00,-126.554321
2024-04-22 02:28:00+00:00,-128.324356
2024-04-22 02:29:00+00:00,-133.586472
2024-04-22 02:30:00+00:00,-131.674469
2024-04-22 02:31:00+00:00,-123.957161
2024-04-22 02:32:00+00:00,-126.669037
2024-04-22 02:33:00+00:00,-126.676277
2024-04-22 02:34:00+00:00,-128.090027
2024-04-22 02:35:00+00:00,-120.396812
2024-04-22 02:36:00+00:00,-111.718513
2024-04-22 02:37:00+00:00,-107.35392
2024-04-22 02:38:00+00:00,-102.1437
2024-04-22 02:39:00+00:00,-100.224709
2024-04-22 02:40:00+00:00,-105.482544
2024-04-22 02:41:00+00:00,-106.645569
2024-04-22 02:42:00+00:00,-103.57135
2024-04-22 02:43:00+00:00,-98.419891
2024-04-22 02:44:00+00:00,-97.447975
2024-04-22 02:45:00+00:00,-93.474777
2024-04-22 02:46:00+00:00,-88.103523
2024-04-22 02:47:00+00:00,-86.044525
2024-04-29 00:00:00+00:00,-32.573483
2024-04-29 00:01:00+00:00,-33.156555
2024-04-29 00:02:00+00:00,-34.130772
2024-04-29 00:03:00+00:00,-34.668701
2024-04-29 00:04:00+00:00,-34.048851
2024-04-29 00:05:00+00:00,-35.7388
2024-04-29 00:06:00+00:00,-36.410561
2024-04-29 00:07:00+00:00,-33.822266
2024-04-29 00:08:00+00:00,-34.442184
2024-04-29 00:09:00+00:00,-37.895599
2024-04-29 00:10:00+00:00,-38.813087
2024-04-29 00:11:00+00:00,-38.315228
2024-04-29 00:12:00+00:00,-39.757698
2024-04-29 00:13:00+00:00,-40.653629
2024-04-29 00:14:00+00:00,-41.408012
2024-04-29 00:15:00+00:00,-41.261597
2024-04-29 00:16:00+00:00,-41.114853
2024-04-29 00:17:00+00:00,-42.199734
2024-04-29 00:18:00+00:00,-43.831383
2024-04-29 00:19:00+00:00,-41.376095
2024-04-29 00:20:00+00:00,-40.92411
2024-04-29 00:21:00+00:00,-45.978554
2024-04-29 00:22:00+00:00,-45.058872
2024-04-29 00:23:00+00:00,-43.294994
2024-04-29 00:24:00+00:00,-43.522705
2024-04-29 00:25:00+00:00,-43.86834
2024-04-29 00:26:00+00:00,-43.021793
2024-04-29 00:27:00+00:00,-42.82819
2024-04-29 00:28:00+00:00,-43.284973
2024-04-29 00:29:00+00:00,-42.331314
2024-04-29 00:30:00+00:00,-42.204662
2024-04-29 00:31:00+00:00,-42.310482
2024-04-29 00:32:00+00:00,-42.909096
2024-04-29 00:33:00+00:00,-44.649734
2024-04-29 00:34:00+00:00,-44.517067
2024-04-29 00:35:00+00:00,-43.563713
2024-04-29 00:36:00+00:00,-43.544846
2024-04-29 00:37:00+00:00,-40.476357
2024-04-29 00:38:00+00:00,-40.71167
2024-04-29 00:39:00+00:00,-46.359459
2024-04-29 00:40:00+00:00,-46.946899
2024-04-29 00:41:00+00:00,-45.750591
2024-04-29 00:42:00+00:00,-44.964848
2024-04-29 00:43:00+00:00,-43.670975
2024-04-29 00:44:00+00:00,-43.534805
2024-04-29 00:45:00+00:00,-43.593605
2024-04-29 00:46:00+00:00,-43.124859
2024-04-29 00:47:00+00:00,-44.591625
2024-04-29 00:48:00+00:00,-43.992756
2024-04-29 00:49:00+00:00,-42.247215
2024-04-29 00:50:00+00:00,-41.205971
2024-04-29 00:51:00+00:00,-42.276314
2024-04-29 00:52:00+00:00,-45.016598
2024-04-29 00:53:00+00:00,-46.347729
2024-04-29 00:54:00+00:00,-40.930595
2024-04-29 00:55:00+00:00,-37.897507
2024-04-29 00:56:00+00:00,-36.409706
2024-04-29 00:57:00+00:00,-34.671204
2024-04-29 00:58:00+00:00,-35.197369
2024-04-29 00:59:00+00:00,-35.312252
2024-04-29 01:00:00+00:00,-34.454762
2024-04-29 01:01:00+00:00,-33.565414
2024-04-29 01:02:00+00:00,-34.085831
2024-04-29 01:03:00+00:00,-33.215305
2024-04-29 01:04:00+00:00,-32.299042
2024-04-29 01:05:00+00:00,-32.808899
2024-04-29 01:06:00+00:00,-33.227837
2024-04-29 01:07:00+00:00,-31.911665
2024-04-29 01:08:00+00:00,-31.548338
2024-04-29 01:09:00+00:00,-30.581606
2024-04-29 01:10:00+00:00,-31.388494
2024-04-29 01:11:00+00:00,-32.316849
2024-04-29 01:12:00+00:00,-33.029556
2024-04-29 01:13:00+00:00,-33.141098
2024-04-29 01:14:00+00:00,-36.56073
2024-04-29 01:15:00+00:00,-33.422279
2024-04-29 01:16:00+00:00,-32.038345
2024-04-29 01:17:00+00:00,-35.064281
2024-04-29 01:18:00+00:00,-32.136871
2024-04-29 01:19:00+00:00,-30.930841
2024-04-29 01:20:00+00:00,-29.555916
2024-04-29 01:21:00+00:00,-47.488831
2024-04-29 01:22:00+00:00,-51.053711
2024-04-29 01:23:00+00:00,-43.381184
2024-04-29 01:24:00+00:00,-42.958973
2024-04-29 01:25:00+00:00,-40.044697
2024-04-29 01:26:00+00:00,-31.313053
2024-04-29 01:27:00+00:00,-32.488411
2024-04-29 01:28:00+00:00,-35.063679
2024-04-29 01:29:00+00:00,-68.242073
2024-04-29 01:30:00+00:00,-112.509377
2024-04-29 01:31:00+00:00,-93.680862
2024-04-29 01:32:00+00:00,-104.960526
2024-04-29 01:33:00+00:00,-45.802757
2024-04-29 01:34:00+00:00,-40.830803
2024-04-29 01:35:00+00:00,-38.606773
2024-04-29 01:36:00+00:00,-40.479836
2024-04-29 01:37:00+00:00,-42.972847
2024-04-29 01:38:00+00:00,-41.017944
2024-04-29 01:39:00+00:00,-40.558907
2024-04-29 01:40:00+00:00,-45.593895
2024-04-29 01:41:00+00:00,-47.208145
2024-04-29 01:42:00+00:00,-44.083061
2024-04-29 01:43:00+00:00,-41.459179
2024-04-29 01:44:00+00:00,-40.264339
2024-04-29 01:45:00+00:00,-42.341492
2024-04-29 01:46:00+00:00,-44.479671
2024-04-29 01:47:00+00:00,-44.312859
2024-04-29 01:48:00+00:00,-44.56675
2024-04-29 01:49:00+00:00,-46.069569
2024-04-29 01:50:00+00:00,-44.296051
2024-04-29 01:51:00+00:00,-42.425995
2024-04-29 01:52:00+00:00,-44.418453
2024-04-29 01:53:00+00:00,-47.67889
2024-04-29 01:54:00+00:00,-47.037464
2024-04-29 01:55:00+00:00,-46.286278
2024-04-29 01:56:00+00:00,-47.229088
2024-04-29 01:57:00+00:00,-47.637619
2024-04-29 01:58:00+00:00,-47.393753
2024-04-29 01:59:00+00:00,-46.194878
2024-04-29 02:00:00+00:00,-44.847672
2024-04-29 02:01:00+00:00,-43.751022
2024-04-29 02:02:00+00:00,-43.536018
2024-04-29 02:03:00+00:00,-42.097237
2024-04-29 02:04:00+00:00,-41.48243
2024-04-29 02:05:00+00:00,-44.568829
2024-04-29 02:06:00+00:00,-45.252846
2024-04-29 02:07:00+00:00,-44.946449
2024-04-29 02:08:00+00:00,-44.769154
2024-04-29 02:09:00+00:00,-44.426888
2024-04-29 02:10:00+00:00,-44.645275
2024-04-29 02:11:00+00:00,-41.991508
2024-04-29 02:12:00+00:00,-43.323483
2024-04-29 02:13:00+00:00,-43.778721
2024-04-29 02:14:00+00:00,-43.1805
2024-04-29 02:15:00+00:00,-44.426048
2024-04-29 02:16:00+00:00,-43.82159
2024-04-29 02:17:00+00:00,-42.129604
2024-04-29 02:18:00+00:00,-42.287624
2024-04-29 02:19:00+00:00,-42.727028
2024-04-29 02:20:00+00:00,-41.491409
2024-04-29 02:21:00+00:00,-41.293411
2024-04-29 02:22:00+00:00,-41.47649
2024-04-29 02:23:00+00:00,-42.009098
2024-04-29 02:24:00+00:00,-41.995445
2024-04-29 02:25:00+00:00,-40.452175
2024-04-29 02:26:00+00:00,-40.07917
2024-04-29 02:27:00+00:00,-40.130081
2024-04-29 02:28:00+00:00,-37.796013
2024-04-29 02:29:00+00:00,-36.053558
2024-04-29 02:30:00+00:00,-37.216862
2024-04-29 02:31:00+00:00,-38.572708
2024-04-29 02:32:00+00:00,-35.926323
2024-04-29 02:33:00+00:00,-32.478867
2024-04-29 02:34:00+00:00,-31.722126
2024-04-29 02:35:00+00:00,-30.846272
2024-04-29 02:36:00+00:00,-27.618492
2024-04-29 02:37:00+00:00,-24.488579
2024-04-29 02:38:00+00:00,-26.415279
2024-04-29 02:39:00+00:00,-31.531982
2024-04-29 02:40:00+00:00,-31.361126
2024-04-29 02:41:00+00:00,-24.336849
2024-04-29 02:42:00+00:00,-25.687485
2024-04-29 02:43:00+00:00,-33.914558
2024-04-29 02:44:00+00:00,-27.459455
2024-04-29 02:45:00+00:00,-23.68499
2024-04-29 02:46:00+00:00,-28.191631
2024-04-29 02:47:00+00:00,-28.959387
2024-05-06 00:00:00+00:00,-935.038635
2024-05-06 00:01:00+00:00,-867.186462
2024-05-06 00:02:00+00:00,-847.119507
2024-05-06 00:03:00+00:00,-855.048462
2024-05-06 00:04:00+00:00,-879.439514
2024-05-06 00:05:00+00:00,-902.089783
2024-05-06 00:06:00+00:00,-940.134949
2024-05-06 00:07:00+00:00,-961.142578
2024-05-06 00:08:00+00:00,-971.3479
2024-05-06 00:09:00+00:00,-928.418396
2024-05-06 00:10:00+00:00,-895.4198
2024-05-06 00:11:00+00:00,-972.491211
2024-05-06 00:12:00+00:00,-1061.837036
2024-05-06 00:13:00+00:00,-1055.807983
2024-05-06 00:14:00+00:00,-1026.688965
2024-05-06 00:15:00+00:00,-1045.017334
2024-05-06 00:16:00+00:00,-1086.296875
2024-05-06 00:17:00+00:00,-1045.323486
2024-05-06 00:18:00+00:00,-925.906738
2024-05-06 00:19:00+00:00,-832.437988
2024-05-06 00:20:00+00:00,-803.552185
2024-05-06 00:21:00+00:00,-765.526672
2024-05-06 00:22:00+00:00,-766.591125
2024-05-06 00:23:00+00:00,-741.07428
2024-05-06 00:24:00+00:00,-645.310303
2024-05-06 00:25:00+00:00,-605.221985
2024-05-06 00:26:00+00:00,-571.441895
2024-05-06 00:27:00+00:00,-570.837463
2024-05-06 00:28:00+00:00,-556.589661
2024-05-06 00:29:00+00:00,-551.501465
2024-05-06 00:30:00+00:00,-519.399963
2024-05-06 00:31:00+00:00,-517.326843
2024-05-06 00:32:00+00:00,-490.802582
2024-05-06 00:33:00+00:00,-505.664581
2024-05-06 00:34:00+00:00,-525.019897
2024-05-06 00:35:00+00:00,-518.012512
2024-05-06 00:36:00+00:00,-534.950989
2024-05-06 00:37:00+00:00,-507.712555
2024-05-06 00:38:00+00:00,-491.532166
2024-05-06 00:39:00+00:00,-483.51236
2024-05-06 00:40:00+00:00,-490.50177
2024-05-06 00:41:00+00:00,-463.099091
2024-05-06 00:42:00+00:00,-461.235809
2024-05-06 00:43:00+00:00,-453.964691
2024-05-06 00:44:00+00:00,-454.229126
2024-05-06 00:45:00+00:00,-470.20105
2024-05-06 00:46:00+00:00,-465.976898
2024-05-06 00:47:00+00:00,-458.630066
2024-05-06 00:48:00+00:00,-446.894012
2024-05-06 00:49:00+00:00,-436.42572
2024-05-06 00:50:00+00:00,-425.398132
2024-05-06 00:51:00+00:00,-421.803467
2024-05-06 00:52:00+00:00,-422.934784
2024-05-06 00:53:00+00:00,-402.787811
2024-05-06 00:54:00+00:00,-408.955261
2024-05-06 00:55:00+00:00,-393.72757
2024-05-06 00:56:00+00:00,-381.646179
2024-05-06 00:57:00+00:00,-346.676971
2024-05-06 00:58:00+00:00,-372.846069
2024-05-06 00:59:00+00:00,-357.299896
2024-05-06 01:00:00+00:00,-378.275482
2024-05-06 01:01:00+00:00,-377.884155
2024-05-06 01:02:00+00:00,-344.454102
2024-05-06 01:03:00+00:00,-335.305054
2024-05-06 01:04:00+00:00,-322.921112
2024-05-06 01:05:00+00:00,-347.620178
2024-05-06 01:06:00+00:00,-374.246552
2024-05-06 01:07:00+00:00,-391.963776
2024-05-06 01:08:00+00:00,-399.94574
2024-05-06 01:09:00+00:00,-409.144104
2024-05-06 01:10:00+00:00,-409.618408
2024-05-06 01:11:00+00:00,-394.230499
2024-05-06 01:12:00+00:00,-377.688354
2024-05-06 01:13:00+00:00,-359.754181
2024-05-06 01:14:00+00:00,-327.951416
2024-05-06 01:15:00+00:00,-293.109802
2024-05-06 01:16:00+00:00,-284.201904
2024-05-06 01:17:00+00:00,-251.43959
2024-05-06 01:18:00+00:00,-254.566849
2024-05-06 01:19:00+00:00,-257.30542
2024-05-06 01:20:00+00:00,-263.585144
2024-05-06 01:21:00+00:00,-269.386627
2024-05-06 01:22:00+00:00,-271.399506
2024-05-06 01:23:00+00:00,-269.983582
2024-05-06 01:24:00+00:00,-261.075134
2024-05-06 01:25:00+00:00,-247.630188
2024-05-06 01:26:00+00:00,-240.54599
2024-05-06 01:27:00+00:00,-238.737045
2024-05-06 01:28:00+00:00,-237.859375
2024-05-06 01:29:00+00:00,-231.768402
2024-05-06 01:30:00+00:00,-224.234375
2024-05-06 01:31:00+00:00,-219.690155
2024-05-06 01:32:00+00:00,-209.087158
2024-05-06 01:33:00+00:00,-197.174545
2024-05-06 01:34:00+00:00,-175.97821
2024-05-06 01:35:00+00:00,-172.439651
2024-05-06 01:36:00+00:00,-167.610138
2024-05-06 01:37:00+00:00,-167.439285
2024-05-06 01:38:00+00:00,-171.565155
2024-05-06 01:39:00+00:00,-168.559387
2024-05-06 01:40:00+00:00,-164.201263
2024-05-06 01:41:00+00:00,-155.355255
2024-05-06 01:42:00+00:00,-147.345444
2024-05-06 01:43:00+00:00,-139.548325
2024-05-06 01:44:00+00:00,-135.253937
2024-05-06 01:45:00+00:00,-130.576065
2024-05-06 01:46:00+00:00,-122.145111
2024-05-06 01:47:00+00:00,-120.208046
2024-05-06 01:48:00+00:00,-113.076523
2024-05-06 01:49:00+00:00,-104.607277
2024-05-06 01:50:00+00:00,-97.017921
2024-05-06 01:51:00+00:00,-93.622925
2024-05-06 01:52:00+00:00,-89.910423
2024-05-06 01:53:00+00:00,-86.76741
2024-05-06 01:54:00+00:00,-85.039444
2024-05-06 01:55:00+00:00,-85.608368
2024-05-06 01:56:00+00:00,-89.766029
2024-05-06 01:57:00+00:00,-94.439461
2024-05-06 01:58:00+00:00,-94.163673
2024-05-06 01:59:00+00:00,-86.111534
2024-05-06 02:00:00+00:00,-81.074928
2024-05-06 02:01:00+00:00,-81.830002
2024-05-06 02:02:00+00:00,-82.586266
2024-05-06 02:03:00+00:00,-80.454025
2024-05-06 02:04:00+00:00,-79.206528
2024-05-06 02:05:00+00:00,-79.921799
2024-05-06 02:06:00+00:00,-83.118271
2024-05-06 02:07:00+00:00,-82.844948
2024-05-06 02:08:00+00:00,-79.193977
2024-05-06 02:09:00+00:00,-74.503365
2024-05-06 02:10:00+00:00,-75.706589
2024-05-06 02:11:00+00:00,-78.664368
2024-05-06 02:12:00+00:00,-78.445992
2024-05-06 02:13:00+00:00,-76.069359
2024-05-06 02:14:00+00:00,-73.087097
2024-05-06 02:15:00+00:00,-77.785851
2024-05-06 02:16:00+00:00,-82.272675
2024-05-06 02:17:00+00:00,-85.616417
2024-05-06 02:18:00+00:00,-86.961258
2024-05-06 02:19:00+00:00,-86.521454
2024-05-06 02:20:00+00:00,-87.470459
2024-05-06 02:21:00+00:00,-90.464401
2024-05-06 02:22:00+00:00,-92.795044
2024-05-06 02:23:00+00:00,-93.192032
2024-05-06 02:24:00+00:00,-92.354324
2024-05-06 02:25:00+00:00,-91.500557
2024-05-06 02:26:00+00:00,-91.48703
2024-05-06 02:27:00+00:00,-92.171143
2024-05-06 02:28:00+00:00,-92.552719
2024-05-06 02:29:00+00:00,-92.866035
2024-05-06 02:30:00+00:00,-92.846352
2024-05-06 02:31:00+00:00,-92.425896
2024-05-06 02:32:00+00:00,-92.353188
2024-05-06 02:33:00+00:00,-92.114555
2024-05-06 02:34:00+00:00,-92.38224
2024-05-06 02:35:00+00:00,-93.700233
2024-05-06 02:36:00+00:00,-100.628273
2024-05-06 02:37:00+00:00,-104.283501
2024-05-06 02:38:00+00:00,-103.156517
2024-05-06 02:39:00+00:00,-102.769554
2024-05-06 02:40:00+00:00,-104.383324
2024-05-06 02:41:00+00:00,-101.722183
2024-05-06 02:42:00+00:00,-97.65567
2024-05-06 02:43:00+00:00,-96.027298
2024-05-06 02:44:00+00:00,-93.143669
2024-05-06 02:45:00+00:00,-91.403931
2024-05-06 02:46:00+00:00,-90.53064
2024-05-06 02:47:00+00:00,-90.631653
2024-05-13 00:00:00+00:00,-202.404236
2024-05-13 00:01:00+00:00,-225.251312
2024-05-13 00:02:00+00:00,-267.138123
2024-05-13 00:03:00+00:00,-273.417877
2024-05-13 00:04:00+00:00,-208.005951
2024-05-13 00:05:00+00:00,-211.296021
2024-05-13 00:06:00+00:00,-225.21199
2024-05-13 00:07:00+00:00,-233.959656
2024-05-13 00:08:00+00:00,-238.323135
2024-05-13 00:09:00+00:00,-255.067825
2024-05-13 00:10:00+00:00,-261.886261
2024-05-13 00:11:00+00:00,-253.59816
2024-05-13 00:12:00+00:00,-230.917908
2024-05-13 00:13:00+00:00,-216.391861
2024-05-13 00:14:00+00:00,-212.843414
2024-05-13 00:15:00+00:00,-203.386032
2024-05-13 00:16:00+00:00,-199.784332
2024-05-13 00:17:00+00:00,-179.802231
2024-05-13 00:18:00+00:00,-175.546219
2024-05-13 00:19:00+00:00,-178.831024
2024-05-13 00:20:00+00:00,-189.958481
2024-05-13 00:21:00+00:00,-177.844757
2024-05-13 00:22:00+00:00,-169.135223
2024-05-13 00:23:00+00:00,-159.899841
2024-05-13 00:24:00+00:00,-157.231293
2024-05-13 00:25:00+00:00,-180.32576
2024-05-13 00:26:00+00:00,-204.725159
2024-05-13 00:27:00+00:00,-245.76059
2024-05-13 00:28:00+00:00,-288.502502
2024-05-13 00:29:00+00:00,-330.651184
2024-05-13 00:30:00+00:00,-373.52713
2024-05-13 00:31:00+00:00,-417.473999
2024-05-13 00:32:00+00:00,-461.994965
2024-05-13 00:33:00+00:00,-515.398621
2024-05-13 00:34:00+00:00,-508.94104
2024-05-13 00:35:00+00:00,-479.143677
2024-05-13 00:36:00+00:00,-487.47937
2024-05-13 00:37:00+00:00,-490.135651
2024-05-13 00:38:00+00:00,-481.34021
2024-05-13 00:39:00+00:00,-488.173187
2024-05-13 00:40:00+00:00,-519.200134
2024-05-13 00:41:00+00:00,-495.226715
2024-05-13 00:42:00+00:00,-465.015869
2024-05-13 00:43:00+00:00,-437.5354
2024-05-13 00:44:00+00:00,-431.715057
2024-05-13 00:45:00+00:00,-414.985596
2024-05-13 00:46:00+00:00,-398.230957
2024-05-13 00:47:00+00:00,-377.958801
2024-05-13 00:48:00+00:00,-361.667114
2024-05-13 00:49:00+00:00,-358.18222
2024-05-13 00:50:00+00:00,-361.688568
2024-05-13 00:51:00+00:00,-384.875702
2024-05-13 00:52:00+00:00,-353.089264
2024-05-13 00:53:00+00:00,-333.226868
2024-05-13 00:54:00+00:00,-328.708405
2024-05-13 00:55:00+00:00,-431.038788
2024-05-13 00:56:00+00:00,-491.748566
2024-05-13 00:57:00+00:00,-507.599976
2024-05-13 00:58:00+00:00,-527.902466
2024-05-13 00:59:00+00:00,-542.50769
2024-05-13 01:00:00+00:00,-524.85321
2024-05-13 01:01:00+00:00,-488.413269
2024-05-13 01:02:00+00:00,-481.947052
2024-05-13 01:03:00+00:00,-445.716064
2024-05-13 01:04:00+00:00,-407.188416
2024-05-13 01:05:00+00:00,-420.432312
2024-05-13 01:06:00+00:00,-408.82962
2024-05-13 01:07:00+00:00,-396.714203
2024-05-13 01:08:00+00:00,-386.833954
2024-05-13 01:09:00+00:00,-407.692383
2024-05-13 01:10:00+00:00,-425.555695
2024-05-13 01:11:00+00:00,-430.457062
2024-05-13 01:12:00+00:00,-440.387726
2024-05-13 01:13:00+00:00,-440.301727
2024-05-13 01:14:00+00:00,-401.132629
2024-05-13 01:15:00+00:00,-366.944
2024-05-13 01:16:00+00:00,-343.777618
2024-05-13 01:17:00+00:00,-335.650177
2024-05-13 01:18:00+00:00,-330.773956
2024-05-13 01:19:00+00:00,-329.602692
2024-05-13 01:20:00+00:00,-340.355591
2024-05-13 01:21:00+00:00,-328.196411
2024-05-13 01:22:00+00:00,-333.10437
2024-05-13 01:23:00+00:00,-336.101624
2024-05-13 01:24:00+00:00,-348.109375
2024-05-13 01:25:00+00:00,-335.975189
2024-05-13 01:26:00+00:00,-345.231506
2024-05-13 01:27:00+00:00,-358.159668
2024-05-13 01:28:00+00:00,-348.556519
2024-05-13 01:29:00+00:00,-337.599152
2024-05-13 01:30:00+00:00,-322.197021
2024-05-13 01:31:00+00:00,-310.568573
2024-05-13 01:32:00+00:00,-313.186096
2024-05-13 01:33:00+00:00,-323.096619
2024-05-13 01:34:00+00:00,-332.171967
2024-05-13 01:35:00+00:00,-333.491333
2024-05-13 01:36:00+00:00,-326.975677
2024-05-13 01:37:00+00:00,-329.508148
2024-05-13 01:38:00+00:00,-337.860596
2024-05-13 01:39:00+00:00,-334.332184
2024-05-13 01:40:00+00:00,-325.367218
2024-05-13 01:41:00+00:00,-316.694763
2024-05-13 01:42:00+00:00,-314.019165
2024-05-13 01:43:00+00:00,-309.684418
2024-05-13 01:44:00+00:00,-306.351013
2024-05-13 01:45:00+00:00,-314.400635
2024-05-13 01:46:00+00:00,-305.705597
2024-05-13 01:47:00+00:00,-288.457916
2024-05-13 01:48:00+00:00,-281.94751
2024-05-13 01:49:00+00:00,-290.786072
2024-05-13 01:50:00+00:00,-298.026154
2024-05-13 01:51:00+00:00,-280.897278
2024-05-13 01:52:00+00:00,-268.424896
2024-05-13 01:53:00+00:00,-255.730255
2024-05-13 01:54:00+00:00,-265.254852
2024-05-13 01:55:00+00:00,-264.200592
2024-05-13 01:56:00+00:00,-267.74469
2024-05-13 01:57:00+00:00,-295.124268
2024-05-13 01:58:00+00:00,-323.198151
2024-05-13 01:59:00+00:00,-322.215332
2024-05-13 02:00:00+00:00,-313.334595
2024-05-13 02:01:00+00:00,-301.96463
2024-05-13 02:02:00+00:00,-300.343384
2024-05-13 02:03:00+00:00,-262.865295
2024-05-13 02:04:00+00:00,-231.750031
2024-05-13 02:05:00+00:00,-258.645538
2024-05-13 02:06:00+00:00,-286.322388
2024-05-13 02:07:00+00:00,-292.076813
2024-05-13 02:08:00+00:00,-286.413849
2024-05-13 02:09:00+00:00,-253.848923
2024-05-13 02:10:00+00:00,-253.873825
2024-05-13 02:11:00+00:00,-270.175537
2024-05-13 02:12:00+00:00,-294.759827
2024-05-13 02:13:00+00:00,-306.700195
2024-05-13 02:14:00+00:00,-327.801331
2024-05-13 02:15:00+00:00,-358.243347
2024-05-13 02:16:00+00:00,-357.706787
2024-05-13 02:17:00+00:00,-335.63913
2024-05-13 02:18:00+00:00,-332.818756
2024-05-13 02:19:00+00:00,-338.784515
2024-05-13 02:20:00+00:00,-315.257202
2024-05-13 02:21:00+00:00,-289.15448
2024-05-13 02:22:00+00:00,-288.644928
2024-05-13 02:23:00+00:00,-312.373566
2024-05-13 02:24:00+00:00,-321.204407
2024-05-13 02:25:00+00:00,-319.991638
2024-05-13 02:26:00+00:00,-343.277496
2024-05-13 02:27:00+00:00,-342.606171
2024-05-13 02:28:00+00:00,-355.291504
2024-05-13 02:29:00+00:00,-371.828308
2024-05-13 02:30:00+00:00,-388.970276
2024-05-13 02:31:00+00:00,-372.22229
2024-05-13 02:32:00+00:00,-364.853607
2024-05-13 02:33:00+00:00,-316.114655
2024-05-13 02:34:00+00:00,-294.423737
2024-05-13 02:35:00+00:00,-305.004944
2024-05-13 02:36:00+00:00,-306.825531
2024-05-13 02:37:00+00:00,-269.737823
2024-05-13 02:38:00+00:00,-298.907806
2024-05-13 02:39:00+00:00,-309.81485
2024-05-13 02:40:00+00:00,-278.241364
2024-05-13 02:41:00+00:00,-302.913452
2024-05-13 02:42:00+00:00,-383.18399
2024-05-13 02:43:00+00:00,-411.640442
2024-05-13 02:44:00+00:00,-570.616699
2024-05-13 02:45:00+00:00,-632.134827
2024-05-13 02:46:00+00:00,-810.656494
2024-05-13 02:47:00+00:00,-776.069214
2024-05-20 00:00:00+00:00,-24.691183
2024-05-20 00:01:00+00:00,-25.620956
2024-05-20 00:02:00+00:00,-27.762075
2024-05-20 00:03:00+00:00,-27.982004
2024-05-20 00:04:00+00:00,-27.698006
2024-05-20 00:05:00+00:00,-28.279505
2024-05-20 00:06:00+00:00,-27.146374
2024-05-20 00:07:00+00:00,-27.236347
2024-05-20 00:08:00+00:00,-26.968725
2024-05-20 00:09:00+00:00,-26.349609
2024-05-20 00:10:00+00:00,-25.65044
2024-05-20 00:11:00+00:00,-26.318653
2024-05-20 00:12:00+00:00,-27.681866
2024-05-20 00:13:00+00:00,-26.828157
2024-05-20 00:14:00+00:00,-27.184414
2024-05-20 00:15:00+00:00,-28.061743
2024-05-20 00:16:00+00:00,-25.710287
2024-05-20 00:17:00+00:00,-27.313595
2024-05-20 00:18:00+00:00,-29.259407
2024-05-20 00:19:00+00:00,-27.330666
2024-05-20 00:20:00+00:00,-27.829197
2024-05-20 00:21:00+00:00,-28.525459
2024-05-20 00:22:00+00:00,-28.595198
2024-05-20 00:23:00+00:00,-27.080368
2024-05-20 00:24:00+00:00,-27.494986
2024-05-20 00:25:00+00:00,-27.351263
2024-05-20 00:26:00+00:00,-30.158396
2024-05-20 00:27:00+00:00,-32.907177
2024-05-20 00:28:00+00:00,-33.416828
2024-05-20 00:29:00+00:00,-33.171505
2024-05-20 00:30:00+00:00,-31.521082
2024-05-20 00:31:00+00:00,-32.703735
2024-05-20 00:32:00+00:00,-32.935364
2024-05-20 00:33:00+00:00,-32.448151
2024-05-20 00:34:00+00:00,-32.769032
2024-05-20 00:35:00+00:00,-32.149742
2024-05-20 00:36:00+00:00,-32.827614
2024-05-20 00:37:00+00:00,-33.511299
2024-05-20 00:38:00+00:00,-34.434956
2024-05-20 00:39:00+00:00,-31.566042
2024-05-20 00:40:00+00:00,-30.610647
2024-05-20 00:41:00+00:00,-30.653297
2024-05-20 00:42:00+00:00,-30.92053
2024-05-20 00:43:00+00:00,-31.164864
2024-05-20 00:44:00+00:00,-29.36334
2024-05-20 00:45:00+00:00,-29.03071
2024-05-20 00:46:00+00:00,-29.82177
2024-05-20 00:47:00+00:00,-29.877178
2024-05-20 00:48:00+00:00,-31.57275
2024-05-20 00:49:00+00:00,-31.59889
2024-05-20 00:50:00+00:00,-28.468916
2024-05-20 00:51:00+00:00,-27.465996
2024-05-20 00:52:00+00:00,-27.527563
2024-05-20 00:53:00+00:00,-28.094582
2024-05-20 00:54:00+00:00,-27.789478
2024-05-20 00:55:00+00:00,-26.504868
2024-05-20 00:56:00+00:00,-25.666807
2024-05-20 00:57:00+00:00,-25.486744
2024-05-20 00:58:00+00:00,-26.453253
2024-05-20 00:59:00+00:00,-26.40642
2024-05-20 01:00:00+00:00,-26.72769
2024-05-20 01:01:00+00:00,-26.73403
2024-05-20 01:02:00+00:00,-25.950275
2024-05-20 01:03:00+00:00,-26.476236
2024-05-20 01:04:00+00:00,-27.005131
2024-05-20 01:05:00+00:00,-25.212973
2024-05-20 01:06:00+00:00,-26.176029
2024-05-20 01:07:00+00:00,-26.033081
2024-05-20 01:08:00+00:00,-25.599613
2024-05-20 01:09:00+00:00,-25.795673
2024-05-20 01:10:00+00:00,-26.612576
2024-05-20 01:11:00+00:00,-26.868711
2024-05-20 01:12:00+00:00,-26.510574
2024-05-20 01:13:00+00:00,-26.899548
2024-05-20 01:14:00+00:00,-26.459452
2024-05-20 01:15:00+00:00,-24.265549
2024-05-20 01:16:00+00:00,-26.90929
2024-05-20 01:17:00+00:00,-28.694662
2024-05-20 01:18:00+00:00,-28.858332
2024-05-20 01:19:00+00:00,-28.196447
2024-05-20 01:20:00+00:00,-26.57654
2024-05-20 01:21:00+00:00,-25.121149
2024-05-20 01:22:00+00:00,-23.942432
2024-05-20 01:23:00+00:00,-22.713982
2024-05-20 01:24:00+00:00,-21.974712
2024-05-20 01:25:00+00:00,-20.800783
2024-05-20 01:26:00+00:00,-19.748674
2024-05-20 01:27:00+00:00,-19.050587
2024-05-20 01:28:00+00:00,-18.177071
2024-05-20 01:29:00+00:00,-17.580917
2024-05-20 01:30:00+00:00,-16.923531
2024-05-20 01:31:00+00:00,-16.898195
2024-05-20 01:32:00+00:00,-16.898315
2024-05-20 01:33:00+00:00,-17.742754
2024-05-20 01:34:00+00:00,-19.340004
2024-05-20 01:35:00+00:00,-20.852869
2024-05-20 01:36:00+00:00,-21.784748
2024-05-20 01:37:00+00:00,-21.487532
2024-05-20 01:38:00+00:00,-19.589897
2024-05-20 01:39:00+00:00,-17.375523
2024-05-20 01:40:00+00:00,-17.46204
2024-05-20 01:41:00+00:00,-17.673641
2024-05-20 01:42:00+00:00,-18.016113
2024-05-20 01:43:00+00:00,-17.82933
2024-05-20 01:44:00+00:00,-17.77935
2024-05-20 01:45:00+00:00,-18.067261
2024-05-20 01:46:00+00:00,-18.105209
2024-05-20 01:47:00+00:00,-26.709692
2024-05-20 01:48:00+00:00,-33.851067
2024-05-20 01:49:00+00:00,-38.642635
2024-05-20 01:50:00+00:00,-35.464214
2024-05-20 01:51:00+00:00,-28.943745
2024-05-20 01:52:00+00:00,-18.327822
2024-05-20 01:53:00+00:00,-18.475359
2024-05-20 01:54:00+00:00,-18.355339
2024-05-20 01:55:00+00:00,-18.349213
2024-05-20 01:56:00+00:00,-18.530561
2024-05-20 01:57:00+00:00,-19.341621
2024-05-20 01:58:00+00:00,-20.419371
2024-05-20 01:59:00+00:00,-20.972998
2024-05-20 02:00:00+00:00,-21.263798
2024-05-20 02:01:00+00:00,-21.297791
2024-05-20 02:02:00+00:00,-22.349449
2024-05-20 02:03:00+00:00,-21.556307
2024-05-20 02:04:00+00:00,-21.575562
2024-05-20 02:05:00+00:00,-23.240929
2024-05-20 02:06:00+00:00,-24.721476
2024-05-20 02:07:00+00:00,-25.912483
2024-05-20 02:08:00+00:00,-25.343712
2024-05-20 02:09:00+00:00,-23.802048
2024-05-20 02:10:00+00:00,-21.678604
2024-05-20 02:11:00+00:00,-19.819328
2024-05-20 02:12:00+00:00,-18.167587
2024-05-20 02:13:00+00:00,-16.970306
2024-05-20 02:14:00+00:00,-16.747345
2024-05-20 02:15:00+00:00,-16.840763
2024-05-20 02:16:00+00:00,-17.020142
2024-05-20 02:17:00+00:00,-16.930014
2024-05-20 02:18:00+00:00,-16.71496
2024-05-20 02:19:00+00:00,-16.144405
2024-05-20 02:20:00+00:00,-19.43561
2024-05-20 02:21:00+00:00,-15.887163
2024-05-20 02:22:00+00:00,-15.128229
2024-05-20 02:23:00+00:00,-15.707422
2024-05-20 02:24:00+00:00,-14.979477
2024-05-20 02:25:00+00:00,-15.10239
2024-05-20 02:26:00+00:00,-14.965609
2024-05-20 02:27:00+00:00,-15.082692
2024-05-20 02:28:00+00:00,-14.959555
2024-05-20 02:29:00+00:00,-14.695861
2024-05-20 02:30:00+00:00,-14.621574
2024-05-20 02:31:00+00:00,-14.263924
2024-05-20 02:32:00+00:00,-14.628953
2024-05-20 02:33:00+00:00,-15.167647
2024-05-20 02:34:00+00:00,-15.114383
2024-05-20 02:35:00+00:00,-15.158683
2024-05-20 02:36:00+00:00,-15.306426
2024-05-20 02:37:00+00:00,-15.413146
2024-05-20 02:38:00+00:00,-16.5396
2024-05-20 02:39:00+00:00,-17.733789
2024-05-20 02:40:00+00:00,-18.366615
2024-05-20 02:41:00+00:00,-18.77177
2024-05-20 02:42:00+00:00,-19.076202
2024-05-20 02:43:00+00:00,-18.979179
2024-05-20 02:44:00+00:00,-18.606628
2024-05-20 02:45:00+00:00,-19.2672
2024-05-20 02:46:00+00:00,-20.163527
2024-05-20 02:47:00+00:00,-20.873764
2024-05-27 00:00:00+00:00,-31.663214
2024-05-27 00:01:00+00:00,-30.599962
2024-05-27 00:02:00+00:00,-29.348394
2024-05-27 00:03:00+00:00,-28.507795
2024-05-27 00:04:00+00:00,-27.670645
2024-05-27 00:05:00+00:00,-27.320011
2024-05-27 00:06:00+00:00,-26.591158
2024-05-27 00:07:00+00:00,-26.515512
2024-05-27 00:08:00+00:00,-27.075666
2024-05-27 00:09:00+00:00,-27.380188
2024-05-27 00:10:00+00:00,-27.661022
2024-05-27 00:11:00+00:00,-28.156149
2024-05-27 00:12:00+00:00,-28.896965
2024-05-27 00:13:00+00:00,-29.020859
2024-05-27 00:14:00+00:00,-28.882038
2024-05-27 00:15:00+00:00,-28.839994
2024-05-27 00:16:00+00:00,-29.364653
2024-05-27 00:17:00+00:00,-30.075163
2024-05-27 00:18:00+00:00,-31.082584
2024-05-27 00:19:00+00:00,-32.327919
2024-05-27 00:20:00+00:00,-33.731304
2024-05-27 00:21:00+00:00,-35.226337
2024-05-27 00:22:00+00:00,-36.476349
2024-05-27 00:23:00+00:00,-37.267029
2024-05-27 00:24:00+00:00,-37.83884
2024-05-27 00:25:00+00:00,-37.959866
2024-05-27 00:26:00+00:00,-38.236805
2024-05-27 00:27:00+00:00,-38.322983
2024-05-27 00:28:00+00:00,-38.433495
2024-05-27 00:29:00+00:00,-38.207787
2024-05-27 00:30:00+00:00,-38.211735
2024-05-27 00:31:00+00:00,-38.400204
2024-05-27 00:32:00+00:00,-39.083248
2024-05-27 00:33:00+00:00,-39.174725
2024-05-27 00:34:00+00:00,-38.916229
2024-05-27 00:35:00+00:00,-38.137627
2024-05-27 00:36:00+00:00,-37.217331
2024-05-27 00:37:00+00:00,-36.536995
2024-05-27 00:38:00+00:00,-36.41824
2024-05-27 00:39:00+00:00,-36.878464
2024-05-27 00:40:00+00:00,-36.582691
2024-05-27 00:41:00+00:00,-36.366707
2024-05-27 00:42:00+00:00,-36.305016
2024-05-27 00:43:00+00:00,-35.94482
2024-05-27 00:44:00+00:00,-35.592617
2024-05-27 00:45:00+00:00,-35.393196
2024-05-27 00:46:00+00:00,-35.25462
2024-05-27 00:47:00+00:00,-35.051384
2024-05-27 00:48:00+00:00,-34.903477
2024-05-27 00:49:00+00:00,-35.072365
2024-05-27 00:50:00+00:00,-35.545704
2024-05-27 00:51:00+00:00,-35.56958
2024-05-27 00:52:00+00:00,-35.517414
2024-05-27 00:53:00+00:00,-35.627686
2024-05-27 00:54:00+00:00,-33.855846
2024-05-27 00:55:00+00:00,-31.557356
2024-05-27 00:56:00+00:00,-29.82049
2024-05-27 00:57:00+00:00,-28.938395
2024-05-27 00:58:00+00:00,-28.657547
2024-05-27 00:59:00+00:00,-29.194649
2024-05-27 01:00:00+00:00,-30.043024
2024-05-27 01:01:00+00:00,-30.952221
2024-05-27 01:02:00+00:00,-31.660625
2024-05-27 01:03:00+00:00,-32.185249
2024-05-27 01:04:00+00:00,-32.930016
2024-05-27 01:05:00+00:00,-33.234203
2024-05-27 01:06:00+00:00,-33.88002
2024-05-27 01:07:00+00:00,-34.622284
2024-05-27 01:08:00+00:00,-35.377583
2024-05-27 01:09:00+00:00,-35.943703
2024-05-27 01:10:00+00:00,-35.745434
2024-05-27 01:11:00+00:00,-35.720226
2024-05-27 01:12:00+00:00,-36.20993
2024-05-27 01:13:00+00:00,-36.988422
2024-05-27 01:14:00+00:00,-37.818848
2024-05-27 01:15:00+00:00,-39.571354
2024-05-27 01:16:00+00:00,-41.113091
2024-05-27 01:17:00+00:00,-42.053413
2024-05-27 01:18:00+00:00,-42.508022
2024-05-27 01:19:00+00:00,-42.949097
2024-05-27 01:20:00+00:00,-43.829727
2024-05-27 01:21:00+00:00,-44.960938
2024-05-27 01:22:00+00:00,-45.959888
2024-05-27 01:23:00+00:00,-46.986256
2024-05-27 01:24:00+00:00,-47.838348
2024-05-27 01:25:00+00:00,-47.568401
2024-05-27 01:26:00+00:00,-47.103149
2024-05-27 01:27:00+00:00,-46.076866
2024-05-27 01:28:00+00:00,-45.349884
2024-05-27 01:29:00+00:00,-45.230774
2024-05-27 01:30:00+00:00,-44.507618
2024-05-27 01:31:00+00:00,-43.938416
2024-05-27 01:32:00+00:00,-43.502834
2024-05-27 01:33:00+00:00,-43.4865
2024-05-27 01:34:00+00:00,-42.933811
2024-05-27 01:35:00+00:00,-42.324722
2024-05-27 01:36:00+00:00,-41.816929
2024-05-27 01:37:00+00:00,-41.70583
2024-05-27 01:38:00+00:00,-41.511383
2024-05-27 01:39:00+00:00,-41.211121
2024-05-27 01:40:00+00:00,-39.971523
2024-05-27 01:41:00+00:00,-39.31163
2024-05-27 01:42:00+00:00,-38.841232
2024-05-27 01:43:00+00:00,-38.844994
2024-05-27 01:44:00+00:00,-38.762371
2024-05-27 01:45:00+00:00,-38.903831
2024-05-27 01:46:00+00:00,-39.432461
2024-05-27 01:47:00+00:00,-39.694912
2024-05-27 01:48:00+00:00,-39.648216
2024-05-27 01:49:00+00:00,-39.580391
2024-05-27 01:50:00+00:00,-39.035858
2024-05-27 01:51:00+00:00,-38.690384
2024-05-27 01:52:00+00:00,-38.530766
2024-05-27 01:53:00+00:00,-38.325508
2024-05-27 01:54:00+00:00,-38.234264
2024-05-27 01:55:00+00:00,-38.239433
2024-05-27 01:56:00+00:00,-37.383472
2024-05-27 01:57:00+00:00,-36.87875
2024-05-27 01:58:00+00:00,-36.751617
2024-05-27 01:59:00+00:00,-36.653393
2024-05-27 02:00:00+00:00,-36.333111
2024-05-27 02:01:00+00:00,-36.284077
2024-05-27 02:02:00+00:00,-37.046989
2024-05-27 02:03:00+00:00,-37.928448
2024-05-27 02:04:00+00:00,-37.71804
2024-05-27 02:05:00+00:00,-37.559296
2024-05-27 02:06:00+00:00,-37.169479
2024-05-27 02:07:00+00:00,-37.063202
2024-05-27 02:08:00+00:00,-37.112583
2024-05-27 02:09:00+00:00,-37.28096
2024-05-27 02:10:00+00:00,-37.506805
2024-05-27 02:11:00+00:00,-37.634785
2024-05-27 02:12:00+00:00,-37.759209
2024-05-27 02:13:00+00:00,-37.260891
2024-05-27 02:14:00+00:00,-36.737427
2024-05-27 02:15:00+00:00,-36.134209
2024-05-27 02:16:00+00:00,-35.543961
2024-05-27 02:17:00+00:00,-35.53307
2024-05-27 02:18:00+00:00,-36.354401
2024-05-27 02:19:00+00:00,-36.698975
2024-05-27 02:20:00+00:00,-36.733723
2024-05-27 02:21:00+00:00,-36.482555
2024-05-27 02:22:00+00:00,-36.538643
2024-05-27 02:23:00+00:00,-36.919708
2024-05-27 02:24:00+00:00,-37.99725
2024-05-27 02:25:00+00:00,-38.93483
2024-05-27 02:26:00+00:00,-39.361732
2024-05-27 02:27:00+00:00,-39.942207
2024-05-27 02:28:00+00:00,-40.382687
2024-05-27 02:29:00+00:00,-40.835388
2024-05-27 02:30:00+00:00,-40.960201
2024-05-27 02:31:00+00:00,-41.019188
2024-05-27 02:32:00+00:00,-41.831196
2024-05-27 02:33:00+00:00,-41.569927
2024-05-27 02:34:00+00:00,-40.859692
2024-05-27 02:35:00+00:00,-39.140308
2024-05-27 02:36:00+00:00,-37.292652
2024-05-27 02:37:00+00:00,-35.172539
2024-05-27 02:38:00+00:00,-33.384296
2024-05-27 02:39:00+00:00,-31.565971
2024-05-27 02:40:00+00:00,-29.786423
2024-05-27 02:41:00+00:00,-28.103109
2024-05-27 02:42:00+00:00,-26.427036
2024-05-27 02:43:00+00:00,-25.678431
2024-05-27 02:44:00+00:00,-34.571648
2024-05-27 02:45:00+00:00,-32.732674
2024-05-27 02:46:00+00:00,-33.301178
2024-05-27 02:47:00+00:00,-30.899704
2024-06-03 00:00:00+00:00,-186.536621
2024-06-03 00:01:00+00:00,-179.41864
2024-06-03 00:02:00+00:00,-168.059723
2024-06-03 00:03:00+00:00,-162.020599
2024-06-03 00:04:00+00:00,-162.745316
2024-06-03 00:05:00+00:00,-161.308258
2024-06-03 00:06:00+00:00,-161.29245
2024-06-03 00:07:00+00:00,-162.119965
2024-06-03 00:08:00+00:00,-161.469193
2024-06-03 00:09:00+00:00,-158.395966
2024-06-03 00:10:00+00:00,-156.615341
2024-06-03 00:11:00+00:00,-156.579132
2024-06-03 00:12:00+00:00,-154.609772
2024-06-03 00:13:00+00:00,-151.088165
2024-06-03 00:14:00+00:00,-146.054565
2024-06-03 00:15:00+00:00,-141.707794
2024-06-03 00:16:00+00:00,-138.814682
2024-06-03 00:17:00+00:00,-137.014893
2024-06-03 00:18:00+00:00,-135.271576
2024-06-03 00:19:00+00:00,-134.222931
2024-06-03 00:20:00+00:00,-130.178802
2024-06-03 00:21:00+00:00,-128.227081
2024-06-03 00:22:00+00:00,-126.746994
2024-06-03 00:23:00+00:00,-124.715515
2024-06-03 00:24:00+00:00,-124.819473
2024-06-03 00:25:00+00:00,-123.06311
2024-06-03 00:26:00+00:00,-121.3423
2024-06-03 00:27:00+00:00,-119.550926
2024-06-03 00:28:00+00:00,-116.620644
2024-06-03 00:29:00+00:00,-111.079178
2024-06-03 00:30:00+00:00,-106.925827
2024-06-03 00:31:00+00:00,-102.412766
2024-06-03 00:32:00+00:00,-99.571121
2024-06-03 00:33:00+00:00,-97.041931
2024-06-03 00:34:00+00:00,-94.996277
2024-06-03 00:35:00+00:00,-91.916016
2024-06-03 00:36:00+00:00,-90.01503
2024-06-03 00:37:00+00:00,-86.770317
2024-06-03 00:38:00+00:00,-85.186897
2024-06-03 00:39:00+00:00,-83.867744
2024-06-03 00:40:00+00:00,-82.190285
2024-06-03 00:41:00+00:00,-78.177681
2024-06-03 00:42:00+00:00,-77.91153
2024-06-03 00:43:00+00:00,-76.901543
2024-06-03 00:44:00+00:00,-74.438194
2024-06-03 00:45:00+00:00,-72.552338
2024-06-03 00:46:00+00:00,-71.887001
2024-06-03 00:47:00+00:00,-71.937302
2024-06-03 00:48:00+00:00,-70.480446
2024-06-03 00:49:00+00:00,-68.47126
2024-06-03 00:50:00+00:00,-68.723595
2024-06-03 00:51:00+00:00,-69.132484
2024-06-03 00:52:00+00:00,-68.412552
2024-06-03 00:53:00+00:00,-67.792213
2024-06-03 00:54:00+00:00,-68.577927
2024-06-03 00:55:00+00:00,-67.16201
2024-06-03 00:56:00+00:00,-64.656273
2024-06-03 00:57:00+00:00,-63.858341
2024-06-03 00:58:00+00:00,-65.554337
2024-06-03 00:59:00+00:00,-64.754204
2024-06-03 01:00:00+00:00,-64.526909
2024-06-03 01:01:00+00:00,-64.404282
2024-06-03 01:02:00+00:00,-65.228539
2024-06-03 01:03:00+00:00,-66.01004
2024-06-03 01:04:00+00:00,-66.837967
2024-06-03 01:05:00+00:00,-67.83696
2024-06-03 01:06:00+00:00,-70.10128
2024-06-03 01:07:00+00:00,-70.739357
2024-06-03 01:08:00+00:00,-71.223328
2024-06-03 01:09:00+00:00,-70.913612
2024-06-03 01:10:00+00:00,-69.46106
2024-06-03 01:11:00+00:00,-68.041046
2024-06-03 01:12:00+00:00,-67.128677
2024-06-03 01:13:00+00:00,-68.554039
2024-06-03 01:14:00+00:00,-70.130051
2024-06-03 01:15:00+00:00,-71.949196
2024-06-03 01:16:00+00:00,-72.632515
2024-06-03 01:17:00+00:00,-72.202477
2024-06-03 01:18:00+00:00,-71.595467
2024-06-03 01:19:00+00:00,-69.356262
2024-06-03 01:20:00+00:00,-67.559433
2024-06-03 01:21:00+00:00,-66.100502
2024-06-03 01:22:00+00:00,-65.567657
2024-06-03 01:23:00+00:00,-64.773361
2024-06-03 01:24:00+00:00,-63.726704
2024-06-03 01:25:00+00:00,-62.341015
2024-06-03 01:26:00+00:00,-61.203251
2024-06-03 01:27:00+00:00,-59.881058
2024-06-03 01:28:00+00:00,-58.407658
2024-06-03 01:29:00+00:00,-56.763233
2024-06-03 01:30:00+00:00,-55.688648
2024-06-03 01:31:00+00:00,-54.07402
2024-06-03 01:32:00+00:00,-52.144749
2024-06-03 01:33:00+00:00,-50.386322
2024-06-03 01:34:00+00:00,-49.066582
2024-06-03 01:35:00+00:00,-48.48402
2024-06-03 01:36:00+00:00,-47.331535
2024-06-03 01:37:00+00:00,-44.773266
2024-06-03 01:38:00+00:00,-43.025421
2024-06-03 01:39:00+00:00,-41.747269
2024-06-03 01:40:00+00:00,-41.174198
2024-06-03 01:41:00+00:00,-41.501999
2024-06-03 01:42:00+00:00,-41.546631
2024-06-03 01:43:00+00:00,-41.833023
2024-06-03 01:44:00+00:00,-42.624336
2024-06-03 01:45:00+00:00,-44.008564
2024-06-03 01:46:00+00:00,-44.749367
2024-06-03 01:47:00+00:00,-44.479088
2024-06-03 01:48:00+00:00,-43.314365
2024-06-03 01:49:00+00:00,-41.902359
2024-06-03 01:50:00+00:00,-40.729347
2024-06-03 01:51:00+00:00,-39.91156
2024-06-03 01:52:00+00:00,-39.17252
2024-06-03 01:53:00+00:00,-38.190239
2024-06-03 01:54:00+00:00,-36.944603
2024-06-03 01:55:00+00:00,-36.506752
2024-06-03 01:56:00+00:00,-35.9786
2024-06-03 01:57:00+00:00,-35.409813
2024-06-03 01:58:00+00:00,-35.499149
2024-06-03 01:59:00+00:00,-35.65707
2024-06-03 02:00:00+00:00,-34.233604
2024-06-03 02:01:00+00:00,-32.905579
2024-06-03 02:02:00+00:00,-32.410572
2024-06-03 02:03:00+00:00,-32.288403
2024-06-03 02:04:00+00:00,-32.809109
2024-06-03 02:05:00+00:00,-32.998363
2024-06-03 02:06:00+00:00,-32.879139
2024-06-03 02:07:00+00:00,-32.514641
2024-06-03 02:08:00+00:00,-33.487999
2024-06-03 02:09:00+00:00,-36.294071
2024-06-03 02:10:00+00:00,-39.058033
2024-06-03 02:11:00+00:00,-40.170223
2024-06-03 02:12:00+00:00,-42.401821
2024-06-03 02:13:00+00:00,-42.88274
2024-06-03 02:14:00+00:00,-41.762043
2024-06-03 02:15:00+00:00,-41.137665
2024-06-03 02:16:00+00:00,-40.123032
2024-06-03 02:17:00+00:00,-39.481361
2024-06-03 02:18:00+00:00,-39.863632
2024-06-03 02:19:00+00:00,-39.475269
2024-06-03 02:20:00+00:00,-40.061993
2024-06-03 02:21:00+00:00,-41.39399
2024-06-03 02:22:00+00:00,-43.292198
2024-06-03 02:23:00+00:00,-43.780399
2024-06-03 02:24:00+00:00,-43.407852
2024-06-03 02:25:00+00:00,-43.070129
2024-06-03 02:26:00+00:00,-43.402428
2024-06-03 02:27:00+00:00,-43.051788
2024-06-03 02:28:00+00:00,-44.307789
2024-06-03 02:29:00+00:00,-45.105534
2024-06-03 02:30:00+00:00,-44.762878
2024-06-03 02:31:00+00:00,-44.608261
2024-06-03 02:32:00+00:00,-43.936424
2024-06-03 02:33:00+00:00,-44.060841
2024-06-03 02:34:00+00:00,-43.949814
2024-06-03 02:35:00+00:00,-46.379227
2024-06-03 02:36:00+00:00,-47.552715
2024-06-03 02:37:00+00:00,-47.09964
2024-06-03 02:38:00+00:00,-47.154869
2024-06-03 02:39:00+00:00,-47.078732
2024-06-03 02:40:00+00:00,-46.755943
2024-06-03 02:41:00+00:00,-46.296509
2024-06-03 02:42:00+00:00,-45.873726
2024-06-03 02:43:00+00:00,-45.888977
2024-06-03 02:44:00+00:00,-46.421776
2024-06-03 02:45:00+00:00,-45.767242
2024-06-03 02:46:00+00:00,-46.809582
2024-06-03 02:47:00+00:00,-47.657211
2024-06-10 00:00:00+00:00,-95.533897
2024-06-10 00:01:00+00:00,-93.397766
2024-06-10 00:02:00+00:00,-85.757164
2024-06-10 00:03:00+00:00,-82.162788
2024-06-10 00:04:00+00:00,-83.556
2024-06-10 00:05:00+00:00,-80.449303
2024-06-10 00:06:00+00:00,-79.972626
2024-06-10 00:07:00+00:00,-79.114311
2024-06-10 00:08:00+00:00,-76.611366
2024-06-10 00:09:00+00:00,-77.2136
2024-06-10 00:10:00+00:00,-81.640419
2024-06-10 00:11:00+00:00,-82.501244
2024-06-10 00:12:00+00:00,-93.258049
2024-06-10 00:13:00+00:00,-89.859428
2024-06-10 00:14:00+00:00,-78.526215
2024-06-10 00:15:00+00:00,-81.266785
2024-06-10 00:16:00+00:00,-87.467049
2024-06-10 00:17:00+00:00,-96.72876
2024-06-10 00:18:00+00:00,-85.572861
2024-06-10 00:19:00+00:00,-78.328598
2024-06-10 00:20:00+00:00,-81.715813
2024-06-10 00:21:00+00:00,-85.005157
2024-06-10 00:22:00+00:00,-87.969223
2024-06-10 00:23:00+00:00,-87.456711
2024-06-10 00:24:00+00:00,-90.866409
2024-06-10 00:25:00+00:00,-99.080139
2024-06-10 00:26:00+00:00,-103.529663
2024-06-10 00:27:00+00:00,-104.618439
2024-06-10 00:28:00+00:00,-106.767502
2024-06-10 00:29:00+00:00,-102.485764
2024-06-10 00:30:00+00:00,-86.516525
2024-06-10 00:31:00+00:00,-69.54332
2024-06-10 00:32:00+00:00,-61.456272
2024-06-10 00:33:00+00:00,-62.900154
2024-06-10 00:34:00+00:00,-64.136253
2024-06-10 00:35:00+00:00,-67.795639
2024-06-10 00:36:00+00:00,-82.180511
2024-06-10 00:37:00+00:00,-77.576889
2024-06-10 00:38:00+00:00,-73.806534
2024-06-10 00:39:00+00:00,-71.352081
2024-06-10 00:40:00+00:00,-69.206924
2024-06-10 00:41:00+00:00,-69.661156
2024-06-10 00:42:00+00:00,-71.622063
2024-06-10 00:43:00+00:00,-71.190285
2024-06-10 00:44:00+00:00,-71.510391
2024-06-10 00:45:00+00:00,-73.942429
2024-06-10 00:46:00+00:00,-84.429474
2024-06-10 00:47:00+00:00,-94.448311
2024-06-10 00:48:00+00:00,-96.192307
2024-06-10 00:49:00+00:00,-91.44075
2024-06-10 00:50:00+00:00,-83.138947
2024-06-10 00:51:00+00:00,-77.669693
2024-06-10 00:52:00+00:00,-72.931419
2024-06-10 00:53:00+00:00,-69.223846
2024-06-10 00:54:00+00:00,-71.580307
2024-06-10 00:55:00+00:00,-78.053467
2024-06-10 00:56:00+00:00,-91.597412
2024-06-10 00:57:00+00:00,-101.408417
2024-06-10 00:58:00+00:00,-100.402496
2024-06-10 00:59:00+00:00,-92.913628
2024-06-10 01:00:00+00:00,-90.602921
2024-06-10 01:01:00+00:00,-84.956398
2024-06-10 01:02:00+00:00,-83.157951
2024-06-10 01:03:00+00:00,-93.515045
2024-06-10 01:04:00+00:00,-105.974983
2024-06-10 01:05:00+00:00,-113.664749
2024-06-10 01:06:00+00:00,-112.873428
2024-06-10 01:07:00+00:00,-109.344223
2024-06-10 01:08:00+00:00,-100.421555
2024-06-10 01:09:00+00:00,-88.235016
2024-06-10 01:10:00+00:00,-80.605606
2024-06-10 01:11:00+00:00,-76.56823
2024-06-10 01:12:00+00:00,-77.66909
2024-06-10 01:13:00+00:00,-81.422394
2024-06-10 01:14:00+00:00,-84.107315
2024-06-10 01:15:00+00:00,-83.2677
2024-06-10 01:16:00+00:00,-84.36232
2024-06-10 01:17:00+00:00,-90.522392
2024-06-10 01:18:00+00:00,-84.771095
2024-06-10 01:19:00+00:00,-80.493927
2024-06-10 01:20:00+00:00,-81.350334
2024-06-10 01:21:00+00:00,-80.436424
2024-06-10 01:22:00+00:00,-78.817513
2024-06-10 01:23:00+00:00,-75.737175
2024-06-10 01:24:00+00:00,-74.505852
2024-06-10 01:25:00+00:00,-74.978432
2024-06-10 01:26:00+00:00,-75.109238
2024-06-10 01:27:00+00:00,-76.173683
2024-06-10 01:28:00+00:00,-79.835876
2024-06-10 01:29:00+00:00,-81.967911
2024-06-10 01:30:00+00:00,-83.995605
2024-06-10 01:31:00+00:00,-85.530365
2024-06-10 01:32:00+00:00,-87.83831
2024-06-10 01:33:00+00:00,-89.560669
2024-06-10 01:34:00+00:00,-89.722893
2024-06-10 01:35:00+00:00,-84.675629
2024-06-10 01:36:00+00:00,-79.116203
2024-06-10 01:37:00+00:00,-73.642326
2024-06-10 01:38:00+00:00,-70.321861
2024-06-10 01:39:00+00:00,-70.169662
2024-06-10 01:40:00+00:00,-69.867851
2024-06-10 01:41:00+00:00,-68.801254
2024-06-10 01:42:00+00:00,-69.820526
2024-06-10 01:43:00+00:00,-72.457947
2024-06-10 01:44:00+00:00,-74.450882
2024-06-10 01:45:00+00:00,-75.750572
2024-06-10 01:46:00+00:00,-76.002007
2024-06-10 01:47:00+00:00,-75.312851
2024-06-10 01:48:00+00:00,-72.564415
2024-06-10 01:49:00+00:00,-68.609306
2024-06-10 01:50:00+00:00,-65.7845
2024-06-10 01:51:00+00:00,-63.972866
2024-06-10 01:52:00+00:00,-63.987946
2024-06-10 01:53:00+00:00,-63.660378
2024-06-10 01:54:00+00:00,-60.297836
2024-06-10 01:55:00+00:00,-57.318836
2024-06-10 01:56:00+00:00,-54.276169
2024-06-10 01:57:00+00:00,-49.632153
2024-06-10 01:58:00+00:00,-51.162712
2024-06-10 01:59:00+00:00,-53.427273
2024-06-10 02:00:00+00:00,-52.027405
2024-06-10 02:01:00+00:00,-51.722145
2024-06-10 02:02:00+00:00,-51.76506
2024-06-10 02:03:00+00:00,-50.04847
2024-06-10 02:04:00+00:00,-48.432629
2024-06-10 02:05:00+00:00,-49.531715
2024-06-10 02:06:00+00:00,-47.822208
2024-06-10 02:07:00+00:00,-49.73077
2024-06-10 02:08:00+00:00,-49.677315
2024-06-10 02:09:00+00:00,-50.349133
2024-06-10 02:10:00+00:00,-50.588692
2024-06-10 02:11:00+00:00,-54.38842
2024-06-10 02:12:00+00:00,-55.635551
2024-06-10 02:13:00+00:00,-54.527119
2024-06-10 02:14:00+00:00,-52.838814
2024-06-10 02:15:00+00:00,-51.47168
2024-06-10 02:16:00+00:00,-50.753403
2024-06-10 02:17:00+00:00,-49.412403
2024-06-10 02:18:00+00:00,-49.873371
2024-06-10 02:19:00+00:00,-50.992176
2024-06-10 02:20:00+00:00,-52.636395
2024-06-10 02:21:00+00:00,-52.399681
2024-06-10 02:22:00+00:00,-53.372765
2024-06-10 02:23:00+00:00,-53.299797
2024-06-10 02:24:00+00:00,-51.050591
2024-06-10 02:25:00+00:00,-47.822472
2024-06-10 02:26:00+00:00,-47.781563
2024-06-10 02:27:00+00:00,-48.647442
2024-06-10 02:28:00+00:00,-49.571449
2024-06-10 02:29:00+00:00,-49.534027
2024-06-10 02:30:00+00:00,-49.576164
2024-06-10 02:31:00+00:00,-49.885452
2024-06-10 02:32:00+00:00,-49.834259
2024-06-10 02:33:00+00:00,-49.26627
2024-06-10 02:34:00+00:00,-49.134598
2024-06-10 02:35:00+00:00,-48.767357
2024-06-10 02:36:00+00:00,-48.596184
2024-06-10 02:37:00+00:00,-48.800751
2024-06-10 02:38:00+00:00,-48.357502
2024-06-10 02:39:00+00:00,-47.929729
2024-06-10 02:40:00+00:00,-47.644485
2024-06-10 02:41:00+00:00,-49.715328
2024-06-10 02:42:00+00:00,-51.98769
2024-06-10 02:43:00+00:00,-54.480049
2024-06-10 02:44:00+00:00,-57.190872
2024-06-10 02:45:00+00:00,-59.439911
2024-06-10 02:46:00+00:00,-60.527229
2024-06-10 02:47:00+00:00,-60.117619
2024-06-17 00:00:00+00:00,-75.111107
2024-06-17 00:01:00+00:00,-74.820534
2024-06-17 00:02:00+00:00,-74.459808
2024-06-17 00:03:00+00:00,-74.432961
2024-06-17 00:04:00+00:00,-73.80127
2024-06-17 00:05:00+00:00,-73.348198
2024-06-17 00:06:00+00:00,-72.737579
2024-06-17 00:07:00+00:00,-72.229927
2024-06-17 00:08:00+00:00,-71.73349
2024-06-17 00:09:00+00:00,-70.259209
2024-06-17 00:10:00+00:00,-69.379868
2024-06-17 00:11:00+00:00,-69.029808
2024-06-17 00:12:00+00:00,-68.367485
2024-06-17 00:13:00+00:00,-66.426361
2024-06-17 00:14:00+00:00,-64.038246
2024-06-17 00:15:00+00:00,-61.898697
2024-06-17 00:16:00+00:00,-59.765461
2024-06-17 00:17:00+00:00,-57.437256
2024-06-17 00:18:00+00:00,-56.009262
2024-06-17 00:19:00+00:00,-55.249317
2024-06-17 00:20:00+00:00,-54.883755
2024-06-17 00:21:00+00:00,-53.901112
2024-06-17 00:22:00+00:00,-53.471565
2024-06-17 00:23:00+00:00,-52.829453
2024-06-17 00:24:00+00:00,-51.506783
2024-06-17 00:25:00+00:00,-50.134949
2024-06-17 00:26:00+00:00,-49.202492
2024-06-17 00:27:00+00:00,-48.195988
2024-06-17 00:28:00+00:00,-47.646465
2024-06-17 00:29:00+00:00,-47.731422
2024-06-17 00:30:00+00:00,-48.415482
2024-06-17 00:31:00+00:00,-48.753197
2024-06-17 00:32:00+00:00,-47.504108
2024-06-17 00:33:00+00:00,-46.481861
2024-06-17 00:34:00+00:00,-47.209198
2024-06-17 00:35:00+00:00,-46.989632
2024-06-17 00:36:00+00:00,-46.594444
2024-06-17 00:37:00+00:00,-47.261215
2024-06-17 00:38:00+00:00,-46.563099
2024-06-17 00:39:00+00:00,-46.996189
2024-06-17 00:40:00+00:00,-48.279198
2024-06-17 00:41:00+00:00,-49.056942
2024-06-17 00:42:00+00:00,-48.962029
2024-06-17 00:43:00+00:00,-48.5504
2024-06-17 00:44:00+00:00,-48.228111
2024-06-17 00:45:00+00:00,-48.443684
2024-06-17 00:46:00+00:00,-48.643162
2024-06-17 00:47:00+00:00,-49.027
2024-06-17 00:48:00+00:00,-50.615074
2024-06-17 00:49:00+00:00,-53.502396
2024-06-17 00:50:00+00:00,-57.305946
2024-06-17 00:51:00+00:00,-59.742809
2024-06-17 00:52:00+00:00,-60.748325
2024-06-17 00:53:00+00:00,-60.403389
2024-06-17 00:54:00+00:00,-59.421913
2024-06-17 00:55:00+00:00,-58.472343
2024-06-17 00:56:00+00:00,-56.498314
2024-06-17 00:57:00+00:00,-53.710564
2024-06-17 00:58:00+00:00,-51.362797
2024-06-17 00:59:00+00:00,-49.348358
2024-06-17 01:00:00+00:00,-48.418514
2024-06-17 01:01:00+00:00,-47.597588
2024-06-17 01:02:00+00:00,-47.00016
2024-06-17 01:03:00+00:00,-46.449852
2024-06-17 01:04:00+00:00,-45.288963
2024-06-17 01:05:00+00:00,-43.748501
2024-06-17 01:06:00+00:00,-42.608761
2024-06-17 01:07:00+00:00,-41.919586
2024-06-17 01:08:00+00:00,-40.749588
2024-06-17 01:09:00+00:00,-39.668537
2024-06-17 01:10:00+00:00,-39.082584
2024-06-17 01:11:00+00:00,-40.110901
2024-06-17 01:12:00+00:00,-42.808208
2024-06-17 01:13:00+00:00,-44.759502
2024-06-17 01:14:00+00:00,-45.822723
2024-06-17 01:15:00+00:00,-46.177593
2024-06-17 01:16:00+00:00,-45.574814
2024-06-17 01:17:00+00:00,-44.176044
2024-06-17 01:18:00+00:00,-41.743828
2024-06-17 01:19:00+00:00,-39.189819
2024-06-17 01:20:00+00:00,-35.388077
2024-06-17 01:21:00+00:00,-30.977299
2024-06-17 01:22:00+00:00,-28.494144
2024-06-17 01:23:00+00:00,-28.978786
2024-06-17 01:24:00+00:00,-26.521492
2024-06-17 01:25:00+00:00,-27.742855
2024-06-17 01:26:00+00:00,-29.326729
2024-06-17 01:27:00+00:00,-25.121639
2024-06-17 01:28:00+00:00,-27.731411
2024-06-17 01:29:00+00:00,-28.598106
2024-06-17 01:30:00+00:00,-27.474174
2024-06-17 01:31:00+00:00,-30.166664
2024-06-17 01:32:00+00:00,-36.30479
2024-06-17 01:33:00+00:00,-35.926739
2024-06-17 01:34:00+00:00,-31.901407
2024-06-17 01:35:00+00:00,-32.142189
2024-06-17 01:36:00+00:00,-31.8074
2024-06-17 01:37:00+00:00,-32.283512
2024-06-17 01:38:00+00:00,-33.232563
2024-06-17 01:39:00+00:00,-34.000221
2024-06-17 01:40:00+00:00,-36.526268
2024-06-17 01:41:00+00:00,-34.676113
2024-06-17 01:42:00+00:00,-32.512478
2024-06-17 01:43:00+00:00,-31.271908
2024-06-17 01:44:00+00:00,-33.415146
2024-06-17 01:45:00+00:00,-33.476868
2024-06-17 01:46:00+00:00,-37.825584
2024-06-17 01:47:00+00:00,-40.00499
2024-06-17 01:48:00+00:00,-38.727703
2024-06-17 01:49:00+00:00,-36.869961
2024-06-17 01:50:00+00:00,-36.555973
2024-06-17 01:51:00+00:00,-33.560921
2024-06-17 01:52:00+00:00,-31.974041
2024-06-17 01:53:00+00:00,-31.364836
2024-06-17 01:54:00+00:00,-31.6348
2024-06-17 01:55:00+00:00,-33.01231
2024-06-17 01:56:00+00:00,-34.990406
2024-06-17 01:57:00+00:00,-36.936035
2024-06-17 01:58:00+00:00,-36.840263
2024-06-17 01:59:00+00:00,-39.400131
2024-06-17 02:00:00+00:00,-45.834774
2024-06-17 02:01:00+00:00,-50.964535
2024-06-17 02:02:00+00:00,-52.761341
2024-06-17 02:03:00+00:00,-52.111183
2024-06-17 02:04:00+00:00,-49.690636
2024-06-17 02:05:00+00:00,-46.417
2024-06-17 02:06:00+00:00,-45.04303
2024-06-17 02:07:00+00:00,-44.003593
2024-06-17 02:08:00+00:00,-42.732208
2024-06-17 02:09:00+00:00,-39.60783
2024-06-17 02:10:00+00:00,-36.432205
2024-06-17 02:11:00+00:00,-33.096264
2024-06-17 02:12:00+00:00,-32.401588
2024-06-17 02:13:00+00:00,-30.473476
2024-06-17 02:14:00+00:00,-28.736561
2024-06-17 02:15:00+00:00,-27.113998
2024-06-17 02:16:00+00:00,-27.918453
2024-06-17 02:17:00+00:00,-27.270159
2024-06-17 02:18:00+00:00,-26.883144
2024-06-17 02:19:00+00:00,-25.746
2024-06-17 02:20:00+00:00,-25.059717
2024-06-17 02:21:00+00:00,-25.212297
2024-06-17 02:22:00+00:00,-26.306587
2024-06-17 02:23:00+00:00,-27.979252
2024-06-17 02:24:00+00:00,-27.946732
2024-06-17 02:25:00+00:00,-28.62443
2024-06-17 02:26:00+00:00,-29.247032
2024-06-17 02:27:00+00:00,-29.288965
2024-06-17 02:28:00+00:00,-30.007721
2024-06-17 02:29:00+00:00,-32.007545
2024-06-17 02:30:00+00:00,-34.036858
2024-06-17 02:31:00+00:00,-36.179626
2024-06-17 02:32:00+00:00,-36.585403
2024-06-17 02:33:00+00:00,-35.255173
2024-06-17 02:34:00+00:00,-34.45763
2024-06-17 02:35:00+00:00,-34.801804
2024-06-17 02:36:00+00:00,-37.287838
2024-06-17 02:37:00+00:00,-40.23423
2024-06-17 02:38:00+00:00,-43.604515
2024-06-17 02:39:00+00:00,-42.533615
2024-06-17 02:40:00+00:00,-38.045578
2024-06-17 02:41:00+00:00,-33.957443
2024-06-17 02:42:00+00:00,-24.021786
2024-06-17 02:43:00+00:00,-23.118935
2024-06-17 02:44:00+00:00,-25.787704
2024-06-17 02:45:00+00:00,-25.158722
2024-06-17 02:46:00+00:00,-25.622749
2024-06-17 02:47:00+00:00,-20.494259
2024-06-24 00:00:00+00:00,-68.926628
2024-06-24 00:01:00+00:00,-66.987236
2024-06-24 00:02:00+00:00,-66.370872
2024-06-24 00:03:00+00:00,-65.025543
2024-06-24 00:04:00+00:00,-64.115265
2024-06-24 00:05:00+00:00,-62.415405
2024-06-24 00:06:00+00:00,-61.839985
2024-06-24 00:07:00+00:00,-62.363583
2024-06-24 00:08:00+00:00,-63.904251
2024-06-24 00:09:00+00:00,-63.297688
2024-06-24 00:10:00+00:00,-62.266602
2024-06-24 00:11:00+00:00,-62.394943
2024-06-24 00:12:00+00:00,-64.709038
2024-06-24 00:13:00+00:00,-65.477417
2024-06-24 00:14:00+00:00,-65.295738
2024-06-24 00:15:00+00:00,-66.18351
2024-06-24 00:16:00+00:00,-67.662567
2024-06-24 00:17:00+00:00,-65.370796
2024-06-24 00:18:00+00:00,-66.707939
2024-06-24 00:19:00+00:00,-68.919067
2024-06-24 00:20:00+00:00,-70.169205
2024-06-24 00:21:00+00:00,-71.218063
2024-06-24 00:22:00+00:00,-70.009964
2024-06-24 00:23:00+00:00,-71.281761
2024-06-24 00:24:00+00:00,-73.511795
2024-06-24 00:25:00+00:00,-74.512093
2024-06-24 00:26:00+00:00,-77.426918
2024-06-24 00:27:00+00:00,-84.242432
2024-06-24 00:28:00+00:00,-88.079285
2024-06-24 00:29:00+00:00,-91.78521
2024-06-24 00:30:00+00:00,-91.096588
2024-06-24 00:31:00+00:00,-91.850174
2024-06-24 00:32:00+00:00,-93.8564
2024-06-24 00:33:00+00:00,-90.647339
2024-06-24 00:34:00+00:00,-90.099861
2024-06-24 00:35:00+00:00,-86.233421
2024-06-24 00:36:00+00:00,-84.38681
2024-06-24 00:37:00+00:00,-83.613655
2024-06-24 00:38:00+00:00,-83.715706
2024-06-24 00:39:00+00:00,-81.547272
2024-06-24 00:40:00+00:00,-79.145424
2024-06-24 00:41:00+00:00,-75.034492
2024-06-24 00:42:00+00:00,-73.690964
2024-06-24 00:43:00+00:00,-73.90284
2024-06-24 00:44:00+00:00,-74.508911
2024-06-24 00:45:00+00:00,-74.917313
2024-06-24 00:46:00+00:00,-75.499275
2024-06-24 00:47:00+00:00,-74.512093
2024-06-24 00:48:00+00:00,-75.392426
2024-06-24 00:49:00+00:00,-73.843315
2024-06-24 00:50:00+00:00,-74.567818
2024-06-24 00:51:00+00:00,-78.268974
2024-06-24 00:52:00+00:00,-80.834396
2024-06-24 00:53:00+00:00,-81.492783
2024-06-24 00:54:00+00:00,-86.085342
2024-06-24 00:55:00+00:00,-90.243942
2024-06-24 00:56:00+00:00,-93.755898
2024-06-24 00:57:00+00:00,-103.180298
2024-06-24 00:58:00+00:00,-109.160759
2024-06-24 00:59:00+00:00,-113.971748
2024-06-24 01:00:00+00:00,-115.9981
2024-06-24 01:01:00+00:00,-118.486412
2024-06-24 01:02:00+00:00,-152.935196
2024-06-24 01:03:00+00:00,-153.931213
2024-06-24 01:04:00+00:00,-169.482574
2024-06-24 01:05:00+00:00,-170.31871
2024-06-24 01:06:00+00:00,-196.777176
2024-06-24 01:07:00+00:00,-202.266708
2024-06-24 01:08:00+00:00,-210.325348
2024-06-24 01:09:00+00:00,-227.756119
2024-06-24 01:10:00+00:00,-223.94751
2024-06-24 01:11:00+00:00,-225.058838
2024-06-24 01:12:00+00:00,-234.220947
2024-06-24 01:13:00+00:00,-229.53743
2024-06-24 01:14:00+00:00,-218.753784
2024-06-24 01:15:00+00:00,-220.474197
2024-06-24 01:16:00+00:00,-233.835648
2024-06-24 01:17:00+00:00,-241.581924
2024-06-24 01:18:00+00:00,-241.765121
2024-06-24 01:19:00+00:00,-233.489609
2024-06-24 01:20:00+00:00,-218.70253
2024-06-24 01:21:00+00:00,-207.873306
2024-06-24 01:22:00+00:00,-201.95285
2024-06-24 01:23:00+00:00,-196.466904
2024-06-24 01:24:00+00:00,-188.035217
2024-06-24 01:25:00+00:00,-175.516281
2024-06-24 01:26:00+00:00,-166.050217
2024-06-24 01:27:00+00:00,-166.697357
2024-06-24 01:28:00+00:00,-165.318283
2024-06-24 01:29:00+00:00,-160.391403
2024-06-24 01:30:00+00:00,-156.326752
2024-06-24 01:31:00+00:00,-150.744659
2024-06-24 01:32:00+00:00,-143.450974
2024-06-24 01:33:00+00:00,-133.416046
2024-06-24 01:34:00+00:00,-126.808044
2024-06-24 01:35:00+00:00,-120.388779
2024-06-24 01:36:00+00:00,-113.098618
2024-06-24 01:37:00+00:00,-104.908195
2024-06-24 01:38:00+00:00,-96.708633
2024-06-24 01:39:00+00:00,-89.141335
2024-06-24 01:40:00+00:00,-81.631577
2024-06-24 01:41:00+00:00,-76.344887
2024-06-24 01:42:00+00:00,-71.204346
2024-06-24 01:43:00+00:00,-66.086159
2024-06-24 01:44:00+00:00,-61.023464
2024-06-24 01:45:00+00:00,-54.836502
2024-06-24 01:46:00+00:00,-50.043182
2024-06-24 01:47:00+00:00,-46.315884
2024-06-24 01:48:00+00:00,-44.844074
2024-06-24 01:49:00+00:00,-42.332512
2024-06-24 01:50:00+00:00,-37.342648
2024-06-24 01:51:00+00:00,-31.863674
2024-06-24 01:52:00+00:00,-31.633802
2024-06-24 01:53:00+00:00,-30.656658
2024-06-24 01:54:00+00:00,-30.389605
2024-06-24 01:55:00+00:00,-40.792583
2024-06-24 01:56:00+00:00,-49.2057
2024-06-24 01:57:00+00:00,-54.005043
2024-06-24 01:58:00+00:00,-54.281536
2024-06-24 01:59:00+00:00,-53.774548
2024-06-24 02:00:00+00:00,-59.348442
2024-06-24 02:01:00+00:00,-66.879852
2024-06-24 02:02:00+00:00,-64.733925
2024-06-24 02:03:00+00:00,-60.374748
2024-06-24 02:04:00+00:00,-56.508404
2024-06-24 02:05:00+00:00,-52.649559
2024-06-24 02:06:00+00:00,-51.826569
2024-06-24 02:07:00+00:00,-52.882217
2024-06-24 02:08:00+00:00,-48.802483
2024-06-24 02:09:00+00:00,-44.34211
2024-06-24 02:10:00+00:00,-41.872757
2024-06-24 02:11:00+00:00,-38.833908
2024-06-24 02:12:00+00:00,-37.235344
2024-06-24 02:13:00+00:00,-33.90406
2024-06-24 02:14:00+00:00,-35.459736
2024-06-24 02:15:00+00:00,-35.421165
2024-06-24 02:16:00+00:00,-32.319519
2024-06-24 02:17:00+00:00,-30.720516
2024-06-24 02:18:00+00:00,-31.209272
2024-06-24 02:19:00+00:00,-30.965658
2024-06-24 02:20:00+00:00,-30.577467
2024-06-24 02:21:00+00:00,-30.711596
2024-06-24 02:22:00+00:00,-31.634548
2024-06-24 02:23:00+00:00,-30.765469
2024-06-24 02:24:00+00:00,-30.50061
2024-06-24 02:25:00+00:00,-30.251335
2024-06-24 02:26:00+00:00,-29.933558
2024-06-24 02:27:00+00:00,-31.799625
2024-06-24 02:28:00+00:00,-32.919662
2024-06-24 02:29:00+00:00,-31.530167
2024-06-24 02:30:00+00:00,-33.055092
2024-06-24 02:31:00+00:00,-33.072399
2024-06-24 02:32:00+00:00,-33.067608
2024-06-24 02:33:00+00:00,-31.958658
2024-06-24 02:34:00+00:00,-32.41053
2024-06-24 02:35:00+00:00,-33.272774
2024-06-24 02:36:00+00:00,-32.150261
2024-06-24 02:37:00+00:00,-31.765736
2024-06-24 02:38:00+00:00,-32.135838
2024-06-24 02:39:00+00:00,-33.685062
2024-06-24 02:40:00+00:00,-35.701496
2024-06-24 02:41:00+00:00,-37.627533
2024-06-24 02:42:00+00:00,-37.978313
2024-06-24 02:43:00+00:00,-38.78656
2024-06-24 02:44:00+00:00,-40.479042
2024-06-24 02:45:00+00:00,-39.582619
2024-06-24 02:46:00+00:00,-39.843521
2024-06-24 02:47:00+00:00,-43.830292
2024-07-01 00:00:00+00:00,-64.697754
2024-07-01 00:01:00+00:00,-63.741745
2024-07-01 00:02:00+00:00,-63.517109
2024-07-01 00:03:00+00:00,-64.197701
2024-07-01 00:04:00+00:00,-64.937836
2024-07-01 00:05:00+00:00,-65.309799
2024-07-01 00:06:00+00:00,-66.581184
2024-07-01 00:07:00+00:00,-68.61042
2024-07-01 00:08:00+00:00,-69.786194
2024-07-01 00:09:00+00:00,-70.054817
2024-07-01 00:10:00+00:00,-69.30986
2024-07-01 00:11:00+00:00,-65.747635
2024-07-01 00:12:00+00:00,-62.336903
2024-07-01 00:13:00+00:00,-61.570858
2024-07-01 00:14:00+00:00,-60.519829
2024-07-01 00:15:00+00:00,-60.885986
2024-07-01 00:16:00+00:00,-61.194771
2024-07-01 00:17:00+00:00,-58.832863
2024-07-01 00:18:00+00:00,-57.240734
2024-07-01 00:19:00+00:00,-55.554153
2024-07-01 00:20:00+00:00,-53.312202
2024-07-01 00:21:00+00:00,-50.931889
2024-07-01 00:22:00+00:00,-49.70982
2024-07-01 00:23:00+00:00,-50.743416
2024-07-01 00:24:00+00:00,-48.882359
2024-07-01 00:25:00+00:00,-49.939049
2024-07-01 00:26:00+00:00,-50.496376
2024-07-01 00:27:00+00:00,-52.197227
2024-07-01 00:28:00+00:00,-54.003918
2024-07-01 00:29:00+00:00,-54.115547
2024-07-01 00:30:00+00:00,-53.9939
2024-07-01 00:31:00+00:00,-54.01944
2024-07-01 00:32:00+00:00,-54.364136
2024-07-01 00:33:00+00:00,-53.703136
2024-07-01 00:34:00+00:00,-51.979691
2024-07-01 00:35:00+00:00,-49.403648
2024-07-01 00:36:00+00:00,-46.436829
2024-07-01 00:37:00+00:00,-46.305832
2024-07-01 00:38:00+00:00,-47.811539
2024-07-01 00:39:00+00:00,-47.940331
2024-07-01 00:40:00+00:00,-48.591915
2024-07-01 00:41:00+00:00,-50.104584
2024-07-01 00:42:00+00:00,-46.585819
2024-07-01 00:43:00+00:00,-42.655563
2024-07-01 00:44:00+00:00,-39.523739
2024-07-01 00:45:00+00:00,-39.111916
2024-07-01 00:46:00+00:00,-37.897572
2024-07-01 00:47:00+00:00,-36.792854
2024-07-01 00:48:00+00:00,-36.153336
2024-07-01 00:49:00+00:00,-36.888496
2024-07-01 00:50:00+00:00,-39.959854
2024-07-01 00:51:00+00:00,-38.464127
2024-07-01 00:52:00+00:00,-38.489578
2024-07-01 00:53:00+00:00,-38.317459
2024-07-01 00:54:00+00:00,-38.151669
2024-07-01 00:55:00+00:00,-38.084923
2024-07-01 00:56:00+00:00,-38.214867
2024-07-01 00:57:00+00:00,-38.44577
2024-07-01 00:58:00+00:00,-38.275658
2024-07-01 00:59:00+00:00,-38.102959
2024-07-01 01:00:00+00:00,-37.837799
2024-07-01 01:01:00+00:00,-37.259987
2024-07-01 01:02:00+00:00,-36.084534
2024-07-01 01:03:00+00:00,-35.708797
2024-07-01 01:04:00+00:00,-35.929733
2024-07-01 01:05:00+00:00,-36.552094
2024-07-01 01:06:00+00:00,-36.874786
2024-07-01 01:07:00+00:00,-36.499439
2024-07-01 01:08:00+00:00,-36.416954
2024-07-01 01:09:00+00:00,-36.737534
2024-07-01 01:10:00+00:00,-36.957954
2024-07-01 01:11:00+00:00,-36.47477
2024-07-01 01:12:00+00:00,-36.194305
2024-07-01 01:13:00+00:00,-36.61272
2024-07-01 01:14:00+00:00,-36.833611
2024-07-01 01:15:00+00:00,-37.353142
2024-07-01 01:16:00+00:00,-37.666039
2024-07-01 01:17:00+00:00,-37.18541
2024-07-01 01:18:00+00:00,-37.405983
2024-07-01 01:19:00+00:00,-37.923531
2024-07-01 01:20:00+00:00,-39.140476
2024-07-01 01:21:00+00:00,-39.861572
2024-07-01 01:22:00+00:00,-40.680649
2024-07-01 01:23:00+00:00,-40.79364
2024-07-01 01:24:00+00:00,-40.314758
2024-07-01 01:25:00+00:00,-40.03759
2024-07-01 01:26:00+00:00,-39.956345
2024-07-01 01:27:00+00:00,-39.776176
2024-07-01 01:28:00+00:00,-39.395592
2024-07-01 01:29:00+00:00,-39.021694
2024-07-01 01:30:00+00:00,-38.644791
2024-07-01 01:31:00+00:00,-38.163322
2024-07-01 01:32:00+00:00,-37.987312
2024-07-01 01:33:00+00:00,-38.175198
2024-07-01 01:34:00+00:00,-37.530678
2024-07-01 01:35:00+00:00,-37.961369
2024-07-01 01:36:00+00:00,-38.22868
2024-07-01 01:37:00+00:00,-40.637936
2024-07-01 01:38:00+00:00,-40.539581
2024-07-01 01:39:00+00:00,-40.521431
2024-07-01 01:40:00+00:00,-52.050529
2024-07-01 01:41:00+00:00,-48.66301
2024-07-01 01:42:00+00:00,-54.697891
2024-07-01 01:43:00+00:00,-66.59182
2024-07-01 01:44:00+00:00,-65.273628
2024-07-01 01:45:00+00:00,-73.855736
2024-07-01 01:46:00+00:00,-61.402874
2024-07-01 01:47:00+00:00,-61.734215
2024-07-01 01:48:00+00:00,-64.78244
2024-07-01 01:49:00+00:00,-61.195671
2024-07-01 01:50:00+00:00,-58.934425
2024-07-01 01:51:00+00:00,-55.806614
2024-07-01 01:52:00+00:00,-52.791855
2024-07-01 01:53:00+00:00,-56.147579
2024-07-01 01:54:00+00:00,-52.789021
2024-07-01 01:55:00+00:00,-52.766914
2024-07-01 01:56:00+00:00,-61.144978
2024-07-01 01:57:00+00:00,-68.914383
2024-07-01 01:58:00+00:00,-62.937351
2024-07-01 01:59:00+00:00,-61.757202
2024-07-01 02:00:00+00:00,-74.862915
2024-07-01 02:01:00+00:00,-89.73764
2024-07-01 02:02:00+00:00,-101.23127
2024-07-01 02:03:00+00:00,-104.870354
2024-07-01 02:04:00+00:00,-81.106941
2024-07-01 02:05:00+00:00,-70.570801
2024-07-01 02:06:00+00:00,-70.384888
2024-07-01 02:07:00+00:00,-69.929451
2024-07-01 02:08:00+00:00,-69.285004
2024-07-01 02:09:00+00:00,-68.846573
2024-07-01 02:10:00+00:00,-67.76339
2024-07-01 02:11:00+00:00,-65.427116
2024-07-01 02:12:00+00:00,-64.127831
2024-07-01 02:13:00+00:00,-62.980816
2024-07-01 02:14:00+00:00,-63.539833
2024-07-01 02:15:00+00:00,-64.181885
2024-07-01 02:16:00+00:00,-60.458527
2024-07-01 02:17:00+00:00,-56.21405
2024-07-01 02:18:00+00:00,-53.547863
2024-07-01 02:19:00+00:00,-52.87701
2024-07-01 02:20:00+00:00,-53.075558
2024-07-01 02:21:00+00:00,-51.47168
2024-07-01 02:22:00+00:00,-50.099491
2024-07-01 02:23:00+00:00,-50.245667
2024-07-01 02:24:00+00:00,-50.146866
2024-07-01 02:25:00+00:00,-49.951633
2024-07-01 02:26:00+00:00,-49.851437
2024-07-01 02:27:00+00:00,-50.053352
2024-07-01 02:28:00+00:00,-50.403145
2024-07-01 02:29:00+00:00,-50.754379
2024-07-01 02:30:00+00:00,-50.952812
2024-07-01 02:31:00+00:00,-51.891846
2024-07-01 02:32:00+00:00,-51.734879
2024-07-01 02:33:00+00:00,-50.829636
2024-07-01 02:34:00+00:00,-50.822758
2024-07-01 02:35:00+00:00,-51.312054
2024-07-01 02:36:00+00:00,-50.996899
2024-07-01 02:37:00+00:00,-50.779789
2024-07-01 02:38:00+00:00,-50.955273
2024-07-01 02:39:00+00:00,-55.244808
2024-07-01 02:40:00+00:00,-57.745171
2024-07-01 02:41:00+00:00,-58.985111
2024-07-01 02:42:00+00:00,-58.80809
2024-07-01 02:43:00+00:00,-60.651333
2024-07-01 02:44:00+00:00,-64.802628
2024-07-01 02:45:00+00:00,-69.957016
2024-07-01 02:46:00+00:00,-75.653122
2024-07-01 02:47:00+00:00,-81.280609
2024-07-08 00:00:00+00:00,-119.097549
2024-07-08 00:01:00+00:00,-115.584801
2024-07-08 00:02:00+00:00,-118.009689
2024-07-08 00:03:00+00:00,-119.166245
2024-07-08 00:04:00+00:00,-115.837311
2024-07-08 00:05:00+00:00,-109.148834
2024-07-08 00:06:00+00:00,-101.089462
2024-07-08 00:07:00+00:00,-100.548683
2024-07-08 00:08:00+00:00,-101.335175
2024-07-08 00:09:00+00:00,-100.489403
2024-07-08 00:10:00+00:00,-99.759514
2024-07-08 00:11:00+00:00,-99.626999
2024-07-08 00:12:00+00:00,-98.047989
2024-07-08 00:13:00+00:00,-97.062584
2024-07-08 00:14:00+00:00,-98.505798
2024-07-08 00:15:00+00:00,-98.19725
2024-07-08 00:16:00+00:00,-100.953979
2024-07-08 00:17:00+00:00,-101.350464
2024-07-08 00:18:00+00:00,-101.386757
2024-07-08 00:19:00+00:00,-98.532646
2024-07-08 00:20:00+00:00,-97.37999
2024-07-08 00:21:00+00:00,-98.717918
2024-07-08 00:22:00+00:00,-96.937119
2024-07-08 00:23:00+00:00,-96.659248
2024-07-08 00:24:00+00:00,-95.956635
2024-07-08 00:25:00+00:00,-96.353256
2024-07-08 00:26:00+00:00,-96.147018
2024-07-08 00:27:00+00:00,-91.846771
2024-07-08 00:28:00+00:00,-87.726997
2024-07-08 00:29:00+00:00,-85.788727
2024-07-08 00:30:00+00:00,-80.717461
2024-07-08 00:31:00+00:00,-80.949615
2024-07-08 00:32:00+00:00,-82.34404
2024-07-08 00:33:00+00:00,-83.39296
2024-07-08 00:34:00+00:00,-82.662598
2024-07-08 00:35:00+00:00,-82.239685
2024-07-08 00:36:00+00:00,-84.763687
2024-07-08 00:37:00+00:00,-86.502968
2024-07-08 00:38:00+00:00,-87.071869
2024-07-08 00:39:00+00:00,-86.091858
2024-07-08 00:40:00+00:00,-85.262115
2024-07-08 00:41:00+00:00,-81.894958
2024-07-08 00:42:00+00:00,-78.007782
2024-07-08 00:43:00+00:00,-74.734184
2024-07-08 00:44:00+00:00,-73.840584
2024-07-08 00:45:00+00:00,-74.058228
2024-07-08 00:46:00+00:00,-71.918282
2024-07-08 00:47:00+00:00,-67.69001
2024-07-08 00:48:00+00:00,-64.209152
2024-07-08 00:49:00+00:00,-61.514591
2024-07-08 00:50:00+00:00,-58.473328
2024-07-08 00:51:00+00:00,-54.935768
2024-07-08 00:52:00+00:00,-52.975941
2024-07-08 00:53:00+00:00,-51.811871
2024-07-08 00:54:00+00:00,-50.603668
2024-07-08 00:55:00+00:00,-48.500961
2024-07-08 00:56:00+00:00,-51.715736
2024-07-08 00:57:00+00:00,-55.449184
2024-07-08 00:58:00+00:00,-56.990547
2024-07-08 00:59:00+00:00,-51.654869
2024-07-08 01:00:00+00:00,-48.765095
2024-07-08 01:01:00+00:00,-50.813648
2024-07-08 01:02:00+00:00,-50.626827
2024-07-08 01:03:00+00:00,-48.75528
2024-07-08 01:04:00+00:00,-46.21743
2024-07-08 01:05:00+00:00,-44.521011
2024-07-08 01:06:00+00:00,-45.790916
2024-07-08 01:07:00+00:00,-43.58992
2024-07-08 01:08:00+00:00,-42.295151
2024-07-08 01:09:00+00:00,-40.987442
2024-07-08 01:10:00+00:00,-41.110012
2024-07-08 01:11:00+00:00,-38.213772
2024-07-08 01:12:00+00:00,-37.937832
2024-07-08 01:13:00+00:00,-37.425301
2024-07-08 01:14:00+00:00,-38.364029
2024-07-08 01:15:00+00:00,-39.278027
2024-07-08 01:16:00+00:00,-42.767868
2024-07-08 01:17:00+00:00,-45.298721
2024-07-08 01:18:00+00:00,-46.089211
2024-07-08 01:19:00+00:00,-43.695843
2024-07-08 01:20:00+00:00,-41.681973
2024-07-08 01:21:00+00:00,-42.753525
2024-07-08 01:22:00+00:00,-43.407444
2024-07-08 01:23:00+00:00,-44.615902
2024-07-08 01:24:00+00:00,-43.794514
2024-07-08 01:25:00+00:00,-41.479908
2024-07-08 01:26:00+00:00,-38.250076
2024-07-08 01:27:00+00:00,-36.320717
2024-07-08 01:28:00+00:00,-34.432907
2024-07-08 01:29:00+00:00,-33.195896
2024-07-08 01:30:00+00:00,-31.573002
2024-07-08 01:31:00+00:00,-31.111654
2024-07-08 01:32:00+00:00,-30.787487
2024-07-08 01:33:00+00:00,-31.750673
2024-07-08 01:34:00+00:00,-30.211935
2024-07-08 01:35:00+00:00,-28.047031
2024-07-08 01:36:00+00:00,-26.179575
2024-07-08 01:37:00+00:00,-24.707981
2024-07-08 01:38:00+00:00,-24.547066
2024-07-08 01:39:00+00:00,-25.019888
2024-07-08 01:40:00+00:00,-25.050028
2024-07-08 01:41:00+00:00,-23.356993
2024-07-08 01:42:00+00:00,-20.785292
2024-07-08 01:43:00+00:00,-19.322014
2024-07-08 01:44:00+00:00,-19.292139
2024-07-08 01:45:00+00:00,-19.733103
2024-07-08 01:46:00+00:00,-19.90682
2024-07-08 01:47:00+00:00,-21.043535
2024-07-08 01:48:00+00:00,-21.62768
2024-07-08 01:49:00+00:00,-21.682745
2024-07-08 01:50:00+00:00,-26.993782
2024-07-08 01:51:00+00:00,-34.668377
2024-07-08 01:52:00+00:00,-38.752735
2024-07-08 01:53:00+00:00,-36.619068
2024-07-08 01:54:00+00:00,-32.151878
2024-07-08 01:55:00+00:00,-28.009954
2024-07-08 01:56:00+00:00,-28.597118
2024-07-08 01:57:00+00:00,-29.562599
2024-07-08 01:58:00+00:00,-30.303984
2024-07-08 01:59:00+00:00,-31.926863
2024-07-08 02:00:00+00:00,-33.02787
2024-07-08 02:01:00+00:00,-33.618965
2024-07-08 02:02:00+00:00,-34.920647
2024-07-08 02:03:00+00:00,-37.884521
2024-07-08 02:04:00+00:00,-42.841133
2024-07-08 02:05:00+00:00,-50.132465
2024-07-08 02:06:00+00:00,-56.684746
2024-07-08 02:07:00+00:00,-61.641003
2024-07-08 02:08:00+00:00,-62.94915
2024-07-08 02:09:00+00:00,-53.257446
2024-07-08 02:10:00+00:00,-39.678669
2024-07-08 02:11:00+00:00,-37.344116
2024-07-08 02:12:00+00:00,-34.837639
2024-07-08 02:13:00+00:00,-31.739298
2024-07-08 02:14:00+00:00,-28.444578
2024-07-08 02:15:00+00:00,-28.172171
2024-07-08 02:16:00+00:00,-28.583847
2024-07-08 02:17:00+00:00,-28.035244
2024-07-08 02:18:00+00:00,-24.762661
2024-07-08 02:19:00+00:00,-23.545147
2024-07-08 02:20:00+00:00,-23.589867
2024-07-08 02:21:00+00:00,-23.72118
2024-07-08 02:22:00+00:00,-24.207588
2024-07-08 02:23:00+00:00,-24.623005
2024-07-08 02:24:00+00:00,-25.386744
2024-07-08 02:25:00+00:00,-25.119665
2024-07-08 02:26:00+00:00,-25.008238
2024-07-08 02:27:00+00:00,-27.710608
2024-07-08 02:28:00+00:00,-30.270666
2024-07-08 02:29:00+00:00,-32.750858
2024-07-08 02:30:00+00:00,-35.207951
2024-07-08 02:31:00+00:00,-36.589928
2024-07-08 02:32:00+00:00,-38.554775
2024-07-08 02:33:00+00:00,-40.40345
2024-07-08 02:34:00+00:00,-39.199081
2024-07-08 02:35:00+00:00,-38.56068
2024-07-08 02:36:00+00:00,-42.137535
2024-07-08 02:37:00+00:00,-46.140457
2024-07-08 02:38:00+00:00,-45.919533
2024-07-08 02:39:00+00:00,-45.113926
2024-07-08 02:40:00+00:00,-44.697868
2024-07-08 02:41:00+00:00,-44.736626
2024-07-08 02:42:00+00:00,-47.727234
2024-07-08 02:43:00+00:00,-52.379433
2024-07-08 02:44:00+00:00,-56.53981
2024-07-08 02:45:00+00:00,-57.667908
2024-07-08 02:46:00+00:00,-59.212273
2024-07-08 02:47:00+00:00,-60.896267
2024-07-15 00:00:00+00:00,-37.674744
2024-07-15 00:01:00+00:00,-39.04805
2024-07-15 00:02:00+00:00,-37.885681
2024-07-15 00:03:00+00:00,-37.142159
2024-07-15 00:04:00+00:00,-36.653854
2024-07-15 00:05:00+00:00,-36.099892
2024-07-15 00:06:00+00:00,-37.36937
2024-07-15 00:07:00+00:00,-37.328918
2024-07-15 00:08:00+00:00,-36.518318
2024-07-15 00:09:00+00:00,-35.315308
2024-07-15 00:10:00+00:00,-33.062447
2024-07-15 00:11:00+00:00,-32.206444
2024-07-15 00:12:00+00:00,-33.750648
2024-07-15 00:13:00+00:00,-34.875183
2024-07-15 00:14:00+00:00,-36.855843
2024-07-15 00:15:00+00:00,-39.098633
2024-07-15 00:16:00+00:00,-39.189377
2024-07-15 00:17:00+00:00,-39.253754
2024-07-15 00:18:00+00:00,-38.675972
2024-07-15 00:19:00+00:00,-37.685944
2024-07-15 00:20:00+00:00,-37.358318
2024-07-15 00:21:00+00:00,-36.154453
2024-07-15 00:22:00+00:00,-35.310127
2024-07-15 00:23:00+00:00,-34.24868
2024-07-15 00:24:00+00:00,-32.547691
2024-07-15 00:25:00+00:00,-32.401863
2024-07-15 00:26:00+00:00,-32.25106
2024-07-15 00:27:00+00:00,-31.759777
2024-07-15 00:28:00+00:00,-33.878628
2024-07-15 00:29:00+00:00,-35.137333
2024-07-15 00:30:00+00:00,-34.697868
2024-07-15 00:31:00+00:00,-34.98489
2024-07-15 00:32:00+00:00,-34.643692
2024-07-15 00:33:00+00:00,-34.477112
2024-07-15 00:34:00+00:00,-35.493076
2024-07-15 00:35:00+00:00,-36.223927
2024-07-15 00:36:00+00:00,-37.006683
2024-07-15 00:37:00+00:00,-37.854156
2024-07-15 00:38:00+00:00,-36.447266
2024-07-15 00:39:00+00:00,-35.434372
2024-07-15 00:40:00+00:00,-33.889851
2024-07-15 00:41:00+00:00,-32.370457
2024-07-15 00:42:00+00:00,-32.307941
2024-07-15 00:43:00+00:00,-31.893822
2024-07-15 00:44:00+00:00,-31.048134
2024-07-15 00:45:00+00:00,-31.312927
2024-07-15 00:46:00+00:00,-30.457096
2024-07-15 00:47:00+00:00,-29.175888
2024-07-15 00:48:00+00:00,-27.532898
2024-07-15 00:49:00+00:00,-27.073151
2024-07-15 00:50:00+00:00,-27.607315
2024-07-15 00:51:00+00:00,-27.67065
2024-07-15 00:52:00+00:00,-26.791595
2024-07-15 00:53:00+00:00,-25.216423
2024-07-15 00:54:00+00:00,-22.598572
2024-07-15 00:55:00+00:00,-19.977142
2024-07-15 00:56:00+00:00,-18.565136
2024-07-15 00:57:00+00:00,-17.6441
2024-07-15 00:58:00+00:00,-17.944607
2024-07-15 00:59:00+00:00,-18.081396
2024-07-15 01:00:00+00:00,-18.320812
2024-07-15 01:01:00+00:00,-18.483713
2024-07-15 01:02:00+00:00,-18.687937
2024-07-15 01:03:00+00:00,-18.498878
2024-07-15 01:04:00+00:00,-18.357904
2024-07-15 01:05:00+00:00,-18.342131
2024-07-15 01:06:00+00:00,-18.491558
2024-07-15 01:07:00+00:00,-17.992678
2024-07-15 01:08:00+00:00,-17.305908
2024-07-15 01:09:00+00:00,-19.320393
2024-07-15 01:10:00+00:00,-21.326059
2024-07-15 01:11:00+00:00,-20.268988
2024-07-15 01:12:00+00:00,-17.459591
2024-07-15 01:13:00+00:00,-16.371641
2024-07-15 01:14:00+00:00,-15.964441
2024-07-15 01:15:00+00:00,-15.988225
2024-07-15 01:16:00+00:00,-18.794886
2024-07-15 01:17:00+00:00,-22.604742
2024-07-15 01:18:00+00:00,-26.657587
2024-07-15 01:19:00+00:00,-26.334152
2024-07-15 01:20:00+00:00,-18.341339
2024-07-15 01:21:00+00:00,-15.894089
2024-07-15 01:22:00+00:00,-14.728727
2024-07-15 01:23:00+00:00,-13.347496
2024-07-15 01:24:00+00:00,-11.563999
2024-07-15 01:25:00+00:00,-10.094433
2024-07-15 01:26:00+00:00,-9.190716
2024-07-15 01:27:00+00:00,-8.637967
2024-07-15 01:28:00+00:00,-7.699824
2024-07-15 01:29:00+00:00,-7.242462
2024-07-15 01:30:00+00:00,-6.948735
2024-07-15 01:31:00+00:00,-6.879684
2024-07-15 01:32:00+00:00,-6.34919
2024-07-15 01:33:00+00:00,-5.763517
2024-07-15 01:34:00+00:00,-4.720335
2024-07-15 01:35:00+00:00,-3.674737
2024-07-15 01:36:00+00:00,-4.501544
2024-07-15 01:37:00+00:00,-5.064523
2024-07-15 01:38:00+00:00,-4.79057
2024-07-15 01:39:00+00:00,-3.778636
2024-07-15 01:40:00+00:00,-3.111129
2024-07-15 01:41:00+00:00,-3.571289
2024-07-15 01:42:00+00:00,-4.315403
2024-07-15 01:43:00+00:00,-4.578767
2024-07-15 01:44:00+00:00,-5.321093
2024-07-15 01:45:00+00:00,-5.923841
2024-07-15 01:46:00+00:00,-7.491921
2024-07-15 01:47:00+00:00,-7.643877
2024-07-15 01:48:00+00:00,-9.333891
2024-07-15 01:49:00+00:00,-13.070927
2024-07-15 01:50:00+00:00,-15.658874
2024-07-15 01:51:00+00:00,-19.768318
2024-07-15 01:52:00+00:00,-23.159687
2024-07-15 01:53:00+00:00,-23.86227
2024-07-15 01:54:00+00:00,-23.914753
2024-07-15 01:55:00+00:00,-22.786808
2024-07-15 01:56:00+00:00,-22.490328
2024-07-15 01:57:00+00:00,-21.800394
2024-07-15 01:58:00+00:00,-21.800678
2024-07-15 01:59:00+00:00,-23.330278
2024-07-15 02:00:00+00:00,-21.892773
2024-07-15 02:01:00+00:00,-23.086792
2024-07-15 02:02:00+00:00,-24.065075
2024-07-15 02:03:00+00:00,-24.309801
2024-07-15 02:04:00+00:00,-25.099438
2024-07-15 02:05:00+00:00,-24.767614
2024-07-15 02:06:00+00:00,-21.41581
2024-07-15 02:07:00+00:00,-19.397799
2024-07-15 02:08:00+00:00,-18.028561
2024-07-15 02:09:00+00:00,-15.723613
2024-07-15 02:10:00+00:00,-13.484943
2024-07-15 02:11:00+00:00,-11.362987
2024-07-15 02:12:00+00:00,-10.04957
2024-07-15 02:13:00+00:00,-8.987599
2024-07-15 02:14:00+00:00,-9.751648
2024-07-15 02:15:00+00:00,-10.973976
2024-07-15 02:16:00+00:00,-14.632286
2024-07-15 02:17:00+00:00,-18.760761
2024-07-15 02:18:00+00:00,-21.602772
2024-07-15 02:19:00+00:00,-23.670959
2024-07-15 02:20:00+00:00,-25.02874
2024-07-15 02:21:00+00:00,-25.423132
2024-07-15 02:22:00+00:00,-25.963455
2024-07-15 02:23:00+00:00,-25.51705
2024-07-15 02:24:00+00:00,-26.219164
2024-07-15 02:25:00+00:00,-25.574852
2024-07-15 02:26:00+00:00,-24.63582
2024-07-15 02:27:00+00:00,-23.826815
2024-07-15 02:28:00+00:00,-23.015192
2024-07-15 02:29:00+00:00,-22.382839
2024-07-15 02:30:00+00:00,-20.175529
2024-07-15 02:31:00+00:00,-18.236368
2024-07-15 02:32:00+00:00,-16.585514
2024-07-15 02:33:00+00:00,-14.625234
2024-07-15 02:34:00+00:00,-13.964819
2024-07-15 02:35:00+00:00,-15.043645
2024-07-15 02:36:00+00:00,-15.92706
2024-07-15 02:37:00+00:00,-16.810297
2024-07-15 02:38:00+00:00,-18.651314
2024-07-15 02:39:00+00:00,-20.543711
2024-07-15 02:40:00+00:00,-20.687641
2024-07-15 02:41:00+00:00,-19.178726
2024-07-15 02:42:00+00:00,-17.761032
2024-07-15 02:43:00+00:00,-15.539942
2024-07-15 02:44:00+00:00,-12.883408
2024-07-15 02:45:00+00:00,-9.243733
2024-07-15 02:46:00+00:00,-5.75423
2024-07-15 02:47:00+00:00,-4.80897
2024-07-22 00:00:00+00:00,-86.331673
2024-07-22 00:01:00+00:00,-87.041809
2024-07-22 00:02:00+00:00,-87.764061
2024-07-22 00:03:00+00:00,-88.136108
2024-07-22 00:04:00+00:00,-87.020226
2024-07-22 00:05:00+00:00,-85.897842
2024-07-22 00:06:00+00:00,-83.782616
2024-07-22 00:07:00+00:00,-82.781937
2024-07-22 00:08:00+00:00,-79.723938
2024-07-22 00:09:00+00:00,-72.470879
2024-07-22 00:10:00+00:00,-68.417259
2024-07-22 00:11:00+00:00,-64.669533
2024-07-22 00:12:00+00:00,-67.221794
2024-07-22 00:13:00+00:00,-85.366035
2024-07-22 00:14:00+00:00,-90.45575
2024-07-22 00:15:00+00:00,-89.473389
2024-07-22 00:16:00+00:00,-94.914917
2024-07-22 00:17:00+00:00,-106.671967
2024-07-22 00:18:00+00:00,-118.639053
2024-07-22 00:19:00+00:00,-127.073975
2024-07-22 00:20:00+00:00,-122.456192
2024-07-22 00:21:00+00:00,-132.963104
2024-07-22 00:22:00+00:00,-123.688438
2024-07-22 00:23:00+00:00,-122.458412
2024-07-22 00:24:00+00:00,-145.170609
2024-07-22 00:25:00+00:00,-152.521149
2024-07-22 00:26:00+00:00,-183.773254
2024-07-22 00:27:00+00:00,-210.849411
2024-07-22 00:28:00+00:00,-236.628586
2024-07-22 00:29:00+00:00,-227.224014
2024-07-22 00:30:00+00:00,-203.853973
2024-07-22 00:31:00+00:00,-223.106964
2024-07-22 00:32:00+00:00,-200.653
2024-07-22 00:33:00+00:00,-186.304352
2024-07-22 00:34:00+00:00,-194.069122
2024-07-22 00:35:00+00:00,-203.744934
2024-07-22 00:36:00+00:00,-228.50621
2024-07-22 00:37:00+00:00,-238.925583
2024-07-22 00:38:00+00:00,-248.349594
2024-07-22 00:39:00+00:00,-244.829437
2024-07-22 00:40:00+00:00,-239.221954
2024-07-22 00:41:00+00:00,-242.912109
2024-07-22 00:42:00+00:00,-241.631592
2024-07-22 00:43:00+00:00,-247.436035
2024-07-22 00:44:00+00:00,-254.512924
2024-07-22 00:45:00+00:00,-259.38623
2024-07-22 00:46:00+00:00,-254.583145
2024-07-22 00:47:00+00:00,-246.873688
2024-07-22 00:48:00+00:00,-230.531265
2024-07-22 00:49:00+00:00,-226.502197
2024-07-22 00:50:00+00:00,-224.066818
2024-07-22 00:51:00+00:00,-222.89415
2024-07-22 00:52:00+00:00,-226.06488
2024-07-22 00:53:00+00:00,-225.031021
2024-07-22 00:54:00+00:00,-223.457733
2024-07-22 00:55:00+00:00,-214.91539
2024-07-22 00:56:00+00:00,-211.804077
2024-07-22 00:57:00+00:00,-214.215134
2024-07-22 00:58:00+00:00,-216.00177
2024-07-22 00:59:00+00:00,-219.406158
2024-07-22 01:00:00+00:00,-216.923141
2024-07-22 01:01:00+00:00,-216.703613
2024-07-22 01:02:00+00:00,-215.838181
2024-07-22 01:03:00+00:00,-217.836594
2024-07-22 01:04:00+00:00,-221.522156
2024-07-22 01:05:00+00:00,-223.55011
2024-07-22 01:06:00+00:00,-226.176361
2024-07-22 01:07:00+00:00,-230.981003
2024-07-22 01:08:00+00:00,-232.354309
2024-07-22 01:09:00+00:00,-230.129059
2024-07-22 01:10:00+00:00,-230.678909
2024-07-22 01:11:00+00:00,-232.044937
2024-07-22 01:12:00+00:00,-229.757385
2024-07-22 01:13:00+00:00,-228.708893
2024-07-22 01:14:00+00:00,-229.585968
2024-07-22 01:15:00+00:00,-233.475159
2024-07-22 01:16:00+00:00,-231.134125
2024-07-22 01:17:00+00:00,-230.30368
2024-07-22 01:18:00+00:00,-231.556122
2024-07-22 01:19:00+00:00,-231.914886
2024-07-22 01:20:00+00:00,-223.38028
2024-07-22 01:21:00+00:00,-215.589279
2024-07-22 01:22:00+00:00,-210.087601
2024-07-22 01:23:00+00:00,-207.01088
2024-07-22 01:24:00+00:00,-209.218994
2024-07-22 01:25:00+00:00,-204.511078
2024-07-22 01:26:00+00:00,-202.16449
2024-07-22 01:27:00+00:00,-206.032776
2024-07-22 01:28:00+00:00,-206.497803
2024-07-22 01:29:00+00:00,-204.176758
2024-07-22 01:30:00+00:00,-202.984283
2024-07-22 01:31:00+00:00,-206.887726
2024-07-22 01:32:00+00:00,-202.253113
2024-07-22 01:33:00+00:00,-196.680054
2024-07-22 01:34:00+00:00,-189.561737
2024-07-22 01:35:00+00:00,-186.277115
2024-07-22 01:36:00+00:00,-183.317413
2024-07-22 01:37:00+00:00,-177.45903
2024-07-22 01:38:00+00:00,-175.822983
2024-07-22 01:39:00+00:00,-175.869385
2024-07-22 01:40:00+00:00,-178.057053
2024-07-22 01:41:00+00:00,-181.166718
2024-07-22 01:42:00+00:00,-184.153671
2024-07-22 01:43:00+00:00,-185.537521
2024-07-22 01:44:00+00:00,-189.826157
2024-07-22 01:45:00+00:00,-194.225983
2024-07-22 01:46:00+00:00,-200.0802
2024-07-22 01:47:00+00:00,-206.59816
2024-07-22 01:48:00+00:00,-209.380524
2024-07-22 01:49:00+00:00,-212.062119
2024-07-22 01:50:00+00:00,-210.517029
2024-07-22 01:51:00+00:00,-202.675003
2024-07-22 01:52:00+00:00,-201.114288
2024-07-22 01:53:00+00:00,-204.300323
2024-07-22 01:54:00+00:00,-207.461136
2024-07-22 01:55:00+00:00,-211.077881
2024-07-22 01:56:00+00:00,-215.810745
2024-07-22 01:57:00+00:00,-218.890778
2024-07-22 01:58:00+00:00,-220.568359
2024-07-22 01:59:00+00:00,-227.683029
2024-07-22 02:00:00+00:00,-229.029877
2024-07-22 02:01:00+00:00,-228.032089
2024-07-22 02:02:00+00:00,-224.496674
2024-07-22 02:03:00+00:00,-225.942215
2024-07-22 02:04:00+00:00,-230.399994
2024-07-22 02:05:00+00:00,-234.358307
2024-07-22 02:06:00+00:00,-239.438278
2024-07-22 02:07:00+00:00,-239.925095
2024-07-22 02:08:00+00:00,-235.098618
2024-07-22 02:09:00+00:00,-234.406006
2024-07-22 02:10:00+00:00,-237.035355
2024-07-22 02:11:00+00:00,-233.218124
2024-07-22 02:12:00+00:00,-232.147308
2024-07-22 02:13:00+00:00,-227.458893
2024-07-22 02:14:00+00:00,-224.29332
2024-07-22 02:15:00+00:00,-224.926865
2024-07-22 02:16:00+00:00,-225.557816
2024-07-22 02:17:00+00:00,-229.341492
2024-07-22 02:18:00+00:00,-229.847031
2024-07-22 02:19:00+00:00,-229.891357
2024-07-22 02:20:00+00:00,-232.246521
2024-07-22 02:21:00+00:00,-236.022568
2024-07-22 02:22:00+00:00,-232.240997
2024-07-22 02:23:00+00:00,-226.734314
2024-07-22 02:24:00+00:00,-228.735077
2024-07-22 02:25:00+00:00,-220.531982
2024-07-22 02:26:00+00:00,-203.540833
2024-07-22 02:27:00+00:00,-194.922272
2024-07-22 02:28:00+00:00,-203.352127
2024-07-22 02:29:00+00:00,-208.028259
2024-07-22 02:30:00+00:00,-203.507812
2024-07-22 02:31:00+00:00,-199.88063
2024-07-22 02:32:00+00:00,-199.541656
2024-07-22 02:33:00+00:00,-200.191101
2024-07-22 02:34:00+00:00,-198.32991
2024-07-22 02:35:00+00:00,-195.609436
2024-07-22 02:36:00+00:00,-193.51207
2024-07-22 02:37:00+00:00,-192.370804
2024-07-22 02:38:00+00:00,-193.401001
2024-07-22 02:39:00+00:00,-198.520523
2024-07-22 02:40:00+00:00,-201.278687
2024-07-22 02:41:00+00:00,-202.895233
2024-07-22 02:42:00+00:00,-199.667007
2024-07-22 02:43:00+00:00,-197.403534
2024-07-22 02:44:00+00:00,-194.969086
2024-07-22 02:45:00+00:00,-194.244019
2024-07-22 02:46:00+00:00,-194.423584
2024-07-22 02:47:00+00:00,-195.577606
2024-07-29 00:00:00+00:00,-141.208298
2024-07-29 00:01:00+00:00,-140.648193
2024-07-29 00:02:00+00:00,-142.102783
2024-07-29 00:03:00+00:00,-139.41832
2024-07-29 00:04:00+00:00,-132.005585
2024-07-29 00:05:00+00:00,-127.680878
2024-07-29 00:06:00+00:00,-127.220421
2024-07-29 00:07:00+00:00,-132.571365
2024-07-29 00:08:00+00:00,-132.726883
2024-07-29 00:09:00+00:00,-133.883957
2024-07-29 00:10:00+00:00,-136.547394
2024-07-29 00:11:00+00:00,-135.998306
2024-07-29 00:12:00+00:00,-131.074448
2024-07-29 00:13:00+00:00,-119.323578
2024-07-29 00:14:00+00:00,-120.907669
2024-07-29 00:15:00+00:00,-121.29805
2024-07-29 00:16:00+00:00,-116.42482
2024-07-29 00:17:00+00:00,-115.709183
2024-07-29 00:18:00+00:00,-120.7873
2024-07-29 00:19:00+00:00,-118.001801
2024-07-29 00:20:00+00:00,-115.056564
2024-07-29 00:21:00+00:00,-116.958176
2024-07-29 00:22:00+00:00,-111.613625
2024-07-29 00:23:00+00:00,-108.920639
2024-07-29 00:24:00+00:00,-109.068115
2024-07-29 00:25:00+00:00,-105.989883
2024-07-29 00:26:00+00:00,-105.047272
2024-07-29 00:27:00+00:00,-104.38028
2024-07-29 00:28:00+00:00,-106.283165
2024-07-29 00:29:00+00:00,-110.462624
2024-07-29 00:30:00+00:00,-109.939537
2024-07-29 00:31:00+00:00,-107.573036
2024-07-29 00:32:00+00:00,-103.385162
2024-07-29 00:33:00+00:00,-101.313942
2024-07-29 00:34:00+00:00,-100.627434
2024-07-29 00:35:00+00:00,-94.33905
2024-07-29 00:36:00+00:00,-83.616684
2024-07-29 00:37:00+00:00,-67.085052
2024-07-29 00:38:00+00:00,-67.565132
2024-07-29 00:39:00+00:00,-72.015587
2024-07-29 00:40:00+00:00,-80.562683
2024-07-29 00:41:00+00:00,-82.882133
2024-07-29 00:42:00+00:00,-92.723961
2024-07-29 00:43:00+00:00,-95.700455
2024-07-29 00:44:00+00:00,-96.143356
2024-07-29 00:45:00+00:00,-92.943024
2024-07-29 00:46:00+00:00,-92.846458
2024-07-29 00:47:00+00:00,-94.985252
2024-07-29 00:48:00+00:00,-99.652199
2024-07-29 00:49:00+00:00,-107.323318
2024-07-29 00:50:00+00:00,-116.71669
2024-07-29 00:51:00+00:00,-126.667099
2024-07-29 00:52:00+00:00,-140.450287
2024-07-29 00:53:00+00:00,-150.869949
2024-07-29 00:54:00+00:00,-157.65686
2024-07-29 00:55:00+00:00,-162.650589
2024-07-29 00:56:00+00:00,-165.700714
2024-07-29 00:57:00+00:00,-172.840378
2024-07-29 00:58:00+00:00,-179.553879
2024-07-29 00:59:00+00:00,-183.815811
2024-07-29 01:00:00+00:00,-185.975845
2024-07-29 01:01:00+00:00,-186.81456
2024-07-29 01:02:00+00:00,-191.620529
2024-07-29 01:03:00+00:00,-194.354599
2024-07-29 01:04:00+00:00,-198.124054
2024-07-29 01:05:00+00:00,-199.190536
2024-07-29 01:06:00+00:00,-199.012909
2024-07-29 01:07:00+00:00,-197.217056
2024-07-29 01:08:00+00:00,-195.723755
2024-07-29 01:09:00+00:00,-193.628616
2024-07-29 01:10:00+00:00,-194.258667
2024-07-29 01:11:00+00:00,-191.42923
2024-07-29 01:12:00+00:00,-188.948807
2024-07-29 01:13:00+00:00,-183.913956
2024-07-29 01:14:00+00:00,-182.885117
2024-07-29 01:15:00+00:00,-178.417923
2024-07-29 01:16:00+00:00,-174.475983
2024-07-29 01:17:00+00:00,-173.183304
2024-07-29 01:18:00+00:00,-176.965546
2024-07-29 01:19:00+00:00,-178.498383
2024-07-29 01:20:00+00:00,-176.728012
2024-07-29 01:21:00+00:00,-172.974609
2024-07-29 01:22:00+00:00,-171.485153
2024-07-29 01:23:00+00:00,-170.550552
2024-07-29 01:24:00+00:00,-167.925583
2024-07-29 01:25:00+00:00,-165.792755
2024-07-29 01:26:00+00:00,-161.207626
2024-07-29 01:27:00+00:00,-162.753113
2024-07-29 01:28:00+00:00,-169.334366
2024-07-29 01:29:00+00:00,-183.417099
2024-07-29 01:30:00+00:00,-194.961853
2024-07-29 01:31:00+00:00,-204.999115
2024-07-29 01:32:00+00:00,-204.316345
2024-07-29 01:33:00+00:00,-202.421341
2024-07-29 01:34:00+00:00,-206.734955
2024-07-29 01:35:00+00:00,-207.857742
2024-07-29 01:36:00+00:00,-218.364868
2024-07-29 01:37:00+00:00,-220.858459
2024-07-29 01:38:00+00:00,-227.588242
2024-07-29 01:39:00+00:00,-230.842911
2024-07-29 01:40:00+00:00,-234.230789
2024-07-29 01:41:00+00:00,-240.107346
2024-07-29 01:42:00+00:00,-241.578003
2024-07-29 01:43:00+00:00,-230.79509
2024-07-29 01:44:00+00:00,-228.082764
2024-07-29 01:45:00+00:00,-221.910202
2024-07-29 01:46:00+00:00,-220.179794
2024-07-29 01:47:00+00:00,-211.305023
2024-07-29 01:48:00+00:00,-203.878677
2024-07-29 01:49:00+00:00,-202.926865
2024-07-29 01:50:00+00:00,-202.580994
2024-07-29 01:51:00+00:00,-225.473282
2024-07-29 01:52:00+00:00,-245.634415
2024-07-29 01:53:00+00:00,-246.140945
2024-07-29 01:54:00+00:00,-243.219727
2024-07-29 01:55:00+00:00,-234.376541
2024-07-29 01:56:00+00:00,-225.737381
2024-07-29 01:57:00+00:00,-211.959396
2024-07-29 01:58:00+00:00,-197.443954
2024-07-29 01:59:00+00:00,-190.121658
2024-07-29 02:00:00+00:00,-184.06282
2024-07-29 02:01:00+00:00,-171.500885
2024-07-29 02:02:00+00:00,-166.131348
2024-07-29 02:03:00+00:00,-164.063568
2024-07-29 02:04:00+00:00,-154.530975
2024-07-29 02:05:00+00:00,-151.260117
2024-07-29 02:06:00+00:00,-153.353348
2024-07-29 02:07:00+00:00,-157.329742
2024-07-29 02:08:00+00:00,-149.311295
2024-07-29 02:09:00+00:00,-146.294434
2024-07-29 02:10:00+00:00,-148.279083
2024-07-29 02:11:00+00:00,-147.266144
2024-07-29 02:12:00+00:00,-146.253616
2024-07-29 02:13:00+00:00,-156.726196
2024-07-29 02:14:00+00:00,-152.717575
2024-07-29 02:15:00+00:00,-144.425873
2024-07-29 02:16:00+00:00,-144.236313
2024-07-29 02:17:00+00:00,-139.237579
2024-07-29 02:18:00+00:00,-141.243729
2024-07-29 02:19:00+00:00,-144.244965
2024-07-29 02:20:00+00:00,-146.825806
2024-07-29 02:21:00+00:00,-155.133102
2024-07-29 02:22:00+00:00,-155.528076
2024-07-29 02:23:00+00:00,-164.636581
2024-07-29 02:24:00+00:00,-169.571915
2024-07-29 02:25:00+00:00,-169.013702
2024-07-29 02:26:00+00:00,-158.369125
2024-07-29 02:27:00+00:00,-153.131317
2024-07-29 02:28:00+00:00,-151.140076
2024-07-29 02:29:00+00:00,-150.575043
2024-07-29 02:30:00+00:00,-151.407791
2024-07-29 02:31:00+00:00,-146.610153
2024-07-29 02:32:00+00:00,-151.56282
2024-07-29 02:33:00+00:00,-156.299652
2024-07-29 02:34:00+00:00,-158.236786
2024-07-29 02:35:00+00:00,-158.164749
2024-07-29 02:36:00+00:00,-156.891327
2024-07-29 02:37:00+00:00,-146.937607
2024-07-29 02:38:00+00:00,-139.779175
2024-07-29 02:39:00+00:00,-131.212631
2024-07-29 02:40:00+00:00,-123.158745
2024-07-29 02:41:00+00:00,-117.438675
2024-07-29 02:42:00+00:00,-114.286682
2024-07-29 02:43:00+00:00,-111.083519
2024-07-29 02:44:00+00:00,-107.973984
2024-07-29 02:45:00+00:00,-103.617203
2024-07-29 02:46:00+00:00,-99.901833
2024-07-29 02:47:00+00:00,-97.593956
2024-08-05 00:00:00+00:00,-107.237465
2024-08-05 00:01:00+00:00,-104.666924
2024-08-05 00:02:00+00:00,-105.210297
2024-08-05 00:03:00+00:00,-112.931076
2024-08-05 00:04:00+00:00,-116.286812
2024-08-05 00:05:00+00:00,-118.567566
2024-08-05 00:06:00+00:00,-120.450134
2024-08-05 00:07:00+00:00,-118.763695
2024-08-05 00:08:00+00:00,-106.002258
2024-08-05 00:09:00+00:00,-99.917419
2024-08-05 00:10:00+00:00,-94.276764
2024-08-05 00:11:00+00:00,-92.021255
2024-08-05 00:12:00+00:00,-93.116737
2024-08-05 00:13:00+00:00,-90.993896
2024-08-05 00:14:00+00:00,-91.636154
2024-08-05 00:15:00+00:00,-93.206871
2024-08-05 00:16:00+00:00,-95.590385
2024-08-05 00:17:00+00:00,-95.025154
2024-08-05 00:18:00+00:00,-99.665558
2024-08-05 00:19:00+00:00,-105.025787
2024-08-05 00:20:00+00:00,-103.851471
2024-08-05 00:21:00+00:00,-105.231987
2024-08-05 00:22:00+00:00,-109.949242
2024-08-05 00:23:00+00:00,-110.790077
2024-08-05 00:24:00+00:00,-112.172653
2024-08-05 00:25:00+00:00,-110.555969
2024-08-05 00:26:00+00:00,-108.829704
2024-08-05 00:27:00+00:00,-104.735092
2024-08-05 00:28:00+00:00,-102.491409
2024-08-05 00:29:00+00:00,-102.449738
2024-08-05 00:30:00+00:00,-94.573952
2024-08-05 00:31:00+00:00,-94.158646
2024-08-05 00:32:00+00:00,-94.206894
2024-08-05 00:33:00+00:00,-90.33448
2024-08-05 00:34:00+00:00,-90.018005
2024-08-05 00:35:00+00:00,-88.985565
2024-08-05 00:36:00+00:00,-83.710823
2024-08-05 00:37:00+00:00,-81.095436
2024-08-05 00:38:00+00:00,-80.26104
2024-08-05 00:39:00+00:00,-75.255318
2024-08-05 00:40:00+00:00,-74.665215
2024-08-05 00:41:00+00:00,-74.006905
2024-08-05 00:42:00+00:00,-68.330246
2024-08-05 00:43:00+00:00,-69.750023
2024-08-05 00:44:00+00:00,-69.53241
2024-08-05 00:45:00+00:00,-70.51384
2024-08-05 00:46:00+00:00,-70.324677
2024-08-05 00:47:00+00:00,-67.730591
2024-08-05 00:48:00+00:00,-64.281601
2024-08-05 00:49:00+00:00,-62.789867
2024-08-05 00:50:00+00:00,-62.782043
2024-08-05 00:51:00+00:00,-62.27198
2024-08-05 00:52:00+00:00,-61.753441
2024-08-05 00:53:00+00:00,-61.940041
2024-08-05 00:54:00+00:00,-62.224045
2024-08-05 00:55:00+00:00,-62.605461
2024-08-05 00:56:00+00:00,-65.364456
2024-08-05 00:57:00+00:00,-70.669922
2024-08-05 00:58:00+00:00,-73.064888
2024-08-05 00:59:00+00:00,-80.445053
2024-08-05 01:00:00+00:00,-85.2034
2024-08-05 01:01:00+00:00,-80.782318
2024-08-05 01:02:00+00:00,-76.754013
2024-08-05 01:03:00+00:00,-78.462593
2024-08-05 01:04:00+00:00,-78.722679
2024-08-05 01:05:00+00:00,-79.132751
2024-08-05 01:06:00+00:00,-82.264595
2024-08-05 01:07:00+00:00,-81.749832
2024-08-05 01:08:00+00:00,-83.971863
2024-08-05 01:09:00+00:00,-78.908836
2024-08-05 01:10:00+00:00,-74.719009
2024-08-05 01:11:00+00:00,-72.051765
2024-08-05 01:12:00+00:00,-70.919983
2024-08-05 01:13:00+00:00,-70.170364
2024-08-05 01:14:00+00:00,-69.916252
2024-08-05 01:15:00+00:00,-69.802544
2024-08-05 01:16:00+00:00,-69.87162
2024-08-05 01:17:00+00:00,-69.358231
2024-08-05 01:18:00+00:00,-72.99012
2024-08-05 01:19:00+00:00,-74.432304
2024-08-05 01:20:00+00:00,-72.098419
2024-08-05 01:21:00+00:00,-69.942719
2024-08-05 01:22:00+00:00,-71.04837
2024-08-05 01:23:00+00:00,-74.06781
2024-08-05 01:24:00+00:00,-77.657494
2024-08-05 01:25:00+00:00,-80.712578
2024-08-05 01:26:00+00:00,-82.599045
2024-08-05 01:27:00+00:00,-85.047707
2024-08-05 01:28:00+00:00,-87.339005
2024-08-05 01:29:00+00:00,-91.46714
2024-08-05 01:30:00+00:00,-91.764069
2024-08-05 01:31:00+00:00,-91.946487
2024-08-05 01:32:00+00:00,-87.754532
2024-08-05 01:33:00+00:00,-83.011986
2024-08-05 01:34:00+00:00,-81.086426
2024-08-05 01:35:00+00:00,-81.905174
2024-08-05 01:36:00+00:00,-83.032936
2024-08-05 01:37:00+00:00,-83.116661
2024-08-05 01:38:00+00:00,-82.890343
2024-08-05 01:39:00+00:00,-82.720711
2024-08-05 01:40:00+00:00,-80.261292
2024-08-05 01:41:00+00:00,-77.137283
2024-08-05 01:42:00+00:00,-75.237564
2024-08-05 01:43:00+00:00,-75.690254
2024-08-05 01:44:00+00:00,-75.535599
2024-08-05 01:45:00+00:00,-74.936844
2024-08-05 01:46:00+00:00,-70.379601
2024-08-05 01:47:00+00:00,-72.339279
2024-08-05 01:48:00+00:00,-92.488945
2024-08-05 01:49:00+00:00,-109.221085
2024-08-05 01:50:00+00:00,-113.911621
2024-08-05 01:51:00+00:00,-110.792915
2024-08-05 01:52:00+00:00,-100.553162
2024-08-05 01:53:00+00:00,-100.938622
2024-08-05 01:54:00+00:00,-115.695419
2024-08-05 01:55:00+00:00,-121.904701
2024-08-05 01:56:00+00:00,-101.687126
2024-08-05 01:57:00+00:00,-90.290665
2024-08-05 01:58:00+00:00,-86.319763
2024-08-05 01:59:00+00:00,-83.423767
2024-08-05 02:00:00+00:00,-78.784035
2024-08-05 02:01:00+00:00,-70.927177
2024-08-05 02:02:00+00:00,-71.681259
2024-08-05 02:03:00+00:00,-66.819283
2024-08-05 02:04:00+00:00,-67.08519
2024-08-05 02:05:00+00:00,-69.802231
2024-08-05 02:06:00+00:00,-76.550461
2024-08-05 02:07:00+00:00,-79.102516
2024-08-05 02:08:00+00:00,-76.114304
2024-08-05 02:09:00+00:00,-75.042007
2024-08-05 02:10:00+00:00,-76.919815
2024-08-05 02:11:00+00:00,-76.889313
2024-08-05 02:12:00+00:00,-71.185844
2024-08-05 02:13:00+00:00,-67.992989
2024-08-05 02:14:00+00:00,-67.282486
2024-08-05 02:15:00+00:00,-70.286697
2024-08-05 02:16:00+00:00,-71.283501
2024-08-05 02:17:00+00:00,-70.401115
2024-08-05 02:18:00+00:00,-64.986298
2024-08-05 02:19:00+00:00,-60.11554
2024-08-05 02:20:00+00:00,-59.354492
2024-08-05 02:21:00+00:00,-58.97966
2024-08-05 02:22:00+00:00,-58.922733
2024-08-05 02:23:00+00:00,-61.215755
2024-08-05 02:24:00+00:00,-61.234695
2024-08-05 02:25:00+00:00,-60.345772
2024-08-05 02:26:00+00:00,-59.081512
2024-08-05 02:27:00+00:00,-59.220383
2024-08-05 02:28:00+00:00,-59.486645
2024-08-05 02:29:00+00:00,-61.532974
2024-08-05 02:30:00+00:00,-65.446678
2024-08-05 02:31:00+00:00,-64.363739
2024-08-05 02:32:00+00:00,-62.282314
2024-08-05 02:33:00+00:00,-62.202389
2024-08-05 02:34:00+00:00,-62.122963
2024-08-05 02:35:00+00:00,-62.058983
2024-08-05 02:36:00+00:00,-60.908939
2024-08-05 02:37:00+00:00,-60.693707
2024-08-05 02:38:00+00:00,-61.273613
2024-08-05 02:39:00+00:00,-61.979725
2024-08-05 02:40:00+00:00,-64.468025
2024-08-05 02:41:00+00:00,-70.429802
2024-08-05 02:42:00+00:00,-68.276878
2024-08-05 02:43:00+00:00,-61.971794
2024-08-05 02:44:00+00:00,-62.10321
2024-08-05 02:45:00+00:00,-62.378101
2024-08-05 02:46:00+00:00,-62.163624
2024-08-05 02:47:00+00:00,-61.90667
2024-08-12 00:00:00+00:00,-909.38855
2024-08-12 00:01:00+00:00,-973.968384
2024-08-12 00:02:00+00:00,-952.618469
2024-08-12 00:03:00+00:00,-942.283142
2024-08-12 00:04:00+00:00,-955.162659
2024-08-12 00:05:00+00:00,-893.728699
2024-08-12 00:06:00+00:00,-872.414368
2024-08-12 00:07:00+00:00,-877.029297
2024-08-12 00:08:00+00:00,-816.605408
2024-08-12 00:09:00+00:00,-861.644714
2024-08-12 00:10:00+00:00,-849.040771
2024-08-12 00:11:00+00:00,-886.126587
2024-08-12 00:12:00+00:00,-959.380188
2024-08-12 00:13:00+00:00,-982.198914
2024-08-12 00:14:00+00:00,-939.808533
2024-08-12 00:15:00+00:00,-864.163574
2024-08-12 00:16:00+00:00,-779.484009
2024-08-12 00:17:00+00:00,-715.740967
2024-08-12 00:18:00+00:00,-636.664551
2024-08-12 00:19:00+00:00,-602.83551
2024-08-12 00:20:00+00:00,-653.568726
2024-08-12 00:21:00+00:00,-693.074646
2024-08-12 00:22:00+00:00,-732.696411
2024-08-12 00:23:00+00:00,-748.975403
2024-08-12 00:24:00+00:00,-761.673218
2024-08-12 00:25:00+00:00,-853.550476
2024-08-12 00:26:00+00:00,-949.311462
2024-08-12 00:27:00+00:00,-1031.036133
2024-08-12 00:28:00+00:00,-1002.089905
2024-08-12 00:29:00+00:00,-960.285156
2024-08-12 00:30:00+00:00,-926.781311
2024-08-12 00:31:00+00:00,-968.425171
2024-08-12 00:32:00+00:00,-1018.047241
2024-08-12 00:33:00+00:00,-1136.844604
2024-08-12 00:34:00+00:00,-1299.755493
2024-08-12 00:35:00+00:00,-1263.050171
2024-08-12 00:36:00+00:00,-1298.734253
2024-08-12 00:37:00+00:00,-1412.302612
2024-08-12 00:38:00+00:00,-1497.470215
2024-08-12 00:39:00+00:00,-1676.798218
2024-08-12 00:40:00+00:00,-1651.246338
2024-08-12 00:41:00+00:00,-1462.733521
2024-08-12 00:42:00+00:00,-1159.17981
2024-08-12 00:43:00+00:00,-1045.823242
2024-08-12 00:44:00+00:00,-1114.212524
2024-08-12 00:45:00+00:00,-1175.402588
2024-08-12 00:46:00+00:00,-1032.337769
2024-08-12 00:47:00+00:00,-914.968628
2024-08-12 00:48:00+00:00,-914.42572
2024-08-12 00:49:00+00:00,-832.178833
2024-08-12 00:50:00+00:00,-818.407776
2024-08-12 00:51:00+00:00,-855.254395
2024-08-12 00:52:00+00:00,-817.659973
2024-08-12 00:53:00+00:00,-771.57196
2024-08-12 00:54:00+00:00,-694.154114
2024-08-12 00:55:00+00:00,-636.15509
2024-08-12 00:56:00+00:00,-594.693665
2024-08-12 00:57:00+00:00,-583.502991
2024-08-12 00:58:00+00:00,-569.800537
2024-08-12 00:59:00+00:00,-534.678711
2024-08-12 01:00:00+00:00,-553.777039
2024-08-12 01:01:00+00:00,-535.630066
2024-08-12 01:02:00+00:00,-485.899353
2024-08-12 01:03:00+00:00,-487.05246
2024-08-12 01:04:00+00:00,-549.958374
2024-08-12 01:05:00+00:00,-508.327698
2024-08-12 01:06:00+00:00,-485.402557
2024-08-12 01:07:00+00:00,-463.881348
2024-08-12 01:08:00+00:00,-548.651428
2024-08-12 01:09:00+00:00,-526.090454
2024-08-12 01:10:00+00:00,-564.264954
2024-08-12 01:11:00+00:00,-515.071045
2024-08-12 01:12:00+00:00,-445.014618
2024-08-12 01:13:00+00:00,-429.606506
2024-08-12 01:14:00+00:00,-435.201202
2024-08-12 01:15:00+00:00,-460.970886
2024-08-12 01:16:00+00:00,-456.038116
2024-08-12 01:17:00+00:00,-396.700043
2024-08-12 01:18:00+00:00,-425.451874
2024-08-12 01:19:00+00:00,-451.056274
2024-08-12 01:20:00+00:00,-458.277008
2024-08-12 01:21:00+00:00,-450.511566
2024-08-12 01:22:00+00:00,-443.585358
2024-08-12 01:23:00+00:00,-405.879974
2024-08-12 01:24:00+00:00,-418.65036
2024-08-12 01:25:00+00:00,-398.798798
2024-08-12 01:26:00+00:00,-335.067963
2024-08-12 01:27:00+00:00,-377.113647
2024-08-12 01:28:00+00:00,-383.3414
2024-08-12 01:29:00+00:00,-363.368774
2024-08-12 01:30:00+00:00,-338.754822
2024-08-12 01:31:00+00:00,-331.889954
2024-08-12 01:32:00+00:00,-281.002686
2024-08-12 01:33:00+00:00,-295.985382
2024-08-12 01:34:00+00:00,-392.143677
2024-08-12 01:35:00+00:00,-432.489502
2024-08-12 01:36:00+00:00,-437.396027
2024-08-12 01:37:00+00:00,-441.930237
2024-08-12 01:38:00+00:00,-405.854187
2024-08-12 01:39:00+00:00,-334.584106
2024-08-12 01:40:00+00:00,-318.129883
2024-08-12 01:41:00+00:00,-259.543304
2024-08-12 01:42:00+00:00,-274.462036
2024-08-12 01:43:00+00:00,-271.613892
2024-08-12 01:44:00+00:00,-295.400085
2024-08-12 01:45:00+00:00,-308.646332
2024-08-12 01:46:00+00:00,-315.867096
2024-08-12 01:47:00+00:00,-291.105499
2024-08-12 01:48:00+00:00,-270.980713
2024-08-12 01:49:00+00:00,-268.893311
2024-08-12 01:50:00+00:00,-250.65094
2024-08-12 01:51:00+00:00,-256.599213
2024-08-12 01:52:00+00:00,-265.018219
2024-08-12 01:53:00+00:00,-249.560944
2024-08-12 01:54:00+00:00,-247.804749
2024-08-12 01:55:00+00:00,-255.582245
2024-08-12 01:56:00+00:00,-221.953506
2024-08-12 01:57:00+00:00,-164.769165
2024-08-12 01:58:00+00:00,-191.661377
2024-08-12 01:59:00+00:00,-243.798294
2024-08-12 02:00:00+00:00,-267.000549
2024-08-12 02:01:00+00:00,-298.91571
2024-08-12 02:02:00+00:00,-307.531494
2024-08-12 02:03:00+00:00,-279.703735
2024-08-12 02:04:00+00:00,-296.980591
2024-08-12 02:05:00+00:00,-275.144714
2024-08-12 02:06:00+00:00,-277.002716
2024-08-12 02:07:00+00:00,-273.210419
2024-08-12 02:08:00+00:00,-285.035858
2024-08-12 02:09:00+00:00,-308.868622
2024-08-12 02:10:00+00:00,-299.861908
2024-08-12 02:11:00+00:00,-296.375977
2024-08-12 02:12:00+00:00,-330.675812
2024-08-12 02:13:00+00:00,-392.150238
2024-08-12 02:14:00+00:00,-419.202454
2024-08-12 02:15:00+00:00,-416.394226
2024-08-12 02:16:00+00:00,-367.17865
2024-08-12 02:17:00+00:00,-352.592407
2024-08-12 02:18:00+00:00,-350.763428
2024-08-12 02:19:00+00:00,-362.021729
2024-08-12 02:20:00+00:00,-406.609253
2024-08-12 02:21:00+00:00,-483.512756
2024-08-12 02:22:00+00:00,-487.054749
2024-08-12 02:23:00+00:00,-473.351227
2024-08-12 02:24:00+00:00,-428.224823
2024-08-12 02:25:00+00:00,-414.716644
2024-08-12 02:26:00+00:00,-404.978455
2024-08-12 02:27:00+00:00,-412.025208
2024-08-12 02:28:00+00:00,-428.998566
2024-08-12 02:29:00+00:00,-421.059326
2024-08-12 02:30:00+00:00,-376.315765
2024-08-12 02:31:00+00:00,-335.512543
2024-08-12 02:32:00+00:00,-311.927612
2024-08-12 02:33:00+00:00,-356.094849
2024-08-12 02:34:00+00:00,-408.023651
2024-08-12 02:35:00+00:00,-442.762329
2024-08-12 02:36:00+00:00,-512.154541
2024-08-12 02:37:00+00:00,-432.593933
2024-08-12 02:38:00+00:00,-391.565887
2024-08-12 02:39:00+00:00,-349.6604
2024-08-12 02:40:00+00:00,-366.971344
2024-08-12 02:41:00+00:00,-385.008972
2024-08-12 02:42:00+00:00,-406.248566
2024-08-12 02:43:00+00:00,-358.17215
2024-08-12 02:44:00+00:00,-347.900696
2024-08-12 02:45:00+00:00,-384.157928
2024-08-12 02:46:00+00:00,-418.736298
2024-08-12 02:47:00+00:00,-460.196777
2024-08-19 00:00:00+00:00,-48.134987
2024-08-19 00:01:00+00:00,-47.199585
2024-08-19 00:02:00+00:00,-46.572159
2024-08-19 00:03:00+00:00,-46.046722
2024-08-19 00:04:00+00:00,-48.690735
2024-08-19 00:05:00+00:00,-61.223579
2024-08-19 00:06:00+00:00,-65.920631
2024-08-19 00:07:00+00:00,-66.551765
2024-08-19 00:08:00+00:00,-58.541435
2024-08-19 00:09:00+00:00,-57.978817
2024-08-19 00:10:00+00:00,-59.423531
2024-08-19 00:11:00+00:00,-62.872707
2024-08-19 00:12:00+00:00,-61.504143
2024-08-19 00:13:00+00:00,-62.144066
2024-08-19 00:14:00+00:00,-58.212456
2024-08-19 00:15:00+00:00,-53.265633
2024-08-19 00:16:00+00:00,-53.656891
2024-08-19 00:17:00+00:00,-48.699455
2024-08-19 00:18:00+00:00,-42.173653
2024-08-19 00:19:00+00:00,-38.89204
2024-08-19 00:20:00+00:00,-39.124214
2024-08-19 00:21:00+00:00,-42.171982
2024-08-19 00:22:00+00:00,-41.894993
2024-08-19 00:23:00+00:00,-38.5653
2024-08-19 00:24:00+00:00,-34.066433
2024-08-19 00:25:00+00:00,-33.878433
2024-08-19 00:26:00+00:00,-34.087601
2024-08-19 00:27:00+00:00,-34.098152
2024-08-19 00:28:00+00:00,-33.810394
2024-08-19 00:29:00+00:00,-33.421509
2024-08-19 00:30:00+00:00,-33.933769
2024-08-19 00:31:00+00:00,-33.747612
2024-08-19 00:32:00+00:00,-33.762615
2024-08-19 00:33:00+00:00,-33.478687
2024-08-19 00:34:00+00:00,-33.397686
2024-08-19 00:35:00+00:00,-33.617176
2024-08-19 00:36:00+00:00,-33.537457
2024-08-19 00:37:00+00:00,-33.163105
2024-08-19 00:38:00+00:00,-33.586288
2024-08-19 00:39:00+00:00,-33.510761
2024-08-19 00:40:00+00:00,-33.537994
2024-08-19 00:41:00+00:00,-35.24971
2024-08-19 00:42:00+00:00,-39.86982
2024-08-19 00:43:00+00:00,-42.6106
2024-08-19 00:44:00+00:00,-41.94017
2024-08-19 00:45:00+00:00,-41.054428
2024-08-19 00:46:00+00:00,-38.236382
2024-08-19 00:47:00+00:00,-35.770866
2024-08-19 00:48:00+00:00,-37.239288
2024-08-19 00:49:00+00:00,-42.347061
2024-08-19 00:50:00+00:00,-48.805481
2024-08-19 00:51:00+00:00,-49.718399
2024-08-19 00:52:00+00:00,-47.210213
2024-08-19 00:53:00+00:00,-46.356426
2024-08-19 00:54:00+00:00,-44.40741
2024-08-19 00:55:00+00:00,-44.874374
2024-08-19 00:56:00+00:00,-46.439133
2024-08-19 00:57:00+00:00,-46.305862
2024-08-19 00:58:00+00:00,-45.918575
2024-08-19 00:59:00+00:00,-44.114342
2024-08-19 01:00:00+00:00,-40.689648
2024-08-19 01:01:00+00:00,-37.060207
2024-08-19 01:02:00+00:00,-33.11639
2024-08-19 01:03:00+00:00,-31.665476
2024-08-19 01:04:00+00:00,-31.396797
2024-08-19 01:05:00+00:00,-32.364609
2024-08-19 01:06:00+00:00,-32.188309
2024-08-19 01:07:00+00:00,-32.511868
2024-08-19 01:08:00+00:00,-32.203072
2024-08-19 01:09:00+00:00,-31.594301
2024-08-19 01:10:00+00:00,-29.248016
2024-08-19 01:11:00+00:00,-27.677856
2024-08-19 01:12:00+00:00,-28.039141
2024-08-19 01:13:00+00:00,-28.71513
2024-08-19 01:14:00+00:00,-29.049564
2024-08-19 01:15:00+00:00,-29.828899
2024-08-19 01:16:00+00:00,-31.927418
2024-08-19 01:17:00+00:00,-32.909832
2024-08-19 01:18:00+00:00,-33.773174
2024-08-19 01:19:00+00:00,-35.724457
2024-08-19 01:20:00+00:00,-39.514362
2024-08-19 01:21:00+00:00,-41.429649
2024-08-19 01:22:00+00:00,-41.539021
2024-08-19 01:23:00+00:00,-38.825626
2024-08-19 01:24:00+00:00,-39.20927
2024-08-19 01:25:00+00:00,-39.926987
2024-08-19 01:26:00+00:00,-40.48724
2024-08-19 01:27:00+00:00,-40.725933
2024-08-19 01:28:00+00:00,-41.394985
2024-08-19 01:29:00+00:00,-42.455299
2024-08-19 01:30:00+00:00,-43.324371
2024-08-19 01:31:00+00:00,-44.773819
2024-08-19 01:32:00+00:00,-45.364479
2024-08-19 01:33:00+00:00,-46.303032
2024-08-19 01:34:00+00:00,-46.554474
2024-08-19 01:35:00+00:00,-46.871872
2024-08-19 01:36:00+00:00,-46.596687
2024-08-19 01:37:00+00:00,-44.992538
2024-08-19 01:38:00+00:00,-43.697006
2024-08-19 01:39:00+00:00,-42.067142
2024-08-19 01:40:00+00:00,-40.8526
2024-08-19 01:41:00+00:00,-39.470028
2024-08-19 01:42:00+00:00,-36.821426
2024-08-19 01:43:00+00:00,-34.205769
2024-08-19 01:44:00+00:00,-32.389313
2024-08-19 01:45:00+00:00,-31.652122
2024-08-19 01:46:00+00:00,-31.63653
2024-08-19 01:47:00+00:00,-31.535812
2024-08-19 01:48:00+00:00,-30.766619
2024-08-19 01:49:00+00:00,-30.307608
2024-08-19 01:50:00+00:00,-30.563223
2024-08-19 01:51:00+00:00,-30.053629
2024-08-19 01:52:00+00:00,-29.890154
2024-08-19 01:53:00+00:00,-30.16884
2024-08-19 01:54:00+00:00,-30.508928
2024-08-19 01:55:00+00:00,-30.684975
2024-08-19 01:56:00+00:00,-30.069197
2024-08-19 01:57:00+00:00,-29.634396
2024-08-19 01:58:00+00:00,-29.275244
2024-08-19 01:59:00+00:00,-30.123238
2024-08-19 02:00:00+00:00,-31.323753
2024-08-19 02:01:00+00:00,-32.600235
2024-08-19 02:02:00+00:00,-33.909046
2024-08-19 02:03:00+00:00,-35.837791
2024-08-19 02:04:00+00:00,-37.416939
2024-08-19 02:05:00+00:00,-38.616417
2024-08-19 02:06:00+00:00,-38.617569
2024-08-19 02:07:00+00:00,-38.627335
2024-08-19 02:08:00+00:00,-37.725471
2024-08-19 02:09:00+00:00,-37.200584
2024-08-19 02:10:00+00:00,-36.583633
2024-08-19 02:11:00+00:00,-35.519348
2024-08-19 02:12:00+00:00,-34.373646
2024-08-19 02:13:00+00:00,-32.984612
2024-08-19 02:14:00+00:00,-31.359768
2024-08-19 02:15:00+00:00,-30.956257
2024-08-19 02:16:00+00:00,-31.483849
2024-08-19 02:17:00+00:00,-31.936384
2024-08-19 02:18:00+00:00,-31.69101
2024-08-19 02:19:00+00:00,-30.579956
2024-08-19 02:20:00+00:00,-28.579981
2024-08-19 02:21:00+00:00,-27.331417
2024-08-19 02:22:00+00:00,-25.480488
2024-08-19 02:23:00+00:00,-24.374956
2024-08-19 02:24:00+00:00,-24.391361
2024-08-19 02:25:00+00:00,-26.221807
2024-08-19 02:26:00+00:00,-28.271465
2024-08-19 02:27:00+00:00,-29.769733
2024-08-19 02:28:00+00:00,-31.88546
2024-08-19 02:29:00+00:00,-33.983784
2024-08-19 02:30:00+00:00,-35.550804
2024-08-19 02:31:00+00:00,-36.50449
2024-08-19 02:32:00+00:00,-37.0495
2024-08-19 02:33:00+00:00,-37.757069
2024-08-19 02:34:00+00:00,-38.668152
2024-08-19 02:35:00+00:00,-39.266083
2024-08-19 02:36:00+00:00,-39.835964
2024-08-19 02:37:00+00:00,-39.637436
2024-08-19 02:38:00+00:00,-39.519196
2024-08-19 02:39:00+00:00,-39.015297
2024-08-19 02:40:00+00:00,-38.145218
2024-08-19 02:41:00+00:00,-36.537796
2024-08-19 02:42:00+00:00,-35.26231
2024-08-19 02:43:00+00:00,-34.263035
2024-08-19 02:44:00+00:00,-33.641476
2024-08-19 02:45:00+00:00,-33.022488
2024-08-19 02:46:00+00:00,-32.77824
2024-08-19 02:47:00+00:00,-33.053123
2024-08-26 00:00:00+00:00,-110.659225
2024-08-26 00:01:00+00:00,-118.142044
2024-08-26 00:02:00+00:00,-114.781143
2024-08-26 00:03:00+00:00,-107.541367
2024-08-26 00:04:00+00:00,-98.312187
2024-08-26 00:05:00+00:00,-89.992828
2024-08-26 00:06:00+00:00,-86.910965
2024-08-26 00:07:00+00:00,-85.884109
2024-08-26 00:08:00+00:00,-89.656296
2024-08-26 00:09:00+00:00,-92.808075
2024-08-26 00:10:00+00:00,-92.095856
2024-08-26 00:11:00+00:00,-91.329056
2024-08-26 00:12:00+00:00,-85.120827
2024-08-26 00:13:00+00:00,-80.370293
2024-08-26 00:14:00+00:00,-75.939651
2024-08-26 00:15:00+00:00,-78.183174
2024-08-26 00:16:00+00:00,-82.191917
2024-08-26 00:17:00+00:00,-80.052376
2024-08-26 00:18:00+00:00,-79.427193
2024-08-26 00:19:00+00:00,-82.250504
2024-08-26 00:20:00+00:00,-84.946915
2024-08-26 00:21:00+00:00,-85.68071
2024-08-26 00:22:00+00:00,-78.767014
2024-08-26 00:23:00+00:00,-76.599258
2024-08-26 00:24:00+00:00,-72.073738
2024-08-26 00:25:00+00:00,-72.399757
2024-08-26 00:26:00+00:00,-71.96505
2024-08-26 00:27:00+00:00,-68.096306
2024-08-26 00:28:00+00:00,-65.405685
2024-08-26 00:29:00+00:00,-62.454247
2024-08-26 00:30:00+00:00,-64.226257
2024-08-26 00:31:00+00:00,-62.943954
2024-08-26 00:32:00+00:00,-64.937286
2024-08-26 00:33:00+00:00,-68.187637
2024-08-26 00:34:00+00:00,-64.809219
2024-08-26 00:35:00+00:00,-71.022659
2024-08-26 00:36:00+00:00,-75.119904
2024-08-26 00:37:00+00:00,-69.006271
2024-08-26 00:38:00+00:00,-64.845612
2024-08-26 00:39:00+00:00,-59.385265
2024-08-26 00:40:00+00:00,-64.18573
2024-08-26 00:41:00+00:00,-66.953751
2024-08-26 00:42:00+00:00,-69.956055
2024-08-26 00:43:00+00:00,-69.877304
2024-08-26 00:44:00+00:00,-62.117287
2024-08-26 00:45:00+00:00,-56.273232
2024-08-26 00:46:00+00:00,-57.199654
2024-08-26 00:47:00+00:00,-65.21228
2024-08-26 00:48:00+00:00,-67.495697
2024-08-26 00:49:00+00:00,-63.711983
2024-08-26 00:50:00+00:00,-65.490944
2024-08-26 00:51:00+00:00,-65.402847
2024-08-26 00:52:00+00:00,-63.997581
2024-08-26 00:53:00+00:00,-70.458267
2024-08-26 00:54:00+00:00,-71.133942
2024-08-26 00:55:00+00:00,-66.126534
2024-08-26 00:56:00+00:00,-62.014885
2024-08-26 00:57:00+00:00,-67.064819
2024-08-26 00:58:00+00:00,-68.249557
2024-08-26 00:59:00+00:00,-70.955826
2024-08-26 01:00:00+00:00,-71.258263
2024-08-26 01:01:00+00:00,-78.230934
2024-08-26 01:02:00+00:00,-77.982437
2024-08-26 01:03:00+00:00,-74.648361
2024-08-26 01:04:00+00:00,-75.229553
2024-08-26 01:05:00+00:00,-78.999306
2024-08-26 01:06:00+00:00,-83.952049
2024-08-26 01:07:00+00:00,-78.864906
2024-08-26 01:08:00+00:00,-78.376457
2024-08-26 01:09:00+00:00,-72.422966
2024-08-26 01:10:00+00:00,-69.671341
2024-08-26 01:11:00+00:00,-70.040451
2024-08-26 01:12:00+00:00,-75.08477
2024-08-26 01:13:00+00:00,-75.952568
2024-08-26 01:14:00+00:00,-69.996269
2024-08-26 01:15:00+00:00,-69.200714
2024-08-26 01:16:00+00:00,-64.341202
2024-08-26 01:17:00+00:00,-58.506462
2024-08-26 01:18:00+00:00,-54.584782
2024-08-26 01:19:00+00:00,-55.26252
2024-08-26 01:20:00+00:00,-59.887589
2024-08-26 01:21:00+00:00,-72.399734
2024-08-26 01:22:00+00:00,-76.851181
2024-08-26 01:23:00+00:00,-74.279556
2024-08-26 01:24:00+00:00,-69.795761
2024-08-26 01:25:00+00:00,-71.069565
2024-08-26 01:26:00+00:00,-73.317108
2024-08-26 01:27:00+00:00,-75.255157
2024-08-26 01:28:00+00:00,-69.920662
2024-08-26 01:29:00+00:00,-65.053741
2024-08-26 01:30:00+00:00,-63.096283
2024-08-26 01:31:00+00:00,-63.349548
2024-08-26 01:32:00+00:00,-60.860901
2024-08-26 01:33:00+00:00,-60.69989
2024-08-26 01:34:00+00:00,-59.631004
2024-08-26 01:35:00+00:00,-53.948021
2024-08-26 01:36:00+00:00,-50.399574
2024-08-26 01:37:00+00:00,-52.825157
2024-08-26 01:38:00+00:00,-53.074833
2024-08-26 01:39:00+00:00,-53.608215
2024-08-26 01:40:00+00:00,-50.153717
2024-08-26 01:41:00+00:00,-49.523727
2024-08-26 01:42:00+00:00,-47.239571
2024-08-26 01:43:00+00:00,-45.279434
2024-08-26 01:44:00+00:00,-43.576706
2024-08-26 01:45:00+00:00,-41.452591
2024-08-26 01:46:00+00:00,-39.948299
2024-08-26 01:47:00+00:00,-37.689804
2024-08-26 01:48:00+00:00,-35.199387
2024-08-26 01:49:00+00:00,-33.0326
2024-08-26 01:50:00+00:00,-30.606327
2024-08-26 01:51:00+00:00,-27.010305
2024-08-26 01:52:00+00:00,-22.332005
2024-08-26 01:53:00+00:00,-18.635382
2024-08-26 01:54:00+00:00,-15.824844
2024-08-26 01:55:00+00:00,-23.471388
2024-08-26 01:56:00+00:00,-18.385841
2024-08-26 01:57:00+00:00,-24.426441
2024-08-26 01:58:00+00:00,-37.455547
2024-08-26 01:59:00+00:00,-57.819931
2024-08-26 02:00:00+00:00,-55.346405
2024-08-26 02:01:00+00:00,-124.533463
2024-08-26 02:02:00+00:00,-160.387833
2024-08-26 02:03:00+00:00,-148.079498
2024-08-26 02:04:00+00:00,-139.260223
2024-08-26 02:05:00+00:00,-155.26767
2024-08-26 02:06:00+00:00,-206.685333
2024-08-26 02:07:00+00:00,-173.435944
2024-08-26 02:08:00+00:00,-137.200073
2024-08-26 02:09:00+00:00,-123.686722
2024-08-26 02:10:00+00:00,-138.53006
2024-08-26 02:11:00+00:00,-178.781921
2024-08-26 02:12:00+00:00,-144.459763
2024-08-26 02:13:00+00:00,-140.044937
2024-08-26 02:14:00+00:00,-154.445236
2024-08-26 02:15:00+00:00,-158.483063
2024-08-26 02:16:00+00:00,-138.824005
2024-08-26 02:17:00+00:00,-150.088547
2024-08-26 02:18:00+00:00,-186.818542
2024-08-26 02:19:00+00:00,-160.870285
2024-08-26 02:20:00+00:00,-166.149918
2024-08-26 02:21:00+00:00,-170.38092
2024-08-26 02:22:00+00:00,-156.608215
2024-08-26 02:23:00+00:00,-151.309464
2024-08-26 02:24:00+00:00,-146.637451
2024-08-26 02:25:00+00:00,-141.547485
2024-08-26 02:26:00+00:00,-143.847366
2024-08-26 02:27:00+00:00,-143.224915
2024-08-26 02:28:00+00:00,-151.397934
2024-08-26 02:29:00+00:00,-156.461075
2024-08-26 02:30:00+00:00,-134.074814
2024-08-26 02:31:00+00:00,-135.508118
2024-08-26 02:32:00+00:00,-136.992096
2024-08-26 02:33:00+00:00,-154.298279
2024-08-26 02:34:00+00:00,-155.271423
2024-08-26 02:35:00+00:00,-147.098099
2024-08-26 02:36:00+00:00,-149.73439
2024-08-26 02:37:00+00:00,-152.411942
2024-08-26 02:38:00+00:00,-157.555344
2024-08-26 02:39:00+00:00,-158.166718
2024-08-26 02:40:00+00:00,-152.235336
2024-08-26 02:41:00+00:00,-144.964478
2024-08-26 02:42:00+00:00,-143.041626
2024-08-26 02:43:00+00:00,-134.420914
2024-08-26 02:44:00+00:00,-123.833763
2024-08-26 02:45:00+00:00,-115.354042
2024-08-26 02:46:00+00:00,-113.755173
2024-08-26 02:47:00+00:00,-117.593689
2024-09-02 00:00:00+00:00,-64.089119
2024-09-02 00:01:00+00:00,-65.311363
2024-09-02 00:02:00+00:00,-64.131859
2024-09-02 00:03:00+00:00,-64.586998
2024-09-02 00:04:00+00:00,-64.534744
2024-09-02 00:05:00+00:00,-65.352104
2024-09-02 00:06:00+00:00,-65.589905
2024-09-02 00:07:00+00:00,-66.338341
2024-09-02 00:08:00+00:00,-66.032425
2024-09-02 00:09:00+00:00,-66.312164
2024-09-02 00:10:00+00:00,-66.673691
2024-09-02 00:11:00+00:00,-67.338753
2024-09-02 00:12:00+00:00,-65.868927
2024-09-02 00:13:00+00:00,-64.353127
2024-09-02 00:14:00+00:00,-62.398109
2024-09-02 00:15:00+00:00,-60.017094
2024-09-02 00:16:00+00:00,-58.082462
2024-09-02 00:17:00+00:00,-58.377464
2024-09-02 00:18:00+00:00,-60.085754
2024-09-02 00:19:00+00:00,-60.052113
2024-09-02 00:20:00+00:00,-59.185768
2024-09-02 00:21:00+00:00,-56.148888
2024-09-02 00:22:00+00:00,-54.774845
2024-09-02 00:23:00+00:00,-55.736912
2024-09-02 00:24:00+00:00,-54.641884
2024-09-02 00:25:00+00:00,-55.32869
2024-09-02 00:26:00+00:00,-56.74464
2024-09-02 00:27:00+00:00,-54.989407
2024-09-02 00:28:00+00:00,-54.475147
2024-09-02 00:29:00+00:00,-52.029514
2024-09-02 00:30:00+00:00,-48.662434
2024-09-02 00:31:00+00:00,-43.65316
2024-09-02 00:32:00+00:00,-38.279587
2024-09-02 00:33:00+00:00,-37.238056
2024-09-02 00:34:00+00:00,-37.355755
2024-09-02 00:35:00+00:00,-37.421791
2024-09-02 00:36:00+00:00,-37.007504
2024-09-02 00:37:00+00:00,-34.551895
2024-09-02 00:38:00+00:00,-32.982349
2024-09-02 00:39:00+00:00,-34.513672
2024-09-02 00:40:00+00:00,-38.00423
2024-09-02 00:41:00+00:00,-43.006729
2024-09-02 00:42:00+00:00,-45.261368
2024-09-02 00:43:00+00:00,-46.703659
2024-09-02 00:44:00+00:00,-47.668121
2024-09-02 00:45:00+00:00,-49.134098
2024-09-02 00:46:00+00:00,-60.248058
2024-09-02 00:47:00+00:00,-88.192322
2024-09-02 00:48:00+00:00,-101.138199
2024-09-02 00:49:00+00:00,-109.089615
2024-09-02 00:50:00+00:00,-110.034874
2024-09-02 00:51:00+00:00,-112.984741
2024-09-02 00:52:00+00:00,-109.932892
2024-09-02 00:53:00+00:00,-119.882309
2024-09-02 00:54:00+00:00,-124.834457
2024-09-02 00:55:00+00:00,-128.786423
2024-09-02 00:56:00+00:00,-127.73922
2024-09-02 00:57:00+00:00,-122.692848
2024-09-02 00:58:00+00:00,-118.648331
2024-09-02 00:59:00+00:00,-119.602425
2024-09-02 01:00:00+00:00,-118.558762
2024-09-02 01:01:00+00:00,-111.516052
2024-09-02 01:02:00+00:00,-102.476242
2024-09-02 01:03:00+00:00,-100.434433
2024-09-02 01:04:00+00:00,-109.394493
2024-09-02 01:05:00+00:00,-105.355423
2024-09-02 01:06:00+00:00,-105.3172
2024-09-02 01:07:00+00:00,-97.279678
2024-09-02 01:08:00+00:00,-88.243073
2024-09-02 01:09:00+00:00,-84.208206
2024-09-02 01:10:00+00:00,-81.173096
2024-09-02 01:11:00+00:00,-81.14064
2024-09-02 01:12:00+00:00,-81.110817
2024-09-02 01:13:00+00:00,-75.076759
2024-09-02 01:14:00+00:00,-70.040421
2024-09-02 01:15:00+00:00,-71.009544
2024-09-02 01:16:00+00:00,-82.981186
2024-09-02 01:17:00+00:00,-95.970947
2024-09-02 01:18:00+00:00,-97.943634
2024-09-02 01:19:00+00:00,-96.908997
2024-09-02 01:20:00+00:00,-95.879692
2024-09-02 01:21:00+00:00,-100.862534
2024-09-02 01:22:00+00:00,-103.823456
2024-09-02 01:23:00+00:00,-108.801224
2024-09-02 01:24:00+00:00,-120.778358
2024-09-02 01:25:00+00:00,-128.745056
2024-09-02 01:26:00+00:00,-129.703262
2024-09-02 01:27:00+00:00,-124.666618
2024-09-02 01:28:00+00:00,-116.641914
2024-09-02 01:29:00+00:00,-123.618599
2024-09-02 01:30:00+00:00,-134.595276
2024-09-02 01:31:00+00:00,-137.56633
2024-09-02 01:32:00+00:00,-147.534836
2024-09-02 01:33:00+00:00,-154.507599
2024-09-02 01:34:00+00:00,-149.483658
2024-09-02 01:35:00+00:00,-148.459137
2024-09-02 01:36:00+00:00,-148.434998
2024-09-02 01:37:00+00:00,-146.410553
2024-09-02 01:38:00+00:00,-149.386246
2024-09-02 01:39:00+00:00,-155.364304
2024-09-02 01:40:00+00:00,-160.342789
2024-09-02 01:41:00+00:00,-161.320709
2024-09-02 01:42:00+00:00,-158.299088
2024-09-02 01:43:00+00:00,-159.27887
2024-09-02 01:44:00+00:00,-158.256546
2024-09-02 01:45:00+00:00,-160.237259
2024-09-02 01:46:00+00:00,-158.216476
2024-09-02 01:47:00+00:00,-162.196167
2024-09-02 01:48:00+00:00,-157.178299
2024-09-02 01:49:00+00:00,-156.160919
2024-09-02 01:50:00+00:00,-160.14502
2024-09-02 01:51:00+00:00,-161.128647
2024-09-02 01:52:00+00:00,-162.112305
2024-09-02 01:53:00+00:00,-157.097961
2024-09-02 01:54:00+00:00,-155.083176
2024-09-02 01:55:00+00:00,-153.068924
2024-09-02 01:56:00+00:00,-158.057175
2024-09-02 01:57:00+00:00,-155.043045
2024-09-02 01:58:00+00:00,-164.030457
2024-09-02 01:59:00+00:00,-175.017075
2024-09-02 02:00:00+00:00,-180.000778
2024-09-02 02:01:00+00:00,-179.98999
2024-09-02 02:02:00+00:00,-176.979874
2024-09-02 02:03:00+00:00,-180.96553
2024-09-02 02:04:00+00:00,-181.95282
2024-09-02 02:05:00+00:00,-181.943649
2024-09-02 02:06:00+00:00,-176.937027
2024-09-02 02:07:00+00:00,-170.928802
2024-09-02 02:08:00+00:00,-165.922379
2024-09-02 02:09:00+00:00,-162.916489
2024-09-02 02:10:00+00:00,-156.912094
2024-09-02 02:11:00+00:00,-148.908218
2024-09-02 02:12:00+00:00,-138.897003
2024-09-02 02:13:00+00:00,-133.893112
2024-09-02 02:14:00+00:00,-138.887573
2024-09-02 02:15:00+00:00,-140.885544
2024-09-02 02:16:00+00:00,-139.880981
2024-09-02 02:17:00+00:00,-142.878784
2024-09-02 02:18:00+00:00,-142.875961
2024-09-02 02:19:00+00:00,-138.871552
2024-09-02 02:20:00+00:00,-136.869431
2024-09-02 02:21:00+00:00,-134.869583
2024-09-02 02:22:00+00:00,-130.86705
2024-09-02 02:23:00+00:00,-125.865837
2024-09-02 02:24:00+00:00,-131.869751
2024-09-02 02:25:00+00:00,-131.870987
2024-09-02 02:26:00+00:00,-128.866592
2024-09-02 02:27:00+00:00,-131.869217
2024-09-02 02:28:00+00:00,-137.21962
2024-09-02 02:29:00+00:00,-143.335754
2024-09-02 02:30:00+00:00,-147.569
2024-09-02 02:31:00+00:00,-147.87674
2024-09-02 02:32:00+00:00,-157.881653
2024-09-02 02:33:00+00:00,-178.878235
2024-09-02 02:34:00+00:00,-185.876251
2024-09-02 02:35:00+00:00,-186.882507
2024-09-02 02:36:00+00:00,-175.881348
2024-09-02 02:37:00+00:00,-161.882629
2024-09-02 02:38:00+00:00,-161.887131
2024-09-02 02:39:00+00:00,-166.896881
2024-09-02 02:40:00+00:00,-163.899139
2024-09-02 02:41:00+00:00,-169.906601
2024-09-02 02:42:00+00:00,-168.90654
2024-09-02 02:43:00+00:00,-162.908722
2024-09-02 02:44:00+00:00,-156.704681
2024-09-02 02:45:00+00:00,-157.920853
2024-09-02 02:46:00+00:00,-156.926697
2024-09-02 02:47:00+00:00,-162.933716
2024-09-09 00:00:00+00:00,-140.596588
2024-09-09 00:01:00+00:00,-138.966949
2024-09-09 00:02:00+00:00,-169.762024
2024-09-09 00:03:00+00:00,-192.639023
2024-09-09 00:04:00+00:00,-172.93779
2024-09-09 00:05:00+00:00,-173.549911
2024-09-09 00:06:00+00:00,-175.08139
2024-09-09 00:07:00+00:00,-164.746048
2024-09-09 00:08:00+00:00,-170.1147
2024-09-09 00:09:00+00:00,-194.884506
2024-09-09 00:10:00+00:00,-211.852371
2024-09-09 00:11:00+00:00,-210.513412
2024-09-09 00:12:00+00:00,-214.240677
2024-09-09 00:13:00+00:00,-201.839813
2024-09-09 00:14:00+00:00,-193.72493
2024-09-09 00:15:00+00:00,-188.963348
2024-09-09 00:16:00+00:00,-184.84996
2024-09-09 00:17:00+00:00,-183.268555
2024-09-09 00:18:00+00:00,-190.228943
2024-09-09 00:19:00+00:00,-188.032776
2024-09-09 00:20:00+00:00,-185.384979
2024-09-09 00:21:00+00:00,-177.669312
2024-09-09 00:22:00+00:00,-175.072723
2024-09-09 00:23:00+00:00,-177.840469
2024-09-09 00:24:00+00:00,-172.280533
2024-09-09 00:25:00+00:00,-167.077881
2024-09-09 00:26:00+00:00,-167.457794
2024-09-09 00:27:00+00:00,-174.372528
2024-09-09 00:28:00+00:00,-186.477341
2024-09-09 00:29:00+00:00,-189.147049
2024-09-09 00:30:00+00:00,-177.800018
2024-09-09 00:31:00+00:00,-162.799561
2024-09-09 00:32:00+00:00,-155.034546
2024-09-09 00:33:00+00:00,-156.989319
2024-09-09 00:34:00+00:00,-162.18338
2024-09-09 00:35:00+00:00,-162.557098
2024-09-09 00:36:00+00:00,-157.769608
2024-09-09 00:37:00+00:00,-158.090698
2024-09-09 00:38:00+00:00,-158.511017
2024-09-09 00:39:00+00:00,-160.530014
2024-09-09 00:40:00+00:00,-157.530487
2024-09-09 00:41:00+00:00,-150.509979
2024-09-09 00:42:00+00:00,-145.633774
2024-09-09 00:43:00+00:00,-135.720688
2024-09-09 00:44:00+00:00,-130.472733
2024-09-09 00:45:00+00:00,-126.227226
2024-09-09 00:46:00+00:00,-117.704155
2024-09-09 00:47:00+00:00,-114.463058
2024-09-09 00:48:00+00:00,-109.647476
2024-09-09 00:49:00+00:00,-107.567947
2024-09-09 00:50:00+00:00,-107.567215
2024-09-09 00:51:00+00:00,-108.459045
2024-09-09 00:52:00+00:00,-108.945259
2024-09-09 00:53:00+00:00,-109.434402
2024-09-09 00:54:00+00:00,-112.28653
2024-09-09 00:55:00+00:00,-111.983047
2024-09-09 00:56:00+00:00,-109.004593
2024-09-09 00:57:00+00:00,-104.384232
2024-09-09 00:58:00+00:00,-101.494987
2024-09-09 00:59:00+00:00,-94.843948
2024-09-09 01:00:00+00:00,-93.778366
2024-09-09 01:01:00+00:00,-92.732437
2024-09-09 01:02:00+00:00,-90.205597
2024-09-09 01:03:00+00:00,-89.137245
2024-09-09 01:04:00+00:00,-87.133766
2024-09-09 01:05:00+00:00,-87.485146
2024-09-09 01:06:00+00:00,-83.093674
2024-09-09 01:07:00+00:00,-81.632683
2024-09-09 01:08:00+00:00,-80.336678
2024-09-09 01:09:00+00:00,-78.970818
2024-09-09 01:10:00+00:00,-81.213402
2024-09-09 01:11:00+00:00,-84.481178
2024-09-09 01:12:00+00:00,-86.400078
2024-09-09 01:13:00+00:00,-89.33683
2024-09-09 01:14:00+00:00,-93.848297
2024-09-09 01:15:00+00:00,-97.505928
2024-09-09 01:16:00+00:00,-98.908272
2024-09-09 01:17:00+00:00,-100.964157
2024-09-09 01:18:00+00:00,-102.379089
2024-09-09 01:19:00+00:00,-103.69986
2024-09-09 01:20:00+00:00,-105.845345
2024-09-09 01:21:00+00:00,-111.914185
2024-09-09 01:22:00+00:00,-113.387436
2024-09-09 01:23:00+00:00,-114.835091
2024-09-09 01:24:00+00:00,-117.697617
2024-09-09 01:25:00+00:00,-119.105827
2024-09-09 01:26:00+00:00,-121.653404
2024-09-09 01:27:00+00:00,-127.861763
2024-09-09 01:28:00+00:00,-129.473999
2024-09-09 01:29:00+00:00,-132.047974
2024-09-09 01:30:00+00:00,-134.725632
2024-09-09 01:31:00+00:00,-130.011047
2024-09-09 01:32:00+00:00,-131.29657
2024-09-09 01:33:00+00:00,-135.499802
2024-09-09 01:34:00+00:00,-134.543518
2024-09-09 01:35:00+00:00,-134.220749
2024-09-09 01:36:00+00:00,-133.061722
2024-09-09 01:37:00+00:00,-134.210693
2024-09-09 01:38:00+00:00,-136.572266
2024-09-09 01:39:00+00:00,-132.205658
2024-09-09 01:40:00+00:00,-134.16716
2024-09-09 01:41:00+00:00,-141.484558
2024-09-09 01:42:00+00:00,-141.7267
2024-09-09 01:43:00+00:00,-142.319214
2024-09-09 01:44:00+00:00,-143.798004
2024-09-09 01:45:00+00:00,-151.834122
2024-09-09 01:46:00+00:00,-160.31987
2024-09-09 01:47:00+00:00,-164.481705
2024-09-09 01:48:00+00:00,-169.285339
2024-09-09 01:49:00+00:00,-174.984543
2024-09-09 01:50:00+00:00,-178.922958
2024-09-09 01:51:00+00:00,-171.701065
2024-09-09 01:52:00+00:00,-170.827332
2024-09-09 01:53:00+00:00,-174.964264
2024-09-09 01:54:00+00:00,-169.460251
2024-09-09 01:55:00+00:00,-158.623825
2024-09-09 01:56:00+00:00,-152.708923
2024-09-09 01:57:00+00:00,-154.105042
2024-09-09 01:58:00+00:00,-161.809235
2024-09-09 01:59:00+00:00,-163.144745
2024-09-09 02:00:00+00:00,-155.485413
2024-09-09 02:01:00+00:00,-157.079315
2024-09-09 02:02:00+00:00,-162.201584
2024-09-09 02:03:00+00:00,-159.761841
2024-09-09 02:04:00+00:00,-150.105789
2024-09-09 02:05:00+00:00,-135.820328
2024-09-09 02:06:00+00:00,-125.896683
2024-09-09 02:07:00+00:00,-122.13253
2024-09-09 02:08:00+00:00,-121.100815
2024-09-09 02:09:00+00:00,-118.639397
2024-09-09 02:10:00+00:00,-118.700729
2024-09-09 02:11:00+00:00,-118.084129
2024-09-09 02:12:00+00:00,-114.987526
2024-09-09 02:13:00+00:00,-111.118416
2024-09-09 02:14:00+00:00,-108.082756
2024-09-09 02:15:00+00:00,-105.276108
2024-09-09 02:16:00+00:00,-101.957268
2024-09-09 02:17:00+00:00,-101.994331
2024-09-09 02:18:00+00:00,-101.726112
2024-09-09 02:19:00+00:00,-102.760933
2024-09-09 02:20:00+00:00,-102.330177
2024-09-09 02:21:00+00:00,-99.622253
2024-09-09 02:22:00+00:00,-99.37822
2024-09-09 02:23:00+00:00,-101.034698
2024-09-09 02:24:00+00:00,-101.662834
2024-09-09 02:25:00+00:00,-104.083862
2024-09-09 02:26:00+00:00,-103.207863
2024-09-09 02:27:00+00:00,-102.64904
2024-09-09 02:28:00+00:00,-101.411232
2024-09-09 02:29:00+00:00,-100.812393
2024-09-09 02:30:00+00:00,-102.052315
2024-09-09 02:31:00+00:00,-103.210159
2024-09-09 02:32:00+00:00,-100.218887
2024-09-09 02:33:00+00:00,-95.557014
2024-09-09 02:34:00+00:00,-91.811119
2024-09-09 02:35:00+00:00,-88.42778
2024-09-09 02:36:00+00:00,-85.495888
2024-09-09 02:37:00+00:00,-85.515129
2024-09-09 02:38:00+00:00,-89.366188
2024-09-09 02:39:00+00:00,-92.017265
2024-09-09 02:40:00+00:00,-92.607018
2024-09-09 02:41:00+00:00,-93.173508
2024-09-09 02:42:00+00:00,-93.373947
2024-09-09 02:43:00+00:00,-93.67318
2024-09-09 02:44:00+00:00,-91.68866
2024-09-09 02:45:00+00:00,-88.524971
2024-09-09 02:46:00+00:00,-84.777451
2024-09-09 02:47:00+00:00,-79.61554
2024-09-16 00:00:00+00:00,-65.833954
2024-09-16 00:01:00+00:00,-61.955612
2024-09-16 00:02:00+00:00,-60.112392
2024-09-16 00:03:00+00:00,-59.654266
2024-09-16 00:04:00+00:00,-55.417709
2024-09-16 00:05:00+00:00,-53.21814
2024-09-16 00:06:00+00:00,-53.132236
2024-09-16 00:07:00+00:00,-54.887775
2024-09-16 00:08:00+00:00,-53.876762
2024-09-16 00:09:00+00:00,-51.840393
2024-09-16 00:10:00+00:00,-70.112267
2024-09-16 00:11:00+00:00,-66.881065
2024-09-16 00:12:00+00:00,-111.112854
2024-09-16 00:13:00+00:00,-113.079552
2024-09-16 00:14:00+00:00,-75.245155
2024-09-16 00:15:00+00:00,-43.336369
2024-09-16 00:16:00+00:00,-45.926163
2024-09-16 00:17:00+00:00,-42.518021
2024-09-16 00:18:00+00:00,-39.04977
2024-09-16 00:19:00+00:00,-44.714394
2024-09-16 00:20:00+00:00,-51.320679
2024-09-16 00:21:00+00:00,-45.312592
2024-09-16 00:22:00+00:00,-53.477581
2024-09-16 00:23:00+00:00,-60.032223
2024-09-16 00:24:00+00:00,-50.229927
2024-09-16 00:25:00+00:00,-63.532173
2024-09-16 00:26:00+00:00,-76.658035
2024-09-16 00:27:00+00:00,-87.573456
2024-09-16 00:28:00+00:00,-101.433807
2024-09-16 00:29:00+00:00,-112.763977
2024-09-16 00:30:00+00:00,-111.548759
2024-09-16 00:31:00+00:00,-109.383377
2024-09-16 00:32:00+00:00,-105.412117
2024-09-16 00:33:00+00:00,-107.563034
2024-09-16 00:34:00+00:00,-123.21772
2024-09-16 00:35:00+00:00,-128.201508
2024-09-16 00:36:00+00:00,-133.196579
2024-09-16 00:37:00+00:00,-130.186264
2024-09-16 00:38:00+00:00,-121.445366
2024-09-16 00:39:00+00:00,-118.810814
2024-09-16 00:40:00+00:00,-124.771317
2024-09-16 00:41:00+00:00,-143.352722
2024-09-16 00:42:00+00:00,-153.497818
2024-09-16 00:43:00+00:00,-150.786163
2024-09-16 00:44:00+00:00,-148.419632
2024-09-16 00:45:00+00:00,-147.548492
2024-09-16 00:46:00+00:00,-142.26651
2024-09-16 00:47:00+00:00,-138.596176
2024-09-16 00:48:00+00:00,-136.894714
2024-09-16 00:49:00+00:00,-142.808365
2024-09-16 00:50:00+00:00,-150.130859
2024-09-16 00:51:00+00:00,-146.037704
2024-09-16 00:52:00+00:00,-150.38295
2024-09-16 00:53:00+00:00,-156.873001
2024-09-16 00:54:00+00:00,-154.232773
2024-09-16 00:55:00+00:00,-154.532043
2024-09-16 00:56:00+00:00,-158.254654
2024-09-16 00:57:00+00:00,-160.928375
2024-09-16 00:58:00+00:00,-165.511658
2024-09-16 00:59:00+00:00,-165.23053
2024-09-16 01:00:00+00:00,-175.586258
2024-09-16 01:01:00+00:00,-198.381943
2024-09-16 01:02:00+00:00,-231.495422
2024-09-16 01:03:00+00:00,-261.990265
2024-09-16 01:04:00+00:00,-266.514008
2024-09-16 01:05:00+00:00,-282.777679
2024-09-16 01:06:00+00:00,-281.733521
2024-09-16 01:07:00+00:00,-316.504059
2024-09-16 01:08:00+00:00,-325.196808
2024-09-16 01:09:00+00:00,-364.199036
2024-09-16 01:10:00+00:00,-371.472656
2024-09-16 01:11:00+00:00,-366.658447
2024-09-16 01:12:00+00:00,-384.13324
2024-09-16 01:13:00+00:00,-392.243896
2024-09-16 01:14:00+00:00,-380.718323
2024-09-16 01:15:00+00:00,-371.554718
2024-09-16 01:16:00+00:00,-389.196777
2024-09-16 01:17:00+00:00,-402.953033
2024-09-16 01:18:00+00:00,-397.580322
2024-09-16 01:19:00+00:00,-395.148804
2024-09-16 01:20:00+00:00,-392.984741
2024-09-16 01:21:00+00:00,-419.55426
2024-09-16 01:22:00+00:00,-407.187866
2024-09-16 01:23:00+00:00,-414.322571
2024-09-16 01:24:00+00:00,-444.288696
2024-09-16 01:25:00+00:00,-444.773682
2024-09-16 01:26:00+00:00,-448.455414
2024-09-16 01:27:00+00:00,-405.301086
2024-09-16 01:28:00+00:00,-410.011108
2024-09-16 01:29:00+00:00,-425.301605
2024-09-16 01:30:00+00:00,-412.311432
2024-09-16 01:31:00+00:00,-454.702454
2024-09-16 01:32:00+00:00,-496.217651
2024-09-16 01:33:00+00:00,-501.431885
2024-09-16 01:34:00+00:00,-501.557831
2024-09-16 01:35:00+00:00,-475.313019
2024-09-16 01:36:00+00:00,-460.274323
2024-09-16 01:37:00+00:00,-463.484619
2024-09-16 01:38:00+00:00,-462.682739
2024-09-16 01:39:00+00:00,-460.724854
2024-09-16 01:40:00+00:00,-455.594116
2024-09-16 01:41:00+00:00,-461.671112
2024-09-16 01:42:00+00:00,-448.725159
2024-09-16 01:43:00+00:00,-415.919067
2024-09-16 01:44:00+00:00,-388.110138
2024-09-16 01:45:00+00:00,-369.483459
2024-09-16 01:46:00+00:00,-348.130493
2024-09-16 01:47:00+00:00,-344.347809
2024-09-16 01:48:00+00:00,-332.335968
2024-09-16 01:49:00+00:00,-305.897217
2024-09-16 01:50:00+00:00,-304.36792
2024-09-16 01:51:00+00:00,-290.863647
2024-09-16 01:52:00+00:00,-283.425659
2024-09-16 01:53:00+00:00,-278.396484
2024-09-16 01:54:00+00:00,-280.827209
2024-09-16 01:55:00+00:00,-281.329224
2024-09-16 01:56:00+00:00,-287.41925
2024-09-16 01:57:00+00:00,-291.506592
2024-09-16 01:58:00+00:00,-294.625519
2024-09-16 01:59:00+00:00,-294.878906
2024-09-16 02:00:00+00:00,-300.614044
2024-09-16 02:01:00+00:00,-298.806122
2024-09-16 02:02:00+00:00,-286.67038
2024-09-16 02:03:00+00:00,-278.0047
2024-09-16 02:04:00+00:00,-274.092285
2024-09-16 02:05:00+00:00,-277.524048
2024-09-16 02:06:00+00:00,-275.056793
2024-09-16 02:07:00+00:00,-267.369446
2024-09-16 02:08:00+00:00,-288.495056
2024-09-16 02:09:00+00:00,-301.247955
2024-09-16 02:10:00+00:00,-295.055817
2024-09-16 02:11:00+00:00,-286.267273
2024-09-16 02:12:00+00:00,-273.475067
2024-09-16 02:13:00+00:00,-270.518097
2024-09-16 02:14:00+00:00,-259.947266
2024-09-16 02:15:00+00:00,-262.646057
2024-09-16 02:16:00+00:00,-267.125305
2024-09-16 02:17:00+00:00,-259.045166
2024-09-16 02:18:00+00:00,-255.391693
2024-09-16 02:19:00+00:00,-248.654037
2024-09-16 02:20:00+00:00,-234.287491
2024-09-16 02:21:00+00:00,-213.835953
2024-09-16 02:22:00+00:00,-188.974106
2024-09-16 02:23:00+00:00,-167.699341
2024-09-16 02:24:00+00:00,-158.763474
2024-09-16 02:25:00+00:00,-160.274292
2024-09-16 02:26:00+00:00,-161.609146
2024-09-16 02:27:00+00:00,-157.926697
2024-09-16 02:28:00+00:00,-159.912994
2024-09-16 02:29:00+00:00,-163.15657
2024-09-16 02:30:00+00:00,-166.035736
2024-09-16 02:31:00+00:00,-166.311813
2024-09-16 02:32:00+00:00,-169.105072
2024-09-16 02:33:00+00:00,-166.817413
2024-09-16 02:34:00+00:00,-161.975342
2024-09-16 02:35:00+00:00,-151.282974
2024-09-16 02:36:00+00:00,-153.365295
2024-09-16 02:37:00+00:00,-155.705841
2024-09-16 02:38:00+00:00,-150.949844
2024-09-16 02:39:00+00:00,-142.209763
2024-09-16 02:40:00+00:00,-122.816612
2024-09-16 02:41:00+00:00,-113.447784
2024-09-16 02:42:00+00:00,-113.878372
2024-09-16 02:43:00+00:00,-113.2911
2024-09-16 02:44:00+00:00,-108.636314
2024-09-16 02:45:00+00:00,-104.102798
2024-09-16 02:46:00+00:00,-100.84301
2024-09-16 02:47:00+00:00,-102.694695
2024-09-23 00:00:00+00:00,-96.218842
2024-09-23 00:01:00+00:00,-103.158554
2024-09-23 00:02:00+00:00,-107.091431
2024-09-23 00:03:00+00:00,-102.475914
2024-09-23 00:04:00+00:00,-110.219215
2024-09-23 00:05:00+00:00,-107.83696
2024-09-23 00:06:00+00:00,-109.385071
2024-09-23 00:07:00+00:00,-110.944412
2024-09-23 00:08:00+00:00,-110.544525
2024-09-23 00:09:00+00:00,-104.277168
2024-09-23 00:10:00+00:00,-105.235779
2024-09-23 00:11:00+00:00,-110.863708
2024-09-23 00:12:00+00:00,-110.342583
2024-09-23 00:13:00+00:00,-106.889191
2024-09-23 00:14:00+00:00,-114.130104
2024-09-23 00:15:00+00:00,-114.350288
2024-09-23 00:16:00+00:00,-112.030762
2024-09-23 00:17:00+00:00,-111.829727
2024-09-23 00:18:00+00:00,-105.438576
2024-09-23 00:19:00+00:00,-104.688354
2024-09-23 00:20:00+00:00,-100.450447
2024-09-23 00:21:00+00:00,-84.142799
2024-09-23 00:22:00+00:00,-88.134705
2024-09-23 00:23:00+00:00,-86.226898
2024-09-23 00:24:00+00:00,-84.833206
2024-09-23 00:25:00+00:00,-85.139786
2024-09-23 00:26:00+00:00,-75.523964
2024-09-23 00:27:00+00:00,-79.465965
2024-09-23 00:28:00+00:00,-70.057899
2024-09-23 00:29:00+00:00,-77.712494
2024-09-23 00:30:00+00:00,-73.114624
2024-09-23 00:31:00+00:00,-75.564102
2024-09-23 00:32:00+00:00,-75.474861
2024-09-23 00:33:00+00:00,-74.682671
2024-09-23 00:34:00+00:00,-95.470871
2024-09-23 00:35:00+00:00,-118.54306
2024-09-23 00:36:00+00:00,-123.703476
2024-09-23 00:37:00+00:00,-132.664749
2024-09-23 00:38:00+00:00,-118.922813
2024-09-23 00:39:00+00:00,-113.777489
2024-09-23 00:40:00+00:00,-122.64576
2024-09-23 00:41:00+00:00,-102.070534
2024-09-23 00:42:00+00:00,-110.645943
2024-09-23 00:43:00+00:00,-115.643509
2024-09-23 00:44:00+00:00,-110.062943
2024-09-23 00:45:00+00:00,-119.228539
2024-09-23 00:46:00+00:00,-115.671852
2024-09-23 00:47:00+00:00,-109.903656
2024-09-23 00:48:00+00:00,-108.844154
2024-09-23 00:49:00+00:00,-109.316864
2024-09-23 00:50:00+00:00,-106.519989
2024-09-23 00:51:00+00:00,-107.657227
2024-09-23 00:52:00+00:00,-99.619339
2024-09-23 00:53:00+00:00,-98.310394
2024-09-23 00:54:00+00:00,-94.013947
2024-09-23 00:55:00+00:00,-91.871498
2024-09-23 00:56:00+00:00,-89.239525
2024-09-23 00:57:00+00:00,-93.789833
2024-09-23 00:58:00+00:00,-90.549057
2024-09-23 00:59:00+00:00,-87.052902
2024-09-23 01:00:00+00:00,-85.276917
2024-09-23 01:01:00+00:00,-81.21579
2024-09-23 01:02:00+00:00,-83.448463
2024-09-23 01:03:00+00:00,-77.240135
2024-09-23 01:04:00+00:00,-77.137726
2024-09-23 01:05:00+00:00,-72.236847
2024-09-23 01:06:00+00:00,-69.114113
2024-09-23 01:07:00+00:00,-68.16391
2024-09-23 01:08:00+00:00,-66.615578
2024-09-23 01:09:00+00:00,-66.13797
2024-09-23 01:10:00+00:00,-61.02005
2024-09-23 01:11:00+00:00,-60.701172
2024-09-23 01:12:00+00:00,-57.77108
2024-09-23 01:13:00+00:00,-55.347847
2024-09-23 01:14:00+00:00,-50.943192
2024-09-23 01:15:00+00:00,-53.46312
2024-09-23 01:16:00+00:00,-52.094734
2024-09-23 01:17:00+00:00,-56.153946
2024-09-23 01:18:00+00:00,-64.420166
2024-09-23 01:19:00+00:00,-72.42952
2024-09-23 01:20:00+00:00,-78.222031
2024-09-23 01:21:00+00:00,-86.430374
2024-09-23 01:22:00+00:00,-87.34874
2024-09-23 01:23:00+00:00,-86.881287
2024-09-23 01:24:00+00:00,-83.77507
2024-09-23 01:25:00+00:00,-88.632622
2024-09-23 01:26:00+00:00,-87.841621
2024-09-23 01:27:00+00:00,-82.660851
2024-09-23 01:28:00+00:00,-75.977013
2024-09-23 01:29:00+00:00,-69.140526
2024-09-23 01:30:00+00:00,-64.79232
2024-09-23 01:31:00+00:00,-60.643173
2024-09-23 01:32:00+00:00,-62.036858
2024-09-23 01:33:00+00:00,-60.521236
2024-09-23 01:34:00+00:00,-59.114864
2024-09-23 01:35:00+00:00,-56.59901
2024-09-23 01:36:00+00:00,-53.436382
2024-09-23 01:37:00+00:00,-50.487713
2024-09-23 01:38:00+00:00,-44.597553
2024-09-23 01:39:00+00:00,-39.71611
2024-09-23 01:40:00+00:00,-37.134407
2024-09-23 01:41:00+00:00,-37.788002
2024-09-23 01:42:00+00:00,-36.569481
2024-09-23 01:43:00+00:00,-33.58725
2024-09-23 01:44:00+00:00,-29.200499
2024-09-23 01:45:00+00:00,-26.503038
2024-09-23 01:46:00+00:00,-26.614777
2024-09-23 01:47:00+00:00,-26.627216
2024-09-23 01:48:00+00:00,-26.643751
2024-09-23 01:49:00+00:00,-26.660351
2024-09-23 01:50:00+00:00,-26.981575
2024-09-23 01:51:00+00:00,-26.998608
2024-09-23 01:52:00+00:00,-27.020557
2024-09-23 01:53:00+00:00,-27.047932
2024-09-23 01:54:00+00:00,-26.772009
2024-09-23 01:55:00+00:00,-26.802042
2024-09-23 01:56:00+00:00,-26.630093
2024-09-23 01:57:00+00:00,-26.558773
2024-09-23 01:58:00+00:00,-26.589912
2024-09-23 01:59:00+00:00,-26.81613
2024-09-23 02:00:00+00:00,-27.049873
2024-09-23 02:01:00+00:00,-27.080044
2024-09-23 02:02:00+00:00,-27.217987
2024-09-23 02:03:00+00:00,-27.157
2024-09-23 02:04:00+00:00,-27.29937
2024-09-23 02:05:00+00:00,-27.3423
2024-09-23 02:06:00+00:00,-27.482399
2024-09-23 02:07:00+00:00,-27.627117
2024-09-23 02:08:00+00:00,-28.076515
2024-09-23 02:09:00+00:00,-27.727016
2024-09-23 02:10:00+00:00,-28.078568
2024-09-23 02:11:00+00:00,-27.533447
2024-09-23 02:12:00+00:00,-27.288864
2024-09-23 02:13:00+00:00,-27.143589
2024-09-23 02:14:00+00:00,-27.402067
2024-09-23 02:15:00+00:00,-27.261913
2024-09-23 02:16:00+00:00,-27.425964
2024-09-23 02:17:00+00:00,-27.585567
2024-09-23 02:18:00+00:00,-27.252384
2024-09-23 02:19:00+00:00,-27.219324
2024-09-23 02:20:00+00:00,-27.783203
2024-09-23 02:21:00+00:00,-27.848349
2024-09-23 02:22:00+00:00,-27.816895
2024-09-23 02:23:00+00:00,-37.645409
2024-09-23 02:24:00+00:00,-39.404102
2024-09-23 02:25:00+00:00,-32.861336
2024-09-23 02:26:00+00:00,-36.489422
2024-09-23 02:27:00+00:00,-37.474995
2024-09-23 02:28:00+00:00,-38.798447
2024-09-23 02:29:00+00:00,-31.529148
2024-09-23 02:30:00+00:00,-28.629967
2024-09-23 02:31:00+00:00,-28.083141
2024-09-23 02:32:00+00:00,-28.063652
2024-09-23 02:33:00+00:00,-27.446365
2024-09-23 02:34:00+00:00,-27.129635
2024-09-23 02:35:00+00:00,-26.91221
2024-09-23 02:36:00+00:00,-27.198936
2024-09-23 02:37:00+00:00,-27.289307
2024-09-23 02:38:00+00:00,-27.576401
2024-09-23 02:39:00+00:00,-27.769127
2024-09-23 02:40:00+00:00,-27.562714
2024-09-23 02:41:00+00:00,-27.65435
2024-09-23 02:42:00+00:00,-27.350601
2024-09-23 02:43:00+00:00,-27.145527
2024-09-23 02:44:00+00:00,-27.037994
2024-09-23 02:45:00+00:00,-26.934349
2024-09-23 02:46:00+00:00,-26.933048
2024-09-23 02:47:00+00:00,-26.832836
2024-09-30 00:00:00+00:00,-172.850464
2024-09-30 00:01:00+00:00,-173.935379
2024-09-30 00:02:00+00:00,-174.428406
2024-09-30 00:03:00+00:00,-179.905701
2024-09-30 00:04:00+00:00,-183.992264
2024-09-30 00:05:00+00:00,-189.210571
2024-09-30 00:06:00+00:00,-187.997574
2024-09-30 00:07:00+00:00,-177.705902
2024-09-30 00:08:00+00:00,-172.415634
2024-09-30 00:09:00+00:00,-168.727295
2024-09-30 00:10:00+00:00,-187.741989
2024-09-30 00:11:00+00:00,-198.146835
2024-09-30 00:12:00+00:00,-193.365784
2024-09-30 00:13:00+00:00,-192.616592
2024-09-30 00:14:00+00:00,-188.941284
2024-09-30 00:15:00+00:00,-178.201248
2024-09-30 00:16:00+00:00,-165.801117
2024-09-30 00:17:00+00:00,-172.515335
2024-09-30 00:18:00+00:00,-178.410324
2024-09-30 00:19:00+00:00,-180.715485
2024-09-30 00:20:00+00:00,-175.984711
2024-09-30 00:21:00+00:00,-174.508026
2024-09-30 00:22:00+00:00,-168.928192
2024-09-30 00:23:00+00:00,-178.919586
2024-09-30 00:24:00+00:00,-209.904312
2024-09-30 00:25:00+00:00,-227.860352
2024-09-30 00:26:00+00:00,-257.85022
2024-09-30 00:27:00+00:00,-281.871979
2024-09-30 00:28:00+00:00,-280.841614
2024-09-30 00:29:00+00:00,-287.781952
2024-09-30 00:30:00+00:00,-301.759644
2024-09-30 00:31:00+00:00,-287.738861
2024-09-30 00:32:00+00:00,-279.709839
2024-09-30 00:33:00+00:00,-280.696991
2024-09-30 00:34:00+00:00,-255.684708
2024-09-30 00:35:00+00:00,-232.653458
2024-09-30 00:36:00+00:00,-223.626038
2024-09-30 00:37:00+00:00,-213.603775
2024-09-30 00:38:00+00:00,-205.576263
2024-09-30 00:39:00+00:00,-218.967667
2024-09-30 00:40:00+00:00,-240.441788
2024-09-30 00:41:00+00:00,-250.314407
2024-09-30 00:42:00+00:00,-244.967331
2024-09-30 00:43:00+00:00,-215.921066
2024-09-30 00:44:00+00:00,-212.575729
2024-09-30 00:45:00+00:00,-210.014908
2024-09-30 00:46:00+00:00,-228.071304
2024-09-30 00:47:00+00:00,-227.617966
2024-09-30 00:48:00+00:00,-205.593384
2024-09-30 00:49:00+00:00,-208.676239
2024-09-30 00:50:00+00:00,-220.16832
2024-09-30 00:51:00+00:00,-232.879868
2024-09-30 00:52:00+00:00,-225.951096
2024-09-30 00:53:00+00:00,-221.208893
2024-09-30 00:54:00+00:00,-221.655182
2024-09-30 00:55:00+00:00,-217.505539
2024-09-30 00:56:00+00:00,-218.688461
2024-09-30 00:57:00+00:00,-213.426407
2024-09-30 00:58:00+00:00,-228.007965
2024-09-30 00:59:00+00:00,-249.670883
2024-09-30 01:00:00+00:00,-259.326294
2024-09-30 01:01:00+00:00,-251.586548
2024-09-30 01:02:00+00:00,-279.575104
2024-09-30 01:03:00+00:00,-290.393494
2024-09-30 01:04:00+00:00,-319.085297
2024-09-30 01:05:00+00:00,-312.434418
2024-09-30 01:06:00+00:00,-312.539978
2024-09-30 01:07:00+00:00,-326.424103
2024-09-30 01:08:00+00:00,-319.980042
2024-09-30 01:09:00+00:00,-352.178589
2024-09-30 01:10:00+00:00,-381.570465
2024-09-30 01:11:00+00:00,-364.577637
2024-09-30 01:12:00+00:00,-360.655548
2024-09-30 01:13:00+00:00,-377.410095
2024-09-30 01:14:00+00:00,-349.14325
2024-09-30 01:15:00+00:00,-344.821899
2024-09-30 01:16:00+00:00,-331.606659
2024-09-30 01:17:00+00:00,-335.521637
2024-09-30 01:18:00+00:00,-331.347351
2024-09-30 01:19:00+00:00,-331.84845
2024-09-30 01:20:00+00:00,-335.221191
2024-09-30 01:21:00+00:00,-343.820953
2024-09-30 01:22:00+00:00,-349.276062
2024-09-30 01:23:00+00:00,-347.126617
2024-09-30 01:24:00+00:00,-338.026886
2024-09-30 01:25:00+00:00,-319.672211
2024-09-30 01:26:00+00:00,-320.795868
2024-09-30 01:27:00+00:00,-321.840851
2024-09-30 01:28:00+00:00,-302.70285
2024-09-30 01:29:00+00:00,-278.557892
2024-09-30 01:30:00+00:00,-272.090179
2024-09-30 01:31:00+00:00,-266.793793
2024-09-30 01:32:00+00:00,-256.823669
2024-09-30 01:33:00+00:00,-249.774643
2024-09-30 01:34:00+00:00,-249.275116
2024-09-30 01:35:00+00:00,-254.818176
2024-09-30 01:36:00+00:00,-252.484344
2024-09-30 01:37:00+00:00,-260.529633
2024-09-30 01:38:00+00:00,-292.297546
2024-09-30 01:39:00+00:00,-306.069519
2024-09-30 01:40:00+00:00,-310.565277
2024-09-30 01:41:00+00:00,-312.519196
2024-09-30 01:42:00+00:00,-307.276001
2024-09-30 01:43:00+00:00,-304.282013
2024-09-30 01:44:00+00:00,-299.114471
2024-09-30 01:45:00+00:00,-297.26535
2024-09-30 01:46:00+00:00,-293.174225
2024-09-30 01:47:00+00:00,-300.124329
2024-09-30 01:48:00+00:00,-305.841187
2024-09-30 01:49:00+00:00,-303.769196
2024-09-30 01:50:00+00:00,-294.572418
2024-09-30 01:51:00+00:00,-287.478546
2024-09-30 01:52:00+00:00,-278.711914
2024-09-30 01:53:00+00:00,-284.764557
2024-09-30 01:54:00+00:00,-294.156647
2024-09-30 01:55:00+00:00,-297.308105
2024-09-30 01:56:00+00:00,-294.588043
2024-09-30 01:57:00+00:00,-280.384033
2024-09-30 01:58:00+00:00,-268.819183
2024-09-30 01:59:00+00:00,-271.098724
2024-09-30 02:00:00+00:00,-265.067841
2024-09-30 02:01:00+00:00,-254.756851
2024-09-30 02:02:00+00:00,-248.700302
2024-09-30 02:03:00+00:00,-214.552017
2024-09-30 02:04:00+00:00,-184.210022
2024-09-30 02:05:00+00:00,-157.882339
2024-09-30 02:06:00+00:00,-153.740768
2024-09-30 02:07:00+00:00,-148.191269
2024-09-30 02:08:00+00:00,-128.192307
2024-09-30 02:09:00+00:00,-120.380508
2024-09-30 02:10:00+00:00,-124.375771
2024-09-30 02:11:00+00:00,-137.327957
2024-09-30 02:12:00+00:00,-146.265671
2024-09-30 02:13:00+00:00,-146.031708
2024-09-30 02:14:00+00:00,-136.600983
2024-09-30 02:15:00+00:00,-121.316566
2024-09-30 02:16:00+00:00,-111.930733
2024-09-30 02:17:00+00:00,-101.538185
2024-09-30 02:18:00+00:00,-88.473877
2024-09-30 02:19:00+00:00,-67.135254
2024-09-30 02:20:00+00:00,-76.723969
2024-09-30 02:21:00+00:00,-84.998764
2024-09-30 02:22:00+00:00,-76.825798
2024-09-30 02:23:00+00:00,-64.79808
2024-09-30 02:24:00+00:00,-58.248466
2024-09-30 02:25:00+00:00,-63.088245
2024-09-30 02:26:00+00:00,-72.209335
2024-09-30 02:27:00+00:00,-69.637985
2024-09-30 02:28:00+00:00,-57.050209
2024-09-30 02:29:00+00:00,-61.191029
2024-09-30 02:30:00+00:00,-69.93602
2024-09-30 02:31:00+00:00,-74.841179
2024-09-30 02:32:00+00:00,-81.21167
2024-09-30 02:33:00+00:00,-84.036674
2024-09-30 02:34:00+00:00,-88.132416
2024-09-30 02:35:00+00:00,-94.423859
2024-09-30 02:36:00+00:00,-105.754929
2024-09-30 02:37:00+00:00,-124.844437
2024-09-30 02:38:00+00:00,-125.393272
2024-09-30 02:39:00+00:00,-115.074913
2024-09-30 02:40:00+00:00,-110.964378
2024-09-30 02:41:00+00:00,-102.41259
2024-09-30 02:42:00+00:00,-92.552711
2024-09-30 02:43:00+00:00,-99.639732
2024-09-30 02:44:00+00:00,-107.57309
2024-09-30 02:45:00+00:00,-108.77626
2024-09-30 02:46:00+00:00,-103.434822
2024-09-30 02:47:00+00:00,-91.810478
2024-10-07 00:00:00+00:00,-391.01532
2024-10-07 00:01:00+00:00,-381.962891
2024-10-07 00:02:00+00:00,-420.431824
2024-10-07 00:03:00+00:00,-456.115753
2024-10-07 00:04:00+00:00,-473.984924
2024-10-07 00:05:00+00:00,-497.389771
2024-10-07 00:06:00+00:00,-568.973206
2024-10-07 00:07:00+00:00,-590.623962
2024-10-07 00:08:00+00:00,-618.353149
2024-10-07 00:09:00+00:00,-624.621155
2024-10-07 00:10:00+00:00,-559.26825
2024-10-07 00:11:00+00:00,-526.325745
2024-10-07 00:12:00+00:00,-584.710266
2024-10-07 00:13:00+00:00,-609.565796
2024-10-07 00:14:00+00:00,-615.516479
2024-10-07 00:15:00+00:00,-693.479858
2024-10-07 00:16:00+00:00,-668.493652
2024-10-07 00:17:00+00:00,-658.188232
2024-10-07 00:18:00+00:00,-686.587952
2024-10-07 00:19:00+00:00,-718.195984
2024-10-07 00:20:00+00:00,-710.073364
2024-10-07 00:21:00+00:00,-686.030396
2024-10-07 00:22:00+00:00,-679.800171
2024-10-07 00:23:00+00:00,-635.765259
2024-10-07 00:24:00+00:00,-609.700256
2024-10-07 00:25:00+00:00,-595.941956
2024-10-07 00:26:00+00:00,-564.338928
2024-10-07 00:27:00+00:00,-558.048279
2024-10-07 00:28:00+00:00,-540.542725
2024-10-07 00:29:00+00:00,-546.883484
2024-10-07 00:30:00+00:00,-557.269958
2024-10-07 00:31:00+00:00,-559.56543
2024-10-07 00:32:00+00:00,-569.512268
2024-10-07 00:33:00+00:00,-574.045776
2024-10-07 00:34:00+00:00,-552.033081
2024-10-07 00:35:00+00:00,-539.931152
2024-10-07 00:36:00+00:00,-530.206543
2024-10-07 00:37:00+00:00,-512.698486
2024-10-07 00:38:00+00:00,-524.49707
2024-10-07 00:39:00+00:00,-511.721161
2024-10-07 00:40:00+00:00,-488.641113
2024-10-07 00:41:00+00:00,-485.523376
2024-10-07 00:42:00+00:00,-477.118896
2024-10-07 00:43:00+00:00,-456.5242
2024-10-07 00:44:00+00:00,-414.361908
2024-10-07 00:45:00+00:00,-414.205902
2024-10-07 00:46:00+00:00,-421.88324
2024-10-07 00:47:00+00:00,-479.141022
2024-10-07 00:48:00+00:00,-481.426239
2024-10-07 00:49:00+00:00,-465.713196
2024-10-07 00:50:00+00:00,-453.273285
2024-10-07 00:51:00+00:00,-492.684692
2024-10-07 00:52:00+00:00,-491.872589
2024-10-07 00:53:00+00:00,-474.141174
2024-10-07 00:54:00+00:00,-425.851898
2024-10-07 00:55:00+00:00,-436.391449
2024-10-07 00:56:00+00:00,-436.485901
2024-10-07 00:57:00+00:00,-443.363068
2024-10-07 00:58:00+00:00,-449.756195
2024-10-07 00:59:00+00:00,-452.493805
2024-10-07 01:00:00+00:00,-463.883148
2024-10-07 01:01:00+00:00,-435.07016
2024-10-07 01:02:00+00:00,-436.396545
2024-10-07 01:03:00+00:00,-480.046387
2024-10-07 01:04:00+00:00,-470.184937
2024-10-07 01:05:00+00:00,-507.413696
2024-10-07 01:06:00+00:00,-479.949829
2024-10-07 01:07:00+00:00,-494.867554
2024-10-07 01:08:00+00:00,-540.635559
2024-10-07 01:09:00+00:00,-542.727234
2024-10-07 01:10:00+00:00,-594.42865
2024-10-07 01:11:00+00:00,-621.732971
2024-10-07 01:12:00+00:00,-607.25061
2024-10-07 01:13:00+00:00,-605.124023
2024-10-07 01:14:00+00:00,-594.987488
2024-10-07 01:15:00+00:00,-596.520325
2024-10-07 01:16:00+00:00,-600.256775
2024-10-07 01:17:00+00:00,-588.783875
2024-10-07 01:18:00+00:00,-563.410156
2024-10-07 01:19:00+00:00,-522.698242
2024-10-07 01:20:00+00:00,-511.220306
2024-10-07 01:21:00+00:00,-493.942444
2024-10-07 01:22:00+00:00,-469.046997
2024-10-07 01:23:00+00:00,-466.117645
2024-10-07 01:24:00+00:00,-515.577209
2024-10-07 01:25:00+00:00,-570.673462
2024-10-07 01:26:00+00:00,-561.189697
2024-10-07 01:27:00+00:00,-547.390564
2024-10-07 01:28:00+00:00,-515.87561
2024-10-07 01:29:00+00:00,-491.427765
2024-10-07 01:30:00+00:00,-450.46347
2024-10-07 01:31:00+00:00,-431.677307
2024-10-07 01:32:00+00:00,-439.361053
2024-10-07 01:33:00+00:00,-460.158264
2024-10-07 01:34:00+00:00,-477.275391
2024-10-07 01:35:00+00:00,-489.334564
2024-10-07 01:36:00+00:00,-465.593018
2024-10-07 01:37:00+00:00,-460.601257
2024-10-07 01:38:00+00:00,-460.669495
2024-10-07 01:39:00+00:00,-473.457977
2024-10-07 01:40:00+00:00,-431.23114
2024-10-07 01:41:00+00:00,-389.527802
2024-10-07 01:42:00+00:00,-349.657837
2024-10-07 01:43:00+00:00,-353.223694
2024-10-07 01:44:00+00:00,-336.36908
2024-10-07 01:45:00+00:00,-308.668213
2024-10-07 01:46:00+00:00,-306.069366
2024-10-07 01:47:00+00:00,-295.94519
2024-10-07 01:48:00+00:00,-288.256775
2024-10-07 01:49:00+00:00,-271.705872
2024-10-07 01:50:00+00:00,-259.235504
2024-10-07 01:51:00+00:00,-248.397324
2024-10-07 01:52:00+00:00,-243.06485
2024-10-07 01:53:00+00:00,-231.123962
2024-10-07 01:54:00+00:00,-224.005936
2024-10-07 01:55:00+00:00,-222.752594
2024-10-07 01:56:00+00:00,-211.933167
2024-10-07 01:57:00+00:00,-200.498993
2024-10-07 01:58:00+00:00,-189.966248
2024-10-07 01:59:00+00:00,-184.167145
2024-10-07 02:00:00+00:00,-178.975693
2024-10-07 02:01:00+00:00,-170.348969
2024-10-07 02:02:00+00:00,-163.760635
2024-10-07 02:03:00+00:00,-151.578079
2024-10-07 02:04:00+00:00,-137.606674
2024-10-07 02:05:00+00:00,-133.927673
2024-10-07 02:06:00+00:00,-134.875183
2024-10-07 02:07:00+00:00,-134.493393
2024-10-07 02:08:00+00:00,-131.531509
2024-10-07 02:09:00+00:00,-129.79834
2024-10-07 02:10:00+00:00,-139.453812
2024-10-07 02:11:00+00:00,-147.304993
2024-10-07 02:12:00+00:00,-141.160416
2024-10-07 02:13:00+00:00,-136.279129
2024-10-07 02:14:00+00:00,-140.746582
2024-10-07 02:15:00+00:00,-146.204865
2024-10-07 02:16:00+00:00,-142.006149
2024-10-07 02:17:00+00:00,-137.379242
2024-10-07 02:18:00+00:00,-138.085068
2024-10-07 02:19:00+00:00,-150.144226
2024-10-07 02:20:00+00:00,-155.838074
2024-10-07 02:21:00+00:00,-155.338699
2024-10-07 02:22:00+00:00,-157.8815
2024-10-07 02:23:00+00:00,-154.417801
2024-10-07 02:24:00+00:00,-161.334488
2024-10-07 02:25:00+00:00,-166.23909
2024-10-07 02:26:00+00:00,-160.454987
2024-10-07 02:27:00+00:00,-155.279205
2024-10-07 02:28:00+00:00,-153.181564
2024-10-07 02:29:00+00:00,-156.421524
2024-10-07 02:30:00+00:00,-139.94133
2024-10-07 02:31:00+00:00,-126.142982
2024-10-07 02:32:00+00:00,-115.46933
2024-10-07 02:33:00+00:00,-108.571739
2024-10-07 02:34:00+00:00,-103.916023
2024-10-07 02:35:00+00:00,-107.092026
2024-10-07 02:36:00+00:00,-116.587631
2024-10-07 02:37:00+00:00,-123.13797
2024-10-07 02:38:00+00:00,-147.172363
2024-10-07 02:39:00+00:00,-142.320679
2024-10-07 02:40:00+00:00,-137.782166
2024-10-07 02:41:00+00:00,-128.733551
2024-10-07 02:42:00+00:00,-147.313507
2024-10-07 02:43:00+00:00,-187.438065
2024-10-07 02:44:00+00:00,-216.001038
2024-10-07 02:45:00+00:00,-229.408081
2024-10-07 02:46:00+00:00,-238.089905
2024-10-07 02:47:00+00:00,-245.120102
2024-10-14 00:00:00+00:00,-45.279804
2024-10-14 00:01:00+00:00,-45.043179
2024-10-14 00:02:00+00:00,-44.706871
2024-10-14 00:03:00+00:00,-44.366646
2024-10-14 00:04:00+00:00,-44.426849
2024-10-14 00:05:00+00:00,-44.182476
2024-10-14 00:06:00+00:00,-43.826561
2024-10-14 00:07:00+00:00,-43.977051
2024-10-14 00:08:00+00:00,-43.827042
2024-10-14 00:09:00+00:00,-43.575817
2024-10-14 00:10:00+00:00,-42.924603
2024-10-14 00:11:00+00:00,-42.371506
2024-10-14 00:12:00+00:00,-41.717365
2024-10-14 00:13:00+00:00,-41.159512
2024-10-14 00:14:00+00:00,-40.890633
2024-10-14 00:15:00+00:00,-40.732517
2024-10-14 00:16:00+00:00,-40.469692
2024-10-14 00:17:00+00:00,-40.311203
2024-10-14 00:18:00+00:00,-39.948517
2024-10-14 00:19:00+00:00,-39.885593
2024-10-14 00:20:00+00:00,-39.421322
2024-10-14 00:21:00+00:00,-38.84584
2024-10-14 00:22:00+00:00,-38.379814
2024-10-14 00:23:00+00:00,-37.514576
2024-10-14 00:24:00+00:00,-37.345886
2024-10-14 00:25:00+00:00,-37.176537
2024-10-14 00:26:00+00:00,-36.70776
2024-10-14 00:27:00+00:00,-36.437668
2024-10-14 00:28:00+00:00,-36.170998
2024-10-14 00:29:00+00:00,-35.988762
2024-10-14 00:30:00+00:00,-35.719353
2024-10-14 00:31:00+00:00,-35.045544
2024-10-14 00:32:00+00:00,-33.969891
2024-10-14 00:33:00+00:00,-33.2915
2024-10-14 00:34:00+00:00,-33.108307
2024-10-14 00:35:00+00:00,-33.024109
2024-10-14 00:36:00+00:00,-32.826645
2024-10-14 00:37:00+00:00,-32.337692
2024-10-14 00:38:00+00:00,-31.946623
2024-10-14 00:39:00+00:00,-31.653717
2024-10-14 00:40:00+00:00,-31.361591
2024-10-14 00:41:00+00:00,-31.064671
2024-10-14 00:42:00+00:00,-30.77104
2024-10-14 00:43:00+00:00,-30.676296
2024-10-14 00:44:00+00:00,-29.866795
2024-10-14 00:45:00+00:00,-29.373787
2024-10-14 00:46:00+00:00,-29.680119
2024-10-14 00:47:00+00:00,-29.887627
2024-10-14 00:48:00+00:00,-29.994637
2024-10-14 00:49:00+00:00,-30.005337
2024-10-14 00:50:00+00:00,-29.914143
2024-10-14 00:51:00+00:00,-29.614304
2024-10-14 00:52:00+00:00,-29.728428
2024-10-14 00:53:00+00:00,-29.948536
2024-10-14 00:54:00+00:00,-30.067871
2024-10-14 00:55:00+00:00,-29.787884
2024-10-14 00:56:00+00:00,-29.815887
2024-10-14 00:57:00+00:00,-29.445126
2024-10-14 00:58:00+00:00,-29.176588
2024-10-14 00:59:00+00:00,-29.360212
2024-10-14 01:00:00+00:00,-29.337286
2024-10-14 01:01:00+00:00,-29.392223
2024-10-14 01:02:00+00:00,-28.91758
2024-10-14 01:03:00+00:00,-28.884062
2024-10-14 01:04:00+00:00,-28.578781
2024-10-14 01:05:00+00:00,-28.75955
2024-10-14 01:06:00+00:00,-28.812305
2024-10-14 01:07:00+00:00,-28.599939
2024-10-14 01:08:00+00:00,-28.983006
2024-10-14 01:09:00+00:00,-28.930254
2024-10-14 01:10:00+00:00,-28.910439
2024-10-14 01:11:00+00:00,-29.1052
2024-10-14 01:12:00+00:00,-28.883684
2024-10-14 01:13:00+00:00,-29.234169
2024-10-14 01:14:00+00:00,-28.689016
2024-10-14 01:15:00+00:00,-28.238195
2024-10-14 01:16:00+00:00,-27.453135
2024-10-14 01:17:00+00:00,-27.107271
2024-10-14 01:18:00+00:00,-27.184982
2024-10-14 01:19:00+00:00,-26.93432
2024-10-14 01:20:00+00:00,-26.433409
2024-10-14 01:21:00+00:00,-26.138382
2024-10-14 01:22:00+00:00,-25.344002
2024-10-14 01:23:00+00:00,-25.004457
2024-10-14 01:24:00+00:00,-24.715452
2024-10-14 01:25:00+00:00,-24.56488
2024-10-14 01:26:00+00:00,-24.191416
2024-10-14 01:27:00+00:00,-24.036465
2024-10-14 01:28:00+00:00,-25.062922
2024-10-14 01:29:00+00:00,-26.701471
2024-10-14 01:30:00+00:00,-28.620039
2024-10-14 01:31:00+00:00,-29.071199
2024-10-14 01:32:00+00:00,-28.634745
2024-10-14 01:33:00+00:00,-28.718018
2024-10-14 01:34:00+00:00,-27.966465
2024-10-14 01:35:00+00:00,-28.142986
2024-10-14 01:36:00+00:00,-29.046318
2024-10-14 01:37:00+00:00,-29.266603
2024-10-14 01:38:00+00:00,-29.015722
2024-10-14 01:39:00+00:00,-28.752731
2024-10-14 01:40:00+00:00,-28.530441
2024-10-14 01:41:00+00:00,-28.659466
2024-10-14 01:42:00+00:00,-28.780506
2024-10-14 01:43:00+00:00,-29.100664
2024-10-14 01:44:00+00:00,-29.204794
2024-10-14 01:45:00+00:00,-29.130436
2024-10-14 01:46:00+00:00,-28.925337
2024-10-14 01:47:00+00:00,-28.730194
2024-10-14 01:48:00+00:00,-28.742344
2024-10-14 01:49:00+00:00,-28.809513
2024-10-14 01:50:00+00:00,-28.713028
2024-10-14 01:51:00+00:00,-28.102257
2024-10-14 01:52:00+00:00,-27.549786
2024-10-14 01:53:00+00:00,-27.544815
2024-10-14 01:54:00+00:00,-28.308119
2024-10-14 01:55:00+00:00,-28.900318
2024-10-14 01:56:00+00:00,-29.147654
2024-10-14 01:57:00+00:00,-28.774811
2024-10-14 01:58:00+00:00,-28.711546
2024-10-14 01:59:00+00:00,-28.628914
2024-10-14 02:00:00+00:00,-28.776855
2024-10-14 02:01:00+00:00,-28.745852
2024-10-14 02:02:00+00:00,-28.605839
2024-10-14 02:03:00+00:00,-28.325579
2024-10-14 02:04:00+00:00,-28.039848
2024-10-14 02:05:00+00:00,-27.930302
2024-10-14 02:06:00+00:00,-27.884832
2024-10-14 02:07:00+00:00,-27.885515
2024-10-14 02:08:00+00:00,-28.003826
2024-10-14 02:09:00+00:00,-28.188997
2024-10-14 02:10:00+00:00,-28.433226
2024-10-14 02:11:00+00:00,-28.433792
2024-10-14 02:12:00+00:00,-28.430943
2024-10-14 02:13:00+00:00,-28.364143
2024-10-14 02:14:00+00:00,-28.316711
2024-10-14 02:15:00+00:00,-28.16308
2024-10-14 02:16:00+00:00,-28.134991
2024-10-14 02:17:00+00:00,-28.111361
2024-10-14 02:18:00+00:00,-27.94767
2024-10-14 02:19:00+00:00,-27.93495
2024-10-14 02:20:00+00:00,-27.948212
2024-10-14 02:21:00+00:00,-28.316986
2024-10-14 02:22:00+00:00,-28.403749
2024-10-14 02:23:00+00:00,-28.471613
2024-10-14 02:24:00+00:00,-28.504961
2024-10-14 02:25:00+00:00,-28.703026
2024-10-14 02:26:00+00:00,-28.870506
2024-10-14 02:27:00+00:00,-29.003511
2024-10-14 02:28:00+00:00,-28.854004
2024-10-14 02:29:00+00:00,-28.66769
2024-10-14 02:30:00+00:00,-28.562593
2024-10-14 02:31:00+00:00,-28.526663
2024-10-14 02:32:00+00:00,-28.544323
2024-10-14 02:33:00+00:00,-28.512033
2024-10-14 02:34:00+00:00,-28.570389
2024-10-14 02:35:00+00:00,-28.541626
2024-10-14 02:36:00+00:00,-28.556337
2024-10-14 02:37:00+00:00,-28.560308
2024-10-14 02:38:00+00:00,-28.41848
2024-10-14 02:39:00+00:00,-28.138641
2024-10-14 02:40:00+00:00,-28.03326
2024-10-14 02:41:00+00:00,-27.965593
2024-10-14 02:42:00+00:00,-27.834047
2024-10-14 02:43:00+00:00,-27.712812
2024-10-14 02:44:00+00:00,-27.72286
2024-10-14 02:45:00+00:00,-27.73546
2024-10-14 02:46:00+00:00,-27.705553
2024-10-14 02:47:00+00:00,-27.492483
2024-10-21 00:00:00+00:00,-68.304787
2024-10-21 00:01:00+00:00,-62.753891
2024-10-21 00:02:00+00:00,-57.841499
2024-10-21 00:03:00+00:00,-55.486908
2024-10-21 00:04:00+00:00,-52.565315
2024-10-21 00:05:00+00:00,-50.252274
2024-10-21 00:06:00+00:00,-50.613403
2024-10-21 00:07:00+00:00,-54.360806
2024-10-21 00:08:00+00:00,-55.298489
2024-10-21 00:09:00+00:00,-53.666718
2024-10-21 00:10:00+00:00,-53.994743
2024-10-21 00:11:00+00:00,-59.167309
2024-10-21 00:12:00+00:00,-56.81337
2024-10-21 00:13:00+00:00,-53.0149
2024-10-21 00:14:00+00:00,-45.843517
2024-10-21 00:15:00+00:00,-43.104866
2024-10-21 00:16:00+00:00,-43.564487
2024-10-21 00:17:00+00:00,-40.814213
2024-10-21 00:18:00+00:00,-41.349461
2024-10-21 00:19:00+00:00,-44.273766
2024-10-21 00:20:00+00:00,-43.844757
2024-10-21 00:21:00+00:00,-41.886795
2024-10-21 00:22:00+00:00,-49.558796
2024-10-21 00:23:00+00:00,-56.408783
2024-10-21 00:24:00+00:00,-71.771652
2024-10-21 00:25:00+00:00,-74.814354
2024-10-21 00:26:00+00:00,-66.471443
2024-10-21 00:27:00+00:00,-51.664768
2024-10-21 00:28:00+00:00,-51.95776
2024-10-21 00:29:00+00:00,-62.334766
2024-10-21 00:30:00+00:00,-71.992065
2024-10-21 00:31:00+00:00,-64.440536
2024-10-21 00:32:00+00:00,-43.868454
2024-10-21 00:33:00+00:00,-39.76255
2024-10-21 00:34:00+00:00,-34.713608
2024-10-21 00:35:00+00:00,-30.158142
2024-10-21 00:36:00+00:00,-42.409626
2024-10-21 00:37:00+00:00,-44.419334
2024-10-21 00:38:00+00:00,-43.498653
2024-10-21 00:39:00+00:00,-43.516716
2024-10-21 00:40:00+00:00,-40.116096
2024-10-21 00:41:00+00:00,-35.234295
2024-10-21 00:42:00+00:00,-27.50119
2024-10-21 00:43:00+00:00,-23.898865
2024-10-21 00:44:00+00:00,-27.632069
2024-10-21 00:45:00+00:00,-25.75322
2024-10-21 00:46:00+00:00,-31.841412
2024-10-21 00:47:00+00:00,-39.657391
2024-10-21 00:48:00+00:00,-40.47068
2024-10-21 00:49:00+00:00,-32.387722
2024-10-21 00:50:00+00:00,-22.188787
2024-10-21 00:51:00+00:00,-21.346996
2024-10-21 00:52:00+00:00,-32.324284
2024-10-21 00:53:00+00:00,-39.194374
2024-10-21 00:54:00+00:00,-40.130402
2024-10-21 00:55:00+00:00,-45.617405
2024-10-21 00:56:00+00:00,-44.611904
2024-10-21 00:57:00+00:00,-43.087097
2024-10-21 00:58:00+00:00,-44.050377
2024-10-21 00:59:00+00:00,-42.446232
2024-10-21 01:00:00+00:00,-39.151897
2024-10-21 01:01:00+00:00,-36.698181
2024-10-21 01:02:00+00:00,-41.933987
2024-10-21 01:03:00+00:00,-38.897388
2024-10-21 01:04:00+00:00,-36.990707
2024-10-21 01:05:00+00:00,-35.038147
2024-10-21 01:06:00+00:00,-28.449493
2024-10-21 01:07:00+00:00,-22.144379
2024-10-21 01:08:00+00:00,-17.080444
2024-10-21 01:09:00+00:00,-23.454933
2024-10-21 01:10:00+00:00,-26.86158
2024-10-21 01:11:00+00:00,-28.945873
2024-10-21 01:12:00+00:00,-33.052525
2024-10-21 01:13:00+00:00,-33.832508
2024-10-21 01:14:00+00:00,-34.986744
2024-10-21 01:15:00+00:00,-33.633987
2024-10-21 01:16:00+00:00,-31.446348
2024-10-21 01:17:00+00:00,-31.016132
2024-10-21 01:18:00+00:00,-30.70507
2024-10-21 01:19:00+00:00,-29.148567
2024-10-21 01:20:00+00:00,-26.43795
2024-10-21 01:21:00+00:00,-24.657099
2024-10-21 01:22:00+00:00,-21.862463
2024-10-21 01:23:00+00:00,-20.083975
2024-10-21 01:24:00+00:00,-21.121574
2024-10-21 01:25:00+00:00,-21.771147
2024-10-21 01:26:00+00:00,-23.834429
2024-10-21 01:27:00+00:00,-26.558474
2024-10-21 01:28:00+00:00,-29.466209
2024-10-21 01:29:00+00:00,-28.800781
2024-10-21 01:30:00+00:00,-32.817547
2024-10-21 01:31:00+00:00,-32.999054
2024-10-21 01:32:00+00:00,-29.049532
2024-10-21 01:33:00+00:00,-26.977621
2024-10-21 01:34:00+00:00,-29.291521
2024-10-21 01:35:00+00:00,-29.026958
2024-10-21 01:36:00+00:00,-26.455967
2024-10-21 01:37:00+00:00,-23.660686
2024-10-21 01:38:00+00:00,-19.24115
2024-10-21 01:39:00+00:00,-15.916096
2024-10-21 01:40:00+00:00,-16.904646
2024-10-21 01:41:00+00:00,-17.752335
2024-10-21 01:42:00+00:00,-17.334774
2024-10-21 01:43:00+00:00,-14.584766
2024-10-21 01:44:00+00:00,-12.507688
2024-10-21 01:45:00+00:00,-11.030413
2024-10-21 01:46:00+00:00,-10.794692
2024-10-21 01:47:00+00:00,-12.464361
2024-10-21 01:48:00+00:00,-16.222061
2024-10-21 01:49:00+00:00,-21.107794
2024-10-21 01:50:00+00:00,-22.684017
2024-10-21 01:51:00+00:00,-22.041779
2024-10-21 01:52:00+00:00,-18.982269
2024-10-21 01:53:00+00:00,-12.662941
2024-10-21 01:54:00+00:00,-7.749479
2024-10-21 01:55:00+00:00,-7.740071
2024-10-21 01:56:00+00:00,-8.077613
2024-10-21 01:57:00+00:00,-8.844748
2024-10-21 01:58:00+00:00,-12.924713
2024-10-21 01:59:00+00:00,-16.139395
2024-10-21 02:00:00+00:00,-18.02758
2024-10-21 02:01:00+00:00,-16.955832
2024-10-21 02:02:00+00:00,-15.914701
2024-10-21 02:03:00+00:00,-15.579935
2024-10-21 02:04:00+00:00,-16.418293
2024-10-21 02:05:00+00:00,-20.277397
2024-10-21 02:06:00+00:00,-23.375244
2024-10-21 02:07:00+00:00,-22.482769
2024-10-21 02:08:00+00:00,-21.845306
2024-10-21 02:09:00+00:00,-20.161064
2024-10-21 02:10:00+00:00,-19.00325
2024-10-21 02:11:00+00:00,-13.810303
2024-10-21 02:12:00+00:00,-13.593083
2024-10-21 02:13:00+00:00,-13.433565
2024-10-21 02:14:00+00:00,-12.907591
2024-10-21 02:15:00+00:00,-12.645897
2024-10-21 02:16:00+00:00,-11.538153
2024-10-21 02:17:00+00:00,-11.170317
2024-10-21 02:18:00+00:00,-10.533623
2024-10-21 02:19:00+00:00,-10.276527
2024-10-21 02:20:00+00:00,-10.64417
2024-10-21 02:21:00+00:00,-10.535809
2024-10-21 02:22:00+00:00,-10.703787
2024-10-21 02:23:00+00:00,-10.337177
2024-10-21 02:24:00+00:00,-9.513715
2024-10-21 02:25:00+00:00,-9.696666
2024-10-21 02:26:00+00:00,-9.213976
2024-10-21 02:27:00+00:00,-9.743688
2024-10-21 02:28:00+00:00,-10.225441
2024-10-21 02:29:00+00:00,-11.246533
2024-10-21 02:30:00+00:00,-11.809941
2024-10-21 02:31:00+00:00,-11.683415
2024-10-21 02:32:00+00:00,-12.549743
2024-10-21 02:33:00+00:00,-15.752673
2024-10-21 02:34:00+00:00,-17.524624
2024-10-21 02:35:00+00:00,-21.379267
2024-10-21 02:36:00+00:00,-21.772671
2024-10-21 02:37:00+00:00,-20.006546
2024-10-21 02:38:00+00:00,-15.068222
2024-10-21 02:39:00+00:00,-11.279962
2024-10-21 02:40:00+00:00,-10.401386
2024-10-21 02:41:00+00:00,-11.609678
2024-10-21 02:42:00+00:00,-14.366323
2024-10-21 02:43:00+00:00,-17.314964
2024-10-21 02:44:00+00:00,-14.492798
2024-10-21 02:45:00+00:00,-8.393925
2024-10-21 02:46:00+00:00,-8.4683
2024-10-21 02:47:00+00:00,-9.235184
2024-10-28 00:00:00+00:00,-256.205505
2024-10-28 00:01:00+00:00,-266.339233
2024-10-28 00:02:00+00:00,-260.364014
2024-10-28 00:03:00+00:00,-274.222595
2024-10-28 00:04:00+00:00,-267.193695
2024-10-28 00:05:00+00:00,-255.113647
2024-10-28 00:06:00+00:00,-258.695587
2024-10-28 00:07:00+00:00,-251.868073
2024-10-28 00:08:00+00:00,-262.595886
2024-10-28 00:09:00+00:00,-262.164734
2024-10-28 00:10:00+00:00,-262.5401
2024-10-28 00:11:00+00:00,-262.419037
2024-10-28 00:12:00+00:00,-257.253357
2024-10-28 00:13:00+00:00,-248.659515
2024-10-28 00:14:00+00:00,-246.148178
2024-10-28 00:15:00+00:00,-242.009399
2024-10-28 00:16:00+00:00,-226.031967
2024-10-28 00:17:00+00:00,-213.769516
2024-10-28 00:18:00+00:00,-209.542007
2024-10-28 00:19:00+00:00,-208.185394
2024-10-28 00:20:00+00:00,-202.127029
2024-10-28 00:21:00+00:00,-192.3591
2024-10-28 00:22:00+00:00,-189.32988
2024-10-28 00:23:00+00:00,-187.550537
2024-10-28 00:24:00+00:00,-179.832443
2024-10-28 00:25:00+00:00,-172.515503
2024-10-28 00:26:00+00:00,-164.074219
2024-10-28 00:27:00+00:00,-151.6922
2024-10-28 00:28:00+00:00,-139.621613
2024-10-28 00:29:00+00:00,-126.007149
2024-10-28 00:30:00+00:00,-121.544357
2024-10-28 00:31:00+00:00,-119.585838
2024-10-28 00:32:00+00:00,-124.012085
2024-10-28 00:33:00+00:00,-124.024918
2024-10-28 00:34:00+00:00,-119.469696
2024-10-28 00:35:00+00:00,-111.830429
2024-10-28 00:36:00+00:00,-103.087578
2024-10-28 00:37:00+00:00,-93.977615
2024-10-28 00:38:00+00:00,-82.849655
2024-10-28 00:39:00+00:00,-78.205399
2024-10-28 00:40:00+00:00,-74.777092
2024-10-28 00:41:00+00:00,-76.533218
2024-10-28 00:42:00+00:00,-74.166862
2024-10-28 00:43:00+00:00,-73.468079
2024-10-28 00:44:00+00:00,-77.237541
2024-10-28 00:45:00+00:00,-79.710037
2024-10-28 00:46:00+00:00,-70.401711
2024-10-28 00:47:00+00:00,-69.463089
2024-10-28 00:48:00+00:00,-75.385986
2024-10-28 00:49:00+00:00,-78.105576
2024-10-28 00:50:00+00:00,-74.537766
2024-10-28 00:51:00+00:00,-90.659927
2024-10-28 00:52:00+00:00,-121.147461
2024-10-28 00:53:00+00:00,-114.030952
2024-10-28 00:54:00+00:00,-121.817162
2024-10-28 00:55:00+00:00,-85.17495
2024-10-28 00:56:00+00:00,-79.804771
2024-10-28 00:57:00+00:00,-75.988327
2024-10-28 00:58:00+00:00,-73.003975
2024-10-28 00:59:00+00:00,-68.566689
2024-10-28 01:00:00+00:00,-65.959923
2024-10-28 01:01:00+00:00,-68.113609
2024-10-28 01:02:00+00:00,-71.460464
2024-10-28 01:03:00+00:00,-76.612656
2024-10-28 01:04:00+00:00,-81.458725
2024-10-28 01:05:00+00:00,-85.564949
2024-10-28 01:06:00+00:00,-91.185349
2024-10-28 01:07:00+00:00,-93.273682
2024-10-28 01:08:00+00:00,-96.696381
2024-10-28 01:09:00+00:00,-102.323944
2024-10-28 01:10:00+00:00,-103.32383
2024-10-28 01:11:00+00:00,-99.071732
2024-10-28 01:12:00+00:00,-92.409348
2024-10-28 01:13:00+00:00,-83.521408
2024-10-28 01:14:00+00:00,-81.007904
2024-10-28 01:15:00+00:00,-83.475899
2024-10-28 01:16:00+00:00,-93.279755
2024-10-28 01:17:00+00:00,-102.992401
2024-10-28 01:18:00+00:00,-110.482742
2024-10-28 01:19:00+00:00,-112.640213
2024-10-28 01:20:00+00:00,-112.350334
2024-10-28 01:21:00+00:00,-112.245438
2024-10-28 01:22:00+00:00,-108.393143
2024-10-28 01:23:00+00:00,-105.119011
2024-10-28 01:24:00+00:00,-104.410652
2024-10-28 01:25:00+00:00,-109.894272
2024-10-28 01:26:00+00:00,-119.60009
2024-10-28 01:27:00+00:00,-130.35112
2024-10-28 01:28:00+00:00,-145.484314
2024-10-28 01:29:00+00:00,-139.921265
2024-10-28 01:30:00+00:00,-137.000366
2024-10-28 01:31:00+00:00,-130.760696
2024-10-28 01:32:00+00:00,-116.656311
2024-10-28 01:33:00+00:00,-109.964355
2024-10-28 01:34:00+00:00,-102.347122
2024-10-28 01:35:00+00:00,-95.255455
2024-10-28 01:36:00+00:00,-96.92749
2024-10-28 01:37:00+00:00,-102.412148
2024-10-28 01:38:00+00:00,-104.14193
2024-10-28 01:39:00+00:00,-99.924408
2024-10-28 01:40:00+00:00,-92.002678
2024-10-28 01:41:00+00:00,-82.730209
2024-10-28 01:42:00+00:00,-75.016121
2024-10-28 01:43:00+00:00,-68.886345
2024-10-28 01:44:00+00:00,-60.587463
2024-10-28 01:45:00+00:00,-50.130692
2024-10-28 01:46:00+00:00,-46.676094
2024-10-28 01:47:00+00:00,-47.898392
2024-10-28 01:48:00+00:00,-45.350231
2024-10-28 01:49:00+00:00,-40.141514
2024-10-28 01:50:00+00:00,-33.87281
2024-10-28 01:51:00+00:00,-29.429398
2024-10-28 01:52:00+00:00,-27.280155
2024-10-28 01:53:00+00:00,-24.198662
2024-10-28 01:54:00+00:00,-20.959663
2024-10-28 01:55:00+00:00,-19.908318
2024-10-28 01:56:00+00:00,-17.687355
2024-10-28 01:57:00+00:00,-17.933134
2024-10-28 01:58:00+00:00,-17.986044
2024-10-28 01:59:00+00:00,-18.115149
2024-10-28 02:00:00+00:00,-17.957376
2024-10-28 02:01:00+00:00,-19.714668
2024-10-28 02:02:00+00:00,-21.735878
2024-10-28 02:03:00+00:00,-21.757334
2024-10-28 02:04:00+00:00,-23.779984
2024-10-28 02:05:00+00:00,-25.80282
2024-10-28 02:06:00+00:00,-25.825491
2024-10-28 02:07:00+00:00,-24.846666
2024-10-28 02:08:00+00:00,-22.869894
2024-10-28 02:09:00+00:00,-20.892218
2024-10-28 02:10:00+00:00,-19.912628
2024-10-28 02:11:00+00:00,-19.935005
2024-10-28 02:12:00+00:00,-19.169268
2024-10-28 02:13:00+00:00,-21.318342
2024-10-28 02:14:00+00:00,-21.58527
2024-10-28 02:15:00+00:00,-20.546818
2024-10-28 02:16:00+00:00,-23.796558
2024-10-28 02:17:00+00:00,-25.737633
2024-10-28 02:18:00+00:00,-23.556383
2024-10-28 02:19:00+00:00,-22.139303
2024-10-28 02:20:00+00:00,-25.060814
2024-10-28 02:21:00+00:00,-28.202572
2024-10-28 02:22:00+00:00,-31.821566
2024-10-28 02:23:00+00:00,-32.650658
2024-10-28 02:24:00+00:00,-32.583416
2024-10-28 02:25:00+00:00,-37.796753
2024-10-28 02:26:00+00:00,-37.334557
2024-10-28 02:27:00+00:00,-42.682007
2024-10-28 02:28:00+00:00,-48.296829
2024-10-28 02:29:00+00:00,-60.863598
2024-10-28 02:30:00+00:00,-63.211159
2024-10-28 02:31:00+00:00,-60.309608
2024-10-28 02:32:00+00:00,-65.319359
2024-10-28 02:33:00+00:00,-70.074287
2024-10-28 02:34:00+00:00,-69.158279
2024-10-28 02:35:00+00:00,-73.760666
2024-10-28 02:36:00+00:00,-83.52195
2024-10-28 02:37:00+00:00,-77.005577
2024-10-28 02:38:00+00:00,-78.472122
2024-10-28 02:39:00+00:00,-76.866806
2024-10-28 02:40:00+00:00,-71.655342
2024-10-28 02:41:00+00:00,-66.635468
2024-10-28 02:42:00+00:00,-66.301216
2024-10-28 02:43:00+00:00,-63.415203
2024-10-28 02:44:00+00:00,-66.546616
2024-10-28 02:45:00+00:00,-61.764694
2024-10-28 02:46:00+00:00,-51.773445
2024-10-28 02:47:00+00:00,-50.443855
2024-11-04 00:00:00+00:00,-275.071106
2024-11-04 00:01:00+00:00,-291.727173
2024-11-04 00:02:00+00:00,-266.4375
2024-11-04 00:03:00+00:00,-271.789093
2024-11-04 00:04:00+00:00,-263.890411
2024-11-04 00:05:00+00:00,-282.133667
2024-11-04 00:06:00+00:00,-271.629272
2024-11-04 00:07:00+00:00,-277.095551
2024-11-04 00:08:00+00:00,-295.768433
2024-11-04 00:09:00+00:00,-306.426514
2024-11-04 00:10:00+00:00,-289.487549
2024-11-04 00:11:00+00:00,-300.837524
2024-11-04 00:12:00+00:00,-320.661041
2024-11-04 00:13:00+00:00,-331.40567
2024-11-04 00:14:00+00:00,-338.52774
2024-11-04 00:15:00+00:00,-334.3638
2024-11-04 00:16:00+00:00,-328.656403
2024-11-04 00:17:00+00:00,-310.65097
2024-11-04 00:18:00+00:00,-309.094604
2024-11-04 00:19:00+00:00,-307.698425
2024-11-04 00:20:00+00:00,-313.603302
2024-11-04 00:21:00+00:00,-330.98233
2024-11-04 00:22:00+00:00,-334.991364
2024-11-04 00:23:00+00:00,-326.424377
2024-11-04 00:24:00+00:00,-319.627533
2024-11-04 00:25:00+00:00,-304.834412
2024-11-04 00:26:00+00:00,-315.923492
2024-11-04 00:27:00+00:00,-318.247772
2024-11-04 00:28:00+00:00,-323.129578
2024-11-04 00:29:00+00:00,-316.47937
2024-11-04 00:30:00+00:00,-303.558197
2024-11-04 00:31:00+00:00,-305.905823
2024-11-04 00:32:00+00:00,-322.893524
2024-11-04 00:33:00+00:00,-377.875732
2024-11-04 00:34:00+00:00,-388.831665
2024-11-04 00:35:00+00:00,-352.178101
2024-11-04 00:36:00+00:00,-353.633606
2024-11-04 00:37:00+00:00,-378.812286
2024-11-04 00:38:00+00:00,-361.11618
2024-11-04 00:39:00+00:00,-396.854065
2024-11-04 00:40:00+00:00,-400.21933
2024-11-04 00:41:00+00:00,-492.529938
2024-11-04 00:42:00+00:00,-509.583801
2024-11-04 00:43:00+00:00,-473.936066
2024-11-04 00:44:00+00:00,-436.250854
2024-11-04 00:45:00+00:00,-440.544556
2024-11-04 00:46:00+00:00,-466.810425
2024-11-04 00:47:00+00:00,-467.308014
2024-11-04 00:48:00+00:00,-479.583435
2024-11-04 00:49:00+00:00,-479.371887
2024-11-04 00:50:00+00:00,-490.560913
2024-11-04 00:51:00+00:00,-483.157623
2024-11-04 00:52:00+00:00,-455.602905
2024-11-04 00:53:00+00:00,-454.976318
2024-11-04 00:54:00+00:00,-415.986694
2024-11-04 00:55:00+00:00,-400.815308
2024-11-04 00:56:00+00:00,-393.29483
2024-11-04 00:57:00+00:00,-396.525635
2024-11-04 00:58:00+00:00,-406.424469
2024-11-04 00:59:00+00:00,-408.653931
2024-11-04 01:00:00+00:00,-400.399872
2024-11-04 01:01:00+00:00,-398.538391
2024-11-04 01:02:00+00:00,-394.714264
2024-11-04 01:03:00+00:00,-401.034973
2024-11-04 01:04:00+00:00,-397.540436
2024-11-04 01:05:00+00:00,-378.704193
2024-11-04 01:06:00+00:00,-369.594604
2024-11-04 01:07:00+00:00,-335.04834
2024-11-04 01:08:00+00:00,-300.541992
2024-11-04 01:09:00+00:00,-312.997711
2024-11-04 01:10:00+00:00,-295.185486
2024-11-04 01:11:00+00:00,-269.074615
2024-11-04 01:12:00+00:00,-281.79541
2024-11-04 01:13:00+00:00,-290.6026
2024-11-04 01:14:00+00:00,-290.263977
2024-11-04 01:15:00+00:00,-300.592407
2024-11-04 01:16:00+00:00,-274.367096
2024-11-04 01:17:00+00:00,-274.610413
2024-11-04 01:18:00+00:00,-277.982574
2024-11-04 01:19:00+00:00,-283.566193
2024-11-04 01:20:00+00:00,-272.524048
2024-11-04 01:21:00+00:00,-270.278503
2024-11-04 01:22:00+00:00,-290.481201
2024-11-04 01:23:00+00:00,-282.106537
2024-11-04 01:24:00+00:00,-285.051605
2024-11-04 01:25:00+00:00,-303.49408
2024-11-04 01:26:00+00:00,-304.299103
2024-11-04 01:27:00+00:00,-300.279053
2024-11-04 01:28:00+00:00,-293.301422
2024-11-04 01:29:00+00:00,-303.703308
2024-11-04 01:30:00+00:00,-302.204071
2024-11-04 01:31:00+00:00,-302.222015
2024-11-04 01:32:00+00:00,-292.910675
2024-11-04 01:33:00+00:00,-286.153229
2024-11-04 01:34:00+00:00,-264.582886
2024-11-04 01:35:00+00:00,-238.973053
2024-11-04 01:36:00+00:00,-230.802414
2024-11-04 01:37:00+00:00,-244.867706
2024-11-04 01:38:00+00:00,-270.728668
2024-11-04 01:39:00+00:00,-288.736755
2024-11-04 01:40:00+00:00,-277.172211
2024-11-04 01:41:00+00:00,-275.969269
2024-11-04 01:42:00+00:00,-270.999542
2024-11-04 01:43:00+00:00,-281.012421
2024-11-04 01:44:00+00:00,-357.141968
2024-11-04 01:45:00+00:00,-403.446198
2024-11-04 01:46:00+00:00,-383.520905
2024-11-04 01:47:00+00:00,-348.732361
2024-11-04 01:48:00+00:00,-319.512207
2024-11-04 01:49:00+00:00,-293.454285
2024-11-04 01:50:00+00:00,-268.331146
2024-11-04 01:51:00+00:00,-264.192413
2024-11-04 01:52:00+00:00,-249.418808
2024-11-04 01:53:00+00:00,-240.8367
2024-11-04 01:54:00+00:00,-230.356247
2024-11-04 01:55:00+00:00,-212.114212
2024-11-04 01:56:00+00:00,-199.597275
2024-11-04 01:57:00+00:00,-194.768372
2024-11-04 01:58:00+00:00,-195.013489
2024-11-04 01:59:00+00:00,-192.163895
2024-11-04 02:00:00+00:00,-198.650543
2024-11-04 02:01:00+00:00,-188.970322
2024-11-04 02:02:00+00:00,-179.448822
2024-11-04 02:03:00+00:00,-172.877136
2024-11-04 02:04:00+00:00,-174.930542
2024-11-04 02:05:00+00:00,-164.944962
2024-11-04 02:06:00+00:00,-162.170853
2024-11-04 02:07:00+00:00,-171.494186
2024-11-04 02:08:00+00:00,-164.638474
2024-11-04 02:09:00+00:00,-174.971024
2024-11-04 02:10:00+00:00,-171.668762
2024-11-04 02:11:00+00:00,-182.150787
2024-11-04 02:12:00+00:00,-188.630447
2024-11-04 02:13:00+00:00,-189.856079
2024-11-04 02:14:00+00:00,-187.748383
2024-11-04 02:15:00+00:00,-295.2034
2024-11-04 02:16:00+00:00,-308.645966
2024-11-04 02:17:00+00:00,-341.848602
2024-11-04 02:18:00+00:00,-354.682465
2024-11-04 02:19:00+00:00,-454.70813
2024-11-04 02:20:00+00:00,-434.504761
2024-11-04 02:21:00+00:00,-486.862
2024-11-04 02:22:00+00:00,-519.524963
2024-11-04 02:23:00+00:00,-507.28125
2024-11-04 02:24:00+00:00,-554.46106
2024-11-04 02:25:00+00:00,-591.111267
2024-11-04 02:26:00+00:00,-555.836487
2024-11-04 02:27:00+00:00,-522.381775
2024-11-04 02:28:00+00:00,-479.971649
2024-11-04 02:29:00+00:00,-478.545105
2024-11-04 02:30:00+00:00,-492.409576
2024-11-04 02:31:00+00:00,-490.260742
2024-11-04 02:32:00+00:00,-472.337463
2024-11-04 02:33:00+00:00,-449.581146
2024-11-04 02:34:00+00:00,-431.839569
2024-11-04 02:35:00+00:00,-426.375458
2024-11-04 02:36:00+00:00,-427.951355
2024-11-04 02:37:00+00:00,-464.781647
2024-11-04 02:38:00+00:00,-508.268494
2024-11-04 02:39:00+00:00,-489.424652
2024-11-04 02:40:00+00:00,-485.170135
2024-11-04 02:41:00+00:00,-463.477631
2024-11-04 02:42:00+00:00,-442.992737
2024-11-04 02:43:00+00:00,-449.645081
2024-11-04 02:44:00+00:00,-448.778687
2024-11-04 02:45:00+00:00,-480.664062
2024-11-04 02:46:00+00:00,-516.512146
2024-11-04 02:47:00+00:00,-532.026123
2024-11-11 00:00:00+00:00,-185.235916
2024-11-11 00:01:00+00:00,-181.385254
2024-11-11 00:02:00+00:00,-177.925003
2024-11-11 00:03:00+00:00,-173.235611
2024-11-11 00:04:00+00:00,-168.709229
2024-11-11 00:05:00+00:00,-162.997101
2024-11-11 00:06:00+00:00,-163.593262
2024-11-11 00:07:00+00:00,-156.911835
2024-11-11 00:08:00+00:00,-151.220932
2024-11-11 00:09:00+00:00,-140.255493
2024-11-11 00:10:00+00:00,-129.474976
2024-11-11 00:11:00+00:00,-121.826797
2024-11-11 00:12:00+00:00,-121.494614
2024-11-11 00:13:00+00:00,-117.211586
2024-11-11 00:14:00+00:00,-111.564735
2024-11-11 00:15:00+00:00,-103.02282
2024-11-11 00:16:00+00:00,-93.510658
2024-11-11 00:17:00+00:00,-88.241219
2024-11-11 00:18:00+00:00,-81.658913
2024-11-11 00:19:00+00:00,-73.794098
2024-11-11 00:20:00+00:00,-71.251564
2024-11-11 00:21:00+00:00,-75.154358
2024-11-11 00:22:00+00:00,-75.062737
2024-11-11 00:23:00+00:00,-73.973839
2024-11-11 00:24:00+00:00,-72.885773
2024-11-11 00:25:00+00:00,-71.793732
2024-11-11 00:26:00+00:00,-69.700714
2024-11-11 00:27:00+00:00,-65.609703
2024-11-11 00:28:00+00:00,-59.514198
2024-11-11 00:29:00+00:00,-54.422543
2024-11-11 00:30:00+00:00,-53.330177
2024-11-11 00:31:00+00:00,-53.239868
2024-11-11 00:32:00+00:00,-56.149475
2024-11-11 00:33:00+00:00,-54.064827
2024-11-11 00:34:00+00:00,-49.975147
2024-11-11 00:35:00+00:00,-46.878712
2024-11-11 00:36:00+00:00,-43.785721
2024-11-11 00:37:00+00:00,-42.691521
2024-11-11 00:38:00+00:00,-44.598038
2024-11-11 00:39:00+00:00,-46.299377
2024-11-11 00:40:00+00:00,-52.098156
2024-11-11 00:41:00+00:00,-55.659676
2024-11-11 00:42:00+00:00,-55.340443
2024-11-11 00:43:00+00:00,-54.15741
2024-11-11 00:44:00+00:00,-54.982052
2024-11-11 00:45:00+00:00,-58.487625
2024-11-11 00:46:00+00:00,-62.534538
2024-11-11 00:47:00+00:00,-63.380653
2024-11-11 00:48:00+00:00,-59.973297
2024-11-11 00:49:00+00:00,-56.124039
2024-11-11 00:50:00+00:00,-53.948147
2024-11-11 00:51:00+00:00,-52.668343
2024-11-11 00:52:00+00:00,-52.205589
2024-11-11 00:53:00+00:00,-54.780651
2024-11-11 00:54:00+00:00,-57.590843
2024-11-11 00:55:00+00:00,-58.807117
2024-11-11 00:56:00+00:00,-57.93539
2024-11-11 00:57:00+00:00,-57.435673
2024-11-11 00:58:00+00:00,-56.980583
2024-11-11 00:59:00+00:00,-56.947685
2024-11-11 01:00:00+00:00,-57.160007
2024-11-11 01:01:00+00:00,-55.41481
2024-11-11 01:02:00+00:00,-56.609043
2024-11-11 01:03:00+00:00,-58.322853
2024-11-11 01:04:00+00:00,-61.019196
2024-11-11 01:05:00+00:00,-63.532482
2024-11-11 01:06:00+00:00,-62.169636
2024-11-11 01:07:00+00:00,-61.733063
2024-11-11 01:08:00+00:00,-65.620743
2024-11-11 01:09:00+00:00,-64.507675
2024-11-11 01:10:00+00:00,-64.398811
2024-11-11 01:11:00+00:00,-62.276623
2024-11-11 01:12:00+00:00,-61.150936
2024-11-11 01:13:00+00:00,-58.027187
2024-11-11 01:14:00+00:00,-53.910275
2024-11-11 01:15:00+00:00,-52.791988
2024-11-11 01:16:00+00:00,-52.675308
2024-11-11 01:17:00+00:00,-51.560287
2024-11-11 01:18:00+00:00,-52.443085
2024-11-11 01:19:00+00:00,-53.325706
2024-11-11 01:20:00+00:00,-53.207676
2024-11-11 01:21:00+00:00,-51.087177
2024-11-11 01:22:00+00:00,-51.265213
2024-11-11 01:23:00+00:00,-55.917076
2024-11-11 01:24:00+00:00,-63.483509
2024-11-11 01:25:00+00:00,-98.376694
2024-11-11 01:26:00+00:00,-123.932632
2024-11-11 01:27:00+00:00,-120.72464
2024-11-11 01:28:00+00:00,-131.721268
2024-11-11 01:29:00+00:00,-123.204353
2024-11-11 01:30:00+00:00,-139.648331
2024-11-11 01:31:00+00:00,-150.968918
2024-11-11 01:32:00+00:00,-156.543991
2024-11-11 01:33:00+00:00,-161.45282
2024-11-11 01:34:00+00:00,-152.494446
2024-11-11 01:35:00+00:00,-153.781754
2024-11-11 01:36:00+00:00,-157.557236
2024-11-11 01:37:00+00:00,-147.594009
2024-11-11 01:38:00+00:00,-145.670563
2024-11-11 01:39:00+00:00,-165.889618
2024-11-11 01:40:00+00:00,-166.901779
2024-11-11 01:41:00+00:00,-176.303879
2024-11-11 01:42:00+00:00,-199.193787
2024-11-11 01:43:00+00:00,-195.12851
2024-11-11 01:44:00+00:00,-208.030685
2024-11-11 01:45:00+00:00,-191.980804
2024-11-11 01:46:00+00:00,-173.359894
2024-11-11 01:47:00+00:00,-161.117371
2024-11-11 01:48:00+00:00,-158.94548
2024-11-11 01:49:00+00:00,-163.75676
2024-11-11 01:50:00+00:00,-169.912247
2024-11-11 01:51:00+00:00,-183.353119
2024-11-11 01:52:00+00:00,-192.481903
2024-11-11 01:53:00+00:00,-188.568298
2024-11-11 01:54:00+00:00,-190.990448
2024-11-11 01:55:00+00:00,-188.748535
2024-11-11 01:56:00+00:00,-194.939423
2024-11-11 01:57:00+00:00,-201.202927
2024-11-11 01:58:00+00:00,-203.985352
2024-11-11 01:59:00+00:00,-202.414291
2024-11-11 02:00:00+00:00,-203.757248
2024-11-11 02:01:00+00:00,-201.448456
2024-11-11 02:02:00+00:00,-194.83046
2024-11-11 02:03:00+00:00,-188.993195
2024-11-11 02:04:00+00:00,-185.955292
2024-11-11 02:05:00+00:00,-185.008881
2024-11-11 02:06:00+00:00,-187.195023
2024-11-11 02:07:00+00:00,-179.590973
2024-11-11 02:08:00+00:00,-171.846237
2024-11-11 02:09:00+00:00,-155.339447
2024-11-11 02:10:00+00:00,-150.202087
2024-11-11 02:11:00+00:00,-161.066315
2024-11-11 02:12:00+00:00,-155.925552
2024-11-11 02:13:00+00:00,-149.774994
2024-11-11 02:14:00+00:00,-158.630859
2024-11-11 02:15:00+00:00,-172.185562
2024-11-11 02:16:00+00:00,-174.349686
2024-11-11 02:17:00+00:00,-177.928314
2024-11-11 02:18:00+00:00,-191.847336
2024-11-11 02:19:00+00:00,-196.946533
2024-11-11 02:20:00+00:00,-203.813141
2024-11-11 02:21:00+00:00,-209.68483
2024-11-11 02:22:00+00:00,-204.560898
2024-11-11 02:23:00+00:00,-197.437714
2024-11-11 02:24:00+00:00,-189.315506
2024-11-11 02:25:00+00:00,-178.394775
2024-11-11 02:26:00+00:00,-173.412079
2024-11-11 02:27:00+00:00,-180.592224
2024-11-11 02:28:00+00:00,-185.751022
2024-11-11 02:29:00+00:00,-189.529678
2024-11-11 02:30:00+00:00,-210.776154
2024-11-11 02:31:00+00:00,-211.9487
2024-11-11 02:32:00+00:00,-210.339661
2024-11-11 02:33:00+00:00,-222.349487
2024-11-11 02:34:00+00:00,-229.912384
2024-11-11 02:35:00+00:00,-229.040649
2024-11-11 02:36:00+00:00,-217.884445
2024-11-11 02:37:00+00:00,-218.534393
2024-11-11 02:38:00+00:00,-216.91481
2024-11-11 02:39:00+00:00,-215.408569
2024-11-11 02:40:00+00:00,-220.10556
2024-11-11 02:41:00+00:00,-224.316406
2024-11-11 02:42:00+00:00,-238.119293
2024-11-11 02:43:00+00:00,-282.794159
2024-11-11 02:44:00+00:00,-259.482025
2024-11-11 02:45:00+00:00,-259.687408
2024-11-11 02:46:00+00:00,-227.665161
2024-11-11 02:47:00+00:00,-219.468018
2024-11-18 00:00:00+00:00,-47.922691
2024-11-18 00:01:00+00:00,-44.745098
2024-11-18 00:02:00+00:00,-47.455078
2024-11-18 00:03:00+00:00,-45.89983
2024-11-18 00:04:00+00:00,-47.091492
2024-11-18 00:05:00+00:00,-45.979263
2024-11-18 00:06:00+00:00,-41.975246
2024-11-18 00:07:00+00:00,-41.71019
2024-11-18 00:08:00+00:00,-52.084427
2024-11-18 00:09:00+00:00,-46.902573
2024-11-18 00:10:00+00:00,-42.032738
2024-11-18 00:11:00+00:00,-36.841698
2024-11-18 00:12:00+00:00,-41.899746
2024-11-18 00:13:00+00:00,-41.333832
2024-11-18 00:14:00+00:00,-40.990707
2024-11-18 00:15:00+00:00,-40.665333
2024-11-18 00:16:00+00:00,-43.423069
2024-11-18 00:17:00+00:00,-47.197445
2024-11-18 00:18:00+00:00,-46.639763
2024-11-18 00:19:00+00:00,-42.965782
2024-11-18 00:20:00+00:00,-52.360107
2024-11-18 00:21:00+00:00,-61.888874
2024-11-18 00:22:00+00:00,-57.539425
2024-11-18 00:23:00+00:00,-59.842949
2024-11-18 00:24:00+00:00,-62.018131
2024-11-18 00:25:00+00:00,-62.095177
2024-11-18 00:26:00+00:00,-66.980278
2024-11-18 00:27:00+00:00,-60.592316
2024-11-18 00:28:00+00:00,-71.976135
2024-11-18 00:29:00+00:00,-73.655106
2024-11-18 00:30:00+00:00,-76.636009
2024-11-18 00:31:00+00:00,-71.828468
2024-11-18 00:32:00+00:00,-93.618156
2024-11-18 00:33:00+00:00,-89.282608
2024-11-18 00:34:00+00:00,-85.183357
2024-11-18 00:35:00+00:00,-87.2957
2024-11-18 00:36:00+00:00,-84.203918
2024-11-18 00:37:00+00:00,-88.186905
2024-11-18 00:38:00+00:00,-85.557144
2024-11-18 00:39:00+00:00,-92.301109
2024-11-18 00:40:00+00:00,-120.991844
2024-11-18 00:41:00+00:00,-146.053177
2024-11-18 00:42:00+00:00,-143.18721
2024-11-18 00:43:00+00:00,-103.140198
2024-11-18 00:44:00+00:00,-98.808243
2024-11-18 00:45:00+00:00,-95.524063
2024-11-18 00:46:00+00:00,-93.129173
2024-11-18 00:47:00+00:00,-104.202003
2024-11-18 00:48:00+00:00,-121.817986
2024-11-18 00:49:00+00:00,-124.3022
2024-11-18 00:50:00+00:00,-119.686867
2024-11-18 00:51:00+00:00,-148.232559
2024-11-18 00:52:00+00:00,-154.364105
2024-11-18 00:53:00+00:00,-133.094147
2024-11-18 00:54:00+00:00,-113.430443
2024-11-18 00:55:00+00:00,-112.645409
2024-11-18 00:56:00+00:00,-116.211647
2024-11-18 00:57:00+00:00,-112.060753
2024-11-18 00:58:00+00:00,-107.110382
2024-11-18 00:59:00+00:00,-126.212509
2024-11-18 01:00:00+00:00,-129.651047
2024-11-18 01:01:00+00:00,-97.640648
2024-11-18 01:02:00+00:00,-96.421608
2024-11-18 01:03:00+00:00,-97.324234
2024-11-18 01:04:00+00:00,-98.476997
2024-11-18 01:05:00+00:00,-104.667511
2024-11-18 01:06:00+00:00,-104.82534
2024-11-18 01:07:00+00:00,-95.313316
2024-11-18 01:08:00+00:00,-83.112862
2024-11-18 01:09:00+00:00,-79.032806
2024-11-18 01:10:00+00:00,-76.914909
2024-11-18 01:11:00+00:00,-73.800621
2024-11-18 01:12:00+00:00,-72.07177
2024-11-18 01:13:00+00:00,-69.235336
2024-11-18 01:14:00+00:00,-65.857407
2024-11-18 01:15:00+00:00,-63.2145
2024-11-18 01:16:00+00:00,-60.370087
2024-11-18 01:17:00+00:00,-67.857452
2024-11-18 01:18:00+00:00,-71.795662
2024-11-18 01:19:00+00:00,-71.552979
2024-11-18 01:20:00+00:00,-75.351097
2024-11-18 01:21:00+00:00,-75.705498
2024-11-18 01:22:00+00:00,-66.766624
2024-11-18 01:23:00+00:00,-59.79422
2024-11-18 01:24:00+00:00,-56.70232
2024-11-18 01:25:00+00:00,-53.018242
2024-11-18 01:26:00+00:00,-45.10915
2024-11-18 01:27:00+00:00,-43.870529
2024-11-18 01:28:00+00:00,-44.703449
2024-11-18 01:29:00+00:00,-44.372055
2024-11-18 01:30:00+00:00,-42.465942
2024-11-18 01:31:00+00:00,-41.571037
2024-11-18 01:32:00+00:00,-45.175644
2024-11-18 01:33:00+00:00,-47.89893
2024-11-18 01:34:00+00:00,-47.695992
2024-11-18 01:35:00+00:00,-46.183472
2024-11-18 01:36:00+00:00,-44.201363
2024-11-18 01:37:00+00:00,-43.849739
2024-11-18 01:38:00+00:00,-37.283901
2024-11-18 01:39:00+00:00,-34.300747
2024-11-18 01:40:00+00:00,-32.10733
2024-11-18 01:41:00+00:00,-35.842342
2024-11-18 01:42:00+00:00,-27.55171
2024-11-18 01:43:00+00:00,-22.466024
2024-11-18 01:44:00+00:00,-26.080187
2024-11-18 01:45:00+00:00,-26.288891
2024-11-18 01:46:00+00:00,-26.48864
2024-11-18 01:47:00+00:00,-23.280048
2024-11-18 01:48:00+00:00,-23.179737
2024-11-18 01:49:00+00:00,-24.168198
2024-11-18 01:50:00+00:00,-25.394741
2024-11-18 01:51:00+00:00,-25.1936
2024-11-18 01:52:00+00:00,-26.469971
2024-11-18 01:53:00+00:00,-31.337162
2024-11-18 01:54:00+00:00,-34.650665
2024-11-18 01:55:00+00:00,-34.706398
2024-11-18 01:56:00+00:00,-32.609856
2024-11-18 01:57:00+00:00,-30.169655
2024-11-18 01:58:00+00:00,-26.633514
2024-11-18 01:59:00+00:00,-24.16717
2024-11-18 02:00:00+00:00,-24.271297
2024-11-18 02:01:00+00:00,-27.894629
2024-11-18 02:02:00+00:00,-35.572895
2024-11-18 02:03:00+00:00,-39.514183
2024-11-18 02:04:00+00:00,-40.663876
2024-11-18 02:05:00+00:00,-36.722595
2024-11-18 02:06:00+00:00,-30.734604
2024-11-18 02:07:00+00:00,-24.597828
2024-11-18 02:08:00+00:00,-17.43026
2024-11-18 02:09:00+00:00,-16.645576
2024-11-18 02:10:00+00:00,-16.45462
2024-11-18 02:11:00+00:00,-16.05752
2024-11-18 02:12:00+00:00,-14.52453
2024-11-18 02:13:00+00:00,-15.568102
2024-11-18 02:14:00+00:00,-23.948551
2024-11-18 02:15:00+00:00,-32.821445
2024-11-18 02:16:00+00:00,-36.632172
2024-11-18 02:17:00+00:00,-32.256779
2024-11-18 02:18:00+00:00,-24.930696
2024-11-18 02:19:00+00:00,-18.240915
2024-11-18 02:20:00+00:00,-12.757433
2024-11-18 02:21:00+00:00,-12.73975
2024-11-18 02:22:00+00:00,-12.293647
2024-11-18 02:23:00+00:00,-10.850612
2024-11-18 02:24:00+00:00,-10.9057
2024-11-18 02:25:00+00:00,-10.416662
2024-11-18 02:26:00+00:00,-10.664855
2024-11-18 02:27:00+00:00,-11.248817
2024-11-18 02:28:00+00:00,-11.661185
2024-11-18 02:29:00+00:00,-12.904971
2024-11-18 02:30:00+00:00,-14.549561
2024-11-18 02:31:00+00:00,-13.463221
2024-11-18 02:32:00+00:00,-9.643248
2024-11-18 02:33:00+00:00,-9.208183
2024-11-18 02:34:00+00:00,-12.116512
2024-11-18 02:35:00+00:00,-14.749239
2024-11-18 02:36:00+00:00,-16.808607
2024-11-18 02:37:00+00:00,-17.905355
2024-11-18 02:38:00+00:00,-18.232805
2024-11-18 02:39:00+00:00,-17.173735
2024-11-18 02:40:00+00:00,-14.921464
2024-11-18 02:41:00+00:00,-12.047245
2024-11-18 02:42:00+00:00,-10.171095
2024-11-18 02:43:00+00:00,-10.138021
2024-11-18 02:44:00+00:00,-9.386673
2024-11-18 02:45:00+00:00,-9.552128
2024-11-18 02:46:00+00:00,-9.918563
2024-11-18 02:47:00+00:00,-10.045547
2024-11-25 00:00:00+00:00,-289.58432
2024-11-25 00:01:00+00:00,-272.709381
2024-11-25 00:02:00+00:00,-281.48822
2024-11-25 00:03:00+00:00,-307.091888
2024-11-25 00:04:00+00:00,-335.662689
2024-11-25 00:05:00+00:00,-367.980011
2024-11-25 00:06:00+00:00,-378.922302
2024-11-25 00:07:00+00:00,-364.911469
2024-11-25 00:08:00+00:00,-356.617706
2024-11-25 00:09:00+00:00,-349.008209
2024-11-25 00:10:00+00:00,-342.140869
2024-11-25 00:11:00+00:00,-339.041962
2024-11-25 00:12:00+00:00,-331.387878
2024-11-25 00:13:00+00:00,-330.123596
2024-11-25 00:14:00+00:00,-312.828705
2024-11-25 00:15:00+00:00,-301.337158
2024-11-25 00:16:00+00:00,-287.210419
2024-11-25 00:17:00+00:00,-265.121246
2024-11-25 00:18:00+00:00,-253.738556
2024-11-25 00:19:00+00:00,-256.274139
2024-11-25 00:20:00+00:00,-253.665329
2024-11-25 00:21:00+00:00,-248.165192
2024-11-25 00:22:00+00:00,-233.129181
2024-11-25 00:23:00+00:00,-225.488403
2024-11-25 00:24:00+00:00,-223.018372
2024-11-25 00:25:00+00:00,-221.290283
2024-11-25 00:26:00+00:00,-216.468369
2024-11-25 00:27:00+00:00,-216.222443
2024-11-25 00:28:00+00:00,-205.762741
2024-11-25 00:29:00+00:00,-200.778595
2024-11-25 00:30:00+00:00,-212.943817
2024-11-25 00:31:00+00:00,-224.387207
2024-11-25 00:32:00+00:00,-233.49472
2024-11-25 00:33:00+00:00,-235.767365
2024-11-25 00:34:00+00:00,-225.419998
2024-11-25 00:35:00+00:00,-231.978073
2024-11-25 00:36:00+00:00,-226.660217
2024-11-25 00:37:00+00:00,-217.221054
2024-11-25 00:38:00+00:00,-226.091812
2024-11-25 00:39:00+00:00,-227.627777
2024-11-25 00:40:00+00:00,-218.775238
2024-11-25 00:41:00+00:00,-216.641159
2024-11-25 00:42:00+00:00,-221.582367
2024-11-25 00:43:00+00:00,-220.330368
2024-11-25 00:44:00+00:00,-219.339508
2024-11-25 00:45:00+00:00,-220.774475
2024-11-25 00:46:00+00:00,-213.372421
2024-11-25 00:47:00+00:00,-213.754807
2024-11-25 00:48:00+00:00,-215.729248
2024-11-25 00:49:00+00:00,-197.917862
2024-11-25 00:50:00+00:00,-199.807999
2024-11-25 00:51:00+00:00,-200.932755
2024-11-25 00:52:00+00:00,-205.633011
2024-11-25 00:53:00+00:00,-204.891235
2024-11-25 00:54:00+00:00,-212.299225
2024-11-25 00:55:00+00:00,-198.703674
2024-11-25 00:56:00+00:00,-185.312607
2024-11-25 00:57:00+00:00,-175.275436
2024-11-25 00:58:00+00:00,-173.641495
2024-11-25 00:59:00+00:00,-170.737808
2024-11-25 01:00:00+00:00,-161.253204
2024-11-25 01:01:00+00:00,-159.537689
2024-11-25 01:02:00+00:00,-153.072952
2024-11-25 01:03:00+00:00,-148.614944
2024-11-25 01:04:00+00:00,-147.693649
2024-11-25 01:05:00+00:00,-147.759964
2024-11-25 01:06:00+00:00,-147.358078
2024-11-25 01:07:00+00:00,-151.706696
2024-11-25 01:08:00+00:00,-150.390854
2024-11-25 01:09:00+00:00,-147.91777
2024-11-25 01:10:00+00:00,-141.580521
2024-11-25 01:11:00+00:00,-143.07756
2024-11-25 01:12:00+00:00,-151.445419
2024-11-25 01:13:00+00:00,-156.412506
2024-11-25 01:14:00+00:00,-160.762085
2024-11-25 01:15:00+00:00,-161.247238
2024-11-25 01:16:00+00:00,-160.29158
2024-11-25 01:17:00+00:00,-162.012329
2024-11-25 01:18:00+00:00,-160.861725
2024-11-25 01:19:00+00:00,-154.546814
2024-11-25 01:20:00+00:00,-145.335709
2024-11-25 01:21:00+00:00,-128.216797
2024-11-25 01:22:00+00:00,-124.118317
2024-11-25 01:23:00+00:00,-122.207977
2024-11-25 01:24:00+00:00,-114.541512
2024-11-25 01:25:00+00:00,-112.530083
2024-11-25 01:26:00+00:00,-107.416267
2024-11-25 01:27:00+00:00,-98.457932
2024-11-25 01:28:00+00:00,-81.354843
2024-11-25 01:29:00+00:00,-68.577812
2024-11-25 01:30:00+00:00,-69.101952
2024-11-25 01:31:00+00:00,-73.078842
2024-11-25 01:32:00+00:00,-75.195107
2024-11-25 01:33:00+00:00,-79.540154
2024-11-25 01:34:00+00:00,-77.811302
2024-11-25 01:35:00+00:00,-81.900505
2024-11-25 01:36:00+00:00,-79.157776
2024-11-25 01:37:00+00:00,-73.181137
2024-11-25 01:38:00+00:00,-70.772408
2024-11-25 01:39:00+00:00,-68.715813
2024-11-25 01:40:00+00:00,-69.086609
2024-11-25 01:41:00+00:00,-75.909248
2024-11-25 01:42:00+00:00,-80.065628
2024-11-25 01:43:00+00:00,-72.962273
2024-11-25 01:44:00+00:00,-71.336823
2024-11-25 01:45:00+00:00,-76.364098
2024-11-25 01:46:00+00:00,-84.50341
2024-11-25 01:47:00+00:00,-88.996246
2024-11-25 01:48:00+00:00,-94.55323
2024-11-25 01:49:00+00:00,-103.179642
2024-11-25 01:50:00+00:00,-107.824364
2024-11-25 01:51:00+00:00,-102.745758
2024-11-25 01:52:00+00:00,-101.226341
2024-11-25 01:53:00+00:00,-106.309334
2024-11-25 01:54:00+00:00,-118.72052
2024-11-25 01:55:00+00:00,-119.203888
2024-11-25 01:56:00+00:00,-108.422516
2024-11-25 01:57:00+00:00,-104.183327
2024-11-25 01:58:00+00:00,-106.064705
2024-11-25 01:59:00+00:00,-108.197311
2024-11-25 02:00:00+00:00,-111.700996
2024-11-25 02:01:00+00:00,-118.53582
2024-11-25 02:02:00+00:00,-124.826874
2024-11-25 02:03:00+00:00,-126.054626
2024-11-25 02:04:00+00:00,-130.696503
2024-11-25 02:05:00+00:00,-131.866043
2024-11-25 02:06:00+00:00,-131.038284
2024-11-25 02:07:00+00:00,-136.843719
2024-11-25 02:08:00+00:00,-144.006668
2024-11-25 02:09:00+00:00,-148.53299
2024-11-25 02:10:00+00:00,-151.084763
2024-11-25 02:11:00+00:00,-152.646378
2024-11-25 02:12:00+00:00,-155.545929
2024-11-25 02:13:00+00:00,-161.466766
2024-11-25 02:14:00+00:00,-163.779449
2024-11-25 02:15:00+00:00,-164.090195
2024-11-25 02:16:00+00:00,-161.949768
2024-11-25 02:17:00+00:00,-161.876709
2024-11-25 02:18:00+00:00,-165.267471
2024-11-25 02:19:00+00:00,-168.048828
2024-11-25 02:20:00+00:00,-169.367981
2024-11-25 02:21:00+00:00,-167.791779
2024-11-25 02:22:00+00:00,-166.157883
2024-11-25 02:23:00+00:00,-165.163544
2024-11-25 02:24:00+00:00,-160.893692
2024-11-25 02:25:00+00:00,-154.055374
2024-11-25 02:26:00+00:00,-148.734482
2024-11-25 02:27:00+00:00,-143.627319
2024-11-25 02:28:00+00:00,-141.549042
2024-11-25 02:29:00+00:00,-137.156372
2024-11-25 02:30:00+00:00,-152.467468
2024-11-25 02:31:00+00:00,-168.489365
2024-11-25 02:32:00+00:00,-184.85582
2024-11-25 02:33:00+00:00,-203.844238
2024-11-25 02:34:00+00:00,-215.40773
2024-11-25 02:35:00+00:00,-217.953522
2024-11-25 02:36:00+00:00,-216.854752
2024-11-25 02:37:00+00:00,-217.075272
2024-11-25 02:38:00+00:00,-212.793793
2024-11-25 02:39:00+00:00,-204.038696
2024-11-25 02:40:00+00:00,-184.292389
2024-11-25 02:41:00+00:00,-161.996307
2024-11-25 02:42:00+00:00,-153.256332
2024-11-25 02:43:00+00:00,-153.959427
2024-11-25 02:44:00+00:00,-152.192612
2024-11-25 02:45:00+00:00,-150.829712
2024-11-25 02:46:00+00:00,-143.067307
2024-11-25 02:47:00+00:00,-139.458237
2024-12-02 00:00:00+00:00,-46.406948
2024-12-02 00:01:00+00:00,-45.570496
2024-12-02 00:02:00+00:00,-45.73336
2024-12-02 00:03:00+00:00,-46.299644
2024-12-02 00:04:00+00:00,-46.466572
2024-12-02 00:05:00+00:00,-46.132553
2024-12-02 00:06:00+00:00,-46.201851
2024-12-02 00:07:00+00:00,-46.373653
2024-12-02 00:08:00+00:00,-46.14402
2024-12-02 00:09:00+00:00,-46.614479
2024-12-02 00:10:00+00:00,-46.687344
2024-12-02 00:11:00+00:00,-46.362579
2024-12-02 00:12:00+00:00,-46.534687
2024-12-02 00:13:00+00:00,-46.910667
2024-12-02 00:14:00+00:00,-47.086182
2024-12-02 00:15:00+00:00,-46.863941
2024-12-02 00:16:00+00:00,-46.93988
2024-12-02 00:17:00+00:00,-47.017761
2024-12-02 00:18:00+00:00,-47.295444
2024-12-02 00:19:00+00:00,-47.675232
2024-12-02 00:20:00+00:00,-47.952023
2024-12-02 00:21:00+00:00,-48.430466
2024-12-02 00:22:00+00:00,-48.411308
2024-12-02 00:23:00+00:00,-48.291004
2024-12-02 00:24:00+00:00,-48.272648
2024-12-02 00:25:00+00:00,-48.254642
2024-12-02 00:26:00+00:00,-47.733047
2024-12-02 00:27:00+00:00,-47.416821
2024-12-02 00:28:00+00:00,-47.39967
2024-12-02 00:29:00+00:00,-47.880787
2024-12-02 00:30:00+00:00,-47.864044
2024-12-02 00:31:00+00:00,-48.044125
2024-12-02 00:32:00+00:00,-48.128307
2024-12-02 00:33:00+00:00,-48.314804
2024-12-02 00:34:00+00:00,-48.500061
2024-12-02 00:35:00+00:00,-48.387173
2024-12-02 00:36:00+00:00,-48.573761
2024-12-02 00:37:00+00:00,-48.75901
2024-12-02 00:38:00+00:00,-48.747578
2024-12-02 00:39:00+00:00,-48.435913
2024-12-02 00:40:00+00:00,-48.525154
2024-12-02 00:41:00+00:00,-48.818005
2024-12-02 00:42:00+00:00,-49.710911
2024-12-02 00:43:00+00:00,-50.201889
2024-12-02 00:44:00+00:00,-50.792858
2024-12-02 00:45:00+00:00,-50.882221
2024-12-02 00:46:00+00:00,-50.873783
2024-12-02 00:47:00+00:00,-50.864151
2024-12-02 00:48:00+00:00,-51.053986
2024-12-02 00:49:00+00:00,-51.247936
2024-12-02 00:50:00+00:00,-51.039726
2024-12-02 00:51:00+00:00,-50.831657
2024-12-02 00:52:00+00:00,-50.324879
2024-12-02 00:53:00+00:00,-50.117004
2024-12-02 00:54:00+00:00,-49.409176
2024-12-02 00:55:00+00:00,-49.201363
2024-12-02 00:56:00+00:00,-49.891964
2024-12-02 00:57:00+00:00,-50.684074
2024-12-02 00:58:00+00:00,-51.177269
2024-12-02 00:59:00+00:00,-51.668392
2024-12-02 01:00:00+00:00,-51.161312
2024-12-02 01:01:00+00:00,-50.25351
2024-12-02 01:02:00+00:00,-49.447998
2024-12-02 01:03:00+00:00,-49.043163
2024-12-02 01:04:00+00:00,-49.433521
2024-12-02 01:05:00+00:00,-50.02726
2024-12-02 01:06:00+00:00,-50.320454
2024-12-02 01:07:00+00:00,-50.715424
2024-12-02 01:08:00+00:00,-50.710205
2024-12-02 01:09:00+00:00,-51.103607
2024-12-02 01:10:00+00:00,-51.196392
2024-12-02 01:11:00+00:00,-52.291279
2024-12-02 01:12:00+00:00,-52.687073
2024-12-02 01:13:00+00:00,-52.68259
2024-12-02 01:14:00+00:00,-52.67625
2024-12-02 01:15:00+00:00,-52.57428
2024-12-02 01:16:00+00:00,-52.569778
2024-12-02 01:17:00+00:00,-52.465961
2024-12-02 01:18:00+00:00,-56.665985
2024-12-02 01:19:00+00:00,-60.630661
2024-12-02 01:20:00+00:00,-63.343346
2024-12-02 01:21:00+00:00,-64.098923
2024-12-02 01:22:00+00:00,-64.688347
2024-12-02 01:23:00+00:00,-62.526619
2024-12-02 01:24:00+00:00,-58.623451
2024-12-02 01:25:00+00:00,-53.559849
2024-12-02 01:26:00+00:00,-53.223858
2024-12-02 01:27:00+00:00,-53.316738
2024-12-02 01:28:00+00:00,-53.413368
2024-12-02 01:29:00+00:00,-53.507877
2024-12-02 01:30:00+00:00,-53.502586
2024-12-02 01:31:00+00:00,-53.397335
2024-12-02 01:32:00+00:00,-53.989769
2024-12-02 01:33:00+00:00,-54.185806
2024-12-02 01:34:00+00:00,-54.280357
2024-12-02 01:35:00+00:00,-54.074188
2024-12-02 01:36:00+00:00,-54.868065
2024-12-02 01:37:00+00:00,-54.562359
2024-12-02 01:38:00+00:00,-54.354324
2024-12-02 01:39:00+00:00,-54.247856
2024-12-02 01:40:00+00:00,-54.145275
2024-12-02 01:41:00+00:00,-54.239933
2024-12-02 01:42:00+00:00,-54.434155
2024-12-02 01:43:00+00:00,-54.225971
2024-12-02 01:44:00+00:00,-54.322399
2024-12-02 01:45:00+00:00,-53.916786
2024-12-02 01:46:00+00:00,-53.709972
2024-12-02 01:47:00+00:00,-53.104912
2024-12-02 01:48:00+00:00,-53.101276
2024-12-02 01:49:00+00:00,-52.296707
2024-12-02 01:50:00+00:00,-51.68729
2024-12-02 01:51:00+00:00,-50.981987
2024-12-02 01:52:00+00:00,-50.577271
2024-12-02 01:53:00+00:00,-49.568829
2024-12-02 01:54:00+00:00,-49.462505
2024-12-02 01:55:00+00:00,-49.254379
2024-12-02 01:56:00+00:00,-49.046001
2024-12-02 01:57:00+00:00,-49.136181
2024-12-02 01:58:00+00:00,-49.556461
2024-12-02 01:59:00+00:00,-58.892479
2024-12-02 02:00:00+00:00,-54.004978
2024-12-02 02:01:00+00:00,-49.497425
2024-12-02 02:02:00+00:00,-49.958614
2024-12-02 02:03:00+00:00,-49.780766
2024-12-02 02:04:00+00:00,-62.93483
2024-12-02 02:05:00+00:00,-69.127563
2024-12-02 02:06:00+00:00,-69.178719
2024-12-02 02:07:00+00:00,-64.437904
2024-12-02 02:08:00+00:00,-84.751801
2024-12-02 02:09:00+00:00,-101.367493
2024-12-02 02:10:00+00:00,-130.655075
2024-12-02 02:11:00+00:00,-130.665131
2024-12-02 02:12:00+00:00,-182.90947
2024-12-02 02:13:00+00:00,-237.5896
2024-12-02 02:14:00+00:00,-285.290466
2024-12-02 02:15:00+00:00,-292.060913
2024-12-02 02:16:00+00:00,-282.645844
2024-12-02 02:17:00+00:00,-303.92749
2024-12-02 02:18:00+00:00,-212.747482
2024-12-02 02:19:00+00:00,-220.294266
2024-12-02 02:20:00+00:00,-202.94577
2024-12-02 02:21:00+00:00,-218.571121
2024-12-02 02:22:00+00:00,-230.34906
2024-12-02 02:23:00+00:00,-210.429962
2024-12-02 02:24:00+00:00,-222.604828
2024-12-02 02:25:00+00:00,-259.093414
2024-12-02 02:26:00+00:00,-280.528473
2024-12-02 02:27:00+00:00,-264.395447
2024-12-02 02:28:00+00:00,-239.85733
2024-12-02 02:29:00+00:00,-214.382919
2024-12-02 02:30:00+00:00,-214.211472
2024-12-02 02:31:00+00:00,-179.255081
2024-12-02 02:32:00+00:00,-146.42395
2024-12-02 02:33:00+00:00,-155.863403
2024-12-02 02:34:00+00:00,-218.048538
2024-12-02 02:35:00+00:00,-190.976913
2024-12-02 02:36:00+00:00,-208.572464
2024-12-02 02:37:00+00:00,-217.029465
2024-12-02 02:38:00+00:00,-253.216583
2024-12-02 02:39:00+00:00,-259.90271
2024-12-02 02:40:00+00:00,-166.53804
2024-12-02 02:41:00+00:00,-166.975845
2024-12-02 02:42:00+00:00,-172.188828
2024-12-02 02:43:00+00:00,-191.739563
2024-12-02 02:44:00+00:00,-233.564407
2024-12-02 02:45:00+00:00,-246.249969
2024-12-02 02:46:00+00:00,-222.11171
2024-12-02 02:47:00+00:00,-213.980911
2024-12-09 00:00:00+00:00,-52.246662
2024-12-09 00:01:00+00:00,-52.625153
2024-12-09 00:02:00+00:00,-62.678032
2024-12-09 00:03:00+00:00,-64.791824
2024-12-09 00:04:00+00:00,-88.682449
2024-12-09 00:05:00+00:00,-97.363953
2024-12-09 00:06:00+00:00,-71.757324
2024-12-09 00:07:00+00:00,-69.223816
2024-12-09 00:08:00+00:00,-84.067055
2024-12-09 00:09:00+00:00,-90.151207
2024-12-09 00:10:00+00:00,-83.398071
2024-12-09 00:11:00+00:00,-70.088814
2024-12-09 00:12:00+00:00,-58.73214
2024-12-09 00:13:00+00:00,-61.012535
2024-12-09 00:14:00+00:00,-70.962143
2024-12-09 00:15:00+00:00,-75.933426
2024-12-09 00:16:00+00:00,-67.02684
2024-12-09 00:17:00+00:00,-54.160408
2024-12-09 00:18:00+00:00,-55.669888
2024-12-09 00:19:00+00:00,-60.413593
2024-12-09 00:20:00+00:00,-53.043785
2024-12-09 00:21:00+00:00,-50.216927
2024-12-09 00:22:00+00:00,-47.552696
2024-12-09 00:23:00+00:00,-48.245926
2024-12-09 00:24:00+00:00,-55.22657
2024-12-09 00:25:00+00:00,-57.714699
2024-12-09 00:26:00+00:00,-53.089127
2024-12-09 00:27:00+00:00,-54.193253
2024-12-09 00:28:00+00:00,-51.794781
2024-12-09 00:29:00+00:00,-50.786346
2024-12-09 00:30:00+00:00,-51.243206
2024-12-09 00:31:00+00:00,-52.189476
2024-12-09 00:32:00+00:00,-54.548851
2024-12-09 00:33:00+00:00,-55.920303
2024-12-09 00:34:00+00:00,-55.453308
2024-12-09 00:35:00+00:00,-54.451649
2024-12-09 00:36:00+00:00,-50.907578
2024-12-09 00:37:00+00:00,-49.425655
2024-12-09 00:38:00+00:00,-51.437592
2024-12-09 00:39:00+00:00,-52.985443
2024-12-09 00:40:00+00:00,-52.159122
2024-12-09 00:41:00+00:00,-52.68819
2024-12-09 00:42:00+00:00,-53.995567
2024-12-09 00:43:00+00:00,-54.724873
2024-12-09 00:44:00+00:00,-56.224812
2024-12-09 00:45:00+00:00,-58.128262
2024-12-09 00:46:00+00:00,-60.460686
2024-12-09 00:47:00+00:00,-62.657768
2024-12-09 00:48:00+00:00,-57.819115
2024-12-09 00:49:00+00:00,-53.174286
2024-12-09 00:50:00+00:00,-50.144253
2024-12-09 00:51:00+00:00,-46.518139
2024-12-09 00:52:00+00:00,-45.576744
2024-12-09 00:53:00+00:00,-49.339371
2024-12-09 00:54:00+00:00,-52.558792
2024-12-09 00:55:00+00:00,-54.442078
2024-12-09 00:56:00+00:00,-59.152332
2024-12-09 00:57:00+00:00,-60.62318
2024-12-09 00:58:00+00:00,-61.210098
2024-12-09 00:59:00+00:00,-63.881489
2024-12-09 01:00:00+00:00,-67.718178
2024-12-09 01:01:00+00:00,-69.849106
2024-12-09 01:02:00+00:00,-71.501495
2024-12-09 01:03:00+00:00,-72.569038
2024-12-09 01:04:00+00:00,-74.828979
2024-12-09 01:05:00+00:00,-75.189041
2024-12-09 01:06:00+00:00,-72.405121
2024-12-09 01:07:00+00:00,-67.11396
2024-12-09 01:08:00+00:00,-63.834148
2024-12-09 01:09:00+00:00,-60.68581
2024-12-09 01:10:00+00:00,-60.946312
2024-12-09 01:11:00+00:00,-66.287552
2024-12-09 01:12:00+00:00,-70.353104
2024-12-09 01:13:00+00:00,-69.561966
2024-12-09 01:14:00+00:00,-72.071587
2024-12-09 01:15:00+00:00,-78.396019
2024-12-09 01:16:00+00:00,-83.661591
2024-12-09 01:17:00+00:00,-89.929214
2024-12-09 01:18:00+00:00,-103.276619
2024-12-09 01:19:00+00:00,-139.802887
2024-12-09 01:20:00+00:00,-116.478241
2024-12-09 01:21:00+00:00,-208.87558
2024-12-09 01:22:00+00:00,-276.666779
2024-12-09 01:23:00+00:00,-235.526688
2024-12-09 01:24:00+00:00,-219.634949
2024-12-09 01:25:00+00:00,-215.605301
2024-12-09 01:26:00+00:00,-294.660889
2024-12-09 01:27:00+00:00,-270.263153
2024-12-09 01:28:00+00:00,-265.233032
2024-12-09 01:29:00+00:00,-320.695068
2024-12-09 01:30:00+00:00,-330.560028
2024-12-09 01:31:00+00:00,-344.203552
2024-12-09 01:32:00+00:00,-340.992493
2024-12-09 01:33:00+00:00,-369.917206
2024-12-09 01:34:00+00:00,-378.854767
2024-12-09 01:35:00+00:00,-468.979248
2024-12-09 01:36:00+00:00,-483.520752
2024-12-09 01:37:00+00:00,-501.808899
2024-12-09 01:38:00+00:00,-528.329224
2024-12-09 01:39:00+00:00,-501.630585
2024-12-09 01:40:00+00:00,-454.181854
2024-12-09 01:41:00+00:00,-420.44693
2024-12-09 01:42:00+00:00,-446.567566
2024-12-09 01:43:00+00:00,-470.036987
2024-12-09 01:44:00+00:00,-481.981262
2024-12-09 01:45:00+00:00,-509.456146
2024-12-09 01:46:00+00:00,-536.783997
2024-12-09 01:47:00+00:00,-525.311523
2024-12-09 01:48:00+00:00,-495.460693
2024-12-09 01:49:00+00:00,-489.536377
2024-12-09 01:50:00+00:00,-490.887238
2024-12-09 01:51:00+00:00,-496.303436
2024-12-09 01:52:00+00:00,-505.722534
2024-12-09 01:53:00+00:00,-488.582153
2024-12-09 01:54:00+00:00,-464.359894
2024-12-09 01:55:00+00:00,-450.422058
2024-12-09 01:56:00+00:00,-441.275574
2024-12-09 01:57:00+00:00,-435.097321
2024-12-09 01:58:00+00:00,-418.617798
2024-12-09 01:59:00+00:00,-414.098846
2024-12-09 02:00:00+00:00,-416.340363
2024-12-09 02:01:00+00:00,-416.714813
2024-12-09 02:02:00+00:00,-429.536774
2024-12-09 02:03:00+00:00,-462.818451
2024-12-09 02:04:00+00:00,-511.280853
2024-12-09 02:05:00+00:00,-516.295288
2024-12-09 02:06:00+00:00,-462.309326
2024-12-09 02:07:00+00:00,-437.871063
2024-12-09 02:08:00+00:00,-417.221954
2024-12-09 02:09:00+00:00,-390.827118
2024-12-09 02:10:00+00:00,-391.017822
2024-12-09 02:11:00+00:00,-410.767059
2024-12-09 02:12:00+00:00,-411.196136
2024-12-09 02:13:00+00:00,-415.335876
2024-12-09 02:14:00+00:00,-442.214417
2024-12-09 02:15:00+00:00,-471.409668
2024-12-09 02:16:00+00:00,-460.372345
2024-12-09 02:17:00+00:00,-526.504944
2024-12-09 02:18:00+00:00,-532.995789
2024-12-09 02:19:00+00:00,-579.138123
2024-12-09 02:20:00+00:00,-532.386841
2024-12-09 02:21:00+00:00,-554.654236
2024-12-09 02:22:00+00:00,-533.527893
2024-12-09 02:23:00+00:00,-501.509003
2024-12-09 02:24:00+00:00,-528.419189
2024-12-09 02:25:00+00:00,-568.056519
2024-12-09 02:26:00+00:00,-509.136108
2024-12-09 02:27:00+00:00,-452.750977
2024-12-09 02:28:00+00:00,-413.432678
2024-12-09 02:29:00+00:00,-388.137451
2024-12-09 02:30:00+00:00,-374.41153
2024-12-09 02:31:00+00:00,-376.067078
2024-12-09 02:32:00+00:00,-390.224823
2024-12-09 02:33:00+00:00,-392.886597
2024-12-09 02:34:00+00:00,-383.867035
2024-12-09 02:35:00+00:00,-370.621368
2024-12-09 02:36:00+00:00,-369.03064
2024-12-09 02:37:00+00:00,-379.514923
2024-12-09 02:38:00+00:00,-375.201385
2024-12-09 02:39:00+00:00,-358.389984
2024-12-09 02:40:00+00:00,-356.150452
2024-12-09 02:41:00+00:00,-345.073792
2024-12-09 02:42:00+00:00,-328.960571
2024-12-09 02:43:00+00:00,-304.88501
2024-12-09 02:44:00+00:00,-274.745178
2024-12-09 02:45:00+00:00,-271.221741
2024-12-09 02:46:00+00:00,-270.980774
2024-12-09 02:47:00+00:00,-277.098145
2024-12-16 00:00:00+00:00,-89.558105
2024-12-16 00:01:00+00:00,-86.948326
2024-12-16 00:02:00+00:00,-88.448357
2024-12-16 00:03:00+00:00,-92.983139
2024-12-16 00:04:00+00:00,-84.512589
2024-12-16 00:05:00+00:00,-80.56369
2024-12-16 00:06:00+00:00,-80.330231
2024-12-16 00:07:00+00:00,-84.591415
2024-12-16 00:08:00+00:00,-89.999626
2024-12-16 00:09:00+00:00,-90.228058
2024-12-16 00:10:00+00:00,-86.442001
2024-12-16 00:11:00+00:00,-83.689262
2024-12-16 00:12:00+00:00,-86.006882
2024-12-16 00:13:00+00:00,-81.034462
2024-12-16 00:14:00+00:00,-81.154747
2024-12-16 00:15:00+00:00,-85.727051
2024-12-16 00:16:00+00:00,-90.724342
2024-12-16 00:17:00+00:00,-83.313843
2024-12-16 00:18:00+00:00,-79.814178
2024-12-16 00:19:00+00:00,-82.203796
2024-12-16 00:20:00+00:00,-86.632057
2024-12-16 00:21:00+00:00,-86.81765
2024-12-16 00:22:00+00:00,-92.710716
2024-12-16 00:23:00+00:00,-95.16275
2024-12-16 00:24:00+00:00,-99.809448
2024-12-16 00:25:00+00:00,-101.745476
2024-12-16 00:26:00+00:00,-103.735413
2024-12-16 00:27:00+00:00,-106.348541
2024-12-16 00:28:00+00:00,-110.309296
2024-12-16 00:29:00+00:00,-112.083214
2024-12-16 00:30:00+00:00,-107.007385
2024-12-16 00:31:00+00:00,-108.102196
2024-12-16 00:32:00+00:00,-110.891899
2024-12-16 00:33:00+00:00,-109.141525
2024-12-16 00:34:00+00:00,-109.290405
2024-12-16 00:35:00+00:00,-119.474808
2024-12-16 00:36:00+00:00,-120.061821
2024-12-16 00:37:00+00:00,-124.746635
2024-12-16 00:38:00+00:00,-127.212524
2024-12-16 00:39:00+00:00,-131.812531
2024-12-16 00:40:00+00:00,-131.108414
2024-12-16 00:41:00+00:00,-142.844406
2024-12-16 00:42:00+00:00,-139.51738
2024-12-16 00:43:00+00:00,-137.783234
2024-12-16 00:44:00+00:00,-134.435608
2024-12-16 00:45:00+00:00,-128.676514
2024-12-16 00:46:00+00:00,-128.056564
2024-12-16 00:47:00+00:00,-130.957489
2024-12-16 00:48:00+00:00,-130.940033
2024-12-16 00:49:00+00:00,-125.266754
2024-12-16 00:50:00+00:00,-119.691574
2024-12-16 00:51:00+00:00,-118.380722
2024-12-16 00:52:00+00:00,-116.623276
2024-12-16 00:53:00+00:00,-110.741348
2024-12-16 00:54:00+00:00,-109.472107
2024-12-16 00:55:00+00:00,-118.479485
2024-12-16 00:56:00+00:00,-124.33268
2024-12-16 00:57:00+00:00,-135.344284
2024-12-16 00:58:00+00:00,-131.691559
2024-12-16 00:59:00+00:00,-122.494164
2024-12-16 01:00:00+00:00,-122.620834
2024-12-16 01:01:00+00:00,-116.128319
2024-12-16 01:02:00+00:00,-108.589783
2024-12-16 01:03:00+00:00,-107.935303
2024-12-16 01:04:00+00:00,-109.724411
2024-12-16 01:05:00+00:00,-126.171326
2024-12-16 01:06:00+00:00,-126.525497
2024-12-16 01:07:00+00:00,-113.85614
2024-12-16 01:08:00+00:00,-102.772507
2024-12-16 01:09:00+00:00,-104.161469
2024-12-16 01:10:00+00:00,-104.174332
2024-12-16 01:11:00+00:00,-100.17334
2024-12-16 01:12:00+00:00,-96.429932
2024-12-16 01:13:00+00:00,-94.678421
2024-12-16 01:14:00+00:00,-95.721481
2024-12-16 01:15:00+00:00,-93.705536
2024-12-16 01:16:00+00:00,-87.44149
2024-12-16 01:17:00+00:00,-89.069733
2024-12-16 01:18:00+00:00,-84.68338
2024-12-16 01:19:00+00:00,-78.872246
2024-12-16 01:20:00+00:00,-77.869011
2024-12-16 01:21:00+00:00,-78.881638
2024-12-16 01:22:00+00:00,-76.55751
2024-12-16 01:23:00+00:00,-70.522568
2024-12-16 01:24:00+00:00,-68.041908
2024-12-16 01:25:00+00:00,-62.583012
2024-12-16 01:26:00+00:00,-56.448029
2024-12-16 01:27:00+00:00,-51.906425
2024-12-16 01:28:00+00:00,-50.213036
2024-12-16 01:29:00+00:00,-50.373661
2024-12-16 01:30:00+00:00,-48.304703
2024-12-16 01:31:00+00:00,-44.10667
2024-12-16 01:32:00+00:00,-59.010666
2024-12-16 01:33:00+00:00,-61.816612
2024-12-16 01:34:00+00:00,-60.907127
2024-12-16 01:35:00+00:00,-60.343529
2024-12-16 01:36:00+00:00,-57.371716
2024-12-16 01:37:00+00:00,-51.418251
2024-12-16 01:38:00+00:00,-54.007351
2024-12-16 01:39:00+00:00,-50.904442
2024-12-16 01:40:00+00:00,-44.678658
2024-12-16 01:41:00+00:00,-41.51926
2024-12-16 01:42:00+00:00,-41.623314
2024-12-16 01:43:00+00:00,-31.323631
2024-12-16 01:44:00+00:00,-27.919024
2024-12-16 01:45:00+00:00,-25.562067
2024-12-16 01:46:00+00:00,-28.92594
2024-12-16 01:47:00+00:00,-34.612942
2024-12-16 01:48:00+00:00,-35.868839
2024-12-16 01:49:00+00:00,-34.228592
2024-12-16 01:50:00+00:00,-28.507427
2024-12-16 01:51:00+00:00,-25.860619
2024-12-16 01:52:00+00:00,-26.468357
2024-12-16 01:53:00+00:00,-24.890114
2024-12-16 01:54:00+00:00,-20.937382
2024-12-16 01:55:00+00:00,-19.278458
2024-12-16 01:56:00+00:00,-19.109898
2024-12-16 01:57:00+00:00,-18.132912
2024-12-16 01:58:00+00:00,-17.986485
2024-12-16 01:59:00+00:00,-19.843508
2024-12-16 02:00:00+00:00,-23.943058
2024-12-16 02:01:00+00:00,-26.464561
2024-12-16 02:02:00+00:00,-25.961956
2024-12-16 02:03:00+00:00,-26.47673
2024-12-16 02:04:00+00:00,-25.326244
2024-12-16 02:05:00+00:00,-24.65501
2024-12-16 02:06:00+00:00,-24.238392
2024-12-16 02:07:00+00:00,-23.051954
2024-12-16 02:08:00+00:00,-22.729465
2024-12-16 02:09:00+00:00,-23.124416
2024-12-16 02:10:00+00:00,-22.431124
2024-12-16 02:11:00+00:00,-21.591946
2024-12-16 02:12:00+00:00,-21.495533
2024-12-16 02:13:00+00:00,-21.532488
2024-12-16 02:14:00+00:00,-20.991852
2024-12-16 02:15:00+00:00,-19.652897
2024-12-16 02:16:00+00:00,-22.20155
2024-12-16 02:17:00+00:00,-22.307632
2024-12-16 02:18:00+00:00,-22.387035
2024-12-16 02:19:00+00:00,-22.129944
2024-12-16 02:20:00+00:00,-21.385946
2024-12-16 02:21:00+00:00,-20.923573
2024-12-16 02:22:00+00:00,-20.50745
2024-12-16 02:23:00+00:00,-20.351425
2024-12-16 02:24:00+00:00,-24.492661
2024-12-16 02:25:00+00:00,-27.523563
2024-12-16 02:26:00+00:00,-23.864502
2024-12-16 02:27:00+00:00,-22.890343
2024-12-16 02:28:00+00:00,-22.973917
2024-12-16 02:29:00+00:00,-23.002026
2024-12-16 02:30:00+00:00,-23.435242
2024-12-16 02:31:00+00:00,-22.140553
2024-12-16 02:32:00+00:00,-21.906933
2024-12-16 02:33:00+00:00,-22.61227
2024-12-16 02:34:00+00:00,-23.172565
2024-12-16 02:35:00+00:00,-23.44425
2024-12-16 02:36:00+00:00,-23.467354
2024-12-16 02:37:00+00:00,-22.897133
2024-12-16 02:38:00+00:00,-23.17889
2024-12-16 02:39:00+00:00,-22.838003
2024-12-16 02:40:00+00:00,-22.52387
2024-12-16 02:41:00+00:00,-22.921051
2024-12-16 02:42:00+00:00,-24.505119
2024-12-16 02:43:00+00:00,-24.459656
2024-12-16 02:44:00+00:00,-23.720192
2024-12-16 02:45:00+00:00,-21.233984
2024-12-16 02:46:00+00:00,-19.212992
2024-12-16 02:47:00+00:00,-17.883928
2024-12-23 00:00:00+00:00,-58.342476
2024-12-23 00:01:00+00:00,-57.000973
2024-12-23 00:02:00+00:00,-56.606171
2024-12-23 00:03:00+00:00,-56.144981
2024-12-23 00:04:00+00:00,-55.976852
2024-12-23 00:05:00+00:00,-55.48418
2024-12-23 00:06:00+00:00,-55.262741
2024-12-23 00:07:00+00:00,-56.490341
2024-12-23 00:08:00+00:00,-57.021049
2024-12-23 00:09:00+00:00,-56.716274
2024-12-23 00:10:00+00:00,-70.465096
2024-12-23 00:11:00+00:00,-89.319618
2024-12-23 00:12:00+00:00,-100.447639
2024-12-23 00:13:00+00:00,-123.509026
2024-12-23 00:14:00+00:00,-126.000938
2024-12-23 00:15:00+00:00,-154.731003
2024-12-23 00:16:00+00:00,-199.391754
2024-12-23 00:17:00+00:00,-266.077271
2024-12-23 00:18:00+00:00,-239.285782
2024-12-23 00:19:00+00:00,-218.215271
2024-12-23 00:20:00+00:00,-230.153839
2024-12-23 00:21:00+00:00,-241.625687
2024-12-23 00:22:00+00:00,-226.882889
2024-12-23 00:23:00+00:00,-208.956589
2024-12-23 00:24:00+00:00,-181.710052
2024-12-23 00:25:00+00:00,-194.214508
2024-12-23 00:26:00+00:00,-226.966003
2024-12-23 00:27:00+00:00,-220.716461
2024-12-23 00:28:00+00:00,-211.518433
2024-12-23 00:29:00+00:00,-205.331284
2024-12-23 00:30:00+00:00,-184.891373
2024-12-23 00:31:00+00:00,-153.973221
2024-12-23 00:32:00+00:00,-148.567474
2024-12-23 00:33:00+00:00,-159.051483
2024-12-23 00:34:00+00:00,-163.677475
2024-12-23 00:35:00+00:00,-148.650604
2024-12-23 00:36:00+00:00,-145.72081
2024-12-23 00:37:00+00:00,-140.018585
2024-12-23 00:38:00+00:00,-149.001953
2024-12-23 00:39:00+00:00,-151.862411
2024-12-23 00:40:00+00:00,-149.262192
2024-12-23 00:41:00+00:00,-139.988724
2024-12-23 00:42:00+00:00,-121.315186
2024-12-23 00:43:00+00:00,-92.858849
2024-12-23 00:44:00+00:00,-88.999725
2024-12-23 00:45:00+00:00,-105.676422
2024-12-23 00:46:00+00:00,-104.257591
2024-12-23 00:47:00+00:00,-113.007591
2024-12-23 00:48:00+00:00,-108.670311
2024-12-23 00:49:00+00:00,-94.110649
2024-12-23 00:50:00+00:00,-107.059586
2024-12-23 00:51:00+00:00,-117.553772
2024-12-23 00:52:00+00:00,-101.745857
2024-12-23 00:53:00+00:00,-109.832932
2024-12-23 00:54:00+00:00,-122.910278
2024-12-23 00:55:00+00:00,-108.676193
2024-12-23 00:56:00+00:00,-106.588287
2024-12-23 00:57:00+00:00,-147.611694
2024-12-23 00:58:00+00:00,-166.04924
2024-12-23 00:59:00+00:00,-157.839447
2024-12-23 01:00:00+00:00,-153.80368
2024-12-23 01:01:00+00:00,-148.146194
2024-12-23 01:02:00+00:00,-151.199036
2024-12-23 01:03:00+00:00,-141.193802
2024-12-23 01:04:00+00:00,-149.872757
2024-12-23 01:05:00+00:00,-167.548492
2024-12-23 01:06:00+00:00,-164.514053
2024-12-23 01:07:00+00:00,-157.801788
2024-12-23 01:08:00+00:00,-184.486954
2024-12-23 01:09:00+00:00,-179.176086
2024-12-23 01:10:00+00:00,-188.57338
2024-12-23 01:11:00+00:00,-211.116638
2024-12-23 01:12:00+00:00,-231.643433
2024-12-23 01:13:00+00:00,-231.550873
2024-12-23 01:14:00+00:00,-225.002869
2024-12-23 01:15:00+00:00,-241.33255
2024-12-23 01:16:00+00:00,-243.680359
2024-12-23 01:17:00+00:00,-244.35376
2024-12-23 01:18:00+00:00,-238.220734
2024-12-23 01:19:00+00:00,-226.259872
2024-12-23 01:20:00+00:00,-223.44989
2024-12-23 01:21:00+00:00,-232.885666
2024-12-23 01:22:00+00:00,-262.14444
2024-12-23 01:23:00+00:00,-294.322968
2024-12-23 01:24:00+00:00,-307.790497
2024-12-23 01:25:00+00:00,-303.297119
2024-12-23 01:26:00+00:00,-295.27655
2024-12-23 01:27:00+00:00,-279.12146
2024-12-23 01:28:00+00:00,-261.86319
2024-12-23 01:29:00+00:00,-245.500458
2024-12-23 01:30:00+00:00,-279.053162
2024-12-23 01:31:00+00:00,-305.220276
2024-12-23 01:32:00+00:00,-304.494324
2024-12-23 01:33:00+00:00,-261.178223
2024-12-23 01:34:00+00:00,-256.857849
2024-12-23 01:35:00+00:00,-235.882095
2024-12-23 01:36:00+00:00,-243.172516
2024-12-23 01:37:00+00:00,-257.113831
2024-12-23 01:38:00+00:00,-232.310867
2024-12-23 01:39:00+00:00,-236.874786
2024-12-23 01:40:00+00:00,-253.168991
2024-12-23 01:41:00+00:00,-329.086029
2024-12-23 01:42:00+00:00,-315.111145
2024-12-23 01:43:00+00:00,-288.206635
2024-12-23 01:44:00+00:00,-283.933075
2024-12-23 01:45:00+00:00,-286.062225
2024-12-23 01:46:00+00:00,-292.991119
2024-12-23 01:47:00+00:00,-307.448242
2024-12-23 01:48:00+00:00,-321.165955
2024-12-23 01:49:00+00:00,-395.795624
2024-12-23 01:50:00+00:00,-354.791626
2024-12-23 01:51:00+00:00,-424.158569
2024-12-23 01:52:00+00:00,-424.535095
2024-12-23 01:53:00+00:00,-296.810486
2024-12-23 01:54:00+00:00,-316.562042
2024-12-23 01:55:00+00:00,-349.306519
2024-12-23 01:56:00+00:00,-388.208862
2024-12-23 01:57:00+00:00,-333.963165
2024-12-23 01:58:00+00:00,-303.13797
2024-12-23 01:59:00+00:00,-266.841217
2024-12-23 02:00:00+00:00,-279.948822
2024-12-23 02:01:00+00:00,-305.723602
2024-12-23 02:02:00+00:00,-251.184799
2024-12-23 02:03:00+00:00,-245.429703
2024-12-23 02:04:00+00:00,-221.703918
2024-12-23 02:05:00+00:00,-221.750656
2024-12-23 02:06:00+00:00,-219.31163
2024-12-23 02:07:00+00:00,-257.182281
2024-12-23 02:08:00+00:00,-141.419312
2024-12-23 02:09:00+00:00,-122.117561
2024-12-23 02:10:00+00:00,-143.373398
2024-12-23 02:11:00+00:00,-136.326782
2024-12-23 02:12:00+00:00,-123.294022
2024-12-23 02:13:00+00:00,-120.191208
2024-12-23 02:14:00+00:00,-119.112625
2024-12-23 02:15:00+00:00,-112.41819
2024-12-23 02:16:00+00:00,-112.751282
2024-12-23 02:17:00+00:00,-114.185249
2024-12-23 02:18:00+00:00,-117.138306
2024-12-23 02:19:00+00:00,-126.442551
2024-12-23 02:20:00+00:00,-119.907593
2024-12-23 02:21:00+00:00,-106.325012
2024-12-23 02:22:00+00:00,-106.021523
2024-12-23 02:23:00+00:00,-104.09922
2024-12-23 02:24:00+00:00,-110.499092
2024-12-23 02:25:00+00:00,-108.040039
2024-12-23 02:26:00+00:00,-98.537064
2024-12-23 02:27:00+00:00,-90.226051
2024-12-23 02:28:00+00:00,-88.343407
2024-12-23 02:29:00+00:00,-83.316414
2024-12-23 02:30:00+00:00,-78.81115
2024-12-23 02:31:00+00:00,-74.614563
2024-12-23 02:32:00+00:00,-70.946724
2024-12-23 02:33:00+00:00,-62.17474
2024-12-23 02:34:00+00:00,-60.682369
2024-12-23 02:35:00+00:00,-65.719604
2024-12-23 02:36:00+00:00,-65.985649
2024-12-23 02:37:00+00:00,-66.556175
2024-12-23 02:38:00+00:00,-61.936039
2024-12-23 02:39:00+00:00,-60.881588
2024-12-23 02:40:00+00:00,-67.335182
2024-12-23 02:41:00+00:00,-69.739677
2024-12-23 02:42:00+00:00,-70.730797
2024-12-23 02:43:00+00:00,-67.250435
2024-12-23 02:44:00+00:00,-64.778542
2024-12-23 02:45:00+00:00,-69.710625
2024-12-23 02:46:00+00:00,-68.146362
2024-12-23 02:47:00+00:00,-54.24675
2024-12-30 00:00:00+00:00,-20.642475
2024-12-30 00:01:00+00:00,-21.056742
2024-12-30 00:02:00+00:00,-21.031303
2024-12-30 00:03:00+00:00,-20.997217
2024-12-30 00:04:00+00:00,-21.089233
2024-12-30 00:05:00+00:00,-21.023153
2024-12-30 00:06:00+00:00,-20.734509
2024-12-30 00:07:00+00:00,-20.578749
2024-12-30 00:08:00+00:00,-20.056833
2024-12-30 00:09:00+00:00,-19.748821
2024-12-30 00:10:00+00:00,-19.65958
2024-12-30 00:11:00+00:00,-19.392605
2024-12-30 00:12:00+00:00,-18.84339
2024-12-30 00:13:00+00:00,-18.415234
2024-12-30 00:14:00+00:00,-18.42062
2024-12-30 00:15:00+00:00,-18.706211
2024-12-30 00:16:00+00:00,-19.494175
2024-12-30 00:17:00+00:00,-21.24045
2024-12-30 00:18:00+00:00,-22.430939
2024-12-30 00:19:00+00:00,-21.048044
2024-12-30 00:20:00+00:00,-18.251905
2024-12-30 00:21:00+00:00,-16.696804
2024-12-30 00:22:00+00:00,-16.144438
2024-12-30 00:23:00+00:00,-17.200258
2024-12-30 00:24:00+00:00,-19.425774
2024-12-30 00:25:00+00:00,-21.352213
2024-12-30 00:26:00+00:00,-22.775461
2024-12-30 00:27:00+00:00,-21.865419
2024-12-30 00:28:00+00:00,-19.108398
2024-12-30 00:29:00+00:00,-17.180161
2024-12-30 00:30:00+00:00,-17.359013
2024-12-30 00:31:00+00:00,-18.300596
2024-12-30 00:32:00+00:00,-18.021599
2024-12-30 00:33:00+00:00,-20.289127
2024-12-30 00:34:00+00:00,-24.641289
2024-12-30 00:35:00+00:00,-26.985332
2024-12-30 00:36:00+00:00,-25.501945
2024-12-30 00:37:00+00:00,-20.006577
2024-12-30 00:38:00+00:00,-14.791937
2024-12-30 00:39:00+00:00,-17.855785
2024-12-30 00:40:00+00:00,-20.139923
2024-12-30 00:41:00+00:00,-20.143335
2024-12-30 00:42:00+00:00,-19.450397
2024-12-30 00:43:00+00:00,-19.409973
2024-12-30 00:44:00+00:00,-19.048147
2024-12-30 00:45:00+00:00,-19.237019
2024-12-30 00:46:00+00:00,-19.259163
2024-12-30 00:47:00+00:00,-19.518177
2024-12-30 00:48:00+00:00,-19.177563
2024-12-30 00:49:00+00:00,-18.820347
2024-12-30 00:50:00+00:00,-18.415304
2024-12-30 00:51:00+00:00,-18.162651
2024-12-30 00:52:00+00:00,-18.468657
2024-12-30 00:53:00+00:00,-19.231783
2024-12-30 00:54:00+00:00,-19.215725
2024-12-30 00:55:00+00:00,-18.850189
2024-12-30 00:56:00+00:00,-18.393009
2024-12-30 00:57:00+00:00,-17.519016
2024-12-30 00:58:00+00:00,-17.163774
2024-12-30 00:59:00+00:00,-16.890783
2024-12-30 01:00:00+00:00,-17.276237
2024-12-30 01:01:00+00:00,-17.8985
2024-12-30 01:02:00+00:00,-18.24448
2024-12-30 01:03:00+00:00,-18.433949
2024-12-30 01:04:00+00:00,-18.062647
2024-12-30 01:05:00+00:00,-17.805418
2024-12-30 01:06:00+00:00,-17.937691
2024-12-30 01:07:00+00:00,-17.883333
2024-12-30 01:08:00+00:00,-17.521286
2024-12-30 01:09:00+00:00,-17.775421
2024-12-30 01:10:00+00:00,-17.74538
2024-12-30 01:11:00+00:00,-17.784721
2024-12-30 01:12:00+00:00,-18.261648
2024-12-30 01:13:00+00:00,-18.989672
2024-12-30 01:14:00+00:00,-19.091879
2024-12-30 01:15:00+00:00,-18.799753
2024-12-30 01:16:00+00:00,-18.016293
2024-12-30 01:17:00+00:00,-18.012726
2024-12-30 01:18:00+00:00,-19.118849
2024-12-30 01:19:00+00:00,-19.503647
2024-12-30 01:20:00+00:00,-18.723799
2024-12-30 01:21:00+00:00,-18.050825
2024-12-30 01:22:00+00:00,-18.006252
2024-12-30 01:23:00+00:00,-18.266874
2024-12-30 01:24:00+00:00,-18.958706
2024-12-30 01:25:00+00:00,-19.008545
2024-12-30 01:26:00+00:00,-18.328537
2024-12-30 01:27:00+00:00,-17.923603
2024-12-30 01:28:00+00:00,-17.774252
2024-12-30 01:29:00+00:00,-17.864897
2024-12-30 01:30:00+00:00,-17.259052
2024-12-30 01:31:00+00:00,-16.707506
2024-12-30 01:32:00+00:00,-17.428167
2024-12-30 01:33:00+00:00,-18.252399
2024-12-30 01:34:00+00:00,-17.168528
2024-12-30 01:35:00+00:00,-16.725428
2024-12-30 01:36:00+00:00,-15.873344
2024-12-30 01:37:00+00:00,-15.61037
2024-12-30 01:38:00+00:00,-16.039091
2024-12-30 01:39:00+00:00,-15.717917
2024-12-30 01:40:00+00:00,-16.843719
2024-12-30 01:41:00+00:00,-18.591005
2024-12-30 01:42:00+00:00,-19.853336
2024-12-30 01:43:00+00:00,-20.184433
2024-12-30 01:44:00+00:00,-21.30274
2024-12-30 01:45:00+00:00,-19.654724
2024-12-30 01:46:00+00:00,-16.757029
2024-12-30 01:47:00+00:00,-15.199245
2024-12-30 01:48:00+00:00,-14.892492
2024-12-30 01:49:00+00:00,-14.932171
2024-12-30 01:50:00+00:00,-15.357065
2024-12-30 01:51:00+00:00,-16.252142
2024-12-30 01:52:00+00:00,-18.130102
2024-12-30 01:53:00+00:00,-19.131578
2024-12-30 01:54:00+00:00,-18.614975
2024-12-30 01:55:00+00:00,-18.519753
2024-12-30 01:56:00+00:00,-18.700409
2024-12-30 01:57:00+00:00,-19.141325
2024-12-30 01:58:00+00:00,-19.826883
2024-12-30 01:59:00+00:00,-20.190683
2024-12-30 02:00:00+00:00,-20.118473
2024-12-30 02:01:00+00:00,-19.329912
2024-12-30 02:02:00+00:00,-19.19401
2024-12-30 02:03:00+00:00,-19.49305
2024-12-30 02:04:00+00:00,-19.629385
2024-12-30 02:05:00+00:00,-19.613768
2024-12-30 02:06:00+00:00,-19.457932
2024-12-30 02:07:00+00:00,-18.587664
2024-12-30 02:08:00+00:00,-19.015671
2024-12-30 02:09:00+00:00,-19.214895
2024-12-30 02:10:00+00:00,-19.316957
2024-12-30 02:11:00+00:00,-18.625143
2024-12-30 02:12:00+00:00,-18.77471
2024-12-30 02:13:00+00:00,-17.97296
2024-12-30 02:14:00+00:00,-16.417416
2024-12-30 02:15:00+00:00,-15.95125
2024-12-30 02:16:00+00:00,-16.255613
2024-12-30 02:17:00+00:00,-17.142967
2024-12-30 02:18:00+00:00,-17.554287
2024-12-30 02:19:00+00:00,-17.300133
2024-12-30 02:20:00+00:00,-17.133446
2024-12-30 02:21:00+00:00,-17.394077
2024-12-30 02:22:00+00:00,-17.506845
2024-12-30 02:23:00+00:00,-18.445391
2024-12-30 02:24:00+00:00,-19.521248
2024-12-30 02:25:00+00:00,-19.277399
2024-12-30 02:26:00+00:00,-18.551743
2024-12-30 02:27:00+00:00,-17.94585
2024-12-30 02:28:00+00:00,-17.557394
2024-12-30 02:29:00+00:00,-17.957668
2024-12-30 02:30:00+00:00,-18.366413
2024-12-30 02:31:00+00:00,-19.330568
2024-12-30 02:32:00+00:00,-20.46394
2024-12-30 02:33:00+00:00,-20.235483
2024-12-30 02:34:00+00:00,-20.259462
2024-12-30 02:35:00+00:00,-20.088629
2024-12-30 02:36:00+00:00,-21.305996
2024-12-30 02:37:00+00:00,-20.645954
2024-12-30 02:38:00+00:00,-19.997183
2024-12-30 02:39:00+00:00,-18.98567
2024-12-30 02:40:00+00:00,-19.587013
2024-12-30 02:41:00+00:00,-20.386185
2024-12-30 02:42:00+00:00,-21.883194
2024-12-30 02:43:00+00:00,-22.987232
2024-12-30 02:44:00+00:00,-23.106514
2024-12-30 02:45:00+00:00,-22.668783
2024-12-30 02:46:00+00:00,-22.288092
2024-12-30 02:47:00+00:00,-21.837914
