time,SML
2010-01-01 00:00:00+00:00,-81.592659
2010-01-01 00:01:00+00:00,-81.541313
2010-01-01 00:02:00+00:00,-81.483734
2010-01-01 00:03:00+00:00,-81.328964
2010-01-01 00:04:00+00:00,-80.885544
2010-01-01 00:05:00+00:00,-81.064529
2010-01-01 00:06:00+00:00,-81.004532
2010-01-01 00:07:00+00:00,-81.371002
2010-01-01 00:08:00+00:00,-81.413345
2010-01-01 00:09:00+00:00,-81.905991
2010-01-01 00:10:00+00:00,-82.645203
2010-01-01 00:11:00+00:00,-82.319405
2010-01-01 00:12:00+00:00,-82.499809
2010-01-01 00:13:00+00:00,-82.625801
2010-01-01 00:14:00+00:00,-82.859909
2010-01-01 00:15:00+00:00,-83.105873
2010-01-01 00:16:00+00:00,-82.855293
2010-01-01 00:17:00+00:00,-82.453384
2010-01-01 00:18:00+00:00,-82.308235
2010-01-01 00:19:00+00:00,-82.778671
2010-01-01 00:20:00+00:00,-82.521858
2010-01-01 00:21:00+00:00,-83.118767
2010-01-01 00:22:00+00:00,-83.357422
2010-01-01 00:23:00+00:00,-83.504318
2010-01-01 00:24:00+00:00,-83.864639
2010-01-01 00:25:00+00:00,-84.191696
2010-01-01 00:26:00+00:00,-84.21003
2010-01-01 00:27:00+00:00,-83.869759
2010-01-01 00:28:00+00:00,-83.774826
2010-01-01 00:29:00+00:00,-83.767937
2010-01-01 00:30:00+00:00,-83.911034
2010-01-01 00:31:00+00:00,-84.521782
2010-01-01 00:32:00+00:00,-84.483467
2010-01-01 00:33:00+00:00,-84.584106
2010-01-01 00:34:00+00:00,-84.369606
2010-01-01 00:35:00+00:00,-84.193947
2010-01-01 00:36:00+00:00,-83.885246
2010-01-01 00:37:00+00:00,-84.016251
2010-01-01 00:38:00+00:00,-84.308098
2010-01-01 00:39:00+00:00,-84.479614
2010-01-01 00:40:00+00:00,-84.561516
2010-01-01 00:41:00+00:00,-83.939034
2010-01-01 00:42:00+00:00,-83.234726
2010-01-01 00:43:00+00:00,-83.703957
2010-01-01 00:44:00+00:00,-83.69046
2010-01-01 00:45:00+00:00,-83.648819
2010-01-01 00:46:00+00:00,-83.922226
2010-01-01 00:47:00+00:00,-83.503952
2010-01-01 00:48:00+00:00,-83.057503
2010-01-01 00:49:00+00:00,-83.101418
2010-01-01 00:50:00+00:00,-82.80513
2010-01-01 00:51:00+00:00,-82.982597
2010-01-01 00:52:00+00:00,-83.319351
2010-01-01 00:53:00+00:00,-83.770882
2010-01-01 00:54:00+00:00,-83.802643
2010-01-01 00:55:00+00:00,-84.35157
2010-01-01 00:56:00+00:00,-84.708672
2010-01-01 00:57:00+00:00,-84.767982
2010-01-01 00:58:00+00:00,-85.086617
2010-01-01 00:59:00+00:00,-84.379898
2010-01-01 01:00:00+00:00,-84.502319
2010-01-01 01:01:00+00:00,-84.841743
2010-01-01 01:02:00+00:00,-84.779472
2010-01-01 01:03:00+00:00,-84.695862
2010-01-01 01:04:00+00:00,-85.015282
2010-01-01 01:05:00+00:00,-84.778816
2010-01-01 01:06:00+00:00,-85.136902
2010-01-01 01:07:00+00:00,-85.259529
2010-01-01 01:08:00+00:00,-85.295593
2010-01-01 01:09:00+00:00,-85.619827
2010-01-01 01:10:00+00:00,-85.799583
2010-01-01 01:11:00+00:00,-85.514618
2010-01-01 01:12:00+00:00,-85.400238
2010-01-01 01:13:00+00:00,-85.396431
2010-01-01 01:14:00+00:00,-85.114601
2010-01-01 01:15:00+00:00,-85.486435
2010-01-01 01:16:00+00:00,-85.448929
2010-01-01 01:17:00+00:00,-85.329445
2010-01-01 01:18:00+00:00,-84.620628
2010-01-01 01:19:00+00:00,-84.213173
2010-01-01 01:20:00+00:00,-84.040726
2010-01-01 01:21:00+00:00,-83.91584
2010-01-01 01:22:00+00:00,-83.790726
2010-01-01 01:23:00+00:00,-84.23275
2010-01-01 01:24:00+00:00,-84.043388
2010-01-01 01:25:00+00:00,-83.944305
2010-01-01 01:26:00+00:00,-83.865234
2010-01-01 01:27:00+00:00,-83.816994
2010-01-01 01:28:00+00:00,-83.671204
2010-01-01 01:29:00+00:00,-83.581741
2010-01-01 01:30:00+00:00,-84.036942
2010-01-01 01:31:00+00:00,-84.501617
2010-01-01 01:32:00+00:00,-84.428062
2010-01-01 01:33:00+00:00,-84.263527
2010-01-01 01:34:00+00:00,-84.4021
2010-01-01 01:35:00+00:00,-84.68708
2010-01-01 01:36:00+00:00,-84.254761
2010-01-01 01:37:00+00:00,-84.663277
2010-01-01 01:38:00+00:00,-84.499039
2010-01-01 01:39:00+00:00,-84.49855
2010-01-01 01:40:00+00:00,-84.848808
2010-01-01 01:41:00+00:00,-84.748581
2010-01-01 01:42:00+00:00,-84.811691
2010-01-01 01:43:00+00:00,-84.599701
2010-01-01 01:44:00+00:00,-84.343132
2010-01-01 01:45:00+00:00,-84.518097
2010-01-01 01:46:00+00:00,-84.520569
2010-01-01 01:47:00+00:00,-84.328278
2010-01-01 01:48:00+00:00,-84.538353
2010-01-01 01:49:00+00:00,-84.635231
2010-01-01 01:50:00+00:00,-85.0877
2010-01-01 01:51:00+00:00,-84.749313
2010-01-01 01:52:00+00:00,-85.123062
2010-01-01 01:53:00+00:00,-84.879822
2010-01-01 01:54:00+00:00,-84.990952
2010-01-01 01:55:00+00:00,-84.74012
2010-01-01 01:56:00+00:00,-84.914497
2010-01-01 01:57:00+00:00,-84.894485
2010-01-01 01:58:00+00:00,-84.578079
2010-01-01 01:59:00+00:00,-84.858887
2010-01-01 02:00:00+00:00,-84.880508
2010-01-01 02:01:00+00:00,-84.959427
2010-01-01 02:02:00+00:00,-85.79702
2010-01-01 02:03:00+00:00,-85.469452
2010-01-01 02:04:00+00:00,-85.554878
2010-01-01 02:05:00+00:00,-85.699341
2010-01-01 02:06:00+00:00,-85.480019
2010-01-01 02:07:00+00:00,-85.967262
2010-01-01 02:08:00+00:00,-85.836365
2010-01-01 02:09:00+00:00,-85.481972
2010-01-01 02:10:00+00:00,-85.252708
2010-01-01 02:11:00+00:00,-84.46843
2010-01-01 02:12:00+00:00,-84.132118
2010-01-01 02:13:00+00:00,-83.977684
2010-01-01 02:14:00+00:00,-83.760048
2010-01-01 02:15:00+00:00,-83.975349
2010-01-01 02:16:00+00:00,-83.896042
2010-01-01 02:17:00+00:00,-84.092056
2010-01-01 02:18:00+00:00,-84.002357
2010-01-01 02:19:00+00:00,-84.0933
2010-01-01 02:20:00+00:00,-84.40934
2010-01-01 02:21:00+00:00,-84.223953
2010-01-01 02:22:00+00:00,-84.133377
2010-01-01 02:23:00+00:00,-83.887146
2010-01-01 02:24:00+00:00,-83.712852
2010-01-01 02:25:00+00:00,-83.156418
2010-01-01 02:26:00+00:00,-83.051392
2010-01-01 02:27:00+00:00,-82.664391
2010-01-01 02:28:00+00:00,-82.606789
2010-01-01 02:29:00+00:00,-82.442589
2010-01-01 02:30:00+00:00,-82.28022
2010-01-01 02:31:00+00:00,-82.02327
2010-01-01 02:32:00+00:00,-81.713409
2010-01-01 02:33:00+00:00,-81.603981
2010-01-01 02:34:00+00:00,-81.52449
2010-01-01 02:35:00+00:00,-81.798569
2010-01-01 02:36:00+00:00,-81.775269
2010-01-01 02:37:00+00:00,-81.600983
2010-01-01 02:38:00+00:00,-81.336685
2010-01-01 02:39:00+00:00,-81.499825
2010-01-01 02:40:00+00:00,-81.156258
2010-01-01 02:41:00+00:00,-81.289291
2010-01-01 02:42:00+00:00,-80.983315
2010-01-01 02:43:00+00:00,-80.890594
2010-01-01 02:44:00+00:00,-80.9002
2010-01-01 02:45:00+00:00,-80.396812
2010-01-01 02:46:00+00:00,-80.406754
2010-01-01 02:47:00+00:00,-80.547058
2010-01-08 00:00:00+00:00,-20.374369
2010-01-08 00:01:00+00:00,-20.135027
2010-01-08 00:02:00+00:00,-20.048573
2010-01-08 00:03:00+00:00,-19.96656
2010-01-08 00:04:00+00:00,-19.982737
2010-01-08 00:05:00+00:00,-20.151781
2010-01-08 00:06:00+00:00,-20.410267
2010-01-08 00:07:00+00:00,-20.395771
2010-01-08 00:08:00+00:00,-20.055607
2010-01-08 00:09:00+00:00,-19.964966
2010-01-08 00:10:00+00:00,-20.037903
2010-01-08 00:11:00+00:00,-19.958984
2010-01-08 00:12:00+00:00,-19.932302
2010-01-08 00:13:00+00:00,-20.128752
2010-01-08 00:14:00+00:00,-19.855017
2010-01-08 00:15:00+00:00,-19.544582
2010-01-08 00:16:00+00:00,-20.068586
2010-01-08 00:17:00+00:00,-20.432884
2010-01-08 00:18:00+00:00,-20.61989
2010-01-08 00:19:00+00:00,-21.033894
2010-01-08 00:20:00+00:00,-20.781336
2010-01-08 00:21:00+00:00,-20.073191
2010-01-08 00:22:00+00:00,-19.406435
2010-01-08 00:23:00+00:00,-19.181496
2010-01-08 00:24:00+00:00,-19.315359
2010-01-08 00:25:00+00:00,-19.662514
2010-01-08 00:26:00+00:00,-20.061817
2010-01-08 00:27:00+00:00,-19.875568
2010-01-08 00:28:00+00:00,-19.582277
2010-01-08 00:29:00+00:00,-19.248381
2010-01-08 00:30:00+00:00,-18.957783
2010-01-08 00:31:00+00:00,-19.298338
2010-01-08 00:32:00+00:00,-19.251436
2010-01-08 00:33:00+00:00,-19.623739
2010-01-08 00:34:00+00:00,-20.001204
2010-01-08 00:35:00+00:00,-20.603577
2010-01-08 00:36:00+00:00,-21.089111
2010-01-08 00:37:00+00:00,-21.067146
2010-01-08 00:38:00+00:00,-20.835583
2010-01-08 00:39:00+00:00,-21.052643
2010-01-08 00:40:00+00:00,-21.564053
2010-01-08 00:41:00+00:00,-20.986042
2010-01-08 00:42:00+00:00,-20.09207
2010-01-08 00:43:00+00:00,-19.556961
2010-01-08 00:44:00+00:00,-19.634661
2010-01-08 00:45:00+00:00,-19.835894
2010-01-08 00:46:00+00:00,-19.619686
2010-01-08 00:47:00+00:00,-19.60129
2010-01-08 00:48:00+00:00,-20.027798
2010-01-08 00:49:00+00:00,-20.624817
2010-01-08 00:50:00+00:00,-20.537876
2010-01-08 00:51:00+00:00,-20.536537
2010-01-08 00:52:00+00:00,-20.771187
2010-01-08 00:53:00+00:00,-20.9069
2010-01-08 00:54:00+00:00,-20.812834
2010-01-08 00:55:00+00:00,-20.724365
2010-01-08 00:56:00+00:00,-20.400299
2010-01-08 00:57:00+00:00,-20.139488
2010-01-08 00:58:00+00:00,-19.943903
2010-01-08 00:59:00+00:00,-19.96299
2010-01-08 01:00:00+00:00,-19.940889
2010-01-08 01:01:00+00:00,-20.051336
2010-01-08 01:02:00+00:00,-20.248312
2010-01-08 01:03:00+00:00,-20.071861
2010-01-08 01:04:00+00:00,-19.847185
2010-01-08 01:05:00+00:00,-19.896549
2010-01-08 01:06:00+00:00,-20.175047
2010-01-08 01:07:00+00:00,-20.284227
2010-01-08 01:08:00+00:00,-20.56102
2010-01-08 01:09:00+00:00,-20.784721
2010-01-08 01:10:00+00:00,-20.862566
2010-01-08 01:11:00+00:00,-20.694946
2010-01-08 01:12:00+00:00,-20.513311
2010-01-08 01:13:00+00:00,-26.062794
2010-01-08 01:14:00+00:00,-30.459188
2010-01-08 01:15:00+00:00,-37.685474
2010-01-08 01:16:00+00:00,-44.961349
2010-01-08 01:17:00+00:00,-48.872757
2010-01-08 01:18:00+00:00,-55.128677
2010-01-08 01:19:00+00:00,-48.397091
2010-01-08 01:20:00+00:00,-45.954361
2010-01-08 01:21:00+00:00,-41.322922
2010-01-08 01:22:00+00:00,-36.116123
2010-01-08 01:23:00+00:00,-31.568308
2010-01-08 01:24:00+00:00,-31.870886
2010-01-08 01:25:00+00:00,-38.113708
2010-01-08 01:26:00+00:00,-44.156147
2010-01-08 01:27:00+00:00,-49.980629
2010-01-08 01:28:00+00:00,-55.314697
2010-01-08 01:29:00+00:00,-60.230579
2010-01-08 01:30:00+00:00,-58.260582
2010-01-08 01:31:00+00:00,-70.492424
2010-01-08 01:32:00+00:00,-78.40744
2010-01-08 01:33:00+00:00,-78.441185
2010-01-08 01:34:00+00:00,-82.677681
2010-01-08 01:35:00+00:00,-75.573006
2010-01-08 01:36:00+00:00,-66.025574
2010-01-08 01:37:00+00:00,-60.311867
2010-01-08 01:38:00+00:00,-59.035385
2010-01-08 01:39:00+00:00,-61.184437
2010-01-08 01:40:00+00:00,-63.640877
2010-01-08 01:41:00+00:00,-69.57563
2010-01-08 01:42:00+00:00,-75.491661
2010-01-08 01:43:00+00:00,-80.889954
2010-01-08 01:44:00+00:00,-84.963867
2010-01-08 01:45:00+00:00,-96.587524
2010-01-08 01:46:00+00:00,-96.145676
2010-01-08 01:47:00+00:00,-100.856125
2010-01-08 01:48:00+00:00,-108.470848
2010-01-08 01:49:00+00:00,-105.456665
2010-01-08 01:50:00+00:00,-95.375252
2010-01-08 01:51:00+00:00,-104.842209
2010-01-08 01:52:00+00:00,-101.388145
2010-01-08 01:53:00+00:00,-90.489151
2010-01-08 01:54:00+00:00,-90.06369
2010-01-08 01:55:00+00:00,-87.962364
2010-01-08 01:56:00+00:00,-92.957657
2010-01-08 01:57:00+00:00,-102.348389
2010-01-08 01:58:00+00:00,-103.639961
2010-01-08 01:59:00+00:00,-100.070175
2010-01-08 02:00:00+00:00,-102.754265
2010-01-08 02:01:00+00:00,-111.575439
2010-01-08 02:02:00+00:00,-116.765511
2010-01-08 02:03:00+00:00,-113.744415
2010-01-08 02:04:00+00:00,-109.366173
2010-01-08 02:05:00+00:00,-113.254822
2010-01-08 02:06:00+00:00,-117.353737
2010-01-08 02:07:00+00:00,-117.23127
2010-01-08 02:08:00+00:00,-114.919304
2010-01-08 02:09:00+00:00,-105.354248
2010-01-08 02:10:00+00:00,-104.250122
2010-01-08 02:11:00+00:00,-107.592873
2010-01-08 02:12:00+00:00,-106.350014
2010-01-08 02:13:00+00:00,-99.737022
2010-01-08 02:14:00+00:00,-99.681519
2010-01-08 02:15:00+00:00,-100.936462
2010-01-08 02:16:00+00:00,-100.498947
2010-01-08 02:17:00+00:00,-95.420753
2010-01-08 02:18:00+00:00,-90.936745
2010-01-08 02:19:00+00:00,-90.285217
2010-01-08 02:20:00+00:00,-86.321167
2010-01-08 02:21:00+00:00,-81.45771
2010-01-08 02:22:00+00:00,-79.429192
2010-01-08 02:23:00+00:00,-75.505661
2010-01-08 02:24:00+00:00,-70.264244
2010-01-08 02:25:00+00:00,-68.635246
2010-01-08 02:26:00+00:00,-67.552803
2010-01-08 02:27:00+00:00,-68.931015
2010-01-08 02:28:00+00:00,-72.992584
2010-01-08 02:29:00+00:00,-76.629936
2010-01-08 02:30:00+00:00,-75.227806
2010-01-08 02:31:00+00:00,-69.170967
2010-01-08 02:32:00+00:00,-60.079025
2010-01-08 02:33:00+00:00,-55.034851
2010-01-08 02:34:00+00:00,-56.640984
2010-01-08 02:35:00+00:00,-66.959167
2010-01-08 02:36:00+00:00,-66.962158
2010-01-08 02:37:00+00:00,-80.393166
2010-01-08 02:38:00+00:00,-81.414261
2010-01-08 02:39:00+00:00,-79.163155
2010-01-08 02:40:00+00:00,-98.048042
2010-01-08 02:41:00+00:00,-91.839417
2010-01-08 02:42:00+00:00,-45.27906
2010-01-08 02:43:00+00:00,-41.166702
2010-01-08 02:44:00+00:00,-40.711529
2010-01-08 02:45:00+00:00,-39.831551
2010-01-08 02:46:00+00:00,-40.053757
2010-01-08 02:47:00+00:00,-61.528172
2010-01-15 00:00:00+00:00,-26.911461
2010-01-15 00:01:00+00:00,-26.728453
2010-01-15 00:02:00+00:00,-26.524433
2010-01-15 00:03:00+00:00,-26.660727
2010-01-15 00:04:00+00:00,-26.001593
2010-01-15 00:05:00+00:00,-26.233553
2010-01-15 00:06:00+00:00,-27.073406
2010-01-15 00:07:00+00:00,-27.324858
2010-01-15 00:08:00+00:00,-26.774044
2010-01-15 00:09:00+00:00,-26.399477
2010-01-15 00:10:00+00:00,-25.701159
2010-01-15 00:11:00+00:00,-24.60096
2010-01-15 00:12:00+00:00,-24.416267
2010-01-15 00:13:00+00:00,-25.194927
2010-01-15 00:14:00+00:00,-26.185965
2010-01-15 00:15:00+00:00,-26.539852
2010-01-15 00:16:00+00:00,-26.844313
2010-01-15 00:17:00+00:00,-26.829897
2010-01-15 00:18:00+00:00,-25.91555
2010-01-15 00:19:00+00:00,-25.825884
2010-01-15 00:20:00+00:00,-25.57066
2010-01-15 00:21:00+00:00,-24.882299
2010-01-15 00:22:00+00:00,-25.351624
2010-01-15 00:23:00+00:00,-26.336052
2010-01-15 00:24:00+00:00,-26.587538
2010-01-15 00:25:00+00:00,-26.118776
2010-01-15 00:26:00+00:00,-26.518633
2010-01-15 00:27:00+00:00,-26.739256
2010-01-15 00:28:00+00:00,-27.240606
2010-01-15 00:29:00+00:00,-26.707251
2010-01-15 00:30:00+00:00,-26.881433
2010-01-15 00:31:00+00:00,-26.991474
2010-01-15 00:32:00+00:00,-27.059826
2010-01-15 00:33:00+00:00,-26.821854
2010-01-15 00:34:00+00:00,-26.886953
2010-01-15 00:35:00+00:00,-27.611584
2010-01-15 00:36:00+00:00,-28.126625
2010-01-15 00:37:00+00:00,-27.517054
2010-01-15 00:38:00+00:00,-27.474295
2010-01-15 00:39:00+00:00,-28.203442
2010-01-15 00:40:00+00:00,-27.725023
2010-01-15 00:41:00+00:00,-27.201164
2010-01-15 00:42:00+00:00,-28.384811
2010-01-15 00:43:00+00:00,-30.242779
2010-01-15 00:44:00+00:00,-30.614929
2010-01-15 00:45:00+00:00,-31.582359
2010-01-15 00:46:00+00:00,-30.317886
2010-01-15 00:47:00+00:00,-28.683859
2010-01-15 00:48:00+00:00,-27.236937
2010-01-15 00:49:00+00:00,-26.788658
2010-01-15 00:50:00+00:00,-27.196465
2010-01-15 00:51:00+00:00,-27.897873
2010-01-15 00:52:00+00:00,-29.176104
2010-01-15 00:53:00+00:00,-28.486252
2010-01-15 00:54:00+00:00,-28.347868
2010-01-15 00:55:00+00:00,-27.95628
2010-01-15 00:56:00+00:00,-28.038067
2010-01-15 00:57:00+00:00,-26.68993
2010-01-15 00:58:00+00:00,-27.48122
2010-01-15 00:59:00+00:00,-27.687346
2010-01-15 01:00:00+00:00,-27.539776
2010-01-15 01:01:00+00:00,-27.577415
2010-01-15 01:02:00+00:00,-29.010092
2010-01-15 01:03:00+00:00,-29.247974
2010-01-15 01:04:00+00:00,-29.19928
2010-01-15 01:05:00+00:00,-28.561289
2010-01-15 01:06:00+00:00,-28.698273
2010-01-15 01:07:00+00:00,-28.003803
2010-01-15 01:08:00+00:00,-27.410507
2010-01-15 01:09:00+00:00,-27.372505
2010-01-15 01:10:00+00:00,-28.288246
2010-01-15 01:11:00+00:00,-29.383331
2010-01-15 01:12:00+00:00,-29.032774
2010-01-15 01:13:00+00:00,-29.16823
2010-01-15 01:14:00+00:00,-28.578777
2010-01-15 01:15:00+00:00,-28.377693
2010-01-15 01:16:00+00:00,-28.504477
2010-01-15 01:17:00+00:00,-28.911276
2010-01-15 01:18:00+00:00,-28.95162
2010-01-15 01:19:00+00:00,-28.677282
2010-01-15 01:20:00+00:00,-29.075583
2010-01-15 01:21:00+00:00,-28.160204
2010-01-15 01:22:00+00:00,-27.955576
2010-01-15 01:23:00+00:00,-28.338669
2010-01-15 01:24:00+00:00,-28.700117
2010-01-15 01:25:00+00:00,-29.17861
2010-01-15 01:26:00+00:00,-29.598381
2010-01-15 01:27:00+00:00,-28.95163
2010-01-15 01:28:00+00:00,-29.092865
2010-01-15 01:29:00+00:00,-28.5387
2010-01-15 01:30:00+00:00,-28.961004
2010-01-15 01:31:00+00:00,-29.370453
2010-01-15 01:32:00+00:00,-29.22492
2010-01-15 01:33:00+00:00,-29.31641
2010-01-15 01:34:00+00:00,-29.080481
2010-01-15 01:35:00+00:00,-29.246632
2010-01-15 01:36:00+00:00,-29.62249
2010-01-15 01:37:00+00:00,-29.16217
2010-01-15 01:38:00+00:00,-29.137167
2010-01-15 01:39:00+00:00,-29.252567
2010-01-15 01:40:00+00:00,-29.974201
2010-01-15 01:41:00+00:00,-30.747393
2010-01-15 01:42:00+00:00,-30.413948
2010-01-15 01:43:00+00:00,-29.843019
2010-01-15 01:44:00+00:00,-29.801218
2010-01-15 01:45:00+00:00,-30.781681
2010-01-15 01:46:00+00:00,-30.906561
2010-01-15 01:47:00+00:00,-30.37896
2010-01-15 01:48:00+00:00,-30.224276
2010-01-15 01:49:00+00:00,-29.291153
2010-01-15 01:50:00+00:00,-29.780363
2010-01-15 01:51:00+00:00,-63.977535
2010-01-15 01:52:00+00:00,-73.732613
2010-01-15 01:53:00+00:00,-82.790405
2010-01-15 01:54:00+00:00,-115.500298
2010-01-15 01:55:00+00:00,-86.58725
2010-01-15 01:56:00+00:00,-98.918457
2010-01-15 01:57:00+00:00,-92.667961
2010-01-15 01:58:00+00:00,-82.350357
2010-01-15 01:59:00+00:00,-101.642731
2010-01-15 02:00:00+00:00,-97.858498
2010-01-15 02:01:00+00:00,-93.058159
2010-01-15 02:02:00+00:00,-92.7649
2010-01-15 02:03:00+00:00,-89.267784
2010-01-15 02:04:00+00:00,-80.197678
2010-01-15 02:05:00+00:00,-74.482315
2010-01-15 02:06:00+00:00,-58.223267
2010-01-15 02:07:00+00:00,-47.271118
2010-01-15 02:08:00+00:00,-36.697163
2010-01-15 02:09:00+00:00,-35.543396
2010-01-15 02:10:00+00:00,-42.540291
2010-01-15 02:11:00+00:00,-37.429058
2010-01-15 02:12:00+00:00,-37.898178
2010-01-15 02:13:00+00:00,-38.21426
2010-01-15 02:14:00+00:00,-30.539181
2010-01-15 02:15:00+00:00,-32.96236
2010-01-15 02:16:00+00:00,-31.203264
2010-01-15 02:17:00+00:00,-48.427391
2010-01-15 02:18:00+00:00,-58.70631
2010-01-15 02:19:00+00:00,-46.81979
2010-01-15 02:20:00+00:00,-56.103745
2010-01-15 02:21:00+00:00,-61.887032
2010-01-15 02:22:00+00:00,-47.892307
2010-01-15 02:23:00+00:00,-54.080509
2010-01-15 02:24:00+00:00,-68.889145
2010-01-15 02:25:00+00:00,-68.968613
2010-01-15 02:26:00+00:00,-71.601135
2010-01-15 02:27:00+00:00,-65.75547
2010-01-15 02:28:00+00:00,-60.222633
2010-01-15 02:29:00+00:00,-64.841499
2010-01-15 02:30:00+00:00,-73.903923
2010-01-15 02:31:00+00:00,-81.203438
2010-01-15 02:32:00+00:00,-134.23494
2010-01-15 02:33:00+00:00,-138.681168
2010-01-15 02:34:00+00:00,-117.29747
2010-01-15 02:35:00+00:00,-121.534874
2010-01-15 02:36:00+00:00,-97.41156
2010-01-15 02:37:00+00:00,-106.974709
2010-01-15 02:38:00+00:00,-144.863129
2010-01-15 02:39:00+00:00,-106.459114
2010-01-15 02:40:00+00:00,-85.869087
2010-01-15 02:41:00+00:00,-95.78833
2010-01-15 02:42:00+00:00,-102.610382
2010-01-15 02:43:00+00:00,-97.582268
2010-01-15 02:44:00+00:00,-98.884239
2010-01-15 02:45:00+00:00,-97.611809
2010-01-15 02:46:00+00:00,-97.427383
2010-01-15 02:47:00+00:00,-94.40239
2010-01-22 00:00:00+00:00,-22.949909
2010-01-22 00:01:00+00:00,-22.949961
2010-01-22 00:02:00+00:00,-23.026608
2010-01-22 00:03:00+00:00,-23.002069
2010-01-22 00:04:00+00:00,-22.953453
2010-01-22 00:05:00+00:00,-22.954935
2010-01-22 00:06:00+00:00,-22.859007
2010-01-22 00:07:00+00:00,-22.706642
2010-01-22 00:08:00+00:00,-22.64526
2010-01-22 00:09:00+00:00,-22.500984
2010-01-22 00:10:00+00:00,-22.449558
2010-01-22 00:11:00+00:00,-22.414761
2010-01-22 00:12:00+00:00,-22.479557
2010-01-22 00:13:00+00:00,-22.285698
2010-01-22 00:14:00+00:00,-22.084709
2010-01-22 00:15:00+00:00,-21.812286
2010-01-22 00:16:00+00:00,-21.97229
2010-01-22 00:17:00+00:00,-22.176006
2010-01-22 00:18:00+00:00,-22.404835
2010-01-22 00:19:00+00:00,-22.130413
2010-01-22 00:20:00+00:00,-21.913244
2010-01-22 00:21:00+00:00,-22.022816
2010-01-22 00:22:00+00:00,-22.141699
2010-01-22 00:23:00+00:00,-21.938797
2010-01-22 00:24:00+00:00,-22.005865
2010-01-22 00:25:00+00:00,-21.771566
2010-01-22 00:26:00+00:00,-21.845234
2010-01-22 00:27:00+00:00,-22.004169
2010-01-22 00:28:00+00:00,-22.159626
2010-01-22 00:29:00+00:00,-22.108101
2010-01-22 00:30:00+00:00,-21.982531
2010-01-22 00:31:00+00:00,-21.939377
2010-01-22 00:32:00+00:00,-21.625355
2010-01-22 00:33:00+00:00,-21.479914
2010-01-22 00:34:00+00:00,-21.677246
2010-01-22 00:35:00+00:00,-21.790585
2010-01-22 00:36:00+00:00,-21.806034
2010-01-22 00:37:00+00:00,-22.190426
2010-01-22 00:38:00+00:00,-21.990669
2010-01-22 00:39:00+00:00,-22.066172
2010-01-22 00:40:00+00:00,-22.094706
2010-01-22 00:41:00+00:00,-22.486456
2010-01-22 00:42:00+00:00,-22.694584
2010-01-22 00:43:00+00:00,-22.740719
2010-01-22 00:44:00+00:00,-22.527016
2010-01-22 00:45:00+00:00,-22.889557
2010-01-22 00:46:00+00:00,-23.127205
2010-01-22 00:47:00+00:00,-23.154055
2010-01-22 00:48:00+00:00,-23.171314
2010-01-22 00:49:00+00:00,-23.165342
2010-01-22 00:50:00+00:00,-22.977972
2010-01-22 00:51:00+00:00,-22.843613
2010-01-22 00:52:00+00:00,-22.680264
2010-01-22 00:53:00+00:00,-22.788742
2010-01-22 00:54:00+00:00,-22.79213
2010-01-22 00:55:00+00:00,-22.862331
2010-01-22 00:56:00+00:00,-23.007198
2010-01-22 00:57:00+00:00,-23.01973
2010-01-22 00:58:00+00:00,-23.165714
2010-01-22 00:59:00+00:00,-23.403913
2010-01-22 01:00:00+00:00,-23.382929
2010-01-22 01:01:00+00:00,-23.378048
2010-01-22 01:02:00+00:00,-23.146961
2010-01-22 01:03:00+00:00,-23.244347
2010-01-22 01:04:00+00:00,-23.095976
2010-01-22 01:05:00+00:00,-23.035824
2010-01-22 01:06:00+00:00,-23.026773
2010-01-22 01:07:00+00:00,-22.852016
2010-01-22 01:08:00+00:00,-22.593578
2010-01-22 01:09:00+00:00,-22.440903
2010-01-22 01:10:00+00:00,-22.573668
2010-01-22 01:11:00+00:00,-22.476238
2010-01-22 01:12:00+00:00,-22.216965
2010-01-22 01:13:00+00:00,-22.13583
2010-01-22 01:14:00+00:00,-22.191517
2010-01-22 01:15:00+00:00,-22.206429
2010-01-22 01:16:00+00:00,-22.020399
2010-01-22 01:17:00+00:00,-22.061152
2010-01-22 01:18:00+00:00,-22.014227
2010-01-22 01:19:00+00:00,-21.944069
2010-01-22 01:20:00+00:00,-21.858482
2010-01-22 01:21:00+00:00,-21.677376
2010-01-22 01:22:00+00:00,-21.57262
2010-01-22 01:23:00+00:00,-21.422443
2010-01-22 01:24:00+00:00,-21.415394
2010-01-22 01:25:00+00:00,-21.43364
2010-01-22 01:26:00+00:00,-21.253561
2010-01-22 01:27:00+00:00,-21.030439
2010-01-22 01:28:00+00:00,-20.911678
2010-01-22 01:29:00+00:00,-20.965788
2010-01-22 01:30:00+00:00,-21.092125
2010-01-22 01:31:00+00:00,-21.077658
2010-01-22 01:32:00+00:00,-20.978891
2010-01-22 01:33:00+00:00,-20.872021
2010-01-22 01:34:00+00:00,-20.987532
2010-01-22 01:35:00+00:00,-21.228765
2010-01-22 01:36:00+00:00,-21.417028
2010-01-22 01:37:00+00:00,-20.988865
2010-01-22 01:38:00+00:00,-20.931597
2010-01-22 01:39:00+00:00,-21.422979
2010-01-22 01:40:00+00:00,-21.888811
2010-01-22 01:41:00+00:00,-21.868177
2010-01-22 01:42:00+00:00,-21.776133
2010-01-22 01:43:00+00:00,-21.92219
2010-01-22 01:44:00+00:00,-21.977423
2010-01-22 01:45:00+00:00,-21.973024
2010-01-22 01:46:00+00:00,-21.836746
2010-01-22 01:47:00+00:00,-21.661383
2010-01-22 01:48:00+00:00,-21.944998
2010-01-22 01:49:00+00:00,-22.163197
2010-01-22 01:50:00+00:00,-22.342367
2010-01-22 01:51:00+00:00,-22.444443
2010-01-22 01:52:00+00:00,-22.689169
2010-01-22 01:53:00+00:00,-22.80801
2010-01-22 01:54:00+00:00,-23.016804
2010-01-22 01:55:00+00:00,-23.142721
2010-01-22 01:56:00+00:00,-23.132069
2010-01-22 01:57:00+00:00,-23.042482
2010-01-22 01:58:00+00:00,-23.17664
2010-01-22 01:59:00+00:00,-23.265182
2010-01-22 02:00:00+00:00,-23.393013
2010-01-22 02:01:00+00:00,-23.403786
2010-01-22 02:02:00+00:00,-23.546412
2010-01-22 02:03:00+00:00,-23.505465
2010-01-22 02:04:00+00:00,-23.152046
2010-01-22 02:05:00+00:00,-23.110182
2010-01-22 02:06:00+00:00,-23.251944
2010-01-22 02:07:00+00:00,-23.223822
2010-01-22 02:08:00+00:00,-23.198671
2010-01-22 02:09:00+00:00,-23.268291
2010-01-22 02:10:00+00:00,-23.235424
2010-01-22 02:11:00+00:00,-22.968233
2010-01-22 02:12:00+00:00,-22.956959
2010-01-22 02:13:00+00:00,-23.07946
2010-01-22 02:14:00+00:00,-23.326122
2010-01-22 02:15:00+00:00,-23.507423
2010-01-22 02:16:00+00:00,-23.686842
2010-01-22 02:17:00+00:00,-23.403446
2010-01-22 02:18:00+00:00,-22.929701
2010-01-22 02:19:00+00:00,-23.253889
2010-01-22 02:20:00+00:00,-23.381876
2010-01-22 02:21:00+00:00,-23.055851
2010-01-22 02:22:00+00:00,-22.947695
2010-01-22 02:23:00+00:00,-23.080847
2010-01-22 02:24:00+00:00,-23.370352
2010-01-22 02:25:00+00:00,-23.215626
2010-01-22 02:26:00+00:00,-23.076633
2010-01-22 02:27:00+00:00,-23.125256
2010-01-22 02:28:00+00:00,-23.040138
2010-01-22 02:29:00+00:00,-23.030405
2010-01-22 02:30:00+00:00,-27.969404
2010-01-22 02:31:00+00:00,-44.288727
2010-01-22 02:32:00+00:00,-72.597824
2010-01-22 02:33:00+00:00,-80.051994
2010-01-22 02:34:00+00:00,-75.161011
2010-01-22 02:35:00+00:00,-109.597473
2010-01-22 02:36:00+00:00,-247.396164
2010-01-22 02:37:00+00:00,-219.575943
2010-01-22 02:38:00+00:00,-173.663147
2010-01-22 02:39:00+00:00,-143.890213
2010-01-22 02:40:00+00:00,-118.648758
2010-01-22 02:41:00+00:00,-103.533493
2010-01-22 02:42:00+00:00,-90.500481
2010-01-22 02:43:00+00:00,-64.235207
2010-01-22 02:44:00+00:00,-41.554199
2010-01-22 02:45:00+00:00,-40.094875
2010-01-22 02:46:00+00:00,-39.127419
2010-01-22 02:47:00+00:00,-38.296558
2010-01-29 00:00:00+00:00,-58.889389
2010-01-29 00:01:00+00:00,-61.724873
2010-01-29 00:02:00+00:00,-58.186737
2010-01-29 00:03:00+00:00,-53.998566
2010-01-29 00:04:00+00:00,-51.144657
2010-01-29 00:05:00+00:00,-46.652298
2010-01-29 00:06:00+00:00,-44.189392
2010-01-29 00:07:00+00:00,-53.264984
2010-01-29 00:08:00+00:00,-66.756172
2010-01-29 00:09:00+00:00,-80.128067
2010-01-29 00:10:00+00:00,-83.366997
2010-01-29 00:11:00+00:00,-80.463966
2010-01-29 00:12:00+00:00,-82.581421
2010-01-29 00:13:00+00:00,-109.931068
2010-01-29 00:14:00+00:00,-121.561737
2010-01-29 00:15:00+00:00,-111.107185
2010-01-29 00:16:00+00:00,-83.413101
2010-01-29 00:17:00+00:00,-87.022438
2010-01-29 00:18:00+00:00,-99.030876
2010-01-29 00:19:00+00:00,-95.303635
2010-01-29 00:20:00+00:00,-91.22448
2010-01-29 00:21:00+00:00,-92.386169
2010-01-29 00:22:00+00:00,-85.749626
2010-01-29 00:23:00+00:00,-83.68689
2010-01-29 00:24:00+00:00,-84.036819
2010-01-29 00:25:00+00:00,-84.288658
2010-01-29 00:26:00+00:00,-81.841606
2010-01-29 00:27:00+00:00,-71.334686
2010-01-29 00:28:00+00:00,-59.187126
2010-01-29 00:29:00+00:00,-60.562916
2010-01-29 00:30:00+00:00,-62.0975
2010-01-29 00:31:00+00:00,-62.164249
2010-01-29 00:32:00+00:00,-63.604336
2010-01-29 00:33:00+00:00,-59.796658
2010-01-29 00:34:00+00:00,-57.785145
2010-01-29 00:35:00+00:00,-57.543419
2010-01-29 00:36:00+00:00,-54.554863
2010-01-29 00:37:00+00:00,-53.483566
2010-01-29 00:38:00+00:00,-61.29744
2010-01-29 00:39:00+00:00,-59.371651
2010-01-29 00:40:00+00:00,-56.437668
2010-01-29 00:41:00+00:00,-65.469902
2010-01-29 00:42:00+00:00,-79.048874
2010-01-29 00:43:00+00:00,-90.390213
2010-01-29 00:44:00+00:00,-95.000763
2010-01-29 00:45:00+00:00,-98.797539
2010-01-29 00:46:00+00:00,-115.616493
2010-01-29 00:47:00+00:00,-113.593391
2010-01-29 00:48:00+00:00,-126.61692
2010-01-29 00:49:00+00:00,-107.054276
2010-01-29 00:50:00+00:00,-102.791229
2010-01-29 00:51:00+00:00,-81.566078
2010-01-29 00:52:00+00:00,-65.575119
2010-01-29 00:53:00+00:00,-49.192406
2010-01-29 00:54:00+00:00,-49.402321
2010-01-29 00:55:00+00:00,-49.691212
2010-01-29 00:56:00+00:00,-44.428013
2010-01-29 00:57:00+00:00,-42.103424
2010-01-29 00:58:00+00:00,-55.697712
2010-01-29 00:59:00+00:00,-65.846626
2010-01-29 01:00:00+00:00,-72.533592
2010-01-29 01:01:00+00:00,-83.145981
2010-01-29 01:02:00+00:00,-80.80265
2010-01-29 01:03:00+00:00,-71.037827
2010-01-29 01:04:00+00:00,-63.110344
2010-01-29 01:05:00+00:00,-61.388428
2010-01-29 01:06:00+00:00,-56.918995
2010-01-29 01:07:00+00:00,-46.923779
2010-01-29 01:08:00+00:00,-44.308098
2010-01-29 01:09:00+00:00,-45.417709
2010-01-29 01:10:00+00:00,-46.480206
2010-01-29 01:11:00+00:00,-41.762966
2010-01-29 01:12:00+00:00,-40.022388
2010-01-29 01:13:00+00:00,-42.626442
2010-01-29 01:14:00+00:00,-50.264633
2010-01-29 01:15:00+00:00,-53.750488
2010-01-29 01:16:00+00:00,-47.61335
2010-01-29 01:17:00+00:00,-49.148193
2010-01-29 01:18:00+00:00,-49.00058
2010-01-29 01:19:00+00:00,-52.169579
2010-01-29 01:20:00+00:00,-54.750938
2010-01-29 01:21:00+00:00,-50.236908
2010-01-29 01:22:00+00:00,-45.037685
2010-01-29 01:23:00+00:00,-46.385742
2010-01-29 01:24:00+00:00,-44.700081
2010-01-29 01:25:00+00:00,-44.225861
2010-01-29 01:26:00+00:00,-47.086933
2010-01-29 01:27:00+00:00,-40.733021
2010-01-29 01:28:00+00:00,-37.593636
2010-01-29 01:29:00+00:00,-39.486206
2010-01-29 01:30:00+00:00,-46.884418
2010-01-29 01:31:00+00:00,-48.187153
2010-01-29 01:32:00+00:00,-46.267929
2010-01-29 01:33:00+00:00,-43.909035
2010-01-29 01:34:00+00:00,-40.672058
2010-01-29 01:35:00+00:00,-38.215267
2010-01-29 01:36:00+00:00,-34.39534
2010-01-29 01:37:00+00:00,-37.546627
2010-01-29 01:38:00+00:00,-43.937782
2010-01-29 01:39:00+00:00,-46.727024
2010-01-29 01:40:00+00:00,-47.89386
2010-01-29 01:41:00+00:00,-50.322083
2010-01-29 01:42:00+00:00,-50.092793
2010-01-29 01:43:00+00:00,-48.780209
2010-01-29 01:44:00+00:00,-49.360912
2010-01-29 01:45:00+00:00,-47.958942
2010-01-29 01:46:00+00:00,-45.161228
2010-01-29 01:47:00+00:00,-44.239983
2010-01-29 01:48:00+00:00,-47.485302
2010-01-29 01:49:00+00:00,-47.269539
2010-01-29 01:50:00+00:00,-49.805645
2010-01-29 01:51:00+00:00,-50.846622
2010-01-29 01:52:00+00:00,-49.496048
2010-01-29 01:53:00+00:00,-43.301842
2010-01-29 01:54:00+00:00,-30.0375
2010-01-29 01:55:00+00:00,-20.451756
2010-01-29 01:56:00+00:00,-20.365814
2010-01-29 01:57:00+00:00,-20.493807
2010-01-29 01:58:00+00:00,-20.59544
2010-01-29 01:59:00+00:00,-20.490063
2010-01-29 02:00:00+00:00,-20.321239
2010-01-29 02:01:00+00:00,-20.156292
2010-01-29 02:02:00+00:00,-20.093794
2010-01-29 02:03:00+00:00,-20.080034
2010-01-29 02:04:00+00:00,-20.277126
2010-01-29 02:05:00+00:00,-20.521009
2010-01-29 02:06:00+00:00,-20.775557
2010-01-29 02:07:00+00:00,-20.875729
2010-01-29 02:08:00+00:00,-20.419186
2010-01-29 02:09:00+00:00,-20.215504
2010-01-29 02:10:00+00:00,-20.477571
2010-01-29 02:11:00+00:00,-20.655519
2010-01-29 02:12:00+00:00,-20.797344
2010-01-29 02:13:00+00:00,-21.102194
2010-01-29 02:14:00+00:00,-38.726204
2010-01-29 02:15:00+00:00,-53.412918
2010-01-29 02:16:00+00:00,-35.908588
2010-01-29 02:17:00+00:00,-35.284927
2010-01-29 02:18:00+00:00,-21.603201
2010-01-29 02:19:00+00:00,-21.411663
2010-01-29 02:20:00+00:00,-21.290401
2010-01-29 02:21:00+00:00,-21.26383
2010-01-29 02:22:00+00:00,-21.035076
2010-01-29 02:23:00+00:00,-20.699848
2010-01-29 02:24:00+00:00,-20.546236
2010-01-29 02:25:00+00:00,-20.386738
2010-01-29 02:26:00+00:00,-20.495703
2010-01-29 02:27:00+00:00,-20.833237
2010-01-29 02:28:00+00:00,-21.063335
2010-01-29 02:29:00+00:00,-21.365686
2010-01-29 02:30:00+00:00,-20.960022
2010-01-29 02:31:00+00:00,-20.541634
2010-01-29 02:32:00+00:00,-20.232576
2010-01-29 02:33:00+00:00,-20.059214
2010-01-29 02:34:00+00:00,-19.997137
2010-01-29 02:35:00+00:00,-20.099079
2010-01-29 02:36:00+00:00,-20.335745
2010-01-29 02:37:00+00:00,-20.705185
2010-01-29 02:38:00+00:00,-20.603882
2010-01-29 02:39:00+00:00,-20.622656
2010-01-29 02:40:00+00:00,-20.294716
2010-01-29 02:41:00+00:00,-20.4569
2010-01-29 02:42:00+00:00,-20.757795
2010-01-29 02:43:00+00:00,-21.019594
2010-01-29 02:44:00+00:00,-21.036245
2010-01-29 02:45:00+00:00,-20.926888
2010-01-29 02:46:00+00:00,-20.796993
2010-01-29 02:47:00+00:00,-20.740313
2010-02-05 00:00:00+00:00,-53.667362
2010-02-05 00:01:00+00:00,-48.407253
2010-02-05 00:02:00+00:00,-39.092243
2010-02-05 00:03:00+00:00,-30.492823
2010-02-05 00:04:00+00:00,-29.716539
2010-02-05 00:05:00+00:00,-29.974276
2010-02-05 00:06:00+00:00,-26.582552
2010-02-05 00:07:00+00:00,-23.624327
2010-02-05 00:08:00+00:00,-23.414165
2010-02-05 00:09:00+00:00,-22.360224
2010-02-05 00:10:00+00:00,-21.491909
2010-02-05 00:11:00+00:00,-20.612885
2010-02-05 00:12:00+00:00,-18.46838
2010-02-05 00:13:00+00:00,-16.610504
2010-02-05 00:14:00+00:00,-16.573353
2010-02-05 00:15:00+00:00,-17.185696
2010-02-05 00:16:00+00:00,-16.779842
2010-02-05 00:17:00+00:00,-18.528229
2010-02-05 00:18:00+00:00,-18.46789
2010-02-05 00:19:00+00:00,-17.377161
2010-02-05 00:20:00+00:00,-17.335701
2010-02-05 00:21:00+00:00,-17.293058
2010-02-05 00:22:00+00:00,-17.247875
2010-02-05 00:23:00+00:00,-17.20339
2010-02-05 00:24:00+00:00,-17.158268
2010-02-05 00:25:00+00:00,-18.254684
2010-02-05 00:26:00+00:00,-18.064684
2010-02-05 00:27:00+00:00,-18.016144
2010-02-05 00:28:00+00:00,-17.966877
2010-02-05 00:29:00+00:00,-19.069742
2010-02-05 00:30:00+00:00,-19.256489
2010-02-05 00:31:00+00:00,-17.815279
2010-02-05 00:32:00+00:00,-17.760603
2010-02-05 00:33:00+00:00,-17.70496
2010-02-05 00:34:00+00:00,-17.647591
2010-02-05 00:35:00+00:00,-18.589399
2010-02-05 00:36:00+00:00,-19.166687
2010-02-05 00:37:00+00:00,-19.440372
2010-02-05 00:38:00+00:00,-22.02994
2010-02-05 00:39:00+00:00,-18.342606
2010-02-05 00:40:00+00:00,-18.278667
2010-02-05 00:41:00+00:00,-17.214327
2010-02-05 00:42:00+00:00,-18.148699
2010-02-05 00:43:00+00:00,-17.082808
2010-02-05 00:44:00+00:00,-17.015743
2010-02-05 00:45:00+00:00,-17.948549
2010-02-05 00:46:00+00:00,-17.880299
2010-02-05 00:47:00+00:00,-17.81155
2010-02-05 00:48:00+00:00,-16.742868
2010-02-05 00:49:00+00:00,-16.673309
2010-02-05 00:50:00+00:00,-17.601995
2010-02-05 00:51:00+00:00,-16.531879
2010-02-05 00:52:00+00:00,-17.46209
2010-02-05 00:53:00+00:00,-17.391666
2010-02-05 00:54:00+00:00,-17.321697
2010-02-05 00:55:00+00:00,-16.249264
2010-02-05 00:56:00+00:00,-17.177412
2010-02-05 00:57:00+00:00,-16.107126
2010-02-05 00:58:00+00:00,-16.037546
2010-02-05 00:59:00+00:00,-16.967707
2010-02-05 01:00:00+00:00,-16.898693
2010-02-05 01:01:00+00:00,-16.829287
2010-02-05 01:02:00+00:00,-16.759745
2010-02-05 01:03:00+00:00,-16.690563
2010-02-05 01:04:00+00:00,-17.62071
2010-02-05 01:05:00+00:00,-18.869989
2010-02-05 01:06:00+00:00,-22.731655
2010-02-05 01:07:00+00:00,-26.228497
2010-02-05 01:08:00+00:00,-28.342123
2010-02-05 01:09:00+00:00,-29.459524
2010-02-05 01:10:00+00:00,-30.987617
2010-02-05 01:11:00+00:00,-30.989162
2010-02-05 01:12:00+00:00,-29.010248
2010-02-05 01:13:00+00:00,-26.803562
2010-02-05 01:14:00+00:00,-25.879688
2010-02-05 01:15:00+00:00,-24.764969
2010-02-05 01:16:00+00:00,-23.48785
2010-02-05 01:17:00+00:00,-22.384378
2010-02-05 01:18:00+00:00,-22.481546
2010-02-05 01:19:00+00:00,-20.544926
2010-02-05 01:20:00+00:00,-20.469395
2010-02-05 01:21:00+00:00,-19.394905
2010-02-05 01:22:00+00:00,-19.320578
2010-02-05 01:23:00+00:00,-20.245306
2010-02-05 01:24:00+00:00,-19.170177
2010-02-05 01:25:00+00:00,-19.094074
2010-02-05 01:26:00+00:00,-19.018093
2010-02-05 01:27:00+00:00,-19.236961
2010-02-05 01:28:00+00:00,-18.864229
2010-02-05 01:29:00+00:00,-18.786314
2010-02-05 01:30:00+00:00,-18.708485
2010-02-05 01:31:00+00:00,-19.629128
2010-02-05 01:32:00+00:00,-18.548422
2010-02-05 01:33:00+00:00,-18.467075
2010-02-05 01:34:00+00:00,-19.387911
2010-02-05 01:35:00+00:00,-19.304432
2010-02-05 01:36:00+00:00,-19.217474
2010-02-05 01:37:00+00:00,-19.132292
2010-02-05 01:38:00+00:00,-19.421034
2010-02-05 01:39:00+00:00,-19.95933
2010-02-05 01:40:00+00:00,-20.873711
2010-02-05 01:41:00+00:00,-19.784454
2010-02-05 01:42:00+00:00,-19.696245
2010-02-05 01:43:00+00:00,-21.5273
2010-02-05 01:44:00+00:00,-23.096664
2010-02-05 01:45:00+00:00,-24.261589
2010-02-05 01:46:00+00:00,-23.950203
2010-02-05 01:47:00+00:00,-19.256317
2010-02-05 01:48:00+00:00,-20.169436
2010-02-05 01:49:00+00:00,-19.082407
2010-02-05 01:50:00+00:00,-18.996613
2010-02-05 01:51:00+00:00,-20.508856
2010-02-05 01:52:00+00:00,-22.241791
2010-02-05 01:53:00+00:00,-18.969925
2010-02-05 01:54:00+00:00,-18.658348
2010-02-05 01:55:00+00:00,-17.578503
2010-02-05 01:56:00+00:00,-18.498539
2010-02-05 01:57:00+00:00,-18.419346
2010-02-05 01:58:00+00:00,-17.342186
2010-02-05 01:59:00+00:00,-16.264078
2010-02-05 02:00:00+00:00,-18.188198
2010-02-05 02:01:00+00:00,-17.116707
2010-02-05 02:02:00+00:00,-16.043596
2010-02-05 02:03:00+00:00,-16.971395
2010-02-05 02:04:00+00:00,-16.899078
2010-02-05 02:05:00+00:00,-17.827747
2010-02-05 02:06:00+00:00,-15.756391
2010-02-05 02:07:00+00:00,-15.686094
2010-02-05 02:08:00+00:00,-16.613911
2010-02-05 02:09:00+00:00,-16.544815
2010-02-05 02:10:00+00:00,-15.475879
2010-02-05 02:11:00+00:00,-15.406196
2010-02-05 02:12:00+00:00,-15.336765
2010-02-05 02:13:00+00:00,-15.272519
2010-02-05 02:14:00+00:00,-15.204715
2010-02-05 02:15:00+00:00,-16.140213
2010-02-05 02:16:00+00:00,-15.078106
2010-02-05 02:17:00+00:00,-15.015009
2010-02-05 02:18:00+00:00,-14.953365
2010-02-05 02:19:00+00:00,-15.890356
2010-02-05 02:20:00+00:00,-15.830823
2010-02-05 02:21:00+00:00,-14.771976
2010-02-05 02:22:00+00:00,-14.714718
2010-02-05 02:23:00+00:00,-14.658247
2010-02-05 02:24:00+00:00,-14.601476
2010-02-05 02:25:00+00:00,-14.547546
2010-02-05 02:26:00+00:00,-15.692865
2010-02-05 02:27:00+00:00,-13.928843
2010-02-05 02:28:00+00:00,-13.39467
2010-02-05 02:29:00+00:00,-13.894632
2010-02-05 02:30:00+00:00,-13.29982
2010-02-05 02:31:00+00:00,-13.703861
2010-02-05 02:32:00+00:00,-13.53524
2010-02-05 02:33:00+00:00,-14.827476
2010-02-05 02:34:00+00:00,-14.90786
2010-02-05 02:35:00+00:00,-13.353392
2010-02-05 02:36:00+00:00,-13.040161
2010-02-05 02:37:00+00:00,-13.573586
2010-02-05 02:38:00+00:00,-13.233009
2010-02-05 02:39:00+00:00,-14.221439
2010-02-05 02:40:00+00:00,-14.706015
2010-02-05 02:41:00+00:00,-14.000061
2010-02-05 02:42:00+00:00,-14.134974
2010-02-05 02:43:00+00:00,-14.537361
2010-02-05 02:44:00+00:00,-14.427095
2010-02-05 02:45:00+00:00,-13.754225
2010-02-05 02:46:00+00:00,-13.639417
2010-02-05 02:47:00+00:00,-13.547188
2010-02-12 00:00:00+00:00,-46.701172
2010-02-12 00:01:00+00:00,-46.347488
2010-02-12 00:02:00+00:00,-44.89658
2010-02-12 00:03:00+00:00,-44.523865
2010-02-12 00:04:00+00:00,-46.386009
2010-02-12 00:05:00+00:00,-50.877186
2010-02-12 00:06:00+00:00,-58.798592
2010-02-12 00:07:00+00:00,-61.895962
2010-02-12 00:08:00+00:00,-55.677525
2010-02-12 00:09:00+00:00,-48.223976
2010-02-12 00:10:00+00:00,-42.613857
2010-02-12 00:11:00+00:00,-40.925915
2010-02-12 00:12:00+00:00,-39.700287
2010-02-12 00:13:00+00:00,-39.381653
2010-02-12 00:14:00+00:00,-40.078583
2010-02-12 00:15:00+00:00,-38.33107
2010-02-12 00:16:00+00:00,-34.819351
2010-02-12 00:17:00+00:00,-34.760635
2010-02-12 00:18:00+00:00,-33.386982
2010-02-12 00:19:00+00:00,-31.935148
2010-02-12 00:20:00+00:00,-32.478424
2010-02-12 00:21:00+00:00,-34.939148
2010-02-12 00:22:00+00:00,-37.215336
2010-02-12 00:23:00+00:00,-36.541859
2010-02-12 00:24:00+00:00,-36.49535
2010-02-12 00:25:00+00:00,-34.929848
2010-02-12 00:26:00+00:00,-33.624119
2010-02-12 00:27:00+00:00,-29.790611
2010-02-12 00:28:00+00:00,-31.309635
2010-02-12 00:29:00+00:00,-31.9464
2010-02-12 00:30:00+00:00,-31.221619
2010-02-12 00:31:00+00:00,-34.945736
2010-02-12 00:32:00+00:00,-36.130898
2010-02-12 00:33:00+00:00,-29.715839
2010-02-12 00:34:00+00:00,-30.080288
2010-02-12 00:35:00+00:00,-62.657387
2010-02-12 00:36:00+00:00,-47.729874
2010-02-12 00:37:00+00:00,-62.804195
2010-02-12 00:38:00+00:00,-53.669563
2010-02-12 00:39:00+00:00,-63.485222
2010-02-12 00:40:00+00:00,-64.063774
2010-02-12 00:41:00+00:00,-67.99028
2010-02-12 00:42:00+00:00,-61.217659
2010-02-12 00:43:00+00:00,-59.098961
2010-02-12 00:44:00+00:00,-65.497162
2010-02-12 00:45:00+00:00,-67.896996
2010-02-12 00:46:00+00:00,-60.882614
2010-02-12 00:47:00+00:00,-53.403236
2010-02-12 00:48:00+00:00,-58.287189
2010-02-12 00:49:00+00:00,-55.172157
2010-02-12 00:50:00+00:00,-38.325924
2010-02-12 00:51:00+00:00,-27.8241
2010-02-12 00:52:00+00:00,-26.951269
2010-02-12 00:53:00+00:00,-26.486622
2010-02-12 00:54:00+00:00,-28.149231
2010-02-12 00:55:00+00:00,-28.18417
2010-02-12 00:56:00+00:00,-26.901619
2010-02-12 00:57:00+00:00,-32.227962
2010-02-12 00:58:00+00:00,-26.32716
2010-02-12 00:59:00+00:00,-26.301674
2010-02-12 01:00:00+00:00,-26.013659
2010-02-12 01:01:00+00:00,-26.002176
2010-02-12 01:02:00+00:00,-25.730871
2010-02-12 01:03:00+00:00,-24.95965
2010-02-12 01:04:00+00:00,-24.8915
2010-02-12 01:05:00+00:00,-25.31953
2010-02-12 01:06:00+00:00,-25.682907
2010-02-12 01:07:00+00:00,-25.020178
2010-02-12 01:08:00+00:00,-24.962009
2010-02-12 01:09:00+00:00,-24.94561
2010-02-12 01:10:00+00:00,-28.196369
2010-02-12 01:11:00+00:00,-24.682905
2010-02-12 01:12:00+00:00,-26.614948
2010-02-12 01:13:00+00:00,-26.30295
2010-02-12 01:14:00+00:00,-24.691113
2010-02-12 01:15:00+00:00,-25.514856
2010-02-12 01:16:00+00:00,-26.427572
2010-02-12 01:17:00+00:00,-26.877369
2010-02-12 01:18:00+00:00,-27.872196
2010-02-12 01:19:00+00:00,-28.094536
2010-02-12 01:20:00+00:00,-27.680267
2010-02-12 01:21:00+00:00,-27.686878
2010-02-12 01:22:00+00:00,-27.619381
2010-02-12 01:23:00+00:00,-27.798939
2010-02-12 01:24:00+00:00,-27.837988
2010-02-12 01:25:00+00:00,-27.456125
2010-02-12 01:26:00+00:00,-27.531414
2010-02-12 01:27:00+00:00,-29.780329
2010-02-12 01:28:00+00:00,-27.936975
2010-02-12 01:29:00+00:00,-27.863935
2010-02-12 01:30:00+00:00,-28.161074
2010-02-12 01:31:00+00:00,-28.731791
2010-02-12 01:32:00+00:00,-28.842581
2010-02-12 01:33:00+00:00,-28.764067
2010-02-12 01:34:00+00:00,-28.469757
2010-02-12 01:35:00+00:00,-28.728317
2010-02-12 01:36:00+00:00,-28.890213
2010-02-12 01:37:00+00:00,-28.769032
2010-02-12 01:38:00+00:00,-28.771877
2010-02-12 01:39:00+00:00,-28.992609
2010-02-12 01:40:00+00:00,-28.873493
2010-02-12 01:41:00+00:00,-28.920494
2010-02-12 01:42:00+00:00,-29.175486
2010-02-12 01:43:00+00:00,-29.26553
2010-02-12 01:44:00+00:00,-29.322342
2010-02-12 01:45:00+00:00,-29.362579
2010-02-12 01:46:00+00:00,-29.014217
2010-02-12 01:47:00+00:00,-35.247032
2010-02-12 01:48:00+00:00,-55.752945
2010-02-12 01:49:00+00:00,-63.436958
2010-02-12 01:50:00+00:00,-130.798218
2010-02-12 01:51:00+00:00,-159.658997
2010-02-12 01:52:00+00:00,-146.699066
2010-02-12 01:53:00+00:00,-184.10112
2010-02-12 01:54:00+00:00,-185.531204
2010-02-12 01:55:00+00:00,-205.698395
2010-02-12 01:56:00+00:00,-215.855637
2010-02-12 01:57:00+00:00,-195.290192
2010-02-12 01:58:00+00:00,-203.746109
2010-02-12 01:59:00+00:00,-203.8125
2010-02-12 02:00:00+00:00,-193.309662
2010-02-12 02:01:00+00:00,-184.8992
2010-02-12 02:02:00+00:00,-166.430618
2010-02-12 02:03:00+00:00,-111.50045
2010-02-12 02:04:00+00:00,-101.111404
2010-02-12 02:05:00+00:00,-108.862053
2010-02-12 02:06:00+00:00,-124.009727
2010-02-12 02:07:00+00:00,-124.187088
2010-02-12 02:08:00+00:00,-113.992126
2010-02-12 02:09:00+00:00,-109.682449
2010-02-12 02:10:00+00:00,-118.9562
2010-02-12 02:11:00+00:00,-120.028946
2010-02-12 02:12:00+00:00,-112.271729
2010-02-12 02:13:00+00:00,-89.763351
2010-02-12 02:14:00+00:00,-61.443748
2010-02-12 02:15:00+00:00,-55.385311
2010-02-12 02:16:00+00:00,-71.930901
2010-02-12 02:17:00+00:00,-78.783707
2010-02-12 02:18:00+00:00,-87.446289
2010-02-12 02:19:00+00:00,-61.368793
2010-02-12 02:20:00+00:00,-49.202282
2010-02-12 02:21:00+00:00,-50.315533
2010-02-12 02:22:00+00:00,-53.357414
2010-02-12 02:23:00+00:00,-56.86187
2010-02-12 02:24:00+00:00,-54.192047
2010-02-12 02:25:00+00:00,-49.694958
2010-02-12 02:26:00+00:00,-56.604279
2010-02-12 02:27:00+00:00,-61.424328
2010-02-12 02:28:00+00:00,-35.894066
2010-02-12 02:29:00+00:00,-28.20149
2010-02-12 02:30:00+00:00,-24.878328
2010-02-12 02:31:00+00:00,-25.859079
2010-02-12 02:32:00+00:00,-26.289711
2010-02-12 02:33:00+00:00,-30.084299
2010-02-12 02:34:00+00:00,-57.554817
2010-02-12 02:35:00+00:00,-80.273163
2010-02-12 02:36:00+00:00,-58.390594
2010-02-12 02:37:00+00:00,-27.666759
2010-02-12 02:38:00+00:00,-25.562328
2010-02-12 02:39:00+00:00,-27.273146
2010-02-12 02:40:00+00:00,-30.676039
2010-02-12 02:41:00+00:00,-43.689503
2010-02-12 02:42:00+00:00,-64.20697
2010-02-12 02:43:00+00:00,-65.952957
2010-02-12 02:44:00+00:00,-70.42556
2010-02-12 02:45:00+00:00,-66.225052
2010-02-12 02:46:00+00:00,-47.284279
2010-02-12 02:47:00+00:00,-33.735413
2010-02-19 00:00:00+00:00,-15.626625
2010-02-19 00:01:00+00:00,-16.025707
2010-02-19 00:02:00+00:00,-16.236359
2010-02-19 00:03:00+00:00,-16.516029
2010-02-19 00:04:00+00:00,-17.408077
2010-02-19 00:05:00+00:00,-18.485378
2010-02-19 00:06:00+00:00,-18.087191
2010-02-19 00:07:00+00:00,-19.142309
2010-02-19 00:08:00+00:00,-20.517054
2010-02-19 00:09:00+00:00,-19.253822
2010-02-19 00:10:00+00:00,-16.872772
2010-02-19 00:11:00+00:00,-17.62112
2010-02-19 00:12:00+00:00,-19.871082
2010-02-19 00:13:00+00:00,-22.841743
2010-02-19 00:14:00+00:00,-28.340549
2010-02-19 00:15:00+00:00,-32.364952
2010-02-19 00:16:00+00:00,-34.368694
2010-02-19 00:17:00+00:00,-36.020134
2010-02-19 00:18:00+00:00,-37.492729
2010-02-19 00:19:00+00:00,-38.999767
2010-02-19 00:20:00+00:00,-40.352406
2010-02-19 00:21:00+00:00,-41.721928
2010-02-19 00:22:00+00:00,-44.243713
2010-02-19 00:23:00+00:00,-46.239445
2010-02-19 00:24:00+00:00,-48.213634
2010-02-19 00:25:00+00:00,-49.673515
2010-02-19 00:26:00+00:00,-51.012272
2010-02-19 00:27:00+00:00,-51.806469
2010-02-19 00:28:00+00:00,-52.198509
2010-02-19 00:29:00+00:00,-51.547581
2010-02-19 00:30:00+00:00,-52.114834
2010-02-19 00:31:00+00:00,-50.841434
2010-02-19 00:32:00+00:00,-47.24939
2010-02-19 00:33:00+00:00,-44.987659
2010-02-19 00:34:00+00:00,-43.009743
2010-02-19 00:35:00+00:00,-42.533924
2010-02-19 00:36:00+00:00,-41.394569
2010-02-19 00:37:00+00:00,-40.135151
2010-02-19 00:38:00+00:00,-39.038288
2010-02-19 00:39:00+00:00,-37.506817
2010-02-19 00:40:00+00:00,-35.734497
2010-02-19 00:41:00+00:00,-34.731583
2010-02-19 00:42:00+00:00,-33.511169
2010-02-19 00:43:00+00:00,-31.238033
2010-02-19 00:44:00+00:00,-29.605265
2010-02-19 00:45:00+00:00,-29.198227
2010-02-19 00:46:00+00:00,-29.586746
2010-02-19 00:47:00+00:00,-29.69212
2010-02-19 00:48:00+00:00,-29.864449
2010-02-19 00:49:00+00:00,-31.573172
2010-02-19 00:50:00+00:00,-35.521313
2010-02-19 00:51:00+00:00,-37.873417
2010-02-19 00:52:00+00:00,-39.958889
2010-02-19 00:53:00+00:00,-40.163166
2010-02-19 00:54:00+00:00,-39.699455
2010-02-19 00:55:00+00:00,-39.829163
2010-02-19 00:56:00+00:00,-38.72155
2010-02-19 00:57:00+00:00,-37.983723
2010-02-19 00:58:00+00:00,-40.593384
2010-02-19 00:59:00+00:00,-41.605389
2010-02-19 01:00:00+00:00,-41.958858
2010-02-19 01:01:00+00:00,-41.62669
2010-02-19 01:02:00+00:00,-41.272522
2010-02-19 01:03:00+00:00,-40.376202
2010-02-19 01:04:00+00:00,-39.477448
2010-02-19 01:05:00+00:00,-38.598106
2010-02-19 01:06:00+00:00,-35.529839
2010-02-19 01:07:00+00:00,-32.282784
2010-02-19 01:08:00+00:00,-29.078278
2010-02-19 01:09:00+00:00,-27.34346
2010-02-19 01:10:00+00:00,-26.316263
2010-02-19 01:11:00+00:00,-26.090826
2010-02-19 01:12:00+00:00,-25.692184
2010-02-19 01:13:00+00:00,-25.594173
2010-02-19 01:14:00+00:00,-26.063604
2010-02-19 01:15:00+00:00,-26.752459
2010-02-19 01:16:00+00:00,-26.432621
2010-02-19 01:17:00+00:00,-26.40646
2010-02-19 01:18:00+00:00,-28.538635
2010-02-19 01:19:00+00:00,-32.123703
2010-02-19 01:20:00+00:00,-33.836868
2010-02-19 01:21:00+00:00,-36.927769
2010-02-19 01:22:00+00:00,-39.233715
2010-02-19 01:23:00+00:00,-39.582474
2010-02-19 01:24:00+00:00,-39.490063
2010-02-19 01:25:00+00:00,-39.045967
2010-02-19 01:26:00+00:00,-40.030857
2010-02-19 01:27:00+00:00,-42.468784
2010-02-19 01:28:00+00:00,-47.008396
2010-02-19 01:29:00+00:00,-47.313957
2010-02-19 01:30:00+00:00,-48.377304
2010-02-19 01:31:00+00:00,-45.505264
2010-02-19 01:32:00+00:00,-41.474625
2010-02-19 01:33:00+00:00,-36.922512
2010-02-19 01:34:00+00:00,-33.741142
2010-02-19 01:35:00+00:00,-30.538338
2010-02-19 01:36:00+00:00,-25.93679
2010-02-19 01:37:00+00:00,-22.435928
2010-02-19 01:38:00+00:00,-19.023668
2010-02-19 01:39:00+00:00,-16.090069
2010-02-19 01:40:00+00:00,-16.419949
2010-02-19 01:41:00+00:00,-16.75263
2010-02-19 01:42:00+00:00,-17.099964
2010-02-19 01:43:00+00:00,-17.296911
2010-02-19 01:44:00+00:00,-17.650141
2010-02-19 01:45:00+00:00,-18.077555
2010-02-19 01:46:00+00:00,-18.722967
2010-02-19 01:47:00+00:00,-19.173979
2010-02-19 01:48:00+00:00,-19.490868
2010-02-19 01:49:00+00:00,-19.8391
2010-02-19 01:50:00+00:00,-22.010302
2010-02-19 01:51:00+00:00,-23.919701
2010-02-19 01:52:00+00:00,-24.560801
2010-02-19 01:53:00+00:00,-27.696276
2010-02-19 01:54:00+00:00,-33.010685
2010-02-19 01:55:00+00:00,-29.820339
2010-02-19 01:56:00+00:00,-34.005497
2010-02-19 01:57:00+00:00,-32.304111
2010-02-19 01:58:00+00:00,-29.403196
2010-02-19 01:59:00+00:00,-25.959553
2010-02-19 02:00:00+00:00,-25.62401
2010-02-19 02:01:00+00:00,-32.428455
2010-02-19 02:02:00+00:00,-56.119217
2010-02-19 02:03:00+00:00,-64.307304
2010-02-19 02:04:00+00:00,-75.693085
2010-02-19 02:05:00+00:00,-111.378799
2010-02-19 02:06:00+00:00,-135.702225
2010-02-19 02:07:00+00:00,-157.369781
2010-02-19 02:08:00+00:00,-180.714218
2010-02-19 02:09:00+00:00,-203.036301
2010-02-19 02:10:00+00:00,-283.045013
2010-02-19 02:11:00+00:00,-279.892944
2010-02-19 02:12:00+00:00,-152.908981
2010-02-19 02:13:00+00:00,-134.079575
2010-02-19 02:14:00+00:00,-176.561081
2010-02-19 02:15:00+00:00,-225.540771
2010-02-19 02:16:00+00:00,-204.50032
2010-02-19 02:17:00+00:00,-139.590866
2010-02-19 02:18:00+00:00,-127.141548
2010-02-19 02:19:00+00:00,-138.351944
2010-02-19 02:20:00+00:00,-150.778351
2010-02-19 02:21:00+00:00,-136.453491
2010-02-19 02:22:00+00:00,-127.882202
2010-02-19 02:23:00+00:00,-124.046188
2010-02-19 02:24:00+00:00,-128.395508
2010-02-19 02:25:00+00:00,-119.671089
2010-02-19 02:26:00+00:00,-125.691498
2010-02-19 02:27:00+00:00,-115.083199
2010-02-19 02:28:00+00:00,-99.431335
2010-02-19 02:29:00+00:00,-101.532448
2010-02-19 02:30:00+00:00,-93.298027
2010-02-19 02:31:00+00:00,-80.67157
2010-02-19 02:32:00+00:00,-76.820786
2010-02-19 02:33:00+00:00,-94.058357
2010-02-19 02:34:00+00:00,-111.382111
2010-02-19 02:35:00+00:00,-129.638931
2010-02-19 02:36:00+00:00,-164.4814
2010-02-19 02:37:00+00:00,-174.379333
2010-02-19 02:38:00+00:00,-203.910965
2010-02-19 02:39:00+00:00,-203.563461
2010-02-19 02:40:00+00:00,-190.537933
2010-02-19 02:41:00+00:00,-172.029343
2010-02-19 02:42:00+00:00,-161.541367
2010-02-19 02:43:00+00:00,-139.061432
2010-02-19 02:44:00+00:00,-123.824013
2010-02-19 02:45:00+00:00,-124.852348
2010-02-19 02:46:00+00:00,-174.926193
2010-02-19 02:47:00+00:00,-157.73967
2010-02-26 00:00:00+00:00,-96.857224
2010-02-26 00:01:00+00:00,-95.940033
2010-02-26 00:02:00+00:00,-93.38018
2010-02-26 00:03:00+00:00,-95.578659
2010-02-26 00:04:00+00:00,-100.557022
2010-02-26 00:05:00+00:00,-102.981575
2010-02-26 00:06:00+00:00,-106.054321
2010-02-26 00:07:00+00:00,-107.526527
2010-02-26 00:08:00+00:00,-110.735931
2010-02-26 00:09:00+00:00,-109.843964
2010-02-26 00:10:00+00:00,-105.091675
2010-02-26 00:11:00+00:00,-105.270271
2010-02-26 00:12:00+00:00,-109.050835
2010-02-26 00:13:00+00:00,-108.866806
2010-02-26 00:14:00+00:00,-107.500702
2010-02-26 00:15:00+00:00,-106.852768
2010-02-26 00:16:00+00:00,-106.199654
2010-02-26 00:17:00+00:00,-104.290253
2010-02-26 00:18:00+00:00,-98.795723
2010-02-26 00:19:00+00:00,-93.526505
2010-02-26 00:20:00+00:00,-88.96624
2010-02-26 00:21:00+00:00,-93.02108
2010-02-26 00:22:00+00:00,-106.548676
2010-02-26 00:23:00+00:00,-125.501106
2010-02-26 00:24:00+00:00,-134.173492
2010-02-26 00:25:00+00:00,-146.820679
2010-02-26 00:26:00+00:00,-135.797287
2010-02-26 00:27:00+00:00,-128.332886
2010-02-26 00:28:00+00:00,-138.472092
2010-02-26 00:29:00+00:00,-182.004837
2010-02-26 00:30:00+00:00,-204.810837
2010-02-26 00:31:00+00:00,-222.502747
2010-02-26 00:32:00+00:00,-225.139999
2010-02-26 00:33:00+00:00,-316.747162
2010-02-26 00:34:00+00:00,-317.535004
2010-02-26 00:35:00+00:00,-261.994843
2010-02-26 00:36:00+00:00,-274.048492
2010-02-26 00:37:00+00:00,-269.850281
2010-02-26 00:38:00+00:00,-325.587646
2010-02-26 00:39:00+00:00,-340.021362
2010-02-26 00:40:00+00:00,-306.094757
2010-02-26 00:41:00+00:00,-320.389832
2010-02-26 00:42:00+00:00,-336.584412
2010-02-26 00:43:00+00:00,-308.520142
2010-02-26 00:44:00+00:00,-297.225769
2010-02-26 00:45:00+00:00,-282.204163
2010-02-26 00:46:00+00:00,-260.114563
2010-02-26 00:47:00+00:00,-272.931122
2010-02-26 00:48:00+00:00,-260.62561
2010-02-26 00:49:00+00:00,-253.973343
2010-02-26 00:50:00+00:00,-237.174591
2010-02-26 00:51:00+00:00,-224.803284
2010-02-26 00:52:00+00:00,-201.756882
2010-02-26 00:53:00+00:00,-196.094315
2010-02-26 00:54:00+00:00,-194.926331
2010-02-26 00:55:00+00:00,-192.016129
2010-02-26 00:56:00+00:00,-191.81366
2010-02-26 00:57:00+00:00,-195.497375
2010-02-26 00:58:00+00:00,-193.534576
2010-02-26 00:59:00+00:00,-183.961853
2010-02-26 01:00:00+00:00,-175.958435
2010-02-26 01:01:00+00:00,-166.821793
2010-02-26 01:02:00+00:00,-173.28299
2010-02-26 01:03:00+00:00,-175.653015
2010-02-26 01:04:00+00:00,-163.825272
2010-02-26 01:05:00+00:00,-185.53154
2010-02-26 01:06:00+00:00,-199.122208
2010-02-26 01:07:00+00:00,-185.295502
2010-02-26 01:08:00+00:00,-170.226807
2010-02-26 01:09:00+00:00,-158.451675
2010-02-26 01:10:00+00:00,-158.29953
2010-02-26 01:11:00+00:00,-160.940536
2010-02-26 01:12:00+00:00,-161.183868
2010-02-26 01:13:00+00:00,-151.823166
2010-02-26 01:14:00+00:00,-143.038284
2010-02-26 01:15:00+00:00,-138.349472
2010-02-26 01:16:00+00:00,-136.988327
2010-02-26 01:17:00+00:00,-138.140152
2010-02-26 01:18:00+00:00,-138.818756
2010-02-26 01:19:00+00:00,-134.038559
2010-02-26 01:20:00+00:00,-125.096664
2010-02-26 01:21:00+00:00,-121.635208
2010-02-26 01:22:00+00:00,-118.82122
2010-02-26 01:23:00+00:00,-117.324371
2010-02-26 01:24:00+00:00,-113.629227
2010-02-26 01:25:00+00:00,-120.054695
2010-02-26 01:26:00+00:00,-127.602585
2010-02-26 01:27:00+00:00,-127.23925
2010-02-26 01:28:00+00:00,-116.581726
2010-02-26 01:29:00+00:00,-104.621269
2010-02-26 01:30:00+00:00,-96.383133
2010-02-26 01:31:00+00:00,-95.19619
2010-02-26 01:32:00+00:00,-92.696754
2010-02-26 01:33:00+00:00,-89.314468
2010-02-26 01:34:00+00:00,-85.190804
2010-02-26 01:35:00+00:00,-80.778801
2010-02-26 01:36:00+00:00,-81.650642
2010-02-26 01:37:00+00:00,-81.919495
2010-02-26 01:38:00+00:00,-81.016945
2010-02-26 01:39:00+00:00,-73.981903
2010-02-26 01:40:00+00:00,-71.223068
2010-02-26 01:41:00+00:00,-73.600586
2010-02-26 01:42:00+00:00,-69.953201
2010-02-26 01:43:00+00:00,-67.639786
2010-02-26 01:44:00+00:00,-68.111343
2010-02-26 01:45:00+00:00,-69.825684
2010-02-26 01:46:00+00:00,-73.091904
2010-02-26 01:47:00+00:00,-73.444839
2010-02-26 01:48:00+00:00,-72.926102
2010-02-26 01:49:00+00:00,-70.327087
2010-02-26 01:50:00+00:00,-68.627853
2010-02-26 01:51:00+00:00,-68.147148
2010-02-26 01:52:00+00:00,-69.782021
2010-02-26 01:53:00+00:00,-69.204758
2010-02-26 01:54:00+00:00,-64.911011
2010-02-26 01:55:00+00:00,-58.195145
2010-02-26 01:56:00+00:00,-50.95929
2010-02-26 01:57:00+00:00,-44.839916
2010-02-26 01:58:00+00:00,-40.481033
2010-02-26 01:59:00+00:00,-37.25423
2010-02-26 02:00:00+00:00,-35.377743
2010-02-26 02:01:00+00:00,-35.069008
2010-02-26 02:02:00+00:00,-35.719265
2010-02-26 02:03:00+00:00,-36.379749
2010-02-26 02:04:00+00:00,-35.925953
2010-02-26 02:05:00+00:00,-35.764565
2010-02-26 02:06:00+00:00,-35.006443
2010-02-26 02:07:00+00:00,-33.91861
2010-02-26 02:08:00+00:00,-33.817997
2010-02-26 02:09:00+00:00,-32.288013
2010-02-26 02:10:00+00:00,-30.356548
2010-02-26 02:11:00+00:00,-28.363674
2010-02-26 02:12:00+00:00,-28.130888
2010-02-26 02:13:00+00:00,-28.448942
2010-02-26 02:14:00+00:00,-36.241802
2010-02-26 02:15:00+00:00,-44.134842
2010-02-26 02:16:00+00:00,-36.841537
2010-02-26 02:17:00+00:00,-37.465393
2010-02-26 02:18:00+00:00,-39.35799
2010-02-26 02:19:00+00:00,-41.250771
2010-02-26 02:20:00+00:00,-46.304882
2010-02-26 02:21:00+00:00,-49.789856
2010-02-26 02:22:00+00:00,-49.144184
2010-02-26 02:23:00+00:00,-46.604195
2010-02-26 02:24:00+00:00,-45.034149
2010-02-26 02:25:00+00:00,-46.927231
2010-02-26 02:26:00+00:00,-45.337147
2010-02-26 02:27:00+00:00,-43.444565
2010-02-26 02:28:00+00:00,-37.44384
2010-02-26 02:29:00+00:00,-33.981445
2010-02-26 02:30:00+00:00,-30.841591
2010-02-26 02:31:00+00:00,-28.701992
2010-02-26 02:32:00+00:00,-28.488045
2010-02-26 02:33:00+00:00,-28.588346
2010-02-26 02:34:00+00:00,-28.936657
2010-02-26 02:35:00+00:00,-29.447845
2010-02-26 02:36:00+00:00,-29.146494
2010-02-26 02:37:00+00:00,-28.321497
2010-02-26 02:38:00+00:00,-28.313837
2010-02-26 02:39:00+00:00,-27.99054
2010-02-26 02:40:00+00:00,-27.797073
2010-02-26 02:41:00+00:00,-27.429649
2010-02-26 02:42:00+00:00,-26.875492
2010-02-26 02:43:00+00:00,-26.277334
2010-02-26 02:44:00+00:00,-25.770763
2010-02-26 02:45:00+00:00,-25.609833
2010-02-26 02:46:00+00:00,-26.071743
2010-02-26 02:47:00+00:00,-26.29921
2010-03-05 00:00:00+00:00,-27.786867
2010-03-05 00:01:00+00:00,-28.035946
2010-03-05 00:02:00+00:00,-27.682709
2010-03-05 00:03:00+00:00,-27.408932
2010-03-05 00:04:00+00:00,-27.394167
2010-03-05 00:05:00+00:00,-27.309435
2010-03-05 00:06:00+00:00,-27.143867
2010-03-05 00:07:00+00:00,-27.029419
2010-03-05 00:08:00+00:00,-26.922995
2010-03-05 00:09:00+00:00,-27.09614
2010-03-05 00:10:00+00:00,-27.036205
2010-03-05 00:11:00+00:00,-26.852457
2010-03-05 00:12:00+00:00,-26.971752
2010-03-05 00:13:00+00:00,-26.468206
2010-03-05 00:14:00+00:00,-26.396597
2010-03-05 00:15:00+00:00,-26.363276
2010-03-05 00:16:00+00:00,-26.280437
2010-03-05 00:17:00+00:00,-26.15971
2010-03-05 00:18:00+00:00,-26.30879
2010-03-05 00:19:00+00:00,-26.176815
2010-03-05 00:20:00+00:00,-26.667175
2010-03-05 00:21:00+00:00,-25.974133
2010-03-05 00:22:00+00:00,-26.482513
2010-03-05 00:23:00+00:00,-26.827997
2010-03-05 00:24:00+00:00,-26.527212
2010-03-05 00:25:00+00:00,-26.464945
2010-03-05 00:26:00+00:00,-26.107939
2010-03-05 00:27:00+00:00,-25.634947
2010-03-05 00:28:00+00:00,-25.203148
2010-03-05 00:29:00+00:00,-25.297934
2010-03-05 00:30:00+00:00,-25.455391
2010-03-05 00:31:00+00:00,-25.663925
2010-03-05 00:32:00+00:00,-25.98119
2010-03-05 00:33:00+00:00,-26.120096
2010-03-05 00:34:00+00:00,-26.225134
2010-03-05 00:35:00+00:00,-26.301191
2010-03-05 00:36:00+00:00,-25.95664
2010-03-05 00:37:00+00:00,-25.761787
2010-03-05 00:38:00+00:00,-25.690247
2010-03-05 00:39:00+00:00,-25.715639
2010-03-05 00:40:00+00:00,-25.715879
2010-03-05 00:41:00+00:00,-25.884315
2010-03-05 00:42:00+00:00,-25.916241
2010-03-05 00:43:00+00:00,-25.753056
2010-03-05 00:44:00+00:00,-25.759968
2010-03-05 00:45:00+00:00,-25.876434
2010-03-05 00:46:00+00:00,-25.888552
2010-03-05 00:47:00+00:00,-26.277775
2010-03-05 00:48:00+00:00,-26.153442
2010-03-05 00:49:00+00:00,-25.808531
2010-03-05 00:50:00+00:00,-25.646322
2010-03-05 00:51:00+00:00,-25.628746
2010-03-05 00:52:00+00:00,-25.50185
2010-03-05 00:53:00+00:00,-25.29397
2010-03-05 00:54:00+00:00,-25.264847
2010-03-05 00:55:00+00:00,-24.858784
2010-03-05 00:56:00+00:00,-24.719353
2010-03-05 00:57:00+00:00,-25.000805
2010-03-05 00:58:00+00:00,-25.035191
2010-03-05 00:59:00+00:00,-25.057814
2010-03-05 01:00:00+00:00,-24.875336
2010-03-05 01:01:00+00:00,-24.862841
2010-03-05 01:02:00+00:00,-25.096651
2010-03-05 01:03:00+00:00,-25.151917
2010-03-05 01:04:00+00:00,-25.194675
2010-03-05 01:05:00+00:00,-25.441675
2010-03-05 01:06:00+00:00,-25.609743
2010-03-05 01:07:00+00:00,-25.759365
2010-03-05 01:08:00+00:00,-26.030228
2010-03-05 01:09:00+00:00,-26.326591
2010-03-05 01:10:00+00:00,-26.781231
2010-03-05 01:11:00+00:00,-27.088518
2010-03-05 01:12:00+00:00,-27.329447
2010-03-05 01:13:00+00:00,-27.265776
2010-03-05 01:14:00+00:00,-26.72361
2010-03-05 01:15:00+00:00,-26.424673
2010-03-05 01:16:00+00:00,-26.038816
2010-03-05 01:17:00+00:00,-25.637375
2010-03-05 01:18:00+00:00,-25.362858
2010-03-05 01:19:00+00:00,-25.339333
2010-03-05 01:20:00+00:00,-25.148762
2010-03-05 01:21:00+00:00,-25.152517
2010-03-05 01:22:00+00:00,-24.870062
2010-03-05 01:23:00+00:00,-24.468433
2010-03-05 01:24:00+00:00,-24.403643
2010-03-05 01:25:00+00:00,-24.686396
2010-03-05 01:26:00+00:00,-25.19466
2010-03-05 01:27:00+00:00,-25.379547
2010-03-05 01:28:00+00:00,-26.210821
2010-03-05 01:29:00+00:00,-26.361271
2010-03-05 01:30:00+00:00,-27.150267
2010-03-05 01:31:00+00:00,-27.253633
2010-03-05 01:32:00+00:00,-27.097279
2010-03-05 01:33:00+00:00,-27.046391
2010-03-05 01:34:00+00:00,-26.961355
2010-03-05 01:35:00+00:00,-26.886068
2010-03-05 01:36:00+00:00,-27.242441
2010-03-05 01:37:00+00:00,-27.676908
2010-03-05 01:38:00+00:00,-28.169971
2010-03-05 01:39:00+00:00,-28.16399
2010-03-05 01:40:00+00:00,-28.081783
2010-03-05 01:41:00+00:00,-27.697803
2010-03-05 01:42:00+00:00,-27.476845
2010-03-05 01:43:00+00:00,-27.203119
2010-03-05 01:44:00+00:00,-27.482052
2010-03-05 01:45:00+00:00,-27.410351
2010-03-05 01:46:00+00:00,-27.688169
2010-03-05 01:47:00+00:00,-28.060654
2010-03-05 01:48:00+00:00,-27.908619
2010-03-05 01:49:00+00:00,-28.327799
2010-03-05 01:50:00+00:00,-27.672644
2010-03-05 01:51:00+00:00,-27.745913
2010-03-05 01:52:00+00:00,-27.41378
2010-03-05 01:53:00+00:00,-27.400875
2010-03-05 01:54:00+00:00,-29.953022
2010-03-05 01:55:00+00:00,-34.010151
2010-03-05 01:56:00+00:00,-36.459145
2010-03-05 01:57:00+00:00,-62.187813
2010-03-05 01:58:00+00:00,-49.132492
2010-03-05 01:59:00+00:00,-45.33728
2010-03-05 02:00:00+00:00,-74.544136
2010-03-05 02:01:00+00:00,-82.661476
2010-03-05 02:02:00+00:00,-71.939087
2010-03-05 02:03:00+00:00,-88.587219
2010-03-05 02:04:00+00:00,-84.631989
2010-03-05 02:05:00+00:00,-66.825653
2010-03-05 02:06:00+00:00,-64.63279
2010-03-05 02:07:00+00:00,-61.039089
2010-03-05 02:08:00+00:00,-44.671196
2010-03-05 02:09:00+00:00,-37.310062
2010-03-05 02:10:00+00:00,-34.742523
2010-03-05 02:11:00+00:00,-29.63327
2010-03-05 02:12:00+00:00,-28.536427
2010-03-05 02:13:00+00:00,-24.684563
2010-03-05 02:14:00+00:00,-25.115482
2010-03-05 02:15:00+00:00,-24.86171
2010-03-05 02:16:00+00:00,-24.955482
2010-03-05 02:17:00+00:00,-25.197561
2010-03-05 02:18:00+00:00,-25.059643
2010-03-05 02:19:00+00:00,-25.074911
2010-03-05 02:20:00+00:00,-25.321505
2010-03-05 02:21:00+00:00,-25.359947
2010-03-05 02:22:00+00:00,-25.515457
2010-03-05 02:23:00+00:00,-25.670818
2010-03-05 02:24:00+00:00,-25.940298
2010-03-05 02:25:00+00:00,-26.478207
2010-03-05 02:26:00+00:00,-26.787441
2010-03-05 02:27:00+00:00,-26.954945
2010-03-05 02:28:00+00:00,-26.604704
2010-03-05 02:29:00+00:00,-26.588316
2010-03-05 02:30:00+00:00,-26.566874
2010-03-05 02:31:00+00:00,-26.6215
2010-03-05 02:32:00+00:00,-26.624256
2010-03-05 02:33:00+00:00,-26.52635
2010-03-05 02:34:00+00:00,-26.385349
2010-03-05 02:35:00+00:00,-26.203253
2010-03-05 02:36:00+00:00,-26.080591
2010-03-05 02:37:00+00:00,-26.259598
2010-03-05 02:38:00+00:00,-26.220688
2010-03-05 02:39:00+00:00,-26.446301
2010-03-05 02:40:00+00:00,-26.311466
2010-03-05 02:41:00+00:00,-26.058306
2010-03-05 02:42:00+00:00,-25.818712
2010-03-05 02:43:00+00:00,-25.601408
2010-03-05 02:44:00+00:00,-25.163292
2010-03-05 02:45:00+00:00,-25.051165
2010-03-05 02:46:00+00:00,-24.905716
2010-03-05 02:47:00+00:00,-24.877264
2010-03-12 00:00:00+00:00,-83.889626
2010-03-12 00:01:00+00:00,-82.701065
2010-03-12 00:02:00+00:00,-80.608513
2010-03-12 00:03:00+00:00,-81.231499
2010-03-12 00:04:00+00:00,-80.675941
2010-03-12 00:05:00+00:00,-80.951607
2010-03-12 00:06:00+00:00,-82.116058
2010-03-12 00:07:00+00:00,-79.707436
2010-03-12 00:08:00+00:00,-81.991394
2010-03-12 00:09:00+00:00,-84.091934
2010-03-12 00:10:00+00:00,-83.153641
2010-03-12 00:11:00+00:00,-83.783913
2010-03-12 00:12:00+00:00,-82.698624
2010-03-12 00:13:00+00:00,-84.608688
2010-03-12 00:14:00+00:00,-85.890129
2010-03-12 00:15:00+00:00,-91.771461
2010-03-12 00:16:00+00:00,-109.207466
2010-03-12 00:17:00+00:00,-117.248665
2010-03-12 00:18:00+00:00,-149.10022
2010-03-12 00:19:00+00:00,-148.257889
2010-03-12 00:20:00+00:00,-162.358871
2010-03-12 00:21:00+00:00,-175.062973
2010-03-12 00:22:00+00:00,-190.907593
2010-03-12 00:23:00+00:00,-204.775772
2010-03-12 00:24:00+00:00,-212.922134
2010-03-12 00:25:00+00:00,-234.890015
2010-03-12 00:26:00+00:00,-236.500488
2010-03-12 00:27:00+00:00,-237.783188
2010-03-12 00:28:00+00:00,-239.330688
2010-03-12 00:29:00+00:00,-217.974396
2010-03-12 00:30:00+00:00,-231.801987
2010-03-12 00:31:00+00:00,-228.8237
2010-03-12 00:32:00+00:00,-212.747284
2010-03-12 00:33:00+00:00,-196.605026
2010-03-12 00:34:00+00:00,-217.646042
2010-03-12 00:35:00+00:00,-207.009674
2010-03-12 00:36:00+00:00,-204.577682
2010-03-12 00:37:00+00:00,-216.47023
2010-03-12 00:38:00+00:00,-236.554016
2010-03-12 00:39:00+00:00,-256.619629
2010-03-12 00:40:00+00:00,-270.312469
2010-03-12 00:41:00+00:00,-283.063385
2010-03-12 00:42:00+00:00,-298.486542
2010-03-12 00:43:00+00:00,-331.893066
2010-03-12 00:44:00+00:00,-291.01062
2010-03-12 00:45:00+00:00,-263.81073
2010-03-12 00:46:00+00:00,-250.152191
2010-03-12 00:47:00+00:00,-243.468307
2010-03-12 00:48:00+00:00,-247.074097
2010-03-12 00:49:00+00:00,-249.763077
2010-03-12 00:50:00+00:00,-343.30954
2010-03-12 00:51:00+00:00,-401.228394
2010-03-12 00:52:00+00:00,-410.083954
2010-03-12 00:53:00+00:00,-466.216278
2010-03-12 00:54:00+00:00,-385.485901
2010-03-12 00:55:00+00:00,-296.561279
2010-03-12 00:56:00+00:00,-337.936584
2010-03-12 00:57:00+00:00,-325.353912
2010-03-12 00:58:00+00:00,-306.794922
2010-03-12 00:59:00+00:00,-317.560181
2010-03-12 01:00:00+00:00,-330.328857
2010-03-12 01:01:00+00:00,-343.188843
2010-03-12 01:02:00+00:00,-366.236511
2010-03-12 01:03:00+00:00,-381.399384
2010-03-12 01:04:00+00:00,-465.149536
2010-03-12 01:05:00+00:00,-540.294128
2010-03-12 01:06:00+00:00,-441.613586
2010-03-12 01:07:00+00:00,-369.988525
2010-03-12 01:08:00+00:00,-459.418243
2010-03-12 01:09:00+00:00,-513.960693
2010-03-12 01:10:00+00:00,-535.061157
2010-03-12 01:11:00+00:00,-425.649658
2010-03-12 01:12:00+00:00,-342.964722
2010-03-12 01:13:00+00:00,-371.292786
2010-03-12 01:14:00+00:00,-371.580841
2010-03-12 01:15:00+00:00,-385.531158
2010-03-12 01:16:00+00:00,-386.654327
2010-03-12 01:17:00+00:00,-392.062469
2010-03-12 01:18:00+00:00,-396.70285
2010-03-12 01:19:00+00:00,-402.715668
2010-03-12 01:20:00+00:00,-393.891296
2010-03-12 01:21:00+00:00,-387.203918
2010-03-12 01:22:00+00:00,-373.513611
2010-03-12 01:23:00+00:00,-353.647125
2010-03-12 01:24:00+00:00,-338.42926
2010-03-12 01:25:00+00:00,-320.29007
2010-03-12 01:26:00+00:00,-307.958649
2010-03-12 01:27:00+00:00,-303.07785
2010-03-12 01:28:00+00:00,-300.454987
2010-03-12 01:29:00+00:00,-308.353943
2010-03-12 01:30:00+00:00,-300.154266
2010-03-12 01:31:00+00:00,-296.109924
2010-03-12 01:32:00+00:00,-295.184814
2010-03-12 01:33:00+00:00,-301.796875
2010-03-12 01:34:00+00:00,-295.805328
2010-03-12 01:35:00+00:00,-288.940521
2010-03-12 01:36:00+00:00,-294.379089
2010-03-12 01:37:00+00:00,-278.937866
2010-03-12 01:38:00+00:00,-273.767517
2010-03-12 01:39:00+00:00,-283.492065
2010-03-12 01:40:00+00:00,-281.456207
2010-03-12 01:41:00+00:00,-285.402435
2010-03-12 01:42:00+00:00,-281.537384
2010-03-12 01:43:00+00:00,-288.482208
2010-03-12 01:44:00+00:00,-304.353638
2010-03-12 01:45:00+00:00,-264.422668
2010-03-12 01:46:00+00:00,-262.879761
2010-03-12 01:47:00+00:00,-333.894897
2010-03-12 01:48:00+00:00,-380.946381
2010-03-12 01:49:00+00:00,-366.718414
2010-03-12 01:50:00+00:00,-341.02951
2010-03-12 01:51:00+00:00,-312.814819
2010-03-12 01:52:00+00:00,-264.865814
2010-03-12 01:53:00+00:00,-214.647888
2010-03-12 01:54:00+00:00,-188.324768
2010-03-12 01:55:00+00:00,-182.332962
2010-03-12 01:56:00+00:00,-178.011383
2010-03-12 01:57:00+00:00,-178.912796
2010-03-12 01:58:00+00:00,-186.315277
2010-03-12 01:59:00+00:00,-185.984665
2010-03-12 02:00:00+00:00,-183.360855
2010-03-12 02:01:00+00:00,-175.686157
2010-03-12 02:02:00+00:00,-175.307205
2010-03-12 02:03:00+00:00,-170.87355
2010-03-12 02:04:00+00:00,-166.669891
2010-03-12 02:05:00+00:00,-159.047623
2010-03-12 02:06:00+00:00,-159.124146
2010-03-12 02:07:00+00:00,-145.936584
2010-03-12 02:08:00+00:00,-139.930496
2010-03-12 02:09:00+00:00,-134.206726
2010-03-12 02:10:00+00:00,-125.868736
2010-03-12 02:11:00+00:00,-112.582352
2010-03-12 02:12:00+00:00,-102.789009
2010-03-12 02:13:00+00:00,-94.54026
2010-03-12 02:14:00+00:00,-86.476784
2010-03-12 02:15:00+00:00,-84.266319
2010-03-12 02:16:00+00:00,-80.853279
2010-03-12 02:17:00+00:00,-75.153427
2010-03-12 02:18:00+00:00,-68.942253
2010-03-12 02:19:00+00:00,-63.782951
2010-03-12 02:20:00+00:00,-60.137573
2010-03-12 02:21:00+00:00,-57.136662
2010-03-12 02:22:00+00:00,-58.520302
2010-03-12 02:23:00+00:00,-65.413361
2010-03-12 02:24:00+00:00,-75.738251
2010-03-12 02:25:00+00:00,-73.580139
2010-03-12 02:26:00+00:00,-67.148544
2010-03-12 02:27:00+00:00,-43.113655
2010-03-12 02:28:00+00:00,-38.52478
2010-03-12 02:29:00+00:00,-36.016014
2010-03-12 02:30:00+00:00,-34.014561
2010-03-12 02:31:00+00:00,-35.416145
2010-03-12 02:32:00+00:00,-29.028664
2010-03-12 02:33:00+00:00,-23.041527
2010-03-12 02:34:00+00:00,-23.655777
2010-03-12 02:35:00+00:00,-25.55344
2010-03-12 02:36:00+00:00,-39.621506
2010-03-12 02:37:00+00:00,-32.420433
2010-03-12 02:38:00+00:00,-30.121956
2010-03-12 02:39:00+00:00,-34.791294
2010-03-12 02:40:00+00:00,-40.768684
2010-03-12 02:41:00+00:00,-34.524937
2010-03-12 02:42:00+00:00,-28.644554
2010-03-12 02:43:00+00:00,-32.503777
2010-03-12 02:44:00+00:00,-35.34243
2010-03-12 02:45:00+00:00,-29.244951
2010-03-12 02:46:00+00:00,-22.964046
2010-03-12 02:47:00+00:00,-23.930855
2010-03-19 00:00:00+00:00,-29.677036
2010-03-19 00:01:00+00:00,-28.75375
2010-03-19 00:02:00+00:00,-29.037161
2010-03-19 00:03:00+00:00,-27.98975
2010-03-19 00:04:00+00:00,-27.009502
2010-03-19 00:05:00+00:00,-26.574856
2010-03-19 00:06:00+00:00,-26.066227
2010-03-19 00:07:00+00:00,-26.764866
2010-03-19 00:08:00+00:00,-26.920277
2010-03-19 00:09:00+00:00,-26.740477
2010-03-19 00:10:00+00:00,-26.472048
2010-03-19 00:11:00+00:00,-26.335697
2010-03-19 00:12:00+00:00,-26.418772
2010-03-19 00:13:00+00:00,-27.017269
2010-03-19 00:14:00+00:00,-27.71269
2010-03-19 00:15:00+00:00,-28.71402
2010-03-19 00:16:00+00:00,-29.745281
2010-03-19 00:17:00+00:00,-30.277367
2010-03-19 00:18:00+00:00,-30.835087
2010-03-19 00:19:00+00:00,-30.572126
2010-03-19 00:20:00+00:00,-29.747522
2010-03-19 00:21:00+00:00,-29.191721
2010-03-19 00:22:00+00:00,-29.673283
2010-03-19 00:23:00+00:00,-29.404434
2010-03-19 00:24:00+00:00,-29.200941
2010-03-19 00:25:00+00:00,-29.154928
2010-03-19 00:26:00+00:00,-28.705849
2010-03-19 00:27:00+00:00,-28.459448
2010-03-19 00:28:00+00:00,-28.575323
2010-03-19 00:29:00+00:00,-28.755909
2010-03-19 00:30:00+00:00,-29.300035
2010-03-19 00:31:00+00:00,-28.965645
2010-03-19 00:32:00+00:00,-29.121326
2010-03-19 00:33:00+00:00,-29.439215
2010-03-19 00:34:00+00:00,-29.188074
2010-03-19 00:35:00+00:00,-29.06675
2010-03-19 00:36:00+00:00,-29.352806
2010-03-19 00:37:00+00:00,-29.596069
2010-03-19 00:38:00+00:00,-30.479315
2010-03-19 00:39:00+00:00,-30.692698
2010-03-19 00:40:00+00:00,-30.682678
2010-03-19 00:41:00+00:00,-30.822323
2010-03-19 00:42:00+00:00,-31.136164
2010-03-19 00:43:00+00:00,-31.310535
2010-03-19 00:44:00+00:00,-31.400253
2010-03-19 00:45:00+00:00,-31.175844
2010-03-19 00:46:00+00:00,-30.969418
2010-03-19 00:47:00+00:00,-31.001568
2010-03-19 00:48:00+00:00,-31.349533
2010-03-19 00:49:00+00:00,-32.024105
2010-03-19 00:50:00+00:00,-31.989096
2010-03-19 00:51:00+00:00,-31.84515
2010-03-19 00:52:00+00:00,-31.673346
2010-03-19 00:53:00+00:00,-32.275459
2010-03-19 00:54:00+00:00,-32.43763
2010-03-19 00:55:00+00:00,-32.136452
2010-03-19 00:56:00+00:00,-31.657097
2010-03-19 00:57:00+00:00,-31.426323
2010-03-19 00:58:00+00:00,-30.611177
2010-03-19 00:59:00+00:00,-29.745842
2010-03-19 01:00:00+00:00,-29.289322
2010-03-19 01:01:00+00:00,-29.292141
2010-03-19 01:02:00+00:00,-30.214146
2010-03-19 01:03:00+00:00,-31.259426
2010-03-19 01:04:00+00:00,-31.431833
2010-03-19 01:05:00+00:00,-31.337992
2010-03-19 01:06:00+00:00,-31.456371
2010-03-19 01:07:00+00:00,-31.459852
2010-03-19 01:08:00+00:00,-31.297558
2010-03-19 01:09:00+00:00,-31.50588
2010-03-19 01:10:00+00:00,-31.399187
2010-03-19 01:11:00+00:00,-31.014614
2010-03-19 01:12:00+00:00,-30.675278
2010-03-19 01:13:00+00:00,-30.898102
2010-03-19 01:14:00+00:00,-31.019884
2010-03-19 01:15:00+00:00,-31.221315
2010-03-19 01:16:00+00:00,-31.356735
2010-03-19 01:17:00+00:00,-31.82691
2010-03-19 01:18:00+00:00,-31.312359
2010-03-19 01:19:00+00:00,-31.370535
2010-03-19 01:20:00+00:00,-31.573132
2010-03-19 01:21:00+00:00,-31.568424
2010-03-19 01:22:00+00:00,-31.142576
2010-03-19 01:23:00+00:00,-30.403801
2010-03-19 01:24:00+00:00,-30.37793
2010-03-19 01:25:00+00:00,-30.534512
2010-03-19 01:26:00+00:00,-30.591343
2010-03-19 01:27:00+00:00,-30.437887
2010-03-19 01:28:00+00:00,-30.670301
2010-03-19 01:29:00+00:00,-30.629219
2010-03-19 01:30:00+00:00,-30.637907
2010-03-19 01:31:00+00:00,-31.255501
2010-03-19 01:32:00+00:00,-31.437302
2010-03-19 01:33:00+00:00,-30.961433
2010-03-19 01:34:00+00:00,-31.037638
2010-03-19 01:35:00+00:00,-31.025789
2010-03-19 01:36:00+00:00,-30.49696
2010-03-19 01:37:00+00:00,-30.61133
2010-03-19 01:38:00+00:00,-30.716312
2010-03-19 01:39:00+00:00,-30.821239
2010-03-19 01:40:00+00:00,-31.103607
2010-03-19 01:41:00+00:00,-31.588831
2010-03-19 01:42:00+00:00,-32.812782
2010-03-19 01:43:00+00:00,-33.852207
2010-03-19 01:44:00+00:00,-34.219555
2010-03-19 01:45:00+00:00,-33.940231
2010-03-19 01:46:00+00:00,-33.720997
2010-03-19 01:47:00+00:00,-33.265579
2010-03-19 01:48:00+00:00,-32.927227
2010-03-19 01:49:00+00:00,-32.403908
2010-03-19 01:50:00+00:00,-32.135689
2010-03-19 01:51:00+00:00,-32.034405
2010-03-19 01:52:00+00:00,-31.990698
2010-03-19 01:53:00+00:00,-31.89785
2010-03-19 01:54:00+00:00,-32.143196
2010-03-19 01:55:00+00:00,-32.456928
2010-03-19 01:56:00+00:00,-39.747612
2010-03-19 01:57:00+00:00,-46.505211
2010-03-19 01:58:00+00:00,-51.05492
2010-03-19 01:59:00+00:00,-50.70475
2010-03-19 02:00:00+00:00,-47.531864
2010-03-19 02:01:00+00:00,-46.794407
2010-03-19 02:02:00+00:00,-45.30687
2010-03-19 02:03:00+00:00,-45.54332
2010-03-19 02:04:00+00:00,-43.256153
2010-03-19 02:05:00+00:00,-42.784355
2010-03-19 02:06:00+00:00,-40.430119
2010-03-19 02:07:00+00:00,-34.314552
2010-03-19 02:08:00+00:00,-37.64476
2010-03-19 02:09:00+00:00,-42.671021
2010-03-19 02:10:00+00:00,-45.06628
2010-03-19 02:11:00+00:00,-40.673317
2010-03-19 02:12:00+00:00,-31.120718
2010-03-19 02:13:00+00:00,-33.551823
2010-03-19 02:14:00+00:00,-32.499508
2010-03-19 02:15:00+00:00,-31.398355
2010-03-19 02:16:00+00:00,-31.999048
2010-03-19 02:17:00+00:00,-32.287567
2010-03-19 02:18:00+00:00,-32.875919
2010-03-19 02:19:00+00:00,-32.715961
2010-03-19 02:20:00+00:00,-32.615936
2010-03-19 02:21:00+00:00,-31.950546
2010-03-19 02:22:00+00:00,-32.268635
2010-03-19 02:23:00+00:00,-33.218349
2010-03-19 02:24:00+00:00,-32.234879
2010-03-19 02:25:00+00:00,-31.51227
2010-03-19 02:26:00+00:00,-30.994867
2010-03-19 02:27:00+00:00,-30.333757
2010-03-19 02:28:00+00:00,-29.711185
2010-03-19 02:29:00+00:00,-30.077063
2010-03-19 02:30:00+00:00,-30.929449
2010-03-19 02:31:00+00:00,-31.475004
2010-03-19 02:32:00+00:00,-29.6068
2010-03-19 02:33:00+00:00,-29.008146
2010-03-19 02:34:00+00:00,-29.646536
2010-03-19 02:35:00+00:00,-30.174892
2010-03-19 02:36:00+00:00,-30.202311
2010-03-19 02:37:00+00:00,-30.093054
2010-03-19 02:38:00+00:00,-30.638834
2010-03-19 02:39:00+00:00,-31.529682
2010-03-19 02:40:00+00:00,-32.285828
2010-03-19 02:41:00+00:00,-32.991257
2010-03-19 02:42:00+00:00,-33.482613
2010-03-19 02:43:00+00:00,-34.588524
2010-03-19 02:44:00+00:00,-44.080975
2010-03-19 02:45:00+00:00,-47.662895
2010-03-19 02:46:00+00:00,-49.051228
2010-03-19 02:47:00+00:00,-47.708412
2010-03-26 00:00:00+00:00,-19.70089
2010-03-26 00:01:00+00:00,-19.434233
2010-03-26 00:02:00+00:00,-19.794201
2010-03-26 00:03:00+00:00,-19.335627
2010-03-26 00:04:00+00:00,-18.910208
2010-03-26 00:05:00+00:00,-19.423933
2010-03-26 00:06:00+00:00,-20.220692
2010-03-26 00:07:00+00:00,-19.913767
2010-03-26 00:08:00+00:00,-18.169304
2010-03-26 00:09:00+00:00,-18.010494
2010-03-26 00:10:00+00:00,-18.11911
2010-03-26 00:11:00+00:00,-18.812538
2010-03-26 00:12:00+00:00,-18.513744
2010-03-26 00:13:00+00:00,-17.929539
2010-03-26 00:14:00+00:00,-18.698713
2010-03-26 00:15:00+00:00,-19.739239
2010-03-26 00:16:00+00:00,-19.654739
2010-03-26 00:17:00+00:00,-18.385439
2010-03-26 00:18:00+00:00,-17.131643
2010-03-26 00:19:00+00:00,-16.650291
2010-03-26 00:20:00+00:00,-17.579861
2010-03-26 00:21:00+00:00,-19.30229
2010-03-26 00:22:00+00:00,-20.498249
2010-03-26 00:23:00+00:00,-20.557482
2010-03-26 00:24:00+00:00,-19.736643
2010-03-26 00:25:00+00:00,-18.176455
2010-03-26 00:26:00+00:00,-17.380829
2010-03-26 00:27:00+00:00,-17.30298
2010-03-26 00:28:00+00:00,-17.18688
2010-03-26 00:29:00+00:00,-17.533594
2010-03-26 00:30:00+00:00,-17.942739
2010-03-26 00:31:00+00:00,-18.771799
2010-03-26 00:32:00+00:00,-19.108473
2010-03-26 00:33:00+00:00,-18.717493
2010-03-26 00:34:00+00:00,-17.996405
2010-03-26 00:35:00+00:00,-17.37278
2010-03-26 00:36:00+00:00,-17.952169
2010-03-26 00:37:00+00:00,-18.321487
2010-03-26 00:38:00+00:00,-16.835299
2010-03-26 00:39:00+00:00,-15.884084
2010-03-26 00:40:00+00:00,-15.620261
2010-03-26 00:41:00+00:00,-15.971564
2010-03-26 00:42:00+00:00,-15.958569
2010-03-26 00:43:00+00:00,-15.893641
2010-03-26 00:44:00+00:00,-16.172358
2010-03-26 00:45:00+00:00,-16.787884
2010-03-26 00:46:00+00:00,-18.719769
2010-03-26 00:47:00+00:00,-19.658325
2010-03-26 00:48:00+00:00,-18.875099
2010-03-26 00:49:00+00:00,-18.453154
2010-03-26 00:50:00+00:00,-18.334759
2010-03-26 00:51:00+00:00,-18.408646
2010-03-26 00:52:00+00:00,-18.548605
2010-03-26 00:53:00+00:00,-18.055187
2010-03-26 00:54:00+00:00,-18.71372
2010-03-26 00:55:00+00:00,-18.91556
2010-03-26 00:56:00+00:00,-17.270756
2010-03-26 00:57:00+00:00,-17.099945
2010-03-26 00:58:00+00:00,-17.350866
2010-03-26 00:59:00+00:00,-17.984505
2010-03-26 01:00:00+00:00,-17.877811
2010-03-26 01:01:00+00:00,-18.548429
2010-03-26 01:02:00+00:00,-19.289045
2010-03-26 01:03:00+00:00,-20.030899
2010-03-26 01:04:00+00:00,-17.924479
2010-03-26 01:05:00+00:00,-16.990984
2010-03-26 01:06:00+00:00,-17.504038
2010-03-26 01:07:00+00:00,-17.949629
2010-03-26 01:08:00+00:00,-18.237942
2010-03-26 01:09:00+00:00,-19.131599
2010-03-26 01:10:00+00:00,-18.638443
2010-03-26 01:11:00+00:00,-18.094404
2010-03-26 01:12:00+00:00,-18.381338
2010-03-26 01:13:00+00:00,-18.963051
2010-03-26 01:14:00+00:00,-19.377653
2010-03-26 01:15:00+00:00,-20.38699
2010-03-26 01:16:00+00:00,-20.662075
2010-03-26 01:17:00+00:00,-20.166584
2010-03-26 01:18:00+00:00,-20.029875
2010-03-26 01:19:00+00:00,-19.730906
2010-03-26 01:20:00+00:00,-19.761847
2010-03-26 01:21:00+00:00,-19.941063
2010-03-26 01:22:00+00:00,-19.820307
2010-03-26 01:23:00+00:00,-19.79801
2010-03-26 01:24:00+00:00,-19.96596
2010-03-26 01:25:00+00:00,-20.370052
2010-03-26 01:26:00+00:00,-20.432158
2010-03-26 01:27:00+00:00,-19.996983
2010-03-26 01:28:00+00:00,-20.136806
2010-03-26 01:29:00+00:00,-20.605524
2010-03-26 01:30:00+00:00,-21.29961
2010-03-26 01:31:00+00:00,-21.330381
2010-03-26 01:32:00+00:00,-20.255516
2010-03-26 01:33:00+00:00,-19.63261
2010-03-26 01:34:00+00:00,-20.209686
2010-03-26 01:35:00+00:00,-20.782703
2010-03-26 01:36:00+00:00,-20.571363
2010-03-26 01:37:00+00:00,-19.890123
2010-03-26 01:38:00+00:00,-19.899099
2010-03-26 01:39:00+00:00,-20.003651
2010-03-26 01:40:00+00:00,-20.016239
2010-03-26 01:41:00+00:00,-20.167337
2010-03-26 01:42:00+00:00,-20.061392
2010-03-26 01:43:00+00:00,-20.180923
2010-03-26 01:44:00+00:00,-19.975109
2010-03-26 01:45:00+00:00,-19.99766
2010-03-26 01:46:00+00:00,-20.35985
2010-03-26 01:47:00+00:00,-20.458281
2010-03-26 01:48:00+00:00,-20.667902
2010-03-26 01:49:00+00:00,-21.117554
2010-03-26 01:50:00+00:00,-21.198973
2010-03-26 01:51:00+00:00,-20.682606
2010-03-26 01:52:00+00:00,-20.489351
2010-03-26 01:53:00+00:00,-20.611332
2010-03-26 01:54:00+00:00,-20.640488
2010-03-26 01:55:00+00:00,-20.725191
2010-03-26 01:56:00+00:00,-20.629114
2010-03-26 01:57:00+00:00,-20.458628
2010-03-26 01:58:00+00:00,-20.13772
2010-03-26 01:59:00+00:00,-19.825497
2010-03-26 02:00:00+00:00,-20.072742
2010-03-26 02:01:00+00:00,-20.381296
2010-03-26 02:02:00+00:00,-20.651697
2010-03-26 02:03:00+00:00,-20.702221
2010-03-26 02:04:00+00:00,-20.474184
2010-03-26 02:05:00+00:00,-20.557617
2010-03-26 02:06:00+00:00,-21.188759
2010-03-26 02:07:00+00:00,-21.717222
2010-03-26 02:08:00+00:00,-21.819664
2010-03-26 02:09:00+00:00,-21.958202
2010-03-26 02:10:00+00:00,-21.84075
2010-03-26 02:11:00+00:00,-21.291525
2010-03-26 02:12:00+00:00,-21.036987
2010-03-26 02:13:00+00:00,-20.946491
2010-03-26 02:14:00+00:00,-21.173256
2010-03-26 02:15:00+00:00,-21.232908
2010-03-26 02:16:00+00:00,-21.090178
2010-03-26 02:17:00+00:00,-20.774593
2010-03-26 02:18:00+00:00,-20.430576
2010-03-26 02:19:00+00:00,-20.175194
2010-03-26 02:20:00+00:00,-20.221581
2010-03-26 02:21:00+00:00,-20.64286
2010-03-26 02:22:00+00:00,-20.782789
2010-03-26 02:23:00+00:00,-20.821537
2010-03-26 02:24:00+00:00,-24.403189
2010-03-26 02:25:00+00:00,-21.501648
2010-03-26 02:26:00+00:00,-28.915798
2010-03-26 02:27:00+00:00,-53.536728
2010-03-26 02:28:00+00:00,-40.998863
2010-03-26 02:29:00+00:00,-59.869488
2010-03-26 02:30:00+00:00,-34.216606
2010-03-26 02:31:00+00:00,-45.553062
2010-03-26 02:32:00+00:00,-47.653938
2010-03-26 02:33:00+00:00,-50.013176
2010-03-26 02:34:00+00:00,-45.090275
2010-03-26 02:35:00+00:00,-45.778843
2010-03-26 02:36:00+00:00,-41.209286
2010-03-26 02:37:00+00:00,-38.824997
2010-03-26 02:38:00+00:00,-35.938972
2010-03-26 02:39:00+00:00,-35.495647
2010-03-26 02:40:00+00:00,-28.88028
2010-03-26 02:41:00+00:00,-28.697403
2010-03-26 02:42:00+00:00,-28.126221
2010-03-26 02:43:00+00:00,-47.326015
2010-03-26 02:44:00+00:00,-36.120525
2010-03-26 02:45:00+00:00,-24.565447
2010-03-26 02:46:00+00:00,-26.467918
2010-03-26 02:47:00+00:00,-60.015541
2010-04-02 00:00:00+00:00,-114.821892
2010-04-02 00:01:00+00:00,-108.395752
2010-04-02 00:02:00+00:00,-109.327927
2010-04-02 00:03:00+00:00,-124.878784
2010-04-02 00:04:00+00:00,-147.779907
2010-04-02 00:05:00+00:00,-156.923798
2010-04-02 00:06:00+00:00,-156.455658
2010-04-02 00:07:00+00:00,-160.839722
2010-04-02 00:08:00+00:00,-151.680786
2010-04-02 00:09:00+00:00,-144.472397
2010-04-02 00:10:00+00:00,-143.867935
2010-04-02 00:11:00+00:00,-143.064529
2010-04-02 00:12:00+00:00,-142.631668
2010-04-02 00:13:00+00:00,-162.226456
2010-04-02 00:14:00+00:00,-179.051788
2010-04-02 00:15:00+00:00,-172.323746
2010-04-02 00:16:00+00:00,-162.636353
2010-04-02 00:17:00+00:00,-185.834915
2010-04-02 00:18:00+00:00,-202.218414
2010-04-02 00:19:00+00:00,-210.788452
2010-04-02 00:20:00+00:00,-208.896805
2010-04-02 00:21:00+00:00,-206.163239
2010-04-02 00:22:00+00:00,-187.292984
2010-04-02 00:23:00+00:00,-177.458557
2010-04-02 00:24:00+00:00,-188.123993
2010-04-02 00:25:00+00:00,-252.687378
2010-04-02 00:26:00+00:00,-225.716248
2010-04-02 00:27:00+00:00,-219.656708
2010-04-02 00:28:00+00:00,-211.763565
2010-04-02 00:29:00+00:00,-213.689957
2010-04-02 00:30:00+00:00,-240.865082
2010-04-02 00:31:00+00:00,-234.050217
2010-04-02 00:32:00+00:00,-218.24852
2010-04-02 00:33:00+00:00,-219.456741
2010-04-02 00:34:00+00:00,-191.63446
2010-04-02 00:35:00+00:00,-148.81778
2010-04-02 00:36:00+00:00,-115.004257
2010-04-02 00:37:00+00:00,-85.203362
2010-04-02 00:38:00+00:00,-70.710815
2010-04-02 00:39:00+00:00,-128.609131
2010-04-02 00:40:00+00:00,-89.82579
2010-04-02 00:41:00+00:00,-106.301697
2010-04-02 00:42:00+00:00,-126.352295
2010-04-02 00:43:00+00:00,-136.978226
2010-04-02 00:44:00+00:00,-114.717415
2010-04-02 00:45:00+00:00,-153.603714
2010-04-02 00:46:00+00:00,-200.617325
2010-04-02 00:47:00+00:00,-254.374573
2010-04-02 00:48:00+00:00,-321.624329
2010-04-02 00:49:00+00:00,-318.857117
2010-04-02 00:50:00+00:00,-285.05719
2010-04-02 00:51:00+00:00,-272.274475
2010-04-02 00:52:00+00:00,-284.502747
2010-04-02 00:53:00+00:00,-257.72937
2010-04-02 00:54:00+00:00,-250.942612
2010-04-02 00:55:00+00:00,-212.158157
2010-04-02 00:56:00+00:00,-161.391327
2010-04-02 00:57:00+00:00,-161.609787
2010-04-02 00:58:00+00:00,-179.808884
2010-04-02 00:59:00+00:00,-175.014923
2010-04-02 01:00:00+00:00,-141.224762
2010-04-02 01:01:00+00:00,-124.43042
2010-04-02 01:02:00+00:00,-112.354362
2010-04-02 01:03:00+00:00,-105.31105
2010-04-02 01:04:00+00:00,-99.845444
2010-04-02 01:05:00+00:00,-106.681816
2010-04-02 01:06:00+00:00,-117.364159
2010-04-02 01:07:00+00:00,-125.703598
2010-04-02 01:08:00+00:00,-128.922394
2010-04-02 01:09:00+00:00,-136.147766
2010-04-02 01:10:00+00:00,-136.363129
2010-04-02 01:11:00+00:00,-137.55954
2010-04-02 01:12:00+00:00,-133.757477
2010-04-02 01:13:00+00:00,-130.960449
2010-04-02 01:14:00+00:00,-135.095383
2010-04-02 01:15:00+00:00,-137.382416
2010-04-02 01:16:00+00:00,-143.586365
2010-04-02 01:17:00+00:00,-146.308609
2010-04-02 01:18:00+00:00,-144.829041
2010-04-02 01:19:00+00:00,-150.296555
2010-04-02 01:20:00+00:00,-159.509369
2010-04-02 01:21:00+00:00,-175.594131
2010-04-02 01:22:00+00:00,-196.774704
2010-04-02 01:23:00+00:00,-212.966705
2010-04-02 01:24:00+00:00,-221.148712
2010-04-02 01:25:00+00:00,-239.338104
2010-04-02 01:26:00+00:00,-243.536652
2010-04-02 01:27:00+00:00,-235.772278
2010-04-02 01:28:00+00:00,-237.956482
2010-04-02 01:29:00+00:00,-227.164078
2010-04-02 01:30:00+00:00,-226.361481
2010-04-02 01:31:00+00:00,-228.371506
2010-04-02 01:32:00+00:00,-187.163605
2010-04-02 01:33:00+00:00,-171.016953
2010-04-02 01:34:00+00:00,-168.937958
2010-04-02 01:35:00+00:00,-183.678543
2010-04-02 01:36:00+00:00,-186.599396
2010-04-02 01:37:00+00:00,-196.845886
2010-04-02 01:38:00+00:00,-207.762634
2010-04-02 01:39:00+00:00,-228.074951
2010-04-02 01:40:00+00:00,-239.109009
2010-04-02 01:41:00+00:00,-253.387085
2010-04-02 01:42:00+00:00,-249.563004
2010-04-02 01:43:00+00:00,-242.329651
2010-04-02 01:44:00+00:00,-233.412231
2010-04-02 01:45:00+00:00,-230.427032
2010-04-02 01:46:00+00:00,-228.164337
2010-04-02 01:47:00+00:00,-229.202515
2010-04-02 01:48:00+00:00,-222.599014
2010-04-02 01:49:00+00:00,-204.267578
2010-04-02 01:50:00+00:00,-214.997406
2010-04-02 01:51:00+00:00,-207.716049
2010-04-02 01:52:00+00:00,-220.73204
2010-04-02 01:53:00+00:00,-216.843445
2010-04-02 01:54:00+00:00,-229.092453
2010-04-02 01:55:00+00:00,-304.611725
2010-04-02 01:56:00+00:00,-319.374573
2010-04-02 01:57:00+00:00,-343.550323
2010-04-02 01:58:00+00:00,-340.69696
2010-04-02 01:59:00+00:00,-341.757843
2010-04-02 02:00:00+00:00,-357.922394
2010-04-02 02:01:00+00:00,-360.168579
2010-04-02 02:02:00+00:00,-364.472198
2010-04-02 02:03:00+00:00,-339.864288
2010-04-02 02:04:00+00:00,-356.37738
2010-04-02 02:05:00+00:00,-364.529114
2010-04-02 02:06:00+00:00,-383.010071
2010-04-02 02:07:00+00:00,-375.378296
2010-04-02 02:08:00+00:00,-366.050293
2010-04-02 02:09:00+00:00,-361.287689
2010-04-02 02:10:00+00:00,-325.753113
2010-04-02 02:11:00+00:00,-312.350891
2010-04-02 02:12:00+00:00,-334.084473
2010-04-02 02:13:00+00:00,-319.8573
2010-04-02 02:14:00+00:00,-316.238373
2010-04-02 02:15:00+00:00,-304.124756
2010-04-02 02:16:00+00:00,-425.774414
2010-04-02 02:17:00+00:00,-391.813965
2010-04-02 02:18:00+00:00,-295.803772
2010-04-02 02:19:00+00:00,-267.802399
2010-04-02 02:20:00+00:00,-283.608856
2010-04-02 02:21:00+00:00,-290.479919
2010-04-02 02:22:00+00:00,-286.326691
2010-04-02 02:23:00+00:00,-300.648651
2010-04-02 02:24:00+00:00,-308.296417
2010-04-02 02:25:00+00:00,-299.482635
2010-04-02 02:26:00+00:00,-294.446686
2010-04-02 02:27:00+00:00,-310.951904
2010-04-02 02:28:00+00:00,-331.299011
2010-04-02 02:29:00+00:00,-303.981781
2010-04-02 02:30:00+00:00,-300.968201
2010-04-02 02:31:00+00:00,-304.311493
2010-04-02 02:32:00+00:00,-317.809998
2010-04-02 02:33:00+00:00,-331.650787
2010-04-02 02:34:00+00:00,-366.363251
2010-04-02 02:35:00+00:00,-308.969879
2010-04-02 02:36:00+00:00,-294.315613
2010-04-02 02:37:00+00:00,-327.353943
2010-04-02 02:38:00+00:00,-319.940674
2010-04-02 02:39:00+00:00,-283.615631
2010-04-02 02:40:00+00:00,-255.78241
2010-04-02 02:41:00+00:00,-326.713104
2010-04-02 02:42:00+00:00,-257.677765
2010-04-02 02:43:00+00:00,-272.857147
2010-04-02 02:44:00+00:00,-287.18811
2010-04-02 02:45:00+00:00,-290.139282
2010-04-02 02:46:00+00:00,-326.528015
2010-04-02 02:47:00+00:00,-322.730011
2010-04-09 00:00:00+00:00,-324.341827
2010-04-09 00:01:00+00:00,-294.474426
2010-04-09 00:02:00+00:00,-294.777649
2010-04-09 00:03:00+00:00,-291.295929
2010-04-09 00:04:00+00:00,-299.407196
2010-04-09 00:05:00+00:00,-293.406616
2010-04-09 00:06:00+00:00,-312.734161
2010-04-09 00:07:00+00:00,-328.613495
2010-04-09 00:08:00+00:00,-334.747894
2010-04-09 00:09:00+00:00,-341.124756
2010-04-09 00:10:00+00:00,-342.795105
2010-04-09 00:11:00+00:00,-332.498169
2010-04-09 00:12:00+00:00,-331.043762
2010-04-09 00:13:00+00:00,-325.048157
2010-04-09 00:14:00+00:00,-317.0849
2010-04-09 00:15:00+00:00,-315.137299
2010-04-09 00:16:00+00:00,-320.889221
2010-04-09 00:17:00+00:00,-315.724579
2010-04-09 00:18:00+00:00,-318.735138
2010-04-09 00:19:00+00:00,-314.835266
2010-04-09 00:20:00+00:00,-318.448608
2010-04-09 00:21:00+00:00,-336.294403
2010-04-09 00:22:00+00:00,-354.700867
2010-04-09 00:23:00+00:00,-359.603851
2010-04-09 00:24:00+00:00,-370.350311
2010-04-09 00:25:00+00:00,-378.358887
2010-04-09 00:26:00+00:00,-378.497284
2010-04-09 00:27:00+00:00,-371.017395
2010-04-09 00:28:00+00:00,-363.871307
2010-04-09 00:29:00+00:00,-350.385101
2010-04-09 00:30:00+00:00,-357.403259
2010-04-09 00:31:00+00:00,-376.409241
2010-04-09 00:32:00+00:00,-378.482605
2010-04-09 00:33:00+00:00,-379.726013
2010-04-09 00:34:00+00:00,-385.785767
2010-04-09 00:35:00+00:00,-382.983826
2010-04-09 00:36:00+00:00,-364.728943
2010-04-09 00:37:00+00:00,-378.820099
2010-04-09 00:38:00+00:00,-382.615417
2010-04-09 00:39:00+00:00,-383.884216
2010-04-09 00:40:00+00:00,-370.933502
2010-04-09 00:41:00+00:00,-354.187988
2010-04-09 00:42:00+00:00,-332.177673
2010-04-09 00:43:00+00:00,-306.013153
2010-04-09 00:44:00+00:00,-290.971313
2010-04-09 00:45:00+00:00,-273.475342
2010-04-09 00:46:00+00:00,-241.270233
2010-04-09 00:47:00+00:00,-230.223938
2010-04-09 00:48:00+00:00,-209.254333
2010-04-09 00:49:00+00:00,-194.279266
2010-04-09 00:50:00+00:00,-181.284393
2010-04-09 00:51:00+00:00,-176.298065
2010-04-09 00:52:00+00:00,-166.313339
2010-04-09 00:53:00+00:00,-166.345047
2010-04-09 00:54:00+00:00,-155.019775
2010-04-09 00:55:00+00:00,-154.379822
2010-04-09 00:56:00+00:00,-139.323334
2010-04-09 00:57:00+00:00,-131.66922
2010-04-09 00:58:00+00:00,-138.488602
2010-04-09 00:59:00+00:00,-123.888313
2010-04-09 01:00:00+00:00,-127.580002
2010-04-09 01:01:00+00:00,-133.838043
2010-04-09 01:02:00+00:00,-127.99588
2010-04-09 01:03:00+00:00,-112.082985
2010-04-09 01:04:00+00:00,-101.892654
2010-04-09 01:05:00+00:00,-107.013138
2010-04-09 01:06:00+00:00,-111.91114
2010-04-09 01:07:00+00:00,-113.448746
2010-04-09 01:08:00+00:00,-112.779449
2010-04-09 01:09:00+00:00,-121.284897
2010-04-09 01:10:00+00:00,-125.664619
2010-04-09 01:11:00+00:00,-122.38031
2010-04-09 01:12:00+00:00,-125.098633
2010-04-09 01:13:00+00:00,-125.841934
2010-04-09 01:14:00+00:00,-126.430305
2010-04-09 01:15:00+00:00,-122.22934
2010-04-09 01:16:00+00:00,-117.092056
2010-04-09 01:17:00+00:00,-116.164406
2010-04-09 01:18:00+00:00,-129.310974
2010-04-09 01:19:00+00:00,-154.251923
2010-04-09 01:20:00+00:00,-167.243469
2010-04-09 01:21:00+00:00,-175.426208
2010-04-09 01:22:00+00:00,-177.547333
2010-04-09 01:23:00+00:00,-171.146454
2010-04-09 01:24:00+00:00,-164.563797
2010-04-09 01:25:00+00:00,-158.810669
2010-04-09 01:26:00+00:00,-158.644119
2010-04-09 01:27:00+00:00,-163.976501
2010-04-09 01:28:00+00:00,-168.695419
2010-04-09 01:29:00+00:00,-174.777786
2010-04-09 01:30:00+00:00,-177.207108
2010-04-09 01:31:00+00:00,-180.17218
2010-04-09 01:32:00+00:00,-180.039368
2010-04-09 01:33:00+00:00,-177.486389
2010-04-09 01:34:00+00:00,-175.636932
2010-04-09 01:35:00+00:00,-165.590317
2010-04-09 01:36:00+00:00,-161.504349
2010-04-09 01:37:00+00:00,-153.573303
2010-04-09 01:38:00+00:00,-146.973618
2010-04-09 01:39:00+00:00,-149.61145
2010-04-09 01:40:00+00:00,-147.741241
2010-04-09 01:41:00+00:00,-141.438187
2010-04-09 01:42:00+00:00,-140.870239
2010-04-09 01:43:00+00:00,-149.562698
2010-04-09 01:44:00+00:00,-152.30275
2010-04-09 01:45:00+00:00,-148.488617
2010-04-09 01:46:00+00:00,-145.977112
2010-04-09 01:47:00+00:00,-140.456543
2010-04-09 01:48:00+00:00,-136.640808
2010-04-09 01:49:00+00:00,-156.059464
2010-04-09 01:50:00+00:00,-189.004837
2010-04-09 01:51:00+00:00,-185.822296
2010-04-09 01:52:00+00:00,-182.791138
2010-04-09 01:53:00+00:00,-172.694595
2010-04-09 01:54:00+00:00,-160.785965
2010-04-09 01:55:00+00:00,-175.370392
2010-04-09 01:56:00+00:00,-220.291946
2010-04-09 01:57:00+00:00,-320.845886
2010-04-09 01:58:00+00:00,-326.09906
2010-04-09 01:59:00+00:00,-299.168549
2010-04-09 02:00:00+00:00,-259.872925
2010-04-09 02:01:00+00:00,-238.568542
2010-04-09 02:02:00+00:00,-275.899017
2010-04-09 02:03:00+00:00,-298.858551
2010-04-09 02:04:00+00:00,-304.005157
2010-04-09 02:05:00+00:00,-322.621033
2010-04-09 02:06:00+00:00,-331.794586
2010-04-09 02:07:00+00:00,-349.487823
2010-04-09 02:08:00+00:00,-346.696503
2010-04-09 02:09:00+00:00,-343.311462
2010-04-09 02:10:00+00:00,-323.795837
2010-04-09 02:11:00+00:00,-333.721069
2010-04-09 02:12:00+00:00,-381.940643
2010-04-09 02:13:00+00:00,-336.87793
2010-04-09 02:14:00+00:00,-329.87558
2010-04-09 02:15:00+00:00,-325.08371
2010-04-09 02:16:00+00:00,-336.113556
2010-04-09 02:17:00+00:00,-310.361481
2010-04-09 02:18:00+00:00,-306.890015
2010-04-09 02:19:00+00:00,-338.536804
2010-04-09 02:20:00+00:00,-334.094635
2010-04-09 02:21:00+00:00,-328.730438
2010-04-09 02:22:00+00:00,-349.243958
2010-04-09 02:23:00+00:00,-343.903259
2010-04-09 02:24:00+00:00,-359.740326
2010-04-09 02:25:00+00:00,-367.400085
2010-04-09 02:26:00+00:00,-383.241058
2010-04-09 02:27:00+00:00,-385.715942
2010-04-09 02:28:00+00:00,-320.04895
2010-04-09 02:29:00+00:00,-313.569122
2010-04-09 02:30:00+00:00,-339.748535
2010-04-09 02:31:00+00:00,-421.340057
2010-04-09 02:32:00+00:00,-447.369385
2010-04-09 02:33:00+00:00,-353.910706
2010-04-09 02:34:00+00:00,-355.810791
2010-04-09 02:35:00+00:00,-337.647583
2010-04-09 02:36:00+00:00,-344.227356
2010-04-09 02:37:00+00:00,-338.626404
2010-04-09 02:38:00+00:00,-374.068024
2010-04-09 02:39:00+00:00,-380.952393
2010-04-09 02:40:00+00:00,-364.750793
2010-04-09 02:41:00+00:00,-308.413727
2010-04-09 02:42:00+00:00,-314.285736
2010-04-09 02:43:00+00:00,-324.833801
2010-04-09 02:44:00+00:00,-335.177521
2010-04-09 02:45:00+00:00,-317.218292
2010-04-09 02:46:00+00:00,-318.329987
2010-04-09 02:47:00+00:00,-310.864136
2010-04-16 00:00:00+00:00,-37.056725
2010-04-16 00:01:00+00:00,-38.317944
2010-04-16 00:02:00+00:00,-39.364819
2010-04-16 00:03:00+00:00,-37.25106
2010-04-16 00:04:00+00:00,-35.77565
2010-04-16 00:05:00+00:00,-34.574986
2010-04-16 00:06:00+00:00,-30.717632
2010-04-16 00:07:00+00:00,-30.031805
2010-04-16 00:08:00+00:00,-30.162632
2010-04-16 00:09:00+00:00,-29.260822
2010-04-16 00:10:00+00:00,-29.631969
2010-04-16 00:11:00+00:00,-28.835749
2010-04-16 00:12:00+00:00,-29.806511
2010-04-16 00:13:00+00:00,-31.034601
2010-04-16 00:14:00+00:00,-29.765141
2010-04-16 00:15:00+00:00,-30.054581
2010-04-16 00:16:00+00:00,-30.717024
2010-04-16 00:17:00+00:00,-31.339731
2010-04-16 00:18:00+00:00,-30.91098
2010-04-16 00:19:00+00:00,-30.00482
2010-04-16 00:20:00+00:00,-28.638908
2010-04-16 00:21:00+00:00,-27.234097
2010-04-16 00:22:00+00:00,-26.418785
2010-04-16 00:23:00+00:00,-26.018204
2010-04-16 00:24:00+00:00,-25.039673
2010-04-16 00:25:00+00:00,-24.86795
2010-04-16 00:26:00+00:00,-24.762285
2010-04-16 00:27:00+00:00,-24.393629
2010-04-16 00:28:00+00:00,-24.662249
2010-04-16 00:29:00+00:00,-26.614595
2010-04-16 00:30:00+00:00,-28.131708
2010-04-16 00:31:00+00:00,-29.315968
2010-04-16 00:32:00+00:00,-31.01989
2010-04-16 00:33:00+00:00,-31.594076
2010-04-16 00:34:00+00:00,-31.806108
2010-04-16 00:35:00+00:00,-31.580469
2010-04-16 00:36:00+00:00,-31.391891
2010-04-16 00:37:00+00:00,-31.258615
2010-04-16 00:38:00+00:00,-32.348618
2010-04-16 00:39:00+00:00,-32.798084
2010-04-16 00:40:00+00:00,-32.692165
2010-04-16 00:41:00+00:00,-31.803509
2010-04-16 00:42:00+00:00,-31.779953
2010-04-16 00:43:00+00:00,-30.85672
2010-04-16 00:44:00+00:00,-30.393332
2010-04-16 00:45:00+00:00,-29.263617
2010-04-16 00:46:00+00:00,-28.847242
2010-04-16 00:47:00+00:00,-27.649185
2010-04-16 00:48:00+00:00,-26.490067
2010-04-16 00:49:00+00:00,-24.435184
2010-04-16 00:50:00+00:00,-23.482464
2010-04-16 00:51:00+00:00,-29.867373
2010-04-16 00:52:00+00:00,-38.202679
2010-04-16 00:53:00+00:00,-44.124443
2010-04-16 00:54:00+00:00,-48.182865
2010-04-16 00:55:00+00:00,-45.093597
2010-04-16 00:56:00+00:00,-43.417004
2010-04-16 00:57:00+00:00,-43.983578
2010-04-16 00:58:00+00:00,-35.848804
2010-04-16 00:59:00+00:00,-33.847664
2010-04-16 01:00:00+00:00,-30.436026
2010-04-16 01:01:00+00:00,-30.8409
2010-04-16 01:02:00+00:00,-31.132608
2010-04-16 01:03:00+00:00,-30.266323
2010-04-16 01:04:00+00:00,-29.872663
2010-04-16 01:05:00+00:00,-32.85331
2010-04-16 01:06:00+00:00,-31.968668
2010-04-16 01:07:00+00:00,-28.154247
2010-04-16 01:08:00+00:00,-27.943495
2010-04-16 01:09:00+00:00,-28.120178
2010-04-16 01:10:00+00:00,-28.87641
2010-04-16 01:11:00+00:00,-30.04294
2010-04-16 01:12:00+00:00,-29.828476
2010-04-16 01:13:00+00:00,-29.001276
2010-04-16 01:14:00+00:00,-29.381689
2010-04-16 01:15:00+00:00,-30.598125
2010-04-16 01:16:00+00:00,-31.247772
2010-04-16 01:17:00+00:00,-30.902344
2010-04-16 01:18:00+00:00,-30.806889
2010-04-16 01:19:00+00:00,-30.900282
2010-04-16 01:20:00+00:00,-30.267288
2010-04-16 01:21:00+00:00,-29.823586
2010-04-16 01:22:00+00:00,-30.262566
2010-04-16 01:23:00+00:00,-29.444904
2010-04-16 01:24:00+00:00,-29.382076
2010-04-16 01:25:00+00:00,-29.029991
2010-04-16 01:26:00+00:00,-29.11939
2010-04-16 01:27:00+00:00,-29.355947
2010-04-16 01:28:00+00:00,-30.519699
2010-04-16 01:29:00+00:00,-30.970066
2010-04-16 01:30:00+00:00,-29.433411
2010-04-16 01:31:00+00:00,-28.175428
2010-04-16 01:32:00+00:00,-27.955242
2010-04-16 01:33:00+00:00,-28.268017
2010-04-16 01:34:00+00:00,-28.111588
2010-04-16 01:35:00+00:00,-26.700382
2010-04-16 01:36:00+00:00,-25.947279
2010-04-16 01:37:00+00:00,-25.792753
2010-04-16 01:38:00+00:00,-24.337364
2010-04-16 01:39:00+00:00,-25.515844
2010-04-16 01:40:00+00:00,-39.342144
2010-04-16 01:41:00+00:00,-30.975361
2010-04-16 01:42:00+00:00,-24.447138
2010-04-16 01:43:00+00:00,-24.240696
2010-04-16 01:44:00+00:00,-24.867617
2010-04-16 01:45:00+00:00,-25.366432
2010-04-16 01:46:00+00:00,-25.790205
2010-04-16 01:47:00+00:00,-27.180817
2010-04-16 01:48:00+00:00,-28.30686
2010-04-16 01:49:00+00:00,-29.560518
2010-04-16 01:50:00+00:00,-29.579401
2010-04-16 01:51:00+00:00,-30.082842
2010-04-16 01:52:00+00:00,-31.149975
2010-04-16 01:53:00+00:00,-31.721827
2010-04-16 01:54:00+00:00,-31.743601
2010-04-16 01:55:00+00:00,-31.773508
2010-04-16 01:56:00+00:00,-32.091454
2010-04-16 01:57:00+00:00,-31.985392
2010-04-16 01:58:00+00:00,-33.231312
2010-04-16 01:59:00+00:00,-34.193512
2010-04-16 02:00:00+00:00,-32.163643
2010-04-16 02:01:00+00:00,-31.287777
2010-04-16 02:02:00+00:00,-30.83584
2010-04-16 02:03:00+00:00,-32.183823
2010-04-16 02:04:00+00:00,-31.852846
2010-04-16 02:05:00+00:00,-33.053616
2010-04-16 02:06:00+00:00,-33.889294
2010-04-16 02:07:00+00:00,-33.422382
2010-04-16 02:08:00+00:00,-34.172066
2010-04-16 02:09:00+00:00,-33.143951
2010-04-16 02:10:00+00:00,-32.229294
2010-04-16 02:11:00+00:00,-32.990246
2010-04-16 02:12:00+00:00,-31.157019
2010-04-16 02:13:00+00:00,-31.823988
2010-04-16 02:14:00+00:00,-45.729679
2010-04-16 02:15:00+00:00,-51.37122
2010-04-16 02:16:00+00:00,-66.144501
2010-04-16 02:17:00+00:00,-74.532997
2010-04-16 02:18:00+00:00,-68.312157
2010-04-16 02:19:00+00:00,-58.68523
2010-04-16 02:20:00+00:00,-58.66386
2010-04-16 02:21:00+00:00,-52.283325
2010-04-16 02:22:00+00:00,-43.00071
2010-04-16 02:23:00+00:00,-35.283028
2010-04-16 02:24:00+00:00,-32.025948
2010-04-16 02:25:00+00:00,-33.190136
2010-04-16 02:26:00+00:00,-33.465672
2010-04-16 02:27:00+00:00,-33.31702
2010-04-16 02:28:00+00:00,-32.932369
2010-04-16 02:29:00+00:00,-32.082237
2010-04-16 02:30:00+00:00,-32.053467
2010-04-16 02:31:00+00:00,-31.323206
2010-04-16 02:32:00+00:00,-31.009356
2010-04-16 02:33:00+00:00,-31.000572
2010-04-16 02:34:00+00:00,-31.030966
2010-04-16 02:35:00+00:00,-31.251421
2010-04-16 02:36:00+00:00,-32.032761
2010-04-16 02:37:00+00:00,-32.008762
2010-04-16 02:38:00+00:00,-31.477032
2010-04-16 02:39:00+00:00,-31.412628
2010-04-16 02:40:00+00:00,-30.63464
2010-04-16 02:41:00+00:00,-30.30299
2010-04-16 02:42:00+00:00,-30.520645
2010-04-16 02:43:00+00:00,-30.737564
2010-04-16 02:44:00+00:00,-30.605101
2010-04-16 02:45:00+00:00,-30.18651
2010-04-16 02:46:00+00:00,-29.984148
2010-04-16 02:47:00+00:00,-29.684313
2010-04-23 00:00:00+00:00,-232.853882
2010-04-23 00:01:00+00:00,-240.687256
2010-04-23 00:02:00+00:00,-262.512634
2010-04-23 00:03:00+00:00,-288.926788
2010-04-23 00:04:00+00:00,-304.773834
2010-04-23 00:05:00+00:00,-301.286621
2010-04-23 00:06:00+00:00,-300.111023
2010-04-23 00:07:00+00:00,-288.541138
2010-04-23 00:08:00+00:00,-282.554138
2010-04-23 00:09:00+00:00,-287.115631
2010-04-23 00:10:00+00:00,-294.570465
2010-04-23 00:11:00+00:00,-295.452637
2010-04-23 00:12:00+00:00,-293.82843
2010-04-23 00:13:00+00:00,-292.609741
2010-04-23 00:14:00+00:00,-280.029572
2010-04-23 00:15:00+00:00,-274.868317
2010-04-23 00:16:00+00:00,-261.781006
2010-04-23 00:17:00+00:00,-254.646057
2010-04-23 00:18:00+00:00,-238.332733
2010-04-23 00:19:00+00:00,-243.679199
2010-04-23 00:20:00+00:00,-229.85704
2010-04-23 00:21:00+00:00,-240.10463
2010-04-23 00:22:00+00:00,-240.442856
2010-04-23 00:23:00+00:00,-241.84433
2010-04-23 00:24:00+00:00,-252.326874
2010-04-23 00:25:00+00:00,-259.987518
2010-04-23 00:26:00+00:00,-283.483185
2010-04-23 00:27:00+00:00,-293.34903
2010-04-23 00:28:00+00:00,-289.149628
2010-04-23 00:29:00+00:00,-325.142517
2010-04-23 00:30:00+00:00,-373.906982
2010-04-23 00:31:00+00:00,-283.180725
2010-04-23 00:32:00+00:00,-313.150055
2010-04-23 00:33:00+00:00,-403.840576
2010-04-23 00:34:00+00:00,-478.148254
2010-04-23 00:35:00+00:00,-504.478607
2010-04-23 00:36:00+00:00,-525.456116
2010-04-23 00:37:00+00:00,-574.029968
2010-04-23 00:38:00+00:00,-593.055176
2010-04-23 00:39:00+00:00,-572.442139
2010-04-23 00:40:00+00:00,-522.157043
2010-04-23 00:41:00+00:00,-471.867371
2010-04-23 00:42:00+00:00,-480.329224
2010-04-23 00:43:00+00:00,-490.897552
2010-04-23 00:44:00+00:00,-496.899506
2010-04-23 00:45:00+00:00,-531.018127
2010-04-23 00:46:00+00:00,-521.765503
2010-04-23 00:47:00+00:00,-543.994446
2010-04-23 00:48:00+00:00,-504.726624
2010-04-23 00:49:00+00:00,-441.553192
2010-04-23 00:50:00+00:00,-481.575073
2010-04-23 00:51:00+00:00,-438.487946
2010-04-23 00:52:00+00:00,-414.764526
2010-04-23 00:53:00+00:00,-391.939301
2010-04-23 00:54:00+00:00,-441.457642
2010-04-23 00:55:00+00:00,-434.535095
2010-04-23 00:56:00+00:00,-452.66864
2010-04-23 00:57:00+00:00,-437.470947
2010-04-23 00:58:00+00:00,-418.686249
2010-04-23 00:59:00+00:00,-410.437042
2010-04-23 01:00:00+00:00,-402.928223
2010-04-23 01:01:00+00:00,-400.945312
2010-04-23 01:02:00+00:00,-472.592133
2010-04-23 01:03:00+00:00,-480.851288
2010-04-23 01:04:00+00:00,-509.919373
2010-04-23 01:05:00+00:00,-594.909668
2010-04-23 01:06:00+00:00,-654.229919
2010-04-23 01:07:00+00:00,-673.781677
2010-04-23 01:08:00+00:00,-605.482727
2010-04-23 01:09:00+00:00,-586.294434
2010-04-23 01:10:00+00:00,-518.671753
2010-04-23 01:11:00+00:00,-532.77887
2010-04-23 01:12:00+00:00,-533.573547
2010-04-23 01:13:00+00:00,-530.868713
2010-04-23 01:14:00+00:00,-504.934814
2010-04-23 01:15:00+00:00,-462.926147
2010-04-23 01:16:00+00:00,-473.954163
2010-04-23 01:17:00+00:00,-496.912476
2010-04-23 01:18:00+00:00,-517.319641
2010-04-23 01:19:00+00:00,-502.066376
2010-04-23 01:20:00+00:00,-527.59314
2010-04-23 01:21:00+00:00,-533.574829
2010-04-23 01:22:00+00:00,-561.653503
2010-04-23 01:23:00+00:00,-559.679626
2010-04-23 01:24:00+00:00,-550.46637
2010-04-23 01:25:00+00:00,-517.463928
2010-04-23 01:26:00+00:00,-538.643066
2010-04-23 01:27:00+00:00,-564.546753
2010-04-23 01:28:00+00:00,-569.615723
2010-04-23 01:29:00+00:00,-578.847046
2010-04-23 01:30:00+00:00,-561.881714
2010-04-23 01:31:00+00:00,-551.384277
2010-04-23 01:32:00+00:00,-570.858582
2010-04-23 01:33:00+00:00,-547.054688
2010-04-23 01:34:00+00:00,-511.294434
2010-04-23 01:35:00+00:00,-524.318909
2010-04-23 01:36:00+00:00,-526.125183
2010-04-23 01:37:00+00:00,-537.62915
2010-04-23 01:38:00+00:00,-543.678955
2010-04-23 01:39:00+00:00,-515.537537
2010-04-23 01:40:00+00:00,-479.717682
2010-04-23 01:41:00+00:00,-464.811646
2010-04-23 01:42:00+00:00,-480.935913
2010-04-23 01:43:00+00:00,-508.846222
2010-04-23 01:44:00+00:00,-546.927246
2010-04-23 01:45:00+00:00,-575.149353
2010-04-23 01:46:00+00:00,-579.077148
2010-04-23 01:47:00+00:00,-586.895813
2010-04-23 01:48:00+00:00,-570.849548
2010-04-23 01:49:00+00:00,-591.951965
2010-04-23 01:50:00+00:00,-625.8396
2010-04-23 01:51:00+00:00,-628.819763
2010-04-23 01:52:00+00:00,-628.869263
2010-04-23 01:53:00+00:00,-638.788818
2010-04-23 01:54:00+00:00,-613.558411
2010-04-23 01:55:00+00:00,-581.539307
2010-04-23 01:56:00+00:00,-561.803955
2010-04-23 01:57:00+00:00,-546.770447
2010-04-23 01:58:00+00:00,-526.785645
2010-04-23 01:59:00+00:00,-512.016602
2010-04-23 02:00:00+00:00,-494.912903
2010-04-23 02:01:00+00:00,-483.896362
2010-04-23 02:02:00+00:00,-481.005402
2010-04-23 02:03:00+00:00,-476.940308
2010-04-23 02:04:00+00:00,-496.249268
2010-04-23 02:05:00+00:00,-514.742126
2010-04-23 02:06:00+00:00,-529.826538
2010-04-23 02:07:00+00:00,-558.783752
2010-04-23 02:08:00+00:00,-600.283203
2010-04-23 02:09:00+00:00,-637.726257
2010-04-23 02:10:00+00:00,-673.747314
2010-04-23 02:11:00+00:00,-691.27948
2010-04-23 02:12:00+00:00,-683.615662
2010-04-23 02:13:00+00:00,-679.060974
2010-04-23 02:14:00+00:00,-666.551147
2010-04-23 02:15:00+00:00,-630.017639
2010-04-23 02:16:00+00:00,-604.062317
2010-04-23 02:17:00+00:00,-587.913635
2010-04-23 02:18:00+00:00,-564.826355
2010-04-23 02:19:00+00:00,-539.348511
2010-04-23 02:20:00+00:00,-522.931213
2010-04-23 02:21:00+00:00,-495.696503
2010-04-23 02:22:00+00:00,-503.50473
2010-04-23 02:23:00+00:00,-509.628143
2010-04-23 02:24:00+00:00,-520.159912
2010-04-23 02:25:00+00:00,-509.833405
2010-04-23 02:26:00+00:00,-509.467651
2010-04-23 02:27:00+00:00,-520.37207
2010-04-23 02:28:00+00:00,-514.70929
2010-04-23 02:29:00+00:00,-511.170807
2010-04-23 02:30:00+00:00,-523.125366
2010-04-23 02:31:00+00:00,-535.00061
2010-04-23 02:32:00+00:00,-532.22229
2010-04-23 02:33:00+00:00,-502.270782
2010-04-23 02:34:00+00:00,-472.861572
2010-04-23 02:35:00+00:00,-452.894653
2010-04-23 02:36:00+00:00,-459.115784
2010-04-23 02:37:00+00:00,-467.506256
2010-04-23 02:38:00+00:00,-450.438385
2010-04-23 02:39:00+00:00,-435.827637
2010-04-23 02:40:00+00:00,-420.526276
2010-04-23 02:41:00+00:00,-425.558228
2010-04-23 02:42:00+00:00,-459.908569
2010-04-23 02:43:00+00:00,-485.591309
2010-04-23 02:44:00+00:00,-489.339691
2010-04-23 02:45:00+00:00,-482.334076
2010-04-23 02:46:00+00:00,-498.978943
2010-04-23 02:47:00+00:00,-479.256622
2010-04-30 00:00:00+00:00,-25.150181
2010-04-30 00:01:00+00:00,-25.803055
2010-04-30 00:02:00+00:00,-26.32025
2010-04-30 00:03:00+00:00,-25.838474
2010-04-30 00:04:00+00:00,-25.685135
2010-04-30 00:05:00+00:00,-25.886023
2010-04-30 00:06:00+00:00,-25.337896
2010-04-30 00:07:00+00:00,-25.097618
2010-04-30 00:08:00+00:00,-24.706684
2010-04-30 00:09:00+00:00,-24.34404
2010-04-30 00:10:00+00:00,-23.612211
2010-04-30 00:11:00+00:00,-23.929327
2010-04-30 00:12:00+00:00,-25.416103
2010-04-30 00:13:00+00:00,-25.858852
2010-04-30 00:14:00+00:00,-24.947989
2010-04-30 00:15:00+00:00,-25.312511
2010-04-30 00:16:00+00:00,-25.653347
2010-04-30 00:17:00+00:00,-25.205959
2010-04-30 00:18:00+00:00,-24.035763
2010-04-30 00:19:00+00:00,-22.99435
2010-04-30 00:20:00+00:00,-22.723206
2010-04-30 00:21:00+00:00,-23.870815
2010-04-30 00:22:00+00:00,-23.744772
2010-04-30 00:23:00+00:00,-51.058968
2010-04-30 00:24:00+00:00,-48.928711
2010-04-30 00:25:00+00:00,-40.514626
2010-04-30 00:26:00+00:00,-33.662128
2010-04-30 00:27:00+00:00,-51.311718
2010-04-30 00:28:00+00:00,-51.020515
2010-04-30 00:29:00+00:00,-38.601173
2010-04-30 00:30:00+00:00,-37.009331
2010-04-30 00:31:00+00:00,-26.112675
2010-04-30 00:32:00+00:00,-23.503031
2010-04-30 00:33:00+00:00,-37.44067
2010-04-30 00:34:00+00:00,-30.597439
2010-04-30 00:35:00+00:00,-26.307272
2010-04-30 00:36:00+00:00,-21.661327
2010-04-30 00:37:00+00:00,-22.402943
2010-04-30 00:38:00+00:00,-22.025171
2010-04-30 00:39:00+00:00,-23.978222
2010-04-30 00:40:00+00:00,-44.183243
2010-04-30 00:41:00+00:00,-61.457191
2010-04-30 00:42:00+00:00,-72.620415
2010-04-30 00:43:00+00:00,-56.5872
2010-04-30 00:44:00+00:00,-64.396782
2010-04-30 00:45:00+00:00,-56.813049
2010-04-30 00:46:00+00:00,-59.785267
2010-04-30 00:47:00+00:00,-56.487488
2010-04-30 00:48:00+00:00,-52.881783
2010-04-30 00:49:00+00:00,-71.870758
2010-04-30 00:50:00+00:00,-71.765923
2010-04-30 00:51:00+00:00,-72.871223
2010-04-30 00:52:00+00:00,-58.460434
2010-04-30 00:53:00+00:00,-65.221886
2010-04-30 00:54:00+00:00,-55.343388
2010-04-30 00:55:00+00:00,-55.333889
2010-04-30 00:56:00+00:00,-55.762173
2010-04-30 00:57:00+00:00,-54.163063
2010-04-30 00:58:00+00:00,-55.994968
2010-04-30 00:59:00+00:00,-50.634022
2010-04-30 01:00:00+00:00,-50.488998
2010-04-30 01:01:00+00:00,-49.919445
2010-04-30 01:02:00+00:00,-53.858307
2010-04-30 01:03:00+00:00,-52.765606
2010-04-30 01:04:00+00:00,-63.435799
2010-04-30 01:05:00+00:00,-53.44521
2010-04-30 01:06:00+00:00,-47.350979
2010-04-30 01:07:00+00:00,-41.412445
2010-04-30 01:08:00+00:00,-41.261509
2010-04-30 01:09:00+00:00,-41.446251
2010-04-30 01:10:00+00:00,-41.642357
2010-04-30 01:11:00+00:00,-44.868488
2010-04-30 01:12:00+00:00,-42.061935
2010-04-30 01:13:00+00:00,-54.397285
2010-04-30 01:14:00+00:00,-59.750587
2010-04-30 01:15:00+00:00,-56.613731
2010-04-30 01:16:00+00:00,-47.249222
2010-04-30 01:17:00+00:00,-52.791508
2010-04-30 01:18:00+00:00,-53.995308
2010-04-30 01:19:00+00:00,-62.477486
2010-04-30 01:20:00+00:00,-71.31105
2010-04-30 01:21:00+00:00,-73.466537
2010-04-30 01:22:00+00:00,-65.361786
2010-04-30 01:23:00+00:00,-79.061707
2010-04-30 01:24:00+00:00,-80.565201
2010-04-30 01:25:00+00:00,-81.88208
2010-04-30 01:26:00+00:00,-81.780823
2010-04-30 01:27:00+00:00,-81.007889
2010-04-30 01:28:00+00:00,-80.07003
2010-04-30 01:29:00+00:00,-68.813972
2010-04-30 01:30:00+00:00,-48.058079
2010-04-30 01:31:00+00:00,-35.232098
2010-04-30 01:32:00+00:00,-32.594368
2010-04-30 01:33:00+00:00,-37.840073
2010-04-30 01:34:00+00:00,-41.433815
2010-04-30 01:35:00+00:00,-45.050076
2010-04-30 01:36:00+00:00,-47.921478
2010-04-30 01:37:00+00:00,-48.055199
2010-04-30 01:38:00+00:00,-49.424343
2010-04-30 01:39:00+00:00,-52.329998
2010-04-30 01:40:00+00:00,-54.612049
2010-04-30 01:41:00+00:00,-57.490692
2010-04-30 01:42:00+00:00,-61.947556
2010-04-30 01:43:00+00:00,-66.466476
2010-04-30 01:44:00+00:00,-84.963501
2010-04-30 01:45:00+00:00,-82.674927
2010-04-30 01:46:00+00:00,-83.513397
2010-04-30 01:47:00+00:00,-102.749863
2010-04-30 01:48:00+00:00,-86.270981
2010-04-30 01:49:00+00:00,-92.192535
2010-04-30 01:50:00+00:00,-89.461578
2010-04-30 01:51:00+00:00,-79.860847
2010-04-30 01:52:00+00:00,-66.430984
2010-04-30 01:53:00+00:00,-73.426529
2010-04-30 01:54:00+00:00,-61.29631
2010-04-30 01:55:00+00:00,-67.997314
2010-04-30 01:56:00+00:00,-54.334476
2010-04-30 01:57:00+00:00,-52.481312
2010-04-30 01:58:00+00:00,-51.688835
2010-04-30 01:59:00+00:00,-51.551807
2010-04-30 02:00:00+00:00,-51.770721
2010-04-30 02:01:00+00:00,-52.486412
2010-04-30 02:02:00+00:00,-53.603886
2010-04-30 02:03:00+00:00,-55.689381
2010-04-30 02:04:00+00:00,-58.864315
2010-04-30 02:05:00+00:00,-62.667622
2010-04-30 02:06:00+00:00,-65.271446
2010-04-30 02:07:00+00:00,-67.134285
2010-04-30 02:08:00+00:00,-68.636536
2010-04-30 02:09:00+00:00,-69.841141
2010-04-30 02:10:00+00:00,-70.667847
2010-04-30 02:11:00+00:00,-72.256973
2010-04-30 02:12:00+00:00,-73.641876
2010-04-30 02:13:00+00:00,-72.966736
2010-04-30 02:14:00+00:00,-70.418884
2010-04-30 02:15:00+00:00,-68.35849
2010-04-30 02:16:00+00:00,-66.875275
2010-04-30 02:17:00+00:00,-67.444618
2010-04-30 02:18:00+00:00,-70.528267
2010-04-30 02:19:00+00:00,-74.147621
2010-04-30 02:20:00+00:00,-76.908798
2010-04-30 02:21:00+00:00,-77.898621
2010-04-30 02:22:00+00:00,-77.145355
2010-04-30 02:23:00+00:00,-76.078285
2010-04-30 02:24:00+00:00,-73.289146
2010-04-30 02:25:00+00:00,-68.518005
2010-04-30 02:26:00+00:00,-65.14473
2010-04-30 02:27:00+00:00,-61.3251
2010-04-30 02:28:00+00:00,-57.008308
2010-04-30 02:29:00+00:00,-52.698093
2010-04-30 02:30:00+00:00,-50.906151
2010-04-30 02:31:00+00:00,-47.871021
2010-04-30 02:32:00+00:00,-45.776917
2010-04-30 02:33:00+00:00,-42.941059
2010-04-30 02:34:00+00:00,-40.864544
2010-04-30 02:35:00+00:00,-39.67461
2010-04-30 02:36:00+00:00,-38.901619
2010-04-30 02:37:00+00:00,-39.176544
2010-04-30 02:38:00+00:00,-38.587204
2010-04-30 02:39:00+00:00,-37.521568
2010-04-30 02:40:00+00:00,-35.000389
2010-04-30 02:41:00+00:00,-35.717449
2010-04-30 02:42:00+00:00,-37.170681
2010-04-30 02:43:00+00:00,-37.743706
2010-04-30 02:44:00+00:00,-37.959949
2010-04-30 02:45:00+00:00,-38.844185
2010-04-30 02:46:00+00:00,-40.20673
2010-04-30 02:47:00+00:00,-39.938065
2010-05-07 00:00:00+00:00,-251.924484
2010-05-07 00:01:00+00:00,-258.820038
2010-05-07 00:02:00+00:00,-249.718582
2010-05-07 00:03:00+00:00,-241.610901
2010-05-07 00:04:00+00:00,-240.512741
2010-05-07 00:05:00+00:00,-240.418747
2010-05-07 00:06:00+00:00,-247.316299
2010-05-07 00:07:00+00:00,-274.214783
2010-05-07 00:08:00+00:00,-307.118073
2010-05-07 00:09:00+00:00,-319.07074
2010-05-07 00:10:00+00:00,-333.953674
2010-05-07 00:11:00+00:00,-357.901367
2010-05-07 00:12:00+00:00,-397.849152
2010-05-07 00:13:00+00:00,-405.751801
2010-05-07 00:14:00+00:00,-417.644592
2010-05-07 00:15:00+00:00,-432.578064
2010-05-07 00:16:00+00:00,-447.507904
2010-05-07 00:17:00+00:00,-459.458313
2010-05-07 00:18:00+00:00,-459.443848
2010-05-07 00:19:00+00:00,-467.410217
2010-05-07 00:20:00+00:00,-493.35437
2010-05-07 00:21:00+00:00,-510.267578
2010-05-07 00:22:00+00:00,-532.246582
2010-05-07 00:23:00+00:00,-538.172424
2010-05-07 00:24:00+00:00,-530.014709
2010-05-07 00:25:00+00:00,-598.823425
2010-05-07 00:26:00+00:00,-581.793091
2010-05-07 00:27:00+00:00,-558.686157
2010-05-07 00:28:00+00:00,-605.5271
2010-05-07 00:29:00+00:00,-585.874878
2010-05-07 00:30:00+00:00,-571.263123
2010-05-07 00:31:00+00:00,-544.493713
2010-05-07 00:32:00+00:00,-510.488922
2010-05-07 00:33:00+00:00,-498.497162
2010-05-07 00:34:00+00:00,-532.502625
2010-05-07 00:35:00+00:00,-475.166138
2010-05-07 00:36:00+00:00,-515.985107
2010-05-07 00:37:00+00:00,-566.923584
2010-05-07 00:38:00+00:00,-511.483887
2010-05-07 00:39:00+00:00,-471.525543
2010-05-07 00:40:00+00:00,-492.130432
2010-05-07 00:41:00+00:00,-519.735352
2010-05-07 00:42:00+00:00,-519.59436
2010-05-07 00:43:00+00:00,-526.108093
2010-05-07 00:44:00+00:00,-539.657349
2010-05-07 00:45:00+00:00,-518.111572
2010-05-07 00:46:00+00:00,-501.68158
2010-05-07 00:47:00+00:00,-496.54068
2010-05-07 00:48:00+00:00,-464.821167
2010-05-07 00:49:00+00:00,-453.16626
2010-05-07 00:50:00+00:00,-423.563812
2010-05-07 00:51:00+00:00,-401.437805
2010-05-07 00:52:00+00:00,-388.387543
2010-05-07 00:53:00+00:00,-376.401184
2010-05-07 00:54:00+00:00,-390.242218
2010-05-07 00:55:00+00:00,-403.817627
2010-05-07 00:56:00+00:00,-394.55191
2010-05-07 00:57:00+00:00,-489.312256
2010-05-07 00:58:00+00:00,-389.281311
2010-05-07 00:59:00+00:00,-378.906616
2010-05-07 01:00:00+00:00,-363.976166
2010-05-07 01:01:00+00:00,-362.706055
2010-05-07 01:02:00+00:00,-348.748199
2010-05-07 01:03:00+00:00,-341.011108
2010-05-07 01:04:00+00:00,-350.447479
2010-05-07 01:05:00+00:00,-354.655457
2010-05-07 01:06:00+00:00,-354.143066
2010-05-07 01:07:00+00:00,-354.519073
2010-05-07 01:08:00+00:00,-385.948608
2010-05-07 01:09:00+00:00,-321.769958
2010-05-07 01:10:00+00:00,-305.074127
2010-05-07 01:11:00+00:00,-281.478333
2010-05-07 01:12:00+00:00,-272.711914
2010-05-07 01:13:00+00:00,-261.319183
2010-05-07 01:14:00+00:00,-255.898956
2010-05-07 01:15:00+00:00,-249.711304
2010-05-07 01:16:00+00:00,-238.027634
2010-05-07 01:17:00+00:00,-233.132446
2010-05-07 01:18:00+00:00,-231.141296
2010-05-07 01:19:00+00:00,-227.930084
2010-05-07 01:20:00+00:00,-206.782303
2010-05-07 01:21:00+00:00,-188.151276
2010-05-07 01:22:00+00:00,-174.965149
2010-05-07 01:23:00+00:00,-182.221725
2010-05-07 01:24:00+00:00,-190.847168
2010-05-07 01:25:00+00:00,-196.44519
2010-05-07 01:26:00+00:00,-183.210617
2010-05-07 01:27:00+00:00,-171.42099
2010-05-07 01:28:00+00:00,-168.756485
2010-05-07 01:29:00+00:00,-165.855652
2010-05-07 01:30:00+00:00,-171.197037
2010-05-07 01:31:00+00:00,-151.916962
2010-05-07 01:32:00+00:00,-155.588867
2010-05-07 01:33:00+00:00,-162.432602
2010-05-07 01:34:00+00:00,-164.900818
2010-05-07 01:35:00+00:00,-168.49556
2010-05-07 01:36:00+00:00,-176.074219
2010-05-07 01:37:00+00:00,-158.048065
2010-05-07 01:38:00+00:00,-166.714401
2010-05-07 01:39:00+00:00,-161.606598
2010-05-07 01:40:00+00:00,-166.848557
2010-05-07 01:41:00+00:00,-163.916046
2010-05-07 01:42:00+00:00,-154.97374
2010-05-07 01:43:00+00:00,-180.03418
2010-05-07 01:44:00+00:00,-202.101212
2010-05-07 01:45:00+00:00,-220.16893
2010-05-07 01:46:00+00:00,-228.237244
2010-05-07 01:47:00+00:00,-231.306076
2010-05-07 01:48:00+00:00,-231.382233
2010-05-07 01:49:00+00:00,-213.735016
2010-05-07 01:50:00+00:00,-211.815231
2010-05-07 01:51:00+00:00,-206.251541
2010-05-07 01:52:00+00:00,-193.882645
2010-05-07 01:53:00+00:00,-190.402115
2010-05-07 01:54:00+00:00,-198.78891
2010-05-07 01:55:00+00:00,-209.858398
2010-05-07 01:56:00+00:00,-216.928802
2010-05-07 01:57:00+00:00,-219.998962
2010-05-07 01:58:00+00:00,-220.067886
2010-05-07 01:59:00+00:00,-214.139404
2010-05-07 02:00:00+00:00,-201.212509
2010-05-07 02:01:00+00:00,-194.194839
2010-05-07 02:02:00+00:00,-190.351395
2010-05-07 02:03:00+00:00,-194.613571
2010-05-07 02:04:00+00:00,-196.052872
2010-05-07 02:05:00+00:00,-186.22438
2010-05-07 02:06:00+00:00,-188.131119
2010-05-07 02:07:00+00:00,-183.410828
2010-05-07 02:08:00+00:00,-166.608612
2010-05-07 02:09:00+00:00,-156.637619
2010-05-07 02:10:00+00:00,-149.53894
2010-05-07 02:11:00+00:00,-136.828201
2010-05-07 02:12:00+00:00,-142.411942
2010-05-07 02:13:00+00:00,-155.503052
2010-05-07 02:14:00+00:00,-154.794983
2010-05-07 02:15:00+00:00,-143.451767
2010-05-07 02:16:00+00:00,-141.774521
2010-05-07 02:17:00+00:00,-151.82962
2010-05-07 02:18:00+00:00,-141.219574
2010-05-07 02:19:00+00:00,-133.700607
2010-05-07 02:20:00+00:00,-130.470901
2010-05-07 02:21:00+00:00,-120.449493
2010-05-07 02:22:00+00:00,-104.753578
2010-05-07 02:23:00+00:00,-100.524086
2010-05-07 02:24:00+00:00,-101.368408
2010-05-07 02:25:00+00:00,-94.290558
2010-05-07 02:26:00+00:00,-93.356964
2010-05-07 02:27:00+00:00,-92.074692
2010-05-07 02:28:00+00:00,-86.545334
2010-05-07 02:29:00+00:00,-77.569748
2010-05-07 02:30:00+00:00,-77.800377
2010-05-07 02:31:00+00:00,-79.580193
2010-05-07 02:32:00+00:00,-79.00898
2010-05-07 02:33:00+00:00,-79.117088
2010-05-07 02:34:00+00:00,-75.703461
2010-05-07 02:35:00+00:00,-100.830658
2010-05-07 02:36:00+00:00,-128.94603
2010-05-07 02:37:00+00:00,-149.603333
2010-05-07 02:38:00+00:00,-186.916016
2010-05-07 02:39:00+00:00,-177.507141
2010-05-07 02:40:00+00:00,-206.275238
2010-05-07 02:41:00+00:00,-208.347336
2010-05-07 02:42:00+00:00,-208.614182
2010-05-07 02:43:00+00:00,-214.890274
2010-05-07 02:44:00+00:00,-216.234283
2010-05-07 02:45:00+00:00,-221.074066
2010-05-07 02:46:00+00:00,-227.820801
2010-05-07 02:47:00+00:00,-227.958939
2010-05-14 00:00:00+00:00,-52.607784
2010-05-14 00:01:00+00:00,-51.917831
2010-05-14 00:02:00+00:00,-51.489136
2010-05-14 00:03:00+00:00,-51.371265
2010-05-14 00:04:00+00:00,-51.431858
2010-05-14 00:05:00+00:00,-51.163849
2010-05-14 00:06:00+00:00,-51.235214
2010-05-14 00:07:00+00:00,-51.361511
2010-05-14 00:08:00+00:00,-51.914337
2010-05-14 00:09:00+00:00,-51.716679
2010-05-14 00:10:00+00:00,-51.225574
2010-05-14 00:11:00+00:00,-50.851868
2010-05-14 00:12:00+00:00,-51.070728
2010-05-14 00:13:00+00:00,-50.693394
2010-05-14 00:14:00+00:00,-50.872215
2010-05-14 00:15:00+00:00,-50.828556
2010-05-14 00:16:00+00:00,-50.37748
2010-05-14 00:17:00+00:00,-50.220833
2010-05-14 00:18:00+00:00,-50.197147
2010-05-14 00:19:00+00:00,-49.709423
2010-05-14 00:20:00+00:00,-49.46534
2010-05-14 00:21:00+00:00,-49.289116
2010-05-14 00:22:00+00:00,-49.620815
2010-05-14 00:23:00+00:00,-50.468967
2010-05-14 00:24:00+00:00,-50.418175
2010-05-14 00:25:00+00:00,-50.872734
2010-05-14 00:26:00+00:00,-50.778542
2010-05-14 00:27:00+00:00,-50.86684
2010-05-14 00:28:00+00:00,-50.726109
2010-05-14 00:29:00+00:00,-50.399315
2010-05-14 00:30:00+00:00,-49.982712
2010-05-14 00:31:00+00:00,-49.959587
2010-05-14 00:32:00+00:00,-49.867619
2010-05-14 00:33:00+00:00,-49.756168
2010-05-14 00:34:00+00:00,-49.899551
2010-05-14 00:35:00+00:00,-50.304169
2010-05-14 00:36:00+00:00,-50.286423
2010-05-14 00:37:00+00:00,-50.409309
2010-05-14 00:38:00+00:00,-50.814396
2010-05-14 00:39:00+00:00,-51.50219
2010-05-14 00:40:00+00:00,-51.724644
2010-05-14 00:41:00+00:00,-51.212692
2010-05-14 00:42:00+00:00,-51.502491
2010-05-14 00:43:00+00:00,-51.266396
2010-05-14 00:44:00+00:00,-50.596199
2010-05-14 00:45:00+00:00,-50.302891
2010-05-14 00:46:00+00:00,-50.049633
2010-05-14 00:47:00+00:00,-50.456017
2010-05-14 00:48:00+00:00,-50.88184
2010-05-14 00:49:00+00:00,-50.371166
2010-05-14 00:50:00+00:00,-50.51622
2010-05-14 00:51:00+00:00,-50.391224
2010-05-14 00:52:00+00:00,-50.504372
2010-05-14 00:53:00+00:00,-50.819717
2010-05-14 00:54:00+00:00,-50.777115
2010-05-14 00:55:00+00:00,-50.630463
2010-05-14 00:56:00+00:00,-50.913322
2010-05-14 00:57:00+00:00,-51.523403
2010-05-14 00:58:00+00:00,-51.322403
2010-05-14 00:59:00+00:00,-51.267342
2010-05-14 01:00:00+00:00,-50.514801
2010-05-14 01:01:00+00:00,-49.94112
2010-05-14 01:02:00+00:00,-50.933399
2010-05-14 01:03:00+00:00,-50.154045
2010-05-14 01:04:00+00:00,-50.588757
2010-05-14 01:05:00+00:00,-50.272999
2010-05-14 01:06:00+00:00,-50.67551
2010-05-14 01:07:00+00:00,-50.446949
2010-05-14 01:08:00+00:00,-50.534012
2010-05-14 01:09:00+00:00,-51.10104
2010-05-14 01:10:00+00:00,-51.523018
2010-05-14 01:11:00+00:00,-51.4291
2010-05-14 01:12:00+00:00,-51.851971
2010-05-14 01:13:00+00:00,-52.065315
2010-05-14 01:14:00+00:00,-53.016396
2010-05-14 01:15:00+00:00,-52.101898
2010-05-14 01:16:00+00:00,-50.629971
2010-05-14 01:17:00+00:00,-49.739502
2010-05-14 01:18:00+00:00,-50.002937
2010-05-14 01:19:00+00:00,-50.568314
2010-05-14 01:20:00+00:00,-50.185829
2010-05-14 01:21:00+00:00,-50.203125
2010-05-14 01:22:00+00:00,-49.718006
2010-05-14 01:23:00+00:00,-50.132488
2010-05-14 01:24:00+00:00,-51.52095
2010-05-14 01:25:00+00:00,-50.994701
2010-05-14 01:26:00+00:00,-52.233547
2010-05-14 01:27:00+00:00,-49.950123
2010-05-14 01:28:00+00:00,-51.11916
2010-05-14 01:29:00+00:00,-51.334389
2010-05-14 01:30:00+00:00,-50.371281
2010-05-14 01:31:00+00:00,-50.745228
2010-05-14 01:32:00+00:00,-50.842991
2010-05-14 01:33:00+00:00,-50.963467
2010-05-14 01:34:00+00:00,-51.641735
2010-05-14 01:35:00+00:00,-51.155212
2010-05-14 01:36:00+00:00,-52.492199
2010-05-14 01:37:00+00:00,-50.316776
2010-05-14 01:38:00+00:00,-50.02935
2010-05-14 01:39:00+00:00,-50.754948
2010-05-14 01:40:00+00:00,-50.481869
2010-05-14 01:41:00+00:00,-49.887833
2010-05-14 01:42:00+00:00,-48.35574
2010-05-14 01:43:00+00:00,-47.994953
2010-05-14 01:44:00+00:00,-48.092602
2010-05-14 01:45:00+00:00,-47.875202
2010-05-14 01:46:00+00:00,-48.393684
2010-05-14 01:47:00+00:00,-47.80426
2010-05-14 01:48:00+00:00,-47.643967
2010-05-14 01:49:00+00:00,-49.118073
2010-05-14 01:50:00+00:00,-49.564415
2010-05-14 01:51:00+00:00,-49.441986
2010-05-14 01:52:00+00:00,-50.137421
2010-05-14 01:53:00+00:00,-49.82283
2010-05-14 01:54:00+00:00,-50.775475
2010-05-14 01:55:00+00:00,-50.157478
2010-05-14 01:56:00+00:00,-51.117172
2010-05-14 01:57:00+00:00,-51.656788
2010-05-14 01:58:00+00:00,-52.246918
2010-05-14 01:59:00+00:00,-53.543835
2010-05-14 02:00:00+00:00,-52.779835
2010-05-14 02:01:00+00:00,-52.710674
2010-05-14 02:02:00+00:00,-51.201096
2010-05-14 02:03:00+00:00,-49.999023
2010-05-14 02:04:00+00:00,-50.083397
2010-05-14 02:05:00+00:00,-49.71973
2010-05-14 02:06:00+00:00,-49.95496
2010-05-14 02:07:00+00:00,-50.533054
2010-05-14 02:08:00+00:00,-50.614685
2010-05-14 02:09:00+00:00,-50.893055
2010-05-14 02:10:00+00:00,-50.090878
2010-05-14 02:11:00+00:00,-49.44038
2010-05-14 02:12:00+00:00,-49.729244
2010-05-14 02:13:00+00:00,-49.73658
2010-05-14 02:14:00+00:00,-49.528851
2010-05-14 02:15:00+00:00,-48.955452
2010-05-14 02:16:00+00:00,-47.977936
2010-05-14 02:17:00+00:00,-47.883194
2010-05-14 02:18:00+00:00,-48.98938
2010-05-14 02:19:00+00:00,-48.976791
2010-05-14 02:20:00+00:00,-48.649895
2010-05-14 02:21:00+00:00,-48.25095
2010-05-14 02:22:00+00:00,-48.734829
2010-05-14 02:23:00+00:00,-48.627514
2010-05-14 02:24:00+00:00,-48.565517
2010-05-14 02:25:00+00:00,-49.408279
2010-05-14 02:26:00+00:00,-48.587265
2010-05-14 02:27:00+00:00,-47.62645
2010-05-14 02:28:00+00:00,-48.121361
2010-05-14 02:29:00+00:00,-47.978306
2010-05-14 02:30:00+00:00,-48.134655
2010-05-14 02:31:00+00:00,-48.06879
2010-05-14 02:32:00+00:00,-47.80344
2010-05-14 02:33:00+00:00,-47.785717
2010-05-14 02:34:00+00:00,-47.828583
2010-05-14 02:35:00+00:00,-47.836182
2010-05-14 02:36:00+00:00,-48.310528
2010-05-14 02:37:00+00:00,-48.435055
2010-05-14 02:38:00+00:00,-48.274685
2010-05-14 02:39:00+00:00,-48.192547
2010-05-14 02:40:00+00:00,-48.180882
2010-05-14 02:41:00+00:00,-48.2122
2010-05-14 02:42:00+00:00,-48.193203
2010-05-14 02:43:00+00:00,-48.379604
2010-05-14 02:44:00+00:00,-48.660126
2010-05-14 02:45:00+00:00,-48.495586
2010-05-14 02:46:00+00:00,-48.540691
2010-05-14 02:47:00+00:00,-48.662502
2010-05-21 00:00:00+00:00,-385.649811
2010-05-21 00:01:00+00:00,-446.749115
2010-05-21 00:02:00+00:00,-499.924896
2010-05-21 00:03:00+00:00,-522.788208
2010-05-21 00:04:00+00:00,-564.57489
2010-05-21 00:05:00+00:00,-549.504333
2010-05-21 00:06:00+00:00,-506.368622
2010-05-21 00:07:00+00:00,-477.303253
2010-05-21 00:08:00+00:00,-474.300781
2010-05-21 00:09:00+00:00,-458.308289
2010-05-21 00:10:00+00:00,-432.273987
2010-05-21 00:11:00+00:00,-415.262115
2010-05-21 00:12:00+00:00,-402.252563
2010-05-21 00:13:00+00:00,-392.251984
2010-05-21 00:14:00+00:00,-365.265991
2010-05-21 00:15:00+00:00,-345.199829
2010-05-21 00:16:00+00:00,-346.700104
2010-05-21 00:17:00+00:00,-346.547394
2010-05-21 00:18:00+00:00,-340.621643
2010-05-21 00:19:00+00:00,-336.686432
2010-05-21 00:20:00+00:00,-337.380463
2010-05-21 00:21:00+00:00,-334.903015
2010-05-21 00:22:00+00:00,-321.8508
2010-05-21 00:23:00+00:00,-310.406311
2010-05-21 00:24:00+00:00,-307.548157
2010-05-21 00:25:00+00:00,-294.705017
2010-05-21 00:26:00+00:00,-283.938538
2010-05-21 00:27:00+00:00,-284.661987
2010-05-21 00:28:00+00:00,-292.159027
2010-05-21 00:29:00+00:00,-303.706177
2010-05-21 00:30:00+00:00,-306.152985
2010-05-21 00:31:00+00:00,-303.448578
2010-05-21 00:32:00+00:00,-305.348694
2010-05-21 00:33:00+00:00,-295.774414
2010-05-21 00:34:00+00:00,-300.071777
2010-05-21 00:35:00+00:00,-307.754272
2010-05-21 00:36:00+00:00,-304.295074
2010-05-21 00:37:00+00:00,-293.187805
2010-05-21 00:38:00+00:00,-286.808655
2010-05-21 00:39:00+00:00,-288.056976
2010-05-21 00:40:00+00:00,-286.285461
2010-05-21 00:41:00+00:00,-283.745422
2010-05-21 00:42:00+00:00,-277.998505
2010-05-21 00:43:00+00:00,-258.076996
2010-05-21 00:44:00+00:00,-232.98526
2010-05-21 00:45:00+00:00,-225.661606
2010-05-21 00:46:00+00:00,-229.874847
2010-05-21 00:47:00+00:00,-230.417953
2010-05-21 00:48:00+00:00,-225.515869
2010-05-21 00:49:00+00:00,-215.989273
2010-05-21 00:50:00+00:00,-212.765228
2010-05-21 00:51:00+00:00,-212.092804
2010-05-21 00:52:00+00:00,-207.023102
2010-05-21 00:53:00+00:00,-198.993973
2010-05-21 00:54:00+00:00,-188.639557
2010-05-21 00:55:00+00:00,-181.377808
2010-05-21 00:56:00+00:00,-182.003983
2010-05-21 00:57:00+00:00,-185.385666
2010-05-21 00:58:00+00:00,-181.726288
2010-05-21 00:59:00+00:00,-177.906036
2010-05-21 01:00:00+00:00,-172.104019
2010-05-21 01:01:00+00:00,-170.357391
2010-05-21 01:02:00+00:00,-169.597519
2010-05-21 01:03:00+00:00,-165.873581
2010-05-21 01:04:00+00:00,-159.433075
2010-05-21 01:05:00+00:00,-152.765625
2010-05-21 01:06:00+00:00,-143.13588
2010-05-21 01:07:00+00:00,-134.683807
2010-05-21 01:08:00+00:00,-126.704842
2010-05-21 01:09:00+00:00,-123.071342
2010-05-21 01:10:00+00:00,-120.07827
2010-05-21 01:11:00+00:00,-117.99057
2010-05-21 01:12:00+00:00,-118.358574
2010-05-21 01:13:00+00:00,-115.659134
2010-05-21 01:14:00+00:00,-109.397408
2010-05-21 01:15:00+00:00,-104.224335
2010-05-21 01:16:00+00:00,-101.303284
2010-05-21 01:17:00+00:00,-101.617683
2010-05-21 01:18:00+00:00,-100.546745
2010-05-21 01:19:00+00:00,-101.126144
2010-05-21 01:20:00+00:00,-98.429405
2010-05-21 01:21:00+00:00,-88.62162
2010-05-21 01:22:00+00:00,-84.496063
2010-05-21 01:23:00+00:00,-79.55127
2010-05-21 01:24:00+00:00,-76.277786
2010-05-21 01:25:00+00:00,-75.527206
2010-05-21 01:26:00+00:00,-70.490303
2010-05-21 01:27:00+00:00,-61.386265
2010-05-21 01:28:00+00:00,-55.092377
2010-05-21 01:29:00+00:00,-54.277847
2010-05-21 01:30:00+00:00,-53.671753
2010-05-21 01:31:00+00:00,-52.342575
2010-05-21 01:32:00+00:00,-51.507721
2010-05-21 01:33:00+00:00,-48.963985
2010-05-21 01:34:00+00:00,-48.870804
2010-05-21 01:35:00+00:00,-49.958572
2010-05-21 01:36:00+00:00,-48.236115
2010-05-21 01:37:00+00:00,-47.892826
2010-05-21 01:38:00+00:00,-47.895721
2010-05-21 01:39:00+00:00,-47.870728
2010-05-21 01:40:00+00:00,-46.970211
2010-05-21 01:41:00+00:00,-47.144352
2010-05-21 01:42:00+00:00,-63.839748
2010-05-21 01:43:00+00:00,-73.293953
2010-05-21 01:44:00+00:00,-59.190762
2010-05-21 01:45:00+00:00,-52.120316
2010-05-21 01:46:00+00:00,-46.16954
2010-05-21 01:47:00+00:00,-45.735168
2010-05-21 01:48:00+00:00,-45.914818
2010-05-21 01:49:00+00:00,-45.293495
2010-05-21 01:50:00+00:00,-45.053848
2010-05-21 01:51:00+00:00,-44.576763
2010-05-21 01:52:00+00:00,-45.459015
2010-05-21 01:53:00+00:00,-46.450546
2010-05-21 01:54:00+00:00,-46.944981
2010-05-21 01:55:00+00:00,-47.440403
2010-05-21 01:56:00+00:00,-48.087353
2010-05-21 01:57:00+00:00,-48.347572
2010-05-21 01:58:00+00:00,-48.458492
2010-05-21 01:59:00+00:00,-48.017971
2010-05-21 02:00:00+00:00,-47.437843
2010-05-21 02:01:00+00:00,-47.799206
2010-05-21 02:02:00+00:00,-47.609741
2010-05-21 02:03:00+00:00,-47.786652
2010-05-21 02:04:00+00:00,-47.861729
2010-05-21 02:05:00+00:00,-47.501183
2010-05-21 02:06:00+00:00,-47.840752
2010-05-21 02:07:00+00:00,-47.859211
2010-05-21 02:08:00+00:00,-48.811878
2010-05-21 02:09:00+00:00,-48.474396
2010-05-21 02:10:00+00:00,-48.591873
2010-05-21 02:11:00+00:00,-48.524971
2010-05-21 02:12:00+00:00,-49.04649
2010-05-21 02:13:00+00:00,-49.150867
2010-05-21 02:14:00+00:00,-49.262283
2010-05-21 02:15:00+00:00,-49.383926
2010-05-21 02:16:00+00:00,-49.204617
2010-05-21 02:17:00+00:00,-48.724339
2010-05-21 02:18:00+00:00,-48.325325
2010-05-21 02:19:00+00:00,-47.819271
2010-05-21 02:20:00+00:00,-48.18605
2010-05-21 02:21:00+00:00,-47.638546
2010-05-21 02:22:00+00:00,-48.043411
2010-05-21 02:23:00+00:00,-48.021812
2010-05-21 02:24:00+00:00,-47.719692
2010-05-21 02:25:00+00:00,-47.074539
2010-05-21 02:26:00+00:00,-46.856369
2010-05-21 02:27:00+00:00,-46.780018
2010-05-21 02:28:00+00:00,-45.988537
2010-05-21 02:29:00+00:00,-45.681656
2010-05-21 02:30:00+00:00,-44.454037
2010-05-21 02:31:00+00:00,-44.257519
2010-05-21 02:32:00+00:00,-43.893017
2010-05-21 02:33:00+00:00,-43.366947
2010-05-21 02:34:00+00:00,-43.252361
2010-05-21 02:35:00+00:00,-43.355469
2010-05-21 02:36:00+00:00,-42.927216
2010-05-21 02:37:00+00:00,-42.422318
2010-05-21 02:38:00+00:00,-42.452782
2010-05-21 02:39:00+00:00,-41.805336
2010-05-21 02:40:00+00:00,-41.529762
2010-05-21 02:41:00+00:00,-40.991947
2010-05-21 02:42:00+00:00,-39.895607
2010-05-21 02:43:00+00:00,-39.324387
2010-05-21 02:44:00+00:00,-38.638344
2010-05-21 02:45:00+00:00,-38.474731
2010-05-21 02:46:00+00:00,-39.029533
2010-05-21 02:47:00+00:00,-38.26366
2010-05-28 00:00:00+00:00,-26.850634
2010-05-28 00:01:00+00:00,-29.037479
2010-05-28 00:02:00+00:00,-27.590343
2010-05-28 00:03:00+00:00,-27.621752
2010-05-28 00:04:00+00:00,-27.893757
2010-05-28 00:05:00+00:00,-28.111443
2010-05-28 00:06:00+00:00,-28.477757
2010-05-28 00:07:00+00:00,-28.807322
2010-05-28 00:08:00+00:00,-29.019215
2010-05-28 00:09:00+00:00,-28.992483
2010-05-28 00:10:00+00:00,-28.912498
2010-05-28 00:11:00+00:00,-28.752169
2010-05-28 00:12:00+00:00,-28.479221
2010-05-28 00:13:00+00:00,-28.093891
2010-05-28 00:14:00+00:00,-27.836702
2010-05-28 00:15:00+00:00,-28.15382
2010-05-28 00:16:00+00:00,-28.465443
2010-05-28 00:17:00+00:00,-29.11319
2010-05-28 00:18:00+00:00,-28.993849
2010-05-28 00:19:00+00:00,-28.703939
2010-05-28 00:20:00+00:00,-28.972279
2010-05-28 00:21:00+00:00,-28.519392
2010-05-28 00:22:00+00:00,-28.386566
2010-05-28 00:23:00+00:00,-28.344198
2010-05-28 00:24:00+00:00,-28.130852
2010-05-28 00:25:00+00:00,-28.113539
2010-05-28 00:26:00+00:00,-28.474096
2010-05-28 00:27:00+00:00,-28.723291
2010-05-28 00:28:00+00:00,-29.242203
2010-05-28 00:29:00+00:00,-29.51923
2010-05-28 00:30:00+00:00,-29.483263
2010-05-28 00:31:00+00:00,-29.486469
2010-05-28 00:32:00+00:00,-29.458981
2010-05-28 00:33:00+00:00,-29.703823
2010-05-28 00:34:00+00:00,-29.865215
2010-05-28 00:35:00+00:00,-29.986437
2010-05-28 00:36:00+00:00,-30.055868
2010-05-28 00:37:00+00:00,-30.073748
2010-05-28 00:38:00+00:00,-30.24691
2010-05-28 00:39:00+00:00,-30.13225
2010-05-28 00:40:00+00:00,-30.151737
2010-05-28 00:41:00+00:00,-30.055573
2010-05-28 00:42:00+00:00,-29.802626
2010-05-28 00:43:00+00:00,-29.719278
2010-05-28 00:44:00+00:00,-29.588921
2010-05-28 00:45:00+00:00,-29.647795
2010-05-28 00:46:00+00:00,-29.399998
2010-05-28 00:47:00+00:00,-29.105394
2010-05-28 00:48:00+00:00,-29.006363
2010-05-28 00:49:00+00:00,-29.270784
2010-05-28 00:50:00+00:00,-29.658615
2010-05-28 00:51:00+00:00,-29.578154
2010-05-28 00:52:00+00:00,-29.539387
2010-05-28 00:53:00+00:00,-29.583193
2010-05-28 00:54:00+00:00,-29.571112
2010-05-28 00:55:00+00:00,-29.284489
2010-05-28 00:56:00+00:00,-29.024378
2010-05-28 00:57:00+00:00,-29.272968
2010-05-28 00:58:00+00:00,-29.280514
2010-05-28 00:59:00+00:00,-29.475075
2010-05-28 01:00:00+00:00,-29.514521
2010-05-28 01:01:00+00:00,-29.385212
2010-05-28 01:02:00+00:00,-29.155256
2010-05-28 01:03:00+00:00,-28.949888
2010-05-28 01:04:00+00:00,-28.899355
2010-05-28 01:05:00+00:00,-28.837864
2010-05-28 01:06:00+00:00,-28.855211
2010-05-28 01:07:00+00:00,-28.963388
2010-05-28 01:08:00+00:00,-28.884359
2010-05-28 01:09:00+00:00,-28.846903
2010-05-28 01:10:00+00:00,-28.958393
2010-05-28 01:11:00+00:00,-28.812885
2010-05-28 01:12:00+00:00,-28.858839
2010-05-28 01:13:00+00:00,-28.793819
2010-05-28 01:14:00+00:00,-28.543932
2010-05-28 01:15:00+00:00,-28.717758
2010-05-28 01:16:00+00:00,-28.551943
2010-05-28 01:17:00+00:00,-28.689016
2010-05-28 01:18:00+00:00,-28.723057
2010-05-28 01:19:00+00:00,-28.830986
2010-05-28 01:20:00+00:00,-29.018995
2010-05-28 01:21:00+00:00,-29.068281
2010-05-28 01:22:00+00:00,-29.348312
2010-05-28 01:23:00+00:00,-29.018438
2010-05-28 01:24:00+00:00,-29.090706
2010-05-28 01:25:00+00:00,-29.127562
2010-05-28 01:26:00+00:00,-29.449039
2010-05-28 01:27:00+00:00,-28.545599
2010-05-28 01:28:00+00:00,-30.065708
2010-05-28 01:29:00+00:00,-30.665607
2010-05-28 01:30:00+00:00,-29.655888
2010-05-28 01:31:00+00:00,-29.159536
2010-05-28 01:32:00+00:00,-29.50318
2010-05-28 01:33:00+00:00,-29.337692
2010-05-28 01:34:00+00:00,-28.486771
2010-05-28 01:35:00+00:00,-28.293905
2010-05-28 01:36:00+00:00,-27.981205
2010-05-28 01:37:00+00:00,-27.816618
2010-05-28 01:38:00+00:00,-31.424738
2010-05-28 01:39:00+00:00,-34.922802
2010-05-28 01:40:00+00:00,-34.669563
2010-05-28 01:41:00+00:00,-37.576168
2010-05-28 01:42:00+00:00,-39.853535
2010-05-28 01:43:00+00:00,-39.404018
2010-05-28 01:44:00+00:00,-38.201271
2010-05-28 01:45:00+00:00,-38.204735
2010-05-28 01:46:00+00:00,-36.464714
2010-05-28 01:47:00+00:00,-34.810318
2010-05-28 01:48:00+00:00,-34.126831
2010-05-28 01:49:00+00:00,-32.859993
2010-05-28 01:50:00+00:00,-31.936108
2010-05-28 01:51:00+00:00,-33.467484
2010-05-28 01:52:00+00:00,-31.645073
2010-05-28 01:53:00+00:00,-33.419975
2010-05-28 01:54:00+00:00,-33.164791
2010-05-28 01:55:00+00:00,-33.003052
2010-05-28 01:56:00+00:00,-34.650635
2010-05-28 01:57:00+00:00,-35.963882
2010-05-28 01:58:00+00:00,-34.35545
2010-05-28 01:59:00+00:00,-35.780468
2010-05-28 02:00:00+00:00,-36.69537
2010-05-28 02:01:00+00:00,-35.068905
2010-05-28 02:02:00+00:00,-35.413227
2010-05-28 02:03:00+00:00,-34.037014
2010-05-28 02:04:00+00:00,-32.585644
2010-05-28 02:05:00+00:00,-32.609978
2010-05-28 02:06:00+00:00,-35.159832
2010-05-28 02:07:00+00:00,-34.023376
2010-05-28 02:08:00+00:00,-34.549595
2010-05-28 02:09:00+00:00,-34.137005
2010-05-28 02:10:00+00:00,-35.51609
2010-05-28 02:11:00+00:00,-34.583916
2010-05-28 02:12:00+00:00,-32.79052
2010-05-28 02:13:00+00:00,-32.571056
2010-05-28 02:14:00+00:00,-32.690765
2010-05-28 02:15:00+00:00,-32.975151
2010-05-28 02:16:00+00:00,-31.975592
2010-05-28 02:17:00+00:00,-33.166702
2010-05-28 02:18:00+00:00,-34.046162
2010-05-28 02:19:00+00:00,-35.134762
2010-05-28 02:20:00+00:00,-35.510254
2010-05-28 02:21:00+00:00,-37.806931
2010-05-28 02:22:00+00:00,-39.310078
2010-05-28 02:23:00+00:00,-38.912041
2010-05-28 02:24:00+00:00,-37.990875
2010-05-28 02:25:00+00:00,-36.371796
2010-05-28 02:26:00+00:00,-36.645287
2010-05-28 02:27:00+00:00,-35.476105
2010-05-28 02:28:00+00:00,-34.061188
2010-05-28 02:29:00+00:00,-31.536444
2010-05-28 02:30:00+00:00,-27.940632
2010-05-28 02:31:00+00:00,-26.754366
2010-05-28 02:32:00+00:00,-27.598064
2010-05-28 02:33:00+00:00,-27.951822
2010-05-28 02:34:00+00:00,-26.605904
2010-05-28 02:35:00+00:00,-27.977345
2010-05-28 02:36:00+00:00,-27.613018
2010-05-28 02:37:00+00:00,-28.361645
2010-05-28 02:38:00+00:00,-28.654705
2010-05-28 02:39:00+00:00,-28.21591
2010-05-28 02:40:00+00:00,-35.152809
2010-05-28 02:41:00+00:00,-41.333797
2010-05-28 02:42:00+00:00,-41.90398
2010-05-28 02:43:00+00:00,-48.791813
2010-05-28 02:44:00+00:00,-48.143055
2010-05-28 02:45:00+00:00,-43.925072
2010-05-28 02:46:00+00:00,-102.032425
2010-05-28 02:47:00+00:00,-101.942162
2010-06-04 00:00:00+00:00,-502.383575
2010-06-04 00:01:00+00:00,-557.483887
2010-06-04 00:02:00+00:00,-558.261597
2010-06-04 00:03:00+00:00,-488.946228
2010-06-04 00:04:00+00:00,-477.461151
2010-06-04 00:05:00+00:00,-430.595154
2010-06-04 00:06:00+00:00,-430.19342
2010-06-04 00:07:00+00:00,-432.556732
2010-06-04 00:08:00+00:00,-475.877808
2010-06-04 00:09:00+00:00,-510.327606
2010-06-04 00:10:00+00:00,-561.13623
2010-06-04 00:11:00+00:00,-655.271606
2010-06-04 00:12:00+00:00,-707.959351
2010-06-04 00:13:00+00:00,-632.200378
2010-06-04 00:14:00+00:00,-648.453796
2010-06-04 00:15:00+00:00,-685.000488
2010-06-04 00:16:00+00:00,-638.021179
2010-06-04 00:17:00+00:00,-560.546631
2010-06-04 00:18:00+00:00,-582.616089
2010-06-04 00:19:00+00:00,-642.721924
2010-06-04 00:20:00+00:00,-599.937317
2010-06-04 00:21:00+00:00,-597.561768
2010-06-04 00:22:00+00:00,-627.136353
2010-06-04 00:23:00+00:00,-683.242371
2010-06-04 00:24:00+00:00,-727.348816
2010-06-04 00:25:00+00:00,-750.403564
2010-06-04 00:26:00+00:00,-771.473022
2010-06-04 00:27:00+00:00,-612.741211
2010-06-04 00:28:00+00:00,-659.876038
2010-06-04 00:29:00+00:00,-753.273315
2010-06-04 00:30:00+00:00,-808.207703
2010-06-04 00:31:00+00:00,-908.948364
2010-06-04 00:32:00+00:00,-879.201965
2010-06-04 00:33:00+00:00,-845.434021
2010-06-04 00:34:00+00:00,-873.529541
2010-06-04 00:35:00+00:00,-868.607422
2010-06-04 00:36:00+00:00,-829.691772
2010-06-04 00:37:00+00:00,-834.990295
2010-06-04 00:38:00+00:00,-829.545959
2010-06-04 00:39:00+00:00,-856.709045
2010-06-04 00:40:00+00:00,-837.180298
2010-06-04 00:41:00+00:00,-840.984924
2010-06-04 00:42:00+00:00,-871.246277
2010-06-04 00:43:00+00:00,-922.807007
2010-06-04 00:44:00+00:00,-946.186646
2010-06-04 00:45:00+00:00,-978.238342
2010-06-04 00:46:00+00:00,-977.470825
2010-06-04 00:47:00+00:00,-904.543152
2010-06-04 00:48:00+00:00,-889.262695
2010-06-04 00:49:00+00:00,-887.769287
2010-06-04 00:50:00+00:00,-876.396912
2010-06-04 00:51:00+00:00,-895.575195
2010-06-04 00:52:00+00:00,-869.589417
2010-06-04 00:53:00+00:00,-850.551147
2010-06-04 00:54:00+00:00,-868.253723
2010-06-04 00:55:00+00:00,-831.887573
2010-06-04 00:56:00+00:00,-833.268982
2010-06-04 00:57:00+00:00,-855.913452
2010-06-04 00:58:00+00:00,-846.395935
2010-06-04 00:59:00+00:00,-808.528259
2010-06-04 01:00:00+00:00,-784.265015
2010-06-04 01:01:00+00:00,-744.893494
2010-06-04 01:02:00+00:00,-743.522888
2010-06-04 01:03:00+00:00,-808.130249
2010-06-04 01:04:00+00:00,-872.174805
2010-06-04 01:05:00+00:00,-936.740662
2010-06-04 01:06:00+00:00,-978.024963
2010-06-04 01:07:00+00:00,-966.565979
2010-06-04 01:08:00+00:00,-940.05658
2010-06-04 01:09:00+00:00,-914.19519
2010-06-04 01:10:00+00:00,-851.694885
2010-06-04 01:11:00+00:00,-800.082397
2010-06-04 01:12:00+00:00,-748.476746
2010-06-04 01:13:00+00:00,-818.283936
2010-06-04 01:14:00+00:00,-859.437256
2010-06-04 01:15:00+00:00,-816.704895
2010-06-04 01:16:00+00:00,-753.280579
2010-06-04 01:17:00+00:00,-726.324707
2010-06-04 01:18:00+00:00,-703.513123
2010-06-04 01:19:00+00:00,-725.721436
2010-06-04 01:20:00+00:00,-698.94928
2010-06-04 01:21:00+00:00,-663.133179
2010-06-04 01:22:00+00:00,-655.266785
2010-06-04 01:23:00+00:00,-681.377197
2010-06-04 01:24:00+00:00,-691.482544
2010-06-04 01:25:00+00:00,-673.589233
2010-06-04 01:26:00+00:00,-615.761414
2010-06-04 01:27:00+00:00,-609.8526
2010-06-04 01:28:00+00:00,-638.439941
2010-06-04 01:29:00+00:00,-626.015747
2010-06-04 01:30:00+00:00,-631.512878
2010-06-04 01:31:00+00:00,-644.534302
2010-06-04 01:32:00+00:00,-635.401733
2010-06-04 01:33:00+00:00,-630.117188
2010-06-04 01:34:00+00:00,-618.700745
2010-06-04 01:35:00+00:00,-642.488525
2010-06-04 01:36:00+00:00,-674.30365
2010-06-04 01:37:00+00:00,-711.049683
2010-06-04 01:38:00+00:00,-714.74176
2010-06-04 01:39:00+00:00,-685.581177
2010-06-04 01:40:00+00:00,-647.307373
2010-06-04 01:41:00+00:00,-603.448242
2010-06-04 01:42:00+00:00,-576.990234
2010-06-04 01:43:00+00:00,-535.991882
2010-06-04 01:44:00+00:00,-522.978027
2010-06-04 01:45:00+00:00,-536.294556
2010-06-04 01:46:00+00:00,-587.149658
2010-06-04 01:47:00+00:00,-623.91333
2010-06-04 01:48:00+00:00,-636.846375
2010-06-04 01:49:00+00:00,-607.799194
2010-06-04 01:50:00+00:00,-580.102844
2010-06-04 01:51:00+00:00,-546.98291
2010-06-04 01:52:00+00:00,-534.133789
2010-06-04 01:53:00+00:00,-509.26828
2010-06-04 01:54:00+00:00,-466.275024
2010-06-04 01:55:00+00:00,-449.008392
2010-06-04 01:56:00+00:00,-443.668976
2010-06-04 01:57:00+00:00,-457.66156
2010-06-04 01:58:00+00:00,-452.074249
2010-06-04 01:59:00+00:00,-457.930023
2010-06-04 02:00:00+00:00,-487.098602
2010-06-04 02:01:00+00:00,-459.715332
2010-06-04 02:02:00+00:00,-464.393463
2010-06-04 02:03:00+00:00,-479.232239
2010-06-04 02:04:00+00:00,-460.57074
2010-06-04 02:05:00+00:00,-495.693665
2010-06-04 02:06:00+00:00,-512.510071
2010-06-04 02:07:00+00:00,-470.571777
2010-06-04 02:08:00+00:00,-458.677673
2010-06-04 02:09:00+00:00,-491.557281
2010-06-04 02:10:00+00:00,-496.586548
2010-06-04 02:11:00+00:00,-479.112213
2010-06-04 02:12:00+00:00,-477.94989
2010-06-04 02:13:00+00:00,-505.033051
2010-06-04 02:14:00+00:00,-467.896759
2010-06-04 02:15:00+00:00,-445.444
2010-06-04 02:16:00+00:00,-439.30368
2010-06-04 02:17:00+00:00,-479.88855
2010-06-04 02:18:00+00:00,-508.681641
2010-06-04 02:19:00+00:00,-517.499573
2010-06-04 02:20:00+00:00,-525.356506
2010-06-04 02:21:00+00:00,-505.177612
2010-06-04 02:22:00+00:00,-483.063263
2010-06-04 02:23:00+00:00,-463.90567
2010-06-04 02:24:00+00:00,-445.774872
2010-06-04 02:25:00+00:00,-435.669952
2010-06-04 02:26:00+00:00,-418.609619
2010-06-04 02:27:00+00:00,-427.490265
2010-06-04 02:28:00+00:00,-431.463684
2010-06-04 02:29:00+00:00,-424.298828
2010-06-04 02:30:00+00:00,-419.183563
2010-06-04 02:31:00+00:00,-439.077026
2010-06-04 02:32:00+00:00,-449.968811
2010-06-04 02:33:00+00:00,-449.780273
2010-06-04 02:34:00+00:00,-447.550171
2010-06-04 02:35:00+00:00,-423.332703
2010-06-04 02:36:00+00:00,-406.191589
2010-06-04 02:37:00+00:00,-381.128448
2010-06-04 02:38:00+00:00,-371.702881
2010-06-04 02:39:00+00:00,-382.622925
2010-06-04 02:40:00+00:00,-352.799561
2010-06-04 02:41:00+00:00,-335.753326
2010-06-04 02:42:00+00:00,-321.197998
2010-06-04 02:43:00+00:00,-319.43338
2010-06-04 02:44:00+00:00,-314.553589
2010-06-04 02:45:00+00:00,-301.13797
2010-06-04 02:46:00+00:00,-285.15564
2010-06-04 02:47:00+00:00,-272.091583
2010-06-11 00:00:00+00:00,-155.308197
2010-06-11 00:01:00+00:00,-119.802292
2010-06-11 00:02:00+00:00,-94.760826
2010-06-11 00:03:00+00:00,-98.240295
2010-06-11 00:04:00+00:00,-108.184731
2010-06-11 00:05:00+00:00,-97.666092
2010-06-11 00:06:00+00:00,-100.251938
2010-06-11 00:07:00+00:00,-105.834709
2010-06-11 00:08:00+00:00,-112.645256
2010-06-11 00:09:00+00:00,-113.773582
2010-06-11 00:10:00+00:00,-105.658707
2010-06-11 00:11:00+00:00,-104.03772
2010-06-11 00:12:00+00:00,-105.94796
2010-06-11 00:13:00+00:00,-112.672157
2010-06-11 00:14:00+00:00,-120.231705
2010-06-11 00:15:00+00:00,-118.543671
2010-06-11 00:16:00+00:00,-117.771988
2010-06-11 00:17:00+00:00,-119.427597
2010-06-11 00:18:00+00:00,-127.829941
2010-06-11 00:19:00+00:00,-136.569382
2010-06-11 00:20:00+00:00,-147.560577
2010-06-11 00:21:00+00:00,-142.840179
2010-06-11 00:22:00+00:00,-135.105408
2010-06-11 00:23:00+00:00,-133.957443
2010-06-11 00:24:00+00:00,-144.345184
2010-06-11 00:25:00+00:00,-159.80632
2010-06-11 00:26:00+00:00,-168.01564
2010-06-11 00:27:00+00:00,-170.556076
2010-06-11 00:28:00+00:00,-162.167831
2010-06-11 00:29:00+00:00,-162.402634
2010-06-11 00:30:00+00:00,-163.348328
2010-06-11 00:31:00+00:00,-171.724686
2010-06-11 00:32:00+00:00,-176.800293
2010-06-11 00:33:00+00:00,-175.853104
2010-06-11 00:34:00+00:00,-175.600845
2010-06-11 00:35:00+00:00,-182.367691
2010-06-11 00:36:00+00:00,-194.449509
2010-06-11 00:37:00+00:00,-198.083572
2010-06-11 00:38:00+00:00,-198.38974
2010-06-11 00:39:00+00:00,-199.29808
2010-06-11 00:40:00+00:00,-197.993896
2010-06-11 00:41:00+00:00,-199.917572
2010-06-11 00:42:00+00:00,-198.266327
2010-06-11 00:43:00+00:00,-199.113388
2010-06-11 00:44:00+00:00,-201.944046
2010-06-11 00:45:00+00:00,-200.710403
2010-06-11 00:46:00+00:00,-203.472855
2010-06-11 00:47:00+00:00,-205.547058
2010-06-11 00:48:00+00:00,-205.271698
2010-06-11 00:49:00+00:00,-200.997314
2010-06-11 00:50:00+00:00,-197.994385
2010-06-11 00:51:00+00:00,-193.642761
2010-06-11 00:52:00+00:00,-188.459976
2010-06-11 00:53:00+00:00,-185.63176
2010-06-11 00:54:00+00:00,-178.654297
2010-06-11 00:55:00+00:00,-185.679916
2010-06-11 00:56:00+00:00,-194.461136
2010-06-11 00:57:00+00:00,-201.943222
2010-06-11 00:58:00+00:00,-202.298981
2010-06-11 00:59:00+00:00,-199.027405
2010-06-11 01:00:00+00:00,-193.062057
2010-06-11 01:01:00+00:00,-182.907745
2010-06-11 01:02:00+00:00,-181.3591
2010-06-11 01:03:00+00:00,-176.265488
2010-06-11 01:04:00+00:00,-173.737244
2010-06-11 01:05:00+00:00,-174.887665
2010-06-11 01:06:00+00:00,-174.499939
2010-06-11 01:07:00+00:00,-171.342636
2010-06-11 01:08:00+00:00,-168.436981
2010-06-11 01:09:00+00:00,-161.169205
2010-06-11 01:10:00+00:00,-154.204086
2010-06-11 01:11:00+00:00,-150.303345
2010-06-11 01:12:00+00:00,-149.897659
2010-06-11 01:13:00+00:00,-147.718445
2010-06-11 01:14:00+00:00,-142.066513
2010-06-11 01:15:00+00:00,-138.937927
2010-06-11 01:16:00+00:00,-141.606857
2010-06-11 01:17:00+00:00,-140.549393
2010-06-11 01:18:00+00:00,-139.301407
2010-06-11 01:19:00+00:00,-140.389252
2010-06-11 01:20:00+00:00,-149.06488
2010-06-11 01:21:00+00:00,-190.584686
2010-06-11 01:22:00+00:00,-169.332962
2010-06-11 01:23:00+00:00,-151.089981
2010-06-11 01:24:00+00:00,-158.248596
2010-06-11 01:25:00+00:00,-159.464737
2010-06-11 01:26:00+00:00,-157.991287
2010-06-11 01:27:00+00:00,-158.164215
2010-06-11 01:28:00+00:00,-156.785263
2010-06-11 01:29:00+00:00,-153.566345
2010-06-11 01:30:00+00:00,-150.807266
2010-06-11 01:31:00+00:00,-149.775314
2010-06-11 01:32:00+00:00,-145.415466
2010-06-11 01:33:00+00:00,-145.605362
2010-06-11 01:34:00+00:00,-149.942749
2010-06-11 01:35:00+00:00,-161.652054
2010-06-11 01:36:00+00:00,-166.641159
2010-06-11 01:37:00+00:00,-170.914062
2010-06-11 01:38:00+00:00,-171.746582
2010-06-11 01:39:00+00:00,-164.710373
2010-06-11 01:40:00+00:00,-155.8508
2010-06-11 01:41:00+00:00,-156.463852
2010-06-11 01:42:00+00:00,-154.792786
2010-06-11 01:43:00+00:00,-154.214661
2010-06-11 01:44:00+00:00,-155.245163
2010-06-11 01:45:00+00:00,-158.653931
2010-06-11 01:46:00+00:00,-163.859146
2010-06-11 01:47:00+00:00,-165.001236
2010-06-11 01:48:00+00:00,-168.118546
2010-06-11 01:49:00+00:00,-171.780472
2010-06-11 01:50:00+00:00,-167.366028
2010-06-11 01:51:00+00:00,-159.533493
2010-06-11 01:52:00+00:00,-150.601334
2010-06-11 01:53:00+00:00,-142.346085
2010-06-11 01:54:00+00:00,-134.651443
2010-06-11 01:55:00+00:00,-128.996109
2010-06-11 01:56:00+00:00,-121.66629
2010-06-11 01:57:00+00:00,-118.855446
2010-06-11 01:58:00+00:00,-123.636902
2010-06-11 01:59:00+00:00,-124.945328
2010-06-11 02:00:00+00:00,-122.159706
2010-06-11 02:01:00+00:00,-121.603767
2010-06-11 02:02:00+00:00,-120.812592
2010-06-11 02:03:00+00:00,-115.24054
2010-06-11 02:04:00+00:00,-112.36911
2010-06-11 02:05:00+00:00,-111.916145
2010-06-11 02:06:00+00:00,-109.275261
2010-06-11 02:07:00+00:00,-104.982651
2010-06-11 02:08:00+00:00,-103.362671
2010-06-11 02:09:00+00:00,-102.338074
2010-06-11 02:10:00+00:00,-101.891418
2010-06-11 02:11:00+00:00,-101.390938
2010-06-11 02:12:00+00:00,-100.693138
2010-06-11 02:13:00+00:00,-102.024643
2010-06-11 02:14:00+00:00,-105.377701
2010-06-11 02:15:00+00:00,-109.027763
2010-06-11 02:16:00+00:00,-111.858765
2010-06-11 02:17:00+00:00,-111.73291
2010-06-11 02:18:00+00:00,-108.934517
2010-06-11 02:19:00+00:00,-103.064232
2010-06-11 02:20:00+00:00,-121.436668
2010-06-11 02:21:00+00:00,-118.728416
2010-06-11 02:22:00+00:00,-104.823425
2010-06-11 02:23:00+00:00,-109.828857
2010-06-11 02:24:00+00:00,-102.295967
2010-06-11 02:25:00+00:00,-91.428398
2010-06-11 02:26:00+00:00,-84.949684
2010-06-11 02:27:00+00:00,-84.274834
2010-06-11 02:28:00+00:00,-113.171387
2010-06-11 02:29:00+00:00,-116.413864
2010-06-11 02:30:00+00:00,-106.910988
2010-06-11 02:31:00+00:00,-100.900604
2010-06-11 02:32:00+00:00,-77.042015
2010-06-11 02:33:00+00:00,-70.162712
2010-06-11 02:34:00+00:00,-64.998604
2010-06-11 02:35:00+00:00,-63.650307
2010-06-11 02:36:00+00:00,-63.442047
2010-06-11 02:37:00+00:00,-63.195145
2010-06-11 02:38:00+00:00,-60.565342
2010-06-11 02:39:00+00:00,-60.366219
2010-06-11 02:40:00+00:00,-63.546459
2010-06-11 02:41:00+00:00,-63.741882
2010-06-11 02:42:00+00:00,-56.802059
2010-06-11 02:43:00+00:00,-54.831528
2010-06-11 02:44:00+00:00,-55.492409
2010-06-11 02:45:00+00:00,-57.731995
2010-06-11 02:46:00+00:00,-57.489361
2010-06-11 02:47:00+00:00,-58.876663
2010-06-18 00:00:00+00:00,-36.174301
2010-06-18 00:01:00+00:00,-38.204063
2010-06-18 00:02:00+00:00,-38.1092
2010-06-18 00:03:00+00:00,-39.792625
2010-06-18 00:04:00+00:00,-40.076576
2010-06-18 00:05:00+00:00,-37.86335
2010-06-18 00:06:00+00:00,-37.455658
2010-06-18 00:07:00+00:00,-38.117126
2010-06-18 00:08:00+00:00,-39.998932
2010-06-18 00:09:00+00:00,-41.675594
2010-06-18 00:10:00+00:00,-42.941822
2010-06-18 00:11:00+00:00,-42.999729
2010-06-18 00:12:00+00:00,-42.953766
2010-06-18 00:13:00+00:00,-43.562691
2010-06-18 00:14:00+00:00,-42.654594
2010-06-18 00:15:00+00:00,-43.970646
2010-06-18 00:16:00+00:00,-48.636776
2010-06-18 00:17:00+00:00,-51.960609
2010-06-18 00:18:00+00:00,-49.977234
2010-06-18 00:19:00+00:00,-45.941505
2010-06-18 00:20:00+00:00,-45.447128
2010-06-18 00:21:00+00:00,-48.375908
2010-06-18 00:22:00+00:00,-50.844017
2010-06-18 00:23:00+00:00,-48.721588
2010-06-18 00:24:00+00:00,-45.60968
2010-06-18 00:25:00+00:00,-45.629547
2010-06-18 00:26:00+00:00,-52.031975
2010-06-18 00:27:00+00:00,-53.949139
2010-06-18 00:28:00+00:00,-51.224754
2010-06-18 00:29:00+00:00,-49.215446
2010-06-18 00:30:00+00:00,-48.975212
2010-06-18 00:31:00+00:00,-49.391613
2010-06-18 00:32:00+00:00,-56.672649
2010-06-18 00:33:00+00:00,-58.094273
2010-06-18 00:34:00+00:00,-61.480698
2010-06-18 00:35:00+00:00,-59.318245
2010-06-18 00:36:00+00:00,-57.11961
2010-06-18 00:37:00+00:00,-60.237324
2010-06-18 00:38:00+00:00,-64.211006
2010-06-18 00:39:00+00:00,-66.591278
2010-06-18 00:40:00+00:00,-58.527134
2010-06-18 00:41:00+00:00,-56.796825
2010-06-18 00:42:00+00:00,-53.732727
2010-06-18 00:43:00+00:00,-53.985115
2010-06-18 00:44:00+00:00,-57.222828
2010-06-18 00:45:00+00:00,-56.027786
2010-06-18 00:46:00+00:00,-50.225384
2010-06-18 00:47:00+00:00,-45.841248
2010-06-18 00:48:00+00:00,-43.217384
2010-06-18 00:49:00+00:00,-45.89571
2010-06-18 00:50:00+00:00,-50.004421
2010-06-18 00:51:00+00:00,-53.685272
2010-06-18 00:52:00+00:00,-48.333763
2010-06-18 00:53:00+00:00,-43.1371
2010-06-18 00:54:00+00:00,-46.871346
2010-06-18 00:55:00+00:00,-46.266457
2010-06-18 00:56:00+00:00,-45.973686
2010-06-18 00:57:00+00:00,-45.506599
2010-06-18 00:58:00+00:00,-41.008644
2010-06-18 00:59:00+00:00,-38.800018
2010-06-18 01:00:00+00:00,-40.792725
2010-06-18 01:01:00+00:00,-42.763119
2010-06-18 01:02:00+00:00,-42.168732
2010-06-18 01:03:00+00:00,-45.266411
2010-06-18 01:04:00+00:00,-48.342937
2010-06-18 01:05:00+00:00,-51.594734
2010-06-18 01:06:00+00:00,-53.407944
2010-06-18 01:07:00+00:00,-57.92033
2010-06-18 01:08:00+00:00,-59.674484
2010-06-18 01:09:00+00:00,-60.5541
2010-06-18 01:10:00+00:00,-61.326412
2010-06-18 01:11:00+00:00,-57.388947
2010-06-18 01:12:00+00:00,-48.185108
2010-06-18 01:13:00+00:00,-44.226513
2010-06-18 01:14:00+00:00,-43.740112
2010-06-18 01:15:00+00:00,-42.118538
2010-06-18 01:16:00+00:00,-45.352135
2010-06-18 01:17:00+00:00,-46.777252
2010-06-18 01:18:00+00:00,-43.496883
2010-06-18 01:19:00+00:00,-46.190781
2010-06-18 01:20:00+00:00,-48.218369
2010-06-18 01:21:00+00:00,-49.060177
2010-06-18 01:22:00+00:00,-48.834026
2010-06-18 01:23:00+00:00,-52.595974
2010-06-18 01:24:00+00:00,-56.940765
2010-06-18 01:25:00+00:00,-55.53746
2010-06-18 01:26:00+00:00,-55.095032
2010-06-18 01:27:00+00:00,-56.653519
2010-06-18 01:28:00+00:00,-52.37698
2010-06-18 01:29:00+00:00,-56.051537
2010-06-18 01:30:00+00:00,-58.760197
2010-06-18 01:31:00+00:00,-65.099869
2010-06-18 01:32:00+00:00,-65.515755
2010-06-18 01:33:00+00:00,-73.684708
2010-06-18 01:34:00+00:00,-75.527603
2010-06-18 01:35:00+00:00,-77.464333
2010-06-18 01:36:00+00:00,-78.93824
2010-06-18 01:37:00+00:00,-80.399513
2010-06-18 01:38:00+00:00,-83.50058
2010-06-18 01:39:00+00:00,-90.718719
2010-06-18 01:40:00+00:00,-83.101891
2010-06-18 01:41:00+00:00,-80.837563
2010-06-18 01:42:00+00:00,-72.93354
2010-06-18 01:43:00+00:00,-77.166153
2010-06-18 01:44:00+00:00,-73.480713
2010-06-18 01:45:00+00:00,-72.167229
2010-06-18 01:46:00+00:00,-75.36055
2010-06-18 01:47:00+00:00,-69.264542
2010-06-18 01:48:00+00:00,-64.609764
2010-06-18 01:49:00+00:00,-57.564171
2010-06-18 01:50:00+00:00,-57.112591
2010-06-18 01:51:00+00:00,-58.847904
2010-06-18 01:52:00+00:00,-54.988762
2010-06-18 01:53:00+00:00,-52.704666
2010-06-18 01:54:00+00:00,-48.430237
2010-06-18 01:55:00+00:00,-52.100796
2010-06-18 01:56:00+00:00,-43.781387
2010-06-18 01:57:00+00:00,-44.796726
2010-06-18 01:58:00+00:00,-45.54282
2010-06-18 01:59:00+00:00,-46.819927
2010-06-18 02:00:00+00:00,-47.813061
2010-06-18 02:01:00+00:00,-47.454144
2010-06-18 02:02:00+00:00,-47.373032
2010-06-18 02:03:00+00:00,-48.638
2010-06-18 02:04:00+00:00,-48.963867
2010-06-18 02:05:00+00:00,-50.016598
2010-06-18 02:06:00+00:00,-51.087181
2010-06-18 02:07:00+00:00,-52.148232
2010-06-18 02:08:00+00:00,-52.314056
2010-06-18 02:09:00+00:00,-52.057003
2010-06-18 02:10:00+00:00,-52.708282
2010-06-18 02:11:00+00:00,-52.385044
2010-06-18 02:12:00+00:00,-53.51889
2010-06-18 02:13:00+00:00,-53.719166
2010-06-18 02:14:00+00:00,-54.552238
2010-06-18 02:15:00+00:00,-54.385258
2010-06-18 02:16:00+00:00,-53.09333
2010-06-18 02:17:00+00:00,-53.00024
2010-06-18 02:18:00+00:00,-53.352306
2010-06-18 02:19:00+00:00,-53.280346
2010-06-18 02:20:00+00:00,-52.620262
2010-06-18 02:21:00+00:00,-53.391556
2010-06-18 02:22:00+00:00,-53.553169
2010-06-18 02:23:00+00:00,-54.026226
2010-06-18 02:24:00+00:00,-53.995594
2010-06-18 02:25:00+00:00,-54.275097
2010-06-18 02:26:00+00:00,-54.929153
2010-06-18 02:27:00+00:00,-54.924526
2010-06-18 02:28:00+00:00,-55.015083
2010-06-18 02:29:00+00:00,-55.632427
2010-06-18 02:30:00+00:00,-55.717934
2010-06-18 02:31:00+00:00,-55.823883
2010-06-18 02:32:00+00:00,-55.841908
2010-06-18 02:33:00+00:00,-54.80764
2010-06-18 02:34:00+00:00,-55.432171
2010-06-18 02:35:00+00:00,-55.369957
2010-06-18 02:36:00+00:00,-55.441448
2010-06-18 02:37:00+00:00,-54.051136
2010-06-18 02:38:00+00:00,-54.499039
2010-06-18 02:39:00+00:00,-54.488132
2010-06-18 02:40:00+00:00,-59.983643
2010-06-18 02:41:00+00:00,-55.821899
2010-06-18 02:42:00+00:00,-53.182037
2010-06-18 02:43:00+00:00,-53.123512
2010-06-18 02:44:00+00:00,-62.674736
2010-06-18 02:45:00+00:00,-92.870499
2010-06-18 02:46:00+00:00,-98.628273
2010-06-18 02:47:00+00:00,-88.841698
2010-06-25 00:00:00+00:00,-56.571556
2010-06-25 00:01:00+00:00,-57.27597
2010-06-25 00:02:00+00:00,-57.689789
2010-06-25 00:03:00+00:00,-57.454956
2010-06-25 00:04:00+00:00,-57.375042
2010-06-25 00:05:00+00:00,-58.056358
2010-06-25 00:06:00+00:00,-58.713615
2010-06-25 00:07:00+00:00,-60.038071
2010-06-25 00:08:00+00:00,-62.352173
2010-06-25 00:09:00+00:00,-65.313446
2010-06-25 00:10:00+00:00,-68.58017
2010-06-25 00:11:00+00:00,-70.932495
2010-06-25 00:12:00+00:00,-71.681801
2010-06-25 00:13:00+00:00,-73.907051
2010-06-25 00:14:00+00:00,-76.827835
2010-06-25 00:15:00+00:00,-81.104172
2010-06-25 00:16:00+00:00,-85.244591
2010-06-25 00:17:00+00:00,-89.649635
2010-06-25 00:18:00+00:00,-92.248688
2010-06-25 00:19:00+00:00,-93.089455
2010-06-25 00:20:00+00:00,-92.935471
2010-06-25 00:21:00+00:00,-93.216286
2010-06-25 00:22:00+00:00,-94.194458
2010-06-25 00:23:00+00:00,-95.38269
2010-06-25 00:24:00+00:00,-96.411446
2010-06-25 00:25:00+00:00,-98.501389
2010-06-25 00:26:00+00:00,-98.863342
2010-06-25 00:27:00+00:00,-98.803787
2010-06-25 00:28:00+00:00,-96.1185
2010-06-25 00:29:00+00:00,-92.826874
2010-06-25 00:30:00+00:00,-89.916061
2010-06-25 00:31:00+00:00,-89.070023
2010-06-25 00:32:00+00:00,-86.055946
2010-06-25 00:33:00+00:00,-81.996979
2010-06-25 00:34:00+00:00,-79.920387
2010-06-25 00:35:00+00:00,-77.36219
2010-06-25 00:36:00+00:00,-78.685577
2010-06-25 00:37:00+00:00,-77.97834
2010-06-25 00:38:00+00:00,-76.112106
2010-06-25 00:39:00+00:00,-76.141212
2010-06-25 00:40:00+00:00,-75.165764
2010-06-25 00:41:00+00:00,-76.140747
2010-06-25 00:42:00+00:00,-73.621719
2010-06-25 00:43:00+00:00,-71.850769
2010-06-25 00:44:00+00:00,-73.172523
2010-06-25 00:45:00+00:00,-74.370094
2010-06-25 00:46:00+00:00,-73.437424
2010-06-25 00:47:00+00:00,-75.747673
2010-06-25 00:48:00+00:00,-81.210785
2010-06-25 00:49:00+00:00,-79.748528
2010-06-25 00:50:00+00:00,-78.17234
2010-06-25 00:51:00+00:00,-79.841484
2010-06-25 00:52:00+00:00,-81.135757
2010-06-25 00:53:00+00:00,-83.294266
2010-06-25 00:54:00+00:00,-80.910751
2010-06-25 00:55:00+00:00,-79.540741
2010-06-25 00:56:00+00:00,-76.249557
2010-06-25 00:57:00+00:00,-75.64534
2010-06-25 00:58:00+00:00,-75.840179
2010-06-25 00:59:00+00:00,-73.726242
2010-06-25 01:00:00+00:00,-70.557327
2010-06-25 01:01:00+00:00,-71.339935
2010-06-25 01:02:00+00:00,-72.547142
2010-06-25 01:03:00+00:00,-74.626846
2010-06-25 01:04:00+00:00,-74.669777
2010-06-25 01:05:00+00:00,-74.646553
2010-06-25 01:06:00+00:00,-71.90377
2010-06-25 01:07:00+00:00,-89.765129
2010-06-25 01:08:00+00:00,-190.947174
2010-06-25 01:09:00+00:00,-146.54808
2010-06-25 01:10:00+00:00,-188.420639
2010-06-25 01:11:00+00:00,-247.188843
2010-06-25 01:12:00+00:00,-209.927521
2010-06-25 01:13:00+00:00,-253.251923
2010-06-25 01:14:00+00:00,-304.305511
2010-06-25 01:15:00+00:00,-246.750336
2010-06-25 01:16:00+00:00,-263.191803
2010-06-25 01:17:00+00:00,-274.711792
2010-06-25 01:18:00+00:00,-284.67099
2010-06-25 01:19:00+00:00,-257.694489
2010-06-25 01:20:00+00:00,-266.184631
2010-06-25 01:21:00+00:00,-289.192047
2010-06-25 01:22:00+00:00,-283.141571
2010-06-25 01:23:00+00:00,-289.114075
2010-06-25 01:24:00+00:00,-279.091248
2010-06-25 01:25:00+00:00,-269.077759
2010-06-25 01:26:00+00:00,-262.071655
2010-06-25 01:27:00+00:00,-256.065063
2010-06-25 01:28:00+00:00,-251.05603
2010-06-25 01:29:00+00:00,-277.05426
2010-06-25 01:30:00+00:00,-287.042175
2010-06-25 01:31:00+00:00,-257.033325
2010-06-25 01:32:00+00:00,-254.041092
2010-06-25 01:33:00+00:00,-265.066193
2010-06-25 01:34:00+00:00,-269.04422
2010-06-25 01:35:00+00:00,-267.024902
2010-06-25 01:36:00+00:00,-284.003601
2010-06-25 01:37:00+00:00,-273.985596
2010-06-25 01:38:00+00:00,-266.975067
2010-06-25 01:39:00+00:00,-259.212433
2010-06-25 01:40:00+00:00,-261.003967
2010-06-25 01:41:00+00:00,-256.895325
2010-06-25 01:42:00+00:00,-253.477264
2010-06-25 01:43:00+00:00,-248.756668
2010-06-25 01:44:00+00:00,-245.428864
2010-06-25 01:45:00+00:00,-238.633484
2010-06-25 01:46:00+00:00,-234.794662
2010-06-25 01:47:00+00:00,-232.127609
2010-06-25 01:48:00+00:00,-233.987167
2010-06-25 01:49:00+00:00,-231.361618
2010-06-25 01:50:00+00:00,-234.930649
2010-06-25 01:51:00+00:00,-235.045837
2010-06-25 01:52:00+00:00,-232.603668
2010-06-25 01:53:00+00:00,-231.400009
2010-06-25 01:54:00+00:00,-226.619492
2010-06-25 01:55:00+00:00,-220.525803
2010-06-25 01:56:00+00:00,-218.130646
2010-06-25 01:57:00+00:00,-211.466278
2010-06-25 01:58:00+00:00,-203.161606
2010-06-25 01:59:00+00:00,-197.378738
2010-06-25 02:00:00+00:00,-188.356949
2010-06-25 02:01:00+00:00,-183.537048
2010-06-25 02:02:00+00:00,-180.484253
2010-06-25 02:03:00+00:00,-173.889557
2010-06-25 02:04:00+00:00,-177.430725
2010-06-25 02:05:00+00:00,-175.35289
2010-06-25 02:06:00+00:00,-172.436371
2010-06-25 02:07:00+00:00,-171.835434
2010-06-25 02:08:00+00:00,-166.774902
2010-06-25 02:09:00+00:00,-159.647003
2010-06-25 02:10:00+00:00,-154.511536
2010-06-25 02:11:00+00:00,-147.445663
2010-06-25 02:12:00+00:00,-146.721878
2010-06-25 02:13:00+00:00,-141.452484
2010-06-25 02:14:00+00:00,-136.604309
2010-06-25 02:15:00+00:00,-131.053345
2010-06-25 02:16:00+00:00,-130.743713
2010-06-25 02:17:00+00:00,-126.163101
2010-06-25 02:18:00+00:00,-144.535782
2010-06-25 02:19:00+00:00,-127.148682
2010-06-25 02:20:00+00:00,-124.623276
2010-06-25 02:21:00+00:00,-135.986465
2010-06-25 02:22:00+00:00,-134.533722
2010-06-25 02:23:00+00:00,-140.515167
2010-06-25 02:24:00+00:00,-121.288353
2010-06-25 02:25:00+00:00,-98.821396
2010-06-25 02:26:00+00:00,-95.193268
2010-06-25 02:27:00+00:00,-93.645882
2010-06-25 02:28:00+00:00,-93.193817
2010-06-25 02:29:00+00:00,-91.663269
2010-06-25 02:30:00+00:00,-87.341362
2010-06-25 02:31:00+00:00,-87.804207
2010-06-25 02:32:00+00:00,-90.100906
2010-06-25 02:33:00+00:00,-90.666603
2010-06-25 02:34:00+00:00,-89.948616
2010-06-25 02:35:00+00:00,-89.355194
2010-06-25 02:36:00+00:00,-92.323891
2010-06-25 02:37:00+00:00,-91.204361
2010-06-25 02:38:00+00:00,-85.185104
2010-06-25 02:39:00+00:00,-80.293549
2010-06-25 02:40:00+00:00,-77.139122
2010-06-25 02:41:00+00:00,-75.444534
2010-06-25 02:42:00+00:00,-76.047714
2010-06-25 02:43:00+00:00,-74.863762
2010-06-25 02:44:00+00:00,-73.673973
2010-06-25 02:45:00+00:00,-72.035049
2010-06-25 02:46:00+00:00,-71.743629
2010-06-25 02:47:00+00:00,-75.000488
2010-07-02 00:00:00+00:00,-262.649811
2010-07-02 00:01:00+00:00,-250.469116
2010-07-02 00:02:00+00:00,-254.301102
2010-07-02 00:03:00+00:00,-260.174622
2010-07-02 00:04:00+00:00,-244.666809
2010-07-02 00:05:00+00:00,-225.950516
2010-07-02 00:06:00+00:00,-227.421524
2010-07-02 00:07:00+00:00,-220.163467
2010-07-02 00:08:00+00:00,-237.0103
2010-07-02 00:09:00+00:00,-246.830551
2010-07-02 00:10:00+00:00,-270.559814
2010-07-02 00:11:00+00:00,-278.311554
2010-07-02 00:12:00+00:00,-284.085876
2010-07-02 00:13:00+00:00,-290.881012
2010-07-02 00:14:00+00:00,-289.680481
2010-07-02 00:15:00+00:00,-291.475677
2010-07-02 00:16:00+00:00,-294.269623
2010-07-02 00:17:00+00:00,-296.072327
2010-07-02 00:18:00+00:00,-294.870239
2010-07-02 00:19:00+00:00,-289.672272
2010-07-02 00:20:00+00:00,-289.477631
2010-07-02 00:21:00+00:00,-296.285461
2010-07-02 00:22:00+00:00,-280.096924
2010-07-02 00:23:00+00:00,-251.894791
2010-07-02 00:24:00+00:00,-242.70517
2010-07-02 00:25:00+00:00,-228.516693
2010-07-02 00:26:00+00:00,-199.480698
2010-07-02 00:27:00+00:00,-209.506027
2010-07-02 00:28:00+00:00,-203.918076
2010-07-02 00:29:00+00:00,-202.485443
2010-07-02 00:30:00+00:00,-192.340332
2010-07-02 00:31:00+00:00,-185.763596
2010-07-02 00:32:00+00:00,-177.376129
2010-07-02 00:33:00+00:00,-169.247803
2010-07-02 00:34:00+00:00,-172.526978
2010-07-02 00:35:00+00:00,-172.001816
2010-07-02 00:36:00+00:00,-169.356918
2010-07-02 00:37:00+00:00,-167.008194
2010-07-02 00:38:00+00:00,-169.017792
2010-07-02 00:39:00+00:00,-173.771927
2010-07-02 00:40:00+00:00,-166.015839
2010-07-02 00:41:00+00:00,-162.650986
2010-07-02 00:42:00+00:00,-166.027145
2010-07-02 00:43:00+00:00,-172.01358
2010-07-02 00:44:00+00:00,-173.552811
2010-07-02 00:45:00+00:00,-173.494583
2010-07-02 00:46:00+00:00,-174.685608
2010-07-02 00:47:00+00:00,-177.348892
2010-07-02 00:48:00+00:00,-174.607513
2010-07-02 00:49:00+00:00,-173.082672
2010-07-02 00:50:00+00:00,-168.403442
2010-07-02 00:51:00+00:00,-165.291626
2010-07-02 00:52:00+00:00,-162.85675
2010-07-02 00:53:00+00:00,-160.304108
2010-07-02 00:54:00+00:00,-161.052612
2010-07-02 00:55:00+00:00,-162.855408
2010-07-02 00:56:00+00:00,-164.985107
2010-07-02 00:57:00+00:00,-165.84903
2010-07-02 00:58:00+00:00,-169.2491
2010-07-02 00:59:00+00:00,-178.878799
2010-07-02 01:00:00+00:00,-186.313461
2010-07-02 01:01:00+00:00,-192.715195
2010-07-02 01:02:00+00:00,-192.184891
2010-07-02 01:03:00+00:00,-192.064819
2010-07-02 01:04:00+00:00,-191.879425
2010-07-02 01:05:00+00:00,-190.380615
2010-07-02 01:06:00+00:00,-189.94339
2010-07-02 01:07:00+00:00,-188.364639
2010-07-02 01:08:00+00:00,-183.488831
2010-07-02 01:09:00+00:00,-189.478561
2010-07-02 01:10:00+00:00,-192.918518
2010-07-02 01:11:00+00:00,-195.907349
2010-07-02 01:12:00+00:00,-196.463593
2010-07-02 01:13:00+00:00,-195.874115
2010-07-02 01:14:00+00:00,-190.503464
2010-07-02 01:15:00+00:00,-192.718414
2010-07-02 01:16:00+00:00,-197.543808
2010-07-02 01:17:00+00:00,-196.677856
2010-07-02 01:18:00+00:00,-187.702301
2010-07-02 01:19:00+00:00,-184.32785
2010-07-02 01:20:00+00:00,-186.169525
2010-07-02 01:21:00+00:00,-188.05423
2010-07-02 01:22:00+00:00,-185.658508
2010-07-02 01:23:00+00:00,-190.073608
2010-07-02 01:24:00+00:00,-193.195358
2010-07-02 01:25:00+00:00,-191.214722
2010-07-02 01:26:00+00:00,-190.166656
2010-07-02 01:27:00+00:00,-186.432739
2010-07-02 01:28:00+00:00,-180.599701
2010-07-02 01:29:00+00:00,-175.080383
2010-07-02 01:30:00+00:00,-184.035614
2010-07-02 01:31:00+00:00,-201.555695
2010-07-02 01:32:00+00:00,-220.270752
2010-07-02 01:33:00+00:00,-241.008362
2010-07-02 01:34:00+00:00,-260.882935
2010-07-02 01:35:00+00:00,-259.631836
2010-07-02 01:36:00+00:00,-253.626282
2010-07-02 01:37:00+00:00,-260.474396
2010-07-02 01:38:00+00:00,-276.8237
2010-07-02 01:39:00+00:00,-276.020142
2010-07-02 01:40:00+00:00,-266.314941
2010-07-02 01:41:00+00:00,-264.623077
2010-07-02 01:42:00+00:00,-265.631012
2010-07-02 01:43:00+00:00,-261.225525
2010-07-02 01:44:00+00:00,-260.967804
2010-07-02 01:45:00+00:00,-274.626617
2010-07-02 01:46:00+00:00,-279.049072
2010-07-02 01:47:00+00:00,-271.298218
2010-07-02 01:48:00+00:00,-262.197998
2010-07-02 01:49:00+00:00,-256.977875
2010-07-02 01:50:00+00:00,-250.730011
2010-07-02 01:51:00+00:00,-247.994125
2010-07-02 01:52:00+00:00,-247.154831
2010-07-02 01:53:00+00:00,-251.097137
2010-07-02 01:54:00+00:00,-246.16272
2010-07-02 01:55:00+00:00,-244.19162
2010-07-02 01:56:00+00:00,-235.210281
2010-07-02 01:57:00+00:00,-234.195374
2010-07-02 01:58:00+00:00,-240.658737
2010-07-02 01:59:00+00:00,-243.016479
2010-07-02 02:00:00+00:00,-229.317871
2010-07-02 02:01:00+00:00,-234.041016
2010-07-02 02:02:00+00:00,-229.496918
2010-07-02 02:03:00+00:00,-210.782272
2010-07-02 02:04:00+00:00,-190.199265
2010-07-02 02:05:00+00:00,-192.892883
2010-07-02 02:06:00+00:00,-203.746277
2010-07-02 02:07:00+00:00,-220.903152
2010-07-02 02:08:00+00:00,-187.364655
2010-07-02 02:09:00+00:00,-242.757141
2010-07-02 02:10:00+00:00,-208.571823
2010-07-02 02:11:00+00:00,-157.140747
2010-07-02 02:12:00+00:00,-157.36496
2010-07-02 02:13:00+00:00,-159.431061
2010-07-02 02:14:00+00:00,-165.114655
2010-07-02 02:15:00+00:00,-169.009857
2010-07-02 02:16:00+00:00,-188.327682
2010-07-02 02:17:00+00:00,-181.144089
2010-07-02 02:18:00+00:00,-200.128464
2010-07-02 02:19:00+00:00,-205.544662
2010-07-02 02:20:00+00:00,-182.605621
2010-07-02 02:21:00+00:00,-183.081848
2010-07-02 02:22:00+00:00,-169.735046
2010-07-02 02:23:00+00:00,-154.721313
2010-07-02 02:24:00+00:00,-135.956879
2010-07-02 02:25:00+00:00,-129.897095
2010-07-02 02:26:00+00:00,-132.632645
2010-07-02 02:27:00+00:00,-125.615768
2010-07-02 02:28:00+00:00,-123.487213
2010-07-02 02:29:00+00:00,-127.750015
2010-07-02 02:30:00+00:00,-123.291
2010-07-02 02:31:00+00:00,-119.399414
2010-07-02 02:32:00+00:00,-147.328995
2010-07-02 02:33:00+00:00,-201.765656
2010-07-02 02:34:00+00:00,-211.737411
2010-07-02 02:35:00+00:00,-237.943405
2010-07-02 02:36:00+00:00,-239.343048
2010-07-02 02:37:00+00:00,-248.443893
2010-07-02 02:38:00+00:00,-244.005859
2010-07-02 02:39:00+00:00,-246.612411
2010-07-02 02:40:00+00:00,-237.607117
2010-07-02 02:41:00+00:00,-247.134216
2010-07-02 02:42:00+00:00,-251.131821
2010-07-02 02:43:00+00:00,-241.209702
2010-07-02 02:44:00+00:00,-231.87085
2010-07-02 02:45:00+00:00,-217.71553
2010-07-02 02:46:00+00:00,-211.111847
2010-07-02 02:47:00+00:00,-192.81218
2010-07-09 00:00:00+00:00,-110.628128
2010-07-09 00:01:00+00:00,-112.74324
2010-07-09 00:02:00+00:00,-110.900017
2010-07-09 00:03:00+00:00,-107.244911
2010-07-09 00:04:00+00:00,-104.357941
2010-07-09 00:05:00+00:00,-101.919731
2010-07-09 00:06:00+00:00,-103.809151
2010-07-09 00:07:00+00:00,-105.736107
2010-07-09 00:08:00+00:00,-106.960976
2010-07-09 00:09:00+00:00,-106.737305
2010-07-09 00:10:00+00:00,-107.328384
2010-07-09 00:11:00+00:00,-108.005646
2010-07-09 00:12:00+00:00,-108.171402
2010-07-09 00:13:00+00:00,-106.372482
2010-07-09 00:14:00+00:00,-105.444771
2010-07-09 00:15:00+00:00,-103.196533
2010-07-09 00:16:00+00:00,-100.56971
2010-07-09 00:17:00+00:00,-99.874512
2010-07-09 00:18:00+00:00,-100.574768
2010-07-09 00:19:00+00:00,-101.761238
2010-07-09 00:20:00+00:00,-102.378227
2010-07-09 00:21:00+00:00,-103.302643
2010-07-09 00:22:00+00:00,-105.174088
2010-07-09 00:23:00+00:00,-105.945328
2010-07-09 00:24:00+00:00,-106.062248
2010-07-09 00:25:00+00:00,-102.971771
2010-07-09 00:26:00+00:00,-96.790054
2010-07-09 00:27:00+00:00,-91.269989
2010-07-09 00:28:00+00:00,-84.434967
2010-07-09 00:29:00+00:00,-82.114044
2010-07-09 00:30:00+00:00,-82.686646
2010-07-09 00:31:00+00:00,-87.32531
2010-07-09 00:32:00+00:00,-92.145699
2010-07-09 00:33:00+00:00,-95.008804
2010-07-09 00:34:00+00:00,-99.032082
2010-07-09 00:35:00+00:00,-104.725266
2010-07-09 00:36:00+00:00,-109.675125
2010-07-09 00:37:00+00:00,-110.490059
2010-07-09 00:38:00+00:00,-106.134445
2010-07-09 00:39:00+00:00,-99.278122
2010-07-09 00:40:00+00:00,-93.777092
2010-07-09 00:41:00+00:00,-89.171371
2010-07-09 00:42:00+00:00,-84.416039
2010-07-09 00:43:00+00:00,-80.130226
2010-07-09 00:44:00+00:00,-78.226036
2010-07-09 00:45:00+00:00,-75.008636
2010-07-09 00:46:00+00:00,-73.958481
2010-07-09 00:47:00+00:00,-72.772354
2010-07-09 00:48:00+00:00,-70.376999
2010-07-09 00:49:00+00:00,-71.688431
2010-07-09 00:50:00+00:00,-69.352135
2010-07-09 00:51:00+00:00,-66.053673
2010-07-09 00:52:00+00:00,-65.297897
2010-07-09 00:53:00+00:00,-63.621376
2010-07-09 00:54:00+00:00,-68.51091
2010-07-09 00:55:00+00:00,-73.574547
2010-07-09 00:56:00+00:00,-79.895302
2010-07-09 00:57:00+00:00,-88.57663
2010-07-09 00:58:00+00:00,-91.375305
2010-07-09 00:59:00+00:00,-91.581306
2010-07-09 01:00:00+00:00,-90.55925
2010-07-09 01:01:00+00:00,-92.514511
2010-07-09 01:02:00+00:00,-94.564049
2010-07-09 01:03:00+00:00,-94.161011
2010-07-09 01:04:00+00:00,-93.515381
2010-07-09 01:05:00+00:00,-95.170151
2010-07-09 01:06:00+00:00,-97.516937
2010-07-09 01:07:00+00:00,-101.933693
2010-07-09 01:08:00+00:00,-101.23027
2010-07-09 01:09:00+00:00,-100.448151
2010-07-09 01:10:00+00:00,-99.315155
2010-07-09 01:11:00+00:00,-98.124283
2010-07-09 01:12:00+00:00,-96.628479
2010-07-09 01:13:00+00:00,-95.241821
2010-07-09 01:14:00+00:00,-95.823723
2010-07-09 01:15:00+00:00,-95.670303
2010-07-09 01:16:00+00:00,-93.431534
2010-07-09 01:17:00+00:00,-91.432869
2010-07-09 01:18:00+00:00,-89.774895
2010-07-09 01:19:00+00:00,-89.642212
2010-07-09 01:20:00+00:00,-91.653984
2010-07-09 01:21:00+00:00,-93.204758
2010-07-09 01:22:00+00:00,-94.317993
2010-07-09 01:23:00+00:00,-91.352303
2010-07-09 01:24:00+00:00,-90.351257
2010-07-09 01:25:00+00:00,-88.634422
2010-07-09 01:26:00+00:00,-87.883438
2010-07-09 01:27:00+00:00,-85.31514
2010-07-09 01:28:00+00:00,-82.233253
2010-07-09 01:29:00+00:00,-78.639748
2010-07-09 01:30:00+00:00,-77.103218
2010-07-09 01:31:00+00:00,-78.323357
2010-07-09 01:32:00+00:00,-79.731934
2010-07-09 01:33:00+00:00,-80.073074
2010-07-09 01:34:00+00:00,-77.804787
2010-07-09 01:35:00+00:00,-75.527664
2010-07-09 01:36:00+00:00,-72.621582
2010-07-09 01:37:00+00:00,-70.840454
2010-07-09 01:38:00+00:00,-69.143448
2010-07-09 01:39:00+00:00,-67.147354
2010-07-09 01:40:00+00:00,-65.860191
2010-07-09 01:41:00+00:00,-64.082733
2010-07-09 01:42:00+00:00,-60.230015
2010-07-09 01:43:00+00:00,-56.665321
2010-07-09 01:44:00+00:00,-55.599586
2010-07-09 01:45:00+00:00,-54.673622
2010-07-09 01:46:00+00:00,-50.070637
2010-07-09 01:47:00+00:00,-46.487118
2010-07-09 01:48:00+00:00,-45.229698
2010-07-09 01:49:00+00:00,-42.361851
2010-07-09 01:50:00+00:00,-40.979572
2010-07-09 01:51:00+00:00,-41.765652
2010-07-09 01:52:00+00:00,-43.048485
2010-07-09 01:53:00+00:00,-44.589581
2010-07-09 01:54:00+00:00,-43.674465
2010-07-09 01:55:00+00:00,-41.592823
2010-07-09 01:56:00+00:00,-41.84988
2010-07-09 01:57:00+00:00,-39.988411
2010-07-09 01:58:00+00:00,-39.42625
2010-07-09 01:59:00+00:00,-42.261127
2010-07-09 02:00:00+00:00,-49.171764
2010-07-09 02:01:00+00:00,-60.805733
2010-07-09 02:02:00+00:00,-93.044769
2010-07-09 02:03:00+00:00,-88.029488
2010-07-09 02:04:00+00:00,-104.690536
2010-07-09 02:05:00+00:00,-94.48983
2010-07-09 02:06:00+00:00,-102.35704
2010-07-09 02:07:00+00:00,-109.94352
2010-07-09 02:08:00+00:00,-126.169624
2010-07-09 02:09:00+00:00,-110.883118
2010-07-09 02:10:00+00:00,-125.141045
2010-07-09 02:11:00+00:00,-112.895554
2010-07-09 02:12:00+00:00,-119.341934
2010-07-09 02:13:00+00:00,-134.005585
2010-07-09 02:14:00+00:00,-120.964592
2010-07-09 02:15:00+00:00,-125.224396
2010-07-09 02:16:00+00:00,-95.173561
2010-07-09 02:17:00+00:00,-110.885757
2010-07-09 02:18:00+00:00,-111.439346
2010-07-09 02:19:00+00:00,-113.255959
2010-07-09 02:20:00+00:00,-113.951859
2010-07-09 02:21:00+00:00,-135.615921
2010-07-09 02:22:00+00:00,-127.622147
2010-07-09 02:23:00+00:00,-135.106903
2010-07-09 02:24:00+00:00,-130.475174
2010-07-09 02:25:00+00:00,-127.58989
2010-07-09 02:26:00+00:00,-119.288918
2010-07-09 02:27:00+00:00,-124.60154
2010-07-09 02:28:00+00:00,-134.484787
2010-07-09 02:29:00+00:00,-135.76384
2010-07-09 02:30:00+00:00,-131.782166
2010-07-09 02:31:00+00:00,-131.294312
2010-07-09 02:32:00+00:00,-149.253189
2010-07-09 02:33:00+00:00,-156.5504
2010-07-09 02:34:00+00:00,-155.23378
2010-07-09 02:35:00+00:00,-153.320908
2010-07-09 02:36:00+00:00,-152.687744
2010-07-09 02:37:00+00:00,-156.279587
2010-07-09 02:38:00+00:00,-159.393158
2010-07-09 02:39:00+00:00,-153.565887
2010-07-09 02:40:00+00:00,-155.273209
2010-07-09 02:41:00+00:00,-168.028748
2010-07-09 02:42:00+00:00,-174.414536
2010-07-09 02:43:00+00:00,-160.979416
2010-07-09 02:44:00+00:00,-166.341522
2010-07-09 02:45:00+00:00,-167.583771
2010-07-09 02:46:00+00:00,-166.604797
2010-07-09 02:47:00+00:00,-164.150574
2010-07-16 00:00:00+00:00,-33.127438
2010-07-16 00:01:00+00:00,-33.218769
2010-07-16 00:02:00+00:00,-33.001122
2010-07-16 00:03:00+00:00,-35.000717
2010-07-16 00:04:00+00:00,-34.356655
2010-07-16 00:05:00+00:00,-32.716694
2010-07-16 00:06:00+00:00,-32.471863
2010-07-16 00:07:00+00:00,-34.22332
2010-07-16 00:08:00+00:00,-37.644779
2010-07-16 00:09:00+00:00,-34.771564
2010-07-16 00:10:00+00:00,-32.302811
2010-07-16 00:11:00+00:00,-32.379421
2010-07-16 00:12:00+00:00,-32.634113
2010-07-16 00:13:00+00:00,-32.529751
2010-07-16 00:14:00+00:00,-31.988188
2010-07-16 00:15:00+00:00,-34.28791
2010-07-16 00:16:00+00:00,-31.492031
2010-07-16 00:17:00+00:00,-31.453176
2010-07-16 00:18:00+00:00,-31.215305
2010-07-16 00:19:00+00:00,-30.837961
2010-07-16 00:20:00+00:00,-30.646317
2010-07-16 00:21:00+00:00,-30.525112
2010-07-16 00:22:00+00:00,-30.159872
2010-07-16 00:23:00+00:00,-30.01763
2010-07-16 00:24:00+00:00,-31.122543
2010-07-16 00:25:00+00:00,-29.654642
2010-07-16 00:26:00+00:00,-29.574732
2010-07-16 00:27:00+00:00,-29.304375
2010-07-16 00:28:00+00:00,-29.110149
2010-07-16 00:29:00+00:00,-29.10531
2010-07-16 00:30:00+00:00,-28.932669
2010-07-16 00:31:00+00:00,-29.006062
2010-07-16 00:32:00+00:00,-28.971504
2010-07-16 00:33:00+00:00,-28.961775
2010-07-16 00:34:00+00:00,-28.963163
2010-07-16 00:35:00+00:00,-28.909229
2010-07-16 00:36:00+00:00,-28.718882
2010-07-16 00:37:00+00:00,-28.570797
2010-07-16 00:38:00+00:00,-28.48188
2010-07-16 00:39:00+00:00,-28.508064
2010-07-16 00:40:00+00:00,-28.501209
2010-07-16 00:41:00+00:00,-28.43784
2010-07-16 00:42:00+00:00,-28.29644
2010-07-16 00:43:00+00:00,-28.388494
2010-07-16 00:44:00+00:00,-28.45225
2010-07-16 00:45:00+00:00,-28.535875
2010-07-16 00:46:00+00:00,-28.483355
2010-07-16 00:47:00+00:00,-28.31356
2010-07-16 00:48:00+00:00,-28.082121
2010-07-16 00:49:00+00:00,-28.145447
2010-07-16 00:50:00+00:00,-27.975183
2010-07-16 00:51:00+00:00,-27.954105
2010-07-16 00:52:00+00:00,-27.724756
2010-07-16 00:53:00+00:00,-27.714165
2010-07-16 00:54:00+00:00,-27.602337
2010-07-16 00:55:00+00:00,-27.615139
2010-07-16 00:56:00+00:00,-27.620697
2010-07-16 00:57:00+00:00,-27.290855
2010-07-16 00:58:00+00:00,-27.102137
2010-07-16 00:59:00+00:00,-26.741032
2010-07-16 01:00:00+00:00,-26.773144
2010-07-16 01:01:00+00:00,-26.794973
2010-07-16 01:02:00+00:00,-26.77964
2010-07-16 01:03:00+00:00,-26.693924
2010-07-16 01:04:00+00:00,-26.460657
2010-07-16 01:05:00+00:00,-26.390364
2010-07-16 01:06:00+00:00,-26.411739
2010-07-16 01:07:00+00:00,-26.524761
2010-07-16 01:08:00+00:00,-26.308699
2010-07-16 01:09:00+00:00,-26.10788
2010-07-16 01:10:00+00:00,-25.903925
2010-07-16 01:11:00+00:00,-25.52396
2010-07-16 01:12:00+00:00,-25.151562
2010-07-16 01:13:00+00:00,-25.105068
2010-07-16 01:14:00+00:00,-25.229187
2010-07-16 01:15:00+00:00,-25.230085
2010-07-16 01:16:00+00:00,-25.190477
2010-07-16 01:17:00+00:00,-25.088024
2010-07-16 01:18:00+00:00,-24.804543
2010-07-16 01:19:00+00:00,-24.551926
2010-07-16 01:20:00+00:00,-24.492268
2010-07-16 01:21:00+00:00,-24.343317
2010-07-16 01:22:00+00:00,-24.328691
2010-07-16 01:23:00+00:00,-24.312664
2010-07-16 01:24:00+00:00,-24.285362
2010-07-16 01:25:00+00:00,-24.248768
2010-07-16 01:26:00+00:00,-24.113022
2010-07-16 01:27:00+00:00,-23.968924
2010-07-16 01:28:00+00:00,-23.61821
2010-07-16 01:29:00+00:00,-23.452465
2010-07-16 01:30:00+00:00,-23.432528
2010-07-16 01:31:00+00:00,-25.977024
2010-07-16 01:32:00+00:00,-24.757225
2010-07-16 01:33:00+00:00,-24.260822
2010-07-16 01:34:00+00:00,-24.514629
2010-07-16 01:35:00+00:00,-24.586388
2010-07-16 01:36:00+00:00,-24.427267
2010-07-16 01:37:00+00:00,-24.359531
2010-07-16 01:38:00+00:00,-24.181831
2010-07-16 01:39:00+00:00,-24.009735
2010-07-16 01:40:00+00:00,-23.982727
2010-07-16 01:41:00+00:00,-23.800997
2010-07-16 01:42:00+00:00,-23.90107
2010-07-16 01:43:00+00:00,-23.904036
2010-07-16 01:44:00+00:00,-23.871414
2010-07-16 01:45:00+00:00,-23.819544
2010-07-16 01:46:00+00:00,-23.739166
2010-07-16 01:47:00+00:00,-23.734524
2010-07-16 01:48:00+00:00,-23.584909
2010-07-16 01:49:00+00:00,-23.553015
2010-07-16 01:50:00+00:00,-23.379074
2010-07-16 01:51:00+00:00,-23.320896
2010-07-16 01:52:00+00:00,-23.599182
2010-07-16 01:53:00+00:00,-23.633484
2010-07-16 01:54:00+00:00,-23.410849
2010-07-16 01:55:00+00:00,-23.255136
2010-07-16 01:56:00+00:00,-23.195644
2010-07-16 01:57:00+00:00,-23.069283
2010-07-16 01:58:00+00:00,-22.841869
2010-07-16 01:59:00+00:00,-22.738987
2010-07-16 02:00:00+00:00,-22.744549
2010-07-16 02:01:00+00:00,-23.069376
2010-07-16 02:02:00+00:00,-22.850689
2010-07-16 02:03:00+00:00,-22.53381
2010-07-16 02:04:00+00:00,-22.356054
2010-07-16 02:05:00+00:00,-22.268604
2010-07-16 02:06:00+00:00,-22.096666
2010-07-16 02:07:00+00:00,-21.817791
2010-07-16 02:08:00+00:00,-21.888439
2010-07-16 02:09:00+00:00,-22.24239
2010-07-16 02:10:00+00:00,-22.472832
2010-07-16 02:11:00+00:00,-22.690134
2010-07-16 02:12:00+00:00,-23.025162
2010-07-16 02:13:00+00:00,-22.756248
2010-07-16 02:14:00+00:00,-22.553328
2010-07-16 02:15:00+00:00,-22.186243
2010-07-16 02:16:00+00:00,-22.274506
2010-07-16 02:17:00+00:00,-22.13192
2010-07-16 02:18:00+00:00,-22.156929
2010-07-16 02:19:00+00:00,-22.526308
2010-07-16 02:20:00+00:00,-22.803541
2010-07-16 02:21:00+00:00,-23.722038
2010-07-16 02:22:00+00:00,-24.073803
2010-07-16 02:23:00+00:00,-24.368834
2010-07-16 02:24:00+00:00,-24.434814
2010-07-16 02:25:00+00:00,-24.49757
2010-07-16 02:26:00+00:00,-24.540514
2010-07-16 02:27:00+00:00,-24.333187
2010-07-16 02:28:00+00:00,-24.310169
2010-07-16 02:29:00+00:00,-24.071083
2010-07-16 02:30:00+00:00,-23.873919
2010-07-16 02:31:00+00:00,-23.823767
2010-07-16 02:32:00+00:00,-23.912949
2010-07-16 02:33:00+00:00,-23.750837
2010-07-16 02:34:00+00:00,-23.76321
2010-07-16 02:35:00+00:00,-23.84362
2010-07-16 02:36:00+00:00,-23.967651
2010-07-16 02:37:00+00:00,-24.030807
2010-07-16 02:38:00+00:00,-24.195288
2010-07-16 02:39:00+00:00,-24.003864
2010-07-16 02:40:00+00:00,-23.976171
2010-07-16 02:41:00+00:00,-24.008686
2010-07-16 02:42:00+00:00,-23.983244
2010-07-16 02:43:00+00:00,-24.113708
2010-07-16 02:44:00+00:00,-24.193048
2010-07-16 02:45:00+00:00,-24.381435
2010-07-16 02:46:00+00:00,-24.728619
2010-07-16 02:47:00+00:00,-24.696547
2010-07-23 00:00:00+00:00,-26.351704
2010-07-23 00:01:00+00:00,-24.021168
2010-07-23 00:02:00+00:00,-21.901533
2010-07-23 00:03:00+00:00,-19.708153
2010-07-23 00:04:00+00:00,-17.230114
2010-07-23 00:05:00+00:00,-16.366762
2010-07-23 00:06:00+00:00,-15.968494
2010-07-23 00:07:00+00:00,-16.016035
2010-07-23 00:08:00+00:00,-15.883256
2010-07-23 00:09:00+00:00,-17.09911
2010-07-23 00:10:00+00:00,-16.943649
2010-07-23 00:11:00+00:00,-16.228065
2010-07-23 00:12:00+00:00,-16.47435
2010-07-23 00:13:00+00:00,-16.774813
2010-07-23 00:14:00+00:00,-16.887535
2010-07-23 00:15:00+00:00,-17.609955
2010-07-23 00:16:00+00:00,-18.201277
2010-07-23 00:17:00+00:00,-19.388779
2010-07-23 00:18:00+00:00,-21.703178
2010-07-23 00:19:00+00:00,-23.53064
2010-07-23 00:20:00+00:00,-23.76523
2010-07-23 00:21:00+00:00,-24.16398
2010-07-23 00:22:00+00:00,-25.711884
2010-07-23 00:23:00+00:00,-26.795183
2010-07-23 00:24:00+00:00,-28.214718
2010-07-23 00:25:00+00:00,-29.639507
2010-07-23 00:26:00+00:00,-30.203413
2010-07-23 00:27:00+00:00,-30.908455
2010-07-23 00:28:00+00:00,-31.25178
2010-07-23 00:29:00+00:00,-32.519588
2010-07-23 00:30:00+00:00,-32.504066
2010-07-23 00:31:00+00:00,-32.945801
2010-07-23 00:32:00+00:00,-31.316185
2010-07-23 00:33:00+00:00,-32.78125
2010-07-23 00:34:00+00:00,-35.097851
2010-07-23 00:35:00+00:00,-37.28651
2010-07-23 00:36:00+00:00,-37.829666
2010-07-23 00:37:00+00:00,-37.064251
2010-07-23 00:38:00+00:00,-37.189621
2010-07-23 00:39:00+00:00,-37.334454
2010-07-23 00:40:00+00:00,-36.774281
2010-07-23 00:41:00+00:00,-36.273762
2010-07-23 00:42:00+00:00,-36.980381
2010-07-23 00:43:00+00:00,-37.900986
2010-07-23 00:44:00+00:00,-38.430122
2010-07-23 00:45:00+00:00,-38.946865
2010-07-23 00:46:00+00:00,-40.557384
2010-07-23 00:47:00+00:00,-40.620239
2010-07-23 00:48:00+00:00,-39.230171
2010-07-23 00:49:00+00:00,-38.008289
2010-07-23 00:50:00+00:00,-37.228046
2010-07-23 00:51:00+00:00,-35.947079
2010-07-23 00:52:00+00:00,-34.849976
2010-07-23 00:53:00+00:00,-34.604916
2010-07-23 00:54:00+00:00,-35.519146
2010-07-23 00:55:00+00:00,-35.487404
2010-07-23 00:56:00+00:00,-34.749939
2010-07-23 00:57:00+00:00,-33.748177
2010-07-23 00:58:00+00:00,-35.055374
2010-07-23 00:59:00+00:00,-36.352211
2010-07-23 01:00:00+00:00,-36.999519
2010-07-23 01:01:00+00:00,-43.860302
2010-07-23 01:02:00+00:00,-47.035427
2010-07-23 01:03:00+00:00,-44.443771
2010-07-23 01:04:00+00:00,-42.793274
2010-07-23 01:05:00+00:00,-41.852417
2010-07-23 01:06:00+00:00,-41.483444
2010-07-23 01:07:00+00:00,-42.137455
2010-07-23 01:08:00+00:00,-40.136864
2010-07-23 01:09:00+00:00,-39.15023
2010-07-23 01:10:00+00:00,-37.96756
2010-07-23 01:11:00+00:00,-37.00975
2010-07-23 01:12:00+00:00,-37.113716
2010-07-23 01:13:00+00:00,-37.356609
2010-07-23 01:14:00+00:00,-36.688625
2010-07-23 01:15:00+00:00,-34.838665
2010-07-23 01:16:00+00:00,-33.033512
2010-07-23 01:17:00+00:00,-31.090921
2010-07-23 01:18:00+00:00,-30.869299
2010-07-23 01:19:00+00:00,-29.489737
2010-07-23 01:20:00+00:00,-24.85281
2010-07-23 01:21:00+00:00,-23.972349
2010-07-23 01:22:00+00:00,-23.728905
2010-07-23 01:23:00+00:00,-23.746286
2010-07-23 01:24:00+00:00,-23.541626
2010-07-23 01:25:00+00:00,-23.097092
2010-07-23 01:26:00+00:00,-22.430283
2010-07-23 01:27:00+00:00,-22.503132
2010-07-23 01:28:00+00:00,-22.10277
2010-07-23 01:29:00+00:00,-21.81613
2010-07-23 01:30:00+00:00,-21.636446
2010-07-23 01:31:00+00:00,-21.513079
2010-07-23 01:32:00+00:00,-21.669796
2010-07-23 01:33:00+00:00,-21.89658
2010-07-23 01:34:00+00:00,-21.695326
2010-07-23 01:35:00+00:00,-21.746643
2010-07-23 01:36:00+00:00,-22.397154
2010-07-23 01:37:00+00:00,-22.779615
2010-07-23 01:38:00+00:00,-23.480333
2010-07-23 01:39:00+00:00,-24.352932
2010-07-23 01:40:00+00:00,-25.342077
2010-07-23 01:41:00+00:00,-26.821733
2010-07-23 01:42:00+00:00,-27.992041
2010-07-23 01:43:00+00:00,-29.056068
2010-07-23 01:44:00+00:00,-29.942469
2010-07-23 01:45:00+00:00,-31.243654
2010-07-23 01:46:00+00:00,-31.913712
2010-07-23 01:47:00+00:00,-32.27779
2010-07-23 01:48:00+00:00,-31.143082
2010-07-23 01:49:00+00:00,-29.454985
2010-07-23 01:50:00+00:00,-27.894588
2010-07-23 01:51:00+00:00,-26.298748
2010-07-23 01:52:00+00:00,-25.752369
2010-07-23 01:53:00+00:00,-25.655653
2010-07-23 01:54:00+00:00,-25.984409
2010-07-23 01:55:00+00:00,-25.955229
2010-07-23 01:56:00+00:00,-26.201843
2010-07-23 01:57:00+00:00,-26.59334
2010-07-23 01:58:00+00:00,-27.11013
2010-07-23 01:59:00+00:00,-27.848837
2010-07-23 02:00:00+00:00,-38.741077
2010-07-23 02:01:00+00:00,-29.071592
2010-07-23 02:02:00+00:00,-29.657631
2010-07-23 02:03:00+00:00,-30.21287
2010-07-23 02:04:00+00:00,-31.128815
2010-07-23 02:05:00+00:00,-31.771589
2010-07-23 02:06:00+00:00,-31.591293
2010-07-23 02:07:00+00:00,-29.914009
2010-07-23 02:08:00+00:00,-29.374638
2010-07-23 02:09:00+00:00,-33.630554
2010-07-23 02:10:00+00:00,-54.883465
2010-07-23 02:11:00+00:00,-36.606159
2010-07-23 02:12:00+00:00,-41.060337
2010-07-23 02:13:00+00:00,-42.380745
2010-07-23 02:14:00+00:00,-30.22752
2010-07-23 02:15:00+00:00,-29.465261
2010-07-23 02:16:00+00:00,-31.383286
2010-07-23 02:17:00+00:00,-34.176678
2010-07-23 02:18:00+00:00,-35.287712
2010-07-23 02:19:00+00:00,-39.643757
2010-07-23 02:20:00+00:00,-40.322105
2010-07-23 02:21:00+00:00,-39.113518
2010-07-23 02:22:00+00:00,-39.47747
2010-07-23 02:23:00+00:00,-38.671371
2010-07-23 02:24:00+00:00,-38.315948
2010-07-23 02:25:00+00:00,-39.065514
2010-07-23 02:26:00+00:00,-39.460976
2010-07-23 02:27:00+00:00,-40.382111
2010-07-23 02:28:00+00:00,-41.796589
2010-07-23 02:29:00+00:00,-41.159382
2010-07-23 02:30:00+00:00,-42.822292
2010-07-23 02:31:00+00:00,-51.413902
2010-07-23 02:32:00+00:00,-67.662971
2010-07-23 02:33:00+00:00,-69.622322
2010-07-23 02:34:00+00:00,-81.809471
2010-07-23 02:35:00+00:00,-73.380325
2010-07-23 02:36:00+00:00,-109.496048
2010-07-23 02:37:00+00:00,-127.002182
2010-07-23 02:38:00+00:00,-111.660248
2010-07-23 02:39:00+00:00,-114.694298
2010-07-23 02:40:00+00:00,-140.835617
2010-07-23 02:41:00+00:00,-121.645729
2010-07-23 02:42:00+00:00,-87.206703
2010-07-23 02:43:00+00:00,-85.96093
2010-07-23 02:44:00+00:00,-96.215073
2010-07-23 02:45:00+00:00,-111.115196
2010-07-23 02:46:00+00:00,-113.167046
2010-07-23 02:47:00+00:00,-113.908318
2010-07-30 00:00:00+00:00,-75.606125
2010-07-30 00:01:00+00:00,-75.932915
2010-07-30 00:02:00+00:00,-76.877686
2010-07-30 00:03:00+00:00,-77.478386
2010-07-30 00:04:00+00:00,-77.898941
2010-07-30 00:05:00+00:00,-78.732979
2010-07-30 00:06:00+00:00,-78.358276
2010-07-30 00:07:00+00:00,-77.851852
2010-07-30 00:08:00+00:00,-77.191406
2010-07-30 00:09:00+00:00,-75.920204
2010-07-30 00:10:00+00:00,-74.429955
2010-07-30 00:11:00+00:00,-73.060364
2010-07-30 00:12:00+00:00,-71.54274
2010-07-30 00:13:00+00:00,-69.138672
2010-07-30 00:14:00+00:00,-69.521851
2010-07-30 00:15:00+00:00,-67.591141
2010-07-30 00:16:00+00:00,-67.13826
2010-07-30 00:17:00+00:00,-68.429245
2010-07-30 00:18:00+00:00,-68.217865
2010-07-30 00:19:00+00:00,-68.521561
2010-07-30 00:20:00+00:00,-69.796249
2010-07-30 00:21:00+00:00,-71.144341
2010-07-30 00:22:00+00:00,-70.978775
2010-07-30 00:23:00+00:00,-70.763931
2010-07-30 00:24:00+00:00,-67.738617
2010-07-30 00:25:00+00:00,-69.195328
2010-07-30 00:26:00+00:00,-105.374733
2010-07-30 00:27:00+00:00,-158.909683
2010-07-30 00:28:00+00:00,-114.298141
2010-07-30 00:29:00+00:00,-97.805901
2010-07-30 00:30:00+00:00,-77.941711
2010-07-30 00:31:00+00:00,-74.345284
2010-07-30 00:32:00+00:00,-77.717995
2010-07-30 00:33:00+00:00,-81.059425
2010-07-30 00:34:00+00:00,-122.977074
2010-07-30 00:35:00+00:00,-139.883987
2010-07-30 00:36:00+00:00,-146.068756
2010-07-30 00:37:00+00:00,-101.882553
2010-07-30 00:38:00+00:00,-128.2966
2010-07-30 00:39:00+00:00,-118.612488
2010-07-30 00:40:00+00:00,-141.04364
2010-07-30 00:41:00+00:00,-151.689316
2010-07-30 00:42:00+00:00,-126.386063
2010-07-30 00:43:00+00:00,-104.419647
2010-07-30 00:44:00+00:00,-86.944855
2010-07-30 00:45:00+00:00,-83.523033
2010-07-30 00:46:00+00:00,-81.108009
2010-07-30 00:47:00+00:00,-80.23259
2010-07-30 00:48:00+00:00,-78.102722
2010-07-30 00:49:00+00:00,-76.773972
2010-07-30 00:50:00+00:00,-78.045074
2010-07-30 00:51:00+00:00,-79.349525
2010-07-30 00:52:00+00:00,-79.244843
2010-07-30 00:53:00+00:00,-77.850548
2010-07-30 00:54:00+00:00,-74.107925
2010-07-30 00:55:00+00:00,-73.027153
2010-07-30 00:56:00+00:00,-72.574936
2010-07-30 00:57:00+00:00,-72.407425
2010-07-30 00:58:00+00:00,-73.793068
2010-07-30 00:59:00+00:00,-75.708344
2010-07-30 01:00:00+00:00,-73.40332
2010-07-30 01:01:00+00:00,-73.01561
2010-07-30 01:02:00+00:00,-69.616096
2010-07-30 01:03:00+00:00,-65.785881
2010-07-30 01:04:00+00:00,-63.113846
2010-07-30 01:05:00+00:00,-66.383209
2010-07-30 01:06:00+00:00,-72.253189
2010-07-30 01:07:00+00:00,-74.117363
2010-07-30 01:08:00+00:00,-76.616325
2010-07-30 01:09:00+00:00,-81.489426
2010-07-30 01:10:00+00:00,-80.410492
2010-07-30 01:11:00+00:00,-76.328781
2010-07-30 01:12:00+00:00,-73.121262
2010-07-30 01:13:00+00:00,-70.522324
2010-07-30 01:14:00+00:00,-71.907982
2010-07-30 01:15:00+00:00,-69.946014
2010-07-30 01:16:00+00:00,-67.112427
2010-07-30 01:17:00+00:00,-69.169746
2010-07-30 01:18:00+00:00,-71.643394
2010-07-30 01:19:00+00:00,-73.132027
2010-07-30 01:20:00+00:00,-74.477463
2010-07-30 01:21:00+00:00,-74.77739
2010-07-30 01:22:00+00:00,-74.15062
2010-07-30 01:23:00+00:00,-73.125183
2010-07-30 01:24:00+00:00,-74.696884
2010-07-30 01:25:00+00:00,-177.206238
2010-07-30 01:26:00+00:00,-271.475464
2010-07-30 01:27:00+00:00,-227.334167
2010-07-30 01:28:00+00:00,-204.41748
2010-07-30 01:29:00+00:00,-138.448685
2010-07-30 01:30:00+00:00,-125.811417
2010-07-30 01:31:00+00:00,-133.624603
2010-07-30 01:32:00+00:00,-133.695984
2010-07-30 01:33:00+00:00,-136.348511
2010-07-30 01:34:00+00:00,-131.610901
2010-07-30 01:35:00+00:00,-127.841949
2010-07-30 01:36:00+00:00,-127.231506
2010-07-30 01:37:00+00:00,-124.030647
2010-07-30 01:38:00+00:00,-119.423973
2010-07-30 01:39:00+00:00,-106.121544
2010-07-30 01:40:00+00:00,-104.764389
2010-07-30 01:41:00+00:00,-127.230972
2010-07-30 01:42:00+00:00,-157.238968
2010-07-30 01:43:00+00:00,-197.197861
2010-07-30 01:44:00+00:00,-119.093185
2010-07-30 01:45:00+00:00,-144.211212
2010-07-30 01:46:00+00:00,-119.019943
2010-07-30 01:47:00+00:00,-89.285286
2010-07-30 01:48:00+00:00,-94.606354
2010-07-30 01:49:00+00:00,-84.277657
2010-07-30 01:50:00+00:00,-71.557434
2010-07-30 01:51:00+00:00,-64.775162
2010-07-30 01:52:00+00:00,-86.302895
2010-07-30 01:53:00+00:00,-84.433205
2010-07-30 01:54:00+00:00,-97.19133
2010-07-30 01:55:00+00:00,-80.174614
2010-07-30 01:56:00+00:00,-83.787506
2010-07-30 01:57:00+00:00,-85.955933
2010-07-30 01:58:00+00:00,-96.779655
2010-07-30 01:59:00+00:00,-87.023468
2010-07-30 02:00:00+00:00,-70.417931
2010-07-30 02:01:00+00:00,-69.836403
2010-07-30 02:02:00+00:00,-74.263893
2010-07-30 02:03:00+00:00,-74.314156
2010-07-30 02:04:00+00:00,-77.129829
2010-07-30 02:05:00+00:00,-72.91803
2010-07-30 02:06:00+00:00,-70.406364
2010-07-30 02:07:00+00:00,-66.267487
2010-07-30 02:08:00+00:00,-74.743835
2010-07-30 02:09:00+00:00,-86.668297
2010-07-30 02:10:00+00:00,-139.003387
2010-07-30 02:11:00+00:00,-146.454742
2010-07-30 02:12:00+00:00,-132.877853
2010-07-30 02:13:00+00:00,-101.019981
2010-07-30 02:14:00+00:00,-88.980675
2010-07-30 02:15:00+00:00,-140.88031
2010-07-30 02:16:00+00:00,-214.00531
2010-07-30 02:17:00+00:00,-142.365845
2010-07-30 02:18:00+00:00,-146.65239
2010-07-30 02:19:00+00:00,-118.919083
2010-07-30 02:20:00+00:00,-125.382942
2010-07-30 02:21:00+00:00,-120.046082
2010-07-30 02:22:00+00:00,-106.103561
2010-07-30 02:23:00+00:00,-99.265968
2010-07-30 02:24:00+00:00,-107.587021
2010-07-30 02:25:00+00:00,-144.353165
2010-07-30 02:26:00+00:00,-145.069962
2010-07-30 02:27:00+00:00,-123.084732
2010-07-30 02:28:00+00:00,-130.17926
2010-07-30 02:29:00+00:00,-113.439804
2010-07-30 02:30:00+00:00,-109.847916
2010-07-30 02:31:00+00:00,-105.43222
2010-07-30 02:32:00+00:00,-144.888702
2010-07-30 02:33:00+00:00,-163.25386
2010-07-30 02:34:00+00:00,-141.200729
2010-07-30 02:35:00+00:00,-123.843979
2010-07-30 02:36:00+00:00,-112.592514
2010-07-30 02:37:00+00:00,-108.189835
2010-07-30 02:38:00+00:00,-108.148003
2010-07-30 02:39:00+00:00,-109.689514
2010-07-30 02:40:00+00:00,-107.60508
2010-07-30 02:41:00+00:00,-103.58876
2010-07-30 02:42:00+00:00,-105.488892
2010-07-30 02:43:00+00:00,-99.104988
2010-07-30 02:44:00+00:00,-95.044182
2010-07-30 02:45:00+00:00,-99.366287
2010-07-30 02:46:00+00:00,-99.432243
2010-07-30 02:47:00+00:00,-86.75499
2010-08-06 00:00:00+00:00,-198.64032
2010-08-06 00:01:00+00:00,-186.758591
2010-08-06 00:02:00+00:00,-178.681412
2010-08-06 00:03:00+00:00,-173.37851
2010-08-06 00:04:00+00:00,-156.988495
2010-08-06 00:05:00+00:00,-161.348267
2010-08-06 00:06:00+00:00,-157.677185
2010-08-06 00:07:00+00:00,-245.920776
2010-08-06 00:08:00+00:00,-423.347778
2010-08-06 00:09:00+00:00,-374.491333
2010-08-06 00:10:00+00:00,-375.119476
2010-08-06 00:11:00+00:00,-414.867188
2010-08-06 00:12:00+00:00,-315.281952
2010-08-06 00:13:00+00:00,-278.022583
2010-08-06 00:14:00+00:00,-308.741486
2010-08-06 00:15:00+00:00,-298.94223
2010-08-06 00:16:00+00:00,-276.035126
2010-08-06 00:17:00+00:00,-270.038635
2010-08-06 00:18:00+00:00,-248.390137
2010-08-06 00:19:00+00:00,-244.210754
2010-08-06 00:20:00+00:00,-235.902802
2010-08-06 00:21:00+00:00,-230.679108
2010-08-06 00:22:00+00:00,-210.331085
2010-08-06 00:23:00+00:00,-197.749573
2010-08-06 00:24:00+00:00,-183.365509
2010-08-06 00:25:00+00:00,-166.882996
2010-08-06 00:26:00+00:00,-206.623749
2010-08-06 00:27:00+00:00,-277.656097
2010-08-06 00:28:00+00:00,-206.637344
2010-08-06 00:29:00+00:00,-149.132797
2010-08-06 00:30:00+00:00,-134.674072
2010-08-06 00:31:00+00:00,-131.457809
2010-08-06 00:32:00+00:00,-117.487633
2010-08-06 00:33:00+00:00,-127.466484
2010-08-06 00:34:00+00:00,-212.525711
2010-08-06 00:35:00+00:00,-230.45752
2010-08-06 00:36:00+00:00,-234.067108
2010-08-06 00:37:00+00:00,-225.935501
2010-08-06 00:38:00+00:00,-141.022186
2010-08-06 00:39:00+00:00,-126.166061
2010-08-06 00:40:00+00:00,-125.009628
2010-08-06 00:41:00+00:00,-176.978058
2010-08-06 00:42:00+00:00,-141.25824
2010-08-06 00:43:00+00:00,-130.4543
2010-08-06 00:44:00+00:00,-121.980644
2010-08-06 00:45:00+00:00,-98.749741
2010-08-06 00:46:00+00:00,-79.352081
2010-08-06 00:47:00+00:00,-68.443832
2010-08-06 00:48:00+00:00,-48.565819
2010-08-06 00:49:00+00:00,-54.170769
2010-08-06 00:50:00+00:00,-64.87278
2010-08-06 00:51:00+00:00,-66.078438
2010-08-06 00:52:00+00:00,-63.158012
2010-08-06 00:53:00+00:00,-43.946503
2010-08-06 00:54:00+00:00,-42.701157
2010-08-06 00:55:00+00:00,-36.185928
2010-08-06 00:56:00+00:00,-32.20887
2010-08-06 00:57:00+00:00,-32.570564
2010-08-06 00:58:00+00:00,-32.097298
2010-08-06 00:59:00+00:00,-35.17981
2010-08-06 01:00:00+00:00,-62.968853
2010-08-06 01:01:00+00:00,-64.918732
2010-08-06 01:02:00+00:00,-34.791538
2010-08-06 01:03:00+00:00,-32.014122
2010-08-06 01:04:00+00:00,-31.929445
2010-08-06 01:05:00+00:00,-30.978092
2010-08-06 01:06:00+00:00,-32.077995
2010-08-06 01:07:00+00:00,-30.661661
2010-08-06 01:08:00+00:00,-33.782654
2010-08-06 01:09:00+00:00,-34.715061
2010-08-06 01:10:00+00:00,-32.495396
2010-08-06 01:11:00+00:00,-31.412664
2010-08-06 01:12:00+00:00,-31.632957
2010-08-06 01:13:00+00:00,-30.480465
2010-08-06 01:14:00+00:00,-30.610426
2010-08-06 01:15:00+00:00,-29.270838
2010-08-06 01:16:00+00:00,-29.014448
2010-08-06 01:17:00+00:00,-29.977085
2010-08-06 01:18:00+00:00,-31.36825
2010-08-06 01:19:00+00:00,-31.782089
2010-08-06 01:20:00+00:00,-33.433273
2010-08-06 01:21:00+00:00,-33.566891
2010-08-06 01:22:00+00:00,-34.80204
2010-08-06 01:23:00+00:00,-35.328159
2010-08-06 01:24:00+00:00,-35.239937
2010-08-06 01:25:00+00:00,-35.881088
2010-08-06 01:26:00+00:00,-33.654228
2010-08-06 01:27:00+00:00,-35.360184
2010-08-06 01:28:00+00:00,-35.369942
2010-08-06 01:29:00+00:00,-35.09528
2010-08-06 01:30:00+00:00,-34.913071
2010-08-06 01:31:00+00:00,-33.130432
2010-08-06 01:32:00+00:00,-34.75058
2010-08-06 01:33:00+00:00,-33.632843
2010-08-06 01:34:00+00:00,-38.730988
2010-08-06 01:35:00+00:00,-43.96928
2010-08-06 01:36:00+00:00,-48.05447
2010-08-06 01:37:00+00:00,-47.773689
2010-08-06 01:38:00+00:00,-46.615841
2010-08-06 01:39:00+00:00,-45.96666
2010-08-06 01:40:00+00:00,-47.399269
2010-08-06 01:41:00+00:00,-48.730957
2010-08-06 01:42:00+00:00,-47.978203
2010-08-06 01:43:00+00:00,-43.147732
2010-08-06 01:44:00+00:00,-38.395683
2010-08-06 01:45:00+00:00,-34.167526
2010-08-06 01:46:00+00:00,-29.992891
2010-08-06 01:47:00+00:00,-29.967323
2010-08-06 01:48:00+00:00,-31.157021
2010-08-06 01:49:00+00:00,-30.344816
2010-08-06 01:50:00+00:00,-30.575079
2010-08-06 01:51:00+00:00,-31.535046
2010-08-06 01:52:00+00:00,-31.243687
2010-08-06 01:53:00+00:00,-31.279938
2010-08-06 01:54:00+00:00,-31.57338
2010-08-06 01:55:00+00:00,-31.495056
2010-08-06 01:56:00+00:00,-32.261719
2010-08-06 01:57:00+00:00,-31.760853
2010-08-06 01:58:00+00:00,-33.063198
2010-08-06 01:59:00+00:00,-32.843037
2010-08-06 02:00:00+00:00,-33.749641
2010-08-06 02:01:00+00:00,-31.46648
2010-08-06 02:02:00+00:00,-30.541336
2010-08-06 02:03:00+00:00,-30.689766
2010-08-06 02:04:00+00:00,-30.389135
2010-08-06 02:05:00+00:00,-29.981594
2010-08-06 02:06:00+00:00,-30.126764
2010-08-06 02:07:00+00:00,-30.268284
2010-08-06 02:08:00+00:00,-30.411423
2010-08-06 02:09:00+00:00,-29.550508
2010-08-06 02:10:00+00:00,-28.683498
2010-08-06 02:11:00+00:00,-29.818115
2010-08-06 02:12:00+00:00,-28.946457
2010-08-06 02:13:00+00:00,-30.074291
2010-08-06 02:14:00+00:00,-30.227528
2010-08-06 02:15:00+00:00,-29.32579
2010-08-06 02:16:00+00:00,-29.445629
2010-08-06 02:17:00+00:00,-29.562645
2010-08-06 02:18:00+00:00,-29.866978
2010-08-06 02:19:00+00:00,-29.787853
2010-08-06 02:20:00+00:00,-30.452219
2010-08-06 02:21:00+00:00,-30.300804
2010-08-06 02:22:00+00:00,-30.122597
2010-08-06 02:23:00+00:00,-37.220253
2010-08-06 02:24:00+00:00,-45.208748
2010-08-06 02:25:00+00:00,-45.40646
2010-08-06 02:26:00+00:00,-44.232334
2010-08-06 02:27:00+00:00,-48.494961
2010-08-06 02:28:00+00:00,-48.839848
2010-08-06 02:29:00+00:00,-48.430073
2010-08-06 02:30:00+00:00,-48.772408
2010-08-06 02:31:00+00:00,-48.501522
2010-08-06 02:32:00+00:00,-48.614346
2010-08-06 02:33:00+00:00,-48.088448
2010-08-06 02:34:00+00:00,-45.621136
2010-08-06 02:35:00+00:00,-42.483929
2010-08-06 02:36:00+00:00,-41.635849
2010-08-06 02:37:00+00:00,-39.422165
2010-08-06 02:38:00+00:00,-36.838917
2010-08-06 02:39:00+00:00,-35.080059
2010-08-06 02:40:00+00:00,-32.249149
2010-08-06 02:41:00+00:00,-28.767117
2010-08-06 02:42:00+00:00,-27.616423
2010-08-06 02:43:00+00:00,-28.378435
2010-08-06 02:44:00+00:00,-28.400505
2010-08-06 02:45:00+00:00,-35.589371
2010-08-06 02:46:00+00:00,-29.436987
2010-08-06 02:47:00+00:00,-62.232449
2010-08-13 00:00:00+00:00,-41.462502
2010-08-13 00:01:00+00:00,-43.346203
2010-08-13 00:02:00+00:00,-44.274399
2010-08-13 00:03:00+00:00,-44.200165
2010-08-13 00:04:00+00:00,-44.121994
2010-08-13 00:05:00+00:00,-43.042282
2010-08-13 00:06:00+00:00,-42.955612
2010-08-13 00:07:00+00:00,-43.861183
2010-08-13 00:08:00+00:00,-44.717873
2010-08-13 00:09:00+00:00,-44.571377
2010-08-13 00:10:00+00:00,-46.41824
2010-08-13 00:11:00+00:00,-47.262321
2010-08-13 00:12:00+00:00,-46.152405
2010-08-13 00:13:00+00:00,-46.036205
2010-08-13 00:14:00+00:00,-44.917576
2010-08-13 00:15:00+00:00,-44.74197
2010-08-13 00:16:00+00:00,-42.662663
2010-08-13 00:17:00+00:00,-38.581776
2010-08-13 00:18:00+00:00,-35.494865
2010-08-13 00:19:00+00:00,-34.401409
2010-08-13 00:20:00+00:00,-32.303307
2010-08-13 00:21:00+00:00,-30.153645
2010-08-13 00:22:00+00:00,-27.994568
2010-08-13 00:23:00+00:00,-26.785942
2010-08-13 00:24:00+00:00,-25.404047
2010-08-13 00:25:00+00:00,-24.691288
2010-08-13 00:26:00+00:00,-24.585861
2010-08-13 00:27:00+00:00,-23.789911
2010-08-13 00:28:00+00:00,-22.881559
2010-08-13 00:29:00+00:00,-23.784634
2010-08-13 00:30:00+00:00,-24.774351
2010-08-13 00:31:00+00:00,-25.180029
2010-08-13 00:32:00+00:00,-25.117668
2010-08-13 00:33:00+00:00,-25.480848
2010-08-13 00:34:00+00:00,-28.001043
2010-08-13 00:35:00+00:00,-26.8606
2010-08-13 00:36:00+00:00,-30.232841
2010-08-13 00:37:00+00:00,-25.903069
2010-08-13 00:38:00+00:00,-23.370531
2010-08-13 00:39:00+00:00,-23.861561
2010-08-13 00:40:00+00:00,-25.014603
2010-08-13 00:41:00+00:00,-26.51815
2010-08-13 00:42:00+00:00,-27.938633
2010-08-13 00:43:00+00:00,-33.047241
2010-08-13 00:44:00+00:00,-32.349819
2010-08-13 00:45:00+00:00,-33.311584
2010-08-13 00:46:00+00:00,-33.528889
2010-08-13 00:47:00+00:00,-33.659325
2010-08-13 00:48:00+00:00,-33.216583
2010-08-13 00:49:00+00:00,-33.76416
2010-08-13 00:50:00+00:00,-35.078449
2010-08-13 00:51:00+00:00,-35.385456
2010-08-13 00:52:00+00:00,-34.950691
2010-08-13 00:53:00+00:00,-34.430904
2010-08-13 00:54:00+00:00,-34.545338
2010-08-13 00:55:00+00:00,-35.45858
2010-08-13 00:56:00+00:00,-35.981712
2010-08-13 00:57:00+00:00,-35.867226
2010-08-13 00:58:00+00:00,-36.718185
2010-08-13 00:59:00+00:00,-38.380836
2010-08-13 01:00:00+00:00,-39.599041
2010-08-13 01:01:00+00:00,-40.711361
2010-08-13 01:02:00+00:00,-40.705547
2010-08-13 01:03:00+00:00,-40.750305
2010-08-13 01:04:00+00:00,-42.263367
2010-08-13 01:05:00+00:00,-42.937843
2010-08-13 01:06:00+00:00,-42.094791
2010-08-13 01:07:00+00:00,-41.938698
2010-08-13 01:08:00+00:00,-42.497261
2010-08-13 01:09:00+00:00,-42.561005
2010-08-13 01:10:00+00:00,-42.528122
2010-08-13 01:11:00+00:00,-42.162052
2010-08-13 01:12:00+00:00,-42.539696
2010-08-13 01:13:00+00:00,-43.752613
2010-08-13 01:14:00+00:00,-44.522247
2010-08-13 01:15:00+00:00,-45.370419
2010-08-13 01:16:00+00:00,-46.644199
2010-08-13 01:17:00+00:00,-46.943695
2010-08-13 01:18:00+00:00,-47.265736
2010-08-13 01:19:00+00:00,-48.522186
2010-08-13 01:20:00+00:00,-50.416912
2010-08-13 01:21:00+00:00,-51.457485
2010-08-13 01:22:00+00:00,-51.28067
2010-08-13 01:23:00+00:00,-51.543648
2010-08-13 01:24:00+00:00,-51.064053
2010-08-13 01:25:00+00:00,-50.112148
2010-08-13 01:26:00+00:00,-51.261913
2010-08-13 01:27:00+00:00,-52.119556
2010-08-13 01:28:00+00:00,-51.341084
2010-08-13 01:29:00+00:00,-50.219227
2010-08-13 01:30:00+00:00,-51.751183
2010-08-13 01:31:00+00:00,-54.517467
2010-08-13 01:32:00+00:00,-54.54546
2010-08-13 01:33:00+00:00,-51.449356
2010-08-13 01:34:00+00:00,-48.491776
2010-08-13 01:35:00+00:00,-45.586716
2010-08-13 01:36:00+00:00,-44.104218
2010-08-13 01:37:00+00:00,-42.560913
2010-08-13 01:38:00+00:00,-41.204403
2010-08-13 01:39:00+00:00,-38.865948
2010-08-13 01:40:00+00:00,-36.861889
2010-08-13 01:41:00+00:00,-35.023212
2010-08-13 01:42:00+00:00,-34.388905
2010-08-13 01:43:00+00:00,-35.276279
2010-08-13 01:44:00+00:00,-36.64035
2010-08-13 01:45:00+00:00,-36.743259
2010-08-13 01:46:00+00:00,-35.815189
2010-08-13 01:47:00+00:00,-34.660477
2010-08-13 01:48:00+00:00,-33.360104
2010-08-13 01:49:00+00:00,-33.223576
2010-08-13 01:50:00+00:00,-32.929531
2010-08-13 01:51:00+00:00,-31.232784
2010-08-13 01:52:00+00:00,-32.35603
2010-08-13 01:53:00+00:00,-32.464386
2010-08-13 01:54:00+00:00,-33.26524
2010-08-13 01:55:00+00:00,-33.040749
2010-08-13 01:56:00+00:00,-31.706173
2010-08-13 01:57:00+00:00,-30.833302
2010-08-13 01:58:00+00:00,-31.178169
2010-08-13 01:59:00+00:00,-32.892807
2010-08-13 02:00:00+00:00,-33.215988
2010-08-13 02:01:00+00:00,-32.57967
2010-08-13 02:02:00+00:00,-33.131943
2010-08-13 02:03:00+00:00,-35.260303
2010-08-13 02:04:00+00:00,-36.467773
2010-08-13 02:05:00+00:00,-37.396549
2010-08-13 02:06:00+00:00,-38.170628
2010-08-13 02:07:00+00:00,-39.532139
2010-08-13 02:08:00+00:00,-40.1157
2010-08-13 02:09:00+00:00,-40.907738
2010-08-13 02:10:00+00:00,-40.228535
2010-08-13 02:11:00+00:00,-39.723564
2010-08-13 02:12:00+00:00,-40.439671
2010-08-13 02:13:00+00:00,-41.429554
2010-08-13 02:14:00+00:00,-42.304508
2010-08-13 02:15:00+00:00,-43.882519
2010-08-13 02:16:00+00:00,-43.360355
2010-08-13 02:17:00+00:00,-41.450699
2010-08-13 02:18:00+00:00,-38.922073
2010-08-13 02:19:00+00:00,-37.37796
2010-08-13 02:20:00+00:00,-36.5527
2010-08-13 02:21:00+00:00,-36.494114
2010-08-13 02:22:00+00:00,-33.767048
2010-08-13 02:23:00+00:00,-30.08119
2010-08-13 02:24:00+00:00,-33.209114
2010-08-13 02:25:00+00:00,-35.780777
2010-08-13 02:26:00+00:00,-34.347359
2010-08-13 02:27:00+00:00,-33.357826
2010-08-13 02:28:00+00:00,-34.676975
2010-08-13 02:29:00+00:00,-36.288757
2010-08-13 02:30:00+00:00,-37.686584
2010-08-13 02:31:00+00:00,-37.416126
2010-08-13 02:32:00+00:00,-37.44109
2010-08-13 02:33:00+00:00,-38.070198
2010-08-13 02:34:00+00:00,-37.538441
2010-08-13 02:35:00+00:00,-36.450432
2010-08-13 02:36:00+00:00,-34.743313
2010-08-13 02:37:00+00:00,-32.411942
2010-08-13 02:38:00+00:00,-30.936134
2010-08-13 02:39:00+00:00,-30.915327
2010-08-13 02:40:00+00:00,-30.654819
2010-08-13 02:41:00+00:00,-36.46241
2010-08-13 02:42:00+00:00,-48.38953
2010-08-13 02:43:00+00:00,-30.015343
2010-08-13 02:44:00+00:00,-39.800781
2010-08-13 02:45:00+00:00,-35.946022
2010-08-13 02:46:00+00:00,-51.024948
2010-08-13 02:47:00+00:00,-50.421642
2010-08-20 00:00:00+00:00,-28.339495
2010-08-20 00:01:00+00:00,-28.881584
2010-08-20 00:02:00+00:00,-27.692556
2010-08-20 00:03:00+00:00,-26.774376
2010-08-20 00:04:00+00:00,-26.511333
2010-08-20 00:05:00+00:00,-27.567017
2010-08-20 00:06:00+00:00,-26.791538
2010-08-20 00:07:00+00:00,-26.500317
2010-08-20 00:08:00+00:00,-27.241745
2010-08-20 00:09:00+00:00,-28.770704
2010-08-20 00:10:00+00:00,-28.566694
2010-08-20 00:11:00+00:00,-26.8353
2010-08-20 00:12:00+00:00,-26.001823
2010-08-20 00:13:00+00:00,-26.111689
2010-08-20 00:14:00+00:00,-26.75036
2010-08-20 00:15:00+00:00,-24.158054
2010-08-20 00:16:00+00:00,-21.348026
2010-08-20 00:17:00+00:00,-20.663582
2010-08-20 00:18:00+00:00,-22.211489
2010-08-20 00:19:00+00:00,-23.854242
2010-08-20 00:20:00+00:00,-24.352053
2010-08-20 00:21:00+00:00,-24.706884
2010-08-20 00:22:00+00:00,-26.320103
2010-08-20 00:23:00+00:00,-26.232769
2010-08-20 00:24:00+00:00,-25.700737
2010-08-20 00:25:00+00:00,-25.000391
2010-08-20 00:26:00+00:00,-26.029688
2010-08-20 00:27:00+00:00,-26.026926
2010-08-20 00:28:00+00:00,-24.492605
2010-08-20 00:29:00+00:00,-22.487774
2010-08-20 00:30:00+00:00,-22.296055
2010-08-20 00:31:00+00:00,-22.052666
2010-08-20 00:32:00+00:00,-22.187634
2010-08-20 00:33:00+00:00,-21.609169
2010-08-20 00:34:00+00:00,-22.108303
2010-08-20 00:35:00+00:00,-22.349194
2010-08-20 00:36:00+00:00,-23.861757
2010-08-20 00:37:00+00:00,-24.521002
2010-08-20 00:38:00+00:00,-26.181591
2010-08-20 00:39:00+00:00,-28.092257
2010-08-20 00:40:00+00:00,-28.513674
2010-08-20 00:41:00+00:00,-28.982996
2010-08-20 00:42:00+00:00,-26.732685
2010-08-20 00:43:00+00:00,-24.72567
2010-08-20 00:44:00+00:00,-21.595261
2010-08-20 00:45:00+00:00,-20.990395
2010-08-20 00:46:00+00:00,-21.734056
2010-08-20 00:47:00+00:00,-21.371868
2010-08-20 00:48:00+00:00,-21.574541
2010-08-20 00:49:00+00:00,-23.354345
2010-08-20 00:50:00+00:00,-23.835741
2010-08-20 00:51:00+00:00,-21.806278
2010-08-20 00:52:00+00:00,-21.312115
2010-08-20 00:53:00+00:00,-22.207649
2010-08-20 00:54:00+00:00,-21.673199
2010-08-20 00:55:00+00:00,-21.710726
2010-08-20 00:56:00+00:00,-21.628838
2010-08-20 00:57:00+00:00,-21.845512
2010-08-20 00:58:00+00:00,-22.181074
2010-08-20 00:59:00+00:00,-21.666786
2010-08-20 01:00:00+00:00,-22.590313
2010-08-20 01:01:00+00:00,-22.096899
2010-08-20 01:02:00+00:00,-22.644009
2010-08-20 01:03:00+00:00,-22.305876
2010-08-20 01:04:00+00:00,-22.387207
2010-08-20 01:05:00+00:00,-22.212238
2010-08-20 01:06:00+00:00,-24.745747
2010-08-20 01:07:00+00:00,-38.506046
2010-08-20 01:08:00+00:00,-49.588188
2010-08-20 01:09:00+00:00,-47.941078
2010-08-20 01:10:00+00:00,-43.969975
2010-08-20 01:11:00+00:00,-45.249077
2010-08-20 01:12:00+00:00,-41.84771
2010-08-20 01:13:00+00:00,-43.20628
2010-08-20 01:14:00+00:00,-34.982979
2010-08-20 01:15:00+00:00,-23.923639
2010-08-20 01:16:00+00:00,-18.824631
2010-08-20 01:17:00+00:00,-18.370628
2010-08-20 01:18:00+00:00,-18.34584
2010-08-20 01:19:00+00:00,-18.436094
2010-08-20 01:20:00+00:00,-18.297661
2010-08-20 01:21:00+00:00,-18.489149
2010-08-20 01:22:00+00:00,-18.227718
2010-08-20 01:23:00+00:00,-18.106447
2010-08-20 01:24:00+00:00,-17.826874
2010-08-20 01:25:00+00:00,-17.428074
2010-08-20 01:26:00+00:00,-17.402258
2010-08-20 01:27:00+00:00,-19.865025
2010-08-20 01:28:00+00:00,-21.864681
2010-08-20 01:29:00+00:00,-22.028009
2010-08-20 01:30:00+00:00,-21.36322
2010-08-20 01:31:00+00:00,-20.985334
2010-08-20 01:32:00+00:00,-29.866571
2010-08-20 01:33:00+00:00,-30.891569
2010-08-20 01:34:00+00:00,-23.348898
2010-08-20 01:35:00+00:00,-24.543667
2010-08-20 01:36:00+00:00,-24.410135
2010-08-20 01:37:00+00:00,-21.759226
2010-08-20 01:38:00+00:00,-18.79686
2010-08-20 01:39:00+00:00,-18.827572
2010-08-20 01:40:00+00:00,-18.336632
2010-08-20 01:41:00+00:00,-17.782784
2010-08-20 01:42:00+00:00,-18.837442
2010-08-20 01:43:00+00:00,-18.173483
2010-08-20 01:44:00+00:00,-19.205442
2010-08-20 01:45:00+00:00,-19.251219
2010-08-20 01:46:00+00:00,-35.747902
2010-08-20 01:47:00+00:00,-31.528492
2010-08-20 01:48:00+00:00,-28.379402
2010-08-20 01:49:00+00:00,-32.116074
2010-08-20 01:50:00+00:00,-34.304924
2010-08-20 01:51:00+00:00,-39.331718
2010-08-20 01:52:00+00:00,-33.643841
2010-08-20 01:53:00+00:00,-20.714743
2010-08-20 01:54:00+00:00,-21.09231
2010-08-20 01:55:00+00:00,-21.782356
2010-08-20 01:56:00+00:00,-22.439285
2010-08-20 01:57:00+00:00,-21.230076
2010-08-20 01:58:00+00:00,-19.485285
2010-08-20 01:59:00+00:00,-19.085043
2010-08-20 02:00:00+00:00,-19.134838
2010-08-20 02:01:00+00:00,-19.573463
2010-08-20 02:02:00+00:00,-20.502306
2010-08-20 02:03:00+00:00,-21.502785
2010-08-20 02:04:00+00:00,-22.317608
2010-08-20 02:05:00+00:00,-21.840366
2010-08-20 02:06:00+00:00,-21.081352
2010-08-20 02:07:00+00:00,-19.534784
2010-08-20 02:08:00+00:00,-19.280676
2010-08-20 02:09:00+00:00,-18.977219
2010-08-20 02:10:00+00:00,-18.835823
2010-08-20 02:11:00+00:00,-18.63191
2010-08-20 02:12:00+00:00,-19.08816
2010-08-20 02:13:00+00:00,-19.021008
2010-08-20 02:14:00+00:00,-19.315243
2010-08-20 02:15:00+00:00,-21.399933
2010-08-20 02:16:00+00:00,-29.892979
2010-08-20 02:17:00+00:00,-34.770763
2010-08-20 02:18:00+00:00,-35.671944
2010-08-20 02:19:00+00:00,-35.971512
2010-08-20 02:20:00+00:00,-36.615742
2010-08-20 02:21:00+00:00,-35.538216
2010-08-20 02:22:00+00:00,-32.867882
2010-08-20 02:23:00+00:00,-33.747223
2010-08-20 02:24:00+00:00,-31.034655
2010-08-20 02:25:00+00:00,-23.472351
2010-08-20 02:26:00+00:00,-24.205227
2010-08-20 02:27:00+00:00,-24.659893
2010-08-20 02:28:00+00:00,-22.723629
2010-08-20 02:29:00+00:00,-22.550089
2010-08-20 02:30:00+00:00,-20.939556
2010-08-20 02:31:00+00:00,-25.161251
2010-08-20 02:32:00+00:00,-20.813677
2010-08-20 02:33:00+00:00,-23.441219
2010-08-20 02:34:00+00:00,-18.082348
2010-08-20 02:35:00+00:00,-17.813944
2010-08-20 02:36:00+00:00,-20.912777
2010-08-20 02:37:00+00:00,-34.006615
2010-08-20 02:38:00+00:00,-36.029686
2010-08-20 02:39:00+00:00,-31.956749
2010-08-20 02:40:00+00:00,-30.915806
2010-08-20 02:41:00+00:00,-32.534134
2010-08-20 02:42:00+00:00,-34.196243
2010-08-20 02:43:00+00:00,-36.812592
2010-08-20 02:44:00+00:00,-35.063126
2010-08-20 02:45:00+00:00,-41.13261
2010-08-20 02:46:00+00:00,-32.21199
2010-08-20 02:47:00+00:00,-35.429356
2010-08-27 00:00:00+00:00,-37.669197
2010-08-27 00:01:00+00:00,-40.110077
2010-08-27 00:02:00+00:00,-40.046459
2010-08-27 00:03:00+00:00,-40.462692
2010-08-27 00:04:00+00:00,-39.954472
2010-08-27 00:05:00+00:00,-38.685841
2010-08-27 00:06:00+00:00,-38.340374
2010-08-27 00:07:00+00:00,-37.274479
2010-08-27 00:08:00+00:00,-36.999889
2010-08-27 00:09:00+00:00,-37.115211
2010-08-27 00:10:00+00:00,-36.927071
2010-08-27 00:11:00+00:00,-36.740143
2010-08-27 00:12:00+00:00,-36.669647
2010-08-27 00:13:00+00:00,-37.06517
2010-08-27 00:14:00+00:00,-37.120857
2010-08-27 00:15:00+00:00,-36.637802
2010-08-27 00:16:00+00:00,-35.892208
2010-08-27 00:17:00+00:00,-34.954369
2010-08-27 00:18:00+00:00,-33.960983
2010-08-27 00:19:00+00:00,-33.902275
2010-08-27 00:20:00+00:00,-33.518459
2010-08-27 00:21:00+00:00,-32.577099
2010-08-27 00:22:00+00:00,-31.695955
2010-08-27 00:23:00+00:00,-31.670677
2010-08-27 00:24:00+00:00,-31.472572
2010-08-27 00:25:00+00:00,-30.455137
2010-08-27 00:26:00+00:00,-29.708202
2010-08-27 00:27:00+00:00,-29.5755
2010-08-27 00:28:00+00:00,-29.869514
2010-08-27 00:29:00+00:00,-27.063271
2010-08-27 00:30:00+00:00,-24.915716
2010-08-27 00:31:00+00:00,-25.100857
2010-08-27 00:32:00+00:00,-24.985722
2010-08-27 00:33:00+00:00,-24.367245
2010-08-27 00:34:00+00:00,-22.761112
2010-08-27 00:35:00+00:00,-26.403711
2010-08-27 00:36:00+00:00,-29.871275
2010-08-27 00:37:00+00:00,-30.675671
2010-08-27 00:38:00+00:00,-29.931986
2010-08-27 00:39:00+00:00,-31.443136
2010-08-27 00:40:00+00:00,-33.158401
2010-08-27 00:41:00+00:00,-33.112999
2010-08-27 00:42:00+00:00,-31.551128
2010-08-27 00:43:00+00:00,-31.619335
2010-08-27 00:44:00+00:00,-32.512897
2010-08-27 00:45:00+00:00,-34.036736
2010-08-27 00:46:00+00:00,-34.518959
2010-08-27 00:47:00+00:00,-39.994049
2010-08-27 00:48:00+00:00,-57.887955
2010-08-27 00:49:00+00:00,-78.658882
2010-08-27 00:50:00+00:00,-71.487442
2010-08-27 00:51:00+00:00,-93.022987
2010-08-27 00:52:00+00:00,-90.678009
2010-08-27 00:53:00+00:00,-66.392975
2010-08-27 00:54:00+00:00,-76.922997
2010-08-27 00:55:00+00:00,-73.522964
2010-08-27 00:56:00+00:00,-70.746941
2010-08-27 00:57:00+00:00,-89.760017
2010-08-27 00:58:00+00:00,-70.138412
2010-08-27 00:59:00+00:00,-54.857094
2010-08-27 01:00:00+00:00,-58.734306
2010-08-27 01:01:00+00:00,-68.787895
2010-08-27 01:02:00+00:00,-85.539574
2010-08-27 01:03:00+00:00,-78.939011
2010-08-27 01:04:00+00:00,-71.157677
2010-08-27 01:05:00+00:00,-76.024635
2010-08-27 01:06:00+00:00,-75.190651
2010-08-27 01:07:00+00:00,-76.236168
2010-08-27 01:08:00+00:00,-73.822411
2010-08-27 01:09:00+00:00,-76.739777
2010-08-27 01:10:00+00:00,-75.060478
2010-08-27 01:11:00+00:00,-67.554955
2010-08-27 01:12:00+00:00,-65.093285
2010-08-27 01:13:00+00:00,-60.684185
2010-08-27 01:14:00+00:00,-56.917847
2010-08-27 01:15:00+00:00,-54.085411
2010-08-27 01:16:00+00:00,-49.863003
2010-08-27 01:17:00+00:00,-48.590408
2010-08-27 01:18:00+00:00,-45.792969
2010-08-27 01:19:00+00:00,-42.048744
2010-08-27 01:20:00+00:00,-41.442646
2010-08-27 01:21:00+00:00,-39.151379
2010-08-27 01:22:00+00:00,-34.132191
2010-08-27 01:23:00+00:00,-29.775076
2010-08-27 01:24:00+00:00,-26.546099
2010-08-27 01:25:00+00:00,-22.155163
2010-08-27 01:26:00+00:00,-21.264996
2010-08-27 01:27:00+00:00,-21.264679
2010-08-27 01:28:00+00:00,-20.142532
2010-08-27 01:29:00+00:00,-19.461056
2010-08-27 01:30:00+00:00,-20.324074
2010-08-27 01:31:00+00:00,-21.093983
2010-08-27 01:32:00+00:00,-22.918547
2010-08-27 01:33:00+00:00,-23.877913
2010-08-27 01:34:00+00:00,-24.231915
2010-08-27 01:35:00+00:00,-24.316563
2010-08-27 01:36:00+00:00,-24.159267
2010-08-27 01:37:00+00:00,-24.594067
2010-08-27 01:38:00+00:00,-24.675764
2010-08-27 01:39:00+00:00,-24.11729
2010-08-27 01:40:00+00:00,-25.670673
2010-08-27 01:41:00+00:00,-27.714882
2010-08-27 01:42:00+00:00,-28.745981
2010-08-27 01:43:00+00:00,-25.993038
2010-08-27 01:44:00+00:00,-23.027668
2010-08-27 01:45:00+00:00,-21.967556
2010-08-27 01:46:00+00:00,-20.978699
2010-08-27 01:47:00+00:00,-21.434217
2010-08-27 01:48:00+00:00,-19.570507
2010-08-27 01:49:00+00:00,-18.954041
2010-08-27 01:50:00+00:00,-34.70293
2010-08-27 01:51:00+00:00,-79.805252
2010-08-27 01:52:00+00:00,-98.306793
2010-08-27 01:53:00+00:00,-124.431778
2010-08-27 01:54:00+00:00,-105.851616
2010-08-27 01:55:00+00:00,-114.800728
2010-08-27 01:56:00+00:00,-97.970131
2010-08-27 01:57:00+00:00,-89.175652
2010-08-27 01:58:00+00:00,-102.554665
2010-08-27 01:59:00+00:00,-116.066399
2010-08-27 02:00:00+00:00,-112.451683
2010-08-27 02:01:00+00:00,-103.202202
2010-08-27 02:02:00+00:00,-78.528687
2010-08-27 02:03:00+00:00,-74.54052
2010-08-27 02:04:00+00:00,-65.351433
2010-08-27 02:05:00+00:00,-68.391533
2010-08-27 02:06:00+00:00,-80.032791
2010-08-27 02:07:00+00:00,-77.229691
2010-08-27 02:08:00+00:00,-80.796303
2010-08-27 02:09:00+00:00,-76.971985
2010-08-27 02:10:00+00:00,-75.795784
2010-08-27 02:11:00+00:00,-74.104599
2010-08-27 02:12:00+00:00,-66.066391
2010-08-27 02:13:00+00:00,-56.068821
2010-08-27 02:14:00+00:00,-54.858345
2010-08-27 02:15:00+00:00,-56.985954
2010-08-27 02:16:00+00:00,-50.900478
2010-08-27 02:17:00+00:00,-50.188217
2010-08-27 02:18:00+00:00,-46.60743
2010-08-27 02:19:00+00:00,-40.072884
2010-08-27 02:20:00+00:00,-31.573849
2010-08-27 02:21:00+00:00,-32.322842
2010-08-27 02:22:00+00:00,-33.201927
2010-08-27 02:23:00+00:00,-32.386814
2010-08-27 02:24:00+00:00,-30.773041
2010-08-27 02:25:00+00:00,-29.858648
2010-08-27 02:26:00+00:00,-30.055742
2010-08-27 02:27:00+00:00,-29.876036
2010-08-27 02:28:00+00:00,-30.005075
2010-08-27 02:29:00+00:00,-29.654835
2010-08-27 02:30:00+00:00,-28.633774
2010-08-27 02:31:00+00:00,-27.992044
2010-08-27 02:32:00+00:00,-32.511417
2010-08-27 02:33:00+00:00,-35.692623
2010-08-27 02:34:00+00:00,-30.376125
2010-08-27 02:35:00+00:00,-31.998436
2010-08-27 02:36:00+00:00,-50.504856
2010-08-27 02:37:00+00:00,-51.25827
2010-08-27 02:38:00+00:00,-51.904991
2010-08-27 02:39:00+00:00,-51.385002
2010-08-27 02:40:00+00:00,-40.091858
2010-08-27 02:41:00+00:00,-31.821594
2010-08-27 02:42:00+00:00,-32.526695
2010-08-27 02:43:00+00:00,-32.435371
2010-08-27 02:44:00+00:00,-44.115295
2010-08-27 02:45:00+00:00,-41.315331
2010-08-27 02:46:00+00:00,-51.2141
2010-08-27 02:47:00+00:00,-46.919998
2010-09-03 00:00:00+00:00,-88.900131
2010-09-03 00:01:00+00:00,-95.774567
2010-09-03 00:02:00+00:00,-98.934021
2010-09-03 00:03:00+00:00,-113.520065
2010-09-03 00:04:00+00:00,-116.481918
2010-09-03 00:05:00+00:00,-115.971886
2010-09-03 00:06:00+00:00,-110.815147
2010-09-03 00:07:00+00:00,-117.890594
2010-09-03 00:08:00+00:00,-123.449203
2010-09-03 00:09:00+00:00,-126.02903
2010-09-03 00:10:00+00:00,-129.113449
2010-09-03 00:11:00+00:00,-135.270782
2010-09-03 00:12:00+00:00,-137.319397
2010-09-03 00:13:00+00:00,-136.306488
2010-09-03 00:14:00+00:00,-135.464325
2010-09-03 00:15:00+00:00,-136.794708
2010-09-03 00:16:00+00:00,-138.808258
2010-09-03 00:17:00+00:00,-137.526688
2010-09-03 00:18:00+00:00,-141.094406
2010-09-03 00:19:00+00:00,-142.653839
2010-09-03 00:20:00+00:00,-141.56044
2010-09-03 00:21:00+00:00,-139.295639
2010-09-03 00:22:00+00:00,-141.779587
2010-09-03 00:23:00+00:00,-144.799866
2010-09-03 00:24:00+00:00,-150.07251
2010-09-03 00:25:00+00:00,-151.16098
2010-09-03 00:26:00+00:00,-150.695129
2010-09-03 00:27:00+00:00,-152.608002
2010-09-03 00:28:00+00:00,-144.409729
2010-09-03 00:29:00+00:00,-130.033386
2010-09-03 00:30:00+00:00,-131.080994
2010-09-03 00:31:00+00:00,-170.498306
2010-09-03 00:32:00+00:00,-148.183716
2010-09-03 00:33:00+00:00,-133.186981
2010-09-03 00:34:00+00:00,-150.333969
2010-09-03 00:35:00+00:00,-145.880753
2010-09-03 00:36:00+00:00,-144.756744
2010-09-03 00:37:00+00:00,-145.98349
2010-09-03 00:38:00+00:00,-160.939774
2010-09-03 00:39:00+00:00,-232.256577
2010-09-03 00:40:00+00:00,-247.570908
2010-09-03 00:41:00+00:00,-187.170532
2010-09-03 00:42:00+00:00,-172.260864
2010-09-03 00:43:00+00:00,-152.042725
2010-09-03 00:44:00+00:00,-156.706268
2010-09-03 00:45:00+00:00,-170.772476
2010-09-03 00:46:00+00:00,-180.816284
2010-09-03 00:47:00+00:00,-184.885529
2010-09-03 00:48:00+00:00,-176.882538
2010-09-03 00:49:00+00:00,-174.172516
2010-09-03 00:50:00+00:00,-172.575775
2010-09-03 00:51:00+00:00,-166.412598
2010-09-03 00:52:00+00:00,-162.678833
2010-09-03 00:53:00+00:00,-160.333908
2010-09-03 00:54:00+00:00,-158.72818
2010-09-03 00:55:00+00:00,-159.634064
2010-09-03 00:56:00+00:00,-158.877731
2010-09-03 00:57:00+00:00,-161.047043
2010-09-03 00:58:00+00:00,-159.693756
2010-09-03 00:59:00+00:00,-156.528549
2010-09-03 01:00:00+00:00,-156.728622
2010-09-03 01:01:00+00:00,-149.903259
2010-09-03 01:02:00+00:00,-137.539886
2010-09-03 01:03:00+00:00,-133.960754
2010-09-03 01:04:00+00:00,-127.992981
2010-09-03 01:05:00+00:00,-117.667831
2010-09-03 01:06:00+00:00,-114.740166
2010-09-03 01:07:00+00:00,-116.518318
2010-09-03 01:08:00+00:00,-119.899269
2010-09-03 01:09:00+00:00,-118.641548
2010-09-03 01:10:00+00:00,-117.632835
2010-09-03 01:11:00+00:00,-114.483467
2010-09-03 01:12:00+00:00,-111.145592
2010-09-03 01:13:00+00:00,-105.137749
2010-09-03 01:14:00+00:00,-163.473206
2010-09-03 01:15:00+00:00,-174.602173
2010-09-03 01:16:00+00:00,-177.946014
2010-09-03 01:17:00+00:00,-115.595551
2010-09-03 01:18:00+00:00,-119.108353
2010-09-03 01:19:00+00:00,-126.691429
2010-09-03 01:20:00+00:00,-89.94091
2010-09-03 01:21:00+00:00,-85.491798
2010-09-03 01:22:00+00:00,-86.764786
2010-09-03 01:23:00+00:00,-118.141464
2010-09-03 01:24:00+00:00,-131.90831
2010-09-03 01:25:00+00:00,-123.717201
2010-09-03 01:26:00+00:00,-141.758514
2010-09-03 01:27:00+00:00,-183.909286
2010-09-03 01:28:00+00:00,-158.537796
2010-09-03 01:29:00+00:00,-157.290909
2010-09-03 01:30:00+00:00,-145.495346
2010-09-03 01:31:00+00:00,-135.964844
2010-09-03 01:32:00+00:00,-156.803436
2010-09-03 01:33:00+00:00,-161.438354
2010-09-03 01:34:00+00:00,-169.859818
2010-09-03 01:35:00+00:00,-153.433044
2010-09-03 01:36:00+00:00,-156.272278
2010-09-03 01:37:00+00:00,-145.492294
2010-09-03 01:38:00+00:00,-128.278534
2010-09-03 01:39:00+00:00,-127.695961
2010-09-03 01:40:00+00:00,-124.077576
2010-09-03 01:41:00+00:00,-115.551285
2010-09-03 01:42:00+00:00,-108.342659
2010-09-03 01:43:00+00:00,-103.970238
2010-09-03 01:44:00+00:00,-109.572304
2010-09-03 01:45:00+00:00,-108.864441
2010-09-03 01:46:00+00:00,-111.034721
2010-09-03 01:47:00+00:00,-110.40638
2010-09-03 01:48:00+00:00,-110.543854
2010-09-03 01:49:00+00:00,-101.424652
2010-09-03 01:50:00+00:00,-96.490181
2010-09-03 01:51:00+00:00,-90.449402
2010-09-03 01:52:00+00:00,-86.576385
2010-09-03 01:53:00+00:00,-84.612007
2010-09-03 01:54:00+00:00,-82.08522
2010-09-03 01:55:00+00:00,-73.401283
2010-09-03 01:56:00+00:00,-71.053116
2010-09-03 01:57:00+00:00,-70.347748
2010-09-03 01:58:00+00:00,-76.349258
2010-09-03 01:59:00+00:00,-77.405655
2010-09-03 02:00:00+00:00,-70.797142
2010-09-03 02:01:00+00:00,-69.122711
2010-09-03 02:02:00+00:00,-62.607773
2010-09-03 02:03:00+00:00,-57.483692
2010-09-03 02:04:00+00:00,-54.806061
2010-09-03 02:05:00+00:00,-53.184181
2010-09-03 02:06:00+00:00,-54.515442
2010-09-03 02:07:00+00:00,-53.887115
2010-09-03 02:08:00+00:00,-52.462322
2010-09-03 02:09:00+00:00,-51.313686
2010-09-03 02:10:00+00:00,-51.37278
2010-09-03 02:11:00+00:00,-50.717655
2010-09-03 02:12:00+00:00,-45.962494
2010-09-03 02:13:00+00:00,-44.779099
2010-09-03 02:14:00+00:00,-43.453884
2010-09-03 02:15:00+00:00,-40.878628
2010-09-03 02:16:00+00:00,-37.949135
2010-09-03 02:17:00+00:00,-37.056934
2010-09-03 02:18:00+00:00,-34.462696
2010-09-03 02:19:00+00:00,-32.092617
2010-09-03 02:20:00+00:00,-33.321369
2010-09-03 02:21:00+00:00,-33.373756
2010-09-03 02:22:00+00:00,-32.278202
2010-09-03 02:23:00+00:00,-32.478603
2010-09-03 02:24:00+00:00,-32.305748
2010-09-03 02:25:00+00:00,-32.413925
2010-09-03 02:26:00+00:00,-32.353897
2010-09-03 02:27:00+00:00,-32.207687
2010-09-03 02:28:00+00:00,-31.951839
2010-09-03 02:29:00+00:00,-31.837538
2010-09-03 02:30:00+00:00,-31.782291
2010-09-03 02:31:00+00:00,-31.82851
2010-09-03 02:32:00+00:00,-31.97245
2010-09-03 02:33:00+00:00,-31.987524
2010-09-03 02:34:00+00:00,-31.977219
2010-09-03 02:35:00+00:00,-31.935654
2010-09-03 02:36:00+00:00,-31.954596
2010-09-03 02:37:00+00:00,-31.87896
2010-09-03 02:38:00+00:00,-31.893843
2010-09-03 02:39:00+00:00,-31.748457
2010-09-03 02:40:00+00:00,-31.817774
2010-09-03 02:41:00+00:00,-31.65255
2010-09-03 02:42:00+00:00,-31.36409
2010-09-03 02:43:00+00:00,-31.190647
2010-09-03 02:44:00+00:00,-30.893112
2010-09-03 02:45:00+00:00,-30.848061
2010-09-03 02:46:00+00:00,-31.037088
2010-09-03 02:47:00+00:00,-31.327362
2010-09-10 00:00:00+00:00,-23.849831
2010-09-10 00:01:00+00:00,-25.057133
2010-09-10 00:02:00+00:00,-24.541838
2010-09-10 00:03:00+00:00,-22.909401
2010-09-10 00:04:00+00:00,-23.231098
2010-09-10 00:05:00+00:00,-23.537195
2010-09-10 00:06:00+00:00,-24.536863
2010-09-10 00:07:00+00:00,-26.534061
2010-09-10 00:08:00+00:00,-25.723001
2010-09-10 00:09:00+00:00,-25.908279
2010-09-10 00:10:00+00:00,-25.537773
2010-09-10 00:11:00+00:00,-24.775229
2010-09-10 00:12:00+00:00,-24.063921
2010-09-10 00:13:00+00:00,-25.517046
2010-09-10 00:14:00+00:00,-26.032799
2010-09-10 00:15:00+00:00,-26.965912
2010-09-10 00:16:00+00:00,-27.836639
2010-09-10 00:17:00+00:00,-28.451653
2010-09-10 00:18:00+00:00,-28.633886
2010-09-10 00:19:00+00:00,-28.348202
2010-09-10 00:20:00+00:00,-26.094582
2010-09-10 00:21:00+00:00,-22.668919
2010-09-10 00:22:00+00:00,-20.856232
2010-09-10 00:23:00+00:00,-19.914558
2010-09-10 00:24:00+00:00,-20.297873
2010-09-10 00:25:00+00:00,-21.724913
2010-09-10 00:26:00+00:00,-23.746912
2010-09-10 00:27:00+00:00,-23.288248
2010-09-10 00:28:00+00:00,-24.710697
2010-09-10 00:29:00+00:00,-25.233204
2010-09-10 00:30:00+00:00,-26.372824
2010-09-10 00:31:00+00:00,-24.619602
2010-09-10 00:32:00+00:00,-21.718687
2010-09-10 00:33:00+00:00,-17.289223
2010-09-10 00:34:00+00:00,-13.831217
2010-09-10 00:35:00+00:00,-15.775967
2010-09-10 00:36:00+00:00,-17.714447
2010-09-10 00:37:00+00:00,-20.252806
2010-09-10 00:38:00+00:00,-22.114584
2010-09-10 00:39:00+00:00,-22.979296
2010-09-10 00:40:00+00:00,-22.380461
2010-09-10 00:41:00+00:00,-20.394737
2010-09-10 00:42:00+00:00,-20.098562
2010-09-10 00:43:00+00:00,-27.553747
2010-09-10 00:44:00+00:00,-34.117832
2010-09-10 00:45:00+00:00,-34.796558
2010-09-10 00:46:00+00:00,-33.188126
2010-09-10 00:47:00+00:00,-37.236229
2010-09-10 00:48:00+00:00,-44.428417
2010-09-10 00:49:00+00:00,-46.719933
2010-09-10 00:50:00+00:00,-41.168606
2010-09-10 00:51:00+00:00,-46.793911
2010-09-10 00:52:00+00:00,-55.870838
2010-09-10 00:53:00+00:00,-55.066811
2010-09-10 00:54:00+00:00,-54.228779
2010-09-10 00:55:00+00:00,-52.505173
2010-09-10 00:56:00+00:00,-56.249516
2010-09-10 00:57:00+00:00,-64.916878
2010-09-10 00:58:00+00:00,-78.513321
2010-09-10 00:59:00+00:00,-85.682121
2010-09-10 01:00:00+00:00,-85.52578
2010-09-10 01:01:00+00:00,-70.84906
2010-09-10 01:02:00+00:00,-73.452713
2010-09-10 01:03:00+00:00,-69.025215
2010-09-10 01:04:00+00:00,-70.529465
2010-09-10 01:05:00+00:00,-70.942047
2010-09-10 01:06:00+00:00,-72.406509
2010-09-10 01:07:00+00:00,-72.975945
2010-09-10 01:08:00+00:00,-79.016876
2010-09-10 01:09:00+00:00,-77.743507
2010-09-10 01:10:00+00:00,-70.38047
2010-09-10 01:11:00+00:00,-70.789085
2010-09-10 01:12:00+00:00,-76.694954
2010-09-10 01:13:00+00:00,-75.387154
2010-09-10 01:14:00+00:00,-81.077972
2010-09-10 01:15:00+00:00,-95.400475
2010-09-10 01:16:00+00:00,-85.426315
2010-09-10 01:17:00+00:00,-71.81665
2010-09-10 01:18:00+00:00,-63.56855
2010-09-10 01:19:00+00:00,-55.765453
2010-09-10 01:20:00+00:00,-54.990108
2010-09-10 01:21:00+00:00,-51.050232
2010-09-10 01:22:00+00:00,-51.747559
2010-09-10 01:23:00+00:00,-55.001228
2010-09-10 01:24:00+00:00,-58.334053
2010-09-10 01:25:00+00:00,-61.190372
2010-09-10 01:26:00+00:00,-66.976448
2010-09-10 01:27:00+00:00,-76.553612
2010-09-10 01:28:00+00:00,-78.485359
2010-09-10 01:29:00+00:00,-77.199913
2010-09-10 01:30:00+00:00,-74.805687
2010-09-10 01:31:00+00:00,-69.990631
2010-09-10 01:32:00+00:00,-64.61898
2010-09-10 01:33:00+00:00,-69.385071
2010-09-10 01:34:00+00:00,-88.191483
2010-09-10 01:35:00+00:00,-123.512611
2010-09-10 01:36:00+00:00,-129.166275
2010-09-10 01:37:00+00:00,-134.894485
2010-09-10 01:38:00+00:00,-151.223923
2010-09-10 01:39:00+00:00,-166.852692
2010-09-10 01:40:00+00:00,-165.265167
2010-09-10 01:41:00+00:00,-154.485764
2010-09-10 01:42:00+00:00,-132.533997
2010-09-10 01:43:00+00:00,-125.039543
2010-09-10 01:44:00+00:00,-126.772392
2010-09-10 01:45:00+00:00,-122.145561
2010-09-10 01:46:00+00:00,-120.196678
2010-09-10 01:47:00+00:00,-112.586876
2010-09-10 01:48:00+00:00,-112.580795
2010-09-10 01:49:00+00:00,-118.061234
2010-09-10 01:50:00+00:00,-121.440285
2010-09-10 01:51:00+00:00,-91.579285
2010-09-10 01:52:00+00:00,-86.204216
2010-09-10 01:53:00+00:00,-93.915985
2010-09-10 01:54:00+00:00,-79.427551
2010-09-10 01:55:00+00:00,-93.599434
2010-09-10 01:56:00+00:00,-100.790924
2010-09-10 01:57:00+00:00,-103.16613
2010-09-10 01:58:00+00:00,-88.215271
2010-09-10 01:59:00+00:00,-81.637291
2010-09-10 02:00:00+00:00,-92.398575
2010-09-10 02:01:00+00:00,-95.50769
2010-09-10 02:02:00+00:00,-100.153854
2010-09-10 02:03:00+00:00,-103.637199
2010-09-10 02:04:00+00:00,-90.328705
2010-09-10 02:05:00+00:00,-71.30748
2010-09-10 02:06:00+00:00,-57.871346
2010-09-10 02:07:00+00:00,-52.875404
2010-09-10 02:08:00+00:00,-47.675827
2010-09-10 02:09:00+00:00,-46.205406
2010-09-10 02:10:00+00:00,-45.325634
2010-09-10 02:11:00+00:00,-40.287041
2010-09-10 02:12:00+00:00,-41.296444
2010-09-10 02:13:00+00:00,-44.556831
2010-09-10 02:14:00+00:00,-41.829453
2010-09-10 02:15:00+00:00,-40.170914
2010-09-10 02:16:00+00:00,-38.306332
2010-09-10 02:17:00+00:00,-35.05407
2010-09-10 02:18:00+00:00,-33.664131
2010-09-10 02:19:00+00:00,-32.51347
2010-09-10 02:20:00+00:00,-29.18627
2010-09-10 02:21:00+00:00,-32.234119
2010-09-10 02:22:00+00:00,-39.221123
2010-09-10 02:23:00+00:00,-42.873466
2010-09-10 02:24:00+00:00,-41.571117
2010-09-10 02:25:00+00:00,-36.581352
2010-09-10 02:26:00+00:00,-36.334232
2010-09-10 02:27:00+00:00,-39.215973
2010-09-10 02:28:00+00:00,-37.135918
2010-09-10 02:29:00+00:00,-41.278107
2010-09-10 02:30:00+00:00,-84.65815
2010-09-10 02:31:00+00:00,-100.00663
2010-09-10 02:32:00+00:00,-113.884132
2010-09-10 02:33:00+00:00,-113.167664
2010-09-10 02:34:00+00:00,-109.446129
2010-09-10 02:35:00+00:00,-112.164879
2010-09-10 02:36:00+00:00,-99.300522
2010-09-10 02:37:00+00:00,-85.259956
2010-09-10 02:38:00+00:00,-87.994164
2010-09-10 02:39:00+00:00,-96.145393
2010-09-10 02:40:00+00:00,-74.32795
2010-09-10 02:41:00+00:00,-67.153198
2010-09-10 02:42:00+00:00,-67.098724
2010-09-10 02:43:00+00:00,-62.023941
2010-09-10 02:44:00+00:00,-53.14534
2010-09-10 02:45:00+00:00,-60.77422
2010-09-10 02:46:00+00:00,-83.121201
2010-09-10 02:47:00+00:00,-113.660942
2010-09-17 00:00:00+00:00,-20.170288
2010-09-17 00:01:00+00:00,-26.361086
2010-09-17 00:02:00+00:00,-31.547739
2010-09-17 00:03:00+00:00,-32.096249
2010-09-17 00:04:00+00:00,-30.084278
2010-09-17 00:05:00+00:00,-30.604877
2010-09-17 00:06:00+00:00,-30.482784
2010-09-17 00:07:00+00:00,-31.279516
2010-09-17 00:08:00+00:00,-29.975134
2010-09-17 00:09:00+00:00,-30.273998
2010-09-17 00:10:00+00:00,-28.434444
2010-09-17 00:11:00+00:00,-27.469685
2010-09-17 00:12:00+00:00,-24.469591
2010-09-17 00:13:00+00:00,-21.698114
2010-09-17 00:14:00+00:00,-21.080641
2010-09-17 00:15:00+00:00,-25.200642
2010-09-17 00:16:00+00:00,-28.081743
2010-09-17 00:17:00+00:00,-30.639038
2010-09-17 00:18:00+00:00,-31.441864
2010-09-17 00:19:00+00:00,-32.621075
2010-09-17 00:20:00+00:00,-29.922472
2010-09-17 00:21:00+00:00,-26.500288
2010-09-17 00:22:00+00:00,-25.063284
2010-09-17 00:23:00+00:00,-26.953157
2010-09-17 00:24:00+00:00,-46.996002
2010-09-17 00:25:00+00:00,-68.089424
2010-09-17 00:26:00+00:00,-77.410965
2010-09-17 00:27:00+00:00,-88.566109
2010-09-17 00:28:00+00:00,-76.591034
2010-09-17 00:29:00+00:00,-47.232334
2010-09-17 00:30:00+00:00,-37.635696
2010-09-17 00:31:00+00:00,-37.78931
2010-09-17 00:32:00+00:00,-35.076118
2010-09-17 00:33:00+00:00,-32.820248
2010-09-17 00:34:00+00:00,-28.157099
2010-09-17 00:35:00+00:00,-25.532093
2010-09-17 00:36:00+00:00,-25.02754
2010-09-17 00:37:00+00:00,-26.517054
2010-09-17 00:38:00+00:00,-28.869694
2010-09-17 00:39:00+00:00,-27.960035
2010-09-17 00:40:00+00:00,-26.005875
2010-09-17 00:41:00+00:00,-26.704493
2010-09-17 00:42:00+00:00,-27.77173
2010-09-17 00:43:00+00:00,-27.604095
2010-09-17 00:44:00+00:00,-30.193394
2010-09-17 00:45:00+00:00,-31.524576
2010-09-17 00:46:00+00:00,-28.05864
2010-09-17 00:47:00+00:00,-30.033138
2010-09-17 00:48:00+00:00,-30.006866
2010-09-17 00:49:00+00:00,-31.778065
2010-09-17 00:50:00+00:00,-33.224255
2010-09-17 00:51:00+00:00,-32.698349
2010-09-17 00:52:00+00:00,-33.245171
2010-09-17 00:53:00+00:00,-32.996216
2010-09-17 00:54:00+00:00,-32.929699
2010-09-17 00:55:00+00:00,-29.062262
2010-09-17 00:56:00+00:00,-29.099915
2010-09-17 00:57:00+00:00,-32.176407
2010-09-17 00:58:00+00:00,-32.612068
2010-09-17 00:59:00+00:00,-34.996716
2010-09-17 01:00:00+00:00,-39.068771
2010-09-17 01:01:00+00:00,-42.833984
2010-09-17 01:02:00+00:00,-45.932922
2010-09-17 01:03:00+00:00,-51.59996
2010-09-17 01:04:00+00:00,-58.085079
2010-09-17 01:05:00+00:00,-66.236908
2010-09-17 01:06:00+00:00,-73.804276
2010-09-17 01:07:00+00:00,-80.959366
2010-09-17 01:08:00+00:00,-86.151337
2010-09-17 01:09:00+00:00,-88.70153
2010-09-17 01:10:00+00:00,-88.355026
2010-09-17 01:11:00+00:00,-87.47216
2010-09-17 01:12:00+00:00,-89.38102
2010-09-17 01:13:00+00:00,-90.150932
2010-09-17 01:14:00+00:00,-89.266479
2010-09-17 01:15:00+00:00,-91.110962
2010-09-17 01:16:00+00:00,-89.967773
2010-09-17 01:17:00+00:00,-83.130409
2010-09-17 01:18:00+00:00,-76.230812
2010-09-17 01:19:00+00:00,-68.848381
2010-09-17 01:20:00+00:00,-62.613949
2010-09-17 01:21:00+00:00,-59.41814
2010-09-17 01:22:00+00:00,-56.033791
2010-09-17 01:23:00+00:00,-50.571465
2010-09-17 01:24:00+00:00,-45.259056
2010-09-17 01:25:00+00:00,-41.660408
2010-09-17 01:26:00+00:00,-38.607903
2010-09-17 01:27:00+00:00,-37.285564
2010-09-17 01:28:00+00:00,-37.008858
2010-09-17 01:29:00+00:00,-42.807205
2010-09-17 01:30:00+00:00,-45.455353
2010-09-17 01:31:00+00:00,-39.215599
2010-09-17 01:32:00+00:00,-36.010624
2010-09-17 01:33:00+00:00,-36.95578
2010-09-17 01:34:00+00:00,-36.532017
2010-09-17 01:35:00+00:00,-35.488129
2010-09-17 01:36:00+00:00,-35.241367
2010-09-17 01:37:00+00:00,-35.254421
2010-09-17 01:38:00+00:00,-35.017479
2010-09-17 01:39:00+00:00,-33.836494
2010-09-17 01:40:00+00:00,-32.275448
2010-09-17 01:41:00+00:00,-30.565311
2010-09-17 01:42:00+00:00,-28.295456
2010-09-17 01:43:00+00:00,-27.12141
2010-09-17 01:44:00+00:00,-26.798367
2010-09-17 01:45:00+00:00,-25.681959
2010-09-17 01:46:00+00:00,-24.630646
2010-09-17 01:47:00+00:00,-24.060944
2010-09-17 01:48:00+00:00,-24.342987
2010-09-17 01:49:00+00:00,-26.408188
2010-09-17 01:50:00+00:00,-36.640503
2010-09-17 01:51:00+00:00,-28.535082
2010-09-17 01:52:00+00:00,-29.987614
2010-09-17 01:53:00+00:00,-29.957232
2010-09-17 01:54:00+00:00,-29.335163
2010-09-17 01:55:00+00:00,-27.865969
2010-09-17 01:56:00+00:00,-28.368263
2010-09-17 01:57:00+00:00,-29.562767
2010-09-17 01:58:00+00:00,-31.172636
2010-09-17 01:59:00+00:00,-32.852589
2010-09-17 02:00:00+00:00,-33.679726
2010-09-17 02:01:00+00:00,-33.145775
2010-09-17 02:02:00+00:00,-32.216949
2010-09-17 02:03:00+00:00,-31.435736
2010-09-17 02:04:00+00:00,-31.420065
2010-09-17 02:05:00+00:00,-32.498314
2010-09-17 02:06:00+00:00,-33.352619
2010-09-17 02:07:00+00:00,-32.576706
2010-09-17 02:08:00+00:00,-31.561043
2010-09-17 02:09:00+00:00,-31.155697
2010-09-17 02:10:00+00:00,-29.876297
2010-09-17 02:11:00+00:00,-28.730669
2010-09-17 02:12:00+00:00,-28.071362
2010-09-17 02:13:00+00:00,-87.443771
2010-09-17 02:14:00+00:00,-63.852341
2010-09-17 02:15:00+00:00,-140.659988
2010-09-17 02:16:00+00:00,-141.949738
2010-09-17 02:17:00+00:00,-170.659851
2010-09-17 02:18:00+00:00,-167.80014
2010-09-17 02:19:00+00:00,-162.184067
2010-09-17 02:20:00+00:00,-165.620224
2010-09-17 02:21:00+00:00,-161.997299
2010-09-17 02:22:00+00:00,-168.079987
2010-09-17 02:23:00+00:00,-175.447342
2010-09-17 02:24:00+00:00,-152.274185
2010-09-17 02:25:00+00:00,-157.07225
2010-09-17 02:26:00+00:00,-148.467529
2010-09-17 02:27:00+00:00,-144.54985
2010-09-17 02:28:00+00:00,-143.975494
2010-09-17 02:29:00+00:00,-131.065872
2010-09-17 02:30:00+00:00,-132.907654
2010-09-17 02:31:00+00:00,-128.430862
2010-09-17 02:32:00+00:00,-117.447128
2010-09-17 02:33:00+00:00,-112.102921
2010-09-17 02:34:00+00:00,-108.576889
2010-09-17 02:35:00+00:00,-106.67466
2010-09-17 02:36:00+00:00,-97.703796
2010-09-17 02:37:00+00:00,-93.129425
2010-09-17 02:38:00+00:00,-89.705772
2010-09-17 02:39:00+00:00,-84.930153
2010-09-17 02:40:00+00:00,-99.394333
2010-09-17 02:41:00+00:00,-117.913681
2010-09-17 02:42:00+00:00,-107.796753
2010-09-17 02:43:00+00:00,-139.736542
2010-09-17 02:44:00+00:00,-151.070496
2010-09-17 02:45:00+00:00,-165.154846
2010-09-17 02:46:00+00:00,-168.24472
2010-09-17 02:47:00+00:00,-152.155487
2010-09-24 00:00:00+00:00,-17.546513
2010-09-24 00:01:00+00:00,-17.780783
2010-09-24 00:02:00+00:00,-17.680906
2010-09-24 00:03:00+00:00,-17.180254
2010-09-24 00:04:00+00:00,-17.787481
2010-09-24 00:05:00+00:00,-17.967625
2010-09-24 00:06:00+00:00,-18.003799
2010-09-24 00:07:00+00:00,-17.956303
2010-09-24 00:08:00+00:00,-15.520097
2010-09-24 00:09:00+00:00,-15.045776
2010-09-24 00:10:00+00:00,-15.21149
2010-09-24 00:11:00+00:00,-13.480868
2010-09-24 00:12:00+00:00,-14.557289
2010-09-24 00:13:00+00:00,-17.478914
2010-09-24 00:14:00+00:00,-18.849459
2010-09-24 00:15:00+00:00,-18.595732
2010-09-24 00:16:00+00:00,-19.284462
2010-09-24 00:17:00+00:00,-19.98085
2010-09-24 00:18:00+00:00,-21.365088
2010-09-24 00:19:00+00:00,-20.525328
2010-09-24 00:20:00+00:00,-19.66227
2010-09-24 00:21:00+00:00,-20.332039
2010-09-24 00:22:00+00:00,-23.004484
2010-09-24 00:23:00+00:00,-25.969357
2010-09-24 00:24:00+00:00,-26.611923
2010-09-24 00:25:00+00:00,-27.347488
2010-09-24 00:26:00+00:00,-32.958046
2010-09-24 00:27:00+00:00,-41.972916
2010-09-24 00:28:00+00:00,-44.026871
2010-09-24 00:29:00+00:00,-36.232857
2010-09-24 00:30:00+00:00,-34.720539
2010-09-24 00:31:00+00:00,-31.39369
2010-09-24 00:32:00+00:00,-27.026787
2010-09-24 00:33:00+00:00,-23.176926
2010-09-24 00:34:00+00:00,-20.452711
2010-09-24 00:35:00+00:00,-17.656845
2010-09-24 00:36:00+00:00,-14.927781
2010-09-24 00:37:00+00:00,-14.535154
2010-09-24 00:38:00+00:00,-16.184292
2010-09-24 00:39:00+00:00,-20.046547
2010-09-24 00:40:00+00:00,-22.577204
2010-09-24 00:41:00+00:00,-23.709335
2010-09-24 00:42:00+00:00,-25.277376
2010-09-24 00:43:00+00:00,-25.16728
2010-09-24 00:44:00+00:00,-24.522537
2010-09-24 00:45:00+00:00,-26.012127
2010-09-24 00:46:00+00:00,-28.982164
2010-09-24 00:47:00+00:00,-31.435541
2010-09-24 00:48:00+00:00,-34.332672
2010-09-24 00:49:00+00:00,-36.173279
2010-09-24 00:50:00+00:00,-36.223679
2010-09-24 00:51:00+00:00,-37.340096
2010-09-24 00:52:00+00:00,-37.810482
2010-09-24 00:53:00+00:00,-39.193928
2010-09-24 00:54:00+00:00,-39.173504
2010-09-24 00:55:00+00:00,-40.141506
2010-09-24 00:56:00+00:00,-40.594238
2010-09-24 00:57:00+00:00,-40.009209
2010-09-24 00:58:00+00:00,-39.082664
2010-09-24 00:59:00+00:00,-38.208447
2010-09-24 01:00:00+00:00,-35.259418
2010-09-24 01:01:00+00:00,-32.904377
2010-09-24 01:02:00+00:00,-33.334003
2010-09-24 01:03:00+00:00,-32.509453
2010-09-24 01:04:00+00:00,-35.594772
2010-09-24 01:05:00+00:00,-36.984222
2010-09-24 01:06:00+00:00,-39.911583
2010-09-24 01:07:00+00:00,-39.656799
2010-09-24 01:08:00+00:00,-36.091339
2010-09-24 01:09:00+00:00,-32.387291
2010-09-24 01:10:00+00:00,-32.517544
2010-09-24 01:11:00+00:00,-31.180552
2010-09-24 01:12:00+00:00,-28.220537
2010-09-24 01:13:00+00:00,-26.888792
2010-09-24 01:14:00+00:00,-28.255032
2010-09-24 01:15:00+00:00,-25.78693
2010-09-24 01:16:00+00:00,-24.885876
2010-09-24 01:17:00+00:00,-24.31115
2010-09-24 01:18:00+00:00,-21.780016
2010-09-24 01:19:00+00:00,-21.497042
2010-09-24 01:20:00+00:00,-22.923876
2010-09-24 01:21:00+00:00,-24.850296
2010-09-24 01:22:00+00:00,-25.269436
2010-09-24 01:23:00+00:00,-26.125059
2010-09-24 01:24:00+00:00,-27.497614
2010-09-24 01:25:00+00:00,-29.21051
2010-09-24 01:26:00+00:00,-34.38472
2010-09-24 01:27:00+00:00,-39.774513
2010-09-24 01:28:00+00:00,-47.172092
2010-09-24 01:29:00+00:00,-67.458015
2010-09-24 01:30:00+00:00,-100.684372
2010-09-24 01:31:00+00:00,-103.961456
2010-09-24 01:32:00+00:00,-91.954414
2010-09-24 01:33:00+00:00,-66.896057
2010-09-24 01:34:00+00:00,-66.842377
2010-09-24 01:35:00+00:00,-59.991714
2010-09-24 01:36:00+00:00,-55.68729
2010-09-24 01:37:00+00:00,-52.824657
2010-09-24 01:38:00+00:00,-59.992008
2010-09-24 01:39:00+00:00,-62.995377
2010-09-24 01:40:00+00:00,-58.01973
2010-09-24 01:41:00+00:00,-48.646919
2010-09-24 01:42:00+00:00,-48.044312
2010-09-24 01:43:00+00:00,-53.39719
2010-09-24 01:44:00+00:00,-66.311905
2010-09-24 01:45:00+00:00,-56.655022
2010-09-24 01:46:00+00:00,-48.871826
2010-09-24 01:47:00+00:00,-49.987446
2010-09-24 01:48:00+00:00,-60.176403
2010-09-24 01:49:00+00:00,-49.38179
2010-09-24 01:50:00+00:00,-52.644798
2010-09-24 01:51:00+00:00,-45.092278
2010-09-24 01:52:00+00:00,-45.39949
2010-09-24 01:53:00+00:00,-46.482056
2010-09-24 01:54:00+00:00,-48.140987
2010-09-24 01:55:00+00:00,-48.546692
2010-09-24 01:56:00+00:00,-46.212093
2010-09-24 01:57:00+00:00,-44.771217
2010-09-24 01:58:00+00:00,-42.32782
2010-09-24 01:59:00+00:00,-43.280338
2010-09-24 02:00:00+00:00,-45.378246
2010-09-24 02:01:00+00:00,-46.10714
2010-09-24 02:02:00+00:00,-46.245594
2010-09-24 02:03:00+00:00,-47.262363
2010-09-24 02:04:00+00:00,-49.220932
2010-09-24 02:05:00+00:00,-49.757305
2010-09-24 02:06:00+00:00,-52.048973
2010-09-24 02:07:00+00:00,-53.637657
2010-09-24 02:08:00+00:00,-51.71246
2010-09-24 02:09:00+00:00,-50.392159
2010-09-24 02:10:00+00:00,-49.319633
2010-09-24 02:11:00+00:00,-48.624039
2010-09-24 02:12:00+00:00,-48.712612
2010-09-24 02:13:00+00:00,-47.598305
2010-09-24 02:14:00+00:00,-46.984245
2010-09-24 02:15:00+00:00,-49.97105
2010-09-24 02:16:00+00:00,-53.199989
2010-09-24 02:17:00+00:00,-55.139145
2010-09-24 02:18:00+00:00,-50.471184
2010-09-24 02:19:00+00:00,-45.991146
2010-09-24 02:20:00+00:00,-44.21257
2010-09-24 02:21:00+00:00,-40.949951
2010-09-24 02:22:00+00:00,-42.671284
2010-09-24 02:23:00+00:00,-48.636505
2010-09-24 02:24:00+00:00,-62.499794
2010-09-24 02:25:00+00:00,-68.327606
2010-09-24 02:26:00+00:00,-73.129761
2010-09-24 02:27:00+00:00,-70.9981
2010-09-24 02:28:00+00:00,-66.189514
2010-09-24 02:29:00+00:00,-64.254913
2010-09-24 02:30:00+00:00,-62.687405
2010-09-24 02:31:00+00:00,-70.008453
2010-09-24 02:32:00+00:00,-76.051941
2010-09-24 02:33:00+00:00,-73.125443
2010-09-24 02:34:00+00:00,-67.776794
2010-09-24 02:35:00+00:00,-65.262787
2010-09-24 02:36:00+00:00,-71.703941
2010-09-24 02:37:00+00:00,-67.450958
2010-09-24 02:38:00+00:00,-63.295216
2010-09-24 02:39:00+00:00,-58.929054
2010-09-24 02:40:00+00:00,-43.991116
2010-09-24 02:41:00+00:00,-36.26284
2010-09-24 02:42:00+00:00,-40.79998
2010-09-24 02:43:00+00:00,-40.501263
2010-09-24 02:44:00+00:00,-52.417622
2010-09-24 02:45:00+00:00,-61.121017
2010-09-24 02:46:00+00:00,-65.974869
2010-09-24 02:47:00+00:00,-77.183273
2010-10-01 00:00:00+00:00,-49.776672
2010-10-01 00:01:00+00:00,-50.070648
2010-10-01 00:02:00+00:00,-51.116974
2010-10-01 00:03:00+00:00,-51.653954
2010-10-01 00:04:00+00:00,-52.025364
2010-10-01 00:05:00+00:00,-51.646267
2010-10-01 00:06:00+00:00,-51.639389
2010-10-01 00:07:00+00:00,-51.455631
2010-10-01 00:08:00+00:00,-50.733353
2010-10-01 00:09:00+00:00,-50.321213
2010-10-01 00:10:00+00:00,-50.562016
2010-10-01 00:11:00+00:00,-50.652065
2010-10-01 00:12:00+00:00,-50.172447
2010-10-01 00:13:00+00:00,-49.913223
2010-10-01 00:14:00+00:00,-49.696259
2010-10-01 00:15:00+00:00,-50.309532
2010-10-01 00:16:00+00:00,-50.738003
2010-10-01 00:17:00+00:00,-51.299076
2010-10-01 00:18:00+00:00,-50.890236
2010-10-01 00:19:00+00:00,-50.042763
2010-10-01 00:20:00+00:00,-49.100426
2010-10-01 00:21:00+00:00,-49.387985
2010-10-01 00:22:00+00:00,-51.227676
2010-10-01 00:23:00+00:00,-51.447189
2010-10-01 00:24:00+00:00,-50.936199
2010-10-01 00:25:00+00:00,-49.474026
2010-10-01 00:26:00+00:00,-49.800926
2010-10-01 00:27:00+00:00,-50.58197
2010-10-01 00:28:00+00:00,-51.171665
2010-10-01 00:29:00+00:00,-51.745369
2010-10-01 00:30:00+00:00,-52.674133
2010-10-01 00:31:00+00:00,-53.428974
2010-10-01 00:32:00+00:00,-53.663994
2010-10-01 00:33:00+00:00,-53.259094
2010-10-01 00:34:00+00:00,-52.307068
2010-10-01 00:35:00+00:00,-51.008129
2010-10-01 00:36:00+00:00,-50.350082
2010-10-01 00:37:00+00:00,-50.944294
2010-10-01 00:38:00+00:00,-51.13892
2010-10-01 00:39:00+00:00,-50.597069
2010-10-01 00:40:00+00:00,-49.187901
2010-10-01 00:41:00+00:00,-49.32452
2010-10-01 00:42:00+00:00,-49.081165
2010-10-01 00:43:00+00:00,-49.322113
2010-10-01 00:44:00+00:00,-48.541004
2010-10-01 00:45:00+00:00,-48.406872
2010-10-01 00:46:00+00:00,-48.446453
2010-10-01 00:47:00+00:00,-48.830418
2010-10-01 00:48:00+00:00,-47.229401
2010-10-01 00:49:00+00:00,-46.479103
2010-10-01 00:50:00+00:00,-48.345833
2010-10-01 00:51:00+00:00,-49.05658
2010-10-01 00:52:00+00:00,-49.807693
2010-10-01 00:53:00+00:00,-50.235226
2010-10-01 00:54:00+00:00,-52.126534
2010-10-01 00:55:00+00:00,-54.916435
2010-10-01 00:56:00+00:00,-56.361042
2010-10-01 00:57:00+00:00,-56.374657
2010-10-01 00:58:00+00:00,-56.039322
2010-10-01 00:59:00+00:00,-55.415211
2010-10-01 01:00:00+00:00,-55.266762
2010-10-01 01:01:00+00:00,-54.579208
2010-10-01 01:02:00+00:00,-53.791046
2010-10-01 01:03:00+00:00,-53.543625
2010-10-01 01:04:00+00:00,-53.381615
2010-10-01 01:05:00+00:00,-53.195869
2010-10-01 01:06:00+00:00,-53.102318
2010-10-01 01:07:00+00:00,-52.615192
2010-10-01 01:08:00+00:00,-53.314758
2010-10-01 01:09:00+00:00,-55.48909
2010-10-01 01:10:00+00:00,-101.259247
2010-10-01 01:11:00+00:00,-105.469315
2010-10-01 01:12:00+00:00,-100.242096
2010-10-01 01:13:00+00:00,-98.524834
2010-10-01 01:14:00+00:00,-98.202087
2010-10-01 01:15:00+00:00,-91.279099
2010-10-01 01:16:00+00:00,-83.18045
2010-10-01 01:17:00+00:00,-74.034065
2010-10-01 01:18:00+00:00,-65.80378
2010-10-01 01:19:00+00:00,-73.969078
2010-10-01 01:20:00+00:00,-83.93618
2010-10-01 01:21:00+00:00,-93.435387
2010-10-01 01:22:00+00:00,-103.56562
2010-10-01 01:23:00+00:00,-105.643112
2010-10-01 01:24:00+00:00,-126.994019
2010-10-01 01:25:00+00:00,-124.218895
2010-10-01 01:26:00+00:00,-121.278664
2010-10-01 01:27:00+00:00,-121.169403
2010-10-01 01:28:00+00:00,-125.916481
2010-10-01 01:29:00+00:00,-123.220871
2010-10-01 01:30:00+00:00,-125.494034
2010-10-01 01:31:00+00:00,-116.552422
2010-10-01 01:32:00+00:00,-90.112999
2010-10-01 01:33:00+00:00,-100.151337
2010-10-01 01:34:00+00:00,-127.957451
2010-10-01 01:35:00+00:00,-109.620186
2010-10-01 01:36:00+00:00,-83.996788
2010-10-01 01:37:00+00:00,-90.083626
2010-10-01 01:38:00+00:00,-78.60807
2010-10-01 01:39:00+00:00,-78.050552
2010-10-01 01:40:00+00:00,-80.934502
2010-10-01 01:41:00+00:00,-86.468872
2010-10-01 01:42:00+00:00,-97.493484
2010-10-01 01:43:00+00:00,-112.141129
2010-10-01 01:44:00+00:00,-105.183128
2010-10-01 01:45:00+00:00,-99.568947
2010-10-01 01:46:00+00:00,-94.474213
2010-10-01 01:47:00+00:00,-100.215309
2010-10-01 01:48:00+00:00,-117.263878
2010-10-01 01:49:00+00:00,-121.76152
2010-10-01 01:50:00+00:00,-115.687683
2010-10-01 01:51:00+00:00,-117.341995
2010-10-01 01:52:00+00:00,-122.957169
2010-10-01 01:53:00+00:00,-131.902176
2010-10-01 01:54:00+00:00,-124.049057
2010-10-01 01:55:00+00:00,-130.649734
2010-10-01 01:56:00+00:00,-133.929779
2010-10-01 01:57:00+00:00,-146.096207
2010-10-01 01:58:00+00:00,-135.548386
2010-10-01 01:59:00+00:00,-112.228447
2010-10-01 02:00:00+00:00,-100.964966
2010-10-01 02:01:00+00:00,-94.610405
2010-10-01 02:02:00+00:00,-103.962776
2010-10-01 02:03:00+00:00,-105.257408
2010-10-01 02:04:00+00:00,-109.769691
2010-10-01 02:05:00+00:00,-107.882423
2010-10-01 02:06:00+00:00,-100.766212
2010-10-01 02:07:00+00:00,-103.150108
2010-10-01 02:08:00+00:00,-106.69986
2010-10-01 02:09:00+00:00,-112.050201
2010-10-01 02:10:00+00:00,-115.820946
2010-10-01 02:11:00+00:00,-119.011536
2010-10-01 02:12:00+00:00,-108.054138
2010-10-01 02:13:00+00:00,-111.078445
2010-10-01 02:14:00+00:00,-116.194969
2010-10-01 02:15:00+00:00,-117.472687
2010-10-01 02:16:00+00:00,-114.566559
2010-10-01 02:17:00+00:00,-105.995117
2010-10-01 02:18:00+00:00,-92.926338
2010-10-01 02:19:00+00:00,-105.11039
2010-10-01 02:20:00+00:00,-109.486626
2010-10-01 02:21:00+00:00,-104.301125
2010-10-01 02:22:00+00:00,-93.359619
2010-10-01 02:23:00+00:00,-94.221855
2010-10-01 02:24:00+00:00,-91.340576
2010-10-01 02:25:00+00:00,-86.985306
2010-10-01 02:26:00+00:00,-86.498802
2010-10-01 02:27:00+00:00,-86.558792
2010-10-01 02:28:00+00:00,-86.157455
2010-10-01 02:29:00+00:00,-84.325546
2010-10-01 02:30:00+00:00,-79.644073
2010-10-01 02:31:00+00:00,-74.444649
2010-10-01 02:32:00+00:00,-72.962982
2010-10-01 02:33:00+00:00,-72.980583
2010-10-01 02:34:00+00:00,-71.530037
2010-10-01 02:35:00+00:00,-67.288582
2010-10-01 02:36:00+00:00,-63.432247
2010-10-01 02:37:00+00:00,-64.102783
2010-10-01 02:38:00+00:00,-66.663246
2010-10-01 02:39:00+00:00,-71.030106
2010-10-01 02:40:00+00:00,-75.224205
2010-10-01 02:41:00+00:00,-77.790459
2010-10-01 02:42:00+00:00,-79.710304
2010-10-01 02:43:00+00:00,-82.588715
2010-10-01 02:44:00+00:00,-83.21209
2010-10-01 02:45:00+00:00,-83.017403
2010-10-01 02:46:00+00:00,-82.179703
2010-10-01 02:47:00+00:00,-80.627213
2010-10-08 00:00:00+00:00,-154.764328
2010-10-08 00:01:00+00:00,-152.838425
2010-10-08 00:02:00+00:00,-149.34584
2010-10-08 00:03:00+00:00,-144.334641
2010-10-08 00:04:00+00:00,-143.453445
2010-10-08 00:05:00+00:00,-159.960938
2010-10-08 00:06:00+00:00,-154.147324
2010-10-08 00:07:00+00:00,-164.292084
2010-10-08 00:08:00+00:00,-161.433258
2010-10-08 00:09:00+00:00,-180.420242
2010-10-08 00:10:00+00:00,-180.434937
2010-10-08 00:11:00+00:00,-195.40387
2010-10-08 00:12:00+00:00,-225.303238
2010-10-08 00:13:00+00:00,-289.572296
2010-10-08 00:14:00+00:00,-262.190216
2010-10-08 00:15:00+00:00,-272.178375
2010-10-08 00:16:00+00:00,-245.899811
2010-10-08 00:17:00+00:00,-282.828217
2010-10-08 00:18:00+00:00,-281.523346
2010-10-08 00:19:00+00:00,-290.206055
2010-10-08 00:20:00+00:00,-278.244751
2010-10-08 00:21:00+00:00,-302.05777
2010-10-08 00:22:00+00:00,-302.915497
2010-10-08 00:23:00+00:00,-316.808441
2010-10-08 00:24:00+00:00,-310.715332
2010-10-08 00:25:00+00:00,-317.238892
2010-10-08 00:26:00+00:00,-318.75238
2010-10-08 00:27:00+00:00,-317.496155
2010-10-08 00:28:00+00:00,-320.844482
2010-10-08 00:29:00+00:00,-314.291046
2010-10-08 00:30:00+00:00,-316.347198
2010-10-08 00:31:00+00:00,-317.25708
2010-10-08 00:32:00+00:00,-321.45575
2010-10-08 00:33:00+00:00,-320.6521
2010-10-08 00:34:00+00:00,-302.810883
2010-10-08 00:35:00+00:00,-293.231781
2010-10-08 00:36:00+00:00,-267.110291
2010-10-08 00:37:00+00:00,-269.968567
2010-10-08 00:38:00+00:00,-266.889526
2010-10-08 00:39:00+00:00,-268.439514
2010-10-08 00:40:00+00:00,-269.999481
2010-10-08 00:41:00+00:00,-279.357758
2010-10-08 00:42:00+00:00,-273.436157
2010-10-08 00:43:00+00:00,-285.883026
2010-10-08 00:44:00+00:00,-335.343109
2010-10-08 00:45:00+00:00,-416.179901
2010-10-08 00:46:00+00:00,-416.614166
2010-10-08 00:47:00+00:00,-388.818848
2010-10-08 00:48:00+00:00,-391.076172
2010-10-08 00:49:00+00:00,-352.699677
2010-10-08 00:50:00+00:00,-409.569885
2010-10-08 00:51:00+00:00,-518.036743
2010-10-08 00:52:00+00:00,-480.174652
2010-10-08 00:53:00+00:00,-487.98114
2010-10-08 00:54:00+00:00,-488.448395
2010-10-08 00:55:00+00:00,-435.784546
2010-10-08 00:56:00+00:00,-370.95459
2010-10-08 00:57:00+00:00,-364.386078
2010-10-08 00:58:00+00:00,-360.837067
2010-10-08 00:59:00+00:00,-366.428528
2010-10-08 01:00:00+00:00,-357.078827
2010-10-08 01:01:00+00:00,-353.278778
2010-10-08 01:02:00+00:00,-340.475342
2010-10-08 01:03:00+00:00,-330.302551
2010-10-08 01:04:00+00:00,-328.313782
2010-10-08 01:05:00+00:00,-358.823792
2010-10-08 01:06:00+00:00,-429.844879
2010-10-08 01:07:00+00:00,-436.271301
2010-10-08 01:08:00+00:00,-364.267761
2010-10-08 01:09:00+00:00,-328.368347
2010-10-08 01:10:00+00:00,-315.213501
2010-10-08 01:11:00+00:00,-307.931427
2010-10-08 01:12:00+00:00,-317.060028
2010-10-08 01:13:00+00:00,-330.314026
2010-10-08 01:14:00+00:00,-348.132019
2010-10-08 01:15:00+00:00,-354.412659
2010-10-08 01:16:00+00:00,-350.776184
2010-10-08 01:17:00+00:00,-354.936249
2010-10-08 01:18:00+00:00,-350.968903
2010-10-08 01:19:00+00:00,-342.705597
2010-10-08 01:20:00+00:00,-329.395416
2010-10-08 01:21:00+00:00,-322.970673
2010-10-08 01:22:00+00:00,-314.327179
2010-10-08 01:23:00+00:00,-328.173553
2010-10-08 01:24:00+00:00,-326.566223
2010-10-08 01:25:00+00:00,-313.668182
2010-10-08 01:26:00+00:00,-297.140381
2010-10-08 01:27:00+00:00,-286.831696
2010-10-08 01:28:00+00:00,-280.014282
2010-10-08 01:29:00+00:00,-267.390259
2010-10-08 01:30:00+00:00,-256.936188
2010-10-08 01:31:00+00:00,-248.598877
2010-10-08 01:32:00+00:00,-248.35997
2010-10-08 01:33:00+00:00,-248.377884
2010-10-08 01:34:00+00:00,-244.468155
2010-10-08 01:35:00+00:00,-246.296402
2010-10-08 01:36:00+00:00,-246.869812
2010-10-08 01:37:00+00:00,-239.136169
2010-10-08 01:38:00+00:00,-231.458679
2010-10-08 01:39:00+00:00,-214.708252
2010-10-08 01:40:00+00:00,-209.721588
2010-10-08 01:41:00+00:00,-199.788559
2010-10-08 01:42:00+00:00,-198.568161
2010-10-08 01:43:00+00:00,-201.840469
2010-10-08 01:44:00+00:00,-199.164261
2010-10-08 01:45:00+00:00,-199.713394
2010-10-08 01:46:00+00:00,-197.919708
2010-10-08 01:47:00+00:00,-192.117004
2010-10-08 01:48:00+00:00,-184.890991
2010-10-08 01:49:00+00:00,-183.233719
2010-10-08 01:50:00+00:00,-173.121185
2010-10-08 01:51:00+00:00,-169.443176
2010-10-08 01:52:00+00:00,-164.932266
2010-10-08 01:53:00+00:00,-161.698914
2010-10-08 01:54:00+00:00,-157.304474
2010-10-08 01:55:00+00:00,-153.176834
2010-10-08 01:56:00+00:00,-145.308777
2010-10-08 01:57:00+00:00,-142.12999
2010-10-08 01:58:00+00:00,-140.644211
2010-10-08 01:59:00+00:00,-139.131073
2010-10-08 02:00:00+00:00,-135.936066
2010-10-08 02:01:00+00:00,-131.988724
2010-10-08 02:02:00+00:00,-132.62709
2010-10-08 02:03:00+00:00,-132.903793
2010-10-08 02:04:00+00:00,-134.24649
2010-10-08 02:05:00+00:00,-135.5271
2010-10-08 02:06:00+00:00,-134.892776
2010-10-08 02:07:00+00:00,-136.846222
2010-10-08 02:08:00+00:00,-137.425705
2010-10-08 02:09:00+00:00,-144.728882
2010-10-08 02:10:00+00:00,-145.451996
2010-10-08 02:11:00+00:00,-141.649734
2010-10-08 02:12:00+00:00,-136.928497
2010-10-08 02:13:00+00:00,-139.92305
2010-10-08 02:14:00+00:00,-140.028168
2010-10-08 02:15:00+00:00,-136.382889
2010-10-08 02:16:00+00:00,-137.944336
2010-10-08 02:17:00+00:00,-140.479691
2010-10-08 02:18:00+00:00,-138.21524
2010-10-08 02:19:00+00:00,-138.7388
2010-10-08 02:20:00+00:00,-140.666489
2010-10-08 02:21:00+00:00,-141.815842
2010-10-08 02:22:00+00:00,-134.708405
2010-10-08 02:23:00+00:00,-132.261826
2010-10-08 02:24:00+00:00,-132.621582
2010-10-08 02:25:00+00:00,-135.320892
2010-10-08 02:26:00+00:00,-147.662445
2010-10-08 02:27:00+00:00,-137.848373
2010-10-08 02:28:00+00:00,-126.173592
2010-10-08 02:29:00+00:00,-121.276466
2010-10-08 02:30:00+00:00,-120.18383
2010-10-08 02:31:00+00:00,-111.409241
2010-10-08 02:32:00+00:00,-109.898468
2010-10-08 02:33:00+00:00,-116.058411
2010-10-08 02:34:00+00:00,-113.161812
2010-10-08 02:35:00+00:00,-107.66272
2010-10-08 02:36:00+00:00,-110.276909
2010-10-08 02:37:00+00:00,-114.084389
2010-10-08 02:38:00+00:00,-120.162231
2010-10-08 02:39:00+00:00,-125.691055
2010-10-08 02:40:00+00:00,-126.822144
2010-10-08 02:41:00+00:00,-127.940216
2010-10-08 02:42:00+00:00,-122.984657
2010-10-08 02:43:00+00:00,-118.624359
2010-10-08 02:44:00+00:00,-120.288124
2010-10-08 02:45:00+00:00,-119.022461
2010-10-08 02:46:00+00:00,-117.25811
2010-10-08 02:47:00+00:00,-116.994049
2010-10-15 00:00:00+00:00,-65.143158
2010-10-15 00:01:00+00:00,-48.343269
2010-10-15 00:02:00+00:00,-36.539131
2010-10-15 00:03:00+00:00,-32.573658
2010-10-15 00:04:00+00:00,-31.443489
2010-10-15 00:05:00+00:00,-32.123169
2010-10-15 00:06:00+00:00,-31.809059
2010-10-15 00:07:00+00:00,-31.902403
2010-10-15 00:08:00+00:00,-31.503851
2010-10-15 00:09:00+00:00,-31.651493
2010-10-15 00:10:00+00:00,-31.759399
2010-10-15 00:11:00+00:00,-31.649834
2010-10-15 00:12:00+00:00,-30.805229
2010-10-15 00:13:00+00:00,-33.585938
2010-10-15 00:14:00+00:00,-33.794842
2010-10-15 00:15:00+00:00,-31.033234
2010-10-15 00:16:00+00:00,-33.14695
2010-10-15 00:17:00+00:00,-33.589127
2010-10-15 00:18:00+00:00,-30.427147
2010-10-15 00:19:00+00:00,-30.211796
2010-10-15 00:20:00+00:00,-27.90304
2010-10-15 00:21:00+00:00,-28.208128
2010-10-15 00:22:00+00:00,-28.742859
2010-10-15 00:23:00+00:00,-27.172482
2010-10-15 00:24:00+00:00,-24.868092
2010-10-15 00:25:00+00:00,-25.962509
2010-10-15 00:26:00+00:00,-27.969406
2010-10-15 00:27:00+00:00,-29.300896
2010-10-15 00:28:00+00:00,-29.711872
2010-10-15 00:29:00+00:00,-31.066891
2010-10-15 00:30:00+00:00,-31.499157
2010-10-15 00:31:00+00:00,-31.976641
2010-10-15 00:32:00+00:00,-31.590084
2010-10-15 00:33:00+00:00,-31.350241
2010-10-15 00:34:00+00:00,-31.282518
2010-10-15 00:35:00+00:00,-31.311737
2010-10-15 00:36:00+00:00,-30.853304
2010-10-15 00:37:00+00:00,-30.860634
2010-10-15 00:38:00+00:00,-31.428818
2010-10-15 00:39:00+00:00,-30.879158
2010-10-15 00:40:00+00:00,-29.9021
2010-10-15 00:41:00+00:00,-29.327732
2010-10-15 00:42:00+00:00,-29.274239
2010-10-15 00:43:00+00:00,-27.531673
2010-10-15 00:44:00+00:00,-27.617086
2010-10-15 00:45:00+00:00,-28.455414
2010-10-15 00:46:00+00:00,-29.874245
2010-10-15 00:47:00+00:00,-32.311089
2010-10-15 00:48:00+00:00,-33.303078
2010-10-15 00:49:00+00:00,-30.049444
2010-10-15 00:50:00+00:00,-29.249416
2010-10-15 00:51:00+00:00,-28.372295
2010-10-15 00:52:00+00:00,-26.75103
2010-10-15 00:53:00+00:00,-26.897873
2010-10-15 00:54:00+00:00,-28.418304
2010-10-15 00:55:00+00:00,-28.324062
2010-10-15 00:56:00+00:00,-27.266523
2010-10-15 00:57:00+00:00,-30.930277
2010-10-15 00:58:00+00:00,-33.894344
2010-10-15 00:59:00+00:00,-53.911278
2010-10-15 01:00:00+00:00,-49.930634
2010-10-15 01:01:00+00:00,-29.973948
2010-10-15 01:02:00+00:00,-31.319399
2010-10-15 01:03:00+00:00,-32.186859
2010-10-15 01:04:00+00:00,-32.026527
2010-10-15 01:05:00+00:00,-32.292492
2010-10-15 01:06:00+00:00,-31.398621
2010-10-15 01:07:00+00:00,-31.419537
2010-10-15 01:08:00+00:00,-32.492718
2010-10-15 01:09:00+00:00,-32.845703
2010-10-15 01:10:00+00:00,-32.286102
2010-10-15 01:11:00+00:00,-32.529739
2010-10-15 01:12:00+00:00,-32.871521
2010-10-15 01:13:00+00:00,-32.750908
2010-10-15 01:14:00+00:00,-32.56625
2010-10-15 01:15:00+00:00,-32.371426
2010-10-15 01:16:00+00:00,-32.428062
2010-10-15 01:17:00+00:00,-32.603336
2010-10-15 01:18:00+00:00,-32.87674
2010-10-15 01:19:00+00:00,-32.98167
2010-10-15 01:20:00+00:00,-33.101715
2010-10-15 01:21:00+00:00,-32.438065
2010-10-15 01:22:00+00:00,-32.147915
2010-10-15 01:23:00+00:00,-31.587711
2010-10-15 01:24:00+00:00,-31.70179
2010-10-15 01:25:00+00:00,-31.246004
2010-10-15 01:26:00+00:00,-31.340469
2010-10-15 01:27:00+00:00,-32.727367
2010-10-15 01:28:00+00:00,-31.582479
2010-10-15 01:29:00+00:00,-30.785805
2010-10-15 01:30:00+00:00,-30.857616
2010-10-15 01:31:00+00:00,-30.679873
2010-10-15 01:32:00+00:00,-32.890285
2010-10-15 01:33:00+00:00,-31.165617
2010-10-15 01:34:00+00:00,-31.548832
2010-10-15 01:35:00+00:00,-31.733288
2010-10-15 01:36:00+00:00,-33.026825
2010-10-15 01:37:00+00:00,-32.268864
2010-10-15 01:38:00+00:00,-30.369762
2010-10-15 01:39:00+00:00,-33.722099
2010-10-15 01:40:00+00:00,-32.033886
2010-10-15 01:41:00+00:00,-32.964298
2010-10-15 01:42:00+00:00,-32.32291
2010-10-15 01:43:00+00:00,-30.987648
2010-10-15 01:44:00+00:00,-34.307472
2010-10-15 01:45:00+00:00,-31.316902
2010-10-15 01:46:00+00:00,-33.148087
2010-10-15 01:47:00+00:00,-34.975826
2010-10-15 01:48:00+00:00,-31.276688
2010-10-15 01:49:00+00:00,-33.619026
2010-10-15 01:50:00+00:00,-33.411049
2010-10-15 01:51:00+00:00,-33.077007
2010-10-15 01:52:00+00:00,-33.542828
2010-10-15 01:53:00+00:00,-34.637039
2010-10-15 01:54:00+00:00,-32.853786
2010-10-15 01:55:00+00:00,-32.946976
2010-10-15 01:56:00+00:00,-32.873638
2010-10-15 01:57:00+00:00,-32.910141
2010-10-15 01:58:00+00:00,-33.21566
2010-10-15 01:59:00+00:00,-34.341522
2010-10-15 02:00:00+00:00,-33.90287
2010-10-15 02:01:00+00:00,-34.398399
2010-10-15 02:02:00+00:00,-34.3321
2010-10-15 02:03:00+00:00,-33.885593
2010-10-15 02:04:00+00:00,-33.121353
2010-10-15 02:05:00+00:00,-33.38311
2010-10-15 02:06:00+00:00,-33.247665
2010-10-15 02:07:00+00:00,-32.147297
2010-10-15 02:08:00+00:00,-30.903904
2010-10-15 02:09:00+00:00,-33.646374
2010-10-15 02:10:00+00:00,-33.820972
2010-10-15 02:11:00+00:00,-33.479431
2010-10-15 02:12:00+00:00,-30.808254
2010-10-15 02:13:00+00:00,-34.263474
2010-10-15 02:14:00+00:00,-34.804813
2010-10-15 02:15:00+00:00,-32.191471
2010-10-15 02:16:00+00:00,-32.319687
2010-10-15 02:17:00+00:00,-33.444321
2010-10-15 02:18:00+00:00,-33.666912
2010-10-15 02:19:00+00:00,-32.729622
2010-10-15 02:20:00+00:00,-32.345322
2010-10-15 02:21:00+00:00,-32.807785
2010-10-15 02:22:00+00:00,-33.08604
2010-10-15 02:23:00+00:00,-32.563698
2010-10-15 02:24:00+00:00,-32.711441
2010-10-15 02:25:00+00:00,-32.972599
2010-10-15 02:26:00+00:00,-32.789536
2010-10-15 02:27:00+00:00,-32.177856
2010-10-15 02:28:00+00:00,-32.33382
2010-10-15 02:29:00+00:00,-34.25631
2010-10-15 02:30:00+00:00,-33.417221
2010-10-15 02:31:00+00:00,-33.561794
2010-10-15 02:32:00+00:00,-32.121872
2010-10-15 02:33:00+00:00,-31.662863
2010-10-15 02:34:00+00:00,-31.043135
2010-10-15 02:35:00+00:00,-33.640591
2010-10-15 02:36:00+00:00,-32.584068
2010-10-15 02:37:00+00:00,-31.426376
2010-10-15 02:38:00+00:00,-31.338327
2010-10-15 02:39:00+00:00,-31.355057
2010-10-15 02:40:00+00:00,-33.387665
2010-10-15 02:41:00+00:00,-30.936132
2010-10-15 02:42:00+00:00,-31.591248
2010-10-15 02:43:00+00:00,-32.920372
2010-10-15 02:44:00+00:00,-33.254536
2010-10-15 02:45:00+00:00,-31.706987
2010-10-15 02:46:00+00:00,-40.82119
2010-10-15 02:47:00+00:00,-40.280304
2010-10-22 00:00:00+00:00,-22.151134
2010-10-22 00:01:00+00:00,-22.799835
2010-10-22 00:02:00+00:00,-22.827936
2010-10-22 00:03:00+00:00,-22.640738
2010-10-22 00:04:00+00:00,-22.884758
2010-10-22 00:05:00+00:00,-23.333466
2010-10-22 00:06:00+00:00,-23.409771
2010-10-22 00:07:00+00:00,-23.357784
2010-10-22 00:08:00+00:00,-23.201008
2010-10-22 00:09:00+00:00,-23.314476
2010-10-22 00:10:00+00:00,-23.55076
2010-10-22 00:11:00+00:00,-23.643288
2010-10-22 00:12:00+00:00,-23.77471
2010-10-22 00:13:00+00:00,-23.903046
2010-10-22 00:14:00+00:00,-23.658245
2010-10-22 00:15:00+00:00,-23.548136
2010-10-22 00:16:00+00:00,-23.654781
2010-10-22 00:17:00+00:00,-23.835634
2010-10-22 00:18:00+00:00,-24.054594
2010-10-22 00:19:00+00:00,-24.426928
2010-10-22 00:20:00+00:00,-23.948759
2010-10-22 00:21:00+00:00,-23.500965
2010-10-22 00:22:00+00:00,-23.048454
2010-10-22 00:23:00+00:00,-22.448662
2010-10-22 00:24:00+00:00,-22.234823
2010-10-22 00:25:00+00:00,-21.762436
2010-10-22 00:26:00+00:00,-21.964153
2010-10-22 00:27:00+00:00,-22.047033
2010-10-22 00:28:00+00:00,-22.115644
2010-10-22 00:29:00+00:00,-22.322289
2010-10-22 00:30:00+00:00,-22.773476
2010-10-22 00:31:00+00:00,-22.890072
2010-10-22 00:32:00+00:00,-23.00893
2010-10-22 00:33:00+00:00,-22.937651
2010-10-22 00:34:00+00:00,-22.645935
2010-10-22 00:35:00+00:00,-22.671848
2010-10-22 00:36:00+00:00,-22.734228
2010-10-22 00:37:00+00:00,-22.612137
2010-10-22 00:38:00+00:00,-22.470692
2010-10-22 00:39:00+00:00,-22.270813
2010-10-22 00:40:00+00:00,-21.973412
2010-10-22 00:41:00+00:00,-21.961285
2010-10-22 00:42:00+00:00,-22.161163
2010-10-22 00:43:00+00:00,-22.328047
2010-10-22 00:44:00+00:00,-22.389376
2010-10-22 00:45:00+00:00,-22.217333
2010-10-22 00:46:00+00:00,-22.182014
2010-10-22 00:47:00+00:00,-22.299023
2010-10-22 00:48:00+00:00,-22.739235
2010-10-22 00:49:00+00:00,-22.751656
2010-10-22 00:50:00+00:00,-22.439774
2010-10-22 00:51:00+00:00,-22.575184
2010-10-22 00:52:00+00:00,-22.686897
2010-10-22 00:53:00+00:00,-22.585575
2010-10-22 00:54:00+00:00,-22.723339
2010-10-22 00:55:00+00:00,-22.751539
2010-10-22 00:56:00+00:00,-22.831285
2010-10-22 00:57:00+00:00,-22.902006
2010-10-22 00:58:00+00:00,-23.192286
2010-10-22 00:59:00+00:00,-23.155043
2010-10-22 01:00:00+00:00,-59.186493
2010-10-22 01:01:00+00:00,-59.160515
2010-10-22 01:02:00+00:00,-58.132885
2010-10-22 01:03:00+00:00,-57.107597
2010-10-22 01:04:00+00:00,-57.081814
2010-10-22 01:05:00+00:00,-57.057579
2010-10-22 01:06:00+00:00,-58.032341
2010-10-22 01:07:00+00:00,-58.009537
2010-10-22 01:08:00+00:00,-57.986595
2010-10-22 01:09:00+00:00,-58.966537
2010-10-22 01:10:00+00:00,-58.947498
2010-10-22 01:11:00+00:00,-58.928593
2010-10-22 01:12:00+00:00,-58.909904
2010-10-22 01:13:00+00:00,-59.892044
2010-10-22 01:14:00+00:00,-59.876064
2010-10-22 01:15:00+00:00,-59.861549
2010-10-22 01:16:00+00:00,-59.849571
2010-10-22 01:17:00+00:00,-58.839241
2010-10-22 01:18:00+00:00,-59.829666
2010-10-22 01:19:00+00:00,-58.821922
2010-10-22 01:20:00+00:00,-59.818043
2010-10-22 01:21:00+00:00,-59.814163
2010-10-22 01:22:00+00:00,-60.813469
2010-10-22 01:23:00+00:00,-59.81398
2010-10-22 01:24:00+00:00,-59.816769
2010-10-22 01:25:00+00:00,-59.823875
2010-10-22 01:26:00+00:00,-59.833435
2010-10-22 01:27:00+00:00,-59.842606
2010-10-22 01:28:00+00:00,-59.856808
2010-10-22 01:29:00+00:00,-59.871414
2010-10-22 01:30:00+00:00,-59.890785
2010-10-22 01:31:00+00:00,-60.913391
2010-10-22 01:32:00+00:00,-60.938461
2010-10-22 01:33:00+00:00,-59.965843
2010-10-22 01:34:00+00:00,-58.998302
2010-10-22 01:35:00+00:00,-61.031769
2010-10-22 01:36:00+00:00,-59.071163
2010-10-22 01:37:00+00:00,-61.112106
2010-10-22 01:38:00+00:00,-61.156509
2010-10-22 01:39:00+00:00,-60.204208
2010-10-22 01:40:00+00:00,-60.251141
2010-10-22 01:41:00+00:00,-60.301048
2010-10-22 01:42:00+00:00,-60.351814
2010-10-22 01:43:00+00:00,-61.406837
2010-10-22 01:44:00+00:00,-61.46085
2010-10-22 01:45:00+00:00,-61.51622
2010-10-22 01:46:00+00:00,-61.573761
2010-10-22 01:47:00+00:00,-61.631359
2010-10-22 01:48:00+00:00,-60.689835
2010-10-22 01:49:00+00:00,-59.749027
2010-10-22 01:50:00+00:00,-23.669094
2010-10-22 01:51:00+00:00,-23.882858
2010-10-22 01:52:00+00:00,-23.841331
2010-10-22 01:53:00+00:00,-23.411274
2010-10-22 01:54:00+00:00,-22.66589
2010-10-22 01:55:00+00:00,-21.988941
2010-10-22 01:56:00+00:00,-22.037619
2010-10-22 01:57:00+00:00,-23.002317
2010-10-22 01:58:00+00:00,-23.322081
2010-10-22 01:59:00+00:00,-23.930248
2010-10-22 02:00:00+00:00,-24.399651
2010-10-22 02:01:00+00:00,-23.887802
2010-10-22 02:02:00+00:00,-23.522888
2010-10-22 02:03:00+00:00,-23.482613
2010-10-22 02:04:00+00:00,-23.516954
2010-10-22 02:05:00+00:00,-23.923733
2010-10-22 02:06:00+00:00,-24.096165
2010-10-22 02:07:00+00:00,-23.940134
2010-10-22 02:08:00+00:00,-23.558804
2010-10-22 02:09:00+00:00,-23.381834
2010-10-22 02:10:00+00:00,-23.511738
2010-10-22 02:11:00+00:00,-23.261967
2010-10-22 02:12:00+00:00,-23.491867
2010-10-22 02:13:00+00:00,-23.670868
2010-10-22 02:14:00+00:00,-23.01726
2010-10-22 02:15:00+00:00,-22.640116
2010-10-22 02:16:00+00:00,-22.473982
2010-10-22 02:17:00+00:00,-22.178984
2010-10-22 02:18:00+00:00,-22.03244
2010-10-22 02:19:00+00:00,-22.282372
2010-10-22 02:20:00+00:00,-22.636759
2010-10-22 02:21:00+00:00,-22.370701
2010-10-22 02:22:00+00:00,-22.030594
2010-10-22 02:23:00+00:00,-21.791931
2010-10-22 02:24:00+00:00,-21.496481
2010-10-22 02:25:00+00:00,-21.610039
2010-10-22 02:26:00+00:00,-22.093515
2010-10-22 02:27:00+00:00,-22.340437
2010-10-22 02:28:00+00:00,-21.829967
2010-10-22 02:29:00+00:00,-21.11541
2010-10-22 02:30:00+00:00,-20.423983
2010-10-22 02:31:00+00:00,-20.168129
2010-10-22 02:32:00+00:00,-20.605944
2010-10-22 02:33:00+00:00,-21.490318
2010-10-22 02:34:00+00:00,-25.350119
2010-10-22 02:35:00+00:00,-35.696877
2010-10-22 02:36:00+00:00,-34.719955
2010-10-22 02:37:00+00:00,-27.502401
2010-10-22 02:38:00+00:00,-23.908377
2010-10-22 02:39:00+00:00,-24.528666
2010-10-22 02:40:00+00:00,-30.242134
2010-10-22 02:41:00+00:00,-22.630297
2010-10-22 02:42:00+00:00,-22.334558
2010-10-22 02:43:00+00:00,-22.593071
2010-10-22 02:44:00+00:00,-21.885857
2010-10-22 02:45:00+00:00,-19.924503
2010-10-22 02:46:00+00:00,-19.133776
2010-10-22 02:47:00+00:00,-19.971638
2010-10-29 00:00:00+00:00,-29.890045
2010-10-29 00:01:00+00:00,-30.601551
2010-10-29 00:02:00+00:00,-31.290333
2010-10-29 00:03:00+00:00,-31.975903
2010-10-29 00:04:00+00:00,-32.086952
2010-10-29 00:05:00+00:00,-32.927166
2010-10-29 00:06:00+00:00,-33.106976
2010-10-29 00:07:00+00:00,-33.773643
2010-10-29 00:08:00+00:00,-34.502426
2010-10-29 00:09:00+00:00,-34.828461
2010-10-29 00:10:00+00:00,-34.988045
2010-10-29 00:11:00+00:00,-34.477261
2010-10-29 00:12:00+00:00,-34.289249
2010-10-29 00:13:00+00:00,-34.563847
2010-10-29 00:14:00+00:00,-35.31039
2010-10-29 00:15:00+00:00,-35.496834
2010-10-29 00:16:00+00:00,-35.93956
2010-10-29 00:17:00+00:00,-36.039917
2010-10-29 00:18:00+00:00,-35.405304
2010-10-29 00:19:00+00:00,-34.497612
2010-10-29 00:20:00+00:00,-33.951591
2010-10-29 00:21:00+00:00,-33.235287
2010-10-29 00:22:00+00:00,-33.508255
2010-10-29 00:23:00+00:00,-33.746342
2010-10-29 00:24:00+00:00,-33.509098
2010-10-29 00:25:00+00:00,-33.200806
2010-10-29 00:26:00+00:00,-32.86636
2010-10-29 00:27:00+00:00,-31.916876
2010-10-29 00:28:00+00:00,-30.901503
2010-10-29 00:29:00+00:00,-29.112507
2010-10-29 00:30:00+00:00,-27.416418
2010-10-29 00:31:00+00:00,-26.457926
2010-10-29 00:32:00+00:00,-26.286982
2010-10-29 00:33:00+00:00,-25.943609
2010-10-29 00:34:00+00:00,-26.184635
2010-10-29 00:35:00+00:00,-26.570591
2010-10-29 00:36:00+00:00,-26.117514
2010-10-29 00:37:00+00:00,-25.726894
2010-10-29 00:38:00+00:00,-24.804407
2010-10-29 00:39:00+00:00,-25.010197
2010-10-29 00:40:00+00:00,-24.219248
2010-10-29 00:41:00+00:00,-24.012604
2010-10-29 00:42:00+00:00,-23.734976
2010-10-29 00:43:00+00:00,-23.842903
2010-10-29 00:44:00+00:00,-23.727968
2010-10-29 00:45:00+00:00,-23.463886
2010-10-29 00:46:00+00:00,-24.314316
2010-10-29 00:47:00+00:00,-24.350533
2010-10-29 00:48:00+00:00,-24.89772
2010-10-29 00:49:00+00:00,-25.646296
2010-10-29 00:50:00+00:00,-25.365774
2010-10-29 00:51:00+00:00,-24.987356
2010-10-29 00:52:00+00:00,-24.88689
2010-10-29 00:53:00+00:00,-24.852995
2010-10-29 00:54:00+00:00,-25.216707
2010-10-29 00:55:00+00:00,-25.195791
2010-10-29 00:56:00+00:00,-24.661325
2010-10-29 00:57:00+00:00,-24.447281
2010-10-29 00:58:00+00:00,-24.659689
2010-10-29 00:59:00+00:00,-24.746607
2010-10-29 01:00:00+00:00,-24.186136
2010-10-29 01:01:00+00:00,-23.767445
2010-10-29 01:02:00+00:00,-23.464264
2010-10-29 01:03:00+00:00,-22.950413
2010-10-29 01:04:00+00:00,-21.494434
2010-10-29 01:05:00+00:00,-20.455698
2010-10-29 01:06:00+00:00,-19.980291
2010-10-29 01:07:00+00:00,-20.155874
2010-10-29 01:08:00+00:00,-20.034927
2010-10-29 01:09:00+00:00,-19.866871
2010-10-29 01:10:00+00:00,-19.89604
2010-10-29 01:11:00+00:00,-20.057985
2010-10-29 01:12:00+00:00,-20.141769
2010-10-29 01:13:00+00:00,-20.042177
2010-10-29 01:14:00+00:00,-19.940994
2010-10-29 01:15:00+00:00,-20.276432
2010-10-29 01:16:00+00:00,-20.452833
2010-10-29 01:17:00+00:00,-20.061981
2010-10-29 01:18:00+00:00,-20.535505
2010-10-29 01:19:00+00:00,-48.297016
2010-10-29 01:20:00+00:00,-81.053711
2010-10-29 01:21:00+00:00,-99.827599
2010-10-29 01:22:00+00:00,-113.11853
2010-10-29 01:23:00+00:00,-110.018875
2010-10-29 01:24:00+00:00,-209.081772
2010-10-29 01:25:00+00:00,-319.629028
2010-10-29 01:26:00+00:00,-284.984192
2010-10-29 01:27:00+00:00,-258.700989
2010-10-29 01:28:00+00:00,-223.739151
2010-10-29 01:29:00+00:00,-185.413727
2010-10-29 01:30:00+00:00,-169.096512
2010-10-29 01:31:00+00:00,-173.942581
2010-10-29 01:32:00+00:00,-194.376572
2010-10-29 01:33:00+00:00,-241.691467
2010-10-29 01:34:00+00:00,-219.393158
2010-10-29 01:35:00+00:00,-181.176971
2010-10-29 01:36:00+00:00,-174.470383
2010-10-29 01:37:00+00:00,-208.513199
2010-10-29 01:38:00+00:00,-200.559097
2010-10-29 01:39:00+00:00,-171.718445
2010-10-29 01:40:00+00:00,-168.424026
2010-10-29 01:41:00+00:00,-173.679276
2010-10-29 01:42:00+00:00,-170.763184
2010-10-29 01:43:00+00:00,-171.215683
2010-10-29 01:44:00+00:00,-182.801117
2010-10-29 01:45:00+00:00,-189.231857
2010-10-29 01:46:00+00:00,-180.452148
2010-10-29 01:47:00+00:00,-178.220734
2010-10-29 01:48:00+00:00,-181.745544
2010-10-29 01:49:00+00:00,-189.167114
2010-10-29 01:50:00+00:00,-175.794968
2010-10-29 01:51:00+00:00,-158.26442
2010-10-29 01:52:00+00:00,-158.377838
2010-10-29 01:53:00+00:00,-161.888718
2010-10-29 01:54:00+00:00,-159.460068
2010-10-29 01:55:00+00:00,-154.806671
2010-10-29 01:56:00+00:00,-146.226288
2010-10-29 01:57:00+00:00,-142.877075
2010-10-29 01:58:00+00:00,-138.398209
2010-10-29 01:59:00+00:00,-159.226898
2010-10-29 02:00:00+00:00,-169.725967
2010-10-29 02:01:00+00:00,-165.54158
2010-10-29 02:02:00+00:00,-169.973541
2010-10-29 02:03:00+00:00,-142.748444
2010-10-29 02:04:00+00:00,-158.071793
2010-10-29 02:05:00+00:00,-171.212585
2010-10-29 02:06:00+00:00,-187.740875
2010-10-29 02:07:00+00:00,-171.140503
2010-10-29 02:08:00+00:00,-147.128006
2010-10-29 02:09:00+00:00,-141.247299
2010-10-29 02:10:00+00:00,-133.514252
2010-10-29 02:11:00+00:00,-135.900482
2010-10-29 02:12:00+00:00,-144.029968
2010-10-29 02:13:00+00:00,-146.744171
2010-10-29 02:14:00+00:00,-137.97966
2010-10-29 02:15:00+00:00,-136.427811
2010-10-29 02:16:00+00:00,-137.130249
2010-10-29 02:17:00+00:00,-140.08345
2010-10-29 02:18:00+00:00,-132.602768
2010-10-29 02:19:00+00:00,-122.712555
2010-10-29 02:20:00+00:00,-114.212685
2010-10-29 02:21:00+00:00,-107.356354
2010-10-29 02:22:00+00:00,-100.299957
2010-10-29 02:23:00+00:00,-96.650368
2010-10-29 02:24:00+00:00,-95.659645
2010-10-29 02:25:00+00:00,-96.072052
2010-10-29 02:26:00+00:00,-99.300789
2010-10-29 02:27:00+00:00,-105.9114
2010-10-29 02:28:00+00:00,-113.054138
2010-10-29 02:29:00+00:00,-103.546082
2010-10-29 02:30:00+00:00,-86.551094
2010-10-29 02:31:00+00:00,-81.840721
2010-10-29 02:32:00+00:00,-82.952217
2010-10-29 02:33:00+00:00,-80.966713
2010-10-29 02:34:00+00:00,-79.796402
2010-10-29 02:35:00+00:00,-74.076126
2010-10-29 02:36:00+00:00,-105.952133
2010-10-29 02:37:00+00:00,-121.722946
2010-10-29 02:38:00+00:00,-143.825104
2010-10-29 02:39:00+00:00,-140.943192
2010-10-29 02:40:00+00:00,-165.897461
2010-10-29 02:41:00+00:00,-149.313904
2010-10-29 02:42:00+00:00,-146.363403
2010-10-29 02:43:00+00:00,-167.913422
2010-10-29 02:44:00+00:00,-173.580521
2010-10-29 02:45:00+00:00,-161.666748
2010-10-29 02:46:00+00:00,-167.78244
2010-10-29 02:47:00+00:00,-149.547684
2010-11-05 00:00:00+00:00,-33.146072
2010-11-05 00:01:00+00:00,-29.461706
2010-11-05 00:02:00+00:00,-28.287792
2010-11-05 00:03:00+00:00,-29.385986
2010-11-05 00:04:00+00:00,-25.86174
2010-11-05 00:05:00+00:00,-26.139839
2010-11-05 00:06:00+00:00,-25.613842
2010-11-05 00:07:00+00:00,-23.14113
2010-11-05 00:08:00+00:00,-23.89747
2010-11-05 00:09:00+00:00,-21.85257
2010-11-05 00:10:00+00:00,-20.357
2010-11-05 00:11:00+00:00,-20.2125
2010-11-05 00:12:00+00:00,-20.670311
2010-11-05 00:13:00+00:00,-20.677469
2010-11-05 00:14:00+00:00,-17.869173
2010-11-05 00:15:00+00:00,-15.84907
2010-11-05 00:16:00+00:00,-15.313208
2010-11-05 00:17:00+00:00,-16.301138
2010-11-05 00:18:00+00:00,-15.534546
2010-11-05 00:19:00+00:00,-17.042431
2010-11-05 00:20:00+00:00,-18.862888
2010-11-05 00:21:00+00:00,-19.916101
2010-11-05 00:22:00+00:00,-20.15588
2010-11-05 00:23:00+00:00,-18.312853
2010-11-05 00:24:00+00:00,-16.130198
2010-11-05 00:25:00+00:00,-16.329605
2010-11-05 00:26:00+00:00,-19.551714
2010-11-05 00:27:00+00:00,-19.99966
2010-11-05 00:28:00+00:00,-18.729324
2010-11-05 00:29:00+00:00,-17.694418
2010-11-05 00:30:00+00:00,-18.210581
2010-11-05 00:31:00+00:00,-17.711372
2010-11-05 00:32:00+00:00,-18.41062
2010-11-05 00:33:00+00:00,-17.636444
2010-11-05 00:34:00+00:00,-17.370285
2010-11-05 00:35:00+00:00,-21.198202
2010-11-05 00:36:00+00:00,-26.465479
2010-11-05 00:37:00+00:00,-24.464558
2010-11-05 00:38:00+00:00,-37.469578
2010-11-05 00:39:00+00:00,-61.931732
2010-11-05 00:40:00+00:00,-100.612762
2010-11-05 00:41:00+00:00,-76.837875
2010-11-05 00:42:00+00:00,-52.931305
2010-11-05 00:43:00+00:00,-39.704342
2010-11-05 00:44:00+00:00,-43.997375
2010-11-05 00:45:00+00:00,-48.780853
2010-11-05 00:46:00+00:00,-69.920029
2010-11-05 00:47:00+00:00,-68.013565
2010-11-05 00:48:00+00:00,-35.300724
2010-11-05 00:49:00+00:00,-24.334267
2010-11-05 00:50:00+00:00,-23.617138
2010-11-05 00:51:00+00:00,-17.907568
2010-11-05 00:52:00+00:00,-17.239199
2010-11-05 00:53:00+00:00,-16.836586
2010-11-05 00:54:00+00:00,-16.2759
2010-11-05 00:55:00+00:00,-16.094246
2010-11-05 00:56:00+00:00,-17.609707
2010-11-05 00:57:00+00:00,-19.178562
2010-11-05 00:58:00+00:00,-17.154842
2010-11-05 00:59:00+00:00,-15.00588
2010-11-05 01:00:00+00:00,-15.399993
2010-11-05 01:01:00+00:00,-16.868544
2010-11-05 01:02:00+00:00,-16.761234
2010-11-05 01:03:00+00:00,-17.058512
2010-11-05 01:04:00+00:00,-17.735947
2010-11-05 01:05:00+00:00,-17.372618
2010-11-05 01:06:00+00:00,-17.683765
2010-11-05 01:07:00+00:00,-18.157808
2010-11-05 01:08:00+00:00,-18.149628
2010-11-05 01:09:00+00:00,-16.470724
2010-11-05 01:10:00+00:00,-15.300772
2010-11-05 01:11:00+00:00,-16.476662
2010-11-05 01:12:00+00:00,-16.285484
2010-11-05 01:13:00+00:00,-14.800907
2010-11-05 01:14:00+00:00,-15.354059
2010-11-05 01:15:00+00:00,-16.862354
2010-11-05 01:16:00+00:00,-17.03964
2010-11-05 01:17:00+00:00,-16.584139
2010-11-05 01:18:00+00:00,-16.312241
2010-11-05 01:19:00+00:00,-16.589157
2010-11-05 01:20:00+00:00,-16.678545
2010-11-05 01:21:00+00:00,-16.921648
2010-11-05 01:22:00+00:00,-16.681816
2010-11-05 01:23:00+00:00,-16.387207
2010-11-05 01:24:00+00:00,-15.426478
2010-11-05 01:25:00+00:00,-15.877733
2010-11-05 01:26:00+00:00,-17.263414
2010-11-05 01:27:00+00:00,-17.349129
2010-11-05 01:28:00+00:00,-16.669453
2010-11-05 01:29:00+00:00,-16.23134
2010-11-05 01:30:00+00:00,-15.889689
2010-11-05 01:31:00+00:00,-14.204232
2010-11-05 01:32:00+00:00,-14.693673
2010-11-05 01:33:00+00:00,-18.347252
2010-11-05 01:34:00+00:00,-19.068274
2010-11-05 01:35:00+00:00,-16.646765
2010-11-05 01:36:00+00:00,-15.675892
2010-11-05 01:37:00+00:00,-17.212433
2010-11-05 01:38:00+00:00,-18.558542
2010-11-05 01:39:00+00:00,-18.128265
2010-11-05 01:40:00+00:00,-16.302448
2010-11-05 01:41:00+00:00,-13.805684
2010-11-05 01:42:00+00:00,-14.527605
2010-11-05 01:43:00+00:00,-16.811375
2010-11-05 01:44:00+00:00,-17.384678
2010-11-05 01:45:00+00:00,-16.777205
2010-11-05 01:46:00+00:00,-16.996754
2010-11-05 01:47:00+00:00,-17.050144
2010-11-05 01:48:00+00:00,-17.025249
2010-11-05 01:49:00+00:00,-16.040218
2010-11-05 01:50:00+00:00,-14.967109
2010-11-05 01:51:00+00:00,-15.580684
2010-11-05 01:52:00+00:00,-16.103819
2010-11-05 01:53:00+00:00,-16.288826
2010-11-05 01:54:00+00:00,-16.760689
2010-11-05 01:55:00+00:00,-16.748886
2010-11-05 01:56:00+00:00,-16.836407
2010-11-05 01:57:00+00:00,-17.259565
2010-11-05 01:58:00+00:00,-17.397564
2010-11-05 01:59:00+00:00,-17.214598
2010-11-05 02:00:00+00:00,-16.403353
2010-11-05 02:01:00+00:00,-16.933655
2010-11-05 02:02:00+00:00,-18.195238
2010-11-05 02:03:00+00:00,-18.740833
2010-11-05 02:04:00+00:00,-20.866493
2010-11-05 02:05:00+00:00,-25.445236
2010-11-05 02:06:00+00:00,-29.067024
2010-11-05 02:07:00+00:00,-27.2887
2010-11-05 02:08:00+00:00,-18.542191
2010-11-05 02:09:00+00:00,-15.43469
2010-11-05 02:10:00+00:00,-14.214326
2010-11-05 02:11:00+00:00,-13.869732
2010-11-05 02:12:00+00:00,-14.259302
2010-11-05 02:13:00+00:00,-14.984813
2010-11-05 02:14:00+00:00,-15.616129
2010-11-05 02:15:00+00:00,-14.492338
2010-11-05 02:16:00+00:00,-14.084137
2010-11-05 02:17:00+00:00,-14.692304
2010-11-05 02:18:00+00:00,-16.323669
2010-11-05 02:19:00+00:00,-16.028032
2010-11-05 02:20:00+00:00,-15.281952
2010-11-05 02:21:00+00:00,-15.43617
2010-11-05 02:22:00+00:00,-15.796991
2010-11-05 02:23:00+00:00,-15.108723
2010-11-05 02:24:00+00:00,-15.927276
2010-11-05 02:25:00+00:00,-17.550055
2010-11-05 02:26:00+00:00,-15.969046
2010-11-05 02:27:00+00:00,-15.602218
2010-11-05 02:28:00+00:00,-16.08297
2010-11-05 02:29:00+00:00,-16.463823
2010-11-05 02:30:00+00:00,-17.256189
2010-11-05 02:31:00+00:00,-17.427704
2010-11-05 02:32:00+00:00,-18.070663
2010-11-05 02:33:00+00:00,-19.768076
2010-11-05 02:34:00+00:00,-22.169357
2010-11-05 02:35:00+00:00,-22.312588
2010-11-05 02:36:00+00:00,-19.740978
2010-11-05 02:37:00+00:00,-18.92865
2010-11-05 02:38:00+00:00,-19.329948
2010-11-05 02:39:00+00:00,-20.106985
2010-11-05 02:40:00+00:00,-27.963858
2010-11-05 02:41:00+00:00,-30.725763
2010-11-05 02:42:00+00:00,-29.359932
2010-11-05 02:43:00+00:00,-33.181538
2010-11-05 02:44:00+00:00,-31.498569
2010-11-05 02:45:00+00:00,-27.025171
2010-11-05 02:46:00+00:00,-26.281921
2010-11-05 02:47:00+00:00,-23.532557
2010-11-12 00:00:00+00:00,-249.657288
2010-11-12 00:01:00+00:00,-243.516953
2010-11-12 00:02:00+00:00,-233.762299
2010-11-12 00:03:00+00:00,-231.669556
2010-11-12 00:04:00+00:00,-222.883087
2010-11-12 00:05:00+00:00,-222.264725
2010-11-12 00:06:00+00:00,-224.594345
2010-11-12 00:07:00+00:00,-217.120407
2010-11-12 00:08:00+00:00,-204.070312
2010-11-12 00:09:00+00:00,-197.768112
2010-11-12 00:10:00+00:00,-195.563278
2010-11-12 00:11:00+00:00,-200.298431
2010-11-12 00:12:00+00:00,-204.33963
2010-11-12 00:13:00+00:00,-202.756104
2010-11-12 00:14:00+00:00,-192.483185
2010-11-12 00:15:00+00:00,-175.653107
2010-11-12 00:16:00+00:00,-166.313721
2010-11-12 00:17:00+00:00,-167.143295
2010-11-12 00:18:00+00:00,-171.82724
2010-11-12 00:19:00+00:00,-170.197495
2010-11-12 00:20:00+00:00,-161.45932
2010-11-12 00:21:00+00:00,-151.44693
2010-11-12 00:22:00+00:00,-137.861694
2010-11-12 00:23:00+00:00,-125.269897
2010-11-12 00:24:00+00:00,-112.796417
2010-11-12 00:25:00+00:00,-103.064171
2010-11-12 00:26:00+00:00,-95.556458
2010-11-12 00:27:00+00:00,-88.921585
2010-11-12 00:28:00+00:00,-80.184181
2010-11-12 00:29:00+00:00,-68.465523
2010-11-12 00:30:00+00:00,-64.069496
2010-11-12 00:31:00+00:00,-66.044678
2010-11-12 00:32:00+00:00,-65.027893
2010-11-12 00:33:00+00:00,-61.006435
2010-11-12 00:34:00+00:00,-57.989101
2010-11-12 00:35:00+00:00,-52.974583
2010-11-12 00:36:00+00:00,-46.964523
2010-11-12 00:37:00+00:00,-43.952728
2010-11-12 00:38:00+00:00,-41.288841
2010-11-12 00:39:00+00:00,-40.265278
2010-11-12 00:40:00+00:00,-42.99395
2010-11-12 00:41:00+00:00,-46.042385
2010-11-12 00:42:00+00:00,-48.314705
2010-11-12 00:43:00+00:00,-49.264397
2010-11-12 00:44:00+00:00,-51.076405
2010-11-12 00:45:00+00:00,-60.071186
2010-11-12 00:46:00+00:00,-66.873734
2010-11-12 00:47:00+00:00,-69.746796
2010-11-12 00:48:00+00:00,-70.440041
2010-11-12 00:49:00+00:00,-75.946365
2010-11-12 00:50:00+00:00,-84.128685
2010-11-12 00:51:00+00:00,-92.48082
2010-11-12 00:52:00+00:00,-101.449959
2010-11-12 00:53:00+00:00,-109.16304
2010-11-12 00:54:00+00:00,-114.426697
2010-11-12 00:55:00+00:00,-121.899101
2010-11-12 00:56:00+00:00,-128.812668
2010-11-12 00:57:00+00:00,-135.574615
2010-11-12 00:58:00+00:00,-139.945526
2010-11-12 00:59:00+00:00,-147.282089
2010-11-12 01:00:00+00:00,-153.304871
2010-11-12 01:01:00+00:00,-153.475174
2010-11-12 01:02:00+00:00,-151.90271
2010-11-12 01:03:00+00:00,-147.973129
2010-11-12 01:04:00+00:00,-145.797012
2010-11-12 01:05:00+00:00,-146.754471
2010-11-12 01:06:00+00:00,-145.087494
2010-11-12 01:07:00+00:00,-146.398972
2010-11-12 01:08:00+00:00,-138.65567
2010-11-12 01:09:00+00:00,-137.743271
2010-11-12 01:10:00+00:00,-138.998886
2010-11-12 01:11:00+00:00,-139.803284
2010-11-12 01:12:00+00:00,-141.480286
2010-11-12 01:13:00+00:00,-140.050598
2010-11-12 01:14:00+00:00,-139.137711
2010-11-12 01:15:00+00:00,-137.784546
2010-11-12 01:16:00+00:00,-140.107727
2010-11-12 01:17:00+00:00,-136.809875
2010-11-12 01:18:00+00:00,-128.923141
2010-11-12 01:19:00+00:00,-128.104691
2010-11-12 01:20:00+00:00,-126.701866
2010-11-12 01:21:00+00:00,-123.484177
2010-11-12 01:22:00+00:00,-120.857193
2010-11-12 01:23:00+00:00,-114.918434
2010-11-12 01:24:00+00:00,-123.06662
2010-11-12 01:25:00+00:00,-127.023918
2010-11-12 01:26:00+00:00,-126.964462
2010-11-12 01:27:00+00:00,-136.02301
2010-11-12 01:28:00+00:00,-125.065765
2010-11-12 01:29:00+00:00,-123.958427
2010-11-12 01:30:00+00:00,-128.880692
2010-11-12 01:31:00+00:00,-124.881416
2010-11-12 01:32:00+00:00,-124.772148
2010-11-12 01:33:00+00:00,-108.803864
2010-11-12 01:34:00+00:00,-97.669434
2010-11-12 01:35:00+00:00,-81.503502
2010-11-12 01:36:00+00:00,-67.479568
2010-11-12 01:37:00+00:00,-64.710678
2010-11-12 01:38:00+00:00,-75.384201
2010-11-12 01:39:00+00:00,-72.714684
2010-11-12 01:40:00+00:00,-78.715912
2010-11-12 01:41:00+00:00,-79.719215
2010-11-12 01:42:00+00:00,-76.718742
2010-11-12 01:43:00+00:00,-75.718437
2010-11-12 01:44:00+00:00,-72.717224
2010-11-12 01:45:00+00:00,-68.038193
2010-11-12 01:46:00+00:00,-69.79425
2010-11-12 01:47:00+00:00,-82.51619
2010-11-12 01:48:00+00:00,-82.229378
2010-11-12 01:49:00+00:00,-86.913307
2010-11-12 01:50:00+00:00,-85.799019
2010-11-12 01:51:00+00:00,-90.529861
2010-11-12 01:52:00+00:00,-91.990211
2010-11-12 01:53:00+00:00,-113.087273
2010-11-12 01:54:00+00:00,-134.6521
2010-11-12 01:55:00+00:00,-118.022568
2010-11-12 01:56:00+00:00,-128.53656
2010-11-12 01:57:00+00:00,-124.3591
2010-11-12 01:58:00+00:00,-111.214401
2010-11-12 01:59:00+00:00,-126.73703
2010-11-12 02:00:00+00:00,-125.134598
2010-11-12 02:01:00+00:00,-130.2314
2010-11-12 02:02:00+00:00,-122.393761
2010-11-12 02:03:00+00:00,-132.493729
2010-11-12 02:04:00+00:00,-130.765884
2010-11-12 02:05:00+00:00,-140.761444
2010-11-12 02:06:00+00:00,-157.766769
2010-11-12 02:07:00+00:00,-170.777039
2010-11-12 02:08:00+00:00,-176.772751
2010-11-12 02:09:00+00:00,-199.775375
2010-11-12 02:10:00+00:00,-228.981277
2010-11-12 02:11:00+00:00,-216.78186
2010-11-12 02:12:00+00:00,-241.133255
2010-11-12 02:13:00+00:00,-297.706757
2010-11-12 02:14:00+00:00,-263.858215
2010-11-12 02:15:00+00:00,-268.767181
2010-11-12 02:16:00+00:00,-276.187256
2010-11-12 02:17:00+00:00,-306.492523
2010-11-12 02:18:00+00:00,-335.436249
2010-11-12 02:19:00+00:00,-353.916809
2010-11-12 02:20:00+00:00,-364.823547
2010-11-12 02:21:00+00:00,-409.830078
2010-11-12 02:22:00+00:00,-392.83963
2010-11-12 02:23:00+00:00,-373.848267
2010-11-12 02:24:00+00:00,-390.843323
2010-11-12 02:25:00+00:00,-371.846283
2010-11-12 02:26:00+00:00,-375.854218
2010-11-12 02:27:00+00:00,-353.861237
2010-11-12 02:28:00+00:00,-346.853516
2010-11-12 02:29:00+00:00,-405.868225
2010-11-12 02:30:00+00:00,-375.168152
2010-11-12 02:31:00+00:00,-336.12793
2010-11-12 02:32:00+00:00,-380.04425
2010-11-12 02:33:00+00:00,-401.763824
2010-11-12 02:34:00+00:00,-450.096191
2010-11-12 02:35:00+00:00,-511.853577
2010-11-12 02:36:00+00:00,-546.964111
2010-11-12 02:37:00+00:00,-486.93512
2010-11-12 02:38:00+00:00,-445.340393
2010-11-12 02:39:00+00:00,-415.304901
2010-11-12 02:40:00+00:00,-411.12381
2010-11-12 02:41:00+00:00,-425.482727
2010-11-12 02:42:00+00:00,-393.869324
2010-11-12 02:43:00+00:00,-421.629028
2010-11-12 02:44:00+00:00,-377.664398
2010-11-12 02:45:00+00:00,-410.74231
2010-11-12 02:46:00+00:00,-425.455536
2010-11-12 02:47:00+00:00,-427.782562
2010-11-19 00:00:00+00:00,-72.866776
2010-11-19 00:01:00+00:00,-74.417435
2010-11-19 00:02:00+00:00,-76.52211
2010-11-19 00:03:00+00:00,-73.743256
2010-11-19 00:04:00+00:00,-86.23484
2010-11-19 00:05:00+00:00,-76.703049
2010-11-19 00:06:00+00:00,-52.780289
2010-11-19 00:07:00+00:00,-56.305622
2010-11-19 00:08:00+00:00,-61.001049
2010-11-19 00:09:00+00:00,-67.282692
2010-11-19 00:10:00+00:00,-73.650291
2010-11-19 00:11:00+00:00,-77.451477
2010-11-19 00:12:00+00:00,-76.448914
2010-11-19 00:13:00+00:00,-66.825104
2010-11-19 00:14:00+00:00,-56.71212
2010-11-19 00:15:00+00:00,-60.066929
2010-11-19 00:16:00+00:00,-59.237583
2010-11-19 00:17:00+00:00,-65.132309
2010-11-19 00:18:00+00:00,-73.121239
2010-11-19 00:19:00+00:00,-75.675095
2010-11-19 00:20:00+00:00,-65.029716
2010-11-19 00:21:00+00:00,-61.486946
2010-11-19 00:22:00+00:00,-66.943741
2010-11-19 00:23:00+00:00,-67.763405
2010-11-19 00:24:00+00:00,-61.288731
2010-11-19 00:25:00+00:00,-61.800983
2010-11-19 00:26:00+00:00,-60.757217
2010-11-19 00:27:00+00:00,-48.877182
2010-11-19 00:28:00+00:00,-35.756226
2010-11-19 00:29:00+00:00,-29.50338
2010-11-19 00:30:00+00:00,-28.165619
2010-11-19 00:31:00+00:00,-33.339005
2010-11-19 00:32:00+00:00,-40.257942
2010-11-19 00:33:00+00:00,-46.832588
2010-11-19 00:34:00+00:00,-34.103001
2010-11-19 00:35:00+00:00,-29.734932
2010-11-19 00:36:00+00:00,-29.679138
2010-11-19 00:37:00+00:00,-28.74394
2010-11-19 00:38:00+00:00,-27.938139
2010-11-19 00:39:00+00:00,-28.506859
2010-11-19 00:40:00+00:00,-29.381735
2010-11-19 00:41:00+00:00,-29.627459
2010-11-19 00:42:00+00:00,-30.505575
2010-11-19 00:43:00+00:00,-30.007481
2010-11-19 00:44:00+00:00,-29.589952
2010-11-19 00:45:00+00:00,-28.839487
2010-11-19 00:46:00+00:00,-27.855927
2010-11-19 00:47:00+00:00,-29.162643
2010-11-19 00:48:00+00:00,-28.564262
2010-11-19 00:49:00+00:00,-28.064629
2010-11-19 00:50:00+00:00,-27.058796
2010-11-19 00:51:00+00:00,-23.900995
2010-11-19 00:52:00+00:00,-24.91597
2010-11-19 00:53:00+00:00,-27.319473
2010-11-19 00:54:00+00:00,-28.528439
2010-11-19 00:55:00+00:00,-28.388504
2010-11-19 00:56:00+00:00,-27.895702
2010-11-19 00:57:00+00:00,-27.930826
2010-11-19 00:58:00+00:00,-26.219925
2010-11-19 00:59:00+00:00,-22.860504
2010-11-19 01:00:00+00:00,-20.831173
2010-11-19 01:01:00+00:00,-21.557745
2010-11-19 01:02:00+00:00,-21.041113
2010-11-19 01:03:00+00:00,-20.54553
2010-11-19 01:04:00+00:00,-20.469879
2010-11-19 01:05:00+00:00,-20.705551
2010-11-19 01:06:00+00:00,-21.048218
2010-11-19 01:07:00+00:00,-23.540134
2010-11-19 01:08:00+00:00,-26.030273
2010-11-19 01:09:00+00:00,-28.010838
2010-11-19 01:10:00+00:00,-27.445589
2010-11-19 01:11:00+00:00,-24.795368
2010-11-19 01:12:00+00:00,-23.42042
2010-11-19 01:13:00+00:00,-22.169899
2010-11-19 01:14:00+00:00,-34.239433
2010-11-19 01:15:00+00:00,-36.422951
2010-11-19 01:16:00+00:00,-36.310806
2010-11-19 01:17:00+00:00,-39.404819
2010-11-19 01:18:00+00:00,-32.567123
2010-11-19 01:19:00+00:00,-25.233688
2010-11-19 01:20:00+00:00,-24.972754
2010-11-19 01:21:00+00:00,-26.149719
2010-11-19 01:22:00+00:00,-26.544292
2010-11-19 01:23:00+00:00,-25.899536
2010-11-19 01:24:00+00:00,-27.059095
2010-11-19 01:25:00+00:00,-27.024824
2010-11-19 01:26:00+00:00,-28.675524
2010-11-19 01:27:00+00:00,-30.166367
2010-11-19 01:28:00+00:00,-28.618486
2010-11-19 01:29:00+00:00,-29.662302
2010-11-19 01:30:00+00:00,-32.033257
2010-11-19 01:31:00+00:00,-30.480179
2010-11-19 01:32:00+00:00,-28.910034
2010-11-19 01:33:00+00:00,-30.371582
2010-11-19 01:34:00+00:00,-29.147964
2010-11-19 01:35:00+00:00,-29.851364
2010-11-19 01:36:00+00:00,-29.240604
2010-11-19 01:37:00+00:00,-30.82144
2010-11-19 01:38:00+00:00,-28.91217
2010-11-19 01:39:00+00:00,-32.592823
2010-11-19 01:40:00+00:00,-32.943203
2010-11-19 01:41:00+00:00,-36.610374
2010-11-19 01:42:00+00:00,-41.188099
2010-11-19 01:43:00+00:00,-38.256058
2010-11-19 01:44:00+00:00,-38.906864
2010-11-19 01:45:00+00:00,-43.601078
2010-11-19 01:46:00+00:00,-49.611168
2010-11-19 01:47:00+00:00,-54.627575
2010-11-19 01:48:00+00:00,-62.092701
2010-11-19 01:49:00+00:00,-67.623741
2010-11-19 01:50:00+00:00,-65.155746
2010-11-19 01:51:00+00:00,-65.39579
2010-11-19 01:52:00+00:00,-59.153934
2010-11-19 01:53:00+00:00,-69.432449
2010-11-19 01:54:00+00:00,-60.807919
2010-11-19 01:55:00+00:00,-67.250977
2010-11-19 01:56:00+00:00,-56.740833
2010-11-19 01:57:00+00:00,-77.574051
2010-11-19 01:58:00+00:00,-73.10257
2010-11-19 01:59:00+00:00,-91.221169
2010-11-19 02:00:00+00:00,-82.038399
2010-11-19 02:01:00+00:00,-92.293015
2010-11-19 02:02:00+00:00,-70.434303
2010-11-19 02:03:00+00:00,-77.26358
2010-11-19 02:04:00+00:00,-66.493965
2010-11-19 02:05:00+00:00,-68.82476
2010-11-19 02:06:00+00:00,-64.452507
2010-11-19 02:07:00+00:00,-60.331604
2010-11-19 02:08:00+00:00,-65.572433
2010-11-19 02:09:00+00:00,-70.14183
2010-11-19 02:10:00+00:00,-70.638466
2010-11-19 02:11:00+00:00,-71.575058
2010-11-19 02:12:00+00:00,-71.582512
2010-11-19 02:13:00+00:00,-74.37973
2010-11-19 02:14:00+00:00,-71.309273
2010-11-19 02:15:00+00:00,-68.845909
2010-11-19 02:16:00+00:00,-77.200623
2010-11-19 02:17:00+00:00,-135.804367
2010-11-19 02:18:00+00:00,-137.141891
2010-11-19 02:19:00+00:00,-79.448929
2010-11-19 02:20:00+00:00,-95.538254
2010-11-19 02:21:00+00:00,-78.718216
2010-11-19 02:22:00+00:00,-72.056435
2010-11-19 02:23:00+00:00,-75.623535
2010-11-19 02:24:00+00:00,-64.115227
2010-11-19 02:25:00+00:00,-84.091209
2010-11-19 02:26:00+00:00,-78.427277
2010-11-19 02:27:00+00:00,-94.193161
2010-11-19 02:28:00+00:00,-84.260132
2010-11-19 02:29:00+00:00,-103.241257
2010-11-19 02:30:00+00:00,-105.3974
2010-11-19 02:31:00+00:00,-108.578728
2010-11-19 02:32:00+00:00,-104.77317
2010-11-19 02:33:00+00:00,-90.645828
2010-11-19 02:34:00+00:00,-83.777901
2010-11-19 02:35:00+00:00,-78.932388
2010-11-19 02:36:00+00:00,-72.311478
2010-11-19 02:37:00+00:00,-69.08242
2010-11-19 02:38:00+00:00,-67.858536
2010-11-19 02:39:00+00:00,-59.818542
2010-11-19 02:40:00+00:00,-58.571522
2010-11-19 02:41:00+00:00,-55.42823
2010-11-19 02:42:00+00:00,-50.072956
2010-11-19 02:43:00+00:00,-48.142452
2010-11-19 02:44:00+00:00,-51.601658
2010-11-19 02:45:00+00:00,-50.243565
2010-11-19 02:46:00+00:00,-47.005722
2010-11-19 02:47:00+00:00,-47.248531
2010-11-26 00:00:00+00:00,-33.125614
2010-11-26 00:01:00+00:00,-32.718678
2010-11-26 00:02:00+00:00,-32.817169
2010-11-26 00:03:00+00:00,-32.354675
2010-11-26 00:04:00+00:00,-32.272598
2010-11-26 00:05:00+00:00,-32.291897
2010-11-26 00:06:00+00:00,-32.3046
2010-11-26 00:07:00+00:00,-31.871523
2010-11-26 00:08:00+00:00,-32.059067
2010-11-26 00:09:00+00:00,-31.623087
2010-11-26 00:10:00+00:00,-31.684668
2010-11-26 00:11:00+00:00,-31.937159
2010-11-26 00:12:00+00:00,-31.505556
2010-11-26 00:13:00+00:00,-31.382193
2010-11-26 00:14:00+00:00,-31.392912
2010-11-26 00:15:00+00:00,-31.551548
2010-11-26 00:16:00+00:00,-31.600281
2010-11-26 00:17:00+00:00,-31.648478
2010-11-26 00:18:00+00:00,-31.377773
2010-11-26 00:19:00+00:00,-31.563551
2010-11-26 00:20:00+00:00,-31.596466
2010-11-26 00:21:00+00:00,-31.755716
2010-11-26 00:22:00+00:00,-31.717131
2010-11-26 00:23:00+00:00,-31.869373
2010-11-26 00:24:00+00:00,-31.835484
2010-11-26 00:25:00+00:00,-31.939676
2010-11-26 00:26:00+00:00,-32.242489
2010-11-26 00:27:00+00:00,-31.972427
2010-11-26 00:28:00+00:00,-31.982906
2010-11-26 00:29:00+00:00,-32.358082
2010-11-26 00:30:00+00:00,-31.840052
2010-11-26 00:31:00+00:00,-32.030331
2010-11-26 00:32:00+00:00,-31.91717
2010-11-26 00:33:00+00:00,-31.590429
2010-11-26 00:34:00+00:00,-31.514969
2010-11-26 00:35:00+00:00,-31.342909
2010-11-26 00:36:00+00:00,-31.39113
2010-11-26 00:37:00+00:00,-31.221928
2010-11-26 00:38:00+00:00,-31.247429
2010-11-26 00:39:00+00:00,-31.155146
2010-11-26 00:40:00+00:00,-31.361115
2010-11-26 00:41:00+00:00,-50.121498
2010-11-26 00:42:00+00:00,-38.706902
2010-11-26 00:43:00+00:00,-36.801006
2010-11-26 00:44:00+00:00,-44.084946
2010-11-26 00:45:00+00:00,-36.25956
2010-11-26 00:46:00+00:00,-39.329758
2010-11-26 00:47:00+00:00,-41.285789
2010-11-26 00:48:00+00:00,-40.839592
2010-11-26 00:49:00+00:00,-43.394508
2010-11-26 00:50:00+00:00,-32.69046
2010-11-26 00:51:00+00:00,-40.636345
2010-11-26 00:52:00+00:00,-52.047272
2010-11-26 00:53:00+00:00,-62.644947
2010-11-26 00:54:00+00:00,-53.154976
2010-11-26 00:55:00+00:00,-48.919174
2010-11-26 00:56:00+00:00,-39.726627
2010-11-26 00:57:00+00:00,-61.231655
2010-11-26 00:58:00+00:00,-66.87458
2010-11-26 00:59:00+00:00,-69.040504
2010-11-26 01:00:00+00:00,-86.049515
2010-11-26 01:01:00+00:00,-78.39856
2010-11-26 01:02:00+00:00,-90.631462
2010-11-26 01:03:00+00:00,-96.760948
2010-11-26 01:04:00+00:00,-97.665939
2010-11-26 01:05:00+00:00,-88.212883
2010-11-26 01:06:00+00:00,-80.589828
2010-11-26 01:07:00+00:00,-76.355614
2010-11-26 01:08:00+00:00,-74.361366
2010-11-26 01:09:00+00:00,-69.751022
2010-11-26 01:10:00+00:00,-68.055496
2010-11-26 01:11:00+00:00,-64.832863
2010-11-26 01:12:00+00:00,-60.916149
2010-11-26 01:13:00+00:00,-44.07909
2010-11-26 01:14:00+00:00,-33.963074
2010-11-26 01:15:00+00:00,-33.648247
2010-11-26 01:16:00+00:00,-33.585049
2010-11-26 01:17:00+00:00,-33.52544
2010-11-26 01:18:00+00:00,-33.123734
2010-11-26 01:19:00+00:00,-33.336979
2010-11-26 01:20:00+00:00,-33.338211
2010-11-26 01:21:00+00:00,-33.20327
2010-11-26 01:22:00+00:00,-33.185276
2010-11-26 01:23:00+00:00,-33.254951
2010-11-26 01:24:00+00:00,-33.273632
2010-11-26 01:25:00+00:00,-33.071419
2010-11-26 01:26:00+00:00,-33.152229
2010-11-26 01:27:00+00:00,-33.154755
2010-11-26 01:28:00+00:00,-33.232449
2010-11-26 01:29:00+00:00,-33.20734
2010-11-26 01:30:00+00:00,-33.234848
2010-11-26 01:31:00+00:00,-33.094063
2010-11-26 01:32:00+00:00,-32.943016
2010-11-26 01:33:00+00:00,-32.809071
2010-11-26 01:34:00+00:00,-32.705933
2010-11-26 01:35:00+00:00,-32.320202
2010-11-26 01:36:00+00:00,-32.349056
2010-11-26 01:37:00+00:00,-32.238876
2010-11-26 01:38:00+00:00,-32.520939
2010-11-26 01:39:00+00:00,-32.384727
2010-11-26 01:40:00+00:00,-32.408386
2010-11-26 01:41:00+00:00,-32.800938
2010-11-26 01:42:00+00:00,-32.679585
2010-11-26 01:43:00+00:00,-33.191807
2010-11-26 01:44:00+00:00,-33.00758
2010-11-26 01:45:00+00:00,-33.280239
2010-11-26 01:46:00+00:00,-33.414108
2010-11-26 01:47:00+00:00,-33.325233
2010-11-26 01:48:00+00:00,-33.433559
2010-11-26 01:49:00+00:00,-33.686382
2010-11-26 01:50:00+00:00,-33.385452
2010-11-26 01:51:00+00:00,-33.253517
2010-11-26 01:52:00+00:00,-33.32671
2010-11-26 01:53:00+00:00,-33.640209
2010-11-26 01:54:00+00:00,-33.250683
2010-11-26 01:55:00+00:00,-33.521442
2010-11-26 01:56:00+00:00,-33.431026
2010-11-26 01:57:00+00:00,-33.413059
2010-11-26 01:58:00+00:00,-33.130653
2010-11-26 01:59:00+00:00,-33.556499
2010-11-26 02:00:00+00:00,-33.558781
2010-11-26 02:01:00+00:00,-33.586498
2010-11-26 02:02:00+00:00,-33.477341
2010-11-26 02:03:00+00:00,-33.655163
2010-11-26 02:04:00+00:00,-33.496925
2010-11-26 02:05:00+00:00,-33.706753
2010-11-26 02:06:00+00:00,-33.515141
2010-11-26 02:07:00+00:00,-33.829327
2010-11-26 02:08:00+00:00,-39.747471
2010-11-26 02:09:00+00:00,-48.418282
2010-11-26 02:10:00+00:00,-47.417747
2010-11-26 02:11:00+00:00,-46.629669
2010-11-26 02:12:00+00:00,-50.764992
2010-11-26 02:13:00+00:00,-54.787994
2010-11-26 02:14:00+00:00,-38.068871
2010-11-26 02:15:00+00:00,-38.505569
2010-11-26 02:16:00+00:00,-37.932312
2010-11-26 02:17:00+00:00,-35.365528
2010-11-26 02:18:00+00:00,-33.883724
2010-11-26 02:19:00+00:00,-33.894024
2010-11-26 02:20:00+00:00,-33.909424
2010-11-26 02:21:00+00:00,-33.658413
2010-11-26 02:22:00+00:00,-33.575603
2010-11-26 02:23:00+00:00,-33.354366
2010-11-26 02:24:00+00:00,-33.184181
2010-11-26 02:25:00+00:00,-32.727177
2010-11-26 02:26:00+00:00,-32.286098
2010-11-26 02:27:00+00:00,-32.030895
2010-11-26 02:28:00+00:00,-31.384529
2010-11-26 02:29:00+00:00,-30.997232
2010-11-26 02:30:00+00:00,-30.934538
2010-11-26 02:31:00+00:00,-30.98341
2010-11-26 02:32:00+00:00,-30.745279
2010-11-26 02:33:00+00:00,-30.815861
2010-11-26 02:34:00+00:00,-31.60532
2010-11-26 02:35:00+00:00,-32.37064
2010-11-26 02:36:00+00:00,-32.44751
2010-11-26 02:37:00+00:00,-32.540165
2010-11-26 02:38:00+00:00,-32.992374
2010-11-26 02:39:00+00:00,-33.241642
2010-11-26 02:40:00+00:00,-33.268456
2010-11-26 02:41:00+00:00,-33.027901
2010-11-26 02:42:00+00:00,-33.143036
2010-11-26 02:43:00+00:00,-33.265419
2010-11-26 02:44:00+00:00,-33.107605
2010-11-26 02:45:00+00:00,-33.000824
2010-11-26 02:46:00+00:00,-33.144314
2010-11-26 02:47:00+00:00,-33.245113
2010-12-03 00:00:00+00:00,-19.594015
2010-12-03 00:01:00+00:00,-19.249628
2010-12-03 00:02:00+00:00,-19.136227
2010-12-03 00:03:00+00:00,-18.906384
2010-12-03 00:04:00+00:00,-18.914577
2010-12-03 00:05:00+00:00,-18.898096
2010-12-03 00:06:00+00:00,-18.953609
2010-12-03 00:07:00+00:00,-19.107468
2010-12-03 00:08:00+00:00,-19.35673
2010-12-03 00:09:00+00:00,-19.45919
2010-12-03 00:10:00+00:00,-19.61894
2010-12-03 00:11:00+00:00,-19.661161
2010-12-03 00:12:00+00:00,-19.476461
2010-12-03 00:13:00+00:00,-19.503305
2010-12-03 00:14:00+00:00,-19.546368
2010-12-03 00:15:00+00:00,-19.600748
2010-12-03 00:16:00+00:00,-19.576536
2010-12-03 00:17:00+00:00,-19.53142
2010-12-03 00:18:00+00:00,-19.562035
2010-12-03 00:19:00+00:00,-19.523834
2010-12-03 00:20:00+00:00,-19.509579
2010-12-03 00:21:00+00:00,-19.476284
2010-12-03 00:22:00+00:00,-19.434681
2010-12-03 00:23:00+00:00,-19.48241
2010-12-03 00:24:00+00:00,-19.541332
2010-12-03 00:25:00+00:00,-19.500107
2010-12-03 00:26:00+00:00,-19.576492
2010-12-03 00:27:00+00:00,-19.675749
2010-12-03 00:28:00+00:00,-19.665049
2010-12-03 00:29:00+00:00,-19.737738
2010-12-03 00:30:00+00:00,-19.806889
2010-12-03 00:31:00+00:00,-19.993196
2010-12-03 00:32:00+00:00,-20.008715
2010-12-03 00:33:00+00:00,-20.051184
2010-12-03 00:34:00+00:00,-20.390125
2010-12-03 00:35:00+00:00,-20.813612
2010-12-03 00:36:00+00:00,-20.76597
2010-12-03 00:37:00+00:00,-20.684687
2010-12-03 00:38:00+00:00,-20.701588
2010-12-03 00:39:00+00:00,-20.647717
2010-12-03 00:40:00+00:00,-20.790638
2010-12-03 00:41:00+00:00,-20.764133
2010-12-03 00:42:00+00:00,-20.979321
2010-12-03 00:43:00+00:00,-20.684237
2010-12-03 00:44:00+00:00,-20.556604
2010-12-03 00:45:00+00:00,-20.593483
2010-12-03 00:46:00+00:00,-20.306633
2010-12-03 00:47:00+00:00,-20.067974
2010-12-03 00:48:00+00:00,-19.939104
2010-12-03 00:49:00+00:00,-19.731535
2010-12-03 00:50:00+00:00,-19.414005
2010-12-03 00:51:00+00:00,-19.02459
2010-12-03 00:52:00+00:00,-18.995893
2010-12-03 00:53:00+00:00,-19.001734
2010-12-03 00:54:00+00:00,-18.84581
2010-12-03 00:55:00+00:00,-18.979282
2010-12-03 00:56:00+00:00,-19.161907
2010-12-03 00:57:00+00:00,-19.306757
2010-12-03 00:58:00+00:00,-19.516361
2010-12-03 00:59:00+00:00,-19.697931
2010-12-03 01:00:00+00:00,-19.682516
2010-12-03 01:01:00+00:00,-19.733223
2010-12-03 01:02:00+00:00,-19.704529
2010-12-03 01:03:00+00:00,-19.389931
2010-12-03 01:04:00+00:00,-19.31093
2010-12-03 01:05:00+00:00,-19.532001
2010-12-03 01:06:00+00:00,-19.769958
2010-12-03 01:07:00+00:00,-19.639078
2010-12-03 01:08:00+00:00,-19.704811
2010-12-03 01:09:00+00:00,-20.0453
2010-12-03 01:10:00+00:00,-20.438885
2010-12-03 01:11:00+00:00,-20.565271
2010-12-03 01:12:00+00:00,-20.414713
2010-12-03 01:13:00+00:00,-20.325121
2010-12-03 01:14:00+00:00,-20.406866
2010-12-03 01:15:00+00:00,-20.433403
2010-12-03 01:16:00+00:00,-20.406612
2010-12-03 01:17:00+00:00,-20.317881
2010-12-03 01:18:00+00:00,-20.058765
2010-12-03 01:19:00+00:00,-19.923233
2010-12-03 01:20:00+00:00,-19.90251
2010-12-03 01:21:00+00:00,-19.911657
2010-12-03 01:22:00+00:00,-19.971045
2010-12-03 01:23:00+00:00,-19.976667
2010-12-03 01:24:00+00:00,-21.950531
2010-12-03 01:25:00+00:00,-25.466053
2010-12-03 01:26:00+00:00,-26.487694
2010-12-03 01:27:00+00:00,-31.815252
2010-12-03 01:28:00+00:00,-26.998533
2010-12-03 01:29:00+00:00,-20.557083
2010-12-03 01:30:00+00:00,-20.160585
2010-12-03 01:31:00+00:00,-20.309784
2010-12-03 01:32:00+00:00,-20.34371
2010-12-03 01:33:00+00:00,-20.428976
2010-12-03 01:34:00+00:00,-20.425934
2010-12-03 01:35:00+00:00,-20.271111
2010-12-03 01:36:00+00:00,-20.140289
2010-12-03 01:37:00+00:00,-20.062769
2010-12-03 01:38:00+00:00,-20.066868
2010-12-03 01:39:00+00:00,-20.2356
2010-12-03 01:40:00+00:00,-20.350212
2010-12-03 01:41:00+00:00,-20.352118
2010-12-03 01:42:00+00:00,-20.520611
2010-12-03 01:43:00+00:00,-20.556866
2010-12-03 01:44:00+00:00,-20.390572
2010-12-03 01:45:00+00:00,-20.35474
2010-12-03 01:46:00+00:00,-20.315792
2010-12-03 01:47:00+00:00,-20.28891
2010-12-03 01:48:00+00:00,-20.219643
2010-12-03 01:49:00+00:00,-20.36092
2010-12-03 01:50:00+00:00,-20.478369
2010-12-03 01:51:00+00:00,-20.408907
2010-12-03 01:52:00+00:00,-20.352728
2010-12-03 01:53:00+00:00,-20.38796
2010-12-03 01:54:00+00:00,-20.426716
2010-12-03 01:55:00+00:00,-20.487549
2010-12-03 01:56:00+00:00,-20.538237
2010-12-03 01:57:00+00:00,-20.682293
2010-12-03 01:58:00+00:00,-20.703903
2010-12-03 01:59:00+00:00,-20.702675
2010-12-03 02:00:00+00:00,-20.706932
2010-12-03 02:01:00+00:00,-20.786764
2010-12-03 02:02:00+00:00,-20.733353
2010-12-03 02:03:00+00:00,-20.652079
2010-12-03 02:04:00+00:00,-20.723623
2010-12-03 02:05:00+00:00,-20.846439
2010-12-03 02:06:00+00:00,-20.81937
2010-12-03 02:07:00+00:00,-20.815285
2010-12-03 02:08:00+00:00,-20.800999
2010-12-03 02:09:00+00:00,-20.751133
2010-12-03 02:10:00+00:00,-20.63055
2010-12-03 02:11:00+00:00,-20.579891
2010-12-03 02:12:00+00:00,-20.65093
2010-12-03 02:13:00+00:00,-20.555597
2010-12-03 02:14:00+00:00,-20.575159
2010-12-03 02:15:00+00:00,-20.627602
2010-12-03 02:16:00+00:00,-20.746614
2010-12-03 02:17:00+00:00,-20.786722
2010-12-03 02:18:00+00:00,-20.832417
2010-12-03 02:19:00+00:00,-20.852463
2010-12-03 02:20:00+00:00,-20.852737
2010-12-03 02:21:00+00:00,-20.856691
2010-12-03 02:22:00+00:00,-20.923914
2010-12-03 02:23:00+00:00,-20.916727
2010-12-03 02:24:00+00:00,-20.893738
2010-12-03 02:25:00+00:00,-20.891098
2010-12-03 02:26:00+00:00,-20.877571
2010-12-03 02:27:00+00:00,-20.8522
2010-12-03 02:28:00+00:00,-20.856989
2010-12-03 02:29:00+00:00,-20.84313
2010-12-03 02:30:00+00:00,-20.723724
2010-12-03 02:31:00+00:00,-20.657049
2010-12-03 02:32:00+00:00,-20.625673
2010-12-03 02:33:00+00:00,-20.386787
2010-12-03 02:34:00+00:00,-20.038084
2010-12-03 02:35:00+00:00,-19.784668
2010-12-03 02:36:00+00:00,-19.806261
2010-12-03 02:37:00+00:00,-20.192738
2010-12-03 02:38:00+00:00,-20.547646
2010-12-03 02:39:00+00:00,-20.598555
2010-12-03 02:40:00+00:00,-20.445107
2010-12-03 02:41:00+00:00,-20.378347
2010-12-03 02:42:00+00:00,-20.590691
2010-12-03 02:43:00+00:00,-20.69838
2010-12-03 02:44:00+00:00,-20.806915
2010-12-03 02:45:00+00:00,-20.677073
2010-12-03 02:46:00+00:00,-20.583347
2010-12-03 02:47:00+00:00,-20.669218
2010-12-10 00:00:00+00:00,-14.072827
2010-12-10 00:01:00+00:00,-13.943025
2010-12-10 00:02:00+00:00,-13.977604
2010-12-10 00:03:00+00:00,-14.189867
2010-12-10 00:04:00+00:00,-24.191317
2010-12-10 00:05:00+00:00,-26.390644
2010-12-10 00:06:00+00:00,-20.315151
2010-12-10 00:07:00+00:00,-14.694288
2010-12-10 00:08:00+00:00,-14.937197
2010-12-10 00:09:00+00:00,-15.492075
2010-12-10 00:10:00+00:00,-14.397258
2010-12-10 00:11:00+00:00,-14.301633
2010-12-10 00:12:00+00:00,-14.266539
2010-12-10 00:13:00+00:00,-14.325182
2010-12-10 00:14:00+00:00,-14.181667
2010-12-10 00:15:00+00:00,-14.029359
2010-12-10 00:16:00+00:00,-14.040711
2010-12-10 00:17:00+00:00,-13.984107
2010-12-10 00:18:00+00:00,-13.974384
2010-12-10 00:19:00+00:00,-13.999827
2010-12-10 00:20:00+00:00,-14.036028
2010-12-10 00:21:00+00:00,-14.239238
2010-12-10 00:22:00+00:00,-14.282313
2010-12-10 00:23:00+00:00,-14.103734
2010-12-10 00:24:00+00:00,-13.879287
2010-12-10 00:25:00+00:00,-14.055263
2010-12-10 00:26:00+00:00,-13.93733
2010-12-10 00:27:00+00:00,-13.58311
2010-12-10 00:28:00+00:00,-13.577568
2010-12-10 00:29:00+00:00,-13.727347
2010-12-10 00:30:00+00:00,-14.001202
2010-12-10 00:31:00+00:00,-13.836276
2010-12-10 00:32:00+00:00,-13.634692
2010-12-10 00:33:00+00:00,-13.644115
2010-12-10 00:34:00+00:00,-13.696568
2010-12-10 00:35:00+00:00,-13.815485
2010-12-10 00:36:00+00:00,-14.004763
2010-12-10 00:37:00+00:00,-14.189201
2010-12-10 00:38:00+00:00,-14.352193
2010-12-10 00:39:00+00:00,-14.333573
2010-12-10 00:40:00+00:00,-14.518104
2010-12-10 00:41:00+00:00,-14.756362
2010-12-10 00:42:00+00:00,-14.731936
2010-12-10 00:43:00+00:00,-14.676266
2010-12-10 00:44:00+00:00,-14.739734
2010-12-10 00:45:00+00:00,-14.781709
2010-12-10 00:46:00+00:00,-14.795979
2010-12-10 00:47:00+00:00,-14.876004
2010-12-10 00:48:00+00:00,-14.842721
2010-12-10 00:49:00+00:00,-14.797684
2010-12-10 00:50:00+00:00,-14.835615
2010-12-10 00:51:00+00:00,-14.850061
2010-12-10 00:52:00+00:00,-14.760939
2010-12-10 00:53:00+00:00,-14.6991
2010-12-10 00:54:00+00:00,-14.809072
2010-12-10 00:55:00+00:00,-14.589869
2010-12-10 00:56:00+00:00,-14.674297
2010-12-10 00:57:00+00:00,-14.784031
2010-12-10 00:58:00+00:00,-14.743283
2010-12-10 00:59:00+00:00,-14.73271
2010-12-10 01:00:00+00:00,-15.246447
2010-12-10 01:01:00+00:00,-15.287134
2010-12-10 01:02:00+00:00,-21.319939
2010-12-10 01:03:00+00:00,-21.056328
2010-12-10 01:04:00+00:00,-19.33609
2010-12-10 01:05:00+00:00,-18.42388
2010-12-10 01:06:00+00:00,-18.936882
2010-12-10 01:07:00+00:00,-23.243263
2010-12-10 01:08:00+00:00,-27.151621
2010-12-10 01:09:00+00:00,-28.312344
2010-12-10 01:10:00+00:00,-22.808447
2010-12-10 01:11:00+00:00,-20.081333
2010-12-10 01:12:00+00:00,-18.636866
2010-12-10 01:13:00+00:00,-16.34387
2010-12-10 01:14:00+00:00,-16.454321
2010-12-10 01:15:00+00:00,-16.173058
2010-12-10 01:16:00+00:00,-16.021135
2010-12-10 01:17:00+00:00,-16.209316
2010-12-10 01:18:00+00:00,-16.470577
2010-12-10 01:19:00+00:00,-16.704317
2010-12-10 01:20:00+00:00,-16.706417
2010-12-10 01:21:00+00:00,-16.584282
2010-12-10 01:22:00+00:00,-16.469734
2010-12-10 01:23:00+00:00,-16.462362
2010-12-10 01:24:00+00:00,-16.351215
2010-12-10 01:25:00+00:00,-16.095261
2010-12-10 01:26:00+00:00,-15.869288
2010-12-10 01:27:00+00:00,-15.812928
2010-12-10 01:28:00+00:00,-15.710344
2010-12-10 01:29:00+00:00,-15.677732
2010-12-10 01:30:00+00:00,-15.770738
2010-12-10 01:31:00+00:00,-15.903844
2010-12-10 01:32:00+00:00,-15.867474
2010-12-10 01:33:00+00:00,-15.823103
2010-12-10 01:34:00+00:00,-15.845924
2010-12-10 01:35:00+00:00,-16.01992
2010-12-10 01:36:00+00:00,-16.37048
2010-12-10 01:37:00+00:00,-16.678846
2010-12-10 01:38:00+00:00,-16.909863
2010-12-10 01:39:00+00:00,-17.222706
2010-12-10 01:40:00+00:00,-17.467958
2010-12-10 01:41:00+00:00,-17.514759
2010-12-10 01:42:00+00:00,-17.528143
2010-12-10 01:43:00+00:00,-17.413382
2010-12-10 01:44:00+00:00,-17.279846
2010-12-10 01:45:00+00:00,-33.317535
2010-12-10 01:46:00+00:00,-37.118832
2010-12-10 01:47:00+00:00,-43.478699
2010-12-10 01:48:00+00:00,-43.292667
2010-12-10 01:49:00+00:00,-39.086113
2010-12-10 01:50:00+00:00,-32.870743
2010-12-10 01:51:00+00:00,-30.421934
2010-12-10 01:52:00+00:00,-25.818775
2010-12-10 01:53:00+00:00,-21.810276
2010-12-10 01:54:00+00:00,-26.3808
2010-12-10 01:55:00+00:00,-22.372131
2010-12-10 01:56:00+00:00,-24.462971
2010-12-10 01:57:00+00:00,-16.547832
2010-12-10 01:58:00+00:00,-14.493147
2010-12-10 01:59:00+00:00,-14.617685
2010-12-10 02:00:00+00:00,-15.163833
2010-12-10 02:01:00+00:00,-15.20869
2010-12-10 02:02:00+00:00,-15.238717
2010-12-10 02:03:00+00:00,-15.344684
2010-12-10 02:04:00+00:00,-15.395729
2010-12-10 02:05:00+00:00,-15.687752
2010-12-10 02:06:00+00:00,-15.825242
2010-12-10 02:07:00+00:00,-15.662692
2010-12-10 02:08:00+00:00,-15.48135
2010-12-10 02:09:00+00:00,-15.512661
2010-12-10 02:10:00+00:00,-15.631625
2010-12-10 02:11:00+00:00,-15.689802
2010-12-10 02:12:00+00:00,-16.135435
2010-12-10 02:13:00+00:00,-16.647232
2010-12-10 02:14:00+00:00,-16.671484
2010-12-10 02:15:00+00:00,-16.385923
2010-12-10 02:16:00+00:00,-30.04978
2010-12-10 02:17:00+00:00,-43.316677
2010-12-10 02:18:00+00:00,-47.031353
2010-12-10 02:19:00+00:00,-37.144974
2010-12-10 02:20:00+00:00,-33.785469
2010-12-10 02:21:00+00:00,-49.781948
2010-12-10 02:22:00+00:00,-44.896122
2010-12-10 02:23:00+00:00,-36.387756
2010-12-10 02:24:00+00:00,-50.36721
2010-12-10 02:25:00+00:00,-48.717289
2010-12-10 02:26:00+00:00,-41.620617
2010-12-10 02:27:00+00:00,-46.785194
2010-12-10 02:28:00+00:00,-62.161224
2010-12-10 02:29:00+00:00,-65.574875
2010-12-10 02:30:00+00:00,-78.804459
2010-12-10 02:31:00+00:00,-78.867058
2010-12-10 02:32:00+00:00,-51.538296
2010-12-10 02:33:00+00:00,-37.868343
2010-12-10 02:34:00+00:00,-39.040779
2010-12-10 02:35:00+00:00,-45.213795
2010-12-10 02:36:00+00:00,-48.190113
2010-12-10 02:37:00+00:00,-44.610352
2010-12-10 02:38:00+00:00,-34.166874
2010-12-10 02:39:00+00:00,-27.410452
2010-12-10 02:40:00+00:00,-27.232677
2010-12-10 02:41:00+00:00,-16.337112
2010-12-10 02:42:00+00:00,-16.194996
2010-12-10 02:43:00+00:00,-16.242092
2010-12-10 02:44:00+00:00,-16.183487
2010-12-10 02:45:00+00:00,-15.814103
2010-12-10 02:46:00+00:00,-15.461349
2010-12-10 02:47:00+00:00,-15.249709
2010-12-17 00:00:00+00:00,-19.403755
2010-12-17 00:01:00+00:00,-18.467129
2010-12-17 00:02:00+00:00,-14.675303
2010-12-17 00:03:00+00:00,-14.532846
2010-12-17 00:04:00+00:00,-18.693153
2010-12-17 00:05:00+00:00,-24.005428
2010-12-17 00:06:00+00:00,-23.603477
2010-12-17 00:07:00+00:00,-18.968819
2010-12-17 00:08:00+00:00,-12.564418
2010-12-17 00:09:00+00:00,-12.914491
2010-12-17 00:10:00+00:00,-15.040689
2010-12-17 00:11:00+00:00,-20.102592
2010-12-17 00:12:00+00:00,-24.551424
2010-12-17 00:13:00+00:00,-36.377552
2010-12-17 00:14:00+00:00,-44.366112
2010-12-17 00:15:00+00:00,-35.050282
2010-12-17 00:16:00+00:00,-25.175358
2010-12-17 00:17:00+00:00,-18.772125
2010-12-17 00:18:00+00:00,-13.83865
2010-12-17 00:19:00+00:00,-14.067729
2010-12-17 00:20:00+00:00,-15.541091
2010-12-17 00:21:00+00:00,-10.719768
2010-12-17 00:22:00+00:00,-11.107475
2010-12-17 00:23:00+00:00,-11.142371
2010-12-17 00:24:00+00:00,-11.322521
2010-12-17 00:25:00+00:00,-11.63232
2010-12-17 00:26:00+00:00,-12.196786
2010-12-17 00:27:00+00:00,-12.390939
2010-12-17 00:28:00+00:00,-12.591749
2010-12-17 00:29:00+00:00,-12.516035
2010-12-17 00:30:00+00:00,-12.708735
2010-12-17 00:31:00+00:00,-12.62441
2010-12-17 00:32:00+00:00,-13.164258
2010-12-17 00:33:00+00:00,-13.044605
2010-12-17 00:34:00+00:00,-13.265452
2010-12-17 00:35:00+00:00,-13.457661
2010-12-17 00:36:00+00:00,-13.572135
2010-12-17 00:37:00+00:00,-18.064846
2010-12-17 00:38:00+00:00,-21.043665
2010-12-17 00:39:00+00:00,-22.777077
2010-12-17 00:40:00+00:00,-23.151281
2010-12-17 00:41:00+00:00,-26.518457
2010-12-17 00:42:00+00:00,-23.780449
2010-12-17 00:43:00+00:00,-21.199291
2010-12-17 00:44:00+00:00,-19.269121
2010-12-17 00:45:00+00:00,-24.627182
2010-12-17 00:46:00+00:00,-30.467957
2010-12-17 00:47:00+00:00,-33.894566
2010-12-17 00:48:00+00:00,-35.83334
2010-12-17 00:49:00+00:00,-31.283297
2010-12-17 00:50:00+00:00,-22.368446
2010-12-17 00:51:00+00:00,-19.388489
2010-12-17 00:52:00+00:00,-15.563264
2010-12-17 00:53:00+00:00,-12.574755
2010-12-17 00:54:00+00:00,-12.602008
2010-12-17 00:55:00+00:00,-12.417053
2010-12-17 00:56:00+00:00,-17.733107
2010-12-17 00:57:00+00:00,-28.881973
2010-12-17 00:58:00+00:00,-32.586952
2010-12-17 00:59:00+00:00,-19.433979
2010-12-17 01:00:00+00:00,-15.069318
2010-12-17 01:01:00+00:00,-16.428028
2010-12-17 01:02:00+00:00,-19.228466
2010-12-17 01:03:00+00:00,-20.133339
2010-12-17 01:04:00+00:00,-20.991352
2010-12-17 01:05:00+00:00,-19.547945
2010-12-17 01:06:00+00:00,-26.33695
2010-12-17 01:07:00+00:00,-28.536934
2010-12-17 01:08:00+00:00,-26.929445
2010-12-17 01:09:00+00:00,-21.580238
2010-12-17 01:10:00+00:00,-22.853197
2010-12-17 01:11:00+00:00,-28.159376
2010-12-17 01:12:00+00:00,-33.79369
2010-12-17 01:13:00+00:00,-35.192719
2010-12-17 01:14:00+00:00,-32.591988
2010-12-17 01:15:00+00:00,-27.568592
2010-12-17 01:16:00+00:00,-25.196451
2010-12-17 01:17:00+00:00,-27.604702
2010-12-17 01:18:00+00:00,-28.510506
2010-12-17 01:19:00+00:00,-26.796329
2010-12-17 01:20:00+00:00,-22.877434
2010-12-17 01:21:00+00:00,-26.132011
2010-12-17 01:22:00+00:00,-33.195805
2010-12-17 01:23:00+00:00,-42.385338
2010-12-17 01:24:00+00:00,-40.582466
2010-12-17 01:25:00+00:00,-50.520599
2010-12-17 01:26:00+00:00,-58.573776
2010-12-17 01:27:00+00:00,-76.289864
2010-12-17 01:28:00+00:00,-102.247978
2010-12-17 01:29:00+00:00,-97.744026
2010-12-17 01:30:00+00:00,-122.644241
2010-12-17 01:31:00+00:00,-116.787903
2010-12-17 01:32:00+00:00,-127.727379
2010-12-17 01:33:00+00:00,-135.828552
2010-12-17 01:34:00+00:00,-141.937164
2010-12-17 01:35:00+00:00,-140.411621
2010-12-17 01:36:00+00:00,-157.867172
2010-12-17 01:37:00+00:00,-168.031372
2010-12-17 01:38:00+00:00,-186.102478
2010-12-17 01:39:00+00:00,-194.146927
2010-12-17 01:40:00+00:00,-165.5495
2010-12-17 01:41:00+00:00,-181.898087
2010-12-17 01:42:00+00:00,-168.534515
2010-12-17 01:43:00+00:00,-189.627747
2010-12-17 01:44:00+00:00,-209.924881
2010-12-17 01:45:00+00:00,-210.34584
2010-12-17 01:46:00+00:00,-158.25531
2010-12-17 01:47:00+00:00,-198.565521
2010-12-17 01:48:00+00:00,-214.012299
2010-12-17 01:49:00+00:00,-201.374008
2010-12-17 01:50:00+00:00,-219.289307
2010-12-17 01:51:00+00:00,-188.634216
2010-12-17 01:52:00+00:00,-221.199753
2010-12-17 01:53:00+00:00,-260.717377
2010-12-17 01:54:00+00:00,-208.59436
2010-12-17 01:55:00+00:00,-191.337524
2010-12-17 01:56:00+00:00,-196.573853
2010-12-17 01:57:00+00:00,-207.629547
2010-12-17 01:58:00+00:00,-206.976273
2010-12-17 01:59:00+00:00,-184.711731
2010-12-17 02:00:00+00:00,-187.711899
2010-12-17 02:01:00+00:00,-240.381256
2010-12-17 02:02:00+00:00,-239.736099
2010-12-17 02:03:00+00:00,-283.678375
2010-12-17 02:04:00+00:00,-199.940567
2010-12-17 02:05:00+00:00,-197.866257
2010-12-17 02:06:00+00:00,-225.168503
2010-12-17 02:07:00+00:00,-187.555237
2010-12-17 02:08:00+00:00,-164.765472
2010-12-17 02:09:00+00:00,-119.19722
2010-12-17 02:10:00+00:00,-95.832932
2010-12-17 02:11:00+00:00,-120.89756
2010-12-17 02:12:00+00:00,-149.652191
2010-12-17 02:13:00+00:00,-113.91037
2010-12-17 02:14:00+00:00,-182.48938
2010-12-17 02:15:00+00:00,-244.864655
2010-12-17 02:16:00+00:00,-254.779785
2010-12-17 02:17:00+00:00,-339.889832
2010-12-17 02:18:00+00:00,-332.388489
2010-12-17 02:19:00+00:00,-334.241547
2010-12-17 02:20:00+00:00,-363.636658
2010-12-17 02:21:00+00:00,-408.813995
2010-12-17 02:22:00+00:00,-360.018738
2010-12-17 02:23:00+00:00,-329.517456
2010-12-17 02:24:00+00:00,-264.193939
2010-12-17 02:25:00+00:00,-89.669296
2010-12-17 02:26:00+00:00,-133.835129
2010-12-17 02:27:00+00:00,-189.680222
2010-12-17 02:28:00+00:00,-331.432556
2010-12-17 02:29:00+00:00,-316.097565
2010-12-17 02:30:00+00:00,-160.765915
2010-12-17 02:31:00+00:00,-151.618088
2010-12-17 02:32:00+00:00,-167.116379
2010-12-17 02:33:00+00:00,-170.387711
2010-12-17 02:34:00+00:00,-165.521881
2010-12-17 02:35:00+00:00,-156.18927
2010-12-17 02:36:00+00:00,-140.189178
2010-12-17 02:37:00+00:00,-122.238373
2010-12-17 02:38:00+00:00,-197.81308
2010-12-17 02:39:00+00:00,-207.382904
2010-12-17 02:40:00+00:00,-239.231689
2010-12-17 02:41:00+00:00,-202.125183
2010-12-17 02:42:00+00:00,-181.078384
2010-12-17 02:43:00+00:00,-154.917694
2010-12-17 02:44:00+00:00,-133.862961
2010-12-17 02:45:00+00:00,-141.314606
2010-12-17 02:46:00+00:00,-163.788681
2010-12-17 02:47:00+00:00,-144.625381
2010-12-24 00:00:00+00:00,-11.011476
2010-12-24 00:01:00+00:00,-10.715123
2010-12-24 00:02:00+00:00,-13.268936
2010-12-24 00:03:00+00:00,-18.038441
2010-12-24 00:04:00+00:00,-20.59589
2010-12-24 00:05:00+00:00,-19.351429
2010-12-24 00:06:00+00:00,-14.942742
2010-12-24 00:07:00+00:00,-15.278996
2010-12-24 00:08:00+00:00,-16.567211
2010-12-24 00:09:00+00:00,-15.952885
2010-12-24 00:10:00+00:00,-12.488738
2010-12-24 00:11:00+00:00,-11.691853
2010-12-24 00:12:00+00:00,-12.096224
2010-12-24 00:13:00+00:00,-14.45735
2010-12-24 00:14:00+00:00,-17.937555
2010-12-24 00:15:00+00:00,-22.712284
2010-12-24 00:16:00+00:00,-22.421549
2010-12-24 00:17:00+00:00,-18.644058
2010-12-24 00:18:00+00:00,-16.445366
2010-12-24 00:19:00+00:00,-16.777605
2010-12-24 00:20:00+00:00,-17.113424
2010-12-24 00:21:00+00:00,-18.083668
2010-12-24 00:22:00+00:00,-19.049656
2010-12-24 00:23:00+00:00,-20.649067
2010-12-24 00:24:00+00:00,-16.233456
2010-12-24 00:25:00+00:00,-9.598709
2010-12-24 00:26:00+00:00,-8.632024
2010-12-24 00:27:00+00:00,-8.987188
2010-12-24 00:28:00+00:00,-9.949844
2010-12-24 00:29:00+00:00,-12.281574
2010-12-24 00:30:00+00:00,-15.357243
2010-12-24 00:31:00+00:00,-14.741246
2010-12-24 00:32:00+00:00,-13.489337
2010-12-24 00:33:00+00:00,-12.238043
2010-12-24 00:34:00+00:00,-12.563538
2010-12-24 00:35:00+00:00,-13.842777
2010-12-24 00:36:00+00:00,-15.751547
2010-12-24 00:37:00+00:00,-17.345512
2010-12-24 00:38:00+00:00,-17.04167
2010-12-24 00:39:00+00:00,-13.570491
2010-12-24 00:40:00+00:00,-11.996429
2010-12-24 00:41:00+00:00,-12.321444
2010-12-24 00:42:00+00:00,-14.228151
2010-12-24 00:43:00+00:00,-15.185308
2010-12-24 00:44:00+00:00,-15.513227
2010-12-24 00:45:00+00:00,-16.154293
2010-12-24 00:46:00+00:00,-15.213461
2010-12-24 00:47:00+00:00,-16.170269
2010-12-24 00:48:00+00:00,-15.228319
2010-12-24 00:49:00+00:00,-16.18449
2010-12-24 00:50:00+00:00,-17.140348
2010-12-24 00:51:00+00:00,-17.145699
2010-12-24 00:52:00+00:00,-17.15172
2010-12-24 00:53:00+00:00,-15.258997
2010-12-24 00:54:00+00:00,-16.529058
2010-12-24 00:55:00+00:00,-19.066397
2010-12-24 00:56:00+00:00,-20.338791
2010-12-24 00:57:00+00:00,-18.443899
2010-12-24 00:58:00+00:00,-15.600474
2010-12-24 00:59:00+00:00,-14.656176
2010-12-24 01:00:00+00:00,-14.974286
2010-12-24 01:01:00+00:00,-14.34301
2010-12-24 01:02:00+00:00,-13.712097
2010-12-24 01:03:00+00:00,-13.714578
2010-12-24 01:04:00+00:00,-13.082882
2010-12-24 01:05:00+00:00,-14.03382
2010-12-24 01:06:00+00:00,-14.035174
2010-12-24 01:07:00+00:00,-14.668988
2010-12-24 01:08:00+00:00,-14.669645
2010-12-24 01:09:00+00:00,-14.669971
2010-12-24 01:10:00+00:00,-14.354546
2010-12-24 01:11:00+00:00,-14.354239
2010-12-24 01:12:00+00:00,-13.403438
2010-12-24 01:13:00+00:00,-13.402541
2010-12-24 01:14:00+00:00,-13.401367
2010-12-24 01:15:00+00:00,-13.399924
2010-12-24 01:16:00+00:00,-13.713547
2010-12-24 01:17:00+00:00,-13.710609
2010-12-24 01:18:00+00:00,-12.760173
2010-12-24 01:19:00+00:00,-13.706972
2010-12-24 01:20:00+00:00,-13.387932
2010-12-24 01:21:00+00:00,-14.334315
2010-12-24 01:22:00+00:00,-13.382069
2010-12-24 01:23:00+00:00,-14.327101
2010-12-24 01:24:00+00:00,-14.008291
2010-12-24 01:25:00+00:00,-13.056508
2010-12-24 01:26:00+00:00,-15.265709
2010-12-24 01:27:00+00:00,-16.844889
2010-12-24 01:28:00+00:00,-14.627066
2010-12-24 01:29:00+00:00,-13.354439
2010-12-24 01:30:00+00:00,-13.35026
2010-12-24 01:31:00+00:00,-14.928621
2010-12-24 01:32:00+00:00,-15.87315
2010-12-24 01:33:00+00:00,-15.233412
2010-12-24 01:34:00+00:00,-13.645158
2010-12-24 01:35:00+00:00,-14.588867
2010-12-24 01:36:00+00:00,-15.216894
2010-12-24 01:37:00+00:00,-14.895458
2010-12-24 01:38:00+00:00,-14.889219
2010-12-24 01:39:00+00:00,-14.881781
2010-12-24 01:40:00+00:00,-13.925887
2010-12-24 01:41:00+00:00,-14.869205
2010-12-24 01:42:00+00:00,-13.912914
2010-12-24 01:43:00+00:00,-14.22109
2010-12-24 01:44:00+00:00,-13.263468
2010-12-24 01:45:00+00:00,-14.205095
2010-12-24 01:46:00+00:00,-14.196892
2010-12-24 01:47:00+00:00,-14.188997
2010-12-24 01:48:00+00:00,-14.180971
2010-12-24 01:49:00+00:00,-14.80661
2010-12-24 01:50:00+00:00,-14.482919
2010-12-24 01:51:00+00:00,-14.474555
2010-12-24 01:52:00+00:00,-14.466098
2010-12-24 01:53:00+00:00,-14.45756
2010-12-24 01:54:00+00:00,-13.814182
2010-12-24 01:55:00+00:00,-13.170743
2010-12-24 01:56:00+00:00,-13.162017
2010-12-24 01:57:00+00:00,-13.787037
2010-12-24 01:58:00+00:00,-14.727455
2010-12-24 01:59:00+00:00,-15.352421
2010-12-24 02:00:00+00:00,-15.341633
2010-12-24 02:01:00+00:00,-15.332159
2010-12-24 02:02:00+00:00,-15.008553
2010-12-24 02:03:00+00:00,-14.99921
2010-12-24 02:04:00+00:00,-14.039495
2010-12-24 02:05:00+00:00,-14.345239
2010-12-24 02:06:00+00:00,-14.648872
2010-12-24 02:07:00+00:00,-13.689665
2010-12-24 02:08:00+00:00,-13.365088
2010-12-24 02:09:00+00:00,-13.98863
2010-12-24 02:10:00+00:00,-14.927488
2010-12-24 02:11:00+00:00,-15.230501
2010-12-24 02:12:00+00:00,-15.219946
2010-12-24 02:13:00+00:00,-14.260091
2010-12-24 02:14:00+00:00,-14.56872
2010-12-24 02:15:00+00:00,-15.507173
2010-12-24 02:16:00+00:00,-15.81115
2010-12-24 02:17:00+00:00,-15.164553
2010-12-24 02:18:00+00:00,-15.4691
2010-12-24 02:19:00+00:00,-16.091991
2010-12-24 02:20:00+00:00,-16.400425
2010-12-24 02:21:00+00:00,-16.074097
2010-12-24 02:22:00+00:00,-15.113021
2010-12-24 02:23:00+00:00,-14.783808
2010-12-24 02:24:00+00:00,-14.772991
2010-12-24 02:25:00+00:00,-14.762224
2010-12-24 02:26:00+00:00,-14.120656
2010-12-24 02:27:00+00:00,-15.057283
2010-12-24 02:28:00+00:00,-15.363132
2010-12-24 02:29:00+00:00,-15.668096
2010-12-24 02:30:00+00:00,-14.389177
2010-12-24 02:31:00+00:00,-13.428955
2010-12-24 02:32:00+00:00,-13.103961
2010-12-24 02:33:00+00:00,-14.359894
2010-12-24 02:34:00+00:00,-15.298332
2010-12-24 02:35:00+00:00,-16.870464
2010-12-24 02:36:00+00:00,-15.591934
2010-12-24 02:37:00+00:00,-14.946156
2010-12-24 02:38:00+00:00,-14.304237
2010-12-24 02:39:00+00:00,-13.347839
2010-12-24 02:40:00+00:00,-13.970531
2010-12-24 02:41:00+00:00,-14.590298
2010-12-24 02:42:00+00:00,-15.20911
2010-12-24 02:43:00+00:00,-14.564291
2010-12-24 02:44:00+00:00,-13.28769
2010-12-24 02:45:00+00:00,-12.646904
2010-12-24 02:46:00+00:00,-12.635456
2010-12-24 02:47:00+00:00,-13.573972
2010-12-31 00:00:00+00:00,-58.663994
2010-12-31 00:01:00+00:00,-58.517693
2010-12-31 00:02:00+00:00,-58.494736
2010-12-31 00:03:00+00:00,-58.754818
2010-12-31 00:04:00+00:00,-59.084114
2010-12-31 00:05:00+00:00,-59.259026
2010-12-31 00:06:00+00:00,-59.416313
2010-12-31 00:07:00+00:00,-59.663437
2010-12-31 00:08:00+00:00,-60.026798
2010-12-31 00:09:00+00:00,-59.804295
2010-12-31 00:10:00+00:00,-59.547718
2010-12-31 00:11:00+00:00,-59.619411
2010-12-31 00:12:00+00:00,-59.637577
2010-12-31 00:13:00+00:00,-59.517296
2010-12-31 00:14:00+00:00,-59.447079
2010-12-31 00:15:00+00:00,-59.529507
2010-12-31 00:16:00+00:00,-59.453693
2010-12-31 00:17:00+00:00,-59.242859
2010-12-31 00:18:00+00:00,-59.083221
2010-12-31 00:19:00+00:00,-58.860565
2010-12-31 00:20:00+00:00,-58.578831
2010-12-31 00:21:00+00:00,-58.393337
2010-12-31 00:22:00+00:00,-58.662514
2010-12-31 00:23:00+00:00,-58.914726
2010-12-31 00:24:00+00:00,-59.379498
2010-12-31 00:25:00+00:00,-60.224842
2010-12-31 00:26:00+00:00,-60.55529
2010-12-31 00:27:00+00:00,-60.606224
2010-12-31 00:28:00+00:00,-60.667732
2010-12-31 00:29:00+00:00,-60.268166
2010-12-31 00:30:00+00:00,-59.947605
2010-12-31 00:31:00+00:00,-59.682552
2010-12-31 00:32:00+00:00,-59.490623
2010-12-31 00:33:00+00:00,-59.803818
2010-12-31 00:34:00+00:00,-60.494247
2010-12-31 00:35:00+00:00,-60.940849
2010-12-31 00:36:00+00:00,-61.320419
2010-12-31 00:37:00+00:00,-61.415218
2010-12-31 00:38:00+00:00,-60.987984
2010-12-31 00:39:00+00:00,-60.414722
2010-12-31 00:40:00+00:00,-60.481606
2010-12-31 00:41:00+00:00,-60.659374
2010-12-31 00:42:00+00:00,-60.615055
2010-12-31 00:43:00+00:00,-60.420952
2010-12-31 00:44:00+00:00,-60.47163
2010-12-31 00:45:00+00:00,-60.573769
2010-12-31 00:46:00+00:00,-60.705757
2010-12-31 00:47:00+00:00,-60.850361
2010-12-31 00:48:00+00:00,-61.015289
2010-12-31 00:49:00+00:00,-60.849987
2010-12-31 00:50:00+00:00,-60.599606
2010-12-31 00:51:00+00:00,-60.476105
2010-12-31 00:52:00+00:00,-60.584003
2010-12-31 00:53:00+00:00,-60.533691
2010-12-31 00:54:00+00:00,-60.053726
2010-12-31 00:55:00+00:00,-60.181248
2010-12-31 00:56:00+00:00,-60.656532
2010-12-31 00:57:00+00:00,-61.046989
2010-12-31 00:58:00+00:00,-61.203251
2010-12-31 00:59:00+00:00,-60.975937
2010-12-31 01:00:00+00:00,-60.614105
2010-12-31 01:01:00+00:00,-60.62606
2010-12-31 01:02:00+00:00,-60.597721
2010-12-31 01:03:00+00:00,-60.580742
2010-12-31 01:04:00+00:00,-60.647423
2010-12-31 01:05:00+00:00,-60.573193
2010-12-31 01:06:00+00:00,-60.401051
2010-12-31 01:07:00+00:00,-59.86541
2010-12-31 01:08:00+00:00,-60.009274
2010-12-31 01:09:00+00:00,-60.566071
2010-12-31 01:10:00+00:00,-60.507523
2010-12-31 01:11:00+00:00,-100.912796
2010-12-31 01:12:00+00:00,-192.282852
2010-12-31 01:13:00+00:00,-168.811752
2010-12-31 01:14:00+00:00,-200.14798
2010-12-31 01:15:00+00:00,-231.099167
2010-12-31 01:16:00+00:00,-217.235794
2010-12-31 01:17:00+00:00,-206.475586
2010-12-31 01:18:00+00:00,-196.458755
2010-12-31 01:19:00+00:00,-206.900742
2010-12-31 01:20:00+00:00,-189.820602
2010-12-31 01:21:00+00:00,-189.93663
2010-12-31 01:22:00+00:00,-181.099426
2010-12-31 01:23:00+00:00,-161.462311
2010-12-31 01:24:00+00:00,-145.596634
2010-12-31 01:25:00+00:00,-139.171341
2010-12-31 01:26:00+00:00,-135.892517
2010-12-31 01:27:00+00:00,-134.369568
2010-12-31 01:28:00+00:00,-157.692352
2010-12-31 01:29:00+00:00,-195.711472
2010-12-31 01:30:00+00:00,-249.005844
2010-12-31 01:31:00+00:00,-280.027435
2010-12-31 01:32:00+00:00,-235.348877
2010-12-31 01:33:00+00:00,-253.378784
2010-12-31 01:34:00+00:00,-306.082031
2010-12-31 01:35:00+00:00,-248.256485
2010-12-31 01:36:00+00:00,-236.117065
2010-12-31 01:37:00+00:00,-243.589554
2010-12-31 01:38:00+00:00,-263.699371
2010-12-31 01:39:00+00:00,-240.134094
2010-12-31 01:40:00+00:00,-203.159042
2010-12-31 01:41:00+00:00,-212.447998
2010-12-31 01:42:00+00:00,-166.743256
2010-12-31 01:43:00+00:00,-169.381119
2010-12-31 01:44:00+00:00,-168.941299
2010-12-31 01:45:00+00:00,-161.207947
2010-12-31 01:46:00+00:00,-173.504745
2010-12-31 01:47:00+00:00,-146.268356
2010-12-31 01:48:00+00:00,-152.223358
2010-12-31 01:49:00+00:00,-136.909805
2010-12-31 01:50:00+00:00,-137.807571
2010-12-31 01:51:00+00:00,-206.956833
2010-12-31 01:52:00+00:00,-173.919678
2010-12-31 01:53:00+00:00,-187.174988
2010-12-31 01:54:00+00:00,-197.175354
2010-12-31 01:55:00+00:00,-206.54985
2010-12-31 01:56:00+00:00,-190.314819
2010-12-31 01:57:00+00:00,-185.365631
2010-12-31 01:58:00+00:00,-183.084595
2010-12-31 01:59:00+00:00,-195.268524
2010-12-31 02:00:00+00:00,-206.542618
2010-12-31 02:01:00+00:00,-207.754044
2010-12-31 02:02:00+00:00,-204.276718
2010-12-31 02:03:00+00:00,-235.001648
2010-12-31 02:04:00+00:00,-253.855515
2010-12-31 02:05:00+00:00,-251.682083
2010-12-31 02:06:00+00:00,-198.854385
2010-12-31 02:07:00+00:00,-220.783585
2010-12-31 02:08:00+00:00,-224.932281
2010-12-31 02:09:00+00:00,-231.343399
2010-12-31 02:10:00+00:00,-211.250259
2010-12-31 02:11:00+00:00,-203.622101
2010-12-31 02:12:00+00:00,-178.98317
2010-12-31 02:13:00+00:00,-180.877762
2010-12-31 02:14:00+00:00,-196.490051
2010-12-31 02:15:00+00:00,-190.737518
2010-12-31 02:16:00+00:00,-205.025635
2010-12-31 02:17:00+00:00,-188.937088
2010-12-31 02:18:00+00:00,-205.932571
2010-12-31 02:19:00+00:00,-238.554031
2010-12-31 02:20:00+00:00,-234.948944
2010-12-31 02:21:00+00:00,-238.151184
2010-12-31 02:22:00+00:00,-219.613174
2010-12-31 02:23:00+00:00,-192.259872
2010-12-31 02:24:00+00:00,-198.427246
2010-12-31 02:25:00+00:00,-203.995178
2010-12-31 02:26:00+00:00,-174.577927
2010-12-31 02:27:00+00:00,-143.45285
2010-12-31 02:28:00+00:00,-143.717194
2010-12-31 02:29:00+00:00,-163.555466
2010-12-31 02:30:00+00:00,-201.279205
2010-12-31 02:31:00+00:00,-209.437469
2010-12-31 02:32:00+00:00,-201.414597
2010-12-31 02:33:00+00:00,-213.02832
2010-12-31 02:34:00+00:00,-218.373383
2010-12-31 02:35:00+00:00,-194.405884
2010-12-31 02:36:00+00:00,-225.912918
2010-12-31 02:37:00+00:00,-256.8125
2010-12-31 02:38:00+00:00,-254.651535
2010-12-31 02:39:00+00:00,-233.315765
2010-12-31 02:40:00+00:00,-203.445847
2010-12-31 02:41:00+00:00,-198.905075
2010-12-31 02:42:00+00:00,-200.658142
2010-12-31 02:43:00+00:00,-180.855988
2010-12-31 02:44:00+00:00,-144.502029
2010-12-31 02:45:00+00:00,-125.890823
2010-12-31 02:46:00+00:00,-120.671936
2010-12-31 02:47:00+00:00,-116.444664
